{
  "split": "test",
  "model_type": "lstm",
  "accuracy": 0.36704540545211045,
  "f1_macro": 0.19966294090123635,
  "precision_macro": 0.2364253911502032,
  "recall_macro": 0.2856449668461802,
  "per_class_recall": {
    "Bathe": 0.8292824074074074,
    "Bed_Toilet_Transition": 0.6125,
    "Cook": 0.0,
    "Cook_Breakfast": 0.7737384698860553,
    "Cook_Dinner": 0.010802469135802469,
    "Cook_Lunch": 0.00847457627118644,
    "Dress": 0.17794486215538846,
    "Drink": 0.17037037037037037,
    "Eat": 0.4,
    "Eat_Breakfast": 0.0,
    "Eat_Dinner": 0.07207207207207207,
    "Eat_Lunch": 0.46153846153846156,
    "Enter_Home": 0.9263565891472868,
    "Entertain_Guests": 0.2775800711743772,
    "Evening_Meds": 0.3549382716049383,
    "Go_To_Sleep": 0.58,
    "Groom": 0.125,
    "Leave_Home": 0.3398328690807799,
    "Morning_Meds": 0.1345565749235474,
    "Personal_Hygiene": 0.03369175627240143,
    "Phone": 0.37222222222222223,
    "Read": 0.006631299734748011,
    "Relax": 0.02574257425742574,
    "Sleep": 0.7769156159068865,
    "Sleep_Out_Of_Bed": 0.023688663282571912,
    "Step_Out": 0.3333333333333333,
    "Toilet": 0.4825970548862115,
    "Wake_Up": 0.14583333333333334,
    "Wash_Breakfast_Dishes": 0.01764705882352941,
    "Wash_Dinner_Dishes": 0.020202020202020204,
    "Wash_Dishes": 0.0,
    "Wash_Lunch_Dishes": 0.022727272727272728,
    "Watch_TV": 0.41793082524271846,
    "Work_At_Table": 0.7777777777777778
  },
  "confusion_matrix": [
    [
      1433,
      138,
      0,
      0,
      0,
      0,
      2,
      0,
      0,
      0,
      0,
      0,
      0,
      17,
      0,
      9,
      37,
      6,
      0,
      70,
      0,
      0,
      0,
      0,
      0,
      0,
      16,
      0,
      0,
      0,
      0,
      0,
      0,
      0
    ],
    [
      19,
      49,
      0,
      0,
      0,
      0,
      0,
      0,
      0,
      0,
      0,
      0,
      0,
      0,
      0,
      0,
      9,
      0,
      0,
      3,
      0,
      0,
      0,
      0,
      0,
      0,
      0,
      0,
      0,
      0,
      0,
      0,
      0,
      0
    ],
    [
      0,
      0,
      0,
      236,
      0,
      1,
      0,
      14,
      0,
      0,
      0,
      0,
      0,
      1,
      49,
      0,
      0,
      0,
      4,
      0,
      1,
      0,
      0,
      0,
      0,
      0,
      0,
      0,
      0,
      4,
      1,
      0,
      0,
      0
    ],
    [
      0,
      0,
      4,
      1426,
      12,
      6,
      0,
      77,
      1,
      0,
      0,
      2,
      0,
      19,
      234,
      0,
      0,
      0,
      3,
      0,
      2,
      0,
      1,
      0,
      0,
      0,
      0,
      0,
      10,
      29,
      4,
      8,
      1,
      4
    ],
    [
      0,
      0,
      1,
      441,
      7,
      3,
      0,
      32,
      1,
      0,
      0,
      0,
      0,
      19,
      117,
      1,
      0,
      0,
      1,
      0,
      0,
      0,
      0,
      0,
      0,
      0,
      1,
      0,
      5,
      13,
      2,
      3,
      0,
      1
    ],
    [
      0,
      0,
      1,
      269,
      4,
      3,
      0,
      14,
      1,
      0,
      0,
      0,
      0,
      5,
      47,
      0,
      0,
      0,
      3,
      0,
      0,
      0,
      0,
      0,
      0,
      0,
      1,
      0,
      2,
      2,
      2,
      0,
      0,
      0
    ],
    [
      6,
      2,
      0,
      0,
      0,
      0,
      284,
      0,
      0,
      0,
      0,
      1,
      0,
      10,
      0,
      305,
      8,
      8,
      0,
      1,
      0,
      0,
      0,
      875,
      0,
      4,
      5,
      87,
      0,
      0,
      0,
      0,
      0,
      0
    ],
    [
      0,
      0,
      0,
      160,
      0,
      1,
      0,
      69,
      0,
      0,
      0,
      3,
      0,
      7,
      144,
      0,
      0,
      1,
      7,
      0,
      0,
      0,
      0,
      0,
      0,
      0,
      2,
      0,
      1,
      2,
      2,
      3,
      2,
      1
    ],
    [
      0,
      0,
      0,
      0,
      0,
      0,
      0,
      0,
      18,
      0,
      9,
      6,
      0,
      1,
      0,
      0,
      0,
      1,
      0,
      0,
      2,
      0,
      0,
      0,
      1,
      0,
      0,
      0,
      0,
      0,
      0,
      0,
      6,
      1
    ],
    [
      0,
      0,
      0,
      0,
      0,
      0,
      0,
      0,
      53,
      0,
      38,
      96,
      0,
      4,
      2,
      0,
      0,
      5,
      0,
      0,
      16,
      2,
      8,
      0,
      0,
      2,
      0,
      0,
      0,
      1,
      0,
      0,
      69,
      1
    ],
    [
      0,
      0,
      0,
      0,
      0,
      0,
      0,
      0,
      21,
      1,
      8,
      44,
      0,
      2,
      1,
      0,
      0,
      0,
      0,
      0,
      4,
      0,
      2,
      0,
      0,
      0,
      0,
      0,
      0,
      0,
      0,
      0,
      28,
      0
    ],
    [
      0,
      0,
      0,
      0,
      0,
      0,
      0,
      0,
      11,
      0,
      5,
      36,
      1,
      1,
      0,
      0,
      0,
      0,
      0,
      0,
      6,
      0,
      2,
      0,
      0,
      0,
      0,
      0,
      0,
      0,
      0,
      0,
      16,
      0
    ],
    [
      0,
      0,
      0,
      0,
      0,
      0,
      0,
      0,
      0,
      0,
      0,
      0,
      239,
      2,
      0,
      0,
      0,
      2,
      0,
      0,
      1,
      0,
      0,
      0,
      0,
      14,
      0,
      0,
      0,
      0,
      0,
      0,
      0,
      0
    ],
    [
      1,
      0,
      1,
      84,
      1,
      0,
      4,
      9,
      11,
      0,
      0,
      6,
      9,
      78,
      15,
      2,
      2,
      12,
      1,
      0,
      7,
      0,
      0,
      4,
      0,
      12,
      15,
      0,
      2,
      3,
      0,
      0,
      0,
      2
    ],
    [
      0,
      0,
      1,
      145,
      1,
      0,
      0,
      28,
      0,
      0,
      0,
      2,
      0,
      8,
      115,
      0,
      0,
      3,
      1,
      0,
      0,
      0,
      1,
      0,
      0,
      0,
      2,
      0,
      2,
      4,
      3,
      3,
      1,
      4
    ],
    [
      1,
      1,
      0,
      0,
      0,
      0,
      6,
      0,
      0,
      0,
      0,
      0,
      0,
      0,
      0,
      29,
      0,
      0,
      0,
      0,
      0,
      0,
      0,
      11,
      0,
      0,
      0,
      2,
      0,
      0,
      0,
      0,
      0,
      0
    ],
    [
      78,
      59,
      0,
      0,
      0,
      0,
      1,
      0,
      0,
      0,
      0,
      1,
      0,
      0,
      0,
      0,
      23,
      0,
      0,
      6,
      0,
      0,
      0,
      0,
      0,
      0,
      15,
      1,
      0,
      0,
      0,
      0,
      0,
      0
    ],
    [
      2,
      2,
      0,
      0,
      0,
      0,
      0,
      0,
      1,
      0,
      2,
      23,
      31,
      8,
      0,
      1,
      2,
      122,
      0,
      0,
      26,
      1,
      4,
      3,
      2,
      89,
      4,
      0,
      0,
      0,
      0,
      1,
      33,
      2
    ],
    [
      0,
      0,
      0,
      128,
      0,
      0,
      0,
      33,
      0,
      0,
      0,
      0,
      0,
      3,
      107,
      0,
      0,
      0,
      44,
      0,
      1,
      0,
      0,
      0,
      1,
      0,
      0,
      0,
      3,
      6,
      0,
      1,
      0,
      0
    ],
    [
      787,
      275,
      0,
      0,
      0,
      0,
      5,
      0,
      1,
      0,
      1,
      1,
      2,
      8,
      0,
      3,
      39,
      0,
      0,
      47,
      2,
      0,
      0,
      3,
      0,
      2,
      216,
      0,
      0,
      0,
      0,
      0,
      3,
      0
    ],
    [
      0,
      0,
      0,
      0,
      0,
      0,
      0,
