{
  "epoch": [
    1,
    2,
    3,
    4,
    5,
    6,
    7,
    8,
    9,
    10,
    11,
    12,
    13,
    14,
    15,
    16,
    17,
    18,
    19
  ],
  "train_loss": [
    1.6097942211988892,
    1.5973941925661566,
    1.5902491803701329,
    1.5866958832351046,
    1.5810568764774022,
    1.5813180820774169,
    1.577015281231927,
    1.5749312014806838,
    1.5701023416478497,
    1.569261919037196,
    1.5589808028220453,
    1.5589688556280725,
    1.5548144667048613,
    1.5483756842304819,
    1.54107470891962,
    1.5327055473741098,
    1.5244545171509927,
    1.509332397683936,
    1.5026419556725508
  ],
  "val_loss": [
    1.607219936835825,
    1.602352499961853,
    1.5925367821508378,
    1.5901531192596081,
    1.5900164769458929,
    1.5898959992536859,
    1.5868862970156061,
    1.5913813473968759,
    1.5859511873219934,
    1.5916519362732744,
    1.6005515593596755,
    1.5924404885243024,
    1.5980324675985433,
    1.6016648280284496,
    1.6112183184172977,
    1.6084354860865655,
    1.6213367001136538,
    1.6240324175377587,
    1.64201553662618
  ],
  "val_acc": [
    0.2752902155887231,
    0.25870646766169153,
    0.3117744610281924,
    0.36318407960199006,
    0.25870646766169153,
    0.3283582089552239,
    0.3416252072968491,
    0.3150912106135987,
    0.28192371475953565,
    0.3067993366500829,
    0.2835820895522388,
    0.2935323383084577,
    0.26533996683250416,
    0.263681592039801,
    0.24046434494195687,
    0.2769485903814262,
    0.25870646766169153,
    0.27860696517412936,
    0.25207296849087896
  ]
}