{
  "epoch": [
    1,
    2,
    3,
    4,
    5,
    6,
    7,
    8,
    9,
    10,
    11,
    12,
    13,
    14,
    15,
    16,
    17,
    18,
    19,
    20,
    21,
    22,
    23,
    24,
    25,
    26,
    27
  ],
  "train_loss": [
    1.6971584549167094,
    1.6152217010275727,
    1.6155680889090327,
    1.614051301850439,
    1.608075536729261,
    1.6106867415733852,
    1.607813518608218,
    1.6069686773743457,
    1.6012625727317988,
    1.6016003095942688,
    1.6003426041430249,
    1.5959139295563092,
    1.5928335402481253,
    1.5938976062640453,
    1.5930053934444328,
    1.5907104943098545,
    1.5902749936294285,
    1.5882622252649337,
    1.5865583385909459,
    1.5879454920286817,
    1.5888252361666335,
    1.58492258354206,
    1.5795393833134643,
    1.5814147636919218,
    1.5800345688740582,
    1.586408033215076,
    1.5810544870386076
  ],
  "val_loss": [
    1.6097471899851836,
    1.614169536538385,
    1.6085123918938202,
    1.6106039072150615,
    1.6077910074547155,
    1.6096118200279983,
    1.6061684555477567,
    1.6025893528070023,
    1.5997504838070467,
    1.6037742530133199,
    1.6025034171431811,
    1.5977132569498091,
    1.601342009272346,
    1.6034157357207974,
    1.601967405126265,
    1.600118295865668,
    1.5958730808735684,
    1.5971575271628586,
    1.6030503254427049,
    1.615086646024663,
    1.5999135105171014,
    1.599468941712261,
    1.610302364055197,
    1.600944770311637,
    1.6014926233892615,
    1.5999460514900499,
    1.6070614772451852
  ],
  "val_acc": [
    0.10613598673300166,
    0.1111111111111111,
    0.2736318407960199,
    0.3466003316749585,
    0.2802653399668325,
    0.2769485903814262,
    0.28524046434494194,
    0.19402985074626866,
    0.208955223880597,
    0.34991708126036486,
    0.21227197346600332,
    0.22056384742951907,
    0.30845771144278605,
    0.4228855721393035,
    0.23548922056384744,
    0.15422885572139303,
    0.21724709784411278,
    0.20729684908789386,
    0.24378109452736318,
    0.2504145936981758,
    0.1857379767827529,
    0.21227197346600332,
    0.2603648424543947,
    0.2703150912106136,
    0.22719734660033167,
    0.22885572139303484,
    0.17412935323383086
  ]
}