{
  "epoch": [
    1,
    2,
    3,
    4,
    5,
    6,
    7,
    8,
    9,
    10,
    11,
    12,
    13,
    14,
    15,
    16,
    17,
    18,
    19,
    20,
    21,
    22,
    23,
    24,
    25,
    26,
    27,
    28,
    29,
    30,
    31,
    32,
    33
  ],
  "train_loss": [
    1.4966356455220682,
    1.3432547007372977,
    1.3248472456908345,
    1.325042623616146,
    1.307657117443722,
    1.3130262023435049,
    1.3034735234307329,
    1.3013178974326485,
    1.3043568521505056,
    1.2950425537749224,
    1.3000491094148658,
    1.286842341362032,
    1.2930381123529908,
    1.283394984853293,
    1.2846048563697614,
    1.2795657200769237,
    1.2734458445655428,
    1.2670999430728958,
    1.271298281419506,
    1.265557837977677,
    1.2543205806526125,
    1.2595099359009396,
    1.249333779864389,
    1.2317298355895574,
    1.239517547343755,
    1.2205769514986702,
    1.222239557190321,
    1.2110547663560554,
    1.215106952503885,
    1.1928175173503928,
    1.187520871114968,
    1.1782076255429612,
    1.1790289802591938
  ],
  "val_loss": [
    1.3752772657827754,
    1.3407605576080273,
    1.3356060841387976,
    1.3198604619325096,
    1.3378841756390498,
    1.315793743378685,
    1.3197999148819577,
    1.3408889448267112,
    1.3102794272784966,
    1.313151930299762,
    1.3202477393063345,
    1.329346543718531,
    1.3080714559475977,
    1.3077119942723618,
    1.3071034373730965,
    1.3040799764456046,
    1.3022841017439986,
    1.2962589961774709,
    1.3036576465983098,
    1.3155049055963013,
    1.3151215386034838,
    1.3028649453500016,
    1.292166598005279,
    1.3388674553749376,
    1.3089014396540957,
    1.3178354145875617,
    1.3295514973044198,
    1.3093695830349898,
    1.326164483233273,
    1.3531883314474304,
    1.331830706960131,
    1.3670275905239049,
    1.3666752132017221
  ],
  "val_acc": [
    0.3548922056384743,
    0.3747927031509121,
    0.3648424543946932,
    0.3681592039800995,
    0.33167495854063017,
    0.3582089552238806,
    0.3615257048092869,
    0.3449419568822554,
    0.35655058043117743,
    0.37645107794361526,
    0.35655058043117743,
    0.373134328358209,
    0.3648424543946932,
    0.3880597014925373,
    0.3880597014925373,
    0.3946932006633499,
    0.3781094527363184,
    0.4129353233830846,
    0.4295190713101161,
    0.42454394693200664,
    0.40630182421227196,
    0.4013266998341625,
    0.4228855721393035,
    0.39303482587064675,
    0.40298507462686567,
    0.4262023217247098,
    0.41625207296849087,
    0.38971807628524047,
    0.44112769485903813,
    0.417910447761194,
    0.43449419568822556,
    0.38308457711442784,
    0.43781094527363185
  ]
}