{
  "epoch": [
    1,
    2,
    3,
    4,
    5,
    6,
    7,
    8,
    9,
    10,
    11,
    12,
    13,
    14,
    15,
    16
  ],
  "train_loss": [
    1.481706042703196,
    1.3577800396917217,
    1.3355622469489254,
    1.3398972116807886,
    1.3268729029772717,
    1.3199496194667315,
    1.2943653691806265,
    1.3192212457934762,
    1.3065190254243961,
    1.3056992256819313,
    1.3011598065124816,
    1.3122463576236174,
    1.3067984569132032,
    1.307836734748683,
    1.297529447053287,
    1.290796840284086
  ],
  "val_loss": [
    1.349910475523713,
    1.3188285695181952,
    1.318397492911685,
    1.3267853507157383,
    1.3090473037849413,
    1.3030038781427031,
    1.3333489499479583,
    1.307752722333715,
    1.308469497346957,
    1.315787326044111,
    1.315615906841917,
    1.310845023957058,
    1.328334984494679,
    1.3234892083242362,
    1.3064769328530155,
    1.3065819000921044
  ],
  "val_acc": [
    0.4427860696517413,
    0.3615257048092869,
    0.38971807628524047,
    0.38971807628524047,
    0.3781094527363184,
    0.3615257048092869,
    0.4096185737976783,
    0.3598673300165838,
    0.3681592039800995,
    0.38308457711442784,
    0.4013266998341625,
    0.373134328358209,
    0.4228855721393035,
    0.3864013266998342,
    0.3582089552238806,
    0.3598673300165838
  ]
}