{
  "split": "test",
  "model_type": "mlp",
  "accuracy": 0.3843262625826241,
  "f1_macro": 0.1181455742004966,
  "precision_macro": 0.1329973560781189,
  "recall_macro": 0.18894526946910598,
  "per_class_recall": {
    "Bathe": 0.8547741566609491,
    "Bed_Toilet_Transition": 0.2621359223300971,
    "Cook": 0.0,
    "Cook_Breakfast": 0.0,
    "Cook_Dinner": 0.16118935837245696,
    "Cook_Lunch": 0.0,
    "Dress": 0.028177833437695678,
    "Drink": 0.14386792452830188,
    "Eat": 0.2830188679245283,
    "Eat_Breakfast": 0.13313609467455623,
    "Eat_Dinner": 0.0,
    "Eat_Lunch": 0.0,
    "Enter_Home": 0.6431372549019608,
    "Entertain_Guests": 0.006825938566552901,
    "Evening_Meds": 0.0,
    "Go_To_Sleep": 0.28888888888888886,
    "Groom": 0.0,
    "Leave_Home": 0.15950920245398773,
    "Morning_Meds": 0.04871794871794872,
    "Personal_Hygiene": 0.023758099352051837,
    "Phone": 0.06077348066298342,
    "Read": 0.0,
    "Relax": 0.002004008016032064,
    "Sleep": 0.8181818181818182,
    "Sleep_Out_Of_Bed": 0.0,
    "Step_Out": 0.174496644295302,
    "Toilet": 0.21762349799732977,
    "Wake_Up": 0.025,
    "Wash_Breakfast_Dishes": 0.0,
    "Wash_Dinner_Dishes": 0.6289752650176679,
    "Wash_Dishes": 0.0,
    "Wash_Lunch_Dishes": 0.0,
    "Watch_TV": 0.8235833206048572,
    "Work_At_Table": 0.6363636363636364
  },
  "confusion_matrix": [
    [
      1495,
      91,
      0,
      0,
      0,
      0,
      0,
      2,
      1,
      0,
      0,
      0,
      5,
      1,
      0,
      72,
      1,
      1,
      0,
      40,
      1,
      0,
      0,
      8,
      0,
      0,
      29,
      2,
      0,
      0,
      0,
      0,
      0,
      0
    ],
    [
      30,
      27,
      0,
      0,
      0,
      0,
      1,
      0,
      0,
      0,
      0,
      0,
      1,
      0,
      0,
      28,
      0,
      0,
      0,
      5,
      0,
      0,
      0,
      3,
      0,
      0,
      8,
      0,
      0,
      0,
      0,
      0,
      0,
      0
    ],
    [
      0,
      0,
      0,
      0,
      50,
      1,
      0,
      20,
      21,
      3,
      0,
      0,
      5,
      0,
      0,
      2,
      0,
      3,
      8,
      0,
      0,
      0,
      0,
      1,
      0,
      2,
      1,
      0,
      0,
      218,
      0,
      0,
      0,
      0
    ],
    [
      0,
      0,
      1,
      0,
      268,
      3,
      0,
      72,
      119,
      18,
      0,
      0,
      7,
      2,
      0,
      0,
      0,
      4,
      38,
      1,
      2,
      0,
      0,
      0,
      0,
      8,
      12,
      0,
      1,
      1229,
      0,
      0,
      4,
      6
    ],
    [
      0,
      1,
      0,
      0,
      103,
      0,
      0,
      45,
      70,
      8,
      0,
      0,
      2,
      1,
      0,
      0,
      0,
      2,
      13,
      0,
      0,
      0,
      0,
      0,
      0,
      5,
      4,
      0,
      0,
      381,
      0,
      0,
      3,
      1
    ],
    [
      0,
      0,
      0,
      0,
      54,
      0,
      0,
      23,
      22,
      0,
      0,
      0,
      1,
      1,
      0,
      0,
      0,
      0,
      7,
      0,
      0,
      0,
      0,
      0,
      0,
      3,
      5,
      0,
      0,
      232,
      0,
      0,
      0,
      2
    ],
    [
      10,
      122,
      0,
      0,
      0,
      0,
      45,
      5,
      10,
      5,
      0,
      0,
      48,
      13,
      0,
      244,
      0,
      13,
      3,
      0,
      8,
      0,
      0,
      990,
      0,
      8,
      28,
      38,
      0,
      0,
      0,
      0,
      6,
      1
    ],
    [
      0,
      0,
      0,
      0,
      43,
      1,
      0,
      61,
      106,
      27,
      0,
      0,
      8,
      0,
      0,
      2,
      0,
      2,
      12,
      0,
      0,
      0,
      0,
      0,
      0,
      8,
      6,
      0,
      0,
      140,
      0,
      0,
      5,
      3
    ],
    [
      0,
      0,
      0,
      0,
      1,
      0,
      0,
      3,
      15,
      10,
      0,
      0,
      0,
      0,
      0,
      0,
      0,
      3,
      2,
      0,
      0,
      0,
      0,
      0,
      0,
      2,
      2,
      0,
      0,
      0,
      0,
      0,
      15,
      0
    ],
    [
      0,
      2,
      0,
      0,
      6,
      0,
      0,
      15,
      78,
      45,
      0,
      0,
      2,
      0,
      0,
      0,
      0,
      4,
      12,
      1,
      7,
      0,
      0,
      0,
      0,
      10,
      7,
      0,
      0,
      4,
      0,
      0,
      144,
      1
    ],
    [
      0,
      0,
      0,
      0,
      1,
      0,
      0,
      4,
      25,
      16,
      0,
      0,
      2,
      0,
      0,
      0,
      0,
      2,
      0,
      0,
      2,
      1,
      0,
      0,
      0,
      2,
      0,
      0,
      0,
      1,
      0,
      0,
      67,
      1
    ],
    [
      0,
      0,
      0,
      0,
      0,
      0,
      0,
      5,
      18,
      14,
      0,
      0,
      2,
      0,
      0,
      0,
      0,
      2,
      2,
      0,
      3,
      0,
      0,
      0,
      0,
      5,
      0,
      0,
      0,
      1,
      0,
      0,
      36,
      0
    ],
    [
      0,
      1,
      0,
      0,
      0,
      0,
      0,
      1,
      2,
      3,
      0,
      0,
      164,
      0,
      0,
      0,
      0,
      12,
      1,
      0,
      1,
      0,
      0,
      0,
      0,
      63,
      6,
      0,
      0,
      0,
      0,
      0,
      0,
      1
    ],
    [
      1,
      3,
      0,
      0,
      13,
      0,
      5,
      24,
      44,
      5,
      0,
      0,
      35,
      2,
      0,
      13,
      0,
      6,
      13,
      2,
      3,
      0,
      0,
      1,
      0,
      15,
      20,
      0,
      0,
      82,
      0,
      0,
      6,
      0
    ],
    [
      0,
      0,
      0,
      0,
      27,
      0,
      0,
      46,
      68,
      21,
      0,
      0,
      6,
      1,
      0,
      0,
      0,
      4,
      21,
      0,
      1,
      0,
      0,
      0,
      0,
      6,
      2,
      0,
      0,
      124,
      0,
      0,
      3,
      4
    ],
    [
      2,
      8,
      0,
      0,
      0,
      0,
      1,
      0,
      0,
      1,
      0,
      0,
      1,
      0,
      0,
      13,
      0,
      0,
      0,
      1,
      0,
      0,
      0,
      16,
      0,
      0,
      2,
      0,
      0,
      0,
      0,
      0,
      0,
      0
    ],
    [
      97,
      26,
      0,
      0,
      0,
      0,
      3,
      1,
      1,
      2,
      0,
      0,
      1,
      0,
      0,
      32,
      0,
      0,
      0,
      6,
      2,
      0,
      0,
      6,
      0,
      0,
      7,
      3,
      0,
      0,
      0,
      0,
      1,
      0
    ],
    [
      4,
      10,
      0,
      0,
      0,
      0,
      2,
      1,
      14,
      26,
      0,
      0,
      60,
      2,
      0,
      9,
      0,
      52,
      1,
      7,
      11,
      0,
      0,
      3,
      0,
      22,
      32,
      0,
      0,
      0,
      0,
      0,
      70,
      0
    ],
    [
      0,
      0,
      0,
      0,
      44,
      1,
      0,
      44,
      88,
      18,
      0,
      0,
      19,
      1,
      0,
      1,
      0,
      5,
      19,
      0,
      0,
      0,
      0,
      0,
      0,
      11,
      1,
      0,
      0,
      137,
      0,
      0,
      0,
      1
    ],
    [
      784,
      159,
      0,
      0,
      0,
      0,
      2,
      8,
      19,
      6,
      0,
      0,
      30,
      1,
      0,
      135,
      1,
      10,
      2,
      33,
      36,
      0,
      0,
      8,
      0,
      3,
      133,
      6,
      0,
      0,
      0,
      0,
      11,
      2
    ],
    [
      0,
      1,
      0,
      0,
      2,
      0,
      2,
      6,
      17,
      19,
      0,
      0,
      15,
      0,
