event,packet_type,node,src,seq,bytes,time_ms,payload_time_ms,sim_time_ms,send_ms,recv_ms,delay_ms,line_number,raw_line
TX,REAL,6,,0,48,19322.0,18388,19322.0,,,,76,19322000	ID:6	[INFO: Metric    ] METRIC_TX type=REAL node=6 seq=0 bytes=48 time_ms=18388
RX,REAL,,6,0,48,19365.88,19361,19365.88,18388,19361,43.88000000000102,77,19365880	ID:1	[INFO: Metric    ] METRIC_RX type=REAL src=6 seq=0 send_ms=18388 recv_ms=19361 bytes=48
TX,REAL,2,,0,48,20043.0,19565,20043.0,,,,82,20043000	ID:2	[INFO: Metric    ] METRIC_TX type=REAL node=2 seq=0 bytes=48 time_ms=19565
TX,DUMMY,2,,0,48,20044.0,19566,20044.0,,,,83,20044000	ID:2	[INFO: Metric    ] METRIC_TX type=DUMMY node=2 seq=0 bytes=48 time_ms=19566
RX,REAL,,2,0,48,20070.88,20066,20070.88,19565,20066,27.88000000000102,84,20070880	ID:1	[INFO: Metric    ] METRIC_RX type=REAL src=2 seq=0 send_ms=19565 recv_ms=20066 bytes=48
RX,DUMMY,,2,0,48,20087.88,20083,20087.88,19566,20083,,85,20087880	ID:1	[INFO: Metric    ] METRIC_RX type=DUMMY src=2 seq=0 send_ms=19566 recv_ms=20083 bytes=48
TX,REAL,7,,0,48,24600.0,24211,24600.0,,,,92,24600000	ID:7	[INFO: Metric    ] METRIC_TX type=REAL node=7 seq=0 bytes=48 time_ms=24211
TX,DUMMY,7,,0,48,24601.0,24212,24601.0,,,,93,24601000	ID:7	[INFO: Metric    ] METRIC_TX type=DUMMY node=7 seq=0 bytes=48 time_ms=24212
RX,REAL,,7,0,48,24613.88,24609,24613.88,24211,24609,13.880000000001019,94,24613880	ID:1	[INFO: Metric    ] METRIC_RX type=REAL src=7 seq=0 send_ms=24211 recv_ms=24609 bytes=48
RX,DUMMY,,7,0,48,24636.88,24632,24636.88,24212,24632,,95,24636880	ID:1	[INFO: Metric    ] METRIC_RX type=DUMMY src=7 seq=0 send_ms=24212 recv_ms=24632 bytes=48
TX,REAL,6,,1,48,28323.0,27389,28323.0,,,,98,28323000	ID:6	[INFO: Metric    ] METRIC_TX type=REAL node=6 seq=1 bytes=48 time_ms=27389
RX,REAL,,6,1,48,28359.88,28355,28359.88,27389,28355,36.88000000000102,99,28359880	ID:1	[INFO: Metric    ] METRIC_RX type=REAL src=6 seq=1 send_ms=27389 recv_ms=28355 bytes=48
TX,REAL,2,,1,48,29045.0,28567,29045.0,,,,102,29045000	ID:2	[INFO: Metric    ] METRIC_TX type=REAL node=2 seq=1 bytes=48 time_ms=28567
RX,REAL,,2,1,48,29066.88,29062,29066.88,28567,29062,21.88000000000102,103,29066880	ID:1	[INFO: Metric    ] METRIC_RX type=REAL src=2 seq=1 send_ms=28567 recv_ms=29062 bytes=48
TX,REAL,4,,0,48,35297.0,34672,35297.0,,,,108,35297000	ID:4	[INFO: Metric    ] METRIC_TX type=REAL node=4 seq=0 bytes=48 time_ms=34672
RX,REAL,,4,0,48,35324.168,35320,35324.168,34672,35320,27.167999999997846,109,35324168	ID:1	[INFO: Metric    ] METRIC_RX type=REAL src=4 seq=0 send_ms=34672 recv_ms=35320 bytes=48
TX,REAL,7,,1,48,35602.0,35213,35602.0,,,,111,35602000	ID:7	[INFO: Metric    ] METRIC_TX type=REAL node=7 seq=1 bytes=48 time_ms=35213
RX,REAL,,7,1,48,35626.88,35622,35626.88,35213,35622,24.87999999999738,112,35626880	ID:1	[INFO: Metric    ] METRIC_RX type=REAL src=7 seq=1 send_ms=35213 recv_ms=35622 bytes=48
TX,REAL,5,,0,48,37557.0,36614,37557.0,,,,116,37557000	ID:5	[INFO: Metric    ] METRIC_TX type=REAL node=5 seq=0 bytes=48 time_ms=36614
RX,REAL,,5,0,48,37605.168,37601,37605.168,36614,37601,48.167999999997846,117,37605168	ID:1	[INFO: Metric    ] METRIC_RX type=REAL src=5 seq=0 send_ms=36614 recv_ms=37601 bytes=48
TX,REAL,2,,2,48,39046.0,38568,39046.0,,,,120,39046000	ID:2	[INFO: Metric    ] METRIC_TX type=REAL node=2 seq=2 bytes=48 time_ms=38568
RX,REAL,,2,2,48,39071.88,39067,39071.88,38568,39067,25.87999999999738,121,39071880	ID:1	[INFO: Metric    ] METRIC_RX type=REAL src=2 seq=2 send_ms=38568 recv_ms=39067 bytes=48
TX,REAL,6,,2,48,39324.0,38390,39324.0,,,,123,39324000	ID:6	[INFO: Metric    ] METRIC_TX type=REAL node=6 seq=2 bytes=48 time_ms=38390
RX,REAL,,6,2,48,39357.88,39353,39357.88,38390,39353,33.87999999999738,124,39357880	ID:1	[INFO: Metric    ] METRIC_RX type=REAL src=6 seq=2 send_ms=38390 recv_ms=39353 bytes=48
TX,REAL,3,,0,48,42710.0,41770,42710.0,,,,128,42710000	ID:3	[INFO: Metric    ] METRIC_TX type=REAL node=3 seq=0 bytes=48 time_ms=41770
RX,REAL,,3,0,48,42770.168,42766,42770.168,41770,42766,60.167999999997846,129,42770168	ID:1	[INFO: Metric    ] METRIC_RX type=REAL src=3 seq=0 send_ms=41770 recv_ms=42766 bytes=48
TX,REAL,4,,1,48,45298.0,44673,45298.0,,,,131,45298000	ID:4	[INFO: Metric    ] METRIC_TX type=REAL node=4 seq=1 bytes=48 time_ms=44673
RX,REAL,,4,1,48,45334.168,45330,45334.168,44673,45330,36.167999999997846,132,45334168	ID:1	[INFO: Metric    ] METRIC_RX type=REAL src=4 seq=1 send_ms=44673 recv_ms=45330 bytes=48
TX,REAL,7,,2,48,46603.0,46214,46603.0,,,,134,46603000	ID:7	[INFO: Metric    ] METRIC_TX type=REAL node=7 seq=2 bytes=48 time_ms=46214
RX,REAL,,7,2,48,46636.88,46632,46636.88,46214,46632,33.87999999999738,135,46636880	ID:1	[INFO: Metric    ] METRIC_RX type=REAL src=7 seq=2 send_ms=46214 recv_ms=46632 bytes=48
TX,REAL,5,,1,48,47558.0,46615,47558.0,,,,137,47558000	ID:5	[INFO: Metric    ] METRIC_TX type=REAL node=5 seq=1 bytes=48 time_ms=46615
RX,REAL,,5,1,48,47610.168,47606,47610.168,46615,47606,52.167999999997846,138,47610168	ID:1	[INFO: Metric    ] METRIC_RX type=REAL src=5 seq=1 send_ms=46615 recv_ms=47606 bytes=48
TX,REAL,6,,3,48,49325.0,48391,49325.0,,,,140,49325000	ID:6	[INFO: Metric    ] METRIC_TX type=REAL node=6 seq=3 bytes=48 time_ms=48391
TX,DUMMY,6,,0,48,49326.0,48392,49326.0,,,,141,49326000	ID:6	[INFO: Metric    ] METRIC_TX type=DUMMY node=6 seq=0 bytes=48 time_ms=48392
RX,REAL,,6,3,48,49346.88,49342,49346.88,48391,49342,21.87999999999738,142,49346880	ID:1	[INFO: Metric    ] METRIC_RX type=REAL src=6 seq=3 send_ms=48391 recv_ms=49342 bytes=48
RX,DUMMY,,6,0,48,49373.88,49369,49373.88,48392,49369,,143,49373880	ID:1	[INFO: Metric    ] METRIC_RX type=DUMMY src=6 seq=0 send_ms=48392 recv_ms=49369 bytes=48
TX,REAL,2,,3,48,50047.0,49569,50047.0,,,,146,50047000	ID:2	[INFO: Metric    ] METRIC_TX type=REAL node=2 seq=3 bytes=48 time_ms=49569
RX,REAL,,2,3,48,50086.88,50082,50086.88,49569,50082,39.87999999999738,147,50086880	ID:1	[INFO: Metric    ] METRIC_RX type=REAL src=2 seq=3 send_ms=49569 recv_ms=50082 bytes=48
TX,REAL,3,,1,48,51711.0,50771,51711.0,,,,149,51711000	ID:3	[INFO: Metric    ] METRIC_TX type=REAL node=3 seq=1 bytes=48 time_ms=50771
TX,DUMMY,3,,0,48,51712.0,50772,51712.0,,,,150,51712000	ID:3	[INFO: Metric    ] METRIC_TX type=DUMMY node=3 seq=0 bytes=48 time_ms=50772
RX,REAL,,3,1,48,51742.168,51738,51742.168,50771,51738,31.167999999997846,151,51742168	ID:1	[INFO: Metric    ] METRIC_RX type=REAL src=3 seq=1 send_ms=50771 recv_ms=51738 bytes=48
RX,DUMMY,,3,0,48,51781.168,51777,51781.168,50772,51777,,153,51781168	ID:1	[INFO: Metric    ] METRIC_RX type=DUMMY src=3 seq=0 send_ms=50772 recv_ms=51777 bytes=48
TX,REAL,4,,2,48,55299.0,54674,55299.0,,,,156,55299000	ID:4	[INFO: Metric    ] METRIC_TX type=REAL node=4 seq=2 bytes=48 time_ms=54674
RX,REAL,,4,2,48,55324.304,55320,55324.304,54674,55320,25.30399999999645,157,55324304	ID:1	[INFO: Metric    ] METRIC_RX type=REAL src=4 seq=2 send_ms=54674 recv_ms=55320 bytes=48
TX,REAL,7,,3,48,55604.0,55215,55604.0,,,,159,55604000	ID:7	[INFO: Metric    ] METRIC_TX type=REAL node=7 seq=3 bytes=48 time_ms=55215
RX,REAL,,7,3,48,55610.88,55606,55610.88,55215,55606,6.879999999997381,160,55610880	ID:1	[INFO: Metric    ] METRIC_RX type=REAL src=7 seq=3 send_ms=55215 recv_ms=55606 bytes=48
TX,REAL,5,,2,48,56559.0,55616,56559.0,,,,162,56559000	ID:5	[INFO: Metric    ] METRIC_TX type=REAL node=5 seq=2 bytes=48 time_ms=55616
RX,REAL,,5,2,48,56609.168,56605,56609.168,55616,56605,50.167999999997846,163,56609168	ID:1	[INFO: Metric    ] METRIC_RX type=REAL src=5 seq=2 send_ms=55616 recv_ms=56605 bytes=48
TX,REAL,2,,4,48,59048.0,58570,59048.0,,,,165,59048000	ID:2	[INFO: Metric    ] METRIC_TX type=REAL node=2 seq=4 bytes=48 time_ms=58570
RX,REAL,,2,4,48,59065.88,59061,59065.88,58570,59061,17.87999999999738,166,59065880	ID:1	[INFO: Metric    ] METRIC_RX type=REAL src=2 seq=4 send_ms=58570 recv_ms=59061 bytes=48
TX,REAL,6,,4,48,60327.0,59393,60327.0,,,,168,60327000	ID:6	[INFO: Metric    ] METRIC_TX type=REAL node=6 seq=4 bytes=48 time_ms=59393
RX,REAL,,6,4,48,60338.88,60334,60338.88,59393,60334,11.87999999999738,169,60338880	ID:1	[INFO: Metric    ] METRIC_RX type=REAL src=6 seq=4 send_ms=59393 recv_ms=60334 bytes=48
TX,REAL,3,,2,48,62713.0,61773,62713.0,,,,171,62713000	ID:3	[INFO: Metric    ] METRIC_TX type=REAL node=3 seq=2 bytes=48 time_ms=61773
RX,REAL,,3,2,48,62786.168,62782,62786.168,61773,62782,73.16799999999785,172,62786168	ID:1	[INFO: Metric    ] METRIC_RX type=REAL src=3 seq=2 send_ms=61773 recv_ms=62782 bytes=48
TX,REAL,4,,3,48,66300.0,65675,66300.0,,,,174,66300000	ID:4	[INFO: Metric    ] METRIC_TX type=REAL node=4 seq=3 bytes=48 time_ms=65675
TX,DUMMY,4,,0,48,66301.0,65676,66301.0,,,,175,66301000	ID:4	[INFO: Metric    ] METRIC_TX type=DUMMY node=4 seq=0 bytes=48 time_ms=65676
RX,REAL,,4,3,48,66363.168,66359,66363.168,65675,66359,63.16800000000512,176,66363168	ID:1	[INFO: Metric    ] METRIC_RX type=REAL src=4 seq=3 send_ms=65675 recv_ms=66359 bytes=48
RX,DUMMY,,4,0,48,66462.168,66458,66462.168,65676,66458,,178,66462168	ID:1	[INFO: Metric    ] METRIC_RX type=DUMMY src=4 seq=0 send_ms=65676 recv_ms=66458 bytes=48
TX,REAL,5,,3,48,66560.0,65617,66560.0,,,,180,66560000	ID:5	[INFO: Metric    ] METRIC_TX type=REAL node=5 seq=3 bytes=48 time_ms=65617
TX,DUMMY,5,,0,48,66561.0,65618,66561.0,,,,181,66561000	ID:5	[INFO: Metric    ] METRIC_TX type=DUMMY node=5 seq=0 bytes=48 time_ms=65618
RX,REAL,,5,3,48,66578.168,66574,66578.168,65617,66574,18.168000000005122,182,66578168	ID:1	[INFO: Metric    ] METRIC_RX type=REAL src=5 seq=3 send_ms=65617 recv_ms=66574 bytes=48
TX,REAL,7,,4,48,66605.0,66216,66605.0,,,,184,66605000	ID:7	[INFO: Metric    ] METRIC_TX type=REAL node=7 seq=4 bytes=48 time_ms=66216
TX,DUMMY,7,,1,48,66606.0,66217,66606.0,,,,185,66606000	ID:7	[INFO: Metric    ] METRIC_TX type=DUMMY node=7 seq=1 bytes=48 time_ms=66217
RX,DUMMY,,5,0,48,66613.168,66609,66613.168,65618,66609,,186,66613168	ID:1	[INFO: Metric    ] METRIC_RX type=DUMMY src=5 seq=0 send_ms=65618 recv_ms=66609 bytes=48
RX,REAL,,7,4,48,66630.608,66626,66630.608,66216,66626,25.6079999999929,188,66630608	ID:1	[INFO: Metric    ] METRIC_RX type=REAL src=7 seq=4 send_ms=66216 recv_ms=66626 bytes=48
RX,DUMMY,,7,1,48,66662.88,66658,66662.88,66217,66658,,189,66662880	ID:1	[INFO: Metric    ] METRIC_RX type=DUMMY src=7 seq=1 send_ms=66217 recv_ms=66658 bytes=48
TX,REAL,2,,5,48,69049.0,68571,69049.0,,,,193,69049000	ID:2	[INFO: Metric    ] METRIC_TX type=REAL node=2 seq=5 bytes=48 time_ms=68571
RX,REAL,,2,5,48,69078.88,69074,69078.88,68571,69074,29.880000000004657,194,69078880	ID:1	[INFO: Metric    ] METRIC_RX type=REAL src=2 seq=5 send_ms=68571 recv_ms=69074 bytes=48
TX,REAL,6,,5,48,69328.0,68394,69328.0,,,,196,69328000	ID:6	[INFO: Metric    ] METRIC_TX type=REAL node=6 seq=5 bytes=48 time_ms=68394
RX,REAL,,6,5,48,69343.88,69339,69343.88,68394,69339,15.880000000004657,197,69343880	ID:1	[INFO: Metric    ] METRIC_RX type=REAL src=6 seq=5 send_ms=68394 recv_ms=69339 bytes=48
TX,REAL,3,,3,48,71714.0,70774,71714.0,,,,199,71714000	ID:3	[INFO: Metric    ] METRIC_TX type=REAL node=3 seq=3 bytes=48 time_ms=70774
RX,REAL,,3,3,48,71753.168,71749,71753.168,70774,71749,39.16800000000512,200,71753168	ID:1	[INFO: Metric    ] METRIC_RX type=REAL src=3 seq=3 send_ms=70774 recv_ms=71749 bytes=48
TX,REAL,7,,5,48,75607.0,75218,75607.0,,,,202,75607000	ID:7	[INFO: Metric    ] METRIC_TX type=REAL node=7 seq=5 bytes=48 time_ms=75218
TX,DUMMY,7,,2,48,75608.0,75219,75608.0,,,,203,75608000	ID:7	[INFO: Metric    ] METRIC_TX type=DUMMY node=7 seq=2 bytes=48 time_ms=75219
RX,REAL,,7,5,48,75622.88,75618,75622.88,75218,75618,15.880000000004657,204,75622880	ID:1	[INFO: Metric    ] METRIC_RX type=REAL src=7 seq=5 send_ms=75218 recv_ms=75618 bytes=48
RX,DUMMY,,7,2,48,75661.88,75657,75661.88,75219,75657,,205,75661880	ID:1	[INFO: Metric    ] METRIC_RX type=DUMMY src=7 seq=2 send_ms=75219 recv_ms=75657 bytes=48
TX,REAL,5,,4,48,76562.0,75619,76562.0,,,,208,76562000	ID:5	[INFO: Metric    ] METRIC_TX type=REAL node=5 seq=4 bytes=48 time_ms=75619
RX,REAL,,5,4,48,76624.168,76620,76624.168,75619,76620,62.16800000000512,209,76624168	ID:1	[INFO: Metric    ] METRIC_RX type=REAL src=5 seq=4 send_ms=75619 recv_ms=76620 bytes=48
TX,REAL,4,,4,48,77302.0,76677,77302.0,,,,211,77302000	ID:4	[INFO: Metric    ] METRIC_TX type=REAL node=4 seq=4 bytes=48 time_ms=76677
RX,REAL,,4,4,48,77333.168,77329,77333.168,76677,77329,31.168000000005122,212,77333168	ID:1	[INFO: Metric    ] METRIC_RX type=REAL src=4 seq=4 send_ms=76677 recv_ms=77329 bytes=48
TX,REAL,2,,6,48,79050.0,78572,79050.0,,,,215,79050000	ID:2	[INFO: Metric    ] METRIC_TX type=REAL node=2 seq=6 bytes=48 time_ms=78572
RX,REAL,,2,6,48,79074.88,79070,79074.88,78572,79070,24.880000000004657,216,79074880	ID:1	[INFO: Metric    ] METRIC_RX type=REAL src=2 seq=6 send_ms=78572 recv_ms=79070 bytes=48
TX,REAL,6,,6,48,79329.0,78395,79329.0,,,,218,79329000	ID:6	[INFO: Metric    ] METRIC_TX type=REAL node=6 seq=6 bytes=48 time_ms=78395
RX,REAL,,6,6,48,79368.88,79364,79368.88,78395,79364,39.88000000000466,219,79368880	ID:1	[INFO: Metric    ] METRIC_RX type=REAL src=6 seq=6 send_ms=78395 recv_ms=79364 bytes=48
TX,REAL,3,,4,48,80715.0,79775,80715.0,,,,221,80715000	ID:3	[INFO: Metric    ] METRIC_TX type=REAL node=3 seq=4 bytes=48 time_ms=79775
TX,DUMMY,3,,1,48,80716.0,79776,80716.0,,,,222,80716000	ID:3	[INFO: Metric    ] METRIC_TX type=DUMMY node=3 seq=1 bytes=48 time_ms=79776
RX,REAL,,3,4,48,80739.168,80735,80739.168,79775,80735,24.168000000005122,223,80739168	ID:1	[INFO: Metric    ] METRIC_RX type=REAL src=3 seq=4 send_ms=79775 recv_ms=80735 bytes=48
RX,DUMMY,,3,1,48,80823.304,80819,80823.304,79776,80819,,224,80823304	ID:1	[INFO: Metric    ] METRIC_RX type=DUMMY src=3 seq=1 send_ms=79776 recv_ms=80819 bytes=48
TX,REAL,7,,6,48,84609.0,84220,84609.0,,,,227,84609000	ID:7	[INFO: Metric    ] METRIC_TX type=REAL node=7 seq=6 bytes=48 time_ms=84220
RX,REAL,,7,6,48,84616.88,84612,84616.88,84220,84612,7.880000000004657,228,84616880	ID:1	[INFO: Metric    ] METRIC_RX type=REAL src=7 seq=6 send_ms=84220 recv_ms=84612 bytes=48
TX,REAL,4,,5,48,86303.0,85678,86303.0,,,,230,86303000	ID:4	[INFO: Metric    ] METRIC_TX type=REAL node=4 seq=5 bytes=48 time_ms=85678
RX,REAL,,4,5,48,86390.168,86386,86390.168,85678,86386,87.16800000000512,231,86390168	ID:1	[INFO: Metric    ] METRIC_RX type=REAL src=4 seq=5 send_ms=85678 recv_ms=86386 bytes=48
TX,REAL,5,,5,48,86563.0,85620,86563.0,,,,233,86563000	ID:5	[INFO: Metric    ] METRIC_TX type=REAL node=5 seq=5 bytes=48 time_ms=85620
TX,DUMMY,5,,1,48,86564.0,85621,86564.0,,,,234,86564000	ID:5	[INFO: Metric    ] METRIC_TX type=DUMMY node=5 seq=1 bytes=48 time_ms=85621
RX,REAL,,5,5,48,86601.168,86597,86601.168,85620,86597,38.16800000000512,235,86601168	ID:1	[INFO: Metric    ] METRIC_RX type=REAL src=5 seq=5 send_ms=85620 recv_ms=86597 bytes=48
RX,DUMMY,,5,1,48,86698.168,86694,86698.168,85621,86694,,237,86698168	ID:1	[INFO: Metric    ] METRIC_RX type=DUMMY src=5 seq=1 send_ms=85621 recv_ms=86694 bytes=48
TX,REAL,2,,7,48,89051.0,88573,89051.0,,,,239,89051000	ID:2	[INFO: Metric    ] METRIC_TX type=REAL node=2 seq=7 bytes=48 time_ms=88573
RX,REAL,,2,7,48,89083.88,89079,89083.88,88573,89079,32.88000000000466,240,89083880	ID:1	[INFO: Metric    ] METRIC_RX type=REAL src=2 seq=7 send_ms=88573 recv_ms=89079 bytes=48
TX,REAL,6,,7,48,90330.0,89396,90330.0,,,,242,90330000	ID:6	[INFO: Metric    ] METRIC_TX type=REAL node=6 seq=7 bytes=48 time_ms=89396
RX,REAL,,6,7,48,90339.88,90335,90339.88,89396,90335,9.880000000004657,243,90339880	ID:1	[INFO: Metric    ] METRIC_RX type=REAL src=6 seq=7 send_ms=89396 recv_ms=90335 bytes=48
TX,REAL,3,,5,48,91717.0,90777,91717.0,,,,246,91717000	ID:3	[INFO: Metric    ] METRIC_TX type=REAL node=3 seq=5 bytes=48 time_ms=90777
TX,DUMMY,3,,2,48,91718.0,90778,91718.0,,,,247,91718000	ID:3	[INFO: Metric    ] METRIC_TX type=DUMMY node=3 seq=2 bytes=48 time_ms=90778
RX,REAL,,3,5,48,91758.168,91754,91758.168,90777,91754,41.16800000000512,248,91758168	ID:1	[INFO: Metric    ] METRIC_RX type=REAL src=3 seq=5 send_ms=90777 recv_ms=91754 bytes=48
RX,DUMMY,,3,2,48,91769.168,91765,91769.168,90778,91765,,249,91769168	ID:1	[INFO: Metric    ] METRIC_RX type=DUMMY src=3 seq=2 send_ms=90778 recv_ms=91765 bytes=48
TX,REAL,5,,6,48,95565.0,94622,95565.0,,,,252,95565000	ID:5	[INFO: Metric    ] METRIC_TX type=REAL node=5 seq=6 bytes=48 time_ms=94622
TX,REAL,7,,7,48,95610.0,95221,95610.0,,,,253,95610000	ID:7	[INFO: Metric    ] METRIC_TX type=REAL node=7 seq=7 bytes=48 time_ms=95221
TX,DUMMY,7,,3,48,95611.0,95222,95611.0,,,,254,95611000	ID:7	[INFO: Metric    ] METRIC_TX type=DUMMY node=7 seq=3 bytes=48 time_ms=95222
RX,REAL,,5,6,48,95620.168,95616,95620.168,94622,95616,55.16800000000512,255,95620168	ID:1	[INFO: Metric    ] METRIC_RX type=REAL src=5 seq=6 send_ms=94622 recv_ms=95616 bytes=48
RX,REAL,,7,7,48,95634.88,95630,95634.88,95221,95630,24.880000000004657,256,95634880	ID:1	[INFO: Metric    ] METRIC_RX type=REAL src=7 seq=7 send_ms=95221 recv_ms=95630 bytes=48
RX,DUMMY,,7,3,48,95644.88,95640,95644.88,95222,95640,,257,95644880	ID:1	[INFO: Metric    ] METRIC_RX type=DUMMY src=7 seq=3 send_ms=95222 recv_ms=95640 bytes=48
TX,REAL,4,,6,48,97304.0,96679,97304.0,,,,261,97304000	ID:4	[INFO: Metric    ] METRIC_TX type=REAL node=4 seq=6 bytes=48 time_ms=96679
RX,REAL,,4,6,48,97348.168,97344,97348.168,96679,97344,44.16800000000512,262,97348168	ID:1	[INFO: Metric    ] METRIC_RX type=REAL src=4 seq=6 send_ms=96679 recv_ms=97344 bytes=48
TX,REAL,2,,8,48,100052.0,99574,100052.0,,,,264,100052000	ID:2	[INFO: Metric    ] METRIC_TX type=REAL node=2 seq=8 bytes=48 time_ms=99574
RX,REAL,,2,8,48,100063.88,100059,100063.88,99574,100059,11.880000000004657,265,100063880	ID:1	[INFO: Metric    ] METRIC_RX type=REAL src=2 seq=8 send_ms=99574 recv_ms=100059 bytes=48
TX,REAL,6,,8,48,101331.0,100397,101331.0,,,,267,101331000	ID:6	[INFO: Metric    ] METRIC_TX type=REAL node=6 seq=8 bytes=48 time_ms=100397
RX,REAL,,6,8,48,101368.88,101364,101368.88,100397,101364,37.88000000000466,268,101368880	ID:1	[INFO: Metric    ] METRIC_RX type=REAL src=6 seq=8 send_ms=100397 recv_ms=101364 bytes=48
TX,REAL,3,,6,48,101719.0,100779,101719.0,,,,270,101719000	ID:3	[INFO: Metric    ] METRIC_TX type=REAL node=3 seq=6 bytes=48 time_ms=100779
RX,REAL,,3,6,48,101768.168,101764,101768.168,100779,101764,49.16800000000512,271,101768168	ID:1	[INFO: Metric    ] METRIC_RX type=REAL src=3 seq=6 send_ms=100779 recv_ms=101764 bytes=48
TX,REAL,7,,8,48,104612.0,104223,104612.0,,,,273,104612000	ID:7	[INFO: Metric    ] METRIC_TX type=REAL node=7 seq=8 bytes=48 time_ms=104223
RX,REAL,,7,8,48,104618.88,104614,104618.88,104223,104614,6.880000000004657,274,104618880	ID:1	[INFO: Metric    ] METRIC_RX type=REAL src=7 seq=8 send_ms=104223 recv_ms=104614 bytes=48
TX,REAL,4,,7,48,106305.0,105680,106305.0,,,,277,106305000	ID:4	[INFO: Metric    ] METRIC_TX type=REAL node=4 seq=7 bytes=48 time_ms=105680
RX,REAL,,4,7,48,106350.304,106346,106350.304,105680,106346,45.304000000003725,278,106350304	ID:1	[INFO: Metric    ] METRIC_RX type=REAL src=4 seq=7 send_ms=105680 recv_ms=106346 bytes=48
TX,REAL,5,,7,48,106566.0,105623,106566.0,,,,280,106566000	ID:5	[INFO: Metric    ] METRIC_TX type=REAL node=5 seq=7 bytes=48 time_ms=105623
TX,DUMMY,5,,2,48,106567.0,105624,106567.0,,,,281,106567000	ID:5	[INFO: Metric    ] METRIC_TX type=DUMMY node=5 seq=2 bytes=48 time_ms=105624
RX,REAL,,5,7,48,106590.304,106586,106590.304,105623,106586,24.304000000003725,282,106590304	ID:1	[INFO: Metric    ] METRIC_RX type=REAL src=5 seq=7 send_ms=105623 recv_ms=106586 bytes=48
RX,DUMMY,,5,2,48,106634.592,106630,106634.592,105624,106630,,284,106634592	ID:1	[INFO: Metric    ] METRIC_RX type=DUMMY src=5 seq=2 send_ms=105624 recv_ms=106630 bytes=48
TX,REAL,2,,9,48,110053.0,109575,110053.0,,,,286,110053000	ID:2	[INFO: Metric    ] METRIC_TX type=REAL node=2 seq=9 bytes=48 time_ms=109575
RX,REAL,,2,9,48,110058.88,110054,110058.88,109575,110054,5.880000000004657,287,110058880	ID:1	[INFO: Metric    ] METRIC_RX type=REAL src=2 seq=9 send_ms=109575 recv_ms=110054 bytes=48
TX,REAL,6,,9,48,110332.0,109398,110332.0,,,,289,110332000	ID:6	[INFO: Metric    ] METRIC_TX type=REAL node=6 seq=9 bytes=48 time_ms=109398
RX,REAL,,6,9,48,110365.88,110361,110365.88,109398,110361,33.88000000000466,290,110365880	ID:1	[INFO: Metric    ] METRIC_RX type=REAL src=6 seq=9 send_ms=109398 recv_ms=110361 bytes=48
TX,REAL,3,,7,48,112720.0,111780,112720.0,,,,292,112720000	ID:3	[INFO: Metric    ] METRIC_TX type=REAL node=3 seq=7 bytes=48 time_ms=111780
RX,REAL,,3,7,48,112753.168,112749,112753.168,111780,112749,33.16800000000512,293,112753168	ID:1	[INFO: Metric    ] METRIC_RX type=REAL src=3 seq=7 send_ms=111780 recv_ms=112749 bytes=48
TX,REAL,7,,9,48,114613.0,114224,114613.0,,,,295,114613000	ID:7	[INFO: Metric    ] METRIC_TX type=REAL node=7 seq=9 bytes=48 time_ms=114224
RX,REAL,,7,9,48,114638.88,114634,114638.88,114224,114634,25.880000000004657,296,114638880	ID:1	[INFO: Metric    ] METRIC_RX type=REAL src=7 seq=9 send_ms=114224 recv_ms=114634 bytes=48
TX,REAL,4,,8,48,115306.0,114681,115306.0,,,,298,115306000	ID:4	[INFO: Metric    ] METRIC_TX type=REAL node=4 seq=8 bytes=48 time_ms=114681
TX,DUMMY,4,,1,48,115307.0,114682,115307.0,,,,299,115307000	ID:4	[INFO: Metric    ] METRIC_TX type=DUMMY node=4 seq=1 bytes=48 time_ms=114682
RX,REAL,,4,8,48,115389.168,115385,115389.168,114681,115385,83.16800000000512,300,115389168	ID:1	[INFO: Metric    ] METRIC_RX type=REAL src=4 seq=8 send_ms=114681 recv_ms=115385 bytes=48
RX,DUMMY,,4,1,48,115407.168,115403,115407.168,114682,115403,,301,115407168	ID:1	[INFO: Metric    ] METRIC_RX type=DUMMY src=4 seq=1 send_ms=114682 recv_ms=115403 bytes=48
TX,REAL,5,,8,48,116568.0,115625,116568.0,,,,304,116568000	ID:5	[INFO: Metric    ] METRIC_TX type=REAL node=5 seq=8 bytes=48 time_ms=115625
TX,DUMMY,5,,3,48,116569.0,115626,116569.0,,,,305,116569000	ID:5	[INFO: Metric    ] METRIC_TX type=DUMMY node=5 seq=3 bytes=48 time_ms=115626
RX,REAL,,5,8,48,116702.168,116698,116702.168,115625,116698,134.16800000000512,306,116702168	ID:1	[INFO: Metric    ] METRIC_RX type=REAL src=5 seq=8 send_ms=115625 recv_ms=116698 bytes=48
RX,DUMMY,,5,3,48,116747.168,116743,116747.168,115626,116743,,309,116747168	ID:1	[INFO: Metric    ] METRIC_RX type=DUMMY src=5 seq=3 send_ms=115626 recv_ms=116743 bytes=48
TX,REAL,2,,10,48,119054.0,118576,119054.0,,,,313,119054000	ID:2	[INFO: Metric    ] METRIC_TX type=REAL node=2 seq=10 bytes=48 time_ms=118576
RX,REAL,,2,10,48,119059.88,119055,119059.88,118576,119055,5.880000000004657,314,119059880	ID:1	[INFO: Metric    ] METRIC_RX type=REAL src=2 seq=10 send_ms=118576 recv_ms=119055 bytes=48
TX,REAL,6,,10,48,120333.0,119399,120333.0,,,,318,120333000	ID:6	[INFO: Metric    ] METRIC_TX type=REAL node=6 seq=10 bytes=48 time_ms=119399
TX,DUMMY,6,,1,48,120334.0,119400,120334.0,,,,319,120334000	ID:6	[INFO: Metric    ] METRIC_TX type=DUMMY node=6 seq=1 bytes=48 time_ms=119400
RX,REAL,,6,10,48,120367.88,120363,120367.88,119399,120363,34.88000000000466,320,120367880	ID:1	[INFO: Metric    ] METRIC_RX type=REAL src=6 seq=10 send_ms=119399 recv_ms=120363 bytes=48
RX,DUMMY,,6,1,48,120394.88,120390,120394.88,119400,120390,,322,120394880	ID:1	[INFO: Metric    ] METRIC_RX type=DUMMY src=6 seq=1 send_ms=119400 recv_ms=120390 bytes=48
TX,REAL,3,,8,48,122721.0,121781,122721.0,,,,324,122721000	ID:3	[INFO: Metric    ] METRIC_TX type=REAL node=3 seq=8 bytes=48 time_ms=121781
TX,DUMMY,3,,3,48,122722.0,121782,122722.0,,,,325,122722000	ID:3	[INFO: Metric    ] METRIC_TX type=DUMMY node=3 seq=3 bytes=48 time_ms=121782
RX,REAL,,3,8,48,122788.168,122784,122788.168,121781,122784,67.16800000000512,326,122788168	ID:1	[INFO: Metric    ] METRIC_RX type=REAL src=3 seq=8 send_ms=121781 recv_ms=122784 bytes=48
RX,DUMMY,,3,3,48,122884.168,122880,122884.168,121782,122880,,328,122884168	ID:1	[INFO: Metric    ] METRIC_RX type=DUMMY src=3 seq=3 send_ms=121782 recv_ms=122880 bytes=48
TX,REAL,4,,9,48,124308.0,123683,124308.0,,,,330,124308000	ID:4	[INFO: Metric    ] METRIC_TX type=REAL node=4 seq=9 bytes=48 time_ms=123683
RX,REAL,,4,9,48,124339.304,124335,124339.304,123683,124335,31.304000000003725,331,124339304	ID:1	[INFO: Metric    ] METRIC_RX type=REAL src=4 seq=9 send_ms=123683 recv_ms=124335 bytes=48
TX,REAL,7,,10,48,124614.0,124225,124614.0,,,,335,124614000	ID:7	[INFO: Metric    ] METRIC_TX type=REAL node=7 seq=10 bytes=48 time_ms=124225
RX,REAL,,7,10,48,124656.88,124652,124656.88,124225,124652,42.88000000000466,336,124656880	ID:1	[INFO: Metric    ] METRIC_RX type=REAL src=7 seq=10 send_ms=124225 recv_ms=124652 bytes=48
TX,REAL,5,,9,48,126570.0,125627,126570.0,,,,338,126570000	ID:5	[INFO: Metric    ] METRIC_TX type=REAL node=5 seq=9 bytes=48 time_ms=125627
RX,REAL,,5,9,48,126620.168,126616,126620.168,125627,126616,50.16800000000512,339,126620168	ID:1	[INFO: Metric    ] METRIC_RX type=REAL src=5 seq=9 send_ms=125627 recv_ms=126616 bytes=48
TX,REAL,2,,11,48,129055.0,128577,129055.0,,,,341,129055000	ID:2	[INFO: Metric    ] METRIC_TX type=REAL node=2 seq=11 bytes=48 time_ms=128577
TX,DUMMY,2,,1,48,129056.0,128578,129056.0,,,,342,129056000	ID:2	[INFO: Metric    ] METRIC_TX type=DUMMY node=2 seq=1 bytes=48 time_ms=128578
RX,REAL,,2,11,48,129078.88,129074,129078.88,128577,129074,23.880000000004657,343,129078880	ID:1	[INFO: Metric    ] METRIC_RX type=REAL src=2 seq=11 send_ms=128577 recv_ms=129074 bytes=48
RX,DUMMY,,2,1,48,129094.88,129090,129094.88,128578,129090,,345,129094880	ID:1	[INFO: Metric    ] METRIC_RX type=DUMMY src=2 seq=1 send_ms=128578 recv_ms=129090 bytes=48
TX,REAL,6,,11,48,129335.0,128401,129335.0,,,,348,129335000	ID:6	[INFO: Metric    ] METRIC_TX type=REAL node=6 seq=11 bytes=48 time_ms=128401
RX,REAL,,6,11,48,129368.88,129364,129368.88,128401,129364,33.88000000000466,349,129368880	ID:1	[INFO: Metric    ] METRIC_RX type=REAL src=6 seq=11 send_ms=128401 recv_ms=129364 bytes=48
TX,REAL,3,,9,48,133723.0,132783,133723.0,,,,351,133723000	ID:3	[INFO: Metric    ] METRIC_TX type=REAL node=3 seq=9 bytes=48 time_ms=132783
TX,DUMMY,3,,4,48,133724.0,132784,133724.0,,,,352,133724000	ID:3	[INFO: Metric    ] METRIC_TX type=DUMMY node=3 seq=4 bytes=48 time_ms=132784
RX,REAL,,3,9,48,133807.168,133803,133807.168,132783,133803,84.16800000000512,353,133807168	ID:1	[INFO: Metric    ] METRIC_RX type=REAL src=3 seq=9 send_ms=132783 recv_ms=133803 bytes=48
RX,DUMMY,,3,4,48,133818.168,133814,133818.168,132784,133814,,354,133818168	ID:1	[INFO: Metric    ] METRIC_RX type=DUMMY src=3 seq=4 send_ms=132784 recv_ms=133814 bytes=48
TX,REAL,4,,10,48,134309.0,133684,134309.0,,,,359,134309000	ID:4	[INFO: Metric    ] METRIC_TX type=REAL node=4 seq=10 bytes=48 time_ms=133684
RX,REAL,,4,10,48,134379.168,134375,134379.168,133684,134375,70.16800000000512,360,134379168	ID:1	[INFO: Metric    ] METRIC_RX type=REAL src=4 seq=10 send_ms=133684 recv_ms=134375 bytes=48
TX,REAL,7,,11,48,134615.0,134226,134615.0,,,,362,134615000	ID:7	[INFO: Metric    ] METRIC_TX type=REAL node=7 seq=11 bytes=48 time_ms=134226
RX,REAL,,7,11,48,134651.88,134647,134651.88,134226,134647,36.88000000000466,363,134651880	ID:1	[INFO: Metric    ] METRIC_RX type=REAL src=7 seq=11 send_ms=134226 recv_ms=134647 bytes=48
TX,REAL,5,,10,48,136571.0,135628,136571.0,,,,367,136571000	ID:5	[INFO: Metric    ] METRIC_TX type=REAL node=5 seq=10 bytes=48 time_ms=135628
RX,REAL,,5,10,48,136605.168,136601,136605.168,135628,136601,34.16800000000512,368,136605168	ID:1	[INFO: Metric    ] METRIC_RX type=REAL src=5 seq=10 send_ms=135628 recv_ms=136601 bytes=48
TX,REAL,2,,12,48,139057.0,138579,139057.0,,,,370,139057000	ID:2	[INFO: Metric    ] METRIC_TX type=REAL node=2 seq=12 bytes=48 time_ms=138579
TX,DUMMY,2,,2,48,139058.0,138580,139058.0,,,,371,139058000	ID:2	[INFO: Metric    ] METRIC_TX type=DUMMY node=2 seq=2 bytes=48 time_ms=138580
RX,REAL,,2,12,48,139082.88,139078,139082.88,138579,139078,25.880000000004657,372,139082880	ID:1	[INFO: Metric    ] METRIC_RX type=REAL src=2 seq=12 send_ms=138579 recv_ms=139078 bytes=48
RX,DUMMY,,2,2,48,139124.88,139120,139124.88,138580,139120,,374,139124880	ID:1	[INFO: Metric    ] METRIC_RX type=DUMMY src=2 seq=2 send_ms=138580 recv_ms=139120 bytes=48
TX,REAL,6,,12,48,140336.0,139402,140336.0,,,,376,140336000	ID:6	[INFO: Metric    ] METRIC_TX type=REAL node=6 seq=12 bytes=48 time_ms=139402
RX,REAL,,6,12,48,140341.88,140337,140341.88,139402,140337,5.880000000004657,377,140341880	ID:1	[INFO: Metric    ] METRIC_RX type=REAL src=6 seq=12 send_ms=139402 recv_ms=140337 bytes=48
TX,REAL,4,,11,48,143310.0,142685,143310.0,,,,380,143310000	ID:4	[INFO: Metric    ] METRIC_TX type=REAL node=4 seq=11 bytes=48 time_ms=142685
RX,REAL,,4,11,48,143358.168,143354,143358.168,142685,143354,48.16800000000512,381,143358168	ID:1	[INFO: Metric    ] METRIC_RX type=REAL src=4 seq=11 send_ms=142685 recv_ms=143354 bytes=48
TX,REAL,7,,12,48,143616.0,143227,143616.0,,,,383,143616000	ID:7	[INFO: Metric    ] METRIC_TX type=REAL node=7 seq=12 bytes=48 time_ms=143227
RX,REAL,,7,12,48,143655.88,143651,143655.88,143227,143651,39.88000000000466,384,143655880	ID:1	[INFO: Metric    ] METRIC_RX type=REAL src=7 seq=12 send_ms=143227 recv_ms=143651 bytes=48
TX,REAL,3,,10,48,144725.0,143785,144725.0,,,,388,144725000	ID:3	[INFO: Metric    ] METRIC_TX type=REAL node=3 seq=10 bytes=48 time_ms=143785
RX,REAL,,3,10,48,144781.168,144777,144781.168,143785,144777,56.16800000000512,389,144781168	ID:1	[INFO: Metric    ] METRIC_RX type=REAL src=3 seq=10 send_ms=143785 recv_ms=144777 bytes=48
TX,REAL,5,,11,48,146572.0,145629,146572.0,,,,391,146572000	ID:5	[INFO: Metric    ] METRIC_TX type=REAL node=5 seq=11 bytes=48 time_ms=145629
RX,REAL,,5,11,48,146592.168,146588,146592.168,145629,146588,20.168000000005122,392,146592168	ID:1	[INFO: Metric    ] METRIC_RX type=REAL src=5 seq=11 send_ms=145629 recv_ms=146588 bytes=48
TX,REAL,2,,13,48,148059.0,147581,148059.0,,,,394,148059000	ID:2	[INFO: Metric    ] METRIC_TX type=REAL node=2 seq=13 bytes=48 time_ms=147581
TX,DUMMY,2,,3,48,148060.0,147582,148060.0,,,,395,148060000	ID:2	[INFO: Metric    ] METRIC_TX type=DUMMY node=2 seq=3 bytes=48 time_ms=147582
RX,REAL,,2,13,48,148102.88,148098,148102.88,147581,148098,43.88000000000466,396,148102880	ID:1	[INFO: Metric    ] METRIC_RX type=REAL src=2 seq=13 send_ms=147581 recv_ms=148098 bytes=48
RX,DUMMY,,2,3,48,148113.88,148109,148113.88,147582,148109,,397,148113880	ID:1	[INFO: Metric    ] METRIC_RX type=DUMMY src=2 seq=3 send_ms=147582 recv_ms=148109 bytes=48
TX,REAL,6,,13,48,150337.0,149403,150337.0,,,,400,150337000	ID:6	[INFO: Metric    ] METRIC_TX type=REAL node=6 seq=13 bytes=48 time_ms=149403
RX,REAL,,6,13,48,150348.88,150344,150348.88,149403,150344,11.880000000004657,401,150348880	ID:1	[INFO: Metric    ] METRIC_RX type=REAL src=6 seq=13 send_ms=149403 recv_ms=150344 bytes=48
TX,REAL,7,,13,48,152617.0,152228,152617.0,,,,403,152617000	ID:7	[INFO: Metric    ] METRIC_TX type=REAL node=7 seq=13 bytes=48 time_ms=152228
RX,REAL,,7,13,48,152650.88,152646,152650.88,152228,152646,33.88000000000466,404,152650880	ID:1	[INFO: Metric    ] METRIC_RX type=REAL src=7 seq=13 send_ms=152228 recv_ms=152646 bytes=48
TX,REAL,4,,12,48,153311.0,152686,153311.0,,,,406,153311000	ID:4	[INFO: Metric    ] METRIC_TX type=REAL node=4 seq=12 bytes=48 time_ms=152686
RX,REAL,,4,12,48,153369.168,153365,153369.168,152686,153365,58.16800000000512,407,153369168	ID:1	[INFO: Metric    ] METRIC_RX type=REAL src=4 seq=12 send_ms=152686 recv_ms=153365 bytes=48
TX,REAL,3,,11,48,153726.0,152786,153726.0,,,,409,153726000	ID:3	[INFO: Metric    ] METRIC_TX type=REAL node=3 seq=11 bytes=48 time_ms=152786
RX,REAL,,3,11,48,153786.168,153782,153786.168,152786,153782,60.16800000000512,410,153786168	ID:1	[INFO: Metric    ] METRIC_RX type=REAL src=3 seq=11 send_ms=152786 recv_ms=153782 bytes=48
TX,REAL,5,,12,48,157573.0,156630,157573.0,,,,413,157573000	ID:5	[INFO: Metric    ] METRIC_TX type=REAL node=5 seq=12 bytes=48 time_ms=156630
RX,REAL,,5,12,48,157612.168,157608,157612.168,156630,157608,39.16800000000512,414,157612168	ID:1	[INFO: Metric    ] METRIC_RX type=REAL src=5 seq=12 send_ms=156630 recv_ms=157608 bytes=48
TX,REAL,2,,14,48,158061.0,157583,158061.0,,,,416,158061000	ID:2	[INFO: Metric    ] METRIC_TX type=REAL node=2 seq=14 bytes=48 time_ms=157583
RX,REAL,,2,14,48,158088.88,158084,158088.88,157583,158084,27.880000000004657,417,158088880	ID:1	[INFO: Metric    ] METRIC_RX type=REAL src=2 seq=14 send_ms=157583 recv_ms=158084 bytes=48
TX,REAL,6,,14,48,160338.0,159404,160338.0,,,,419,160338000	ID:6	[INFO: Metric    ] METRIC_TX type=REAL node=6 seq=14 bytes=48 time_ms=159404
RX,REAL,,6,14,48,160376.88,160372,160376.88,159404,160372,38.88000000000466,420,160376880	ID:1	[INFO: Metric    ] METRIC_RX type=REAL src=6 seq=14 send_ms=159404 recv_ms=160372 bytes=48
TX,REAL,4,,13,48,162312.0,161687,162312.0,,,,422,162312000	ID:4	[INFO: Metric    ] METRIC_TX type=REAL node=4 seq=13 bytes=48 time_ms=161687
TX,DUMMY,4,,2,48,162313.0,161688,162313.0,,,,423,162313000	ID:4	[INFO: Metric    ] METRIC_TX type=DUMMY node=4 seq=2 bytes=48 time_ms=161688
RX,REAL,,4,13,48,162379.168,162375,162379.168,161687,162375,67.16800000000512,424,162379168	ID:1	[INFO: Metric    ] METRIC_RX type=REAL src=4 seq=13 send_ms=161687 recv_ms=162375 bytes=48
RX,DUMMY,,4,2,48,162425.168,162421,162425.168,161688,162421,,425,162425168	ID:1	[INFO: Metric    ] METRIC_RX type=DUMMY src=4 seq=2 send_ms=161688 recv_ms=162421 bytes=48
TX,REAL,7,,14,48,163618.0,163229,163618.0,,,,428,163618000	ID:7	[INFO: Metric    ] METRIC_TX type=REAL node=7 seq=14 bytes=48 time_ms=163229
TX,DUMMY,7,,4,48,163619.0,163230,163619.0,,,,429,163619000	ID:7	[INFO: Metric    ] METRIC_TX type=DUMMY node=7 seq=4 bytes=48 time_ms=163230
RX,REAL,,7,14,48,163625.88,163621,163625.88,163229,163621,7.880000000004657,430,163625880	ID:1	[INFO: Metric    ] METRIC_RX type=REAL src=7 seq=14 send_ms=163229 recv_ms=163621 bytes=48
RX,DUMMY,,7,4,48,163639.88,163635,163639.88,163230,163635,,431,163639880	ID:1	[INFO: Metric    ] METRIC_RX type=DUMMY src=7 seq=4 send_ms=163230 recv_ms=163635 bytes=48
TX,REAL,3,,12,48,164727.0,163787,164727.0,,,,434,164727000	ID:3	[INFO: Metric    ] METRIC_TX type=REAL node=3 seq=12 bytes=48 time_ms=163787
RX,REAL,,3,12,48,164805.168,164801,164805.168,163787,164801,78.16800000000512,435,164805168	ID:1	[INFO: Metric    ] METRIC_RX type=REAL src=3 seq=12 send_ms=163787 recv_ms=164801 bytes=48
TX,REAL,5,,13,48,166574.0,165631,166574.0,,,,437,166574000	ID:5	[INFO: Metric    ] METRIC_TX type=REAL node=5 seq=13 bytes=48 time_ms=165631
RX,REAL,,5,13,48,166619.168,166615,166619.168,165631,166615,45.16800000000512,438,166619168	ID:1	[INFO: Metric    ] METRIC_RX type=REAL src=5 seq=13 send_ms=165631 recv_ms=166615 bytes=48
TX,REAL,2,,15,48,167062.0,166584,167062.0,,,,440,167062000	ID:2	[INFO: Metric    ] METRIC_TX type=REAL node=2 seq=15 bytes=48 time_ms=166584
TX,DUMMY,2,,4,48,167063.0,166585,167063.0,,,,441,167063000	ID:2	[INFO: Metric    ] METRIC_TX type=DUMMY node=2 seq=4 bytes=48 time_ms=166585
RX,REAL,,2,15,48,167081.88,167077,167081.88,166584,167077,19.880000000004657,442,167081880	ID:1	[INFO: Metric    ] METRIC_RX type=REAL src=2 seq=15 send_ms=166584 recv_ms=167077 bytes=48
RX,DUMMY,,2,4,48,167119.88,167115,167119.88,166585,167115,,445,167119880	ID:1	[INFO: Metric    ] METRIC_RX type=DUMMY src=2 seq=4 send_ms=166585 recv_ms=167115 bytes=48
TX,REAL,6,,15,48,170339.0,169405,170339.0,,,,447,170339000	ID:6	[INFO: Metric    ] METRIC_TX type=REAL node=6 seq=15 bytes=48 time_ms=169405
RX,REAL,,6,15,48,170361.88,170357,170361.88,169405,170357,22.880000000004657,448,170361880	ID:1	[INFO: Metric    ] METRIC_RX type=REAL src=6 seq=15 send_ms=169405 recv_ms=170357 bytes=48
TX,REAL,4,,14,48,173314.0,172689,173314.0,,,,450,173314000	ID:4	[INFO: Metric    ] METRIC_TX type=REAL node=4 seq=14 bytes=48 time_ms=172689
RX,REAL,,4,14,48,173391.168,173387,173391.168,172689,173387,77.16800000000512,451,173391168	ID:1	[INFO: Metric    ] METRIC_RX type=REAL src=4 seq=14 send_ms=172689 recv_ms=173387 bytes=48
TX,REAL,7,,15,48,173620.0,173231,173620.0,,,,453,173620000	ID:7	[INFO: Metric    ] METRIC_TX type=REAL node=7 seq=15 bytes=48 time_ms=173231
RX,REAL,,7,15,48,173629.88,173625,173629.88,173231,173625,9.880000000004657,454,173629880	ID:1	[INFO: Metric    ] METRIC_RX type=REAL src=7 seq=15 send_ms=173231 recv_ms=173625 bytes=48
TX,REAL,3,,13,48,174728.0,173788,174728.0,,,,456,174728000	ID:3	[INFO: Metric    ] METRIC_TX type=REAL node=3 seq=13 bytes=48 time_ms=173788
TX,DUMMY,3,,5,48,174729.0,173789,174729.0,,,,457,174729000	ID:3	[INFO: Metric    ] METRIC_TX type=DUMMY node=3 seq=5 bytes=48 time_ms=173789
RX,REAL,,3,13,48,174780.168,174776,174780.168,173788,174776,52.16800000000512,458,174780168	ID:1	[INFO: Metric    ] METRIC_RX type=REAL src=3 seq=13 send_ms=173788 recv_ms=174776 bytes=48
RX,DUMMY,,3,5,48,174824.304,174820,174824.304,173789,174820,,459,174824304	ID:1	[INFO: Metric    ] METRIC_RX type=DUMMY src=3 seq=5 send_ms=173789 recv_ms=174820 bytes=48
TX,REAL,2,,16,48,176064.0,175586,176064.0,,,,462,176064000	ID:2	[INFO: Metric    ] METRIC_TX type=REAL node=2 seq=16 bytes=48 time_ms=175586
RX,REAL,,2,16,48,176079.88,176075,176079.88,175586,176075,15.880000000004657,463,176079880	ID:1	[INFO: Metric    ] METRIC_RX type=REAL src=2 seq=16 send_ms=175586 recv_ms=176075 bytes=48
TX,REAL,5,,14,48,177575.0,176632,177575.0,,,,465,177575000	ID:5	[INFO: Metric    ] METRIC_TX type=REAL node=5 seq=14 bytes=48 time_ms=176632
TX,DUMMY,5,,4,48,177576.0,176633,177576.0,,,,466,177576000	ID:5	[INFO: Metric    ] METRIC_TX type=DUMMY node=5 seq=4 bytes=48 time_ms=176633
RX,REAL,,5,14,48,177620.168,177616,177620.168,176632,177616,45.16800000000512,467,177620168	ID:1	[INFO: Metric    ] METRIC_RX type=REAL src=5 seq=14 send_ms=176632 recv_ms=177616 bytes=48
RX,DUMMY,,5,4,48,177643.304,177639,177643.304,176633,177639,,468,177643304	ID:1	[INFO: Metric    ] METRIC_RX type=DUMMY src=5 seq=4 send_ms=176633 recv_ms=177639 bytes=48
TX,REAL,6,,16,48,179340.0,178406,179340.0,,,,471,179340000	ID:6	[INFO: Metric    ] METRIC_TX type=REAL node=6 seq=16 bytes=48 time_ms=178406
TX,DUMMY,6,,2,48,179341.0,178407,179341.0,,,,472,179341000	ID:6	[INFO: Metric    ] METRIC_TX type=DUMMY node=6 seq=2 bytes=48 time_ms=178407
RX,REAL,,6,16,48,179350.88,179346,179350.88,178406,179346,10.880000000004657,473,179350880	ID:1	[INFO: Metric    ] METRIC_RX type=REAL src=6 seq=16 send_ms=178406 recv_ms=179346 bytes=48
RX,DUMMY,,6,2,48,179414.88,179410,179414.88,178407,179410,,476,179414880	ID:1	[INFO: Metric    ] METRIC_RX type=DUMMY src=6 seq=2 send_ms=178407 recv_ms=179410 bytes=48
TX,REAL,4,,15,48,183315.0,182690,183315.0,,,,478,183315000	ID:4	[INFO: Metric    ] METRIC_TX type=REAL node=4 seq=15 bytes=48 time_ms=182690
RX,REAL,,4,15,48,183374.168,183370,183374.168,182690,183370,59.16800000000512,479,183374168	ID:1	[INFO: Metric    ] METRIC_RX type=REAL src=4 seq=15 send_ms=182690 recv_ms=183370 bytes=48
TX,REAL,3,,14,48,183730.0,182790,183730.0,,,,481,183730000	ID:3	[INFO: Metric    ] METRIC_TX type=REAL node=3 seq=14 bytes=48 time_ms=182790
TX,DUMMY,3,,6,48,183731.0,182791,183731.0,,,,482,183731000	ID:3	[INFO: Metric    ] METRIC_TX type=DUMMY node=3 seq=6 bytes=48 time_ms=182791
RX,REAL,,3,14,48,183813.168,183809,183813.168,182790,183809,83.16800000000512,483,183813168	ID:1	[INFO: Metric    ] METRIC_RX type=REAL src=3 seq=14 send_ms=182790 recv_ms=183809 bytes=48
RX,DUMMY,,3,6,48,183852.168,183848,183852.168,182791,183848,,484,183852168	ID:1	[INFO: Metric    ] METRIC_RX type=DUMMY src=3 seq=6 send_ms=182791 recv_ms=183848 bytes=48
TX,REAL,7,,16,48,184621.0,184232,184621.0,,,,487,184621000	ID:7	[INFO: Metric    ] METRIC_TX type=REAL node=7 seq=16 bytes=48 time_ms=184232
RX,REAL,,7,16,48,184648.88,184644,184648.88,184232,184644,27.880000000004657,488,184648880	ID:1	[INFO: Metric    ] METRIC_RX type=REAL src=7 seq=16 send_ms=184232 recv_ms=184644 bytes=48
TX,REAL,2,,17,48,186065.0,185587,186065.0,,,,490,186065000	ID:2	[INFO: Metric    ] METRIC_TX type=REAL node=2 seq=17 bytes=48 time_ms=185587
RX,REAL,,2,17,48,186087.88,186083,186087.88,185587,186083,22.880000000004657,491,186087880	ID:1	[INFO: Metric    ] METRIC_RX type=REAL src=2 seq=17 send_ms=185587 recv_ms=186083 bytes=48
TX,REAL,5,,15,48,188577.0,187634,188577.0,,,,493,188577000	ID:5	[INFO: Metric    ] METRIC_TX type=REAL node=5 seq=15 bytes=48 time_ms=187634
TX,DUMMY,5,,5,48,188578.0,187635,188578.0,,,,494,188578000	ID:5	[INFO: Metric    ] METRIC_TX type=DUMMY node=5 seq=5 bytes=48 time_ms=187635
RX,REAL,,5,15,48,188635.304,188631,188635.304,187634,188631,58.304000000003725,495,188635304	ID:1	[INFO: Metric    ] METRIC_RX type=REAL src=5 seq=15 send_ms=187634 recv_ms=188631 bytes=48
RX,DUMMY,,5,5,48,188657.168,188653,188657.168,187635,188653,,496,188657168	ID:1	[INFO: Metric    ] METRIC_RX type=DUMMY src=5 seq=5 send_ms=187635 recv_ms=188653 bytes=48
TX,REAL,6,,17,48,190342.0,189408,190342.0,,,,499,190342000	ID:6	[INFO: Metric    ] METRIC_TX type=REAL node=6 seq=17 bytes=48 time_ms=189408
TX,DUMMY,6,,3,48,190343.0,189409,190343.0,,,,500,190343000	ID:6	[INFO: Metric    ] METRIC_TX type=DUMMY node=6 seq=3 bytes=48 time_ms=189409
RX,REAL,,6,17,48,190370.88,190366,190370.88,189408,190366,28.880000000004657,501,190370880	ID:1	[INFO: Metric    ] METRIC_RX type=REAL src=6 seq=17 send_ms=189408 recv_ms=190366 bytes=48
RX,DUMMY,,6,3,48,190376.88,190372,190376.88,189409,190372,,502,190376880	ID:1	[INFO: Metric    ] METRIC_RX type=DUMMY src=6 seq=3 send_ms=189409 recv_ms=190372 bytes=48
TX,REAL,4,,16,48,193316.0,192691,193316.0,,,,506,193316000	ID:4	[INFO: Metric    ] METRIC_TX type=REAL node=4 seq=16 bytes=48 time_ms=192691
RX,REAL,,4,16,48,193382.168,193378,193382.168,192691,193378,66.16800000000512,507,193382168	ID:1	[INFO: Metric    ] METRIC_RX type=REAL src=4 seq=16 send_ms=192691 recv_ms=193378 bytes=48
TX,REAL,3,,15,48,193732.0,192792,193732.0,,,,509,193732000	ID:3	[INFO: Metric    ] METRIC_TX type=REAL node=3 seq=15 bytes=48 time_ms=192792
RX,REAL,,3,15,48,193765.168,193761,193765.168,192792,193761,33.16800000000512,510,193765168	ID:1	[INFO: Metric    ] METRIC_RX type=REAL src=3 seq=15 send_ms=192792 recv_ms=193761 bytes=48
TX,REAL,7,,17,48,194622.0,194233,194622.0,,,,512,194622000	ID:7	[INFO: Metric    ] METRIC_TX type=REAL node=7 seq=17 bytes=48 time_ms=194233
RX,REAL,,7,17,48,194631.88,194627,194631.88,194233,194627,9.880000000004657,513,194631880	ID:1	[INFO: Metric    ] METRIC_RX type=REAL src=7 seq=17 send_ms=194233 recv_ms=194627 bytes=48
TX,REAL,2,,18,48,196066.0,195588,196066.0,,,,515,196066000	ID:2	[INFO: Metric    ] METRIC_TX type=REAL node=2 seq=18 bytes=48 time_ms=195588
RX,REAL,,2,18,48,196083.88,196079,196083.88,195588,196079,17.880000000004657,516,196083880	ID:1	[INFO: Metric    ] METRIC_RX type=REAL src=2 seq=18 send_ms=195588 recv_ms=196079 bytes=48
TX,REAL,5,,16,48,199579.0,198636,199579.0,,,,518,199579000	ID:5	[INFO: Metric    ] METRIC_TX type=REAL node=5 seq=16 bytes=48 time_ms=198636
RX,REAL,,5,16,48,199604.168,199600,199604.168,198636,199600,25.168000000005122,519,199604168	ID:1	[INFO: Metric    ] METRIC_RX type=REAL src=5 seq=16 send_ms=198636 recv_ms=199600 bytes=48
TX,REAL,6,,18,48,201344.0,200410,201344.0,,,,521,201344000	ID:6	[INFO: Metric    ] METRIC_TX type=REAL node=6 seq=18 bytes=48 time_ms=200410
RX,REAL,,6,18,48,201357.88,201353,201357.88,200410,201353,13.880000000004657,522,201357880	ID:1	[INFO: Metric    ] METRIC_RX type=REAL src=6 seq=18 send_ms=200410 recv_ms=201353 bytes=48
TX,REAL,4,,17,48,203317.0,202692,203317.0,,,,524,203317000	ID:4	[INFO: Metric    ] METRIC_TX type=REAL node=4 seq=17 bytes=48 time_ms=202692
RX,REAL,,4,17,48,203390.168,203386,203390.168,202692,203386,73.16800000000512,525,203390168	ID:1	[INFO: Metric    ] METRIC_RX type=REAL src=4 seq=17 send_ms=202692 recv_ms=203386 bytes=48
TX,REAL,7,,18,48,203623.0,203234,203623.0,,,,527,203623000	ID:7	[INFO: Metric    ] METRIC_TX type=REAL node=7 seq=18 bytes=48 time_ms=203234
RX,REAL,,7,18,48,203654.88,203650,203654.88,203234,203650,31.880000000004657,528,203654880	ID:1	[INFO: Metric    ] METRIC_RX type=REAL src=7 seq=18 send_ms=203234 recv_ms=203650 bytes=48
TX,REAL,3,,16,48,204733.0,203793,204733.0,,,,530,204733000	ID:3	[INFO: Metric    ] METRIC_TX type=REAL node=3 seq=16 bytes=48 time_ms=203793
RX,REAL,,3,16,48,204752.168,204748,204752.168,203793,204748,19.168000000005122,531,204752168	ID:1	[INFO: Metric    ] METRIC_RX type=REAL src=3 seq=16 send_ms=203793 recv_ms=204748 bytes=48
TX,REAL,2,,19,48,205067.0,204589,205067.0,,,,533,205067000	ID:2	[INFO: Metric    ] METRIC_TX type=REAL node=2 seq=19 bytes=48 time_ms=204589
RX,REAL,,2,19,48,205112.88,205108,205112.88,204589,205108,45.88000000000466,534,205112880	ID:1	[INFO: Metric    ] METRIC_RX type=REAL src=2 seq=19 send_ms=204589 recv_ms=205108 bytes=48
TX,REAL,5,,17,48,210580.0,209637,210580.0,,,,537,210580000	ID:5	[INFO: Metric    ] METRIC_TX type=REAL node=5 seq=17 bytes=48 time_ms=209637
RX,REAL,,5,17,48,210655.168,210651,210655.168,209637,210651,75.16800000000512,538,210655168	ID:1	[INFO: Metric    ] METRIC_RX type=REAL src=5 seq=17 send_ms=209637 recv_ms=210651 bytes=48
TX,REAL,6,,19,48,212345.0,211411,212345.0,,,,540,212345000	ID:6	[INFO: Metric    ] METRIC_TX type=REAL node=6 seq=19 bytes=48 time_ms=211411
RX,REAL,,6,19,48,212350.88,212346,212350.88,211411,212346,5.880000000004657,541,212350880	ID:1	[INFO: Metric    ] METRIC_RX type=REAL src=6 seq=19 send_ms=211411 recv_ms=212346 bytes=48
TX,REAL,7,,19,48,212624.0,212235,212624.0,,,,543,212624000	ID:7	[INFO: Metric    ] METRIC_TX type=REAL node=7 seq=19 bytes=48 time_ms=212235
RX,REAL,,7,19,48,212651.88,212647,212651.88,212235,212647,27.880000000004657,544,212651880	ID:1	[INFO: Metric    ] METRIC_RX type=REAL src=7 seq=19 send_ms=212235 recv_ms=212647 bytes=48
TX,REAL,4,,18,48,213318.0,212693,213318.0,,,,546,213318000	ID:4	[INFO: Metric    ] METRIC_TX type=REAL node=4 seq=18 bytes=48 time_ms=212693
RX,REAL,,4,18,48,213367.168,213363,213367.168,212693,213363,49.16800000000512,547,213367168	ID:1	[INFO: Metric    ] METRIC_RX type=REAL src=4 seq=18 send_ms=212693 recv_ms=213363 bytes=48
TX,REAL,3,,17,48,214734.0,213794,214734.0,,,,549,214734000	ID:3	[INFO: Metric    ] METRIC_TX type=REAL node=3 seq=17 bytes=48 time_ms=213794
RX,REAL,,3,17,48,214795.168,214791,214795.168,213794,214791,61.16800000000512,550,214795168	ID:1	[INFO: Metric    ] METRIC_RX type=REAL src=3 seq=17 send_ms=213794 recv_ms=214791 bytes=48
TX,REAL,2,,20,48,216068.0,215590,216068.0,,,,554,216068000	ID:2	[INFO: Metric    ] METRIC_TX type=REAL node=2 seq=20 bytes=48 time_ms=215590
TX,DUMMY,2,,5,48,216069.0,215591,216069.0,,,,555,216069000	ID:2	[INFO: Metric    ] METRIC_TX type=DUMMY node=2 seq=5 bytes=48 time_ms=215591
RX,REAL,,2,20,48,216100.88,216096,216100.88,215590,216096,32.88000000000466,556,216100880	ID:1	[INFO: Metric    ] METRIC_RX type=REAL src=2 seq=20 send_ms=215590 recv_ms=216096 bytes=48
RX,DUMMY,,2,5,48,216126.88,216122,216126.88,215591,216122,,557,216126880	ID:1	[INFO: Metric    ] METRIC_RX type=DUMMY src=2 seq=5 send_ms=215591 recv_ms=216122 bytes=48
TX,REAL,5,,18,48,219581.0,218638,219581.0,,,,560,219581000	ID:5	[INFO: Metric    ] METRIC_TX type=REAL node=5 seq=18 bytes=48 time_ms=218638
RX,REAL,,5,18,48,219622.168,219618,219622.168,218638,219618,41.16800000000512,561,219622168	ID:1	[INFO: Metric    ] METRIC_RX type=REAL src=5 seq=18 send_ms=218638 recv_ms=219618 bytes=48
TX,REAL,7,,20,48,221625.0,221236,221625.0,,,,565,221625000	ID:7	[INFO: Metric    ] METRIC_TX type=REAL node=7 seq=20 bytes=48 time_ms=221236
RX,REAL,,7,20,48,221652.88,221648,221652.88,221236,221648,27.880000000004657,566,221652880	ID:1	[INFO: Metric    ] METRIC_RX type=REAL src=7 seq=20 send_ms=221236 recv_ms=221648 bytes=48
TX,REAL,4,,19,48,222319.0,221694,222319.0,,,,568,222319000	ID:4	[INFO: Metric    ] METRIC_TX type=REAL node=4 seq=19 bytes=48 time_ms=221694
TX,DUMMY,4,,3,48,222320.0,221695,222320.0,,,,569,222320000	ID:4	[INFO: Metric    ] METRIC_TX type=DUMMY node=4 seq=3 bytes=48 time_ms=221695
TX,REAL,6,,20,48,222346.0,221412,222346.0,,,,572,222346000	ID:6	[INFO: Metric    ] METRIC_TX type=REAL node=6 seq=20 bytes=48 time_ms=221412
RX,REAL,,6,20,48,222422.88,222418,222422.88,221412,222418,76.88000000000466,573,222422880	ID:1	[INFO: Metric    ] METRIC_RX type=REAL src=6 seq=20 send_ms=221412 recv_ms=222418 bytes=48
RX,REAL,,4,19,48,222432.168,222428,222432.168,221694,222428,113.16800000000512,575,222432168	ID:1	[INFO: Metric    ] METRIC_RX type=REAL src=4 seq=19 send_ms=221694 recv_ms=222428 bytes=48
RX,DUMMY,,4,3,48,222455.168,222451,222455.168,221695,222451,,577,222455168	ID:1	[INFO: Metric    ] METRIC_RX type=DUMMY src=4 seq=3 send_ms=221695 recv_ms=222451 bytes=48
TX,REAL,3,,18,48,224735.0,223795,224735.0,,,,580,224735000	ID:3	[INFO: Metric    ] METRIC_TX type=REAL node=3 seq=18 bytes=48 time_ms=223795
RX,REAL,,3,18,48,224787.168,224783,224787.168,223795,224783,52.16800000000512,581,224787168	ID:1	[INFO: Metric    ] METRIC_RX type=REAL src=3 seq=18 send_ms=223795 recv_ms=224783 bytes=48
TX,REAL,2,,21,48,227070.0,226592,227070.0,,,,583,227070000	ID:2	[INFO: Metric    ] METRIC_TX type=REAL node=2 seq=21 bytes=48 time_ms=226592
RX,REAL,,2,21,48,227095.88,227091,227095.88,226592,227091,25.880000000004657,584,227095880	ID:1	[INFO: Metric    ] METRIC_RX type=REAL src=2 seq=21 send_ms=226592 recv_ms=227091 bytes=48
TX,REAL,5,,19,48,229582.0,228639,229582.0,,,,586,229582000	ID:5	[INFO: Metric    ] METRIC_TX type=REAL node=5 seq=19 bytes=48 time_ms=228639
RX,REAL,,5,19,48,229653.168,229649,229653.168,228639,229649,71.16800000000512,587,229653168	ID:1	[INFO: Metric    ] METRIC_RX type=REAL src=5 seq=19 send_ms=228639 recv_ms=229649 bytes=48
TX,REAL,7,,21,48,230626.0,230237,230626.0,,,,589,230626000	ID:7	[INFO: Metric    ] METRIC_TX type=REAL node=7 seq=21 bytes=48 time_ms=230237
RX,REAL,,7,21,48,230652.88,230648,230652.88,230237,230648,26.880000000004657,590,230652880	ID:1	[INFO: Metric    ] METRIC_RX type=REAL src=7 seq=21 send_ms=230237 recv_ms=230648 bytes=48
TX,REAL,4,,20,48,232321.0,231696,232321.0,,,,594,232321000	ID:4	[INFO: Metric    ] METRIC_TX type=REAL node=4 seq=20 bytes=48 time_ms=231696
RX,REAL,,4,20,48,232396.168,232392,232396.168,231696,232392,75.16800000000512,595,232396168	ID:1	[INFO: Metric    ] METRIC_RX type=REAL src=4 seq=20 send_ms=231696 recv_ms=232392 bytes=48
TX,REAL,6,,21,48,233347.0,232413,233347.0,,,,597,233347000	ID:6	[INFO: Metric    ] METRIC_TX type=REAL node=6 seq=21 bytes=48 time_ms=232413
TX,DUMMY,6,,4,48,233348.0,232414,233348.0,,,,598,233348000	ID:6	[INFO: Metric    ] METRIC_TX type=DUMMY node=6 seq=4 bytes=48 time_ms=232414
RX,REAL,,6,21,48,233365.88,233361,233365.88,232413,233361,18.880000000004657,599,233365880	ID:1	[INFO: Metric    ] METRIC_RX type=REAL src=6 seq=21 send_ms=232413 recv_ms=233361 bytes=48
RX,DUMMY,,6,4,48,233386.88,233382,233386.88,232414,233382,,601,233386880	ID:1	[INFO: Metric    ] METRIC_RX type=DUMMY src=6 seq=4 send_ms=232414 recv_ms=233382 bytes=48
TX,REAL,3,,19,48,233736.0,232796,233736.0,,,,603,233736000	ID:3	[INFO: Metric    ] METRIC_TX type=REAL node=3 seq=19 bytes=48 time_ms=232796
TX,DUMMY,3,,7,48,233737.0,232797,233737.0,,,,604,233737000	ID:3	[INFO: Metric    ] METRIC_TX type=DUMMY node=3 seq=7 bytes=48 time_ms=232797
RX,REAL,,3,19,48,233804.168,233800,233804.168,232796,233800,68.16800000000512,605,233804168	ID:1	[INFO: Metric    ] METRIC_RX type=REAL src=3 seq=19 send_ms=232796 recv_ms=233800 bytes=48
RX,DUMMY,,3,7,48,233840.168,233836,233840.168,232797,233836,,608,233840168	ID:1	[INFO: Metric    ] METRIC_RX type=DUMMY src=3 seq=7 send_ms=232797 recv_ms=233836 bytes=48
TX,REAL,2,,22,48,236071.0,235593,236071.0,,,,610,236071000	ID:2	[INFO: Metric    ] METRIC_TX type=REAL node=2 seq=22 bytes=48 time_ms=235593
RX,REAL,,2,22,48,236093.88,236089,236093.88,235593,236089,22.880000000004657,611,236093880	ID:1	[INFO: Metric    ] METRIC_RX type=REAL src=2 seq=22 send_ms=235593 recv_ms=236089 bytes=48
TX,REAL,5,,20,48,238583.0,237640,238583.0,,,,615,238583000	ID:5	[INFO: Metric    ] METRIC_TX type=REAL node=5 seq=20 bytes=48 time_ms=237640
RX,REAL,,5,20,48,238631.168,238627,238631.168,237640,238627,48.16800000000512,616,238631168	ID:1	[INFO: Metric    ] METRIC_RX type=REAL src=5 seq=20 send_ms=237640 recv_ms=238627 bytes=48
TX,REAL,4,,21,48,241322.0,240697,241322.0,,,,618,241322000	ID:4	[INFO: Metric    ] METRIC_TX type=REAL node=4 seq=21 bytes=48 time_ms=240697
RX,REAL,,4,21,48,241367.168,241363,241367.168,240697,241363,45.16800000000512,619,241367168	ID:1	[INFO: Metric    ] METRIC_RX type=REAL src=4 seq=21 send_ms=240697 recv_ms=241363 bytes=48
TX,REAL,7,,22,48,241627.0,241238,241627.0,,,,621,241627000	ID:7	[INFO: Metric    ] METRIC_TX type=REAL node=7 seq=22 bytes=48 time_ms=241238
RX,REAL,,7,22,48,241632.88,241628,241632.88,241238,241628,5.880000000004657,622,241632880	ID:1	[INFO: Metric    ] METRIC_RX type=REAL src=7 seq=22 send_ms=241238 recv_ms=241628 bytes=48
TX,REAL,6,,22,48,244349.0,243415,244349.0,,,,624,244349000	ID:6	[INFO: Metric    ] METRIC_TX type=REAL node=6 seq=22 bytes=48 time_ms=243415
RX,REAL,,6,22,48,244358.88,244354,244358.88,243415,244354,9.880000000004657,625,244358880	ID:1	[INFO: Metric    ] METRIC_RX type=REAL src=6 seq=22 send_ms=243415 recv_ms=244354 bytes=48
TX,REAL,3,,20,48,244738.0,243798,244738.0,,,,629,244738000	ID:3	[INFO: Metric    ] METRIC_TX type=REAL node=3 seq=20 bytes=48 time_ms=243798
RX,REAL,,3,20,48,244791.168,244787,244791.168,243798,244787,53.16800000000512,630,244791168	ID:1	[INFO: Metric    ] METRIC_RX type=REAL src=3 seq=20 send_ms=243798 recv_ms=244787 bytes=48
TX,REAL,2,,23,48,247072.0,246594,247072.0,,,,632,247072000	ID:2	[INFO: Metric    ] METRIC_TX type=REAL node=2 seq=23 bytes=48 time_ms=246594
RX,REAL,,2,23,48,247088.88,247084,247088.88,246594,247084,16.880000000004657,633,247088880	ID:1	[INFO: Metric    ] METRIC_RX type=REAL src=2 seq=23 send_ms=246594 recv_ms=247084 bytes=48
TX,REAL,5,,21,48,249584.0,248641,249584.0,,,,635,249584000	ID:5	[INFO: Metric    ] METRIC_TX type=REAL node=5 seq=21 bytes=48 time_ms=248641
RX,REAL,,5,21,48,249661.168,249657,249661.168,248641,249657,77.16800000000512,636,249661168	ID:1	[INFO: Metric    ] METRIC_RX type=REAL src=5 seq=21 send_ms=248641 recv_ms=249657 bytes=48
TX,REAL,4,,22,48,251323.0,250698,251323.0,,,,638,251323000	ID:4	[INFO: Metric    ] METRIC_TX type=REAL node=4 seq=22 bytes=48 time_ms=250698
RX,REAL,,4,22,48,251343.168,251339,251343.168,250698,251339,20.168000000005122,639,251343168	ID:1	[INFO: Metric    ] METRIC_RX type=REAL src=4 seq=22 send_ms=250698 recv_ms=251339 bytes=48
TX,REAL,7,,23,48,252628.0,252239,252628.0,,,,642,252628000	ID:7	[INFO: Metric    ] METRIC_TX type=REAL node=7 seq=23 bytes=48 time_ms=252239
TX,DUMMY,7,,5,48,252629.0,252240,252629.0,,,,643,252629000	ID:7	[INFO: Metric    ] METRIC_TX type=DUMMY node=7 seq=5 bytes=48 time_ms=252240
RX,REAL,,7,23,48,252656.88,252652,252656.88,252239,252652,28.880000000004657,644,252656880	ID:1	[INFO: Metric    ] METRIC_RX type=REAL src=7 seq=23 send_ms=252239 recv_ms=252652 bytes=48
RX,DUMMY,,7,5,48,252695.88,252691,252695.88,252240,252691,,646,252695880	ID:1	[INFO: Metric    ] METRIC_RX type=DUMMY src=7 seq=5 send_ms=252240 recv_ms=252691 bytes=48
TX,REAL,3,,21,48,254739.0,253799,254739.0,,,,648,254739000	ID:3	[INFO: Metric    ] METRIC_TX type=REAL node=3 seq=21 bytes=48 time_ms=253799
TX,DUMMY,3,,8,48,254740.0,253800,254740.0,,,,649,254740000	ID:3	[INFO: Metric    ] METRIC_TX type=DUMMY node=3 seq=8 bytes=48 time_ms=253800
RX,REAL,,3,21,48,254791.304,254787,254791.304,253799,254787,52.304000000003725,650,254791304	ID:1	[INFO: Metric    ] METRIC_RX type=REAL src=3 seq=21 send_ms=253799 recv_ms=254787 bytes=48
RX,DUMMY,,3,8,48,254830.168,254826,254830.168,253800,254826,,651,254830168	ID:1	[INFO: Metric    ] METRIC_RX type=DUMMY src=3 seq=8 send_ms=253800 recv_ms=254826 bytes=48
TX,REAL,6,,23,48,255350.0,254416,255350.0,,,,654,255350000	ID:6	[INFO: Metric    ] METRIC_TX type=REAL node=6 seq=23 bytes=48 time_ms=254416
RX,REAL,,6,23,48,255395.88,255391,255395.88,254416,255391,45.88000000000466,655,255395880	ID:1	[INFO: Metric    ] METRIC_RX type=REAL src=6 seq=23 send_ms=254416 recv_ms=255391 bytes=48
TX,REAL,2,,24,48,258073.0,257595,258073.0,,,,657,258073000	ID:2	[INFO: Metric    ] METRIC_TX type=REAL node=2 seq=24 bytes=48 time_ms=257595
RX,REAL,,2,24,48,258107.88,258103,258107.88,257595,258103,34.88000000000466,658,258107880	ID:1	[INFO: Metric    ] METRIC_RX type=REAL src=2 seq=24 send_ms=257595 recv_ms=258103 bytes=48
TX,REAL,5,,22,48,258585.0,257642,258585.0,,,,660,258585000	ID:5	[INFO: Metric    ] METRIC_TX type=REAL node=5 seq=22 bytes=48 time_ms=257642
RX,REAL,,5,22,48,258644.168,258640,258644.168,257642,258640,59.16800000000512,661,258644168	ID:1	[INFO: Metric    ] METRIC_RX type=REAL src=5 seq=22 send_ms=257642 recv_ms=258640 bytes=48
TX,REAL,4,,23,48,262324.0,261699,262324.0,,,,663,262324000	ID:4	[INFO: Metric    ] METRIC_TX type=REAL node=4 seq=23 bytes=48 time_ms=261699
RX,REAL,,4,23,48,262416.168,262412,262416.168,261699,262412,92.16800000000512,664,262416168	ID:1	[INFO: Metric    ] METRIC_RX type=REAL src=4 seq=23 send_ms=261699 recv_ms=262412 bytes=48
TX,REAL,7,,24,48,263630.0,263241,263630.0,,,,666,263630000	ID:7	[INFO: Metric    ] METRIC_TX type=REAL node=7 seq=24 bytes=48 time_ms=263241
RX,REAL,,7,24,48,263657.88,263653,263657.88,263241,263653,27.880000000004657,667,263657880	ID:1	[INFO: Metric    ] METRIC_RX type=REAL src=7 seq=24 send_ms=263241 recv_ms=263653 bytes=48
TX,REAL,6,,24,48,264351.0,263417,264351.0,,,,669,264351000	ID:6	[INFO: Metric    ] METRIC_TX type=REAL node=6 seq=24 bytes=48 time_ms=263417
RX,REAL,,6,24,48,264378.88,264374,264378.88,263417,264374,27.880000000004657,670,264378880	ID:1	[INFO: Metric    ] METRIC_RX type=REAL src=6 seq=24 send_ms=263417 recv_ms=264374 bytes=48
TX,REAL,3,,22,48,264741.0,263801,264741.0,,,,673,264741000	ID:3	[INFO: Metric    ] METRIC_TX type=REAL node=3 seq=22 bytes=48 time_ms=263801
RX,REAL,,3,22,48,264779.168,264775,264779.168,263801,264775,38.16800000000512,674,264779168	ID:1	[INFO: Metric    ] METRIC_RX type=REAL src=3 seq=22 send_ms=263801 recv_ms=264775 bytes=48
TX,REAL,2,,25,48,267074.0,266596,267074.0,,,,676,267074000	ID:2	[INFO: Metric    ] METRIC_TX type=REAL node=2 seq=25 bytes=48 time_ms=266596
RX,REAL,,2,25,48,267092.88,267088,267092.88,266596,267088,18.880000000004657,677,267092880	ID:1	[INFO: Metric    ] METRIC_RX type=REAL src=2 seq=25 send_ms=266596 recv_ms=267088 bytes=48
TX,REAL,5,,23,48,268586.0,267643,268586.0,,,,679,268586000	ID:5	[INFO: Metric    ] METRIC_TX type=REAL node=5 seq=23 bytes=48 time_ms=267643
RX,REAL,,5,23,48,268655.168,268651,268655.168,267643,268651,69.16800000000512,680,268655168	ID:1	[INFO: Metric    ] METRIC_RX type=REAL src=5 seq=23 send_ms=267643 recv_ms=268651 bytes=48
TX,REAL,4,,24,48,273325.0,272700,273325.0,,,,682,273325000	ID:4	[INFO: Metric    ] METRIC_TX type=REAL node=4 seq=24 bytes=48 time_ms=272700
TX,DUMMY,4,,4,48,273326.0,272701,273326.0,,,,683,273326000	ID:4	[INFO: Metric    ] METRIC_TX type=DUMMY node=4 seq=4 bytes=48 time_ms=272701
RX,REAL,,4,24,48,273424.168,273420,273424.168,272700,273420,99.16800000000512,684,273424168	ID:1	[INFO: Metric    ] METRIC_RX type=REAL src=4 seq=24 send_ms=272700 recv_ms=273420 bytes=48
RX,DUMMY,,4,4,48,273445.168,273441,273445.168,272701,273441,,685,273445168	ID:1	[INFO: Metric    ] METRIC_RX type=DUMMY src=4 seq=4 send_ms=272701 recv_ms=273441 bytes=48
TX,REAL,3,,23,48,273742.0,272802,273742.0,,,,688,273742000	ID:3	[INFO: Metric    ] METRIC_TX type=REAL node=3 seq=23 bytes=48 time_ms=272802
RX,REAL,,3,23,48,273819.168,273815,273819.168,272802,273815,77.16800000000512,689,273819168	ID:1	[INFO: Metric    ] METRIC_RX type=REAL src=3 seq=23 send_ms=272802 recv_ms=273815 bytes=48
TX,REAL,7,,25,48,274631.0,274242,274631.0,,,,691,274631000	ID:7	[INFO: Metric    ] METRIC_TX type=REAL node=7 seq=25 bytes=48 time_ms=274242
TX,DUMMY,7,,6,48,274632.0,274243,274632.0,,,,692,274632000	ID:7	[INFO: Metric    ] METRIC_TX type=DUMMY node=7 seq=6 bytes=48 time_ms=274243
RX,REAL,,7,25,48,274647.88,274643,274647.88,274242,274643,16.880000000004657,693,274647880	ID:1	[INFO: Metric    ] METRIC_RX type=REAL src=7 seq=25 send_ms=274242 recv_ms=274643 bytes=48
RX,DUMMY,,7,6,48,274732.88,274728,274732.88,274243,274728,,695,274732880	ID:1	[INFO: Metric    ] METRIC_RX type=DUMMY src=7 seq=6 send_ms=274243 recv_ms=274728 bytes=48
TX,REAL,6,,25,48,275352.0,274418,275352.0,,,,697,275352000	ID:6	[INFO: Metric    ] METRIC_TX type=REAL node=6 seq=25 bytes=48 time_ms=274418
RX,REAL,,6,25,48,275363.88,275359,275363.88,274418,275359,11.880000000004657,698,275363880	ID:1	[INFO: Metric    ] METRIC_RX type=REAL src=6 seq=25 send_ms=274418 recv_ms=275359 bytes=48
TX,REAL,2,,26,48,276075.0,275597,276075.0,,,,700,276075000	ID:2	[INFO: Metric    ] METRIC_TX type=REAL node=2 seq=26 bytes=48 time_ms=275597
RX,REAL,,2,26,48,276101.88,276097,276101.88,275597,276097,26.880000000004657,701,276101880	ID:1	[INFO: Metric    ] METRIC_RX type=REAL src=2 seq=26 send_ms=275597 recv_ms=276097 bytes=48
TX,REAL,5,,24,48,277587.0,276644,277587.0,,,,704,277587000	ID:5	[INFO: Metric    ] METRIC_TX type=REAL node=5 seq=24 bytes=48 time_ms=276644
RX,REAL,,5,24,48,277642.168,277638,277642.168,276644,277638,55.16800000000512,705,277642168	ID:1	[INFO: Metric    ] METRIC_RX type=REAL src=5 seq=24 send_ms=276644 recv_ms=277638 bytes=48
TX,REAL,4,,25,48,283327.0,282702,283327.0,,,,707,283327000	ID:4	[INFO: Metric    ] METRIC_TX type=REAL node=4 seq=25 bytes=48 time_ms=282702
RX,REAL,,4,25,48,283394.168,283390,283394.168,282702,283390,67.16800000000512,708,283394168	ID:1	[INFO: Metric    ] METRIC_RX type=REAL src=4 seq=25 send_ms=282702 recv_ms=283390 bytes=48
TX,REAL,7,,26,48,284633.0,284244,284633.0,,,,710,284633000	ID:7	[INFO: Metric    ] METRIC_TX type=REAL node=7 seq=26 bytes=48 time_ms=284244
RX,REAL,,7,26,48,284647.88,284643,284647.88,284244,284643,14.880000000004657,711,284647880	ID:1	[INFO: Metric    ] METRIC_RX type=REAL src=7 seq=26 send_ms=284244 recv_ms=284643 bytes=48
TX,REAL,3,,24,48,284743.0,283803,284743.0,,,,713,284743000	ID:3	[INFO: Metric    ] METRIC_TX type=REAL node=3 seq=24 bytes=48 time_ms=283803
TX,DUMMY,3,,9,48,284744.0,283804,284744.0,,,,714,284744000	ID:3	[INFO: Metric    ] METRIC_TX type=DUMMY node=3 seq=9 bytes=48 time_ms=283804
RX,REAL,,3,24,48,284783.168,284779,284783.168,283803,284779,40.16800000000512,715,284783168	ID:1	[INFO: Metric    ] METRIC_RX type=REAL src=3 seq=24 send_ms=283803 recv_ms=284779 bytes=48
RX,DUMMY,,3,9,48,284841.168,284837,284841.168,283804,284837,,717,284841168	ID:1	[INFO: Metric    ] METRIC_RX type=DUMMY src=3 seq=9 send_ms=283804 recv_ms=284837 bytes=48
TX,REAL,6,,26,48,285353.0,284419,285353.0,,,,719,285353000	ID:6	[INFO: Metric    ] METRIC_TX type=REAL node=6 seq=26 bytes=48 time_ms=284419
TX,DUMMY,6,,5,48,285354.0,284420,285354.0,,,,720,285354000	ID:6	[INFO: Metric    ] METRIC_TX type=DUMMY node=6 seq=5 bytes=48 time_ms=284420
RX,REAL,,6,26,48,285392.88,285388,285392.88,284419,285388,39.88000000000466,721,285392880	ID:1	[INFO: Metric    ] METRIC_RX type=REAL src=6 seq=26 send_ms=284419 recv_ms=285388 bytes=48
RX,DUMMY,,6,5,48,285429.88,285425,285429.88,284420,285425,,723,285429880	ID:1	[INFO: Metric    ] METRIC_RX type=DUMMY src=6 seq=5 send_ms=284420 recv_ms=285425 bytes=48
TX,REAL,2,,27,48,287076.0,286598,287076.0,,,,725,287076000	ID:2	[INFO: Metric    ] METRIC_TX type=REAL node=2 seq=27 bytes=48 time_ms=286598
RX,REAL,,2,27,48,287104.88,287100,287104.88,286598,287100,28.880000000004657,726,287104880	ID:1	[INFO: Metric    ] METRIC_RX type=REAL src=2 seq=27 send_ms=286598 recv_ms=287100 bytes=48
TX,REAL,5,,25,48,288588.0,287645,288588.0,,,,728,288588000	ID:5	[INFO: Metric    ] METRIC_TX type=REAL node=5 seq=25 bytes=48 time_ms=287645
RX,REAL,,5,25,48,288628.168,288624,288628.168,287645,288624,40.16800000000512,729,288628168	ID:1	[INFO: Metric    ] METRIC_RX type=REAL src=5 seq=25 send_ms=287645 recv_ms=288624 bytes=48
TX,REAL,3,,25,48,293745.0,292805,293745.0,,,,731,293745000	ID:3	[INFO: Metric    ] METRIC_TX type=REAL node=3 seq=25 bytes=48 time_ms=292805
RX,REAL,,3,25,48,293779.168,293775,293779.168,292805,293775,34.16800000000512,732,293779168	ID:1	[INFO: Metric    ] METRIC_RX type=REAL src=3 seq=25 send_ms=292805 recv_ms=293775 bytes=48
TX,REAL,4,,26,48,294328.0,293703,294328.0,,,,735,294328000	ID:4	[INFO: Metric    ] METRIC_TX type=REAL node=4 seq=26 bytes=48 time_ms=293703
TX,REAL,6,,27,48,294355.0,293421,294355.0,,,,736,294355000	ID:6	[INFO: Metric    ] METRIC_TX type=REAL node=6 seq=27 bytes=48 time_ms=293421
RX,REAL,,6,27,48,294375.88,294371,294375.88,293421,294371,20.880000000004657,737,294375880	ID:1	[INFO: Metric    ] METRIC_RX type=REAL src=6 seq=27 send_ms=293421 recv_ms=294371 bytes=48
RX,REAL,,4,26,48,294394.168,294390,294394.168,293703,294390,66.16800000000512,738,294394168	ID:1	[INFO: Metric    ] METRIC_RX type=REAL src=4 seq=26 send_ms=293703 recv_ms=294390 bytes=48
TX,REAL,7,,27,48,294634.0,294245,294634.0,,,,741,294634000	ID:7	[INFO: Metric    ] METRIC_TX type=REAL node=7 seq=27 bytes=48 time_ms=294245
RX,REAL,,7,27,48,294643.88,294639,294643.88,294245,294639,9.880000000004657,742,294643880	ID:1	[INFO: Metric    ] METRIC_RX type=REAL src=7 seq=27 send_ms=294245 recv_ms=294639 bytes=48
TX,REAL,2,,28,48,298077.0,297599,298077.0,,,,744,298077000	ID:2	[INFO: Metric    ] METRIC_TX type=REAL node=2 seq=28 bytes=48 time_ms=297599
TX,DUMMY,2,,6,48,298078.0,297600,298078.0,,,,745,298078000	ID:2	[INFO: Metric    ] METRIC_TX type=DUMMY node=2 seq=6 bytes=48 time_ms=297600
RX,REAL,,2,28,48,298113.88,298109,298113.88,297599,298109,36.88000000000466,746,298113880	ID:1	[INFO: Metric    ] METRIC_RX type=REAL src=2 seq=28 send_ms=297599 recv_ms=298109 bytes=48
RX,DUMMY,,2,6,48,298138.88,298134,298138.88,297600,298134,,747,298138880	ID:1	[INFO: Metric    ] METRIC_RX type=DUMMY src=2 seq=6 send_ms=297600 recv_ms=298134 bytes=48
TX,REAL,5,,26,48,299589.0,298646,299589.0,,,,750,299589000	ID:5	[INFO: Metric    ] METRIC_TX type=REAL node=5 seq=26 bytes=48 time_ms=298646
TX,DUMMY,5,,6,48,299590.0,298647,299590.0,,,,751,299590000	ID:5	[INFO: Metric    ] METRIC_TX type=DUMMY node=5 seq=6 bytes=48 time_ms=298647
RX,REAL,,5,26,48,299634.168,299630,299634.168,298646,299630,45.16800000000512,752,299634168	ID:1	[INFO: Metric    ] METRIC_RX type=REAL src=5 seq=26 send_ms=298646 recv_ms=299630 bytes=48
RX,DUMMY,,5,6,48,299666.168,299662,299666.168,298647,299662,,753,299666168	ID:1	[INFO: Metric    ] METRIC_RX type=DUMMY src=5 seq=6 send_ms=298647 recv_ms=299662 bytes=48
TX,REAL,7,,28,48,303635.0,303246,303635.0,,,,756,303635000	ID:7	[INFO: Metric    ] METRIC_TX type=REAL node=7 seq=28 bytes=48 time_ms=303246
RX,REAL,,7,28,48,303674.88,303670,303674.88,303246,303670,39.88000000000466,757,303674880	ID:1	[INFO: Metric    ] METRIC_RX type=REAL src=7 seq=28 send_ms=303246 recv_ms=303670 bytes=48
TX,REAL,3,,26,48,303746.0,302806,303746.0,,,,759,303746000	ID:3	[INFO: Metric    ] METRIC_TX type=REAL node=3 seq=26 bytes=48 time_ms=302806
RX,REAL,,3,26,48,303811.168,303807,303811.168,302806,303807,65.16800000000512,760,303811168	ID:1	[INFO: Metric    ] METRIC_RX type=REAL src=3 seq=26 send_ms=302806 recv_ms=303807 bytes=48
TX,REAL,4,,27,48,304329.0,303704,304329.0,,,,762,304329000	ID:4	[INFO: Metric    ] METRIC_TX type=REAL node=4 seq=27 bytes=48 time_ms=303704
TX,DUMMY,4,,5,48,304330.0,303705,304330.0,,,,763,304330000	ID:4	[INFO: Metric    ] METRIC_TX type=DUMMY node=4 seq=5 bytes=48 time_ms=303705
TX,REAL,6,,28,48,304356.0,303422,304356.0,,,,764,304356000	ID:6	[INFO: Metric    ] METRIC_TX type=REAL node=6 seq=28 bytes=48 time_ms=303422
RX,REAL,,6,28,48,304390.88,304386,304390.88,303422,304386,34.88000000000466,765,304390880	ID:1	[INFO: Metric    ] METRIC_RX type=REAL src=6 seq=28 send_ms=303422 recv_ms=304386 bytes=48
RX,REAL,,4,27,48,304408.168,304404,304408.168,303704,304404,79.16800000000512,767,304408168	ID:1	[INFO: Metric    ] METRIC_RX type=REAL src=4 seq=27 send_ms=303704 recv_ms=304404 bytes=48
RX,DUMMY,,4,5,48,304433.168,304429,304433.168,303705,304429,,769,304433168	ID:1	[INFO: Metric    ] METRIC_RX type=DUMMY src=4 seq=5 send_ms=303705 recv_ms=304429 bytes=48
TX,REAL,2,,29,48,309079.0,308601,309079.0,,,,772,309079000	ID:2	[INFO: Metric    ] METRIC_TX type=REAL node=2 seq=29 bytes=48 time_ms=308601
TX,DUMMY,2,,7,48,309080.0,308602,309080.0,,,,773,309080000	ID:2	[INFO: Metric    ] METRIC_TX type=DUMMY node=2 seq=7 bytes=48 time_ms=308602
RX,REAL,,2,29,48,309094.88,309090,309094.88,308601,309090,15.880000000004657,774,309094880	ID:1	[INFO: Metric    ] METRIC_RX type=REAL src=2 seq=29 send_ms=308601 recv_ms=309090 bytes=48
RX,DUMMY,,2,7,48,309121.76,309117,309121.76,308602,309117,,776,309121760	ID:1	[INFO: Metric    ] METRIC_RX type=DUMMY src=2 seq=7 send_ms=308602 recv_ms=309117 bytes=48
TX,REAL,5,,27,48,310591.0,309648,310591.0,,,,778,310591000	ID:5	[INFO: Metric    ] METRIC_TX type=REAL node=5 seq=27 bytes=48 time_ms=309648
RX,REAL,,5,27,48,310637.168,310633,310637.168,309648,310633,46.16800000000512,779,310637168	ID:1	[INFO: Metric    ] METRIC_RX type=REAL src=5 seq=27 send_ms=309648 recv_ms=310633 bytes=48
TX,REAL,7,,29,48,312636.0,312247,312636.0,,,,781,312636000	ID:7	[INFO: Metric    ] METRIC_TX type=REAL node=7 seq=29 bytes=48 time_ms=312247
RX,REAL,,7,29,48,312670.88,312666,312670.88,312247,312666,34.88000000000466,782,312670880	ID:1	[INFO: Metric    ] METRIC_RX type=REAL src=7 seq=29 send_ms=312247 recv_ms=312666 bytes=48
TX,REAL,4,,28,48,314331.0,313706,314331.0,,,,784,314331000	ID:4	[INFO: Metric    ] METRIC_TX type=REAL node=4 seq=28 bytes=48 time_ms=313706
TX,REAL,6,,29,48,314357.0,313423,314357.0,,,,785,314357000	ID:6	[INFO: Metric    ] METRIC_TX type=REAL node=6 seq=29 bytes=48 time_ms=313423
RX,REAL,,4,28,48,314379.168,314375,314379.168,313706,314375,48.16800000000512,786,314379168	ID:1	[INFO: Metric    ] METRIC_RX type=REAL src=4 seq=28 send_ms=313706 recv_ms=314375 bytes=48
RX,REAL,,6,29,48,314440.88,314436,314440.88,313423,314436,83.88000000000466,787,314440880	ID:1	[INFO: Metric    ] METRIC_RX type=REAL src=6 seq=29 send_ms=313423 recv_ms=314436 bytes=48
TX,REAL,3,,27,48,314747.0,313807,314747.0,,,,790,314747000	ID:3	[INFO: Metric    ] METRIC_TX type=REAL node=3 seq=27 bytes=48 time_ms=313807
RX,REAL,,3,27,48,314794.168,314790,314794.168,313807,314790,47.16800000000512,791,314794168	ID:1	[INFO: Metric    ] METRIC_RX type=REAL src=3 seq=27 send_ms=313807 recv_ms=314790 bytes=48
TX,REAL,2,,30,48,318081.0,317603,318081.0,,,,795,318081000	ID:2	[INFO: Metric    ] METRIC_TX type=REAL node=2 seq=30 bytes=48 time_ms=317603
RX,REAL,,2,30,48,318123.88,318119,318123.88,317603,318119,42.88000000000466,796,318123880	ID:1	[INFO: Metric    ] METRIC_RX type=REAL src=2 seq=30 send_ms=317603 recv_ms=318119 bytes=48
TX,REAL,5,,28,48,321592.0,320649,321592.0,,,,799,321592000	ID:5	[INFO: Metric    ] METRIC_TX type=REAL node=5 seq=28 bytes=48 time_ms=320649
RX,REAL,,5,28,48,321616.168,321612,321616.168,320649,321612,24.168000000005122,800,321616168	ID:1	[INFO: Metric    ] METRIC_RX type=REAL src=5 seq=28 send_ms=320649 recv_ms=321612 bytes=48
TX,REAL,4,,29,48,323332.0,322707,323332.0,,,,802,323332000	ID:4	[INFO: Metric    ] METRIC_TX type=REAL node=4 seq=29 bytes=48 time_ms=322707
RX,REAL,,4,29,48,323364.168,323360,323364.168,322707,323360,32.16800000000512,803,323364168	ID:1	[INFO: Metric    ] METRIC_RX type=REAL src=4 seq=29 send_ms=322707 recv_ms=323360 bytes=48
TX,REAL,7,,30,48,323637.0,323248,323637.0,,,,807,323637000	ID:7	[INFO: Metric    ] METRIC_TX type=REAL node=7 seq=30 bytes=48 time_ms=323248
RX,REAL,,7,30,48,323663.88,323659,323663.88,323248,323659,26.880000000004657,808,323663880	ID:1	[INFO: Metric    ] METRIC_RX type=REAL src=7 seq=30 send_ms=323248 recv_ms=323659 bytes=48
TX,REAL,3,,28,48,324748.0,323808,324748.0,,,,810,324748000	ID:3	[INFO: Metric    ] METRIC_TX type=REAL node=3 seq=28 bytes=48 time_ms=323808
RX,REAL,,3,28,48,324824.168,324820,324824.168,323808,324820,76.16800000000512,811,324824168	ID:1	[INFO: Metric    ] METRIC_RX type=REAL src=3 seq=28 send_ms=323808 recv_ms=324820 bytes=48
TX,REAL,6,,30,48,325358.0,324424,325358.0,,,,815,325358000	ID:6	[INFO: Metric    ] METRIC_TX type=REAL node=6 seq=30 bytes=48 time_ms=324424
RX,REAL,,6,30,48,325379.88,325375,325379.88,324424,325375,21.880000000004657,816,325379880	ID:1	[INFO: Metric    ] METRIC_RX type=REAL src=6 seq=30 send_ms=324424 recv_ms=325375 bytes=48
TX,REAL,2,,31,48,327082.0,326604,327082.0,,,,818,327082000	ID:2	[INFO: Metric    ] METRIC_TX type=REAL node=2 seq=31 bytes=48 time_ms=326604
RX,REAL,,2,31,48,327103.88,327099,327103.88,326604,327099,21.880000000004657,819,327103880	ID:1	[INFO: Metric    ] METRIC_RX type=REAL src=2 seq=31 send_ms=326604 recv_ms=327099 bytes=48
TX,REAL,5,,29,48,331593.0,330650,331593.0,,,,821,331593000	ID:5	[INFO: Metric    ] METRIC_TX type=REAL node=5 seq=29 bytes=48 time_ms=330650
RX,REAL,,5,29,48,331623.168,331619,331623.168,330650,331619,30.168000000005122,822,331623168	ID:1	[INFO: Metric    ] METRIC_RX type=REAL src=5 seq=29 send_ms=330650 recv_ms=331619 bytes=48
TX,REAL,7,,31,48,332638.0,332249,332638.0,,,,824,332638000	ID:7	[INFO: Metric    ] METRIC_TX type=REAL node=7 seq=31 bytes=48 time_ms=332249
RX,REAL,,7,31,48,332652.88,332648,332652.88,332249,332648,14.880000000004657,825,332652880	ID:1	[INFO: Metric    ] METRIC_RX type=REAL src=7 seq=31 send_ms=332249 recv_ms=332648 bytes=48
TX,REAL,4,,30,48,334333.0,333708,334333.0,,,,829,334333000	ID:4	[INFO: Metric    ] METRIC_TX type=REAL node=4 seq=30 bytes=48 time_ms=333708
TX,DUMMY,4,,6,48,334334.0,333709,334334.0,,,,830,334334000	ID:4	[INFO: Metric    ] METRIC_TX type=DUMMY node=4 seq=6 bytes=48 time_ms=333709
RX,REAL,,4,30,48,334414.168,334410,334414.168,333708,334410,81.16800000000512,831,334414168	ID:1	[INFO: Metric    ] METRIC_RX type=REAL src=4 seq=30 send_ms=333708 recv_ms=334410 bytes=48
RX,DUMMY,,4,6,48,334452.592,334448,334452.592,333709,334448,,833,334452592	ID:1	[INFO: Metric    ] METRIC_RX type=DUMMY src=4 seq=6 send_ms=333709 recv_ms=334448 bytes=48
TX,REAL,3,,29,48,334749.0,333809,334749.0,,,,836,334749000	ID:3	[INFO: Metric    ] METRIC_TX type=REAL node=3 seq=29 bytes=48 time_ms=333809
RX,REAL,,3,29,48,334817.168,334813,334817.168,333809,334813,68.16800000000512,837,334817168	ID:1	[INFO: Metric    ] METRIC_RX type=REAL src=3 seq=29 send_ms=333809 recv_ms=334813 bytes=48
TX,REAL,6,,31,48,335359.0,334425,335359.0,,,,839,335359000	ID:6	[INFO: Metric    ] METRIC_TX type=REAL node=6 seq=31 bytes=48 time_ms=334425
RX,REAL,,6,31,48,335376.88,335372,335376.88,334425,335372,17.880000000004657,840,335376880	ID:1	[INFO: Metric    ] METRIC_RX type=REAL src=6 seq=31 send_ms=334425 recv_ms=335372 bytes=48
TX,REAL,2,,32,48,337083.0,336605,337083.0,,,,842,337083000	ID:2	[INFO: Metric    ] METRIC_TX type=REAL node=2 seq=32 bytes=48 time_ms=336605
RX,REAL,,2,32,48,337102.88,337098,337102.88,336605,337098,19.880000000004657,843,337102880	ID:1	[INFO: Metric    ] METRIC_RX type=REAL src=2 seq=32 send_ms=336605 recv_ms=337098 bytes=48
TX,REAL,5,,30,48,341594.0,340651,341594.0,,,,847,341594000	ID:5	[INFO: Metric    ] METRIC_TX type=REAL node=5 seq=30 bytes=48 time_ms=340651
TX,REAL,7,,32,48,341639.0,341250,341639.0,,,,848,341639000	ID:7	[INFO: Metric    ] METRIC_TX type=REAL node=7 seq=32 bytes=48 time_ms=341250
RX,REAL,,7,32,48,341646.88,341642,341646.88,341250,341642,7.880000000004657,849,341646880	ID:1	[INFO: Metric    ] METRIC_RX type=REAL src=7 seq=32 send_ms=341250 recv_ms=341642 bytes=48
RX,REAL,,5,30,48,341666.168,341662,341666.168,340651,341662,72.16800000000512,851,341666168	ID:1	[INFO: Metric    ] METRIC_RX type=REAL src=5 seq=30 send_ms=340651 recv_ms=341662 bytes=48
TX,REAL,4,,31,48,343335.0,342710,343335.0,,,,853,343335000	ID:4	[INFO: Metric    ] METRIC_TX type=REAL node=4 seq=31 bytes=48 time_ms=342710
RX,REAL,,4,31,48,343399.168,343395,343399.168,342710,343395,64.16800000000512,854,343399168	ID:1	[INFO: Metric    ] METRIC_RX type=REAL src=4 seq=31 send_ms=342710 recv_ms=343395 bytes=48
TX,REAL,6,,32,48,344360.0,343426,344360.0,,,,856,344360000	ID:6	[INFO: Metric    ] METRIC_TX type=REAL node=6 seq=32 bytes=48 time_ms=343426
RX,REAL,,6,32,48,344394.88,344390,344394.88,343426,344390,34.88000000000466,857,344394880	ID:1	[INFO: Metric    ] METRIC_RX type=REAL src=6 seq=32 send_ms=343426 recv_ms=344390 bytes=48
TX,REAL,3,,30,48,345750.0,344810,345750.0,,,,861,345750000	ID:3	[INFO: Metric    ] METRIC_TX type=REAL node=3 seq=30 bytes=48 time_ms=344810
RX,REAL,,3,30,48,345790.304,345786,345790.304,344810,345786,40.304000000003725,862,345790304	ID:1	[INFO: Metric    ] METRIC_RX type=REAL src=3 seq=30 send_ms=344810 recv_ms=345786 bytes=48
TX,REAL,2,,33,48,346084.0,345606,346084.0,,,,864,346084000	ID:2	[INFO: Metric    ] METRIC_TX type=REAL node=2 seq=33 bytes=48 time_ms=345606
TX,DUMMY,2,,8,48,346085.0,345607,346085.0,,,,865,346085000	ID:2	[INFO: Metric    ] METRIC_TX type=DUMMY node=2 seq=8 bytes=48 time_ms=345607
RX,REAL,,2,33,48,346090.88,346086,346090.88,345606,346086,6.880000000004657,866,346090880	ID:1	[INFO: Metric    ] METRIC_RX type=REAL src=2 seq=33 send_ms=345606 recv_ms=346086 bytes=48
RX,DUMMY,,2,8,48,346119.88,346115,346119.88,345607,346115,,867,346119880	ID:1	[INFO: Metric    ] METRIC_RX type=DUMMY src=2 seq=8 send_ms=345607 recv_ms=346115 bytes=48
TX,REAL,5,,31,48,350595.0,349652,350595.0,,,,871,350595000	ID:5	[INFO: Metric    ] METRIC_TX type=REAL node=5 seq=31 bytes=48 time_ms=349652
RX,REAL,,5,31,48,350656.168,350652,350656.168,349652,350652,61.16800000000512,872,350656168	ID:1	[INFO: Metric    ] METRIC_RX type=REAL src=5 seq=31 send_ms=349652 recv_ms=350652 bytes=48
TX,REAL,7,,33,48,352640.0,352251,352640.0,,,,874,352640000	ID:7	[INFO: Metric    ] METRIC_TX type=REAL node=7 seq=33 bytes=48 time_ms=352251
TX,DUMMY,7,,7,48,352641.0,352252,352641.0,,,,875,352641000	ID:7	[INFO: Metric    ] METRIC_TX type=DUMMY node=7 seq=7 bytes=48 time_ms=352252
RX,REAL,,7,33,48,352675.88,352671,352675.88,352251,352671,35.88000000000466,876,352675880	ID:1	[INFO: Metric    ] METRIC_RX type=REAL src=7 seq=33 send_ms=352251 recv_ms=352671 bytes=48
RX,DUMMY,,7,7,48,352703.88,352699,352703.88,352252,352699,,877,352703880	ID:1	[INFO: Metric    ] METRIC_RX type=DUMMY src=7 seq=7 send_ms=352252 recv_ms=352699 bytes=48
TX,REAL,4,,32,48,353336.0,352711,353336.0,,,,880,353336000	ID:4	[INFO: Metric    ] METRIC_TX type=REAL node=4 seq=32 bytes=48 time_ms=352711
RX,REAL,,4,32,48,353358.168,353354,353358.168,352711,353354,22.168000000005122,881,353358168	ID:1	[INFO: Metric    ] METRIC_RX type=REAL src=4 seq=32 send_ms=352711 recv_ms=353354 bytes=48
TX,REAL,6,,33,48,355361.0,354427,355361.0,,,,883,355361000	ID:6	[INFO: Metric    ] METRIC_TX type=REAL node=6 seq=33 bytes=48 time_ms=354427
RX,REAL,,6,33,48,355380.88,355376,355380.88,354427,355376,19.880000000004657,884,355380880	ID:1	[INFO: Metric    ] METRIC_RX type=REAL src=6 seq=33 send_ms=354427 recv_ms=355376 bytes=48
TX,REAL,3,,31,48,355751.0,354811,355751.0,,,,886,355751000	ID:3	[INFO: Metric    ] METRIC_TX type=REAL node=3 seq=31 bytes=48 time_ms=354811
RX,REAL,,3,31,48,355800.168,355796,355800.168,354811,355796,49.16800000000512,887,355800168	ID:1	[INFO: Metric    ] METRIC_RX type=REAL src=3 seq=31 send_ms=354811 recv_ms=355796 bytes=48
TX,REAL,2,,34,48,357086.0,356608,357086.0,,,,889,357086000	ID:2	[INFO: Metric    ] METRIC_TX type=REAL node=2 seq=34 bytes=48 time_ms=356608
RX,REAL,,2,34,48,357102.88,357098,357102.88,356608,357098,16.880000000004657,890,357102880	ID:1	[INFO: Metric    ] METRIC_RX type=REAL src=2 seq=34 send_ms=356608 recv_ms=357098 bytes=48
TX,REAL,5,,32,48,359596.0,358653,359596.0,,,,892,359596000	ID:5	[INFO: Metric    ] METRIC_TX type=REAL node=5 seq=32 bytes=48 time_ms=358653
RX,REAL,,5,32,48,359652.168,359648,359652.168,358653,359648,56.16800000000512,893,359652168	ID:1	[INFO: Metric    ] METRIC_RX type=REAL src=5 seq=32 send_ms=358653 recv_ms=359648 bytes=48
TX,REAL,4,,33,48,362337.0,361712,362337.0,,,,895,362337000	ID:4	[INFO: Metric    ] METRIC_TX type=REAL node=4 seq=33 bytes=48 time_ms=361712
RX,REAL,,4,33,48,362400.168,362396,362400.168,361712,362396,63.16800000000512,896,362400168	ID:1	[INFO: Metric    ] METRIC_RX type=REAL src=4 seq=33 send_ms=361712 recv_ms=362396 bytes=48
TX,REAL,7,,34,48,363642.0,363253,363642.0,,,,898,363642000	ID:7	[INFO: Metric    ] METRIC_TX type=REAL node=7 seq=34 bytes=48 time_ms=363253
TX,DUMMY,7,,8,48,363643.0,363254,363643.0,,,,899,363643000	ID:7	[INFO: Metric    ] METRIC_TX type=DUMMY node=7 seq=8 bytes=48 time_ms=363254
RX,REAL,,7,34,48,363671.88,363667,363671.88,363253,363667,29.880000000004657,900,363671880	ID:1	[INFO: Metric    ] METRIC_RX type=REAL src=7 seq=34 send_ms=363253 recv_ms=363667 bytes=48
RX,DUMMY,,7,8,48,363768.88,363764,363768.88,363254,363764,,903,363768880	ID:1	[INFO: Metric    ] METRIC_RX type=DUMMY src=7 seq=8 send_ms=363254 recv_ms=363764 bytes=48
TX,REAL,6,,34,48,365362.0,364428,365362.0,,,,905,365362000	ID:6	[INFO: Metric    ] METRIC_TX type=REAL node=6 seq=34 bytes=48 time_ms=364428
RX,REAL,,6,34,48,365379.88,365375,365379.88,364428,365375,17.880000000004657,906,365379880	ID:1	[INFO: Metric    ] METRIC_RX type=REAL src=6 seq=34 send_ms=364428 recv_ms=365375 bytes=48
TX,REAL,2,,35,48,366087.0,365609,366087.0,,,,908,366087000	ID:2	[INFO: Metric    ] METRIC_TX type=REAL node=2 seq=35 bytes=48 time_ms=365609
RX,REAL,,2,35,48,366118.88,366114,366118.88,365609,366114,31.880000000004657,909,366118880	ID:1	[INFO: Metric    ] METRIC_RX type=REAL src=2 seq=35 send_ms=365609 recv_ms=366114 bytes=48
TX,REAL,3,,32,48,366752.0,365812,366752.0,,,,911,366752000	ID:3	[INFO: Metric    ] METRIC_TX type=REAL node=3 seq=32 bytes=48 time_ms=365812
RX,REAL,,3,32,48,366807.168,366803,366807.168,365812,366803,55.16800000000512,912,366807168	ID:1	[INFO: Metric    ] METRIC_RX type=REAL src=3 seq=32 send_ms=365812 recv_ms=366803 bytes=48
TX,REAL,5,,33,48,369597.0,368654,369597.0,,,,914,369597000	ID:5	[INFO: Metric    ] METRIC_TX type=REAL node=5 seq=33 bytes=48 time_ms=368654
RX,REAL,,5,33,48,369612.168,369608,369612.168,368654,369608,15.168000000005122,915,369612168	ID:1	[INFO: Metric    ] METRIC_RX type=REAL src=5 seq=33 send_ms=368654 recv_ms=369608 bytes=48
TX,REAL,4,,34,48,371338.0,370713,371338.0,,,,917,371338000	ID:4	[INFO: Metric    ] METRIC_TX type=REAL node=4 seq=34 bytes=48 time_ms=370713
TX,DUMMY,4,,7,48,371339.0,370714,371339.0,,,,918,371339000	ID:4	[INFO: Metric    ] METRIC_TX type=DUMMY node=4 seq=7 bytes=48 time_ms=370714
RX,REAL,,4,34,48,371413.168,371409,371413.168,370713,371409,75.16800000000512,919,371413168	ID:1	[INFO: Metric    ] METRIC_RX type=REAL src=4 seq=34 send_ms=370713 recv_ms=371409 bytes=48
RX,DUMMY,,4,7,48,371464.304,371460,371464.304,370714,371460,,920,371464304	ID:1	[INFO: Metric    ] METRIC_RX type=DUMMY src=4 seq=7 send_ms=370714 recv_ms=371460 bytes=48
TX,REAL,6,,35,48,374363.0,373429,374363.0,,,,923,374363000	ID:6	[INFO: Metric    ] METRIC_TX type=REAL node=6 seq=35 bytes=48 time_ms=373429
TX,DUMMY,6,,6,48,374364.0,373430,374364.0,,,,924,374364000	ID:6	[INFO: Metric    ] METRIC_TX type=DUMMY node=6 seq=6 bytes=48 time_ms=373430
RX,REAL,,6,35,48,374383.88,374379,374383.88,373429,374379,20.880000000004657,925,374383880	ID:1	[INFO: Metric    ] METRIC_RX type=REAL src=6 seq=35 send_ms=373429 recv_ms=374379 bytes=48
RX,DUMMY,,6,6,48,374414.76,374410,374414.76,373430,374410,,927,374414760	ID:1	[INFO: Metric    ] METRIC_RX type=DUMMY src=6 seq=6 send_ms=373430 recv_ms=374410 bytes=48
TX,REAL,7,,35,48,374644.0,374255,374644.0,,,,929,374644000	ID:7	[INFO: Metric    ] METRIC_TX type=REAL node=7 seq=35 bytes=48 time_ms=374255
RX,REAL,,7,35,48,374664.88,374660,374664.88,374255,374660,20.880000000004657,930,374664880	ID:1	[INFO: Metric    ] METRIC_RX type=REAL src=7 seq=35 send_ms=374255 recv_ms=374660 bytes=48
TX,REAL,2,,36,48,376088.0,375610,376088.0,,,,933,376088000	ID:2	[INFO: Metric    ] METRIC_TX type=REAL node=2 seq=36 bytes=48 time_ms=375610
RX,REAL,,2,36,48,376107.88,376103,376107.88,375610,376103,19.880000000004657,934,376107880	ID:1	[INFO: Metric    ] METRIC_RX type=REAL src=2 seq=36 send_ms=375610 recv_ms=376103 bytes=48
TX,REAL,3,,33,48,376753.0,375813,376753.0,,,,936,376753000	ID:3	[INFO: Metric    ] METRIC_TX type=REAL node=3 seq=33 bytes=48 time_ms=375813
RX,REAL,,3,33,48,376815.168,376811,376815.168,375813,376811,62.16800000000512,937,376815168	ID:1	[INFO: Metric    ] METRIC_RX type=REAL src=3 seq=33 send_ms=375813 recv_ms=376811 bytes=48
TX,REAL,5,,34,48,379598.0,378655,379598.0,,,,939,379598000	ID:5	[INFO: Metric    ] METRIC_TX type=REAL node=5 seq=34 bytes=48 time_ms=378655
RX,REAL,,5,34,48,379622.304,379618,379622.304,378655,379618,24.304000000003725,940,379622304	ID:1	[INFO: Metric    ] METRIC_RX type=REAL src=5 seq=34 send_ms=378655 recv_ms=379618 bytes=48
TX,REAL,4,,35,48,381340.0,380715,381340.0,,,,942,381340000	ID:4	[INFO: Metric    ] METRIC_TX type=REAL node=4 seq=35 bytes=48 time_ms=380715
RX,REAL,,4,35,48,381415.168,381411,381415.168,380715,381411,75.16800000000512,943,381415168	ID:1	[INFO: Metric    ] METRIC_RX type=REAL src=4 seq=35 send_ms=380715 recv_ms=381411 bytes=48
TX,REAL,7,,36,48,383645.0,383256,383645.0,,,,945,383645000	ID:7	[INFO: Metric    ] METRIC_TX type=REAL node=7 seq=36 bytes=48 time_ms=383256
RX,REAL,,7,36,48,383662.88,383658,383662.88,383256,383658,17.880000000004657,946,383662880	ID:1	[INFO: Metric    ] METRIC_RX type=REAL src=7 seq=36 send_ms=383256 recv_ms=383658 bytes=48
TX,REAL,6,,36,48,384365.0,383431,384365.0,,,,948,384365000	ID:6	[INFO: Metric    ] METRIC_TX type=REAL node=6 seq=36 bytes=48 time_ms=383431
RX,REAL,,6,36,48,384394.88,384390,384394.88,383431,384390,29.880000000004657,949,384394880	ID:1	[INFO: Metric    ] METRIC_RX type=REAL src=6 seq=36 send_ms=383431 recv_ms=384390 bytes=48
TX,REAL,2,,37,48,387089.0,386611,387089.0,,,,951,387089000	ID:2	[INFO: Metric    ] METRIC_TX type=REAL node=2 seq=37 bytes=48 time_ms=386611
TX,DUMMY,2,,9,48,387090.0,386612,387090.0,,,,952,387090000	ID:2	[INFO: Metric    ] METRIC_TX type=DUMMY node=2 seq=9 bytes=48 time_ms=386612
RX,REAL,,2,37,48,387108.88,387104,387108.88,386611,387104,19.880000000004657,953,387108880	ID:1	[INFO: Metric    ] METRIC_RX type=REAL src=2 seq=37 send_ms=386611 recv_ms=387104 bytes=48
RX,DUMMY,,2,9,48,387114.88,387110,387114.88,386612,387110,,954,387114880	ID:1	[INFO: Metric    ] METRIC_RX type=DUMMY src=2 seq=9 send_ms=386612 recv_ms=387110 bytes=48
TX,REAL,3,,34,48,387754.0,386814,387754.0,,,,957,387754000	ID:3	[INFO: Metric    ] METRIC_TX type=REAL node=3 seq=34 bytes=48 time_ms=386814
RX,REAL,,3,34,48,387833.168,387829,387833.168,386814,387829,79.16800000000512,958,387833168	ID:1	[INFO: Metric    ] METRIC_RX type=REAL src=3 seq=34 send_ms=386814 recv_ms=387829 bytes=48
TX,REAL,5,,35,48,390599.0,389656,390599.0,,,,960,390599000	ID:5	[INFO: Metric    ] METRIC_TX type=REAL node=5 seq=35 bytes=48 time_ms=389656
RX,REAL,,5,35,48,390650.168,390646,390650.168,389656,390646,51.16800000000512,961,390650168	ID:1	[INFO: Metric    ] METRIC_RX type=REAL src=5 seq=35 send_ms=389656 recv_ms=390646 bytes=48
TX,REAL,4,,36,48,392341.0,391716,392341.0,,,,964,392341000	ID:4	[INFO: Metric    ] METRIC_TX type=REAL node=4 seq=36 bytes=48 time_ms=391716
RX,REAL,,4,36,48,392392.168,392388,392392.168,391716,392388,51.16800000000512,965,392392168	ID:1	[INFO: Metric    ] METRIC_RX type=REAL src=4 seq=36 send_ms=391716 recv_ms=392388 bytes=48
TX,REAL,7,,37,48,392646.0,392257,392646.0,,,,967,392646000	ID:7	[INFO: Metric    ] METRIC_TX type=REAL node=7 seq=37 bytes=48 time_ms=392257
RX,REAL,,7,37,48,392658.88,392654,392658.88,392257,392654,12.880000000004657,968,392658880	ID:1	[INFO: Metric    ] METRIC_RX type=REAL src=7 seq=37 send_ms=392257 recv_ms=392654 bytes=48
TX,REAL,6,,37,48,393366.0,392432,393366.0,,,,970,393366000	ID:6	[INFO: Metric    ] METRIC_TX type=REAL node=6 seq=37 bytes=48 time_ms=392432
TX,DUMMY,6,,7,48,393367.0,392433,393367.0,,,,971,393367000	ID:6	[INFO: Metric    ] METRIC_TX type=DUMMY node=6 seq=7 bytes=48 time_ms=392433
RX,REAL,,6,37,48,393408.88,393404,393408.88,392432,393404,42.88000000000466,972,393408880	ID:1	[INFO: Metric    ] METRIC_RX type=REAL src=6 seq=37 send_ms=392432 recv_ms=393404 bytes=48
RX,DUMMY,,6,7,48,393443.88,393439,393443.88,392433,393439,,974,393443880	ID:1	[INFO: Metric    ] METRIC_RX type=DUMMY src=6 seq=7 send_ms=392433 recv_ms=393439 bytes=48
TX,REAL,2,,38,48,398091.0,397613,398091.0,,,,976,398091000	ID:2	[INFO: Metric    ] METRIC_TX type=REAL node=2 seq=38 bytes=48 time_ms=397613
RX,REAL,,2,38,48,398097.88,398093,398097.88,397613,398093,6.880000000004657,977,398097880	ID:1	[INFO: Metric    ] METRIC_RX type=REAL src=2 seq=38 send_ms=397613 recv_ms=398093 bytes=48
TX,REAL,3,,35,48,398755.0,397815,398755.0,,,,979,398755000	ID:3	[INFO: Metric    ] METRIC_TX type=REAL node=3 seq=35 bytes=48 time_ms=397815
RX,REAL,,3,35,48,398799.168,398795,398799.168,397815,398795,44.16800000000512,980,398799168	ID:1	[INFO: Metric    ] METRIC_RX type=REAL src=3 seq=35 send_ms=397815 recv_ms=398795 bytes=48
TX,REAL,5,,36,48,401600.0,400657,401600.0,,,,982,401600000	ID:5	[INFO: Metric    ] METRIC_TX type=REAL node=5 seq=36 bytes=48 time_ms=400657
TX,REAL,7,,38,48,401647.0,401258,401647.0,,,,983,401647000	ID:7	[INFO: Metric    ] METRIC_TX type=REAL node=7 seq=38 bytes=48 time_ms=401258
TX,DUMMY,7,,9,48,401648.0,401259,401648.0,,,,984,401648000	ID:7	[INFO: Metric    ] METRIC_TX type=DUMMY node=7 seq=9 bytes=48 time_ms=401259
RX,REAL,,7,38,48,401653.88,401649,401653.88,401258,401649,6.880000000004657,985,401653880	ID:1	[INFO: Metric    ] METRIC_RX type=REAL src=7 seq=38 send_ms=401258 recv_ms=401649 bytes=48
RX,DUMMY,,7,9,48,401663.88,401659,401663.88,401259,401659,,986,401663880	ID:1	[INFO: Metric    ] METRIC_RX type=DUMMY src=7 seq=9 send_ms=401259 recv_ms=401659 bytes=48
RX,REAL,,5,36,48,401677.168,401673,401677.168,400657,401673,77.16800000000512,987,401677168	ID:1	[INFO: Metric    ] METRIC_RX type=REAL src=5 seq=36 send_ms=400657 recv_ms=401673 bytes=48
TX,REAL,4,,37,48,402342.0,401717,402342.0,,,,991,402342000	ID:4	[INFO: Metric    ] METRIC_TX type=REAL node=4 seq=37 bytes=48 time_ms=401717
TX,REAL,6,,38,48,402368.0,401434,402368.0,,,,992,402368000	ID:6	[INFO: Metric    ] METRIC_TX type=REAL node=6 seq=38 bytes=48 time_ms=401434
RX,REAL,,4,37,48,402391.168,402387,402391.168,401717,402387,49.16800000000512,993,402391168	ID:1	[INFO: Metric    ] METRIC_RX type=REAL src=4 seq=37 send_ms=401717 recv_ms=402387 bytes=48
RX,REAL,,6,38,48,402421.88,402417,402421.88,401434,402417,53.88000000000466,995,402421880	ID:1	[INFO: Metric    ] METRIC_RX type=REAL src=6 seq=38 send_ms=401434 recv_ms=402417 bytes=48
TX,REAL,2,,39,48,408092.0,407614,408092.0,,,,998,408092000	ID:2	[INFO: Metric    ] METRIC_TX type=REAL node=2 seq=39 bytes=48 time_ms=407614
RX,REAL,,2,39,48,408122.88,408118,408122.88,407614,408118,30.880000000004657,999,408122880	ID:1	[INFO: Metric    ] METRIC_RX type=REAL src=2 seq=39 send_ms=407614 recv_ms=408118 bytes=48
TX,REAL,3,,36,48,408756.0,407816,408756.0,,,,1001,408756000	ID:3	[INFO: Metric    ] METRIC_TX type=REAL node=3 seq=36 bytes=48 time_ms=407816
TX,DUMMY,3,,10,48,408757.0,407817,408757.0,,,,1002,408757000	ID:3	[INFO: Metric    ] METRIC_TX type=DUMMY node=3 seq=10 bytes=48 time_ms=407817
RX,REAL,,3,36,48,408835.304,408831,408835.304,407816,408831,79.30400000000373,1003,408835304	ID:1	[INFO: Metric    ] METRIC_RX type=REAL src=3 seq=36 send_ms=407816 recv_ms=408831 bytes=48
RX,DUMMY,,3,10,48,408869.168,408865,408869.168,407817,408865,,1004,408869168	ID:1	[INFO: Metric    ] METRIC_RX type=DUMMY src=3 seq=10 send_ms=407817 recv_ms=408865 bytes=48
TX,REAL,5,,37,48,410601.0,409658,410601.0,,,,1007,410601000	ID:5	[INFO: Metric    ] METRIC_TX type=REAL node=5 seq=37 bytes=48 time_ms=409658
RX,REAL,,5,37,48,410667.168,410663,410667.168,409658,410663,66.16800000000512,1008,410667168	ID:1	[INFO: Metric    ] METRIC_RX type=REAL src=5 seq=37 send_ms=409658 recv_ms=410663 bytes=48
TX,REAL,7,,39,48,411649.0,411260,411649.0,,,,1010,411649000	ID:7	[INFO: Metric    ] METRIC_TX type=REAL node=7 seq=39 bytes=48 time_ms=411260
RX,REAL,,7,39,48,411692.88,411688,411692.88,411260,411688,43.88000000000466,1011,411692880	ID:1	[INFO: Metric    ] METRIC_RX type=REAL src=7 seq=39 send_ms=411260 recv_ms=411688 bytes=48
TX,REAL,4,,38,48,412343.0,411718,412343.0,,,,1013,412343000	ID:4	[INFO: Metric    ] METRIC_TX type=REAL node=4 seq=38 bytes=48 time_ms=411718
TX,REAL,6,,39,48,412369.0,411435,412369.0,,,,1014,412369000	ID:6	[INFO: Metric    ] METRIC_TX type=REAL node=6 seq=39 bytes=48 time_ms=411435
RX,REAL,,4,38,48,412412.168,412408,412412.168,411718,412408,69.16800000000512,1015,412412168	ID:1	[INFO: Metric    ] METRIC_RX type=REAL src=4 seq=38 send_ms=411718 recv_ms=412408 bytes=48
RX,REAL,,6,39,48,412430.88,412426,412430.88,411435,412426,61.88000000000466,1016,412430880	ID:1	[INFO: Metric    ] METRIC_RX type=REAL src=6 seq=39 send_ms=411435 recv_ms=412426 bytes=48
TX,REAL,2,,40,48,417093.0,416615,417093.0,,,,1021,417093000	ID:2	[INFO: Metric    ] METRIC_TX type=REAL node=2 seq=40 bytes=48 time_ms=416615
TX,DUMMY,2,,10,48,417094.0,416616,417094.0,,,,1022,417094000	ID:2	[INFO: Metric    ] METRIC_TX type=DUMMY node=2 seq=10 bytes=48 time_ms=416616
RX,REAL,,2,40,48,417135.88,417131,417135.88,416615,417131,42.88000000000466,1023,417135880	ID:1	[INFO: Metric    ] METRIC_RX type=REAL src=2 seq=40 send_ms=416615 recv_ms=417131 bytes=48
RX,DUMMY,,2,10,48,417152.88,417148,417152.88,416616,417148,,1025,417152880	ID:1	[INFO: Metric    ] METRIC_RX type=DUMMY src=2 seq=10 send_ms=416616 recv_ms=417148 bytes=48
TX,REAL,3,,37,48,419758.0,418818,419758.0,,,,1028,419758000	ID:3	[INFO: Metric    ] METRIC_TX type=REAL node=3 seq=37 bytes=48 time_ms=418818
RX,REAL,,3,37,48,419815.168,419811,419815.168,418818,419811,57.16800000000512,1029,419815168	ID:1	[INFO: Metric    ] METRIC_RX type=REAL src=3 seq=37 send_ms=418818 recv_ms=419811 bytes=48
TX,REAL,5,,38,48,420602.0,419659,420602.0,,,,1031,420602000	ID:5	[INFO: Metric    ] METRIC_TX type=REAL node=5 seq=38 bytes=48 time_ms=419659
RX,REAL,,5,38,48,420649.168,420645,420649.168,419659,420645,47.16800000000512,1032,420649168	ID:1	[INFO: Metric    ] METRIC_RX type=REAL src=5 seq=38 send_ms=419659 recv_ms=420645 bytes=48
TX,REAL,6,,40,48,421370.0,420436,421370.0,,,,1036,421370000	ID:6	[INFO: Metric    ] METRIC_TX type=REAL node=6 seq=40 bytes=48 time_ms=420436
RX,REAL,,6,40,48,421394.88,421390,421394.88,420436,421390,24.880000000004657,1037,421394880	ID:1	[INFO: Metric    ] METRIC_RX type=REAL src=6 seq=40 send_ms=420436 recv_ms=421390 bytes=48
TX,REAL,7,,40,48,422650.0,422261,422650.0,,,,1041,422650000	ID:7	[INFO: Metric    ] METRIC_TX type=REAL node=7 seq=40 bytes=48 time_ms=422261
RX,REAL,,7,40,48,422673.88,422669,422673.88,422261,422669,23.880000000004657,1042,422673880	ID:1	[INFO: Metric    ] METRIC_RX type=REAL src=7 seq=40 send_ms=422261 recv_ms=422669 bytes=48
TX,REAL,4,,39,48,423344.0,422719,423344.0,,,,1044,423344000	ID:4	[INFO: Metric    ] METRIC_TX type=REAL node=4 seq=39 bytes=48 time_ms=422719
RX,REAL,,4,39,48,423378.168,423374,423378.168,422719,423374,34.16800000000512,1045,423378168	ID:1	[INFO: Metric    ] METRIC_RX type=REAL src=4 seq=39 send_ms=422719 recv_ms=423374 bytes=48
TX,REAL,2,,41,48,427095.0,426617,427095.0,,,,1047,427095000	ID:2	[INFO: Metric    ] METRIC_TX type=REAL node=2 seq=41 bytes=48 time_ms=426617
RX,REAL,,2,41,48,427124.88,427120,427124.88,426617,427120,29.880000000004657,1048,427124880	ID:1	[INFO: Metric    ] METRIC_RX type=REAL src=2 seq=41 send_ms=426617 recv_ms=427120 bytes=48
TX,REAL,5,,39,48,429603.0,428660,429603.0,,,,1050,429603000	ID:5	[INFO: Metric    ] METRIC_TX type=REAL node=5 seq=39 bytes=48 time_ms=428660
TX,DUMMY,5,,7,48,429604.0,428661,429604.0,,,,1051,429604000	ID:5	[INFO: Metric    ] METRIC_TX type=DUMMY node=5 seq=7 bytes=48 time_ms=428661
RX,REAL,,5,39,48,429651.168,429647,429651.168,428660,429647,48.16800000000512,1052,429651168	ID:1	[INFO: Metric    ] METRIC_RX type=REAL src=5 seq=39 send_ms=428660 recv_ms=429647 bytes=48
RX,DUMMY,,5,7,48,429701.168,429697,429701.168,428661,429697,,1054,429701168	ID:1	[INFO: Metric    ] METRIC_RX type=DUMMY src=5 seq=7 send_ms=428661 recv_ms=429697 bytes=48
TX,REAL,3,,38,48,429759.0,428819,429759.0,,,,1056,429759000	ID:3	[INFO: Metric    ] METRIC_TX type=REAL node=3 seq=38 bytes=48 time_ms=428819
RX,REAL,,3,38,48,429802.168,429798,429802.168,428819,429798,43.16800000000512,1057,429802168	ID:1	[INFO: Metric    ] METRIC_RX type=REAL src=3 seq=38 send_ms=428819 recv_ms=429798 bytes=48
TX,REAL,6,,41,48,432371.0,431437,432371.0,,,,1059,432371000	ID:6	[INFO: Metric    ] METRIC_TX type=REAL node=6 seq=41 bytes=48 time_ms=431437
RX,REAL,,6,41,48,432391.88,432387,432391.88,431437,432387,20.880000000004657,1060,432391880	ID:1	[INFO: Metric    ] METRIC_RX type=REAL src=6 seq=41 send_ms=431437 recv_ms=432387 bytes=48
TX,REAL,7,,41,48,432651.0,432262,432651.0,,,,1063,432651000	ID:7	[INFO: Metric    ] METRIC_TX type=REAL node=7 seq=41 bytes=48 time_ms=432262
RX,REAL,,7,41,48,432687.88,432683,432687.88,432262,432683,36.88000000000466,1064,432687880	ID:1	[INFO: Metric    ] METRIC_RX type=REAL src=7 seq=41 send_ms=432262 recv_ms=432683 bytes=48
TX,REAL,4,,40,48,434345.0,433720,434345.0,,,,1068,434345000	ID:4	[INFO: Metric    ] METRIC_TX type=REAL node=4 seq=40 bytes=48 time_ms=433720
RX,REAL,,4,40,48,434399.168,434395,434399.168,433720,434395,54.16800000000512,1069,434399168	ID:1	[INFO: Metric    ] METRIC_RX type=REAL src=4 seq=40 send_ms=433720 recv_ms=434395 bytes=48
TX,REAL,2,,42,48,437096.0,436618,437096.0,,,,1071,437096000	ID:2	[INFO: Metric    ] METRIC_TX type=REAL node=2 seq=42 bytes=48 time_ms=436618
RX,REAL,,2,42,48,437112.88,437108,437112.88,436618,437108,16.880000000004657,1072,437112880	ID:1	[INFO: Metric    ] METRIC_RX type=REAL src=2 seq=42 send_ms=436618 recv_ms=437108 bytes=48
TX,REAL,3,,39,48,438760.0,437820,438760.0,,,,1074,438760000	ID:3	[INFO: Metric    ] METRIC_TX type=REAL node=3 seq=39 bytes=48 time_ms=437820
RX,REAL,,3,39,48,438821.168,438817,438821.168,437820,438817,61.16800000000512,1075,438821168	ID:1	[INFO: Metric    ] METRIC_RX type=REAL src=3 seq=39 send_ms=437820 recv_ms=438817 bytes=48
TX,REAL,5,,40,48,440605.0,439662,440605.0,,,,1079,440605000	ID:5	[INFO: Metric    ] METRIC_TX type=REAL node=5 seq=40 bytes=48 time_ms=439662
RX,REAL,,5,40,48,440656.168,440652,440656.168,439662,440652,51.16800000000512,1080,440656168	ID:1	[INFO: Metric    ] METRIC_RX type=REAL src=5 seq=40 send_ms=439662 recv_ms=440652 bytes=48
TX,REAL,7,,42,48,441652.0,441263,441652.0,,,,1082,441652000	ID:7	[INFO: Metric    ] METRIC_TX type=REAL node=7 seq=42 bytes=48 time_ms=441263
RX,REAL,,7,42,48,441662.88,441658,441662.88,441263,441658,10.880000000004657,1083,441662880	ID:1	[INFO: Metric    ] METRIC_RX type=REAL src=7 seq=42 send_ms=441263 recv_ms=441658 bytes=48
TX,REAL,4,,41,48,443346.0,442721,443346.0,,,,1085,443346000	ID:4	[INFO: Metric    ] METRIC_TX type=REAL node=4 seq=41 bytes=48 time_ms=442721
TX,REAL,6,,42,48,443372.0,442438,443372.0,,,,1086,443372000	ID:6	[INFO: Metric    ] METRIC_TX type=REAL node=6 seq=42 bytes=48 time_ms=442438
RX,REAL,,4,41,48,443402.168,443398,443402.168,442721,443398,56.16800000000512,1087,443402168	ID:1	[INFO: Metric    ] METRIC_RX type=REAL src=4 seq=41 send_ms=442721 recv_ms=443398 bytes=48
RX,REAL,,6,42,48,443423.88,443419,443423.88,442438,443419,51.88000000000466,1088,443423880	ID:1	[INFO: Metric    ] METRIC_RX type=REAL src=6 seq=42 send_ms=442438 recv_ms=443419 bytes=48
TX,REAL,2,,43,48,446097.0,445619,446097.0,,,,1091,446097000	ID:2	[INFO: Metric    ] METRIC_TX type=REAL node=2 seq=43 bytes=48 time_ms=445619
RX,REAL,,2,43,48,446112.88,446108,446112.88,445619,446108,15.880000000004657,1092,446112880	ID:1	[INFO: Metric    ] METRIC_RX type=REAL src=2 seq=43 send_ms=445619 recv_ms=446108 bytes=48
TX,REAL,3,,40,48,449761.0,448821,449761.0,,,,1096,449761000	ID:3	[INFO: Metric    ] METRIC_TX type=REAL node=3 seq=40 bytes=48 time_ms=448821
TX,DUMMY,3,,11,48,449762.0,448822,449762.0,,,,1097,449762000	ID:3	[INFO: Metric    ] METRIC_TX type=DUMMY node=3 seq=11 bytes=48 time_ms=448822
RX,REAL,,3,40,48,449907.168,449903,449907.168,448821,449903,146.16800000000512,1098,449907168	ID:1	[INFO: Metric    ] METRIC_RX type=REAL src=3 seq=40 send_ms=448821 recv_ms=449903 bytes=48
RX,DUMMY,,3,11,48,449944.168,449940,449944.168,448822,449940,,1100,449944168	ID:1	[INFO: Metric    ] METRIC_RX type=DUMMY src=3 seq=11 send_ms=448822 recv_ms=449940 bytes=48
TX,REAL,7,,43,48,450653.0,450264,450653.0,,,,1103,450653000	ID:7	[INFO: Metric    ] METRIC_TX type=REAL node=7 seq=43 bytes=48 time_ms=450264
RX,REAL,,7,43,48,450658.88,450654,450658.88,450264,450654,5.880000000004657,1104,450658880	ID:1	[INFO: Metric    ] METRIC_RX type=REAL src=7 seq=43 send_ms=450264 recv_ms=450654 bytes=48
TX,REAL,5,,41,48,451606.0,450663,451606.0,,,,1106,451606000	ID:5	[INFO: Metric    ] METRIC_TX type=REAL node=5 seq=41 bytes=48 time_ms=450663
RX,REAL,,5,41,48,451673.168,451669,451673.168,450663,451669,67.16800000000512,1107,451673168	ID:1	[INFO: Metric    ] METRIC_RX type=REAL src=5 seq=41 send_ms=450663 recv_ms=451669 bytes=48
TX,REAL,4,,42,48,454347.0,453722,454347.0,,,,1109,454347000	ID:4	[INFO: Metric    ] METRIC_TX type=REAL node=4 seq=42 bytes=48 time_ms=453722
TX,REAL,6,,43,48,454373.0,453439,454373.0,,,,1110,454373000	ID:6	[INFO: Metric    ] METRIC_TX type=REAL node=6 seq=43 bytes=48 time_ms=453439
RX,REAL,,4,42,48,454396.168,454392,454396.168,453722,454392,49.16800000000512,1111,454396168	ID:1	[INFO: Metric    ] METRIC_RX type=REAL src=4 seq=42 send_ms=453722 recv_ms=454392 bytes=48
RX,REAL,,6,43,48,454422.88,454418,454422.88,453439,454418,49.88000000000466,1113,454422880	ID:1	[INFO: Metric    ] METRIC_RX type=REAL src=6 seq=43 send_ms=453439 recv_ms=454418 bytes=48
TX,REAL,2,,44,48,455098.0,454620,455098.0,,,,1115,455098000	ID:2	[INFO: Metric    ] METRIC_TX type=REAL node=2 seq=44 bytes=48 time_ms=454620
RX,REAL,,2,44,48,455127.88,455123,455127.88,454620,455123,29.880000000004657,1116,455127880	ID:1	[INFO: Metric    ] METRIC_RX type=REAL src=2 seq=44 send_ms=454620 recv_ms=455123 bytes=48
TX,REAL,5,,42,48,460607.0,459664,460607.0,,,,1118,460607000	ID:5	[INFO: Metric    ] METRIC_TX type=REAL node=5 seq=42 bytes=48 time_ms=459664
TX,REAL,7,,44,48,460654.0,460265,460654.0,,,,1119,460654000	ID:7	[INFO: Metric    ] METRIC_TX type=REAL node=7 seq=44 bytes=48 time_ms=460265
RX,REAL,,7,44,48,460666.88,460662,460666.88,460265,460662,12.880000000004657,1120,460666880	ID:1	[INFO: Metric    ] METRIC_RX type=REAL src=7 seq=44 send_ms=460265 recv_ms=460662 bytes=48
RX,REAL,,5,42,48,460673.168,460669,460673.168,459664,460669,66.16800000000512,1121,460673168	ID:1	[INFO: Metric    ] METRIC_RX type=REAL src=5 seq=42 send_ms=459664 recv_ms=460669 bytes=48
TX,REAL,3,,41,48,460763.0,459823,460763.0,,,,1124,460763000	ID:3	[INFO: Metric    ] METRIC_TX type=REAL node=3 seq=41 bytes=48 time_ms=459823
RX,REAL,,3,41,48,460840.168,460836,460840.168,459823,460836,77.16800000000512,1125,460840168	ID:1	[INFO: Metric    ] METRIC_RX type=REAL src=3 seq=41 send_ms=459823 recv_ms=460836 bytes=48
TX,REAL,4,,43,48,464348.0,463723,464348.0,,,,1127,464348000	ID:4	[INFO: Metric    ] METRIC_TX type=REAL node=4 seq=43 bytes=48 time_ms=463723
TX,REAL,6,,44,48,464374.0,463440,464374.0,,,,1128,464374000	ID:6	[INFO: Metric    ] METRIC_TX type=REAL node=6 seq=44 bytes=48 time_ms=463440
RX,REAL,,6,44,48,464392.016,464388,464392.016,463440,464388,18.01600000000326,1129,464392016	ID:1	[INFO: Metric    ] METRIC_RX type=REAL src=6 seq=44 send_ms=463440 recv_ms=464388 bytes=48
RX,REAL,,4,43,48,464435.168,464431,464435.168,463723,464431,87.16800000000512,1132,464435168	ID:1	[INFO: Metric    ] METRIC_RX type=REAL src=4 seq=43 send_ms=463723 recv_ms=464431 bytes=48
TX,REAL,2,,45,48,465099.0,464621,465099.0,,,,1134,465099000	ID:2	[INFO: Metric    ] METRIC_TX type=REAL node=2 seq=45 bytes=48 time_ms=464621
RX,REAL,,2,45,48,465129.88,465125,465129.88,464621,465125,30.880000000004657,1135,465129880	ID:1	[INFO: Metric    ] METRIC_RX type=REAL src=2 seq=45 send_ms=464621 recv_ms=465125 bytes=48
TX,REAL,5,,43,48,470608.0,469665,470608.0,,,,1137,470608000	ID:5	[INFO: Metric    ] METRIC_TX type=REAL node=5 seq=43 bytes=48 time_ms=469665
RX,REAL,,5,43,48,470663.168,470659,470663.168,469665,470659,55.16800000000512,1138,470663168	ID:1	[INFO: Metric    ] METRIC_RX type=REAL src=5 seq=43 send_ms=469665 recv_ms=470659 bytes=48
TX,REAL,3,,42,48,470764.0,469824,470764.0,,,,1140,470764000	ID:3	[INFO: Metric    ] METRIC_TX type=REAL node=3 seq=42 bytes=48 time_ms=469824
TX,DUMMY,3,,12,48,470765.0,469825,470765.0,,,,1141,470765000	ID:3	[INFO: Metric    ] METRIC_TX type=DUMMY node=3 seq=12 bytes=48 time_ms=469825
RX,REAL,,3,42,48,470795.168,470791,470795.168,469824,470791,31.168000000005122,1142,470795168	ID:1	[INFO: Metric    ] METRIC_RX type=REAL src=3 seq=42 send_ms=469824 recv_ms=470791 bytes=48
RX,DUMMY,,3,12,48,470808.168,470804,470808.168,469825,470804,,1143,470808168	ID:1	[INFO: Metric    ] METRIC_RX type=DUMMY src=3 seq=12 send_ms=469825 recv_ms=470804 bytes=48
TX,REAL,7,,45,48,471655.0,471266,471655.0,,,,1146,471655000	ID:7	[INFO: Metric    ] METRIC_TX type=REAL node=7 seq=45 bytes=48 time_ms=471266
RX,REAL,,7,45,48,471672.88,471668,471672.88,471266,471668,17.880000000004657,1147,471672880	ID:1	[INFO: Metric    ] METRIC_RX type=REAL src=7 seq=45 send_ms=471266 recv_ms=471668 bytes=48
TX,REAL,2,,46,48,474100.0,473622,474100.0,,,,1149,474100000	ID:2	[INFO: Metric    ] METRIC_TX type=REAL node=2 seq=46 bytes=48 time_ms=473622
TX,DUMMY,2,,11,48,474101.0,473623,474101.0,,,,1150,474101000	ID:2	[INFO: Metric    ] METRIC_TX type=DUMMY node=2 seq=11 bytes=48 time_ms=473623
RX,REAL,,2,46,48,474138.88,474134,474138.88,473622,474134,38.88000000000466,1151,474138880	ID:1	[INFO: Metric    ] METRIC_RX type=REAL src=2 seq=46 send_ms=473622 recv_ms=474134 bytes=48
RX,DUMMY,,2,11,48,474149.88,474145,474149.88,473623,474145,,1152,474149880	ID:1	[INFO: Metric    ] METRIC_RX type=DUMMY src=2 seq=11 send_ms=473623 recv_ms=474145 bytes=48
TX,REAL,6,,45,48,474375.0,473441,474375.0,,,,1155,474375000	ID:6	[INFO: Metric    ] METRIC_TX type=REAL node=6 seq=45 bytes=48 time_ms=473441
RX,REAL,,6,45,48,474403.88,474399,474403.88,473441,474399,28.880000000004657,1156,474403880	ID:1	[INFO: Metric    ] METRIC_RX type=REAL src=6 seq=45 send_ms=473441 recv_ms=474399 bytes=48
TX,REAL,4,,44,48,475349.0,474724,475349.0,,,,1158,475349000	ID:4	[INFO: Metric    ] METRIC_TX type=REAL node=4 seq=44 bytes=48 time_ms=474724
RX,REAL,,4,44,48,475397.168,475393,475397.168,474724,475393,48.16800000000512,1159,475397168	ID:1	[INFO: Metric    ] METRIC_RX type=REAL src=4 seq=44 send_ms=474724 recv_ms=475393 bytes=48
TX,REAL,5,,44,48,480609.0,479666,480609.0,,,,1162,480609000	ID:5	[INFO: Metric    ] METRIC_TX type=REAL node=5 seq=44 bytes=48 time_ms=479666
RX,REAL,,5,44,48,480651.168,480647,480651.168,479666,480647,42.16800000000512,1163,480651168	ID:1	[INFO: Metric    ] METRIC_RX type=REAL src=5 seq=44 send_ms=479666 recv_ms=480647 bytes=48
TX,REAL,7,,46,48,481656.0,481267,481656.0,,,,1165,481656000	ID:7	[INFO: Metric    ] METRIC_TX type=REAL node=7 seq=46 bytes=48 time_ms=481267
RX,REAL,,7,46,48,481682.88,481678,481682.88,481267,481678,26.880000000004657,1166,481682880	ID:1	[INFO: Metric    ] METRIC_RX type=REAL src=7 seq=46 send_ms=481267 recv_ms=481678 bytes=48
TX,REAL,3,,43,48,481766.0,480826,481766.0,,,,1168,481766000	ID:3	[INFO: Metric    ] METRIC_TX type=REAL node=3 seq=43 bytes=48 time_ms=480826
RX,REAL,,3,43,48,481821.168,481817,481821.168,480826,481817,55.16800000000512,1169,481821168	ID:1	[INFO: Metric    ] METRIC_RX type=REAL src=3 seq=43 send_ms=480826 recv_ms=481817 bytes=48
TX,REAL,6,,46,48,483376.0,482442,483376.0,,,,1171,483376000	ID:6	[INFO: Metric    ] METRIC_TX type=REAL node=6 seq=46 bytes=48 time_ms=482442
TX,DUMMY,6,,8,48,483377.0,482443,483377.0,,,,1172,483377000	ID:6	[INFO: Metric    ] METRIC_TX type=DUMMY node=6 seq=8 bytes=48 time_ms=482443
RX,REAL,,6,46,48,483414.88,483410,483414.88,482442,483410,38.88000000000466,1173,483414880	ID:1	[INFO: Metric    ] METRIC_RX type=REAL src=6 seq=46 send_ms=482442 recv_ms=483410 bytes=48
RX,DUMMY,,6,8,48,483443.88,483439,483443.88,482443,483439,,1174,483443880	ID:1	[INFO: Metric    ] METRIC_RX type=DUMMY src=6 seq=8 send_ms=482443 recv_ms=483439 bytes=48
TX,REAL,2,,47,48,485102.0,484624,485102.0,,,,1177,485102000	ID:2	[INFO: Metric    ] METRIC_TX type=REAL node=2 seq=47 bytes=48 time_ms=484624
RX,REAL,,2,47,48,485145.88,485141,485145.88,484624,485141,43.88000000000466,1178,485145880	ID:1	[INFO: Metric    ] METRIC_RX type=REAL src=2 seq=47 send_ms=484624 recv_ms=485141 bytes=48
TX,REAL,4,,45,48,486350.0,485725,486350.0,,,,1180,486350000	ID:4	[INFO: Metric    ] METRIC_TX type=REAL node=4 seq=45 bytes=48 time_ms=485725
RX,REAL,,4,45,48,486425.168,486421,486425.168,485725,486421,75.16800000000512,1181,486425168	ID:1	[INFO: Metric    ] METRIC_RX type=REAL src=4 seq=45 send_ms=485725 recv_ms=486421 bytes=48
TX,REAL,5,,45,48,489610.0,488667,489610.0,,,,1183,489610000	ID:5	[INFO: Metric    ] METRIC_TX type=REAL node=5 seq=45 bytes=48 time_ms=488667
RX,REAL,,5,45,48,489651.168,489647,489651.168,488667,489647,41.16800000000512,1184,489651168	ID:1	[INFO: Metric    ] METRIC_RX type=REAL src=5 seq=45 send_ms=488667 recv_ms=489647 bytes=48
TX,REAL,3,,44,48,490767.0,489827,490767.0,,,,1186,490767000	ID:3	[INFO: Metric    ] METRIC_TX type=REAL node=3 seq=44 bytes=48 time_ms=489827
RX,REAL,,3,44,48,490826.168,490822,490826.168,489827,490822,59.16800000000512,1187,490826168	ID:1	[INFO: Metric    ] METRIC_RX type=REAL src=3 seq=44 send_ms=489827 recv_ms=490822 bytes=48
TX,REAL,7,,47,48,491657.0,491268,491657.0,,,,1189,491657000	ID:7	[INFO: Metric    ] METRIC_TX type=REAL node=7 seq=47 bytes=48 time_ms=491268
RX,REAL,,7,47,48,491701.88,491697,491701.88,491268,491697,44.88000000000466,1190,491701880	ID:1	[INFO: Metric    ] METRIC_RX type=REAL src=7 seq=47 send_ms=491268 recv_ms=491697 bytes=48
TX,REAL,6,,47,48,494378.0,493444,494378.0,,,,1193,494378000	ID:6	[INFO: Metric    ] METRIC_TX type=REAL node=6 seq=47 bytes=48 time_ms=493444
RX,REAL,,6,47,48,494394.88,494390,494394.88,493444,494390,16.880000000004657,1194,494394880	ID:1	[INFO: Metric    ] METRIC_RX type=REAL src=6 seq=47 send_ms=493444 recv_ms=494390 bytes=48
TX,REAL,2,,48,48,496103.0,495625,496103.0,,,,1196,496103000	ID:2	[INFO: Metric    ] METRIC_TX type=REAL node=2 seq=48 bytes=48 time_ms=495625
RX,REAL,,2,48,48,496146.88,496142,496146.88,495625,496142,43.88000000000466,1197,496146880	ID:1	[INFO: Metric    ] METRIC_RX type=REAL src=2 seq=48 send_ms=495625 recv_ms=496142 bytes=48
TX,REAL,4,,46,48,496351.0,495726,496351.0,,,,1199,496351000	ID:4	[INFO: Metric    ] METRIC_TX type=REAL node=4 seq=46 bytes=48 time_ms=495726
RX,REAL,,4,46,48,496385.304,496381,496385.304,495726,496381,34.304000000003725,1200,496385304	ID:1	[INFO: Metric    ] METRIC_RX type=REAL src=4 seq=46 send_ms=495726 recv_ms=496381 bytes=48
TX,REAL,5,,46,48,499611.0,498668,499611.0,,,,1202,499611000	ID:5	[INFO: Metric    ] METRIC_TX type=REAL node=5 seq=46 bytes=48 time_ms=498668
RX,REAL,,5,46,48,499694.168,499690,499694.168,498668,499690,83.16800000000512,1203,499694168	ID:1	[INFO: Metric    ] METRIC_RX type=REAL src=5 seq=46 send_ms=498668 recv_ms=499690 bytes=48
TX,REAL,3,,45,48,499768.0,498828,499768.0,,,,1205,499768000	ID:3	[INFO: Metric    ] METRIC_TX type=REAL node=3 seq=45 bytes=48 time_ms=498828
RX,REAL,,3,45,48,499795.168,499791,499795.168,498828,499791,27.168000000005122,1206,499795168	ID:1	[INFO: Metric    ] METRIC_RX type=REAL src=3 seq=45 send_ms=498828 recv_ms=499791 bytes=48
TX,REAL,7,,48,48,501658.0,501269,501658.0,,,,1208,501658000	ID:7	[INFO: Metric    ] METRIC_TX type=REAL node=7 seq=48 bytes=48 time_ms=501269
RX,REAL,,7,48,48,501686.88,501682,501686.88,501269,501682,28.880000000004657,1209,501686880	ID:1	[INFO: Metric    ] METRIC_RX type=REAL src=7 seq=48 send_ms=501269 recv_ms=501682 bytes=48
TX,REAL,6,,48,48,504379.0,503445,504379.0,,,,1211,504379000	ID:6	[INFO: Metric    ] METRIC_TX type=REAL node=6 seq=48 bytes=48 time_ms=503445
RX,REAL,,6,48,48,504393.88,504389,504393.88,503445,504389,14.880000000004657,1212,504393880	ID:1	[INFO: Metric    ] METRIC_RX type=REAL src=6 seq=48 send_ms=503445 recv_ms=504389 bytes=48
TX,REAL,4,,47,48,506352.0,505727,506352.0,,,,1214,506352000	ID:4	[INFO: Metric    ] METRIC_TX type=REAL node=4 seq=47 bytes=48 time_ms=505727
TX,DUMMY,4,,8,48,506353.0,505728,506353.0,,,,1215,506353000	ID:4	[INFO: Metric    ] METRIC_TX type=DUMMY node=4 seq=8 bytes=48 time_ms=505728
RX,REAL,,4,47,48,506407.168,506403,506407.168,505727,506403,55.16800000000512,1216,506407168	ID:1	[INFO: Metric    ] METRIC_RX type=REAL src=4 seq=47 send_ms=505727 recv_ms=506403 bytes=48
RX,DUMMY,,4,8,48,506463.168,506459,506463.168,505728,506459,,1217,506463168	ID:1	[INFO: Metric    ] METRIC_RX type=DUMMY src=4 seq=8 send_ms=505728 recv_ms=506459 bytes=48
TX,REAL,2,,49,48,507104.0,506626,507104.0,,,,1220,507104000	ID:2	[INFO: Metric    ] METRIC_TX type=REAL node=2 seq=49 bytes=48 time_ms=506626
RX,REAL,,2,49,48,507128.88,507124,507128.88,506626,507124,24.880000000004657,1221,507128880	ID:1	[INFO: Metric    ] METRIC_RX type=REAL src=2 seq=49 send_ms=506626 recv_ms=507124 bytes=48
TX,REAL,5,,47,48,508612.0,507669,508612.0,,,,1224,508612000	ID:5	[INFO: Metric    ] METRIC_TX type=REAL node=5 seq=47 bytes=48 time_ms=507669
TX,DUMMY,5,,8,48,508613.0,507670,508613.0,,,,1225,508613000	ID:5	[INFO: Metric    ] METRIC_TX type=DUMMY node=5 seq=8 bytes=48 time_ms=507670
RX,REAL,,5,47,48,508663.168,508659,508663.168,507669,508659,51.16800000000512,1226,508663168	ID:1	[INFO: Metric    ] METRIC_RX type=REAL src=5 seq=47 send_ms=507669 recv_ms=508659 bytes=48
RX,DUMMY,,5,8,48,508706.168,508702,508706.168,507670,508702,,1227,508706168	ID:1	[INFO: Metric    ] METRIC_RX type=DUMMY src=5 seq=8 send_ms=507670 recv_ms=508702 bytes=48
TX,REAL,3,,46,48,509769.0,508829,509769.0,,,,1230,509769000	ID:3	[INFO: Metric    ] METRIC_TX type=REAL node=3 seq=46 bytes=48 time_ms=508829
RX,REAL,,3,46,48,509804.304,509800,509804.304,508829,509800,35.304000000003725,1231,509804304	ID:1	[INFO: Metric    ] METRIC_RX type=REAL src=3 seq=46 send_ms=508829 recv_ms=509800 bytes=48
TX,REAL,7,,49,48,512659.0,512270,512659.0,,,,1233,512659000	ID:7	[INFO: Metric    ] METRIC_TX type=REAL node=7 seq=49 bytes=48 time_ms=512270
RX,REAL,,7,49,48,512691.88,512687,512691.88,512270,512687,32.88000000000466,1234,512691880	ID:1	[INFO: Metric    ] METRIC_RX type=REAL src=7 seq=49 send_ms=512270 recv_ms=512687 bytes=48
TX,REAL,6,,49,48,515380.0,514446,515380.0,,,,1236,515380000	ID:6	[INFO: Metric    ] METRIC_TX type=REAL node=6 seq=49 bytes=48 time_ms=514446
RX,REAL,,6,49,48,515412.88,515408,515412.88,514446,515408,32.88000000000466,1237,515412880	ID:1	[INFO: Metric    ] METRIC_RX type=REAL src=6 seq=49 send_ms=514446 recv_ms=515408 bytes=48
TX,REAL,2,,50,48,516105.0,515627,516105.0,,,,1241,516105000	ID:2	[INFO: Metric    ] METRIC_TX type=REAL node=2 seq=50 bytes=48 time_ms=515627
TX,DUMMY,2,,12,48,516106.0,515628,516106.0,,,,1242,516106000	ID:2	[INFO: Metric    ] METRIC_TX type=DUMMY node=2 seq=12 bytes=48 time_ms=515628
RX,REAL,,2,50,48,516123.88,516119,516123.88,515627,516119,18.880000000004657,1243,516123880	ID:1	[INFO: Metric    ] METRIC_RX type=REAL src=2 seq=50 send_ms=515627 recv_ms=516119 bytes=48
RX,DUMMY,,2,12,48,516147.88,516143,516147.88,515628,516143,,1244,516147880	ID:1	[INFO: Metric    ] METRIC_RX type=DUMMY src=2 seq=12 send_ms=515628 recv_ms=516143 bytes=48
TX,REAL,4,,48,48,517354.0,516729,517354.0,,,,1247,517354000	ID:4	[INFO: Metric    ] METRIC_TX type=REAL node=4 seq=48 bytes=48 time_ms=516729
RX,REAL,,4,48,48,517384.304,517380,517384.304,516729,517380,30.304000000003725,1248,517384304	ID:1	[INFO: Metric    ] METRIC_RX type=REAL src=4 seq=48 send_ms=516729 recv_ms=517380 bytes=48
TX,REAL,5,,48,48,517614.0,516671,517614.0,,,,1250,517614000	ID:5	[INFO: Metric    ] METRIC_TX type=REAL node=5 seq=48 bytes=48 time_ms=516671
RX,REAL,,5,48,48,517670.168,517666,517670.168,516671,517666,56.16800000000512,1251,517670168	ID:1	[INFO: Metric    ] METRIC_RX type=REAL src=5 seq=48 send_ms=516671 recv_ms=517666 bytes=48
TX,REAL,3,,47,48,518770.0,517830,518770.0,,,,1253,518770000	ID:3	[INFO: Metric    ] METRIC_TX type=REAL node=3 seq=47 bytes=48 time_ms=517830
RX,REAL,,3,47,48,518836.168,518832,518836.168,517830,518832,66.16800000000512,1254,518836168	ID:1	[INFO: Metric    ] METRIC_RX type=REAL src=3 seq=47 send_ms=517830 recv_ms=518832 bytes=48
TX,REAL,7,,50,48,523660.0,523271,523660.0,,,,1259,523660000	ID:7	[INFO: Metric    ] METRIC_TX type=REAL node=7 seq=50 bytes=48 time_ms=523271
RX,REAL,,7,50,48,523682.88,523678,523682.88,523271,523678,22.880000000004657,1260,523682880	ID:1	[INFO: Metric    ] METRIC_RX type=REAL src=7 seq=50 send_ms=523271 recv_ms=523678 bytes=48
TX,REAL,6,,50,48,525381.0,524447,525381.0,,,,1264,525381000	ID:6	[INFO: Metric    ] METRIC_TX type=REAL node=6 seq=50 bytes=48 time_ms=524447
RX,REAL,,6,50,48,525395.88,525391,525395.88,524447,525391,14.880000000004657,1265,525395880	ID:1	[INFO: Metric    ] METRIC_RX type=REAL src=6 seq=50 send_ms=524447 recv_ms=525391 bytes=48
TX,REAL,2,,51,48,526107.0,525629,526107.0,,,,1267,526107000	ID:2	[INFO: Metric    ] METRIC_TX type=REAL node=2 seq=51 bytes=48 time_ms=525629
RX,REAL,,2,51,48,526112.88,526108,526112.88,525629,526108,5.880000000004657,1268,526112880	ID:1	[INFO: Metric    ] METRIC_RX type=REAL src=2 seq=51 send_ms=525629 recv_ms=526108 bytes=48
TX,REAL,4,,49,48,526355.0,525730,526355.0,,,,1270,526355000	ID:4	[INFO: Metric    ] METRIC_TX type=REAL node=4 seq=49 bytes=48 time_ms=525730
RX,REAL,,4,49,48,526407.168,526403,526407.168,525730,526403,52.167999999946915,1271,526407168	ID:1	[INFO: Metric    ] METRIC_RX type=REAL src=4 seq=49 send_ms=525730 recv_ms=526403 bytes=48
TX,REAL,5,,49,48,527615.0,526672,527615.0,,,,1273,527615000	ID:5	[INFO: Metric    ] METRIC_TX type=REAL node=5 seq=49 bytes=48 time_ms=526672
RX,REAL,,5,49,48,527680.168,527676,527680.168,526672,527676,65.16799999994691,1274,527680168	ID:1	[INFO: Metric    ] METRIC_RX type=REAL src=5 seq=49 send_ms=526672 recv_ms=527676 bytes=48
TX,REAL,3,,48,48,527771.0,526831,527771.0,,,,1276,527771000	ID:3	[INFO: Metric    ] METRIC_TX type=REAL node=3 seq=48 bytes=48 time_ms=526831
TX,DUMMY,3,,13,48,527772.0,526832,527772.0,,,,1277,527772000	ID:3	[INFO: Metric    ] METRIC_TX type=DUMMY node=3 seq=13 bytes=48 time_ms=526832
RX,REAL,,3,48,48,527810.168,527806,527810.168,526831,527806,39.167999999946915,1278,527810168	ID:1	[INFO: Metric    ] METRIC_RX type=REAL src=3 seq=48 send_ms=526831 recv_ms=527806 bytes=48
RX,DUMMY,,3,13,48,527854.304,527850,527854.304,526832,527850,,1279,527854304	ID:1	[INFO: Metric    ] METRIC_RX type=DUMMY src=3 seq=13 send_ms=526832 recv_ms=527850 bytes=48
TX,REAL,6,,51,48,534382.0,533448,534382.0,,,,1282,534382000	ID:6	[INFO: Metric    ] METRIC_TX type=REAL node=6 seq=51 bytes=48 time_ms=533448
RX,REAL,,6,51,48,534395.88,534391,534395.88,533448,534391,13.880000000004657,1283,534395880	ID:1	[INFO: Metric    ] METRIC_RX type=REAL src=6 seq=51 send_ms=533448 recv_ms=534391 bytes=48
TX,REAL,7,,51,48,534661.0,534272,534661.0,,,,1285,534661000	ID:7	[INFO: Metric    ] METRIC_TX type=REAL node=7 seq=51 bytes=48 time_ms=534272
RX,REAL,,7,51,48,534696.88,534692,534696.88,534272,534692,35.88000000000466,1286,534696880	ID:1	[INFO: Metric    ] METRIC_RX type=REAL src=7 seq=51 send_ms=534272 recv_ms=534692 bytes=48
TX,REAL,2,,52,48,535108.0,534630,535108.0,,,,1288,535108000	ID:2	[INFO: Metric    ] METRIC_TX type=REAL node=2 seq=52 bytes=48 time_ms=534630
RX,REAL,,2,52,48,535117.88,535113,535117.88,534630,535113,9.880000000004657,1289,535117880	ID:1	[INFO: Metric    ] METRIC_RX type=REAL src=2 seq=52 send_ms=534630 recv_ms=535113 bytes=48
TX,REAL,5,,50,48,536616.0,535673,536616.0,,,,1294,536616000	ID:5	[INFO: Metric    ] METRIC_TX type=REAL node=5 seq=50 bytes=48 time_ms=535673
TX,DUMMY,5,,9,48,536617.0,535674,536617.0,,,,1295,536617000	ID:5	[INFO: Metric    ] METRIC_TX type=DUMMY node=5 seq=9 bytes=48 time_ms=535674
RX,REAL,,5,50,48,536668.304,536664,536668.304,535673,536664,52.304000000003725,1296,536668304	ID:1	[INFO: Metric    ] METRIC_RX type=REAL src=5 seq=50 send_ms=535673 recv_ms=536664 bytes=48
RX,DUMMY,,5,9,48,536684.168,536680,536684.168,535674,536680,,1297,536684168	ID:1	[INFO: Metric    ] METRIC_RX type=DUMMY src=5 seq=9 send_ms=535674 recv_ms=536680 bytes=48
TX,REAL,4,,50,48,537356.0,536731,537356.0,,,,1302,537356000	ID:4	[INFO: Metric    ] METRIC_TX type=REAL node=4 seq=50 bytes=48 time_ms=536731
RX,REAL,,4,50,48,537423.168,537419,537423.168,536731,537419,67.16799999994691,1303,537423168	ID:1	[INFO: Metric    ] METRIC_RX type=REAL src=4 seq=50 send_ms=536731 recv_ms=537419 bytes=48
TX,REAL,3,,49,48,537773.0,536833,537773.0,,,,1305,537773000	ID:3	[INFO: Metric    ] METRIC_TX type=REAL node=3 seq=49 bytes=48 time_ms=536833
RX,REAL,,3,49,48,537846.168,537842,537846.168,536833,537842,73.16799999994691,1306,537846168	ID:1	[INFO: Metric    ] METRIC_RX type=REAL src=3 seq=49 send_ms=536833 recv_ms=537842 bytes=48
TX,REAL,7,,52,48,543662.0,543273,543662.0,,,,1308,543662000	ID:7	[INFO: Metric    ] METRIC_TX type=REAL node=7 seq=52 bytes=48 time_ms=543273
RX,REAL,,7,52,48,543692.88,543688,543692.88,543273,543688,30.880000000004657,1309,543692880	ID:1	[INFO: Metric    ] METRIC_RX type=REAL src=7 seq=52 send_ms=543273 recv_ms=543688 bytes=48
TX,REAL,2,,53,48,544109.0,543631,544109.0,,,,1311,544109000	ID:2	[INFO: Metric    ] METRIC_TX type=REAL node=2 seq=53 bytes=48 time_ms=543631
RX,REAL,,2,53,48,544128.88,544124,544128.88,543631,544124,19.880000000004657,1312,544128880	ID:1	[INFO: Metric    ] METRIC_RX type=REAL src=2 seq=53 send_ms=543631 recv_ms=544124 bytes=48
TX,REAL,6,,52,48,545383.0,544449,545383.0,,,,1314,545383000	ID:6	[INFO: Metric    ] METRIC_TX type=REAL node=6 seq=52 bytes=48 time_ms=544449
RX,REAL,,6,52,48,545416.88,545412,545416.88,544449,545412,33.88000000000466,1315,545416880	ID:1	[INFO: Metric    ] METRIC_RX type=REAL src=6 seq=52 send_ms=544449 recv_ms=545412 bytes=48
TX,REAL,5,,51,48,546618.0,545675,546618.0,,,,1317,546618000	ID:5	[INFO: Metric    ] METRIC_TX type=REAL node=5 seq=51 bytes=48 time_ms=545675
RX,REAL,,5,51,48,546668.168,546664,546668.168,545675,546664,50.167999999946915,1318,546668168	ID:1	[INFO: Metric    ] METRIC_RX type=REAL src=5 seq=51 send_ms=545675 recv_ms=546664 bytes=48
TX,REAL,3,,50,48,546774.0,545834,546774.0,,,,1322,546774000	ID:3	[INFO: Metric    ] METRIC_TX type=REAL node=3 seq=50 bytes=48 time_ms=545834
RX,REAL,,3,50,48,546823.168,546819,546823.168,545834,546819,49.167999999946915,1323,546823168	ID:1	[INFO: Metric    ] METRIC_RX type=REAL src=3 seq=50 send_ms=545834 recv_ms=546819 bytes=48
TX,REAL,4,,51,48,547357.0,546732,547357.0,,,,1325,547357000	ID:4	[INFO: Metric    ] METRIC_TX type=REAL node=4 seq=51 bytes=48 time_ms=546732
RX,REAL,,4,51,48,547384.168,547380,547384.168,546732,547380,27.167999999946915,1326,547384168	ID:1	[INFO: Metric    ] METRIC_RX type=REAL src=4 seq=51 send_ms=546732 recv_ms=547380 bytes=48
TX,REAL,7,,53,48,553663.0,553274,553663.0,,,,1329,553663000	ID:7	[INFO: Metric    ] METRIC_TX type=REAL node=7 seq=53 bytes=48 time_ms=553274
RX,REAL,,7,53,48,553672.88,553668,553672.88,553274,553668,9.880000000004657,1330,553672880	ID:1	[INFO: Metric    ] METRIC_RX type=REAL src=7 seq=53 send_ms=553274 recv_ms=553668 bytes=48
TX,REAL,2,,54,48,554110.0,553632,554110.0,,,,1332,554110000	ID:2	[INFO: Metric    ] METRIC_TX type=REAL node=2 seq=54 bytes=48 time_ms=553632
RX,REAL,,2,54,48,554146.88,554142,554146.88,553632,554142,36.88000000000466,1333,554146880	ID:1	[INFO: Metric    ] METRIC_RX type=REAL src=2 seq=54 send_ms=553632 recv_ms=554142 bytes=48
TX,REAL,6,,53,48,554384.0,553450,554384.0,,,,1335,554384000	ID:6	[INFO: Metric    ] METRIC_TX type=REAL node=6 seq=53 bytes=48 time_ms=553450
RX,REAL,,6,53,48,554425.88,554421,554425.88,553450,554421,41.88000000000466,1336,554425880	ID:1	[INFO: Metric    ] METRIC_RX type=REAL src=6 seq=53 send_ms=553450 recv_ms=554421 bytes=48
TX,REAL,3,,51,48,556775.0,555835,556775.0,,,,1338,556775000	ID:3	[INFO: Metric    ] METRIC_TX type=REAL node=3 seq=51 bytes=48 time_ms=555835
RX,REAL,,3,51,48,556833.168,556829,556833.168,555835,556829,58.167999999946915,1339,556833168	ID:1	[INFO: Metric    ] METRIC_RX type=REAL src=3 seq=51 send_ms=555835 recv_ms=556829 bytes=48
TX,REAL,5,,52,48,557619.0,556676,557619.0,,,,1341,557619000	ID:5	[INFO: Metric    ] METRIC_TX type=REAL node=5 seq=52 bytes=48 time_ms=556676
RX,REAL,,5,52,48,557696.168,557692,557696.168,556676,557692,77.16799999994691,1342,557696168	ID:1	[INFO: Metric    ] METRIC_RX type=REAL src=5 seq=52 send_ms=556676 recv_ms=557692 bytes=48
TX,REAL,4,,52,48,558358.0,557733,558358.0,,,,1344,558358000	ID:4	[INFO: Metric    ] METRIC_TX type=REAL node=4 seq=52 bytes=48 time_ms=557733
RX,REAL,,4,52,48,558418.168,558414,558418.168,557733,558414,60.167999999946915,1345,558418168	ID:1	[INFO: Metric    ] METRIC_RX type=REAL src=4 seq=52 send_ms=557733 recv_ms=558414 bytes=48
TX,REAL,2,,55,48,563111.0,562633,563111.0,,,,1347,563111000	ID:2	[INFO: Metric    ] METRIC_TX type=REAL node=2 seq=55 bytes=48 time_ms=562633
RX,REAL,,2,55,48,563123.88,563119,563123.88,562633,563119,12.880000000004657,1348,563123880	ID:1	[INFO: Metric    ] METRIC_RX type=REAL src=2 seq=55 send_ms=562633 recv_ms=563119 bytes=48
TX,REAL,7,,54,48,564664.0,564275,564664.0,,,,1350,564664000	ID:7	[INFO: Metric    ] METRIC_TX type=REAL node=7 seq=54 bytes=48 time_ms=564275
RX,REAL,,7,54,48,564691.88,564687,564691.88,564275,564687,27.880000000004657,1351,564691880	ID:1	[INFO: Metric    ] METRIC_RX type=REAL src=7 seq=54 send_ms=564275 recv_ms=564687 bytes=48
TX,REAL,6,,54,48,565385.0,564451,565385.0,,,,1353,565385000	ID:6	[INFO: Metric    ] METRIC_TX type=REAL node=6 seq=54 bytes=48 time_ms=564451
RX,REAL,,6,54,48,565426.88,565422,565426.88,564451,565422,41.88000000000466,1354,565426880	ID:1	[INFO: Metric    ] METRIC_RX type=REAL src=6 seq=54 send_ms=564451 recv_ms=565422 bytes=48
TX,REAL,5,,53,48,566620.0,565677,566620.0,,,,1356,566620000	ID:5	[INFO: Metric    ] METRIC_TX type=REAL node=5 seq=53 bytes=48 time_ms=565677
RX,REAL,,5,53,48,566665.168,566661,566665.168,565677,566661,45.167999999946915,1357,566665168	ID:1	[INFO: Metric    ] METRIC_RX type=REAL src=5 seq=53 send_ms=565677 recv_ms=566661 bytes=48
TX,REAL,3,,52,48,567776.0,566836,567776.0,,,,1360,567776000	ID:3	[INFO: Metric    ] METRIC_TX type=REAL node=3 seq=52 bytes=48 time_ms=566836
TX,DUMMY,3,,14,48,567777.0,566837,567777.0,,,,1361,567777000	ID:3	[INFO: Metric    ] METRIC_TX type=DUMMY node=3 seq=14 bytes=48 time_ms=566837
RX,REAL,,3,52,48,567812.168,567808,567812.168,566836,567808,36.167999999946915,1362,567812168	ID:1	[INFO: Metric    ] METRIC_RX type=REAL src=3 seq=52 send_ms=566836 recv_ms=567808 bytes=48
RX,DUMMY,,3,14,48,567889.168,567885,567889.168,566837,567885,,1364,567889168	ID:1	[INFO: Metric    ] METRIC_RX type=DUMMY src=3 seq=14 send_ms=566837 recv_ms=567885 bytes=48
TX,REAL,4,,53,48,568359.0,567734,568359.0,,,,1366,568359000	ID:4	[INFO: Metric    ] METRIC_TX type=REAL node=4 seq=53 bytes=48 time_ms=567734
TX,DUMMY,4,,9,48,568360.0,567735,568360.0,,,,1367,568360000	ID:4	[INFO: Metric    ] METRIC_TX type=DUMMY node=4 seq=9 bytes=48 time_ms=567735
RX,REAL,,4,53,48,568408.168,568404,568408.168,567734,568404,49.167999999946915,1368,568408168	ID:1	[INFO: Metric    ] METRIC_RX type=REAL src=4 seq=53 send_ms=567734 recv_ms=568404 bytes=48
RX,DUMMY,,4,9,48,568440.168,568436,568440.168,567735,568436,,1369,568440168	ID:1	[INFO: Metric    ] METRIC_RX type=DUMMY src=4 seq=9 send_ms=567735 recv_ms=568436 bytes=48
TX,REAL,2,,56,48,573112.0,572634,573112.0,,,,1372,573112000	ID:2	[INFO: Metric    ] METRIC_TX type=REAL node=2 seq=56 bytes=48 time_ms=572634
RX,REAL,,2,56,48,573146.88,573142,573146.88,572634,573142,34.88000000000466,1373,573146880	ID:1	[INFO: Metric    ] METRIC_RX type=REAL src=2 seq=56 send_ms=572634 recv_ms=573142 bytes=48
TX,REAL,7,,55,48,574665.0,574276,574665.0,,,,1375,574665000	ID:7	[INFO: Metric    ] METRIC_TX type=REAL node=7 seq=55 bytes=48 time_ms=574276
RX,REAL,,7,55,48,574708.88,574704,574708.88,574276,574704,43.88000000000466,1376,574708880	ID:1	[INFO: Metric    ] METRIC_RX type=REAL src=7 seq=55 send_ms=574276 recv_ms=574704 bytes=48
TX,REAL,6,,55,48,575386.0,574452,575386.0,,,,1378,575386000	ID:6	[INFO: Metric    ] METRIC_TX type=REAL node=6 seq=55 bytes=48 time_ms=574452
RX,REAL,,6,55,48,575404.88,575400,575404.88,574452,575400,18.880000000004657,1379,575404880	ID:1	[INFO: Metric    ] METRIC_RX type=REAL src=6 seq=55 send_ms=574452 recv_ms=575400 bytes=48
TX,REAL,5,,54,48,575621.0,574678,575621.0,,,,1381,575621000	ID:5	[INFO: Metric    ] METRIC_TX type=REAL node=5 seq=54 bytes=48 time_ms=574678
RX,REAL,,5,54,48,575693.168,575689,575693.168,574678,575689,72.16799999994691,1382,575693168	ID:1	[INFO: Metric    ] METRIC_RX type=REAL src=5 seq=54 send_ms=574678 recv_ms=575689 bytes=48
TX,REAL,4,,54,48,577361.0,576736,577361.0,,,,1384,577361000	ID:4	[INFO: Metric    ] METRIC_TX type=REAL node=4 seq=54 bytes=48 time_ms=576736
RX,REAL,,4,54,48,577413.168,577409,577413.168,576736,577409,52.167999999946915,1385,577413168	ID:1	[INFO: Metric    ] METRIC_RX type=REAL src=4 seq=54 send_ms=576736 recv_ms=577409 bytes=48
TX,REAL,3,,53,48,577778.0,576838,577778.0,,,,1387,577778000	ID:3	[INFO: Metric    ] METRIC_TX type=REAL node=3 seq=53 bytes=48 time_ms=576838
TX,DUMMY,3,,15,48,577779.0,576839,577779.0,,,,1388,577779000	ID:3	[INFO: Metric    ] METRIC_TX type=DUMMY node=3 seq=15 bytes=48 time_ms=576839
RX,REAL,,3,53,48,577836.304,577832,577836.304,576838,577832,58.304000000003725,1389,577836304	ID:1	[INFO: Metric    ] METRIC_RX type=REAL src=3 seq=53 send_ms=576838 recv_ms=577832 bytes=48
RX,DUMMY,,3,15,48,577881.168,577877,577881.168,576839,577877,,1391,577881168	ID:1	[INFO: Metric    ] METRIC_RX type=DUMMY src=3 seq=15 send_ms=576839 recv_ms=577877 bytes=48
TX,REAL,2,,57,48,582113.0,581635,582113.0,,,,1394,582113000	ID:2	[INFO: Metric    ] METRIC_TX type=REAL node=2 seq=57 bytes=48 time_ms=581635
RX,REAL,,2,57,48,582151.88,582147,582151.88,581635,582147,38.88000000000466,1395,582151880	ID:1	[INFO: Metric    ] METRIC_RX type=REAL src=2 seq=57 send_ms=581635 recv_ms=582147 bytes=48
TX,REAL,6,,56,48,584387.0,583453,584387.0,,,,1397,584387000	ID:6	[INFO: Metric    ] METRIC_TX type=REAL node=6 seq=56 bytes=48 time_ms=583453
RX,REAL,,6,56,48,584412.88,584408,584412.88,583453,584408,25.880000000004657,1398,584412880	ID:1	[INFO: Metric    ] METRIC_RX type=REAL src=6 seq=56 send_ms=583453 recv_ms=584408 bytes=48
TX,REAL,5,,55,48,585622.0,584679,585622.0,,,,1400,585622000	ID:5	[INFO: Metric    ] METRIC_TX type=REAL node=5 seq=55 bytes=48 time_ms=584679
TX,REAL,7,,56,48,585666.0,585277,585666.0,,,,1401,585666000	ID:7	[INFO: Metric    ] METRIC_TX type=REAL node=7 seq=56 bytes=48 time_ms=585277
TX,DUMMY,7,,10,48,585667.0,585278,585667.0,,,,1402,585667000	ID:7	[INFO: Metric    ] METRIC_TX type=DUMMY node=7 seq=10 bytes=48 time_ms=585278
RX,REAL,,5,55,48,585720.168,585716,585720.168,584679,585716,98.16799999994691,1403,585720168	ID:1	[INFO: Metric    ] METRIC_RX type=REAL src=5 seq=55 send_ms=584679 recv_ms=585716 bytes=48
RX,REAL,,7,56,48,585741.88,585737,585741.88,585277,585737,75.88000000000466,1404,585741880	ID:1	[INFO: Metric    ] METRIC_RX type=REAL src=7 seq=56 send_ms=585277 recv_ms=585737 bytes=48
RX,DUMMY,,7,10,48,585820.88,585816,585820.88,585278,585816,,1407,585820880	ID:1	[INFO: Metric    ] METRIC_RX type=DUMMY src=7 seq=10 send_ms=585278 recv_ms=585816 bytes=48
TX,REAL,4,,55,48,586362.0,585737,586362.0,,,,1409,586362000	ID:4	[INFO: Metric    ] METRIC_TX type=REAL node=4 seq=55 bytes=48 time_ms=585737
RX,REAL,,4,55,48,586447.168,586443,586447.168,585737,586443,85.16799999994691,1410,586447168	ID:1	[INFO: Metric    ] METRIC_RX type=REAL src=4 seq=55 send_ms=585737 recv_ms=586443 bytes=48
TX,REAL,3,,54,48,586780.0,585840,586780.0,,,,1412,586780000	ID:3	[INFO: Metric    ] METRIC_TX type=REAL node=3 seq=54 bytes=48 time_ms=585840
TX,DUMMY,3,,16,48,586781.0,585841,586781.0,,,,1413,586781000	ID:3	[INFO: Metric    ] METRIC_TX type=DUMMY node=3 seq=16 bytes=48 time_ms=585841
RX,REAL,,3,54,48,586899.168,586895,586899.168,585840,586895,119.16799999994691,1414,586899168	ID:1	[INFO: Metric    ] METRIC_RX type=REAL src=3 seq=54 send_ms=585840 recv_ms=586895 bytes=48
RX,DUMMY,,3,16,48,586969.168,586965,586969.168,585841,586965,,1416,586969168	ID:1	[INFO: Metric    ] METRIC_RX type=DUMMY src=3 seq=16 send_ms=585841 recv_ms=586965 bytes=48
TX,REAL,2,,58,48,593114.0,592636,593114.0,,,,1418,593114000	ID:2	[INFO: Metric    ] METRIC_TX type=REAL node=2 seq=58 bytes=48 time_ms=592636
TX,DUMMY,2,,13,48,593115.0,592637,593115.0,,,,1419,593115000	ID:2	[INFO: Metric    ] METRIC_TX type=DUMMY node=2 seq=13 bytes=48 time_ms=592637
RX,REAL,,2,58,48,593145.88,593141,593145.88,592636,593141,31.880000000004657,1420,593145880	ID:1	[INFO: Metric    ] METRIC_RX type=REAL src=2 seq=58 send_ms=592636 recv_ms=593141 bytes=48
RX,DUMMY,,2,13,48,593164.88,593160,593164.88,592637,593160,,1422,593164880	ID:1	[INFO: Metric    ] METRIC_RX type=DUMMY src=2 seq=13 send_ms=592637 recv_ms=593160 bytes=48
TX,REAL,6,,57,48,593388.0,592454,593388.0,,,,1425,593388000	ID:6	[INFO: Metric    ] METRIC_TX type=REAL node=6 seq=57 bytes=48 time_ms=592454
RX,REAL,,6,57,48,593413.88,593409,593413.88,592454,593409,25.880000000004657,1426,593413880	ID:1	[INFO: Metric    ] METRIC_RX type=REAL src=6 seq=57 send_ms=592454 recv_ms=593409 bytes=48
TX,REAL,7,,57,48,595668.0,595279,595668.0,,,,1428,595668000	ID:7	[INFO: Metric    ] METRIC_TX type=REAL node=7 seq=57 bytes=48 time_ms=595279
RX,REAL,,7,57,48,595685.88,595681,595685.88,595279,595681,17.880000000004657,1429,595685880	ID:1	[INFO: Metric    ] METRIC_RX type=REAL src=7 seq=57 send_ms=595279 recv_ms=595681 bytes=48
TX,REAL,5,,56,48,596623.0,595680,596623.0,,,,1431,596623000	ID:5	[INFO: Metric    ] METRIC_TX type=REAL node=5 seq=56 bytes=48 time_ms=595680
RX,REAL,,5,56,48,596676.168,596672,596676.168,595680,596672,53.167999999946915,1432,596676168	ID:1	[INFO: Metric    ] METRIC_RX type=REAL src=5 seq=56 send_ms=595680 recv_ms=596672 bytes=48
TX,REAL,4,,56,48,597363.0,596738,597363.0,,,,1434,597363000	ID:4	[INFO: Metric    ] METRIC_TX type=REAL node=4 seq=56 bytes=48 time_ms=596738
RX,REAL,,4,56,48,597414.168,597410,597414.168,596738,597410,51.167999999946915,1435,597414168	ID:1	[INFO: Metric    ] METRIC_RX type=REAL src=4 seq=56 send_ms=596738 recv_ms=597410 bytes=48
TX,REAL,3,,55,48,597782.0,596842,597782.0,,,,1437,597782000	ID:3	[INFO: Metric    ] METRIC_TX type=REAL node=3 seq=55 bytes=48 time_ms=596842
RX,REAL,,3,55,48,597800.168,597796,597800.168,596842,597796,18.167999999946915,1438,597800168	ID:1	[INFO: Metric    ] METRIC_RX type=REAL src=3 seq=55 send_ms=596842 recv_ms=597796 bytes=48
TX,REAL,2,,59,48,602116.0,601638,602116.0,,,,1440,602116000	ID:2	[INFO: Metric    ] METRIC_TX type=REAL node=2 seq=59 bytes=48 time_ms=601638
RX,REAL,,2,59,48,602145.88,602141,602145.88,601638,602141,29.880000000004657,1441,602145880	ID:1	[INFO: Metric    ] METRIC_RX type=REAL src=2 seq=59 send_ms=601638 recv_ms=602141 bytes=48
TX,REAL,6,,58,48,603389.0,602455,603389.0,,,,1443,603389000	ID:6	[INFO: Metric    ] METRIC_TX type=REAL node=6 seq=58 bytes=48 time_ms=602455
RX,REAL,,6,58,48,603420.88,603416,603420.88,602455,603416,31.880000000004657,1444,603420880	ID:1	[INFO: Metric    ] METRIC_RX type=REAL src=6 seq=58 send_ms=602455 recv_ms=603416 bytes=48
TX,REAL,7,,58,48,605669.0,605280,605669.0,,,,1446,605669000	ID:7	[INFO: Metric    ] METRIC_TX type=REAL node=7 seq=58 bytes=48 time_ms=605280
TX,DUMMY,7,,11,48,605670.0,605281,605670.0,,,,1447,605670000	ID:7	[INFO: Metric    ] METRIC_TX type=DUMMY node=7 seq=11 bytes=48 time_ms=605281
RX,REAL,,7,58,48,605675.88,605671,605675.88,605280,605671,6.880000000004657,1448,605675880	ID:1	[INFO: Metric    ] METRIC_RX type=REAL src=7 seq=58 send_ms=605280 recv_ms=605671 bytes=48
RX,DUMMY,,7,11,48,605851.88,605847,605851.88,605281,605847,,1450,605851880	ID:1	[INFO: Metric    ] METRIC_RX type=DUMMY src=7 seq=11 send_ms=605281 recv_ms=605847 bytes=48
TX,REAL,5,,57,48,606624.0,605681,606624.0,,,,1453,606624000	ID:5	[INFO: Metric    ] METRIC_TX type=REAL node=5 seq=57 bytes=48 time_ms=605681
RX,REAL,,5,57,48,606664.168,606660,606664.168,605681,606660,40.167999999946915,1454,606664168	ID:1	[INFO: Metric    ] METRIC_RX type=REAL src=5 seq=57 send_ms=605681 recv_ms=606660 bytes=48
TX,REAL,4,,57,48,607364.0,606739,607364.0,,,,1456,607364000	ID:4	[INFO: Metric    ] METRIC_TX type=REAL node=4 seq=57 bytes=48 time_ms=606739
TX,DUMMY,4,,10,48,607365.0,606740,607365.0,,,,1457,607365000	ID:4	[INFO: Metric    ] METRIC_TX type=DUMMY node=4 seq=10 bytes=48 time_ms=606740
RX,REAL,,4,57,48,607457.168,607453,607457.168,606739,607453,93.16799999994691,1458,607457168	ID:1	[INFO: Metric    ] METRIC_RX type=REAL src=4 seq=57 send_ms=606739 recv_ms=607453 bytes=48
RX,DUMMY,,4,10,48,607486.592,607482,607486.592,606740,607482,,1460,607486592	ID:1	[INFO: Metric    ] METRIC_RX type=DUMMY src=4 seq=10 send_ms=606740 recv_ms=607482 bytes=48
TX,REAL,3,,56,48,607783.0,606843,607783.0,,,,1462,607783000	ID:3	[INFO: Metric    ] METRIC_TX type=REAL node=3 seq=56 bytes=48 time_ms=606843
TX,DUMMY,3,,17,48,607784.0,606844,607784.0,,,,1463,607784000	ID:3	[INFO: Metric    ] METRIC_TX type=DUMMY node=3 seq=17 bytes=48 time_ms=606844
RX,REAL,,3,56,48,607995.168,607991,607995.168,606843,607991,212.16799999994691,1464,607995168	ID:1	[INFO: Metric    ] METRIC_RX type=REAL src=3 seq=56 send_ms=606843 recv_ms=607991 bytes=48
RX,DUMMY,,3,17,48,608030.168,608026,608030.168,606844,608026,,1465,608030168	ID:1	[INFO: Metric    ] METRIC_RX type=DUMMY src=3 seq=17 send_ms=606844 recv_ms=608026 bytes=48
TX,REAL,2,,60,48,612117.0,611639,612117.0,,,,1470,612117000	ID:2	[INFO: Metric    ] METRIC_TX type=REAL node=2 seq=60 bytes=48 time_ms=611639
RX,REAL,,2,60,48,612153.88,612149,612153.88,611639,612149,36.88000000000466,1471,612153880	ID:1	[INFO: Metric    ] METRIC_RX type=REAL src=2 seq=60 send_ms=611639 recv_ms=612149 bytes=48
TX,REAL,6,,59,48,614390.0,613456,614390.0,,,,1473,614390000	ID:6	[INFO: Metric    ] METRIC_TX type=REAL node=6 seq=59 bytes=48 time_ms=613456
TX,DUMMY,6,,9,48,614391.0,613457,614391.0,,,,1474,614391000	ID:6	[INFO: Metric    ] METRIC_TX type=DUMMY node=6 seq=9 bytes=48 time_ms=613457
RX,REAL,,6,59,48,614411.88,614407,614411.88,613456,614407,21.880000000004657,1475,614411880	ID:1	[INFO: Metric    ] METRIC_RX type=REAL src=6 seq=59 send_ms=613456 recv_ms=614407 bytes=48
RX,DUMMY,,6,9,48,614448.76,614444,614448.76,613457,614444,,1477,614448760	ID:1	[INFO: Metric    ] METRIC_RX type=DUMMY src=6 seq=9 send_ms=613457 recv_ms=614444 bytes=48
TX,REAL,7,,59,48,615671.0,615282,615671.0,,,,1479,615671000	ID:7	[INFO: Metric    ] METRIC_TX type=REAL node=7 seq=59 bytes=48 time_ms=615282
RX,REAL,,7,59,48,615680.88,615676,615680.88,615282,615676,9.880000000004657,1480,615680880	ID:1	[INFO: Metric    ] METRIC_RX type=REAL src=7 seq=59 send_ms=615282 recv_ms=615676 bytes=48
TX,REAL,5,,58,48,616625.0,615682,616625.0,,,,1482,616625000	ID:5	[INFO: Metric    ] METRIC_TX type=REAL node=5 seq=58 bytes=48 time_ms=615682
RX,REAL,,5,58,48,616652.168,616648,616652.168,615682,616648,27.167999999946915,1483,616652168	ID:1	[INFO: Metric    ] METRIC_RX type=REAL src=5 seq=58 send_ms=615682 recv_ms=616648 bytes=48
TX,REAL,4,,58,48,618366.0,617741,618366.0,,,,1486,618366000	ID:4	[INFO: Metric    ] METRIC_TX type=REAL node=4 seq=58 bytes=48 time_ms=617741
RX,REAL,,4,58,48,618391.304,618387,618391.304,617741,618387,25.304000000003725,1487,618391304	ID:1	[INFO: Metric    ] METRIC_RX type=REAL src=4 seq=58 send_ms=617741 recv_ms=618387 bytes=48
TX,REAL,3,,57,48,618785.0,617845,618785.0,,,,1489,618785000	ID:3	[INFO: Metric    ] METRIC_TX type=REAL node=3 seq=57 bytes=48 time_ms=617845
RX,REAL,,3,57,48,618860.168,618856,618860.168,617845,618856,75.16799999994691,1490,618860168	ID:1	[INFO: Metric    ] METRIC_RX type=REAL src=3 seq=57 send_ms=617845 recv_ms=618856 bytes=48
TX,REAL,2,,61,48,622118.0,621640,622118.0,,,,1492,622118000	ID:2	[INFO: Metric    ] METRIC_TX type=REAL node=2 seq=61 bytes=48 time_ms=621640
RX,REAL,,2,61,48,622131.88,622127,622131.88,621640,622127,13.880000000004657,1493,622131880	ID:1	[INFO: Metric    ] METRIC_RX type=REAL src=2 seq=61 send_ms=621640 recv_ms=622127 bytes=48
TX,REAL,6,,60,48,625392.0,624458,625392.0,,,,1497,625392000	ID:6	[INFO: Metric    ] METRIC_TX type=REAL node=6 seq=60 bytes=48 time_ms=624458
RX,REAL,,6,60,48,625398.88,625394,625398.88,624458,625394,6.880000000004657,1498,625398880	ID:1	[INFO: Metric    ] METRIC_RX type=REAL src=6 seq=60 send_ms=624458 recv_ms=625394 bytes=48
TX,REAL,5,,59,48,626626.0,625683,626626.0,,,,1500,626626000	ID:5	[INFO: Metric    ] METRIC_TX type=REAL node=5 seq=59 bytes=48 time_ms=625683
TX,REAL,7,,60,48,626672.0,626283,626672.0,,,,1503,626672000	ID:7	[INFO: Metric    ] METRIC_TX type=REAL node=7 seq=60 bytes=48 time_ms=626283
RX,REAL,,7,60,48,626682.88,626678,626682.88,626283,626678,10.880000000004657,1504,626682880	ID:1	[INFO: Metric    ] METRIC_RX type=REAL src=7 seq=60 send_ms=626283 recv_ms=626678 bytes=48
RX,REAL,,5,59,48,626699.168,626695,626699.168,625683,626695,73.16799999994691,1505,626699168	ID:1	[INFO: Metric    ] METRIC_RX type=REAL src=5 seq=59 send_ms=625683 recv_ms=626695 bytes=48
TX,REAL,4,,59,48,627367.0,626742,627367.0,,,,1508,627367000	ID:4	[INFO: Metric    ] METRIC_TX type=REAL node=4 seq=59 bytes=48 time_ms=626742
RX,REAL,,4,59,48,627452.168,627448,627452.168,626742,627448,85.16799999994691,1509,627452168	ID:1	[INFO: Metric    ] METRIC_RX type=REAL src=4 seq=59 send_ms=626742 recv_ms=627448 bytes=48
TX,REAL,3,,58,48,628786.0,627846,628786.0,,,,1511,628786000	ID:3	[INFO: Metric    ] METRIC_TX type=REAL node=3 seq=58 bytes=48 time_ms=627846
RX,REAL,,3,58,48,628817.304,628813,628817.304,627846,628813,31.304000000003725,1512,628817304	ID:1	[INFO: Metric    ] METRIC_RX type=REAL src=3 seq=58 send_ms=627846 recv_ms=628813 bytes=48
TX,REAL,2,,62,48,632119.0,631641,632119.0,,,,1514,632119000	ID:2	[INFO: Metric    ] METRIC_TX type=REAL node=2 seq=62 bytes=48 time_ms=631641
RX,REAL,,2,62,48,632148.88,632144,632148.88,631641,632144,29.880000000004657,1515,632148880	ID:1	[INFO: Metric    ] METRIC_RX type=REAL src=2 seq=62 send_ms=631641 recv_ms=632144 bytes=48
TX,REAL,5,,60,48,635627.0,634684,635627.0,,,,1519,635627000	ID:5	[INFO: Metric    ] METRIC_TX type=REAL node=5 seq=60 bytes=48 time_ms=634684
TX,REAL,7,,61,48,635672.04,635284,635672.04,,,,1520,635672040	ID:7	[INFO: Metric    ] METRIC_TX type=REAL node=7 seq=61 bytes=48 time_ms=635284
RX,REAL,,7,61,48,635702.88,635698,635702.88,635284,635698,30.839999999967404,1521,635702880	ID:1	[INFO: Metric    ] METRIC_RX type=REAL src=7 seq=61 send_ms=635284 recv_ms=635698 bytes=48
RX,REAL,,5,60,48,635761.168,635757,635761.168,634684,635757,134.16799999994691,1524,635761168	ID:1	[INFO: Metric    ] METRIC_RX type=REAL src=5 seq=60 send_ms=634684 recv_ms=635757 bytes=48
TX,REAL,6,,61,48,636393.0,635459,636393.0,,,,1526,636393000	ID:6	[INFO: Metric    ] METRIC_TX type=REAL node=6 seq=61 bytes=48 time_ms=635459
RX,REAL,,6,61,48,636408.88,636404,636408.88,635459,636404,15.880000000004657,1527,636408880	ID:1	[INFO: Metric    ] METRIC_RX type=REAL src=6 seq=61 send_ms=635459 recv_ms=636404 bytes=48
TX,REAL,4,,60,48,638368.0,637743,638368.0,,,,1531,638368000	ID:4	[INFO: Metric    ] METRIC_TX type=REAL node=4 seq=60 bytes=48 time_ms=637743
TX,DUMMY,4,,11,48,638369.0,637744,638369.0,,,,1532,638369000	ID:4	[INFO: Metric    ] METRIC_TX type=DUMMY node=4 seq=11 bytes=48 time_ms=637744
RX,REAL,,4,60,48,638413.168,638409,638413.168,637743,638409,45.167999999946915,1533,638413168	ID:1	[INFO: Metric    ] METRIC_RX type=REAL src=4 seq=60 send_ms=637743 recv_ms=638409 bytes=48
RX,DUMMY,,4,11,48,638435.168,638431,638435.168,637744,638431,,1534,638435168	ID:1	[INFO: Metric    ] METRIC_RX type=DUMMY src=4 seq=11 send_ms=637744 recv_ms=638431 bytes=48
TX,REAL,3,,59,48,638787.0,637847,638787.0,,,,1537,638787000	ID:3	[INFO: Metric    ] METRIC_TX type=REAL node=3 seq=59 bytes=48 time_ms=637847
TX,DUMMY,3,,18,48,638788.0,637848,638788.0,,,,1538,638788000	ID:3	[INFO: Metric    ] METRIC_TX type=DUMMY node=3 seq=18 bytes=48 time_ms=637848
RX,REAL,,3,59,48,638906.168,638902,638906.168,637847,638902,119.16799999994691,1539,638906168	ID:1	[INFO: Metric    ] METRIC_RX type=REAL src=3 seq=59 send_ms=637847 recv_ms=638902 bytes=48
RX,DUMMY,,3,18,48,638930.168,638926,638930.168,637848,638926,,1540,638930168	ID:1	[INFO: Metric    ] METRIC_RX type=DUMMY src=3 seq=18 send_ms=637848 recv_ms=638926 bytes=48
TX,REAL,2,,63,48,641120.0,640642,641120.0,,,,1543,641120000	ID:2	[INFO: Metric    ] METRIC_TX type=REAL node=2 seq=63 bytes=48 time_ms=640642
RX,REAL,,2,63,48,641159.88,641155,641159.88,640642,641155,39.88000000000466,1544,641159880	ID:1	[INFO: Metric    ] METRIC_RX type=REAL src=2 seq=63 send_ms=640642 recv_ms=641155 bytes=48
TX,REAL,5,,61,48,646628.0,645685,646628.0,,,,1546,646628000	ID:5	[INFO: Metric    ] METRIC_TX type=REAL node=5 seq=61 bytes=48 time_ms=645685
TX,DUMMY,5,,10,48,646629.0,645686,646629.0,,,,1547,646629000	ID:5	[INFO: Metric    ] METRIC_TX type=DUMMY node=5 seq=10 bytes=48 time_ms=645686
TX,REAL,7,,62,48,646673.0,646284,646673.0,,,,1548,646673000	ID:7	[INFO: Metric    ] METRIC_TX type=REAL node=7 seq=62 bytes=48 time_ms=646284
RX,REAL,,5,61,48,646691.168,646687,646691.168,645685,646687,63.167999999946915,1549,646691168	ID:1	[INFO: Metric    ] METRIC_RX type=REAL src=5 seq=61 send_ms=645685 recv_ms=646687 bytes=48
RX,REAL,,7,62,48,646703.88,646699,646703.88,646284,646699,30.880000000004657,1550,646703880	ID:1	[INFO: Metric    ] METRIC_RX type=REAL src=7 seq=62 send_ms=646284 recv_ms=646699 bytes=48
RX,DUMMY,,5,10,48,646779.592,646775,646779.592,645686,646775,,1553,646779592	ID:1	[INFO: Metric    ] METRIC_RX type=DUMMY src=5 seq=10 send_ms=645686 recv_ms=646775 bytes=48
TX,REAL,6,,62,48,647394.0,646460,647394.0,,,,1556,647394000	ID:6	[INFO: Metric    ] METRIC_TX type=REAL node=6 seq=62 bytes=48 time_ms=646460
RX,REAL,,6,62,48,647404.88,647400,647404.88,646460,647400,10.880000000004657,1557,647404880	ID:1	[INFO: Metric    ] METRIC_RX type=REAL src=6 seq=62 send_ms=646460 recv_ms=647400 bytes=48
TX,REAL,3,,60,48,647789.0,646849,647789.0,,,,1561,647789000	ID:3	[INFO: Metric    ] METRIC_TX type=REAL node=3 seq=60 bytes=48 time_ms=646849
TX,DUMMY,3,,19,48,647790.0,646850,647790.0,,,,1562,647790000	ID:3	[INFO: Metric    ] METRIC_TX type=DUMMY node=3 seq=19 bytes=48 time_ms=646850
RX,REAL,,3,60,48,647842.168,647838,647842.168,646849,647838,53.167999999946915,1563,647842168	ID:1	[INFO: Metric    ] METRIC_RX type=REAL src=3 seq=60 send_ms=646849 recv_ms=647838 bytes=48
RX,DUMMY,,3,19,48,647893.304,647889,647893.304,646850,647889,,1564,647893304	ID:1	[INFO: Metric    ] METRIC_RX type=DUMMY src=3 seq=19 send_ms=646850 recv_ms=647889 bytes=48
TX,REAL,4,,61,48,649370.0,648745,649370.0,,,,1567,649370000	ID:4	[INFO: Metric    ] METRIC_TX type=REAL node=4 seq=61 bytes=48 time_ms=648745
RX,REAL,,4,61,48,649453.168,649449,649453.168,648745,649449,83.16799999994691,1568,649453168	ID:1	[INFO: Metric    ] METRIC_RX type=REAL src=4 seq=61 send_ms=648745 recv_ms=649449 bytes=48
TX,REAL,2,,64,48,650121.0,649643,650121.0,,,,1570,650121000	ID:2	[INFO: Metric    ] METRIC_TX type=REAL node=2 seq=64 bytes=48 time_ms=649643
TX,DUMMY,2,,14,48,650122.0,649644,650122.0,,,,1571,650122000	ID:2	[INFO: Metric    ] METRIC_TX type=DUMMY node=2 seq=14 bytes=48 time_ms=649644
RX,REAL,,2,64,48,650147.88,650143,650147.88,649643,650143,26.880000000004657,1572,650147880	ID:1	[INFO: Metric    ] METRIC_RX type=REAL src=2 seq=64 send_ms=649643 recv_ms=650143 bytes=48
RX,DUMMY,,2,14,48,650163.88,650159,650163.88,649644,650159,,1573,650163880	ID:1	[INFO: Metric    ] METRIC_RX type=DUMMY src=2 seq=14 send_ms=649644 recv_ms=650159 bytes=48
TX,REAL,5,,62,48,656630.0,655687,656630.0,,,,1576,656630000	ID:5	[INFO: Metric    ] METRIC_TX type=REAL node=5 seq=62 bytes=48 time_ms=655687
RX,REAL,,5,62,48,656659.168,656655,656659.168,655687,656655,29.167999999946915,1577,656659168	ID:1	[INFO: Metric    ] METRIC_RX type=REAL src=5 seq=62 send_ms=655687 recv_ms=656655 bytes=48
TX,REAL,6,,63,48,657395.0,656461,657395.0,,,,1579,657395000	ID:6	[INFO: Metric    ] METRIC_TX type=REAL node=6 seq=63 bytes=48 time_ms=656461
RX,REAL,,6,63,48,657438.88,657434,657438.88,656461,657434,43.88000000000466,1580,657438880	ID:1	[INFO: Metric    ] METRIC_RX type=REAL src=6 seq=63 send_ms=656461 recv_ms=657434 bytes=48
TX,REAL,7,,63,48,657674.0,657285,657674.0,,,,1582,657674000	ID:7	[INFO: Metric    ] METRIC_TX type=REAL node=7 seq=63 bytes=48 time_ms=657285
RX,REAL,,7,63,48,657702.88,657698,657702.88,657285,657698,28.880000000004657,1583,657702880	ID:1	[INFO: Metric    ] METRIC_RX type=REAL src=7 seq=63 send_ms=657285 recv_ms=657698 bytes=48
TX,REAL,3,,61,48,658791.0,657851,658791.0,,,,1585,658791000	ID:3	[INFO: Metric    ] METRIC_TX type=REAL node=3 seq=61 bytes=48 time_ms=657851
RX,REAL,,3,61,48,658835.168,658831,658835.168,657851,658831,44.167999999946915,1586,658835168	ID:1	[INFO: Metric    ] METRIC_RX type=REAL src=3 seq=61 send_ms=657851 recv_ms=658831 bytes=48
TX,REAL,4,,62,48,659371.0,658746,659371.0,,,,1589,659371000	ID:4	[INFO: Metric    ] METRIC_TX type=REAL node=4 seq=62 bytes=48 time_ms=658746
RX,REAL,,4,62,48,659402.168,659398,659402.168,658746,659398,31.167999999946915,1590,659402168	ID:1	[INFO: Metric    ] METRIC_RX type=REAL src=4 seq=62 send_ms=658746 recv_ms=659398 bytes=48
TX,REAL,2,,65,48,660123.0,659645,660123.0,,,,1592,660123000	ID:2	[INFO: Metric    ] METRIC_TX type=REAL node=2 seq=65 bytes=48 time_ms=659645
RX,REAL,,2,65,48,660153.88,660149,660153.88,659645,660149,30.880000000004657,1593,660153880	ID:1	[INFO: Metric    ] METRIC_RX type=REAL src=2 seq=65 send_ms=659645 recv_ms=660149 bytes=48
TX,REAL,5,,63,48,666631.0,665688,666631.0,,,,1595,666631000	ID:5	[INFO: Metric    ] METRIC_TX type=REAL node=5 seq=63 bytes=48 time_ms=665688
TX,DUMMY,5,,11,48,666632.0,665689,666632.0,,,,1596,666632000	ID:5	[INFO: Metric    ] METRIC_TX type=DUMMY node=5 seq=11 bytes=48 time_ms=665689
RX,REAL,,5,63,48,666660.168,666656,666660.168,665688,666656,29.167999999946915,1597,666660168	ID:1	[INFO: Metric    ] METRIC_RX type=REAL src=5 seq=63 send_ms=665688 recv_ms=666656 bytes=48
RX,DUMMY,,5,11,48,666693.168,666689,666693.168,665689,666689,,1598,666693168	ID:1	[INFO: Metric    ] METRIC_RX type=DUMMY src=5 seq=11 send_ms=665689 recv_ms=666689 bytes=48
TX,REAL,6,,64,48,667396.0,666462,667396.0,,,,1601,667396000	ID:6	[INFO: Metric    ] METRIC_TX type=REAL node=6 seq=64 bytes=48 time_ms=666462
RX,REAL,,6,64,48,667423.88,667419,667423.88,666462,667419,27.880000000004657,1602,667423880	ID:1	[INFO: Metric    ] METRIC_RX type=REAL src=6 seq=64 send_ms=666462 recv_ms=667419 bytes=48
TX,REAL,7,,64,48,668675.0,668286,668675.0,,,,1604,668675000	ID:7	[INFO: Metric    ] METRIC_TX type=REAL node=7 seq=64 bytes=48 time_ms=668286
RX,REAL,,7,64,48,668694.88,668690,668694.88,668286,668690,19.880000000004657,1605,668694880	ID:1	[INFO: Metric    ] METRIC_RX type=REAL src=7 seq=64 send_ms=668286 recv_ms=668690 bytes=48
TX,REAL,3,,62,48,669792.0,668852,669792.0,,,,1607,669792000	ID:3	[INFO: Metric    ] METRIC_TX type=REAL node=3 seq=62 bytes=48 time_ms=668852
TX,DUMMY,3,,20,48,669793.0,668853,669793.0,,,,1608,669793000	ID:3	[INFO: Metric    ] METRIC_TX type=DUMMY node=3 seq=20 bytes=48 time_ms=668853
RX,REAL,,3,62,48,669846.168,669842,669846.168,668852,669842,54.167999999946915,1609,669846168	ID:1	[INFO: Metric    ] METRIC_RX type=REAL src=3 seq=62 send_ms=668852 recv_ms=669842 bytes=48
RX,DUMMY,,3,20,48,669860.168,669856,669860.168,668853,669856,,1610,669860168	ID:1	[INFO: Metric    ] METRIC_RX type=DUMMY src=3 seq=20 send_ms=668853 recv_ms=669856 bytes=48
TX,REAL,2,,66,48,670124.0,669646,670124.0,,,,1613,670124000	ID:2	[INFO: Metric    ] METRIC_TX type=REAL node=2 seq=66 bytes=48 time_ms=669646
RX,REAL,,2,66,48,670166.88,670162,670166.88,669646,670162,42.88000000000466,1614,670166880	ID:1	[INFO: Metric    ] METRIC_RX type=REAL src=2 seq=66 send_ms=669646 recv_ms=670162 bytes=48
TX,REAL,4,,63,48,670372.0,669747,670372.0,,,,1616,670372000	ID:4	[INFO: Metric    ] METRIC_TX type=REAL node=4 seq=63 bytes=48 time_ms=669747
RX,REAL,,4,63,48,670415.168,670411,670415.168,669747,670411,43.167999999946915,1617,670415168	ID:1	[INFO: Metric    ] METRIC_RX type=REAL src=4 seq=63 send_ms=669747 recv_ms=670411 bytes=48
TX,REAL,5,,64,48,675633.0,674690,675633.0,,,,1620,675633000	ID:5	[INFO: Metric    ] METRIC_TX type=REAL node=5 seq=64 bytes=48 time_ms=674690
RX,REAL,,5,64,48,675687.168,675683,675687.168,674690,675683,54.167999999946915,1621,675687168	ID:1	[INFO: Metric    ] METRIC_RX type=REAL src=5 seq=64 send_ms=674690 recv_ms=675683 bytes=48
TX,REAL,6,,65,48,677397.0,676463,677397.0,,,,1623,677397000	ID:6	[INFO: Metric    ] METRIC_TX type=REAL node=6 seq=65 bytes=48 time_ms=676463
RX,REAL,,6,65,48,677418.88,677414,677418.88,676463,677414,21.880000000004657,1624,677418880	ID:1	[INFO: Metric    ] METRIC_RX type=REAL src=6 seq=65 send_ms=676463 recv_ms=677414 bytes=48
TX,REAL,7,,65,48,678676.0,678287,678676.0,,,,1626,678676000	ID:7	[INFO: Metric    ] METRIC_TX type=REAL node=7 seq=65 bytes=48 time_ms=678287
RX,REAL,,7,65,48,678721.88,678717,678721.88,678287,678717,45.88000000000466,1627,678721880	ID:1	[INFO: Metric    ] METRIC_RX type=REAL src=7 seq=65 send_ms=678287 recv_ms=678717 bytes=48
TX,REAL,3,,63,48,678794.0,677854,678794.0,,,,1629,678794000	ID:3	[INFO: Metric    ] METRIC_TX type=REAL node=3 seq=63 bytes=48 time_ms=677854
RX,REAL,,3,63,48,678845.168,678841,678845.168,677854,678841,51.167999999946915,1630,678845168	ID:1	[INFO: Metric    ] METRIC_RX type=REAL src=3 seq=63 send_ms=677854 recv_ms=678841 bytes=48
TX,REAL,2,,67,48,680125.0,679647,680125.0,,,,1632,680125000	ID:2	[INFO: Metric    ] METRIC_TX type=REAL node=2 seq=67 bytes=48 time_ms=679647
RX,REAL,,2,67,48,680142.88,680138,680142.88,679647,680138,17.880000000004657,1633,680142880	ID:1	[INFO: Metric    ] METRIC_RX type=REAL src=2 seq=67 send_ms=679647 recv_ms=680138 bytes=48
TX,REAL,4,,64,48,681373.0,680748,681373.0,,,,1635,681373000	ID:4	[INFO: Metric    ] METRIC_TX type=REAL node=4 seq=64 bytes=48 time_ms=680748
TX,DUMMY,4,,12,48,681374.0,680749,681374.0,,,,1636,681374000	ID:4	[INFO: Metric    ] METRIC_TX type=DUMMY node=4 seq=12 bytes=48 time_ms=680749
RX,REAL,,4,64,48,681415.168,681411,681415.168,680748,681411,42.167999999946915,1637,681415168	ID:1	[INFO: Metric    ] METRIC_RX type=REAL src=4 seq=64 send_ms=680748 recv_ms=681411 bytes=48
RX,DUMMY,,4,12,48,681432.168,681428,681432.168,680749,681428,,1638,681432168	ID:1	[INFO: Metric    ] METRIC_RX type=DUMMY src=4 seq=12 send_ms=680749 recv_ms=681428 bytes=48
TX,REAL,5,,65,48,686634.0,685691,686634.0,,,,1641,686634000	ID:5	[INFO: Metric    ] METRIC_TX type=REAL node=5 seq=65 bytes=48 time_ms=685691
RX,REAL,,5,65,48,686681.168,686677,686681.168,685691,686677,47.167999999946915,1642,686681168	ID:1	[INFO: Metric    ] METRIC_RX type=REAL src=5 seq=65 send_ms=685691 recv_ms=686677 bytes=48
TX,REAL,7,,66,48,687677.0,687288,687677.0,,,,1644,687677000	ID:7	[INFO: Metric    ] METRIC_TX type=REAL node=7 seq=66 bytes=48 time_ms=687288
RX,REAL,,7,66,48,687712.88,687708,687712.88,687288,687708,35.88000000000466,1645,687712880	ID:1	[INFO: Metric    ] METRIC_RX type=REAL src=7 seq=66 send_ms=687288 recv_ms=687708 bytes=48
TX,REAL,6,,66,48,688398.0,687464,688398.0,,,,1647,688398000	ID:6	[INFO: Metric    ] METRIC_TX type=REAL node=6 seq=66 bytes=48 time_ms=687464
RX,REAL,,6,66,48,688421.88,688417,688421.88,687464,688417,23.880000000004657,1648,688421880	ID:1	[INFO: Metric    ] METRIC_RX type=REAL src=6 seq=66 send_ms=687464 recv_ms=688417 bytes=48
TX,REAL,3,,64,48,688795.0,687855,688795.0,,,,1651,688795000	ID:3	[INFO: Metric    ] METRIC_TX type=REAL node=3 seq=64 bytes=48 time_ms=687855
RX,REAL,,3,64,48,688826.168,688822,688826.168,687855,688822,31.167999999946915,1652,688826168	ID:1	[INFO: Metric    ] METRIC_RX type=REAL src=3 seq=64 send_ms=687855 recv_ms=688822 bytes=48
TX,REAL,2,,68,48,690126.0,689648,690126.0,,,,1654,690126000	ID:2	[INFO: Metric    ] METRIC_TX type=REAL node=2 seq=68 bytes=48 time_ms=689648
RX,REAL,,2,68,48,690171.88,690167,690171.88,689648,690167,45.88000000000466,1655,690171880	ID:1	[INFO: Metric    ] METRIC_RX type=REAL src=2 seq=68 send_ms=689648 recv_ms=690167 bytes=48
TX,REAL,4,,65,48,691375.0,690750,691375.0,,,,1657,691375000	ID:4	[INFO: Metric    ] METRIC_TX type=REAL node=4 seq=65 bytes=48 time_ms=690750
RX,REAL,,4,65,48,691435.168,691431,691435.168,690750,691431,60.167999999946915,1658,691435168	ID:1	[INFO: Metric    ] METRIC_RX type=REAL src=4 seq=65 send_ms=690750 recv_ms=691431 bytes=48
TX,REAL,5,,66,48,696635.0,695692,696635.0,,,,1660,696635000	ID:5	[INFO: Metric    ] METRIC_TX type=REAL node=5 seq=66 bytes=48 time_ms=695692
RX,REAL,,5,66,48,696677.168,696673,696677.168,695692,696673,42.167999999946915,1661,696677168	ID:1	[INFO: Metric    ] METRIC_RX type=REAL src=5 seq=66 send_ms=695692 recv_ms=696673 bytes=48
TX,REAL,3,,65,48,697796.0,696856,697796.0,,,,1663,697796000	ID:3	[INFO: Metric    ] METRIC_TX type=REAL node=3 seq=65 bytes=48 time_ms=696856
RX,REAL,,3,65,48,697832.168,697828,697832.168,696856,697828,36.167999999946915,1664,697832168	ID:1	[INFO: Metric    ] METRIC_RX type=REAL src=3 seq=65 send_ms=696856 recv_ms=697828 bytes=48
TX,REAL,6,,67,48,698399.0,697465,698399.0,,,,1666,698399000	ID:6	[INFO: Metric    ] METRIC_TX type=REAL node=6 seq=67 bytes=48 time_ms=697465
RX,REAL,,6,67,48,698426.88,698422,698426.88,697465,698422,27.880000000004657,1667,698426880	ID:1	[INFO: Metric    ] METRIC_RX type=REAL src=6 seq=67 send_ms=697465 recv_ms=698422 bytes=48
TX,REAL,7,,67,48,698678.0,698289,698678.0,,,,1669,698678000	ID:7	[INFO: Metric    ] METRIC_TX type=REAL node=7 seq=67 bytes=48 time_ms=698289
RX,REAL,,7,67,48,698709.88,698705,698709.88,698289,698705,31.880000000004657,1670,698709880	ID:1	[INFO: Metric    ] METRIC_RX type=REAL src=7 seq=67 send_ms=698289 recv_ms=698705 bytes=48
TX,REAL,2,,69,48,699127.0,698649,699127.0,,,,1672,699127000	ID:2	[INFO: Metric    ] METRIC_TX type=REAL node=2 seq=69 bytes=48 time_ms=698649
RX,REAL,,2,69,48,699153.88,699149,699153.88,698649,699149,26.880000000004657,1673,699153880	ID:1	[INFO: Metric    ] METRIC_RX type=REAL src=2 seq=69 send_ms=698649 recv_ms=699149 bytes=48
TX,REAL,4,,66,48,702376.0,701751,702376.0,,,,1675,702376000	ID:4	[INFO: Metric    ] METRIC_TX type=REAL node=4 seq=66 bytes=48 time_ms=701751
RX,REAL,,4,66,48,702456.168,702452,702456.168,701751,702452,80.16799999994691,1676,702456168	ID:1	[INFO: Metric    ] METRIC_RX type=REAL src=4 seq=66 send_ms=701751 recv_ms=702452 bytes=48
TX,REAL,5,,67,48,705636.0,704693,705636.0,,,,1678,705636000	ID:5	[INFO: Metric    ] METRIC_TX type=REAL node=5 seq=67 bytes=48 time_ms=704693
RX,REAL,,5,67,48,705699.168,705695,705699.168,704693,705695,63.167999999946915,1679,705699168	ID:1	[INFO: Metric    ] METRIC_RX type=REAL src=5 seq=67 send_ms=704693 recv_ms=705695 bytes=48
TX,REAL,6,,68,48,707400.0,706466,707400.0,,,,1682,707400000	ID:6	[INFO: Metric    ] METRIC_TX type=REAL node=6 seq=68 bytes=48 time_ms=706466
RX,REAL,,6,68,48,707430.88,707426,707430.88,706466,707426,30.880000000004657,1683,707430880	ID:1	[INFO: Metric    ] METRIC_RX type=REAL src=6 seq=68 send_ms=706466 recv_ms=707426 bytes=48
TX,REAL,7,,68,48,707679.0,707290,707679.0,,,,1685,707679000	ID:7	[INFO: Metric    ] METRIC_TX type=REAL node=7 seq=68 bytes=48 time_ms=707290
RX,REAL,,7,68,48,707721.88,707717,707721.88,707290,707717,42.88000000000466,1686,707721880	ID:1	[INFO: Metric    ] METRIC_RX type=REAL src=7 seq=68 send_ms=707290 recv_ms=707717 bytes=48
TX,REAL,3,,66,48,707797.0,706857,707797.0,,,,1688,707797000	ID:3	[INFO: Metric    ] METRIC_TX type=REAL node=3 seq=66 bytes=48 time_ms=706857
TX,DUMMY,3,,21,48,707798.0,706858,707798.0,,,,1689,707798000	ID:3	[INFO: Metric    ] METRIC_TX type=DUMMY node=3 seq=21 bytes=48 time_ms=706858
RX,REAL,,3,66,48,707838.168,707834,707838.168,706857,707834,41.167999999946915,1690,707838168	ID:1	[INFO: Metric    ] METRIC_RX type=REAL src=3 seq=66 send_ms=706857 recv_ms=707834 bytes=48
RX,DUMMY,,3,21,48,707935.168,707931,707935.168,706858,707931,,1692,707935168	ID:1	[INFO: Metric    ] METRIC_RX type=DUMMY src=3 seq=21 send_ms=706858 recv_ms=707931 bytes=48
TX,REAL,2,,70,48,710128.0,709650,710128.0,,,,1696,710128000	ID:2	[INFO: Metric    ] METRIC_TX type=REAL node=2 seq=70 bytes=48 time_ms=709650
RX,REAL,,2,70,48,710141.88,710137,710141.88,709650,710137,13.880000000004657,1697,710141880	ID:1	[INFO: Metric    ] METRIC_RX type=REAL src=2 seq=70 send_ms=709650 recv_ms=710137 bytes=48
TX,REAL,4,,67,48,712377.0,711752,712377.0,,,,1699,712377000	ID:4	[INFO: Metric    ] METRIC_TX type=REAL node=4 seq=67 bytes=48 time_ms=711752
RX,REAL,,4,67,48,712434.168,712430,712434.168,711752,712430,57.167999999946915,1700,712434168	ID:1	[INFO: Metric    ] METRIC_RX type=REAL src=4 seq=67 send_ms=711752 recv_ms=712430 bytes=48
TX,REAL,5,,68,48,715637.0,714694,715637.0,,,,1702,715637000	ID:5	[INFO: Metric    ] METRIC_TX type=REAL node=5 seq=68 bytes=48 time_ms=714694
RX,REAL,,5,68,48,715705.168,715701,715705.168,714694,715701,68.16799999994691,1703,715705168	ID:1	[INFO: Metric    ] METRIC_RX type=REAL src=5 seq=68 send_ms=714694 recv_ms=715701 bytes=48
TX,REAL,3,,67,48,716799.0,715859,716799.0,,,,1705,716799000	ID:3	[INFO: Metric    ] METRIC_TX type=REAL node=3 seq=67 bytes=48 time_ms=715859
RX,REAL,,3,67,48,716844.168,716840,716844.168,715859,716840,45.167999999946915,1706,716844168	ID:1	[INFO: Metric    ] METRIC_RX type=REAL src=3 seq=67 send_ms=715859 recv_ms=716840 bytes=48
TX,REAL,7,,69,48,717680.0,717291,717680.0,,,,1708,717680000	ID:7	[INFO: Metric    ] METRIC_TX type=REAL node=7 seq=69 bytes=48 time_ms=717291
RX,REAL,,7,69,48,717714.88,717710,717714.88,717291,717710,34.88000000000466,1709,717714880	ID:1	[INFO: Metric    ] METRIC_RX type=REAL src=7 seq=69 send_ms=717291 recv_ms=717710 bytes=48
TX,REAL,6,,69,48,718401.0,717467,718401.0,,,,1711,718401000	ID:6	[INFO: Metric    ] METRIC_TX type=REAL node=6 seq=69 bytes=48 time_ms=717467
RX,REAL,,6,69,48,718446.88,718442,718446.88,717467,718442,45.88000000000466,1712,718446880	ID:1	[INFO: Metric    ] METRIC_RX type=REAL src=6 seq=69 send_ms=717467 recv_ms=718442 bytes=48
TX,REAL,2,,71,48,721129.0,720651,721129.0,,,,1715,721129000	ID:2	[INFO: Metric    ] METRIC_TX type=REAL node=2 seq=71 bytes=48 time_ms=720651
RX,REAL,,2,71,48,721156.88,721152,721156.88,720651,721152,27.880000000004657,1716,721156880	ID:1	[INFO: Metric    ] METRIC_RX type=REAL src=2 seq=71 send_ms=720651 recv_ms=721152 bytes=48
TX,REAL,4,,68,48,723378.0,722753,723378.0,,,,1718,723378000	ID:4	[INFO: Metric    ] METRIC_TX type=REAL node=4 seq=68 bytes=48 time_ms=722753
RX,REAL,,4,68,48,723425.168,723421,723425.168,722753,723421,47.167999999946915,1719,723425168	ID:1	[INFO: Metric    ] METRIC_RX type=REAL src=4 seq=68 send_ms=722753 recv_ms=723421 bytes=48
TX,REAL,5,,69,48,726638.0,725695,726638.0,,,,1721,726638000	ID:5	[INFO: Metric    ] METRIC_TX type=REAL node=5 seq=69 bytes=48 time_ms=725695
RX,REAL,,5,69,48,726677.168,726673,726677.168,725695,726673,39.167999999946915,1722,726677168	ID:1	[INFO: Metric    ] METRIC_RX type=REAL src=5 seq=69 send_ms=725695 recv_ms=726673 bytes=48
TX,REAL,7,,70,48,726681.0,726292,726681.0,,,,1725,726681000	ID:7	[INFO: Metric    ] METRIC_TX type=REAL node=7 seq=70 bytes=48 time_ms=726292
RX,REAL,,7,70,48,726709.88,726705,726709.88,726292,726705,28.880000000004657,1726,726709880	ID:1	[INFO: Metric    ] METRIC_RX type=REAL src=7 seq=70 send_ms=726292 recv_ms=726705 bytes=48
TX,REAL,6,,70,48,727402.0,726468,727402.0,,,,1731,727402000	ID:6	[INFO: Metric    ] METRIC_TX type=REAL node=6 seq=70 bytes=48 time_ms=726468
TX,DUMMY,6,,10,48,727403.0,726469,727403.0,,,,1732,727403000	ID:6	[INFO: Metric    ] METRIC_TX type=DUMMY node=6 seq=10 bytes=48 time_ms=726469
RX,REAL,,6,70,48,727443.88,727439,727443.88,726468,727439,41.88000000000466,1733,727443880	ID:1	[INFO: Metric    ] METRIC_RX type=REAL src=6 seq=70 send_ms=726468 recv_ms=727439 bytes=48
RX,DUMMY,,6,10,48,727461.88,727457,727461.88,726469,727457,,1734,727461880	ID:1	[INFO: Metric    ] METRIC_RX type=DUMMY src=6 seq=10 send_ms=726469 recv_ms=727457 bytes=48
TX,REAL,3,,68,48,727800.0,726860,727800.0,,,,1737,727800000	ID:3	[INFO: Metric    ] METRIC_TX type=REAL node=3 seq=68 bytes=48 time_ms=726860
TX,DUMMY,3,,22,48,727801.0,726861,727801.0,,,,1738,727801000	ID:3	[INFO: Metric    ] METRIC_TX type=DUMMY node=3 seq=22 bytes=48 time_ms=726861
RX,REAL,,3,68,48,727878.168,727874,727878.168,726860,727874,78.16799999994691,1739,727878168	ID:1	[INFO: Metric    ] METRIC_RX type=REAL src=3 seq=68 send_ms=726860 recv_ms=727874 bytes=48
RX,DUMMY,,3,22,48,727888.168,727884,727888.168,726861,727884,,1740,727888168	ID:1	[INFO: Metric    ] METRIC_RX type=DUMMY src=3 seq=22 send_ms=726861 recv_ms=727884 bytes=48
TX,REAL,2,,72,48,732130.0,731652,732130.0,,,,1743,732130000	ID:2	[INFO: Metric    ] METRIC_TX type=REAL node=2 seq=72 bytes=48 time_ms=731652
TX,DUMMY,2,,15,48,732131.0,731653,732131.0,,,,1744,732131000	ID:2	[INFO: Metric    ] METRIC_TX type=DUMMY node=2 seq=15 bytes=48 time_ms=731653
RX,REAL,,2,72,48,732150.88,732146,732150.88,731652,732146,20.880000000004657,1745,732150880	ID:1	[INFO: Metric    ] METRIC_RX type=REAL src=2 seq=72 send_ms=731652 recv_ms=732146 bytes=48
RX,DUMMY,,2,15,48,732194.88,732190,732194.88,731653,732190,,1747,732194880	ID:1	[INFO: Metric    ] METRIC_RX type=DUMMY src=2 seq=15 send_ms=731653 recv_ms=732190 bytes=48
TX,REAL,4,,69,48,734379.0,733754,734379.0,,,,1750,734379000	ID:4	[INFO: Metric    ] METRIC_TX type=REAL node=4 seq=69 bytes=48 time_ms=733754
RX,REAL,,4,69,48,734444.168,734440,734444.168,733754,734440,65.16799999994691,1751,734444168	ID:1	[INFO: Metric    ] METRIC_RX type=REAL src=4 seq=69 send_ms=733754 recv_ms=734440 bytes=48
TX,REAL,5,,70,48,735639.0,734696,735639.0,,,,1755,735639000	ID:5	[INFO: Metric    ] METRIC_TX type=REAL node=5 seq=70 bytes=48 time_ms=734696
RX,REAL,,5,70,48,735655.168,735651,735655.168,734696,735651,16.167999999946915,1756,735655168	ID:1	[INFO: Metric    ] METRIC_RX type=REAL src=5 seq=70 send_ms=734696 recv_ms=735651 bytes=48
TX,REAL,7,,71,48,735682.0,735293,735682.0,,,,1757,735682000	ID:7	[INFO: Metric    ] METRIC_TX type=REAL node=7 seq=71 bytes=48 time_ms=735293
RX,REAL,,7,71,48,735716.88,735712,735716.88,735293,735712,34.88000000000466,1758,735716880	ID:1	[INFO: Metric    ] METRIC_RX type=REAL src=7 seq=71 send_ms=735293 recv_ms=735712 bytes=48
TX,REAL,3,,69,48,737802.0,736862,737802.0,,,,1761,737802000	ID:3	[INFO: Metric    ] METRIC_TX type=REAL node=3 seq=69 bytes=48 time_ms=736862
RX,REAL,,3,69,48,737846.168,737842,737846.168,736862,737842,44.167999999946915,1762,737846168	ID:1	[INFO: Metric    ] METRIC_RX type=REAL src=3 seq=69 send_ms=736862 recv_ms=737842 bytes=48
TX,REAL,6,,71,48,738404.0,737470,738404.0,,,,1764,738404000	ID:6	[INFO: Metric    ] METRIC_TX type=REAL node=6 seq=71 bytes=48 time_ms=737470
RX,REAL,,6,71,48,738422.88,738418,738422.88,737470,738418,18.880000000004657,1765,738422880	ID:1	[INFO: Metric    ] METRIC_RX type=REAL src=6 seq=71 send_ms=737470 recv_ms=738418 bytes=48
TX,REAL,2,,73,48,741132.0,740654,741132.0,,,,1767,741132000	ID:2	[INFO: Metric    ] METRIC_TX type=REAL node=2 seq=73 bytes=48 time_ms=740654
RX,REAL,,2,73,48,741166.88,741162,741166.88,740654,741162,34.88000000000466,1768,741166880	ID:1	[INFO: Metric    ] METRIC_RX type=REAL src=2 seq=73 send_ms=740654 recv_ms=741162 bytes=48
TX,REAL,4,,70,48,744380.0,743755,744380.0,,,,1772,744380000	ID:4	[INFO: Metric    ] METRIC_TX type=REAL node=4 seq=70 bytes=48 time_ms=743755
RX,REAL,,4,70,48,744434.168,744430,744434.168,743755,744430,54.167999999946915,1773,744434168	ID:1	[INFO: Metric    ] METRIC_RX type=REAL src=4 seq=70 send_ms=743755 recv_ms=744430 bytes=48
TX,REAL,5,,71,48,744640.0,743697,744640.0,,,,1775,744640000	ID:5	[INFO: Metric    ] METRIC_TX type=REAL node=5 seq=71 bytes=48 time_ms=743697
RX,REAL,,5,71,48,744701.168,744697,744701.168,743697,744697,61.167999999946915,1776,744701168	ID:1	[INFO: Metric    ] METRIC_RX type=REAL src=5 seq=71 send_ms=743697 recv_ms=744697 bytes=48
TX,REAL,7,,72,48,746683.0,746294,746683.0,,,,1778,746683000	ID:7	[INFO: Metric    ] METRIC_TX type=REAL node=7 seq=72 bytes=48 time_ms=746294
RX,REAL,,7,72,48,746715.88,746711,746715.88,746294,746711,32.88000000000466,1779,746715880	ID:1	[INFO: Metric    ] METRIC_RX type=REAL src=7 seq=72 send_ms=746294 recv_ms=746711 bytes=48
TX,REAL,6,,72,48,747405.0,746471,747405.0,,,,1781,747405000	ID:6	[INFO: Metric    ] METRIC_TX type=REAL node=6 seq=72 bytes=48 time_ms=746471
RX,REAL,,6,72,48,747428.88,747424,747428.88,746471,747424,23.880000000004657,1782,747428880	ID:1	[INFO: Metric    ] METRIC_RX type=REAL src=6 seq=72 send_ms=746471 recv_ms=747424 bytes=48
TX,REAL,3,,70,48,748803.0,747863,748803.0,,,,1787,748803000	ID:3	[INFO: Metric    ] METRIC_TX type=REAL node=3 seq=70 bytes=48 time_ms=747863
RX,REAL,,3,70,48,748853.168,748849,748853.168,747863,748849,50.167999999946915,1788,748853168	ID:1	[INFO: Metric    ] METRIC_RX type=REAL src=3 seq=70 send_ms=747863 recv_ms=748849 bytes=48
TX,REAL,2,,74,48,750133.0,749655,750133.0,,,,1790,750133000	ID:2	[INFO: Metric    ] METRIC_TX type=REAL node=2 seq=74 bytes=48 time_ms=749655
TX,DUMMY,2,,16,48,750134.0,749656,750134.0,,,,1791,750134000	ID:2	[INFO: Metric    ] METRIC_TX type=DUMMY node=2 seq=16 bytes=48 time_ms=749656
RX,REAL,,2,74,48,750169.88,750165,750169.88,749655,750165,36.88000000000466,1792,750169880	ID:1	[INFO: Metric    ] METRIC_RX type=REAL src=2 seq=74 send_ms=749655 recv_ms=750165 bytes=48
RX,DUMMY,,2,16,48,750200.88,750196,750200.88,749656,750196,,1794,750200880	ID:1	[INFO: Metric    ] METRIC_RX type=DUMMY src=2 seq=16 send_ms=749656 recv_ms=750196 bytes=48
TX,REAL,4,,71,48,755381.0,754756,755381.0,,,,1796,755381000	ID:4	[INFO: Metric    ] METRIC_TX type=REAL node=4 seq=71 bytes=48 time_ms=754756
RX,REAL,,4,71,48,755429.168,755425,755429.168,754756,755425,48.167999999946915,1797,755429168	ID:1	[INFO: Metric    ] METRIC_RX type=REAL src=4 seq=71 send_ms=754756 recv_ms=755425 bytes=48
TX,REAL,5,,72,48,755641.0,754698,755641.0,,,,1799,755641000	ID:5	[INFO: Metric    ] METRIC_TX type=REAL node=5 seq=72 bytes=48 time_ms=754698
TX,REAL,7,,73,48,755684.0,755295,755684.0,,,,1800,755684000	ID:7	[INFO: Metric    ] METRIC_TX type=REAL node=7 seq=73 bytes=48 time_ms=755295
RX,REAL,,5,72,48,755711.168,755707,755711.168,754698,755707,70.16799999994691,1801,755711168	ID:1	[INFO: Metric    ] METRIC_RX type=REAL src=5 seq=72 send_ms=754698 recv_ms=755707 bytes=48
RX,REAL,,7,73,48,755726.88,755722,755726.88,755295,755722,42.88000000000466,1802,755726880	ID:1	[INFO: Metric    ] METRIC_RX type=REAL src=7 seq=73 send_ms=755295 recv_ms=755722 bytes=48
TX,REAL,6,,73,48,757406.0,756472,757406.0,,,,1805,757406000	ID:6	[INFO: Metric    ] METRIC_TX type=REAL node=6 seq=73 bytes=48 time_ms=756472
RX,REAL,,6,73,48,757448.88,757444,757448.88,756472,757444,42.88000000000466,1806,757448880	ID:1	[INFO: Metric    ] METRIC_RX type=REAL src=6 seq=73 send_ms=756472 recv_ms=757444 bytes=48
TX,REAL,3,,71,48,757804.0,756864,757804.0,,,,1808,757804000	ID:3	[INFO: Metric    ] METRIC_TX type=REAL node=3 seq=71 bytes=48 time_ms=756864
RX,REAL,,3,71,48,757854.168,757850,757854.168,756864,757850,50.167999999946915,1809,757854168	ID:1	[INFO: Metric    ] METRIC_RX type=REAL src=3 seq=71 send_ms=756864 recv_ms=757850 bytes=48
TX,REAL,2,,75,48,761135.0,760657,761135.0,,,,1811,761135000	ID:2	[INFO: Metric    ] METRIC_TX type=REAL node=2 seq=75 bytes=48 time_ms=760657
RX,REAL,,2,75,48,761159.88,761155,761159.88,760657,761155,24.880000000004657,1812,761159880	ID:1	[INFO: Metric    ] METRIC_RX type=REAL src=2 seq=75 send_ms=760657 recv_ms=761155 bytes=48
TX,REAL,4,,72,48,764382.0,763757,764382.0,,,,1814,764382000	ID:4	[INFO: Metric    ] METRIC_TX type=REAL node=4 seq=72 bytes=48 time_ms=763757
RX,REAL,,4,72,48,764459.168,764455,764459.168,763757,764455,77.16799999994691,1815,764459168	ID:1	[INFO: Metric    ] METRIC_RX type=REAL src=4 seq=72 send_ms=763757 recv_ms=764455 bytes=48
TX,REAL,5,,73,48,764642.0,763699,764642.0,,,,1818,764642000	ID:5	[INFO: Metric    ] METRIC_TX type=REAL node=5 seq=73 bytes=48 time_ms=763699
RX,REAL,,5,73,48,764684.168,764680,764684.168,763699,764680,42.167999999946915,1819,764684168	ID:1	[INFO: Metric    ] METRIC_RX type=REAL src=5 seq=73 send_ms=763699 recv_ms=764680 bytes=48
TX,REAL,7,,74,48,765685.0,765296,765685.0,,,,1821,765685000	ID:7	[INFO: Metric    ] METRIC_TX type=REAL node=7 seq=74 bytes=48 time_ms=765296
RX,REAL,,7,74,48,765730.88,765726,765730.88,765296,765726,45.88000000000466,1822,765730880	ID:1	[INFO: Metric    ] METRIC_RX type=REAL src=7 seq=74 send_ms=765296 recv_ms=765726 bytes=48
TX,REAL,3,,72,48,766805.0,765865,766805.0,,,,1824,766805000	ID:3	[INFO: Metric    ] METRIC_TX type=REAL node=3 seq=72 bytes=48 time_ms=765865
RX,REAL,,3,72,48,766886.168,766882,766886.168,765865,766882,81.16799999994691,1825,766886168	ID:1	[INFO: Metric    ] METRIC_RX type=REAL src=3 seq=72 send_ms=765865 recv_ms=766882 bytes=48
TX,REAL,6,,74,48,767407.0,766473,767407.0,,,,1827,767407000	ID:6	[INFO: Metric    ] METRIC_TX type=REAL node=6 seq=74 bytes=48 time_ms=766473
RX,REAL,,6,74,48,767442.88,767438,767442.88,766473,767438,35.88000000000466,1828,767442880	ID:1	[INFO: Metric    ] METRIC_RX type=REAL src=6 seq=74 send_ms=766473 recv_ms=767438 bytes=48
TX,REAL,2,,76,48,772136.0,771658,772136.0,,,,1830,772136000	ID:2	[INFO: Metric    ] METRIC_TX type=REAL node=2 seq=76 bytes=48 time_ms=771658
RX,REAL,,2,76,48,772173.88,772169,772173.88,771658,772169,37.88000000000466,1831,772173880	ID:1	[INFO: Metric    ] METRIC_RX type=REAL src=2 seq=76 send_ms=771658 recv_ms=772169 bytes=48
TX,REAL,4,,73,48,773383.0,772758,773383.0,,,,1833,773383000	ID:4	[INFO: Metric    ] METRIC_TX type=REAL node=4 seq=73 bytes=48 time_ms=772758
RX,REAL,,4,73,48,773426.168,773422,773426.168,772758,773422,43.167999999946915,1834,773426168	ID:1	[INFO: Metric    ] METRIC_RX type=REAL src=4 seq=73 send_ms=772758 recv_ms=773422 bytes=48
TX,REAL,5,,74,48,773643.0,772700,773643.0,,,,1836,773643000	ID:5	[INFO: Metric    ] METRIC_TX type=REAL node=5 seq=74 bytes=48 time_ms=772700
RX,REAL,,5,74,48,773681.168,773677,773681.168,772700,773677,38.167999999946915,1837,773681168	ID:1	[INFO: Metric    ] METRIC_RX type=REAL src=5 seq=74 send_ms=772700 recv_ms=773677 bytes=48
TX,REAL,7,,75,48,774686.0,774297,774686.0,,,,1839,774686000	ID:7	[INFO: Metric    ] METRIC_TX type=REAL node=7 seq=75 bytes=48 time_ms=774297
RX,REAL,,7,75,48,774706.88,774702,774706.88,774297,774702,20.880000000004657,1840,774706880	ID:1	[INFO: Metric    ] METRIC_RX type=REAL src=7 seq=75 send_ms=774297 recv_ms=774702 bytes=48
TX,REAL,3,,73,48,776806.0,775866,776806.0,,,,1842,776806000	ID:3	[INFO: Metric    ] METRIC_TX type=REAL node=3 seq=73 bytes=48 time_ms=775866
TX,DUMMY,3,,23,48,776807.0,775867,776807.0,,,,1843,776807000	ID:3	[INFO: Metric    ] METRIC_TX type=DUMMY node=3 seq=23 bytes=48 time_ms=775867
RX,REAL,,3,73,48,776834.168,776830,776834.168,775866,776830,28.167999999946915,1844,776834168	ID:1	[INFO: Metric    ] METRIC_RX type=REAL src=3 seq=73 send_ms=775866 recv_ms=776830 bytes=48
RX,DUMMY,,3,23,48,776950.168,776946,776950.168,775867,776946,,1846,776950168	ID:1	[INFO: Metric    ] METRIC_RX type=DUMMY src=3 seq=23 send_ms=775867 recv_ms=776946 bytes=48
TX,REAL,6,,75,48,777408.0,776474,777408.0,,,,1849,777408000	ID:6	[INFO: Metric    ] METRIC_TX type=REAL node=6 seq=75 bytes=48 time_ms=776474
TX,DUMMY,6,,11,48,777409.0,776475,777409.0,,,,1850,777409000	ID:6	[INFO: Metric    ] METRIC_TX type=DUMMY node=6 seq=11 bytes=48 time_ms=776475
RX,REAL,,6,75,48,777445.88,777441,777445.88,776474,777441,37.88000000000466,1851,777445880	ID:1	[INFO: Metric    ] METRIC_RX type=REAL src=6 seq=75 send_ms=776474 recv_ms=777441 bytes=48
RX,DUMMY,,6,11,48,777459.88,777455,777459.88,776475,777455,,1853,777459880	ID:1	[INFO: Metric    ] METRIC_RX type=DUMMY src=6 seq=11 send_ms=776475 recv_ms=777455 bytes=48
TX,REAL,4,,74,48,782384.0,781759,782384.0,,,,1855,782384000	ID:4	[INFO: Metric    ] METRIC_TX type=REAL node=4 seq=74 bytes=48 time_ms=781759
RX,REAL,,4,74,48,782467.168,782463,782467.168,781759,782463,83.16799999994691,1856,782467168	ID:1	[INFO: Metric    ] METRIC_RX type=REAL src=4 seq=74 send_ms=781759 recv_ms=782463 bytes=48
TX,REAL,2,,77,48,783137.0,782659,783137.0,,,,1858,783137000	ID:2	[INFO: Metric    ] METRIC_TX type=REAL node=2 seq=77 bytes=48 time_ms=782659
RX,REAL,,2,77,48,783169.88,783165,783169.88,782659,783165,32.88000000000466,1859,783169880	ID:1	[INFO: Metric    ] METRIC_RX type=REAL src=2 seq=77 send_ms=782659 recv_ms=783165 bytes=48
TX,REAL,5,,75,48,783644.0,782701,783644.0,,,,1861,783644000	ID:5	[INFO: Metric    ] METRIC_TX type=REAL node=5 seq=75 bytes=48 time_ms=782701
RX,REAL,,5,75,48,783687.168,783683,783687.168,782701,783683,43.167999999946915,1862,783687168	ID:1	[INFO: Metric    ] METRIC_RX type=REAL src=5 seq=75 send_ms=782701 recv_ms=783683 bytes=48
TX,REAL,7,,76,48,785687.0,785298,785687.0,,,,1864,785687000	ID:7	[INFO: Metric    ] METRIC_TX type=REAL node=7 seq=76 bytes=48 time_ms=785298
RX,REAL,,7,76,48,785721.88,785717,785721.88,785298,785717,34.88000000000466,1865,785721880	ID:1	[INFO: Metric    ] METRIC_RX type=REAL src=7 seq=76 send_ms=785298 recv_ms=785717 bytes=48
TX,REAL,3,,74,48,786808.0,785868,786808.0,,,,1867,786808000	ID:3	[INFO: Metric    ] METRIC_TX type=REAL node=3 seq=74 bytes=48 time_ms=785868
RX,REAL,,3,74,48,786852.304,786848,786852.304,785868,786848,44.304000000003725,1868,786852304	ID:1	[INFO: Metric    ] METRIC_RX type=REAL src=3 seq=74 send_ms=785868 recv_ms=786848 bytes=48
TX,REAL,6,,76,48,787410.0,786476,787410.0,,,,1870,787410000	ID:6	[INFO: Metric    ] METRIC_TX type=REAL node=6 seq=76 bytes=48 time_ms=786476
RX,REAL,,6,76,48,787417.88,787413,787417.88,786476,787413,7.880000000004657,1871,787417880	ID:1	[INFO: Metric    ] METRIC_RX type=REAL src=6 seq=76 send_ms=786476 recv_ms=787413 bytes=48
TX,REAL,4,,75,48,791385.0,790760,791385.0,,,,1873,791385000	ID:4	[INFO: Metric    ] METRIC_TX type=REAL node=4 seq=75 bytes=48 time_ms=790760
TX,DUMMY,4,,13,48,791386.0,790761,791386.0,,,,1874,791386000	ID:4	[INFO: Metric    ] METRIC_TX type=DUMMY node=4 seq=13 bytes=48 time_ms=790761
RX,REAL,,4,75,48,791447.168,791443,791447.168,790760,791443,62.167999999946915,1875,791447168	ID:1	[INFO: Metric    ] METRIC_RX type=REAL src=4 seq=75 send_ms=790760 recv_ms=791443 bytes=48
RX,DUMMY,,4,13,48,791456.168,791452,791456.168,790761,791452,,1876,791456168	ID:1	[INFO: Metric    ] METRIC_RX type=DUMMY src=4 seq=13 send_ms=790761 recv_ms=791452 bytes=48
TX,REAL,2,,78,48,793138.0,792660,793138.0,,,,1880,793138000	ID:2	[INFO: Metric    ] METRIC_TX type=REAL node=2 seq=78 bytes=48 time_ms=792660
RX,REAL,,2,78,48,793176.88,793172,793176.88,792660,793172,38.88000000000466,1881,793176880	ID:1	[INFO: Metric    ] METRIC_RX type=REAL src=2 seq=78 send_ms=792660 recv_ms=793172 bytes=48
TX,REAL,5,,76,48,793645.0,792702,793645.0,,,,1883,793645000	ID:5	[INFO: Metric    ] METRIC_TX type=REAL node=5 seq=76 bytes=48 time_ms=792702
RX,REAL,,5,76,48,793709.168,793705,793709.168,792702,793705,64.16799999994691,1884,793709168	ID:1	[INFO: Metric    ] METRIC_RX type=REAL src=5 seq=76 send_ms=792702 recv_ms=793705 bytes=48
TX,REAL,7,,77,48,794688.0,794299,794688.0,,,,1886,794688000	ID:7	[INFO: Metric    ] METRIC_TX type=REAL node=7 seq=77 bytes=48 time_ms=794299
RX,REAL,,7,77,48,794702.88,794698,794702.88,794299,794698,14.880000000004657,1887,794702880	ID:1	[INFO: Metric    ] METRIC_RX type=REAL src=7 seq=77 send_ms=794299 recv_ms=794698 bytes=48
TX,REAL,3,,75,48,795809.0,794869,795809.0,,,,1889,795809000	ID:3	[INFO: Metric    ] METRIC_TX type=REAL node=3 seq=75 bytes=48 time_ms=794869
TX,DUMMY,3,,24,48,795810.0,794870,795810.0,,,,1890,795810000	ID:3	[INFO: Metric    ] METRIC_TX type=DUMMY node=3 seq=24 bytes=48 time_ms=794870
RX,REAL,,3,75,48,795856.168,795852,795856.168,794869,795852,47.167999999946915,1891,795856168	ID:1	[INFO: Metric    ] METRIC_RX type=REAL src=3 seq=75 send_ms=794869 recv_ms=795852 bytes=48
RX,DUMMY,,3,24,48,795976.168,795972,795976.168,794870,795972,,1893,795976168	ID:1	[INFO: Metric    ] METRIC_RX type=DUMMY src=3 seq=24 send_ms=794870 recv_ms=795972 bytes=48
TX,REAL,6,,77,48,798411.0,797477,798411.0,,,,1895,798411000	ID:6	[INFO: Metric    ] METRIC_TX type=REAL node=6 seq=77 bytes=48 time_ms=797477
RX,REAL,,6,77,48,798432.88,798428,798432.88,797477,798428,21.880000000004657,1896,798432880	ID:1	[INFO: Metric    ] METRIC_RX type=REAL src=6 seq=77 send_ms=797477 recv_ms=798428 bytes=48
TX,REAL,4,,76,48,802387.0,801762,802387.0,,,,1898,802387000	ID:4	[INFO: Metric    ] METRIC_TX type=REAL node=4 seq=76 bytes=48 time_ms=801762
RX,REAL,,4,76,48,802439.168,802435,802439.168,801762,802435,52.167999999946915,1899,802439168	ID:1	[INFO: Metric    ] METRIC_RX type=REAL src=4 seq=76 send_ms=801762 recv_ms=802435 bytes=48
TX,REAL,2,,79,48,803139.0,802661,803139.0,,,,1901,803139000	ID:2	[INFO: Metric    ] METRIC_TX type=REAL node=2 seq=79 bytes=48 time_ms=802661
RX,REAL,,2,79,48,803164.88,803160,803164.88,802661,803160,25.880000000004657,1902,803164880	ID:1	[INFO: Metric    ] METRIC_RX type=REAL src=2 seq=79 send_ms=802661 recv_ms=803160 bytes=48
TX,REAL,5,,77,48,803646.0,802703,803646.0,,,,1904,803646000	ID:5	[INFO: Metric    ] METRIC_TX type=REAL node=5 seq=77 bytes=48 time_ms=802703
RX,REAL,,5,77,48,803700.168,803696,803700.168,802703,803696,54.167999999946915,1905,803700168	ID:1	[INFO: Metric    ] METRIC_RX type=REAL src=5 seq=77 send_ms=802703 recv_ms=803696 bytes=48
TX,REAL,7,,78,48,805689.0,805300,805689.0,,,,1907,805689000	ID:7	[INFO: Metric    ] METRIC_TX type=REAL node=7 seq=78 bytes=48 time_ms=805300
RX,REAL,,7,78,48,805721.88,805717,805721.88,805300,805717,32.88000000000466,1908,805721880	ID:1	[INFO: Metric    ] METRIC_RX type=REAL src=7 seq=78 send_ms=805300 recv_ms=805717 bytes=48
TX,REAL,3,,76,48,806811.0,805871,806811.0,,,,1911,806811000	ID:3	[INFO: Metric    ] METRIC_TX type=REAL node=3 seq=76 bytes=48 time_ms=805871
RX,REAL,,3,76,48,806861.168,806857,806861.168,805871,806857,50.167999999946915,1912,806861168	ID:1	[INFO: Metric    ] METRIC_RX type=REAL src=3 seq=76 send_ms=805871 recv_ms=806857 bytes=48
TX,REAL,6,,78,48,809412.0,808478,809412.0,,,,1914,809412000	ID:6	[INFO: Metric    ] METRIC_TX type=REAL node=6 seq=78 bytes=48 time_ms=808478
RX,REAL,,6,78,48,809435.88,809431,809435.88,808478,809431,23.880000000004657,1915,809435880	ID:1	[INFO: Metric    ] METRIC_RX type=REAL src=6 seq=78 send_ms=808478 recv_ms=809431 bytes=48
TX,REAL,2,,80,48,812140.0,811662,812140.0,,,,1919,812140000	ID:2	[INFO: Metric    ] METRIC_TX type=REAL node=2 seq=80 bytes=48 time_ms=811662
TX,DUMMY,2,,17,48,812141.0,811663,812141.0,,,,1920,812141000	ID:2	[INFO: Metric    ] METRIC_TX type=DUMMY node=2 seq=17 bytes=48 time_ms=811663
RX,REAL,,2,80,48,812164.88,812160,812164.88,811662,812160,24.880000000004657,1921,812164880	ID:1	[INFO: Metric    ] METRIC_RX type=REAL src=2 seq=80 send_ms=811662 recv_ms=812160 bytes=48
RX,DUMMY,,2,17,48,812202.88,812198,812202.88,811663,812198,,1922,812202880	ID:1	[INFO: Metric    ] METRIC_RX type=DUMMY src=2 seq=17 send_ms=811663 recv_ms=812198 bytes=48
TX,REAL,5,,78,48,812647.0,811704,812647.0,,,,1925,812647000	ID:5	[INFO: Metric    ] METRIC_TX type=REAL node=5 seq=78 bytes=48 time_ms=811704
TX,DUMMY,5,,12,48,812648.0,811705,812648.0,,,,1926,812648000	ID:5	[INFO: Metric    ] METRIC_TX type=DUMMY node=5 seq=12 bytes=48 time_ms=811705
RX,REAL,,5,78,48,812689.168,812685,812689.168,811704,812685,42.167999999946915,1927,812689168	ID:1	[INFO: Metric    ] METRIC_RX type=REAL src=5 seq=78 send_ms=811704 recv_ms=812685 bytes=48
RX,DUMMY,,5,12,48,812709.168,812705,812709.168,811705,812705,,1928,812709168	ID:1	[INFO: Metric    ] METRIC_RX type=DUMMY src=5 seq=12 send_ms=811705 recv_ms=812705 bytes=48
TX,REAL,4,,77,48,813388.0,812763,813388.0,,,,1931,813388000	ID:4	[INFO: Metric    ] METRIC_TX type=REAL node=4 seq=77 bytes=48 time_ms=812763
TX,DUMMY,4,,14,48,813389.0,812764,813389.0,,,,1932,813389000	ID:4	[INFO: Metric    ] METRIC_TX type=DUMMY node=4 seq=14 bytes=48 time_ms=812764
RX,REAL,,4,77,48,813443.168,813439,813443.168,812763,813439,55.167999999946915,1933,813443168	ID:1	[INFO: Metric    ] METRIC_RX type=REAL src=4 seq=77 send_ms=812763 recv_ms=813439 bytes=48
RX,DUMMY,,4,14,48,813472.168,813468,813472.168,812764,813468,,1934,813472168	ID:1	[INFO: Metric    ] METRIC_RX type=DUMMY src=4 seq=14 send_ms=812764 recv_ms=813468 bytes=48
TX,REAL,7,,79,48,816690.0,816301,816690.0,,,,1937,816690000	ID:7	[INFO: Metric    ] METRIC_TX type=REAL node=7 seq=79 bytes=48 time_ms=816301
RX,REAL,,7,79,48,816720.88,816716,816720.88,816301,816716,30.880000000004657,1938,816720880	ID:1	[INFO: Metric    ] METRIC_RX type=REAL src=7 seq=79 send_ms=816301 recv_ms=816716 bytes=48
TX,REAL,3,,77,48,817812.0,816872,817812.0,,,,1940,817812000	ID:3	[INFO: Metric    ] METRIC_TX type=REAL node=3 seq=77 bytes=48 time_ms=816872
RX,REAL,,3,77,48,817882.168,817878,817882.168,816872,817878,70.16799999994691,1941,817882168	ID:1	[INFO: Metric    ] METRIC_RX type=REAL src=3 seq=77 send_ms=816872 recv_ms=817878 bytes=48
TX,REAL,6,,79,48,819413.0,818479,819413.0,,,,1944,819413000	ID:6	[INFO: Metric    ] METRIC_TX type=REAL node=6 seq=79 bytes=48 time_ms=818479
RX,REAL,,6,79,48,819430.88,819426,819430.88,818479,819426,17.880000000004657,1945,819430880	ID:1	[INFO: Metric    ] METRIC_RX type=REAL src=6 seq=79 send_ms=818479 recv_ms=819426 bytes=48
TX,REAL,2,,81,48,821142.0,820664,821142.0,,,,1947,821142000	ID:2	[INFO: Metric    ] METRIC_TX type=REAL node=2 seq=81 bytes=48 time_ms=820664
RX,REAL,,2,81,48,821180.88,821176,821180.88,820664,821176,38.88000000000466,1948,821180880	ID:1	[INFO: Metric    ] METRIC_RX type=REAL src=2 seq=81 send_ms=820664 recv_ms=821176 bytes=48
TX,REAL,4,,78,48,822390.0,821765,822390.0,,,,1950,822390000	ID:4	[INFO: Metric    ] METRIC_TX type=REAL node=4 seq=78 bytes=48 time_ms=821765
RX,REAL,,4,78,48,822455.168,822451,822455.168,821765,822451,65.16799999994691,1951,822455168	ID:1	[INFO: Metric    ] METRIC_RX type=REAL src=4 seq=78 send_ms=821765 recv_ms=822451 bytes=48
TX,REAL,5,,79,48,822649.0,821706,822649.0,,,,1953,822649000	ID:5	[INFO: Metric    ] METRIC_TX type=REAL node=5 seq=79 bytes=48 time_ms=821706
RX,REAL,,5,79,48,822727.168,822723,822727.168,821706,822723,78.16799999994691,1954,822727168	ID:1	[INFO: Metric    ] METRIC_RX type=REAL src=5 seq=79 send_ms=821706 recv_ms=822723 bytes=48
TX,REAL,7,,80,48,825691.0,825302,825691.0,,,,1958,825691000	ID:7	[INFO: Metric    ] METRIC_TX type=REAL node=7 seq=80 bytes=48 time_ms=825302
RX,REAL,,7,80,48,825725.88,825721,825725.88,825302,825721,34.88000000000466,1959,825725880	ID:1	[INFO: Metric    ] METRIC_RX type=REAL src=7 seq=80 send_ms=825302 recv_ms=825721 bytes=48
TX,REAL,3,,78,48,827813.0,826873,827813.0,,,,1961,827813000	ID:3	[INFO: Metric    ] METRIC_TX type=REAL node=3 seq=78 bytes=48 time_ms=826873
RX,REAL,,3,78,48,827885.168,827881,827885.168,826873,827881,72.16799999994691,1962,827885168	ID:1	[INFO: Metric    ] METRIC_RX type=REAL src=3 seq=78 send_ms=826873 recv_ms=827881 bytes=48
TX,REAL,2,,82,48,830143.0,829665,830143.0,,,,1964,830143000	ID:2	[INFO: Metric    ] METRIC_TX type=REAL node=2 seq=82 bytes=48 time_ms=829665
TX,DUMMY,2,,18,48,830144.0,829666,830144.0,,,,1965,830144000	ID:2	[INFO: Metric    ] METRIC_TX type=DUMMY node=2 seq=18 bytes=48 time_ms=829666
RX,REAL,,2,82,48,830161.88,830157,830161.88,829665,830157,18.880000000004657,1966,830161880	ID:1	[INFO: Metric    ] METRIC_RX type=REAL src=2 seq=82 send_ms=829665 recv_ms=830157 bytes=48
RX,DUMMY,,2,18,48,830193.88,830189,830193.88,829666,830189,,1967,830193880	ID:1	[INFO: Metric    ] METRIC_RX type=DUMMY src=2 seq=18 send_ms=829666 recv_ms=830189 bytes=48
TX,REAL,6,,80,48,830414.0,829480,830414.0,,,,1972,830414000	ID:6	[INFO: Metric    ] METRIC_TX type=REAL node=6 seq=80 bytes=48 time_ms=829480
TX,DUMMY,6,,12,48,830415.0,829481,830415.0,,,,1973,830415000	ID:6	[INFO: Metric    ] METRIC_TX type=DUMMY node=6 seq=12 bytes=48 time_ms=829481
RX,REAL,,6,80,48,830420.88,830416,830420.88,829480,830416,6.880000000004657,1974,830420880	ID:1	[INFO: Metric    ] METRIC_RX type=REAL src=6 seq=80 send_ms=829480 recv_ms=830416 bytes=48
RX,DUMMY,,6,12,48,830464.88,830460,830464.88,829481,830460,,1976,830464880	ID:1	[INFO: Metric    ] METRIC_RX type=DUMMY src=6 seq=12 send_ms=829481 recv_ms=830460 bytes=48
TX,REAL,5,,80,48,831650.0,830707,831650.0,,,,1981,831650000	ID:5	[INFO: Metric    ] METRIC_TX type=REAL node=5 seq=80 bytes=48 time_ms=830707
RX,REAL,,5,80,48,831710.168,831706,831710.168,830707,831706,60.167999999946915,1982,831710168	ID:1	[INFO: Metric    ] METRIC_RX type=REAL src=5 seq=80 send_ms=830707 recv_ms=831706 bytes=48
TX,REAL,4,,79,48,833391.0,832766,833391.0,,,,1984,833391000	ID:4	[INFO: Metric    ] METRIC_TX type=REAL node=4 seq=79 bytes=48 time_ms=832766
RX,REAL,,4,79,48,833438.168,833434,833438.168,832766,833434,47.167999999946915,1985,833438168	ID:1	[INFO: Metric    ] METRIC_RX type=REAL src=4 seq=79 send_ms=832766 recv_ms=833434 bytes=48
TX,REAL,7,,81,48,835692.0,835303,835692.0,,,,1987,835692000	ID:7	[INFO: Metric    ] METRIC_TX type=REAL node=7 seq=81 bytes=48 time_ms=835303
RX,REAL,,7,81,48,835725.88,835721,835725.88,835303,835721,33.88000000000466,1988,835725880	ID:1	[INFO: Metric    ] METRIC_RX type=REAL src=7 seq=81 send_ms=835303 recv_ms=835721 bytes=48
TX,REAL,3,,79,48,838814.0,837874,838814.0,,,,1990,838814000	ID:3	[INFO: Metric    ] METRIC_TX type=REAL node=3 seq=79 bytes=48 time_ms=837874
RX,REAL,,3,79,48,838866.168,838862,838866.168,837874,838862,52.167999999946915,1991,838866168	ID:1	[INFO: Metric    ] METRIC_RX type=REAL src=3 seq=79 send_ms=837874 recv_ms=838862 bytes=48
TX,REAL,6,,81,48,839416.0,838482,839416.0,,,,1993,839416000	ID:6	[INFO: Metric    ] METRIC_TX type=REAL node=6 seq=81 bytes=48 time_ms=838482
TX,DUMMY,6,,13,48,839417.0,838483,839417.0,,,,1994,839417000	ID:6	[INFO: Metric    ] METRIC_TX type=DUMMY node=6 seq=13 bytes=48 time_ms=838483
RX,REAL,,6,81,48,839459.88,839455,839459.88,838482,839455,43.88000000000466,1995,839459880	ID:1	[INFO: Metric    ] METRIC_RX type=REAL src=6 seq=81 send_ms=838482 recv_ms=839455 bytes=48
RX,DUMMY,,6,13,48,839478.88,839474,839478.88,838483,839474,,1996,839478880	ID:1	[INFO: Metric    ] METRIC_RX type=DUMMY src=6 seq=13 send_ms=838483 recv_ms=839474 bytes=48
TX,REAL,2,,83,48,840145.0,839667,840145.0,,,,1999,840145000	ID:2	[INFO: Metric    ] METRIC_TX type=REAL node=2 seq=83 bytes=48 time_ms=839667
RX,REAL,,2,83,48,840171.88,840167,840171.88,839667,840167,26.880000000004657,2000,840171880	ID:1	[INFO: Metric    ] METRIC_RX type=REAL src=2 seq=83 send_ms=839667 recv_ms=840167 bytes=48
TX,REAL,5,,81,48,840651.0,839708,840651.0,,,,2002,840651000	ID:5	[INFO: Metric    ] METRIC_TX type=REAL node=5 seq=81 bytes=48 time_ms=839708
RX,REAL,,5,81,48,840690.168,840686,840690.168,839708,840686,39.167999999946915,2003,840690168	ID:1	[INFO: Metric    ] METRIC_RX type=REAL src=5 seq=81 send_ms=839708 recv_ms=840686 bytes=48
TX,REAL,4,,80,48,844392.0,843767,844392.0,,,,2007,844392000	ID:4	[INFO: Metric    ] METRIC_TX type=REAL node=4 seq=80 bytes=48 time_ms=843767
RX,REAL,,4,80,48,844423.168,844419,844423.168,843767,844419,31.167999999946915,2008,844423168	ID:1	[INFO: Metric    ] METRIC_RX type=REAL src=4 seq=80 send_ms=843767 recv_ms=844419 bytes=48
TX,REAL,7,,82,48,845693.0,845304,845693.0,,,,2010,845693000	ID:7	[INFO: Metric    ] METRIC_TX type=REAL node=7 seq=82 bytes=48 time_ms=845304
RX,REAL,,7,82,48,845706.88,845702,845706.88,845304,845702,13.880000000004657,2011,845706880	ID:1	[INFO: Metric    ] METRIC_RX type=REAL src=7 seq=82 send_ms=845304 recv_ms=845702 bytes=48
TX,REAL,2,,84,48,849146.0,848668,849146.0,,,,2014,849146000	ID:2	[INFO: Metric    ] METRIC_TX type=REAL node=2 seq=84 bytes=48 time_ms=848668
TX,DUMMY,2,,19,48,849147.0,848669,849147.0,,,,2015,849147000	ID:2	[INFO: Metric    ] METRIC_TX type=DUMMY node=2 seq=19 bytes=48 time_ms=848669
RX,REAL,,2,84,48,849164.88,849160,849164.88,848668,849160,18.880000000004657,2016,849164880	ID:1	[INFO: Metric    ] METRIC_RX type=REAL src=2 seq=84 send_ms=848668 recv_ms=849160 bytes=48
RX,DUMMY,,2,19,48,849205.88,849201,849205.88,848669,849201,,2018,849205880	ID:1	[INFO: Metric    ] METRIC_RX type=DUMMY src=2 seq=19 send_ms=848669 recv_ms=849201 bytes=48
TX,REAL,6,,82,48,849418.0,848484,849418.0,,,,2020,849418000	ID:6	[INFO: Metric    ] METRIC_TX type=REAL node=6 seq=82 bytes=48 time_ms=848484
TX,DUMMY,6,,14,48,849419.0,848485,849419.0,,,,2021,849419000	ID:6	[INFO: Metric    ] METRIC_TX type=DUMMY node=6 seq=14 bytes=48 time_ms=848485
RX,REAL,,6,82,48,849424.88,849420,849424.88,848484,849420,6.880000000004657,2022,849424880	ID:1	[INFO: Metric    ] METRIC_RX type=REAL src=6 seq=82 send_ms=848484 recv_ms=849420 bytes=48
RX,DUMMY,,6,14,48,849454.88,849450,849454.88,848485,849450,,2024,849454880	ID:1	[INFO: Metric    ] METRIC_RX type=DUMMY src=6 seq=14 send_ms=848485 recv_ms=849450 bytes=48
TX,REAL,3,,80,48,849815.0,848875,849815.0,,,,2028,849815000	ID:3	[INFO: Metric    ] METRIC_TX type=REAL node=3 seq=80 bytes=48 time_ms=848875
RX,REAL,,3,80,48,849900.168,849896,849900.168,848875,849896,85.16799999994691,2029,849900168	ID:1	[INFO: Metric    ] METRIC_RX type=REAL src=3 seq=80 send_ms=848875 recv_ms=849896 bytes=48
TX,REAL,5,,82,48,850652.0,849709,850652.0,,,,2031,850652000	ID:5	[INFO: Metric    ] METRIC_TX type=REAL node=5 seq=82 bytes=48 time_ms=849709
RX,REAL,,5,82,48,850705.168,850701,850705.168,849709,850701,53.167999999946915,2032,850705168	ID:1	[INFO: Metric    ] METRIC_RX type=REAL src=5 seq=82 send_ms=849709 recv_ms=850701 bytes=48
TX,REAL,7,,83,48,854694.0,854305,854694.0,,,,2034,854694000	ID:7	[INFO: Metric    ] METRIC_TX type=REAL node=7 seq=83 bytes=48 time_ms=854305
RX,REAL,,7,83,48,854703.88,854699,854703.88,854305,854699,9.880000000004657,2035,854703880	ID:1	[INFO: Metric    ] METRIC_RX type=REAL src=7 seq=83 send_ms=854305 recv_ms=854699 bytes=48
TX,REAL,4,,81,48,855393.0,854768,855393.0,,,,2037,855393000	ID:4	[INFO: Metric    ] METRIC_TX type=REAL node=4 seq=81 bytes=48 time_ms=854768
TX,DUMMY,4,,15,48,855394.0,854769,855394.0,,,,2038,855394000	ID:4	[INFO: Metric    ] METRIC_TX type=DUMMY node=4 seq=15 bytes=48 time_ms=854769
RX,REAL,,4,81,48,855474.168,855470,855474.168,854768,855470,81.16799999994691,2039,855474168	ID:1	[INFO: Metric    ] METRIC_RX type=REAL src=4 seq=81 send_ms=854768 recv_ms=855470 bytes=48
RX,DUMMY,,4,15,48,855484.168,855480,855484.168,854769,855480,,2040,855484168	ID:1	[INFO: Metric    ] METRIC_RX type=DUMMY src=4 seq=15 send_ms=854769 recv_ms=855480 bytes=48
TX,REAL,2,,85,48,858148.0,857670,858148.0,,,,2043,858148000	ID:2	[INFO: Metric    ] METRIC_TX type=REAL node=2 seq=85 bytes=48 time_ms=857670
RX,REAL,,2,85,48,858153.88,858149,858153.88,857670,858149,5.880000000004657,2044,858153880	ID:1	[INFO: Metric    ] METRIC_RX type=REAL src=2 seq=85 send_ms=857670 recv_ms=858149 bytes=48
TX,REAL,6,,83,48,859420.0,858486,859420.0,,,,2047,859420000	ID:6	[INFO: Metric    ] METRIC_TX type=REAL node=6 seq=83 bytes=48 time_ms=858486
RX,REAL,,6,83,48,859438.88,859434,859438.88,858486,859434,18.880000000004657,2048,859438880	ID:1	[INFO: Metric    ] METRIC_RX type=REAL src=6 seq=83 send_ms=858486 recv_ms=859434 bytes=48
TX,REAL,3,,81,48,860816.0,859876,860816.0,,,,2050,860816000	ID:3	[INFO: Metric    ] METRIC_TX type=REAL node=3 seq=81 bytes=48 time_ms=859876
RX,REAL,,3,81,48,860856.304,860852,860856.304,859876,860852,40.304000000003725,2051,860856304	ID:1	[INFO: Metric    ] METRIC_RX type=REAL src=3 seq=81 send_ms=859876 recv_ms=860852 bytes=48
TX,REAL,5,,83,48,861653.0,860710,861653.0,,,,2053,861653000	ID:5	[INFO: Metric    ] METRIC_TX type=REAL node=5 seq=83 bytes=48 time_ms=860710
TX,DUMMY,5,,13,48,861654.0,860711,861654.0,,,,2054,861654000	ID:5	[INFO: Metric    ] METRIC_TX type=DUMMY node=5 seq=13 bytes=48 time_ms=860711
RX,REAL,,5,83,48,861695.304,861691,861695.304,860710,861691,42.304000000003725,2055,861695304	ID:1	[INFO: Metric    ] METRIC_RX type=REAL src=5 seq=83 send_ms=860710 recv_ms=861691 bytes=48
RX,DUMMY,,5,13,48,861732.168,861728,861732.168,860711,861728,,2056,861732168	ID:1	[INFO: Metric    ] METRIC_RX type=DUMMY src=5 seq=13 send_ms=860711 recv_ms=861728 bytes=48
TX,REAL,7,,84,48,863695.0,863306,863695.0,,,,2059,863695000	ID:7	[INFO: Metric    ] METRIC_TX type=REAL node=7 seq=84 bytes=48 time_ms=863306
RX,REAL,,7,84,48,863718.88,863714,863718.88,863306,863714,23.880000000004657,2060,863718880	ID:1	[INFO: Metric    ] METRIC_RX type=REAL src=7 seq=84 send_ms=863306 recv_ms=863714 bytes=48
TX,REAL,4,,82,48,864395.0,863770,864395.0,,,,2062,864395000	ID:4	[INFO: Metric    ] METRIC_TX type=REAL node=4 seq=82 bytes=48 time_ms=863770
RX,REAL,,4,82,48,864443.168,864439,864443.168,863770,864439,48.167999999946915,2063,864443168	ID:1	[INFO: Metric    ] METRIC_RX type=REAL src=4 seq=82 send_ms=863770 recv_ms=864439 bytes=48
TX,REAL,2,,86,48,867149.0,866671,867149.0,,,,2065,867149000	ID:2	[INFO: Metric    ] METRIC_TX type=REAL node=2 seq=86 bytes=48 time_ms=866671
RX,REAL,,2,86,48,867175.88,867171,867175.88,866671,867171,26.880000000004657,2066,867175880	ID:1	[INFO: Metric    ] METRIC_RX type=REAL src=2 seq=86 send_ms=866671 recv_ms=867171 bytes=48
TX,REAL,6,,84,48,870421.0,869487,870421.0,,,,2068,870421000	ID:6	[INFO: Metric    ] METRIC_TX type=REAL node=6 seq=84 bytes=48 time_ms=869487
RX,REAL,,6,84,48,870447.88,870443,870447.88,869487,870443,26.880000000004657,2069,870447880	ID:1	[INFO: Metric    ] METRIC_RX type=REAL src=6 seq=84 send_ms=869487 recv_ms=870443 bytes=48
TX,REAL,5,,84,48,870655.0,869712,870655.0,,,,2071,870655000	ID:5	[INFO: Metric    ] METRIC_TX type=REAL node=5 seq=84 bytes=48 time_ms=869712
TX,DUMMY,5,,14,48,870656.0,869713,870656.0,,,,2072,870656000	ID:5	[INFO: Metric    ] METRIC_TX type=DUMMY node=5 seq=14 bytes=48 time_ms=869713
RX,REAL,,5,84,48,870744.168,870740,870744.168,869712,870740,89.16799999994691,2073,870744168	ID:1	[INFO: Metric    ] METRIC_RX type=REAL src=5 seq=84 send_ms=869712 recv_ms=870740 bytes=48
RX,DUMMY,,5,14,48,870770.168,870766,870770.168,869713,870766,,2074,870770168	ID:1	[INFO: Metric    ] METRIC_RX type=DUMMY src=5 seq=14 send_ms=869713 recv_ms=870766 bytes=48
TX,REAL,3,,82,48,870817.0,869877,870817.0,,,,2077,870817000	ID:3	[INFO: Metric    ] METRIC_TX type=REAL node=3 seq=82 bytes=48 time_ms=869877
RX,REAL,,3,82,48,870851.168,870847,870851.168,869877,870847,34.167999999946915,2078,870851168	ID:1	[INFO: Metric    ] METRIC_RX type=REAL src=3 seq=82 send_ms=869877 recv_ms=870847 bytes=48
TX,REAL,7,,85,48,872696.0,872307,872696.0,,,,2081,872696000	ID:7	[INFO: Metric    ] METRIC_TX type=REAL node=7 seq=85 bytes=48 time_ms=872307
TX,DUMMY,7,,12,48,872697.0,872308,872697.0,,,,2082,872697000	ID:7	[INFO: Metric    ] METRIC_TX type=DUMMY node=7 seq=12 bytes=48 time_ms=872308
RX,REAL,,7,85,48,872702.88,872698,872702.88,872307,872698,6.880000000004657,2083,872702880	ID:1	[INFO: Metric    ] METRIC_RX type=REAL src=7 seq=85 send_ms=872307 recv_ms=872698 bytes=48
RX,DUMMY,,7,12,48,872733.88,872729,872733.88,872308,872729,,2085,872733880	ID:1	[INFO: Metric    ] METRIC_RX type=DUMMY src=7 seq=12 send_ms=872308 recv_ms=872729 bytes=48
TX,REAL,4,,83,48,873396.0,872771,873396.0,,,,2087,873396000	ID:4	[INFO: Metric    ] METRIC_TX type=REAL node=4 seq=83 bytes=48 time_ms=872771
RX,REAL,,4,83,48,873434.168,873430,873434.168,872771,873430,38.167999999946915,2088,873434168	ID:1	[INFO: Metric    ] METRIC_RX type=REAL src=4 seq=83 send_ms=872771 recv_ms=873430 bytes=48
TX,REAL,2,,87,48,878150.0,877672,878150.0,,,,2090,878150000	ID:2	[INFO: Metric    ] METRIC_TX type=REAL node=2 seq=87 bytes=48 time_ms=877672
RX,REAL,,2,87,48,878191.88,878187,878191.88,877672,878187,41.88000000000466,2091,878191880	ID:1	[INFO: Metric    ] METRIC_RX type=REAL src=2 seq=87 send_ms=877672 recv_ms=878187 bytes=48
TX,REAL,5,,85,48,879657.0,878714,879657.0,,,,2093,879657000	ID:5	[INFO: Metric    ] METRIC_TX type=REAL node=5 seq=85 bytes=48 time_ms=878714
TX,DUMMY,5,,15,48,879658.0,878715,879658.0,,,,2094,879658000	ID:5	[INFO: Metric    ] METRIC_TX type=DUMMY node=5 seq=15 bytes=48 time_ms=878715
RX,REAL,,5,85,48,879716.168,879712,879716.168,878714,879712,59.167999999946915,2095,879716168	ID:1	[INFO: Metric    ] METRIC_RX type=REAL src=5 seq=85 send_ms=878714 recv_ms=879712 bytes=48
RX,DUMMY,,5,15,48,879848.168,879844,879848.168,878715,879844,,2097,879848168	ID:1	[INFO: Metric    ] METRIC_RX type=DUMMY src=5 seq=15 send_ms=878715 recv_ms=879844 bytes=48
TX,REAL,3,,83,48,880818.0,879878,880818.0,,,,2099,880818000	ID:3	[INFO: Metric    ] METRIC_TX type=REAL node=3 seq=83 bytes=48 time_ms=879878
RX,REAL,,3,83,48,880860.168,880856,880860.168,879878,880856,42.167999999946915,2100,880860168	ID:1	[INFO: Metric    ] METRIC_RX type=REAL src=3 seq=83 send_ms=879878 recv_ms=880856 bytes=48
TX,REAL,6,,85,48,881422.0,880488,881422.0,,,,2102,881422000	ID:6	[INFO: Metric    ] METRIC_TX type=REAL node=6 seq=85 bytes=48 time_ms=880488
TX,DUMMY,6,,15,48,881423.0,880489,881423.0,,,,2103,881423000	ID:6	[INFO: Metric    ] METRIC_TX type=DUMMY node=6 seq=15 bytes=48 time_ms=880489
RX,REAL,,6,85,48,881454.88,881450,881454.88,880488,881450,32.88000000000466,2104,881454880	ID:1	[INFO: Metric    ] METRIC_RX type=REAL src=6 seq=85 send_ms=880488 recv_ms=881450 bytes=48
RX,DUMMY,,6,15,48,881490.88,881486,881490.88,880489,881486,,2105,881490880	ID:1	[INFO: Metric    ] METRIC_RX type=DUMMY src=6 seq=15 send_ms=880489 recv_ms=881486 bytes=48
TX,REAL,4,,84,48,882397.0,881772,882397.0,,,,2109,882397000	ID:4	[INFO: Metric    ] METRIC_TX type=REAL node=4 seq=84 bytes=48 time_ms=881772
RX,REAL,,4,84,48,882433.168,882429,882433.168,881772,882429,36.167999999946915,2110,882433168	ID:1	[INFO: Metric    ] METRIC_RX type=REAL src=4 seq=84 send_ms=881772 recv_ms=882429 bytes=48
TX,REAL,7,,86,48,883698.0,883309,883698.0,,,,2112,883698000	ID:7	[INFO: Metric    ] METRIC_TX type=REAL node=7 seq=86 bytes=48 time_ms=883309
RX,REAL,,7,86,48,883721.88,883717,883721.88,883309,883717,23.880000000004657,2113,883721880	ID:1	[INFO: Metric    ] METRIC_RX type=REAL src=7 seq=86 send_ms=883309 recv_ms=883717 bytes=48
TX,REAL,2,,88,48,888151.0,887673,888151.0,,,,2115,888151000	ID:2	[INFO: Metric    ] METRIC_TX type=REAL node=2 seq=88 bytes=48 time_ms=887673
TX,DUMMY,2,,20,48,888152.0,887674,888152.0,,,,2116,888152000	ID:2	[INFO: Metric    ] METRIC_TX type=DUMMY node=2 seq=20 bytes=48 time_ms=887674
RX,REAL,,2,88,48,888168.88,888164,888168.88,887673,888164,17.880000000004657,2117,888168880	ID:1	[INFO: Metric    ] METRIC_RX type=REAL src=2 seq=88 send_ms=887673 recv_ms=888164 bytes=48
RX,DUMMY,,2,20,48,888185.88,888181,888185.88,887674,888181,,2118,888185880	ID:1	[INFO: Metric    ] METRIC_RX type=DUMMY src=2 seq=20 send_ms=887674 recv_ms=888181 bytes=48
TX,REAL,5,,86,48,888659.0,887716,888659.0,,,,2121,888659000	ID:5	[INFO: Metric    ] METRIC_TX type=REAL node=5 seq=86 bytes=48 time_ms=887716
RX,REAL,,5,86,48,888728.168,888724,888728.168,887716,888724,69.16799999994691,2122,888728168	ID:1	[INFO: Metric    ] METRIC_RX type=REAL src=5 seq=86 send_ms=887716 recv_ms=888724 bytes=48
TX,REAL,3,,84,48,889819.0,888879,889819.0,,,,2124,889819000	ID:3	[INFO: Metric    ] METRIC_TX type=REAL node=3 seq=84 bytes=48 time_ms=888879
RX,REAL,,3,84,48,889866.168,889862,889866.168,888879,889862,47.167999999946915,2125,889866168	ID:1	[INFO: Metric    ] METRIC_RX type=REAL src=3 seq=84 send_ms=888879 recv_ms=889862 bytes=48
TX,REAL,6,,86,48,892424.0,891490,892424.0,,,,2127,892424000	ID:6	[INFO: Metric    ] METRIC_TX type=REAL node=6 seq=86 bytes=48 time_ms=891490
RX,REAL,,6,86,48,892461.88,892457,892461.88,891490,892457,37.88000000000466,2128,892461880	ID:1	[INFO: Metric    ] METRIC_RX type=REAL src=6 seq=86 send_ms=891490 recv_ms=892457 bytes=48
TX,REAL,4,,85,48,893398.0,892773,893398.0,,,,2130,893398000	ID:4	[INFO: Metric    ] METRIC_TX type=REAL node=4 seq=85 bytes=48 time_ms=892773
RX,REAL,,4,85,48,893476.168,893472,893476.168,892773,893472,78.16799999994691,2131,893476168	ID:1	[INFO: Metric    ] METRIC_RX type=REAL src=4 seq=85 send_ms=892773 recv_ms=893472 bytes=48
TX,REAL,7,,87,48,894699.0,894310,894699.0,,,,2133,894699000	ID:7	[INFO: Metric    ] METRIC_TX type=REAL node=7 seq=87 bytes=48 time_ms=894310
RX,REAL,,7,87,48,894720.88,894716,894720.88,894310,894716,21.880000000004657,2134,894720880	ID:1	[INFO: Metric    ] METRIC_RX type=REAL src=7 seq=87 send_ms=894310 recv_ms=894716 bytes=48
TX,REAL,5,,87,48,898660.0,897717,898660.0,,,,2136,898660000	ID:5	[INFO: Metric    ] METRIC_TX type=REAL node=5 seq=87 bytes=48 time_ms=897717
RX,REAL,,5,87,48,898718.168,898714,898718.168,897717,898714,58.167999999946915,2137,898718168	ID:1	[INFO: Metric    ] METRIC_RX type=REAL src=5 seq=87 send_ms=897717 recv_ms=898714 bytes=48
TX,REAL,3,,85,48,898820.0,897880,898820.0,,,,2140,898820000	ID:3	[INFO: Metric    ] METRIC_TX type=REAL node=3 seq=85 bytes=48 time_ms=897880
RX,REAL,,3,85,48,898861.168,898857,898861.168,897880,898857,41.167999999946915,2141,898861168	ID:1	[INFO: Metric    ] METRIC_RX type=REAL src=3 seq=85 send_ms=897880 recv_ms=898857 bytes=48
TX,REAL,2,,89,48,899153.0,898675,899153.0,,,,2143,899153000	ID:2	[INFO: Metric    ] METRIC_TX type=REAL node=2 seq=89 bytes=48 time_ms=898675
TX,DUMMY,2,,21,48,899154.0,898676,899154.0,,,,2144,899154000	ID:2	[INFO: Metric    ] METRIC_TX type=DUMMY node=2 seq=21 bytes=48 time_ms=898676
RX,REAL,,2,89,48,899163.88,899159,899163.88,898675,899159,10.880000000004657,2145,899163880	ID:1	[INFO: Metric    ] METRIC_RX type=REAL src=2 seq=89 send_ms=898675 recv_ms=899159 bytes=48
RX,DUMMY,,2,21,48,899192.88,899188,899192.88,898676,899188,,2147,899192880	ID:1	[INFO: Metric    ] METRIC_RX type=DUMMY src=2 seq=21 send_ms=898676 recv_ms=899188 bytes=48
TX,REAL,4,,86,48,902399.0,901774,902399.0,,,,2149,902399000	ID:4	[INFO: Metric    ] METRIC_TX type=REAL node=4 seq=86 bytes=48 time_ms=901774
TX,REAL,6,,87,48,902425.0,901491,902425.0,,,,2150,902425000	ID:6	[INFO: Metric    ] METRIC_TX type=REAL node=6 seq=87 bytes=48 time_ms=901491
RX,REAL,,6,87,48,902451.88,902447,902451.88,901491,902447,26.880000000004657,2151,902451880	ID:1	[INFO: Metric    ] METRIC_RX type=REAL src=6 seq=87 send_ms=901491 recv_ms=902447 bytes=48
RX,REAL,,4,86,48,902490.168,902486,902490.168,901774,902486,91.16799999994691,2152,902490168	ID:1	[INFO: Metric    ] METRIC_RX type=REAL src=4 seq=86 send_ms=901774 recv_ms=902486 bytes=48
TX,REAL,7,,88,48,905700.0,905311,905700.0,,,,2155,905700000	ID:7	[INFO: Metric    ] METRIC_TX type=REAL node=7 seq=88 bytes=48 time_ms=905311
RX,REAL,,7,88,48,905737.88,905733,905737.88,905311,905733,37.88000000000466,2156,905737880	ID:1	[INFO: Metric    ] METRIC_RX type=REAL src=7 seq=88 send_ms=905311 recv_ms=905733 bytes=48
TX,REAL,5,,88,48,908661.0,907718,908661.0,,,,2158,908661000	ID:5	[INFO: Metric    ] METRIC_TX type=REAL node=5 seq=88 bytes=48 time_ms=907718
RX,REAL,,5,88,48,908689.304,908685,908689.304,907718,908685,28.304000000003725,2159,908689304	ID:1	[INFO: Metric    ] METRIC_RX type=REAL src=5 seq=88 send_ms=907718 recv_ms=908685 bytes=48
TX,REAL,3,,86,48,908821.0,907881,908821.0,,,,2161,908821000	ID:3	[INFO: Metric    ] METRIC_TX type=REAL node=3 seq=86 bytes=48 time_ms=907881
RX,REAL,,3,86,48,908868.304,908864,908868.304,907881,908864,47.304000000003725,2162,908868304	ID:1	[INFO: Metric    ] METRIC_RX type=REAL src=3 seq=86 send_ms=907881 recv_ms=908864 bytes=48
TX,REAL,2,,90,48,909155.0,908677,909155.0,,,,2166,909155000	ID:2	[INFO: Metric    ] METRIC_TX type=REAL node=2 seq=90 bytes=48 time_ms=908677
TX,DUMMY,2,,22,48,909156.0,908678,909156.0,,,,2167,909156000	ID:2	[INFO: Metric    ] METRIC_TX type=DUMMY node=2 seq=22 bytes=48 time_ms=908678
RX,REAL,,2,90,48,909161.88,909157,909161.88,908677,909157,6.880000000004657,2168,909161880	ID:1	[INFO: Metric    ] METRIC_RX type=REAL src=2 seq=90 send_ms=908677 recv_ms=909157 bytes=48
RX,DUMMY,,2,22,48,909176.88,909172,909176.88,908678,909172,,2169,909176880	ID:1	[INFO: Metric    ] METRIC_RX type=DUMMY src=2 seq=22 send_ms=908678 recv_ms=909172 bytes=48
TX,REAL,6,,88,48,912426.0,911492,912426.0,,,,2173,912426000	ID:6	[INFO: Metric    ] METRIC_TX type=REAL node=6 seq=88 bytes=48 time_ms=911492
RX,REAL,,6,88,48,912435.88,912431,912435.88,911492,912431,9.880000000004657,2174,912435880	ID:1	[INFO: Metric    ] METRIC_RX type=REAL src=6 seq=88 send_ms=911492 recv_ms=912431 bytes=48
TX,REAL,4,,87,48,913400.0,912775,913400.0,,,,2176,913400000	ID:4	[INFO: Metric    ] METRIC_TX type=REAL node=4 seq=87 bytes=48 time_ms=912775
RX,REAL,,4,87,48,913446.168,913442,913446.168,912775,913442,46.167999999946915,2177,913446168	ID:1	[INFO: Metric    ] METRIC_RX type=REAL src=4 seq=87 send_ms=912775 recv_ms=913442 bytes=48
TX,REAL,7,,89,48,914701.0,914312,914701.0,,,,2179,914701000	ID:7	[INFO: Metric    ] METRIC_TX type=REAL node=7 seq=89 bytes=48 time_ms=914312
RX,REAL,,7,89,48,914738.88,914734,914738.88,914312,914734,37.88000000000466,2180,914738880	ID:1	[INFO: Metric    ] METRIC_RX type=REAL src=7 seq=89 send_ms=914312 recv_ms=914734 bytes=48
TX,REAL,5,,89,48,918662.0,917719,918662.0,,,,2182,918662000	ID:5	[INFO: Metric    ] METRIC_TX type=REAL node=5 seq=89 bytes=48 time_ms=917719
RX,REAL,,5,89,48,918706.168,918702,918706.168,917719,918702,44.167999999946915,2183,918706168	ID:1	[INFO: Metric    ] METRIC_RX type=REAL src=5 seq=89 send_ms=917719 recv_ms=918702 bytes=48
TX,REAL,3,,87,48,918822.0,917882,918822.0,,,,2185,918822000	ID:3	[INFO: Metric    ] METRIC_TX type=REAL node=3 seq=87 bytes=48 time_ms=917882
RX,REAL,,3,87,48,918875.168,918871,918875.168,917882,918871,53.167999999946915,2186,918875168	ID:1	[INFO: Metric    ] METRIC_RX type=REAL src=3 seq=87 send_ms=917882 recv_ms=918871 bytes=48
TX,REAL,2,,91,48,919157.0,918679,919157.0,,,,2188,919157000	ID:2	[INFO: Metric    ] METRIC_TX type=REAL node=2 seq=91 bytes=48 time_ms=918679
RX,REAL,,2,91,48,919165.88,919161,919165.88,918679,919161,8.880000000004657,2189,919165880	ID:1	[INFO: Metric    ] METRIC_RX type=REAL src=2 seq=91 send_ms=918679 recv_ms=919161 bytes=48
TX,REAL,6,,89,48,921427.0,920493,921427.0,,,,2191,921427000	ID:6	[INFO: Metric    ] METRIC_TX type=REAL node=6 seq=89 bytes=48 time_ms=920493
RX,REAL,,6,89,48,921461.88,921457,921461.88,920493,921457,34.88000000000466,2192,921461880	ID:1	[INFO: Metric    ] METRIC_RX type=REAL src=6 seq=89 send_ms=920493 recv_ms=921457 bytes=48
TX,REAL,7,,90,48,923702.0,923313,923702.0,,,,2196,923702000	ID:7	[INFO: Metric    ] METRIC_TX type=REAL node=7 seq=90 bytes=48 time_ms=923313
RX,REAL,,7,90,48,923747.88,923743,923747.88,923313,923743,45.88000000000466,2197,923747880	ID:1	[INFO: Metric    ] METRIC_RX type=REAL src=7 seq=90 send_ms=923313 recv_ms=923743 bytes=48
TX,REAL,4,,88,48,924401.0,923776,924401.0,,,,2199,924401000	ID:4	[INFO: Metric    ] METRIC_TX type=REAL node=4 seq=88 bytes=48 time_ms=923776
RX,REAL,,4,88,48,924422.168,924418,924422.168,923776,924418,21.167999999946915,2200,924422168	ID:1	[INFO: Metric    ] METRIC_RX type=REAL src=4 seq=88 send_ms=923776 recv_ms=924418 bytes=48
TX,REAL,3,,88,48,927823.0,926883,927823.0,,,,2202,927823000	ID:3	[INFO: Metric    ] METRIC_TX type=REAL node=3 seq=88 bytes=48 time_ms=926883
RX,REAL,,3,88,48,927890.168,927886,927890.168,926883,927886,67.16799999994691,2203,927890168	ID:1	[INFO: Metric    ] METRIC_RX type=REAL src=3 seq=88 send_ms=926883 recv_ms=927886 bytes=48
TX,REAL,5,,90,48,928663.0,927720,928663.0,,,,2208,928663000	ID:5	[INFO: Metric    ] METRIC_TX type=REAL node=5 seq=90 bytes=48 time_ms=927720
RX,REAL,,5,90,48,928705.168,928701,928705.168,927720,928701,42.167999999946915,2209,928705168	ID:1	[INFO: Metric    ] METRIC_RX type=REAL src=5 seq=90 send_ms=927720 recv_ms=928701 bytes=48
TX,REAL,2,,92,48,930158.0,929680,930158.0,,,,2211,930158000	ID:2	[INFO: Metric    ] METRIC_TX type=REAL node=2 seq=92 bytes=48 time_ms=929680
RX,REAL,,2,92,48,930169.88,930165,930169.88,929680,930165,11.880000000004657,2212,930169880	ID:1	[INFO: Metric    ] METRIC_RX type=REAL src=2 seq=92 send_ms=929680 recv_ms=930165 bytes=48
TX,REAL,6,,90,48,932428.0,931494,932428.0,,,,2216,932428000	ID:6	[INFO: Metric    ] METRIC_TX type=REAL node=6 seq=90 bytes=48 time_ms=931494
TX,DUMMY,6,,16,48,932429.0,931495,932429.0,,,,2217,932429000	ID:6	[INFO: Metric    ] METRIC_TX type=DUMMY node=6 seq=16 bytes=48 time_ms=931495
RX,REAL,,6,90,48,932470.88,932466,932470.88,931494,932466,42.88000000000466,2218,932470880	ID:1	[INFO: Metric    ] METRIC_RX type=REAL src=6 seq=90 send_ms=931494 recv_ms=932466 bytes=48
RX,DUMMY,,6,16,48,932505.88,932501,932505.88,931495,932501,,2220,932505880	ID:1	[INFO: Metric    ] METRIC_RX type=DUMMY src=6 seq=16 send_ms=931495 recv_ms=932501 bytes=48
TX,REAL,4,,89,48,933402.0,932777,933402.0,,,,2222,933402000	ID:4	[INFO: Metric    ] METRIC_TX type=REAL node=4 seq=89 bytes=48 time_ms=932777
RX,REAL,,4,89,48,933448.168,933444,933448.168,932777,933444,46.167999999946915,2223,933448168	ID:1	[INFO: Metric    ] METRIC_RX type=REAL src=4 seq=89 send_ms=932777 recv_ms=933444 bytes=48
TX,REAL,7,,91,48,933703.0,933314,933703.0,,,,2225,933703000	ID:7	[INFO: Metric    ] METRIC_TX type=REAL node=7 seq=91 bytes=48 time_ms=933314
TX,DUMMY,7,,13,48,933704.0,933315,933704.0,,,,2226,933704000	ID:7	[INFO: Metric    ] METRIC_TX type=DUMMY node=7 seq=13 bytes=48 time_ms=933315
RX,REAL,,7,91,48,933724.88,933720,933724.88,933314,933720,21.880000000004657,2227,933724880	ID:1	[INFO: Metric    ] METRIC_RX type=REAL src=7 seq=91 send_ms=933314 recv_ms=933720 bytes=48
RX,DUMMY,,7,13,48,933770.88,933766,933770.88,933315,933766,,2229,933770880	ID:1	[INFO: Metric    ] METRIC_RX type=DUMMY src=7 seq=13 send_ms=933315 recv_ms=933766 bytes=48
TX,REAL,3,,89,48,936824.0,935884,936824.0,,,,2231,936824000	ID:3	[INFO: Metric    ] METRIC_TX type=REAL node=3 seq=89 bytes=48 time_ms=935884
RX,REAL,,3,89,48,936876.168,936872,936876.168,935884,936872,52.167999999946915,2232,936876168	ID:1	[INFO: Metric    ] METRIC_RX type=REAL src=3 seq=89 send_ms=935884 recv_ms=936872 bytes=48
TX,REAL,5,,91,48,937664.0,936721,937664.0,,,,2234,937664000	ID:5	[INFO: Metric    ] METRIC_TX type=REAL node=5 seq=91 bytes=48 time_ms=936721
TX,DUMMY,5,,16,48,937665.0,936722,937665.0,,,,2235,937665000	ID:5	[INFO: Metric    ] METRIC_TX type=DUMMY node=5 seq=16 bytes=48 time_ms=936722
RX,REAL,,5,91,48,937710.304,937706,937710.304,936721,937706,46.304000000003725,2236,937710304	ID:1	[INFO: Metric    ] METRIC_RX type=REAL src=5 seq=91 send_ms=936721 recv_ms=937706 bytes=48
RX,DUMMY,,5,16,48,937717.472,937713,937717.472,936722,937713,,2237,937717472	ID:1	[INFO: Metric    ] METRIC_RX type=DUMMY src=5 seq=16 send_ms=936722 recv_ms=937713 bytes=48
TX,REAL,2,,93,48,941159.0,940681,941159.0,,,,2241,941159000	ID:2	[INFO: Metric    ] METRIC_TX type=REAL node=2 seq=93 bytes=48 time_ms=940681
TX,DUMMY,2,,23,48,941160.0,940682,941160.0,,,,2242,941160000	ID:2	[INFO: Metric    ] METRIC_TX type=DUMMY node=2 seq=23 bytes=48 time_ms=940682
RX,REAL,,2,93,48,941188.88,941184,941188.88,940681,941184,29.880000000004657,2243,941188880	ID:1	[INFO: Metric    ] METRIC_RX type=REAL src=2 seq=93 send_ms=940681 recv_ms=941184 bytes=48
RX,DUMMY,,2,23,48,941216.88,941212,941216.88,940682,941212,,2244,941216880	ID:1	[INFO: Metric    ] METRIC_RX type=DUMMY src=2 seq=23 send_ms=940682 recv_ms=941212 bytes=48
TX,REAL,4,,90,48,943403.0,942778,943403.0,,,,2249,943403000	ID:4	[INFO: Metric    ] METRIC_TX type=REAL node=4 seq=90 bytes=48 time_ms=942778
TX,DUMMY,4,,16,48,943404.0,942779,943404.0,,,,2250,943404000	ID:4	[INFO: Metric    ] METRIC_TX type=DUMMY node=4 seq=16 bytes=48 time_ms=942779
TX,REAL,6,,91,48,943430.0,942496,943430.0,,,,2251,943430000	ID:6	[INFO: Metric    ] METRIC_TX type=REAL node=6 seq=91 bytes=48 time_ms=942496
RX,REAL,,6,91,48,943439.88,943435,943439.88,942496,943435,9.880000000004657,2252,943439880	ID:1	[INFO: Metric    ] METRIC_RX type=REAL src=6 seq=91 send_ms=942496 recv_ms=943435 bytes=48
RX,REAL,,4,90,48,943547.168,943543,943547.168,942778,943543,144.16799999994691,2254,943547168	ID:1	[INFO: Metric    ] METRIC_RX type=REAL src=4 seq=90 send_ms=942778 recv_ms=943543 bytes=48
RX,DUMMY,,4,16,48,943566.304,943562,943566.304,942779,943562,,2255,943566304	ID:1	[INFO: Metric    ] METRIC_RX type=DUMMY src=4 seq=16 send_ms=942779 recv_ms=943562 bytes=48
TX,REAL,7,,92,48,944705.0,944316,944705.0,,,,2258,944705000	ID:7	[INFO: Metric    ] METRIC_TX type=REAL node=7 seq=92 bytes=48 time_ms=944316
RX,REAL,,7,92,48,944719.88,944715,944719.88,944316,944715,14.880000000004657,2259,944719880	ID:1	[INFO: Metric    ] METRIC_RX type=REAL src=7 seq=92 send_ms=944316 recv_ms=944715 bytes=48
TX,REAL,3,,90,48,946825.0,945885,946825.0,,,,2263,946825000	ID:3	[INFO: Metric    ] METRIC_TX type=REAL node=3 seq=90 bytes=48 time_ms=945885
RX,REAL,,3,90,48,946880.168,946876,946880.168,945885,946876,55.167999999946915,2264,946880168	ID:1	[INFO: Metric    ] METRIC_RX type=REAL src=3 seq=90 send_ms=945885 recv_ms=946876 bytes=48
TX,REAL,5,,92,48,947666.0,946723,947666.0,,,,2266,947666000	ID:5	[INFO: Metric    ] METRIC_TX type=REAL node=5 seq=92 bytes=48 time_ms=946723
TX,DUMMY,5,,17,48,947667.0,946724,947667.0,,,,2267,947667000	ID:5	[INFO: Metric    ] METRIC_TX type=DUMMY node=5 seq=17 bytes=48 time_ms=946724
RX,REAL,,5,92,48,947723.168,947719,947723.168,946723,947719,57.167999999946915,2268,947723168	ID:1	[INFO: Metric    ] METRIC_RX type=REAL src=5 seq=92 send_ms=946723 recv_ms=947719 bytes=48
RX,DUMMY,,5,17,48,947739.168,947735,947739.168,946724,947735,,2269,947739168	ID:1	[INFO: Metric    ] METRIC_RX type=DUMMY src=5 seq=17 send_ms=946724 recv_ms=947735 bytes=48
TX,REAL,2,,94,48,952161.0,951683,952161.0,,,,2272,952161000	ID:2	[INFO: Metric    ] METRIC_TX type=REAL node=2 seq=94 bytes=48 time_ms=951683
RX,REAL,,2,94,48,952198.88,952194,952198.88,951683,952194,37.88000000000466,2273,952198880	ID:1	[INFO: Metric    ] METRIC_RX type=REAL src=2 seq=94 send_ms=951683 recv_ms=952194 bytes=48
TX,REAL,4,,91,48,953405.0,952780,953405.0,,,,2276,953405000	ID:4	[INFO: Metric    ] METRIC_TX type=REAL node=4 seq=91 bytes=48 time_ms=952780
RX,REAL,,4,91,48,953465.168,953461,953465.168,952780,953461,60.167999999946915,2277,953465168	ID:1	[INFO: Metric    ] METRIC_RX type=REAL src=4 seq=91 send_ms=952780 recv_ms=953461 bytes=48
TX,REAL,6,,92,48,954431.0,953497,954431.0,,,,2279,954431000	ID:6	[INFO: Metric    ] METRIC_TX type=REAL node=6 seq=92 bytes=48 time_ms=953497
RX,REAL,,6,92,48,954471.88,954467,954471.88,953497,954467,40.88000000000466,2280,954471880	ID:1	[INFO: Metric    ] METRIC_RX type=REAL src=6 seq=92 send_ms=953497 recv_ms=954467 bytes=48
TX,REAL,7,,93,48,954706.0,954317,954706.0,,,,2282,954706000	ID:7	[INFO: Metric    ] METRIC_TX type=REAL node=7 seq=93 bytes=48 time_ms=954317
TX,DUMMY,7,,14,48,954707.0,954318,954707.0,,,,2283,954707000	ID:7	[INFO: Metric    ] METRIC_TX type=DUMMY node=7 seq=14 bytes=48 time_ms=954318
RX,REAL,,7,93,48,954733.88,954729,954733.88,954317,954729,27.880000000004657,2284,954733880	ID:1	[INFO: Metric    ] METRIC_RX type=REAL src=7 seq=93 send_ms=954317 recv_ms=954729 bytes=48
RX,DUMMY,,7,14,48,954756.88,954752,954756.88,954318,954752,,2286,954756880	ID:1	[INFO: Metric    ] METRIC_RX type=DUMMY src=7 seq=14 send_ms=954318 recv_ms=954752 bytes=48
TX,REAL,5,,93,48,956668.0,955725,956668.0,,,,2288,956668000	ID:5	[INFO: Metric    ] METRIC_TX type=REAL node=5 seq=93 bytes=48 time_ms=955725
TX,DUMMY,5,,18,48,956669.0,955726,956669.0,,,,2289,956669000	ID:5	[INFO: Metric    ] METRIC_TX type=DUMMY node=5 seq=18 bytes=48 time_ms=955726
RX,REAL,,5,93,48,956739.168,956735,956739.168,955725,956735,71.16799999994691,2290,956739168	ID:1	[INFO: Metric    ] METRIC_RX type=REAL src=5 seq=93 send_ms=955725 recv_ms=956735 bytes=48
RX,DUMMY,,5,18,48,956771.168,956767,956771.168,955726,956767,,2292,956771168	ID:1	[INFO: Metric    ] METRIC_RX type=DUMMY src=5 seq=18 send_ms=955726 recv_ms=956767 bytes=48
TX,REAL,3,,91,48,956826.0,955886,956826.0,,,,2294,956826000	ID:3	[INFO: Metric    ] METRIC_TX type=REAL node=3 seq=91 bytes=48 time_ms=955886
TX,DUMMY,3,,25,48,956827.0,955887,956827.0,,,,2295,956827000	ID:3	[INFO: Metric    ] METRIC_TX type=DUMMY node=3 seq=25 bytes=48 time_ms=955887
RX,REAL,,3,91,48,956873.168,956869,956873.168,955886,956869,47.167999999946915,2296,956873168	ID:1	[INFO: Metric    ] METRIC_RX type=REAL src=3 seq=91 send_ms=955886 recv_ms=956869 bytes=48
RX,DUMMY,,3,25,48,956912.168,956908,956912.168,955887,956908,,2297,956912168	ID:1	[INFO: Metric    ] METRIC_RX type=DUMMY src=3 seq=25 send_ms=955887 recv_ms=956908 bytes=48
TX,REAL,2,,95,48,961162.0,960684,961162.0,,,,2300,961162000	ID:2	[INFO: Metric    ] METRIC_TX type=REAL node=2 seq=95 bytes=48 time_ms=960684
RX,REAL,,2,95,48,961194.88,961190,961194.88,960684,961190,32.88000000000466,2301,961194880	ID:1	[INFO: Metric    ] METRIC_RX type=REAL src=2 seq=95 send_ms=960684 recv_ms=961190 bytes=48
TX,REAL,4,,92,48,962406.0,961781,962406.0,,,,2303,962406000	ID:4	[INFO: Metric    ] METRIC_TX type=REAL node=4 seq=92 bytes=48 time_ms=961781
RX,REAL,,4,92,48,962429.168,962425,962429.168,961781,962425,23.167999999946915,2304,962429168	ID:1	[INFO: Metric    ] METRIC_RX type=REAL src=4 seq=92 send_ms=961781 recv_ms=962425 bytes=48
TX,REAL,6,,93,48,963432.0,962498,963432.0,,,,2307,963432000	ID:6	[INFO: Metric    ] METRIC_TX type=REAL node=6 seq=93 bytes=48 time_ms=962498
RX,REAL,,6,93,48,963453.88,963449,963453.88,962498,963449,21.880000000004657,2308,963453880	ID:1	[INFO: Metric    ] METRIC_RX type=REAL src=6 seq=93 send_ms=962498 recv_ms=963449 bytes=48
TX,REAL,7,,94,48,964708.0,964319,964708.0,,,,2310,964708000	ID:7	[INFO: Metric    ] METRIC_TX type=REAL node=7 seq=94 bytes=48 time_ms=964319
RX,REAL,,7,94,48,964731.88,964727,964731.88,964319,964727,23.880000000004657,2311,964731880	ID:1	[INFO: Metric    ] METRIC_RX type=REAL src=7 seq=94 send_ms=964319 recv_ms=964727 bytes=48
TX,REAL,5,,94,48,965670.0,964727,965670.0,,,,2313,965670000	ID:5	[INFO: Metric    ] METRIC_TX type=REAL node=5 seq=94 bytes=48 time_ms=964727
RX,REAL,,5,94,48,965721.304,965717,965721.304,964727,965717,51.304000000003725,2314,965721304	ID:1	[INFO: Metric    ] METRIC_RX type=REAL src=5 seq=94 send_ms=964727 recv_ms=965717 bytes=48
TX,REAL,3,,92,48,967828.0,966888,967828.0,,,,2316,967828000	ID:3	[INFO: Metric    ] METRIC_TX type=REAL node=3 seq=92 bytes=48 time_ms=966888
TX,DUMMY,3,,26,48,967829.0,966889,967829.0,,,,2317,967829000	ID:3	[INFO: Metric    ] METRIC_TX type=DUMMY node=3 seq=26 bytes=48 time_ms=966889
RX,REAL,,3,92,48,967890.304,967886,967890.304,966888,967886,62.304000000003725,2318,967890304	ID:1	[INFO: Metric    ] METRIC_RX type=REAL src=3 seq=92 send_ms=966888 recv_ms=967886 bytes=48
RX,DUMMY,,3,26,48,967916.168,967912,967916.168,966889,967912,,2319,967916168	ID:1	[INFO: Metric    ] METRIC_RX type=DUMMY src=3 seq=26 send_ms=966889 recv_ms=967912 bytes=48
TX,REAL,2,,96,48,970163.0,969685,970163.0,,,,2322,970163000	ID:2	[INFO: Metric    ] METRIC_TX type=REAL node=2 seq=96 bytes=48 time_ms=969685
RX,REAL,,2,96,48,970189.88,970185,970189.88,969685,970185,26.880000000004657,2323,970189880	ID:1	[INFO: Metric    ] METRIC_RX type=REAL src=2 seq=96 send_ms=969685 recv_ms=970185 bytes=48
TX,REAL,4,,93,48,971407.0,970782,971407.0,,,,2325,971407000	ID:4	[INFO: Metric    ] METRIC_TX type=REAL node=4 seq=93 bytes=48 time_ms=970782
RX,REAL,,4,93,48,971488.168,971484,971488.168,970782,971484,81.16799999994691,2326,971488168	ID:1	[INFO: Metric    ] METRIC_RX type=REAL src=4 seq=93 send_ms=970782 recv_ms=971484 bytes=48
TX,REAL,6,,94,48,973433.0,972499,973433.0,,,,2328,973433000	ID:6	[INFO: Metric    ] METRIC_TX type=REAL node=6 seq=94 bytes=48 time_ms=972499
RX,REAL,,6,94,48,973477.88,973473,973477.88,972499,973473,44.88000000000466,2329,973477880	ID:1	[INFO: Metric    ] METRIC_RX type=REAL src=6 seq=94 send_ms=972499 recv_ms=973473 bytes=48
TX,REAL,7,,95,48,975709.0,975320,975709.0,,,,2331,975709000	ID:7	[INFO: Metric    ] METRIC_TX type=REAL node=7 seq=95 bytes=48 time_ms=975320
TX,DUMMY,7,,15,48,975710.0,975321,975710.0,,,,2332,975710000	ID:7	[INFO: Metric    ] METRIC_TX type=DUMMY node=7 seq=15 bytes=48 time_ms=975321
RX,REAL,,7,95,48,975736.88,975732,975736.88,975320,975732,27.880000000004657,2333,975736880	ID:1	[INFO: Metric    ] METRIC_RX type=REAL src=7 seq=95 send_ms=975320 recv_ms=975732 bytes=48
RX,DUMMY,,7,15,48,975757.88,975753,975757.88,975321,975753,,2335,975757880	ID:1	[INFO: Metric    ] METRIC_RX type=DUMMY src=7 seq=15 send_ms=975321 recv_ms=975753 bytes=48
TX,REAL,5,,95,48,976671.0,975728,976671.0,,,,2338,976671000	ID:5	[INFO: Metric    ] METRIC_TX type=REAL node=5 seq=95 bytes=48 time_ms=975728
TX,DUMMY,5,,19,48,976672.0,975729,976672.0,,,,2339,976672000	ID:5	[INFO: Metric    ] METRIC_TX type=DUMMY node=5 seq=19 bytes=48 time_ms=975729
RX,REAL,,5,95,48,976715.168,976711,976715.168,975728,976711,44.167999999946915,2340,976715168	ID:1	[INFO: Metric    ] METRIC_RX type=REAL src=5 seq=95 send_ms=975728 recv_ms=976711 bytes=48
RX,DUMMY,,5,19,48,976740.168,976736,976740.168,975729,976736,,2341,976740168	ID:1	[INFO: Metric    ] METRIC_RX type=DUMMY src=5 seq=19 send_ms=975729 recv_ms=976736 bytes=48
TX,REAL,3,,93,48,977830.0,976890,977830.0,,,,2344,977830000	ID:3	[INFO: Metric    ] METRIC_TX type=REAL node=3 seq=93 bytes=48 time_ms=976890
RX,REAL,,3,93,48,977886.168,977882,977886.168,976890,977882,56.167999999946915,2345,977886168	ID:1	[INFO: Metric    ] METRIC_RX type=REAL src=3 seq=93 send_ms=976890 recv_ms=977882 bytes=48
TX,REAL,2,,97,48,981164.0,980686,981164.0,,,,2347,981164000	ID:2	[INFO: Metric    ] METRIC_TX type=REAL node=2 seq=97 bytes=48 time_ms=980686
RX,REAL,,2,97,48,981199.88,981195,981199.88,980686,981195,35.88000000000466,2348,981199880	ID:1	[INFO: Metric    ] METRIC_RX type=REAL src=2 seq=97 send_ms=980686 recv_ms=981195 bytes=48
TX,REAL,4,,94,48,981408.0,980783,981408.0,,,,2350,981408000	ID:4	[INFO: Metric    ] METRIC_TX type=REAL node=4 seq=94 bytes=48 time_ms=980783
RX,REAL,,4,94,48,981455.168,981451,981455.168,980783,981451,47.167999999946915,2351,981455168	ID:1	[INFO: Metric    ] METRIC_RX type=REAL src=4 seq=94 send_ms=980783 recv_ms=981451 bytes=48
TX,REAL,6,,95,48,983434.0,982500,983434.0,,,,2353,983434000	ID:6	[INFO: Metric    ] METRIC_TX type=REAL node=6 seq=95 bytes=48 time_ms=982500
TX,DUMMY,6,,17,48,983435.0,982501,983435.0,,,,2354,983435000	ID:6	[INFO: Metric    ] METRIC_TX type=DUMMY node=6 seq=17 bytes=48 time_ms=982501
RX,REAL,,6,95,48,983446.88,983442,983446.88,982500,983442,12.880000000004657,2355,983446880	ID:1	[INFO: Metric    ] METRIC_RX type=REAL src=6 seq=95 send_ms=982500 recv_ms=983442 bytes=48
RX,DUMMY,,6,17,48,983456.88,983452,983456.88,982501,983452,,2356,983456880	ID:1	[INFO: Metric    ] METRIC_RX type=DUMMY src=6 seq=17 send_ms=982501 recv_ms=983452 bytes=48
TX,REAL,7,,96,48,984711.0,984322,984711.0,,,,2359,984711000	ID:7	[INFO: Metric    ] METRIC_TX type=REAL node=7 seq=96 bytes=48 time_ms=984322
RX,REAL,,7,96,48,984736.88,984732,984736.88,984322,984732,25.880000000004657,2360,984736880	ID:1	[INFO: Metric    ] METRIC_RX type=REAL src=7 seq=96 send_ms=984322 recv_ms=984732 bytes=48
TX,REAL,5,,96,48,985673.0,984730,985673.0,,,,2362,985673000	ID:5	[INFO: Metric    ] METRIC_TX type=REAL node=5 seq=96 bytes=48 time_ms=984730
RX,REAL,,5,96,48,985724.168,985720,985724.168,984730,985720,51.167999999946915,2363,985724168	ID:1	[INFO: Metric    ] METRIC_RX type=REAL src=5 seq=96 send_ms=984730 recv_ms=985720 bytes=48
TX,REAL,3,,94,48,986831.0,985891,986831.0,,,,2365,986831000	ID:3	[INFO: Metric    ] METRIC_TX type=REAL node=3 seq=94 bytes=48 time_ms=985891
RX,REAL,,3,94,48,986884.168,986880,986884.168,985891,986880,53.167999999946915,2366,986884168	ID:1	[INFO: Metric    ] METRIC_RX type=REAL src=3 seq=94 send_ms=985891 recv_ms=986880 bytes=48
TX,REAL,2,,98,48,990165.0,989687,990165.0,,,,2369,990165000	ID:2	[INFO: Metric    ] METRIC_TX type=REAL node=2 seq=98 bytes=48 time_ms=989687
RX,REAL,,2,98,48,990187.88,990183,990187.88,989687,990183,22.880000000004657,2370,990187880	ID:1	[INFO: Metric    ] METRIC_RX type=REAL src=2 seq=98 send_ms=989687 recv_ms=990183 bytes=48
TX,REAL,4,,95,48,990409.0,989784,990409.0,,,,2372,990409000	ID:4	[INFO: Metric    ] METRIC_TX type=REAL node=4 seq=95 bytes=48 time_ms=989784
RX,REAL,,4,95,48,990476.168,990472,990476.168,989784,990472,67.16799999994691,2373,990476168	ID:1	[INFO: Metric    ] METRIC_RX type=REAL src=4 seq=95 send_ms=989784 recv_ms=990472 bytes=48
TX,REAL,6,,96,48,992436.0,991502,992436.0,,,,2375,992436000	ID:6	[INFO: Metric    ] METRIC_TX type=REAL node=6 seq=96 bytes=48 time_ms=991502
RX,REAL,,6,96,48,992443.88,992439,992443.88,991502,992439,7.880000000004657,2376,992443880	ID:1	[INFO: Metric    ] METRIC_RX type=REAL src=6 seq=96 send_ms=991502 recv_ms=992439 bytes=48
TX,REAL,5,,97,48,995674.0,994731,995674.0,,,,2378,995674000	ID:5	[INFO: Metric    ] METRIC_TX type=REAL node=5 seq=97 bytes=48 time_ms=994731
TX,REAL,7,,97,48,995712.0,995323,995712.0,,,,2379,995712000	ID:7	[INFO: Metric    ] METRIC_TX type=REAL node=7 seq=97 bytes=48 time_ms=995323
RX,REAL,,7,97,48,995726.88,995722,995726.88,995323,995722,14.880000000004657,2380,995726880	ID:1	[INFO: Metric    ] METRIC_RX type=REAL src=7 seq=97 send_ms=995323 recv_ms=995722 bytes=48
RX,REAL,,5,97,48,995746.168,995742,995746.168,994731,995742,72.16799999994691,2382,995746168	ID:1	[INFO: Metric    ] METRIC_RX type=REAL src=5 seq=97 send_ms=994731 recv_ms=995742 bytes=48
TX,REAL,3,,95,48,997832.0,996892,997832.0,,,,2384,997832000	ID:3	[INFO: Metric    ] METRIC_TX type=REAL node=3 seq=95 bytes=48 time_ms=996892
RX,REAL,,3,95,48,997892.168,997888,997892.168,996892,997888,60.167999999946915,2385,997892168	ID:1	[INFO: Metric    ] METRIC_RX type=REAL src=3 seq=95 send_ms=996892 recv_ms=997888 bytes=48
TX,REAL,2,,99,48,999166.0,998688,999166.0,,,,2387,999166000	ID:2	[INFO: Metric    ] METRIC_TX type=REAL node=2 seq=99 bytes=48 time_ms=998688
RX,REAL,,2,99,48,999211.88,999207,999211.88,998688,999207,45.88000000000466,2388,999211880	ID:1	[INFO: Metric    ] METRIC_RX type=REAL src=2 seq=99 send_ms=998688 recv_ms=999207 bytes=48
TX,REAL,4,,96,48,1000410.0,999785,1000410.0,,,,2390,1000410000	ID:4	[INFO: Metric    ] METRIC_TX type=REAL node=4 seq=96 bytes=48 time_ms=999785
RX,REAL,,4,96,48,1000484.168,1000480,1000484.168,999785,1000480,74.16799999994691,2391,1000484168	ID:1	[INFO: Metric    ] METRIC_RX type=REAL src=4 seq=96 send_ms=999785 recv_ms=1000480 bytes=48
TX,REAL,6,,97,48,1002437.0,1001503,1002437.0,,,,2393,1002437000	ID:6	[INFO: Metric    ] METRIC_TX type=REAL node=6 seq=97 bytes=48 time_ms=1001503
RX,REAL,,6,97,48,1002481.88,1002477,1002481.88,1001503,1002477,44.88000000000466,2394,1002481880	ID:1	[INFO: Metric    ] METRIC_RX type=REAL src=6 seq=97 send_ms=1001503 recv_ms=1002477 bytes=48
TX,REAL,5,,98,48,1006675.0,1005732,1006675.0,,,,2396,1006675000	ID:5	[INFO: Metric    ] METRIC_TX type=REAL node=5 seq=98 bytes=48 time_ms=1005732
RX,REAL,,5,98,48,1006708.168,1006704,1006708.168,1005732,1006704,33.167999999946915,2397,1006708168	ID:1	[INFO: Metric    ] METRIC_RX type=REAL src=5 seq=98 send_ms=1005732 recv_ms=1006704 bytes=48
TX,REAL,7,,98,48,1006713.0,1006324,1006713.0,,,,2399,1006713000	ID:7	[INFO: Metric    ] METRIC_TX type=REAL node=7 seq=98 bytes=48 time_ms=1006324
RX,REAL,,7,98,48,1006750.88,1006746,1006750.88,1006324,1006746,37.88000000000466,2400,1006750880	ID:1	[INFO: Metric    ] METRIC_RX type=REAL src=7 seq=98 send_ms=1006324 recv_ms=1006746 bytes=48
TX,REAL,3,,96,48,1006833.0,1005893,1006833.0,,,,2403,1006833000	ID:3	[INFO: Metric    ] METRIC_TX type=REAL node=3 seq=96 bytes=48 time_ms=1005893
RX,REAL,,3,96,48,1006907.168,1006903,1006907.168,1005893,1006903,74.16799999994691,2404,1006907168	ID:1	[INFO: Metric    ] METRIC_RX type=REAL src=3 seq=96 send_ms=1005893 recv_ms=1006903 bytes=48
TX,REAL,2,,100,48,1008167.0,1007689,1008167.0,,,,2408,1008167000	ID:2	[INFO: Metric    ] METRIC_TX type=REAL node=2 seq=100 bytes=48 time_ms=1007689
RX,REAL,,2,100,48,1008198.88,1008194,1008198.88,1007689,1008194,31.880000000004657,2409,1008198880	ID:1	[INFO: Metric    ] METRIC_RX type=REAL src=2 seq=100 send_ms=1007689 recv_ms=1008194 bytes=48
TX,REAL,4,,97,48,1011411.0,1010786,1011411.0,,,,2411,1011411000	ID:4	[INFO: Metric    ] METRIC_TX type=REAL node=4 seq=97 bytes=48 time_ms=1010786
TX,DUMMY,4,,17,48,1011412.0,1010787,1011412.0,,,,2412,1011412000	ID:4	[INFO: Metric    ] METRIC_TX type=DUMMY node=4 seq=17 bytes=48 time_ms=1010787
RX,REAL,,4,97,48,1011437.168,1011433,1011437.168,1010786,1011433,26.167999999946915,2413,1011437168	ID:1	[INFO: Metric    ] METRIC_RX type=REAL src=4 seq=97 send_ms=1010786 recv_ms=1011433 bytes=48
TX,REAL,6,,98,48,1011438.168,1010505,1011438.168,,,,2414,1011438168	ID:6	[INFO: Metric    ] METRIC_TX type=REAL node=6 seq=98 bytes=48 time_ms=1010505
RX,REAL,,6,98,48,1011491.88,1011487,1011491.88,1010505,1011487,53.71200000005774,2415,1011491880	ID:1	[INFO: Metric    ] METRIC_RX type=REAL src=6 seq=98 send_ms=1010505 recv_ms=1011487 bytes=48
RX,DUMMY,,4,17,48,1011529.168,1011525,1011529.168,1010787,1011525,,2417,1011529168	ID:1	[INFO: Metric    ] METRIC_RX type=DUMMY src=4 seq=17 send_ms=1010787 recv_ms=1011525 bytes=48
TX,REAL,3,,97,48,1015834.0,1014894,1015834.0,,,,2420,1015834000	ID:3	[INFO: Metric    ] METRIC_TX type=REAL node=3 seq=97 bytes=48 time_ms=1014894
RX,REAL,,3,97,48,1015869.168,1015865,1015869.168,1014894,1015865,35.167999999946915,2421,1015869168	ID:1	[INFO: Metric    ] METRIC_RX type=REAL src=3 seq=97 send_ms=1014894 recv_ms=1015865 bytes=48
TX,REAL,5,,99,48,1016676.0,1015733,1016676.0,,,,2423,1016676000	ID:5	[INFO: Metric    ] METRIC_TX type=REAL node=5 seq=99 bytes=48 time_ms=1015733
TX,DUMMY,5,,20,48,1016677.0,1015734,1016677.0,,,,2424,1016677000	ID:5	[INFO: Metric    ] METRIC_TX type=DUMMY node=5 seq=20 bytes=48 time_ms=1015734
RX,REAL,,5,99,48,1016731.168,1016727,1016731.168,1015733,1016727,55.167999999946915,2425,1016731168	ID:1	[INFO: Metric    ] METRIC_RX type=REAL src=5 seq=99 send_ms=1015733 recv_ms=1016727 bytes=48
RX,DUMMY,,5,20,48,1016778.592,1016774,1016778.592,1015734,1016774,,2427,1016778592	ID:1	[INFO: Metric    ] METRIC_RX type=DUMMY src=5 seq=20 send_ms=1015734 recv_ms=1016774 bytes=48
TX,REAL,7,,99,48,1017714.0,1017325,1017714.0,,,,2429,1017714000	ID:7	[INFO: Metric    ] METRIC_TX type=REAL node=7 seq=99 bytes=48 time_ms=1017325
RX,REAL,,7,99,48,1017741.88,1017737,1017741.88,1017325,1017737,27.880000000004657,2430,1017741880	ID:1	[INFO: Metric    ] METRIC_RX type=REAL src=7 seq=99 send_ms=1017325 recv_ms=1017737 bytes=48
TX,REAL,2,,101,48,1019168.0,1018690,1019168.0,,,,2433,1019168000	ID:2	[INFO: Metric    ] METRIC_TX type=REAL node=2 seq=101 bytes=48 time_ms=1018690
RX,REAL,,2,101,48,1019184.88,1019180,1019184.88,1018690,1019180,16.880000000004657,2434,1019184880	ID:1	[INFO: Metric    ] METRIC_RX type=REAL src=2 seq=101 send_ms=1018690 recv_ms=1019180 bytes=48
TX,REAL,6,,99,48,1020439.0,1019505,1020439.0,,,,2436,1020439000	ID:6	[INFO: Metric    ] METRIC_TX type=REAL node=6 seq=99 bytes=48 time_ms=1019505
RX,REAL,,6,99,48,1020471.88,1020467,1020471.88,1019505,1020467,32.88000000000466,2437,1020471880	ID:1	[INFO: Metric    ] METRIC_RX type=REAL src=6 seq=99 send_ms=1019505 recv_ms=1020467 bytes=48
TX,REAL,4,,98,48,1022413.0,1021788,1022413.0,,,,2439,1022413000	ID:4	[INFO: Metric    ] METRIC_TX type=REAL node=4 seq=98 bytes=48 time_ms=1021788
RX,REAL,,4,98,48,1022464.168,1022460,1022464.168,1021788,1022460,51.167999999946915,2440,1022464168	ID:1	[INFO: Metric    ] METRIC_RX type=REAL src=4 seq=98 send_ms=1021788 recv_ms=1022460 bytes=48
TX,REAL,3,,98,48,1026835.0,1025895,1026835.0,,,,2442,1026835000	ID:3	[INFO: Metric    ] METRIC_TX type=REAL node=3 seq=98 bytes=48 time_ms=1025895
TX,DUMMY,3,,27,48,1026836.0,1025896,1026836.0,,,,2443,1026836000	ID:3	[INFO: Metric    ] METRIC_TX type=DUMMY node=3 seq=27 bytes=48 time_ms=1025896
RX,REAL,,3,98,48,1026891.168,1026887,1026891.168,1025895,1026887,56.167999999946915,2444,1026891168	ID:1	[INFO: Metric    ] METRIC_RX type=REAL src=3 seq=98 send_ms=1025895 recv_ms=1026887 bytes=48
RX,DUMMY,,3,27,48,1026944.168,1026940,1026944.168,1025896,1026940,,2446,1026944168	ID:1	[INFO: Metric    ] METRIC_RX type=DUMMY src=3 seq=27 send_ms=1025896 recv_ms=1026940 bytes=48
TX,REAL,5,,100,48,1027678.0,1026735,1027678.0,,,,2450,1027678000	ID:5	[INFO: Metric    ] METRIC_TX type=REAL node=5 seq=100 bytes=48 time_ms=1026735
TX,REAL,7,,100,48,1027715.0,1027326,1027715.0,,,,2453,1027715000	ID:7	[INFO: Metric    ] METRIC_TX type=REAL node=7 seq=100 bytes=48 time_ms=1027326
RX,REAL,,7,100,48,1027727.88,1027723,1027727.88,1027326,1027723,12.880000000004657,2454,1027727880	ID:1	[INFO: Metric    ] METRIC_RX type=REAL src=7 seq=100 send_ms=1027326 recv_ms=1027723 bytes=48
RX,REAL,,5,100,48,1027737.168,1027733,1027737.168,1026735,1027733,59.167999999946915,2455,1027737168	ID:1	[INFO: Metric    ] METRIC_RX type=REAL src=5 seq=100 send_ms=1026735 recv_ms=1027733 bytes=48
TX,REAL,2,,102,48,1029169.0,1028691,1029169.0,,,,2458,1029169000	ID:2	[INFO: Metric    ] METRIC_TX type=REAL node=2 seq=102 bytes=48 time_ms=1028691
RX,REAL,,2,102,48,1029177.88,1029173,1029177.88,1028691,1029173,8.880000000004657,2459,1029177880	ID:1	[INFO: Metric    ] METRIC_RX type=REAL src=2 seq=102 send_ms=1028691 recv_ms=1029173 bytes=48
TX,REAL,6,,100,48,1031440.0,1030506,1031440.0,,,,2463,1031440000	ID:6	[INFO: Metric    ] METRIC_TX type=REAL node=6 seq=100 bytes=48 time_ms=1030506
RX,REAL,,6,100,48,1031472.88,1031468,1031472.88,1030506,1031468,32.88000000000466,2464,1031472880	ID:1	[INFO: Metric    ] METRIC_RX type=REAL src=6 seq=100 send_ms=1030506 recv_ms=1031468 bytes=48
TX,REAL,4,,99,48,1032414.0,1031789,1032414.0,,,,2466,1032414000	ID:4	[INFO: Metric    ] METRIC_TX type=REAL node=4 seq=99 bytes=48 time_ms=1031789
RX,REAL,,4,99,48,1032445.168,1032441,1032445.168,1031789,1032441,31.167999999946915,2467,1032445168	ID:1	[INFO: Metric    ] METRIC_RX type=REAL src=4 seq=99 send_ms=1031789 recv_ms=1032441 bytes=48
TX,REAL,7,,101,48,1037716.0,1037327,1037716.0,,,,2470,1037716000	ID:7	[INFO: Metric    ] METRIC_TX type=REAL node=7 seq=101 bytes=48 time_ms=1037327
RX,REAL,,7,101,48,1037724.88,1037720,1037724.88,1037327,1037720,8.880000000004657,2471,1037724880	ID:1	[INFO: Metric    ] METRIC_RX type=REAL src=7 seq=101 send_ms=1037327 recv_ms=1037720 bytes=48
TX,REAL,3,,99,48,1037837.0,1036897,1037837.0,,,,2473,1037837000	ID:3	[INFO: Metric    ] METRIC_TX type=REAL node=3 seq=99 bytes=48 time_ms=1036897
RX,REAL,,3,99,48,1037887.168,1037883,1037887.168,1036897,1037883,50.167999999946915,2474,1037887168	ID:1	[INFO: Metric    ] METRIC_RX type=REAL src=3 seq=99 send_ms=1036897 recv_ms=1037883 bytes=48
TX,REAL,2,,103,48,1038170.0,1037692,1038170.0,,,,2476,1038170000	ID:2	[INFO: Metric    ] METRIC_TX type=REAL node=2 seq=103 bytes=48 time_ms=1037692
TX,DUMMY,2,,24,48,1038171.0,1037693,1038171.0,,,,2477,1038171000	ID:2	[INFO: Metric    ] METRIC_TX type=DUMMY node=2 seq=24 bytes=48 time_ms=1037693
RX,REAL,,2,103,48,1038209.88,1038205,1038209.88,1037692,1038205,39.88000000000466,2478,1038209880	ID:1	[INFO: Metric    ] METRIC_RX type=REAL src=2 seq=103 send_ms=1037692 recv_ms=1038205 bytes=48
RX,DUMMY,,2,24,48,1038231.88,1038227,1038231.88,1037693,1038227,,2480,1038231880	ID:1	[INFO: Metric    ] METRIC_RX type=DUMMY src=2 seq=24 send_ms=1037693 recv_ms=1038227 bytes=48
TX,REAL,5,,101,48,1038679.0,1037736,1038679.0,,,,2482,1038679000	ID:5	[INFO: Metric    ] METRIC_TX type=REAL node=5 seq=101 bytes=48 time_ms=1037736
RX,REAL,,5,101,48,1038745.168,1038741,1038745.168,1037736,1038741,66.16799999994691,2483,1038745168	ID:1	[INFO: Metric    ] METRIC_RX type=REAL src=5 seq=101 send_ms=1037736 recv_ms=1038741 bytes=48
TX,REAL,4,,100,48,1042415.0,1041790,1042415.0,,,,2487,1042415000	ID:4	[INFO: Metric    ] METRIC_TX type=REAL node=4 seq=100 bytes=48 time_ms=1041790
TX,REAL,6,,101,48,1042441.0,1041507,1042441.0,,,,2488,1042441000	ID:6	[INFO: Metric    ] METRIC_TX type=REAL node=6 seq=101 bytes=48 time_ms=1041507
RX,REAL,,4,100,48,1042459.168,1042455,1042459.168,1041790,1042455,44.167999999946915,2489,1042459168	ID:1	[INFO: Metric    ] METRIC_RX type=REAL src=4 seq=100 send_ms=1041790 recv_ms=1042455 bytes=48
RX,REAL,,6,101,48,1042480.88,1042476,1042480.88,1041507,1042476,39.88000000000466,2490,1042480880	ID:1	[INFO: Metric    ] METRIC_RX type=REAL src=6 seq=101 send_ms=1041507 recv_ms=1042476 bytes=48
TX,REAL,7,,102,48,1046717.0,1046328,1046717.0,,,,2493,1046717000	ID:7	[INFO: Metric    ] METRIC_TX type=REAL node=7 seq=102 bytes=48 time_ms=1046328
RX,REAL,,7,102,48,1046734.88,1046730,1046734.88,1046328,1046730,17.880000000004657,2494,1046734880	ID:1	[INFO: Metric    ] METRIC_RX type=REAL src=7 seq=102 send_ms=1046328 recv_ms=1046730 bytes=48
TX,REAL,3,,100,48,1047838.0,1046898,1047838.0,,,,2498,1047838000	ID:3	[INFO: Metric    ] METRIC_TX type=REAL node=3 seq=100 bytes=48 time_ms=1046898
TX,DUMMY,3,,28,48,1047839.0,1046899,1047839.0,,,,2499,1047839000	ID:3	[INFO: Metric    ] METRIC_TX type=DUMMY node=3 seq=28 bytes=48 time_ms=1046899
RX,REAL,,3,100,48,1047875.168,1047871,1047875.168,1046898,1047871,37.167999999946915,2500,1047875168	ID:1	[INFO: Metric    ] METRIC_RX type=REAL src=3 seq=100 send_ms=1046898 recv_ms=1047871 bytes=48
RX,DUMMY,,3,28,48,1047925.592,1047921,1047925.592,1046899,1047921,,2502,1047925592	ID:1	[INFO: Metric    ] METRIC_RX type=DUMMY src=3 seq=28 send_ms=1046899 recv_ms=1047921 bytes=48
TX,REAL,5,,102,48,1048680.0,1047737,1048680.0,,,,2505,1048680000	ID:5	[INFO: Metric    ] METRIC_TX type=REAL node=5 seq=102 bytes=48 time_ms=1047737
RX,REAL,,5,102,48,1048725.168,1048721,1048725.168,1047737,1048721,45.16800000006333,2506,1048725168	ID:1	[INFO: Metric    ] METRIC_RX type=REAL src=5 seq=102 send_ms=1047737 recv_ms=1048721 bytes=48
TX,REAL,2,,104,48,1049172.0,1048694,1049172.0,,,,2508,1049172000	ID:2	[INFO: Metric    ] METRIC_TX type=REAL node=2 seq=104 bytes=48 time_ms=1048694
RX,REAL,,2,104,48,1049200.88,1049196,1049200.88,1048694,1049196,28.87999999988824,2509,1049200880	ID:1	[INFO: Metric    ] METRIC_RX type=REAL src=2 seq=104 send_ms=1048694 recv_ms=1049196 bytes=48
TX,REAL,4,,101,48,1052416.0,1051791,1052416.0,,,,2511,1052416000	ID:4	[INFO: Metric    ] METRIC_TX type=REAL node=4 seq=101 bytes=48 time_ms=1051791
RX,REAL,,4,101,48,1052481.168,1052477,1052481.168,1051791,1052477,65.16800000006333,2512,1052481168	ID:1	[INFO: Metric    ] METRIC_RX type=REAL src=4 seq=101 send_ms=1051791 recv_ms=1052477 bytes=48
TX,REAL,6,,102,48,1053442.0,1052508,1053442.0,,,,2514,1053442000	ID:6	[INFO: Metric    ] METRIC_TX type=REAL node=6 seq=102 bytes=48 time_ms=1052508
RX,REAL,,6,102,48,1053472.88,1053468,1053472.88,1052508,1053468,30.87999999988824,2515,1053472880	ID:1	[INFO: Metric    ] METRIC_RX type=REAL src=6 seq=102 send_ms=1052508 recv_ms=1053468 bytes=48
TX,REAL,7,,103,48,1057718.0,1057329,1057718.0,,,,2517,1057718000	ID:7	[INFO: Metric    ] METRIC_TX type=REAL node=7 seq=103 bytes=48 time_ms=1057329
RX,REAL,,7,103,48,1057741.88,1057737,1057741.88,1057329,1057737,23.87999999988824,2518,1057741880	ID:1	[INFO: Metric    ] METRIC_RX type=REAL src=7 seq=103 send_ms=1057329 recv_ms=1057737 bytes=48
TX,REAL,5,,103,48,1058681.0,1057738,1058681.0,,,,2520,1058681000	ID:5	[INFO: Metric    ] METRIC_TX type=REAL node=5 seq=103 bytes=48 time_ms=1057738
RX,REAL,,5,103,48,1058724.168,1058720,1058724.168,1057738,1058720,43.16800000006333,2521,1058724168	ID:1	[INFO: Metric    ] METRIC_RX type=REAL src=5 seq=103 send_ms=1057738 recv_ms=1058720 bytes=48
TX,REAL,3,,101,48,1058840.0,1057900,1058840.0,,,,2523,1058840000	ID:3	[INFO: Metric    ] METRIC_TX type=REAL node=3 seq=101 bytes=48 time_ms=1057900
RX,REAL,,3,101,48,1058882.168,1058878,1058882.168,1057900,1058878,42.16800000006333,2524,1058882168	ID:1	[INFO: Metric    ] METRIC_RX type=REAL src=3 seq=101 send_ms=1057900 recv_ms=1058878 bytes=48
TX,REAL,2,,105,48,1060173.0,1059695,1060173.0,,,,2526,1060173000	ID:2	[INFO: Metric    ] METRIC_TX type=REAL node=2 seq=105 bytes=48 time_ms=1059695
RX,REAL,,2,105,48,1060190.88,1060186,1060190.88,1059695,1060186,17.87999999988824,2527,1060190880	ID:1	[INFO: Metric    ] METRIC_RX type=REAL src=2 seq=105 send_ms=1059695 recv_ms=1060186 bytes=48
TX,REAL,4,,102,48,1063417.0,1062792,1063417.0,,,,2529,1063417000	ID:4	[INFO: Metric    ] METRIC_TX type=REAL node=4 seq=102 bytes=48 time_ms=1062792
TX,REAL,6,,103,48,1063443.0,1062509,1063443.0,,,,2530,1063443000	ID:6	[INFO: Metric    ] METRIC_TX type=REAL node=6 seq=103 bytes=48 time_ms=1062509
RX,REAL,,6,103,48,1063488.88,1063484,1063488.88,1062509,1063484,45.87999999988824,2531,1063488880	ID:1	[INFO: Metric    ] METRIC_RX type=REAL src=6 seq=103 send_ms=1062509 recv_ms=1063484 bytes=48
RX,REAL,,4,102,48,1063562.168,1063558,1063562.168,1062792,1063558,145.16800000006333,2533,1063562168	ID:1	[INFO: Metric    ] METRIC_RX type=REAL src=4 seq=102 send_ms=1062792 recv_ms=1063558 bytes=48
TX,REAL,7,,104,48,1066719.0,1066330,1066719.0,,,,2536,1066719000	ID:7	[INFO: Metric    ] METRIC_TX type=REAL node=7 seq=104 bytes=48 time_ms=1066330
RX,REAL,,7,104,48,1066730.88,1066726,1066730.88,1066330,1066726,11.879999999888241,2537,1066730880	ID:1	[INFO: Metric    ] METRIC_RX type=REAL src=7 seq=104 send_ms=1066330 recv_ms=1066726 bytes=48
TX,REAL,2,,106,48,1069174.0,1068696,1069174.0,,,,2539,1069174000	ID:2	[INFO: Metric    ] METRIC_TX type=REAL node=2 seq=106 bytes=48 time_ms=1068696
TX,DUMMY,2,,25,48,1069175.0,1068697,1069175.0,,,,2540,1069175000	ID:2	[INFO: Metric    ] METRIC_TX type=DUMMY node=2 seq=25 bytes=48 time_ms=1068697
RX,REAL,,2,106,48,1069198.88,1069194,1069198.88,1068696,1069194,24.87999999988824,2541,1069198880	ID:1	[INFO: Metric    ] METRIC_RX type=REAL src=2 seq=106 send_ms=1068696 recv_ms=1069194 bytes=48
RX,DUMMY,,2,25,48,1069239.88,1069235,1069239.88,1068697,1069235,,2543,1069239880	ID:1	[INFO: Metric    ] METRIC_RX type=DUMMY src=2 seq=25 send_ms=1068697 recv_ms=1069235 bytes=48
TX,REAL,5,,104,48,1069682.0,1068739,1069682.0,,,,2545,1069682000	ID:5	[INFO: Metric    ] METRIC_TX type=REAL node=5 seq=104 bytes=48 time_ms=1068739
RX,REAL,,5,104,48,1069718.168,1069714,1069718.168,1068739,1069714,36.16800000006333,2546,1069718168	ID:1	[INFO: Metric    ] METRIC_RX type=REAL src=5 seq=104 send_ms=1068739 recv_ms=1069714 bytes=48
TX,REAL,3,,102,48,1069841.0,1068901,1069841.0,,,,2548,1069841000	ID:3	[INFO: Metric    ] METRIC_TX type=REAL node=3 seq=102 bytes=48 time_ms=1068901
RX,REAL,,3,102,48,1069923.168,1069919,1069923.168,1068901,1069919,82.16800000006333,2549,1069923168	ID:1	[INFO: Metric    ] METRIC_RX type=REAL src=3 seq=102 send_ms=1068901 recv_ms=1069919 bytes=48
TX,REAL,4,,103,48,1073418.0,1072793,1073418.0,,,,2551,1073418000	ID:4	[INFO: Metric    ] METRIC_TX type=REAL node=4 seq=103 bytes=48 time_ms=1072793
RX,REAL,,4,103,48,1073471.168,1073467,1073471.168,1072793,1073467,53.16800000006333,2552,1073471168	ID:1	[INFO: Metric    ] METRIC_RX type=REAL src=4 seq=103 send_ms=1072793 recv_ms=1073467 bytes=48
TX,REAL,6,,104,48,1074444.0,1073510,1074444.0,,,,2554,1074444000	ID:6	[INFO: Metric    ] METRIC_TX type=REAL node=6 seq=104 bytes=48 time_ms=1073510
RX,REAL,,6,104,48,1074456.88,1074452,1074456.88,1073510,1074452,12.879999999888241,2555,1074456880	ID:1	[INFO: Metric    ] METRIC_RX type=REAL src=6 seq=104 send_ms=1073510 recv_ms=1074452 bytes=48
TX,REAL,7,,105,48,1075720.0,1075331,1075720.0,,,,2557,1075720000	ID:7	[INFO: Metric    ] METRIC_TX type=REAL node=7 seq=105 bytes=48 time_ms=1075331
TX,DUMMY,7,,16,48,1075721.0,1075332,1075721.0,,,,2558,1075721000	ID:7	[INFO: Metric    ] METRIC_TX type=DUMMY node=7 seq=16 bytes=48 time_ms=1075332
RX,REAL,,7,105,48,1075761.88,1075757,1075761.88,1075331,1075757,41.87999999988824,2559,1075761880	ID:1	[INFO: Metric    ] METRIC_RX type=REAL src=7 seq=105 send_ms=1075331 recv_ms=1075757 bytes=48
RX,DUMMY,,7,16,48,1075770.88,1075766,1075770.88,1075332,1075766,,2560,1075770880	ID:1	[INFO: Metric    ] METRIC_RX type=DUMMY src=7 seq=16 send_ms=1075332 recv_ms=1075766 bytes=48
TX,REAL,5,,105,48,1078683.0,1077740,1078683.0,,,,2563,1078683000	ID:5	[INFO: Metric    ] METRIC_TX type=REAL node=5 seq=105 bytes=48 time_ms=1077740
RX,REAL,,5,105,48,1078740.168,1078736,1078740.168,1077740,1078736,57.16800000006333,2564,1078740168	ID:1	[INFO: Metric    ] METRIC_RX type=REAL src=5 seq=105 send_ms=1077740 recv_ms=1078736 bytes=48
TX,REAL,2,,107,48,1080176.0,1079698,1080176.0,,,,2567,1080176000	ID:2	[INFO: Metric    ] METRIC_TX type=REAL node=2 seq=107 bytes=48 time_ms=1079698
TX,DUMMY,2,,26,48,1080177.0,1079699,1080177.0,,,,2568,1080177000	ID:2	[INFO: Metric    ] METRIC_TX type=DUMMY node=2 seq=26 bytes=48 time_ms=1079699
RX,REAL,,2,107,48,1080197.88,1080193,1080197.88,1079698,1080193,21.87999999988824,2569,1080197880	ID:1	[INFO: Metric    ] METRIC_RX type=REAL src=2 seq=107 send_ms=1079698 recv_ms=1080193 bytes=48
RX,DUMMY,,2,26,48,1080232.88,1080228,1080232.88,1079699,1080228,,2570,1080232880	ID:1	[INFO: Metric    ] METRIC_RX type=DUMMY src=2 seq=26 send_ms=1079699 recv_ms=1080228 bytes=48
TX,REAL,3,,103,48,1080842.0,1079902,1080842.0,,,,2573,1080842000	ID:3	[INFO: Metric    ] METRIC_TX type=REAL node=3 seq=103 bytes=48 time_ms=1079902
RX,REAL,,3,103,48,1080895.168,1080891,1080895.168,1079902,1080891,53.16800000006333,2574,1080895168	ID:1	[INFO: Metric    ] METRIC_RX type=REAL src=3 seq=103 send_ms=1079902 recv_ms=1080891 bytes=48
TX,REAL,4,,104,48,1083419.0,1082794,1083419.0,,,,2576,1083419000	ID:4	[INFO: Metric    ] METRIC_TX type=REAL node=4 seq=104 bytes=48 time_ms=1082794
TX,DUMMY,4,,18,48,1083420.0,1082795,1083420.0,,,,2577,1083420000	ID:4	[INFO: Metric    ] METRIC_TX type=DUMMY node=4 seq=18 bytes=48 time_ms=1082795
RX,REAL,,4,104,48,1083446.168,1083442,1083446.168,1082794,1083442,27.16800000006333,2578,1083446168	ID:1	[INFO: Metric    ] METRIC_RX type=REAL src=4 seq=104 send_ms=1082794 recv_ms=1083442 bytes=48
TX,REAL,6,,105,48,1083448.168,1082514,1083448.168,,,,2579,1083448168	ID:6	[INFO: Metric    ] METRIC_TX type=REAL node=6 seq=105 bytes=48 time_ms=1082514
RX,REAL,,6,105,48,1083467.88,1083463,1083467.88,1082514,1083463,19.71199999982491,2580,1083467880	ID:1	[INFO: Metric    ] METRIC_RX type=REAL src=6 seq=105 send_ms=1082514 recv_ms=1083463 bytes=48
RX,DUMMY,,4,18,48,1083483.168,1083479,1083483.168,1082795,1083479,,2581,1083483168	ID:1	[INFO: Metric    ] METRIC_RX type=DUMMY src=4 seq=18 send_ms=1082795 recv_ms=1083479 bytes=48
TX,REAL,7,,106,48,1086722.0,1086333,1086722.0,,,,2585,1086722000	ID:7	[INFO: Metric    ] METRIC_TX type=REAL node=7 seq=106 bytes=48 time_ms=1086333
RX,REAL,,7,106,48,1086731.88,1086727,1086731.88,1086333,1086727,9.879999999888241,2586,1086731880	ID:1	[INFO: Metric    ] METRIC_RX type=REAL src=7 seq=106 send_ms=1086333 recv_ms=1086727 bytes=48
TX,REAL,5,,106,48,1089684.0,1088741,1089684.0,,,,2588,1089684000	ID:5	[INFO: Metric    ] METRIC_TX type=REAL node=5 seq=106 bytes=48 time_ms=1088741
TX,DUMMY,5,,21,48,1089685.0,1088742,1089685.0,,,,2589,1089685000	ID:5	[INFO: Metric    ] METRIC_TX type=DUMMY node=5 seq=21 bytes=48 time_ms=1088742
RX,REAL,,5,106,48,1089722.168,1089718,1089722.168,1088741,1089718,38.16800000006333,2590,1089722168	ID:1	[INFO: Metric    ] METRIC_RX type=REAL src=5 seq=106 send_ms=1088741 recv_ms=1089718 bytes=48
RX,DUMMY,,5,21,48,1089761.168,1089757,1089761.168,1088742,1089757,,2591,1089761168	ID:1	[INFO: Metric    ] METRIC_RX type=DUMMY src=5 seq=21 send_ms=1088742 recv_ms=1089757 bytes=48
TX,REAL,3,,104,48,1089843.0,1088903,1089843.0,,,,2592,1089843000	ID:3	[INFO: Metric    ] METRIC_TX type=REAL node=3 seq=104 bytes=48 time_ms=1088903
RX,REAL,,3,104,48,1089894.168,1089890,1089894.168,1088903,1089890,51.16800000006333,2595,1089894168	ID:1	[INFO: Metric    ] METRIC_RX type=REAL src=3 seq=104 send_ms=1088903 recv_ms=1089890 bytes=48
TX,REAL,2,,108,48,1091178.0,1090700,1091178.0,,,,2598,1091178000	ID:2	[INFO: Metric    ] METRIC_TX type=REAL node=2 seq=108 bytes=48 time_ms=1090700
RX,REAL,,2,108,48,1091223.88,1091219,1091223.88,1090700,1091219,45.87999999988824,2599,1091223880	ID:1	[INFO: Metric    ] METRIC_RX type=REAL src=2 seq=108 send_ms=1090700 recv_ms=1091219 bytes=48
TX,REAL,4,,105,48,1094421.0,1093796,1094421.0,,,,2601,1094421000	ID:4	[INFO: Metric    ] METRIC_TX type=REAL node=4 seq=105 bytes=48 time_ms=1093796
TX,DUMMY,4,,19,48,1094422.0,1093797,1094422.0,,,,2602,1094422000	ID:4	[INFO: Metric    ] METRIC_TX type=DUMMY node=4 seq=19 bytes=48 time_ms=1093797
TX,REAL,6,,106,48,1094449.0,1093515,1094449.0,,,,2603,1094449000	ID:6	[INFO: Metric    ] METRIC_TX type=REAL node=6 seq=106 bytes=48 time_ms=1093515
RX,REAL,,6,106,48,1094664.88,1094660,1094664.88,1093515,1094660,215.87999999988824,2604,1094664880	ID:1	[INFO: Metric    ] METRIC_RX type=REAL src=6 seq=106 send_ms=1093515 recv_ms=1094660 bytes=48
RX,REAL,,4,105,48,1094697.168,1094693,1094697.168,1093796,1094693,276.16800000006333,2605,1094697168	ID:1	[INFO: Metric    ] METRIC_RX type=REAL src=4 seq=105 send_ms=1093796 recv_ms=1094693 bytes=48
RX,DUMMY,,4,19,48,1094756.592,1094752,1094756.592,1093797,1094752,,2608,1094756592	ID:1	[INFO: Metric    ] METRIC_RX type=DUMMY src=4 seq=19 send_ms=1093797 recv_ms=1094752 bytes=48
TX,REAL,7,,107,48,1096723.0,1096334,1096723.0,,,,2610,1096723000	ID:7	[INFO: Metric    ] METRIC_TX type=REAL node=7 seq=107 bytes=48 time_ms=1096334
RX,REAL,,7,107,48,1096745.88,1096741,1096745.88,1096334,1096741,22.87999999988824,2611,1096745880	ID:1	[INFO: Metric    ] METRIC_RX type=REAL src=7 seq=107 send_ms=1096334 recv_ms=1096741 bytes=48
TX,REAL,5,,107,48,1099686.0,1098743,1099686.0,,,,2613,1099686000	ID:5	[INFO: Metric    ] METRIC_TX type=REAL node=5 seq=107 bytes=48 time_ms=1098743
RX,REAL,,5,107,48,1099766.168,1099762,1099766.168,1098743,1099762,80.16800000006333,2614,1099766168	ID:1	[INFO: Metric    ] METRIC_RX type=REAL src=5 seq=107 send_ms=1098743 recv_ms=1099762 bytes=48
TX,REAL,3,,105,48,1099844.0,1098904,1099844.0,,,,2616,1099844000	ID:3	[INFO: Metric    ] METRIC_TX type=REAL node=3 seq=105 bytes=48 time_ms=1098904
RX,REAL,,3,105,48,1099909.168,1099905,1099909.168,1098904,1099905,65.16800000006333,2617,1099909168	ID:1	[INFO: Metric    ] METRIC_RX type=REAL src=3 seq=105 send_ms=1098904 recv_ms=1099905 bytes=48
TX,REAL,2,,109,48,1102179.0,1101701,1102179.0,,,,2619,1102179000	ID:2	[INFO: Metric    ] METRIC_TX type=REAL node=2 seq=109 bytes=48 time_ms=1101701
RX,REAL,,2,109,48,1102211.88,1102207,1102211.88,1101701,1102207,32.87999999988824,2620,1102211880	ID:1	[INFO: Metric    ] METRIC_RX type=REAL src=2 seq=109 send_ms=1101701 recv_ms=1102207 bytes=48
TX,REAL,4,,106,48,1103423.0,1102798,1103423.0,,,,2622,1103423000	ID:4	[INFO: Metric    ] METRIC_TX type=REAL node=4 seq=106 bytes=48 time_ms=1102798
TX,REAL,6,,107,48,1103450.136,1102516,1103450.136,,,,2623,1103450136	ID:6	[INFO: Metric    ] METRIC_TX type=REAL node=6 seq=107 bytes=48 time_ms=1102516
RX,REAL,,4,106,48,1103471.168,1103467,1103471.168,1102798,1103467,48.16800000006333,2624,1103471168	ID:1	[INFO: Metric    ] METRIC_RX type=REAL src=4 seq=106 send_ms=1102798 recv_ms=1103467 bytes=48
RX,REAL,,6,107,48,1103495.88,1103491,1103495.88,1102516,1103491,45.743999999947846,2625,1103495880	ID:1	[INFO: Metric    ] METRIC_RX type=REAL src=6 seq=107 send_ms=1102516 recv_ms=1103491 bytes=48
TX,REAL,7,,108,48,1105724.0,1105335,1105724.0,,,,2629,1105724000	ID:7	[INFO: Metric    ] METRIC_TX type=REAL node=7 seq=108 bytes=48 time_ms=1105335
RX,REAL,,7,108,48,1105766.88,1105762,1105766.88,1105335,1105762,42.87999999988824,2630,1105766880	ID:1	[INFO: Metric    ] METRIC_RX type=REAL src=7 seq=108 send_ms=1105335 recv_ms=1105762 bytes=48
TX,REAL,5,,108,48,1108687.0,1107744,1108687.0,,,,2632,1108687000	ID:5	[INFO: Metric    ] METRIC_TX type=REAL node=5 seq=108 bytes=48 time_ms=1107744
RX,REAL,,5,108,48,1108718.168,1108714,1108718.168,1107744,1108714,31.16800000006333,2633,1108718168	ID:1	[INFO: Metric    ] METRIC_RX type=REAL src=5 seq=108 send_ms=1107744 recv_ms=1108714 bytes=48
TX,REAL,3,,106,48,1108845.0,1107905,1108845.0,,,,2635,1108845000	ID:3	[INFO: Metric    ] METRIC_TX type=REAL node=3 seq=106 bytes=48 time_ms=1107905
RX,REAL,,3,106,48,1108868.168,1108864,1108868.168,1107905,1108864,23.16800000006333,2636,1108868168	ID:1	[INFO: Metric    ] METRIC_RX type=REAL src=3 seq=106 send_ms=1107905 recv_ms=1108864 bytes=48
TX,REAL,2,,110,48,1112180.0,1111702,1112180.0,,,,2640,1112180000	ID:2	[INFO: Metric    ] METRIC_TX type=REAL node=2 seq=110 bytes=48 time_ms=1111702
RX,REAL,,2,110,48,1112185.88,1112181,1112185.88,1111702,1112181,5.879999999888241,2641,1112185880	ID:1	[INFO: Metric    ] METRIC_RX type=REAL src=2 seq=110 send_ms=1111702 recv_ms=1112181 bytes=48
TX,REAL,6,,108,48,1112451.0,1111517,1112451.0,,,,2643,1112451000	ID:6	[INFO: Metric    ] METRIC_TX type=REAL node=6 seq=108 bytes=48 time_ms=1111517
RX,REAL,,6,108,48,1112469.88,1112465,1112469.88,1111517,1112465,18.87999999988824,2644,1112469880	ID:1	[INFO: Metric    ] METRIC_RX type=REAL src=6 seq=108 send_ms=1111517 recv_ms=1112465 bytes=48
TX,REAL,4,,107,48,1114424.0,1113799,1114424.0,,,,2646,1114424000	ID:4	[INFO: Metric    ] METRIC_TX type=REAL node=4 seq=107 bytes=48 time_ms=1113799
RX,REAL,,4,107,48,1114458.168,1114454,1114458.168,1113799,1114454,34.16800000006333,2647,1114458168	ID:1	[INFO: Metric    ] METRIC_RX type=REAL src=4 seq=107 send_ms=1113799 recv_ms=1114454 bytes=48
TX,REAL,7,,109,48,1114725.0,1114336,1114725.0,,,,2649,1114725000	ID:7	[INFO: Metric    ] METRIC_TX type=REAL node=7 seq=109 bytes=48 time_ms=1114336
RX,REAL,,7,109,48,1114767.88,1114763,1114767.88,1114336,1114763,42.87999999988824,2650,1114767880	ID:1	[INFO: Metric    ] METRIC_RX type=REAL src=7 seq=109 send_ms=1114336 recv_ms=1114763 bytes=48
TX,REAL,5,,109,48,1117688.0,1116745,1117688.0,,,,2652,1117688000	ID:5	[INFO: Metric    ] METRIC_TX type=REAL node=5 seq=109 bytes=48 time_ms=1116745
RX,REAL,,5,109,48,1117731.304,1117727,1117731.304,1116745,1117727,43.304000000003725,2653,1117731304	ID:1	[INFO: Metric    ] METRIC_RX type=REAL src=5 seq=109 send_ms=1116745 recv_ms=1117727 bytes=48
TX,REAL,3,,107,48,1119846.0,1118906,1119846.0,,,,2655,1119846000	ID:3	[INFO: Metric    ] METRIC_TX type=REAL node=3 seq=107 bytes=48 time_ms=1118906
RX,REAL,,3,107,48,1119902.168,1119898,1119902.168,1118906,1119898,56.16800000006333,2656,1119902168	ID:1	[INFO: Metric    ] METRIC_RX type=REAL src=3 seq=107 send_ms=1118906 recv_ms=1119898 bytes=48
TX,REAL,2,,111,48,1121181.0,1120703,1121181.0,,,,2658,1121181000	ID:2	[INFO: Metric    ] METRIC_TX type=REAL node=2 seq=111 bytes=48 time_ms=1120703
TX,DUMMY,2,,27,48,1121182.0,1120704,1121182.0,,,,2659,1121182000	ID:2	[INFO: Metric    ] METRIC_TX type=DUMMY node=2 seq=27 bytes=48 time_ms=1120704
RX,REAL,,2,111,48,1121199.88,1121195,1121199.88,1120703,1121195,18.87999999988824,2660,1121199880	ID:1	[INFO: Metric    ] METRIC_RX type=REAL src=2 seq=111 send_ms=1120703 recv_ms=1121195 bytes=48
RX,DUMMY,,2,27,48,1121237.88,1121233,1121237.88,1120704,1121233,,2663,1121237880	ID:1	[INFO: Metric    ] METRIC_RX type=DUMMY src=2 seq=27 send_ms=1120704 recv_ms=1121233 bytes=48
TX,REAL,6,,109,48,1121452.0,1120518,1121452.0,,,,2665,1121452000	ID:6	[INFO: Metric    ] METRIC_TX type=REAL node=6 seq=109 bytes=48 time_ms=1120518
RX,REAL,,6,109,48,1121492.88,1121488,1121492.88,1120518,1121488,40.87999999988824,2666,1121492880	ID:1	[INFO: Metric    ] METRIC_RX type=REAL src=6 seq=109 send_ms=1120518 recv_ms=1121488 bytes=48
TX,REAL,7,,110,48,1123726.0,1123337,1123726.0,,,,2670,1123726000	ID:7	[INFO: Metric    ] METRIC_TX type=REAL node=7 seq=110 bytes=48 time_ms=1123337
RX,REAL,,7,110,48,1123732.88,1123728,1123732.88,1123337,1123728,6.879999999888241,2671,1123732880	ID:1	[INFO: Metric    ] METRIC_RX type=REAL src=7 seq=110 send_ms=1123337 recv_ms=1123728 bytes=48
TX,REAL,4,,108,48,1124425.0,1123800,1124425.0,,,,2673,1124425000	ID:4	[INFO: Metric    ] METRIC_TX type=REAL node=4 seq=108 bytes=48 time_ms=1123800
RX,REAL,,4,108,48,1124460.168,1124456,1124460.168,1123800,1124456,35.16800000006333,2674,1124460168	ID:1	[INFO: Metric    ] METRIC_RX type=REAL src=4 seq=108 send_ms=1123800 recv_ms=1124456 bytes=48
TX,REAL,5,,110,48,1128689.0,1127746,1128689.0,,,,2678,1128689000	ID:5	[INFO: Metric    ] METRIC_TX type=REAL node=5 seq=110 bytes=48 time_ms=1127746
RX,REAL,,5,110,48,1128768.168,1128764,1128768.168,1127746,1128764,79.16800000006333,2679,1128768168	ID:1	[INFO: Metric    ] METRIC_RX type=REAL src=5 seq=110 send_ms=1127746 recv_ms=1128764 bytes=48
TX,REAL,2,,112,48,1130183.0,1129705,1130183.0,,,,2681,1130183000	ID:2	[INFO: Metric    ] METRIC_TX type=REAL node=2 seq=112 bytes=48 time_ms=1129705
RX,REAL,,2,112,48,1130194.88,1130190,1130194.88,1129705,1130190,11.879999999888241,2682,1130194880	ID:1	[INFO: Metric    ] METRIC_RX type=REAL src=2 seq=112 send_ms=1129705 recv_ms=1130190 bytes=48
TX,REAL,6,,110,48,1130453.0,1129519,1130453.0,,,,2686,1130453000	ID:6	[INFO: Metric    ] METRIC_TX type=REAL node=6 seq=110 bytes=48 time_ms=1129519
RX,REAL,,6,110,48,1130471.88,1130467,1130471.88,1129519,1130467,18.87999999988824,2687,1130471880	ID:1	[INFO: Metric    ] METRIC_RX type=REAL src=6 seq=110 send_ms=1129519 recv_ms=1130467 bytes=48
TX,REAL,3,,108,48,1130847.0,1129907,1130847.0,,,,2689,1130847000	ID:3	[INFO: Metric    ] METRIC_TX type=REAL node=3 seq=108 bytes=48 time_ms=1129907
TX,DUMMY,3,,29,48,1130848.0,1129908,1130848.0,,,,2690,1130848000	ID:3	[INFO: Metric    ] METRIC_TX type=DUMMY node=3 seq=29 bytes=48 time_ms=1129908
RX,REAL,,3,108,48,1130910.168,1130906,1130910.168,1129907,1130906,63.16800000006333,2691,1130910168	ID:1	[INFO: Metric    ] METRIC_RX type=REAL src=3 seq=108 send_ms=1129907 recv_ms=1130906 bytes=48
RX,DUMMY,,3,29,48,1130953.168,1130949,1130953.168,1129908,1130949,,2693,1130953168	ID:1	[INFO: Metric    ] METRIC_RX type=DUMMY src=3 seq=29 send_ms=1129908 recv_ms=1130949 bytes=48
TX,REAL,4,,109,48,1133426.0,1132801,1133426.0,,,,2695,1133426000	ID:4	[INFO: Metric    ] METRIC_TX type=REAL node=4 seq=109 bytes=48 time_ms=1132801
TX,DUMMY,4,,20,48,1133427.0,1132802,1133427.0,,,,2696,1133427000	ID:4	[INFO: Metric    ] METRIC_TX type=DUMMY node=4 seq=20 bytes=48 time_ms=1132802
RX,REAL,,4,109,48,1133482.168,1133478,1133482.168,1132801,1133478,56.16800000006333,2697,1133482168	ID:1	[INFO: Metric    ] METRIC_RX type=REAL src=4 seq=109 send_ms=1132801 recv_ms=1133478 bytes=48
RX,DUMMY,,4,20,48,1133519.168,1133515,1133519.168,1132802,1133515,,2699,1133519168	ID:1	[INFO: Metric    ] METRIC_RX type=DUMMY src=4 seq=20 send_ms=1132802 recv_ms=1133515 bytes=48
TX,REAL,7,,111,48,1134727.0,1134338,1134727.0,,,,2702,1134727000	ID:7	[INFO: Metric    ] METRIC_TX type=REAL node=7 seq=111 bytes=48 time_ms=1134338
TX,DUMMY,7,,17,48,1134728.0,1134339,1134728.0,,,,2703,1134728000	ID:7	[INFO: Metric    ] METRIC_TX type=DUMMY node=7 seq=17 bytes=48 time_ms=1134339
RX,REAL,,7,111,48,1134765.88,1134761,1134765.88,1134338,1134761,38.87999999988824,2704,1134765880	ID:1	[INFO: Metric    ] METRIC_RX type=REAL src=7 seq=111 send_ms=1134338 recv_ms=1134761 bytes=48
RX,DUMMY,,7,17,48,1134791.88,1134787,1134791.88,1134339,1134787,,2705,1134791880	ID:1	[INFO: Metric    ] METRIC_RX type=DUMMY src=7 seq=17 send_ms=1134339 recv_ms=1134787 bytes=48
TX,REAL,5,,111,48,1139690.0,1138747,1139690.0,,,,2708,1139690000	ID:5	[INFO: Metric    ] METRIC_TX type=REAL node=5 seq=111 bytes=48 time_ms=1138747
RX,REAL,,5,111,48,1139745.168,1139741,1139745.168,1138747,1139741,55.16800000006333,2709,1139745168	ID:1	[INFO: Metric    ] METRIC_RX type=REAL src=5 seq=111 send_ms=1138747 recv_ms=1139741 bytes=48
TX,REAL,3,,109,48,1140849.0,1139909,1140849.0,,,,2711,1140849000	ID:3	[INFO: Metric    ] METRIC_TX type=REAL node=3 seq=109 bytes=48 time_ms=1139909
RX,REAL,,3,109,48,1140902.168,1140898,1140902.168,1139909,1140898,53.16800000006333,2712,1140902168	ID:1	[INFO: Metric    ] METRIC_RX type=REAL src=3 seq=109 send_ms=1139909 recv_ms=1140898 bytes=48
TX,REAL,2,,113,48,1141184.0,1140706,1141184.0,,,,2714,1141184000	ID:2	[INFO: Metric    ] METRIC_TX type=REAL node=2 seq=113 bytes=48 time_ms=1140706
RX,REAL,,2,113,48,1141228.88,1141224,1141228.88,1140706,1141224,44.87999999988824,2715,1141228880	ID:1	[INFO: Metric    ] METRIC_RX type=REAL src=2 seq=113 send_ms=1140706 recv_ms=1141224 bytes=48
TX,REAL,6,,111,48,1141454.0,1140520,1141454.0,,,,2717,1141454000	ID:6	[INFO: Metric    ] METRIC_TX type=REAL node=6 seq=111 bytes=48 time_ms=1140520
RX,REAL,,6,111,48,1141485.88,1141481,1141485.88,1140520,1141481,31.87999999988824,2718,1141485880	ID:1	[INFO: Metric    ] METRIC_RX type=REAL src=6 seq=111 send_ms=1140520 recv_ms=1141481 bytes=48
TX,REAL,4,,110,48,1143428.0,1142803,1143428.0,,,,2722,1143428000	ID:4	[INFO: Metric    ] METRIC_TX type=REAL node=4 seq=110 bytes=48 time_ms=1142803
RX,REAL,,4,110,48,1143507.168,1143503,1143507.168,1142803,1143503,79.16800000006333,2723,1143507168	ID:1	[INFO: Metric    ] METRIC_RX type=REAL src=4 seq=110 send_ms=1142803 recv_ms=1143503 bytes=48
TX,REAL,7,,112,48,1143729.0,1143340,1143729.0,,,,2725,1143729000	ID:7	[INFO: Metric    ] METRIC_TX type=REAL node=7 seq=112 bytes=48 time_ms=1143340
TX,DUMMY,7,,18,48,1143730.0,1143341,1143730.0,,,,2726,1143730000	ID:7	[INFO: Metric    ] METRIC_TX type=DUMMY node=7 seq=18 bytes=48 time_ms=1143341
RX,REAL,,7,112,48,1143769.88,1143765,1143769.88,1143340,1143765,40.87999999988824,2727,1143769880	ID:1	[INFO: Metric    ] METRIC_RX type=REAL src=7 seq=112 send_ms=1143340 recv_ms=1143765 bytes=48
RX,DUMMY,,7,18,48,1143796.88,1143792,1143796.88,1143341,1143792,,2728,1143796880	ID:1	[INFO: Metric    ] METRIC_RX type=DUMMY src=7 seq=18 send_ms=1143341 recv_ms=1143792 bytes=48
TX,REAL,5,,112,48,1149691.0,1148748,1149691.0,,,,2732,1149691000	ID:5	[INFO: Metric    ] METRIC_TX type=REAL node=5 seq=112 bytes=48 time_ms=1148748
RX,REAL,,5,112,48,1149772.168,1149768,1149772.168,1148748,1149768,81.16800000006333,2733,1149772168	ID:1	[INFO: Metric    ] METRIC_RX type=REAL src=5 seq=112 send_ms=1148748 recv_ms=1149768 bytes=48
TX,REAL,3,,110,48,1149850.0,1148910,1149850.0,,,,2737,1149850000	ID:3	[INFO: Metric    ] METRIC_TX type=REAL node=3 seq=110 bytes=48 time_ms=1148910
RX,REAL,,3,110,48,1149898.168,1149894,1149898.168,1148910,1149894,48.16800000006333,2738,1149898168	ID:1	[INFO: Metric    ] METRIC_RX type=REAL src=3 seq=110 send_ms=1148910 recv_ms=1149894 bytes=48
TX,REAL,2,,114,48,1150185.0,1149707,1150185.0,,,,2740,1150185000	ID:2	[INFO: Metric    ] METRIC_TX type=REAL node=2 seq=114 bytes=48 time_ms=1149707
RX,REAL,,2,114,48,1150198.88,1150194,1150198.88,1149707,1150194,13.879999999888241,2741,1150198880	ID:1	[INFO: Metric    ] METRIC_RX type=REAL src=2 seq=114 send_ms=1149707 recv_ms=1150194 bytes=48
TX,REAL,6,,112,48,1151455.0,1150521,1151455.0,,,,2743,1151455000	ID:6	[INFO: Metric    ] METRIC_TX type=REAL node=6 seq=112 bytes=48 time_ms=1150521
RX,REAL,,6,112,48,1151475.88,1151471,1151475.88,1150521,1151471,20.87999999988824,2744,1151475880	ID:1	[INFO: Metric    ] METRIC_RX type=REAL src=6 seq=112 send_ms=1150521 recv_ms=1151471 bytes=48
TX,REAL,4,,111,48,1153429.0,1152804,1153429.0,,,,2746,1153429000	ID:4	[INFO: Metric    ] METRIC_TX type=REAL node=4 seq=111 bytes=48 time_ms=1152804
TX,DUMMY,4,,21,48,1153430.0,1152805,1153430.0,,,,2747,1153430000	ID:4	[INFO: Metric    ] METRIC_TX type=DUMMY node=4 seq=21 bytes=48 time_ms=1152805
RX,REAL,,4,111,48,1153482.304,1153478,1153482.304,1152804,1153478,53.304000000003725,2748,1153482304	ID:1	[INFO: Metric    ] METRIC_RX type=REAL src=4 seq=111 send_ms=1152804 recv_ms=1153478 bytes=48
RX,DUMMY,,4,21,48,1153513.168,1153509,1153513.168,1152805,1153509,,2750,1153513168	ID:1	[INFO: Metric    ] METRIC_RX type=DUMMY src=4 seq=21 send_ms=1152805 recv_ms=1153509 bytes=48
TX,REAL,7,,113,48,1153731.0,1153342,1153731.0,,,,2752,1153731000	ID:7	[INFO: Metric    ] METRIC_TX type=REAL node=7 seq=113 bytes=48 time_ms=1153342
TX,DUMMY,7,,19,48,1153732.0,1153343,1153732.0,,,,2753,1153732000	ID:7	[INFO: Metric    ] METRIC_TX type=DUMMY node=7 seq=19 bytes=48 time_ms=1153343
RX,REAL,,7,113,48,1153775.88,1153771,1153775.88,1153342,1153771,44.87999999988824,2754,1153775880	ID:1	[INFO: Metric    ] METRIC_RX type=REAL src=7 seq=113 send_ms=1153342 recv_ms=1153771 bytes=48
RX,DUMMY,,7,19,48,1153798.88,1153794,1153798.88,1153343,1153794,,2756,1153798880	ID:1	[INFO: Metric    ] METRIC_RX type=DUMMY src=7 seq=19 send_ms=1153343 recv_ms=1153794 bytes=48
TX,REAL,5,,113,48,1158692.0,1157749,1158692.0,,,,2758,1158692000	ID:5	[INFO: Metric    ] METRIC_TX type=REAL node=5 seq=113 bytes=48 time_ms=1157749
RX,REAL,,5,113,48,1158775.168,1158771,1158775.168,1157749,1158771,83.16800000006333,2759,1158775168	ID:1	[INFO: Metric    ] METRIC_RX type=REAL src=5 seq=113 send_ms=1157749 recv_ms=1158771 bytes=48
TX,REAL,3,,111,48,1158851.0,1157911,1158851.0,,,,2761,1158851000	ID:3	[INFO: Metric    ] METRIC_TX type=REAL node=3 seq=111 bytes=48 time_ms=1157911
RX,REAL,,3,111,48,1158911.168,1158907,1158911.168,1157911,1158907,60.16800000006333,2762,1158911168	ID:1	[INFO: Metric    ] METRIC_RX type=REAL src=3 seq=111 send_ms=1157911 recv_ms=1158907 bytes=48
TX,REAL,2,,115,48,1159186.0,1158708,1159186.0,,,,2765,1159186000	ID:2	[INFO: Metric    ] METRIC_TX type=REAL node=2 seq=115 bytes=48 time_ms=1158708
RX,REAL,,2,115,48,1159194.88,1159190,1159194.88,1158708,1159190,8.879999999888241,2766,1159194880	ID:1	[INFO: Metric    ] METRIC_RX type=REAL src=2 seq=115 send_ms=1158708 recv_ms=1159190 bytes=48
TX,REAL,6,,113,48,1160456.0,1159522,1160456.0,,,,2768,1160456000	ID:6	[INFO: Metric    ] METRIC_TX type=REAL node=6 seq=113 bytes=48 time_ms=1159522
RX,REAL,,6,113,48,1160468.88,1160464,1160468.88,1159522,1160464,12.879999999888241,2769,1160468880	ID:1	[INFO: Metric    ] METRIC_RX type=REAL src=6 seq=113 send_ms=1159522 recv_ms=1160464 bytes=48
TX,REAL,4,,112,48,1164431.0,1163806,1164431.0,,,,2771,1164431000	ID:4	[INFO: Metric    ] METRIC_TX type=REAL node=4 seq=112 bytes=48 time_ms=1163806
RX,REAL,,4,112,48,1164480.168,1164476,1164480.168,1163806,1164476,49.16800000006333,2772,1164480168	ID:1	[INFO: Metric    ] METRIC_RX type=REAL src=4 seq=112 send_ms=1163806 recv_ms=1164476 bytes=48
TX,REAL,7,,114,48,1164733.0,1164344,1164733.0,,,,2774,1164733000	ID:7	[INFO: Metric    ] METRIC_TX type=REAL node=7 seq=114 bytes=48 time_ms=1164344
RX,REAL,,7,114,48,1164740.88,1164736,1164740.88,1164344,1164736,7.879999999888241,2775,1164740880	ID:1	[INFO: Metric    ] METRIC_RX type=REAL src=7 seq=114 send_ms=1164344 recv_ms=1164736 bytes=48
TX,REAL,5,,114,48,1167693.0,1166750,1167693.0,,,,2777,1167693000	ID:5	[INFO: Metric    ] METRIC_TX type=REAL node=5 seq=114 bytes=48 time_ms=1166750
RX,REAL,,5,114,48,1167748.168,1167744,1167748.168,1166750,1167744,55.16800000006333,2778,1167748168	ID:1	[INFO: Metric    ] METRIC_RX type=REAL src=5 seq=114 send_ms=1166750 recv_ms=1167744 bytes=48
TX,REAL,2,,116,48,1168187.0,1167709,1168187.0,,,,2780,1168187000	ID:2	[INFO: Metric    ] METRIC_TX type=REAL node=2 seq=116 bytes=48 time_ms=1167709
RX,REAL,,2,116,48,1168216.88,1168212,1168216.88,1167709,1168212,29.87999999988824,2781,1168216880	ID:1	[INFO: Metric    ] METRIC_RX type=REAL src=2 seq=116 send_ms=1167709 recv_ms=1168212 bytes=48
TX,REAL,6,,114,48,1169457.0,1168523,1169457.0,,,,2783,1169457000	ID:6	[INFO: Metric    ] METRIC_TX type=REAL node=6 seq=114 bytes=48 time_ms=1168523
RX,REAL,,6,114,48,1169483.88,1169479,1169483.88,1168523,1169479,26.87999999988824,2784,1169483880	ID:1	[INFO: Metric    ] METRIC_RX type=REAL src=6 seq=114 send_ms=1168523 recv_ms=1169479 bytes=48
TX,REAL,3,,112,48,1169852.0,1168912,1169852.0,,,,2786,1169852000	ID:3	[INFO: Metric    ] METRIC_TX type=REAL node=3 seq=112 bytes=48 time_ms=1168912
RX,REAL,,3,112,48,1169945.168,1169941,1169945.168,1168912,1169941,93.16800000006333,2787,1169945168	ID:1	[INFO: Metric    ] METRIC_RX type=REAL src=3 seq=112 send_ms=1168912 recv_ms=1169941 bytes=48
TX,REAL,7,,115,48,1173734.0,1173345,1173734.0,,,,2789,1173734000	ID:7	[INFO: Metric    ] METRIC_TX type=REAL node=7 seq=115 bytes=48 time_ms=1173345
RX,REAL,,7,115,48,1173774.88,1173770,1173774.88,1173345,1173770,40.87999999988824,2790,1173774880	ID:1	[INFO: Metric    ] METRIC_RX type=REAL src=7 seq=115 send_ms=1173345 recv_ms=1173770 bytes=48
TX,REAL,4,,113,48,1174432.0,1173807,1174432.0,,,,2792,1174432000	ID:4	[INFO: Metric    ] METRIC_TX type=REAL node=4 seq=113 bytes=48 time_ms=1173807
RX,REAL,,4,113,48,1174487.168,1174483,1174487.168,1173807,1174483,55.16800000006333,2793,1174487168	ID:1	[INFO: Metric    ] METRIC_RX type=REAL src=4 seq=113 send_ms=1173807 recv_ms=1174483 bytes=48
TX,REAL,2,,117,48,1178188.0,1177710,1178188.0,,,,2796,1178188000	ID:2	[INFO: Metric    ] METRIC_TX type=REAL node=2 seq=117 bytes=48 time_ms=1177710
RX,REAL,,2,117,48,1178218.88,1178214,1178218.88,1177710,1178214,30.87999999988824,2797,1178218880	ID:1	[INFO: Metric    ] METRIC_RX type=REAL src=2 seq=117 send_ms=1177710 recv_ms=1178214 bytes=48
TX,REAL,5,,115,48,1178694.0,1177751,1178694.0,,,,2799,1178694000	ID:5	[INFO: Metric    ] METRIC_TX type=REAL node=5 seq=115 bytes=48 time_ms=1177751
RX,REAL,,5,115,48,1178758.168,1178754,1178758.168,1177751,1178754,64.16800000006333,2800,1178758168	ID:1	[INFO: Metric    ] METRIC_RX type=REAL src=5 seq=115 send_ms=1177751 recv_ms=1178754 bytes=48
TX,REAL,6,,115,48,1179458.0,1178524,1179458.0,,,,2802,1179458000	ID:6	[INFO: Metric    ] METRIC_TX type=REAL node=6 seq=115 bytes=48 time_ms=1178524
RX,REAL,,6,115,48,1179498.88,1179494,1179498.88,1178524,1179494,40.87999999988824,2803,1179498880	ID:1	[INFO: Metric    ] METRIC_RX type=REAL src=6 seq=115 send_ms=1178524 recv_ms=1179494 bytes=48
TX,REAL,3,,113,48,1180853.0,1179913,1180853.0,,,,2805,1180853000	ID:3	[INFO: Metric    ] METRIC_TX type=REAL node=3 seq=113 bytes=48 time_ms=1179913
RX,REAL,,3,113,48,1180908.168,1180904,1180908.168,1179913,1180904,55.16800000006333,2806,1180908168	ID:1	[INFO: Metric    ] METRIC_RX type=REAL src=3 seq=113 send_ms=1179913 recv_ms=1180904 bytes=48
TX,REAL,4,,114,48,1183433.0,1182808,1183433.0,,,,2808,1183433000	ID:4	[INFO: Metric    ] METRIC_TX type=REAL node=4 seq=114 bytes=48 time_ms=1182808
RX,REAL,,4,114,48,1183462.168,1183458,1183462.168,1182808,1183458,29.16800000006333,2809,1183462168	ID:1	[INFO: Metric    ] METRIC_RX type=REAL src=4 seq=114 send_ms=1182808 recv_ms=1183458 bytes=48
TX,REAL,7,,116,48,1183735.0,1183346,1183735.0,,,,2811,1183735000	ID:7	[INFO: Metric    ] METRIC_TX type=REAL node=7 seq=116 bytes=48 time_ms=1183346
RX,REAL,,7,116,48,1183743.88,1183739,1183743.88,1183346,1183739,8.879999999888241,2812,1183743880	ID:1	[INFO: Metric    ] METRIC_RX type=REAL src=7 seq=116 send_ms=1183346 recv_ms=1183739 bytes=48
TX,REAL,5,,116,48,1187695.0,1186752,1187695.0,,,,2814,1187695000	ID:5	[INFO: Metric    ] METRIC_TX type=REAL node=5 seq=116 bytes=48 time_ms=1186752
RX,REAL,,5,116,48,1187720.168,1187716,1187720.168,1186752,1187716,25.16800000006333,2815,1187720168	ID:1	[INFO: Metric    ] METRIC_RX type=REAL src=5 seq=116 send_ms=1186752 recv_ms=1187716 bytes=48
TX,REAL,2,,118,48,1189189.0,1188711,1189189.0,,,,2817,1189189000	ID:2	[INFO: Metric    ] METRIC_TX type=REAL node=2 seq=118 bytes=48 time_ms=1188711
RX,REAL,,2,118,48,1189210.88,1189206,1189210.88,1188711,1189206,21.87999999988824,2818,1189210880	ID:1	[INFO: Metric    ] METRIC_RX type=REAL src=2 seq=118 send_ms=1188711 recv_ms=1189206 bytes=48
TX,REAL,3,,114,48,1189854.0,1188914,1189854.0,,,,2820,1189854000	ID:3	[INFO: Metric    ] METRIC_TX type=REAL node=3 seq=114 bytes=48 time_ms=1188914
RX,REAL,,3,114,48,1189913.168,1189909,1189913.168,1188914,1189909,59.16800000006333,2821,1189913168	ID:1	[INFO: Metric    ] METRIC_RX type=REAL src=3 seq=114 send_ms=1188914 recv_ms=1189909 bytes=48
TX,REAL,6,,116,48,1190459.0,1189525,1190459.0,,,,2823,1190459000	ID:6	[INFO: Metric    ] METRIC_TX type=REAL node=6 seq=116 bytes=48 time_ms=1189525
RX,REAL,,6,116,48,1190484.88,1190480,1190484.88,1189525,1190480,25.87999999988824,2824,1190484880	ID:1	[INFO: Metric    ] METRIC_RX type=REAL src=6 seq=116 send_ms=1189525 recv_ms=1190480 bytes=48
TX,REAL,4,,115,48,1192434.0,1191809,1192434.0,,,,2827,1192434000	ID:4	[INFO: Metric    ] METRIC_TX type=REAL node=4 seq=115 bytes=48 time_ms=1191809
RX,REAL,,4,115,48,1192524.168,1192520,1192524.168,1191809,1192520,90.16800000006333,2828,1192524168	ID:1	[INFO: Metric    ] METRIC_RX type=REAL src=4 seq=115 send_ms=1191809 recv_ms=1192520 bytes=48
TX,REAL,7,,117,48,1193736.0,1193347,1193736.0,,,,2830,1193736000	ID:7	[INFO: Metric    ] METRIC_TX type=REAL node=7 seq=117 bytes=48 time_ms=1193347
RX,REAL,,7,117,48,1193747.88,1193743,1193747.88,1193347,1193743,11.879999999888241,2831,1193747880	ID:1	[INFO: Metric    ] METRIC_RX type=REAL src=7 seq=117 send_ms=1193347 recv_ms=1193743 bytes=48
TX,REAL,2,,119,48,1198190.0,1197712,1198190.0,,,,2833,1198190000	ID:2	[INFO: Metric    ] METRIC_TX type=REAL node=2 seq=119 bytes=48 time_ms=1197712
RX,REAL,,2,119,48,1198229.88,1198225,1198229.88,1197712,1198225,39.87999999988824,2834,1198229880	ID:1	[INFO: Metric    ] METRIC_RX type=REAL src=2 seq=119 send_ms=1197712 recv_ms=1198225 bytes=48
TX,REAL,5,,117,48,1198696.0,1197753,1198696.0,,,,2836,1198696000	ID:5	[INFO: Metric    ] METRIC_TX type=REAL node=5 seq=117 bytes=48 time_ms=1197753
TX,DUMMY,5,,22,48,1198697.0,1197754,1198697.0,,,,2837,1198697000	ID:5	[INFO: Metric    ] METRIC_TX type=DUMMY node=5 seq=22 bytes=48 time_ms=1197754
RX,REAL,,5,117,48,1198743.168,1198739,1198743.168,1197753,1198739,47.16800000006333,2838,1198743168	ID:1	[INFO: Metric    ] METRIC_RX type=REAL src=5 seq=117 send_ms=1197753 recv_ms=1198739 bytes=48
RX,DUMMY,,5,22,48,1198774.168,1198770,1198774.168,1197754,1198770,,2839,1198774168	ID:1	[INFO: Metric    ] METRIC_RX type=DUMMY src=5 seq=22 send_ms=1197754 recv_ms=1198770 bytes=48
TX,REAL,3,,115,48,1198855.0,1197915,1198855.0,,,,2842,1198855000	ID:3	[INFO: Metric    ] METRIC_TX type=REAL node=3 seq=115 bytes=48 time_ms=1197915
RX,REAL,,3,115,48,1198899.304,1198895,1198899.304,1197915,1198895,44.304000000003725,2843,1198899304	ID:1	[INFO: Metric    ] METRIC_RX type=REAL src=3 seq=115 send_ms=1197915 recv_ms=1198895 bytes=48
TX,REAL,6,,117,48,1199460.0,1198526,1199460.0,,,,2845,1199460000	ID:6	[INFO: Metric    ] METRIC_TX type=REAL node=6 seq=117 bytes=48 time_ms=1198526
RX,REAL,,6,117,48,1199480.88,1199476,1199480.88,1198526,1199476,20.87999999988824,2846,1199480880	ID:1	[INFO: Metric    ] METRIC_RX type=REAL src=6 seq=117 send_ms=1198526 recv_ms=1199476 bytes=48
TX,REAL,4,,116,48,1202435.0,1201810,1202435.0,,,,2848,1202435000	ID:4	[INFO: Metric    ] METRIC_TX type=REAL node=4 seq=116 bytes=48 time_ms=1201810
RX,REAL,,4,116,48,1202452.168,1202448,1202452.168,1201810,1202448,17.16800000006333,2849,1202452168	ID:1	[INFO: Metric    ] METRIC_RX type=REAL src=4 seq=116 send_ms=1201810 recv_ms=1202448 bytes=48
TX,REAL,7,,118,48,1203737.0,1203348,1203737.0,,,,2851,1203737000	ID:7	[INFO: Metric    ] METRIC_TX type=REAL node=7 seq=118 bytes=48 time_ms=1203348
RX,REAL,,7,118,48,1203750.88,1203746,1203750.88,1203348,1203746,13.879999999888241,2852,1203750880	ID:1	[INFO: Metric    ] METRIC_RX type=REAL src=7 seq=118 send_ms=1203348 recv_ms=1203746 bytes=48
TX,REAL,6,,118,48,1208461.0,1207527,1208461.0,,,,2854,1208461000	ID:6	[INFO: Metric    ] METRIC_TX type=REAL node=6 seq=118 bytes=48 time_ms=1207527
RX,REAL,,6,118,48,1208493.88,1208489,1208493.88,1207527,1208489,32.87999999988824,2855,1208493880	ID:1	[INFO: Metric    ] METRIC_RX type=REAL src=6 seq=118 send_ms=1207527 recv_ms=1208489 bytes=48
TX,REAL,5,,118,48,1208698.0,1207755,1208698.0,,,,2858,1208698000	ID:5	[INFO: Metric    ] METRIC_TX type=REAL node=5 seq=118 bytes=48 time_ms=1207755
RX,REAL,,5,118,48,1208772.168,1208768,1208772.168,1207755,1208768,74.16800000006333,2859,1208772168	ID:1	[INFO: Metric    ] METRIC_RX type=REAL src=5 seq=118 send_ms=1207755 recv_ms=1208768 bytes=48
TX,REAL,2,,120,48,1209191.0,1208713,1209191.0,,,,2863,1209191000	ID:2	[INFO: Metric    ] METRIC_TX type=REAL node=2 seq=120 bytes=48 time_ms=1208713
TX,DUMMY,2,,28,48,1209192.0,1208714,1209192.0,,,,2864,1209192000	ID:2	[INFO: Metric    ] METRIC_TX type=DUMMY node=2 seq=28 bytes=48 time_ms=1208714
RX,REAL,,2,120,48,1209217.88,1209213,1209217.88,1208713,1209213,26.87999999988824,2865,1209217880	ID:1	[INFO: Metric    ] METRIC_RX type=REAL src=2 seq=120 send_ms=1208713 recv_ms=1209213 bytes=48
RX,DUMMY,,2,28,48,1209236.88,1209232,1209236.88,1208714,1209232,,2866,1209236880	ID:1	[INFO: Metric    ] METRIC_RX type=DUMMY src=2 seq=28 send_ms=1208714 recv_ms=1209232 bytes=48
TX,REAL,3,,116,48,1209856.0,1208916,1209856.0,,,,2869,1209856000	ID:3	[INFO: Metric    ] METRIC_TX type=REAL node=3 seq=116 bytes=48 time_ms=1208916
RX,REAL,,3,116,48,1209910.168,1209906,1209910.168,1208916,1209906,54.16800000006333,2870,1209910168	ID:1	[INFO: Metric    ] METRIC_RX type=REAL src=3 seq=116 send_ms=1208916 recv_ms=1209906 bytes=48
TX,REAL,4,,117,48,1213436.0,1212811,1213436.0,,,,2872,1213436000	ID:4	[INFO: Metric    ] METRIC_TX type=REAL node=4 seq=117 bytes=48 time_ms=1212811
RX,REAL,,4,117,48,1213509.168,1213505,1213509.168,1212811,1213505,73.16800000006333,2873,1213509168	ID:1	[INFO: Metric    ] METRIC_RX type=REAL src=4 seq=117 send_ms=1212811 recv_ms=1213505 bytes=48
TX,REAL,7,,119,48,1213738.0,1213349,1213738.0,,,,2875,1213738000	ID:7	[INFO: Metric    ] METRIC_TX type=REAL node=7 seq=119 bytes=48 time_ms=1213349
RX,REAL,,7,119,48,1213755.88,1213751,1213755.88,1213349,1213751,17.87999999988824,2876,1213755880	ID:1	[INFO: Metric    ] METRIC_RX type=REAL src=7 seq=119 send_ms=1213349 recv_ms=1213751 bytes=48
TX,REAL,6,,119,48,1217462.0,1216528,1217462.0,,,,2878,1217462000	ID:6	[INFO: Metric    ] METRIC_TX type=REAL node=6 seq=119 bytes=48 time_ms=1216528
RX,REAL,,6,119,48,1217494.88,1217490,1217494.88,1216528,1217490,32.87999999988824,2879,1217494880	ID:1	[INFO: Metric    ] METRIC_RX type=REAL src=6 seq=119 send_ms=1216528 recv_ms=1217490 bytes=48
TX,REAL,2,,121,48,1218193.0,1217715,1218193.0,,,,2881,1218193000	ID:2	[INFO: Metric    ] METRIC_TX type=REAL node=2 seq=121 bytes=48 time_ms=1217715
RX,REAL,,2,121,48,1218233.88,1218229,1218233.88,1217715,1218229,40.87999999988824,2882,1218233880	ID:1	[INFO: Metric    ] METRIC_RX type=REAL src=2 seq=121 send_ms=1217715 recv_ms=1218229 bytes=48
TX,REAL,5,,119,48,1218699.0,1217756,1218699.0,,,,2884,1218699000	ID:5	[INFO: Metric    ] METRIC_TX type=REAL node=5 seq=119 bytes=48 time_ms=1217756
RX,REAL,,5,119,48,1218732.168,1218728,1218732.168,1217756,1218728,33.16800000006333,2885,1218732168	ID:1	[INFO: Metric    ] METRIC_RX type=REAL src=5 seq=119 send_ms=1217756 recv_ms=1218728 bytes=48
TX,REAL,3,,117,48,1220857.0,1219917,1220857.0,,,,2887,1220857000	ID:3	[INFO: Metric    ] METRIC_TX type=REAL node=3 seq=117 bytes=48 time_ms=1219917
RX,REAL,,3,117,48,1220878.168,1220874,1220878.168,1219917,1220874,21.16800000006333,2888,1220878168	ID:1	[INFO: Metric    ] METRIC_RX type=REAL src=3 seq=117 send_ms=1219917 recv_ms=1220874 bytes=48
TX,REAL,7,,120,48,1222739.0,1222350,1222739.0,,,,2893,1222739000	ID:7	[INFO: Metric    ] METRIC_TX type=REAL node=7 seq=120 bytes=48 time_ms=1222350
RX,REAL,,7,120,48,1222747.88,1222743,1222747.88,1222350,1222743,8.879999999888241,2894,1222747880	ID:1	[INFO: Metric    ] METRIC_RX type=REAL src=7 seq=120 send_ms=1222350 recv_ms=1222743 bytes=48
TX,REAL,4,,118,48,1224437.0,1223812,1224437.0,,,,2896,1224437000	ID:4	[INFO: Metric    ] METRIC_TX type=REAL node=4 seq=118 bytes=48 time_ms=1223812
RX,REAL,,4,118,48,1224516.168,1224512,1224516.168,1223812,1224512,79.16800000006333,2897,1224516168	ID:1	[INFO: Metric    ] METRIC_RX type=REAL src=4 seq=118 send_ms=1223812 recv_ms=1224512 bytes=48
TX,REAL,5,,120,48,1227700.0,1226757,1227700.0,,,,2901,1227700000	ID:5	[INFO: Metric    ] METRIC_TX type=REAL node=5 seq=120 bytes=48 time_ms=1226757
TX,DUMMY,5,,23,48,1227701.0,1226758,1227701.0,,,,2902,1227701000	ID:5	[INFO: Metric    ] METRIC_TX type=DUMMY node=5 seq=23 bytes=48 time_ms=1226758
RX,REAL,,5,120,48,1227720.304,1227716,1227720.304,1226757,1227716,20.304000000003725,2903,1227720304	ID:1	[INFO: Metric    ] METRIC_RX type=REAL src=5 seq=120 send_ms=1226757 recv_ms=1227716 bytes=48
RX,DUMMY,,5,23,48,1227763.168,1227759,1227763.168,1226758,1227759,,2904,1227763168	ID:1	[INFO: Metric    ] METRIC_RX type=DUMMY src=5 seq=23 send_ms=1226758 recv_ms=1227759 bytes=48
TX,REAL,2,,122,48,1228194.0,1227716,1228194.0,,,,2907,1228194000	ID:2	[INFO: Metric    ] METRIC_TX type=REAL node=2 seq=122 bytes=48 time_ms=1227716
RX,REAL,,2,122,48,1228219.88,1228215,1228219.88,1227716,1228215,25.87999999988824,2908,1228219880	ID:1	[INFO: Metric    ] METRIC_RX type=REAL src=2 seq=122 send_ms=1227716 recv_ms=1228215 bytes=48
TX,REAL,6,,120,48,1228463.0,1227529,1228463.0,,,,2912,1228463000	ID:6	[INFO: Metric    ] METRIC_TX type=REAL node=6 seq=120 bytes=48 time_ms=1227529
RX,REAL,,6,120,48,1228493.88,1228489,1228493.88,1227529,1228489,30.87999999988824,2913,1228493880	ID:1	[INFO: Metric    ] METRIC_RX type=REAL src=6 seq=120 send_ms=1227529 recv_ms=1228489 bytes=48
TX,REAL,3,,118,48,1230858.0,1229918,1230858.0,,,,2915,1230858000	ID:3	[INFO: Metric    ] METRIC_TX type=REAL node=3 seq=118 bytes=48 time_ms=1229918
RX,REAL,,3,118,48,1230907.168,1230903,1230907.168,1229918,1230903,49.16800000006333,2916,1230907168	ID:1	[INFO: Metric    ] METRIC_RX type=REAL src=3 seq=118 send_ms=1229918 recv_ms=1230903 bytes=48
TX,REAL,7,,121,48,1231740.0,1231351,1231740.0,,,,2918,1231740000	ID:7	[INFO: Metric    ] METRIC_TX type=REAL node=7 seq=121 bytes=48 time_ms=1231351
RX,REAL,,7,121,48,1231776.88,1231772,1231776.88,1231351,1231772,36.87999999988824,2919,1231776880	ID:1	[INFO: Metric    ] METRIC_RX type=REAL src=7 seq=121 send_ms=1231351 recv_ms=1231772 bytes=48
TX,REAL,4,,119,48,1235438.0,1234813,1235438.0,,,,2921,1235438000	ID:4	[INFO: Metric    ] METRIC_TX type=REAL node=4 seq=119 bytes=48 time_ms=1234813
RX,REAL,,4,119,48,1235491.168,1235487,1235491.168,1234813,1235487,53.16800000006333,2922,1235491168	ID:1	[INFO: Metric    ] METRIC_RX type=REAL src=4 seq=119 send_ms=1234813 recv_ms=1235487 bytes=48
TX,REAL,6,,121,48,1237464.0,1236530,1237464.0,,,,2924,1237464000	ID:6	[INFO: Metric    ] METRIC_TX type=REAL node=6 seq=121 bytes=48 time_ms=1236530
RX,REAL,,6,121,48,1237487.88,1237483,1237487.88,1236530,1237483,23.87999999988824,2925,1237487880	ID:1	[INFO: Metric    ] METRIC_RX type=REAL src=6 seq=121 send_ms=1236530 recv_ms=1237483 bytes=48
TX,REAL,5,,121,48,1237702.0,1236759,1237702.0,,,,2928,1237702000	ID:5	[INFO: Metric    ] METRIC_TX type=REAL node=5 seq=121 bytes=48 time_ms=1236759
RX,REAL,,5,121,48,1237755.168,1237751,1237755.168,1236759,1237751,53.16800000006333,2929,1237755168	ID:1	[INFO: Metric    ] METRIC_RX type=REAL src=5 seq=121 send_ms=1236759 recv_ms=1237751 bytes=48
TX,REAL,2,,123,48,1238195.0,1237717,1238195.0,,,,2931,1238195000	ID:2	[INFO: Metric    ] METRIC_TX type=REAL node=2 seq=123 bytes=48 time_ms=1237717
RX,REAL,,2,123,48,1238208.88,1238204,1238208.88,1237717,1238204,13.879999999888241,2932,1238208880	ID:1	[INFO: Metric    ] METRIC_RX type=REAL src=2 seq=123 send_ms=1237717 recv_ms=1238204 bytes=48
TX,REAL,3,,119,48,1240859.0,1239919,1240859.0,,,,2934,1240859000	ID:3	[INFO: Metric    ] METRIC_TX type=REAL node=3 seq=119 bytes=48 time_ms=1239919
TX,DUMMY,3,,30,48,1240860.0,1239920,1240860.0,,,,2935,1240860000	ID:3	[INFO: Metric    ] METRIC_TX type=DUMMY node=3 seq=30 bytes=48 time_ms=1239920
RX,REAL,,3,119,48,1240939.168,1240935,1240939.168,1239919,1240935,80.16800000006333,2936,1240939168	ID:1	[INFO: Metric    ] METRIC_RX type=REAL src=3 seq=119 send_ms=1239919 recv_ms=1240935 bytes=48
RX,DUMMY,,3,30,48,1240950.168,1240946,1240950.168,1239920,1240946,,2937,1240950168	ID:1	[INFO: Metric    ] METRIC_RX type=DUMMY src=3 seq=30 send_ms=1239920 recv_ms=1240946 bytes=48
TX,REAL,7,,122,48,1241741.0,1241352,1241741.0,,,,2940,1241741000	ID:7	[INFO: Metric    ] METRIC_TX type=REAL node=7 seq=122 bytes=48 time_ms=1241352
RX,REAL,,7,122,48,1241779.88,1241775,1241779.88,1241352,1241775,38.87999999988824,2941,1241779880	ID:1	[INFO: Metric    ] METRIC_RX type=REAL src=7 seq=122 send_ms=1241352 recv_ms=1241775 bytes=48
TX,REAL,4,,120,48,1246439.0,1245814,1246439.0,,,,2945,1246439000	ID:4	[INFO: Metric    ] METRIC_TX type=REAL node=4 seq=120 bytes=48 time_ms=1245814
TX,REAL,6,,122,48,1246465.0,1245531,1246465.0,,,,2946,1246465000	ID:6	[INFO: Metric    ] METRIC_TX type=REAL node=6 seq=122 bytes=48 time_ms=1245531
RX,REAL,,6,122,48,1246471.88,1246467,1246471.88,1245531,1246467,6.879999999888241,2947,1246471880	ID:1	[INFO: Metric    ] METRIC_RX type=REAL src=6 seq=122 send_ms=1245531 recv_ms=1246467 bytes=48
RX,REAL,,4,120,48,1246519.168,1246515,1246519.168,1245814,1246515,80.16800000006333,2949,1246519168	ID:1	[INFO: Metric    ] METRIC_RX type=REAL src=4 seq=120 send_ms=1245814 recv_ms=1246515 bytes=48
TX,REAL,2,,124,48,1247196.0,1246718,1247196.0,,,,2951,1247196000	ID:2	[INFO: Metric    ] METRIC_TX type=REAL node=2 seq=124 bytes=48 time_ms=1246718
RX,REAL,,2,124,48,1247241.88,1247237,1247241.88,1246718,1247237,45.87999999988824,2952,1247241880	ID:1	[INFO: Metric    ] METRIC_RX type=REAL src=2 seq=124 send_ms=1246718 recv_ms=1247237 bytes=48
TX,REAL,5,,122,48,1248703.0,1247760,1248703.0,,,,2954,1248703000	ID:5	[INFO: Metric    ] METRIC_TX type=REAL node=5 seq=122 bytes=48 time_ms=1247760
RX,REAL,,5,122,48,1248789.168,1248785,1248789.168,1247760,1248785,86.16800000006333,2955,1248789168	ID:1	[INFO: Metric    ] METRIC_RX type=REAL src=5 seq=122 send_ms=1247760 recv_ms=1248785 bytes=48
TX,REAL,7,,123,48,1251742.0,1251353,1251742.0,,,,2957,1251742000	ID:7	[INFO: Metric    ] METRIC_TX type=REAL node=7 seq=123 bytes=48 time_ms=1251353
RX,REAL,,7,123,48,1251755.88,1251751,1251755.88,1251353,1251751,13.879999999888241,2958,1251755880	ID:1	[INFO: Metric    ] METRIC_RX type=REAL src=7 seq=123 send_ms=1251353 recv_ms=1251751 bytes=48
TX,REAL,3,,120,48,1251861.0,1250921,1251861.0,,,,2963,1251861000	ID:3	[INFO: Metric    ] METRIC_TX type=REAL node=3 seq=120 bytes=48 time_ms=1250921
RX,REAL,,3,120,48,1251918.168,1251914,1251918.168,1250921,1251914,57.16800000006333,2964,1251918168	ID:1	[INFO: Metric    ] METRIC_RX type=REAL src=3 seq=120 send_ms=1250921 recv_ms=1251914 bytes=48
TX,REAL,6,,123,48,1255466.0,1254532,1255466.0,,,,2966,1255466000	ID:6	[INFO: Metric    ] METRIC_TX type=REAL node=6 seq=123 bytes=48 time_ms=1254532
RX,REAL,,6,123,48,1255500.88,1255496,1255500.88,1254532,1255496,34.87999999988824,2967,1255500880	ID:1	[INFO: Metric    ] METRIC_RX type=REAL src=6 seq=123 send_ms=1254532 recv_ms=1255496 bytes=48
TX,REAL,4,,121,48,1257440.0,1256815,1257440.0,,,,2969,1257440000	ID:4	[INFO: Metric    ] METRIC_TX type=REAL node=4 seq=121 bytes=48 time_ms=1256815
RX,REAL,,4,121,48,1257482.168,1257478,1257482.168,1256815,1257478,42.16800000006333,2970,1257482168	ID:1	[INFO: Metric    ] METRIC_RX type=REAL src=4 seq=121 send_ms=1256815 recv_ms=1257478 bytes=48
TX,REAL,5,,123,48,1257704.0,1256761,1257704.0,,,,2972,1257704000	ID:5	[INFO: Metric    ] METRIC_TX type=REAL node=5 seq=123 bytes=48 time_ms=1256761
RX,REAL,,5,123,48,1257733.168,1257729,1257733.168,1256761,1257729,29.16800000006333,2973,1257733168	ID:1	[INFO: Metric    ] METRIC_RX type=REAL src=5 seq=123 send_ms=1256761 recv_ms=1257729 bytes=48
TX,REAL,2,,125,48,1258197.0,1257719,1258197.0,,,,2975,1258197000	ID:2	[INFO: Metric    ] METRIC_TX type=REAL node=2 seq=125 bytes=48 time_ms=1257719
RX,REAL,,2,125,48,1258205.88,1258201,1258205.88,1257719,1258201,8.879999999888241,2976,1258205880	ID:1	[INFO: Metric    ] METRIC_RX type=REAL src=2 seq=125 send_ms=1257719 recv_ms=1258201 bytes=48
TX,REAL,3,,121,48,1260862.0,1259922,1260862.0,,,,2978,1260862000	ID:3	[INFO: Metric    ] METRIC_TX type=REAL node=3 seq=121 bytes=48 time_ms=1259922
TX,DUMMY,3,,31,48,1260863.0,1259923,1260863.0,,,,2979,1260863000	ID:3	[INFO: Metric    ] METRIC_TX type=DUMMY node=3 seq=31 bytes=48 time_ms=1259923
RX,REAL,,3,121,48,1260921.168,1260917,1260921.168,1259922,1260917,59.16800000006333,2980,1260921168	ID:1	[INFO: Metric    ] METRIC_RX type=REAL src=3 seq=121 send_ms=1259922 recv_ms=1260917 bytes=48
RX,DUMMY,,3,31,48,1260968.168,1260964,1260968.168,1259923,1260964,,2982,1260968168	ID:1	[INFO: Metric    ] METRIC_RX type=DUMMY src=3 seq=31 send_ms=1259923 recv_ms=1260964 bytes=48
TX,REAL,7,,124,48,1261743.0,1261354,1261743.0,,,,2984,1261743000	ID:7	[INFO: Metric    ] METRIC_TX type=REAL node=7 seq=124 bytes=48 time_ms=1261354
RX,REAL,,7,124,48,1261776.88,1261772,1261776.88,1261354,1261772,33.87999999988824,2985,1261776880	ID:1	[INFO: Metric    ] METRIC_RX type=REAL src=7 seq=124 send_ms=1261354 recv_ms=1261772 bytes=48
TX,REAL,6,,124,48,1266467.0,1265533,1266467.0,,,,2987,1266467000	ID:6	[INFO: Metric    ] METRIC_TX type=REAL node=6 seq=124 bytes=48 time_ms=1265533
RX,REAL,,6,124,48,1266480.88,1266476,1266480.88,1265533,1266476,13.879999999888241,2988,1266480880	ID:1	[INFO: Metric    ] METRIC_RX type=REAL src=6 seq=124 send_ms=1265533 recv_ms=1266476 bytes=48
TX,REAL,4,,122,48,1267441.0,1266816,1267441.0,,,,2990,1267441000	ID:4	[INFO: Metric    ] METRIC_TX type=REAL node=4 seq=122 bytes=48 time_ms=1266816
RX,REAL,,4,122,48,1267520.168,1267516,1267520.168,1266816,1267516,79.16800000006333,2991,1267520168	ID:1	[INFO: Metric    ] METRIC_RX type=REAL src=4 seq=122 send_ms=1266816 recv_ms=1267516 bytes=48
TX,REAL,5,,124,48,1267705.0,1266762,1267705.0,,,,2994,1267705000	ID:5	[INFO: Metric    ] METRIC_TX type=REAL node=5 seq=124 bytes=48 time_ms=1266762
RX,REAL,,5,124,48,1267753.168,1267749,1267753.168,1266762,1267749,48.16800000006333,2995,1267753168	ID:1	[INFO: Metric    ] METRIC_RX type=REAL src=5 seq=124 send_ms=1266762 recv_ms=1267749 bytes=48
TX,REAL,2,,126,48,1268198.0,1267720,1268198.0,,,,2997,1268198000	ID:2	[INFO: Metric    ] METRIC_TX type=REAL node=2 seq=126 bytes=48 time_ms=1267720
TX,DUMMY,2,,29,48,1268199.0,1267721,1268199.0,,,,2998,1268199000	ID:2	[INFO: Metric    ] METRIC_TX type=DUMMY node=2 seq=29 bytes=48 time_ms=1267721
RX,REAL,,2,126,48,1268221.88,1268217,1268221.88,1267720,1268217,23.87999999988824,2999,1268221880	ID:1	[INFO: Metric    ] METRIC_RX type=REAL src=2 seq=126 send_ms=1267720 recv_ms=1268217 bytes=48
RX,DUMMY,,2,29,48,1268244.88,1268240,1268244.88,1267721,1268240,,3000,1268244880	ID:1	[INFO: Metric    ] METRIC_RX type=DUMMY src=2 seq=29 send_ms=1267721 recv_ms=1268240 bytes=48
TX,REAL,7,,125,48,1270744.0,1270355,1270744.0,,,,3003,1270744000	ID:7	[INFO: Metric    ] METRIC_TX type=REAL node=7 seq=125 bytes=48 time_ms=1270355
TX,DUMMY,7,,20,48,1270745.0,1270356,1270745.0,,,,3004,1270745000	ID:7	[INFO: Metric    ] METRIC_TX type=DUMMY node=7 seq=20 bytes=48 time_ms=1270356
RX,REAL,,7,125,48,1270788.88,1270784,1270788.88,1270355,1270784,44.87999999988824,3005,1270788880	ID:1	[INFO: Metric    ] METRIC_RX type=REAL src=7 seq=125 send_ms=1270355 recv_ms=1270784 bytes=48
RX,DUMMY,,7,20,48,1270797.88,1270793,1270797.88,1270356,1270793,,3006,1270797880	ID:1	[INFO: Metric    ] METRIC_RX type=DUMMY src=7 seq=20 send_ms=1270356 recv_ms=1270793 bytes=48
TX,REAL,3,,122,48,1270864.0,1269924,1270864.0,,,,3009,1270864000	ID:3	[INFO: Metric    ] METRIC_TX type=REAL node=3 seq=122 bytes=48 time_ms=1269924
RX,REAL,,3,122,48,1270931.168,1270927,1270931.168,1269924,1270927,67.16800000006333,3010,1270931168	ID:1	[INFO: Metric    ] METRIC_RX type=REAL src=3 seq=122 send_ms=1269924 recv_ms=1270927 bytes=48
TX,REAL,6,,125,48,1275468.0,1274534,1275468.0,,,,3012,1275468000	ID:6	[INFO: Metric    ] METRIC_TX type=REAL node=6 seq=125 bytes=48 time_ms=1274534
RX,REAL,,6,125,48,1275491.88,1275487,1275491.88,1274534,1275487,23.87999999988824,3013,1275491880	ID:1	[INFO: Metric    ] METRIC_RX type=REAL src=6 seq=125 send_ms=1274534 recv_ms=1275487 bytes=48
TX,REAL,4,,123,48,1276442.0,1275817,1276442.0,,,,3015,1276442000	ID:4	[INFO: Metric    ] METRIC_TX type=REAL node=4 seq=123 bytes=48 time_ms=1275817
TX,DUMMY,4,,22,48,1276443.0,1275818,1276443.0,,,,3016,1276443000	ID:4	[INFO: Metric    ] METRIC_TX type=DUMMY node=4 seq=22 bytes=48 time_ms=1275818
RX,REAL,,4,123,48,1276502.168,1276498,1276502.168,1275817,1276498,60.16800000006333,3017,1276502168	ID:1	[INFO: Metric    ] METRIC_RX type=REAL src=4 seq=123 send_ms=1275817 recv_ms=1276498 bytes=48
RX,DUMMY,,4,22,48,1276614.168,1276610,1276614.168,1275818,1276610,,3019,1276614168	ID:1	[INFO: Metric    ] METRIC_RX type=DUMMY src=4 seq=22 send_ms=1275818 recv_ms=1276610 bytes=48
TX,REAL,2,,127,48,1277200.0,1276722,1277200.0,,,,3021,1277200000	ID:2	[INFO: Metric    ] METRIC_TX type=REAL node=2 seq=127 bytes=48 time_ms=1276722
RX,REAL,,2,127,48,1277220.88,1277216,1277220.88,1276722,1277216,20.87999999988824,3022,1277220880	ID:1	[INFO: Metric    ] METRIC_RX type=REAL src=2 seq=127 send_ms=1276722 recv_ms=1277216 bytes=48
TX,REAL,5,,125,48,1277706.0,1276763,1277706.0,,,,3025,1277706000	ID:5	[INFO: Metric    ] METRIC_TX type=REAL node=5 seq=125 bytes=48 time_ms=1276763
TX,DUMMY,5,,24,48,1277707.0,1276764,1277707.0,,,,3026,1277707000	ID:5	[INFO: Metric    ] METRIC_TX type=DUMMY node=5 seq=24 bytes=48 time_ms=1276764
RX,REAL,,5,125,48,1277772.168,1277768,1277772.168,1276763,1277768,66.16800000006333,3027,1277772168	ID:1	[INFO: Metric    ] METRIC_RX type=REAL src=5 seq=125 send_ms=1276763 recv_ms=1277768 bytes=48
RX,DUMMY,,5,24,48,1277810.168,1277806,1277810.168,1276764,1277806,,3028,1277810168	ID:1	[INFO: Metric    ] METRIC_RX type=DUMMY src=5 seq=24 send_ms=1276764 recv_ms=1277806 bytes=48
TX,REAL,7,,126,48,1280746.0,1280357,1280746.0,,,,3031,1280746000	ID:7	[INFO: Metric    ] METRIC_TX type=REAL node=7 seq=126 bytes=48 time_ms=1280357
RX,REAL,,7,126,48,1280751.88,1280747,1280751.88,1280357,1280747,5.879999999888241,3032,1280751880	ID:1	[INFO: Metric    ] METRIC_RX type=REAL src=7 seq=126 send_ms=1280357 recv_ms=1280747 bytes=48
TX,REAL,3,,123,48,1281865.0,1280925,1281865.0,,,,3034,1281865000	ID:3	[INFO: Metric    ] METRIC_TX type=REAL node=3 seq=123 bytes=48 time_ms=1280925
RX,REAL,,3,123,48,1281925.168,1281921,1281925.168,1280925,1281921,60.16800000006333,3035,1281925168	ID:1	[INFO: Metric    ] METRIC_RX type=REAL src=3 seq=123 send_ms=1280925 recv_ms=1281921 bytes=48
TX,REAL,6,,126,48,1286469.0,1285535,1286469.0,,,,3037,1286469000	ID:6	[INFO: Metric    ] METRIC_TX type=REAL node=6 seq=126 bytes=48 time_ms=1285535
RX,REAL,,6,126,48,1286507.88,1286503,1286507.88,1285535,1286503,38.87999999988824,3038,1286507880	ID:1	[INFO: Metric    ] METRIC_RX type=REAL src=6 seq=126 send_ms=1285535 recv_ms=1286503 bytes=48
TX,REAL,4,,124,48,1287444.0,1286819,1287444.0,,,,3040,1287444000	ID:4	[INFO: Metric    ] METRIC_TX type=REAL node=4 seq=124 bytes=48 time_ms=1286819
RX,REAL,,4,124,48,1287503.168,1287499,1287503.168,1286819,1287499,59.16800000006333,3041,1287503168	ID:1	[INFO: Metric    ] METRIC_RX type=REAL src=4 seq=124 send_ms=1286819 recv_ms=1287499 bytes=48
TX,REAL,5,,126,48,1287708.0,1286765,1287708.0,,,,3043,1287708000	ID:5	[INFO: Metric    ] METRIC_TX type=REAL node=5 seq=126 bytes=48 time_ms=1286765
RX,REAL,,5,126,48,1287800.168,1287796,1287800.168,1286765,1287796,92.16800000006333,3044,1287800168	ID:1	[INFO: Metric    ] METRIC_RX type=REAL src=5 seq=126 send_ms=1286765 recv_ms=1287796 bytes=48
TX,REAL,2,,128,48,1288201.0,1287723,1288201.0,,,,3046,1288201000	ID:2	[INFO: Metric    ] METRIC_TX type=REAL node=2 seq=128 bytes=48 time_ms=1287723
RX,REAL,,2,128,48,1288243.88,1288239,1288243.88,1287723,1288239,42.87999999988824,3047,1288243880	ID:1	[INFO: Metric    ] METRIC_RX type=REAL src=2 seq=128 send_ms=1287723 recv_ms=1288239 bytes=48
TX,REAL,3,,124,48,1290866.0,1289926,1290866.0,,,,3049,1290866000	ID:3	[INFO: Metric    ] METRIC_TX type=REAL node=3 seq=124 bytes=48 time_ms=1289926
RX,REAL,,3,124,48,1290902.168,1290898,1290902.168,1289926,1290898,36.16800000006333,3050,1290902168	ID:1	[INFO: Metric    ] METRIC_RX type=REAL src=3 seq=124 send_ms=1289926 recv_ms=1290898 bytes=48
TX,REAL,7,,127,48,1291747.0,1291358,1291747.0,,,,3052,1291747000	ID:7	[INFO: Metric    ] METRIC_TX type=REAL node=7 seq=127 bytes=48 time_ms=1291358
RX,REAL,,7,127,48,1291786.88,1291782,1291786.88,1291358,1291782,39.87999999988824,3053,1291786880	ID:1	[INFO: Metric    ] METRIC_RX type=REAL src=7 seq=127 send_ms=1291358 recv_ms=1291782 bytes=48
TX,REAL,2,,129,48,1297202.0,1296724,1297202.0,,,,3056,1297202000	ID:2	[INFO: Metric    ] METRIC_TX type=REAL node=2 seq=129 bytes=48 time_ms=1296724
TX,DUMMY,2,,30,48,1297203.0,1296725,1297203.0,,,,3057,1297203000	ID:2	[INFO: Metric    ] METRIC_TX type=DUMMY node=2 seq=30 bytes=48 time_ms=1296725
RX,REAL,,2,129,48,1297208.88,1297204,1297208.88,1296724,1297204,6.879999999888241,3058,1297208880	ID:1	[INFO: Metric    ] METRIC_RX type=REAL src=2 seq=129 send_ms=1296724 recv_ms=1297204 bytes=48
RX,DUMMY,,2,30,48,1297227.88,1297223,1297227.88,1296725,1297223,,3059,1297227880	ID:1	[INFO: Metric    ] METRIC_RX type=DUMMY src=2 seq=30 send_ms=1296725 recv_ms=1297223 bytes=48
TX,REAL,6,,127,48,1297470.0,1296536,1297470.0,,,,3062,1297470000	ID:6	[INFO: Metric    ] METRIC_TX type=REAL node=6 seq=127 bytes=48 time_ms=1296536
RX,REAL,,6,127,48,1297492.88,1297488,1297492.88,1296536,1297488,22.87999999988824,3063,1297492880	ID:1	[INFO: Metric    ] METRIC_RX type=REAL src=6 seq=127 send_ms=1296536 recv_ms=1297488 bytes=48
TX,REAL,5,,127,48,1297709.0,1296766,1297709.0,,,,3065,1297709000	ID:5	[INFO: Metric    ] METRIC_TX type=REAL node=5 seq=127 bytes=48 time_ms=1296766
RX,REAL,,5,127,48,1297740.168,1297736,1297740.168,1296766,1297736,31.16800000006333,3066,1297740168	ID:1	[INFO: Metric    ] METRIC_RX type=REAL src=5 seq=127 send_ms=1296766 recv_ms=1297736 bytes=48
TX,REAL,4,,125,48,1298445.0,1297820,1298445.0,,,,3068,1298445000	ID:4	[INFO: Metric    ] METRIC_TX type=REAL node=4 seq=125 bytes=48 time_ms=1297820
RX,REAL,,4,125,48,1298465.168,1298461,1298465.168,1297820,1298461,20.16800000006333,3069,1298465168	ID:1	[INFO: Metric    ] METRIC_RX type=REAL src=4 seq=125 send_ms=1297820 recv_ms=1298461 bytes=48
TX,REAL,3,,125,48,1299867.0,1298927,1299867.0,,,,3071,1299867000	ID:3	[INFO: Metric    ] METRIC_TX type=REAL node=3 seq=125 bytes=48 time_ms=1298927
RX,REAL,,3,125,48,1299889.168,1299885,1299889.168,1298927,1299885,22.16800000006333,3072,1299889168	ID:1	[INFO: Metric    ] METRIC_RX type=REAL src=3 seq=125 send_ms=1298927 recv_ms=1299885 bytes=48
TX,REAL,7,,128,48,1302748.0,1302359,1302748.0,,,,3074,1302748000	ID:7	[INFO: Metric    ] METRIC_TX type=REAL node=7 seq=128 bytes=48 time_ms=1302359
TX,DUMMY,7,,21,48,1302749.0,1302360,1302749.0,,,,3075,1302749000	ID:7	[INFO: Metric    ] METRIC_TX type=DUMMY node=7 seq=21 bytes=48 time_ms=1302360
RX,REAL,,7,128,48,1302777.88,1302773,1302777.88,1302359,1302773,29.87999999988824,3076,1302777880	ID:1	[INFO: Metric    ] METRIC_RX type=REAL src=7 seq=128 send_ms=1302359 recv_ms=1302773 bytes=48
RX,DUMMY,,7,21,48,1302807.88,1302803,1302807.88,1302360,1302803,,3078,1302807880	ID:1	[INFO: Metric    ] METRIC_RX type=DUMMY src=7 seq=21 send_ms=1302360 recv_ms=1302803 bytes=48
TX,REAL,6,,128,48,1306471.0,1305537,1306471.0,,,,3080,1306471000	ID:6	[INFO: Metric    ] METRIC_TX type=REAL node=6 seq=128 bytes=48 time_ms=1305537
RX,REAL,,6,128,48,1306476.88,1306472,1306476.88,1305537,1306472,5.879999999888241,3081,1306476880	ID:1	[INFO: Metric    ] METRIC_RX type=REAL src=6 seq=128 send_ms=1305537 recv_ms=1306472 bytes=48
TX,REAL,4,,126,48,1307446.0,1306821,1307446.0,,,,3083,1307446000	ID:4	[INFO: Metric    ] METRIC_TX type=REAL node=4 seq=126 bytes=48 time_ms=1306821
RX,REAL,,4,126,48,1307486.168,1307482,1307486.168,1306821,1307482,40.16800000006333,3084,1307486168	ID:1	[INFO: Metric    ] METRIC_RX type=REAL src=4 seq=126 send_ms=1306821 recv_ms=1307482 bytes=48
TX,REAL,2,,130,48,1308204.0,1307726,1308204.0,,,,3089,1308204000	ID:2	[INFO: Metric    ] METRIC_TX type=REAL node=2 seq=130 bytes=48 time_ms=1307726
RX,REAL,,2,130,48,1308212.88,1308208,1308212.88,1307726,1308208,8.879999999888241,3090,1308212880	ID:1	[INFO: Metric    ] METRIC_RX type=REAL src=2 seq=130 send_ms=1307726 recv_ms=1308208 bytes=48
TX,REAL,5,,128,48,1308710.0,1307767,1308710.0,,,,3092,1308710000	ID:5	[INFO: Metric    ] METRIC_TX type=REAL node=5 seq=128 bytes=48 time_ms=1307767
RX,REAL,,5,128,48,1308769.168,1308765,1308769.168,1307767,1308765,59.16800000006333,3093,1308769168	ID:1	[INFO: Metric    ] METRIC_RX type=REAL src=5 seq=128 send_ms=1307767 recv_ms=1308765 bytes=48
TX,REAL,3,,126,48,1310868.0,1309928,1310868.0,,,,3095,1310868000	ID:3	[INFO: Metric    ] METRIC_TX type=REAL node=3 seq=126 bytes=48 time_ms=1309928
TX,DUMMY,3,,32,48,1310869.0,1309929,1310869.0,,,,3096,1310869000	ID:3	[INFO: Metric    ] METRIC_TX type=DUMMY node=3 seq=32 bytes=48 time_ms=1309929
RX,REAL,,3,126,48,1310963.168,1310959,1310963.168,1309928,1310959,95.16800000006333,3097,1310963168	ID:1	[INFO: Metric    ] METRIC_RX type=REAL src=3 seq=126 send_ms=1309928 recv_ms=1310959 bytes=48
RX,DUMMY,,3,32,48,1310994.168,1310990,1310994.168,1309929,1310990,,3098,1310994168	ID:1	[INFO: Metric    ] METRIC_RX type=DUMMY src=3 seq=32 send_ms=1309929 recv_ms=1310990 bytes=48
TX,REAL,7,,129,48,1313750.0,1313361,1313750.0,,,,3101,1313750000	ID:7	[INFO: Metric    ] METRIC_TX type=REAL node=7 seq=129 bytes=48 time_ms=1313361
TX,DUMMY,7,,22,48,1313751.0,1313362,1313751.0,,,,3102,1313751000	ID:7	[INFO: Metric    ] METRIC_TX type=DUMMY node=7 seq=22 bytes=48 time_ms=1313362
RX,REAL,,7,129,48,1313788.88,1313784,1313788.88,1313361,1313784,38.87999999988824,3103,1313788880	ID:1	[INFO: Metric    ] METRIC_RX type=REAL src=7 seq=129 send_ms=1313361 recv_ms=1313784 bytes=48
RX,DUMMY,,7,22,48,1313815.88,1313811,1313815.88,1313362,1313811,,3105,1313815880	ID:1	[INFO: Metric    ] METRIC_RX type=DUMMY src=7 seq=22 send_ms=1313362 recv_ms=1313811 bytes=48
TX,REAL,4,,127,48,1316447.0,1315822,1316447.0,,,,3107,1316447000	ID:4	[INFO: Metric    ] METRIC_TX type=REAL node=4 seq=127 bytes=48 time_ms=1315822
RX,REAL,,4,127,48,1316504.168,1316500,1316504.168,1315822,1316500,57.16800000006333,3108,1316504168	ID:1	[INFO: Metric    ] METRIC_RX type=REAL src=4 seq=127 send_ms=1315822 recv_ms=1316500 bytes=48
TX,REAL,2,,131,48,1317205.0,1316727,1317205.0,,,,3110,1317205000	ID:2	[INFO: Metric    ] METRIC_TX type=REAL node=2 seq=131 bytes=48 time_ms=1316727
TX,DUMMY,2,,31,48,1317206.0,1316728,1317206.0,,,,3111,1317206000	ID:2	[INFO: Metric    ] METRIC_TX type=DUMMY node=2 seq=31 bytes=48 time_ms=1316728
RX,REAL,,2,131,48,1317211.88,1317207,1317211.88,1316727,1317207,6.879999999888241,3112,1317211880	ID:1	[INFO: Metric    ] METRIC_RX type=REAL src=2 seq=131 send_ms=1316727 recv_ms=1317207 bytes=48
RX,DUMMY,,2,31,48,1317256.88,1317252,1317256.88,1316728,1317252,,3114,1317256880	ID:1	[INFO: Metric    ] METRIC_RX type=DUMMY src=2 seq=31 send_ms=1316728 recv_ms=1317252 bytes=48
TX,REAL,6,,129,48,1317472.0,1316538,1317472.0,,,,3116,1317472000	ID:6	[INFO: Metric    ] METRIC_TX type=REAL node=6 seq=129 bytes=48 time_ms=1316538
RX,REAL,,6,129,48,1317493.88,1317489,1317493.88,1316538,1317489,21.87999999988824,3117,1317493880	ID:1	[INFO: Metric    ] METRIC_RX type=REAL src=6 seq=129 send_ms=1316538 recv_ms=1317489 bytes=48
TX,REAL,5,,129,48,1318711.0,1317768,1318711.0,,,,3120,1318711000	ID:5	[INFO: Metric    ] METRIC_TX type=REAL node=5 seq=129 bytes=48 time_ms=1317768
TX,DUMMY,5,,25,48,1318712.0,1317769,1318712.0,,,,3121,1318712000	ID:5	[INFO: Metric    ] METRIC_TX type=DUMMY node=5 seq=25 bytes=48 time_ms=1317769
RX,REAL,,5,129,48,1318810.168,1318806,1318810.168,1317768,1318806,99.16800000006333,3122,1318810168	ID:1	[INFO: Metric    ] METRIC_RX type=REAL src=5 seq=129 send_ms=1317768 recv_ms=1318806 bytes=48
RX,DUMMY,,5,25,48,1318836.168,1318832,1318836.168,1317769,1318832,,3123,1318836168	ID:1	[INFO: Metric    ] METRIC_RX type=DUMMY src=5 seq=25 send_ms=1317769 recv_ms=1318832 bytes=48
TX,REAL,3,,127,48,1320870.0,1319930,1320870.0,,,,3126,1320870000	ID:3	[INFO: Metric    ] METRIC_TX type=REAL node=3 seq=127 bytes=48 time_ms=1319930
RX,REAL,,3,127,48,1320939.168,1320935,1320939.168,1319930,1320935,69.16800000006333,3127,1320939168	ID:1	[INFO: Metric    ] METRIC_RX type=REAL src=3 seq=127 send_ms=1319930 recv_ms=1320935 bytes=48
TX,REAL,7,,130,48,1324752.0,1324363,1324752.0,,,,3131,1324752000	ID:7	[INFO: Metric    ] METRIC_TX type=REAL node=7 seq=130 bytes=48 time_ms=1324363
RX,REAL,,7,130,48,1324784.88,1324780,1324784.88,1324363,1324780,32.87999999988824,3132,1324784880	ID:1	[INFO: Metric    ] METRIC_RX type=REAL src=7 seq=130 send_ms=1324363 recv_ms=1324780 bytes=48
TX,REAL,4,,128,48,1327448.0,1326823,1327448.0,,,,3134,1327448000	ID:4	[INFO: Metric    ] METRIC_TX type=REAL node=4 seq=128 bytes=48 time_ms=1326823
RX,REAL,,4,128,48,1327479.168,1327475,1327479.168,1326823,1327475,31.16800000006333,3135,1327479168	ID:1	[INFO: Metric    ] METRIC_RX type=REAL src=4 seq=128 send_ms=1326823 recv_ms=1327475 bytes=48
TX,REAL,5,,130,48,1327713.0,1326770,1327713.0,,,,3139,1327713000	ID:5	[INFO: Metric    ] METRIC_TX type=REAL node=5 seq=130 bytes=48 time_ms=1326770
RX,REAL,,5,130,48,1327790.168,1327786,1327790.168,1326770,1327786,77.16800000006333,3140,1327790168	ID:1	[INFO: Metric    ] METRIC_RX type=REAL src=5 seq=130 send_ms=1326770 recv_ms=1327786 bytes=48
TX,REAL,2,,132,48,1328207.0,1327729,1328207.0,,,,3142,1328207000	ID:2	[INFO: Metric    ] METRIC_TX type=REAL node=2 seq=132 bytes=48 time_ms=1327729
RX,REAL,,2,132,48,1328212.88,1328208,1328212.88,1327729,1328208,5.879999999888241,3143,1328212880	ID:1	[INFO: Metric    ] METRIC_RX type=REAL src=2 seq=132 send_ms=1327729 recv_ms=1328208 bytes=48
TX,REAL,6,,130,48,1328473.0,1327539,1328473.0,,,,3147,1328473000	ID:6	[INFO: Metric    ] METRIC_TX type=REAL node=6 seq=130 bytes=48 time_ms=1327539
RX,REAL,,6,130,48,1328514.88,1328510,1328514.88,1327539,1328510,41.87999999988824,3148,1328514880	ID:1	[INFO: Metric    ] METRIC_RX type=REAL src=6 seq=130 send_ms=1327539 recv_ms=1328510 bytes=48
TX,REAL,3,,128,48,1329871.0,1328931,1329871.0,,,,3150,1329871000	ID:3	[INFO: Metric    ] METRIC_TX type=REAL node=3 seq=128 bytes=48 time_ms=1328931
RX,REAL,,3,128,48,1329951.168,1329947,1329951.168,1328931,1329947,80.16800000006333,3151,1329951168	ID:1	[INFO: Metric    ] METRIC_RX type=REAL src=3 seq=128 send_ms=1328931 recv_ms=1329947 bytes=48
TX,REAL,7,,131,48,1335753.0,1335364,1335753.0,,,,3153,1335753000	ID:7	[INFO: Metric    ] METRIC_TX type=REAL node=7 seq=131 bytes=48 time_ms=1335364
RX,REAL,,7,131,48,1335789.88,1335785,1335789.88,1335364,1335785,36.87999999988824,3154,1335789880	ID:1	[INFO: Metric    ] METRIC_RX type=REAL src=7 seq=131 send_ms=1335364 recv_ms=1335785 bytes=48
TX,REAL,6,,131,48,1337474.0,1336540,1337474.0,,,,3157,1337474000	ID:6	[INFO: Metric    ] METRIC_TX type=REAL node=6 seq=131 bytes=48 time_ms=1336540
RX,REAL,,6,131,48,1337497.88,1337493,1337497.88,1336540,1337493,23.87999999988824,3158,1337497880	ID:1	[INFO: Metric    ] METRIC_RX type=REAL src=6 seq=131 send_ms=1336540 recv_ms=1337493 bytes=48
TX,REAL,5,,131,48,1337714.0,1336771,1337714.0,,,,3160,1337714000	ID:5	[INFO: Metric    ] METRIC_TX type=REAL node=5 seq=131 bytes=48 time_ms=1336771
RX,REAL,,5,131,48,1337758.168,1337754,1337758.168,1336771,1337754,44.16800000006333,3161,1337758168	ID:1	[INFO: Metric    ] METRIC_RX type=REAL src=5 seq=131 send_ms=1336771 recv_ms=1337754 bytes=48
TX,REAL,2,,133,48,1338208.0,1337730,1338208.0,,,,3163,1338208000	ID:2	[INFO: Metric    ] METRIC_TX type=REAL node=2 seq=133 bytes=48 time_ms=1337730
RX,REAL,,2,133,48,1338247.88,1338243,1338247.88,1337730,1338243,39.87999999988824,3164,1338247880	ID:1	[INFO: Metric    ] METRIC_RX type=REAL src=2 seq=133 send_ms=1337730 recv_ms=1338243 bytes=48
TX,REAL,4,,129,48,1338449.0,1337824,1338449.0,,,,3166,1338449000	ID:4	[INFO: Metric    ] METRIC_TX type=REAL node=4 seq=129 bytes=48 time_ms=1337824
RX,REAL,,4,129,48,1338487.168,1338483,1338487.168,1337824,1338483,38.16800000006333,3167,1338487168	ID:1	[INFO: Metric    ] METRIC_RX type=REAL src=4 seq=129 send_ms=1337824 recv_ms=1338483 bytes=48
TX,REAL,3,,129,48,1338872.0,1337932,1338872.0,,,,3169,1338872000	ID:3	[INFO: Metric    ] METRIC_TX type=REAL node=3 seq=129 bytes=48 time_ms=1337932
RX,REAL,,3,129,48,1338895.168,1338891,1338895.168,1337932,1338891,23.16800000006333,3170,1338895168	ID:1	[INFO: Metric    ] METRIC_RX type=REAL src=3 seq=129 send_ms=1337932 recv_ms=1338891 bytes=48
TX,REAL,7,,132,48,1345754.0,1345365,1345754.0,,,,3172,1345754000	ID:7	[INFO: Metric    ] METRIC_TX type=REAL node=7 seq=132 bytes=48 time_ms=1345365
RX,REAL,,7,132,48,1345790.88,1345786,1345790.88,1345365,1345786,36.87999999988824,3173,1345790880	ID:1	[INFO: Metric    ] METRIC_RX type=REAL src=7 seq=132 send_ms=1345365 recv_ms=1345786 bytes=48
TX,REAL,6,,132,48,1346475.0,1345541,1346475.0,,,,3175,1346475000	ID:6	[INFO: Metric    ] METRIC_TX type=REAL node=6 seq=132 bytes=48 time_ms=1345541
RX,REAL,,6,132,48,1346495.88,1346491,1346495.88,1345541,1346491,20.87999999988824,3176,1346495880	ID:1	[INFO: Metric    ] METRIC_RX type=REAL src=6 seq=132 send_ms=1345541 recv_ms=1346491 bytes=48
TX,REAL,5,,132,48,1347715.0,1346772,1347715.0,,,,3178,1347715000	ID:5	[INFO: Metric    ] METRIC_TX type=REAL node=5 seq=132 bytes=48 time_ms=1346772
RX,REAL,,5,132,48,1347804.168,1347800,1347804.168,1346772,1347800,89.16800000006333,3179,1347804168	ID:1	[INFO: Metric    ] METRIC_RX type=REAL src=5 seq=132 send_ms=1346772 recv_ms=1347800 bytes=48
TX,REAL,2,,134,48,1348209.0,1347731,1348209.0,,,,3181,1348209000	ID:2	[INFO: Metric    ] METRIC_TX type=REAL node=2 seq=134 bytes=48 time_ms=1347731
RX,REAL,,2,134,48,1348225.88,1348221,1348225.88,1347731,1348221,16.87999999988824,3182,1348225880	ID:1	[INFO: Metric    ] METRIC_RX type=REAL src=2 seq=134 send_ms=1347731 recv_ms=1348221 bytes=48
TX,REAL,4,,130,48,1349450.0,1348825,1349450.0,,,,3186,1349450000	ID:4	[INFO: Metric    ] METRIC_TX type=REAL node=4 seq=130 bytes=48 time_ms=1348825
RX,REAL,,4,130,48,1349504.168,1349500,1349504.168,1348825,1349500,54.16800000006333,3187,1349504168	ID:1	[INFO: Metric    ] METRIC_RX type=REAL src=4 seq=130 send_ms=1348825 recv_ms=1349500 bytes=48
TX,REAL,3,,130,48,1349873.0,1348933,1349873.0,,,,3192,1349873000	ID:3	[INFO: Metric    ] METRIC_TX type=REAL node=3 seq=130 bytes=48 time_ms=1348933
RX,REAL,,3,130,48,1349910.168,1349906,1349910.168,1348933,1349906,37.16800000006333,3193,1349910168	ID:1	[INFO: Metric    ] METRIC_RX type=REAL src=3 seq=130 send_ms=1348933 recv_ms=1349906 bytes=48
TX,REAL,7,,133,48,1356755.0,1356366,1356755.0,,,,3195,1356755000	ID:7	[INFO: Metric    ] METRIC_TX type=REAL node=7 seq=133 bytes=48 time_ms=1356366
RX,REAL,,7,133,48,1356798.88,1356794,1356798.88,1356366,1356794,43.87999999988824,3196,1356798880	ID:1	[INFO: Metric    ] METRIC_RX type=REAL src=7 seq=133 send_ms=1356366 recv_ms=1356794 bytes=48
TX,REAL,6,,133,48,1357476.0,1356542,1357476.0,,,,3198,1357476000	ID:6	[INFO: Metric    ] METRIC_TX type=REAL node=6 seq=133 bytes=48 time_ms=1356542
RX,REAL,,6,133,48,1357509.88,1357505,1357509.88,1356542,1357505,33.87999999988824,3199,1357509880	ID:1	[INFO: Metric    ] METRIC_RX type=REAL src=6 seq=133 send_ms=1356542 recv_ms=1357505 bytes=48
TX,REAL,5,,133,48,1358716.0,1357773,1358716.0,,,,3201,1358716000	ID:5	[INFO: Metric    ] METRIC_TX type=REAL node=5 seq=133 bytes=48 time_ms=1357773
RX,REAL,,5,133,48,1358781.168,1358777,1358781.168,1357773,1358777,65.16800000006333,3202,1358781168	ID:1	[INFO: Metric    ] METRIC_RX type=REAL src=5 seq=133 send_ms=1357773 recv_ms=1358777 bytes=48
TX,REAL,2,,135,48,1359210.0,1358732,1359210.0,,,,3204,1359210000	ID:2	[INFO: Metric    ] METRIC_TX type=REAL node=2 seq=135 bytes=48 time_ms=1358732
RX,REAL,,2,135,48,1359219.88,1359215,1359219.88,1358732,1359215,9.879999999888241,3205,1359219880	ID:1	[INFO: Metric    ] METRIC_RX type=REAL src=2 seq=135 send_ms=1358732 recv_ms=1359215 bytes=48
TX,REAL,4,,131,48,1359451.0,1358826,1359451.0,,,,3207,1359451000	ID:4	[INFO: Metric    ] METRIC_TX type=REAL node=4 seq=131 bytes=48 time_ms=1358826
TX,DUMMY,4,,23,48,1359452.0,1358827,1359452.0,,,,3208,1359452000	ID:4	[INFO: Metric    ] METRIC_TX type=DUMMY node=4 seq=23 bytes=48 time_ms=1358827
RX,REAL,,4,131,48,1359470.304,1359466,1359470.304,1358826,1359466,19.304000000003725,3209,1359470304	ID:1	[INFO: Metric    ] METRIC_RX type=REAL src=4 seq=131 send_ms=1358826 recv_ms=1359466 bytes=48
RX,DUMMY,,4,23,48,1359506.168,1359502,1359506.168,1358827,1359502,,3210,1359506168	ID:1	[INFO: Metric    ] METRIC_RX type=DUMMY src=4 seq=23 send_ms=1358827 recv_ms=1359502 bytes=48
TX,REAL,3,,131,48,1359874.0,1358934,1359874.0,,,,3213,1359874000	ID:3	[INFO: Metric    ] METRIC_TX type=REAL node=3 seq=131 bytes=48 time_ms=1358934
RX,REAL,,3,131,48,1359948.168,1359944,1359948.168,1358934,1359944,74.16800000006333,3214,1359948168	ID:1	[INFO: Metric    ] METRIC_RX type=REAL src=3 seq=131 send_ms=1358934 recv_ms=1359944 bytes=48
TX,REAL,7,,134,48,1366756.0,1366367,1366756.0,,,,3216,1366756000	ID:7	[INFO: Metric    ] METRIC_TX type=REAL node=7 seq=134 bytes=48 time_ms=1366367
RX,REAL,,7,134,48,1366762.88,1366758,1366762.88,1366367,1366758,6.879999999888241,3217,1366762880	ID:1	[INFO: Metric    ] METRIC_RX type=REAL src=7 seq=134 send_ms=1366367 recv_ms=1366758 bytes=48
TX,REAL,6,,134,48,1367477.0,1366543,1367477.0,,,,3219,1367477000	ID:6	[INFO: Metric    ] METRIC_TX type=REAL node=6 seq=134 bytes=48 time_ms=1366543
RX,REAL,,6,134,48,1367491.88,1367487,1367491.88,1366543,1367487,14.879999999888241,3220,1367491880	ID:1	[INFO: Metric    ] METRIC_RX type=REAL src=6 seq=134 send_ms=1366543 recv_ms=1367487 bytes=48
TX,REAL,5,,134,48,1367717.0,1366774,1367717.0,,,,3223,1367717000	ID:5	[INFO: Metric    ] METRIC_TX type=REAL node=5 seq=134 bytes=48 time_ms=1366774
RX,REAL,,5,134,48,1367778.168,1367774,1367778.168,1366774,1367774,61.16800000006333,3224,1367778168	ID:1	[INFO: Metric    ] METRIC_RX type=REAL src=5 seq=134 send_ms=1366774 recv_ms=1367774 bytes=48
TX,REAL,4,,132,48,1368453.0,1367828,1368453.0,,,,3226,1368453000	ID:4	[INFO: Metric    ] METRIC_TX type=REAL node=4 seq=132 bytes=48 time_ms=1367828
TX,DUMMY,4,,24,48,1368454.0,1367829,1368454.0,,,,3227,1368454000	ID:4	[INFO: Metric    ] METRIC_TX type=DUMMY node=4 seq=24 bytes=48 time_ms=1367829
RX,REAL,,4,132,48,1368603.168,1368599,1368603.168,1367828,1368599,150.16800000006333,3228,1368603168	ID:1	[INFO: Metric    ] METRIC_RX type=REAL src=4 seq=132 send_ms=1367828 recv_ms=1368599 bytes=48
RX,DUMMY,,4,24,48,1368641.168,1368637,1368641.168,1367829,1368637,,3229,1368641168	ID:1	[INFO: Metric    ] METRIC_RX type=DUMMY src=4 seq=24 send_ms=1367829 recv_ms=1368637 bytes=48
TX,REAL,3,,132,48,1369875.0,1368935,1369875.0,,,,3232,1369875000	ID:3	[INFO: Metric    ] METRIC_TX type=REAL node=3 seq=132 bytes=48 time_ms=1368935
RX,REAL,,3,132,48,1369918.168,1369914,1369918.168,1368935,1369914,43.16800000006333,3233,1369918168	ID:1	[INFO: Metric    ] METRIC_RX type=REAL src=3 seq=132 send_ms=1368935 recv_ms=1369914 bytes=48
TX,REAL,2,,136,48,1370211.0,1369733,1370211.0,,,,3235,1370211000	ID:2	[INFO: Metric    ] METRIC_TX type=REAL node=2 seq=136 bytes=48 time_ms=1369733
RX,REAL,,2,136,48,1370242.88,1370238,1370242.88,1369733,1370238,31.87999999988824,3236,1370242880	ID:1	[INFO: Metric    ] METRIC_RX type=REAL src=2 seq=136 send_ms=1369733 recv_ms=1370238 bytes=48
TX,REAL,5,,135,48,1376718.0,1375775,1376718.0,,,,3238,1376718000	ID:5	[INFO: Metric    ] METRIC_TX type=REAL node=5 seq=135 bytes=48 time_ms=1375775
TX,DUMMY,5,,26,48,1376719.0,1375776,1376719.0,,,,3239,1376719000	ID:5	[INFO: Metric    ] METRIC_TX type=DUMMY node=5 seq=26 bytes=48 time_ms=1375776
RX,REAL,,5,135,48,1376779.168,1376775,1376779.168,1375775,1376775,61.16800000006333,3240,1376779168	ID:1	[INFO: Metric    ] METRIC_RX type=REAL src=5 seq=135 send_ms=1375775 recv_ms=1376775 bytes=48
RX,DUMMY,,5,26,48,1376826.168,1376822,1376826.168,1375776,1376822,,3241,1376826168	ID:1	[INFO: Metric    ] METRIC_RX type=DUMMY src=5 seq=26 send_ms=1375776 recv_ms=1376822 bytes=48
TX,REAL,6,,135,48,1377478.0,1376544,1377478.0,,,,3244,1377478000	ID:6	[INFO: Metric    ] METRIC_TX type=REAL node=6 seq=135 bytes=48 time_ms=1376544
RX,REAL,,6,135,48,1377516.88,1377512,1377516.88,1376544,1377512,38.87999999988824,3245,1377516880	ID:1	[INFO: Metric    ] METRIC_RX type=REAL src=6 seq=135 send_ms=1376544 recv_ms=1377512 bytes=48
TX,REAL,7,,135,48,1377757.0,1377368,1377757.0,,,,3247,1377757000	ID:7	[INFO: Metric    ] METRIC_TX type=REAL node=7 seq=135 bytes=48 time_ms=1377368
RX,REAL,,7,135,48,1377784.88,1377780,1377784.88,1377368,1377780,27.87999999988824,3248,1377784880	ID:1	[INFO: Metric    ] METRIC_RX type=REAL src=7 seq=135 send_ms=1377368 recv_ms=1377780 bytes=48
TX,REAL,3,,133,48,1378876.0,1377936,1378876.0,,,,3250,1378876000	ID:3	[INFO: Metric    ] METRIC_TX type=REAL node=3 seq=133 bytes=48 time_ms=1377936
RX,REAL,,3,133,48,1378922.168,1378918,1378922.168,1377936,1378918,46.16800000006333,3251,1378922168	ID:1	[INFO: Metric    ] METRIC_RX type=REAL src=3 seq=133 send_ms=1377936 recv_ms=1378918 bytes=48
TX,REAL,4,,133,48,1379455.0,1378830,1379455.0,,,,3254,1379455000	ID:4	[INFO: Metric    ] METRIC_TX type=REAL node=4 seq=133 bytes=48 time_ms=1378830
RX,REAL,,4,133,48,1379518.168,1379514,1379518.168,1378830,1379514,63.16800000006333,3255,1379518168	ID:1	[INFO: Metric    ] METRIC_RX type=REAL src=4 seq=133 send_ms=1378830 recv_ms=1379514 bytes=48
TX,REAL,2,,137,48,1381212.0,1380734,1381212.0,,,,3257,1381212000	ID:2	[INFO: Metric    ] METRIC_TX type=REAL node=2 seq=137 bytes=48 time_ms=1380734
RX,REAL,,2,137,48,1381256.88,1381252,1381256.88,1380734,1381252,44.87999999988824,3258,1381256880	ID:1	[INFO: Metric    ] METRIC_RX type=REAL src=2 seq=137 send_ms=1380734 recv_ms=1381252 bytes=48
TX,REAL,6,,136,48,1386479.0,1385545,1386479.0,,,,3260,1386479000	ID:6	[INFO: Metric    ] METRIC_TX type=REAL node=6 seq=136 bytes=48 time_ms=1385545
RX,REAL,,6,136,48,1386522.88,1386518,1386522.88,1385545,1386518,43.87999999988824,3261,1386522880	ID:1	[INFO: Metric    ] METRIC_RX type=REAL src=6 seq=136 send_ms=1385545 recv_ms=1386518 bytes=48
TX,REAL,5,,136,48,1387720.0,1386777,1387720.0,,,,3263,1387720000	ID:5	[INFO: Metric    ] METRIC_TX type=REAL node=5 seq=136 bytes=48 time_ms=1386777
TX,REAL,7,,136,48,1387757.136,1387369,1387757.136,,,,3264,1387757136	ID:7	[INFO: Metric    ] METRIC_TX type=REAL node=7 seq=136 bytes=48 time_ms=1387369
TX,DUMMY,7,,23,48,1387758.136,1387369,1387758.136,,,,3265,1387758136	ID:7	[INFO: Metric    ] METRIC_TX type=DUMMY node=7 seq=23 bytes=48 time_ms=1387369
RX,REAL,,7,136,48,1387769.88,1387765,1387769.88,1387369,1387765,12.743999999947846,3266,1387769880	ID:1	[INFO: Metric    ] METRIC_RX type=REAL src=7 seq=136 send_ms=1387369 recv_ms=1387765 bytes=48
RX,DUMMY,,7,23,48,1387816.88,1387812,1387816.88,1387369,1387812,,3268,1387816880	ID:1	[INFO: Metric    ] METRIC_RX type=DUMMY src=7 seq=23 send_ms=1387369 recv_ms=1387812 bytes=48
RX,REAL,,5,136,48,1387830.168,1387826,1387830.168,1386777,1387826,110.16800000006333,3269,1387830168	ID:1	[INFO: Metric    ] METRIC_RX type=REAL src=5 seq=136 send_ms=1386777 recv_ms=1387826 bytes=48
TX,REAL,3,,134,48,1387877.0,1386937,1387877.0,,,,3272,1387877000	ID:3	[INFO: Metric    ] METRIC_TX type=REAL node=3 seq=134 bytes=48 time_ms=1386937
RX,REAL,,3,134,48,1387916.168,1387912,1387916.168,1386937,1387912,39.16800000006333,3273,1387916168	ID:1	[INFO: Metric    ] METRIC_RX type=REAL src=3 seq=134 send_ms=1386937 recv_ms=1387912 bytes=48
TX,REAL,4,,134,48,1389456.0,1388831,1389456.0,,,,3275,1389456000	ID:4	[INFO: Metric    ] METRIC_TX type=REAL node=4 seq=134 bytes=48 time_ms=1388831
RX,REAL,,4,134,48,1389512.168,1389508,1389512.168,1388831,1389508,56.16800000006333,3276,1389512168	ID:1	[INFO: Metric    ] METRIC_RX type=REAL src=4 seq=134 send_ms=1388831 recv_ms=1389508 bytes=48
TX,REAL,2,,138,48,1391213.0,1390735,1391213.0,,,,3278,1391213000	ID:2	[INFO: Metric    ] METRIC_TX type=REAL node=2 seq=138 bytes=48 time_ms=1390735
RX,REAL,,2,138,48,1391238.88,1391234,1391238.88,1390735,1391234,25.87999999988824,3279,1391238880	ID:1	[INFO: Metric    ] METRIC_RX type=REAL src=2 seq=138 send_ms=1390735 recv_ms=1391234 bytes=48
TX,REAL,6,,137,48,1395480.0,1394546,1395480.0,,,,3281,1395480000	ID:6	[INFO: Metric    ] METRIC_TX type=REAL node=6 seq=137 bytes=48 time_ms=1394546
TX,DUMMY,6,,18,48,1395481.0,1394547,1395481.0,,,,3282,1395481000	ID:6	[INFO: Metric    ] METRIC_TX type=DUMMY node=6 seq=18 bytes=48 time_ms=1394547
RX,REAL,,6,137,48,1395511.88,1395507,1395511.88,1394546,1395507,31.87999999988824,3283,1395511880	ID:1	[INFO: Metric    ] METRIC_RX type=REAL src=6 seq=137 send_ms=1394546 recv_ms=1395507 bytes=48
RX,DUMMY,,6,18,48,1395551.88,1395547,1395551.88,1394547,1395547,,3286,1395551880	ID:1	[INFO: Metric    ] METRIC_RX type=DUMMY src=6 seq=18 send_ms=1394547 recv_ms=1395547 bytes=48
TX,REAL,5,,137,48,1396721.0,1395778,1396721.0,,,,3288,1396721000	ID:5	[INFO: Metric    ] METRIC_TX type=REAL node=5 seq=137 bytes=48 time_ms=1395778
TX,REAL,7,,137,48,1396759.0,1396370,1396759.0,,,,3289,1396759000	ID:7	[INFO: Metric    ] METRIC_TX type=REAL node=7 seq=137 bytes=48 time_ms=1396370
TX,DUMMY,7,,24,48,1396760.0,1396371,1396760.0,,,,3290,1396760000	ID:7	[INFO: Metric    ] METRIC_TX type=DUMMY node=7 seq=24 bytes=48 time_ms=1396371
RX,REAL,,5,137,48,1396769.168,1396765,1396769.168,1395778,1396765,48.16800000006333,3291,1396769168	ID:1	[INFO: Metric    ] METRIC_RX type=REAL src=5 seq=137 send_ms=1395778 recv_ms=1396765 bytes=48
RX,REAL,,7,137,48,1396781.88,1396777,1396781.88,1396370,1396777,22.87999999988824,3292,1396781880	ID:1	[INFO: Metric    ] METRIC_RX type=REAL src=7 seq=137 send_ms=1396370 recv_ms=1396777 bytes=48
RX,DUMMY,,7,24,48,1396828.88,1396824,1396828.88,1396371,1396824,,3295,1396828880	ID:1	[INFO: Metric    ] METRIC_RX type=DUMMY src=7 seq=24 send_ms=1396371 recv_ms=1396824 bytes=48
TX,REAL,3,,135,48,1397878.0,1396938,1397878.0,,,,3297,1397878000	ID:3	[INFO: Metric    ] METRIC_TX type=REAL node=3 seq=135 bytes=48 time_ms=1396938
RX,REAL,,3,135,48,1397918.168,1397914,1397918.168,1396938,1397914,40.16800000006333,3298,1397918168	ID:1	[INFO: Metric    ] METRIC_RX type=REAL src=3 seq=135 send_ms=1396938 recv_ms=1397914 bytes=48
TX,REAL,4,,135,48,1398457.0,1397832,1398457.0,,,,3300,1398457000	ID:4	[INFO: Metric    ] METRIC_TX type=REAL node=4 seq=135 bytes=48 time_ms=1397832
RX,REAL,,4,135,48,1398505.304,1398501,1398505.304,1397832,1398501,48.304000000003725,3301,1398505304	ID:1	[INFO: Metric    ] METRIC_RX type=REAL src=4 seq=135 send_ms=1397832 recv_ms=1398501 bytes=48
TX,REAL,2,,139,48,1402214.0,1401736,1402214.0,,,,3303,1402214000	ID:2	[INFO: Metric    ] METRIC_TX type=REAL node=2 seq=139 bytes=48 time_ms=1401736
TX,DUMMY,2,,32,48,1402215.0,1401737,1402215.0,,,,3304,1402215000	ID:2	[INFO: Metric    ] METRIC_TX type=DUMMY node=2 seq=32 bytes=48 time_ms=1401737
RX,REAL,,2,139,48,1402220.88,1402216,1402220.88,1401736,1402216,6.879999999888241,3305,1402220880	ID:1	[INFO: Metric    ] METRIC_RX type=REAL src=2 seq=139 send_ms=1401736 recv_ms=1402216 bytes=48
RX,DUMMY,,2,32,48,1402227.76,1402223,1402227.76,1401737,1402223,,3306,1402227760	ID:1	[INFO: Metric    ] METRIC_RX type=DUMMY src=2 seq=32 send_ms=1401737 recv_ms=1402223 bytes=48
TX,REAL,6,,138,48,1406482.0,1405548,1406482.0,,,,3309,1406482000	ID:6	[INFO: Metric    ] METRIC_TX type=REAL node=6 seq=138 bytes=48 time_ms=1405548
TX,DUMMY,6,,19,48,1406483.0,1405549,1406483.0,,,,3310,1406483000	ID:6	[INFO: Metric    ] METRIC_TX type=DUMMY node=6 seq=19 bytes=48 time_ms=1405549
RX,REAL,,6,138,48,1406524.88,1406520,1406524.88,1405548,1406520,42.87999999988824,3311,1406524880	ID:1	[INFO: Metric    ] METRIC_RX type=REAL src=6 seq=138 send_ms=1405548 recv_ms=1406520 bytes=48
RX,DUMMY,,6,19,48,1406531.76,1406527,1406531.76,1405549,1406527,,3312,1406531760	ID:1	[INFO: Metric    ] METRIC_RX type=DUMMY src=6 seq=19 send_ms=1405549 recv_ms=1406527 bytes=48
TX,REAL,7,,138,48,1406761.0,1406372,1406761.0,,,,3316,1406761000	ID:7	[INFO: Metric    ] METRIC_TX type=REAL node=7 seq=138 bytes=48 time_ms=1406372
RX,REAL,,7,138,48,1406805.88,1406801,1406805.88,1406372,1406801,44.87999999988824,3317,1406805880	ID:1	[INFO: Metric    ] METRIC_RX type=REAL src=7 seq=138 send_ms=1406372 recv_ms=1406801 bytes=48
TX,REAL,5,,138,48,1407722.0,1406779,1407722.0,,,,3319,1407722000	ID:5	[INFO: Metric    ] METRIC_TX type=REAL node=5 seq=138 bytes=48 time_ms=1406779
RX,REAL,,5,138,48,1407768.168,1407764,1407768.168,1406779,1407764,46.16800000006333,3320,1407768168	ID:1	[INFO: Metric    ] METRIC_RX type=REAL src=5 seq=138 send_ms=1406779 recv_ms=1407764 bytes=48
TX,REAL,3,,136,48,1408879.0,1407939,1408879.0,,,,3322,1408879000	ID:3	[INFO: Metric    ] METRIC_TX type=REAL node=3 seq=136 bytes=48 time_ms=1407939
RX,REAL,,3,136,48,1408922.168,1408918,1408922.168,1407939,1408918,43.16800000006333,3323,1408922168	ID:1	[INFO: Metric    ] METRIC_RX type=REAL src=3 seq=136 send_ms=1407939 recv_ms=1408918 bytes=48
TX,REAL,4,,136,48,1409458.0,1408833,1409458.0,,,,3325,1409458000	ID:4	[INFO: Metric    ] METRIC_TX type=REAL node=4 seq=136 bytes=48 time_ms=1408833
RX,REAL,,4,136,48,1409484.304,1409480,1409484.304,1408833,1409480,26.304000000003725,3326,1409484304	ID:1	[INFO: Metric    ] METRIC_RX type=REAL src=4 seq=136 send_ms=1408833 recv_ms=1409480 bytes=48
TX,REAL,2,,140,48,1413216.0,1412738,1413216.0,,,,3330,1413216000	ID:2	[INFO: Metric    ] METRIC_TX type=REAL node=2 seq=140 bytes=48 time_ms=1412738
RX,REAL,,2,140,48,1413233.88,1413229,1413233.88,1412738,1413229,17.87999999988824,3331,1413233880	ID:1	[INFO: Metric    ] METRIC_RX type=REAL src=2 seq=140 send_ms=1412738 recv_ms=1413229 bytes=48
TX,REAL,7,,139,48,1416762.0,1416373,1416762.0,,,,3333,1416762000	ID:7	[INFO: Metric    ] METRIC_TX type=REAL node=7 seq=139 bytes=48 time_ms=1416373
TX,DUMMY,7,,25,48,1416763.0,1416374,1416763.0,,,,3334,1416763000	ID:7	[INFO: Metric    ] METRIC_TX type=DUMMY node=7 seq=25 bytes=48 time_ms=1416374
RX,REAL,,7,139,48,1416778.88,1416774,1416778.88,1416373,1416774,16.87999999988824,3335,1416778880	ID:1	[INFO: Metric    ] METRIC_RX type=REAL src=7 seq=139 send_ms=1416373 recv_ms=1416774 bytes=48
RX,DUMMY,,7,25,48,1416787.88,1416783,1416787.88,1416374,1416783,,3336,1416787880	ID:1	[INFO: Metric    ] METRIC_RX type=DUMMY src=7 seq=25 send_ms=1416374 recv_ms=1416783 bytes=48
TX,REAL,6,,139,48,1417484.0,1416550,1417484.0,,,,3339,1417484000	ID:6	[INFO: Metric    ] METRIC_TX type=REAL node=6 seq=139 bytes=48 time_ms=1416550
RX,REAL,,6,139,48,1417500.88,1417496,1417500.88,1416550,1417496,16.87999999988824,3340,1417500880	ID:1	[INFO: Metric    ] METRIC_RX type=REAL src=6 seq=139 send_ms=1416550 recv_ms=1417496 bytes=48
TX,REAL,4,,137,48,1418459.0,1417834,1418459.0,,,,3342,1418459000	ID:4	[INFO: Metric    ] METRIC_TX type=REAL node=4 seq=137 bytes=48 time_ms=1417834
RX,REAL,,4,137,48,1418525.168,1418521,1418525.168,1417834,1418521,66.16800000006333,3343,1418525168	ID:1	[INFO: Metric    ] METRIC_RX type=REAL src=4 seq=137 send_ms=1417834 recv_ms=1418521 bytes=48
TX,REAL,5,,139,48,1418723.0,1417780,1418723.0,,,,3345,1418723000	ID:5	[INFO: Metric    ] METRIC_TX type=REAL node=5 seq=139 bytes=48 time_ms=1417780
TX,DUMMY,5,,27,48,1418724.0,1417781,1418724.0,,,,3346,1418724000	ID:5	[INFO: Metric    ] METRIC_TX type=DUMMY node=5 seq=27 bytes=48 time_ms=1417781
RX,REAL,,5,139,48,1418779.168,1418775,1418779.168,1417780,1418775,56.16800000006333,3347,1418779168	ID:1	[INFO: Metric    ] METRIC_RX type=REAL src=5 seq=139 send_ms=1417780 recv_ms=1418775 bytes=48
RX,DUMMY,,5,27,48,1418801.592,1418797,1418801.592,1417781,1418797,,3350,1418801592	ID:1	[INFO: Metric    ] METRIC_RX type=DUMMY src=5 seq=27 send_ms=1417781 recv_ms=1418797 bytes=48
TX,REAL,3,,137,48,1418880.0,1417940,1418880.0,,,,3352,1418880000	ID:3	[INFO: Metric    ] METRIC_TX type=REAL node=3 seq=137 bytes=48 time_ms=1417940
RX,REAL,,3,137,48,1418914.168,1418910,1418914.168,1417940,1418910,34.16800000006333,3353,1418914168	ID:1	[INFO: Metric    ] METRIC_RX type=REAL src=3 seq=137 send_ms=1417940 recv_ms=1418910 bytes=48
TX,REAL,2,,141,48,1422217.0,1421739,1422217.0,,,,3355,1422217000	ID:2	[INFO: Metric    ] METRIC_TX type=REAL node=2 seq=141 bytes=48 time_ms=1421739
TX,DUMMY,2,,33,48,1422218.0,1421740,1422218.0,,,,3356,1422218000	ID:2	[INFO: Metric    ] METRIC_TX type=DUMMY node=2 seq=33 bytes=48 time_ms=1421740
RX,REAL,,2,141,48,1422223.88,1422219,1422223.88,1421739,1422219,6.879999999888241,3357,1422223880	ID:1	[INFO: Metric    ] METRIC_RX type=REAL src=2 seq=141 send_ms=1421739 recv_ms=1422219 bytes=48
RX,DUMMY,,2,33,48,1422252.88,1422248,1422252.88,1421740,1422248,,3359,1422252880	ID:1	[INFO: Metric    ] METRIC_RX type=DUMMY src=2 seq=33 send_ms=1421740 recv_ms=1422248 bytes=48
TX,REAL,7,,140,48,1425764.0,1425375,1425764.0,,,,3363,1425764000	ID:7	[INFO: Metric    ] METRIC_TX type=REAL node=7 seq=140 bytes=48 time_ms=1425375
RX,REAL,,7,140,48,1425782.88,1425778,1425782.88,1425375,1425778,18.87999999988824,3364,1425782880	ID:1	[INFO: Metric    ] METRIC_RX type=REAL src=7 seq=140 send_ms=1425375 recv_ms=1425778 bytes=48
TX,REAL,4,,138,48,1427460.0,1426835,1427460.0,,,,3366,1427460000	ID:4	[INFO: Metric    ] METRIC_TX type=REAL node=4 seq=138 bytes=48 time_ms=1426835
RX,REAL,,4,138,48,1427476.304,1427472,1427476.304,1426835,1427472,16.304000000003725,3367,1427476304	ID:1	[INFO: Metric    ] METRIC_RX type=REAL src=4 seq=138 send_ms=1426835 recv_ms=1427472 bytes=48
TX,REAL,6,,140,48,1428485.0,1427551,1428485.0,,,,3371,1428485000	ID:6	[INFO: Metric    ] METRIC_TX type=REAL node=6 seq=140 bytes=48 time_ms=1427551
RX,REAL,,6,140,48,1428495.88,1428491,1428495.88,1427551,1428491,10.879999999888241,3372,1428495880	ID:1	[INFO: Metric    ] METRIC_RX type=REAL src=6 seq=140 send_ms=1427551 recv_ms=1428491 bytes=48
TX,REAL,3,,138,48,1428881.0,1427941,1428881.0,,,,3374,1428881000	ID:3	[INFO: Metric    ] METRIC_TX type=REAL node=3 seq=138 bytes=48 time_ms=1427941
RX,REAL,,3,138,48,1428905.168,1428901,1428905.168,1427941,1428901,24.16800000006333,3375,1428905168	ID:1	[INFO: Metric    ] METRIC_RX type=REAL src=3 seq=138 send_ms=1427941 recv_ms=1428901 bytes=48
TX,REAL,5,,140,48,1429725.0,1428782,1429725.0,,,,3379,1429725000	ID:5	[INFO: Metric    ] METRIC_TX type=REAL node=5 seq=140 bytes=48 time_ms=1428782
TX,DUMMY,5,,28,48,1429726.0,1428783,1429726.0,,,,3380,1429726000	ID:5	[INFO: Metric    ] METRIC_TX type=DUMMY node=5 seq=28 bytes=48 time_ms=1428783
RX,REAL,,5,140,48,1429782.168,1429778,1429782.168,1428782,1429778,57.16800000006333,3381,1429782168	ID:1	[INFO: Metric    ] METRIC_RX type=REAL src=5 seq=140 send_ms=1428782 recv_ms=1429778 bytes=48
RX,DUMMY,,5,28,48,1429840.168,1429836,1429840.168,1428783,1429836,,3383,1429840168	ID:1	[INFO: Metric    ] METRIC_RX type=DUMMY src=5 seq=28 send_ms=1428783 recv_ms=1429836 bytes=48
TX,REAL,2,,142,48,1432219.0,1431741,1432219.0,,,,3386,1432219000	ID:2	[INFO: Metric    ] METRIC_TX type=REAL node=2 seq=142 bytes=48 time_ms=1431741
RX,REAL,,2,142,48,1432243.88,1432239,1432243.88,1431741,1432239,24.87999999988824,3387,1432243880	ID:1	[INFO: Metric    ] METRIC_RX type=REAL src=2 seq=142 send_ms=1431741 recv_ms=1432239 bytes=48
TX,REAL,7,,141,48,1436765.0,1436376,1436765.0,,,,3389,1436765000	ID:7	[INFO: Metric    ] METRIC_TX type=REAL node=7 seq=141 bytes=48 time_ms=1436376
RX,REAL,,7,141,48,1436781.88,1436777,1436781.88,1436376,1436777,16.87999999988824,3390,1436781880	ID:1	[INFO: Metric    ] METRIC_RX type=REAL src=7 seq=141 send_ms=1436376 recv_ms=1436777 bytes=48
TX,REAL,4,,139,48,1438461.0,1437836,1438461.0,,,,3392,1438461000	ID:4	[INFO: Metric    ] METRIC_TX type=REAL node=4 seq=139 bytes=48 time_ms=1437836
TX,DUMMY,4,,25,48,1438462.0,1437837,1438462.0,,,,3393,1438462000	ID:4	[INFO: Metric    ] METRIC_TX type=DUMMY node=4 seq=25 bytes=48 time_ms=1437837
RX,REAL,,4,139,48,1438533.168,1438529,1438533.168,1437836,1438529,72.16800000006333,3394,1438533168	ID:1	[INFO: Metric    ] METRIC_RX type=REAL src=4 seq=139 send_ms=1437836 recv_ms=1438529 bytes=48
RX,DUMMY,,4,25,48,1438634.168,1438630,1438634.168,1437837,1438630,,3396,1438634168	ID:1	[INFO: Metric    ] METRIC_RX type=DUMMY src=4 seq=25 send_ms=1437837 recv_ms=1438630 bytes=48
TX,REAL,5,,141,48,1438727.0,1437784,1438727.0,,,,3398,1438727000	ID:5	[INFO: Metric    ] METRIC_TX type=REAL node=5 seq=141 bytes=48 time_ms=1437784
RX,REAL,,5,141,48,1438791.168,1438787,1438791.168,1437784,1438787,64.16800000006333,3399,1438791168	ID:1	[INFO: Metric    ] METRIC_RX type=REAL src=5 seq=141 send_ms=1437784 recv_ms=1438787 bytes=48
TX,REAL,3,,139,48,1438882.0,1437942,1438882.0,,,,3401,1438882000	ID:3	[INFO: Metric    ] METRIC_TX type=REAL node=3 seq=139 bytes=48 time_ms=1437942
TX,DUMMY,3,,33,48,1438883.0,1437943,1438883.0,,,,3402,1438883000	ID:3	[INFO: Metric    ] METRIC_TX type=DUMMY node=3 seq=33 bytes=48 time_ms=1437943
RX,REAL,,3,139,48,1438902.168,1438898,1438902.168,1437942,1438898,20.16800000006333,3403,1438902168	ID:1	[INFO: Metric    ] METRIC_RX type=REAL src=3 seq=139 send_ms=1437942 recv_ms=1438898 bytes=48
RX,DUMMY,,3,33,48,1438993.168,1438989,1438993.168,1437943,1438989,,3405,1438993168	ID:1	[INFO: Metric    ] METRIC_RX type=DUMMY src=3 seq=33 send_ms=1437943 recv_ms=1438989 bytes=48
TX,REAL,6,,141,48,1439486.0,1438552,1439486.0,,,,3407,1439486000	ID:6	[INFO: Metric    ] METRIC_TX type=REAL node=6 seq=141 bytes=48 time_ms=1438552
RX,REAL,,6,141,48,1439491.88,1439487,1439491.88,1438552,1439487,5.879999999888241,3408,1439491880	ID:1	[INFO: Metric    ] METRIC_RX type=REAL src=6 seq=141 send_ms=1438552 recv_ms=1439487 bytes=48
TX,REAL,2,,143,48,1443220.0,1442742,1443220.0,,,,3410,1443220000	ID:2	[INFO: Metric    ] METRIC_TX type=REAL node=2 seq=143 bytes=48 time_ms=1442742
TX,DUMMY,2,,34,48,1443221.0,1442743,1443221.0,,,,3411,1443221000	ID:2	[INFO: Metric    ] METRIC_TX type=DUMMY node=2 seq=34 bytes=48 time_ms=1442743
RX,REAL,,2,143,48,1443247.88,1443243,1443247.88,1442742,1443243,27.87999999988824,3412,1443247880	ID:1	[INFO: Metric    ] METRIC_RX type=REAL src=2 seq=143 send_ms=1442742 recv_ms=1443243 bytes=48
RX,DUMMY,,2,34,48,1443288.88,1443284,1443288.88,1442743,1443284,,3414,1443288880	ID:1	[INFO: Metric    ] METRIC_RX type=DUMMY src=2 seq=34 send_ms=1442743 recv_ms=1443284 bytes=48
TX,REAL,7,,142,48,1446766.0,1446377,1446766.0,,,,3417,1446766000	ID:7	[INFO: Metric    ] METRIC_TX type=REAL node=7 seq=142 bytes=48 time_ms=1446377
TX,DUMMY,7,,26,48,1446767.0,1446378,1446767.0,,,,3418,1446767000	ID:7	[INFO: Metric    ] METRIC_TX type=DUMMY node=7 seq=26 bytes=48 time_ms=1446378
RX,REAL,,7,142,48,1446802.88,1446798,1446802.88,1446377,1446798,36.87999999988824,3419,1446802880	ID:1	[INFO: Metric    ] METRIC_RX type=REAL src=7 seq=142 send_ms=1446377 recv_ms=1446798 bytes=48
RX,DUMMY,,7,26,48,1446808.88,1446804,1446808.88,1446378,1446804,,3420,1446808880	ID:1	[INFO: Metric    ] METRIC_RX type=DUMMY src=7 seq=26 send_ms=1446378 recv_ms=1446804 bytes=48
TX,REAL,4,,140,48,1447463.0,1446838,1447463.0,,,,3425,1447463000	ID:4	[INFO: Metric    ] METRIC_TX type=REAL node=4 seq=140 bytes=48 time_ms=1446838
RX,REAL,,4,140,48,1447521.168,1447517,1447521.168,1446838,1447517,58.16800000006333,3426,1447521168	ID:1	[INFO: Metric    ] METRIC_RX type=REAL src=4 seq=140 send_ms=1446838 recv_ms=1447517 bytes=48
TX,REAL,6,,142,48,1448487.0,1447553,1448487.0,,,,3428,1448487000	ID:6	[INFO: Metric    ] METRIC_TX type=REAL node=6 seq=142 bytes=48 time_ms=1447553
RX,REAL,,6,142,48,1448511.88,1448507,1448511.88,1447553,1448507,24.87999999988824,3429,1448511880	ID:1	[INFO: Metric    ] METRIC_RX type=REAL src=6 seq=142 send_ms=1447553 recv_ms=1448507 bytes=48
TX,REAL,5,,142,48,1449728.0,1448785,1449728.0,,,,3431,1449728000	ID:5	[INFO: Metric    ] METRIC_TX type=REAL node=5 seq=142 bytes=48 time_ms=1448785
RX,REAL,,5,142,48,1449755.168,1449751,1449755.168,1448785,1449751,27.16800000006333,3432,1449755168	ID:1	[INFO: Metric    ] METRIC_RX type=REAL src=5 seq=142 send_ms=1448785 recv_ms=1449751 bytes=48
TX,REAL,3,,140,48,1449884.0,1448944,1449884.0,,,,3436,1449884000	ID:3	[INFO: Metric    ] METRIC_TX type=REAL node=3 seq=140 bytes=48 time_ms=1448944
RX,REAL,,3,140,48,1449935.168,1449931,1449935.168,1448944,1449931,51.16800000006333,3437,1449935168	ID:1	[INFO: Metric    ] METRIC_RX type=REAL src=3 seq=140 send_ms=1448944 recv_ms=1449931 bytes=48
TX,REAL,2,,144,48,1454222.0,1453744,1454222.0,,,,3439,1454222000	ID:2	[INFO: Metric    ] METRIC_TX type=REAL node=2 seq=144 bytes=48 time_ms=1453744
RX,REAL,,2,144,48,1454263.88,1454259,1454263.88,1453744,1454259,41.87999999988824,3440,1454263880	ID:1	[INFO: Metric    ] METRIC_RX type=REAL src=2 seq=144 send_ms=1453744 recv_ms=1454259 bytes=48
TX,REAL,7,,143,48,1455768.0,1455379,1455768.0,,,,3442,1455768000	ID:7	[INFO: Metric    ] METRIC_TX type=REAL node=7 seq=143 bytes=48 time_ms=1455379
RX,REAL,,7,143,48,1455803.88,1455799,1455803.88,1455379,1455799,35.87999999988824,3443,1455803880	ID:1	[INFO: Metric    ] METRIC_RX type=REAL src=7 seq=143 send_ms=1455379 recv_ms=1455799 bytes=48
TX,REAL,4,,141,48,1456464.0,1455839,1456464.0,,,,3445,1456464000	ID:4	[INFO: Metric    ] METRIC_TX type=REAL node=4 seq=141 bytes=48 time_ms=1455839
RX,REAL,,4,141,48,1456496.168,1456492,1456496.168,1455839,1456492,32.16800000006333,3446,1456496168	ID:1	[INFO: Metric    ] METRIC_RX type=REAL src=4 seq=141 send_ms=1455839 recv_ms=1456492 bytes=48
TX,REAL,6,,143,48,1458488.0,1457554,1458488.0,,,,3448,1458488000	ID:6	[INFO: Metric    ] METRIC_TX type=REAL node=6 seq=143 bytes=48 time_ms=1457554
TX,DUMMY,6,,20,48,1458489.0,1457555,1458489.0,,,,3449,1458489000	ID:6	[INFO: Metric    ] METRIC_TX type=DUMMY node=6 seq=20 bytes=48 time_ms=1457555
RX,REAL,,6,143,48,1458503.88,1458499,1458503.88,1457554,1458499,15.879999999888241,3450,1458503880	ID:1	[INFO: Metric    ] METRIC_RX type=REAL src=6 seq=143 send_ms=1457554 recv_ms=1458499 bytes=48
RX,DUMMY,,6,20,48,1458563.88,1458559,1458563.88,1457555,1458559,,3453,1458563880	ID:1	[INFO: Metric    ] METRIC_RX type=DUMMY src=6 seq=20 send_ms=1457555 recv_ms=1458559 bytes=48
TX,REAL,3,,141,48,1458885.0,1457945,1458885.0,,,,3455,1458885000	ID:3	[INFO: Metric    ] METRIC_TX type=REAL node=3 seq=141 bytes=48 time_ms=1457945
RX,REAL,,3,141,48,1458925.168,1458921,1458925.168,1457945,1458921,40.16800000006333,3456,1458925168	ID:1	[INFO: Metric    ] METRIC_RX type=REAL src=3 seq=141 send_ms=1457945 recv_ms=1458921 bytes=48
TX,REAL,5,,143,48,1459729.0,1458786,1459729.0,,,,3458,1459729000	ID:5	[INFO: Metric    ] METRIC_TX type=REAL node=5 seq=143 bytes=48 time_ms=1458786
TX,DUMMY,5,,29,48,1459730.0,1458787,1459730.0,,,,3459,1459730000	ID:5	[INFO: Metric    ] METRIC_TX type=DUMMY node=5 seq=29 bytes=48 time_ms=1458787
RX,REAL,,5,143,48,1459770.168,1459766,1459770.168,1458786,1459766,41.16800000006333,3460,1459770168	ID:1	[INFO: Metric    ] METRIC_RX type=REAL src=5 seq=143 send_ms=1458786 recv_ms=1459766 bytes=48
RX,DUMMY,,5,29,48,1459870.168,1459866,1459870.168,1458787,1459866,,3462,1459870168	ID:1	[INFO: Metric    ] METRIC_RX type=DUMMY src=5 seq=29 send_ms=1458787 recv_ms=1459866 bytes=48
TX,REAL,2,,145,48,1465223.0,1464745,1465223.0,,,,3464,1465223000	ID:2	[INFO: Metric    ] METRIC_TX type=REAL node=2 seq=145 bytes=48 time_ms=1464745
RX,REAL,,2,145,48,1465263.88,1465259,1465263.88,1464745,1465259,40.87999999988824,3465,1465263880	ID:1	[INFO: Metric    ] METRIC_RX type=REAL src=2 seq=145 send_ms=1464745 recv_ms=1465259 bytes=48
TX,REAL,7,,144,48,1466769.0,1466380,1466769.0,,,,3467,1466769000	ID:7	[INFO: Metric    ] METRIC_TX type=REAL node=7 seq=144 bytes=48 time_ms=1466380
RX,REAL,,7,144,48,1466774.88,1466770,1466774.88,1466380,1466770,5.879999999888241,3468,1466774880	ID:1	[INFO: Metric    ] METRIC_RX type=REAL src=7 seq=144 send_ms=1466380 recv_ms=1466770 bytes=48
TX,REAL,4,,142,48,1467465.0,1466840,1467465.0,,,,3470,1467465000	ID:4	[INFO: Metric    ] METRIC_TX type=REAL node=4 seq=142 bytes=48 time_ms=1466840
RX,REAL,,4,142,48,1467478.304,1467474,1467478.304,1466840,1467474,13.304000000003725,3471,1467478304	ID:1	[INFO: Metric    ] METRIC_RX type=REAL src=4 seq=142 send_ms=1466840 recv_ms=1467474 bytes=48
TX,REAL,6,,144,48,1468490.0,1467556,1468490.0,,,,3473,1468490000	ID:6	[INFO: Metric    ] METRIC_TX type=REAL node=6 seq=144 bytes=48 time_ms=1467556
TX,DUMMY,6,,21,48,1468491.0,1467557,1468491.0,,,,3474,1468491000	ID:6	[INFO: Metric    ] METRIC_TX type=DUMMY node=6 seq=21 bytes=48 time_ms=1467557
RX,REAL,,6,144,48,1468508.88,1468504,1468508.88,1467556,1468504,18.87999999988824,3475,1468508880	ID:1	[INFO: Metric    ] METRIC_RX type=REAL src=6 seq=144 send_ms=1467556 recv_ms=1468504 bytes=48
RX,DUMMY,,6,21,48,1468522.88,1468518,1468522.88,1467557,1468518,,3476,1468522880	ID:1	[INFO: Metric    ] METRIC_RX type=DUMMY src=6 seq=21 send_ms=1467557 recv_ms=1468518 bytes=48
TX,REAL,3,,142,48,1469886.0,1468946,1469886.0,,,,3479,1469886000	ID:3	[INFO: Metric    ] METRIC_TX type=REAL node=3 seq=142 bytes=48 time_ms=1468946
RX,REAL,,3,142,48,1469953.168,1469949,1469953.168,1468946,1469949,67.16800000006333,3480,1469953168	ID:1	[INFO: Metric    ] METRIC_RX type=REAL src=3 seq=142 send_ms=1468946 recv_ms=1469949 bytes=48
TX,REAL,5,,144,48,1470731.0,1469788,1470731.0,,,,3483,1470731000	ID:5	[INFO: Metric    ] METRIC_TX type=REAL node=5 seq=144 bytes=48 time_ms=1469788
RX,REAL,,5,144,48,1470790.168,1470786,1470790.168,1469788,1470786,59.16800000006333,3484,1470790168	ID:1	[INFO: Metric    ] METRIC_RX type=REAL src=5 seq=144 send_ms=1469788 recv_ms=1470786 bytes=48
TX,REAL,2,,146,48,1475224.0,1474746,1475224.0,,,,3486,1475224000	ID:2	[INFO: Metric    ] METRIC_TX type=REAL node=2 seq=146 bytes=48 time_ms=1474746
RX,REAL,,2,146,48,1475264.88,1475260,1475264.88,1474746,1475260,40.87999999988824,3487,1475264880	ID:1	[INFO: Metric    ] METRIC_RX type=REAL src=2 seq=146 send_ms=1474746 recv_ms=1475260 bytes=48
TX,REAL,4,,143,48,1476466.0,1475841,1476466.0,,,,3489,1476466000	ID:4	[INFO: Metric    ] METRIC_TX type=REAL node=4 seq=143 bytes=48 time_ms=1475841
TX,DUMMY,4,,26,48,1476467.0,1475842,1476467.0,,,,3490,1476467000	ID:4	[INFO: Metric    ] METRIC_TX type=DUMMY node=4 seq=26 bytes=48 time_ms=1475842
RX,REAL,,4,143,48,1476518.168,1476514,1476518.168,1475841,1476514,52.16800000006333,3491,1476518168	ID:1	[INFO: Metric    ] METRIC_RX type=REAL src=4 seq=143 send_ms=1475841 recv_ms=1476514 bytes=48
RX,DUMMY,,4,26,48,1476525.336,1476521,1476525.336,1475842,1476521,,3492,1476525336	ID:1	[INFO: Metric    ] METRIC_RX type=DUMMY src=4 seq=26 send_ms=1475842 recv_ms=1476521 bytes=48
TX,REAL,7,,145,48,1476770.0,1476381,1476770.0,,,,3495,1476770000	ID:7	[INFO: Metric    ] METRIC_TX type=REAL node=7 seq=145 bytes=48 time_ms=1476381
TX,DUMMY,7,,27,48,1476771.0,1476382,1476771.0,,,,3496,1476771000	ID:7	[INFO: Metric    ] METRIC_TX type=DUMMY node=7 seq=27 bytes=48 time_ms=1476382
RX,REAL,,7,145,48,1476814.88,1476810,1476814.88,1476381,1476810,44.87999999988824,3497,1476814880	ID:1	[INFO: Metric    ] METRIC_RX type=REAL src=7 seq=145 send_ms=1476381 recv_ms=1476810 bytes=48
RX,DUMMY,,7,27,48,1476851.88,1476847,1476851.88,1476382,1476847,,3499,1476851880	ID:1	[INFO: Metric    ] METRIC_RX type=DUMMY src=7 seq=27 send_ms=1476382 recv_ms=1476847 bytes=48
TX,REAL,3,,143,48,1478887.0,1477947,1478887.0,,,,3501,1478887000	ID:3	[INFO: Metric    ] METRIC_TX type=REAL node=3 seq=143 bytes=48 time_ms=1477947
RX,REAL,,3,143,48,1478927.168,1478923,1478927.168,1477947,1478923,40.16800000006333,3502,1478927168	ID:1	[INFO: Metric    ] METRIC_RX type=REAL src=3 seq=143 send_ms=1477947 recv_ms=1478923 bytes=48
TX,REAL,6,,145,48,1479492.0,1478558,1479492.0,,,,3504,1479492000	ID:6	[INFO: Metric    ] METRIC_TX type=REAL node=6 seq=145 bytes=48 time_ms=1478558
RX,REAL,,6,145,48,1479504.88,1479500,1479504.88,1478558,1479500,12.879999999888241,3505,1479504880	ID:1	[INFO: Metric    ] METRIC_RX type=REAL src=6 seq=145 send_ms=1478558 recv_ms=1479500 bytes=48
TX,REAL,5,,145,48,1480732.0,1479789,1480732.0,,,,3507,1480732000	ID:5	[INFO: Metric    ] METRIC_TX type=REAL node=5 seq=145 bytes=48 time_ms=1479789
TX,DUMMY,5,,30,48,1480733.0,1479790,1480733.0,,,,3508,1480733000	ID:5	[INFO: Metric    ] METRIC_TX type=DUMMY node=5 seq=30 bytes=48 time_ms=1479790
RX,REAL,,5,145,48,1480800.168,1480796,1480800.168,1479789,1480796,68.16800000006333,3509,1480800168	ID:1	[INFO: Metric    ] METRIC_RX type=REAL src=5 seq=145 send_ms=1479789 recv_ms=1480796 bytes=48
RX,DUMMY,,5,30,48,1480851.168,1480847,1480851.168,1479790,1480847,,3510,1480851168	ID:1	[INFO: Metric    ] METRIC_RX type=DUMMY src=5 seq=30 send_ms=1479790 recv_ms=1480847 bytes=48
TX,REAL,4,,144,48,1485468.0,1484843,1485468.0,,,,3514,1485468000	ID:4	[INFO: Metric    ] METRIC_TX type=REAL node=4 seq=144 bytes=48 time_ms=1484843
RX,REAL,,4,144,48,1485526.168,1485522,1485526.168,1484843,1485522,58.16800000006333,3515,1485526168	ID:1	[INFO: Metric    ] METRIC_RX type=REAL src=4 seq=144 send_ms=1484843 recv_ms=1485522 bytes=48
TX,REAL,2,,147,48,1486225.0,1485747,1486225.0,,,,3517,1486225000	ID:2	[INFO: Metric    ] METRIC_TX type=REAL node=2 seq=147 bytes=48 time_ms=1485747
TX,DUMMY,2,,35,48,1486226.0,1485748,1486226.0,,,,3518,1486226000	ID:2	[INFO: Metric    ] METRIC_TX type=DUMMY node=2 seq=35 bytes=48 time_ms=1485748
RX,REAL,,2,147,48,1486231.88,1486227,1486231.88,1485747,1486227,6.879999999888241,3519,1486231880	ID:1	[INFO: Metric    ] METRIC_RX type=REAL src=2 seq=147 send_ms=1485747 recv_ms=1486227 bytes=48
RX,DUMMY,,2,35,48,1486239.88,1486235,1486239.88,1485748,1486235,,3520,1486239880	ID:1	[INFO: Metric    ] METRIC_RX type=DUMMY src=2 seq=35 send_ms=1485748 recv_ms=1486235 bytes=48
TX,REAL,7,,146,48,1487772.0,1487383,1487772.0,,,,3523,1487772000	ID:7	[INFO: Metric    ] METRIC_TX type=REAL node=7 seq=146 bytes=48 time_ms=1487383
TX,DUMMY,7,,28,48,1487773.0,1487384,1487773.0,,,,3524,1487773000	ID:7	[INFO: Metric    ] METRIC_TX type=DUMMY node=7 seq=28 bytes=48 time_ms=1487384
RX,REAL,,7,146,48,1487788.88,1487784,1487788.88,1487383,1487784,16.87999999988824,3525,1487788880	ID:1	[INFO: Metric    ] METRIC_RX type=REAL src=7 seq=146 send_ms=1487383 recv_ms=1487784 bytes=48
RX,DUMMY,,7,28,48,1487830.88,1487826,1487830.88,1487384,1487826,,3527,1487830880	ID:1	[INFO: Metric    ] METRIC_RX type=DUMMY src=7 seq=28 send_ms=1487384 recv_ms=1487826 bytes=48
TX,REAL,3,,144,48,1488888.0,1487948,1488888.0,,,,3529,1488888000	ID:3	[INFO: Metric    ] METRIC_TX type=REAL node=3 seq=144 bytes=48 time_ms=1487948
RX,REAL,,3,144,48,1488945.168,1488941,1488945.168,1487948,1488941,57.16800000006333,3530,1488945168	ID:1	[INFO: Metric    ] METRIC_RX type=REAL src=3 seq=144 send_ms=1487948 recv_ms=1488941 bytes=48
TX,REAL,5,,146,48,1489734.0,1488791,1489734.0,,,,3532,1489734000	ID:5	[INFO: Metric    ] METRIC_TX type=REAL node=5 seq=146 bytes=48 time_ms=1488791
TX,DUMMY,5,,31,48,1489735.0,1488792,1489735.0,,,,3533,1489735000	ID:5	[INFO: Metric    ] METRIC_TX type=DUMMY node=5 seq=31 bytes=48 time_ms=1488792
RX,REAL,,5,146,48,1489766.168,1489762,1489766.168,1488791,1489762,32.16800000006333,3534,1489766168	ID:1	[INFO: Metric    ] METRIC_RX type=REAL src=5 seq=146 send_ms=1488791 recv_ms=1489762 bytes=48
RX,DUMMY,,5,31,48,1489829.168,1489825,1489829.168,1488792,1489825,,3536,1489829168	ID:1	[INFO: Metric    ] METRIC_RX type=DUMMY src=5 seq=31 send_ms=1488792 recv_ms=1489825 bytes=48
TX,REAL,6,,146,48,1490493.0,1489559,1490493.0,,,,3538,1490493000	ID:6	[INFO: Metric    ] METRIC_TX type=REAL node=6 seq=146 bytes=48 time_ms=1489559
RX,REAL,,6,146,48,1490516.88,1490512,1490516.88,1489559,1490512,23.87999999988824,3539,1490516880	ID:1	[INFO: Metric    ] METRIC_RX type=REAL src=6 seq=146 send_ms=1489559 recv_ms=1490512 bytes=48
TX,REAL,4,,145,48,1494469.0,1493844,1494469.0,,,,3541,1494469000	ID:4	[INFO: Metric    ] METRIC_TX type=REAL node=4 seq=145 bytes=48 time_ms=1493844
RX,REAL,,4,145,48,1494496.304,1494492,1494496.304,1493844,1494492,27.304000000003725,3542,1494496304	ID:1	[INFO: Metric    ] METRIC_RX type=REAL src=4 seq=145 send_ms=1493844 recv_ms=1494492 bytes=48
TX,REAL,2,,148,48,1496227.0,1495749,1496227.0,,,,3545,1496227000	ID:2	[INFO: Metric    ] METRIC_TX type=REAL node=2 seq=148 bytes=48 time_ms=1495749
RX,REAL,,2,148,48,1496235.88,1496231,1496235.88,1495749,1496231,8.879999999888241,3546,1496235880	ID:1	[INFO: Metric    ] METRIC_RX type=REAL src=2 seq=148 send_ms=1495749 recv_ms=1496231 bytes=48
TX,REAL,7,,147,48,1496774.0,1496385,1496774.0,,,,3548,1496774000	ID:7	[INFO: Metric    ] METRIC_TX type=REAL node=7 seq=147 bytes=48 time_ms=1496385
RX,REAL,,7,147,48,1496818.88,1496814,1496818.88,1496385,1496814,44.87999999988824,3549,1496818880	ID:1	[INFO: Metric    ] METRIC_RX type=REAL src=7 seq=147 send_ms=1496385 recv_ms=1496814 bytes=48
TX,REAL,5,,147,48,1499736.0,1498793,1499736.0,,,,3551,1499736000	ID:5	[INFO: Metric    ] METRIC_TX type=REAL node=5 seq=147 bytes=48 time_ms=1498793
RX,REAL,,5,147,48,1499781.304,1499777,1499781.304,1498793,1499777,45.304000000003725,3552,1499781304	ID:1	[INFO: Metric    ] METRIC_RX type=REAL src=5 seq=147 send_ms=1498793 recv_ms=1499777 bytes=48
TX,REAL,3,,145,48,1499889.0,1498949,1499889.0,,,,3554,1499889000	ID:3	[INFO: Metric    ] METRIC_TX type=REAL node=3 seq=145 bytes=48 time_ms=1498949
RX,REAL,,3,145,48,1499922.168,1499918,1499922.168,1498949,1499918,33.16800000006333,3555,1499922168	ID:1	[INFO: Metric    ] METRIC_RX type=REAL src=3 seq=145 send_ms=1498949 recv_ms=1499918 bytes=48
TX,REAL,6,,147,48,1501494.0,1500560,1501494.0,,,,3557,1501494000	ID:6	[INFO: Metric    ] METRIC_TX type=REAL node=6 seq=147 bytes=48 time_ms=1500560
RX,REAL,,6,147,48,1501506.88,1501502,1501506.88,1500560,1501502,12.879999999888241,3558,1501506880	ID:1	[INFO: Metric    ] METRIC_RX type=REAL src=6 seq=147 send_ms=1500560 recv_ms=1501502 bytes=48
TX,REAL,4,,146,48,1503470.0,1502845,1503470.0,,,,3560,1503470000	ID:4	[INFO: Metric    ] METRIC_TX type=REAL node=4 seq=146 bytes=48 time_ms=1502845
RX,REAL,,4,146,48,1503521.168,1503517,1503521.168,1502845,1503517,51.16800000006333,3561,1503521168	ID:1	[INFO: Metric    ] METRIC_RX type=REAL src=4 seq=146 send_ms=1502845 recv_ms=1503517 bytes=48
TX,REAL,2,,149,48,1506228.0,1505750,1506228.0,,,,3563,1506228000	ID:2	[INFO: Metric    ] METRIC_TX type=REAL node=2 seq=149 bytes=48 time_ms=1505750
RX,REAL,,2,149,48,1506233.88,1506229,1506233.88,1505750,1506229,5.879999999888241,3564,1506233880	ID:1	[INFO: Metric    ] METRIC_RX type=REAL src=2 seq=149 send_ms=1505750 recv_ms=1506229 bytes=48
TX,REAL,7,,148,48,1507775.0,1507386,1507775.0,,,,3566,1507775000	ID:7	[INFO: Metric    ] METRIC_TX type=REAL node=7 seq=148 bytes=48 time_ms=1507386
RX,REAL,,7,148,48,1507812.88,1507808,1507812.88,1507386,1507808,37.87999999988824,3567,1507812880	ID:1	[INFO: Metric    ] METRIC_RX type=REAL src=7 seq=148 send_ms=1507386 recv_ms=1507808 bytes=48
TX,REAL,5,,148,48,1508737.0,1507794,1508737.0,,,,3569,1508737000	ID:5	[INFO: Metric    ] METRIC_TX type=REAL node=5 seq=148 bytes=48 time_ms=1507794
RX,REAL,,5,148,48,1508775.168,1508771,1508775.168,1507794,1508771,38.16800000006333,3570,1508775168	ID:1	[INFO: Metric    ] METRIC_RX type=REAL src=5 seq=148 send_ms=1507794 recv_ms=1508771 bytes=48
TX,REAL,3,,146,48,1509890.0,1508950,1509890.0,,,,3572,1509890000	ID:3	[INFO: Metric    ] METRIC_TX type=REAL node=3 seq=146 bytes=48 time_ms=1508950
RX,REAL,,3,146,48,1509922.304,1509918,1509922.304,1508950,1509918,32.304000000003725,3573,1509922304	ID:1	[INFO: Metric    ] METRIC_RX type=REAL src=3 seq=146 send_ms=1508950 recv_ms=1509918 bytes=48
TX,REAL,6,,148,48,1512495.0,1511561,1512495.0,,,,3576,1512495000	ID:6	[INFO: Metric    ] METRIC_TX type=REAL node=6 seq=148 bytes=48 time_ms=1511561
RX,REAL,,6,148,48,1512518.88,1512514,1512518.88,1511561,1512514,23.87999999988824,3577,1512518880	ID:1	[INFO: Metric    ] METRIC_RX type=REAL src=6 seq=148 send_ms=1511561 recv_ms=1512514 bytes=48
TX,REAL,4,,147,48,1513471.0,1512846,1513471.0,,,,3579,1513471000	ID:4	[INFO: Metric    ] METRIC_TX type=REAL node=4 seq=147 bytes=48 time_ms=1512846
TX,DUMMY,4,,27,48,1513472.0,1512847,1513472.0,,,,3580,1513472000	ID:4	[INFO: Metric    ] METRIC_TX type=DUMMY node=4 seq=27 bytes=48 time_ms=1512847
RX,REAL,,4,147,48,1513525.168,1513521,1513525.168,1512846,1513521,54.16800000006333,3581,1513525168	ID:1	[INFO: Metric    ] METRIC_RX type=REAL src=4 seq=147 send_ms=1512846 recv_ms=1513521 bytes=48
RX,DUMMY,,4,27,48,1513555.592,1513551,1513555.592,1512847,1513551,,3583,1513555592	ID:1	[INFO: Metric    ] METRIC_RX type=DUMMY src=4 seq=27 send_ms=1512847 recv_ms=1513551 bytes=48
TX,REAL,2,,150,48,1515229.0,1514751,1515229.0,,,,3587,1515229000	ID:2	[INFO: Metric    ] METRIC_TX type=REAL node=2 seq=150 bytes=48 time_ms=1514751
TX,DUMMY,2,,36,48,1515230.0,1514752,1515230.0,,,,3588,1515230000	ID:2	[INFO: Metric    ] METRIC_TX type=DUMMY node=2 seq=36 bytes=48 time_ms=1514752
RX,REAL,,2,150,48,1515243.88,1515239,1515243.88,1514751,1515239,14.879999999888241,3589,1515243880	ID:1	[INFO: Metric    ] METRIC_RX type=REAL src=2 seq=150 send_ms=1514751 recv_ms=1515239 bytes=48
RX,DUMMY,,2,36,48,1515259.76,1515255,1515259.76,1514752,1515255,,3591,1515259760	ID:1	[INFO: Metric    ] METRIC_RX type=DUMMY src=2 seq=36 send_ms=1514752 recv_ms=1515255 bytes=48
TX,REAL,5,,149,48,1517738.0,1516795,1517738.0,,,,3593,1517738000	ID:5	[INFO: Metric    ] METRIC_TX type=REAL node=5 seq=149 bytes=48 time_ms=1516795
RX,REAL,,5,149,48,1517807.168,1517803,1517807.168,1516795,1517803,69.16800000006333,3594,1517807168	ID:1	[INFO: Metric    ] METRIC_RX type=REAL src=5 seq=149 send_ms=1516795 recv_ms=1517803 bytes=48
TX,REAL,7,,149,48,1518776.0,1518387,1518776.0,,,,3596,1518776000	ID:7	[INFO: Metric    ] METRIC_TX type=REAL node=7 seq=149 bytes=48 time_ms=1518387
RX,REAL,,7,149,48,1518781.88,1518777,1518781.88,1518387,1518777,5.879999999888241,3597,1518781880	ID:1	[INFO: Metric    ] METRIC_RX type=REAL src=7 seq=149 send_ms=1518387 recv_ms=1518777 bytes=48
TX,REAL,3,,147,48,1519891.0,1518951,1519891.0,,,,3599,1519891000	ID:3	[INFO: Metric    ] METRIC_TX type=REAL node=3 seq=147 bytes=48 time_ms=1518951
TX,DUMMY,3,,34,48,1519892.0,1518952,1519892.0,,,,3600,1519892000	ID:3	[INFO: Metric    ] METRIC_TX type=DUMMY node=3 seq=34 bytes=48 time_ms=1518952
RX,REAL,,3,147,48,1519922.168,1519918,1519922.168,1518951,1519918,31.16800000006333,3601,1519922168	ID:1	[INFO: Metric    ] METRIC_RX type=REAL src=3 seq=147 send_ms=1518951 recv_ms=1519918 bytes=48
RX,DUMMY,,3,34,48,1519969.168,1519965,1519969.168,1518952,1519965,,3602,1519969168	ID:1	[INFO: Metric    ] METRIC_RX type=DUMMY src=3 seq=34 send_ms=1518952 recv_ms=1519965 bytes=48
TX,REAL,4,,148,48,1523473.0,1522848,1523473.0,,,,3605,1523473000	ID:4	[INFO: Metric    ] METRIC_TX type=REAL node=4 seq=148 bytes=48 time_ms=1522848
TX,REAL,6,,149,48,1523495.0,1522562,1523495.0,,,,3606,1523495000	ID:6	[INFO: Metric    ] METRIC_TX type=REAL node=6 seq=149 bytes=48 time_ms=1522562
TX,DUMMY,6,,22,48,1523496.0,1522562,1523496.0,,,,3607,1523496000	ID:6	[INFO: Metric    ] METRIC_TX type=DUMMY node=6 seq=22 bytes=48 time_ms=1522562
RX,REAL,,6,149,48,1523512.88,1523508,1523512.88,1522562,1523508,17.87999999988824,3608,1523512880	ID:1	[INFO: Metric    ] METRIC_RX type=REAL src=6 seq=149 send_ms=1522562 recv_ms=1523508 bytes=48
RX,DUMMY,,6,22,48,1523548.88,1523544,1523548.88,1522562,1523544,,3610,1523548880	ID:1	[INFO: Metric    ] METRIC_RX type=DUMMY src=6 seq=22 send_ms=1522562 recv_ms=1523544 bytes=48
RX,REAL,,4,148,48,1523579.168,1523575,1523579.168,1522848,1523575,106.16800000006333,3612,1523579168	ID:1	[INFO: Metric    ] METRIC_RX type=REAL src=4 seq=148 send_ms=1522848 recv_ms=1523575 bytes=48
TX,REAL,2,,151,48,1524231.0,1523753,1524231.0,,,,3615,1524231000	ID:2	[INFO: Metric    ] METRIC_TX type=REAL node=2 seq=151 bytes=48 time_ms=1523753
RX,REAL,,2,151,48,1524243.88,1524239,1524243.88,1523753,1524239,12.879999999888241,3616,1524243880	ID:1	[INFO: Metric    ] METRIC_RX type=REAL src=2 seq=151 send_ms=1523753 recv_ms=1524239 bytes=48
TX,REAL,5,,150,48,1528739.0,1527796,1528739.0,,,,3620,1528739000	ID:5	[INFO: Metric    ] METRIC_TX type=REAL node=5 seq=150 bytes=48 time_ms=1527796
RX,REAL,,5,150,48,1528795.168,1528791,1528795.168,1527796,1528791,56.16800000006333,3621,1528795168	ID:1	[INFO: Metric    ] METRIC_RX type=REAL src=5 seq=150 send_ms=1527796 recv_ms=1528791 bytes=48
TX,REAL,3,,148,48,1528893.0,1527953,1528893.0,,,,3623,1528893000	ID:3	[INFO: Metric    ] METRIC_TX type=REAL node=3 seq=148 bytes=48 time_ms=1527953
RX,REAL,,3,148,48,1528936.168,1528932,1528936.168,1527953,1528932,43.16800000006333,3624,1528936168	ID:1	[INFO: Metric    ] METRIC_RX type=REAL src=3 seq=148 send_ms=1527953 recv_ms=1528932 bytes=48
TX,REAL,7,,150,48,1529777.0,1529388,1529777.0,,,,3628,1529777000	ID:7	[INFO: Metric    ] METRIC_TX type=REAL node=7 seq=150 bytes=48 time_ms=1529388
TX,DUMMY,7,,29,48,1529778.0,1529389,1529778.0,,,,3629,1529778000	ID:7	[INFO: Metric    ] METRIC_TX type=DUMMY node=7 seq=29 bytes=48 time_ms=1529389
RX,REAL,,7,150,48,1529820.88,1529816,1529820.88,1529388,1529816,43.87999999988824,3630,1529820880	ID:1	[INFO: Metric    ] METRIC_RX type=REAL src=7 seq=150 send_ms=1529388 recv_ms=1529816 bytes=48
RX,DUMMY,,7,29,48,1529853.88,1529849,1529853.88,1529389,1529849,,3631,1529853880	ID:1	[INFO: Metric    ] METRIC_RX type=DUMMY src=7 seq=29 send_ms=1529389 recv_ms=1529849 bytes=48
TX,REAL,6,,150,48,1532497.0,1531563,1532497.0,,,,3636,1532497000	ID:6	[INFO: Metric    ] METRIC_TX type=REAL node=6 seq=150 bytes=48 time_ms=1531563
RX,REAL,,6,150,48,1532540.88,1532536,1532540.88,1531563,1532536,43.87999999988824,3637,1532540880	ID:1	[INFO: Metric    ] METRIC_RX type=REAL src=6 seq=150 send_ms=1531563 recv_ms=1532536 bytes=48
TX,REAL,4,,149,48,1533474.0,1532849,1533474.0,,,,3639,1533474000	ID:4	[INFO: Metric    ] METRIC_TX type=REAL node=4 seq=149 bytes=48 time_ms=1532849
TX,DUMMY,4,,28,48,1533475.0,1532850,1533475.0,,,,3640,1533475000	ID:4	[INFO: Metric    ] METRIC_TX type=DUMMY node=4 seq=28 bytes=48 time_ms=1532850
RX,REAL,,4,149,48,1533492.304,1533488,1533492.304,1532849,1533488,18.304000000003725,3641,1533492304	ID:1	[INFO: Metric    ] METRIC_RX type=REAL src=4 seq=149 send_ms=1532849 recv_ms=1533488 bytes=48
RX,DUMMY,,4,28,48,1533550.168,1533546,1533550.168,1532850,1533546,,3642,1533550168	ID:1	[INFO: Metric    ] METRIC_RX type=DUMMY src=4 seq=28 send_ms=1532850 recv_ms=1533546 bytes=48
TX,REAL,2,,152,48,1534232.0,1533754,1534232.0,,,,3646,1534232000	ID:2	[INFO: Metric    ] METRIC_TX type=REAL node=2 seq=152 bytes=48 time_ms=1533754
RX,REAL,,2,152,48,1534272.88,1534268,1534272.88,1533754,1534268,40.87999999988824,3647,1534272880	ID:1	[INFO: Metric    ] METRIC_RX type=REAL src=2 seq=152 send_ms=1533754 recv_ms=1534268 bytes=48
TX,REAL,5,,151,48,1537740.0,1536797,1537740.0,,,,3649,1537740000	ID:5	[INFO: Metric    ] METRIC_TX type=REAL node=5 seq=151 bytes=48 time_ms=1536797
RX,REAL,,5,151,48,1537785.168,1537781,1537785.168,1536797,1537781,45.16800000006333,3650,1537785168	ID:1	[INFO: Metric    ] METRIC_RX type=REAL src=5 seq=151 send_ms=1536797 recv_ms=1537781 bytes=48
TX,REAL,3,,149,48,1539894.0,1538954,1539894.0,,,,3652,1539894000	ID:3	[INFO: Metric    ] METRIC_TX type=REAL node=3 seq=149 bytes=48 time_ms=1538954
RX,REAL,,3,149,48,1539924.168,1539920,1539924.168,1538954,1539920,30.16800000006333,3653,1539924168	ID:1	[INFO: Metric    ] METRIC_RX type=REAL src=3 seq=149 send_ms=1538954 recv_ms=1539920 bytes=48
TX,REAL,7,,151,48,1540779.0,1540390,1540779.0,,,,3655,1540779000	ID:7	[INFO: Metric    ] METRIC_TX type=REAL node=7 seq=151 bytes=48 time_ms=1540390
TX,DUMMY,7,,30,48,1540780.0,1540391,1540780.0,,,,3656,1540780000	ID:7	[INFO: Metric    ] METRIC_TX type=DUMMY node=7 seq=30 bytes=48 time_ms=1540391
RX,REAL,,7,151,48,1540799.88,1540795,1540799.88,1540390,1540795,20.87999999988824,3657,1540799880	ID:1	[INFO: Metric    ] METRIC_RX type=REAL src=7 seq=151 send_ms=1540390 recv_ms=1540795 bytes=48
RX,DUMMY,,7,30,48,1540828.88,1540824,1540828.88,1540391,1540824,,3659,1540828880	ID:1	[INFO: Metric    ] METRIC_RX type=DUMMY src=7 seq=30 send_ms=1540391 recv_ms=1540824 bytes=48
TX,REAL,6,,151,48,1541498.0,1540564,1541498.0,,,,3661,1541498000	ID:6	[INFO: Metric    ] METRIC_TX type=REAL node=6 seq=151 bytes=48 time_ms=1540564
RX,REAL,,6,151,48,1541540.88,1541536,1541540.88,1540564,1541536,42.87999999988824,3662,1541540880	ID:1	[INFO: Metric    ] METRIC_RX type=REAL src=6 seq=151 send_ms=1540564 recv_ms=1541536 bytes=48
TX,REAL,4,,150,48,1542476.0,1541851,1542476.0,,,,3666,1542476000	ID:4	[INFO: Metric    ] METRIC_TX type=REAL node=4 seq=150 bytes=48 time_ms=1541851
RX,REAL,,4,150,48,1542560.168,1542556,1542560.168,1541851,1542556,84.16800000006333,3667,1542560168	ID:1	[INFO: Metric    ] METRIC_RX type=REAL src=4 seq=150 send_ms=1541851 recv_ms=1542556 bytes=48
TX,REAL,2,,153,48,1545233.0,1544755,1545233.0,,,,3669,1545233000	ID:2	[INFO: Metric    ] METRIC_TX type=REAL node=2 seq=153 bytes=48 time_ms=1544755
RX,REAL,,2,153,48,1545270.88,1545266,1545270.88,1544755,1545266,37.87999999988824,3670,1545270880	ID:1	[INFO: Metric    ] METRIC_RX type=REAL src=2 seq=153 send_ms=1544755 recv_ms=1545266 bytes=48
TX,REAL,5,,152,48,1548741.0,1547798,1548741.0,,,,3672,1548741000	ID:5	[INFO: Metric    ] METRIC_TX type=REAL node=5 seq=152 bytes=48 time_ms=1547798
RX,REAL,,5,152,48,1548790.168,1548786,1548790.168,1547798,1548786,49.16800000006333,3673,1548790168	ID:1	[INFO: Metric    ] METRIC_RX type=REAL src=5 seq=152 send_ms=1547798 recv_ms=1548786 bytes=48
TX,REAL,6,,152,48,1550499.0,1549565,1550499.0,,,,3675,1550499000	ID:6	[INFO: Metric    ] METRIC_TX type=REAL node=6 seq=152 bytes=48 time_ms=1549565
TX,DUMMY,6,,23,48,1550500.0,1549566,1550500.0,,,,3676,1550500000	ID:6	[INFO: Metric    ] METRIC_TX type=DUMMY node=6 seq=23 bytes=48 time_ms=1549566
RX,REAL,,6,152,48,1550536.88,1550532,1550536.88,1549565,1550532,37.87999999988824,3677,1550536880	ID:1	[INFO: Metric    ] METRIC_RX type=REAL src=6 seq=152 send_ms=1549565 recv_ms=1550532 bytes=48
RX,DUMMY,,6,23,48,1550542.88,1550538,1550542.88,1549566,1550538,,3679,1550542880	ID:1	[INFO: Metric    ] METRIC_RX type=DUMMY src=6 seq=23 send_ms=1549566 recv_ms=1550538 bytes=48
TX,REAL,7,,152,48,1550781.0,1550392,1550781.0,,,,3682,1550781000	ID:7	[INFO: Metric    ] METRIC_TX type=REAL node=7 seq=152 bytes=48 time_ms=1550392
RX,REAL,,7,152,48,1550792.88,1550788,1550792.88,1550392,1550788,11.879999999888241,3683,1550792880	ID:1	[INFO: Metric    ] METRIC_RX type=REAL src=7 seq=152 send_ms=1550392 recv_ms=1550788 bytes=48
TX,REAL,3,,150,48,1550895.0,1549955,1550895.0,,,,3687,1550895000	ID:3	[INFO: Metric    ] METRIC_TX type=REAL node=3 seq=150 bytes=48 time_ms=1549955
RX,REAL,,3,150,48,1550960.168,1550956,1550960.168,1549955,1550956,65.16800000006333,3688,1550960168	ID:1	[INFO: Metric    ] METRIC_RX type=REAL src=3 seq=150 send_ms=1549955 recv_ms=1550956 bytes=48
TX,REAL,4,,151,48,1551477.0,1550852,1551477.0,,,,3690,1551477000	ID:4	[INFO: Metric    ] METRIC_TX type=REAL node=4 seq=151 bytes=48 time_ms=1550852
RX,REAL,,4,151,48,1551533.168,1551529,1551533.168,1550852,1551529,56.16800000006333,3691,1551533168	ID:1	[INFO: Metric    ] METRIC_RX type=REAL src=4 seq=151 send_ms=1550852 recv_ms=1551529 bytes=48
TX,REAL,2,,154,48,1555234.0,1554756,1555234.0,,,,3693,1555234000	ID:2	[INFO: Metric    ] METRIC_TX type=REAL node=2 seq=154 bytes=48 time_ms=1554756
RX,REAL,,2,154,48,1555266.88,1555262,1555266.88,1554756,1555262,32.87999999988824,3694,1555266880	ID:1	[INFO: Metric    ] METRIC_RX type=REAL src=2 seq=154 send_ms=1554756 recv_ms=1555262 bytes=48
TX,REAL,5,,153,48,1557742.0,1556799,1557742.0,,,,3696,1557742000	ID:5	[INFO: Metric    ] METRIC_TX type=REAL node=5 seq=153 bytes=48 time_ms=1556799
RX,REAL,,5,153,48,1557790.168,1557786,1557790.168,1556799,1557786,48.16800000006333,3697,1557790168	ID:1	[INFO: Metric    ] METRIC_RX type=REAL src=5 seq=153 send_ms=1556799 recv_ms=1557786 bytes=48
TX,REAL,3,,151,48,1559896.0,1558956,1559896.0,,,,3699,1559896000	ID:3	[INFO: Metric    ] METRIC_TX type=REAL node=3 seq=151 bytes=48 time_ms=1558956
RX,REAL,,3,151,48,1559966.168,1559962,1559966.168,1558956,1559962,70.16800000006333,3700,1559966168	ID:1	[INFO: Metric    ] METRIC_RX type=REAL src=3 seq=151 send_ms=1558956 recv_ms=1559962 bytes=48
TX,REAL,4,,152,48,1560478.0,1559853,1560478.0,,,,3702,1560478000	ID:4	[INFO: Metric    ] METRIC_TX type=REAL node=4 seq=152 bytes=48 time_ms=1559853
TX,DUMMY,4,,29,48,1560479.0,1559854,1560479.0,,,,3703,1560479000	ID:4	[INFO: Metric    ] METRIC_TX type=DUMMY node=4 seq=29 bytes=48 time_ms=1559854
TX,REAL,6,,153,48,1560501.0,1559567,1560501.0,,,,3704,1560501000	ID:6	[INFO: Metric    ] METRIC_TX type=REAL node=6 seq=153 bytes=48 time_ms=1559567
RX,REAL,,6,153,48,1560515.88,1560511,1560515.88,1559567,1560511,14.879999999888241,3705,1560515880	ID:1	[INFO: Metric    ] METRIC_RX type=REAL src=6 seq=153 send_ms=1559567 recv_ms=1560511 bytes=48
RX,REAL,,4,152,48,1560561.168,1560557,1560561.168,1559853,1560557,83.16800000006333,3707,1560561168	ID:1	[INFO: Metric    ] METRIC_RX type=REAL src=4 seq=152 send_ms=1559853 recv_ms=1560557 bytes=48
RX,DUMMY,,4,29,48,1560596.168,1560592,1560596.168,1559854,1560592,,3708,1560596168	ID:1	[INFO: Metric    ] METRIC_RX type=DUMMY src=4 seq=29 send_ms=1559854 recv_ms=1560592 bytes=48
TX,REAL,7,,153,48,1560782.0,1560393,1560782.0,,,,3712,1560782000	ID:7	[INFO: Metric    ] METRIC_TX type=REAL node=7 seq=153 bytes=48 time_ms=1560393
RX,REAL,,7,153,48,1560806.88,1560802,1560806.88,1560393,1560802,24.87999999988824,3713,1560806880	ID:1	[INFO: Metric    ] METRIC_RX type=REAL src=7 seq=153 send_ms=1560393 recv_ms=1560802 bytes=48
TX,REAL,2,,155,48,1565235.0,1564757,1565235.0,,,,3715,1565235000	ID:2	[INFO: Metric    ] METRIC_TX type=REAL node=2 seq=155 bytes=48 time_ms=1564757
RX,REAL,,2,155,48,1565244.88,1565240,1565244.88,1564757,1565240,9.879999999888241,3716,1565244880	ID:1	[INFO: Metric    ] METRIC_RX type=REAL src=2 seq=155 send_ms=1564757 recv_ms=1565240 bytes=48
TX,REAL,5,,154,48,1567743.0,1566800,1567743.0,,,,3718,1567743000	ID:5	[INFO: Metric    ] METRIC_TX type=REAL node=5 seq=154 bytes=48 time_ms=1566800
RX,REAL,,5,154,48,1567780.168,1567776,1567780.168,1566800,1567776,37.16800000006333,3719,1567780168	ID:1	[INFO: Metric    ] METRIC_RX type=REAL src=5 seq=154 send_ms=1566800 recv_ms=1567776 bytes=48
TX,REAL,3,,152,48,1568897.0,1567957,1568897.0,,,,3721,1568897000	ID:3	[INFO: Metric    ] METRIC_TX type=REAL node=3 seq=152 bytes=48 time_ms=1567957
RX,REAL,,3,152,48,1568937.168,1568933,1568937.168,1567957,1568933,40.16800000006333,3722,1568937168	ID:1	[INFO: Metric    ] METRIC_RX type=REAL src=3 seq=152 send_ms=1567957 recv_ms=1568933 bytes=48
TX,REAL,4,,153,48,1569480.0,1568855,1569480.0,,,,3724,1569480000	ID:4	[INFO: Metric    ] METRIC_TX type=REAL node=4 seq=153 bytes=48 time_ms=1568855
TX,DUMMY,4,,30,48,1569481.0,1568856,1569481.0,,,,3725,1569481000	ID:4	[INFO: Metric    ] METRIC_TX type=DUMMY node=4 seq=30 bytes=48 time_ms=1568856
RX,REAL,,4,153,48,1569563.168,1569559,1569563.168,1568855,1569559,83.16800000006333,3726,1569563168	ID:1	[INFO: Metric    ] METRIC_RX type=REAL src=4 seq=153 send_ms=1568855 recv_ms=1569559 bytes=48
RX,DUMMY,,4,30,48,1569606.168,1569602,1569606.168,1568856,1569602,,3727,1569606168	ID:1	[INFO: Metric    ] METRIC_RX type=DUMMY src=4 seq=30 send_ms=1568856 recv_ms=1569602 bytes=48
TX,REAL,7,,154,48,1569783.0,1569394,1569783.0,,,,3730,1569783000	ID:7	[INFO: Metric    ] METRIC_TX type=REAL node=7 seq=154 bytes=48 time_ms=1569394
RX,REAL,,7,154,48,1569810.88,1569806,1569810.88,1569394,1569806,27.87999999988824,3731,1569810880	ID:1	[INFO: Metric    ] METRIC_RX type=REAL src=7 seq=154 send_ms=1569394 recv_ms=1569806 bytes=48
TX,REAL,6,,154,48,1570502.0,1569568,1570502.0,,,,3733,1570502000	ID:6	[INFO: Metric    ] METRIC_TX type=REAL node=6 seq=154 bytes=48 time_ms=1569568
RX,REAL,,6,154,48,1570526.88,1570522,1570526.88,1569568,1570522,24.87999999988824,3734,1570526880	ID:1	[INFO: Metric    ] METRIC_RX type=REAL src=6 seq=154 send_ms=1569568 recv_ms=1570522 bytes=48
TX,REAL,2,,156,48,1575236.0,1574758,1575236.0,,,,3736,1575236000	ID:2	[INFO: Metric    ] METRIC_TX type=REAL node=2 seq=156 bytes=48 time_ms=1574758
TX,DUMMY,2,,37,48,1575237.0,1574759,1575237.0,,,,3737,1575237000	ID:2	[INFO: Metric    ] METRIC_TX type=DUMMY node=2 seq=37 bytes=48 time_ms=1574759
RX,REAL,,2,156,48,1575281.88,1575277,1575281.88,1574758,1575277,45.87999999988824,3738,1575281880	ID:1	[INFO: Metric    ] METRIC_RX type=REAL src=2 seq=156 send_ms=1574758 recv_ms=1575277 bytes=48
RX,DUMMY,,2,37,48,1575311.88,1575307,1575311.88,1574759,1575307,,3739,1575311880	ID:1	[INFO: Metric    ] METRIC_RX type=DUMMY src=2 seq=37 send_ms=1574759 recv_ms=1575307 bytes=48
TX,REAL,5,,155,48,1577744.0,1576801,1577744.0,,,,3743,1577744000	ID:5	[INFO: Metric    ] METRIC_TX type=REAL node=5 seq=155 bytes=48 time_ms=1576801
RX,REAL,,5,155,48,1577780.168,1577776,1577780.168,1576801,1577776,36.16800000006333,3744,1577780168	ID:1	[INFO: Metric    ] METRIC_RX type=REAL src=5 seq=155 send_ms=1576801 recv_ms=1577776 bytes=48
TX,REAL,4,,154,48,1578482.0,1577857,1578482.0,,,,3746,1578482000	ID:4	[INFO: Metric    ] METRIC_TX type=REAL node=4 seq=154 bytes=48 time_ms=1577857
RX,REAL,,4,154,48,1578548.168,1578544,1578548.168,1577857,1578544,66.16800000006333,3747,1578548168	ID:1	[INFO: Metric    ] METRIC_RX type=REAL src=4 seq=154 send_ms=1577857 recv_ms=1578544 bytes=48
TX,REAL,3,,153,48,1579898.0,1578958,1579898.0,,,,3749,1579898000	ID:3	[INFO: Metric    ] METRIC_TX type=REAL node=3 seq=153 bytes=48 time_ms=1578958
RX,REAL,,3,153,48,1579955.168,1579951,1579955.168,1578958,1579951,57.16800000006333,3750,1579955168	ID:1	[INFO: Metric    ] METRIC_RX type=REAL src=3 seq=153 send_ms=1578958 recv_ms=1579951 bytes=48
TX,REAL,7,,155,48,1580784.0,1580395,1580784.0,,,,3752,1580784000	ID:7	[INFO: Metric    ] METRIC_TX type=REAL node=7 seq=155 bytes=48 time_ms=1580395
RX,REAL,,7,155,48,1580796.88,1580792,1580796.88,1580395,1580792,12.879999999888241,3753,1580796880	ID:1	[INFO: Metric    ] METRIC_RX type=REAL src=7 seq=155 send_ms=1580395 recv_ms=1580792 bytes=48
TX,REAL,6,,155,48,1581503.0,1580569,1581503.0,,,,3755,1581503000	ID:6	[INFO: Metric    ] METRIC_TX type=REAL node=6 seq=155 bytes=48 time_ms=1580569
RX,REAL,,6,155,48,1581533.88,1581529,1581533.88,1580569,1581529,30.87999999988824,3756,1581533880	ID:1	[INFO: Metric    ] METRIC_RX type=REAL src=6 seq=155 send_ms=1580569 recv_ms=1581529 bytes=48
TX,REAL,2,,157,48,1584238.0,1583760,1584238.0,,,,3758,1584238000	ID:2	[INFO: Metric    ] METRIC_TX type=REAL node=2 seq=157 bytes=48 time_ms=1583760
TX,DUMMY,2,,38,48,1584239.0,1583761,1584239.0,,,,3759,1584239000	ID:2	[INFO: Metric    ] METRIC_TX type=DUMMY node=2 seq=38 bytes=48 time_ms=1583761
RX,REAL,,2,157,48,1584247.88,1584243,1584247.88,1583760,1584243,9.879999999888241,3760,1584247880	ID:1	[INFO: Metric    ] METRIC_RX type=REAL src=2 seq=157 send_ms=1583760 recv_ms=1584243 bytes=48
RX,DUMMY,,2,38,48,1584274.88,1584270,1584274.88,1583761,1584270,,3761,1584274880	ID:1	[INFO: Metric    ] METRIC_RX type=DUMMY src=2 seq=38 send_ms=1583761 recv_ms=1584270 bytes=48
TX,REAL,4,,155,48,1587483.0,1586858,1587483.0,,,,3764,1587483000	ID:4	[INFO: Metric    ] METRIC_TX type=REAL node=4 seq=155 bytes=48 time_ms=1586858
RX,REAL,,4,155,48,1587500.168,1587496,1587500.168,1586858,1587496,17.16800000006333,3765,1587500168	ID:1	[INFO: Metric    ] METRIC_RX type=REAL src=4 seq=155 send_ms=1586858 recv_ms=1587496 bytes=48
TX,REAL,5,,156,48,1588745.0,1587802,1588745.0,,,,3767,1588745000	ID:5	[INFO: Metric    ] METRIC_TX type=REAL node=5 seq=156 bytes=48 time_ms=1587802
RX,REAL,,5,156,48,1588799.168,1588795,1588799.168,1587802,1588795,54.16800000006333,3768,1588799168	ID:1	[INFO: Metric    ] METRIC_RX type=REAL src=5 seq=156 send_ms=1587802 recv_ms=1588795 bytes=48
TX,REAL,7,,156,48,1589785.0,1589396,1589785.0,,,,3770,1589785000	ID:7	[INFO: Metric    ] METRIC_TX type=REAL node=7 seq=156 bytes=48 time_ms=1589396
RX,REAL,,7,156,48,1589797.88,1589793,1589797.88,1589396,1589793,12.879999999888241,3771,1589797880	ID:1	[INFO: Metric    ] METRIC_RX type=REAL src=7 seq=156 send_ms=1589396 recv_ms=1589793 bytes=48
TX,REAL,3,,154,48,1589899.0,1588959,1589899.0,,,,3774,1589899000	ID:3	[INFO: Metric    ] METRIC_TX type=REAL node=3 seq=154 bytes=48 time_ms=1588959
RX,REAL,,3,154,48,1589944.168,1589940,1589944.168,1588959,1589940,45.16800000006333,3775,1589944168	ID:1	[INFO: Metric    ] METRIC_RX type=REAL src=3 seq=154 send_ms=1588959 recv_ms=1589940 bytes=48
TX,REAL,6,,156,48,1591504.0,1590570,1591504.0,,,,3777,1591504000	ID:6	[INFO: Metric    ] METRIC_TX type=REAL node=6 seq=156 bytes=48 time_ms=1590570
TX,DUMMY,6,,24,48,1591505.0,1590571,1591505.0,,,,3778,1591505000	ID:6	[INFO: Metric    ] METRIC_TX type=DUMMY node=6 seq=24 bytes=48 time_ms=1590571
RX,REAL,,6,156,48,1591539.88,1591535,1591539.88,1590570,1591535,35.87999999988824,3779,1591539880	ID:1	[INFO: Metric    ] METRIC_RX type=REAL src=6 seq=156 send_ms=1590570 recv_ms=1591535 bytes=48
RX,DUMMY,,6,24,48,1591584.88,1591580,1591584.88,1590571,1591580,,3781,1591584880	ID:1	[INFO: Metric    ] METRIC_RX type=DUMMY src=6 seq=24 send_ms=1590571 recv_ms=1591580 bytes=48
TX,REAL,2,,158,48,1594240.0,1593762,1594240.0,,,,3783,1594240000	ID:2	[INFO: Metric    ] METRIC_TX type=REAL node=2 seq=158 bytes=48 time_ms=1593762
RX,REAL,,2,158,48,1594267.88,1594263,1594267.88,1593762,1594263,27.87999999988824,3784,1594267880	ID:1	[INFO: Metric    ] METRIC_RX type=REAL src=2 seq=158 send_ms=1593762 recv_ms=1594263 bytes=48
TX,REAL,5,,157,48,1597746.0,1596803,1597746.0,,,,3786,1597746000	ID:5	[INFO: Metric    ] METRIC_TX type=REAL node=5 seq=157 bytes=48 time_ms=1596803
TX,DUMMY,5,,32,48,1597747.0,1596804,1597747.0,,,,3787,1597747000	ID:5	[INFO: Metric    ] METRIC_TX type=DUMMY node=5 seq=32 bytes=48 time_ms=1596804
RX,REAL,,5,157,48,1597812.168,1597808,1597812.168,1596803,1597808,66.16800000006333,3788,1597812168	ID:1	[INFO: Metric    ] METRIC_RX type=REAL src=5 seq=157 send_ms=1596803 recv_ms=1597808 bytes=48
RX,DUMMY,,5,32,48,1597841.168,1597837,1597841.168,1596804,1597837,,3789,1597841168	ID:1	[INFO: Metric    ] METRIC_RX type=DUMMY src=5 seq=32 send_ms=1596804 recv_ms=1597837 bytes=48
TX,REAL,4,,156,48,1598484.0,1597859,1598484.0,,,,3792,1598484000	ID:4	[INFO: Metric    ] METRIC_TX type=REAL node=4 seq=156 bytes=48 time_ms=1597859
RX,REAL,,4,156,48,1598563.168,1598559,1598563.168,1597859,1598559,79.16800000006333,3793,1598563168	ID:1	[INFO: Metric    ] METRIC_RX type=REAL src=4 seq=156 send_ms=1597859 recv_ms=1598559 bytes=48
TX,REAL,7,,157,48,1598786.0,1598397,1598786.0,,,,3795,1598786000	ID:7	[INFO: Metric    ] METRIC_TX type=REAL node=7 seq=157 bytes=48 time_ms=1598397
RX,REAL,,7,157,48,1598816.88,1598812,1598816.88,1598397,1598812,30.87999999988824,3796,1598816880	ID:1	[INFO: Metric    ] METRIC_RX type=REAL src=7 seq=157 send_ms=1598397 recv_ms=1598812 bytes=48
TX,REAL,6,,157,48,1600506.0,1599572,1600506.0,,,,3798,1600506000	ID:6	[INFO: Metric    ] METRIC_TX type=REAL node=6 seq=157 bytes=48 time_ms=1599572
RX,REAL,,6,157,48,1600538.88,1600534,1600538.88,1599572,1600534,32.87999999988824,3799,1600538880	ID:1	[INFO: Metric    ] METRIC_RX type=REAL src=6 seq=157 send_ms=1599572 recv_ms=1600534 bytes=48
TX,REAL,3,,155,48,1600900.0,1599960,1600900.0,,,,3801,1600900000	ID:3	[INFO: Metric    ] METRIC_TX type=REAL node=3 seq=155 bytes=48 time_ms=1599960
TX,DUMMY,3,,35,48,1600901.0,1599961,1600901.0,,,,3802,1600901000	ID:3	[INFO: Metric    ] METRIC_TX type=DUMMY node=3 seq=35 bytes=48 time_ms=1599961
RX,REAL,,3,155,48,1600942.168,1600938,1600942.168,1599960,1600938,42.16800000006333,3803,1600942168	ID:1	[INFO: Metric    ] METRIC_RX type=REAL src=3 seq=155 send_ms=1599960 recv_ms=1600938 bytes=48
RX,DUMMY,,3,35,48,1600992.168,1600988,1600992.168,1599961,1600988,,3805,1600992168	ID:1	[INFO: Metric    ] METRIC_RX type=DUMMY src=3 seq=35 send_ms=1599961 recv_ms=1600988 bytes=48
TX,REAL,2,,159,48,1604241.0,1603763,1604241.0,,,,3808,1604241000	ID:2	[INFO: Metric    ] METRIC_TX type=REAL node=2 seq=159 bytes=48 time_ms=1603763
TX,DUMMY,2,,39,48,1604242.0,1603764,1604242.0,,,,3809,1604242000	ID:2	[INFO: Metric    ] METRIC_TX type=DUMMY node=2 seq=39 bytes=48 time_ms=1603764
RX,REAL,,2,159,48,1604256.88,1604252,1604256.88,1603763,1604252,15.879999999888241,3810,1604256880	ID:1	[INFO: Metric    ] METRIC_RX type=REAL src=2 seq=159 send_ms=1603763 recv_ms=1604252 bytes=48
RX,DUMMY,,2,39,48,1604283.88,1604279,1604283.88,1603764,1604279,,3811,1604283880	ID:1	[INFO: Metric    ] METRIC_RX type=DUMMY src=2 seq=39 send_ms=1603764 recv_ms=1604279 bytes=48
TX,REAL,4,,157,48,1608485.0,1607860,1608485.0,,,,3814,1608485000	ID:4	[INFO: Metric    ] METRIC_TX type=REAL node=4 seq=157 bytes=48 time_ms=1607860
RX,REAL,,4,157,48,1608529.168,1608525,1608529.168,1607860,1608525,44.16800000006333,3815,1608529168	ID:1	[INFO: Metric    ] METRIC_RX type=REAL src=4 seq=157 send_ms=1607860 recv_ms=1608525 bytes=48
TX,REAL,5,,158,48,1608748.0,1607805,1608748.0,,,,3817,1608748000	ID:5	[INFO: Metric    ] METRIC_TX type=REAL node=5 seq=158 bytes=48 time_ms=1607805
RX,REAL,,5,158,48,1608804.168,1608800,1608804.168,1607805,1608800,56.16800000006333,3818,1608804168	ID:1	[INFO: Metric    ] METRIC_RX type=REAL src=5 seq=158 send_ms=1607805 recv_ms=1608800 bytes=48
TX,REAL,7,,158,48,1609787.0,1609398,1609787.0,,,,3820,1609787000	ID:7	[INFO: Metric    ] METRIC_TX type=REAL node=7 seq=158 bytes=48 time_ms=1609398
RX,REAL,,7,158,48,1609800.88,1609796,1609800.88,1609398,1609796,13.879999999888241,3821,1609800880	ID:1	[INFO: Metric    ] METRIC_RX type=REAL src=7 seq=158 send_ms=1609398 recv_ms=1609796 bytes=48
TX,REAL,3,,156,48,1609902.0,1608962,1609902.0,,,,3823,1609902000	ID:3	[INFO: Metric    ] METRIC_TX type=REAL node=3 seq=156 bytes=48 time_ms=1608962
TX,DUMMY,3,,36,48,1609903.0,1608963,1609903.0,,,,3824,1609903000	ID:3	[INFO: Metric    ] METRIC_TX type=DUMMY node=3 seq=36 bytes=48 time_ms=1608963
RX,REAL,,3,156,48,1609970.168,1609966,1609970.168,1608962,1609966,68.16800000006333,3825,1609970168	ID:1	[INFO: Metric    ] METRIC_RX type=REAL src=3 seq=156 send_ms=1608962 recv_ms=1609966 bytes=48
RX,DUMMY,,3,36,48,1610010.168,1610006,1610010.168,1608963,1610006,,3826,1610010168	ID:1	[INFO: Metric    ] METRIC_RX type=DUMMY src=3 seq=36 send_ms=1608963 recv_ms=1610006 bytes=48
TX,REAL,6,,158,48,1610507.0,1609573,1610507.0,,,,3829,1610507000	ID:6	[INFO: Metric    ] METRIC_TX type=REAL node=6 seq=158 bytes=48 time_ms=1609573
RX,REAL,,6,158,48,1610551.88,1610547,1610551.88,1609573,1610547,44.87999999988824,3830,1610551880	ID:1	[INFO: Metric    ] METRIC_RX type=REAL src=6 seq=158 send_ms=1609573 recv_ms=1610547 bytes=48
TX,REAL,2,,160,48,1613243.0,1612765,1613243.0,,,,3834,1613243000	ID:2	[INFO: Metric    ] METRIC_TX type=REAL node=2 seq=160 bytes=48 time_ms=1612765
RX,REAL,,2,160,48,1613286.88,1613282,1613286.88,1612765,1613282,43.87999999988824,3835,1613286880	ID:1	[INFO: Metric    ] METRIC_RX type=REAL src=2 seq=160 send_ms=1612765 recv_ms=1613282 bytes=48
TX,REAL,4,,158,48,1619486.0,1618861,1619486.0,,,,3838,1619486000	ID:4	[INFO: Metric    ] METRIC_TX type=REAL node=4 seq=158 bytes=48 time_ms=1618861
TX,REAL,6,,159,48,1619509.136,1618575,1619509.136,,,,3839,1619509136	ID:6	[INFO: Metric    ] METRIC_TX type=REAL node=6 seq=159 bytes=48 time_ms=1618575
TX,DUMMY,6,,25,48,1619510.136,1618576,1619510.136,,,,3840,1619510136	ID:6	[INFO: Metric    ] METRIC_TX type=DUMMY node=6 seq=25 bytes=48 time_ms=1618576
RX,REAL,,4,158,48,1619540.168,1619536,1619540.168,1618861,1619536,54.16800000006333,3841,1619540168	ID:1	[INFO: Metric    ] METRIC_RX type=REAL src=4 seq=158 send_ms=1618861 recv_ms=1619536 bytes=48
RX,REAL,,6,159,48,1619547.88,1619543,1619547.88,1618575,1619543,38.743999999947846,3842,1619547880	ID:1	[INFO: Metric    ] METRIC_RX type=REAL src=6 seq=159 send_ms=1618575 recv_ms=1619543 bytes=48
RX,DUMMY,,6,25,48,1619575.88,1619571,1619575.88,1618576,1619571,,3844,1619575880	ID:1	[INFO: Metric    ] METRIC_RX type=DUMMY src=6 seq=25 send_ms=1618576 recv_ms=1619571 bytes=48
TX,REAL,5,,159,48,1619749.0,1618806,1619749.0,,,,3847,1619749000	ID:5	[INFO: Metric    ] METRIC_TX type=REAL node=5 seq=159 bytes=48 time_ms=1618806
TX,DUMMY,5,,33,48,1619750.0,1618807,1619750.0,,,,3848,1619750000	ID:5	[INFO: Metric    ] METRIC_TX type=DUMMY node=5 seq=33 bytes=48 time_ms=1618807
TX,REAL,7,,159,48,1619788.0,1619399,1619788.0,,,,3849,1619788000	ID:7	[INFO: Metric    ] METRIC_TX type=REAL node=7 seq=159 bytes=48 time_ms=1619399
TX,DUMMY,7,,31,48,1619789.0,1619400,1619789.0,,,,3850,1619789000	ID:7	[INFO: Metric    ] METRIC_TX type=DUMMY node=7 seq=31 bytes=48 time_ms=1619400
RX,REAL,,5,159,48,1619812.168,1619808,1619812.168,1618806,1619808,63.16800000006333,3851,1619812168	ID:1	[INFO: Metric    ] METRIC_RX type=REAL src=5 seq=159 send_ms=1618806 recv_ms=1619808 bytes=48
RX,REAL,,7,159,48,1619825.88,1619821,1619825.88,1619399,1619821,37.87999999988824,3852,1619825880	ID:1	[INFO: Metric    ] METRIC_RX type=REAL src=7 seq=159 send_ms=1619399 recv_ms=1619821 bytes=48
RX,DUMMY,,7,31,48,1619857.88,1619853,1619857.88,1619400,1619853,,3853,1619857880	ID:1	[INFO: Metric    ] METRIC_RX type=DUMMY src=7 seq=31 send_ms=1619400 recv_ms=1619853 bytes=48
TX,REAL,3,,157,48,1619904.0,1618964,1619904.0,,,,3855,1619904000	ID:3	[INFO: Metric    ] METRIC_TX type=REAL node=3 seq=157 bytes=48 time_ms=1618964
RX,DUMMY,,5,33,48,1619948.592,1619944,1619948.592,1618807,1619944,,3858,1619948592	ID:1	[INFO: Metric    ] METRIC_RX type=DUMMY src=5 seq=33 send_ms=1618807 recv_ms=1619944 bytes=48
RX,REAL,,3,157,48,1620035.168,1620031,1620035.168,1618964,1620031,131.16800000006333,3860,1620035168	ID:1	[INFO: Metric    ] METRIC_RX type=REAL src=3 seq=157 send_ms=1618964 recv_ms=1620031 bytes=48
TX,REAL,2,,161,48,1623244.0,1622766,1623244.0,,,,3862,1623244000	ID:2	[INFO: Metric    ] METRIC_TX type=REAL node=2 seq=161 bytes=48 time_ms=1622766
RX,REAL,,2,161,48,1623268.88,1623264,1623268.88,1622766,1623264,24.87999999988824,3863,1623268880	ID:1	[INFO: Metric    ] METRIC_RX type=REAL src=2 seq=161 send_ms=1622766 recv_ms=1623264 bytes=48
TX,REAL,4,,159,48,1628487.0,1627862,1628487.0,,,,3865,1628487000	ID:4	[INFO: Metric    ] METRIC_TX type=REAL node=4 seq=159 bytes=48 time_ms=1627862
RX,REAL,,4,159,48,1628548.168,1628544,1628548.168,1627862,1628544,61.16800000006333,3866,1628548168	ID:1	[INFO: Metric    ] METRIC_RX type=REAL src=4 seq=159 send_ms=1627862 recv_ms=1628544 bytes=48
TX,REAL,5,,160,48,1628751.0,1627808,1628751.0,,,,3871,1628751000	ID:5	[INFO: Metric    ] METRIC_TX type=REAL node=5 seq=160 bytes=48 time_ms=1627808
TX,DUMMY,5,,34,48,1628752.0,1627809,1628752.0,,,,3872,1628752000	ID:5	[INFO: Metric    ] METRIC_TX type=DUMMY node=5 seq=34 bytes=48 time_ms=1627809
TX,REAL,7,,160,48,1628790.0,1628401,1628790.0,,,,3875,1628790000	ID:7	[INFO: Metric    ] METRIC_TX type=REAL node=7 seq=160 bytes=48 time_ms=1628401
RX,REAL,,5,160,48,1628792.168,1628788,1628792.168,1627808,1628788,41.16800000006333,3876,1628792168	ID:1	[INFO: Metric    ] METRIC_RX type=REAL src=5 seq=160 send_ms=1627808 recv_ms=1628788 bytes=48
RX,REAL,,7,160,48,1628848.88,1628844,1628848.88,1628401,1628844,58.87999999988824,3877,1628848880	ID:1	[INFO: Metric    ] METRIC_RX type=REAL src=7 seq=160 send_ms=1628401 recv_ms=1628844 bytes=48
RX,DUMMY,,5,34,48,1628914.168,1628910,1628914.168,1627809,1628910,,3880,1628914168	ID:1	[INFO: Metric    ] METRIC_RX type=DUMMY src=5 seq=34 send_ms=1627809 recv_ms=1628910 bytes=48
TX,REAL,3,,158,48,1629905.0,1628965,1629905.0,,,,3882,1629905000	ID:3	[INFO: Metric    ] METRIC_TX type=REAL node=3 seq=158 bytes=48 time_ms=1628965
TX,DUMMY,3,,37,48,1629906.0,1628966,1629906.0,,,,3883,1629906000	ID:3	[INFO: Metric    ] METRIC_TX type=DUMMY node=3 seq=37 bytes=48 time_ms=1628966
RX,REAL,,3,158,48,1629963.168,1629959,1629963.168,1628965,1629959,58.16800000006333,3884,1629963168	ID:1	[INFO: Metric    ] METRIC_RX type=REAL src=3 seq=158 send_ms=1628965 recv_ms=1629959 bytes=48
RX,DUMMY,,3,37,48,1630064.168,1630060,1630064.168,1628966,1630060,,3886,1630064168	ID:1	[INFO: Metric    ] METRIC_RX type=DUMMY src=3 seq=37 send_ms=1628966 recv_ms=1630060 bytes=48
TX,REAL,6,,160,48,1630511.0,1629577,1630511.0,,,,3890,1630511000	ID:6	[INFO: Metric    ] METRIC_TX type=REAL node=6 seq=160 bytes=48 time_ms=1629577
RX,REAL,,6,160,48,1630546.88,1630542,1630546.88,1629577,1630542,35.87999999988824,3891,1630546880	ID:1	[INFO: Metric    ] METRIC_RX type=REAL src=6 seq=160 send_ms=1629577 recv_ms=1630542 bytes=48
TX,REAL,2,,162,48,1634245.0,1633767,1634245.0,,,,3893,1634245000	ID:2	[INFO: Metric    ] METRIC_TX type=REAL node=2 seq=162 bytes=48 time_ms=1633767
TX,DUMMY,2,,40,48,1634246.0,1633768,1634246.0,,,,3894,1634246000	ID:2	[INFO: Metric    ] METRIC_TX type=DUMMY node=2 seq=40 bytes=48 time_ms=1633768
RX,REAL,,2,162,48,1634251.88,1634247,1634251.88,1633767,1634247,6.879999999888241,3895,1634251880	ID:1	[INFO: Metric    ] METRIC_RX type=REAL src=2 seq=162 send_ms=1633767 recv_ms=1634247 bytes=48
RX,DUMMY,,2,40,48,1634294.88,1634290,1634294.88,1633768,1634290,,3897,1634294880	ID:1	[INFO: Metric    ] METRIC_RX type=DUMMY src=2 seq=40 send_ms=1633768 recv_ms=1634290 bytes=48
TX,REAL,7,,161,48,1637791.0,1637402,1637791.0,,,,3899,1637791000	ID:7	[INFO: Metric    ] METRIC_TX type=REAL node=7 seq=161 bytes=48 time_ms=1637402
RX,REAL,,7,161,48,1637813.88,1637809,1637813.88,1637402,1637809,22.87999999988824,3900,1637813880	ID:1	[INFO: Metric    ] METRIC_RX type=REAL src=7 seq=161 send_ms=1637402 recv_ms=1637809 bytes=48
TX,REAL,5,,161,48,1638753.0,1637810,1638753.0,,,,3902,1638753000	ID:5	[INFO: Metric    ] METRIC_TX type=REAL node=5 seq=161 bytes=48 time_ms=1637810
RX,REAL,,5,161,48,1638824.168,1638820,1638824.168,1637810,1638820,71.16800000006333,3903,1638824168	ID:1	[INFO: Metric    ] METRIC_RX type=REAL src=5 seq=161 send_ms=1637810 recv_ms=1638820 bytes=48
TX,REAL,4,,160,48,1639488.0,1638863,1639488.0,,,,3908,1639488000	ID:4	[INFO: Metric    ] METRIC_TX type=REAL node=4 seq=160 bytes=48 time_ms=1638863
RX,REAL,,4,160,48,1639520.168,1639516,1639520.168,1638863,1639516,32.16800000006333,3909,1639520168	ID:1	[INFO: Metric    ] METRIC_RX type=REAL src=4 seq=160 send_ms=1638863 recv_ms=1639516 bytes=48
TX,REAL,3,,159,48,1639907.0,1638967,1639907.0,,,,3911,1639907000	ID:3	[INFO: Metric    ] METRIC_TX type=REAL node=3 seq=159 bytes=48 time_ms=1638967
TX,DUMMY,3,,38,48,1639908.0,1638968,1639908.0,,,,3912,1639908000	ID:3	[INFO: Metric    ] METRIC_TX type=DUMMY node=3 seq=38 bytes=48 time_ms=1638968
RX,REAL,,3,159,48,1639960.304,1639956,1639960.304,1638967,1639956,53.304000000003725,3913,1639960304	ID:1	[INFO: Metric    ] METRIC_RX type=REAL src=3 seq=159 send_ms=1638967 recv_ms=1639956 bytes=48
RX,DUMMY,,3,38,48,1640021.592,1640017,1640021.592,1638968,1640017,,3915,1640021592	ID:1	[INFO: Metric    ] METRIC_RX type=DUMMY src=3 seq=38 send_ms=1638968 recv_ms=1640017 bytes=48
TX,REAL,6,,161,48,1640512.0,1639578,1640512.0,,,,3917,1640512000	ID:6	[INFO: Metric    ] METRIC_TX type=REAL node=6 seq=161 bytes=48 time_ms=1639578
RX,REAL,,6,161,48,1640552.88,1640548,1640552.88,1639578,1640548,40.87999999988824,3918,1640552880	ID:1	[INFO: Metric    ] METRIC_RX type=REAL src=6 seq=161 send_ms=1639578 recv_ms=1640548 bytes=48
TX,REAL,2,,163,48,1643247.0,1642769,1643247.0,,,,3920,1643247000	ID:2	[INFO: Metric    ] METRIC_TX type=REAL node=2 seq=163 bytes=48 time_ms=1642769
TX,DUMMY,2,,41,48,1643248.0,1642770,1643248.0,,,,3921,1643248000	ID:2	[INFO: Metric    ] METRIC_TX type=DUMMY node=2 seq=41 bytes=48 time_ms=1642770
RX,REAL,,2,163,48,1643268.88,1643264,1643268.88,1642769,1643264,21.87999999988824,3922,1643268880	ID:1	[INFO: Metric    ] METRIC_RX type=REAL src=2 seq=163 send_ms=1642769 recv_ms=1643264 bytes=48
RX,DUMMY,,2,41,48,1643298.88,1643294,1643298.88,1642770,1643294,,3924,1643298880	ID:1	[INFO: Metric    ] METRIC_RX type=DUMMY src=2 seq=41 send_ms=1642770 recv_ms=1643294 bytes=48
TX,REAL,7,,162,48,1648792.0,1648403,1648792.0,,,,3926,1648792000	ID:7	[INFO: Metric    ] METRIC_TX type=REAL node=7 seq=162 bytes=48 time_ms=1648403
RX,REAL,,7,162,48,1648800.88,1648796,1648800.88,1648403,1648796,8.879999999888241,3927,1648800880	ID:1	[INFO: Metric    ] METRIC_RX type=REAL src=7 seq=162 send_ms=1648403 recv_ms=1648796 bytes=48
TX,REAL,4,,161,48,1649489.0,1648864,1649489.0,,,,3929,1649489000	ID:4	[INFO: Metric    ] METRIC_TX type=REAL node=4 seq=161 bytes=48 time_ms=1648864
TX,REAL,6,,162,48,1649513.0,1648579,1649513.0,,,,3930,1649513000	ID:6	[INFO: Metric    ] METRIC_TX type=REAL node=6 seq=162 bytes=48 time_ms=1648579
RX,REAL,,4,161,48,1649546.168,1649542,1649546.168,1648864,1649542,57.16800000006333,3931,1649546168	ID:1	[INFO: Metric    ] METRIC_RX type=REAL src=4 seq=161 send_ms=1648864 recv_ms=1649542 bytes=48
RX,REAL,,6,162,48,1649616.88,1649612,1649616.88,1648579,1649612,103.87999999988824,3932,1649616880	ID:1	[INFO: Metric    ] METRIC_RX type=REAL src=6 seq=162 send_ms=1648579 recv_ms=1649612 bytes=48
TX,REAL,5,,162,48,1649754.0,1648811,1649754.0,,,,3935,1649754000	ID:5	[INFO: Metric    ] METRIC_TX type=REAL node=5 seq=162 bytes=48 time_ms=1648811
TX,DUMMY,5,,35,48,1649755.0,1648812,1649755.0,,,,3936,1649755000	ID:5	[INFO: Metric    ] METRIC_TX type=DUMMY node=5 seq=35 bytes=48 time_ms=1648812
RX,REAL,,5,162,48,1649771.168,1649767,1649771.168,1648811,1649767,17.16800000006333,3937,1649771168	ID:1	[INFO: Metric    ] METRIC_RX type=REAL src=5 seq=162 send_ms=1648811 recv_ms=1649767 bytes=48
RX,DUMMY,,5,35,48,1649824.168,1649820,1649824.168,1648812,1649820,,3939,1649824168	ID:1	[INFO: Metric    ] METRIC_RX type=DUMMY src=5 seq=35 send_ms=1648812 recv_ms=1649820 bytes=48
TX,REAL,3,,160,48,1650909.0,1649969,1650909.0,,,,3944,1650909000	ID:3	[INFO: Metric    ] METRIC_TX type=REAL node=3 seq=160 bytes=48 time_ms=1649969
RX,REAL,,3,160,48,1650962.168,1650958,1650962.168,1649969,1650958,53.16800000006333,3945,1650962168	ID:1	[INFO: Metric    ] METRIC_RX type=REAL src=3 seq=160 send_ms=1649969 recv_ms=1650958 bytes=48
TX,REAL,2,,164,48,1652249.0,1651771,1652249.0,,,,3947,1652249000	ID:2	[INFO: Metric    ] METRIC_TX type=REAL node=2 seq=164 bytes=48 time_ms=1651771
TX,DUMMY,2,,42,48,1652250.0,1651772,1652250.0,,,,3948,1652250000	ID:2	[INFO: Metric    ] METRIC_TX type=DUMMY node=2 seq=42 bytes=48 time_ms=1651772
RX,REAL,,2,164,48,1652266.88,1652262,1652266.88,1651771,1652262,17.87999999988824,3949,1652266880	ID:1	[INFO: Metric    ] METRIC_RX type=REAL src=2 seq=164 send_ms=1651771 recv_ms=1652262 bytes=48
RX,DUMMY,,2,42,48,1652343.88,1652339,1652343.88,1651772,1652339,,3951,1652343880	ID:1	[INFO: Metric    ] METRIC_RX type=DUMMY src=2 seq=42 send_ms=1651772 recv_ms=1652339 bytes=48
TX,REAL,4,,162,48,1658490.0,1657865,1658490.0,,,,3953,1658490000	ID:4	[INFO: Metric    ] METRIC_TX type=REAL node=4 seq=162 bytes=48 time_ms=1657865
TX,DUMMY,4,,31,48,1658491.0,1657866,1658491.0,,,,3954,1658491000	ID:4	[INFO: Metric    ] METRIC_TX type=DUMMY node=4 seq=31 bytes=48 time_ms=1657866
RX,REAL,,4,162,48,1658600.168,1658596,1658600.168,1657865,1658596,110.16800000006333,3955,1658600168	ID:1	[INFO: Metric    ] METRIC_RX type=REAL src=4 seq=162 send_ms=1657865 recv_ms=1658596 bytes=48
RX,DUMMY,,4,31,48,1658638.168,1658634,1658638.168,1657866,1658634,,3956,1658638168	ID:1	[INFO: Metric    ] METRIC_RX type=DUMMY src=4 seq=31 send_ms=1657866 recv_ms=1658634 bytes=48
TX,REAL,5,,163,48,1658756.0,1657813,1658756.0,,,,3959,1658756000	ID:5	[INFO: Metric    ] METRIC_TX type=REAL node=5 seq=163 bytes=48 time_ms=1657813
TX,DUMMY,5,,36,48,1658757.0,1657814,1658757.0,,,,3960,1658757000	ID:5	[INFO: Metric    ] METRIC_TX type=DUMMY node=5 seq=36 bytes=48 time_ms=1657814
RX,REAL,,5,163,48,1658808.168,1658804,1658808.168,1657813,1658804,52.16800000006333,3961,1658808168	ID:1	[INFO: Metric    ] METRIC_RX type=REAL src=5 seq=163 send_ms=1657813 recv_ms=1658804 bytes=48
RX,DUMMY,,5,36,48,1658852.168,1658848,1658852.168,1657814,1658848,,3963,1658852168	ID:1	[INFO: Metric    ] METRIC_RX type=DUMMY src=5 seq=36 send_ms=1657814 recv_ms=1658848 bytes=48
TX,REAL,6,,163,48,1659514.0,1658580,1659514.0,,,,3965,1659514000	ID:6	[INFO: Metric    ] METRIC_TX type=REAL node=6 seq=163 bytes=48 time_ms=1658580
TX,DUMMY,6,,26,48,1659515.0,1658581,1659515.0,,,,3966,1659515000	ID:6	[INFO: Metric    ] METRIC_TX type=DUMMY node=6 seq=26 bytes=48 time_ms=1658581
RX,REAL,,6,163,48,1659555.88,1659551,1659555.88,1658580,1659551,41.87999999988824,3967,1659555880	ID:1	[INFO: Metric    ] METRIC_RX type=REAL src=6 seq=163 send_ms=1658580 recv_ms=1659551 bytes=48
RX,DUMMY,,6,26,48,1659563.88,1659559,1659563.88,1658581,1659559,,3968,1659563880	ID:1	[INFO: Metric    ] METRIC_RX type=DUMMY src=6 seq=26 send_ms=1658581 recv_ms=1659559 bytes=48
TX,REAL,7,,163,48,1659793.0,1659404,1659793.0,,,,3972,1659793000	ID:7	[INFO: Metric    ] METRIC_TX type=REAL node=7 seq=163 bytes=48 time_ms=1659404
RX,REAL,,7,163,48,1659804.88,1659800,1659804.88,1659404,1659800,11.879999999888241,3973,1659804880	ID:1	[INFO: Metric    ] METRIC_RX type=REAL src=7 seq=163 send_ms=1659404 recv_ms=1659800 bytes=48
TX,REAL,3,,161,48,1661910.0,1660970,1661910.0,,,,3975,1661910000	ID:3	[INFO: Metric    ] METRIC_TX type=REAL node=3 seq=161 bytes=48 time_ms=1660970
RX,REAL,,3,161,48,1661989.168,1661985,1661989.168,1660970,1661985,79.16800000006333,3976,1661989168	ID:1	[INFO: Metric    ] METRIC_RX type=REAL src=3 seq=161 send_ms=1660970 recv_ms=1661985 bytes=48
TX,REAL,2,,165,48,1662251.0,1661773,1662251.0,,,,3978,1662251000	ID:2	[INFO: Metric    ] METRIC_TX type=REAL node=2 seq=165 bytes=48 time_ms=1661773
RX,REAL,,2,165,48,1662290.88,1662286,1662290.88,1661773,1662286,39.87999999988824,3979,1662290880	ID:1	[INFO: Metric    ] METRIC_RX type=REAL src=2 seq=165 send_ms=1661773 recv_ms=1662286 bytes=48
TX,REAL,6,,164,48,1668516.0,1667582,1668516.0,,,,3981,1668516000	ID:6	[INFO: Metric    ] METRIC_TX type=REAL node=6 seq=164 bytes=48 time_ms=1667582
TX,DUMMY,6,,27,48,1668517.0,1667583,1668517.0,,,,3982,1668517000	ID:6	[INFO: Metric    ] METRIC_TX type=DUMMY node=6 seq=27 bytes=48 time_ms=1667583
RX,REAL,,6,164,48,1668541.88,1668537,1668541.88,1667582,1668537,25.87999999988824,3983,1668541880	ID:1	[INFO: Metric    ] METRIC_RX type=REAL src=6 seq=164 send_ms=1667582 recv_ms=1668537 bytes=48
RX,DUMMY,,6,27,48,1668565.88,1668561,1668565.88,1667583,1668561,,3984,1668565880	ID:1	[INFO: Metric    ] METRIC_RX type=DUMMY src=6 seq=27 send_ms=1667583 recv_ms=1668561 bytes=48
TX,REAL,5,,164,48,1668758.0,1667815,1668758.0,,,,3987,1668758000	ID:5	[INFO: Metric    ] METRIC_TX type=REAL node=5 seq=164 bytes=48 time_ms=1667815
TX,REAL,7,,164,48,1668794.0,1668405,1668794.0,,,,3988,1668794000	ID:7	[INFO: Metric    ] METRIC_TX type=REAL node=7 seq=164 bytes=48 time_ms=1668405
RX,REAL,,5,164,48,1668848.168,1668844,1668848.168,1667815,1668844,90.16800000006333,3989,1668848168	ID:1	[INFO: Metric    ] METRIC_RX type=REAL src=5 seq=164 send_ms=1667815 recv_ms=1668844 bytes=48
RX,REAL,,7,164,48,1668859.88,1668855,1668859.88,1668405,1668855,65.87999999988824,3990,1668859880	ID:1	[INFO: Metric    ] METRIC_RX type=REAL src=7 seq=164 send_ms=1668405 recv_ms=1668855 bytes=48
TX,REAL,4,,163,48,1669492.0,1668867,1669492.0,,,,3993,1669492000	ID:4	[INFO: Metric    ] METRIC_TX type=REAL node=4 seq=163 bytes=48 time_ms=1668867
RX,REAL,,4,163,48,1669532.168,1669528,1669532.168,1668867,1669528,40.16800000006333,3994,1669532168	ID:1	[INFO: Metric    ] METRIC_RX type=REAL src=4 seq=163 send_ms=1668867 recv_ms=1669528 bytes=48
TX,REAL,2,,166,48,1671252.0,1670774,1671252.0,,,,3996,1671252000	ID:2	[INFO: Metric    ] METRIC_TX type=REAL node=2 seq=166 bytes=48 time_ms=1670774
RX,REAL,,2,166,48,1671275.88,1671271,1671275.88,1670774,1671271,23.87999999988824,3997,1671275880	ID:1	[INFO: Metric    ] METRIC_RX type=REAL src=2 seq=166 send_ms=1670774 recv_ms=1671271 bytes=48
TX,REAL,3,,162,48,1672911.0,1671971,1672911.0,,,,3999,1672911000	ID:3	[INFO: Metric    ] METRIC_TX type=REAL node=3 seq=162 bytes=48 time_ms=1671971
RX,REAL,,3,162,48,1672966.168,1672962,1672966.168,1671971,1672962,55.16800000006333,4000,1672966168	ID:1	[INFO: Metric    ] METRIC_RX type=REAL src=3 seq=162 send_ms=1671971 recv_ms=1672962 bytes=48
TX,REAL,6,,165,48,1677518.0,1676584,1677518.0,,,,4003,1677518000	ID:6	[INFO: Metric    ] METRIC_TX type=REAL node=6 seq=165 bytes=48 time_ms=1676584
RX,REAL,,6,165,48,1677557.88,1677553,1677557.88,1676584,1677553,39.87999999988824,4004,1677557880	ID:1	[INFO: Metric    ] METRIC_RX type=REAL src=6 seq=165 send_ms=1676584 recv_ms=1677553 bytes=48
TX,REAL,5,,165,48,1677759.0,1676816,1677759.0,,,,4006,1677759000	ID:5	[INFO: Metric    ] METRIC_TX type=REAL node=5 seq=165 bytes=48 time_ms=1676816
RX,REAL,,5,165,48,1677807.168,1677803,1677807.168,1676816,1677803,48.16800000006333,4007,1677807168	ID:1	[INFO: Metric    ] METRIC_RX type=REAL src=5 seq=165 send_ms=1676816 recv_ms=1677803 bytes=48
TX,REAL,4,,164,48,1678493.0,1677868,1678493.0,,,,4009,1678493000	ID:4	[INFO: Metric    ] METRIC_TX type=REAL node=4 seq=164 bytes=48 time_ms=1677868
RX,REAL,,4,164,48,1678557.168,1678553,1678557.168,1677868,1678553,64.16800000006333,4010,1678557168	ID:1	[INFO: Metric    ] METRIC_RX type=REAL src=4 seq=164 send_ms=1677868 recv_ms=1678553 bytes=48
TX,REAL,7,,165,48,1679795.0,1679406,1679795.0,,,,4012,1679795000	ID:7	[INFO: Metric    ] METRIC_TX type=REAL node=7 seq=165 bytes=48 time_ms=1679406
RX,REAL,,7,165,48,1679817.88,1679813,1679817.88,1679406,1679813,22.87999999988824,4013,1679817880	ID:1	[INFO: Metric    ] METRIC_RX type=REAL src=7 seq=165 send_ms=1679406 recv_ms=1679813 bytes=48
TX,REAL,2,,167,48,1681253.0,1680775,1681253.0,,,,4015,1681253000	ID:2	[INFO: Metric    ] METRIC_TX type=REAL node=2 seq=167 bytes=48 time_ms=1680775
RX,REAL,,2,167,48,1681280.88,1681276,1681280.88,1680775,1681276,27.87999999988824,4016,1681280880	ID:1	[INFO: Metric    ] METRIC_RX type=REAL src=2 seq=167 send_ms=1680775 recv_ms=1681276 bytes=48
TX,REAL,3,,163,48,1681912.0,1680972,1681912.0,,,,4018,1681912000	ID:3	[INFO: Metric    ] METRIC_TX type=REAL node=3 seq=163 bytes=48 time_ms=1680972
TX,DUMMY,3,,39,48,1681913.0,1680973,1681913.0,,,,4019,1681913000	ID:3	[INFO: Metric    ] METRIC_TX type=DUMMY node=3 seq=39 bytes=48 time_ms=1680973
RX,REAL,,3,163,48,1681997.168,1681993,1681997.168,1680972,1681993,85.16800000006333,4020,1681997168	ID:1	[INFO: Metric    ] METRIC_RX type=REAL src=3 seq=163 send_ms=1680972 recv_ms=1681993 bytes=48
RX,DUMMY,,3,39,48,1682043.168,1682039,1682043.168,1680973,1682039,,4021,1682043168	ID:1	[INFO: Metric    ] METRIC_RX type=DUMMY src=3 seq=39 send_ms=1680973 recv_ms=1682039 bytes=48
TX,REAL,5,,166,48,1686760.0,1685817,1686760.0,,,,4024,1686760000	ID:5	[INFO: Metric    ] METRIC_TX type=REAL node=5 seq=166 bytes=48 time_ms=1685817
RX,REAL,,5,166,48,1686801.168,1686797,1686801.168,1685817,1686797,41.16800000006333,4025,1686801168	ID:1	[INFO: Metric    ] METRIC_RX type=REAL src=5 seq=166 send_ms=1685817 recv_ms=1686797 bytes=48
TX,REAL,6,,166,48,1687519.0,1686585,1687519.0,,,,4027,1687519000	ID:6	[INFO: Metric    ] METRIC_TX type=REAL node=6 seq=166 bytes=48 time_ms=1686585
RX,REAL,,6,166,48,1687551.88,1687547,1687551.88,1686585,1687547,32.87999999988824,4028,1687551880	ID:1	[INFO: Metric    ] METRIC_RX type=REAL src=6 seq=166 send_ms=1686585 recv_ms=1687547 bytes=48
TX,REAL,4,,165,48,1688494.0,1687869,1688494.0,,,,4030,1688494000	ID:4	[INFO: Metric    ] METRIC_TX type=REAL node=4 seq=165 bytes=48 time_ms=1687869
RX,REAL,,4,165,48,1688564.168,1688560,1688564.168,1687869,1688560,70.16800000006333,4031,1688564168	ID:1	[INFO: Metric    ] METRIC_RX type=REAL src=4 seq=165 send_ms=1687869 recv_ms=1688560 bytes=48
TX,REAL,7,,166,48,1688796.0,1688407,1688796.0,,,,4034,1688796000	ID:7	[INFO: Metric    ] METRIC_TX type=REAL node=7 seq=166 bytes=48 time_ms=1688407
RX,REAL,,7,166,48,1688828.88,1688824,1688828.88,1688407,1688824,32.87999999988824,4035,1688828880	ID:1	[INFO: Metric    ] METRIC_RX type=REAL src=7 seq=166 send_ms=1688407 recv_ms=1688824 bytes=48
TX,REAL,2,,168,48,1690254.0,1689776,1690254.0,,,,4037,1690254000	ID:2	[INFO: Metric    ] METRIC_TX type=REAL node=2 seq=168 bytes=48 time_ms=1689776
RX,REAL,,2,168,48,1690277.88,1690273,1690277.88,1689776,1690273,23.87999999988824,4038,1690277880	ID:1	[INFO: Metric    ] METRIC_RX type=REAL src=2 seq=168 send_ms=1689776 recv_ms=1690273 bytes=48
TX,REAL,3,,164,48,1690914.0,1689974,1690914.0,,,,4040,1690914000	ID:3	[INFO: Metric    ] METRIC_TX type=REAL node=3 seq=164 bytes=48 time_ms=1689974
TX,DUMMY,3,,40,48,1690915.0,1689975,1690915.0,,,,4041,1690915000	ID:3	[INFO: Metric    ] METRIC_TX type=DUMMY node=3 seq=40 bytes=48 time_ms=1689975
RX,REAL,,3,164,48,1690971.168,1690967,1690971.168,1689974,1690967,57.16800000006333,4042,1690971168	ID:1	[INFO: Metric    ] METRIC_RX type=REAL src=3 seq=164 send_ms=1689974 recv_ms=1690967 bytes=48
RX,DUMMY,,3,40,48,1690987.168,1690983,1690987.168,1689975,1690983,,4043,1690987168	ID:1	[INFO: Metric    ] METRIC_RX type=DUMMY src=3 seq=40 send_ms=1689975 recv_ms=1690983 bytes=48
TX,REAL,5,,167,48,1696761.0,1695818,1696761.0,,,,4046,1696761000	ID:5	[INFO: Metric    ] METRIC_TX type=REAL node=5 seq=167 bytes=48 time_ms=1695818
RX,REAL,,5,167,48,1696846.168,1696842,1696846.168,1695818,1696842,85.16800000006333,4047,1696846168	ID:1	[INFO: Metric    ] METRIC_RX type=REAL src=5 seq=167 send_ms=1695818 recv_ms=1696842 bytes=48
TX,REAL,4,,166,48,1697495.0,1696870,1697495.0,,,,4049,1697495000	ID:4	[INFO: Metric    ] METRIC_TX type=REAL node=4 seq=166 bytes=48 time_ms=1696870
RX,REAL,,4,166,48,1697535.168,1697531,1697535.168,1696870,1697531,40.16800000006333,4050,1697535168	ID:1	[INFO: Metric    ] METRIC_RX type=REAL src=4 seq=166 send_ms=1696870 recv_ms=1697531 bytes=48
TX,REAL,7,,167,48,1697797.0,1697408,1697797.0,,,,4052,1697797000	ID:7	[INFO: Metric    ] METRIC_TX type=REAL node=7 seq=167 bytes=48 time_ms=1697408
RX,REAL,,7,167,48,1697803.88,1697799,1697803.88,1697408,1697799,6.879999999888241,4053,1697803880	ID:1	[INFO: Metric    ] METRIC_RX type=REAL src=7 seq=167 send_ms=1697408 recv_ms=1697799 bytes=48
TX,REAL,6,,167,48,1698520.0,1697586,1698520.0,,,,4055,1698520000	ID:6	[INFO: Metric    ] METRIC_TX type=REAL node=6 seq=167 bytes=48 time_ms=1697586
RX,REAL,,6,167,48,1698528.88,1698524,1698528.88,1697586,1698524,8.879999999888241,4056,1698528880	ID:1	[INFO: Metric    ] METRIC_RX type=REAL src=6 seq=167 send_ms=1697586 recv_ms=1698524 bytes=48
TX,REAL,2,,169,48,1701255.0,1700777,1701255.0,,,,4058,1701255000	ID:2	[INFO: Metric    ] METRIC_TX type=REAL node=2 seq=169 bytes=48 time_ms=1700777
RX,REAL,,2,169,48,1701276.88,1701272,1701276.88,1700777,1701272,21.87999999988824,4059,1701276880	ID:1	[INFO: Metric    ] METRIC_RX type=REAL src=2 seq=169 send_ms=1700777 recv_ms=1701272 bytes=48
TX,REAL,3,,165,48,1701916.0,1700976,1701916.0,,,,4061,1701916000	ID:3	[INFO: Metric    ] METRIC_TX type=REAL node=3 seq=165 bytes=48 time_ms=1700976
RX,REAL,,3,165,48,1701965.168,1701961,1701965.168,1700976,1701961,49.16800000006333,4062,1701965168	ID:1	[INFO: Metric    ] METRIC_RX type=REAL src=3 seq=165 send_ms=1700976 recv_ms=1701961 bytes=48
TX,REAL,5,,168,48,1705762.0,1704819,1705762.0,,,,4065,1705762000	ID:5	[INFO: Metric    ] METRIC_TX type=REAL node=5 seq=168 bytes=48 time_ms=1704819
RX,REAL,,5,168,48,1705819.168,1705815,1705819.168,1704819,1705815,57.16800000006333,4066,1705819168	ID:1	[INFO: Metric    ] METRIC_RX type=REAL src=5 seq=168 send_ms=1704819 recv_ms=1705815 bytes=48
TX,REAL,4,,167,48,1706496.0,1705871,1706496.0,,,,4068,1706496000	ID:4	[INFO: Metric    ] METRIC_TX type=REAL node=4 seq=167 bytes=48 time_ms=1705871
RX,REAL,,4,167,48,1706517.304,1706513,1706517.304,1705871,1706513,21.304000000003725,4069,1706517304	ID:1	[INFO: Metric    ] METRIC_RX type=REAL src=4 seq=167 send_ms=1705871 recv_ms=1706513 bytes=48
TX,REAL,7,,168,48,1706798.0,1706409,1706798.0,,,,4071,1706798000	ID:7	[INFO: Metric    ] METRIC_TX type=REAL node=7 seq=168 bytes=48 time_ms=1706409
RX,REAL,,7,168,48,1706839.88,1706835,1706839.88,1706409,1706835,41.87999999988824,4072,1706839880	ID:1	[INFO: Metric    ] METRIC_RX type=REAL src=7 seq=168 send_ms=1706409 recv_ms=1706835 bytes=48
TX,REAL,6,,168,48,1707521.0,1706587,1707521.0,,,,4074,1707521000	ID:6	[INFO: Metric    ] METRIC_TX type=REAL node=6 seq=168 bytes=48 time_ms=1706587
RX,REAL,,6,168,48,1707549.88,1707545,1707549.88,1706587,1707545,28.87999999988824,4075,1707549880	ID:1	[INFO: Metric    ] METRIC_RX type=REAL src=6 seq=168 send_ms=1706587 recv_ms=1707545 bytes=48
TX,REAL,3,,166,48,1711917.0,1710977,1711917.0,,,,4077,1711917000	ID:3	[INFO: Metric    ] METRIC_TX type=REAL node=3 seq=166 bytes=48 time_ms=1710977
RX,REAL,,3,166,48,1711959.168,1711955,1711959.168,1710977,1711955,42.16800000006333,4078,1711959168	ID:1	[INFO: Metric    ] METRIC_RX type=REAL src=3 seq=166 send_ms=1710977 recv_ms=1711955 bytes=48
TX,REAL,2,,170,48,1712256.0,1711778,1712256.0,,,,4082,1712256000	ID:2	[INFO: Metric    ] METRIC_TX type=REAL node=2 seq=170 bytes=48 time_ms=1711778
RX,REAL,,2,170,48,1712285.88,1712281,1712285.88,1711778,1712281,29.87999999988824,4083,1712285880	ID:1	[INFO: Metric    ] METRIC_RX type=REAL src=2 seq=170 send_ms=1711778 recv_ms=1712281 bytes=48
TX,REAL,5,,169,48,1714763.0,1713820,1714763.0,,,,4085,1714763000	ID:5	[INFO: Metric    ] METRIC_TX type=REAL node=5 seq=169 bytes=48 time_ms=1713820
RX,REAL,,5,169,48,1714800.168,1714796,1714800.168,1713820,1714796,37.16800000006333,4086,1714800168	ID:1	[INFO: Metric    ] METRIC_RX type=REAL src=5 seq=169 send_ms=1713820 recv_ms=1714796 bytes=48
TX,REAL,4,,168,48,1717497.0,1716872,1717497.0,,,,4088,1717497000	ID:4	[INFO: Metric    ] METRIC_TX type=REAL node=4 seq=168 bytes=48 time_ms=1716872
RX,REAL,,4,168,48,1717525.168,1717521,1717525.168,1716872,1717521,28.16800000006333,4089,1717525168	ID:1	[INFO: Metric    ] METRIC_RX type=REAL src=4 seq=168 send_ms=1716872 recv_ms=1717521 bytes=48
TX,REAL,7,,169,48,1717799.0,1717410,1717799.0,,,,4091,1717799000	ID:7	[INFO: Metric    ] METRIC_TX type=REAL node=7 seq=169 bytes=48 time_ms=1717410
RX,REAL,,7,169,48,1717832.88,1717828,1717832.88,1717410,1717828,33.87999999988824,4092,1717832880	ID:1	[INFO: Metric    ] METRIC_RX type=REAL src=7 seq=169 send_ms=1717410 recv_ms=1717828 bytes=48
TX,REAL,6,,169,48,1718522.0,1717588,1718522.0,,,,4094,1718522000	ID:6	[INFO: Metric    ] METRIC_TX type=REAL node=6 seq=169 bytes=48 time_ms=1717588
RX,REAL,,6,169,48,1718549.88,1718545,1718549.88,1717588,1718545,27.87999999988824,4095,1718549880	ID:1	[INFO: Metric    ] METRIC_RX type=REAL src=6 seq=169 send_ms=1717588 recv_ms=1718545 bytes=48
TX,REAL,2,,171,48,1722257.0,1721779,1722257.0,,,,4098,1722257000	ID:2	[INFO: Metric    ] METRIC_TX type=REAL node=2 seq=171 bytes=48 time_ms=1721779
TX,DUMMY,2,,43,48,1722258.0,1721780,1722258.0,,,,4099,1722258000	ID:2	[INFO: Metric    ] METRIC_TX type=DUMMY node=2 seq=43 bytes=48 time_ms=1721780
RX,REAL,,2,171,48,1722297.88,1722293,1722297.88,1721779,1722293,40.87999999988824,4100,1722297880	ID:1	[INFO: Metric    ] METRIC_RX type=REAL src=2 seq=171 send_ms=1721779 recv_ms=1722293 bytes=48
RX,DUMMY,,2,43,48,1722307.88,1722303,1722307.88,1721780,1722303,,4101,1722307880	ID:1	[INFO: Metric    ] METRIC_RX type=DUMMY src=2 seq=43 send_ms=1721780 recv_ms=1722303 bytes=48
TX,REAL,3,,167,48,1722918.0,1721978,1722918.0,,,,4104,1722918000	ID:3	[INFO: Metric    ] METRIC_TX type=REAL node=3 seq=167 bytes=48 time_ms=1721978
RX,REAL,,3,167,48,1722951.168,1722947,1722951.168,1721978,1722947,33.16800000006333,4105,1722951168	ID:1	[INFO: Metric    ] METRIC_RX type=REAL src=3 seq=167 send_ms=1721978 recv_ms=1722947 bytes=48
TX,REAL,5,,170,48,1724764.0,1723821,1724764.0,,,,4109,1724764000	ID:5	[INFO: Metric    ] METRIC_TX type=REAL node=5 seq=170 bytes=48 time_ms=1723821
RX,REAL,,5,170,48,1724790.304,1724786,1724790.304,1723821,1724786,26.304000000003725,4110,1724790304	ID:1	[INFO: Metric    ] METRIC_RX type=REAL src=5 seq=170 send_ms=1723821 recv_ms=1724786 bytes=48
TX,REAL,4,,169,48,1727498.0,1726873,1727498.0,,,,4112,1727498000	ID:4	[INFO: Metric    ] METRIC_TX type=REAL node=4 seq=169 bytes=48 time_ms=1726873
RX,REAL,,4,169,48,1727561.168,1727557,1727561.168,1726873,1727557,63.16800000006333,4113,1727561168	ID:1	[INFO: Metric    ] METRIC_RX type=REAL src=4 seq=169 send_ms=1726873 recv_ms=1727557 bytes=48
TX,REAL,7,,170,48,1727800.0,1727411,1727800.0,,,,4117,1727800000	ID:7	[INFO: Metric    ] METRIC_TX type=REAL node=7 seq=170 bytes=48 time_ms=1727411
RX,REAL,,7,170,48,1727805.88,1727801,1727805.88,1727411,1727801,5.879999999888241,4118,1727805880	ID:1	[INFO: Metric    ] METRIC_RX type=REAL src=7 seq=170 send_ms=1727411 recv_ms=1727801 bytes=48
TX,REAL,6,,170,48,1728523.0,1727589,1728523.0,,,,4122,1728523000	ID:6	[INFO: Metric    ] METRIC_TX type=REAL node=6 seq=170 bytes=48 time_ms=1727589
RX,REAL,,6,170,48,1728551.88,1728547,1728551.88,1727589,1728547,28.87999999988824,4123,1728551880	ID:1	[INFO: Metric    ] METRIC_RX type=REAL src=6 seq=170 send_ms=1727589 recv_ms=1728547 bytes=48
TX,REAL,3,,168,48,1732919.0,1731979,1732919.0,,,,4125,1732919000	ID:3	[INFO: Metric    ] METRIC_TX type=REAL node=3 seq=168 bytes=48 time_ms=1731979
RX,REAL,,3,168,48,1732985.168,1732981,1732985.168,1731979,1732981,66.16800000006333,4126,1732985168	ID:1	[INFO: Metric    ] METRIC_RX type=REAL src=3 seq=168 send_ms=1731979 recv_ms=1732981 bytes=48
TX,REAL,2,,172,48,1733259.0,1732781,1733259.0,,,,4128,1733259000	ID:2	[INFO: Metric    ] METRIC_TX type=REAL node=2 seq=172 bytes=48 time_ms=1732781
RX,REAL,,2,172,48,1733264.88,1733260,1733264.88,1732781,1733260,5.879999999888241,4129,1733264880	ID:1	[INFO: Metric    ] METRIC_RX type=REAL src=2 seq=172 send_ms=1732781 recv_ms=1733260 bytes=48
TX,REAL,5,,171,48,1733765.0,1732822,1733765.0,,,,4131,1733765000	ID:5	[INFO: Metric    ] METRIC_TX type=REAL node=5 seq=171 bytes=48 time_ms=1732822
RX,REAL,,5,171,48,1733815.168,1733811,1733815.168,1732822,1733811,50.16800000006333,4132,1733815168	ID:1	[INFO: Metric    ] METRIC_RX type=REAL src=5 seq=171 send_ms=1732822 recv_ms=1733811 bytes=48
TX,REAL,7,,171,48,1737801.0,1737412,1737801.0,,,,4135,1737801000	ID:7	[INFO: Metric    ] METRIC_TX type=REAL node=7 seq=171 bytes=48 time_ms=1737412
RX,REAL,,7,171,48,1737812.88,1737808,1737812.88,1737412,1737808,11.879999999888241,4136,1737812880	ID:1	[INFO: Metric    ] METRIC_RX type=REAL src=7 seq=171 send_ms=1737412 recv_ms=1737808 bytes=48
TX,REAL,4,,170,48,1738499.0,1737874,1738499.0,,,,4140,1738499000	ID:4	[INFO: Metric    ] METRIC_TX type=REAL node=4 seq=170 bytes=48 time_ms=1737874
RX,REAL,,4,170,48,1738565.168,1738561,1738565.168,1737874,1738561,66.16800000006333,4141,1738565168	ID:1	[INFO: Metric    ] METRIC_RX type=REAL src=4 seq=170 send_ms=1737874 recv_ms=1738561 bytes=48
TX,REAL,6,,171,48,1739524.0,1738590,1739524.0,,,,4143,1739524000	ID:6	[INFO: Metric    ] METRIC_TX type=REAL node=6 seq=171 bytes=48 time_ms=1738590
TX,DUMMY,6,,28,48,1739525.0,1738591,1739525.0,,,,4144,1739525000	ID:6	[INFO: Metric    ] METRIC_TX type=DUMMY node=6 seq=28 bytes=48 time_ms=1738591
RX,REAL,,6,171,48,1739565.88,1739561,1739565.88,1738590,1739561,41.87999999988824,4145,1739565880	ID:1	[INFO: Metric    ] METRIC_RX type=REAL src=6 seq=171 send_ms=1738590 recv_ms=1739561 bytes=48
RX,DUMMY,,6,28,48,1739577.88,1739573,1739577.88,1738591,1739573,,4146,1739577880	ID:1	[INFO: Metric    ] METRIC_RX type=DUMMY src=6 seq=28 send_ms=1738591 recv_ms=1739573 bytes=48
TX,REAL,3,,169,48,1741920.0,1740980,1741920.0,,,,4149,1741920000	ID:3	[INFO: Metric    ] METRIC_TX type=REAL node=3 seq=169 bytes=48 time_ms=1740980
RX,REAL,,3,169,48,1741986.168,1741982,1741986.168,1740980,1741982,66.16800000006333,4150,1741986168	ID:1	[INFO: Metric    ] METRIC_RX type=REAL src=3 seq=169 send_ms=1740980 recv_ms=1741982 bytes=48
TX,REAL,2,,173,48,1742260.0,1741782,1742260.0,,,,4152,1742260000	ID:2	[INFO: Metric    ] METRIC_TX type=REAL node=2 seq=173 bytes=48 time_ms=1741782
RX,REAL,,2,173,48,1742266.88,1742262,1742266.88,1741782,1742262,6.879999999888241,4153,1742266880	ID:1	[INFO: Metric    ] METRIC_RX type=REAL src=2 seq=173 send_ms=1741782 recv_ms=1742262 bytes=48
TX,REAL,5,,172,48,1742766.0,1741823,1742766.0,,,,4155,1742766000	ID:5	[INFO: Metric    ] METRIC_TX type=REAL node=5 seq=172 bytes=48 time_ms=1741823
RX,REAL,,5,172,48,1742831.168,1742827,1742831.168,1741823,1742827,65.16800000006333,4156,1742831168	ID:1	[INFO: Metric    ] METRIC_RX type=REAL src=5 seq=172 send_ms=1741823 recv_ms=1742827 bytes=48
TX,REAL,7,,172,48,1746802.0,1746413,1746802.0,,,,4158,1746802000	ID:7	[INFO: Metric    ] METRIC_TX type=REAL node=7 seq=172 bytes=48 time_ms=1746413
TX,DUMMY,7,,32,48,1746803.0,1746414,1746803.0,,,,4159,1746803000	ID:7	[INFO: Metric    ] METRIC_TX type=DUMMY node=7 seq=32 bytes=48 time_ms=1746414
RX,REAL,,7,172,48,1746832.88,1746828,1746832.88,1746413,1746828,30.87999999988824,4160,1746832880	ID:1	[INFO: Metric    ] METRIC_RX type=REAL src=7 seq=172 send_ms=1746413 recv_ms=1746828 bytes=48
RX,DUMMY,,7,32,48,1746857.88,1746853,1746857.88,1746414,1746853,,4161,1746857880	ID:1	[INFO: Metric    ] METRIC_RX type=DUMMY src=7 seq=32 send_ms=1746414 recv_ms=1746853 bytes=48
TX,REAL,4,,171,48,1749500.0,1748875,1749500.0,,,,4164,1749500000	ID:4	[INFO: Metric    ] METRIC_TX type=REAL node=4 seq=171 bytes=48 time_ms=1748875
TX,DUMMY,4,,32,48,1749501.0,1748876,1749501.0,,,,4165,1749501000	ID:4	[INFO: Metric    ] METRIC_TX type=DUMMY node=4 seq=32 bytes=48 time_ms=1748876
TX,REAL,6,,172,48,1749526.0,1748592,1749526.0,,,,4166,1749526000	ID:6	[INFO: Metric    ] METRIC_TX type=REAL node=6 seq=172 bytes=48 time_ms=1748592
RX,REAL,,6,172,48,1749566.016,1749562,1749566.016,1748592,1749562,40.01600000006147,4167,1749566016	ID:1	[INFO: Metric    ] METRIC_RX type=REAL src=6 seq=172 send_ms=1748592 recv_ms=1749562 bytes=48
RX,REAL,,4,171,48,1749573.168,1749569,1749573.168,1748875,1749569,73.16800000006333,4169,1749573168	ID:1	[INFO: Metric    ] METRIC_RX type=REAL src=4 seq=171 send_ms=1748875 recv_ms=1749569 bytes=48
RX,DUMMY,,4,32,48,1749612.168,1749608,1749612.168,1748876,1749608,,4171,1749612168	ID:1	[INFO: Metric    ] METRIC_RX type=DUMMY src=4 seq=32 send_ms=1748876 recv_ms=1749608 bytes=48
TX,REAL,5,,173,48,1752767.0,1751824,1752767.0,,,,4174,1752767000	ID:5	[INFO: Metric    ] METRIC_TX type=REAL node=5 seq=173 bytes=48 time_ms=1751824
RX,REAL,,5,173,48,1752847.168,1752843,1752847.168,1751824,1752843,80.16800000006333,4175,1752847168	ID:1	[INFO: Metric    ] METRIC_RX type=REAL src=5 seq=173 send_ms=1751824 recv_ms=1752843 bytes=48
TX,REAL,3,,170,48,1752921.0,1751981,1752921.0,,,,4179,1752921000	ID:3	[INFO: Metric    ] METRIC_TX type=REAL node=3 seq=170 bytes=48 time_ms=1751981
RX,REAL,,3,170,48,1752953.168,1752949,1752953.168,1751981,1752949,32.16800000006333,4180,1752953168	ID:1	[INFO: Metric    ] METRIC_RX type=REAL src=3 seq=170 send_ms=1751981 recv_ms=1752949 bytes=48
TX,REAL,2,,174,48,1753261.0,1752783,1753261.0,,,,4182,1753261000	ID:2	[INFO: Metric    ] METRIC_TX type=REAL node=2 seq=174 bytes=48 time_ms=1752783
TX,DUMMY,2,,44,48,1753262.0,1752784,1753262.0,,,,4183,1753262000	ID:2	[INFO: Metric    ] METRIC_TX type=DUMMY node=2 seq=44 bytes=48 time_ms=1752784
RX,REAL,,2,174,48,1753301.88,1753297,1753301.88,1752783,1753297,40.87999999988824,4184,1753301880	ID:1	[INFO: Metric    ] METRIC_RX type=REAL src=2 seq=174 send_ms=1752783 recv_ms=1753297 bytes=48
RX,DUMMY,,2,44,48,1753322.88,1753318,1753322.88,1752784,1753318,,4185,1753322880	ID:1	[INFO: Metric    ] METRIC_RX type=DUMMY src=2 seq=44 send_ms=1752784 recv_ms=1753318 bytes=48
TX,REAL,7,,173,48,1757804.0,1757415,1757804.0,,,,4188,1757804000	ID:7	[INFO: Metric    ] METRIC_TX type=REAL node=7 seq=173 bytes=48 time_ms=1757415
RX,REAL,,7,173,48,1757813.88,1757809,1757813.88,1757415,1757809,9.879999999888241,4189,1757813880	ID:1	[INFO: Metric    ] METRIC_RX type=REAL src=7 seq=173 send_ms=1757415 recv_ms=1757809 bytes=48
TX,REAL,4,,172,48,1758502.0,1757877,1758502.0,,,,4191,1758502000	ID:4	[INFO: Metric    ] METRIC_TX type=REAL node=4 seq=172 bytes=48 time_ms=1757877
RX,REAL,,4,172,48,1758527.168,1758523,1758527.168,1757877,1758523,25.16800000006333,4192,1758527168	ID:1	[INFO: Metric    ] METRIC_RX type=REAL src=4 seq=172 send_ms=1757877 recv_ms=1758523 bytes=48
TX,REAL,6,,173,48,1758529.168,1757595,1758529.168,,,,4193,1758529168	ID:6	[INFO: Metric    ] METRIC_TX type=REAL node=6 seq=173 bytes=48 time_ms=1757595
RX,REAL,,6,173,48,1758563.88,1758559,1758563.88,1757595,1758559,34.71199999982491,4194,1758563880	ID:1	[INFO: Metric    ] METRIC_RX type=REAL src=6 seq=173 send_ms=1757595 recv_ms=1758559 bytes=48
TX,REAL,3,,171,48,1761922.0,1760982,1761922.0,,,,4197,1761922000	ID:3	[INFO: Metric    ] METRIC_TX type=REAL node=3 seq=171 bytes=48 time_ms=1760982
RX,REAL,,3,171,48,1761957.168,1761953,1761957.168,1760982,1761953,35.16800000006333,4198,1761957168	ID:1	[INFO: Metric    ] METRIC_RX type=REAL src=3 seq=171 send_ms=1760982 recv_ms=1761953 bytes=48
TX,REAL,2,,175,48,1762263.0,1761785,1762263.0,,,,4201,1762263000	ID:2	[INFO: Metric    ] METRIC_TX type=REAL node=2 seq=175 bytes=48 time_ms=1761785
RX,REAL,,2,175,48,1762276.88,1762272,1762276.88,1761785,1762272,13.879999999888241,4202,1762276880	ID:1	[INFO: Metric    ] METRIC_RX type=REAL src=2 seq=175 send_ms=1761785 recv_ms=1762272 bytes=48
TX,REAL,5,,174,48,1763768.0,1762825,1763768.0,,,,4204,1763768000	ID:5	[INFO: Metric    ] METRIC_TX type=REAL node=5 seq=174 bytes=48 time_ms=1762825
RX,REAL,,5,174,48,1763836.168,1763832,1763836.168,1762825,1763832,68.16800000006333,4205,1763836168	ID:1	[INFO: Metric    ] METRIC_RX type=REAL src=5 seq=174 send_ms=1762825 recv_ms=1763832 bytes=48
TX,REAL,7,,174,48,1766805.0,1766416,1766805.0,,,,4207,1766805000	ID:7	[INFO: Metric    ] METRIC_TX type=REAL node=7 seq=174 bytes=48 time_ms=1766416
RX,REAL,,7,174,48,1766825.88,1766821,1766825.88,1766416,1766821,20.87999999988824,4208,1766825880	ID:1	[INFO: Metric    ] METRIC_RX type=REAL src=7 seq=174 send_ms=1766416 recv_ms=1766821 bytes=48
TX,REAL,4,,173,48,1767503.0,1766878,1767503.0,,,,4210,1767503000	ID:4	[INFO: Metric    ] METRIC_TX type=REAL node=4 seq=173 bytes=48 time_ms=1766878
RX,REAL,,4,173,48,1767565.168,1767561,1767565.168,1766878,1767561,62.16800000006333,4211,1767565168	ID:1	[INFO: Metric    ] METRIC_RX type=REAL src=4 seq=173 send_ms=1766878 recv_ms=1767561 bytes=48
TX,REAL,6,,174,48,1769530.0,1768596,1769530.0,,,,4213,1769530000	ID:6	[INFO: Metric    ] METRIC_TX type=REAL node=6 seq=174 bytes=48 time_ms=1768596
RX,REAL,,6,174,48,1769539.88,1769535,1769539.88,1768596,1769535,9.879999999888241,4214,1769539880	ID:1	[INFO: Metric    ] METRIC_RX type=REAL src=6 seq=174 send_ms=1768596 recv_ms=1769535 bytes=48
TX,REAL,3,,172,48,1771923.0,1770983,1771923.0,,,,4216,1771923000	ID:3	[INFO: Metric    ] METRIC_TX type=REAL node=3 seq=172 bytes=48 time_ms=1770983
RX,REAL,,3,172,48,1771972.168,1771968,1771972.168,1770983,1771968,49.16800000006333,4217,1771972168	ID:1	[INFO: Metric    ] METRIC_RX type=REAL src=3 seq=172 send_ms=1770983 recv_ms=1771968 bytes=48
TX,REAL,2,,176,48,1772264.0,1771786,1772264.0,,,,4219,1772264000	ID:2	[INFO: Metric    ] METRIC_TX type=REAL node=2 seq=176 bytes=48 time_ms=1771786
RX,REAL,,2,176,48,1772290.88,1772286,1772290.88,1771786,1772286,26.87999999988824,4220,1772290880	ID:1	[INFO: Metric    ] METRIC_RX type=REAL src=2 seq=176 send_ms=1771786 recv_ms=1772286 bytes=48
TX,REAL,5,,175,48,1773769.0,1772826,1773769.0,,,,4222,1773769000	ID:5	[INFO: Metric    ] METRIC_TX type=REAL node=5 seq=175 bytes=48 time_ms=1772826
RX,REAL,,5,175,48,1773801.168,1773797,1773801.168,1772826,1773797,32.16800000006333,4223,1773801168	ID:1	[INFO: Metric    ] METRIC_RX type=REAL src=5 seq=175 send_ms=1772826 recv_ms=1773797 bytes=48
TX,REAL,7,,175,48,1776806.0,1776417,1776806.0,,,,4225,1776806000	ID:7	[INFO: Metric    ] METRIC_TX type=REAL node=7 seq=175 bytes=48 time_ms=1776417
RX,REAL,,7,175,48,1776830.88,1776826,1776830.88,1776417,1776826,24.87999999988824,4226,1776830880	ID:1	[INFO: Metric    ] METRIC_RX type=REAL src=7 seq=175 send_ms=1776417 recv_ms=1776826 bytes=48
TX,REAL,4,,174,48,1777504.0,1776879,1777504.0,,,,4228,1777504000	ID:4	[INFO: Metric    ] METRIC_TX type=REAL node=4 seq=174 bytes=48 time_ms=1776879
TX,DUMMY,4,,33,48,1777505.0,1776880,1777505.0,,,,4229,1777505000	ID:4	[INFO: Metric    ] METRIC_TX type=DUMMY node=4 seq=33 bytes=48 time_ms=1776880
RX,REAL,,4,174,48,1777571.168,1777567,1777571.168,1776879,1777567,67.16800000006333,4230,1777571168	ID:1	[INFO: Metric    ] METRIC_RX type=REAL src=4 seq=174 send_ms=1776879 recv_ms=1777567 bytes=48
RX,DUMMY,,4,33,48,1777628.168,1777624,1777628.168,1776880,1777624,,4233,1777628168	ID:1	[INFO: Metric    ] METRIC_RX type=DUMMY src=4 seq=33 send_ms=1776880 recv_ms=1777624 bytes=48
TX,REAL,6,,175,48,1780531.0,1779597,1780531.0,,,,4235,1780531000	ID:6	[INFO: Metric    ] METRIC_TX type=REAL node=6 seq=175 bytes=48 time_ms=1779597
TX,DUMMY,6,,29,48,1780532.0,1779598,1780532.0,,,,4236,1780532000	ID:6	[INFO: Metric    ] METRIC_TX type=DUMMY node=6 seq=29 bytes=48 time_ms=1779598
RX,REAL,,6,175,48,1780566.88,1780562,1780566.88,1779597,1780562,35.87999999988824,4237,1780566880	ID:1	[INFO: Metric    ] METRIC_RX type=REAL src=6 seq=175 send_ms=1779597 recv_ms=1780562 bytes=48
RX,DUMMY,,6,29,48,1780574.88,1780570,1780574.88,1779598,1780570,,4238,1780574880	ID:1	[INFO: Metric    ] METRIC_RX type=DUMMY src=6 seq=29 send_ms=1779598 recv_ms=1780570 bytes=48
TX,REAL,3,,173,48,1781924.0,1780984,1781924.0,,,,4241,1781924000	ID:3	[INFO: Metric    ] METRIC_TX type=REAL node=3 seq=173 bytes=48 time_ms=1780984
TX,DUMMY,3,,41,48,1781925.0,1780985,1781925.0,,,,4242,1781925000	ID:3	[INFO: Metric    ] METRIC_TX type=DUMMY node=3 seq=41 bytes=48 time_ms=1780985
RX,REAL,,3,173,48,1782005.168,1782001,1782005.168,1780984,1782001,81.16800000006333,4243,1782005168	ID:1	[INFO: Metric    ] METRIC_RX type=REAL src=3 seq=173 send_ms=1780984 recv_ms=1782001 bytes=48
RX,DUMMY,,3,41,48,1782020.168,1782016,1782020.168,1780985,1782016,,4244,1782020168	ID:1	[INFO: Metric    ] METRIC_RX type=DUMMY src=3 seq=41 send_ms=1780985 recv_ms=1782016 bytes=48
TX,REAL,2,,177,48,1782265.0,1781787,1782265.0,,,,4247,1782265000	ID:2	[INFO: Metric    ] METRIC_TX type=REAL node=2 seq=177 bytes=48 time_ms=1781787
RX,REAL,,2,177,48,1782307.88,1782303,1782307.88,1781787,1782303,42.87999999988824,4248,1782307880	ID:1	[INFO: Metric    ] METRIC_RX type=REAL src=2 seq=177 send_ms=1781787 recv_ms=1782303 bytes=48
TX,REAL,5,,176,48,1783770.0,1782827,1783770.0,,,,4250,1783770000	ID:5	[INFO: Metric    ] METRIC_TX type=REAL node=5 seq=176 bytes=48 time_ms=1782827
RX,REAL,,5,176,48,1783810.168,1783806,1783810.168,1782827,1783806,40.16800000006333,4251,1783810168	ID:1	[INFO: Metric    ] METRIC_RX type=REAL src=5 seq=176 send_ms=1782827 recv_ms=1783806 bytes=48
TX,REAL,7,,176,48,1785807.0,1785418,1785807.0,,,,4253,1785807000	ID:7	[INFO: Metric    ] METRIC_TX type=REAL node=7 seq=176 bytes=48 time_ms=1785418
RX,REAL,,7,176,48,1785820.88,1785816,1785820.88,1785418,1785816,13.879999999888241,4254,1785820880	ID:1	[INFO: Metric    ] METRIC_RX type=REAL src=7 seq=176 send_ms=1785418 recv_ms=1785816 bytes=48
TX,REAL,4,,175,48,1786506.0,1785881,1786506.0,,,,4256,1786506000	ID:4	[INFO: Metric    ] METRIC_TX type=REAL node=4 seq=175 bytes=48 time_ms=1785881
RX,REAL,,4,175,48,1786578.168,1786574,1786578.168,1785881,1786574,72.16800000006333,4257,1786578168	ID:1	[INFO: Metric    ] METRIC_RX type=REAL src=4 seq=175 send_ms=1785881 recv_ms=1786574 bytes=48
TX,REAL,2,,178,48,1791266.0,1790788,1791266.0,,,,4259,1791266000	ID:2	[INFO: Metric    ] METRIC_TX type=REAL node=2 seq=178 bytes=48 time_ms=1790788
RX,REAL,,2,178,48,1791300.88,1791296,1791300.88,1790788,1791296,34.87999999988824,4260,1791300880	ID:1	[INFO: Metric    ] METRIC_RX type=REAL src=2 seq=178 send_ms=1790788 recv_ms=1791296 bytes=48
TX,REAL,6,,176,48,1791533.0,1790599,1791533.0,,,,4263,1791533000	ID:6	[INFO: Metric    ] METRIC_TX type=REAL node=6 seq=176 bytes=48 time_ms=1790599
RX,REAL,,6,176,48,1791538.88,1791534,1791538.88,1790599,1791534,5.879999999888241,4264,1791538880	ID:1	[INFO: Metric    ] METRIC_RX type=REAL src=6 seq=176 send_ms=1790599 recv_ms=1791534 bytes=48
TX,REAL,3,,174,48,1792926.0,1791986,1792926.0,,,,4266,1792926000	ID:3	[INFO: Metric    ] METRIC_TX type=REAL node=3 seq=174 bytes=48 time_ms=1791986
RX,REAL,,3,174,48,1792980.168,1792976,1792980.168,1791986,1792976,54.16800000006333,4267,1792980168	ID:1	[INFO: Metric    ] METRIC_RX type=REAL src=3 seq=174 send_ms=1791986 recv_ms=1792976 bytes=48
TX,REAL,5,,177,48,1793771.0,1792828,1793771.0,,,,4269,1793771000	ID:5	[INFO: Metric    ] METRIC_TX type=REAL node=5 seq=177 bytes=48 time_ms=1792828
TX,DUMMY,5,,37,48,1793772.0,1792829,1793772.0,,,,4270,1793772000	ID:5	[INFO: Metric    ] METRIC_TX type=DUMMY node=5 seq=37 bytes=48 time_ms=1792829
RX,REAL,,5,177,48,1793848.168,1793844,1793848.168,1792828,1793844,77.16800000006333,4271,1793848168	ID:1	[INFO: Metric    ] METRIC_RX type=REAL src=5 seq=177 send_ms=1792828 recv_ms=1793844 bytes=48
RX,DUMMY,,5,37,48,1793893.168,1793889,1793893.168,1792829,1793889,,4272,1793893168	ID:1	[INFO: Metric    ] METRIC_RX type=DUMMY src=5 seq=37 send_ms=1792829 recv_ms=1793889 bytes=48
TX,REAL,7,,177,48,1795808.0,1795419,1795808.0,,,,4275,1795808000	ID:7	[INFO: Metric    ] METRIC_TX type=REAL node=7 seq=177 bytes=48 time_ms=1795419
RX,REAL,,7,177,48,1795815.88,1795811,1795815.88,1795419,1795811,7.879999999888241,4276,1795815880	ID:1	[INFO: Metric    ] METRIC_RX type=REAL src=7 seq=177 send_ms=1795419 recv_ms=1795811 bytes=48
TX,REAL,4,,176,48,1797507.0,1796882,1797507.0,,,,4278,1797507000	ID:4	[INFO: Metric    ] METRIC_TX type=REAL node=4 seq=176 bytes=48 time_ms=1796882
RX,REAL,,4,176,48,1797588.168,1797584,1797588.168,1796882,1797584,81.16800000006333,4279,1797588168	ID:1	[INFO: Metric    ] METRIC_RX type=REAL src=4 seq=176 send_ms=1796882 recv_ms=1797584 bytes=48
