{
  "epoch": [
    1,
    2,
    3,
    4,
    5,
    6,
    7,
    8,
    9
  ],
  "train_loss": [
    4.838619645647828,
    4.073148404244964,
    4.015434020645463,
    4.019146758192534,
    4.013884784111285,
    3.996708316528388,
    3.9931487963181134,
    3.993137236581424,
    3.9843962667788384
  ],
  "val_loss": [
    4.072395491845829,
    4.002031038716896,
    4.00551548692369,
    3.9786188823660624,
    3.9800658668439413,
    3.9965105007604227,
    3.995613960875678,
    3.993178281587424,
    3.9920591079082683
  ],
  "val_acc": [
    0.010309278350515464,
    0.02577319587628866,
    0.04639175257731959,
    0.05154639175257732,
    0.03608247422680412,
    0.041237113402061855,
    0.005154639175257732,
    0.020618556701030927,
    0.030927835051546393
  ]
}