{
  "epoch": [
    1,
    2,
    3,
    4,
    5,
    6,
    7,
    8,
    9,
    10,
    11,
    12,
    13,
    14
  ],
  "train_loss": [
    3.993553503011152,
    3.9883998784247954,
    3.9809407078942587,
    3.9738242034764255,
    3.966765520712598,
    3.947788852921884,
    3.915168378308234,
    3.8361207155690242,
    3.7397048491840215,
    3.5934831478270977,
    3.5051673343147285,
    3.352997981828709,
    3.2999478410908814,
    3.2317144572404795
  ],
  "val_loss": [
    3.9909078263744866,
    3.986576785746309,
    3.981534886605961,
    3.974596438948641,
    3.9591134626840807,
    3.955842839073889,
    3.9270410095293498,
    3.911717171521531,
    3.8956244163906453,
    3.9097135189882257,
    4.0464279725379555,
    4.139858312213544,
    4.124652346384894,
    4.164702513783248
  ],
  "val_acc": [
    0.0,
    0.0,
    0.015463917525773196,
    0.015463917525773196,
    0.02577319587628866,
    0.010309278350515464,
    0.041237113402061855,
    0.08247422680412371,
    0.10309278350515463,
    0.05670103092783505,
    0.07731958762886598,
    0.061855670103092786,
    0.061855670103092786,
    0.05154639175257732
  ]
}