{
  "epoch": [
    1,
    2,
    3,
    4,
    5,
    6,
    7,
    8,
    9
  ],
  "train_loss": [
    1.556631692310029,
    1.491175418260085,
    1.4327291183337085,
    1.3806522813019269,
    1.423750561874064,
    1.5663034931937563,
    1.6014540942828888,
    1.6024863249062478,
    1.5838692186033212
  ],
  "val_loss": [
    1.4710142168360125,
    1.404578118564157,
    1.4082901368410226,
    1.3560708160711583,
    1.5033803522627343,
    1.5756966835945176,
    1.5699187523649307,
    1.575900467053147,
    1.5710973324701138
  ],
  "val_acc": [
    0.33038749150237934,
    0.335825968728756,
    0.36845683208701563,
    0.39972807613868117,
    0.36845683208701563,
    0.33378653976886474,
    0.29707681849082257,
    0.3127124405166553,
    0.28755948334466347
  ]
}