{
  "epoch": [
    1,
    2,
    3,
    4,
    5,
    6,
    7,
    8,
    9,
    10,
    11,
    12,
    13,
    14,
    15,
    16,
    17,
    18,
    19,
    20,
    21,
    22,
    23,
    24,
    25
  ],
  "train_loss": [
    3.5474583960738926,
    1.657300172178868,
    1.4927957132750072,
    1.3717130679618823,
    1.3294568634057526,
    1.3082513004678222,
    1.267394188755407,
    1.2538191233741813,
    1.2404002442973707,
    1.1966140795029703,
    1.1797133480442399,
    1.1492053773852762,
    1.1539629517394534,
    1.120995902869191,
    1.1062042473165625,
    1.1124799911352754,
    1.0945849588910164,
    1.09722632085602,
    1.0855989047731394,
    1.0782628391616462,
    1.057486941286991,
    1.0639849564814685,
    1.056928161303013,
    1.0610382994347092,
    1.0450595806821068
  ],
  "val_loss": [
    1.6771283926889249,
    1.4967600676901562,
    1.304424385243253,
    1.2284120105708398,
    1.2063182190435424,
    1.2064546169998045,
    1.1691425601938483,
    1.2144964413120989,
    1.1224400979333147,
    1.0863787462563843,
    1.0753452409942648,
    1.124325671461794,
    1.055654915962634,
    1.0207581451602084,
    1.0452441493318974,
    0.9977067783120374,
    1.0130962483498775,
    1.0093842458757392,
    0.9924660090035439,
    0.9788931183552434,
    0.9695708998038929,
    0.9587818194943006,
    0.9787880595973525,
    1.0024844160054023,
    0.9437532278245035
  ],
  "val_acc": [
    0.3201903467029232,
    0.33378653976886474,
    0.43643779741672334,
    0.5016995241332427,
    0.46702923181509176,
    0.46091094493541807,
    0.46498980285520053,
    0.43507817811012917,
    0.5227736233854521,
    0.5513256288239293,
    0.5805574439157036,
    0.5186947654656696,
    0.5458871515975526,
    0.5676410605030592,
    0.549286199864038,
    0.592794017675051,
    0.5676410605030592,
    0.5893949694085656,
    0.5812372535690007,
    0.6118286879673691,
    0.6029911624745071,
    0.6152277362338545,
    0.6165873555404486,
    0.5710401087695445,
    0.628823929299796
  ]
}