{
  "split": "test",
  "model_type": "lstm",
  "accuracy": 0.3720568540199594,
  "f1_macro": 0.18569082737636547,
  "precision_macro": 0.23274202166276114,
  "recall_macro": 0.2975210923940584,
  "per_class_recall": {
    "Bathe": 0.8479955456570156,
    "Bed_Toilet_Transition": 0.7254901960784313,
    "Cook": 0.55,
    "Cook_Breakfast": 0.032879818594104306,
    "Cook_Dinner": 0.02385008517887564,
    "Cook_Lunch": 0.0055248618784530384,
    "Dress": 0.07160493827160494,
    "Drink": 0.09579439252336448,
    "Eat": 0.4716981132075472,
    "Eat_Breakfast": 0.2552552552552553,
    "Eat_Dinner": 0.0,
    "Eat_Lunch": 0.11904761904761904,
    "Enter_Home": 0.8,
    "Entertain_Guests": 0.3240418118466899,
    "Evening_Meds": 0.25139664804469275,
    "Go_To_Sleep": 0.6666666666666666,
    "Groom": 0.016042780748663103,
    "Leave_Home": 0.4031746031746032,
    "Morning_Meds": 0.18598382749326145,
    "Personal_Hygiene": 0.0074794315632011965,
    "Phone": 0.553763440860215,
    "Read": 0.06191117092866756,
    "Relax": 0.0,
    "Sleep": 0.15084915084915085,
    "Sleep_Out_Of_Bed": 0.0034782608695652175,
    "Step_Out": 0.25170068027210885,
    "Toilet": 0.5186418109187749,
    "Wake_Up": 0.9166666666666666,
    "Wash_Breakfast_Dishes": 0.022792022792022793,
    "Wash_Dinner_Dishes": 0.059006211180124224,
    "Wash_Dishes": 0.0,
    "Wash_Lunch_Dishes": 0.14130434782608695,
    "Watch_TV": 0.7066767830045524,
    "Work_At_Table": 0.875
  },
  "confusion_matrix": [
    [
      1523,
      208,
      0,
      0,
      0,
      0,
      0,
      0,
      0,
      0,
      0,
      0,
      0,
      3,
      0,
      11,
      5,
      3,
      0,
      13,
      0,
      0,
      0,
      3,
      0,
      0,
      25,
      2,
      0,
      0,
      0,
      0,
      0,
      0
    ],
    [
      26,
      74,
      0,
      0,
      0,
      0,
      0,
      0,
      0,
      0,
      0,
      0,
      0,
      0,
      0,
      0,
      1,
      0,
      0,
      0,
      0,
      0,
      0,
      0,
      0,
      0,
      1,
      0,
      0,
      0,
      0,
      0,
      0,
      0
    ],
    [
      0,
      0,
      165,
      15,
      1,
      3,
      0,
      13,
      0,
      0,
      0,
      0,
      0,
      2,
      30,
      0,
      0,
      1,
      9,
      0,
      1,
      0,
      0,
      0,
      0,
      0,
      0,
      0,
      3,
      15,
      0,
      42,
      0,
      0
    ],
    [
      0,
      0,
      1062,
      58,
      27,
      8,
      0,
      73,
      1,
      0,
      0,
      0,
      0,
      17,
      158,
      0,
      0,
      2,
      30,
      0,
      4,
      1,
      0,
      0,
      0,
      0,
      0,
      0,
      27,
      88,
      0,
      204,
      0,
      4
    ],
    [
      0,
      0,
      329,
      15,
      14,
      0,
      0,
      37,
      3,
      0,
      0,
      0,
      0,
      10,
      78,
      0,
      0,
      2,
      13,
      0,
      0,
      0,
      0,
      0,
      0,
      0,
      0,
      0,
      3,
      29,
      0,
      54,
      0,
      0
    ],
    [
      0,
      0,
      234,
      8,
      1,
      2,
      0,
      15,
      0,
      0,
      0,
      0,
      0,
      4,
      32,
      0,
      0,
      0,
      3,
      0,
      1,
      0,
      0,
      0,
      0,
      0,
      0,
      0,
      3,
      23,
      0,
      33,
      0,
      3
    ],
    [
      3,
      4,
      0,
      0,
      0,
      0,
      116,
      0,
      0,
      1,
      1,
      2,
      2,
      21,
      0,
      384,
      1,
      2,
      0,
      0,
      0,
      0,
      0,
      172,
      0,
      3,
      2,
      905,
      0,
      0,
      0,
      0,
      1,
      0
    ],
    [
      0,
      0,
      140,
      3,
      4,
      1,
      0,
      41,
      0,
      0,
      0,
      0,
      0,
      15,
      134,
      0,
      0,
      0,
      27,
      0,
      1,
      0,
      0,
      0,
      0,
      0,
      0,
      0,
      10,
      13,
      0,
      33,
      4,
      2
    ],
    [
      0,
      0,
      0,
      0,
      0,
      0,
      0,
      0,
      25,
      14,
      0,
      0,
      0,
      0,
      0,
      0,
      0,
      1,
      0,
      0,
      3,
      1,
      0,
      0,
      0,
      0,
      0,
      0,
      0,
      0,
      0,
      0,
      9,
      0
    ],
    [
      0,
      0,
      2,
      0,
      0,
      0,
      0,
      0,
      64,
      85,
      2,
      18,
      0,
      2,
      0,
      0,
      0,
      3,
      0,
      0,
      28,
      11,
      0,
      0,
      1,
      1,
      1,
      0,
      0,
      1,
      0,
      1,
      113,
      0
    ],
    [
      0,
      0,
      0,
      0,
      1,
      0,
      0,
      0,
      26,
      28,
      0,
      6,
      0,
      1,
      0,
      0,
      0,
      0,
      0,
      0,
      2,
      8,
      0,
      0,
      1,
      0,
      0,
      0,
      0,
      0,
      0,
      0,
      40,
      0
    ],
    [
      0,
      0,
      0,
      0,
      0,
      0,
      0,
      0,
      14,
      17,
      1,
      10,
      0,
      1,
      0,
      0,
      0,
      1,
      0,
      0,
      5,
      5,
      0,
      0,
      0,
      0,
      0,
      0,
      0,
      0,
      0,
      0,
      30,
      0
    ],
    [
      0,
      0,
      0,
      0,
      0,
      0,
      0,
      0,
      0,
      0,
      0,
      1,
      212,
      7,
      0,
      0,
      0,
      3,
      0,
      0,
      5,
      0,
      0,
      0,
      0,
      36,
      1,
      0,
      0,
      0,
      0,
      0,
      0,
      0
    ],
    [
      4,
      1,
      59,
      3,
      1,
      0,
      3,
      7,
      9,
      1,
      0,
      1,
      6,
      93,
      20,
      0,
      1,
      13,
      3,
      0,
      12,
      0,
      0,
      3,
      0,
      2,
      11,
      2,
      2,
      11,
      0,
      18,
      1,
      0
    ],
    [
      0,
      0,
      134,
      8,
      3,
      2,
      0,
      39,
      0,
      0,
      0,
      0,
      0,
      4,
      90,
      0,
      0,
      2,
      12,
      0,
      1,
      1,
      0,
      0,
      0,
      1,
      0,
      0,
      8,
      15,
      0,
      35,
      3,
      0
    ],
    [
      0,
      0,
      0,
      0,
      0,
      0,
      0,
      0,
      0,
      0,
      0,
      0,
      0,
      0,
      0,
      26,
      0,
      1,
      0,
      0,
      0,
      0,
      0,
      2,
      0,
      0,
      0,
      10,
      0,
      0,
      0,
      0,
      0,
      0
    ],
    [
      105,
      61,
      0,
      0,
      0,
      0,
      0,
      0,
      0,
      0,
      0,
      0,
      0,
      0,
      0,
      2,
      3,
      0,
      0,
      1,
      0,
      0,
      0,
      3,
      0,
      1,
      11,
      0,
      0,
      0,
      0,
      0,
      0,
      0
    ],
    [
      3,
      0,
      0,
      0,
      0,
      0,
      0,
      1,
      7,
      1,
      0,
      2,
      14,
      12,
      1,
      1,
      0,
      127,
      0,
      0,
      32,
      2,
      0,
      0,
      0,
      63,
      2,
      4,
      0,
      0,
      0,
      0,
      42,
      1
    ],
    [
      0,
      0,
      105,
      5,
      1,
      1,
      0,
      31,
      1,
      0,
      0,
      0,
      0,
      5,
      112,
      0,
      0,
      1,
      69,
      0,
      3,
      0,
      0,
      0,
      0,
      0,
      0,
      0,
      4,
      8,
      0,
      23,
      1,
      1
    ],
    [
      722,
      329,
      0,
      0,
      0,
      0,
      0,
      0,
      1,
      1,
      1,
      0,
      0,
      16,
      1,
      6,
      2,
      1,
      0,
      10,
      3,
      1,
      0,
      6,
      0,
      2,
      231,
      3,
      0,
      0,
      0,
      0,
      1,
      0
    ],
    [
      0,
      0,
