{
  "epoch": [
    1,
    2,
    3,
    4,
    5,
    6,
    7,
    8,
    9,
    10,
    11,
    12,
    13,
    14,
    15,
    16,
    17,
    18,
    19,
    20,
    21,
    22,
    23,
    24,
    25
  ],
  "train_loss": [
    2.1773211953186338,
    1.268495078193069,
    1.1828669235427005,
    1.1347594879209093,
    1.0891164718001012,
    1.0535005550768846,
    1.0476390871541919,
    1.0196146427460053,
    1.0129338247884274,
    0.9940630396477443,
    0.9992883315683931,
    0.9968811839519969,
    0.9856534908162841,
    0.9840993269672403,
    0.9782825482680144,
    0.9650594580033628,
    0.9629196187424591,
    0.9679889988481664,
    0.9524144645532648,
    0.9584668124336265,
    0.9464297369616592,
    0.947531041898729,
    0.9426927517068932,
    0.9497847966628098,
    0.9363477824598201
  ],
  "val_loss": [
    1.2466359169283827,
    1.1329932270367724,
    1.1016423384564658,
    1.0731882783201259,
    0.9978466674553789,
    0.9752664978531734,
    1.0200656212405392,
    0.940669519734334,
    0.937369121450052,
    0.9229635016436807,
    0.9783156501606644,
    0.9546839203824808,
    0.9247995469134167,
    0.9116011739668597,
    0.9442302767392489,
    0.9254095372823045,
    0.9275504605126657,
    0.9729686231535362,
    0.904909751311522,
    0.9184007367902998,
    0.8926374170749387,
    0.8846761832263176,
    0.8730253696765808,
    0.9220905253305312,
    0.9139499842999016
  ],
  "val_acc": [
    0.4772263766145479,
    0.5016995241332427,
    0.5370496261046906,
    0.5635622025832767,
    0.5859959211420802,
    0.6084296397008837,
    0.5825968728755948,
    0.611148878314072,
    0.5989123045547247,
    0.6186267845003399,
    0.5948334466349422,
    0.5975526852481305,
    0.6267845003399048,
    0.5968728755948335,
    0.601631543167913,
    0.6070700203942896,
    0.6050305914343984,
    0.5968728755948335,
    0.628823929299796,
    0.6023113528212101,
    0.6213460231135283,
    0.6390210740992522,
    0.636981645139361,
    0.6240652617267165,
    0.6240652617267165
  ]
}