{
  "epoch": [
    1,
    2,
    3,
    4,
    5,
    6,
    7,
    8,
    9,
    10,
    11
  ],
  "train_loss": [
    1.4655838131478927,
    1.3730068414759786,
    1.4136235908350354,
    1.2861269096435484,
    1.2904865272676351,
    1.1838829703850722,
    1.3009958676468087,
    1.3842468946650206,
    1.3911463368853183,
    1.3932546327317212,
    1.4000786653567974
  ],
  "val_loss": [
    1.372941603148413,
    1.2846655751636125,
    1.4017534838656356,
    1.1800319923177858,
    1.278048760059494,
    1.0772986343975055,
    1.3870071033326077,
    1.4279678858193632,
    1.4037969387930969,
    1.4047708423829743,
    1.4012201095745727
  ],
  "val_acc": [
    0.3263086335825969,
    0.4813052345343304,
    0.3902107409925221,
    0.522093813732155,
    0.44119646498980286,
    0.5363698164513936,
    0.335825968728756,
    0.32902787219578516,
    0.3283480625424881,
    0.3127124405166553,
    0.37185588035350103
  ]
}