{
  "epoch": [
    1,
    2,
    3,
    4,
    5,
    6,
    7,
    8
  ],
  "train_loss": [
    4.645913636301575,
    4.076092475012423,
    4.0258516541879175,
    3.9982087905224772,
    4.01301641084031,
    4.010464904844299,
    3.9926436338181777,
    3.9876709892636253
  ],
  "val_loss": [
    4.020612810075898,
    3.983972864052684,
    3.981110209042264,
    3.991318550306497,
    3.9832536633481683,
    3.9935673659609767,
    3.985124804309963,
    3.989093298764573
  ],
  "val_acc": [
    0.015463917525773196,
    0.030927835051546393,
    0.03608247422680412,
    0.010309278350515464,
    0.02577319587628866,
    0.030927835051546393,
    0.04639175257731959,
    0.04639175257731959
  ]
}