{
  "epoch": [
    1,
    2,
    3,
    4,
    5,
    6,
    7,
    8,
    9,
    10,
    11,
    12,
    13,
    14,
    15
  ],
  "train_loss": [
    3.9930356663062856,
    3.9854852656853423,
    3.976081296323014,
    3.9639092930659636,
    3.9445382827936215,
    3.889645990739233,
    3.800342800609297,
    3.6948935716255162,
    3.6199158233397557,
    3.4433895440592717,
    3.2739990779331754,
    3.1416154987656264,
    3.0216017149611565,
    2.8176678071914454,
    2.746161252293212
  ],
  "val_loss": [
    3.9902861904852167,
    3.98486514435601,
    3.978006997059301,
    3.9642776508921203,
    3.9226887078629327,
    3.8573914237858093,
    3.8123739281880487,
    3.7543504803451064,
    3.7324849305693637,
    3.687667967117939,
    3.770983509181701,
    3.7594662302548123,
    3.7305186163518846,
    3.7335277414813484,
    3.7132817174970487
  ],
  "val_acc": [
    0.0,
    0.005154639175257732,
    0.015463917525773196,
    0.05154639175257732,
    0.061855670103092786,
    0.05154639175257732,
    0.08762886597938144,
    0.07216494845360824,
    0.05154639175257732,
    0.07731958762886598,
    0.02577319587628866,
    0.04639175257731959,
    0.04639175257731959,
    0.061855670103092786,
    0.07216494845360824
  ]
}