{
  "split": "test",
  "model_type": "lstm",
  "accuracy": 0.04829999567978572,
  "f1_macro": 0.03789041350002957,
  "precision_macro": 0.14091145240334227,
  "recall_macro": 0.06379558666325495,
  "per_class_recall": {
    "Bathe": 0.0011135857461024498,
    "Bed_Toilet_Transition": 0.0196078431372549,
    "Cook": 0.006666666666666667,
    "Cook_Breakfast": 0.0005668934240362812,
    "Cook_Dinner": 0.015332197614991482,
    "Cook_Lunch": 0.03867403314917127,
    "Dress": 0.07592592592592592,
    "Drink": 0.02102803738317757,
    "Eat": 0.018867924528301886,
    "Eat_Breakfast": 0.003003003003003003,
    "Eat_Dinner": 0.0,
    "Eat_Lunch": 0.0,
    "Enter_Home": 0.1811320754716981,
    "Entertain_Guests": 0.735191637630662,
    "Evening_Meds": 0.0,
    "Go_To_Sleep": 0.02564102564102564,
    "Groom": 0.026737967914438502,
    "Leave_Home": 0.10158730158730159,
    "Morning_Meds": 0.0026954177897574125,
    "Personal_Hygiene": 0.06357516828721017,
    "Phone": 0.010752688172043012,
    "Read": 0.0,
    "Relax": 0.0,
    "Sleep": 0.017982017982017984,
    "Sleep_Out_Of_Bed": 0.019130434782608695,
    "Step_Out": 0.013605442176870748,
    "Toilet": 0.3415446071904128,
    "Wake_Up": 0.0,
    "Wash_Breakfast_Dishes": 0.03418803418803419,
    "Wash_Dinner_Dishes": 0.003105590062111801,
    "Wash_Dishes": 0.0055248618784530384,
    "Wash_Lunch_Dishes": 0.010869565217391304,
    "Watch_TV": 0.0,
    "Work_At_Table": 0.375
  },
  "confusion_matrix": [
    [
      2,
      52,
      2,
      0,
      5,
      5,
      29,
      5,
      0,
      0,
      0,
      0,
      2,
      814,
      0,
      16,
      99,
      97,
      0,
      135,
      0,
      0,
      0,
      4,
      0,
      1,
      515,
      0,
      4,
      0,
      3,
      0,
      0,
      6
    ],
    [
      0,
      2,
      0,
      0,
      0,
      0,
      1,
      2,
      0,
      0,
      0,
      0,
      0,
      44,
      0,
      0,
      2,
      6,
      0,
      8,
      0,
      0,
      0,
      0,
      0,
      0,
      36,
      0,
      0,
      0,
      0,
      0,
      0,
      1
    ],
    [
      0,
      3,
      2,
      0,
      10,
      9,
      4,
      6,
      0,
      0,
      0,
      0,
      6,
      212,
      0,
      1,
      1,
      1,
      0,
      2,
      0,
      0,
      0,
      1,
      0,
      1,
      30,
      0,
      10,
      0,
      0,
      1,
      0,
      0
    ],
    [
      0,
      35,
      3,
      1,
      34,
      45,
      28,
      36,
      0,
      0,
      0,
      0,
      42,
      1172,
      0,
      3,
      1,
      17,
      0,
      24,
      1,
      0,
      0,
      27,
      0,
      8,
      210,
      0,
      59,
      2,
      8,
      4,
      0,
      4
    ],
    [
      0,
      5,
      0,
      0,
      9,
      13,
      7,
      11,
      0,
      0,
      0,
      0,
      14,
      390,
      1,
      2,
      0,
      7,
      1,
      8,
      0,
      0,
      0,
      8,
      0,
      2,
      81,
      0,
      21,
      0,
      4,
      2,
      0,
      1
    ],
    [
      0,
      4,
      0,
      0,
      10,
      14,
      4,
      11,
      0,
      0,
      0,
      0,
      11,
      236,
      0,
      0,
      0,
      5,
      0,
      5,
      0,
      0,
      0,
      9,
      0,
      4,
      36,
      0,
      9,
      0,
      2,
      0,
      0,
      2
    ],
    [
      0,
      6,
      0,
      0,
      3,
      2,
      123,
      10,
      0,
      0,
      0,
      0,
      20,
      1248,
      0,
      12,
      1,
      38,
      0,
      26,
      0,
      0,
      0,
      21,
      0,
      8,
      83,
      2,
      6,
      0,
      5,
      0,
      0,
      6
    ],
    [
      0,
      3,
      0,
      0,
      7,
      11,
      7,
      9,
      1,
      0,
      0,
      0,
      8,
      294,
      0,
      0,
      1,
      8,
      0,
      4,
      0,
      0,
      0,
      5,
      0,
      0,
      49,
      0,
      15,
      0,
      3,
      1,
      0,
      2
    ],
    [
      0,
      0,
      0,
      0,
      0,
      0,
      0,
      0,
      1,
      1,
      0,
      0,
      0,
      43,
      0,
      0,
      0,
      2,
      0,
      0,
      1,
      0,
      0,
      0,
      1,
      2,
      2,
      0,
      0,
      0,
      0,
      0,
      0,
      0
    ],
    [
      0,
      0,
      0,
      0,
      1,
      0,
      1,
      3,
      0,
      1,
      0,
      1,
      1,
      294,
      1,
      0,
      0,
      9,
      0,
      0,
      2,
      0,
      0,
      0,
      4,
      2,
      10,
      0,
      0,
      0,
      0,
      0,
      0,
      3
    ],
    [
      0,
      0,
      1,
      0,
      0,
      0,
      0,
      1,
      0,
      0,
      0,
      1,
      0,
      95,
      0,
      0,
      0,
      2,
      0,
      0,
      2,
      0,
      1,
      0,
      1,
      2,
      5,
      0,
      2,
      0,
      0,
      0,
      0,
      0
    ],
    [
      0,
      0,
      0,
      0,
      0,
      0,
      0,
      0,
      0,
      0,
      0,
      0,
      0,
      70,
      0,
      0,
      0,
      3,
      0,
      0,
      1,
      0,
      0,
      0,
      2,
      0,
      6,
      0,
      0,
      0,
      0,
      0,
      0,
      2
    ],
    [
      0,
      0,
      0,
      0,
      0,
      0,
      6,
      1,
      0,
      0,
      0,
      0,
      48,
      133,
      0,
      0,
      1,
      31,
      0,
      1,
      0,
      0,
      0,
      0,
      0,
      5,
      38,
      0,
      0,
      0,
      1,
      0,
      0,
      0
    ],
    [
      0,
      2,
      0,
      0,
      0,
      5,
      4,
      1,
      0,
      0,
      0,
      0,
      9,
      211,
      0,
      0,
      0,
      7,
      0,
      1,
      1,
      0,
      0,
      1,
      0,
      2,
      38,
      0,
      4,
      0,
      0,
      0,
      0,
      1
    ],
    [
      0,
      2,
      0,
      0,
      1,
      7,
      5,
      11,
      0,
      0,
      0,
      0,
      8,
      251,
      0,
      1,
      0,
      2,
      0,
      9,
      0,
      0,
      0,
      7,
      0,
      0,
      36,
      0,
      12,
      0,
      3,
      1,
      0,
      2
    ],
    [
      0,
      0,
      0,
      0,
      0,
      0,
      1,
      1,
      0,
      0,
      0,
      0,
      0,
      32,
      0,
      1,
      0,
      2,
      0,
      1,
      0,
      0,
      0,
      0,
      0,
      0,
      0,
      0,
      1,
      0,
      0,
      0,
      0,
      0
    ],
    [
      0,
      3,
      0,
      0,
      0,
      0,
      3,
      0,
      0,
      0,
      0,
      0,
      1,
      82,
      0,
      0,
      5,
      8,
      0,
      18,
      0,
      0,
      0,
      3,
      0,
      0,
      62,
      0,
      1,
      0,
      0,
      0,
      0,
      1
    ],
    [
      0,
      0,
      0,
      0,
      1,
      0,
      5,
      0,
      0,
      0,
      0,
      0,
      8,
      238,
      0,
      0,
      0,
      32,
      0,
      1,
      3,
      0,
      0,
      0,
      1,
      4,
      20,
      0,
      0,
      0,
      1,
      0,
      0,
      1
    ],
    [
      0,
      3,
      0,
      0,
      7,
      8,
      5,
      7,
      0,
      1,
      0,
      0,
      8,
      259,
      1,
      0,
      0,
      2,
      1,
      4,
      0,
      0,
      0,
      0,
      0,
      1,
      41,
      0,
      19,
      0,
      0,
      2,
      0,
      2
    ],
    [
      0,
      28,
      2,
      0,
      3,
      2,
      26,
      5,
      0,
      0,
      0,
      0,
      6,
      612,
      0,
      4,
      54,
      70,
      0,
      85,
      0,
      0,
      0,
      0,
      0,
      1,
      433,
      0,
      1,
      0,
      2,
      0,
      0,
      3
    ],
    [
      0,
      0,
      1,
      0,
      0,
      0,
