{
  "mode": "fixed_attacker",
  "distortion": {
    "mse": 0.2154575759235594,
    "mae": 0.24104263970307557,
    "pearson_r": 0.45116133497093,
    "mean_relative_abs_error": 21034491.006737832
  },
  "defense_config": {
    "enabled": true,
    "method": "adaptive_ldp",
    "mode": "fixed_attacker",
    "epsilon": 1.0,
    "ldp_sensitivity": 1.0,
    "noise_type": "laplace",
    "noise_scale": 0.5,
    "apply_to": "all",
    "selected_features": [
      "kitchen_light",
      "office_pc",
      "bedroom_motion"
    ],
    "binary_threshold": 0.5,
    "binary_features": [],
    "numeric_features": null
  },
  "attack_metrics": {
    "baseline": {
      "accuracy": 0.21243523316062177,
      "precision_macro": 0.20975813402283988,
      "recall_macro": 0.27699175824175826,
      "f1_macro": 0.20080677869139407,
      "per_class_recall": {
        "Other_Activity": 0.0,
        "Pat_0": 0.0,
        "Pat_1": 0.0,
        "Pat_10": 0.0,
        "Pat_101": 0.3333333333333333,
        "Pat_103": 0.0,
        "Pat_11": 0.0,
        "Pat_12": 0.25,
        "Pat_14": 0.0,
        "Pat_15": 0.0,
        "Pat_16": 0.6666666666666666,
        "Pat_18": 0.0,
        "Pat_19": 0.3333333333333333,
        "Pat_2": 0.0,
        "Pat_20": 0.0,
        "Pat_21": 0.0,
        "Pat_25": 0.0,
        "Pat_26": 0.6,
        "Pat_3": 0.0,
        "Pat_30": 0.0,
        "Pat_31": 0.25,
        "Pat_32": 0.0,
        "Pat_35": 0.5,
        "Pat_36": 0.0,
        "Pat_37": 1.0,
        "Pat_38": 0.0,
        "Pat_39": 0.0,
        "Pat_4": 0.0,
        "Pat_40": 0.5,
        "Pat_42": 0.3333333333333333,
        "Pat_44": 0.0,
        "Pat_46": 1.0,
        "Pat_47": 0.0,
        "Pat_5": 0.0,
        "Pat_52": 0.0,
        "Pat_53": 0.3333333333333333,
        "Pat_55": 0.0,
        "Pat_6": 0.125,
        "Pat_60": 0.0,
        "Pat_67": 1.0,
        "Pat_7": 0.25,
        "Pat_71": 0.0,
        "Pat_74": 1.0,
        "Pat_75": 1.0,
        "Pat_77": 0.0,
        "Pat_78": 0.5,
        "Pat_8": 0.0,
        "Pat_82": 0.0,
        "Pat_89": 1.0,
        "Pat_9": 0.42857142857142855,
        "Pat_90": 1.0,
        "Pat_91": 1.0,
        "Pat_96": 0.0,
        "Pat_99": 1.0
      }
    },
    "defended_fixed_attacker": {
      "accuracy": 0.03626943005181347,
      "precision_macro": 0.002014561391107655,
      "recall_macro": 0.022458628841607566,
      "f1_macro": 0.003638866445222492,
      "per_class_recall": {
        "Other_Activity": 0.0,
        "Pat_0": 0.0,
        "Pat_1": 0.0,
        "Pat_10": 0.5555555555555556,
        "Pat_101": 0.0,
        "Pat_103": 0.0,
        "Pat_11": 0.0,
        "Pat_12": 0.0,
        "Pat_14": 0.0,
        "Pat_15": 0.0,
        "Pat_16": 0.0,
        "Pat_18": 0.0,
        "Pat_19": 0.0,
        "Pat_2": 0.5,
        "Pat_20": 0.0,
        "Pat_21": 0.0,
        "Pat_25": 0.0,
        "Pat_26": 0.0,
        "Pat_3": 0.0,
        "Pat_30": 0.0,
        "Pat_31": 0.0,
        "Pat_32": 0.0,
        "Pat_35": 0.0,
        "Pat_36": 0.0,
        "Pat_37": 0.0,
        "Pat_38": 0.0,
        "Pat_39": 0.0,
        "Pat_4": 0.0,
        "Pat_40": 0.0,
        "Pat_42": 0.0,
        "Pat_44": 0.0,
        "Pat_46": 0.0,
        "Pat_47": 0.0,
        "Pat_5": 0.0,
        "Pat_52": 0.0,
        "Pat_53": 0.0,
        "Pat_55": 0.0,
        "Pat_6": 0.0,
        "Pat_60": 0.0,
        "Pat_67": 0.0,
        "Pat_7": 0.0,
        "Pat_71": 0.0,
        "Pat_74": 0.0,
        "Pat_75": 0.0,
        "Pat_77": 0.0,
        "Pat_78": 0.0,
        "Pat_8": 0.0,
        "Pat_82": 0.0,
        "Pat_89": 0.0,
        "Pat_9": 0.0,
        "Pat_90": 0.0,
        "Pat_91": 0.0,
        "Pat_96": 0.0,
        "Pat_99": 0.0
      }
    },
    "defense_effect": {
      "accuracy_drop": 0.1761658031088083,
      "relative_accuracy_drop_percent": 82.92682926829269,
      "macro_f1_drop": 0.19716791224617158,
      "per_class_recall_drop": {
        "Other_Activity": 0.0,
        "Pat_0": 0.0,
        "Pat_1": 0.0,
        "Pat_10": -0.5555555555555556,
        "Pat_101": 0.3333333333333333,
        "Pat_103": 0.0,
        "Pat_11": 0.0,
        "Pat_12": 0.25,
        "Pat_14": 0.0,
        "Pat_15": 0.0,
        "Pat_16": 0.6666666666666666,
        "Pat_18": 0.0,
        "Pat_19": 0.3333333333333333,
        "Pat_2": -0.5,
        "Pat_20": 0.0,
        "Pat_21": 0.0,
        "Pat_25": 0.0,
        "Pat_26": 0.6,
        "Pat_3": 0.0,
        "Pat_30": 0.0,
        "Pat_31": 0.25,
        "Pat_32": 0.0,
        "Pat_35": 0.5,
        "Pat_36": 0.0,
        "Pat_37": 1.0,
        "Pat_38": 0.0,
        "Pat_39": 0.0,
        "Pat_4": 0.0,
        "Pat_40": 0.5,
        "Pat_42": 0.3333333333333333,
        "Pat_44": 0.0,
        "Pat_46": 1.0,
        "Pat_47": 0.0,
        "Pat_5": 0.0,
        "Pat_52": 0.0,
        "Pat_53": 0.3333333333333333,
        "Pat_55": 0.0,
        "Pat_6": 0.125,
        "Pat_60": 0.0,
        "Pat_67": 1.0,
        "Pat_7": 0.25,
        "Pat_71": 0.0,
        "Pat_74": 1.0,
        "Pat_75": 1.0,
        "Pat_77": 0.0,
        "Pat_78": 0.5,
        "Pat_8": 0.0,
        "Pat_82": 0.0,
        "Pat_89": 1.0,
        "Pat_9": 0.42857142857142855,
        "Pat_90": 1.0,
        "Pat_91": 1.0,
        "Pat_96": 0.0,
        "Pat_99": 1.0
      }
    }
  }
}