{
  "epoch": [
    1,
    2,
    3,
    4,
    5,
    6,
    7,
    8,
    9
  ],
  "train_loss": [
    1.2173659118984128,
    0.908747546649713,
    0.8553656968225571,
    0.7755723152714428,
    0.7690036040020524,
    0.7924190113848923,
    1.180846738158552,
    0.9314910849124634,
    0.8170109925637378
  ],
  "val_loss": [
    0.9160267555494847,
    1.0612693082143627,
    0.7771078271172146,
    0.7616966990773002,
    1.116151285122885,
    0.7789256728724668,
    1.0031413629215482,
    0.8826242449087484,
    0.8179790901943261
  ],
  "val_acc": [
    0.557443915703603,
    0.5316111488783141,
    0.5982324949014276,
    0.5853161114887832,
    0.5200543847722637,
    0.6023113528212101,
    0.5615227736233854,
    0.5615227736233854,
    0.6267845003399048
  ]
}