{
  "epoch": [
    1,
    2,
    3,
    4,
    5,
    6,
    7,
    8,
    9,
    10,
    11,
    12,
    13,
    14,
    15,
    16,
    17,
    18,
    19,
    20,
    21,
    22,
    23,
    24,
    25
  ],
  "train_loss": [
    2.273355337454944,
    0.825691369749052,
    0.7448300251221296,
    0.7132818069492062,
    0.6885164812235094,
    0.6834191051678398,
    0.6685094479151555,
    0.6748020771185854,
    0.6677370585109725,
    0.6729636296916223,
    0.6541052376548969,
    0.651827537826972,
    0.6554593465255649,
    0.6510251076970249,
    0.6477529955262981,
    0.636571183585326,
    0.6329338043102134,
    0.6267739240560903,
    0.6283378869756269,
    0.6381430757165341,
    0.6201928744326641,
    0.641039056115928,
    0.6300070988465036,
    0.6261302969413557,
    0.6178873311984784
  ],
  "val_loss": [
    0.7513424161743096,
    0.6799382264722699,
    0.647301392154901,
    0.6356298353378664,
    0.6325097434136594,
    0.6381089207998025,
    0.6405330778464908,
    0.6191110777093147,
    0.6166763008653834,
    0.6233886398481399,
    0.5855298188979086,
    0.5999232651748113,
    0.5790221854426438,
    0.5961734234354757,
    0.5858505903904654,
    0.5905742372565331,
    0.5994090510419564,
    0.5759542391544941,
    0.5711371096764025,
    0.5733159270357875,
    0.583468548988988,
    0.5835483778827779,
    0.5708619122356076,
    0.5618929556646288,
    0.5734718856480882
  ],
  "val_acc": [
    0.6825288919102651,
    0.6872875594833446,
    0.6770904146838885,
    0.7008837525492863,
    0.7097212780421482,
    0.7008837525492863,
    0.6750509857239972,
    0.7124405166553365,
    0.7158395649218219,
    0.7328348062542488,
    0.751869476546567,
    0.7239972807613868,
    0.7416723317471108,
    0.7178789938817132,
    0.7443915703602991,
    0.7437117607070021,
    0.7307953772943576,
    0.7335146159075459,
    0.7403127124405167,
    0.7457511896668932,
    0.7484704282800816,
    0.7314751869476547,
    0.7484704282800816,
    0.7552685248130524,
    0.7437117607070021
  ]
}