{
  "split": "test",
  "model_type": "lstm",
  "accuracy": 0.14196224132716984,
  "f1_macro": 0.1252431010883711,
  "precision_macro": 0.21825238655550058,
  "recall_macro": 0.1854383849838062,
  "per_class_recall": {
    "Bathe": 0.45657015590200445,
    "Bed_Toilet_Transition": 0.3235294117647059,
    "Cook": 0.013333333333333334,
    "Cook_Breakfast": 0.01870748299319728,
    "Cook_Dinner": 0.03236797274275979,
    "Cook_Lunch": 0.292817679558011,
    "Dress": 0.07592592592592592,
    "Drink": 0.07476635514018691,
    "Eat": 0.05660377358490566,
    "Eat_Breakfast": 0.015015015015015015,
    "Eat_Dinner": 0.04424778761061947,
    "Eat_Lunch": 0.07142857142857142,
    "Enter_Home": 0.5207547169811321,
    "Entertain_Guests": 0.627177700348432,
    "Evening_Meds": 0.030726256983240222,
    "Go_To_Sleep": 0.28205128205128205,
    "Groom": 0.12299465240641712,
    "Leave_Home": 0.33015873015873015,
    "Morning_Meds": 0.04582210242587601,
    "Personal_Hygiene": 0.1705310396409873,
    "Phone": 0.16129032258064516,
    "Read": 0.02557200538358008,
    "Relax": 0.05631067961165048,
    "Sleep": 0.24275724275724275,
    "Sleep_Out_Of_Bed": 0.3234782608695652,
    "Step_Out": 0.05442176870748299,
    "Toilet": 0.4806924101198402,
    "Wake_Up": 0.3611111111111111,
    "Wash_Breakfast_Dishes": 0.09686609686609686,
    "Wash_Dinner_Dishes": 0.003105590062111801,
    "Wash_Dishes": 0.0,
    "Wash_Lunch_Dishes": 0.21739130434782608,
    "Watch_TV": 0.009711684370257967,
    "Work_At_Table": 0.6666666666666666
  },
  "confusion_matrix": [
    [
      820,
      187,
      0,
      0,
      1,
      0,
      1,
      0,
      0,
      0,
      0,
      0,
      0,
      72,
      0,
      23,
      240,
      37,
      0,
      294,
      0,
      0,
      0,
      0,
      0,
      0,
      121,
      0,
      0,
      0,
      0,
      0,
      0,
      0
    ],
    [
      12,
      33,
      0,
      0,
      0,
      0,
      0,
      0,
      0,
      0,
      0,
      0,
      0,
      20,
      0,
      0,
      4,
      2,
      0,
      13,
      0,
      0,
      0,
      0,
      0,
      0,
      18,
      0,
      0,
      0,
      0,
      0,
      0,
      0
    ],
    [
      0,
      0,
      4,
      4,
      2,
      70,
      0,
      7,
      0,
      0,
      0,
      0,
      1,
      110,
      1,
      0,
      0,
      0,
      0,
      0,
      0,
      0,
      0,
      1,
      0,
      0,
      7,
      0,
      22,
      0,
      2,
      69,
      0,
      0
    ],
    [
      0,
      7,
      2,
      33,
      39,
      426,
      5,
      50,
      0,
      0,
      0,
      0,
      2,
      658,
      7,
      0,
      0,
      1,
      7,
      1,
      0,
      0,
      0,
      0,
      2,
      0,
      14,
      0,
      105,
      0,
      5,
      400,
      0,
      0
    ],
    [
      0,
      0,
      0,
      9,
      19,
      120,
      2,
      12,
      0,
      0,
      0,
      0,
      3,
      257,
      4,
      0,
      0,
      0,
      2,
      3,
      0,
      0,
      0,
      2,
      0,
      1,
      11,
      0,
      42,
      2,
      1,
      96,
      0,
      1
    ],
    [
      0,
      0,
      0,
      6,
      8,
      106,
      2,
      9,
      0,
      0,
      0,
      0,
      1,
      129,
      2,
      0,
      0,
      1,
      0,
      0,
      0,
      0,
      0,
      1,
      0,
      0,
      4,
      0,
      19,
      0,
      0,
      74,
      0,
      0
    ],
    [
      0,
      35,
      0,
      0,
      2,
      0,
      123,
      4,
      0,
      0,
      0,
      0,
      2,
      590,
      1,
      131,
      8,
      18,
      0,
      13,
      0,
      0,
      0,
      322,
      1,
      2,
      16,
      347,
      4,
      0,
      0,
      0,
      0,
      1
    ],
    [
      0,
      2,
      0,
      2,
      16,
      57,
      3,
      32,
      0,
      0,
      0,
      0,
      3,
      218,
      6,
      0,
      0,
      0,
      4,
      1,
      0,
      0,
      0,
      1,
      1,
      1,
      16,
      0,
      26,
      1,
      2,
      35,
      0,
      1
    ],
    [
      0,
      0,
      0,
      0,
      0,
      0,
      0,
      0,
      3,
      1,
      1,
      6,
      1,
      24,
      0,
      0,
      0,
      4,
      0,
      0,
      4,
      1,
      1,
      0,
      3,
      0,
      4,
      0,
      0,
      0,
      0,
      0,
      0,
      0
    ],
    [
      0,
      0,
      0,
      0,
      0,
      0,
      0,
      0,
      7,
      5,
      7,
      13,
      1,
      156,
      0,
      0,
      0,
      14,
      0,
      1,
      19,
      3,
      10,
      0,
      86,
      1,
      6,
      0,
      0,
      0,
      1,
      0,
      1,
      2
    ],
    [
      0,
      0,
      0,
      0,
      0,
      0,
      0,
      0,
      4,
      0,
      5,
      3,
      1,
      59,
      0,
      0,
      0,
      6,
      0,
      0,
      0,
      0,
      2,
      0,
      29,
      0,
      2,
      0,
      0,
      0,
      0,
      0,
      1,
      1
    ],
    [
      0,
      0,
      0,
      0,
      0,
      0,
      0,
      0,
      1,
      0,
      1,
      6,
      0,
      38,
      0,
      0,
      0,
      3,
      0,
      0,
      4,
      2,
      4,
      0,
      20,
      1,
      4,
      0,
      0,
      0,
      0,
      0,
      0,
      0
    ],
    [
      0,
      0,
      0,
      0,
      0,
      0,
      3,
      0,
      0,
      0,
      0,
      0,
      138,
      74,
      0,
      1,
      0,
      25,
      0,
      0,
      0,
      0,
      0,
      0,
      0,
      7,
      16,
      0,
      0,
      0,
      0,
      0,
      0,
      1
    ],
    [
      0,
      0,
      0,
      3,
      0,
      23,
      4,
      2,
      4,
      2,
      0,
      2,
      2,
      180,
      0,
      0,
      0,
      9,
      1,
      4,
      0,
      0,
      0,
      0,
      0,
      4,
      14,
      0,
      6,
      0,
      0,
      26,
      0,
      1
    ],
    [
      0,
      2,
      0,
      4,
      16,
      63,
      0,
      28,
      0,
      0,
      0,
      0,
      2,
      140,
      11,
      0,
      0,
      1,
      0,
      1,
      0,
      0,
      0,
      1,
      0,
      0,
      9,
      0,
      24,
      0,
      1,
      53,
      0,
      2
    ],
    [
      0,
      0,
      0,
      0,
      0,
      0,
      0,
      0,
      0,
      0,
      0,
      0,
      1,
      19,
      0,
      11,
      0,
      0,
      0,
      0,
      0,
      0,
      0,
      1,
      0,
      0,
      0,
      7,
      0,
      0,
      0,
      0,
      0,
      0
    ],
    [
      50,
      25,
      0,
      0,
      0,
      0,
      1,
      0,
      0,
      0,
      0,
      0,
      0,
      23,
      0,
      1,
      23,
      2,
      0,
      32,
      0,
      0,
      0,
      0,
      0,
      0,
      29,
      0,
      1,
      0,
      0,
      0,
      0,
      0
    ],
    [
      0,
      0,
      0,
      0,
      0,
      0,
      1,
      0,
      0,
      0,
      0,
      0,
      10,
      143,
      1,
      1,
      0,
      104,
      0,
      1,
      5,
      0,
      4,
      0,
      20,
      8,
      16,
      0,
      1,
      0,
      0,
      0,
      0,
      0
    ],
    [
      0,
      1,
      0,
      2,
      18,
      40,
      2,
      21,
      0,
      0,
      0,
      0,
      2,
      190,
      3,
      0,
      0,
      1,
      17,
      2,
      0,
      0,
      0,
      4,
      0,
      0,
      8,
      0,
      20,
      0,
      2,
      38,
      0,
      0
    ],
    [
      345,
      186,
      0,
      0,
      0,
      0,
      6,
      0,
      0,
      0,
      0,
      0,
      0,
      118,
      0,
      12,
      119,
      27,
      0,
      228,
      0,
      0,
      0,
      0,
      1,
      1,
      294,
      0,
