event,packet_type,node,src,seq,bytes,time_ms,payload_time_ms,sim_time_ms,send_ms,recv_ms,delay_ms,line_number,raw_line
TX,REAL,2,,0,48,16367.0,15974,16367.0,,,,76,16367000	ID:2	[INFO: Metric    ] METRIC_TX type=REAL node=2 seq=0 bytes=48 time_ms=15974
TX,DUMMY,2,,0,48,16368.0,15975,16368.0,,,,77,16368000	ID:2	[INFO: Metric    ] METRIC_TX type=DUMMY node=2 seq=0 bytes=48 time_ms=15975
RX,REAL,,2,0,48,16384.88,15953,16384.88,15974,15953,17.88000000000102,78,16384880	ID:1	[INFO: Metric    ] METRIC_RX type=REAL src=2 seq=0 send_ms=15974 recv_ms=15953 bytes=48
RX,DUMMY,,2,0,48,16396.88,15965,16396.88,15975,15965,,79,16396880	ID:1	[INFO: Metric    ] METRIC_RX type=DUMMY src=2 seq=0 send_ms=15975 recv_ms=15965 bytes=48
TX,REAL,7,,0,48,22056.0,22034,22056.0,,,,85,22056000	ID:7	[INFO: Metric    ] METRIC_TX type=REAL node=7 seq=0 bytes=48 time_ms=22034
RX,REAL,,7,0,48,22076.88,21645,22076.88,22034,21645,20.88000000000102,86,22076880	ID:1	[INFO: Metric    ] METRIC_RX type=REAL src=7 seq=0 send_ms=22034 recv_ms=21645 bytes=48
TX,REAL,6,,0,48,22826.0,22738,22826.0,,,,90,22826000	ID:6	[INFO: Metric    ] METRIC_TX type=REAL node=6 seq=0 bytes=48 time_ms=22738
RX,REAL,,6,0,48,22867.88,22436,22867.88,22738,22436,41.88000000000102,91,22867880	ID:1	[INFO: Metric    ] METRIC_RX type=REAL src=6 seq=0 send_ms=22738 recv_ms=22436 bytes=48
TX,REAL,2,,1,48,25369.0,24976,25369.0,,,,95,25369000	ID:2	[INFO: Metric    ] METRIC_TX type=REAL node=2 seq=1 bytes=48 time_ms=24976
TX,DUMMY,2,,1,48,25370.0,24977,25370.0,,,,96,25370000	ID:2	[INFO: Metric    ] METRIC_TX type=DUMMY node=2 seq=1 bytes=48 time_ms=24977
RX,REAL,,2,1,48,25392.88,24961,25392.88,24976,24961,23.88000000000102,97,25392880	ID:1	[INFO: Metric    ] METRIC_RX type=REAL src=2 seq=1 send_ms=24976 recv_ms=24961 bytes=48
RX,DUMMY,,2,1,48,25420.88,24989,25420.88,24977,24989,,99,25420880	ID:1	[INFO: Metric    ] METRIC_RX type=DUMMY src=2 seq=1 send_ms=24977 recv_ms=24989 bytes=48
TX,REAL,6,,1,48,32827.0,32739,32827.0,,,,102,32827000	ID:6	[INFO: Metric    ] METRIC_TX type=REAL node=6 seq=1 bytes=48 time_ms=32739
RX,REAL,,6,1,48,32860.88,32429,32860.88,32739,32429,33.87999999999738,103,32860880	ID:1	[INFO: Metric    ] METRIC_RX type=REAL src=6 seq=1 send_ms=32739 recv_ms=32429 bytes=48
TX,REAL,7,,1,48,34057.0,34035,34057.0,,,,105,34057000	ID:7	[INFO: Metric    ] METRIC_TX type=REAL node=7 seq=1 bytes=48 time_ms=34035
TX,DUMMY,7,,0,48,34058.0,34036,34058.0,,,,106,34058000	ID:7	[INFO: Metric    ] METRIC_TX type=DUMMY node=7 seq=0 bytes=48 time_ms=34036
RX,REAL,,7,1,48,34074.88,33643,34074.88,34035,33643,17.87999999999738,107,34074880	ID:1	[INFO: Metric    ] METRIC_RX type=REAL src=7 seq=1 send_ms=34035 recv_ms=33643 bytes=48
RX,DUMMY,,7,0,48,34096.92,33665,34096.92,34036,33665,,108,34096920	ID:1	[INFO: Metric    ] METRIC_RX type=DUMMY src=7 seq=0 send_ms=34036 recv_ms=33665 bytes=48
TX,REAL,2,,2,48,34371.0,33978,34371.0,,,,111,34371000	ID:2	[INFO: Metric    ] METRIC_TX type=REAL node=2 seq=2 bytes=48 time_ms=33978
RX,REAL,,2,2,48,34380.88,33949,34380.88,33978,33949,9.87999999999738,112,34380880	ID:1	[INFO: Metric    ] METRIC_RX type=REAL src=2 seq=2 send_ms=33978 recv_ms=33949 bytes=48
TX,REAL,3,,0,48,34976.0,34764,34976.0,,,,117,34976000	ID:3	[INFO: Metric    ] METRIC_TX type=REAL node=3 seq=0 bytes=48 time_ms=34764
TX,DUMMY,3,,0,48,34977.0,34765,34977.0,,,,118,34977000	ID:3	[INFO: Metric    ] METRIC_TX type=DUMMY node=3 seq=0 bytes=48 time_ms=34765
RX,REAL,,3,0,48,35010.168,34579,35010.168,34764,34579,34.167999999997846,119,35010168	ID:1	[INFO: Metric    ] METRIC_RX type=REAL src=3 seq=0 send_ms=34764 recv_ms=34579 bytes=48
RX,DUMMY,,3,0,48,35088.168,34657,35088.168,34765,34657,,120,35088168	ID:1	[INFO: Metric    ] METRIC_RX type=DUMMY src=3 seq=0 send_ms=34765 recv_ms=34657 bytes=48
TX,REAL,5,,0,48,36055.0,35085,36055.0,,,,125,36055000	ID:5	[INFO: Metric    ] METRIC_TX type=REAL node=5 seq=0 bytes=48 time_ms=35085
RX,REAL,,5,0,48,36079.304,35648,36079.304,35085,35648,24.30399999999645,126,36079304	ID:1	[INFO: Metric    ] METRIC_RX type=REAL src=5 seq=0 send_ms=35085 recv_ms=35648 bytes=48
TX,REAL,6,,2,48,40828.0,40740,40828.0,,,,128,40828000	ID:6	[INFO: Metric    ] METRIC_TX type=REAL node=6 seq=2 bytes=48 time_ms=40740
TX,DUMMY,6,,0,48,40829.0,40741,40829.0,,,,129,40829000	ID:6	[INFO: Metric    ] METRIC_TX type=DUMMY node=6 seq=0 bytes=48 time_ms=40741
RX,REAL,,6,2,48,40834.88,40403,40834.88,40740,40403,6.879999999997381,130,40834880	ID:1	[INFO: Metric    ] METRIC_RX type=REAL src=6 seq=2 send_ms=40740 recv_ms=40403 bytes=48
RX,DUMMY,,6,0,48,40923.88,40492,40923.88,40741,40492,,132,40923880	ID:1	[INFO: Metric    ] METRIC_RX type=DUMMY src=6 seq=0 send_ms=40741 recv_ms=40492 bytes=48
TX,REAL,4,,0,48,42075.0,41126,42075.0,,,,136,42075000	ID:4	[INFO: Metric    ] METRIC_TX type=REAL node=4 seq=0 bytes=48 time_ms=41126
RX,REAL,,4,0,48,42127.168,41696,42127.168,41126,41696,52.167999999997846,137,42127168	ID:1	[INFO: Metric    ] METRIC_RX type=REAL src=4 seq=0 send_ms=41126 recv_ms=41696 bytes=48
TX,REAL,2,,3,48,42372.0,41979,42372.0,,,,139,42372000	ID:2	[INFO: Metric    ] METRIC_TX type=REAL node=2 seq=3 bytes=48 time_ms=41979
RX,REAL,,2,3,48,42392.88,41961,42392.88,41979,41961,20.87999999999738,140,42392880	ID:1	[INFO: Metric    ] METRIC_RX type=REAL src=2 seq=3 send_ms=41979 recv_ms=41961 bytes=48
TX,REAL,7,,2,48,44059.0,44037,44059.0,,,,142,44059000	ID:7	[INFO: Metric    ] METRIC_TX type=REAL node=7 seq=2 bytes=48 time_ms=44037
TX,DUMMY,7,,1,48,44060.0,44038,44060.0,,,,143,44060000	ID:7	[INFO: Metric    ] METRIC_TX type=DUMMY node=7 seq=1 bytes=48 time_ms=44038
RX,REAL,,7,2,48,44091.88,43660,44091.88,44037,43660,32.87999999999738,144,44091880	ID:1	[INFO: Metric    ] METRIC_RX type=REAL src=7 seq=2 send_ms=44037 recv_ms=43660 bytes=48
RX,DUMMY,,7,1,48,44131.88,43700,44131.88,44038,43700,,145,44131880	ID:1	[INFO: Metric    ] METRIC_RX type=DUMMY src=7 seq=1 send_ms=44038 recv_ms=43700 bytes=48
TX,REAL,3,,1,48,44978.0,44766,44978.0,,,,148,44978000	ID:3	[INFO: Metric    ] METRIC_TX type=REAL node=3 seq=1 bytes=48 time_ms=44766
TX,DUMMY,3,,1,48,44979.0,44767,44979.0,,,,149,44979000	ID:3	[INFO: Metric    ] METRIC_TX type=DUMMY node=3 seq=1 bytes=48 time_ms=44767
RX,REAL,,3,1,48,45031.168,44600,45031.168,44766,44600,53.167999999997846,150,45031168	ID:1	[INFO: Metric    ] METRIC_RX type=REAL src=3 seq=1 send_ms=44766 recv_ms=44600 bytes=48
RX,DUMMY,,3,1,48,45074.168,44643,45074.168,44767,44643,,152,45074168	ID:1	[INFO: Metric    ] METRIC_RX type=DUMMY src=3 seq=1 send_ms=44767 recv_ms=44643 bytes=48
TX,REAL,5,,1,48,46056.0,45086,46056.0,,,,155,46056000	ID:5	[INFO: Metric    ] METRIC_TX type=REAL node=5 seq=1 bytes=48 time_ms=45086
RX,REAL,,5,1,48,46078.168,45647,46078.168,45086,45647,22.167999999997846,156,46078168	ID:1	[INFO: Metric    ] METRIC_RX type=REAL src=5 seq=1 send_ms=45086 recv_ms=45647 bytes=48
TX,REAL,6,,3,48,48830.0,48742,48830.0,,,,158,48830000	ID:6	[INFO: Metric    ] METRIC_TX type=REAL node=6 seq=3 bytes=48 time_ms=48742
TX,DUMMY,6,,1,48,48831.0,48743,48831.0,,,,159,48831000	ID:6	[INFO: Metric    ] METRIC_TX type=DUMMY node=6 seq=1 bytes=48 time_ms=48743
RX,REAL,,6,3,48,48851.88,48420,48851.88,48742,48420,21.87999999999738,160,48851880	ID:1	[INFO: Metric    ] METRIC_RX type=REAL src=6 seq=3 send_ms=48742 recv_ms=48420 bytes=48
RX,DUMMY,,6,1,48,48888.88,48457,48888.88,48743,48457,,162,48888880	ID:1	[INFO: Metric    ] METRIC_RX type=DUMMY src=6 seq=1 send_ms=48743 recv_ms=48457 bytes=48
TX,REAL,4,,1,48,51076.0,50127,51076.0,,,,164,51076000	ID:4	[INFO: Metric    ] METRIC_TX type=REAL node=4 seq=1 bytes=48 time_ms=50127
TX,DUMMY,4,,0,48,51077.0,50128,51077.0,,,,165,51077000	ID:4	[INFO: Metric    ] METRIC_TX type=DUMMY node=4 seq=0 bytes=48 time_ms=50128
RX,REAL,,4,1,48,51096.168,50665,51096.168,50127,50665,20.167999999997846,166,51096168	ID:1	[INFO: Metric    ] METRIC_RX type=REAL src=4 seq=1 send_ms=50127 recv_ms=50665 bytes=48
RX,DUMMY,,4,0,48,51170.304,50739,51170.304,50128,50739,,167,51170304	ID:1	[INFO: Metric    ] METRIC_RX type=DUMMY src=4 seq=0 send_ms=50128 recv_ms=50739 bytes=48
TX,REAL,2,,4,48,51373.0,50980,51373.0,,,,170,51373000	ID:2	[INFO: Metric    ] METRIC_TX type=REAL node=2 seq=4 bytes=48 time_ms=50980
RX,REAL,,2,4,48,51412.88,50981,51412.88,50980,50981,39.87999999999738,171,51412880	ID:1	[INFO: Metric    ] METRIC_RX type=REAL src=2 seq=4 send_ms=50980 recv_ms=50981 bytes=48
TX,REAL,7,,3,48,52061.0,52039,52061.0,,,,173,52061000	ID:7	[INFO: Metric    ] METRIC_TX type=REAL node=7 seq=3 bytes=48 time_ms=52039
TX,DUMMY,7,,2,48,52062.0,52040,52062.0,,,,174,52062000	ID:7	[INFO: Metric    ] METRIC_TX type=DUMMY node=7 seq=2 bytes=48 time_ms=52040
RX,REAL,,7,3,48,52083.88,51652,52083.88,52039,51652,22.87999999999738,175,52083880	ID:1	[INFO: Metric    ] METRIC_RX type=REAL src=7 seq=3 send_ms=52039 recv_ms=51652 bytes=48
RX,DUMMY,,7,2,48,52112.88,51681,52112.88,52040,51681,,176,52112880	ID:1	[INFO: Metric    ] METRIC_RX type=DUMMY src=7 seq=2 send_ms=52040 recv_ms=51681 bytes=48
TX,REAL,3,,2,48,54980.0,54768,54980.0,,,,179,54980000	ID:3	[INFO: Metric    ] METRIC_TX type=REAL node=3 seq=2 bytes=48 time_ms=54768
TX,DUMMY,3,,2,48,54981.0,54769,54981.0,,,,180,54981000	ID:3	[INFO: Metric    ] METRIC_TX type=DUMMY node=3 seq=2 bytes=48 time_ms=54769
RX,REAL,,3,2,48,55009.168,54578,55009.168,54768,54578,29.167999999997846,181,55009168	ID:1	[INFO: Metric    ] METRIC_RX type=REAL src=3 seq=2 send_ms=54768 recv_ms=54578 bytes=48
RX,DUMMY,,3,2,48,55074.168,54643,55074.168,54769,54643,,183,55074168	ID:1	[INFO: Metric    ] METRIC_RX type=DUMMY src=3 seq=2 send_ms=54769 recv_ms=54643 bytes=48
TX,REAL,5,,2,48,56057.0,55087,56057.0,,,,186,56057000	ID:5	[INFO: Metric    ] METRIC_TX type=REAL node=5 seq=2 bytes=48 time_ms=55087
RX,REAL,,5,2,48,56131.168,55700,56131.168,55087,55700,74.16799999999785,187,56131168	ID:1	[INFO: Metric    ] METRIC_RX type=REAL src=5 seq=2 send_ms=55087 recv_ms=55700 bytes=48
TX,REAL,6,,4,48,57832.0,57744,57832.0,,,,189,57832000	ID:6	[INFO: Metric    ] METRIC_TX type=REAL node=6 seq=4 bytes=48 time_ms=57744
RX,REAL,,6,4,48,57844.88,57413,57844.88,57744,57413,12.87999999999738,190,57844880	ID:1	[INFO: Metric    ] METRIC_RX type=REAL src=6 seq=4 send_ms=57744 recv_ms=57413 bytes=48
TX,REAL,4,,2,48,60078.0,59129,60078.0,,,,192,60078000	ID:4	[INFO: Metric    ] METRIC_TX type=REAL node=4 seq=2 bytes=48 time_ms=59129
RX,REAL,,4,2,48,60111.168,59680,60111.168,59129,59680,33.167999999997846,193,60111168	ID:1	[INFO: Metric    ] METRIC_RX type=REAL src=4 seq=2 send_ms=59129 recv_ms=59680 bytes=48
TX,REAL,2,,5,48,62376.04,61983,62376.04,,,,195,62376040	ID:2	[INFO: Metric    ] METRIC_TX type=REAL node=2 seq=5 bytes=48 time_ms=61983
RX,REAL,,2,5,48,62395.88,61964,62395.88,61983,61964,19.839999999996508,196,62395880	ID:1	[INFO: Metric    ] METRIC_RX type=REAL src=2 seq=5 send_ms=61983 recv_ms=61964 bytes=48
TX,REAL,3,,3,48,62982.0,62770,62982.0,,,,198,62982000	ID:3	[INFO: Metric    ] METRIC_TX type=REAL node=3 seq=3 bytes=48 time_ms=62770
RX,REAL,,3,3,48,63033.304,62602,63033.304,62770,62602,51.30399999999645,199,63033304	ID:1	[INFO: Metric    ] METRIC_RX type=REAL src=3 seq=3 send_ms=62770 recv_ms=62602 bytes=48
TX,REAL,7,,4,48,64063.0,64041,64063.0,,,,201,64063000	ID:7	[INFO: Metric    ] METRIC_TX type=REAL node=7 seq=4 bytes=48 time_ms=64041
TX,DUMMY,7,,3,48,64064.0,64042,64064.0,,,,202,64064000	ID:7	[INFO: Metric    ] METRIC_TX type=DUMMY node=7 seq=3 bytes=48 time_ms=64042
RX,REAL,,7,4,48,64083.88,63652,64083.88,64041,63652,20.87999999999738,203,64083880	ID:1	[INFO: Metric    ] METRIC_RX type=REAL src=7 seq=4 send_ms=64041 recv_ms=63652 bytes=48
RX,DUMMY,,7,3,48,64198.88,63767,64198.88,64042,63767,,205,64198880	ID:1	[INFO: Metric    ] METRIC_RX type=DUMMY src=7 seq=3 send_ms=64042 recv_ms=63767 bytes=48
TX,REAL,5,,3,48,65058.0,64088,65058.0,,,,207,65058000	ID:5	[INFO: Metric    ] METRIC_TX type=REAL node=5 seq=3 bytes=48 time_ms=64088
RX,REAL,,5,3,48,65123.168,64692,65123.168,64088,64692,65.16799999999785,208,65123168	ID:1	[INFO: Metric    ] METRIC_RX type=REAL src=5 seq=3 send_ms=64088 recv_ms=64692 bytes=48
TX,REAL,6,,5,48,68833.0,68745,68833.0,,,,210,68833000	ID:6	[INFO: Metric    ] METRIC_TX type=REAL node=6 seq=5 bytes=48 time_ms=68745
RX,REAL,,6,5,48,68841.88,68410,68841.88,68745,68410,8.880000000004657,211,68841880	ID:1	[INFO: Metric    ] METRIC_RX type=REAL src=6 seq=5 send_ms=68745 recv_ms=68410 bytes=48
TX,REAL,4,,3,48,70079.0,69130,70079.0,,,,214,70079000	ID:4	[INFO: Metric    ] METRIC_TX type=REAL node=4 seq=3 bytes=48 time_ms=69130
RX,REAL,,4,3,48,70145.168,69714,70145.168,69130,69714,66.16800000000512,215,70145168	ID:1	[INFO: Metric    ] METRIC_RX type=REAL src=4 seq=3 send_ms=69130 recv_ms=69714 bytes=48
TX,REAL,5,,4,48,73059.0,72089,73059.0,,,,217,73059000	ID:5	[INFO: Metric    ] METRIC_TX type=REAL node=5 seq=4 bytes=48 time_ms=72089
RX,REAL,,5,4,48,73100.168,72669,73100.168,72089,72669,41.16800000000512,218,73100168	ID:1	[INFO: Metric    ] METRIC_RX type=REAL src=5 seq=4 send_ms=72089 recv_ms=72669 bytes=48
TX,REAL,3,,4,48,73983.0,73771,73983.0,,,,220,73983000	ID:3	[INFO: Metric    ] METRIC_TX type=REAL node=3 seq=4 bytes=48 time_ms=73771
RX,REAL,,3,4,48,74032.168,73601,74032.168,73771,73601,49.16800000000512,221,74032168	ID:1	[INFO: Metric    ] METRIC_RX type=REAL src=3 seq=4 send_ms=73771 recv_ms=73601 bytes=48
TX,REAL,7,,5,48,74065.0,74043,74065.0,,,,222,74065000	ID:7	[INFO: Metric    ] METRIC_TX type=REAL node=7 seq=5 bytes=48 time_ms=74043
TX,DUMMY,7,,4,48,74066.0,74044,74066.0,,,,223,74066000	ID:7	[INFO: Metric    ] METRIC_TX type=DUMMY node=7 seq=4 bytes=48 time_ms=74044
RX,REAL,,7,5,48,74080.88,73649,74080.88,74043,73649,15.880000000004657,225,74080880	ID:1	[INFO: Metric    ] METRIC_RX type=REAL src=7 seq=5 send_ms=74043 recv_ms=73649 bytes=48
RX,DUMMY,,7,4,48,74086.88,73655,74086.88,74044,73655,,226,74086880	ID:1	[INFO: Metric    ] METRIC_RX type=DUMMY src=7 seq=4 send_ms=74044 recv_ms=73655 bytes=48
TX,REAL,2,,6,48,74377.0,73984,74377.0,,,,229,74377000	ID:2	[INFO: Metric    ] METRIC_TX type=REAL node=2 seq=6 bytes=48 time_ms=73984
RX,REAL,,2,6,48,74396.88,73965,74396.88,73984,73965,19.880000000004657,230,74396880	ID:1	[INFO: Metric    ] METRIC_RX type=REAL src=2 seq=6 send_ms=73984 recv_ms=73965 bytes=48
TX,REAL,6,,6,48,80834.0,80746,80834.0,,,,232,80834000	ID:6	[INFO: Metric    ] METRIC_TX type=REAL node=6 seq=6 bytes=48 time_ms=80746
RX,REAL,,6,6,48,80849.88,80418,80849.88,80746,80418,15.880000000004657,233,80849880	ID:1	[INFO: Metric    ] METRIC_RX type=REAL src=6 seq=6 send_ms=80746 recv_ms=80418 bytes=48
TX,REAL,5,,5,48,81060.0,80090,81060.0,,,,235,81060000	ID:5	[INFO: Metric    ] METRIC_TX type=REAL node=5 seq=5 bytes=48 time_ms=80090
RX,REAL,,5,5,48,81078.304,80647,81078.304,80090,80647,18.304000000003725,236,81078304	ID:1	[INFO: Metric    ] METRIC_RX type=REAL src=5 seq=5 send_ms=80090 recv_ms=80647 bytes=48
TX,REAL,7,,6,48,82067.0,82045,82067.0,,,,238,82067000	ID:7	[INFO: Metric    ] METRIC_TX type=REAL node=7 seq=6 bytes=48 time_ms=82045
TX,REAL,4,,4,48,82080.0,81131,82080.0,,,,239,82080000	ID:4	[INFO: Metric    ] METRIC_TX type=REAL node=4 seq=4 bytes=48 time_ms=81131
RX,REAL,,7,6,48,82085.88,81654,82085.88,82045,81654,18.880000000004657,240,82085880	ID:1	[INFO: Metric    ] METRIC_RX type=REAL src=7 seq=6 send_ms=82045 recv_ms=81654 bytes=48
RX,REAL,,4,4,48,82158.168,81727,82158.168,81131,81727,78.16800000000512,242,82158168	ID:1	[INFO: Metric    ] METRIC_RX type=REAL src=4 seq=4 send_ms=81131 recv_ms=81727 bytes=48
TX,REAL,2,,7,48,83378.0,82985,83378.0,,,,245,83378000	ID:2	[INFO: Metric    ] METRIC_TX type=REAL node=2 seq=7 bytes=48 time_ms=82985
RX,REAL,,2,7,48,83412.88,82981,83412.88,82985,82981,34.88000000000466,246,83412880	ID:1	[INFO: Metric    ] METRIC_RX type=REAL src=2 seq=7 send_ms=82985 recv_ms=82981 bytes=48
TX,REAL,3,,5,48,83984.0,83772,83984.0,,,,248,83984000	ID:3	[INFO: Metric    ] METRIC_TX type=REAL node=3 seq=5 bytes=48 time_ms=83772
RX,REAL,,3,5,48,84018.168,83587,84018.168,83772,83587,34.16800000000512,249,84018168	ID:1	[INFO: Metric    ] METRIC_RX type=REAL src=3 seq=5 send_ms=83772 recv_ms=83587 bytes=48
TX,REAL,5,,6,48,89061.0,88091,89061.0,,,,251,89061000	ID:5	[INFO: Metric    ] METRIC_TX type=REAL node=5 seq=6 bytes=48 time_ms=88091
RX,REAL,,5,6,48,89125.168,88694,89125.168,88091,88694,64.16800000000512,252,89125168	ID:1	[INFO: Metric    ] METRIC_RX type=REAL src=5 seq=6 send_ms=88091 recv_ms=88694 bytes=48
TX,REAL,2,,8,48,91379.0,90986,91379.0,,,,254,91379000	ID:2	[INFO: Metric    ] METRIC_TX type=REAL node=2 seq=8 bytes=48 time_ms=90986
RX,REAL,,2,8,48,91420.88,90989,91420.88,90986,90989,41.88000000000466,255,91420880	ID:1	[INFO: Metric    ] METRIC_RX type=REAL src=2 seq=8 send_ms=90986 recv_ms=90989 bytes=48
TX,REAL,6,,7,48,91835.0,91747,91835.0,,,,257,91835000	ID:6	[INFO: Metric    ] METRIC_TX type=REAL node=6 seq=7 bytes=48 time_ms=91747
RX,REAL,,6,7,48,91869.88,91438,91869.88,91747,91438,34.88000000000466,258,91869880	ID:1	[INFO: Metric    ] METRIC_RX type=REAL src=6 seq=7 send_ms=91747 recv_ms=91438 bytes=48
TX,REAL,7,,7,48,94068.0,94046,94068.0,,,,260,94068000	ID:7	[INFO: Metric    ] METRIC_TX type=REAL node=7 seq=7 bytes=48 time_ms=94046
RX,REAL,,7,7,48,94075.88,93644,94075.88,94046,93644,7.880000000004657,261,94075880	ID:1	[INFO: Metric    ] METRIC_RX type=REAL src=7 seq=7 send_ms=94046 recv_ms=93644 bytes=48
TX,REAL,4,,5,48,94081.0,93132,94081.0,,,,262,94081000	ID:4	[INFO: Metric    ] METRIC_TX type=REAL node=4 seq=5 bytes=48 time_ms=93132
RX,REAL,,4,5,48,94154.168,93723,94154.168,93132,93723,73.16800000000512,263,94154168	ID:1	[INFO: Metric    ] METRIC_RX type=REAL src=4 seq=5 send_ms=93132 recv_ms=93723 bytes=48
TX,REAL,3,,6,48,95985.0,95773,95985.0,,,,266,95985000	ID:3	[INFO: Metric    ] METRIC_TX type=REAL node=3 seq=6 bytes=48 time_ms=95773
TX,DUMMY,3,,3,48,95986.0,95774,95986.0,,,,267,95986000	ID:3	[INFO: Metric    ] METRIC_TX type=DUMMY node=3 seq=3 bytes=48 time_ms=95774
RX,REAL,,3,6,48,96022.168,95591,96022.168,95773,95591,37.16800000000512,268,96022168	ID:1	[INFO: Metric    ] METRIC_RX type=REAL src=3 seq=6 send_ms=95773 recv_ms=95591 bytes=48
RX,DUMMY,,3,3,48,96138.168,95707,96138.168,95774,95707,,270,96138168	ID:1	[INFO: Metric    ] METRIC_RX type=DUMMY src=3 seq=3 send_ms=95774 recv_ms=95707 bytes=48
TX,REAL,2,,9,48,99380.0,98987,99380.0,,,,272,99380000	ID:2	[INFO: Metric    ] METRIC_TX type=REAL node=2 seq=9 bytes=48 time_ms=98987
TX,DUMMY,2,,2,48,99381.0,98988,99381.0,,,,273,99381000	ID:2	[INFO: Metric    ] METRIC_TX type=DUMMY node=2 seq=2 bytes=48 time_ms=98988
RX,REAL,,2,9,48,99418.88,98987,99418.88,98987,98987,38.88000000000466,274,99418880	ID:1	[INFO: Metric    ] METRIC_RX type=REAL src=2 seq=9 send_ms=98987 recv_ms=98987 bytes=48
RX,DUMMY,,2,2,48,99434.88,99003,99434.88,98988,99003,,276,99434880	ID:1	[INFO: Metric    ] METRIC_RX type=DUMMY src=2 seq=2 send_ms=98988 recv_ms=99003 bytes=48
TX,REAL,5,,7,48,101062.0,100092,101062.0,,,,279,101062000	ID:5	[INFO: Metric    ] METRIC_TX type=REAL node=5 seq=7 bytes=48 time_ms=100092
TX,DUMMY,5,,0,48,101063.0,100093,101063.0,,,,280,101063000	ID:5	[INFO: Metric    ] METRIC_TX type=DUMMY node=5 seq=0 bytes=48 time_ms=100093
RX,REAL,,5,7,48,101124.168,100693,101124.168,100092,100693,62.16800000000512,281,101124168	ID:1	[INFO: Metric    ] METRIC_RX type=REAL src=5 seq=7 send_ms=100092 recv_ms=100693 bytes=48
RX,DUMMY,,5,0,48,101155.168,100724,101155.168,100093,100724,,282,101155168	ID:1	[INFO: Metric    ] METRIC_RX type=DUMMY src=5 seq=0 send_ms=100093 recv_ms=100724 bytes=48
TX,REAL,7,,8,48,102069.0,102047,102069.0,,,,285,102069000	ID:7	[INFO: Metric    ] METRIC_TX type=REAL node=7 seq=8 bytes=48 time_ms=102047
TX,DUMMY,7,,5,48,102070.0,102048,102070.0,,,,286,102070000	ID:7	[INFO: Metric    ] METRIC_TX type=DUMMY node=7 seq=5 bytes=48 time_ms=102048
RX,REAL,,7,8,48,102108.88,101677,102108.88,102047,101677,39.88000000000466,287,102108880	ID:1	[INFO: Metric    ] METRIC_RX type=REAL src=7 seq=8 send_ms=102047 recv_ms=101677 bytes=48
RX,DUMMY,,7,5,48,102210.88,101779,102210.88,102048,101779,,289,102210880	ID:1	[INFO: Metric    ] METRIC_RX type=DUMMY src=7 seq=5 send_ms=102048 recv_ms=101779 bytes=48
TX,REAL,6,,8,48,102836.0,102748,102836.0,,,,291,102836000	ID:6	[INFO: Metric    ] METRIC_TX type=REAL node=6 seq=8 bytes=48 time_ms=102748
TX,DUMMY,6,,2,48,102837.0,102749,102837.0,,,,292,102837000	ID:6	[INFO: Metric    ] METRIC_TX type=DUMMY node=6 seq=2 bytes=48 time_ms=102749
RX,REAL,,6,8,48,102879.88,102448,102879.88,102748,102448,43.88000000000466,293,102879880	ID:1	[INFO: Metric    ] METRIC_RX type=REAL src=6 seq=8 send_ms=102748 recv_ms=102448 bytes=48
RX,DUMMY,,6,2,48,102911.88,102480,102911.88,102749,102480,,294,102911880	ID:1	[INFO: Metric    ] METRIC_RX type=DUMMY src=6 seq=2 send_ms=102749 recv_ms=102480 bytes=48
TX,REAL,3,,7,48,103987.0,103775,103987.0,,,,297,103987000	ID:3	[INFO: Metric    ] METRIC_TX type=REAL node=3 seq=7 bytes=48 time_ms=103775
RX,REAL,,3,7,48,104057.168,103626,104057.168,103775,103626,70.16800000000512,298,104057168	ID:1	[INFO: Metric    ] METRIC_RX type=REAL src=3 seq=7 send_ms=103775 recv_ms=103626 bytes=48
TX,REAL,4,,6,48,106082.0,105133,106082.0,,,,300,106082000	ID:4	[INFO: Metric    ] METRIC_TX type=REAL node=4 seq=6 bytes=48 time_ms=105133
RX,REAL,,4,6,48,106122.168,105691,106122.168,105133,105691,40.16800000000512,301,106122168	ID:1	[INFO: Metric    ] METRIC_RX type=REAL src=4 seq=6 send_ms=105133 recv_ms=105691 bytes=48
TX,REAL,2,,10,48,107382.0,106989,107382.0,,,,305,107382000	ID:2	[INFO: Metric    ] METRIC_TX type=REAL node=2 seq=10 bytes=48 time_ms=106989
RX,REAL,,2,10,48,107415.88,106984,107415.88,106989,106984,33.88000000000466,306,107415880	ID:1	[INFO: Metric    ] METRIC_RX type=REAL src=2 seq=10 send_ms=106989 recv_ms=106984 bytes=48
TX,REAL,5,,8,48,109064.0,108094,109064.0,,,,309,109064000	ID:5	[INFO: Metric    ] METRIC_TX type=REAL node=5 seq=8 bytes=48 time_ms=108094
TX,DUMMY,5,,1,48,109065.0,108095,109065.0,,,,310,109065000	ID:5	[INFO: Metric    ] METRIC_TX type=DUMMY node=5 seq=1 bytes=48 time_ms=108095
RX,REAL,,5,8,48,109155.168,108724,109155.168,108094,108724,91.16800000000512,311,109155168	ID:1	[INFO: Metric    ] METRIC_RX type=REAL src=5 seq=8 send_ms=108094 recv_ms=108724 bytes=48
RX,DUMMY,,5,1,48,109174.168,108743,109174.168,108095,108743,,312,109174168	ID:1	[INFO: Metric    ] METRIC_RX type=DUMMY src=5 seq=1 send_ms=108095 recv_ms=108743 bytes=48
TX,REAL,6,,9,48,110838.0,110750,110838.0,,,,315,110838000	ID:6	[INFO: Metric    ] METRIC_TX type=REAL node=6 seq=9 bytes=48 time_ms=110750
RX,REAL,,6,9,48,110856.88,110425,110856.88,110750,110425,18.880000000004657,316,110856880	ID:1	[INFO: Metric    ] METRIC_RX type=REAL src=6 seq=9 send_ms=110750 recv_ms=110425 bytes=48
TX,REAL,3,,8,48,113988.0,113776,113988.0,,,,318,113988000	ID:3	[INFO: Metric    ] METRIC_TX type=REAL node=3 seq=8 bytes=48 time_ms=113776
TX,DUMMY,3,,4,48,113989.0,113777,113989.0,,,,319,113989000	ID:3	[INFO: Metric    ] METRIC_TX type=DUMMY node=3 seq=4 bytes=48 time_ms=113777
RX,REAL,,3,8,48,114059.168,113628,114059.168,113776,113628,71.16800000000512,320,114059168	ID:1	[INFO: Metric    ] METRIC_RX type=REAL src=3 seq=8 send_ms=113776 recv_ms=113628 bytes=48
TX,REAL,7,,9,48,114071.0,114049,114071.0,,,,321,114071000	ID:7	[INFO: Metric    ] METRIC_TX type=REAL node=7 seq=9 bytes=48 time_ms=114049
RX,DUMMY,,3,4,48,114185.168,113754,114185.168,113777,113754,,323,114185168	ID:1	[INFO: Metric    ] METRIC_RX type=DUMMY src=3 seq=4 send_ms=113777 recv_ms=113754 bytes=48
RX,REAL,,7,9,48,114192.88,113761,114192.88,114049,113761,121.88000000000466,324,114192880	ID:1	[INFO: Metric    ] METRIC_RX type=REAL src=7 seq=9 send_ms=114049 recv_ms=113761 bytes=48
TX,REAL,4,,7,48,115083.0,114134,115083.0,,,,327,115083000	ID:4	[INFO: Metric    ] METRIC_TX type=REAL node=4 seq=7 bytes=48 time_ms=114134
RX,REAL,,4,7,48,115144.168,114713,115144.168,114134,114713,61.16800000000512,328,115144168	ID:1	[INFO: Metric    ] METRIC_RX type=REAL src=4 seq=7 send_ms=114134 recv_ms=114713 bytes=48
TX,REAL,2,,11,48,115383.0,114990,115383.0,,,,330,115383000	ID:2	[INFO: Metric    ] METRIC_TX type=REAL node=2 seq=11 bytes=48 time_ms=114990
RX,REAL,,2,11,48,115415.88,114984,115415.88,114990,114984,32.88000000000466,331,115415880	ID:1	[INFO: Metric    ] METRIC_RX type=REAL src=2 seq=11 send_ms=114990 recv_ms=114984 bytes=48
TX,REAL,5,,9,48,121066.0,120096,121066.0,,,,333,121066000	ID:5	[INFO: Metric    ] METRIC_TX type=REAL node=5 seq=9 bytes=48 time_ms=120096
RX,REAL,,5,9,48,121080.168,120649,121080.168,120096,120649,14.168000000005122,334,121080168	ID:1	[INFO: Metric    ] METRIC_RX type=REAL src=5 seq=9 send_ms=120096 recv_ms=120649 bytes=48
TX,REAL,6,,10,48,122839.0,122751,122839.0,,,,338,122839000	ID:6	[INFO: Metric    ] METRIC_TX type=REAL node=6 seq=10 bytes=48 time_ms=122751
RX,REAL,,6,10,48,122872.88,122441,122872.88,122751,122441,33.88000000000466,339,122872880	ID:1	[INFO: Metric    ] METRIC_RX type=REAL src=6 seq=10 send_ms=122751 recv_ms=122441 bytes=48
TX,REAL,3,,9,48,122990.0,122778,122990.0,,,,342,122990000	ID:3	[INFO: Metric    ] METRIC_TX type=REAL node=3 seq=9 bytes=48 time_ms=122778
TX,DUMMY,3,,5,48,122991.0,122779,122991.0,,,,343,122991000	ID:3	[INFO: Metric    ] METRIC_TX type=DUMMY node=3 seq=5 bytes=48 time_ms=122779
RX,REAL,,3,9,48,123034.168,122603,123034.168,122778,122603,44.16800000000512,344,123034168	ID:1	[INFO: Metric    ] METRIC_RX type=REAL src=3 seq=9 send_ms=122778 recv_ms=122603 bytes=48
RX,DUMMY,,3,5,48,123050.168,122619,123050.168,122779,122619,,345,123050168	ID:1	[INFO: Metric    ] METRIC_RX type=DUMMY src=3 seq=5 send_ms=122779 recv_ms=122619 bytes=48
TX,REAL,4,,8,48,123084.0,122135,123084.0,,,,347,123084000	ID:4	[INFO: Metric    ] METRIC_TX type=REAL node=4 seq=8 bytes=48 time_ms=122135
RX,REAL,,4,8,48,123149.168,122718,123149.168,122135,122718,65.16800000000512,349,123149168	ID:1	[INFO: Metric    ] METRIC_RX type=REAL src=4 seq=8 send_ms=122135 recv_ms=122718 bytes=48
TX,REAL,2,,12,48,123384.0,122991,123384.0,,,,351,123384000	ID:2	[INFO: Metric    ] METRIC_TX type=REAL node=2 seq=12 bytes=48 time_ms=122991
TX,DUMMY,2,,3,48,123385.0,122992,123385.0,,,,352,123385000	ID:2	[INFO: Metric    ] METRIC_TX type=DUMMY node=2 seq=3 bytes=48 time_ms=122992
RX,REAL,,2,12,48,123391.88,122960,123391.88,122991,122960,7.880000000004657,353,123391880	ID:1	[INFO: Metric    ] METRIC_RX type=REAL src=2 seq=12 send_ms=122991 recv_ms=122960 bytes=48
RX,DUMMY,,2,3,48,123419.88,122988,123419.88,122992,122988,,354,123419880	ID:1	[INFO: Metric    ] METRIC_RX type=DUMMY src=2 seq=3 send_ms=122992 recv_ms=122988 bytes=48
TX,REAL,7,,10,48,124072.0,124050,124072.0,,,,359,124072000	ID:7	[INFO: Metric    ] METRIC_TX type=REAL node=7 seq=10 bytes=48 time_ms=124050
RX,REAL,,7,10,48,124077.88,123646,124077.88,124050,123646,5.880000000004657,360,124077880	ID:1	[INFO: Metric    ] METRIC_RX type=REAL src=7 seq=10 send_ms=124050 recv_ms=123646 bytes=48
TX,REAL,6,,11,48,130840.0,130752,130840.0,,,,362,130840000	ID:6	[INFO: Metric    ] METRIC_TX type=REAL node=6 seq=11 bytes=48 time_ms=130752
RX,REAL,,6,11,48,130857.88,130426,130857.88,130752,130426,17.880000000004657,363,130857880	ID:1	[INFO: Metric    ] METRIC_RX type=REAL src=6 seq=11 send_ms=130752 recv_ms=130426 bytes=48
TX,REAL,3,,10,48,131992.0,131780,131992.0,,,,367,131992000	ID:3	[INFO: Metric    ] METRIC_TX type=REAL node=3 seq=10 bytes=48 time_ms=131780
RX,REAL,,3,10,48,132059.168,131628,132059.168,131780,131628,67.16800000000512,368,132059168	ID:1	[INFO: Metric    ] METRIC_RX type=REAL src=3 seq=10 send_ms=131780 recv_ms=131628 bytes=48
TX,REAL,4,,9,48,132085.0,131136,132085.0,,,,370,132085000	ID:4	[INFO: Metric    ] METRIC_TX type=REAL node=4 seq=9 bytes=48 time_ms=131136
RX,REAL,,4,9,48,132137.168,131706,132137.168,131136,131706,52.16800000000512,371,132137168	ID:1	[INFO: Metric    ] METRIC_RX type=REAL src=4 seq=9 send_ms=131136 recv_ms=131706 bytes=48
TX,REAL,5,,10,48,133067.0,132097,133067.0,,,,375,133067000	ID:5	[INFO: Metric    ] METRIC_TX type=REAL node=5 seq=10 bytes=48 time_ms=132097
RX,REAL,,5,10,48,133123.168,132692,133123.168,132097,132692,56.16800000000512,376,133123168	ID:1	[INFO: Metric    ] METRIC_RX type=REAL src=5 seq=10 send_ms=132097 recv_ms=132692 bytes=48
TX,REAL,7,,11,48,134073.0,134051,134073.0,,,,379,134073000	ID:7	[INFO: Metric    ] METRIC_TX type=REAL node=7 seq=11 bytes=48 time_ms=134051
RX,REAL,,7,11,48,134105.88,133674,134105.88,134051,133674,32.88000000000466,380,134105880	ID:1	[INFO: Metric    ] METRIC_RX type=REAL src=7 seq=11 send_ms=134051 recv_ms=133674 bytes=48
TX,REAL,2,,13,48,134386.0,133993,134386.0,,,,382,134386000	ID:2	[INFO: Metric    ] METRIC_TX type=REAL node=2 seq=13 bytes=48 time_ms=133993
RX,REAL,,2,13,48,134406.88,133975,134406.88,133993,133975,20.880000000004657,383,134406880	ID:1	[INFO: Metric    ] METRIC_RX type=REAL src=2 seq=13 send_ms=133993 recv_ms=133975 bytes=48
TX,REAL,6,,12,48,139841.0,139753,139841.0,,,,385,139841000	ID:6	[INFO: Metric    ] METRIC_TX type=REAL node=6 seq=12 bytes=48 time_ms=139753
RX,REAL,,6,12,48,139861.88,139430,139861.88,139753,139430,20.880000000004657,386,139861880	ID:1	[INFO: Metric    ] METRIC_RX type=REAL src=6 seq=12 send_ms=139753 recv_ms=139430 bytes=48
TX,REAL,3,,11,48,139993.0,139781,139993.0,,,,388,139993000	ID:3	[INFO: Metric    ] METRIC_TX type=REAL node=3 seq=11 bytes=48 time_ms=139781
RX,REAL,,3,11,48,140026.168,139595,140026.168,139781,139595,33.16800000000512,389,140026168	ID:1	[INFO: Metric    ] METRIC_RX type=REAL src=3 seq=11 send_ms=139781 recv_ms=139595 bytes=48
TX,REAL,7,,12,48,142074.0,142052,142074.0,,,,391,142074000	ID:7	[INFO: Metric    ] METRIC_TX type=REAL node=7 seq=12 bytes=48 time_ms=142052
RX,REAL,,7,12,48,142105.88,141674,142105.88,142052,141674,31.880000000004657,392,142105880	ID:1	[INFO: Metric    ] METRIC_RX type=REAL src=7 seq=12 send_ms=142052 recv_ms=141674 bytes=48
TX,REAL,4,,10,48,144086.0,143137,144086.0,,,,396,144086000	ID:4	[INFO: Metric    ] METRIC_TX type=REAL node=4 seq=10 bytes=48 time_ms=143137
RX,REAL,,4,10,48,144141.168,143710,144141.168,143137,143710,55.16800000000512,397,144141168	ID:1	[INFO: Metric    ] METRIC_RX type=REAL src=4 seq=10 send_ms=143137 recv_ms=143710 bytes=48
TX,REAL,2,,14,48,144387.0,143994,144387.0,,,,399,144387000	ID:2	[INFO: Metric    ] METRIC_TX type=REAL node=2 seq=14 bytes=48 time_ms=143994
RX,REAL,,2,14,48,144419.88,143988,144419.88,143994,143988,32.88000000000466,400,144419880	ID:1	[INFO: Metric    ] METRIC_RX type=REAL src=2 seq=14 send_ms=143994 recv_ms=143988 bytes=48
TX,REAL,5,,11,48,145068.0,144098,145068.0,,,,402,145068000	ID:5	[INFO: Metric    ] METRIC_TX type=REAL node=5 seq=11 bytes=48 time_ms=144098
TX,DUMMY,5,,2,48,145069.0,144099,145069.0,,,,403,145069000	ID:5	[INFO: Metric    ] METRIC_TX type=DUMMY node=5 seq=2 bytes=48 time_ms=144099
RX,REAL,,5,11,48,145204.168,144773,145204.168,144098,144773,136.16800000000512,404,145204168	ID:1	[INFO: Metric    ] METRIC_RX type=REAL src=5 seq=11 send_ms=144098 recv_ms=144773 bytes=48
RX,DUMMY,,5,2,48,145213.168,144782,145213.168,144099,144782,,405,145213168	ID:1	[INFO: Metric    ] METRIC_RX type=DUMMY src=5 seq=2 send_ms=144099 recv_ms=144782 bytes=48
TX,REAL,3,,12,48,147994.0,147782,147994.0,,,,408,147994000	ID:3	[INFO: Metric    ] METRIC_TX type=REAL node=3 seq=12 bytes=48 time_ms=147782
TX,DUMMY,3,,6,48,147995.0,147783,147995.0,,,,409,147995000	ID:3	[INFO: Metric    ] METRIC_TX type=DUMMY node=3 seq=6 bytes=48 time_ms=147783
RX,REAL,,3,12,48,148137.168,147706,148137.168,147782,147706,143.16800000000512,410,148137168	ID:1	[INFO: Metric    ] METRIC_RX type=REAL src=3 seq=12 send_ms=147782 recv_ms=147706 bytes=48
RX,DUMMY,,3,6,48,148144.168,147713,148144.168,147783,147713,,412,148144168	ID:1	[INFO: Metric    ] METRIC_RX type=DUMMY src=3 seq=6 send_ms=147783 recv_ms=147713 bytes=48
TX,REAL,6,,13,48,149842.0,149754,149842.0,,,,415,149842000	ID:6	[INFO: Metric    ] METRIC_TX type=REAL node=6 seq=13 bytes=48 time_ms=149754
RX,REAL,,6,13,48,149856.88,149425,149856.88,149754,149425,14.880000000004657,416,149856880	ID:1	[INFO: Metric    ] METRIC_RX type=REAL src=6 seq=13 send_ms=149754 recv_ms=149425 bytes=48
TX,REAL,5,,12,48,153070.0,152100,153070.0,,,,418,153070000	ID:5	[INFO: Metric    ] METRIC_TX type=REAL node=5 seq=12 bytes=48 time_ms=152100
TX,DUMMY,5,,3,48,153071.0,152101,153071.0,,,,419,153071000	ID:5	[INFO: Metric    ] METRIC_TX type=DUMMY node=5 seq=3 bytes=48 time_ms=152101
TX,REAL,4,,11,48,153087.0,152138,153087.0,,,,420,153087000	ID:4	[INFO: Metric    ] METRIC_TX type=REAL node=4 seq=11 bytes=48 time_ms=152138
RX,REAL,,5,12,48,153113.168,152682,153113.168,152100,152682,43.16800000000512,421,153113168	ID:1	[INFO: Metric    ] METRIC_RX type=REAL src=5 seq=12 send_ms=152100 recv_ms=152682 bytes=48
RX,REAL,,4,11,48,153170.168,152739,153170.168,152138,152739,83.16800000000512,422,153170168	ID:1	[INFO: Metric    ] METRIC_RX type=REAL src=4 seq=11 send_ms=152138 recv_ms=152739 bytes=48
RX,DUMMY,,5,3,48,153174.336,152743,153174.336,152101,152743,,423,153174336	ID:1	[INFO: Metric    ] METRIC_RX type=DUMMY src=5 seq=3 send_ms=152101 recv_ms=152743 bytes=48
TX,REAL,7,,13,48,154075.0,154053,154075.0,,,,427,154075000	ID:7	[INFO: Metric    ] METRIC_TX type=REAL node=7 seq=13 bytes=48 time_ms=154053
TX,DUMMY,7,,6,48,154076.0,154054,154076.0,,,,428,154076000	ID:7	[INFO: Metric    ] METRIC_TX type=DUMMY node=7 seq=6 bytes=48 time_ms=154054
RX,REAL,,7,13,48,154117.88,153686,154117.88,154053,153686,42.88000000000466,429,154117880	ID:1	[INFO: Metric    ] METRIC_RX type=REAL src=7 seq=13 send_ms=154053 recv_ms=153686 bytes=48
RX,DUMMY,,7,6,48,154160.88,153729,154160.88,154054,153729,,431,154160880	ID:1	[INFO: Metric    ] METRIC_RX type=DUMMY src=7 seq=6 send_ms=154054 recv_ms=153729 bytes=48
TX,REAL,2,,15,48,154388.0,153995,154388.0,,,,433,154388000	ID:2	[INFO: Metric    ] METRIC_TX type=REAL node=2 seq=15 bytes=48 time_ms=153995
RX,REAL,,2,15,48,154417.88,153986,154417.88,153995,153986,29.880000000004657,434,154417880	ID:1	[INFO: Metric    ] METRIC_RX type=REAL src=2 seq=15 send_ms=153995 recv_ms=153986 bytes=48
TX,REAL,3,,13,48,156996.0,156784,156996.0,,,,436,156996000	ID:3	[INFO: Metric    ] METRIC_TX type=REAL node=3 seq=13 bytes=48 time_ms=156784
TX,DUMMY,3,,7,48,156997.0,156785,156997.0,,,,437,156997000	ID:3	[INFO: Metric    ] METRIC_TX type=DUMMY node=3 seq=7 bytes=48 time_ms=156785
RX,REAL,,3,13,48,157030.168,156599,157030.168,156784,156599,34.16800000000512,438,157030168	ID:1	[INFO: Metric    ] METRIC_RX type=REAL src=3 seq=13 send_ms=156784 recv_ms=156599 bytes=48
RX,DUMMY,,3,7,48,157070.168,156639,157070.168,156785,156639,,439,157070168	ID:1	[INFO: Metric    ] METRIC_RX type=DUMMY src=3 seq=7 send_ms=156785 recv_ms=156639 bytes=48
TX,REAL,6,,14,48,158843.0,158755,158843.0,,,,443,158843000	ID:6	[INFO: Metric    ] METRIC_TX type=REAL node=6 seq=14 bytes=48 time_ms=158755
RX,REAL,,6,14,48,158877.88,158446,158877.88,158755,158446,34.88000000000466,444,158877880	ID:1	[INFO: Metric    ] METRIC_RX type=REAL src=6 seq=14 send_ms=158755 recv_ms=158446 bytes=48
TX,REAL,5,,13,48,162072.0,161102,162072.0,,,,446,162072000	ID:5	[INFO: Metric    ] METRIC_TX type=REAL node=5 seq=13 bytes=48 time_ms=161102
TX,REAL,7,,14,48,162077.0,162055,162077.0,,,,447,162077000	ID:7	[INFO: Metric    ] METRIC_TX type=REAL node=7 seq=14 bytes=48 time_ms=162055
TX,DUMMY,7,,7,48,162078.0,162056,162078.0,,,,448,162078000	ID:7	[INFO: Metric    ] METRIC_TX type=DUMMY node=7 seq=7 bytes=48 time_ms=162056
TX,REAL,4,,12,48,162088.0,161139,162088.0,,,,449,162088000	ID:4	[INFO: Metric    ] METRIC_TX type=REAL node=4 seq=12 bytes=48 time_ms=161139
TX,DUMMY,4,,1,48,162089.0,161140,162089.0,,,,450,162089000	ID:4	[INFO: Metric    ] METRIC_TX type=DUMMY node=4 seq=1 bytes=48 time_ms=161140
RX,REAL,,7,14,48,162117.88,161686,162117.88,162055,161686,40.88000000000466,451,162117880	ID:1	[INFO: Metric    ] METRIC_RX type=REAL src=7 seq=14 send_ms=162055 recv_ms=161686 bytes=48
RX,DUMMY,,7,7,48,162133.96,161702,162133.96,162056,161702,,452,162133960	ID:1	[INFO: Metric    ] METRIC_RX type=DUMMY src=7 seq=7 send_ms=162056 recv_ms=161702 bytes=48
RX,REAL,,4,12,48,162165.304,161734,162165.304,161139,161734,77.30400000000373,453,162165304	ID:1	[INFO: Metric    ] METRIC_RX type=REAL src=4 seq=12 send_ms=161139 recv_ms=161734 bytes=48
RX,DUMMY,,4,1,48,162227.168,161796,162227.168,161140,161796,,454,162227168	ID:1	[INFO: Metric    ] METRIC_RX type=DUMMY src=4 seq=1 send_ms=161140 recv_ms=161796 bytes=48
RX,REAL,,5,13,48,162269.592,161838,162269.592,161102,161838,197.5920000000042,456,162269592	ID:1	[INFO: Metric    ] METRIC_RX type=REAL src=5 seq=13 send_ms=161102 recv_ms=161838 bytes=48
TX,REAL,2,,16,48,162389.0,161996,162389.0,,,,460,162389000	ID:2	[INFO: Metric    ] METRIC_TX type=REAL node=2 seq=16 bytes=48 time_ms=161996
RX,REAL,,2,16,48,162441.88,162010,162441.88,161996,162010,52.88000000000466,462,162441880	ID:1	[INFO: Metric    ] METRIC_RX type=REAL src=2 seq=16 send_ms=161996 recv_ms=162010 bytes=48
TX,REAL,3,,14,48,166998.0,166786,166998.0,,,,464,166998000	ID:3	[INFO: Metric    ] METRIC_TX type=REAL node=3 seq=14 bytes=48 time_ms=166786
RX,REAL,,3,14,48,167062.168,166631,167062.168,166786,166631,64.16800000000512,465,167062168	ID:1	[INFO: Metric    ] METRIC_RX type=REAL src=3 seq=14 send_ms=166786 recv_ms=166631 bytes=48
TX,REAL,2,,17,48,170390.0,169997,170390.0,,,,467,170390000	ID:2	[INFO: Metric    ] METRIC_TX type=REAL node=2 seq=17 bytes=48 time_ms=169997
RX,REAL,,2,17,48,170415.88,169984,170415.88,169997,169984,25.880000000004657,468,170415880	ID:1	[INFO: Metric    ] METRIC_RX type=REAL src=2 seq=17 send_ms=169997 recv_ms=169984 bytes=48
TX,REAL,6,,15,48,170844.0,170756,170844.0,,,,470,170844000	ID:6	[INFO: Metric    ] METRIC_TX type=REAL node=6 seq=15 bytes=48 time_ms=170756
RX,REAL,,6,15,48,170866.88,170435,170866.88,170756,170435,22.880000000004657,471,170866880	ID:1	[INFO: Metric    ] METRIC_RX type=REAL src=6 seq=15 send_ms=170756 recv_ms=170435 bytes=48
TX,REAL,5,,14,48,172073.0,171103,172073.0,,,,474,172073000	ID:5	[INFO: Metric    ] METRIC_TX type=REAL node=5 seq=14 bytes=48 time_ms=171103
TX,DUMMY,5,,4,48,172074.0,171104,172074.0,,,,475,172074000	ID:5	[INFO: Metric    ] METRIC_TX type=DUMMY node=5 seq=4 bytes=48 time_ms=171104
TX,REAL,7,,15,48,172079.0,172057,172079.0,,,,476,172079000	ID:7	[INFO: Metric    ] METRIC_TX type=REAL node=7 seq=15 bytes=48 time_ms=172057
RX,REAL,,7,15,48,172135.88,171704,172135.88,172057,171704,56.88000000000466,477,172135880	ID:1	[INFO: Metric    ] METRIC_RX type=REAL src=7 seq=15 send_ms=172057 recv_ms=171704 bytes=48
RX,REAL,,5,14,48,172145.168,171714,172145.168,171103,171714,72.16800000000512,478,172145168	ID:1	[INFO: Metric    ] METRIC_RX type=REAL src=5 seq=14 send_ms=171103 recv_ms=171714 bytes=48
RX,DUMMY,,5,4,48,172187.168,171756,172187.168,171104,171756,,480,172187168	ID:1	[INFO: Metric    ] METRIC_RX type=DUMMY src=5 seq=4 send_ms=171104 recv_ms=171756 bytes=48
TX,REAL,4,,13,48,174090.0,173141,174090.0,,,,483,174090000	ID:4	[INFO: Metric    ] METRIC_TX type=REAL node=4 seq=13 bytes=48 time_ms=173141
RX,REAL,,4,13,48,174142.168,173711,174142.168,173141,173711,52.16800000000512,484,174142168	ID:1	[INFO: Metric    ] METRIC_RX type=REAL src=4 seq=13 send_ms=173141 recv_ms=173711 bytes=48
TX,REAL,3,,15,48,178999.0,178787,178999.0,,,,486,178999000	ID:3	[INFO: Metric    ] METRIC_TX type=REAL node=3 seq=15 bytes=48 time_ms=178787
RX,REAL,,3,15,48,179034.168,178603,179034.168,178787,178603,35.16800000000512,487,179034168	ID:1	[INFO: Metric    ] METRIC_RX type=REAL src=3 seq=15 send_ms=178787 recv_ms=178603 bytes=48
TX,REAL,2,,18,48,179391.0,178998,179391.0,,,,489,179391000	ID:2	[INFO: Metric    ] METRIC_TX type=REAL node=2 seq=18 bytes=48 time_ms=178998
RX,REAL,,2,18,48,179417.88,178986,179417.88,178998,178986,26.880000000004657,490,179417880	ID:1	[INFO: Metric    ] METRIC_RX type=REAL src=2 seq=18 send_ms=178998 recv_ms=178986 bytes=48
TX,REAL,6,,16,48,179845.0,179757,179845.0,,,,492,179845000	ID:6	[INFO: Metric    ] METRIC_TX type=REAL node=6 seq=16 bytes=48 time_ms=179757
RX,REAL,,6,16,48,179868.88,179437,179868.88,179757,179437,23.880000000004657,493,179868880	ID:1	[INFO: Metric    ] METRIC_RX type=REAL src=6 seq=16 send_ms=179757 recv_ms=179437 bytes=48
TX,REAL,7,,16,48,180080.0,180058,180080.0,,,,495,180080000	ID:7	[INFO: Metric    ] METRIC_TX type=REAL node=7 seq=16 bytes=48 time_ms=180058
RX,REAL,,7,16,48,180111.88,179680,180111.88,180058,179680,31.880000000004657,496,180111880	ID:1	[INFO: Metric    ] METRIC_RX type=REAL src=7 seq=16 send_ms=180058 recv_ms=179680 bytes=48
TX,REAL,4,,14,48,182091.0,181142,182091.0,,,,498,182091000	ID:4	[INFO: Metric    ] METRIC_TX type=REAL node=4 seq=14 bytes=48 time_ms=181142
RX,REAL,,4,14,48,182174.168,181743,182174.168,181142,181743,83.16800000000512,499,182174168	ID:1	[INFO: Metric    ] METRIC_RX type=REAL src=4 seq=14 send_ms=181142 recv_ms=181743 bytes=48
TX,REAL,5,,15,48,184075.0,183105,184075.0,,,,501,184075000	ID:5	[INFO: Metric    ] METRIC_TX type=REAL node=5 seq=15 bytes=48 time_ms=183105
RX,REAL,,5,15,48,184111.168,183680,184111.168,183105,183680,36.16800000000512,502,184111168	ID:1	[INFO: Metric    ] METRIC_RX type=REAL src=5 seq=15 send_ms=183105 recv_ms=183680 bytes=48
TX,REAL,2,,19,48,187392.0,186999,187392.0,,,,505,187392000	ID:2	[INFO: Metric    ] METRIC_TX type=REAL node=2 seq=19 bytes=48 time_ms=186999
RX,REAL,,2,19,48,187435.88,187004,187435.88,186999,187004,43.88000000000466,506,187435880	ID:1	[INFO: Metric    ] METRIC_RX type=REAL src=2 seq=19 send_ms=186999 recv_ms=187004 bytes=48
TX,REAL,6,,17,48,188846.0,188758,188846.0,,,,508,188846000	ID:6	[INFO: Metric    ] METRIC_TX type=REAL node=6 seq=17 bytes=48 time_ms=188758
RX,REAL,,6,17,48,188876.88,188445,188876.88,188758,188445,30.880000000004657,509,188876880	ID:1	[INFO: Metric    ] METRIC_RX type=REAL src=6 seq=17 send_ms=188758 recv_ms=188445 bytes=48
TX,REAL,3,,16,48,189000.0,188788,189000.0,,,,511,189000000	ID:3	[INFO: Metric    ] METRIC_TX type=REAL node=3 seq=16 bytes=48 time_ms=188788
TX,DUMMY,3,,8,48,189001.0,188789,189001.0,,,,512,189001000	ID:3	[INFO: Metric    ] METRIC_TX type=DUMMY node=3 seq=8 bytes=48 time_ms=188789
RX,REAL,,3,16,48,189062.168,188631,189062.168,188788,188631,62.16800000000512,513,189062168	ID:1	[INFO: Metric    ] METRIC_RX type=REAL src=3 seq=16 send_ms=188788 recv_ms=188631 bytes=48
TX,REAL,7,,17,48,189081.0,189059,189081.0,,,,514,189081000	ID:7	[INFO: Metric    ] METRIC_TX type=REAL node=7 seq=17 bytes=48 time_ms=189059
RX,DUMMY,,3,8,48,189095.168,188664,189095.168,188789,188664,,515,189095168	ID:1	[INFO: Metric    ] METRIC_RX type=DUMMY src=3 seq=8 send_ms=188789 recv_ms=188664 bytes=48
RX,REAL,,7,17,48,189102.88,188671,189102.88,189059,188671,21.880000000004657,516,189102880	ID:1	[INFO: Metric    ] METRIC_RX type=REAL src=7 seq=17 send_ms=189059 recv_ms=188671 bytes=48
TX,REAL,5,,16,48,193076.0,192106,193076.0,,,,520,193076000	ID:5	[INFO: Metric    ] METRIC_TX type=REAL node=5 seq=16 bytes=48 time_ms=192106
TX,DUMMY,5,,5,48,193077.0,192107,193077.0,,,,521,193077000	ID:5	[INFO: Metric    ] METRIC_TX type=DUMMY node=5 seq=5 bytes=48 time_ms=192107
TX,REAL,4,,15,48,193092.0,192143,193092.0,,,,522,193092000	ID:4	[INFO: Metric    ] METRIC_TX type=REAL node=4 seq=15 bytes=48 time_ms=192143
RX,REAL,,5,16,48,193159.168,192728,193159.168,192106,192728,83.16800000000512,523,193159168	ID:1	[INFO: Metric    ] METRIC_RX type=REAL src=5 seq=16 send_ms=192106 recv_ms=192728 bytes=48
RX,REAL,,4,15,48,193172.168,192741,193172.168,192143,192741,80.16800000000512,524,193172168	ID:1	[INFO: Metric    ] METRIC_RX type=REAL src=4 seq=15 send_ms=192143 recv_ms=192741 bytes=48
RX,DUMMY,,5,5,48,193244.168,192813,193244.168,192107,192813,,527,193244168	ID:1	[INFO: Metric    ] METRIC_RX type=DUMMY src=5 seq=5 send_ms=192107 recv_ms=192813 bytes=48
TX,REAL,6,,18,48,197847.0,197759,197847.0,,,,529,197847000	ID:6	[INFO: Metric    ] METRIC_TX type=REAL node=6 seq=18 bytes=48 time_ms=197759
TX,DUMMY,6,,3,48,197848.0,197760,197848.0,,,,530,197848000	ID:6	[INFO: Metric    ] METRIC_TX type=DUMMY node=6 seq=3 bytes=48 time_ms=197760
RX,REAL,,6,18,48,197854.88,197423,197854.88,197759,197423,7.880000000004657,531,197854880	ID:1	[INFO: Metric    ] METRIC_RX type=REAL src=6 seq=18 send_ms=197759 recv_ms=197423 bytes=48
RX,DUMMY,,6,3,48,197892.88,197461,197892.88,197760,197461,,533,197892880	ID:1	[INFO: Metric    ] METRIC_RX type=DUMMY src=6 seq=3 send_ms=197760 recv_ms=197461 bytes=48
TX,REAL,3,,17,48,198002.0,197790,198002.0,,,,536,198002000	ID:3	[INFO: Metric    ] METRIC_TX type=REAL node=3 seq=17 bytes=48 time_ms=197790
RX,REAL,,3,17,48,198017.168,197586,198017.168,197790,197586,15.168000000005122,537,198017168	ID:1	[INFO: Metric    ] METRIC_RX type=REAL src=3 seq=17 send_ms=197790 recv_ms=197586 bytes=48
TX,REAL,7,,18,48,198082.0,198060,198082.0,,,,538,198082000	ID:7	[INFO: Metric    ] METRIC_TX type=REAL node=7 seq=18 bytes=48 time_ms=198060
RX,REAL,,7,18,48,198110.88,197679,198110.88,198060,197679,28.880000000004657,540,198110880	ID:1	[INFO: Metric    ] METRIC_RX type=REAL src=7 seq=18 send_ms=198060 recv_ms=197679 bytes=48
TX,REAL,2,,20,48,199393.0,199000,199393.0,,,,544,199393000	ID:2	[INFO: Metric    ] METRIC_TX type=REAL node=2 seq=20 bytes=48 time_ms=199000
RX,REAL,,2,20,48,199430.88,198999,199430.88,199000,198999,37.88000000000466,545,199430880	ID:1	[INFO: Metric    ] METRIC_RX type=REAL src=2 seq=20 send_ms=199000 recv_ms=198999 bytes=48
TX,REAL,4,,16,48,204093.0,203144,204093.0,,,,547,204093000	ID:4	[INFO: Metric    ] METRIC_TX type=REAL node=4 seq=16 bytes=48 time_ms=203144
RX,REAL,,4,16,48,204162.168,203731,204162.168,203144,203731,69.16800000000512,548,204162168	ID:1	[INFO: Metric    ] METRIC_RX type=REAL src=4 seq=16 send_ms=203144 recv_ms=203731 bytes=48
TX,REAL,5,,17,48,205078.0,204108,205078.0,,,,550,205078000	ID:5	[INFO: Metric    ] METRIC_TX type=REAL node=5 seq=17 bytes=48 time_ms=204108
TX,DUMMY,5,,6,48,205079.0,204109,205079.0,,,,551,205079000	ID:5	[INFO: Metric    ] METRIC_TX type=DUMMY node=5 seq=6 bytes=48 time_ms=204109
RX,REAL,,5,17,48,205163.168,204732,205163.168,204108,204732,85.16800000000512,552,205163168	ID:1	[INFO: Metric    ] METRIC_RX type=REAL src=5 seq=17 send_ms=204108 recv_ms=204732 bytes=48
RX,DUMMY,,5,6,48,205234.168,204803,205234.168,204109,204803,,554,205234168	ID:1	[INFO: Metric    ] METRIC_RX type=DUMMY src=5 seq=6 send_ms=204109 recv_ms=204803 bytes=48
TX,REAL,7,,19,48,207083.0,207061,207083.0,,,,556,207083000	ID:7	[INFO: Metric    ] METRIC_TX type=REAL node=7 seq=19 bytes=48 time_ms=207061
RX,REAL,,7,19,48,207091.88,206660,207091.88,207061,206660,8.880000000004657,557,207091880	ID:1	[INFO: Metric    ] METRIC_RX type=REAL src=7 seq=19 send_ms=207061 recv_ms=206660 bytes=48
TX,REAL,3,,18,48,208003.0,207791,208003.0,,,,559,208003000	ID:3	[INFO: Metric    ] METRIC_TX type=REAL node=3 seq=18 bytes=48 time_ms=207791
RX,REAL,,3,18,48,208077.168,207646,208077.168,207791,207646,74.16800000000512,560,208077168	ID:1	[INFO: Metric    ] METRIC_RX type=REAL src=3 seq=18 send_ms=207791 recv_ms=207646 bytes=48
TX,REAL,2,,21,48,209394.0,209001,209394.0,,,,562,209394000	ID:2	[INFO: Metric    ] METRIC_TX type=REAL node=2 seq=21 bytes=48 time_ms=209001
RX,REAL,,2,21,48,209421.88,208990,209421.88,209001,208990,27.880000000004657,563,209421880	ID:1	[INFO: Metric    ] METRIC_RX type=REAL src=2 seq=21 send_ms=209001 recv_ms=208990 bytes=48
TX,REAL,6,,19,48,209849.0,209761,209849.0,,,,565,209849000	ID:6	[INFO: Metric    ] METRIC_TX type=REAL node=6 seq=19 bytes=48 time_ms=209761
RX,REAL,,6,19,48,209879.88,209448,209879.88,209761,209448,30.880000000004657,566,209879880	ID:1	[INFO: Metric    ] METRIC_RX type=REAL src=6 seq=19 send_ms=209761 recv_ms=209448 bytes=48
TX,REAL,4,,17,48,213094.0,212145,213094.0,,,,569,213094000	ID:4	[INFO: Metric    ] METRIC_TX type=REAL node=4 seq=17 bytes=48 time_ms=212145
RX,REAL,,4,17,48,213156.168,212725,213156.168,212145,212725,62.16800000000512,570,213156168	ID:1	[INFO: Metric    ] METRIC_RX type=REAL src=4 seq=17 send_ms=212145 recv_ms=212725 bytes=48
TX,REAL,5,,18,48,215080.0,214110,215080.0,,,,572,215080000	ID:5	[INFO: Metric    ] METRIC_TX type=REAL node=5 seq=18 bytes=48 time_ms=214110
TX,DUMMY,5,,7,48,215081.0,214111,215081.0,,,,573,215081000	ID:5	[INFO: Metric    ] METRIC_TX type=DUMMY node=5 seq=7 bytes=48 time_ms=214111
RX,REAL,,5,18,48,215123.168,214692,215123.168,214110,214692,43.16800000000512,574,215123168	ID:1	[INFO: Metric    ] METRIC_RX type=REAL src=5 seq=18 send_ms=214110 recv_ms=214692 bytes=48
RX,DUMMY,,5,7,48,215169.168,214738,215169.168,214111,214738,,575,215169168	ID:1	[INFO: Metric    ] METRIC_RX type=DUMMY src=5 seq=7 send_ms=214111 recv_ms=214738 bytes=48
TX,REAL,3,,19,48,217004.0,216792,217004.0,,,,578,217004000	ID:3	[INFO: Metric    ] METRIC_TX type=REAL node=3 seq=19 bytes=48 time_ms=216792
RX,REAL,,3,19,48,217051.168,216620,217051.168,216792,216620,47.16800000000512,579,217051168	ID:1	[INFO: Metric    ] METRIC_RX type=REAL src=3 seq=19 send_ms=216792 recv_ms=216620 bytes=48
TX,REAL,7,,20,48,217083.04,217062,217083.04,,,,582,217083040	ID:7	[INFO: Metric    ] METRIC_TX type=REAL node=7 seq=20 bytes=48 time_ms=217062
RX,REAL,,7,20,48,217120.88,216689,217120.88,217062,216689,37.83999999999651,584,217120880	ID:1	[INFO: Metric    ] METRIC_RX type=REAL src=7 seq=20 send_ms=217062 recv_ms=216689 bytes=48
TX,REAL,6,,20,48,218850.0,218762,218850.0,,,,588,218850000	ID:6	[INFO: Metric    ] METRIC_TX type=REAL node=6 seq=20 bytes=48 time_ms=218762
RX,REAL,,6,20,48,218885.88,218454,218885.88,218762,218454,35.88000000000466,589,218885880	ID:1	[INFO: Metric    ] METRIC_RX type=REAL src=6 seq=20 send_ms=218762 recv_ms=218454 bytes=48
TX,REAL,2,,22,48,220395.0,220002,220395.0,,,,591,220395000	ID:2	[INFO: Metric    ] METRIC_TX type=REAL node=2 seq=22 bytes=48 time_ms=220002
TX,DUMMY,2,,4,48,220396.0,220003,220396.0,,,,592,220396000	ID:2	[INFO: Metric    ] METRIC_TX type=DUMMY node=2 seq=4 bytes=48 time_ms=220003
RX,REAL,,2,22,48,220412.88,219981,220412.88,220002,219981,17.880000000004657,593,220412880	ID:1	[INFO: Metric    ] METRIC_RX type=REAL src=2 seq=22 send_ms=220002 recv_ms=219981 bytes=48
RX,DUMMY,,2,4,48,220510.88,220079,220510.88,220003,220079,,595,220510880	ID:1	[INFO: Metric    ] METRIC_RX type=DUMMY src=2 seq=4 send_ms=220003 recv_ms=220079 bytes=48
TX,REAL,4,,18,48,224095.0,223146,224095.0,,,,597,224095000	ID:4	[INFO: Metric    ] METRIC_TX type=REAL node=4 seq=18 bytes=48 time_ms=223146
RX,REAL,,4,18,48,224149.168,223718,224149.168,223146,223718,54.16800000000512,598,224149168	ID:1	[INFO: Metric    ] METRIC_RX type=REAL src=4 seq=18 send_ms=223146 recv_ms=223718 bytes=48
TX,REAL,3,,20,48,226005.0,225793,226005.0,,,,602,226005000	ID:3	[INFO: Metric    ] METRIC_TX type=REAL node=3 seq=20 bytes=48 time_ms=225793
RX,REAL,,3,20,48,226084.168,225653,226084.168,225793,225653,79.16800000000512,603,226084168	ID:1	[INFO: Metric    ] METRIC_RX type=REAL src=3 seq=20 send_ms=225793 recv_ms=225653 bytes=48
TX,REAL,5,,19,48,227082.0,226112,227082.0,,,,606,227082000	ID:5	[INFO: Metric    ] METRIC_TX type=REAL node=5 seq=19 bytes=48 time_ms=226112
TX,REAL,7,,21,48,227084.0,227062,227084.0,,,,607,227084000	ID:7	[INFO: Metric    ] METRIC_TX type=REAL node=7 seq=21 bytes=48 time_ms=227062
RX,REAL,,7,21,48,227117.88,226686,227117.88,227062,226686,33.88000000000466,608,227117880	ID:1	[INFO: Metric    ] METRIC_RX type=REAL src=7 seq=21 send_ms=227062 recv_ms=226686 bytes=48
RX,REAL,,5,19,48,227171.168,226740,227171.168,226112,226740,89.16800000000512,610,227171168	ID:1	[INFO: Metric    ] METRIC_RX type=REAL src=5 seq=19 send_ms=226112 recv_ms=226740 bytes=48
TX,REAL,2,,23,48,228397.0,228004,228397.0,,,,612,228397000	ID:2	[INFO: Metric    ] METRIC_TX type=REAL node=2 seq=23 bytes=48 time_ms=228004
RX,REAL,,2,23,48,228433.88,228002,228433.88,228004,228002,36.88000000000466,613,228433880	ID:1	[INFO: Metric    ] METRIC_RX type=REAL src=2 seq=23 send_ms=228004 recv_ms=228002 bytes=48
TX,REAL,6,,21,48,230851.0,230763,230851.0,,,,615,230851000	ID:6	[INFO: Metric    ] METRIC_TX type=REAL node=6 seq=21 bytes=48 time_ms=230763
RX,REAL,,6,21,48,230893.88,230462,230893.88,230763,230462,42.88000000000466,616,230893880	ID:1	[INFO: Metric    ] METRIC_RX type=REAL src=6 seq=21 send_ms=230763 recv_ms=230462 bytes=48
TX,REAL,7,,22,48,235085.0,235063,235085.0,,,,618,235085000	ID:7	[INFO: Metric    ] METRIC_TX type=REAL node=7 seq=22 bytes=48 time_ms=235063
RX,REAL,,7,22,48,235120.88,234689,235120.88,235063,234689,35.88000000000466,619,235120880	ID:1	[INFO: Metric    ] METRIC_RX type=REAL src=7 seq=22 send_ms=235063 recv_ms=234689 bytes=48
TX,REAL,5,,20,48,236083.0,235113,236083.0,,,,623,236083000	ID:5	[INFO: Metric    ] METRIC_TX type=REAL node=5 seq=20 bytes=48 time_ms=235113
TX,REAL,4,,19,48,236096.0,235147,236096.0,,,,624,236096000	ID:4	[INFO: Metric    ] METRIC_TX type=REAL node=4 seq=19 bytes=48 time_ms=235147
RX,REAL,,4,19,48,236132.168,235701,236132.168,235147,235701,36.16800000000512,625,236132168	ID:1	[INFO: Metric    ] METRIC_RX type=REAL src=4 seq=19 send_ms=235147 recv_ms=235701 bytes=48
RX,REAL,,5,20,48,236150.168,235719,236150.168,235113,235719,67.16800000000512,626,236150168	ID:1	[INFO: Metric    ] METRIC_RX type=REAL src=5 seq=20 send_ms=235113 recv_ms=235719 bytes=48
TX,REAL,2,,24,48,236398.0,236005,236398.0,,,,629,236398000	ID:2	[INFO: Metric    ] METRIC_TX type=REAL node=2 seq=24 bytes=48 time_ms=236005
RX,REAL,,2,24,48,236413.88,235982,236413.88,236005,235982,15.880000000004657,630,236413880	ID:1	[INFO: Metric    ] METRIC_RX type=REAL src=2 seq=24 send_ms=236005 recv_ms=235982 bytes=48
TX,REAL,3,,21,48,238006.0,237794,238006.0,,,,632,238006000	ID:3	[INFO: Metric    ] METRIC_TX type=REAL node=3 seq=21 bytes=48 time_ms=237794
RX,REAL,,3,21,48,238048.168,237617,238048.168,237794,237617,42.16800000000512,633,238048168	ID:1	[INFO: Metric    ] METRIC_RX type=REAL src=3 seq=21 send_ms=237794 recv_ms=237617 bytes=48
TX,REAL,6,,22,48,240852.0,240764,240852.0,,,,635,240852000	ID:6	[INFO: Metric    ] METRIC_TX type=REAL node=6 seq=22 bytes=48 time_ms=240764
RX,REAL,,6,22,48,240886.88,240455,240886.88,240764,240455,34.88000000000466,636,240886880	ID:1	[INFO: Metric    ] METRIC_RX type=REAL src=6 seq=22 send_ms=240764 recv_ms=240455 bytes=48
TX,REAL,5,,21,48,245084.0,244114,245084.0,,,,639,245084000	ID:5	[INFO: Metric    ] METRIC_TX type=REAL node=5 seq=21 bytes=48 time_ms=244114
TX,DUMMY,5,,8,48,245085.0,244115,245085.0,,,,640,245085000	ID:5	[INFO: Metric    ] METRIC_TX type=DUMMY node=5 seq=8 bytes=48 time_ms=244115
RX,REAL,,5,21,48,245183.168,244752,245183.168,244114,244752,99.16800000000512,641,245183168	ID:1	[INFO: Metric    ] METRIC_RX type=REAL src=5 seq=21 send_ms=244114 recv_ms=244752 bytes=48
RX,DUMMY,,5,8,48,245216.168,244785,245216.168,244115,244785,,642,245216168	ID:1	[INFO: Metric    ] METRIC_RX type=DUMMY src=5 seq=8 send_ms=244115 recv_ms=244785 bytes=48
TX,REAL,2,,25,48,246399.0,246006,246399.0,,,,645,246399000	ID:2	[INFO: Metric    ] METRIC_TX type=REAL node=2 seq=25 bytes=48 time_ms=246006
RX,REAL,,2,25,48,246408.88,245977,246408.88,246006,245977,9.880000000004657,646,246408880	ID:1	[INFO: Metric    ] METRIC_RX type=REAL src=2 seq=25 send_ms=246006 recv_ms=245977 bytes=48
TX,REAL,7,,23,48,247086.0,247064,247086.0,,,,648,247086000	ID:7	[INFO: Metric    ] METRIC_TX type=REAL node=7 seq=23 bytes=48 time_ms=247064
TX,DUMMY,7,,8,48,247087.0,247065,247087.0,,,,649,247087000	ID:7	[INFO: Metric    ] METRIC_TX type=DUMMY node=7 seq=8 bytes=48 time_ms=247065
TX,REAL,4,,20,48,247097.0,246148,247097.0,,,,652,247097000	ID:4	[INFO: Metric    ] METRIC_TX type=REAL node=4 seq=20 bytes=48 time_ms=246148
RX,REAL,,7,23,48,247126.88,246695,247126.88,247064,246695,40.88000000000466,653,247126880	ID:1	[INFO: Metric    ] METRIC_RX type=REAL src=7 seq=23 send_ms=247064 recv_ms=246695 bytes=48
RX,DUMMY,,7,8,48,247177.88,246746,247177.88,247065,246746,,655,247177880	ID:1	[INFO: Metric    ] METRIC_RX type=DUMMY src=7 seq=8 send_ms=247065 recv_ms=246746 bytes=48
RX,REAL,,4,20,48,247247.168,246816,247247.168,246148,246816,150.16800000000512,657,247247168	ID:1	[INFO: Metric    ] METRIC_RX type=REAL src=4 seq=20 send_ms=246148 recv_ms=246816 bytes=48
TX,REAL,6,,23,48,248853.0,248765,248853.0,,,,659,248853000	ID:6	[INFO: Metric    ] METRIC_TX type=REAL node=6 seq=23 bytes=48 time_ms=248765
RX,REAL,,6,23,48,248895.88,248464,248895.88,248765,248464,42.88000000000466,660,248895880	ID:1	[INFO: Metric    ] METRIC_RX type=REAL src=6 seq=23 send_ms=248765 recv_ms=248464 bytes=48
TX,REAL,3,,22,48,250007.0,249795,250007.0,,,,662,250007000	ID:3	[INFO: Metric    ] METRIC_TX type=REAL node=3 seq=22 bytes=48 time_ms=249795
RX,REAL,,3,22,48,250037.168,249606,250037.168,249795,249606,30.168000000005122,663,250037168	ID:1	[INFO: Metric    ] METRIC_RX type=REAL src=3 seq=22 send_ms=249795 recv_ms=249606 bytes=48
TX,REAL,2,,26,48,255400.0,255007,255400.0,,,,665,255400000	ID:2	[INFO: Metric    ] METRIC_TX type=REAL node=2 seq=26 bytes=48 time_ms=255007
RX,REAL,,2,26,48,255427.88,254996,255427.88,255007,254996,27.880000000004657,666,255427880	ID:1	[INFO: Metric    ] METRIC_RX type=REAL src=2 seq=26 send_ms=255007 recv_ms=254996 bytes=48
TX,REAL,5,,22,48,257086.0,256116,257086.0,,,,668,257086000	ID:5	[INFO: Metric    ] METRIC_TX type=REAL node=5 seq=22 bytes=48 time_ms=256116
TX,REAL,4,,21,48,257098.0,256149,257098.0,,,,669,257098000	ID:4	[INFO: Metric    ] METRIC_TX type=REAL node=4 seq=21 bytes=48 time_ms=256149
RX,REAL,,4,21,48,257148.072,256717,257148.072,256149,256717,50.071999999985565,670,257148072	ID:1	[INFO: Metric    ] METRIC_RX type=REAL src=4 seq=21 send_ms=256149 recv_ms=256717 bytes=48
RX,REAL,,5,22,48,257152.24,256721,257152.24,256116,256721,66.23999999999069,672,257152240	ID:1	[INFO: Metric    ] METRIC_RX type=REAL src=5 seq=22 send_ms=256116 recv_ms=256721 bytes=48
TX,REAL,7,,24,48,258088.0,258066,258088.0,,,,675,258088000	ID:7	[INFO: Metric    ] METRIC_TX type=REAL node=7 seq=24 bytes=48 time_ms=258066
RX,REAL,,7,24,48,258098.88,257667,258098.88,258066,257667,10.880000000004657,676,258098880	ID:1	[INFO: Metric    ] METRIC_RX type=REAL src=7 seq=24 send_ms=258066 recv_ms=257667 bytes=48
TX,REAL,3,,23,48,259008.0,258796,259008.0,,,,678,259008000	ID:3	[INFO: Metric    ] METRIC_TX type=REAL node=3 seq=23 bytes=48 time_ms=258796
TX,DUMMY,3,,9,48,259009.0,258797,259009.0,,,,679,259009000	ID:3	[INFO: Metric    ] METRIC_TX type=DUMMY node=3 seq=9 bytes=48 time_ms=258797
RX,REAL,,3,23,48,259126.168,258695,259126.168,258796,258695,118.16800000000512,680,259126168	ID:1	[INFO: Metric    ] METRIC_RX type=REAL src=3 seq=23 send_ms=258796 recv_ms=258695 bytes=48
RX,DUMMY,,3,9,48,259156.168,258725,259156.168,258797,258725,,681,259156168	ID:1	[INFO: Metric    ] METRIC_RX type=DUMMY src=3 seq=9 send_ms=258797 recv_ms=258725 bytes=48
TX,REAL,6,,24,48,259854.0,259766,259854.0,,,,684,259854000	ID:6	[INFO: Metric    ] METRIC_TX type=REAL node=6 seq=24 bytes=48 time_ms=259766
RX,REAL,,6,24,48,259892.88,259461,259892.88,259766,259461,38.88000000000466,685,259892880	ID:1	[INFO: Metric    ] METRIC_RX type=REAL src=6 seq=24 send_ms=259766 recv_ms=259461 bytes=48
TX,REAL,2,,27,48,263401.0,263008,263401.0,,,,687,263401000	ID:2	[INFO: Metric    ] METRIC_TX type=REAL node=2 seq=27 bytes=48 time_ms=263008
TX,DUMMY,2,,5,48,263402.0,263009,263402.0,,,,688,263402000	ID:2	[INFO: Metric    ] METRIC_TX type=DUMMY node=2 seq=5 bytes=48 time_ms=263009
RX,REAL,,2,27,48,263439.88,263008,263439.88,263008,263008,38.88000000000466,689,263439880	ID:1	[INFO: Metric    ] METRIC_RX type=REAL src=2 seq=27 send_ms=263008 recv_ms=263008 bytes=48
RX,DUMMY,,2,5,48,263472.88,263041,263472.88,263009,263041,,690,263472880	ID:1	[INFO: Metric    ] METRIC_RX type=DUMMY src=2 seq=5 send_ms=263009 recv_ms=263041 bytes=48
TX,REAL,5,,23,48,269087.0,268117,269087.0,,,,693,269087000	ID:5	[INFO: Metric    ] METRIC_TX type=REAL node=5 seq=23 bytes=48 time_ms=268117
TX,DUMMY,5,,9,48,269088.0,268118,269088.0,,,,694,269088000	ID:5	[INFO: Metric    ] METRIC_TX type=DUMMY node=5 seq=9 bytes=48 time_ms=268118
TX,REAL,7,,25,48,269089.0,269067,269089.0,,,,695,269089000	ID:7	[INFO: Metric    ] METRIC_TX type=REAL node=7 seq=25 bytes=48 time_ms=269067
TX,REAL,4,,22,48,269099.0,268150,269099.0,,,,696,269099000	ID:4	[INFO: Metric    ] METRIC_TX type=REAL node=4 seq=22 bytes=48 time_ms=268150
TX,DUMMY,4,,2,48,269100.0,268151,269100.0,,,,697,269100000	ID:4	[INFO: Metric    ] METRIC_TX type=DUMMY node=4 seq=2 bytes=48 time_ms=268151
RX,REAL,,7,25,48,269110.92,268679,269110.92,269067,268679,21.919999999983702,698,269110920	ID:1	[INFO: Metric    ] METRIC_RX type=REAL src=7 seq=25 send_ms=269067 recv_ms=268679 bytes=48
RX,REAL,,5,23,48,269149.208,268718,269149.208,268117,268718,62.20799999998417,700,269149208	ID:1	[INFO: Metric    ] METRIC_RX type=REAL src=5 seq=23 send_ms=268117 recv_ms=268718 bytes=48
RX,REAL,,4,22,48,269258.168,268827,269258.168,268150,268827,159.16800000000512,701,269258168	ID:1	[INFO: Metric    ] METRIC_RX type=REAL src=4 seq=22 send_ms=268150 recv_ms=268827 bytes=48
RX,DUMMY,,5,9,48,269273.072,268842,269273.072,268118,268842,,703,269273072	ID:1	[INFO: Metric    ] METRIC_RX type=DUMMY src=5 seq=9 send_ms=268118 recv_ms=268842 bytes=48
RX,DUMMY,,4,2,48,269277.24,268846,269277.24,268151,268846,,704,269277240	ID:1	[INFO: Metric    ] METRIC_RX type=DUMMY src=4 seq=2 send_ms=268151 recv_ms=268846 bytes=48
TX,REAL,3,,24,48,270010.0,269798,270010.0,,,,709,270010000	ID:3	[INFO: Metric    ] METRIC_TX type=REAL node=3 seq=24 bytes=48 time_ms=269798
RX,REAL,,3,24,48,270082.168,269651,270082.168,269798,269651,72.16800000000512,710,270082168	ID:1	[INFO: Metric    ] METRIC_RX type=REAL src=3 seq=24 send_ms=269798 recv_ms=269651 bytes=48
TX,REAL,6,,25,48,271855.0,271767,271855.0,,,,712,271855000	ID:6	[INFO: Metric    ] METRIC_TX type=REAL node=6 seq=25 bytes=48 time_ms=271767
RX,REAL,,6,25,48,271893.88,271462,271893.88,271767,271462,38.88000000000466,713,271893880	ID:1	[INFO: Metric    ] METRIC_RX type=REAL src=6 seq=25 send_ms=271767 recv_ms=271462 bytes=48
TX,REAL,2,,28,48,273403.0,273010,273403.0,,,,715,273403000	ID:2	[INFO: Metric    ] METRIC_TX type=REAL node=2 seq=28 bytes=48 time_ms=273010
TX,DUMMY,2,,6,48,273404.0,273011,273404.0,,,,716,273404000	ID:2	[INFO: Metric    ] METRIC_TX type=DUMMY node=2 seq=6 bytes=48 time_ms=273011
RX,REAL,,2,28,48,273413.88,272982,273413.88,273010,272982,10.880000000004657,717,273413880	ID:1	[INFO: Metric    ] METRIC_RX type=REAL src=2 seq=28 send_ms=273010 recv_ms=272982 bytes=48
RX,DUMMY,,2,6,48,273419.88,272988,273419.88,273011,272988,,718,273419880	ID:1	[INFO: Metric    ] METRIC_RX type=DUMMY src=2 seq=6 send_ms=273011 recv_ms=272988 bytes=48
TX,REAL,7,,26,48,277090.0,277068,277090.0,,,,721,277090000	ID:7	[INFO: Metric    ] METRIC_TX type=REAL node=7 seq=26 bytes=48 time_ms=277068
RX,REAL,,7,26,48,277130.88,276699,277130.88,277068,276699,40.88000000000466,722,277130880	ID:1	[INFO: Metric    ] METRIC_RX type=REAL src=7 seq=26 send_ms=277068 recv_ms=276699 bytes=48
TX,REAL,5,,24,48,278089.0,277119,278089.0,,,,724,278089000	ID:5	[INFO: Metric    ] METRIC_TX type=REAL node=5 seq=24 bytes=48 time_ms=277119
RX,REAL,,5,24,48,278143.168,277712,278143.168,277119,277712,54.16800000000512,725,278143168	ID:1	[INFO: Metric    ] METRIC_RX type=REAL src=5 seq=24 send_ms=277119 recv_ms=277712 bytes=48
TX,REAL,3,,25,48,281011.0,280799,281011.0,,,,727,281011000	ID:3	[INFO: Metric    ] METRIC_TX type=REAL node=3 seq=25 bytes=48 time_ms=280799
TX,DUMMY,3,,10,48,281012.0,280800,281012.0,,,,728,281012000	ID:3	[INFO: Metric    ] METRIC_TX type=DUMMY node=3 seq=10 bytes=48 time_ms=280800
RX,REAL,,3,25,48,281075.168,280644,281075.168,280799,280644,64.16800000000512,729,281075168	ID:1	[INFO: Metric    ] METRIC_RX type=REAL src=3 seq=25 send_ms=280799 recv_ms=280644 bytes=48
RX,DUMMY,,3,10,48,281088.168,280657,281088.168,280800,280657,,730,281088168	ID:1	[INFO: Metric    ] METRIC_RX type=DUMMY src=3 seq=10 send_ms=280800 recv_ms=280657 bytes=48
TX,REAL,4,,23,48,281101.0,280152,281101.0,,,,732,281101000	ID:4	[INFO: Metric    ] METRIC_TX type=REAL node=4 seq=23 bytes=48 time_ms=280152
TX,DUMMY,4,,3,48,281102.0,280153,281102.0,,,,733,281102000	ID:4	[INFO: Metric    ] METRIC_TX type=DUMMY node=4 seq=3 bytes=48 time_ms=280153
RX,REAL,,4,23,48,281249.168,280818,281249.168,280152,280818,148.16800000000512,735,281249168	ID:1	[INFO: Metric    ] METRIC_RX type=REAL src=4 seq=23 send_ms=280152 recv_ms=280818 bytes=48
RX,DUMMY,,4,3,48,281267.168,280836,281267.168,280153,280836,,736,281267168	ID:1	[INFO: Metric    ] METRIC_RX type=DUMMY src=4 seq=3 send_ms=280153 recv_ms=280836 bytes=48
TX,REAL,2,,29,48,282405.0,282012,282405.0,,,,740,282405000	ID:2	[INFO: Metric    ] METRIC_TX type=REAL node=2 seq=29 bytes=48 time_ms=282012
TX,DUMMY,2,,7,48,282406.0,282013,282406.0,,,,741,282406000	ID:2	[INFO: Metric    ] METRIC_TX type=DUMMY node=2 seq=7 bytes=48 time_ms=282013
RX,REAL,,2,29,48,282425.88,281994,282425.88,282012,281994,20.880000000004657,742,282425880	ID:1	[INFO: Metric    ] METRIC_RX type=REAL src=2 seq=29 send_ms=282012 recv_ms=281994 bytes=48
RX,DUMMY,,2,7,48,282463.88,282032,282463.88,282013,282032,,744,282463880	ID:1	[INFO: Metric    ] METRIC_RX type=DUMMY src=2 seq=7 send_ms=282013 recv_ms=282032 bytes=48
TX,REAL,6,,26,48,282856.0,282768,282856.0,,,,746,282856000	ID:6	[INFO: Metric    ] METRIC_TX type=REAL node=6 seq=26 bytes=48 time_ms=282768
RX,REAL,,6,26,48,282868.88,282437,282868.88,282768,282437,12.880000000004657,747,282868880	ID:1	[INFO: Metric    ] METRIC_RX type=REAL src=6 seq=26 send_ms=282768 recv_ms=282437 bytes=48
TX,REAL,5,,25,48,287090.0,286120,287090.0,,,,749,287090000	ID:5	[INFO: Metric    ] METRIC_TX type=REAL node=5 seq=25 bytes=48 time_ms=286120
RX,REAL,,5,25,48,287153.168,286722,287153.168,286120,286722,63.16800000000512,750,287153168	ID:1	[INFO: Metric    ] METRIC_RX type=REAL src=5 seq=25 send_ms=286120 recv_ms=286722 bytes=48
TX,REAL,7,,27,48,288091.0,288069,288091.0,,,,752,288091000	ID:7	[INFO: Metric    ] METRIC_TX type=REAL node=7 seq=27 bytes=48 time_ms=288069
RX,REAL,,7,27,48,288114.88,287683,288114.88,288069,287683,23.880000000004657,753,288114880	ID:1	[INFO: Metric    ] METRIC_RX type=REAL src=7 seq=27 send_ms=288069 recv_ms=287683 bytes=48
TX,REAL,4,,24,48,289103.0,288154,289103.0,,,,755,289103000	ID:4	[INFO: Metric    ] METRIC_TX type=REAL node=4 seq=24 bytes=48 time_ms=288154
RX,REAL,,4,24,48,289131.168,288700,289131.168,288154,288700,28.168000000005122,756,289131168	ID:1	[INFO: Metric    ] METRIC_RX type=REAL src=4 seq=24 send_ms=288154 recv_ms=288700 bytes=48
TX,REAL,3,,26,48,291013.0,290801,291013.0,,,,758,291013000	ID:3	[INFO: Metric    ] METRIC_TX type=REAL node=3 seq=26 bytes=48 time_ms=290801
RX,REAL,,3,26,48,291049.168,290618,291049.168,290801,290618,36.16800000000512,759,291049168	ID:1	[INFO: Metric    ] METRIC_RX type=REAL src=3 seq=26 send_ms=290801 recv_ms=290618 bytes=48
TX,REAL,6,,27,48,293857.0,293769,293857.0,,,,761,293857000	ID:6	[INFO: Metric    ] METRIC_TX type=REAL node=6 seq=27 bytes=48 time_ms=293769
TX,DUMMY,6,,4,48,293858.0,293770,293858.0,,,,762,293858000	ID:6	[INFO: Metric    ] METRIC_TX type=DUMMY node=6 seq=4 bytes=48 time_ms=293770
RX,REAL,,6,27,48,293896.88,293465,293896.88,293769,293465,39.88000000000466,763,293896880	ID:1	[INFO: Metric    ] METRIC_RX type=REAL src=6 seq=27 send_ms=293769 recv_ms=293465 bytes=48
RX,DUMMY,,6,4,48,293934.88,293503,293934.88,293770,293503,,766,293934880	ID:1	[INFO: Metric    ] METRIC_RX type=DUMMY src=6 seq=4 send_ms=293770 recv_ms=293503 bytes=48
TX,REAL,2,,30,48,294407.0,294014,294407.0,,,,770,294407000	ID:2	[INFO: Metric    ] METRIC_TX type=REAL node=2 seq=30 bytes=48 time_ms=294014
RX,REAL,,2,30,48,294440.88,294009,294440.88,294014,294009,33.88000000000466,771,294440880	ID:1	[INFO: Metric    ] METRIC_RX type=REAL src=2 seq=30 send_ms=294014 recv_ms=294009 bytes=48
TX,REAL,7,,28,48,297092.0,297070,297092.0,,,,773,297092000	ID:7	[INFO: Metric    ] METRIC_TX type=REAL node=7 seq=28 bytes=48 time_ms=297070
TX,DUMMY,7,,9,48,297093.0,297071,297093.0,,,,774,297093000	ID:7	[INFO: Metric    ] METRIC_TX type=DUMMY node=7 seq=9 bytes=48 time_ms=297071
RX,REAL,,7,28,48,297100.88,296669,297100.88,297070,296669,8.880000000004657,775,297100880	ID:1	[INFO: Metric    ] METRIC_RX type=REAL src=7 seq=28 send_ms=297070 recv_ms=296669 bytes=48
RX,DUMMY,,7,9,48,297107.88,296676,297107.88,297071,296676,,776,297107880	ID:1	[INFO: Metric    ] METRIC_RX type=DUMMY src=7 seq=9 send_ms=297071 recv_ms=296676 bytes=48
TX,REAL,3,,27,48,299014.0,298802,299014.0,,,,779,299014000	ID:3	[INFO: Metric    ] METRIC_TX type=REAL node=3 seq=27 bytes=48 time_ms=298802
RX,REAL,,3,27,48,299044.168,298613,299044.168,298802,298613,30.168000000005122,780,299044168	ID:1	[INFO: Metric    ] METRIC_RX type=REAL src=3 seq=27 send_ms=298802 recv_ms=298613 bytes=48
TX,REAL,5,,26,48,299090.0,298121,299090.0,,,,781,299090000	ID:5	[INFO: Metric    ] METRIC_TX type=REAL node=5 seq=26 bytes=48 time_ms=298121
TX,REAL,4,,25,48,299104.0,298155,299104.0,,,,783,299104000	ID:4	[INFO: Metric    ] METRIC_TX type=REAL node=4 seq=25 bytes=48 time_ms=298155
TX,DUMMY,4,,4,48,299105.0,298156,299105.0,,,,784,299105000	ID:4	[INFO: Metric    ] METRIC_TX type=DUMMY node=4 seq=4 bytes=48 time_ms=298156
RX,REAL,,5,26,48,299145.168,298714,299145.168,298121,298714,55.16800000000512,785,299145168	ID:1	[INFO: Metric    ] METRIC_RX type=REAL src=5 seq=26 send_ms=298121 recv_ms=298714 bytes=48
RX,REAL,,4,25,48,299171.168,298740,299171.168,298155,298740,67.16800000000512,786,299171168	ID:1	[INFO: Metric    ] METRIC_RX type=REAL src=4 seq=25 send_ms=298155 recv_ms=298740 bytes=48
RX,DUMMY,,4,4,48,299282.304,298851,299282.304,298156,298851,,789,299282304	ID:1	[INFO: Metric    ] METRIC_RX type=DUMMY src=4 seq=4 send_ms=298156 recv_ms=298851 bytes=48
TX,REAL,2,,31,48,303408.0,303015,303408.0,,,,791,303408000	ID:2	[INFO: Metric    ] METRIC_TX type=REAL node=2 seq=31 bytes=48 time_ms=303015
RX,REAL,,2,31,48,303435.88,303004,303435.88,303015,303004,27.880000000004657,792,303435880	ID:1	[INFO: Metric    ] METRIC_RX type=REAL src=2 seq=31 send_ms=303015 recv_ms=303004 bytes=48
TX,REAL,6,,28,48,304859.0,304771,304859.0,,,,794,304859000	ID:6	[INFO: Metric    ] METRIC_TX type=REAL node=6 seq=28 bytes=48 time_ms=304771
TX,DUMMY,6,,5,48,304860.0,304772,304860.0,,,,795,304860000	ID:6	[INFO: Metric    ] METRIC_TX type=DUMMY node=6 seq=5 bytes=48 time_ms=304772
RX,REAL,,6,28,48,304876.88,304445,304876.88,304771,304445,17.880000000004657,796,304876880	ID:1	[INFO: Metric    ] METRIC_RX type=REAL src=6 seq=28 send_ms=304771 recv_ms=304445 bytes=48
RX,DUMMY,,6,5,48,304882.88,304451,304882.88,304772,304451,,798,304882880	ID:1	[INFO: Metric    ] METRIC_RX type=DUMMY src=6 seq=5 send_ms=304772 recv_ms=304451 bytes=48
TX,REAL,7,,29,48,307094.0,307072,307094.0,,,,801,307094000	ID:7	[INFO: Metric    ] METRIC_TX type=REAL node=7 seq=29 bytes=48 time_ms=307072
TX,REAL,4,,26,48,307106.0,306157,307106.0,,,,802,307106000	ID:4	[INFO: Metric    ] METRIC_TX type=REAL node=4 seq=26 bytes=48 time_ms=306157
RX,REAL,,7,29,48,307127.88,306696,307127.88,307072,306696,33.88000000000466,803,307127880	ID:1	[INFO: Metric    ] METRIC_RX type=REAL src=7 seq=29 send_ms=307072 recv_ms=306696 bytes=48
RX,REAL,,4,26,48,307243.168,306812,307243.168,306157,306812,137.16800000000512,805,307243168	ID:1	[INFO: Metric    ] METRIC_RX type=REAL src=4 seq=26 send_ms=306157 recv_ms=306812 bytes=48
TX,REAL,3,,28,48,308015.0,307803,308015.0,,,,807,308015000	ID:3	[INFO: Metric    ] METRIC_TX type=REAL node=3 seq=28 bytes=48 time_ms=307803
RX,REAL,,3,28,48,308082.168,307651,308082.168,307803,307651,67.16800000000512,808,308082168	ID:1	[INFO: Metric    ] METRIC_RX type=REAL src=3 seq=28 send_ms=307803 recv_ms=307651 bytes=48
TX,REAL,5,,27,48,309091.0,308121,309091.0,,,,810,309091000	ID:5	[INFO: Metric    ] METRIC_TX type=REAL node=5 seq=27 bytes=48 time_ms=308121
TX,DUMMY,5,,10,48,309092.0,308122,309092.0,,,,811,309092000	ID:5	[INFO: Metric    ] METRIC_TX type=DUMMY node=5 seq=10 bytes=48 time_ms=308122
RX,REAL,,5,27,48,309148.168,308717,309148.168,308121,308717,57.16800000000512,812,309148168	ID:1	[INFO: Metric    ] METRIC_RX type=REAL src=5 seq=27 send_ms=308121 recv_ms=308717 bytes=48
RX,DUMMY,,5,10,48,309194.168,308763,309194.168,308122,308763,,813,309194168	ID:1	[INFO: Metric    ] METRIC_RX type=DUMMY src=5 seq=10 send_ms=308122 recv_ms=308763 bytes=48
TX,REAL,2,,32,48,314409.0,314016,314409.0,,,,816,314409000	ID:2	[INFO: Metric    ] METRIC_TX type=REAL node=2 seq=32 bytes=48 time_ms=314016
RX,REAL,,2,32,48,314452.88,314021,314452.88,314016,314021,43.88000000000466,817,314452880	ID:1	[INFO: Metric    ] METRIC_RX type=REAL src=2 seq=32 send_ms=314016 recv_ms=314021 bytes=48
TX,REAL,6,,29,48,314861.0,314773,314861.0,,,,819,314861000	ID:6	[INFO: Metric    ] METRIC_TX type=REAL node=6 seq=29 bytes=48 time_ms=314773
RX,REAL,,6,29,48,314906.88,314475,314906.88,314773,314475,45.88000000000466,820,314906880	ID:1	[INFO: Metric    ] METRIC_RX type=REAL src=6 seq=29 send_ms=314773 recv_ms=314475 bytes=48
TX,REAL,4,,27,48,315107.0,314158,315107.0,,,,822,315107000	ID:4	[INFO: Metric    ] METRIC_TX type=REAL node=4 seq=27 bytes=48 time_ms=314158
RX,REAL,,4,27,48,315151.168,314720,315151.168,314158,314720,44.16800000000512,823,315151168	ID:1	[INFO: Metric    ] METRIC_RX type=REAL src=4 seq=27 send_ms=314158 recv_ms=314720 bytes=48
TX,REAL,7,,30,48,317095.0,317073,317095.0,,,,827,317095000	ID:7	[INFO: Metric    ] METRIC_TX type=REAL node=7 seq=30 bytes=48 time_ms=317073
RX,REAL,,7,30,48,317115.88,316684,317115.88,317073,316684,20.880000000004657,828,317115880	ID:1	[INFO: Metric    ] METRIC_RX type=REAL src=7 seq=30 send_ms=317073 recv_ms=316684 bytes=48
TX,REAL,5,,28,48,318093.0,317123,318093.0,,,,831,318093000	ID:5	[INFO: Metric    ] METRIC_TX type=REAL node=5 seq=28 bytes=48 time_ms=317123
RX,REAL,,5,28,48,318133.168,317702,318133.168,317123,317702,40.16800000000512,832,318133168	ID:1	[INFO: Metric    ] METRIC_RX type=REAL src=5 seq=28 send_ms=317123 recv_ms=317702 bytes=48
TX,REAL,3,,29,48,320016.0,319804,320016.0,,,,834,320016000	ID:3	[INFO: Metric    ] METRIC_TX type=REAL node=3 seq=29 bytes=48 time_ms=319804
RX,REAL,,3,29,48,320084.168,319653,320084.168,319804,319653,68.16800000000512,835,320084168	ID:1	[INFO: Metric    ] METRIC_RX type=REAL src=3 seq=29 send_ms=319804 recv_ms=319653 bytes=48
TX,REAL,2,,33,48,325410.0,325017,325410.0,,,,837,325410000	ID:2	[INFO: Metric    ] METRIC_TX type=REAL node=2 seq=33 bytes=48 time_ms=325017
TX,DUMMY,2,,8,48,325411.0,325018,325411.0,,,,838,325411000	ID:2	[INFO: Metric    ] METRIC_TX type=DUMMY node=2 seq=8 bytes=48 time_ms=325018
RX,REAL,,2,33,48,325418.88,324987,325418.88,325017,324987,8.880000000004657,839,325418880	ID:1	[INFO: Metric    ] METRIC_RX type=REAL src=2 seq=33 send_ms=325017 recv_ms=324987 bytes=48
RX,DUMMY,,2,8,48,325445.88,325014,325445.88,325018,325014,,840,325445880	ID:1	[INFO: Metric    ] METRIC_RX type=DUMMY src=2 seq=8 send_ms=325018 recv_ms=325014 bytes=48
TX,REAL,6,,30,48,326862.0,326774,326862.0,,,,845,326862000	ID:6	[INFO: Metric    ] METRIC_TX type=REAL node=6 seq=30 bytes=48 time_ms=326774
RX,REAL,,6,30,48,326903.88,326472,326903.88,326774,326472,41.88000000000466,846,326903880	ID:1	[INFO: Metric    ] METRIC_RX type=REAL src=6 seq=30 send_ms=326774 recv_ms=326472 bytes=48
TX,REAL,4,,28,48,327108.0,326159,327108.0,,,,848,327108000	ID:4	[INFO: Metric    ] METRIC_TX type=REAL node=4 seq=28 bytes=48 time_ms=326159
RX,REAL,,4,28,48,327154.168,326723,327154.168,326159,326723,46.16800000000512,849,327154168	ID:1	[INFO: Metric    ] METRIC_RX type=REAL src=4 seq=28 send_ms=326159 recv_ms=326723 bytes=48
TX,REAL,7,,31,48,328096.0,328074,328096.0,,,,851,328096000	ID:7	[INFO: Metric    ] METRIC_TX type=REAL node=7 seq=31 bytes=48 time_ms=328074
RX,REAL,,7,31,48,328114.88,327683,328114.88,328074,327683,18.880000000004657,852,328114880	ID:1	[INFO: Metric    ] METRIC_RX type=REAL src=7 seq=31 send_ms=328074 recv_ms=327683 bytes=48
TX,REAL,5,,29,48,329094.0,328124,329094.0,,,,854,329094000	ID:5	[INFO: Metric    ] METRIC_TX type=REAL node=5 seq=29 bytes=48 time_ms=328124
TX,DUMMY,5,,11,48,329095.0,328125,329095.0,,,,855,329095000	ID:5	[INFO: Metric    ] METRIC_TX type=DUMMY node=5 seq=11 bytes=48 time_ms=328125
RX,REAL,,5,29,48,329158.168,328727,329158.168,328124,328727,64.16800000000512,856,329158168	ID:1	[INFO: Metric    ] METRIC_RX type=REAL src=5 seq=29 send_ms=328124 recv_ms=328727 bytes=48
RX,DUMMY,,5,11,48,329257.168,328826,329257.168,328125,328826,,858,329257168	ID:1	[INFO: Metric    ] METRIC_RX type=DUMMY src=5 seq=11 send_ms=328125 recv_ms=328826 bytes=48
TX,REAL,3,,30,48,332017.0,331805,332017.0,,,,862,332017000	ID:3	[INFO: Metric    ] METRIC_TX type=REAL node=3 seq=30 bytes=48 time_ms=331805
RX,REAL,,3,30,48,332040.304,331609,332040.304,331805,331609,23.304000000003725,863,332040304	ID:1	[INFO: Metric    ] METRIC_RX type=REAL src=3 seq=30 send_ms=331805 recv_ms=331609 bytes=48
TX,REAL,6,,31,48,335863.0,335775,335863.0,,,,866,335863000	ID:6	[INFO: Metric    ] METRIC_TX type=REAL node=6 seq=31 bytes=48 time_ms=335775
RX,REAL,,6,31,48,335904.88,335473,335904.88,335775,335473,41.88000000000466,867,335904880	ID:1	[INFO: Metric    ] METRIC_RX type=REAL src=6 seq=31 send_ms=335775 recv_ms=335473 bytes=48
TX,REAL,2,,34,48,337412.0,337019,337412.0,,,,869,337412000	ID:2	[INFO: Metric    ] METRIC_TX type=REAL node=2 seq=34 bytes=48 time_ms=337019
RX,REAL,,2,34,48,337417.88,336986,337417.88,337019,336986,5.880000000004657,870,337417880	ID:1	[INFO: Metric    ] METRIC_RX type=REAL src=2 seq=34 send_ms=337019 recv_ms=336986 bytes=48
TX,REAL,5,,30,48,338096.0,337126,338096.0,,,,874,338096000	ID:5	[INFO: Metric    ] METRIC_TX type=REAL node=5 seq=30 bytes=48 time_ms=337126
TX,REAL,7,,32,48,338097.0,338075,338097.0,,,,875,338097000	ID:7	[INFO: Metric    ] METRIC_TX type=REAL node=7 seq=32 bytes=48 time_ms=338075
TX,REAL,4,,29,48,338109.0,337160,338109.0,,,,876,338109000	ID:4	[INFO: Metric    ] METRIC_TX type=REAL node=4 seq=29 bytes=48 time_ms=337160
TX,DUMMY,4,,5,48,338110.0,337161,338110.0,,,,877,338110000	ID:4	[INFO: Metric    ] METRIC_TX type=DUMMY node=4 seq=5 bytes=48 time_ms=337161
RX,REAL,,7,32,48,338141.88,337710,338141.88,338075,337710,44.88000000000466,878,338141880	ID:1	[INFO: Metric    ] METRIC_RX type=REAL src=7 seq=32 send_ms=338075 recv_ms=337710 bytes=48
RX,REAL,,4,29,48,338166.168,337735,338166.168,337160,337735,57.16800000000512,879,338166168	ID:1	[INFO: Metric    ] METRIC_RX type=REAL src=4 seq=29 send_ms=337160 recv_ms=337735 bytes=48
RX,REAL,,5,30,48,338248.592,337817,338248.592,337126,337817,152.5920000000042,882,338248592	ID:1	[INFO: Metric    ] METRIC_RX type=REAL src=5 seq=30 send_ms=337126 recv_ms=337817 bytes=48
RX,DUMMY,,4,5,48,338264.168,337833,338264.168,337161,337833,,883,338264168	ID:1	[INFO: Metric    ] METRIC_RX type=DUMMY src=4 seq=5 send_ms=337161 recv_ms=337833 bytes=48
TX,REAL,3,,31,48,344018.0,343806,344018.0,,,,886,344018000	ID:3	[INFO: Metric    ] METRIC_TX type=REAL node=3 seq=31 bytes=48 time_ms=343806
RX,REAL,,3,31,48,344068.168,343637,344068.168,343806,343637,50.16800000000512,887,344068168	ID:1	[INFO: Metric    ] METRIC_RX type=REAL src=3 seq=31 send_ms=343806 recv_ms=343637 bytes=48
TX,REAL,6,,32,48,345864.0,345776,345864.0,,,,889,345864000	ID:6	[INFO: Metric    ] METRIC_TX type=REAL node=6 seq=32 bytes=48 time_ms=345776
RX,REAL,,6,32,48,345899.88,345468,345899.88,345776,345468,35.88000000000466,890,345899880	ID:1	[INFO: Metric    ] METRIC_RX type=REAL src=6 seq=32 send_ms=345776 recv_ms=345468 bytes=48
TX,REAL,7,,33,48,346098.0,346076,346098.0,,,,892,346098000	ID:7	[INFO: Metric    ] METRIC_TX type=REAL node=7 seq=33 bytes=48 time_ms=346076
RX,REAL,,7,33,48,346108.88,345677,346108.88,346076,345677,10.880000000004657,893,346108880	ID:1	[INFO: Metric    ] METRIC_RX type=REAL src=7 seq=33 send_ms=346076 recv_ms=345677 bytes=48
TX,REAL,5,,31,48,347097.0,346127,347097.0,,,,895,347097000	ID:5	[INFO: Metric    ] METRIC_TX type=REAL node=5 seq=31 bytes=48 time_ms=346127
RX,REAL,,5,31,48,347125.168,346694,347125.168,346127,346694,28.168000000005122,896,347125168	ID:1	[INFO: Metric    ] METRIC_RX type=REAL src=5 seq=31 send_ms=346127 recv_ms=346694 bytes=48
TX,REAL,2,,35,48,348413.0,348020,348413.0,,,,899,348413000	ID:2	[INFO: Metric    ] METRIC_TX type=REAL node=2 seq=35 bytes=48 time_ms=348020
RX,REAL,,2,35,48,348453.88,348022,348453.88,348020,348022,40.88000000000466,900,348453880	ID:1	[INFO: Metric    ] METRIC_RX type=REAL src=2 seq=35 send_ms=348020 recv_ms=348022 bytes=48
TX,REAL,4,,30,48,350111.0,349162,350111.0,,,,904,350111000	ID:4	[INFO: Metric    ] METRIC_TX type=REAL node=4 seq=30 bytes=48 time_ms=349162
RX,REAL,,4,30,48,350168.168,349737,350168.168,349162,349737,57.16800000000512,905,350168168	ID:1	[INFO: Metric    ] METRIC_RX type=REAL src=4 seq=30 send_ms=349162 recv_ms=349737 bytes=48
TX,REAL,3,,32,48,352019.0,351807,352019.0,,,,907,352019000	ID:3	[INFO: Metric    ] METRIC_TX type=REAL node=3 seq=32 bytes=48 time_ms=351807
RX,REAL,,3,32,48,352063.168,351632,352063.168,351807,351632,44.16800000000512,908,352063168	ID:1	[INFO: Metric    ] METRIC_RX type=REAL src=3 seq=32 send_ms=351807 recv_ms=351632 bytes=48
TX,REAL,6,,33,48,354865.0,354777,354865.0,,,,910,354865000	ID:6	[INFO: Metric    ] METRIC_TX type=REAL node=6 seq=33 bytes=48 time_ms=354777
TX,DUMMY,6,,6,48,354866.0,354778,354866.0,,,,911,354866000	ID:6	[INFO: Metric    ] METRIC_TX type=DUMMY node=6 seq=6 bytes=48 time_ms=354778
RX,REAL,,6,33,48,354902.88,354471,354902.88,354777,354471,37.88000000000466,912,354902880	ID:1	[INFO: Metric    ] METRIC_RX type=REAL src=6 seq=33 send_ms=354777 recv_ms=354471 bytes=48
RX,DUMMY,,6,6,48,354917.88,354486,354917.88,354778,354486,,913,354917880	ID:1	[INFO: Metric    ] METRIC_RX type=DUMMY src=6 seq=6 send_ms=354778 recv_ms=354486 bytes=48
TX,REAL,7,,34,48,355099.0,355077,355099.0,,,,916,355099000	ID:7	[INFO: Metric    ] METRIC_TX type=REAL node=7 seq=34 bytes=48 time_ms=355077
TX,DUMMY,7,,10,48,355100.0,355078,355100.0,,,,917,355100000	ID:7	[INFO: Metric    ] METRIC_TX type=DUMMY node=7 seq=10 bytes=48 time_ms=355078
RX,REAL,,7,34,48,355119.88,354688,355119.88,355077,354688,20.880000000004657,918,355119880	ID:1	[INFO: Metric    ] METRIC_RX type=REAL src=7 seq=34 send_ms=355077 recv_ms=354688 bytes=48
RX,DUMMY,,7,10,48,355164.88,354733,355164.88,355078,354733,,920,355164880	ID:1	[INFO: Metric    ] METRIC_RX type=DUMMY src=7 seq=10 send_ms=355078 recv_ms=354733 bytes=48
TX,REAL,5,,32,48,357098.0,356128,357098.0,,,,922,357098000	ID:5	[INFO: Metric    ] METRIC_TX type=REAL node=5 seq=32 bytes=48 time_ms=356128
RX,REAL,,5,32,48,357165.168,356734,357165.168,356128,356734,67.16800000000512,923,357165168	ID:1	[INFO: Metric    ] METRIC_RX type=REAL src=5 seq=32 send_ms=356128 recv_ms=356734 bytes=48
TX,REAL,2,,36,48,358414.0,358021,358414.0,,,,925,358414000	ID:2	[INFO: Metric    ] METRIC_TX type=REAL node=2 seq=36 bytes=48 time_ms=358021
TX,DUMMY,2,,9,48,358415.0,358022,358415.0,,,,926,358415000	ID:2	[INFO: Metric    ] METRIC_TX type=DUMMY node=2 seq=9 bytes=48 time_ms=358022
RX,REAL,,2,36,48,358457.88,358026,358457.88,358021,358026,43.88000000000466,927,358457880	ID:1	[INFO: Metric    ] METRIC_RX type=REAL src=2 seq=36 send_ms=358021 recv_ms=358026 bytes=48
RX,DUMMY,,2,9,48,358496.88,358065,358496.88,358022,358065,,929,358496880	ID:1	[INFO: Metric    ] METRIC_RX type=DUMMY src=2 seq=9 send_ms=358022 recv_ms=358065 bytes=48
TX,REAL,3,,33,48,360020.0,359808,360020.0,,,,932,360020000	ID:3	[INFO: Metric    ] METRIC_TX type=REAL node=3 seq=33 bytes=48 time_ms=359808
RX,REAL,,3,33,48,360054.168,359623,360054.168,359808,359623,34.16800000000512,933,360054168	ID:1	[INFO: Metric    ] METRIC_RX type=REAL src=3 seq=33 send_ms=359808 recv_ms=359623 bytes=48
TX,REAL,4,,31,48,360112.0,359163,360112.0,,,,935,360112000	ID:4	[INFO: Metric    ] METRIC_TX type=REAL node=4 seq=31 bytes=48 time_ms=359163
RX,REAL,,4,31,48,360183.168,359752,360183.168,359163,359752,71.16800000000512,936,360183168	ID:1	[INFO: Metric    ] METRIC_RX type=REAL src=4 seq=31 send_ms=359163 recv_ms=359752 bytes=48
TX,REAL,6,,34,48,363867.0,363779,363867.0,,,,938,363867000	ID:6	[INFO: Metric    ] METRIC_TX type=REAL node=6 seq=34 bytes=48 time_ms=363779
RX,REAL,,6,34,48,363897.88,363466,363897.88,363779,363466,30.880000000004657,939,363897880	ID:1	[INFO: Metric    ] METRIC_RX type=REAL src=6 seq=34 send_ms=363779 recv_ms=363466 bytes=48
TX,REAL,7,,35,48,366101.0,366079,366101.0,,,,941,366101000	ID:7	[INFO: Metric    ] METRIC_TX type=REAL node=7 seq=35 bytes=48 time_ms=366079
TX,DUMMY,7,,11,48,366102.0,366080,366102.0,,,,942,366102000	ID:7	[INFO: Metric    ] METRIC_TX type=DUMMY node=7 seq=11 bytes=48 time_ms=366080
RX,REAL,,7,35,48,366110.88,365679,366110.88,366079,365679,9.880000000004657,943,366110880	ID:1	[INFO: Metric    ] METRIC_RX type=REAL src=7 seq=35 send_ms=366079 recv_ms=365679 bytes=48
RX,DUMMY,,7,11,48,366141.88,365710,366141.88,366080,365710,,944,366141880	ID:1	[INFO: Metric    ] METRIC_RX type=DUMMY src=7 seq=11 send_ms=366080 recv_ms=365710 bytes=48
TX,REAL,5,,33,48,367099.0,366129,367099.0,,,,947,367099000	ID:5	[INFO: Metric    ] METRIC_TX type=REAL node=5 seq=33 bytes=48 time_ms=366129
RX,REAL,,5,33,48,367178.168,366747,367178.168,366129,366747,79.16800000000512,948,367178168	ID:1	[INFO: Metric    ] METRIC_RX type=REAL src=5 seq=33 send_ms=366129 recv_ms=366747 bytes=48
TX,REAL,4,,32,48,370113.0,369164,370113.0,,,,950,370113000	ID:4	[INFO: Metric    ] METRIC_TX type=REAL node=4 seq=32 bytes=48 time_ms=369164
RX,REAL,,4,32,48,370175.168,369744,370175.168,369164,369744,62.16800000000512,951,370175168	ID:1	[INFO: Metric    ] METRIC_RX type=REAL src=4 seq=32 send_ms=369164 recv_ms=369744 bytes=48
TX,REAL,2,,37,48,370416.0,370023,370416.0,,,,953,370416000	ID:2	[INFO: Metric    ] METRIC_TX type=REAL node=2 seq=37 bytes=48 time_ms=370023
RX,REAL,,2,37,48,370459.88,370028,370459.88,370023,370028,43.88000000000466,954,370459880	ID:1	[INFO: Metric    ] METRIC_RX type=REAL src=2 seq=37 send_ms=370023 recv_ms=370028 bytes=48
TX,REAL,3,,34,48,371021.0,370809,371021.0,,,,956,371021000	ID:3	[INFO: Metric    ] METRIC_TX type=REAL node=3 seq=34 bytes=48 time_ms=370809
TX,DUMMY,3,,11,48,371022.0,370810,371022.0,,,,957,371022000	ID:3	[INFO: Metric    ] METRIC_TX type=DUMMY node=3 seq=11 bytes=48 time_ms=370810
RX,REAL,,3,34,48,371056.304,370625,371056.304,370809,370625,35.304000000003725,958,371056304	ID:1	[INFO: Metric    ] METRIC_RX type=REAL src=3 seq=34 send_ms=370809 recv_ms=370625 bytes=48
RX,DUMMY,,3,11,48,371091.168,370660,371091.168,370810,370660,,959,371091168	ID:1	[INFO: Metric    ] METRIC_RX type=DUMMY src=3 seq=11 send_ms=370810 recv_ms=370660 bytes=48
TX,REAL,6,,35,48,375868.0,375780,375868.0,,,,963,375868000	ID:6	[INFO: Metric    ] METRIC_TX type=REAL node=6 seq=35 bytes=48 time_ms=375780
RX,REAL,,6,35,48,375895.88,375464,375895.88,375780,375464,27.880000000004657,964,375895880	ID:1	[INFO: Metric    ] METRIC_RX type=REAL src=6 seq=35 send_ms=375780 recv_ms=375464 bytes=48
TX,REAL,7,,36,48,377103.0,377081,377103.0,,,,966,377103000	ID:7	[INFO: Metric    ] METRIC_TX type=REAL node=7 seq=36 bytes=48 time_ms=377081
RX,REAL,,7,36,48,377108.88,376677,377108.88,377081,376677,5.880000000004657,967,377108880	ID:1	[INFO: Metric    ] METRIC_RX type=REAL src=7 seq=36 send_ms=377081 recv_ms=376677 bytes=48
TX,REAL,5,,34,48,378100.0,377130,378100.0,,,,969,378100000	ID:5	[INFO: Metric    ] METRIC_TX type=REAL node=5 seq=34 bytes=48 time_ms=377130
RX,REAL,,5,34,48,378144.168,377713,378144.168,377130,377713,44.16800000000512,970,378144168	ID:1	[INFO: Metric    ] METRIC_RX type=REAL src=5 seq=34 send_ms=377130 recv_ms=377713 bytes=48
TX,REAL,3,,35,48,379023.0,378811,379023.0,,,,972,379023000	ID:3	[INFO: Metric    ] METRIC_TX type=REAL node=3 seq=35 bytes=48 time_ms=378811
RX,REAL,,3,35,48,379089.168,378658,379089.168,378811,378658,66.16800000000512,973,379089168	ID:1	[INFO: Metric    ] METRIC_RX type=REAL src=3 seq=35 send_ms=378811 recv_ms=378658 bytes=48
TX,REAL,4,,33,48,379114.0,378165,379114.0,,,,974,379114000	ID:4	[INFO: Metric    ] METRIC_TX type=REAL node=4 seq=33 bytes=48 time_ms=378165
RX,REAL,,4,33,48,379257.168,378826,379257.168,378165,378826,143.16800000000512,976,379257168	ID:1	[INFO: Metric    ] METRIC_RX type=REAL src=4 seq=33 send_ms=378165 recv_ms=378826 bytes=48
TX,REAL,2,,38,48,380417.0,380024,380417.0,,,,978,380417000	ID:2	[INFO: Metric    ] METRIC_TX type=REAL node=2 seq=38 bytes=48 time_ms=380024
RX,REAL,,2,38,48,380438.88,380007,380438.88,380024,380007,21.880000000004657,979,380438880	ID:1	[INFO: Metric    ] METRIC_RX type=REAL src=2 seq=38 send_ms=380024 recv_ms=380007 bytes=48
TX,REAL,6,,36,48,383869.0,383781,383869.0,,,,981,383869000	ID:6	[INFO: Metric    ] METRIC_TX type=REAL node=6 seq=36 bytes=48 time_ms=383781
RX,REAL,,6,36,48,383911.88,383480,383911.88,383781,383480,42.88000000000466,982,383911880	ID:1	[INFO: Metric    ] METRIC_RX type=REAL src=6 seq=36 send_ms=383781 recv_ms=383480 bytes=48
TX,REAL,5,,35,48,386101.0,385131,386101.0,,,,984,386101000	ID:5	[INFO: Metric    ] METRIC_TX type=REAL node=5 seq=35 bytes=48 time_ms=385131
TX,DUMMY,5,,12,48,386102.0,385132,386102.0,,,,985,386102000	ID:5	[INFO: Metric    ] METRIC_TX type=DUMMY node=5 seq=12 bytes=48 time_ms=385132
RX,REAL,,5,35,48,386170.168,385739,386170.168,385131,385739,69.16800000000512,986,386170168	ID:1	[INFO: Metric    ] METRIC_RX type=REAL src=5 seq=35 send_ms=385131 recv_ms=385739 bytes=48
RX,DUMMY,,5,12,48,386257.168,385826,386257.168,385132,385826,,988,386257168	ID:1	[INFO: Metric    ] METRIC_RX type=DUMMY src=5 seq=12 send_ms=385132 recv_ms=385826 bytes=48
TX,REAL,3,,36,48,388024.0,387812,388024.0,,,,990,388024000	ID:3	[INFO: Metric    ] METRIC_TX type=REAL node=3 seq=36 bytes=48 time_ms=387812
RX,REAL,,3,36,48,388088.168,387657,388088.168,387812,387657,64.16800000000512,991,388088168	ID:1	[INFO: Metric    ] METRIC_RX type=REAL src=3 seq=36 send_ms=387812 recv_ms=387657 bytes=48
TX,REAL,2,,39,48,388418.0,388025,388418.0,,,,994,388418000	ID:2	[INFO: Metric    ] METRIC_TX type=REAL node=2 seq=39 bytes=48 time_ms=388025
TX,DUMMY,2,,10,48,388419.0,388026,388419.0,,,,995,388419000	ID:2	[INFO: Metric    ] METRIC_TX type=DUMMY node=2 seq=10 bytes=48 time_ms=388026
RX,REAL,,2,39,48,388440.88,388009,388440.88,388025,388009,22.880000000004657,996,388440880	ID:1	[INFO: Metric    ] METRIC_RX type=REAL src=2 seq=39 send_ms=388025 recv_ms=388009 bytes=48
RX,DUMMY,,2,10,48,388447.88,388016,388447.88,388026,388016,,997,388447880	ID:1	[INFO: Metric    ] METRIC_RX type=DUMMY src=2 seq=10 send_ms=388026 recv_ms=388016 bytes=48
TX,REAL,7,,37,48,389104.0,389082,389104.0,,,,1000,389104000	ID:7	[INFO: Metric    ] METRIC_TX type=REAL node=7 seq=37 bytes=48 time_ms=389082
TX,REAL,4,,34,48,389115.0,388166,389115.0,,,,1001,389115000	ID:4	[INFO: Metric    ] METRIC_TX type=REAL node=4 seq=34 bytes=48 time_ms=388166
RX,REAL,,7,37,48,389157.88,388726,389157.88,389082,388726,53.88000000000466,1002,389157880	ID:1	[INFO: Metric    ] METRIC_RX type=REAL src=7 seq=37 send_ms=389082 recv_ms=388726 bytes=48
RX,REAL,,4,34,48,389195.168,388764,389195.168,388166,388764,80.16800000000512,1003,389195168	ID:1	[INFO: Metric    ] METRIC_RX type=REAL src=4 seq=34 send_ms=388166 recv_ms=388764 bytes=48
TX,REAL,6,,37,48,391870.0,391782,391870.0,,,,1006,391870000	ID:6	[INFO: Metric    ] METRIC_TX type=REAL node=6 seq=37 bytes=48 time_ms=391782
RX,REAL,,6,37,48,391886.88,391455,391886.88,391782,391455,16.880000000004657,1007,391886880	ID:1	[INFO: Metric    ] METRIC_RX type=REAL src=6 seq=37 send_ms=391782 recv_ms=391455 bytes=48
TX,REAL,3,,37,48,396025.0,395813,396025.0,,,,1009,396025000	ID:3	[INFO: Metric    ] METRIC_TX type=REAL node=3 seq=37 bytes=48 time_ms=395813
RX,REAL,,3,37,48,396063.168,395632,396063.168,395813,395632,38.16800000000512,1010,396063168	ID:1	[INFO: Metric    ] METRIC_RX type=REAL src=3 seq=37 send_ms=395813 recv_ms=395632 bytes=48
TX,REAL,5,,36,48,396103.0,395133,396103.0,,,,1011,396103000	ID:5	[INFO: Metric    ] METRIC_TX type=REAL node=5 seq=36 bytes=48 time_ms=395133
RX,REAL,,5,36,48,396132.592,395701,396132.592,395133,395701,29.59200000000419,1013,396132592	ID:1	[INFO: Metric    ] METRIC_RX type=REAL src=5 seq=36 send_ms=395133 recv_ms=395701 bytes=48
TX,REAL,7,,38,48,398105.0,398083,398105.0,,,,1015,398105000	ID:7	[INFO: Metric    ] METRIC_TX type=REAL node=7 seq=38 bytes=48 time_ms=398083
TX,DUMMY,7,,12,48,398106.0,398084,398106.0,,,,1016,398106000	ID:7	[INFO: Metric    ] METRIC_TX type=DUMMY node=7 seq=12 bytes=48 time_ms=398084
RX,REAL,,7,38,48,398136.88,397705,398136.88,398083,397705,31.880000000004657,1017,398136880	ID:1	[INFO: Metric    ] METRIC_RX type=REAL src=7 seq=38 send_ms=398083 recv_ms=397705 bytes=48
RX,DUMMY,,7,12,48,398142.88,397711,398142.88,398084,397711,,1018,398142880	ID:1	[INFO: Metric    ] METRIC_RX type=DUMMY src=7 seq=12 send_ms=398084 recv_ms=397711 bytes=48
TX,REAL,2,,40,48,400420.0,400027,400420.0,,,,1023,400420000	ID:2	[INFO: Metric    ] METRIC_TX type=REAL node=2 seq=40 bytes=48 time_ms=400027
TX,DUMMY,2,,11,48,400421.0,400028,400421.0,,,,1024,400421000	ID:2	[INFO: Metric    ] METRIC_TX type=DUMMY node=2 seq=11 bytes=48 time_ms=400028
RX,REAL,,2,40,48,400465.88,400034,400465.88,400027,400034,45.88000000000466,1025,400465880	ID:1	[INFO: Metric    ] METRIC_RX type=REAL src=2 seq=40 send_ms=400027 recv_ms=400034 bytes=48
RX,DUMMY,,2,11,48,400500.76,400069,400500.76,400028,400069,,1028,400500760	ID:1	[INFO: Metric    ] METRIC_RX type=DUMMY src=2 seq=11 send_ms=400028 recv_ms=400069 bytes=48
TX,REAL,4,,35,48,401116.0,400167,401116.0,,,,1030,401116000	ID:4	[INFO: Metric    ] METRIC_TX type=REAL node=4 seq=35 bytes=48 time_ms=400167
RX,REAL,,4,35,48,401132.168,400701,401132.168,400167,400701,16.168000000005122,1031,401132168	ID:1	[INFO: Metric    ] METRIC_RX type=REAL src=4 seq=35 send_ms=400167 recv_ms=400701 bytes=48
TX,REAL,6,,38,48,401871.0,401783,401871.0,,,,1033,401871000	ID:6	[INFO: Metric    ] METRIC_TX type=REAL node=6 seq=38 bytes=48 time_ms=401783
TX,DUMMY,6,,7,48,401872.0,401784,401872.0,,,,1034,401872000	ID:6	[INFO: Metric    ] METRIC_TX type=DUMMY node=6 seq=7 bytes=48 time_ms=401784
RX,REAL,,6,38,48,401883.88,401452,401883.88,401783,401452,12.880000000004657,1035,401883880	ID:1	[INFO: Metric    ] METRIC_RX type=REAL src=6 seq=38 send_ms=401783 recv_ms=401452 bytes=48
RX,DUMMY,,6,7,48,401906.88,401475,401906.88,401784,401475,,1036,401906880	ID:1	[INFO: Metric    ] METRIC_RX type=DUMMY src=6 seq=7 send_ms=401784 recv_ms=401475 bytes=48
TX,REAL,3,,38,48,406026.0,405814,406026.0,,,,1039,406026000	ID:3	[INFO: Metric    ] METRIC_TX type=REAL node=3 seq=38 bytes=48 time_ms=405814
TX,DUMMY,3,,12,48,406027.0,405815,406027.0,,,,1040,406027000	ID:3	[INFO: Metric    ] METRIC_TX type=DUMMY node=3 seq=12 bytes=48 time_ms=405815
RX,REAL,,3,38,48,406071.168,405640,406071.168,405814,405640,45.16800000000512,1041,406071168	ID:1	[INFO: Metric    ] METRIC_RX type=REAL src=3 seq=38 send_ms=405814 recv_ms=405640 bytes=48
RX,DUMMY,,3,12,48,406095.304,405664,406095.304,405815,405664,,1042,406095304	ID:1	[INFO: Metric    ] METRIC_RX type=DUMMY src=3 seq=12 send_ms=405815 recv_ms=405664 bytes=48
TX,REAL,5,,37,48,407104.0,406134,407104.0,,,,1045,407104000	ID:5	[INFO: Metric    ] METRIC_TX type=REAL node=5 seq=37 bytes=48 time_ms=406134
TX,DUMMY,5,,13,48,407105.0,406135,407105.0,,,,1046,407105000	ID:5	[INFO: Metric    ] METRIC_TX type=DUMMY node=5 seq=13 bytes=48 time_ms=406135
TX,REAL,7,,39,48,407107.0,407085,407107.0,,,,1047,407107000	ID:7	[INFO: Metric    ] METRIC_TX type=REAL node=7 seq=39 bytes=48 time_ms=407085
TX,DUMMY,7,,13,48,407108.0,407086,407108.0,,,,1048,407108000	ID:7	[INFO: Metric    ] METRIC_TX type=DUMMY node=7 seq=13 bytes=48 time_ms=407086
RX,REAL,,5,37,48,407226.072,406795,407226.072,406134,406795,122.07199999998556,1049,407226072	ID:1	[INFO: Metric    ] METRIC_RX type=REAL src=5 seq=37 send_ms=406134 recv_ms=406795 bytes=48
RX,REAL,,7,39,48,407229.952,406798,407229.952,407085,406798,122.95199999999022,1050,407229952	ID:1	[INFO: Metric    ] METRIC_RX type=REAL src=7 seq=39 send_ms=407085 recv_ms=406798 bytes=48
RX,DUMMY,,7,13,48,407243.88,406812,407243.88,407086,406812,,1051,407243880	ID:1	[INFO: Metric    ] METRIC_RX type=DUMMY src=7 seq=13 send_ms=407086 recv_ms=406812 bytes=48
RX,DUMMY,,5,13,48,407261.168,406830,407261.168,406135,406830,,1052,407261168	ID:1	[INFO: Metric    ] METRIC_RX type=DUMMY src=5 seq=13 send_ms=406135 recv_ms=406830 bytes=48
TX,REAL,4,,36,48,411117.0,410168,411117.0,,,,1058,411117000	ID:4	[INFO: Metric    ] METRIC_TX type=REAL node=4 seq=36 bytes=48 time_ms=410168
RX,REAL,,4,36,48,411179.168,410748,411179.168,410168,410748,62.16800000000512,1059,411179168	ID:1	[INFO: Metric    ] METRIC_RX type=REAL src=4 seq=36 send_ms=410168 recv_ms=410748 bytes=48
TX,REAL,2,,41,48,411422.0,411029,411422.0,,,,1061,411422000	ID:2	[INFO: Metric    ] METRIC_TX type=REAL node=2 seq=41 bytes=48 time_ms=411029
RX,REAL,,2,41,48,411440.88,411009,411440.88,411029,411009,18.880000000004657,1062,411440880	ID:1	[INFO: Metric    ] METRIC_RX type=REAL src=2 seq=41 send_ms=411029 recv_ms=411009 bytes=48
TX,REAL,6,,39,48,411873.0,411785,411873.0,,,,1064,411873000	ID:6	[INFO: Metric    ] METRIC_TX type=REAL node=6 seq=39 bytes=48 time_ms=411785
TX,DUMMY,6,,8,48,411874.0,411786,411874.0,,,,1065,411874000	ID:6	[INFO: Metric    ] METRIC_TX type=DUMMY node=6 seq=8 bytes=48 time_ms=411786
RX,REAL,,6,39,48,411894.88,411463,411894.88,411785,411463,21.880000000004657,1066,411894880	ID:1	[INFO: Metric    ] METRIC_RX type=REAL src=6 seq=39 send_ms=411785 recv_ms=411463 bytes=48
RX,DUMMY,,6,8,48,411903.88,411472,411903.88,411786,411472,,1067,411903880	ID:1	[INFO: Metric    ] METRIC_RX type=DUMMY src=6 seq=8 send_ms=411786 recv_ms=411472 bytes=48
TX,REAL,7,,40,48,416109.0,416087,416109.0,,,,1072,416109000	ID:7	[INFO: Metric    ] METRIC_TX type=REAL node=7 seq=40 bytes=48 time_ms=416087
RX,REAL,,7,40,48,416126.88,415695,416126.88,416087,415695,17.880000000004657,1073,416126880	ID:1	[INFO: Metric    ] METRIC_RX type=REAL src=7 seq=40 send_ms=416087 recv_ms=415695 bytes=48
TX,REAL,3,,39,48,418028.0,417816,418028.0,,,,1075,418028000	ID:3	[INFO: Metric    ] METRIC_TX type=REAL node=3 seq=39 bytes=48 time_ms=417816
RX,REAL,,3,39,48,418047.168,417616,418047.168,417816,417616,19.168000000005122,1076,418047168	ID:1	[INFO: Metric    ] METRIC_RX type=REAL src=3 seq=39 send_ms=417816 recv_ms=417616 bytes=48
TX,REAL,5,,38,48,418106.0,417136,418106.0,,,,1078,418106000	ID:5	[INFO: Metric    ] METRIC_TX type=REAL node=5 seq=38 bytes=48 time_ms=417136
TX,DUMMY,5,,14,48,418107.0,417137,418107.0,,,,1079,418107000	ID:5	[INFO: Metric    ] METRIC_TX type=DUMMY node=5 seq=14 bytes=48 time_ms=417137
RX,REAL,,5,38,48,418175.168,417744,418175.168,417136,417744,69.16800000000512,1080,418175168	ID:1	[INFO: Metric    ] METRIC_RX type=REAL src=5 seq=38 send_ms=417136 recv_ms=417744 bytes=48
RX,DUMMY,,5,14,48,418237.168,417806,418237.168,417137,417806,,1082,418237168	ID:1	[INFO: Metric    ] METRIC_RX type=DUMMY src=5 seq=14 send_ms=417137 recv_ms=417806 bytes=48
TX,REAL,6,,40,48,419875.0,419787,419875.0,,,,1086,419875000	ID:6	[INFO: Metric    ] METRIC_TX type=REAL node=6 seq=40 bytes=48 time_ms=419787
TX,DUMMY,6,,9,48,419876.0,419788,419876.0,,,,1087,419876000	ID:6	[INFO: Metric    ] METRIC_TX type=DUMMY node=6 seq=9 bytes=48 time_ms=419788
RX,REAL,,6,40,48,419881.88,419450,419881.88,419787,419450,6.880000000004657,1088,419881880	ID:1	[INFO: Metric    ] METRIC_RX type=REAL src=6 seq=40 send_ms=419787 recv_ms=419450 bytes=48
RX,DUMMY,,6,9,48,419919.88,419488,419919.88,419788,419488,,1090,419919880	ID:1	[INFO: Metric    ] METRIC_RX type=DUMMY src=6 seq=9 send_ms=419788 recv_ms=419488 bytes=48
TX,REAL,4,,37,48,421118.0,420169,421118.0,,,,1093,421118000	ID:4	[INFO: Metric    ] METRIC_TX type=REAL node=4 seq=37 bytes=48 time_ms=420169
RX,REAL,,4,37,48,421189.168,420758,421189.168,420169,420758,71.16800000000512,1094,421189168	ID:1	[INFO: Metric    ] METRIC_RX type=REAL src=4 seq=37 send_ms=420169 recv_ms=420758 bytes=48
TX,REAL,2,,42,48,421423.0,421030,421423.0,,,,1096,421423000	ID:2	[INFO: Metric    ] METRIC_TX type=REAL node=2 seq=42 bytes=48 time_ms=421030
RX,REAL,,2,42,48,421441.88,421010,421441.88,421030,421010,18.880000000004657,1097,421441880	ID:1	[INFO: Metric    ] METRIC_RX type=REAL src=2 seq=42 send_ms=421030 recv_ms=421010 bytes=48
TX,REAL,3,,40,48,426029.0,425817,426029.0,,,,1101,426029000	ID:3	[INFO: Metric    ] METRIC_TX type=REAL node=3 seq=40 bytes=48 time_ms=425817
TX,DUMMY,3,,13,48,426030.0,425818,426030.0,,,,1102,426030000	ID:3	[INFO: Metric    ] METRIC_TX type=DUMMY node=3 seq=13 bytes=48 time_ms=425818
RX,REAL,,3,40,48,426085.168,425654,426085.168,425817,425654,56.16800000000512,1103,426085168	ID:1	[INFO: Metric    ] METRIC_RX type=REAL src=3 seq=40 send_ms=425817 recv_ms=425654 bytes=48
TX,REAL,5,,39,48,426108.0,425138,426108.0,,,,1104,426108000	ID:5	[INFO: Metric    ] METRIC_TX type=REAL node=5 seq=39 bytes=48 time_ms=425138
TX,REAL,7,,41,48,426110.0,426088,426110.0,,,,1105,426110000	ID:7	[INFO: Metric    ] METRIC_TX type=REAL node=7 seq=41 bytes=48 time_ms=426088
RX,DUMMY,,3,13,48,426130.168,425699,426130.168,425818,425699,,1106,426130168	ID:1	[INFO: Metric    ] METRIC_RX type=DUMMY src=3 seq=13 send_ms=425818 recv_ms=425699 bytes=48
RX,REAL,,7,41,48,426137.88,425706,426137.88,426088,425706,27.880000000004657,1107,426137880	ID:1	[INFO: Metric    ] METRIC_RX type=REAL src=7 seq=41 send_ms=426088 recv_ms=425706 bytes=48
RX,REAL,,5,39,48,426165.168,425734,426165.168,425138,425734,57.16800000000512,1109,426165168	ID:1	[INFO: Metric    ] METRIC_RX type=REAL src=5 seq=39 send_ms=425138 recv_ms=425734 bytes=48
TX,REAL,2,,43,48,430424.0,430031,430424.0,,,,1113,430424000	ID:2	[INFO: Metric    ] METRIC_TX type=REAL node=2 seq=43 bytes=48 time_ms=430031
RX,REAL,,2,43,48,430461.88,430030,430461.88,430031,430030,37.88000000000466,1114,430461880	ID:1	[INFO: Metric    ] METRIC_RX type=REAL src=2 seq=43 send_ms=430031 recv_ms=430030 bytes=48
TX,REAL,6,,41,48,430877.0,430789,430877.0,,,,1116,430877000	ID:6	[INFO: Metric    ] METRIC_TX type=REAL node=6 seq=41 bytes=48 time_ms=430789
RX,REAL,,6,41,48,430911.88,430480,430911.88,430789,430480,34.88000000000466,1117,430911880	ID:1	[INFO: Metric    ] METRIC_RX type=REAL src=6 seq=41 send_ms=430789 recv_ms=430480 bytes=48
TX,REAL,4,,38,48,431119.0,430170,431119.0,,,,1119,431119000	ID:4	[INFO: Metric    ] METRIC_TX type=REAL node=4 seq=38 bytes=48 time_ms=430170
RX,REAL,,4,38,48,431158.168,430727,431158.168,430170,430727,39.16800000000512,1120,431158168	ID:1	[INFO: Metric    ] METRIC_RX type=REAL src=4 seq=38 send_ms=430170 recv_ms=430727 bytes=48
TX,REAL,7,,42,48,436111.0,436089,436111.0,,,,1122,436111000	ID:7	[INFO: Metric    ] METRIC_TX type=REAL node=7 seq=42 bytes=48 time_ms=436089
RX,REAL,,7,42,48,436131.88,435700,436131.88,436089,435700,20.880000000004657,1123,436131880	ID:1	[INFO: Metric    ] METRIC_RX type=REAL src=7 seq=42 send_ms=436089 recv_ms=435700 bytes=48
TX,REAL,3,,41,48,437031.0,436819,437031.0,,,,1126,437031000	ID:3	[INFO: Metric    ] METRIC_TX type=REAL node=3 seq=41 bytes=48 time_ms=436819
RX,REAL,,3,41,48,437095.168,436664,437095.168,436819,436664,64.16800000000512,1127,437095168	ID:1	[INFO: Metric    ] METRIC_RX type=REAL src=3 seq=41 send_ms=436819 recv_ms=436664 bytes=48
TX,REAL,5,,40,48,437109.0,436139,437109.0,,,,1130,437109000	ID:5	[INFO: Metric    ] METRIC_TX type=REAL node=5 seq=40 bytes=48 time_ms=436139
RX,REAL,,5,40,48,437148.168,436717,437148.168,436139,436717,39.16800000000512,1131,437148168	ID:1	[INFO: Metric    ] METRIC_RX type=REAL src=5 seq=40 send_ms=436139 recv_ms=436717 bytes=48
TX,REAL,2,,44,48,439425.0,439032,439425.0,,,,1134,439425000	ID:2	[INFO: Metric    ] METRIC_TX type=REAL node=2 seq=44 bytes=48 time_ms=439032
TX,DUMMY,2,,12,48,439426.0,439033,439426.0,,,,1135,439426000	ID:2	[INFO: Metric    ] METRIC_TX type=DUMMY node=2 seq=12 bytes=48 time_ms=439033
RX,REAL,,2,44,48,439454.88,439023,439454.88,439032,439023,29.880000000004657,1136,439454880	ID:1	[INFO: Metric    ] METRIC_RX type=REAL src=2 seq=44 send_ms=439032 recv_ms=439023 bytes=48
RX,DUMMY,,2,12,48,439496.88,439065,439496.88,439033,439065,,1138,439496880	ID:1	[INFO: Metric    ] METRIC_RX type=DUMMY src=2 seq=12 send_ms=439033 recv_ms=439065 bytes=48
TX,REAL,6,,42,48,441878.0,441790,441878.0,,,,1140,441878000	ID:6	[INFO: Metric    ] METRIC_TX type=REAL node=6 seq=42 bytes=48 time_ms=441790
RX,REAL,,6,42,48,441887.88,441456,441887.88,441790,441456,9.880000000004657,1141,441887880	ID:1	[INFO: Metric    ] METRIC_RX type=REAL src=6 seq=42 send_ms=441790 recv_ms=441456 bytes=48
TX,REAL,4,,39,48,442120.0,441171,442120.0,,,,1143,442120000	ID:4	[INFO: Metric    ] METRIC_TX type=REAL node=4 seq=39 bytes=48 time_ms=441171
RX,REAL,,4,39,48,442192.168,441761,442192.168,441171,441761,72.16800000000512,1144,442192168	ID:1	[INFO: Metric    ] METRIC_RX type=REAL src=4 seq=39 send_ms=441171 recv_ms=441761 bytes=48
TX,REAL,5,,41,48,445110.0,444140,445110.0,,,,1146,445110000	ID:5	[INFO: Metric    ] METRIC_TX type=REAL node=5 seq=41 bytes=48 time_ms=444140
RX,REAL,,5,41,48,445129.304,444698,445129.304,444140,444698,19.304000000003725,1147,445129304	ID:1	[INFO: Metric    ] METRIC_RX type=REAL src=5 seq=41 send_ms=444140 recv_ms=444698 bytes=48
TX,REAL,7,,43,48,447112.0,447090,447112.0,,,,1149,447112000	ID:7	[INFO: Metric    ] METRIC_TX type=REAL node=7 seq=43 bytes=48 time_ms=447090
RX,REAL,,7,43,48,447128.88,446697,447128.88,447090,446697,16.880000000004657,1150,447128880	ID:1	[INFO: Metric    ] METRIC_RX type=REAL src=7 seq=43 send_ms=447090 recv_ms=446697 bytes=48
TX,REAL,2,,45,48,448427.0,448034,448427.0,,,,1152,448427000	ID:2	[INFO: Metric    ] METRIC_TX type=REAL node=2 seq=45 bytes=48 time_ms=448034
RX,REAL,,2,45,48,448451.88,448020,448451.88,448034,448020,24.880000000004657,1153,448451880	ID:1	[INFO: Metric    ] METRIC_RX type=REAL src=2 seq=45 send_ms=448034 recv_ms=448020 bytes=48
TX,REAL,3,,42,48,449032.0,448820,449032.0,,,,1155,449032000	ID:3	[INFO: Metric    ] METRIC_TX type=REAL node=3 seq=42 bytes=48 time_ms=448820
RX,REAL,,3,42,48,449102.168,448671,449102.168,448820,448671,70.16800000000512,1156,449102168	ID:1	[INFO: Metric    ] METRIC_RX type=REAL src=3 seq=42 send_ms=448820 recv_ms=448671 bytes=48
TX,REAL,4,,40,48,451121.0,450172,451121.0,,,,1161,451121000	ID:4	[INFO: Metric    ] METRIC_TX type=REAL node=4 seq=40 bytes=48 time_ms=450172
RX,REAL,,4,40,48,451158.168,450727,451158.168,450172,450727,37.16800000000512,1162,451158168	ID:1	[INFO: Metric    ] METRIC_RX type=REAL src=4 seq=40 send_ms=450172 recv_ms=450727 bytes=48
TX,REAL,6,,43,48,451879.0,451791,451879.0,,,,1164,451879000	ID:6	[INFO: Metric    ] METRIC_TX type=REAL node=6 seq=43 bytes=48 time_ms=451791
RX,REAL,,6,43,48,451902.88,451471,451902.88,451791,451471,23.880000000004657,1165,451902880	ID:1	[INFO: Metric    ] METRIC_RX type=REAL src=6 seq=43 send_ms=451791 recv_ms=451471 bytes=48
TX,REAL,5,,42,48,455111.0,454141,455111.0,,,,1167,455111000	ID:5	[INFO: Metric    ] METRIC_TX type=REAL node=5 seq=42 bytes=48 time_ms=454141
RX,REAL,,5,42,48,455154.168,454723,455154.168,454141,454723,43.16800000000512,1168,455154168	ID:1	[INFO: Metric    ] METRIC_RX type=REAL src=5 seq=42 send_ms=454141 recv_ms=454723 bytes=48
TX,REAL,7,,44,48,457113.0,457091,457113.0,,,,1170,457113000	ID:7	[INFO: Metric    ] METRIC_TX type=REAL node=7 seq=44 bytes=48 time_ms=457091
RX,REAL,,7,44,48,457146.88,456715,457146.88,457091,456715,33.88000000000466,1171,457146880	ID:1	[INFO: Metric    ] METRIC_RX type=REAL src=7 seq=44 send_ms=457091 recv_ms=456715 bytes=48
TX,REAL,2,,46,48,459428.0,459035,459428.0,,,,1173,459428000	ID:2	[INFO: Metric    ] METRIC_TX type=REAL node=2 seq=46 bytes=48 time_ms=459035
TX,DUMMY,2,,13,48,459429.0,459036,459429.0,,,,1174,459429000	ID:2	[INFO: Metric    ] METRIC_TX type=DUMMY node=2 seq=13 bytes=48 time_ms=459036
RX,REAL,,2,46,48,459457.88,459026,459457.88,459035,459026,29.880000000004657,1175,459457880	ID:1	[INFO: Metric    ] METRIC_RX type=REAL src=2 seq=46 send_ms=459035 recv_ms=459026 bytes=48
RX,DUMMY,,2,13,48,459491.88,459060,459491.88,459036,459060,,1176,459491880	ID:1	[INFO: Metric    ] METRIC_RX type=DUMMY src=2 seq=13 send_ms=459036 recv_ms=459060 bytes=48
TX,REAL,3,,43,48,460033.0,459821,460033.0,,,,1179,460033000	ID:3	[INFO: Metric    ] METRIC_TX type=REAL node=3 seq=43 bytes=48 time_ms=459821
RX,REAL,,3,43,48,460064.168,459633,460064.168,459821,459633,31.168000000005122,1180,460064168	ID:1	[INFO: Metric    ] METRIC_RX type=REAL src=3 seq=43 send_ms=459821 recv_ms=459633 bytes=48
TX,REAL,4,,41,48,461122.0,460173,461122.0,,,,1182,461122000	ID:4	[INFO: Metric    ] METRIC_TX type=REAL node=4 seq=41 bytes=48 time_ms=460173
RX,REAL,,4,41,48,461193.168,460762,461193.168,460173,460762,71.16800000000512,1183,461193168	ID:1	[INFO: Metric    ] METRIC_RX type=REAL src=4 seq=41 send_ms=460173 recv_ms=460762 bytes=48
TX,REAL,6,,44,48,461880.0,461792,461880.0,,,,1185,461880000	ID:6	[INFO: Metric    ] METRIC_TX type=REAL node=6 seq=44 bytes=48 time_ms=461792
RX,REAL,,6,44,48,461921.88,461490,461921.88,461792,461490,41.88000000000466,1186,461921880	ID:1	[INFO: Metric    ] METRIC_RX type=REAL src=6 seq=44 send_ms=461792 recv_ms=461490 bytes=48
TX,REAL,5,,43,48,463112.0,462142,463112.0,,,,1188,463112000	ID:5	[INFO: Metric    ] METRIC_TX type=REAL node=5 seq=43 bytes=48 time_ms=462142
RX,REAL,,5,43,48,463159.168,462728,463159.168,462142,462728,47.16800000000512,1189,463159168	ID:1	[INFO: Metric    ] METRIC_RX type=REAL src=5 seq=43 send_ms=462142 recv_ms=462728 bytes=48
TX,REAL,7,,45,48,465114.0,465092,465114.0,,,,1192,465114000	ID:7	[INFO: Metric    ] METRIC_TX type=REAL node=7 seq=45 bytes=48 time_ms=465092
TX,DUMMY,7,,14,48,465115.0,465093,465115.0,,,,1193,465115000	ID:7	[INFO: Metric    ] METRIC_TX type=DUMMY node=7 seq=14 bytes=48 time_ms=465093
RX,REAL,,7,45,48,465136.88,464705,465136.88,465092,464705,22.880000000004657,1194,465136880	ID:1	[INFO: Metric    ] METRIC_RX type=REAL src=7 seq=45 send_ms=465092 recv_ms=464705 bytes=48
RX,DUMMY,,7,14,48,465169.88,464738,465169.88,465093,464738,,1196,465169880	ID:1	[INFO: Metric    ] METRIC_RX type=DUMMY src=7 seq=14 send_ms=465093 recv_ms=464738 bytes=48
TX,REAL,3,,44,48,468034.0,467822,468034.0,,,,1198,468034000	ID:3	[INFO: Metric    ] METRIC_TX type=REAL node=3 seq=44 bytes=48 time_ms=467822
RX,REAL,,3,44,48,468074.168,467643,468074.168,467822,467643,40.16800000000512,1199,468074168	ID:1	[INFO: Metric    ] METRIC_RX type=REAL src=3 seq=44 send_ms=467822 recv_ms=467643 bytes=48
TX,REAL,6,,45,48,469881.0,469793,469881.0,,,,1201,469881000	ID:6	[INFO: Metric    ] METRIC_TX type=REAL node=6 seq=45 bytes=48 time_ms=469793
RX,REAL,,6,45,48,469924.88,469493,469924.88,469793,469493,43.88000000000466,1202,469924880	ID:1	[INFO: Metric    ] METRIC_RX type=REAL src=6 seq=45 send_ms=469793 recv_ms=469493 bytes=48
TX,REAL,4,,42,48,470123.0,469174,470123.0,,,,1204,470123000	ID:4	[INFO: Metric    ] METRIC_TX type=REAL node=4 seq=42 bytes=48 time_ms=469174
RX,REAL,,4,42,48,470158.168,469727,470158.168,469174,469727,35.16800000000512,1205,470158168	ID:1	[INFO: Metric    ] METRIC_RX type=REAL src=4 seq=42 send_ms=469174 recv_ms=469727 bytes=48
TX,REAL,2,,47,48,471430.0,471037,471430.0,,,,1207,471430000	ID:2	[INFO: Metric    ] METRIC_TX type=REAL node=2 seq=47 bytes=48 time_ms=471037
RX,REAL,,2,47,48,471466.88,471035,471466.88,471037,471035,36.88000000000466,1208,471466880	ID:1	[INFO: Metric    ] METRIC_RX type=REAL src=2 seq=47 send_ms=471037 recv_ms=471035 bytes=48
TX,REAL,5,,44,48,475113.0,474143,475113.0,,,,1210,475113000	ID:5	[INFO: Metric    ] METRIC_TX type=REAL node=5 seq=44 bytes=48 time_ms=474143
RX,REAL,,5,44,48,475177.168,474746,475177.168,474143,474746,64.16800000000512,1211,475177168	ID:1	[INFO: Metric    ] METRIC_RX type=REAL src=5 seq=44 send_ms=474143 recv_ms=474746 bytes=48
TX,REAL,7,,46,48,477116.0,477094,477116.0,,,,1213,477116000	ID:7	[INFO: Metric    ] METRIC_TX type=REAL node=7 seq=46 bytes=48 time_ms=477094
RX,REAL,,7,46,48,477133.88,476702,477133.88,477094,476702,17.880000000004657,1214,477133880	ID:1	[INFO: Metric    ] METRIC_RX type=REAL src=7 seq=46 send_ms=477094 recv_ms=476702 bytes=48
TX,REAL,3,,45,48,478035.0,477823,478035.0,,,,1216,478035000	ID:3	[INFO: Metric    ] METRIC_TX type=REAL node=3 seq=45 bytes=48 time_ms=477823
RX,REAL,,3,45,48,478073.168,477642,478073.168,477823,477642,38.16800000000512,1217,478073168	ID:1	[INFO: Metric    ] METRIC_RX type=REAL src=3 seq=45 send_ms=477823 recv_ms=477642 bytes=48
TX,REAL,2,,48,48,479431.0,479038,479431.0,,,,1219,479431000	ID:2	[INFO: Metric    ] METRIC_TX type=REAL node=2 seq=48 bytes=48 time_ms=479038
RX,REAL,,2,48,48,479458.88,479027,479458.88,479038,479027,27.880000000004657,1220,479458880	ID:1	[INFO: Metric    ] METRIC_RX type=REAL src=2 seq=48 send_ms=479038 recv_ms=479027 bytes=48
TX,REAL,6,,46,48,481882.0,481794,481882.0,,,,1223,481882000	ID:6	[INFO: Metric    ] METRIC_TX type=REAL node=6 seq=46 bytes=48 time_ms=481794
RX,REAL,,6,46,48,481912.88,481481,481912.88,481794,481481,30.880000000004657,1224,481912880	ID:1	[INFO: Metric    ] METRIC_RX type=REAL src=6 seq=46 send_ms=481794 recv_ms=481481 bytes=48
TX,REAL,4,,43,48,482124.0,481175,482124.0,,,,1226,482124000	ID:4	[INFO: Metric    ] METRIC_TX type=REAL node=4 seq=43 bytes=48 time_ms=481175
TX,DUMMY,4,,6,48,482125.0,481176,482125.0,,,,1227,482125000	ID:4	[INFO: Metric    ] METRIC_TX type=DUMMY node=4 seq=6 bytes=48 time_ms=481176
RX,REAL,,4,43,48,482238.168,481807,482238.168,481175,481807,114.16800000000512,1228,482238168	ID:1	[INFO: Metric    ] METRIC_RX type=REAL src=4 seq=43 send_ms=481175 recv_ms=481807 bytes=48
RX,DUMMY,,4,6,48,482262.168,481831,482262.168,481176,481831,,1229,482262168	ID:1	[INFO: Metric    ] METRIC_RX type=DUMMY src=4 seq=6 send_ms=481176 recv_ms=481831 bytes=48
TX,REAL,5,,45,48,486114.0,485144,486114.0,,,,1232,486114000	ID:5	[INFO: Metric    ] METRIC_TX type=REAL node=5 seq=45 bytes=48 time_ms=485144
TX,DUMMY,5,,15,48,486115.0,485145,486115.0,,,,1233,486115000	ID:5	[INFO: Metric    ] METRIC_TX type=DUMMY node=5 seq=15 bytes=48 time_ms=485145
RX,REAL,,5,45,48,486207.168,485776,486207.168,485144,485776,93.16800000000512,1234,486207168	ID:1	[INFO: Metric    ] METRIC_RX type=REAL src=5 seq=45 send_ms=485144 recv_ms=485776 bytes=48
RX,DUMMY,,5,15,48,486244.168,485813,486244.168,485145,485813,,1235,486244168	ID:1	[INFO: Metric    ] METRIC_RX type=DUMMY src=5 seq=15 send_ms=485145 recv_ms=485813 bytes=48
TX,REAL,3,,46,48,488036.0,487824,488036.0,,,,1238,488036000	ID:3	[INFO: Metric    ] METRIC_TX type=REAL node=3 seq=46 bytes=48 time_ms=487824
TX,DUMMY,3,,14,48,488037.0,487825,488037.0,,,,1239,488037000	ID:3	[INFO: Metric    ] METRIC_TX type=DUMMY node=3 seq=14 bytes=48 time_ms=487825
RX,REAL,,3,46,48,488063.168,487632,488063.168,487824,487632,27.168000000005122,1240,488063168	ID:1	[INFO: Metric    ] METRIC_RX type=REAL src=3 seq=46 send_ms=487824 recv_ms=487632 bytes=48
RX,DUMMY,,3,14,48,488146.168,487715,488146.168,487825,487715,,1241,488146168	ID:1	[INFO: Metric    ] METRIC_RX type=DUMMY src=3 seq=14 send_ms=487825 recv_ms=487715 bytes=48
TX,REAL,7,,47,48,489117.0,489095,489117.0,,,,1244,489117000	ID:7	[INFO: Metric    ] METRIC_TX type=REAL node=7 seq=47 bytes=48 time_ms=489095
TX,DUMMY,7,,15,48,489118.0,489096,489118.0,,,,1245,489118000	ID:7	[INFO: Metric    ] METRIC_TX type=DUMMY node=7 seq=15 bytes=48 time_ms=489096
RX,REAL,,7,47,48,489144.88,488713,489144.88,489095,488713,27.880000000004657,1246,489144880	ID:1	[INFO: Metric    ] METRIC_RX type=REAL src=7 seq=47 send_ms=489095 recv_ms=488713 bytes=48
RX,DUMMY,,7,15,48,489154.88,488723,489154.88,489096,488723,,1247,489154880	ID:1	[INFO: Metric    ] METRIC_RX type=DUMMY src=7 seq=15 send_ms=489096 recv_ms=488723 bytes=48
TX,REAL,2,,49,48,489432.0,489039,489432.0,,,,1250,489432000	ID:2	[INFO: Metric    ] METRIC_TX type=REAL node=2 seq=49 bytes=48 time_ms=489039
RX,REAL,,2,49,48,489441.88,489010,489441.88,489039,489010,9.880000000004657,1251,489441880	ID:1	[INFO: Metric    ] METRIC_RX type=REAL src=2 seq=49 send_ms=489039 recv_ms=489010 bytes=48
TX,REAL,4,,44,48,490126.0,489177,490126.0,,,,1254,490126000	ID:4	[INFO: Metric    ] METRIC_TX type=REAL node=4 seq=44 bytes=48 time_ms=489177
TX,DUMMY,4,,7,48,490127.0,489178,490127.0,,,,1255,490127000	ID:4	[INFO: Metric    ] METRIC_TX type=DUMMY node=4 seq=7 bytes=48 time_ms=489178
RX,REAL,,4,44,48,490187.168,489756,490187.168,489177,489756,61.16800000000512,1256,490187168	ID:1	[INFO: Metric    ] METRIC_RX type=REAL src=4 seq=44 send_ms=489177 recv_ms=489756 bytes=48
RX,DUMMY,,4,7,48,490234.168,489803,490234.168,489178,489803,,1258,490234168	ID:1	[INFO: Metric    ] METRIC_RX type=DUMMY src=4 seq=7 send_ms=489178 recv_ms=489803 bytes=48
TX,REAL,6,,47,48,492883.0,492795,492883.0,,,,1260,492883000	ID:6	[INFO: Metric    ] METRIC_TX type=REAL node=6 seq=47 bytes=48 time_ms=492795
RX,REAL,,6,47,48,492913.88,492482,492913.88,492795,492482,30.880000000004657,1261,492913880	ID:1	[INFO: Metric    ] METRIC_RX type=REAL src=6 seq=47 send_ms=492795 recv_ms=492482 bytes=48
TX,REAL,5,,46,48,494116.0,493146,494116.0,,,,1263,494116000	ID:5	[INFO: Metric    ] METRIC_TX type=REAL node=5 seq=46 bytes=48 time_ms=493146
RX,REAL,,5,46,48,494148.168,493717,494148.168,493146,493717,32.16800000000512,1264,494148168	ID:1	[INFO: Metric    ] METRIC_RX type=REAL src=5 seq=46 send_ms=493146 recv_ms=493717 bytes=48
TX,REAL,3,,47,48,499038.0,498826,499038.0,,,,1266,499038000	ID:3	[INFO: Metric    ] METRIC_TX type=REAL node=3 seq=47 bytes=48 time_ms=498826
RX,REAL,,3,47,48,499094.168,498663,499094.168,498826,498663,56.16800000000512,1267,499094168	ID:1	[INFO: Metric    ] METRIC_RX type=REAL src=3 seq=47 send_ms=498826 recv_ms=498663 bytes=48
TX,REAL,2,,50,48,499433.0,499040,499433.0,,,,1271,499433000	ID:2	[INFO: Metric    ] METRIC_TX type=REAL node=2 seq=50 bytes=48 time_ms=499040
RX,REAL,,2,50,48,499441.88,499010,499441.88,499040,499010,8.880000000004657,1272,499441880	ID:1	[INFO: Metric    ] METRIC_RX type=REAL src=2 seq=50 send_ms=499040 recv_ms=499010 bytes=48
TX,REAL,4,,45,48,500128.0,499179,500128.0,,,,1274,500128000	ID:4	[INFO: Metric    ] METRIC_TX type=REAL node=4 seq=45 bytes=48 time_ms=499179
RX,REAL,,4,45,48,500194.168,499763,500194.168,499179,499763,66.16800000000512,1275,500194168	ID:1	[INFO: Metric    ] METRIC_RX type=REAL src=4 seq=45 send_ms=499179 recv_ms=499763 bytes=48
TX,REAL,7,,48,48,501119.0,501097,501119.0,,,,1277,501119000	ID:7	[INFO: Metric    ] METRIC_TX type=REAL node=7 seq=48 bytes=48 time_ms=501097
RX,REAL,,7,48,48,501124.88,500693,501124.88,501097,500693,5.880000000004657,1278,501124880	ID:1	[INFO: Metric    ] METRIC_RX type=REAL src=7 seq=48 send_ms=501097 recv_ms=500693 bytes=48
TX,REAL,6,,48,48,503884.0,503796,503884.0,,,,1280,503884000	ID:6	[INFO: Metric    ] METRIC_TX type=REAL node=6 seq=48 bytes=48 time_ms=503796
TX,DUMMY,6,,10,48,503885.0,503797,503885.0,,,,1281,503885000	ID:6	[INFO: Metric    ] METRIC_TX type=DUMMY node=6 seq=10 bytes=48 time_ms=503797
RX,REAL,,6,48,48,503894.88,503463,503894.88,503796,503463,10.880000000004657,1282,503894880	ID:1	[INFO: Metric    ] METRIC_RX type=REAL src=6 seq=48 send_ms=503796 recv_ms=503463 bytes=48
RX,DUMMY,,6,10,48,503921.88,503490,503921.88,503797,503490,,1283,503921880	ID:1	[INFO: Metric    ] METRIC_RX type=DUMMY src=6 seq=10 send_ms=503797 recv_ms=503490 bytes=48
TX,REAL,5,,47,48,505117.0,504147,505117.0,,,,1287,505117000	ID:5	[INFO: Metric    ] METRIC_TX type=REAL node=5 seq=47 bytes=48 time_ms=504147
TX,DUMMY,5,,16,48,505118.0,504148,505118.0,,,,1288,505118000	ID:5	[INFO: Metric    ] METRIC_TX type=DUMMY node=5 seq=16 bytes=48 time_ms=504148
RX,REAL,,5,47,48,505186.168,504755,505186.168,504147,504755,69.16800000000512,1289,505186168	ID:1	[INFO: Metric    ] METRIC_RX type=REAL src=5 seq=47 send_ms=504147 recv_ms=504755 bytes=48
RX,DUMMY,,5,16,48,505227.168,504796,505227.168,504148,504796,,1290,505227168	ID:1	[INFO: Metric    ] METRIC_RX type=DUMMY src=5 seq=16 send_ms=504148 recv_ms=504796 bytes=48
TX,REAL,4,,46,48,508129.0,507180,508129.0,,,,1293,508129000	ID:4	[INFO: Metric    ] METRIC_TX type=REAL node=4 seq=46 bytes=48 time_ms=507180
RX,REAL,,4,46,48,508167.168,507736,508167.168,507180,507736,38.16800000000512,1294,508167168	ID:1	[INFO: Metric    ] METRIC_RX type=REAL src=4 seq=46 send_ms=507180 recv_ms=507736 bytes=48
TX,REAL,3,,48,48,509039.0,508827,509039.0,,,,1296,509039000	ID:3	[INFO: Metric    ] METRIC_TX type=REAL node=3 seq=48 bytes=48 time_ms=508827
TX,DUMMY,3,,15,48,509040.0,508828,509040.0,,,,1297,509040000	ID:3	[INFO: Metric    ] METRIC_TX type=DUMMY node=3 seq=15 bytes=48 time_ms=508828
RX,REAL,,3,48,48,509105.168,508674,509105.168,508827,508674,66.16800000000512,1298,509105168	ID:1	[INFO: Metric    ] METRIC_RX type=REAL src=3 seq=48 send_ms=508827 recv_ms=508674 bytes=48
TX,REAL,7,,49,48,509120.0,509098,509120.0,,,,1299,509120000	ID:7	[INFO: Metric    ] METRIC_TX type=REAL node=7 seq=49 bytes=48 time_ms=509098
RX,DUMMY,,3,15,48,509123.168,508692,509123.168,508828,508692,,1300,509123168	ID:1	[INFO: Metric    ] METRIC_RX type=DUMMY src=3 seq=15 send_ms=508828 recv_ms=508692 bytes=48
RX,REAL,,7,49,48,509143.88,508712,509143.88,509098,508712,23.880000000004657,1301,509143880	ID:1	[INFO: Metric    ] METRIC_RX type=REAL src=7 seq=49 send_ms=509098 recv_ms=508712 bytes=48
TX,REAL,2,,51,48,510434.0,510041,510434.0,,,,1305,510434000	ID:2	[INFO: Metric    ] METRIC_TX type=REAL node=2 seq=51 bytes=48 time_ms=510041
RX,REAL,,2,51,48,510479.88,510048,510479.88,510041,510048,45.88000000000466,1306,510479880	ID:1	[INFO: Metric    ] METRIC_RX type=REAL src=2 seq=51 send_ms=510041 recv_ms=510048 bytes=48
TX,REAL,6,,49,48,512886.0,512798,512886.0,,,,1308,512886000	ID:6	[INFO: Metric    ] METRIC_TX type=REAL node=6 seq=49 bytes=48 time_ms=512798
TX,DUMMY,6,,11,48,512887.0,512799,512887.0,,,,1309,512887000	ID:6	[INFO: Metric    ] METRIC_TX type=DUMMY node=6 seq=11 bytes=48 time_ms=512799
RX,REAL,,6,49,48,512931.88,512500,512931.88,512798,512500,45.88000000000466,1310,512931880	ID:1	[INFO: Metric    ] METRIC_RX type=REAL src=6 seq=49 send_ms=512798 recv_ms=512500 bytes=48
RX,DUMMY,,6,11,48,512958.88,512527,512958.88,512799,512527,,1312,512958880	ID:1	[INFO: Metric    ] METRIC_RX type=DUMMY src=6 seq=11 send_ms=512799 recv_ms=512527 bytes=48
TX,REAL,5,,48,48,513119.0,512149,513119.0,,,,1314,513119000	ID:5	[INFO: Metric    ] METRIC_TX type=REAL node=5 seq=48 bytes=48 time_ms=512149
RX,REAL,,5,48,48,513178.168,512747,513178.168,512149,512747,59.16800000000512,1315,513178168	ID:1	[INFO: Metric    ] METRIC_RX type=REAL src=5 seq=48 send_ms=512149 recv_ms=512747 bytes=48
TX,REAL,4,,47,48,518130.0,517181,518130.0,,,,1318,518130000	ID:4	[INFO: Metric    ] METRIC_TX type=REAL node=4 seq=47 bytes=48 time_ms=517181
RX,REAL,,4,47,48,518199.168,517768,518199.168,517181,517768,69.16800000000512,1319,518199168	ID:1	[INFO: Metric    ] METRIC_RX type=REAL src=4 seq=47 send_ms=517181 recv_ms=517768 bytes=48
TX,REAL,3,,49,48,519041.0,518829,519041.0,,,,1321,519041000	ID:3	[INFO: Metric    ] METRIC_TX type=REAL node=3 seq=49 bytes=48 time_ms=518829
RX,REAL,,3,49,48,519073.168,518642,519073.168,518829,518642,32.16800000000512,1322,519073168	ID:1	[INFO: Metric    ] METRIC_RX type=REAL src=3 seq=49 send_ms=518829 recv_ms=518642 bytes=48
TX,REAL,7,,50,48,520121.0,520099,520121.0,,,,1326,520121000	ID:7	[INFO: Metric    ] METRIC_TX type=REAL node=7 seq=50 bytes=48 time_ms=520099
RX,REAL,,7,50,48,520166.88,519735,520166.88,520099,519735,45.88000000000466,1327,520166880	ID:1	[INFO: Metric    ] METRIC_RX type=REAL src=7 seq=50 send_ms=520099 recv_ms=519735 bytes=48
TX,REAL,2,,52,48,521435.0,521042,521435.0,,,,1329,521435000	ID:2	[INFO: Metric    ] METRIC_TX type=REAL node=2 seq=52 bytes=48 time_ms=521042
TX,DUMMY,2,,14,48,521436.0,521043,521436.0,,,,1330,521436000	ID:2	[INFO: Metric    ] METRIC_TX type=DUMMY node=2 seq=14 bytes=48 time_ms=521043
RX,REAL,,2,52,48,521460.88,521029,521460.88,521042,521029,25.880000000004657,1331,521460880	ID:1	[INFO: Metric    ] METRIC_RX type=REAL src=2 seq=52 send_ms=521042 recv_ms=521029 bytes=48
RX,DUMMY,,2,14,48,521504.88,521073,521504.88,521043,521073,,1333,521504880	ID:1	[INFO: Metric    ] METRIC_RX type=DUMMY src=2 seq=14 send_ms=521043 recv_ms=521073 bytes=48
TX,REAL,5,,49,48,524120.0,523150,524120.0,,,,1335,524120000	ID:5	[INFO: Metric    ] METRIC_TX type=REAL node=5 seq=49 bytes=48 time_ms=523150
RX,REAL,,5,49,48,524140.168,523709,524140.168,523150,523709,20.168000000005122,1336,524140168	ID:1	[INFO: Metric    ] METRIC_RX type=REAL src=5 seq=49 send_ms=523150 recv_ms=523709 bytes=48
TX,REAL,6,,50,48,524888.0,524800,524888.0,,,,1340,524888000	ID:6	[INFO: Metric    ] METRIC_TX type=REAL node=6 seq=50 bytes=48 time_ms=524800
TX,DUMMY,6,,12,48,524889.0,524801,524889.0,,,,1341,524889000	ID:6	[INFO: Metric    ] METRIC_TX type=DUMMY node=6 seq=12 bytes=48 time_ms=524801
RX,REAL,,6,50,48,524922.88,524491,524922.88,524800,524491,34.88000000000466,1342,524922880	ID:1	[INFO: Metric    ] METRIC_RX type=REAL src=6 seq=50 send_ms=524800 recv_ms=524491 bytes=48
RX,DUMMY,,6,12,48,524931.88,524500,524931.88,524801,524500,,1343,524931880	ID:1	[INFO: Metric    ] METRIC_RX type=DUMMY src=6 seq=12 send_ms=524801 recv_ms=524500 bytes=48
TX,REAL,3,,50,48,529042.0,528830,529042.0,,,,1348,529042000	ID:3	[INFO: Metric    ] METRIC_TX type=REAL node=3 seq=50 bytes=48 time_ms=528830
TX,DUMMY,3,,16,48,529043.0,528831,529043.0,,,,1349,529043000	ID:3	[INFO: Metric    ] METRIC_TX type=DUMMY node=3 seq=16 bytes=48 time_ms=528831
RX,REAL,,3,50,48,529077.168,528646,529077.168,528830,528646,35.167999999946915,1350,529077168	ID:1	[INFO: Metric    ] METRIC_RX type=REAL src=3 seq=50 send_ms=528830 recv_ms=528646 bytes=48
RX,DUMMY,,3,16,48,529119.168,528688,529119.168,528831,528688,,1352,529119168	ID:1	[INFO: Metric    ] METRIC_RX type=DUMMY src=3 seq=16 send_ms=528831 recv_ms=528688 bytes=48
TX,REAL,7,,51,48,529122.0,529100,529122.0,,,,1354,529122000	ID:7	[INFO: Metric    ] METRIC_TX type=REAL node=7 seq=51 bytes=48 time_ms=529100
TX,REAL,4,,48,48,529131.0,528182,529131.0,,,,1355,529131000	ID:4	[INFO: Metric    ] METRIC_TX type=REAL node=4 seq=48 bytes=48 time_ms=528182
TX,DUMMY,4,,8,48,529132.0,528183,529132.0,,,,1356,529132000	ID:4	[INFO: Metric    ] METRIC_TX type=DUMMY node=4 seq=8 bytes=48 time_ms=528183
RX,REAL,,7,51,48,529149.88,528718,529149.88,529100,528718,27.880000000004657,1357,529149880	ID:1	[INFO: Metric    ] METRIC_RX type=REAL src=7 seq=51 send_ms=529100 recv_ms=528718 bytes=48
RX,REAL,,4,48,48,529223.168,528792,529223.168,528182,528792,92.16799999994691,1360,529223168	ID:1	[INFO: Metric    ] METRIC_RX type=REAL src=4 seq=48 send_ms=528182 recv_ms=528792 bytes=48
RX,DUMMY,,4,8,48,529289.168,528858,529289.168,528183,528858,,1362,529289168	ID:1	[INFO: Metric    ] METRIC_RX type=DUMMY src=4 seq=8 send_ms=528183 recv_ms=528858 bytes=48
TX,REAL,2,,53,48,531437.0,531044,531437.0,,,,1364,531437000	ID:2	[INFO: Metric    ] METRIC_TX type=REAL node=2 seq=53 bytes=48 time_ms=531044
RX,REAL,,2,53,48,531466.88,531035,531466.88,531044,531035,29.880000000004657,1365,531466880	ID:1	[INFO: Metric    ] METRIC_RX type=REAL src=2 seq=53 send_ms=531044 recv_ms=531035 bytes=48
TX,REAL,6,,51,48,532890.0,532802,532890.0,,,,1367,532890000	ID:6	[INFO: Metric    ] METRIC_TX type=REAL node=6 seq=51 bytes=48 time_ms=532802
RX,REAL,,6,51,48,532919.88,532488,532919.88,532802,532488,29.880000000004657,1368,532919880	ID:1	[INFO: Metric    ] METRIC_RX type=REAL src=6 seq=51 send_ms=532802 recv_ms=532488 bytes=48
TX,REAL,5,,50,48,535121.0,534151,535121.0,,,,1372,535121000	ID:5	[INFO: Metric    ] METRIC_TX type=REAL node=5 seq=50 bytes=48 time_ms=534151
TX,DUMMY,5,,17,48,535122.0,534152,535122.0,,,,1373,535122000	ID:5	[INFO: Metric    ] METRIC_TX type=DUMMY node=5 seq=17 bytes=48 time_ms=534152
RX,REAL,,5,50,48,535154.168,534723,535154.168,534151,534723,33.167999999946915,1374,535154168	ID:1	[INFO: Metric    ] METRIC_RX type=REAL src=5 seq=50 send_ms=534151 recv_ms=534723 bytes=48
RX,DUMMY,,5,17,48,535216.168,534785,535216.168,534152,534785,,1375,535216168	ID:1	[INFO: Metric    ] METRIC_RX type=DUMMY src=5 seq=17 send_ms=534152 recv_ms=534785 bytes=48
TX,REAL,7,,52,48,539123.0,539101,539123.0,,,,1378,539123000	ID:7	[INFO: Metric    ] METRIC_TX type=REAL node=7 seq=52 bytes=48 time_ms=539101
TX,REAL,4,,49,48,539133.0,538184,539133.0,,,,1379,539133000	ID:4	[INFO: Metric    ] METRIC_TX type=REAL node=4 seq=49 bytes=48 time_ms=538184
RX,REAL,,7,52,48,539158.88,538727,539158.88,539101,538727,35.88000000000466,1380,539158880	ID:1	[INFO: Metric    ] METRIC_RX type=REAL src=7 seq=52 send_ms=539101 recv_ms=538727 bytes=48
RX,REAL,,4,49,48,539236.168,538805,539236.168,538184,538805,103.16799999994691,1382,539236168	ID:1	[INFO: Metric    ] METRIC_RX type=REAL src=4 seq=49 send_ms=538184 recv_ms=538805 bytes=48
TX,REAL,2,,54,48,540438.0,540045,540438.0,,,,1384,540438000	ID:2	[INFO: Metric    ] METRIC_TX type=REAL node=2 seq=54 bytes=48 time_ms=540045
RX,REAL,,2,54,48,540451.88,540020,540451.88,540045,540020,13.880000000004657,1385,540451880	ID:1	[INFO: Metric    ] METRIC_RX type=REAL src=2 seq=54 send_ms=540045 recv_ms=540020 bytes=48
TX,REAL,3,,51,48,541044.0,540832,541044.0,,,,1388,541044000	ID:3	[INFO: Metric    ] METRIC_TX type=REAL node=3 seq=51 bytes=48 time_ms=540832
RX,REAL,,3,51,48,541079.168,540648,541079.168,540832,540648,35.167999999946915,1389,541079168	ID:1	[INFO: Metric    ] METRIC_RX type=REAL src=3 seq=51 send_ms=540832 recv_ms=540648 bytes=48
TX,REAL,6,,52,48,542891.0,542803,542891.0,,,,1391,542891000	ID:6	[INFO: Metric    ] METRIC_TX type=REAL node=6 seq=52 bytes=48 time_ms=542803
TX,DUMMY,6,,13,48,542892.0,542804,542892.0,,,,1392,542892000	ID:6	[INFO: Metric    ] METRIC_TX type=DUMMY node=6 seq=13 bytes=48 time_ms=542804
RX,REAL,,6,52,48,542936.88,542505,542936.88,542803,542505,45.88000000000466,1393,542936880	ID:1	[INFO: Metric    ] METRIC_RX type=REAL src=6 seq=52 send_ms=542803 recv_ms=542505 bytes=48
RX,DUMMY,,6,13,48,542942.88,542511,542942.88,542804,542511,,1394,542942880	ID:1	[INFO: Metric    ] METRIC_RX type=DUMMY src=6 seq=13 send_ms=542804 recv_ms=542511 bytes=48
TX,REAL,5,,51,48,543123.0,542153,543123.0,,,,1397,543123000	ID:5	[INFO: Metric    ] METRIC_TX type=REAL node=5 seq=51 bytes=48 time_ms=542153
TX,DUMMY,5,,18,48,543124.0,542154,543124.0,,,,1398,543124000	ID:5	[INFO: Metric    ] METRIC_TX type=DUMMY node=5 seq=18 bytes=48 time_ms=542154
RX,REAL,,5,51,48,543174.168,542743,543174.168,542153,542743,51.167999999946915,1399,543174168	ID:1	[INFO: Metric    ] METRIC_RX type=REAL src=5 seq=51 send_ms=542153 recv_ms=542743 bytes=48
RX,DUMMY,,5,18,48,543214.168,542783,543214.168,542154,542783,,1400,543214168	ID:1	[INFO: Metric    ] METRIC_RX type=DUMMY src=5 seq=18 send_ms=542154 recv_ms=542783 bytes=48
TX,REAL,7,,53,48,548124.0,548102,548124.0,,,,1403,548124000	ID:7	[INFO: Metric    ] METRIC_TX type=REAL node=7 seq=53 bytes=48 time_ms=548102
RX,REAL,,7,53,48,548166.88,547735,548166.88,548102,547735,42.88000000000466,1404,548166880	ID:1	[INFO: Metric    ] METRIC_RX type=REAL src=7 seq=53 send_ms=548102 recv_ms=547735 bytes=48
TX,REAL,3,,52,48,551045.0,550833,551045.0,,,,1406,551045000	ID:3	[INFO: Metric    ] METRIC_TX type=REAL node=3 seq=52 bytes=48 time_ms=550833
RX,REAL,,3,52,48,551105.168,550674,551105.168,550833,550674,60.167999999946915,1407,551105168	ID:1	[INFO: Metric    ] METRIC_RX type=REAL src=3 seq=52 send_ms=550833 recv_ms=550674 bytes=48
TX,REAL,5,,52,48,551125.0,550155,551125.0,,,,1408,551125000	ID:5	[INFO: Metric    ] METRIC_TX type=REAL node=5 seq=52 bytes=48 time_ms=550155
TX,DUMMY,5,,19,48,551126.0,550156,551126.0,,,,1409,551126000	ID:5	[INFO: Metric    ] METRIC_TX type=DUMMY node=5 seq=19 bytes=48 time_ms=550156
TX,REAL,4,,50,48,551133.136,550185,551133.136,,,,1412,551133136	ID:4	[INFO: Metric    ] METRIC_TX type=REAL node=4 seq=50 bytes=48 time_ms=550185
RX,REAL,,5,52,48,551224.168,550793,551224.168,550155,550793,99.16799999994691,1414,551224168	ID:1	[INFO: Metric    ] METRIC_RX type=REAL src=5 seq=52 send_ms=550155 recv_ms=550793 bytes=48
RX,REAL,,4,50,48,551233.168,550802,551233.168,550185,550802,100.0319999998901,1415,551233168	ID:1	[INFO: Metric    ] METRIC_RX type=REAL src=4 seq=50 send_ms=550185 recv_ms=550802 bytes=48
RX,DUMMY,,5,19,48,551268.592,550837,551268.592,550156,550837,,1417,551268592	ID:1	[INFO: Metric    ] METRIC_RX type=DUMMY src=5 seq=19 send_ms=550156 recv_ms=550837 bytes=48
TX,REAL,2,,55,48,552439.0,552046,552439.0,,,,1421,552439000	ID:2	[INFO: Metric    ] METRIC_TX type=REAL node=2 seq=55 bytes=48 time_ms=552046
RX,REAL,,2,55,48,552473.88,552042,552473.88,552046,552042,34.88000000000466,1422,552473880	ID:1	[INFO: Metric    ] METRIC_RX type=REAL src=2 seq=55 send_ms=552046 recv_ms=552042 bytes=48
TX,REAL,6,,53,48,553893.0,553805,553893.0,,,,1424,553893000	ID:6	[INFO: Metric    ] METRIC_TX type=REAL node=6 seq=53 bytes=48 time_ms=553805
RX,REAL,,6,53,48,553899.88,553468,553899.88,553805,553468,6.880000000004657,1425,553899880	ID:1	[INFO: Metric    ] METRIC_RX type=REAL src=6 seq=53 send_ms=553805 recv_ms=553468 bytes=48
TX,REAL,7,,54,48,556125.0,556103,556125.0,,,,1427,556125000	ID:7	[INFO: Metric    ] METRIC_TX type=REAL node=7 seq=54 bytes=48 time_ms=556103
RX,REAL,,7,54,48,556131.88,555700,556131.88,556103,555700,6.880000000004657,1428,556131880	ID:1	[INFO: Metric    ] METRIC_RX type=REAL src=7 seq=54 send_ms=556103 recv_ms=555700 bytes=48
TX,REAL,3,,53,48,560046.0,559834,560046.0,,,,1430,560046000	ID:3	[INFO: Metric    ] METRIC_TX type=REAL node=3 seq=53 bytes=48 time_ms=559834
RX,REAL,,3,53,48,560067.168,559636,560067.168,559834,559636,21.167999999946915,1431,560067168	ID:1	[INFO: Metric    ] METRIC_RX type=REAL src=3 seq=53 send_ms=559834 recv_ms=559636 bytes=48
TX,REAL,4,,51,48,561134.0,560185,561134.0,,,,1433,561134000	ID:4	[INFO: Metric    ] METRIC_TX type=REAL node=4 seq=51 bytes=48 time_ms=560185
RX,REAL,,4,51,48,561198.168,560767,561198.168,560185,560767,64.16799999994691,1434,561198168	ID:1	[INFO: Metric    ] METRIC_RX type=REAL src=4 seq=51 send_ms=560185 recv_ms=560767 bytes=48
TX,REAL,2,,56,48,561440.0,561047,561440.0,,,,1436,561440000	ID:2	[INFO: Metric    ] METRIC_TX type=REAL node=2 seq=56 bytes=48 time_ms=561047
RX,REAL,,2,56,48,561460.88,561029,561460.88,561047,561029,20.880000000004657,1437,561460880	ID:1	[INFO: Metric    ] METRIC_RX type=REAL src=2 seq=56 send_ms=561047 recv_ms=561029 bytes=48
TX,REAL,6,,54,48,561894.0,561806,561894.0,,,,1439,561894000	ID:6	[INFO: Metric    ] METRIC_TX type=REAL node=6 seq=54 bytes=48 time_ms=561806
TX,DUMMY,6,,14,48,561895.0,561807,561895.0,,,,1440,561895000	ID:6	[INFO: Metric    ] METRIC_TX type=DUMMY node=6 seq=14 bytes=48 time_ms=561807
RX,REAL,,6,54,48,561904.88,561473,561904.88,561806,561473,10.880000000004657,1441,561904880	ID:1	[INFO: Metric    ] METRIC_RX type=REAL src=6 seq=54 send_ms=561806 recv_ms=561473 bytes=48
RX,DUMMY,,6,14,48,561935.88,561504,561935.88,561807,561504,,1443,561935880	ID:1	[INFO: Metric    ] METRIC_RX type=DUMMY src=6 seq=14 send_ms=561807 recv_ms=561504 bytes=48
TX,REAL,5,,53,48,563127.0,562157,563127.0,,,,1445,563127000	ID:5	[INFO: Metric    ] METRIC_TX type=REAL node=5 seq=53 bytes=48 time_ms=562157
TX,DUMMY,5,,20,48,563128.0,562158,563128.0,,,,1446,563128000	ID:5	[INFO: Metric    ] METRIC_TX type=DUMMY node=5 seq=20 bytes=48 time_ms=562158
RX,REAL,,5,53,48,563152.168,562721,563152.168,562157,562721,25.167999999946915,1447,563152168	ID:1	[INFO: Metric    ] METRIC_RX type=REAL src=5 seq=53 send_ms=562157 recv_ms=562721 bytes=48
RX,DUMMY,,5,20,48,563206.168,562775,563206.168,562158,562775,,1448,563206168	ID:1	[INFO: Metric    ] METRIC_RX type=DUMMY src=5 seq=20 send_ms=562158 recv_ms=562775 bytes=48
TX,REAL,7,,55,48,565126.0,565104,565126.0,,,,1452,565126000	ID:7	[INFO: Metric    ] METRIC_TX type=REAL node=7 seq=55 bytes=48 time_ms=565104
TX,DUMMY,7,,16,48,565127.0,565105,565127.0,,,,1453,565127000	ID:7	[INFO: Metric    ] METRIC_TX type=DUMMY node=7 seq=16 bytes=48 time_ms=565105
RX,REAL,,7,55,48,565132.88,564701,565132.88,565104,564701,6.880000000004657,1454,565132880	ID:1	[INFO: Metric    ] METRIC_RX type=REAL src=7 seq=55 send_ms=565104 recv_ms=564701 bytes=48
RX,DUMMY,,7,16,48,565143.88,564712,565143.88,565105,564712,,1455,565143880	ID:1	[INFO: Metric    ] METRIC_RX type=DUMMY src=7 seq=16 send_ms=565105 recv_ms=564712 bytes=48
TX,REAL,3,,54,48,568047.0,567835,568047.0,,,,1458,568047000	ID:3	[INFO: Metric    ] METRIC_TX type=REAL node=3 seq=54 bytes=48 time_ms=567835
RX,REAL,,3,54,48,568078.168,567647,568078.168,567835,567647,31.167999999946915,1459,568078168	ID:1	[INFO: Metric    ] METRIC_RX type=REAL src=3 seq=54 send_ms=567835 recv_ms=567647 bytes=48
TX,REAL,4,,52,48,569135.0,568186,569135.0,,,,1461,569135000	ID:4	[INFO: Metric    ] METRIC_TX type=REAL node=4 seq=52 bytes=48 time_ms=568186
RX,REAL,,4,52,48,569210.168,568779,569210.168,568186,568779,75.16799999994691,1462,569210168	ID:1	[INFO: Metric    ] METRIC_RX type=REAL src=4 seq=52 send_ms=568186 recv_ms=568779 bytes=48
TX,REAL,2,,57,48,571441.0,571048,571441.0,,,,1464,571441000	ID:2	[INFO: Metric    ] METRIC_TX type=REAL node=2 seq=57 bytes=48 time_ms=571048
TX,DUMMY,2,,15,48,571442.0,571049,571442.0,,,,1465,571442000	ID:2	[INFO: Metric    ] METRIC_TX type=DUMMY node=2 seq=15 bytes=48 time_ms=571049
RX,REAL,,2,57,48,571465.88,571034,571465.88,571048,571034,24.880000000004657,1466,571465880	ID:1	[INFO: Metric    ] METRIC_RX type=REAL src=2 seq=57 send_ms=571048 recv_ms=571034 bytes=48
RX,DUMMY,,2,15,48,571482.88,571051,571482.88,571049,571051,,1468,571482880	ID:1	[INFO: Metric    ] METRIC_RX type=DUMMY src=2 seq=15 send_ms=571049 recv_ms=571051 bytes=48
TX,REAL,6,,55,48,571896.0,571808,571896.0,,,,1470,571896000	ID:6	[INFO: Metric    ] METRIC_TX type=REAL node=6 seq=55 bytes=48 time_ms=571808
TX,DUMMY,6,,15,48,571897.0,571809,571897.0,,,,1471,571897000	ID:6	[INFO: Metric    ] METRIC_TX type=DUMMY node=6 seq=15 bytes=48 time_ms=571809
RX,REAL,,6,55,48,571906.88,571475,571906.88,571808,571475,10.880000000004657,1472,571906880	ID:1	[INFO: Metric    ] METRIC_RX type=REAL src=6 seq=55 send_ms=571808 recv_ms=571475 bytes=48
RX,DUMMY,,6,15,48,571944.88,571513,571944.88,571809,571513,,1473,571944880	ID:1	[INFO: Metric    ] METRIC_RX type=DUMMY src=6 seq=15 send_ms=571809 recv_ms=571513 bytes=48
TX,REAL,7,,56,48,575128.0,575106,575128.0,,,,1476,575128000	ID:7	[INFO: Metric    ] METRIC_TX type=REAL node=7 seq=56 bytes=48 time_ms=575106
TX,REAL,5,,54,48,575129.0,574159,575129.0,,,,1477,575129000	ID:5	[INFO: Metric    ] METRIC_TX type=REAL node=5 seq=54 bytes=48 time_ms=574159
TX,DUMMY,7,,17,48,575129.0,575107,575129.0,,,,1478,575129000	ID:7	[INFO: Metric    ] METRIC_TX type=DUMMY node=7 seq=17 bytes=48 time_ms=575107
RX,REAL,,7,56,48,575191.88,574760,575191.88,575106,574760,63.88000000000466,1479,575191880	ID:1	[INFO: Metric    ] METRIC_RX type=REAL src=7 seq=56 send_ms=575106 recv_ms=574760 bytes=48
RX,DUMMY,,7,17,48,575197.88,574766,575197.88,575107,574766,,1480,575197880	ID:1	[INFO: Metric    ] METRIC_RX type=DUMMY src=7 seq=17 send_ms=575107 recv_ms=574766 bytes=48
RX,REAL,,5,54,48,575202.048,574771,575202.048,574159,574771,73.04799999995157,1482,575202048	ID:1	[INFO: Metric    ] METRIC_RX type=REAL src=5 seq=54 send_ms=574159 recv_ms=574771 bytes=48
TX,REAL,4,,53,48,577136.0,576187,577136.0,,,,1486,577136000	ID:4	[INFO: Metric    ] METRIC_TX type=REAL node=4 seq=53 bytes=48 time_ms=576187
RX,REAL,,4,53,48,577213.168,576782,577213.168,576187,576782,77.16799999994691,1487,577213168	ID:1	[INFO: Metric    ] METRIC_RX type=REAL src=4 seq=53 send_ms=576187 recv_ms=576782 bytes=48
TX,REAL,3,,55,48,578048.0,577836,578048.0,,,,1489,578048000	ID:3	[INFO: Metric    ] METRIC_TX type=REAL node=3 seq=55 bytes=48 time_ms=577836
RX,REAL,,3,55,48,578096.168,577665,578096.168,577836,577665,48.167999999946915,1490,578096168	ID:1	[INFO: Metric    ] METRIC_RX type=REAL src=3 seq=55 send_ms=577836 recv_ms=577665 bytes=48
TX,REAL,2,,58,48,580443.0,580050,580443.0,,,,1492,580443000	ID:2	[INFO: Metric    ] METRIC_TX type=REAL node=2 seq=58 bytes=48 time_ms=580050
TX,DUMMY,2,,16,48,580444.0,580051,580444.0,,,,1493,580444000	ID:2	[INFO: Metric    ] METRIC_TX type=DUMMY node=2 seq=16 bytes=48 time_ms=580051
RX,REAL,,2,58,48,580470.88,580039,580470.88,580050,580039,27.880000000004657,1494,580470880	ID:1	[INFO: Metric    ] METRIC_RX type=REAL src=2 seq=58 send_ms=580050 recv_ms=580039 bytes=48
RX,DUMMY,,2,16,48,580480.88,580049,580480.88,580051,580049,,1495,580480880	ID:1	[INFO: Metric    ] METRIC_RX type=DUMMY src=2 seq=16 send_ms=580051 recv_ms=580049 bytes=48
TX,REAL,6,,56,48,580898.0,580810,580898.0,,,,1498,580898000	ID:6	[INFO: Metric    ] METRIC_TX type=REAL node=6 seq=56 bytes=48 time_ms=580810
RX,REAL,,6,56,48,580929.88,580498,580929.88,580810,580498,31.880000000004657,1499,580929880	ID:1	[INFO: Metric    ] METRIC_RX type=REAL src=6 seq=56 send_ms=580810 recv_ms=580498 bytes=48
TX,REAL,5,,55,48,583130.0,582160,583130.0,,,,1501,583130000	ID:5	[INFO: Metric    ] METRIC_TX type=REAL node=5 seq=55 bytes=48 time_ms=582160
TX,DUMMY,5,,21,48,583131.0,582161,583131.0,,,,1502,583131000	ID:5	[INFO: Metric    ] METRIC_TX type=DUMMY node=5 seq=21 bytes=48 time_ms=582161
RX,REAL,,5,55,48,583177.168,582746,583177.168,582160,582746,47.167999999946915,1503,583177168	ID:1	[INFO: Metric    ] METRIC_RX type=REAL src=5 seq=55 send_ms=582160 recv_ms=582746 bytes=48
RX,DUMMY,,5,21,48,583192.168,582761,583192.168,582161,582761,,1504,583192168	ID:1	[INFO: Metric    ] METRIC_RX type=DUMMY src=5 seq=21 send_ms=582161 recv_ms=582761 bytes=48
TX,REAL,4,,54,48,585137.0,584188,585137.0,,,,1507,585137000	ID:4	[INFO: Metric    ] METRIC_TX type=REAL node=4 seq=54 bytes=48 time_ms=584188
RX,REAL,,4,54,48,585186.304,584755,585186.304,584188,584755,49.304000000003725,1508,585186304	ID:1	[INFO: Metric    ] METRIC_RX type=REAL src=4 seq=54 send_ms=584188 recv_ms=584755 bytes=48
TX,REAL,7,,57,48,587130.0,587108,587130.0,,,,1510,587130000	ID:7	[INFO: Metric    ] METRIC_TX type=REAL node=7 seq=57 bytes=48 time_ms=587108
RX,REAL,,7,57,48,587151.88,586720,587151.88,587108,586720,21.880000000004657,1511,587151880	ID:1	[INFO: Metric    ] METRIC_RX type=REAL src=7 seq=57 send_ms=587108 recv_ms=586720 bytes=48
TX,REAL,3,,56,48,588049.0,587837,588049.0,,,,1514,588049000	ID:3	[INFO: Metric    ] METRIC_TX type=REAL node=3 seq=56 bytes=48 time_ms=587837
TX,DUMMY,3,,17,48,588050.0,587838,588050.0,,,,1515,588050000	ID:3	[INFO: Metric    ] METRIC_TX type=DUMMY node=3 seq=17 bytes=48 time_ms=587838
RX,REAL,,3,56,48,588109.168,587678,588109.168,587837,587678,60.167999999946915,1516,588109168	ID:1	[INFO: Metric    ] METRIC_RX type=REAL src=3 seq=56 send_ms=587837 recv_ms=587678 bytes=48
RX,DUMMY,,3,17,48,588127.168,587696,588127.168,587838,587696,,1517,588127168	ID:1	[INFO: Metric    ] METRIC_RX type=DUMMY src=3 seq=17 send_ms=587838 recv_ms=587696 bytes=48
TX,REAL,2,,59,48,590445.0,590052,590445.0,,,,1520,590445000	ID:2	[INFO: Metric    ] METRIC_TX type=REAL node=2 seq=59 bytes=48 time_ms=590052
RX,REAL,,2,59,48,590469.88,590038,590469.88,590052,590038,24.880000000004657,1521,590469880	ID:1	[INFO: Metric    ] METRIC_RX type=REAL src=2 seq=59 send_ms=590052 recv_ms=590038 bytes=48
TX,REAL,6,,57,48,590899.0,590811,590899.0,,,,1523,590899000	ID:6	[INFO: Metric    ] METRIC_TX type=REAL node=6 seq=57 bytes=48 time_ms=590811
RX,REAL,,6,57,48,590927.88,590496,590927.88,590811,590496,28.880000000004657,1524,590927880	ID:1	[INFO: Metric    ] METRIC_RX type=REAL src=6 seq=57 send_ms=590811 recv_ms=590496 bytes=48
TX,REAL,5,,56,48,595132.0,594162,595132.0,,,,1526,595132000	ID:5	[INFO: Metric    ] METRIC_TX type=REAL node=5 seq=56 bytes=48 time_ms=594162
RX,REAL,,5,56,48,595213.168,594782,595213.168,594162,594782,81.16799999994691,1527,595213168	ID:1	[INFO: Metric    ] METRIC_RX type=REAL src=5 seq=56 send_ms=594162 recv_ms=594782 bytes=48
TX,REAL,4,,55,48,596138.0,595189,596138.0,,,,1529,596138000	ID:4	[INFO: Metric    ] METRIC_TX type=REAL node=4 seq=55 bytes=48 time_ms=595189
RX,REAL,,4,55,48,596164.168,595733,596164.168,595189,595733,26.167999999946915,1530,596164168	ID:1	[INFO: Metric    ] METRIC_RX type=REAL src=4 seq=55 send_ms=595189 recv_ms=595733 bytes=48
TX,REAL,7,,58,48,597131.0,597109,597131.0,,,,1532,597131000	ID:7	[INFO: Metric    ] METRIC_TX type=REAL node=7 seq=58 bytes=48 time_ms=597109
TX,DUMMY,7,,18,48,597132.0,597110,597132.0,,,,1533,597132000	ID:7	[INFO: Metric    ] METRIC_TX type=DUMMY node=7 seq=18 bytes=48 time_ms=597110
RX,REAL,,7,58,48,597156.88,596725,597156.88,597109,596725,25.880000000004657,1534,597156880	ID:1	[INFO: Metric    ] METRIC_RX type=REAL src=7 seq=58 send_ms=597109 recv_ms=596725 bytes=48
RX,DUMMY,,7,18,48,597166.88,596735,597166.88,597110,596735,,1535,597166880	ID:1	[INFO: Metric    ] METRIC_RX type=DUMMY src=7 seq=18 send_ms=597110 recv_ms=596735 bytes=48
TX,REAL,2,,60,48,599446.0,599053,599446.0,,,,1540,599446000	ID:2	[INFO: Metric    ] METRIC_TX type=REAL node=2 seq=60 bytes=48 time_ms=599053
TX,DUMMY,2,,17,48,599447.0,599054,599447.0,,,,1541,599447000	ID:2	[INFO: Metric    ] METRIC_TX type=DUMMY node=2 seq=17 bytes=48 time_ms=599054
RX,REAL,,2,60,48,599453.88,599022,599453.88,599053,599022,7.880000000004657,1542,599453880	ID:1	[INFO: Metric    ] METRIC_RX type=REAL src=2 seq=60 send_ms=599053 recv_ms=599022 bytes=48
RX,DUMMY,,2,17,48,599485.88,599054,599485.88,599054,599054,,1544,599485880	ID:1	[INFO: Metric    ] METRIC_RX type=DUMMY src=2 seq=17 send_ms=599054 recv_ms=599054 bytes=48
TX,REAL,3,,57,48,600051.0,599839,600051.0,,,,1547,600051000	ID:3	[INFO: Metric    ] METRIC_TX type=REAL node=3 seq=57 bytes=48 time_ms=599839
RX,REAL,,3,57,48,600097.168,599666,600097.168,599839,599666,46.167999999946915,1548,600097168	ID:1	[INFO: Metric    ] METRIC_RX type=REAL src=3 seq=57 send_ms=599839 recv_ms=599666 bytes=48
TX,REAL,6,,58,48,600900.0,600812,600900.0,,,,1550,600900000	ID:6	[INFO: Metric    ] METRIC_TX type=REAL node=6 seq=58 bytes=48 time_ms=600812
RX,REAL,,6,58,48,600914.88,600483,600914.88,600812,600483,14.880000000004657,1551,600914880	ID:1	[INFO: Metric    ] METRIC_RX type=REAL src=6 seq=58 send_ms=600812 recv_ms=600483 bytes=48
TX,REAL,7,,59,48,606133.0,606111,606133.0,,,,1553,606133000	ID:7	[INFO: Metric    ] METRIC_TX type=REAL node=7 seq=59 bytes=48 time_ms=606111
TX,REAL,5,,57,48,606133.0,605163,606133.0,,,,1554,606133000	ID:5	[INFO: Metric    ] METRIC_TX type=REAL node=5 seq=57 bytes=48 time_ms=605163
TX,DUMMY,5,,22,48,606134.0,605164,606134.0,,,,1555,606134000	ID:5	[INFO: Metric    ] METRIC_TX type=DUMMY node=5 seq=22 bytes=48 time_ms=605164
TX,REAL,4,,56,48,606139.0,605190,606139.0,,,,1556,606139000	ID:4	[INFO: Metric    ] METRIC_TX type=REAL node=4 seq=56 bytes=48 time_ms=605190
TX,DUMMY,4,,9,48,606140.0,605191,606140.0,,,,1557,606140000	ID:4	[INFO: Metric    ] METRIC_TX type=DUMMY node=4 seq=9 bytes=48 time_ms=605191
RX,REAL,,7,59,48,606172.88,605741,606172.88,606111,605741,39.88000000000466,1558,606172880	ID:1	[INFO: Metric    ] METRIC_RX type=REAL src=7 seq=59 send_ms=606111 recv_ms=605741 bytes=48
RX,REAL,,4,56,48,606196.168,605765,606196.168,605190,605765,57.167999999946915,1559,606196168	ID:1	[INFO: Metric    ] METRIC_RX type=REAL src=4 seq=56 send_ms=605190 recv_ms=605765 bytes=48
RX,REAL,,5,57,48,606206.168,605775,606206.168,605163,605775,73.16799999994691,1560,606206168	ID:1	[INFO: Metric    ] METRIC_RX type=REAL src=5 seq=57 send_ms=605163 recv_ms=605775 bytes=48
RX,DUMMY,,4,9,48,606262.168,605831,606262.168,605191,605831,,1561,606262168	ID:1	[INFO: Metric    ] METRIC_RX type=DUMMY src=4 seq=9 send_ms=605191 recv_ms=605831 bytes=48
RX,DUMMY,,5,22,48,606270.168,605839,606270.168,605164,605839,,1562,606270168	ID:1	[INFO: Metric    ] METRIC_RX type=DUMMY src=5 seq=22 send_ms=605164 recv_ms=605839 bytes=48
TX,REAL,3,,58,48,609052.0,608840,609052.0,,,,1566,609052000	ID:3	[INFO: Metric    ] METRIC_TX type=REAL node=3 seq=58 bytes=48 time_ms=608840
RX,REAL,,3,58,48,609089.304,608658,609089.304,608840,608658,37.304000000003725,1567,609089304	ID:1	[INFO: Metric    ] METRIC_RX type=REAL src=3 seq=58 send_ms=608840 recv_ms=608658 bytes=48
TX,REAL,2,,61,48,611448.0,611055,611448.0,,,,1569,611448000	ID:2	[INFO: Metric    ] METRIC_TX type=REAL node=2 seq=61 bytes=48 time_ms=611055
RX,REAL,,2,61,48,611470.88,611039,611470.88,611055,611039,22.880000000004657,1570,611470880	ID:1	[INFO: Metric    ] METRIC_RX type=REAL src=2 seq=61 send_ms=611055 recv_ms=611039 bytes=48
TX,REAL,6,,59,48,612901.0,612813,612901.0,,,,1572,612901000	ID:6	[INFO: Metric    ] METRIC_TX type=REAL node=6 seq=59 bytes=48 time_ms=612813
TX,DUMMY,6,,16,48,612902.0,612814,612902.0,,,,1573,612902000	ID:6	[INFO: Metric    ] METRIC_TX type=DUMMY node=6 seq=16 bytes=48 time_ms=612814
RX,REAL,,6,59,48,612914.88,612483,612914.88,612813,612483,13.880000000004657,1574,612914880	ID:1	[INFO: Metric    ] METRIC_RX type=REAL src=6 seq=59 send_ms=612813 recv_ms=612483 bytes=48
RX,DUMMY,,6,16,48,612942.88,612511,612942.88,612814,612511,,1577,612942880	ID:1	[INFO: Metric    ] METRIC_RX type=DUMMY src=6 seq=16 send_ms=612814 recv_ms=612511 bytes=48
TX,REAL,7,,60,48,615134.0,615112,615134.0,,,,1581,615134000	ID:7	[INFO: Metric    ] METRIC_TX type=REAL node=7 seq=60 bytes=48 time_ms=615112
TX,DUMMY,7,,19,48,615135.0,615113,615135.0,,,,1582,615135000	ID:7	[INFO: Metric    ] METRIC_TX type=DUMMY node=7 seq=19 bytes=48 time_ms=615113
RX,REAL,,7,60,48,615153.88,614722,615153.88,615112,614722,19.880000000004657,1583,615153880	ID:1	[INFO: Metric    ] METRIC_RX type=REAL src=7 seq=60 send_ms=615112 recv_ms=614722 bytes=48
RX,DUMMY,,7,19,48,615224.88,614793,615224.88,615113,614793,,1585,615224880	ID:1	[INFO: Metric    ] METRIC_RX type=DUMMY src=7 seq=19 send_ms=615113 recv_ms=614793 bytes=48
TX,REAL,5,,58,48,617135.0,616165,617135.0,,,,1587,617135000	ID:5	[INFO: Metric    ] METRIC_TX type=REAL node=5 seq=58 bytes=48 time_ms=616165
TX,DUMMY,5,,23,48,617136.0,616166,617136.0,,,,1588,617136000	ID:5	[INFO: Metric    ] METRIC_TX type=DUMMY node=5 seq=23 bytes=48 time_ms=616166
TX,REAL,4,,57,48,617141.0,616192,617141.0,,,,1589,617141000	ID:4	[INFO: Metric    ] METRIC_TX type=REAL node=4 seq=57 bytes=48 time_ms=616192
RX,REAL,,4,57,48,617177.168,616746,617177.168,616192,616746,36.167999999946915,1590,617177168	ID:1	[INFO: Metric    ] METRIC_RX type=REAL src=4 seq=57 send_ms=616192 recv_ms=616746 bytes=48
RX,REAL,,5,58,48,617234.168,616803,617234.168,616165,616803,99.16799999994691,1592,617234168	ID:1	[INFO: Metric    ] METRIC_RX type=REAL src=5 seq=58 send_ms=616165 recv_ms=616803 bytes=48
RX,DUMMY,,5,23,48,617278.168,616847,617278.168,616166,616847,,1594,617278168	ID:1	[INFO: Metric    ] METRIC_RX type=DUMMY src=5 seq=23 send_ms=616166 recv_ms=616847 bytes=48
TX,REAL,3,,59,48,618053.0,617841,618053.0,,,,1596,618053000	ID:3	[INFO: Metric    ] METRIC_TX type=REAL node=3 seq=59 bytes=48 time_ms=617841
RX,REAL,,3,59,48,618133.168,617702,618133.168,617841,617702,80.16799999994691,1597,618133168	ID:1	[INFO: Metric    ] METRIC_RX type=REAL src=3 seq=59 send_ms=617841 recv_ms=617702 bytes=48
TX,REAL,6,,60,48,622903.0,622815,622903.0,,,,1601,622903000	ID:6	[INFO: Metric    ] METRIC_TX type=REAL node=6 seq=60 bytes=48 time_ms=622815
TX,DUMMY,6,,17,48,622904.0,622816,622904.0,,,,1602,622904000	ID:6	[INFO: Metric    ] METRIC_TX type=DUMMY node=6 seq=17 bytes=48 time_ms=622816
RX,REAL,,6,60,48,622926.88,622495,622926.88,622815,622495,23.880000000004657,1603,622926880	ID:1	[INFO: Metric    ] METRIC_RX type=REAL src=6 seq=60 send_ms=622815 recv_ms=622495 bytes=48
RX,DUMMY,,6,17,48,622944.88,622513,622944.88,622816,622513,,1605,622944880	ID:1	[INFO: Metric    ] METRIC_RX type=DUMMY src=6 seq=17 send_ms=622816 recv_ms=622513 bytes=48
TX,REAL,7,,61,48,623136.0,623114,623136.0,,,,1607,623136000	ID:7	[INFO: Metric    ] METRIC_TX type=REAL node=7 seq=61 bytes=48 time_ms=623114
TX,DUMMY,7,,20,48,623137.0,623115,623137.0,,,,1608,623137000	ID:7	[INFO: Metric    ] METRIC_TX type=DUMMY node=7 seq=20 bytes=48 time_ms=623115
RX,REAL,,7,61,48,623160.88,622729,623160.88,623114,622729,24.880000000004657,1609,623160880	ID:1	[INFO: Metric    ] METRIC_RX type=REAL src=7 seq=61 send_ms=623114 recv_ms=622729 bytes=48
RX,DUMMY,,7,20,48,623173.88,622742,623173.88,623115,622742,,1611,623173880	ID:1	[INFO: Metric    ] METRIC_RX type=DUMMY src=7 seq=20 send_ms=623115 recv_ms=622742 bytes=48
TX,REAL,2,,62,48,623449.0,623056,623449.0,,,,1614,623449000	ID:2	[INFO: Metric    ] METRIC_TX type=REAL node=2 seq=62 bytes=48 time_ms=623056
TX,DUMMY,2,,18,48,623450.0,623057,623450.0,,,,1615,623450000	ID:2	[INFO: Metric    ] METRIC_TX type=DUMMY node=2 seq=18 bytes=48 time_ms=623057
RX,REAL,,2,62,48,623486.88,623055,623486.88,623056,623055,37.88000000000466,1616,623486880	ID:1	[INFO: Metric    ] METRIC_RX type=REAL src=2 seq=62 send_ms=623056 recv_ms=623055 bytes=48
RX,DUMMY,,2,18,48,623528.88,623097,623528.88,623057,623097,,1618,623528880	ID:1	[INFO: Metric    ] METRIC_RX type=DUMMY src=2 seq=18 send_ms=623057 recv_ms=623097 bytes=48
TX,REAL,4,,58,48,627142.0,626193,627142.0,,,,1620,627142000	ID:4	[INFO: Metric    ] METRIC_TX type=REAL node=4 seq=58 bytes=48 time_ms=626193
TX,DUMMY,4,,10,48,627143.0,626194,627143.0,,,,1621,627143000	ID:4	[INFO: Metric    ] METRIC_TX type=DUMMY node=4 seq=10 bytes=48 time_ms=626194
RX,REAL,,4,58,48,627183.168,626752,627183.168,626193,626752,41.167999999946915,1622,627183168	ID:1	[INFO: Metric    ] METRIC_RX type=REAL src=4 seq=58 send_ms=626193 recv_ms=626752 bytes=48
RX,DUMMY,,4,10,48,627307.168,626876,627307.168,626194,626876,,1624,627307168	ID:1	[INFO: Metric    ] METRIC_RX type=DUMMY src=4 seq=10 send_ms=626194 recv_ms=626876 bytes=48
TX,REAL,3,,60,48,628054.0,627842,628054.0,,,,1628,628054000	ID:3	[INFO: Metric    ] METRIC_TX type=REAL node=3 seq=60 bytes=48 time_ms=627842
TX,DUMMY,3,,18,48,628055.0,627843,628055.0,,,,1629,628055000	ID:3	[INFO: Metric    ] METRIC_TX type=DUMMY node=3 seq=18 bytes=48 time_ms=627843
RX,REAL,,3,60,48,628090.168,627659,628090.168,627842,627659,36.167999999946915,1630,628090168	ID:1	[INFO: Metric    ] METRIC_RX type=REAL src=3 seq=60 send_ms=627842 recv_ms=627659 bytes=48
RX,DUMMY,,3,18,48,628122.168,627691,628122.168,627843,627691,,1631,628122168	ID:1	[INFO: Metric    ] METRIC_RX type=DUMMY src=3 seq=18 send_ms=627843 recv_ms=627691 bytes=48
TX,REAL,5,,59,48,628137.0,627167,628137.0,,,,1633,628137000	ID:5	[INFO: Metric    ] METRIC_TX type=REAL node=5 seq=59 bytes=48 time_ms=627167
RX,REAL,,5,59,48,628331.168,627900,628331.168,627167,627900,194.16799999994691,1635,628331168	ID:1	[INFO: Metric    ] METRIC_RX type=REAL src=5 seq=59 send_ms=627167 recv_ms=627900 bytes=48
TX,REAL,6,,61,48,632905.0,632817,632905.0,,,,1637,632905000	ID:6	[INFO: Metric    ] METRIC_TX type=REAL node=6 seq=61 bytes=48 time_ms=632817
TX,DUMMY,6,,18,48,632906.0,632818,632906.0,,,,1638,632906000	ID:6	[INFO: Metric    ] METRIC_TX type=DUMMY node=6 seq=18 bytes=48 time_ms=632818
RX,REAL,,6,61,48,632920.88,632489,632920.88,632817,632489,15.880000000004657,1639,632920880	ID:1	[INFO: Metric    ] METRIC_RX type=REAL src=6 seq=61 send_ms=632817 recv_ms=632489 bytes=48
RX,DUMMY,,6,18,48,632965.88,632534,632965.88,632818,632534,,1641,632965880	ID:1	[INFO: Metric    ] METRIC_RX type=DUMMY src=6 seq=18 send_ms=632818 recv_ms=632534 bytes=48
TX,REAL,2,,63,48,633451.0,633058,633451.0,,,,1644,633451000	ID:2	[INFO: Metric    ] METRIC_TX type=REAL node=2 seq=63 bytes=48 time_ms=633058
RX,REAL,,2,63,48,633465.88,633034,633465.88,633058,633034,14.880000000004657,1645,633465880	ID:1	[INFO: Metric    ] METRIC_RX type=REAL src=2 seq=63 send_ms=633058 recv_ms=633034 bytes=48
TX,REAL,7,,62,48,635138.0,635116,635138.0,,,,1647,635138000	ID:7	[INFO: Metric    ] METRIC_TX type=REAL node=7 seq=62 bytes=48 time_ms=635116
RX,REAL,,7,62,48,635157.88,634726,635157.88,635116,634726,19.880000000004657,1648,635157880	ID:1	[INFO: Metric    ] METRIC_RX type=REAL src=7 seq=62 send_ms=635116 recv_ms=634726 bytes=48
TX,REAL,5,,60,48,637138.0,636168,637138.0,,,,1652,637138000	ID:5	[INFO: Metric    ] METRIC_TX type=REAL node=5 seq=60 bytes=48 time_ms=636168
RX,REAL,,5,60,48,637169.168,636738,637169.168,636168,636738,31.167999999946915,1653,637169168	ID:1	[INFO: Metric    ] METRIC_RX type=REAL src=5 seq=60 send_ms=636168 recv_ms=636738 bytes=48
TX,REAL,4,,59,48,638144.0,637195,638144.0,,,,1655,638144000	ID:4	[INFO: Metric    ] METRIC_TX type=REAL node=4 seq=59 bytes=48 time_ms=637195
TX,DUMMY,4,,11,48,638145.0,637196,638145.0,,,,1656,638145000	ID:4	[INFO: Metric    ] METRIC_TX type=DUMMY node=4 seq=11 bytes=48 time_ms=637196
RX,REAL,,4,59,48,638160.168,637729,638160.168,637195,637729,16.167999999946915,1657,638160168	ID:1	[INFO: Metric    ] METRIC_RX type=REAL src=4 seq=59 send_ms=637195 recv_ms=637729 bytes=48
RX,DUMMY,,4,11,48,638224.168,637793,638224.168,637196,637793,,1658,638224168	ID:1	[INFO: Metric    ] METRIC_RX type=DUMMY src=4 seq=11 send_ms=637196 recv_ms=637793 bytes=48
TX,REAL,3,,61,48,639056.0,638844,639056.0,,,,1661,639056000	ID:3	[INFO: Metric    ] METRIC_TX type=REAL node=3 seq=61 bytes=48 time_ms=638844
RX,REAL,,3,61,48,639070.304,638639,639070.304,638844,638639,14.304000000003725,1662,639070304	ID:1	[INFO: Metric    ] METRIC_RX type=REAL src=3 seq=61 send_ms=638844 recv_ms=638639 bytes=48
TX,REAL,6,,62,48,643907.0,643819,643907.0,,,,1664,643907000	ID:6	[INFO: Metric    ] METRIC_TX type=REAL node=6 seq=62 bytes=48 time_ms=643819
RX,REAL,,6,62,48,643942.88,643511,643942.88,643819,643511,35.88000000000466,1665,643942880	ID:1	[INFO: Metric    ] METRIC_RX type=REAL src=6 seq=62 send_ms=643819 recv_ms=643511 bytes=48
TX,REAL,2,,64,48,645452.0,645059,645452.0,,,,1667,645452000	ID:2	[INFO: Metric    ] METRIC_TX type=REAL node=2 seq=64 bytes=48 time_ms=645059
TX,DUMMY,2,,19,48,645453.0,645060,645453.0,,,,1668,645453000	ID:2	[INFO: Metric    ] METRIC_TX type=DUMMY node=2 seq=19 bytes=48 time_ms=645060
RX,REAL,,2,64,48,645465.88,645034,645465.88,645059,645034,13.880000000004657,1669,645465880	ID:1	[INFO: Metric    ] METRIC_RX type=REAL src=2 seq=64 send_ms=645059 recv_ms=645034 bytes=48
RX,DUMMY,,2,19,48,645481.88,645050,645481.88,645060,645050,,1670,645481880	ID:1	[INFO: Metric    ] METRIC_RX type=DUMMY src=2 seq=19 send_ms=645060 recv_ms=645050 bytes=48
TX,REAL,5,,61,48,646139.0,645169,646139.0,,,,1673,646139000	ID:5	[INFO: Metric    ] METRIC_TX type=REAL node=5 seq=61 bytes=48 time_ms=645169
RX,REAL,,5,61,48,646210.168,645779,646210.168,645169,645779,71.16799999994691,1674,646210168	ID:1	[INFO: Metric    ] METRIC_RX type=REAL src=5 seq=61 send_ms=645169 recv_ms=645779 bytes=48
TX,REAL,7,,63,48,647139.0,647117,647139.0,,,,1677,647139000	ID:7	[INFO: Metric    ] METRIC_TX type=REAL node=7 seq=63 bytes=48 time_ms=647117
TX,DUMMY,7,,21,48,647140.0,647118,647140.0,,,,1678,647140000	ID:7	[INFO: Metric    ] METRIC_TX type=DUMMY node=7 seq=21 bytes=48 time_ms=647118
TX,REAL,4,,60,48,647146.0,646197,647146.0,,,,1681,647146000	ID:4	[INFO: Metric    ] METRIC_TX type=REAL node=4 seq=60 bytes=48 time_ms=646197
RX,REAL,,7,63,48,647159.88,646728,647159.88,647117,646728,20.880000000004657,1682,647159880	ID:1	[INFO: Metric    ] METRIC_RX type=REAL src=7 seq=63 send_ms=647117 recv_ms=646728 bytes=48
RX,DUMMY,,7,21,48,647200.88,646769,647200.88,647118,646769,,1684,647200880	ID:1	[INFO: Metric    ] METRIC_RX type=DUMMY src=7 seq=21 send_ms=647118 recv_ms=646769 bytes=48
RX,REAL,,4,60,48,647263.168,646832,647263.168,646197,646832,117.16799999994691,1686,647263168	ID:1	[INFO: Metric    ] METRIC_RX type=REAL src=4 seq=60 send_ms=646197 recv_ms=646832 bytes=48
TX,REAL,3,,62,48,648057.0,647845,648057.0,,,,1688,648057000	ID:3	[INFO: Metric    ] METRIC_TX type=REAL node=3 seq=62 bytes=48 time_ms=647845
RX,REAL,,3,62,48,648076.168,647645,648076.168,647845,647645,19.167999999946915,1689,648076168	ID:1	[INFO: Metric    ] METRIC_RX type=REAL src=3 seq=62 send_ms=647845 recv_ms=647645 bytes=48
TX,REAL,6,,63,48,655908.0,655820,655908.0,,,,1691,655908000	ID:6	[INFO: Metric    ] METRIC_TX type=REAL node=6 seq=63 bytes=48 time_ms=655820
RX,REAL,,6,63,48,655925.88,655494,655925.88,655820,655494,17.880000000004657,1692,655925880	ID:1	[INFO: Metric    ] METRIC_RX type=REAL src=6 seq=63 send_ms=655820 recv_ms=655494 bytes=48
TX,REAL,5,,62,48,656140.0,655170,656140.0,,,,1694,656140000	ID:5	[INFO: Metric    ] METRIC_TX type=REAL node=5 seq=62 bytes=48 time_ms=655170
TX,DUMMY,5,,24,48,656141.0,655171,656141.0,,,,1695,656141000	ID:5	[INFO: Metric    ] METRIC_TX type=DUMMY node=5 seq=24 bytes=48 time_ms=655171
TX,REAL,4,,61,48,656147.0,655198,656147.0,,,,1696,656147000	ID:4	[INFO: Metric    ] METRIC_TX type=REAL node=4 seq=61 bytes=48 time_ms=655198
RX,REAL,,4,61,48,656202.168,655771,656202.168,655198,655771,55.167999999946915,1697,656202168	ID:1	[INFO: Metric    ] METRIC_RX type=REAL src=4 seq=61 send_ms=655198 recv_ms=655771 bytes=48
RX,REAL,,5,62,48,656285.168,655854,656285.168,655170,655854,145.16799999994691,1699,656285168	ID:1	[INFO: Metric    ] METRIC_RX type=REAL src=5 seq=62 send_ms=655170 recv_ms=655854 bytes=48
RX,DUMMY,,5,24,48,656321.168,655890,656321.168,655171,655890,,1700,656321168	ID:1	[INFO: Metric    ] METRIC_RX type=DUMMY src=5 seq=24 send_ms=655171 recv_ms=655890 bytes=48
TX,REAL,2,,65,48,657454.0,657061,657454.0,,,,1703,657454000	ID:2	[INFO: Metric    ] METRIC_TX type=REAL node=2 seq=65 bytes=48 time_ms=657061
TX,DUMMY,2,,20,48,657455.0,657062,657455.0,,,,1704,657455000	ID:2	[INFO: Metric    ] METRIC_TX type=DUMMY node=2 seq=20 bytes=48 time_ms=657062
RX,REAL,,2,65,48,657460.88,657029,657460.88,657061,657029,6.880000000004657,1705,657460880	ID:1	[INFO: Metric    ] METRIC_RX type=REAL src=2 seq=65 send_ms=657061 recv_ms=657029 bytes=48
RX,DUMMY,,2,20,48,657483.88,657052,657483.88,657062,657052,,1707,657483880	ID:1	[INFO: Metric    ] METRIC_RX type=DUMMY src=2 seq=20 send_ms=657062 recv_ms=657052 bytes=48
TX,REAL,7,,64,48,658141.0,658119,658141.0,,,,1710,658141000	ID:7	[INFO: Metric    ] METRIC_TX type=REAL node=7 seq=64 bytes=48 time_ms=658119
RX,REAL,,7,64,48,658146.88,657715,658146.88,658119,657715,5.880000000004657,1711,658146880	ID:1	[INFO: Metric    ] METRIC_RX type=REAL src=7 seq=64 send_ms=658119 recv_ms=657715 bytes=48
TX,REAL,3,,63,48,659058.0,658846,659058.0,,,,1713,659058000	ID:3	[INFO: Metric    ] METRIC_TX type=REAL node=3 seq=63 bytes=48 time_ms=658846
RX,REAL,,3,63,48,659088.304,658657,659088.304,658846,658657,30.304000000003725,1714,659088304	ID:1	[INFO: Metric    ] METRIC_RX type=REAL src=3 seq=63 send_ms=658846 recv_ms=658657 bytes=48
TX,REAL,5,,63,48,665142.0,664172,665142.0,,,,1716,665142000	ID:5	[INFO: Metric    ] METRIC_TX type=REAL node=5 seq=63 bytes=48 time_ms=664172
TX,REAL,4,,62,48,665148.0,664199,665148.0,,,,1717,665148000	ID:4	[INFO: Metric    ] METRIC_TX type=REAL node=4 seq=62 bytes=48 time_ms=664199
RX,REAL,,4,62,48,665197.168,664766,665197.168,664199,664766,49.167999999946915,1718,665197168	ID:1	[INFO: Metric    ] METRIC_RX type=REAL src=4 seq=62 send_ms=664199 recv_ms=664766 bytes=48
RX,REAL,,5,63,48,665213.168,664782,665213.168,664172,664782,71.16799999994691,1719,665213168	ID:1	[INFO: Metric    ] METRIC_RX type=REAL src=5 seq=63 send_ms=664172 recv_ms=664782 bytes=48
TX,REAL,6,,64,48,666909.0,666821,666909.0,,,,1722,666909000	ID:6	[INFO: Metric    ] METRIC_TX type=REAL node=6 seq=64 bytes=48 time_ms=666821
RX,REAL,,6,64,48,666951.88,666520,666951.88,666821,666520,42.88000000000466,1723,666951880	ID:1	[INFO: Metric    ] METRIC_RX type=REAL src=6 seq=64 send_ms=666821 recv_ms=666520 bytes=48
TX,REAL,2,,66,48,667456.0,667063,667456.0,,,,1725,667456000	ID:2	[INFO: Metric    ] METRIC_TX type=REAL node=2 seq=66 bytes=48 time_ms=667063
RX,REAL,,2,66,48,667485.88,667054,667485.88,667063,667054,29.880000000004657,1726,667485880	ID:1	[INFO: Metric    ] METRIC_RX type=REAL src=2 seq=66 send_ms=667063 recv_ms=667054 bytes=48
TX,REAL,3,,64,48,668059.0,667847,668059.0,,,,1728,668059000	ID:3	[INFO: Metric    ] METRIC_TX type=REAL node=3 seq=64 bytes=48 time_ms=667847
RX,REAL,,3,64,48,668133.168,667702,668133.168,667847,667702,74.16799999994691,1729,668133168	ID:1	[INFO: Metric    ] METRIC_RX type=REAL src=3 seq=64 send_ms=667847 recv_ms=667702 bytes=48
TX,REAL,7,,65,48,669142.0,669120,669142.0,,,,1731,669142000	ID:7	[INFO: Metric    ] METRIC_TX type=REAL node=7 seq=65 bytes=48 time_ms=669120
RX,REAL,,7,65,48,669167.88,668736,669167.88,669120,668736,25.880000000004657,1732,669167880	ID:1	[INFO: Metric    ] METRIC_RX type=REAL src=7 seq=65 send_ms=669120 recv_ms=668736 bytes=48
TX,REAL,5,,64,48,673143.0,672173,673143.0,,,,1734,673143000	ID:5	[INFO: Metric    ] METRIC_TX type=REAL node=5 seq=64 bytes=48 time_ms=672173
RX,REAL,,5,64,48,673197.168,672766,673197.168,672173,672766,54.167999999946915,1735,673197168	ID:1	[INFO: Metric    ] METRIC_RX type=REAL src=5 seq=64 send_ms=672173 recv_ms=672766 bytes=48
TX,REAL,4,,63,48,675149.0,674200,675149.0,,,,1737,675149000	ID:4	[INFO: Metric    ] METRIC_TX type=REAL node=4 seq=63 bytes=48 time_ms=674200
RX,REAL,,4,63,48,675185.168,674754,675185.168,674200,674754,36.167999999946915,1738,675185168	ID:1	[INFO: Metric    ] METRIC_RX type=REAL src=4 seq=63 send_ms=674200 recv_ms=674754 bytes=48
TX,REAL,3,,65,48,676060.0,675848,676060.0,,,,1741,676060000	ID:3	[INFO: Metric    ] METRIC_TX type=REAL node=3 seq=65 bytes=48 time_ms=675848
TX,DUMMY,3,,19,48,676061.0,675849,676061.0,,,,1742,676061000	ID:3	[INFO: Metric    ] METRIC_TX type=DUMMY node=3 seq=19 bytes=48 time_ms=675849
RX,REAL,,3,65,48,676087.168,675656,676087.168,675848,675656,27.167999999946915,1743,676087168	ID:1	[INFO: Metric    ] METRIC_RX type=REAL src=3 seq=65 send_ms=675848 recv_ms=675656 bytes=48
RX,DUMMY,,3,19,48,676122.168,675691,676122.168,675849,675691,,1744,676122168	ID:1	[INFO: Metric    ] METRIC_RX type=DUMMY src=3 seq=19 send_ms=675849 recv_ms=675691 bytes=48
TX,REAL,2,,67,48,676457.0,676064,676457.0,,,,1747,676457000	ID:2	[INFO: Metric    ] METRIC_TX type=REAL node=2 seq=67 bytes=48 time_ms=676064
RX,REAL,,2,67,48,676470.88,676039,676470.88,676064,676039,13.880000000004657,1748,676470880	ID:1	[INFO: Metric    ] METRIC_RX type=REAL src=2 seq=67 send_ms=676064 recv_ms=676039 bytes=48
TX,REAL,6,,65,48,678910.0,678822,678910.0,,,,1750,678910000	ID:6	[INFO: Metric    ] METRIC_TX type=REAL node=6 seq=65 bytes=48 time_ms=678822
TX,DUMMY,6,,19,48,678911.0,678823,678911.0,,,,1751,678911000	ID:6	[INFO: Metric    ] METRIC_TX type=DUMMY node=6 seq=19 bytes=48 time_ms=678823
RX,REAL,,6,65,48,678951.88,678520,678951.88,678822,678520,41.88000000000466,1752,678951880	ID:1	[INFO: Metric    ] METRIC_RX type=REAL src=6 seq=65 send_ms=678822 recv_ms=678520 bytes=48
RX,DUMMY,,6,19,48,678962.88,678531,678962.88,678823,678531,,1753,678962880	ID:1	[INFO: Metric    ] METRIC_RX type=DUMMY src=6 seq=19 send_ms=678823 recv_ms=678531 bytes=48
TX,REAL,7,,66,48,681143.0,681121,681143.0,,,,1756,681143000	ID:7	[INFO: Metric    ] METRIC_TX type=REAL node=7 seq=66 bytes=48 time_ms=681121
RX,REAL,,7,66,48,681183.88,680752,681183.88,681121,680752,40.88000000000466,1757,681183880	ID:1	[INFO: Metric    ] METRIC_RX type=REAL src=7 seq=66 send_ms=681121 recv_ms=680752 bytes=48
TX,REAL,5,,65,48,683144.0,682174,683144.0,,,,1759,683144000	ID:5	[INFO: Metric    ] METRIC_TX type=REAL node=5 seq=65 bytes=48 time_ms=682174
TX,DUMMY,5,,25,48,683145.0,682175,683145.0,,,,1760,683145000	ID:5	[INFO: Metric    ] METRIC_TX type=DUMMY node=5 seq=25 bytes=48 time_ms=682175
TX,REAL,4,,64,48,683150.0,682201,683150.0,,,,1761,683150000	ID:4	[INFO: Metric    ] METRIC_TX type=REAL node=4 seq=64 bytes=48 time_ms=682201
RX,REAL,,5,65,48,683196.168,682765,683196.168,682174,682765,52.167999999946915,1762,683196168	ID:1	[INFO: Metric    ] METRIC_RX type=REAL src=5 seq=65 send_ms=682174 recv_ms=682765 bytes=48
RX,REAL,,4,64,48,683218.168,682787,683218.168,682201,682787,68.16799999994691,1763,683218168	ID:1	[INFO: Metric    ] METRIC_RX type=REAL src=4 seq=64 send_ms=682201 recv_ms=682787 bytes=48
RX,DUMMY,,5,25,48,683482.168,683051,683482.168,682175,683051,,1766,683482168	ID:1	[INFO: Metric    ] METRIC_RX type=DUMMY src=5 seq=25 send_ms=682175 recv_ms=683051 bytes=48
TX,REAL,3,,66,48,685062.0,684850,685062.0,,,,1768,685062000	ID:3	[INFO: Metric    ] METRIC_TX type=REAL node=3 seq=66 bytes=48 time_ms=684850
RX,REAL,,3,66,48,685125.168,684694,685125.168,684850,684694,63.167999999946915,1769,685125168	ID:1	[INFO: Metric    ] METRIC_RX type=REAL src=3 seq=66 send_ms=684850 recv_ms=684694 bytes=48
TX,REAL,2,,68,48,687458.0,687065,687458.0,,,,1772,687458000	ID:2	[INFO: Metric    ] METRIC_TX type=REAL node=2 seq=68 bytes=48 time_ms=687065
RX,REAL,,2,68,48,687469.88,687038,687469.88,687065,687038,11.880000000004657,1773,687469880	ID:1	[INFO: Metric    ] METRIC_RX type=REAL src=2 seq=68 send_ms=687065 recv_ms=687038 bytes=48
TX,REAL,6,,66,48,687912.0,687824,687912.0,,,,1775,687912000	ID:6	[INFO: Metric    ] METRIC_TX type=REAL node=6 seq=66 bytes=48 time_ms=687824
RX,REAL,,6,66,48,687918.88,687487,687918.88,687824,687487,6.880000000004657,1776,687918880	ID:1	[INFO: Metric    ] METRIC_RX type=REAL src=6 seq=66 send_ms=687824 recv_ms=687487 bytes=48
TX,REAL,7,,67,48,691144.0,691122,691144.0,,,,1778,691144000	ID:7	[INFO: Metric    ] METRIC_TX type=REAL node=7 seq=67 bytes=48 time_ms=691122
RX,REAL,,7,67,48,691166.88,690735,691166.88,691122,690735,22.880000000004657,1779,691166880	ID:1	[INFO: Metric    ] METRIC_RX type=REAL src=7 seq=67 send_ms=691122 recv_ms=690735 bytes=48
TX,REAL,3,,67,48,693063.0,692851,693063.0,,,,1781,693063000	ID:3	[INFO: Metric    ] METRIC_TX type=REAL node=3 seq=67 bytes=48 time_ms=692851
RX,REAL,,3,67,48,693092.168,692661,693092.168,692851,692661,29.167999999946915,1782,693092168	ID:1	[INFO: Metric    ] METRIC_RX type=REAL src=3 seq=67 send_ms=692851 recv_ms=692661 bytes=48
TX,REAL,5,,66,48,693146.0,692176,693146.0,,,,1783,693146000	ID:5	[INFO: Metric    ] METRIC_TX type=REAL node=5 seq=66 bytes=48 time_ms=692176
TX,DUMMY,5,,26,48,693147.0,692177,693147.0,,,,1784,693147000	ID:5	[INFO: Metric    ] METRIC_TX type=DUMMY node=5 seq=26 bytes=48 time_ms=692177
RX,REAL,,5,66,48,693212.168,692781,693212.168,692176,692781,66.16799999994691,1786,693212168	ID:1	[INFO: Metric    ] METRIC_RX type=REAL src=5 seq=66 send_ms=692176 recv_ms=692781 bytes=48
RX,DUMMY,,5,26,48,693242.168,692811,693242.168,692177,692811,,1787,693242168	ID:1	[INFO: Metric    ] METRIC_RX type=DUMMY src=5 seq=26 send_ms=692177 recv_ms=692811 bytes=48
TX,REAL,4,,65,48,694151.0,693202,694151.0,,,,1790,694151000	ID:4	[INFO: Metric    ] METRIC_TX type=REAL node=4 seq=65 bytes=48 time_ms=693202
RX,REAL,,4,65,48,694203.168,693772,694203.168,693202,693772,52.167999999946915,1791,694203168	ID:1	[INFO: Metric    ] METRIC_RX type=REAL src=4 seq=65 send_ms=693202 recv_ms=693772 bytes=48
TX,REAL,2,,69,48,696459.0,696066,696459.0,,,,1793,696459000	ID:2	[INFO: Metric    ] METRIC_TX type=REAL node=2 seq=69 bytes=48 time_ms=696066
RX,REAL,,2,69,48,696468.88,696037,696468.88,696066,696037,9.880000000004657,1794,696468880	ID:1	[INFO: Metric    ] METRIC_RX type=REAL src=2 seq=69 send_ms=696066 recv_ms=696037 bytes=48
TX,REAL,7,,68,48,699145.0,699123,699145.0,,,,1796,699145000	ID:7	[INFO: Metric    ] METRIC_TX type=REAL node=7 seq=68 bytes=48 time_ms=699123
TX,DUMMY,7,,22,48,699146.0,699124,699146.0,,,,1797,699146000	ID:7	[INFO: Metric    ] METRIC_TX type=DUMMY node=7 seq=22 bytes=48 time_ms=699124
RX,REAL,,7,68,48,699158.88,698727,699158.88,699123,698727,13.880000000004657,1798,699158880	ID:1	[INFO: Metric    ] METRIC_RX type=REAL src=7 seq=68 send_ms=699123 recv_ms=698727 bytes=48
RX,DUMMY,,7,22,48,699172.88,698741,699172.88,699124,698741,,1799,699172880	ID:1	[INFO: Metric    ] METRIC_RX type=DUMMY src=7 seq=22 send_ms=699124 recv_ms=698741 bytes=48
TX,REAL,6,,67,48,699913.0,699825,699913.0,,,,1803,699913000	ID:6	[INFO: Metric    ] METRIC_TX type=REAL node=6 seq=67 bytes=48 time_ms=699825
RX,REAL,,6,67,48,699951.88,699520,699951.88,699825,699520,38.88000000000466,1804,699951880	ID:1	[INFO: Metric    ] METRIC_RX type=REAL src=6 seq=67 send_ms=699825 recv_ms=699520 bytes=48
TX,REAL,3,,68,48,701064.0,700852,701064.0,,,,1806,701064000	ID:3	[INFO: Metric    ] METRIC_TX type=REAL node=3 seq=68 bytes=48 time_ms=700852
RX,REAL,,3,68,48,701132.168,700701,701132.168,700852,700701,68.16799999994691,1807,701132168	ID:1	[INFO: Metric    ] METRIC_RX type=REAL src=3 seq=68 send_ms=700852 recv_ms=700701 bytes=48
TX,REAL,5,,67,48,703148.0,702178,703148.0,,,,1809,703148000	ID:5	[INFO: Metric    ] METRIC_TX type=REAL node=5 seq=67 bytes=48 time_ms=702178
TX,DUMMY,5,,27,48,703149.0,702179,703149.0,,,,1810,703149000	ID:5	[INFO: Metric    ] METRIC_TX type=DUMMY node=5 seq=27 bytes=48 time_ms=702179
RX,REAL,,5,67,48,703205.168,702774,703205.168,702178,702774,57.167999999946915,1811,703205168	ID:1	[INFO: Metric    ] METRIC_RX type=REAL src=5 seq=67 send_ms=702178 recv_ms=702774 bytes=48
RX,DUMMY,,5,27,48,703286.168,702855,703286.168,702179,702855,,1813,703286168	ID:1	[INFO: Metric    ] METRIC_RX type=DUMMY src=5 seq=27 send_ms=702179 recv_ms=702855 bytes=48
TX,REAL,4,,66,48,706152.0,705203,706152.0,,,,1815,706152000	ID:4	[INFO: Metric    ] METRIC_TX type=REAL node=4 seq=66 bytes=48 time_ms=705203
TX,DUMMY,4,,12,48,706153.0,705204,706153.0,,,,1816,706153000	ID:4	[INFO: Metric    ] METRIC_TX type=DUMMY node=4 seq=12 bytes=48 time_ms=705204
RX,REAL,,4,66,48,706227.168,705796,706227.168,705203,705796,75.16799999994691,1817,706227168	ID:1	[INFO: Metric    ] METRIC_RX type=REAL src=4 seq=66 send_ms=705203 recv_ms=705796 bytes=48
RX,DUMMY,,4,12,48,706322.168,705891,706322.168,705204,705891,,1819,706322168	ID:1	[INFO: Metric    ] METRIC_RX type=DUMMY src=4 seq=12 send_ms=705204 recv_ms=705891 bytes=48
TX,REAL,7,,69,48,708147.0,708125,708147.0,,,,1821,708147000	ID:7	[INFO: Metric    ] METRIC_TX type=REAL node=7 seq=69 bytes=48 time_ms=708125
RX,REAL,,7,69,48,708185.88,707754,708185.88,708125,707754,38.88000000000466,1822,708185880	ID:1	[INFO: Metric    ] METRIC_RX type=REAL src=7 seq=69 send_ms=708125 recv_ms=707754 bytes=48
TX,REAL,2,,70,48,708460.0,708067,708460.0,,,,1826,708460000	ID:2	[INFO: Metric    ] METRIC_TX type=REAL node=2 seq=70 bytes=48 time_ms=708067
RX,REAL,,2,70,48,708473.88,708042,708473.88,708067,708042,13.880000000004657,1827,708473880	ID:1	[INFO: Metric    ] METRIC_RX type=REAL src=2 seq=70 send_ms=708067 recv_ms=708042 bytes=48
TX,REAL,3,,69,48,710065.0,709853,710065.0,,,,1829,710065000	ID:3	[INFO: Metric    ] METRIC_TX type=REAL node=3 seq=69 bytes=48 time_ms=709853
RX,REAL,,3,69,48,710120.168,709689,710120.168,709853,709689,55.167999999946915,1830,710120168	ID:1	[INFO: Metric    ] METRIC_RX type=REAL src=3 seq=69 send_ms=709853 recv_ms=709689 bytes=48
TX,REAL,6,,68,48,711914.0,711826,711914.0,,,,1832,711914000	ID:6	[INFO: Metric    ] METRIC_TX type=REAL node=6 seq=68 bytes=48 time_ms=711826
TX,DUMMY,6,,20,48,711915.0,711827,711915.0,,,,1833,711915000	ID:6	[INFO: Metric    ] METRIC_TX type=DUMMY node=6 seq=20 bytes=48 time_ms=711827
RX,REAL,,6,68,48,711942.88,711511,711942.88,711826,711511,28.880000000004657,1834,711942880	ID:1	[INFO: Metric    ] METRIC_RX type=REAL src=6 seq=68 send_ms=711826 recv_ms=711511 bytes=48
RX,DUMMY,,6,20,48,711971.88,711540,711971.88,711827,711540,,1837,711971880	ID:1	[INFO: Metric    ] METRIC_RX type=DUMMY src=6 seq=20 send_ms=711827 recv_ms=711540 bytes=48
TX,REAL,5,,68,48,714150.0,713180,714150.0,,,,1839,714150000	ID:5	[INFO: Metric    ] METRIC_TX type=REAL node=5 seq=68 bytes=48 time_ms=713180
RX,REAL,,5,68,48,714186.304,713755,714186.304,713180,713755,36.304000000003725,1840,714186304	ID:1	[INFO: Metric    ] METRIC_RX type=REAL src=5 seq=68 send_ms=713180 recv_ms=713755 bytes=48
TX,REAL,4,,67,48,718154.0,717205,718154.0,,,,1842,718154000	ID:4	[INFO: Metric    ] METRIC_TX type=REAL node=4 seq=67 bytes=48 time_ms=717205
TX,DUMMY,4,,13,48,718155.0,717206,718155.0,,,,1843,718155000	ID:4	[INFO: Metric    ] METRIC_TX type=DUMMY node=4 seq=13 bytes=48 time_ms=717206
RX,REAL,,4,67,48,718190.304,717759,718190.304,717205,717759,36.304000000003725,1844,718190304	ID:1	[INFO: Metric    ] METRIC_RX type=REAL src=4 seq=67 send_ms=717205 recv_ms=717759 bytes=48
RX,DUMMY,,4,13,48,718247.168,717816,718247.168,717206,717816,,1846,718247168	ID:1	[INFO: Metric    ] METRIC_RX type=DUMMY src=4 seq=13 send_ms=717206 recv_ms=717816 bytes=48
TX,REAL,7,,70,48,719148.0,719126,719148.0,,,,1850,719148000	ID:7	[INFO: Metric    ] METRIC_TX type=REAL node=7 seq=70 bytes=48 time_ms=719126
TX,DUMMY,7,,23,48,719149.0,719127,719149.0,,,,1851,719149000	ID:7	[INFO: Metric    ] METRIC_TX type=DUMMY node=7 seq=23 bytes=48 time_ms=719127
RX,REAL,,7,70,48,719154.88,718723,719154.88,719126,718723,6.880000000004657,1852,719154880	ID:1	[INFO: Metric    ] METRIC_RX type=REAL src=7 seq=70 send_ms=719126 recv_ms=718723 bytes=48
RX,DUMMY,,7,23,48,719180.88,718749,719180.88,719127,718749,,1853,719180880	ID:1	[INFO: Metric    ] METRIC_RX type=DUMMY src=7 seq=23 send_ms=719127 recv_ms=718749 bytes=48
TX,REAL,2,,71,48,719461.0,719068,719461.0,,,,1856,719461000	ID:2	[INFO: Metric    ] METRIC_TX type=REAL node=2 seq=71 bytes=48 time_ms=719068
RX,REAL,,2,71,48,719468.88,719037,719468.88,719068,719037,7.880000000004657,1857,719468880	ID:1	[INFO: Metric    ] METRIC_RX type=REAL src=2 seq=71 send_ms=719068 recv_ms=719037 bytes=48
TX,REAL,6,,69,48,719916.0,719828,719916.0,,,,1859,719916000	ID:6	[INFO: Metric    ] METRIC_TX type=REAL node=6 seq=69 bytes=48 time_ms=719828
RX,REAL,,6,69,48,719921.88,719490,719921.88,719828,719490,5.880000000004657,1860,719921880	ID:1	[INFO: Metric    ] METRIC_RX type=REAL src=6 seq=69 send_ms=719828 recv_ms=719490 bytes=48
TX,REAL,3,,70,48,720066.0,719854,720066.0,,,,1864,720066000	ID:3	[INFO: Metric    ] METRIC_TX type=REAL node=3 seq=70 bytes=48 time_ms=719854
RX,REAL,,3,70,48,720134.168,719703,720134.168,719854,719703,68.16799999994691,1865,720134168	ID:1	[INFO: Metric    ] METRIC_RX type=REAL src=3 seq=70 send_ms=719854 recv_ms=719703 bytes=48
TX,REAL,5,,69,48,724151.0,723181,724151.0,,,,1867,724151000	ID:5	[INFO: Metric    ] METRIC_TX type=REAL node=5 seq=69 bytes=48 time_ms=723181
RX,REAL,,5,69,48,724181.168,723750,724181.168,723181,723750,30.167999999946915,1868,724181168	ID:1	[INFO: Metric    ] METRIC_RX type=REAL src=5 seq=69 send_ms=723181 recv_ms=723750 bytes=48
TX,REAL,4,,68,48,728156.0,727207,728156.0,,,,1871,728156000	ID:4	[INFO: Metric    ] METRIC_TX type=REAL node=4 seq=68 bytes=48 time_ms=727207
RX,REAL,,4,68,48,728194.168,727763,728194.168,727207,727763,38.167999999946915,1872,728194168	ID:1	[INFO: Metric    ] METRIC_RX type=REAL src=4 seq=68 send_ms=727207 recv_ms=727763 bytes=48
TX,REAL,2,,72,48,728462.0,728069,728462.0,,,,1874,728462000	ID:2	[INFO: Metric    ] METRIC_TX type=REAL node=2 seq=72 bytes=48 time_ms=728069
RX,REAL,,2,72,48,728507.88,728076,728507.88,728069,728076,45.88000000000466,1875,728507880	ID:1	[INFO: Metric    ] METRIC_RX type=REAL src=2 seq=72 send_ms=728069 recv_ms=728076 bytes=48
TX,REAL,6,,70,48,728917.0,728829,728917.0,,,,1879,728917000	ID:6	[INFO: Metric    ] METRIC_TX type=REAL node=6 seq=70 bytes=48 time_ms=728829
TX,DUMMY,6,,21,48,728918.0,728830,728918.0,,,,1880,728918000	ID:6	[INFO: Metric    ] METRIC_TX type=DUMMY node=6 seq=21 bytes=48 time_ms=728830
RX,REAL,,6,70,48,728947.88,728516,728947.88,728829,728516,30.880000000004657,1881,728947880	ID:1	[INFO: Metric    ] METRIC_RX type=REAL src=6 seq=70 send_ms=728829 recv_ms=728516 bytes=48
RX,DUMMY,,6,21,48,728955.88,728524,728955.88,728830,728524,,1882,728955880	ID:1	[INFO: Metric    ] METRIC_RX type=DUMMY src=6 seq=21 send_ms=728830 recv_ms=728524 bytes=48
TX,REAL,3,,71,48,730067.0,729855,730067.0,,,,1885,730067000	ID:3	[INFO: Metric    ] METRIC_TX type=REAL node=3 seq=71 bytes=48 time_ms=729855
TX,DUMMY,3,,20,48,730068.0,729856,730068.0,,,,1886,730068000	ID:3	[INFO: Metric    ] METRIC_TX type=DUMMY node=3 seq=20 bytes=48 time_ms=729856
RX,REAL,,3,71,48,730142.168,729711,730142.168,729855,729711,75.16799999994691,1887,730142168	ID:1	[INFO: Metric    ] METRIC_RX type=REAL src=3 seq=71 send_ms=729855 recv_ms=729711 bytes=48
TX,REAL,7,,71,48,730150.0,730128,730150.0,,,,1888,730150000	ID:7	[INFO: Metric    ] METRIC_TX type=REAL node=7 seq=71 bytes=48 time_ms=730128
TX,DUMMY,7,,24,48,730151.0,730129,730151.0,,,,1889,730151000	ID:7	[INFO: Metric    ] METRIC_TX type=DUMMY node=7 seq=24 bytes=48 time_ms=730129
RX,DUMMY,,3,20,48,730172.168,729741,730172.168,729856,729741,,1890,730172168	ID:1	[INFO: Metric    ] METRIC_RX type=DUMMY src=3 seq=20 send_ms=729856 recv_ms=729741 bytes=48
RX,REAL,,7,71,48,730213.88,729782,730213.88,730128,729782,63.88000000000466,1891,730213880	ID:1	[INFO: Metric    ] METRIC_RX type=REAL src=7 seq=71 send_ms=730128 recv_ms=729782 bytes=48
RX,DUMMY,,7,24,48,730229.88,729798,730229.88,730129,729798,,1893,730229880	ID:1	[INFO: Metric    ] METRIC_RX type=DUMMY src=7 seq=24 send_ms=730129 recv_ms=729798 bytes=48
TX,REAL,5,,70,48,733152.0,732182,733152.0,,,,1899,733152000	ID:5	[INFO: Metric    ] METRIC_TX type=REAL node=5 seq=70 bytes=48 time_ms=732182
RX,REAL,,5,70,48,733211.168,732780,733211.168,732182,732780,59.167999999946915,1900,733211168	ID:1	[INFO: Metric    ] METRIC_RX type=REAL src=5 seq=70 send_ms=732182 recv_ms=732780 bytes=48
TX,REAL,2,,73,48,737463.0,737070,737463.0,,,,1902,737463000	ID:2	[INFO: Metric    ] METRIC_TX type=REAL node=2 seq=73 bytes=48 time_ms=737070
RX,REAL,,2,73,48,737503.88,737072,737503.88,737070,737072,40.88000000000466,1903,737503880	ID:1	[INFO: Metric    ] METRIC_RX type=REAL src=2 seq=73 send_ms=737070 recv_ms=737072 bytes=48
TX,REAL,4,,69,48,738157.0,737208,738157.0,,,,1906,738157000	ID:4	[INFO: Metric    ] METRIC_TX type=REAL node=4 seq=69 bytes=48 time_ms=737208
RX,REAL,,4,69,48,738225.168,737794,738225.168,737208,737794,68.16799999994691,1907,738225168	ID:1	[INFO: Metric    ] METRIC_RX type=REAL src=4 seq=69 send_ms=737208 recv_ms=737794 bytes=48
TX,REAL,6,,71,48,738919.0,738831,738919.0,,,,1909,738919000	ID:6	[INFO: Metric    ] METRIC_TX type=REAL node=6 seq=71 bytes=48 time_ms=738831
RX,REAL,,6,71,48,738938.88,738507,738938.88,738831,738507,19.880000000004657,1910,738938880	ID:1	[INFO: Metric    ] METRIC_RX type=REAL src=6 seq=71 send_ms=738831 recv_ms=738507 bytes=48
TX,REAL,3,,72,48,739069.0,738857,739069.0,,,,1912,739069000	ID:3	[INFO: Metric    ] METRIC_TX type=REAL node=3 seq=72 bytes=48 time_ms=738857
RX,REAL,,3,72,48,739094.168,738663,739094.168,738857,738663,25.167999999946915,1913,739094168	ID:1	[INFO: Metric    ] METRIC_RX type=REAL src=3 seq=72 send_ms=738857 recv_ms=738663 bytes=48
TX,REAL,7,,72,48,739152.0,739130,739152.0,,,,1915,739152000	ID:7	[INFO: Metric    ] METRIC_TX type=REAL node=7 seq=72 bytes=48 time_ms=739130
RX,REAL,,7,72,48,739179.88,738748,739179.88,739130,738748,27.880000000004657,1916,739179880	ID:1	[INFO: Metric    ] METRIC_RX type=REAL src=7 seq=72 send_ms=739130 recv_ms=738748 bytes=48
TX,REAL,5,,71,48,744153.0,743183,744153.0,,,,1918,744153000	ID:5	[INFO: Metric    ] METRIC_TX type=REAL node=5 seq=71 bytes=48 time_ms=743183
RX,REAL,,5,71,48,744208.168,743777,744208.168,743183,743777,55.167999999946915,1919,744208168	ID:1	[INFO: Metric    ] METRIC_RX type=REAL src=5 seq=71 send_ms=743183 recv_ms=743777 bytes=48
TX,REAL,6,,72,48,746920.0,746832,746920.0,,,,1921,746920000	ID:6	[INFO: Metric    ] METRIC_TX type=REAL node=6 seq=72 bytes=48 time_ms=746832
TX,DUMMY,6,,22,48,746921.0,746833,746921.0,,,,1922,746921000	ID:6	[INFO: Metric    ] METRIC_TX type=DUMMY node=6 seq=22 bytes=48 time_ms=746833
RX,REAL,,6,72,48,746939.88,746508,746939.88,746832,746508,19.880000000004657,1923,746939880	ID:1	[INFO: Metric    ] METRIC_RX type=REAL src=6 seq=72 send_ms=746832 recv_ms=746508 bytes=48
RX,DUMMY,,6,22,48,746950.88,746519,746950.88,746833,746519,,1924,746950880	ID:1	[INFO: Metric    ] METRIC_RX type=DUMMY src=6 seq=22 send_ms=746833 recv_ms=746519 bytes=48
TX,REAL,7,,73,48,748153.0,748131,748153.0,,,,1927,748153000	ID:7	[INFO: Metric    ] METRIC_TX type=REAL node=7 seq=73 bytes=48 time_ms=748131
RX,REAL,,7,73,48,748171.88,747740,748171.88,748131,747740,18.880000000004657,1928,748171880	ID:1	[INFO: Metric    ] METRIC_RX type=REAL src=7 seq=73 send_ms=748131 recv_ms=747740 bytes=48
TX,REAL,2,,74,48,748464.0,748071,748464.0,,,,1930,748464000	ID:2	[INFO: Metric    ] METRIC_TX type=REAL node=2 seq=74 bytes=48 time_ms=748071
TX,DUMMY,2,,21,48,748465.0,748072,748465.0,,,,1931,748465000	ID:2	[INFO: Metric    ] METRIC_TX type=DUMMY node=2 seq=21 bytes=48 time_ms=748072
RX,REAL,,2,74,48,748501.88,748070,748501.88,748071,748070,37.88000000000466,1932,748501880	ID:1	[INFO: Metric    ] METRIC_RX type=REAL src=2 seq=74 send_ms=748071 recv_ms=748070 bytes=48
RX,DUMMY,,2,21,48,748509.88,748078,748509.88,748072,748078,,1933,748509880	ID:1	[INFO: Metric    ] METRIC_RX type=DUMMY src=2 seq=21 send_ms=748072 recv_ms=748078 bytes=48
TX,REAL,4,,70,48,749158.0,748209,749158.0,,,,1939,749158000	ID:4	[INFO: Metric    ] METRIC_TX type=REAL node=4 seq=70 bytes=48 time_ms=748209
RX,REAL,,4,70,48,749202.168,748771,749202.168,748209,748771,44.167999999946915,1940,749202168	ID:1	[INFO: Metric    ] METRIC_RX type=REAL src=4 seq=70 send_ms=748209 recv_ms=748771 bytes=48
TX,REAL,3,,73,48,750070.0,749858,750070.0,,,,1942,750070000	ID:3	[INFO: Metric    ] METRIC_TX type=REAL node=3 seq=73 bytes=48 time_ms=749858
RX,REAL,,3,73,48,750149.168,749718,750149.168,749858,749718,79.16799999994691,1943,750149168	ID:1	[INFO: Metric    ] METRIC_RX type=REAL src=3 seq=73 send_ms=749858 recv_ms=749718 bytes=48
TX,REAL,5,,72,48,754154.0,753184,754154.0,,,,1945,754154000	ID:5	[INFO: Metric    ] METRIC_TX type=REAL node=5 seq=72 bytes=48 time_ms=753184
RX,REAL,,5,72,48,754206.168,753775,754206.168,753184,753775,52.167999999946915,1946,754206168	ID:1	[INFO: Metric    ] METRIC_RX type=REAL src=5 seq=72 send_ms=753184 recv_ms=753775 bytes=48
TX,REAL,6,,73,48,755922.0,755834,755922.0,,,,1948,755922000	ID:6	[INFO: Metric    ] METRIC_TX type=REAL node=6 seq=73 bytes=48 time_ms=755834
TX,DUMMY,6,,23,48,755923.0,755835,755923.0,,,,1949,755923000	ID:6	[INFO: Metric    ] METRIC_TX type=DUMMY node=6 seq=23 bytes=48 time_ms=755835
RX,REAL,,6,73,48,755928.88,755497,755928.88,755834,755497,6.880000000004657,1950,755928880	ID:1	[INFO: Metric    ] METRIC_RX type=REAL src=6 seq=73 send_ms=755834 recv_ms=755497 bytes=48
RX,DUMMY,,6,23,48,755960.88,755529,755960.88,755835,755529,,1952,755960880	ID:1	[INFO: Metric    ] METRIC_RX type=DUMMY src=6 seq=23 send_ms=755835 recv_ms=755529 bytes=48
TX,REAL,2,,75,48,757466.0,757073,757466.0,,,,1954,757466000	ID:2	[INFO: Metric    ] METRIC_TX type=REAL node=2 seq=75 bytes=48 time_ms=757073
RX,REAL,,2,75,48,757498.88,757067,757498.88,757073,757067,32.88000000000466,1955,757498880	ID:1	[INFO: Metric    ] METRIC_RX type=REAL src=2 seq=75 send_ms=757073 recv_ms=757067 bytes=48
TX,REAL,7,,74,48,758154.0,758132,758154.0,,,,1957,758154000	ID:7	[INFO: Metric    ] METRIC_TX type=REAL node=7 seq=74 bytes=48 time_ms=758132
TX,DUMMY,7,,25,48,758155.0,758133,758155.0,,,,1958,758155000	ID:7	[INFO: Metric    ] METRIC_TX type=DUMMY node=7 seq=25 bytes=48 time_ms=758133
RX,REAL,,7,74,48,758188.88,757757,758188.88,758132,757757,34.88000000000466,1959,758188880	ID:1	[INFO: Metric    ] METRIC_RX type=REAL src=7 seq=74 send_ms=758132 recv_ms=757757 bytes=48
RX,DUMMY,,7,25,48,758228.88,757797,758228.88,758133,757797,,1961,758228880	ID:1	[INFO: Metric    ] METRIC_RX type=DUMMY src=7 seq=25 send_ms=758133 recv_ms=757797 bytes=48
TX,REAL,3,,74,48,759071.0,758859,759071.0,,,,1963,759071000	ID:3	[INFO: Metric    ] METRIC_TX type=REAL node=3 seq=74 bytes=48 time_ms=758859
RX,REAL,,3,74,48,759092.168,758661,759092.168,758859,758661,21.167999999946915,1964,759092168	ID:1	[INFO: Metric    ] METRIC_RX type=REAL src=3 seq=74 send_ms=758859 recv_ms=758661 bytes=48
TX,REAL,4,,71,48,760159.0,759210,760159.0,,,,1966,760159000	ID:4	[INFO: Metric    ] METRIC_TX type=REAL node=4 seq=71 bytes=48 time_ms=759210
RX,REAL,,4,71,48,760243.168,759812,760243.168,759210,759812,84.16799999994691,1967,760243168	ID:1	[INFO: Metric    ] METRIC_RX type=REAL src=4 seq=71 send_ms=759210 recv_ms=759812 bytes=48
TX,REAL,2,,76,48,765467.0,765074,765467.0,,,,1970,765467000	ID:2	[INFO: Metric    ] METRIC_TX type=REAL node=2 seq=76 bytes=48 time_ms=765074
TX,DUMMY,2,,22,48,765468.0,765075,765468.0,,,,1971,765468000	ID:2	[INFO: Metric    ] METRIC_TX type=DUMMY node=2 seq=22 bytes=48 time_ms=765075
RX,REAL,,2,76,48,765500.88,765069,765500.88,765074,765069,33.88000000000466,1972,765500880	ID:1	[INFO: Metric    ] METRIC_RX type=REAL src=2 seq=76 send_ms=765074 recv_ms=765069 bytes=48
RX,DUMMY,,2,22,48,765531.88,765100,765531.88,765075,765100,,1973,765531880	ID:1	[INFO: Metric    ] METRIC_RX type=DUMMY src=2 seq=22 send_ms=765075 recv_ms=765100 bytes=48
TX,REAL,6,,74,48,765924.0,765836,765924.0,,,,1976,765924000	ID:6	[INFO: Metric    ] METRIC_TX type=REAL node=6 seq=74 bytes=48 time_ms=765836
RX,REAL,,6,74,48,765953.88,765522,765953.88,765836,765522,29.880000000004657,1977,765953880	ID:1	[INFO: Metric    ] METRIC_RX type=REAL src=6 seq=74 send_ms=765836 recv_ms=765522 bytes=48
TX,REAL,5,,73,48,766155.0,765185,766155.0,,,,1979,766155000	ID:5	[INFO: Metric    ] METRIC_TX type=REAL node=5 seq=73 bytes=48 time_ms=765185
RX,REAL,,5,73,48,766173.168,765742,766173.168,765185,765742,18.167999999946915,1980,766173168	ID:1	[INFO: Metric    ] METRIC_RX type=REAL src=5 seq=73 send_ms=765185 recv_ms=765742 bytes=48
TX,REAL,3,,75,48,768072.0,767860,768072.0,,,,1982,768072000	ID:3	[INFO: Metric    ] METRIC_TX type=REAL node=3 seq=75 bytes=48 time_ms=767860
RX,REAL,,3,75,48,768111.168,767680,768111.168,767860,767680,39.167999999946915,1983,768111168	ID:1	[INFO: Metric    ] METRIC_RX type=REAL src=3 seq=75 send_ms=767860 recv_ms=767680 bytes=48
TX,REAL,4,,72,48,769160.0,768211,769160.0,,,,1985,769160000	ID:4	[INFO: Metric    ] METRIC_TX type=REAL node=4 seq=72 bytes=48 time_ms=768211
RX,REAL,,4,72,48,769201.304,768770,769201.304,768211,768770,41.304000000003725,1986,769201304	ID:1	[INFO: Metric    ] METRIC_RX type=REAL src=4 seq=72 send_ms=768211 recv_ms=768770 bytes=48
TX,REAL,7,,75,48,770156.0,770134,770156.0,,,,1988,770156000	ID:7	[INFO: Metric    ] METRIC_TX type=REAL node=7 seq=75 bytes=48 time_ms=770134
TX,DUMMY,7,,26,48,770157.0,770135,770157.0,,,,1989,770157000	ID:7	[INFO: Metric    ] METRIC_TX type=DUMMY node=7 seq=26 bytes=48 time_ms=770135
RX,REAL,,7,75,48,770177.88,769746,770177.88,770134,769746,21.880000000004657,1990,770177880	ID:1	[INFO: Metric    ] METRIC_RX type=REAL src=7 seq=75 send_ms=770134 recv_ms=769746 bytes=48
RX,DUMMY,,7,26,48,770365.88,769934,770365.88,770135,769934,,1992,770365880	ID:1	[INFO: Metric    ] METRIC_RX type=DUMMY src=7 seq=26 send_ms=770135 recv_ms=769934 bytes=48
TX,REAL,2,,77,48,775469.0,775076,775469.0,,,,1994,775469000	ID:2	[INFO: Metric    ] METRIC_TX type=REAL node=2 seq=77 bytes=48 time_ms=775076
RX,REAL,,2,77,48,775481.88,775050,775481.88,775076,775050,12.880000000004657,1995,775481880	ID:1	[INFO: Metric    ] METRIC_RX type=REAL src=2 seq=77 send_ms=775076 recv_ms=775050 bytes=48
TX,REAL,5,,74,48,776156.0,775186,776156.0,,,,1997,776156000	ID:5	[INFO: Metric    ] METRIC_TX type=REAL node=5 seq=74 bytes=48 time_ms=775186
TX,DUMMY,5,,28,48,776157.0,775187,776157.0,,,,1998,776157000	ID:5	[INFO: Metric    ] METRIC_TX type=DUMMY node=5 seq=28 bytes=48 time_ms=775187
RX,REAL,,5,74,48,776242.168,775811,776242.168,775186,775811,86.16799999994691,1999,776242168	ID:1	[INFO: Metric    ] METRIC_RX type=REAL src=5 seq=74 send_ms=775186 recv_ms=775811 bytes=48
RX,DUMMY,,5,28,48,776288.592,775857,776288.592,775187,775857,,2002,776288592	ID:1	[INFO: Metric    ] METRIC_RX type=DUMMY src=5 seq=28 send_ms=775187 recv_ms=775857 bytes=48
TX,REAL,6,,75,48,776925.0,776837,776925.0,,,,2004,776925000	ID:6	[INFO: Metric    ] METRIC_TX type=REAL node=6 seq=75 bytes=48 time_ms=776837
RX,REAL,,6,75,48,776950.88,776519,776950.88,776837,776519,25.880000000004657,2005,776950880	ID:1	[INFO: Metric    ] METRIC_RX type=REAL src=6 seq=75 send_ms=776837 recv_ms=776519 bytes=48
TX,REAL,3,,76,48,779073.0,778861,779073.0,,,,2007,779073000	ID:3	[INFO: Metric    ] METRIC_TX type=REAL node=3 seq=76 bytes=48 time_ms=778861
TX,DUMMY,3,,21,48,779074.0,778862,779074.0,,,,2008,779074000	ID:3	[INFO: Metric    ] METRIC_TX type=DUMMY node=3 seq=21 bytes=48 time_ms=778862
TX,REAL,4,,73,48,779161.0,778212,779161.0,,,,2009,779161000	ID:4	[INFO: Metric    ] METRIC_TX type=REAL node=4 seq=73 bytes=48 time_ms=778212
RX,REAL,,4,73,48,779188.304,778757,779188.304,778212,778757,27.304000000003725,2010,779188304	ID:1	[INFO: Metric    ] METRIC_RX type=REAL src=4 seq=73 send_ms=778212 recv_ms=778757 bytes=48
RX,REAL,,3,76,48,779205.168,778774,779205.168,778861,778774,132.16799999994691,2011,779205168	ID:1	[INFO: Metric    ] METRIC_RX type=REAL src=3 seq=76 send_ms=778861 recv_ms=778774 bytes=48
RX,DUMMY,,3,21,48,779259.496,778828,779259.496,778862,778828,,2012,779259496	ID:1	[INFO: Metric    ] METRIC_RX type=DUMMY src=3 seq=21 send_ms=778862 recv_ms=778828 bytes=48
TX,REAL,7,,76,48,780158.0,780136,780158.0,,,,2016,780158000	ID:7	[INFO: Metric    ] METRIC_TX type=REAL node=7 seq=76 bytes=48 time_ms=780136
RX,REAL,,7,76,48,780177.88,779746,780177.88,780136,779746,19.880000000004657,2017,780177880	ID:1	[INFO: Metric    ] METRIC_RX type=REAL src=7 seq=76 send_ms=780136 recv_ms=779746 bytes=48
TX,REAL,6,,76,48,784926.0,784838,784926.0,,,,2019,784926000	ID:6	[INFO: Metric    ] METRIC_TX type=REAL node=6 seq=76 bytes=48 time_ms=784838
RX,REAL,,6,76,48,784949.88,784518,784949.88,784838,784518,23.880000000004657,2020,784949880	ID:1	[INFO: Metric    ] METRIC_RX type=REAL src=6 seq=76 send_ms=784838 recv_ms=784518 bytes=48
TX,REAL,2,,78,48,785470.0,785077,785470.0,,,,2022,785470000	ID:2	[INFO: Metric    ] METRIC_TX type=REAL node=2 seq=78 bytes=48 time_ms=785077
TX,DUMMY,2,,23,48,785471.0,785078,785471.0,,,,2023,785471000	ID:2	[INFO: Metric    ] METRIC_TX type=DUMMY node=2 seq=23 bytes=48 time_ms=785078
RX,REAL,,2,78,48,785485.88,785054,785485.88,785077,785054,15.880000000004657,2024,785485880	ID:1	[INFO: Metric    ] METRIC_RX type=REAL src=2 seq=78 send_ms=785077 recv_ms=785054 bytes=48
RX,DUMMY,,2,23,48,785492.76,785061,785492.76,785078,785061,,2025,785492760	ID:1	[INFO: Metric    ] METRIC_RX type=DUMMY src=2 seq=23 send_ms=785078 recv_ms=785061 bytes=48
TX,REAL,5,,75,48,787158.0,786188,787158.0,,,,2028,787158000	ID:5	[INFO: Metric    ] METRIC_TX type=REAL node=5 seq=75 bytes=48 time_ms=786188
TX,DUMMY,5,,29,48,787159.0,786189,787159.0,,,,2029,787159000	ID:5	[INFO: Metric    ] METRIC_TX type=DUMMY node=5 seq=29 bytes=48 time_ms=786189
RX,REAL,,5,75,48,787234.168,786803,787234.168,786188,786803,76.16799999994691,2030,787234168	ID:1	[INFO: Metric    ] METRIC_RX type=REAL src=5 seq=75 send_ms=786188 recv_ms=786803 bytes=48
RX,DUMMY,,5,29,48,787336.168,786905,787336.168,786189,786905,,2033,787336168	ID:1	[INFO: Metric    ] METRIC_RX type=DUMMY src=5 seq=29 send_ms=786189 recv_ms=786905 bytes=48
TX,REAL,3,,77,48,791075.0,790863,791075.0,,,,2035,791075000	ID:3	[INFO: Metric    ] METRIC_TX type=REAL node=3 seq=77 bytes=48 time_ms=790863
TX,DUMMY,3,,22,48,791076.0,790864,791076.0,,,,2036,791076000	ID:3	[INFO: Metric    ] METRIC_TX type=DUMMY node=3 seq=22 bytes=48 time_ms=790864
RX,REAL,,3,77,48,791099.304,790668,791099.304,790863,790668,24.304000000003725,2037,791099304	ID:1	[INFO: Metric    ] METRIC_RX type=REAL src=3 seq=77 send_ms=790863 recv_ms=790668 bytes=48
TX,REAL,7,,77,48,791159.0,791137,791159.0,,,,2039,791159000	ID:7	[INFO: Metric    ] METRIC_TX type=REAL node=7 seq=77 bytes=48 time_ms=791137
TX,DUMMY,7,,27,48,791160.0,791138,791160.0,,,,2040,791160000	ID:7	[INFO: Metric    ] METRIC_TX type=DUMMY node=7 seq=27 bytes=48 time_ms=791138
TX,REAL,4,,74,48,791162.0,790213,791162.0,,,,2041,791162000	ID:4	[INFO: Metric    ] METRIC_TX type=REAL node=4 seq=74 bytes=48 time_ms=790213
RX,REAL,,7,77,48,791188.88,790757,791188.88,791137,790757,29.880000000004657,2042,791188880	ID:1	[INFO: Metric    ] METRIC_RX type=REAL src=7 seq=77 send_ms=791137 recv_ms=790757 bytes=48
RX,DUMMY,,3,22,48,791211.168,790780,791211.168,790864,790780,,2043,791211168	ID:1	[INFO: Metric    ] METRIC_RX type=DUMMY src=3 seq=22 send_ms=790864 recv_ms=790780 bytes=48
RX,DUMMY,,7,27,48,791217.88,790786,791217.88,791138,790786,,2044,791217880	ID:1	[INFO: Metric    ] METRIC_RX type=DUMMY src=7 seq=27 send_ms=791138 recv_ms=790786 bytes=48
RX,REAL,,4,74,48,791298.168,790867,791298.168,790213,790867,136.16799999994691,2048,791298168	ID:1	[INFO: Metric    ] METRIC_RX type=REAL src=4 seq=74 send_ms=790213 recv_ms=790867 bytes=48
TX,REAL,6,,77,48,792927.0,792839,792927.0,,,,2050,792927000	ID:6	[INFO: Metric    ] METRIC_TX type=REAL node=6 seq=77 bytes=48 time_ms=792839
RX,REAL,,6,77,48,792957.88,792526,792957.88,792839,792526,30.880000000004657,2051,792957880	ID:1	[INFO: Metric    ] METRIC_RX type=REAL src=6 seq=77 send_ms=792839 recv_ms=792526 bytes=48
TX,REAL,2,,79,48,794472.0,794079,794472.0,,,,2053,794472000	ID:2	[INFO: Metric    ] METRIC_TX type=REAL node=2 seq=79 bytes=48 time_ms=794079
TX,DUMMY,2,,24,48,794473.0,794080,794473.0,,,,2054,794473000	ID:2	[INFO: Metric    ] METRIC_TX type=DUMMY node=2 seq=24 bytes=48 time_ms=794080
RX,REAL,,2,79,48,794512.88,794081,794512.88,794079,794081,40.88000000000466,2055,794512880	ID:1	[INFO: Metric    ] METRIC_RX type=REAL src=2 seq=79 send_ms=794079 recv_ms=794081 bytes=48
RX,DUMMY,,2,24,48,794531.76,794100,794531.76,794080,794100,,2057,794531760	ID:1	[INFO: Metric    ] METRIC_RX type=DUMMY src=2 seq=24 send_ms=794080 recv_ms=794100 bytes=48
TX,REAL,5,,76,48,797160.0,796190,797160.0,,,,2059,797160000	ID:5	[INFO: Metric    ] METRIC_TX type=REAL node=5 seq=76 bytes=48 time_ms=796190
RX,REAL,,5,76,48,797243.168,796812,797243.168,796190,796812,83.16799999994691,2060,797243168	ID:1	[INFO: Metric    ] METRIC_RX type=REAL src=5 seq=76 send_ms=796190 recv_ms=796812 bytes=48
TX,REAL,3,,78,48,799077.0,798865,799077.0,,,,2063,799077000	ID:3	[INFO: Metric    ] METRIC_TX type=REAL node=3 seq=78 bytes=48 time_ms=798865
RX,REAL,,3,78,48,799100.304,798669,799100.304,798865,798669,23.304000000003725,2064,799100304	ID:1	[INFO: Metric    ] METRIC_RX type=REAL src=3 seq=78 send_ms=798865 recv_ms=798669 bytes=48
TX,REAL,7,,78,48,800161.0,800139,800161.0,,,,2066,800161000	ID:7	[INFO: Metric    ] METRIC_TX type=REAL node=7 seq=78 bytes=48 time_ms=800139
RX,REAL,,7,78,48,800181.88,799750,800181.88,800139,799750,20.880000000004657,2067,800181880	ID:1	[INFO: Metric    ] METRIC_RX type=REAL src=7 seq=78 send_ms=800139 recv_ms=799750 bytes=48
TX,REAL,4,,75,48,802163.0,801214,802163.0,,,,2069,802163000	ID:4	[INFO: Metric    ] METRIC_TX type=REAL node=4 seq=75 bytes=48 time_ms=801214
TX,DUMMY,4,,14,48,802164.0,801215,802164.0,,,,2070,802164000	ID:4	[INFO: Metric    ] METRIC_TX type=DUMMY node=4 seq=14 bytes=48 time_ms=801215
RX,REAL,,4,75,48,802214.168,801783,802214.168,801214,801783,51.167999999946915,2071,802214168	ID:1	[INFO: Metric    ] METRIC_RX type=REAL src=4 seq=75 send_ms=801214 recv_ms=801783 bytes=48
RX,DUMMY,,4,14,48,802232.168,801801,802232.168,801215,801801,,2072,802232168	ID:1	[INFO: Metric    ] METRIC_RX type=DUMMY src=4 seq=14 send_ms=801215 recv_ms=801801 bytes=48
TX,REAL,2,,80,48,804474.0,804081,804474.0,,,,2077,804474000	ID:2	[INFO: Metric    ] METRIC_TX type=REAL node=2 seq=80 bytes=48 time_ms=804081
TX,DUMMY,2,,25,48,804475.0,804082,804475.0,,,,2078,804475000	ID:2	[INFO: Metric    ] METRIC_TX type=DUMMY node=2 seq=25 bytes=48 time_ms=804082
RX,REAL,,2,80,48,804480.88,804049,804480.88,804081,804049,6.880000000004657,2079,804480880	ID:1	[INFO: Metric    ] METRIC_RX type=REAL src=2 seq=80 send_ms=804081 recv_ms=804049 bytes=48
RX,DUMMY,,2,25,48,804501.88,804070,804501.88,804082,804070,,2081,804501880	ID:1	[INFO: Metric    ] METRIC_RX type=DUMMY src=2 seq=25 send_ms=804082 recv_ms=804070 bytes=48
TX,REAL,6,,78,48,804928.0,804840,804928.0,,,,2083,804928000	ID:6	[INFO: Metric    ] METRIC_TX type=REAL node=6 seq=78 bytes=48 time_ms=804840
RX,REAL,,6,78,48,804972.88,804541,804972.88,804840,804541,44.88000000000466,2084,804972880	ID:1	[INFO: Metric    ] METRIC_RX type=REAL src=6 seq=78 send_ms=804840 recv_ms=804541 bytes=48
TX,REAL,5,,77,48,806161.0,805191,806161.0,,,,2086,806161000	ID:5	[INFO: Metric    ] METRIC_TX type=REAL node=5 seq=77 bytes=48 time_ms=805191
RX,REAL,,5,77,48,806215.168,805784,806215.168,805191,805784,54.167999999946915,2087,806215168	ID:1	[INFO: Metric    ] METRIC_RX type=REAL src=5 seq=77 send_ms=805191 recv_ms=805784 bytes=48
TX,REAL,7,,79,48,808162.0,808140,808162.0,,,,2089,808162000	ID:7	[INFO: Metric    ] METRIC_TX type=REAL node=7 seq=79 bytes=48 time_ms=808140
TX,DUMMY,7,,28,48,808163.0,808141,808163.0,,,,2090,808163000	ID:7	[INFO: Metric    ] METRIC_TX type=DUMMY node=7 seq=28 bytes=48 time_ms=808141
RX,REAL,,7,79,48,808198.88,807767,808198.88,808140,807767,36.88000000000466,2091,808198880	ID:1	[INFO: Metric    ] METRIC_RX type=REAL src=7 seq=79 send_ms=808140 recv_ms=807767 bytes=48
RX,DUMMY,,7,28,48,808210.88,807779,808210.88,808141,807779,,2092,808210880	ID:1	[INFO: Metric    ] METRIC_RX type=DUMMY src=7 seq=28 send_ms=808141 recv_ms=807779 bytes=48
TX,REAL,3,,79,48,809078.0,808866,809078.0,,,,2096,809078000	ID:3	[INFO: Metric    ] METRIC_TX type=REAL node=3 seq=79 bytes=48 time_ms=808866
TX,DUMMY,3,,23,48,809079.0,808867,809079.0,,,,2097,809079000	ID:3	[INFO: Metric    ] METRIC_TX type=DUMMY node=3 seq=23 bytes=48 time_ms=808867
RX,REAL,,3,79,48,809277.168,808846,809277.168,808866,808846,199.16799999994691,2098,809277168	ID:1	[INFO: Metric    ] METRIC_RX type=REAL src=3 seq=79 send_ms=808866 recv_ms=808846 bytes=48
RX,DUMMY,,3,23,48,809326.592,808895,809326.592,808867,808895,,2100,809326592	ID:1	[INFO: Metric    ] METRIC_RX type=DUMMY src=3 seq=23 send_ms=808867 recv_ms=808895 bytes=48
TX,REAL,4,,76,48,812165.0,811216,812165.0,,,,2102,812165000	ID:4	[INFO: Metric    ] METRIC_TX type=REAL node=4 seq=76 bytes=48 time_ms=811216
RX,REAL,,4,76,48,812211.168,811780,812211.168,811216,811780,46.167999999946915,2103,812211168	ID:1	[INFO: Metric    ] METRIC_RX type=REAL src=4 seq=76 send_ms=811216 recv_ms=811780 bytes=48
TX,REAL,2,,81,48,814476.0,814083,814476.0,,,,2105,814476000	ID:2	[INFO: Metric    ] METRIC_TX type=REAL node=2 seq=81 bytes=48 time_ms=814083
TX,DUMMY,2,,26,48,814477.0,814084,814477.0,,,,2106,814477000	ID:2	[INFO: Metric    ] METRIC_TX type=DUMMY node=2 seq=26 bytes=48 time_ms=814084
RX,REAL,,2,81,48,814482.88,814051,814482.88,814083,814051,6.880000000004657,2107,814482880	ID:1	[INFO: Metric    ] METRIC_RX type=REAL src=2 seq=81 send_ms=814083 recv_ms=814051 bytes=48
RX,DUMMY,,2,26,48,814570.88,814139,814570.88,814084,814139,,2109,814570880	ID:1	[INFO: Metric    ] METRIC_RX type=DUMMY src=2 seq=26 send_ms=814084 recv_ms=814139 bytes=48
TX,REAL,5,,78,48,815162.0,814192,815162.0,,,,2111,815162000	ID:5	[INFO: Metric    ] METRIC_TX type=REAL node=5 seq=78 bytes=48 time_ms=814192
TX,DUMMY,5,,30,48,815163.0,814193,815163.0,,,,2112,815163000	ID:5	[INFO: Metric    ] METRIC_TX type=DUMMY node=5 seq=30 bytes=48 time_ms=814193
RX,REAL,,5,78,48,815213.168,814782,815213.168,814192,814782,51.167999999946915,2113,815213168	ID:1	[INFO: Metric    ] METRIC_RX type=REAL src=5 seq=78 send_ms=814192 recv_ms=814782 bytes=48
RX,DUMMY,,5,30,48,815285.168,814854,815285.168,814193,814854,,2115,815285168	ID:1	[INFO: Metric    ] METRIC_RX type=DUMMY src=5 seq=30 send_ms=814193 recv_ms=814854 bytes=48
TX,REAL,6,,79,48,815929.0,815841,815929.0,,,,2117,815929000	ID:6	[INFO: Metric    ] METRIC_TX type=REAL node=6 seq=79 bytes=48 time_ms=815841
RX,REAL,,6,79,48,815943.88,815512,815943.88,815841,815512,14.880000000004657,2118,815943880	ID:1	[INFO: Metric    ] METRIC_RX type=REAL src=6 seq=79 send_ms=815841 recv_ms=815512 bytes=48
TX,REAL,7,,80,48,816164.0,816142,816164.0,,,,2122,816164000	ID:7	[INFO: Metric    ] METRIC_TX type=REAL node=7 seq=80 bytes=48 time_ms=816142
RX,REAL,,7,80,48,816183.88,815752,816183.88,816142,815752,19.880000000004657,2123,816183880	ID:1	[INFO: Metric    ] METRIC_RX type=REAL src=7 seq=80 send_ms=816142 recv_ms=815752 bytes=48
TX,REAL,3,,80,48,817080.0,816868,817080.0,,,,2127,817080000	ID:3	[INFO: Metric    ] METRIC_TX type=REAL node=3 seq=80 bytes=48 time_ms=816868
RX,REAL,,3,80,48,817131.168,816700,817131.168,816868,816700,51.167999999946915,2128,817131168	ID:1	[INFO: Metric    ] METRIC_RX type=REAL src=3 seq=80 send_ms=816868 recv_ms=816700 bytes=48
TX,REAL,4,,77,48,820166.0,819217,820166.0,,,,2131,820166000	ID:4	[INFO: Metric    ] METRIC_TX type=REAL node=4 seq=77 bytes=48 time_ms=819217
RX,REAL,,4,77,48,820224.168,819793,820224.168,819217,819793,58.167999999946915,2132,820224168	ID:1	[INFO: Metric    ] METRIC_RX type=REAL src=4 seq=77 send_ms=819217 recv_ms=819793 bytes=48
TX,REAL,2,,82,48,822478.0,822085,822478.0,,,,2134,822478000	ID:2	[INFO: Metric    ] METRIC_TX type=REAL node=2 seq=82 bytes=48 time_ms=822085
RX,REAL,,2,82,48,822510.88,822079,822510.88,822085,822079,32.88000000000466,2135,822510880	ID:1	[INFO: Metric    ] METRIC_RX type=REAL src=2 seq=82 send_ms=822085 recv_ms=822079 bytes=48
TX,REAL,6,,80,48,823930.0,823842,823930.0,,,,2139,823930000	ID:6	[INFO: Metric    ] METRIC_TX type=REAL node=6 seq=80 bytes=48 time_ms=823842
TX,DUMMY,6,,24,48,823931.0,823843,823931.0,,,,2140,823931000	ID:6	[INFO: Metric    ] METRIC_TX type=DUMMY node=6 seq=24 bytes=48 time_ms=823843
RX,REAL,,6,80,48,823966.88,823535,823966.88,823842,823535,36.88000000000466,2141,823966880	ID:1	[INFO: Metric    ] METRIC_RX type=REAL src=6 seq=80 send_ms=823842 recv_ms=823535 bytes=48
RX,DUMMY,,6,24,48,823978.88,823547,823978.88,823843,823547,,2142,823978880	ID:1	[INFO: Metric    ] METRIC_RX type=DUMMY src=6 seq=24 send_ms=823843 recv_ms=823547 bytes=48
TX,REAL,3,,81,48,825081.0,824869,825081.0,,,,2145,825081000	ID:3	[INFO: Metric    ] METRIC_TX type=REAL node=3 seq=81 bytes=48 time_ms=824869
TX,DUMMY,3,,24,48,825082.0,824870,825082.0,,,,2146,825082000	ID:3	[INFO: Metric    ] METRIC_TX type=DUMMY node=3 seq=24 bytes=48 time_ms=824870
RX,REAL,,3,81,48,825139.168,824708,825139.168,824869,824708,58.167999999946915,2147,825139168	ID:1	[INFO: Metric    ] METRIC_RX type=REAL src=3 seq=81 send_ms=824869 recv_ms=824708 bytes=48
RX,DUMMY,,3,24,48,825161.168,824730,825161.168,824870,824730,,2148,825161168	ID:1	[INFO: Metric    ] METRIC_RX type=DUMMY src=3 seq=24 send_ms=824870 recv_ms=824730 bytes=48
TX,REAL,7,,81,48,825164.168,825143,825164.168,,,,2149,825164168	ID:7	[INFO: Metric    ] METRIC_TX type=REAL node=7 seq=81 bytes=48 time_ms=825143
RX,REAL,,7,81,48,825197.88,824766,825197.88,825143,824766,33.71200000005774,2152,825197880	ID:1	[INFO: Metric    ] METRIC_RX type=REAL src=7 seq=81 send_ms=825143 recv_ms=824766 bytes=48
TX,REAL,5,,79,48,826164.0,825194,826164.0,,,,2154,826164000	ID:5	[INFO: Metric    ] METRIC_TX type=REAL node=5 seq=79 bytes=48 time_ms=825194
TX,DUMMY,5,,31,48,826165.0,825195,826165.0,,,,2155,826165000	ID:5	[INFO: Metric    ] METRIC_TX type=DUMMY node=5 seq=31 bytes=48 time_ms=825195
RX,REAL,,5,79,48,826204.168,825773,826204.168,825194,825773,40.167999999946915,2156,826204168	ID:1	[INFO: Metric    ] METRIC_RX type=REAL src=5 seq=79 send_ms=825194 recv_ms=825773 bytes=48
RX,DUMMY,,5,31,48,826250.168,825819,826250.168,825195,825819,,2157,826250168	ID:1	[INFO: Metric    ] METRIC_RX type=DUMMY src=5 seq=31 send_ms=825195 recv_ms=825819 bytes=48
TX,REAL,4,,78,48,830167.0,829218,830167.0,,,,2160,830167000	ID:4	[INFO: Metric    ] METRIC_TX type=REAL node=4 seq=78 bytes=48 time_ms=829218
RX,REAL,,4,78,48,830222.168,829791,830222.168,829218,829791,55.167999999946915,2161,830222168	ID:1	[INFO: Metric    ] METRIC_RX type=REAL src=4 seq=78 send_ms=829218 recv_ms=829791 bytes=48
TX,REAL,2,,83,48,831479.0,831086,831479.0,,,,2164,831479000	ID:2	[INFO: Metric    ] METRIC_TX type=REAL node=2 seq=83 bytes=48 time_ms=831086
RX,REAL,,2,83,48,831488.88,831057,831488.88,831086,831057,9.880000000004657,2165,831488880	ID:1	[INFO: Metric    ] METRIC_RX type=REAL src=2 seq=83 send_ms=831086 recv_ms=831057 bytes=48
TX,REAL,3,,82,48,834083.0,833871,834083.0,,,,2167,834083000	ID:3	[INFO: Metric    ] METRIC_TX type=REAL node=3 seq=82 bytes=48 time_ms=833871
RX,REAL,,3,82,48,834134.168,833703,834134.168,833871,833703,51.167999999946915,2168,834134168	ID:1	[INFO: Metric    ] METRIC_RX type=REAL src=3 seq=82 send_ms=833871 recv_ms=833703 bytes=48
TX,REAL,7,,82,48,834164.136,834143,834164.136,,,,2169,834164136	ID:7	[INFO: Metric    ] METRIC_TX type=REAL node=7 seq=82 bytes=48 time_ms=834143
RX,REAL,,7,82,48,834192.88,833761,834192.88,834143,833761,28.743999999947846,2171,834192880	ID:1	[INFO: Metric    ] METRIC_RX type=REAL src=7 seq=82 send_ms=834143 recv_ms=833761 bytes=48
TX,REAL,5,,80,48,835166.0,834196,835166.0,,,,2175,835166000	ID:5	[INFO: Metric    ] METRIC_TX type=REAL node=5 seq=80 bytes=48 time_ms=834196
RX,REAL,,5,80,48,835242.168,834811,835242.168,834196,834811,76.16799999994691,2176,835242168	ID:1	[INFO: Metric    ] METRIC_RX type=REAL src=5 seq=80 send_ms=834196 recv_ms=834811 bytes=48
TX,REAL,6,,81,48,835932.0,835844,835932.0,,,,2178,835932000	ID:6	[INFO: Metric    ] METRIC_TX type=REAL node=6 seq=81 bytes=48 time_ms=835844
TX,DUMMY,6,,25,48,835933.0,835845,835933.0,,,,2179,835933000	ID:6	[INFO: Metric    ] METRIC_TX type=DUMMY node=6 seq=25 bytes=48 time_ms=835845
RX,REAL,,6,81,48,835969.88,835538,835969.88,835844,835538,37.88000000000466,2180,835969880	ID:1	[INFO: Metric    ] METRIC_RX type=REAL src=6 seq=81 send_ms=835844 recv_ms=835538 bytes=48
RX,DUMMY,,6,25,48,836007.88,835576,836007.88,835845,835576,,2182,836007880	ID:1	[INFO: Metric    ] METRIC_RX type=DUMMY src=6 seq=25 send_ms=835845 recv_ms=835576 bytes=48
TX,REAL,4,,79,48,838168.0,837219,838168.0,,,,2184,838168000	ID:4	[INFO: Metric    ] METRIC_TX type=REAL node=4 seq=79 bytes=48 time_ms=837219
TX,DUMMY,4,,15,48,838169.0,837220,838169.0,,,,2185,838169000	ID:4	[INFO: Metric    ] METRIC_TX type=DUMMY node=4 seq=15 bytes=48 time_ms=837220
RX,REAL,,4,79,48,838210.168,837779,838210.168,837219,837779,42.167999999946915,2186,838210168	ID:1	[INFO: Metric    ] METRIC_RX type=REAL src=4 seq=79 send_ms=837219 recv_ms=837779 bytes=48
RX,DUMMY,,4,15,48,838227.168,837796,838227.168,837220,837796,,2187,838227168	ID:1	[INFO: Metric    ] METRIC_RX type=DUMMY src=4 seq=15 send_ms=837220 recv_ms=837796 bytes=48
TX,REAL,3,,83,48,843084.0,842872,843084.0,,,,2190,843084000	ID:3	[INFO: Metric    ] METRIC_TX type=REAL node=3 seq=83 bytes=48 time_ms=842872
RX,REAL,,3,83,48,843134.168,842703,843134.168,842872,842703,50.167999999946915,2191,843134168	ID:1	[INFO: Metric    ] METRIC_RX type=REAL src=3 seq=83 send_ms=842872 recv_ms=842703 bytes=48
TX,REAL,7,,83,48,843165.0,843143,843165.0,,,,2192,843165000	ID:7	[INFO: Metric    ] METRIC_TX type=REAL node=7 seq=83 bytes=48 time_ms=843143
RX,REAL,,7,83,48,843202.88,842771,843202.88,843143,842771,37.88000000000466,2194,843202880	ID:1	[INFO: Metric    ] METRIC_RX type=REAL src=7 seq=83 send_ms=843143 recv_ms=842771 bytes=48
TX,REAL,2,,84,48,843480.0,843087,843480.0,,,,2197,843480000	ID:2	[INFO: Metric    ] METRIC_TX type=REAL node=2 seq=84 bytes=48 time_ms=843087
RX,REAL,,2,84,48,843516.88,843085,843516.88,843087,843085,36.88000000000466,2198,843516880	ID:1	[INFO: Metric    ] METRIC_RX type=REAL src=2 seq=84 send_ms=843087 recv_ms=843085 bytes=48
TX,REAL,6,,82,48,844934.0,844846,844934.0,,,,2200,844934000	ID:6	[INFO: Metric    ] METRIC_TX type=REAL node=6 seq=82 bytes=48 time_ms=844846
TX,DUMMY,6,,26,48,844935.0,844847,844935.0,,,,2201,844935000	ID:6	[INFO: Metric    ] METRIC_TX type=DUMMY node=6 seq=26 bytes=48 time_ms=844847
RX,REAL,,6,82,48,844960.88,844529,844960.88,844846,844529,26.880000000004657,2202,844960880	ID:1	[INFO: Metric    ] METRIC_RX type=REAL src=6 seq=82 send_ms=844846 recv_ms=844529 bytes=48
RX,DUMMY,,6,26,48,844981.88,844550,844981.88,844847,844550,,2204,844981880	ID:1	[INFO: Metric    ] METRIC_RX type=DUMMY src=6 seq=26 send_ms=844847 recv_ms=844550 bytes=48
TX,REAL,5,,81,48,846167.0,845197,846167.0,,,,2206,846167000	ID:5	[INFO: Metric    ] METRIC_TX type=REAL node=5 seq=81 bytes=48 time_ms=845197
RX,REAL,,5,81,48,846230.168,845799,846230.168,845197,845799,63.167999999946915,2207,846230168	ID:1	[INFO: Metric    ] METRIC_RX type=REAL src=5 seq=81 send_ms=845197 recv_ms=845799 bytes=48
TX,REAL,4,,80,48,848170.0,847221,848170.0,,,,2211,848170000	ID:4	[INFO: Metric    ] METRIC_TX type=REAL node=4 seq=80 bytes=48 time_ms=847221
TX,DUMMY,4,,16,48,848171.0,847222,848171.0,,,,2212,848171000	ID:4	[INFO: Metric    ] METRIC_TX type=DUMMY node=4 seq=16 bytes=48 time_ms=847222
RX,REAL,,4,80,48,848192.168,847761,848192.168,847221,847761,22.167999999946915,2213,848192168	ID:1	[INFO: Metric    ] METRIC_RX type=REAL src=4 seq=80 send_ms=847221 recv_ms=847761 bytes=48
RX,DUMMY,,4,16,48,848249.168,847818,848249.168,847222,847818,,2214,848249168	ID:1	[INFO: Metric    ] METRIC_RX type=DUMMY src=4 seq=16 send_ms=847222 recv_ms=847818 bytes=48
TX,REAL,3,,84,48,851085.0,850873,851085.0,,,,2217,851085000	ID:3	[INFO: Metric    ] METRIC_TX type=REAL node=3 seq=84 bytes=48 time_ms=850873
RX,REAL,,3,84,48,851125.168,850694,851125.168,850873,850694,40.167999999946915,2218,851125168	ID:1	[INFO: Metric    ] METRIC_RX type=REAL src=3 seq=84 send_ms=850873 recv_ms=850694 bytes=48
TX,REAL,2,,85,48,852481.0,852088,852481.0,,,,2220,852481000	ID:2	[INFO: Metric    ] METRIC_TX type=REAL node=2 seq=85 bytes=48 time_ms=852088
RX,REAL,,2,85,48,852489.88,852058,852489.88,852088,852058,8.880000000004657,2221,852489880	ID:1	[INFO: Metric    ] METRIC_RX type=REAL src=2 seq=85 send_ms=852088 recv_ms=852058 bytes=48
TX,REAL,6,,83,48,852936.0,852848,852936.0,,,,2223,852936000	ID:6	[INFO: Metric    ] METRIC_TX type=REAL node=6 seq=83 bytes=48 time_ms=852848
RX,REAL,,6,83,48,852962.88,852531,852962.88,852848,852531,26.880000000004657,2224,852962880	ID:1	[INFO: Metric    ] METRIC_RX type=REAL src=6 seq=83 send_ms=852848 recv_ms=852531 bytes=48
TX,REAL,7,,84,48,854166.0,854144,854166.0,,,,2226,854166000	ID:7	[INFO: Metric    ] METRIC_TX type=REAL node=7 seq=84 bytes=48 time_ms=854144
TX,DUMMY,7,,29,48,854167.0,854145,854167.0,,,,2227,854167000	ID:7	[INFO: Metric    ] METRIC_TX type=DUMMY node=7 seq=29 bytes=48 time_ms=854145
RX,REAL,,7,84,48,854195.88,853764,854195.88,854144,853764,29.880000000004657,2228,854195880	ID:1	[INFO: Metric    ] METRIC_RX type=REAL src=7 seq=84 send_ms=854144 recv_ms=853764 bytes=48
RX,DUMMY,,7,29,48,854228.88,853797,854228.88,854145,853797,,2231,854228880	ID:1	[INFO: Metric    ] METRIC_RX type=DUMMY src=7 seq=29 send_ms=854145 recv_ms=853797 bytes=48
TX,REAL,5,,82,48,856168.0,855198,856168.0,,,,2233,856168000	ID:5	[INFO: Metric    ] METRIC_TX type=REAL node=5 seq=82 bytes=48 time_ms=855198
TX,REAL,4,,81,48,856172.0,855223,856172.0,,,,2234,856172000	ID:4	[INFO: Metric    ] METRIC_TX type=REAL node=4 seq=81 bytes=48 time_ms=855223
RX,REAL,,4,81,48,856220.168,855789,856220.168,855223,855789,48.167999999946915,2235,856220168	ID:1	[INFO: Metric    ] METRIC_RX type=REAL src=4 seq=81 send_ms=855223 recv_ms=855789 bytes=48
RX,REAL,,5,82,48,856243.168,855812,856243.168,855198,855812,75.16799999994691,2236,856243168	ID:1	[INFO: Metric    ] METRIC_RX type=REAL src=5 seq=82 send_ms=855198 recv_ms=855812 bytes=48
TX,REAL,3,,85,48,859086.0,858874,859086.0,,,,2239,859086000	ID:3	[INFO: Metric    ] METRIC_TX type=REAL node=3 seq=85 bytes=48 time_ms=858874
RX,REAL,,3,85,48,859133.168,858702,859133.168,858874,858702,47.167999999946915,2240,859133168	ID:1	[INFO: Metric    ] METRIC_RX type=REAL src=3 seq=85 send_ms=858874 recv_ms=858702 bytes=48
TX,REAL,2,,86,48,860482.0,860089,860482.0,,,,2242,860482000	ID:2	[INFO: Metric    ] METRIC_TX type=REAL node=2 seq=86 bytes=48 time_ms=860089
RX,REAL,,2,86,48,860498.88,860067,860498.88,860089,860067,16.880000000004657,2243,860498880	ID:1	[INFO: Metric    ] METRIC_RX type=REAL src=2 seq=86 send_ms=860089 recv_ms=860067 bytes=48
TX,REAL,6,,84,48,861937.0,861849,861937.0,,,,2245,861937000	ID:6	[INFO: Metric    ] METRIC_TX type=REAL node=6 seq=84 bytes=48 time_ms=861849
TX,DUMMY,6,,27,48,861938.0,861850,861938.0,,,,2246,861938000	ID:6	[INFO: Metric    ] METRIC_TX type=DUMMY node=6 seq=27 bytes=48 time_ms=861850
RX,REAL,,6,84,48,861955.88,861524,861955.88,861849,861524,18.880000000004657,2247,861955880	ID:1	[INFO: Metric    ] METRIC_RX type=REAL src=6 seq=84 send_ms=861849 recv_ms=861524 bytes=48
RX,DUMMY,,6,27,48,861981.88,861550,861981.88,861850,861550,,2249,861981880	ID:1	[INFO: Metric    ] METRIC_RX type=DUMMY src=6 seq=27 send_ms=861850 recv_ms=861550 bytes=48
TX,REAL,7,,85,48,865168.0,865146,865168.0,,,,2251,865168000	ID:7	[INFO: Metric    ] METRIC_TX type=REAL node=7 seq=85 bytes=48 time_ms=865146
TX,REAL,5,,83,48,865169.0,864199,865169.0,,,,2252,865169000	ID:5	[INFO: Metric    ] METRIC_TX type=REAL node=5 seq=83 bytes=48 time_ms=864199
TX,DUMMY,7,,30,48,865169.0,865147,865169.0,,,,2253,865169000	ID:7	[INFO: Metric    ] METRIC_TX type=DUMMY node=7 seq=30 bytes=48 time_ms=865147
RX,REAL,,5,83,48,865204.072,864773,865204.072,864199,864773,35.07200000004377,2254,865204072	ID:1	[INFO: Metric    ] METRIC_RX type=REAL src=5 seq=83 send_ms=864199 recv_ms=864773 bytes=48
RX,REAL,,7,85,48,865207.952,864776,865207.952,865146,864776,39.95200000004843,2255,865207952	ID:1	[INFO: Metric    ] METRIC_RX type=REAL src=7 seq=85 send_ms=865146 recv_ms=864776 bytes=48
RX,DUMMY,,7,30,48,865217.88,864786,865217.88,865147,864786,,2256,865217880	ID:1	[INFO: Metric    ] METRIC_RX type=DUMMY src=7 seq=30 send_ms=865147 recv_ms=864786 bytes=48
TX,REAL,4,,82,48,868173.0,867224,868173.0,,,,2261,868173000	ID:4	[INFO: Metric    ] METRIC_TX type=REAL node=4 seq=82 bytes=48 time_ms=867224
TX,DUMMY,4,,17,48,868174.0,867225,868174.0,,,,2262,868174000	ID:4	[INFO: Metric    ] METRIC_TX type=DUMMY node=4 seq=17 bytes=48 time_ms=867225
RX,REAL,,4,82,48,868235.168,867804,868235.168,867224,867804,62.167999999946915,2263,868235168	ID:1	[INFO: Metric    ] METRIC_RX type=REAL src=4 seq=82 send_ms=867224 recv_ms=867804 bytes=48
RX,DUMMY,,4,17,48,868281.168,867850,868281.168,867225,867850,,2265,868281168	ID:1	[INFO: Metric    ] METRIC_RX type=DUMMY src=4 seq=17 send_ms=867225 recv_ms=867850 bytes=48
TX,REAL,3,,86,48,869087.0,868875,869087.0,,,,2267,869087000	ID:3	[INFO: Metric    ] METRIC_TX type=REAL node=3 seq=86 bytes=48 time_ms=868875
RX,REAL,,3,86,48,869119.168,868688,869119.168,868875,868688,32.167999999946915,2268,869119168	ID:1	[INFO: Metric    ] METRIC_RX type=REAL src=3 seq=86 send_ms=868875 recv_ms=868688 bytes=48
TX,REAL,2,,87,48,872483.0,872090,872483.0,,,,2270,872483000	ID:2	[INFO: Metric    ] METRIC_TX type=REAL node=2 seq=87 bytes=48 time_ms=872090
RX,REAL,,2,87,48,872492.88,872061,872492.88,872090,872061,9.880000000004657,2271,872492880	ID:1	[INFO: Metric    ] METRIC_RX type=REAL src=2 seq=87 send_ms=872090 recv_ms=872061 bytes=48
TX,REAL,6,,85,48,872939.0,872851,872939.0,,,,2273,872939000	ID:6	[INFO: Metric    ] METRIC_TX type=REAL node=6 seq=85 bytes=48 time_ms=872851
TX,DUMMY,6,,28,48,872940.0,872852,872940.0,,,,2274,872940000	ID:6	[INFO: Metric    ] METRIC_TX type=DUMMY node=6 seq=28 bytes=48 time_ms=872852
RX,REAL,,6,85,48,872951.88,872520,872951.88,872851,872520,12.880000000004657,2275,872951880	ID:1	[INFO: Metric    ] METRIC_RX type=REAL src=6 seq=85 send_ms=872851 recv_ms=872520 bytes=48
RX,DUMMY,,6,28,48,872981.88,872550,872981.88,872852,872550,,2276,872981880	ID:1	[INFO: Metric    ] METRIC_RX type=DUMMY src=6 seq=28 send_ms=872852 recv_ms=872550 bytes=48
TX,REAL,7,,86,48,874170.0,874148,874170.0,,,,2279,874170000	ID:7	[INFO: Metric    ] METRIC_TX type=REAL node=7 seq=86 bytes=48 time_ms=874148
TX,DUMMY,7,,31,48,874171.0,874149,874171.0,,,,2280,874171000	ID:7	[INFO: Metric    ] METRIC_TX type=DUMMY node=7 seq=31 bytes=48 time_ms=874149
RX,REAL,,7,86,48,874213.88,873782,874213.88,874148,873782,43.88000000000466,2281,874213880	ID:1	[INFO: Metric    ] METRIC_RX type=REAL src=7 seq=86 send_ms=874148 recv_ms=873782 bytes=48
RX,DUMMY,,7,31,48,874259.88,873828,874259.88,874149,873828,,2283,874259880	ID:1	[INFO: Metric    ] METRIC_RX type=DUMMY src=7 seq=31 send_ms=874149 recv_ms=873828 bytes=48
TX,REAL,5,,84,48,876170.0,875200,876170.0,,,,2285,876170000	ID:5	[INFO: Metric    ] METRIC_TX type=REAL node=5 seq=84 bytes=48 time_ms=875200
TX,REAL,4,,83,48,876175.0,875226,876175.0,,,,2286,876175000	ID:4	[INFO: Metric    ] METRIC_TX type=REAL node=4 seq=83 bytes=48 time_ms=875226
RX,REAL,,5,84,48,876277.168,875846,876277.168,875200,875846,107.16799999994691,2287,876277168	ID:1	[INFO: Metric    ] METRIC_RX type=REAL src=5 seq=84 send_ms=875200 recv_ms=875846 bytes=48
RX,REAL,,4,83,48,876348.168,875917,876348.168,875226,875917,173.16799999994691,2288,876348168	ID:1	[INFO: Metric    ] METRIC_RX type=REAL src=4 seq=83 send_ms=875226 recv_ms=875917 bytes=48
TX,REAL,3,,87,48,881088.0,880876,881088.0,,,,2292,881088000	ID:3	[INFO: Metric    ] METRIC_TX type=REAL node=3 seq=87 bytes=48 time_ms=880876
RX,REAL,,3,87,48,881123.168,880692,881123.168,880876,880692,35.167999999946915,2293,881123168	ID:1	[INFO: Metric    ] METRIC_RX type=REAL src=3 seq=87 send_ms=880876 recv_ms=880692 bytes=48
TX,REAL,2,,88,48,881484.0,881091,881484.0,,,,2295,881484000	ID:2	[INFO: Metric    ] METRIC_TX type=REAL node=2 seq=88 bytes=48 time_ms=881091
RX,REAL,,2,88,48,881493.88,881062,881493.88,881091,881062,9.880000000004657,2296,881493880	ID:1	[INFO: Metric    ] METRIC_RX type=REAL src=2 seq=88 send_ms=881091 recv_ms=881062 bytes=48
TX,REAL,7,,87,48,883172.0,883150,883172.0,,,,2298,883172000	ID:7	[INFO: Metric    ] METRIC_TX type=REAL node=7 seq=87 bytes=48 time_ms=883150
RX,REAL,,7,87,48,883211.88,882780,883211.88,883150,882780,39.88000000000466,2299,883211880	ID:1	[INFO: Metric    ] METRIC_RX type=REAL src=7 seq=87 send_ms=883150 recv_ms=882780 bytes=48
TX,REAL,5,,85,48,884171.0,883201,884171.0,,,,2301,884171000	ID:5	[INFO: Metric    ] METRIC_TX type=REAL node=5 seq=85 bytes=48 time_ms=883201
TX,DUMMY,5,,32,48,884172.0,883202,884172.0,,,,2302,884172000	ID:5	[INFO: Metric    ] METRIC_TX type=DUMMY node=5 seq=32 bytes=48 time_ms=883202
RX,REAL,,5,85,48,884232.168,883801,884232.168,883201,883801,61.167999999946915,2303,884232168	ID:1	[INFO: Metric    ] METRIC_RX type=REAL src=5 seq=85 send_ms=883201 recv_ms=883801 bytes=48
RX,DUMMY,,5,32,48,884241.168,883810,884241.168,883202,883810,,2304,884241168	ID:1	[INFO: Metric    ] METRIC_RX type=DUMMY src=5 seq=32 send_ms=883202 recv_ms=883810 bytes=48
TX,REAL,6,,86,48,884941.0,884853,884941.0,,,,2307,884941000	ID:6	[INFO: Metric    ] METRIC_TX type=REAL node=6 seq=86 bytes=48 time_ms=884853
RX,REAL,,6,86,48,884986.88,884555,884986.88,884853,884555,45.88000000000466,2308,884986880	ID:1	[INFO: Metric    ] METRIC_RX type=REAL src=6 seq=86 send_ms=884853 recv_ms=884555 bytes=48
TX,REAL,4,,84,48,888176.0,887227,888176.0,,,,2310,888176000	ID:4	[INFO: Metric    ] METRIC_TX type=REAL node=4 seq=84 bytes=48 time_ms=887227
TX,DUMMY,4,,18,48,888177.0,887228,888177.0,,,,2311,888177000	ID:4	[INFO: Metric    ] METRIC_TX type=DUMMY node=4 seq=18 bytes=48 time_ms=887228
RX,REAL,,4,84,48,888231.168,887800,888231.168,887227,887800,55.167999999946915,2312,888231168	ID:1	[INFO: Metric    ] METRIC_RX type=REAL src=4 seq=84 send_ms=887227 recv_ms=887800 bytes=48
RX,DUMMY,,4,18,48,888258.168,887827,888258.168,887228,887827,,2313,888258168	ID:1	[INFO: Metric    ] METRIC_RX type=DUMMY src=4 seq=18 send_ms=887228 recv_ms=887827 bytes=48
TX,REAL,2,,89,48,891485.0,891092,891485.0,,,,2316,891485000	ID:2	[INFO: Metric    ] METRIC_TX type=REAL node=2 seq=89 bytes=48 time_ms=891092
RX,REAL,,2,89,48,891529.88,891098,891529.88,891092,891098,44.88000000000466,2317,891529880	ID:1	[INFO: Metric    ] METRIC_RX type=REAL src=2 seq=89 send_ms=891092 recv_ms=891098 bytes=48
TX,REAL,3,,88,48,892089.0,891877,892089.0,,,,2319,892089000	ID:3	[INFO: Metric    ] METRIC_TX type=REAL node=3 seq=88 bytes=48 time_ms=891877
TX,DUMMY,3,,25,48,892090.0,891878,892090.0,,,,2320,892090000	ID:3	[INFO: Metric    ] METRIC_TX type=DUMMY node=3 seq=25 bytes=48 time_ms=891878
RX,REAL,,3,88,48,892110.168,891679,892110.168,891877,891679,21.167999999946915,2321,892110168	ID:1	[INFO: Metric    ] METRIC_RX type=REAL src=3 seq=88 send_ms=891877 recv_ms=891679 bytes=48
RX,DUMMY,,3,25,48,892244.168,891813,892244.168,891878,891813,,2324,892244168	ID:1	[INFO: Metric    ] METRIC_RX type=DUMMY src=3 seq=25 send_ms=891878 recv_ms=891813 bytes=48
TX,REAL,5,,86,48,893173.0,892203,893173.0,,,,2326,893173000	ID:5	[INFO: Metric    ] METRIC_TX type=REAL node=5 seq=86 bytes=48 time_ms=892203
TX,DUMMY,5,,33,48,893174.0,892204,893174.0,,,,2327,893174000	ID:5	[INFO: Metric    ] METRIC_TX type=DUMMY node=5 seq=33 bytes=48 time_ms=892204
RX,REAL,,5,86,48,893226.168,892795,893226.168,892203,892795,53.167999999946915,2328,893226168	ID:1	[INFO: Metric    ] METRIC_RX type=REAL src=5 seq=86 send_ms=892203 recv_ms=892795 bytes=48
RX,DUMMY,,5,33,48,893253.168,892822,893253.168,892204,892822,,2329,893253168	ID:1	[INFO: Metric    ] METRIC_RX type=DUMMY src=5 seq=33 send_ms=892204 recv_ms=892822 bytes=48
TX,REAL,6,,87,48,893942.0,893854,893942.0,,,,2332,893942000	ID:6	[INFO: Metric    ] METRIC_TX type=REAL node=6 seq=87 bytes=48 time_ms=893854
RX,REAL,,6,87,48,893983.88,893552,893983.88,893854,893552,41.88000000000466,2333,893983880	ID:1	[INFO: Metric    ] METRIC_RX type=REAL src=6 seq=87 send_ms=893854 recv_ms=893552 bytes=48
TX,REAL,7,,88,48,895173.0,895151,895173.0,,,,2335,895173000	ID:7	[INFO: Metric    ] METRIC_TX type=REAL node=7 seq=88 bytes=48 time_ms=895151
RX,REAL,,7,88,48,895189.88,894758,895189.88,895151,894758,16.880000000004657,2336,895189880	ID:1	[INFO: Metric    ] METRIC_RX type=REAL src=7 seq=88 send_ms=895151 recv_ms=894758 bytes=48
TX,REAL,4,,85,48,897178.0,896229,897178.0,,,,2338,897178000	ID:4	[INFO: Metric    ] METRIC_TX type=REAL node=4 seq=85 bytes=48 time_ms=896229
RX,REAL,,4,85,48,897215.168,896784,897215.168,896229,896784,37.167999999946915,2339,897215168	ID:1	[INFO: Metric    ] METRIC_RX type=REAL src=4 seq=85 send_ms=896229 recv_ms=896784 bytes=48
TX,REAL,2,,90,48,901486.0,901093,901486.0,,,,2343,901486000	ID:2	[INFO: Metric    ] METRIC_TX type=REAL node=2 seq=90 bytes=48 time_ms=901093
RX,REAL,,2,90,48,901528.88,901097,901528.88,901093,901097,42.88000000000466,2344,901528880	ID:1	[INFO: Metric    ] METRIC_RX type=REAL src=2 seq=90 send_ms=901093 recv_ms=901097 bytes=48
TX,REAL,3,,89,48,903091.0,902879,903091.0,,,,2346,903091000	ID:3	[INFO: Metric    ] METRIC_TX type=REAL node=3 seq=89 bytes=48 time_ms=902879
TX,DUMMY,3,,26,48,903092.0,902880,903092.0,,,,2347,903092000	ID:3	[INFO: Metric    ] METRIC_TX type=DUMMY node=3 seq=26 bytes=48 time_ms=902880
RX,REAL,,3,89,48,903129.168,902698,903129.168,902879,902698,38.167999999946915,2348,903129168	ID:1	[INFO: Metric    ] METRIC_RX type=REAL src=3 seq=89 send_ms=902879 recv_ms=902698 bytes=48
RX,DUMMY,,3,26,48,903158.304,902727,903158.304,902880,902727,,2349,903158304	ID:1	[INFO: Metric    ] METRIC_RX type=DUMMY src=3 seq=26 send_ms=902880 recv_ms=902727 bytes=48
TX,REAL,7,,89,48,904174.0,904152,904174.0,,,,2352,904174000	ID:7	[INFO: Metric    ] METRIC_TX type=REAL node=7 seq=89 bytes=48 time_ms=904152
TX,REAL,5,,87,48,904175.0,903205,904175.0,,,,2353,904175000	ID:5	[INFO: Metric    ] METRIC_TX type=REAL node=5 seq=87 bytes=48 time_ms=903205
RX,REAL,,7,89,48,904204.88,903773,904204.88,904152,903773,30.880000000004657,2354,904204880	ID:1	[INFO: Metric    ] METRIC_RX type=REAL src=7 seq=89 send_ms=904152 recv_ms=903773 bytes=48
RX,REAL,,5,87,48,904213.168,903782,904213.168,903205,903782,38.167999999946915,2356,904213168	ID:1	[INFO: Metric    ] METRIC_RX type=REAL src=5 seq=87 send_ms=903205 recv_ms=903782 bytes=48
TX,REAL,4,,86,48,905179.0,904230,905179.0,,,,2359,905179000	ID:4	[INFO: Metric    ] METRIC_TX type=REAL node=4 seq=86 bytes=48 time_ms=904230
RX,REAL,,4,86,48,905221.168,904790,905221.168,904230,904790,42.167999999946915,2360,905221168	ID:1	[INFO: Metric    ] METRIC_RX type=REAL src=4 seq=86 send_ms=904230 recv_ms=904790 bytes=48
TX,REAL,6,,88,48,905943.0,905855,905943.0,,,,2362,905943000	ID:6	[INFO: Metric    ] METRIC_TX type=REAL node=6 seq=88 bytes=48 time_ms=905855
RX,REAL,,6,88,48,905978.88,905547,905978.88,905855,905547,35.88000000000466,2363,905978880	ID:1	[INFO: Metric    ] METRIC_RX type=REAL src=6 seq=88 send_ms=905855 recv_ms=905547 bytes=48
TX,REAL,2,,91,48,912487.0,912094,912487.0,,,,2365,912487000	ID:2	[INFO: Metric    ] METRIC_TX type=REAL node=2 seq=91 bytes=48 time_ms=912094
RX,REAL,,2,91,48,912519.88,912088,912519.88,912094,912088,32.88000000000466,2366,912519880	ID:1	[INFO: Metric    ] METRIC_RX type=REAL src=2 seq=91 send_ms=912094 recv_ms=912088 bytes=48
TX,REAL,3,,90,48,913093.0,912881,913093.0,,,,2370,913093000	ID:3	[INFO: Metric    ] METRIC_TX type=REAL node=3 seq=90 bytes=48 time_ms=912881
TX,DUMMY,3,,27,48,913094.0,912882,913094.0,,,,2371,913094000	ID:3	[INFO: Metric    ] METRIC_TX type=DUMMY node=3 seq=27 bytes=48 time_ms=912882
RX,REAL,,3,90,48,913173.168,912742,913173.168,912881,912742,80.16799999994691,2372,913173168	ID:1	[INFO: Metric    ] METRIC_RX type=REAL src=3 seq=90 send_ms=912881 recv_ms=912742 bytes=48
RX,DUMMY,,3,27,48,913202.168,912771,913202.168,912882,912771,,2373,913202168	ID:1	[INFO: Metric    ] METRIC_RX type=DUMMY src=3 seq=27 send_ms=912882 recv_ms=912771 bytes=48
TX,REAL,7,,90,48,914175.0,914153,914175.0,,,,2378,914175000	ID:7	[INFO: Metric    ] METRIC_TX type=REAL node=7 seq=90 bytes=48 time_ms=914153
RX,REAL,,7,90,48,914180.88,913749,914180.88,914153,913749,5.880000000004657,2379,914180880	ID:1	[INFO: Metric    ] METRIC_RX type=REAL src=7 seq=90 send_ms=914153 recv_ms=913749 bytes=48
TX,REAL,5,,88,48,915176.0,914206,915176.0,,,,2381,915176000	ID:5	[INFO: Metric    ] METRIC_TX type=REAL node=5 seq=88 bytes=48 time_ms=914206
RX,REAL,,5,88,48,915238.168,914807,915238.168,914206,914807,62.167999999946915,2382,915238168	ID:1	[INFO: Metric    ] METRIC_RX type=REAL src=5 seq=88 send_ms=914206 recv_ms=914807 bytes=48
TX,REAL,6,,89,48,916944.0,916856,916944.0,,,,2384,916944000	ID:6	[INFO: Metric    ] METRIC_TX type=REAL node=6 seq=89 bytes=48 time_ms=916856
RX,REAL,,6,89,48,916980.88,916549,916980.88,916856,916549,36.88000000000466,2385,916980880	ID:1	[INFO: Metric    ] METRIC_RX type=REAL src=6 seq=89 send_ms=916856 recv_ms=916549 bytes=48
TX,REAL,4,,87,48,917180.0,916231,917180.0,,,,2387,917180000	ID:4	[INFO: Metric    ] METRIC_TX type=REAL node=4 seq=87 bytes=48 time_ms=916231
RX,REAL,,4,87,48,917215.168,916784,917215.168,916231,916784,35.167999999946915,2388,917215168	ID:1	[INFO: Metric    ] METRIC_RX type=REAL src=4 seq=87 send_ms=916231 recv_ms=916784 bytes=48
TX,REAL,2,,92,48,922488.0,922095,922488.0,,,,2391,922488000	ID:2	[INFO: Metric    ] METRIC_TX type=REAL node=2 seq=92 bytes=48 time_ms=922095
TX,DUMMY,2,,27,48,922489.0,922096,922489.0,,,,2392,922489000	ID:2	[INFO: Metric    ] METRIC_TX type=DUMMY node=2 seq=27 bytes=48 time_ms=922096
RX,REAL,,2,92,48,922513.88,922082,922513.88,922095,922082,25.880000000004657,2393,922513880	ID:1	[INFO: Metric    ] METRIC_RX type=REAL src=2 seq=92 send_ms=922095 recv_ms=922082 bytes=48
RX,DUMMY,,2,27,48,922542.88,922111,922542.88,922096,922111,,2394,922542880	ID:1	[INFO: Metric    ] METRIC_RX type=DUMMY src=2 seq=27 send_ms=922096 recv_ms=922111 bytes=48
TX,REAL,3,,91,48,924095.0,923883,924095.0,,,,2397,924095000	ID:3	[INFO: Metric    ] METRIC_TX type=REAL node=3 seq=91 bytes=48 time_ms=923883
TX,DUMMY,3,,28,48,924096.0,923884,924096.0,,,,2398,924096000	ID:3	[INFO: Metric    ] METRIC_TX type=DUMMY node=3 seq=28 bytes=48 time_ms=923884
RX,REAL,,3,91,48,924110.168,923679,924110.168,923883,923679,15.167999999946915,2399,924110168	ID:1	[INFO: Metric    ] METRIC_RX type=REAL src=3 seq=91 send_ms=923883 recv_ms=923679 bytes=48
TX,REAL,7,,91,48,924176.0,924154,924176.0,,,,2400,924176000	ID:7	[INFO: Metric    ] METRIC_TX type=REAL node=7 seq=91 bytes=48 time_ms=924154
TX,DUMMY,7,,32,48,924177.0,924155,924177.0,,,,2401,924177000	ID:7	[INFO: Metric    ] METRIC_TX type=DUMMY node=7 seq=32 bytes=48 time_ms=924155
RX,REAL,,7,91,48,924182.88,923751,924182.88,924154,923751,6.880000000004657,2402,924182880	ID:1	[INFO: Metric    ] METRIC_RX type=REAL src=7 seq=91 send_ms=924154 recv_ms=923751 bytes=48
RX,DUMMY,,7,32,48,924220.88,923789,924220.88,924155,923789,,2405,924220880	ID:1	[INFO: Metric    ] METRIC_RX type=DUMMY src=7 seq=32 send_ms=924155 recv_ms=923789 bytes=48
RX,DUMMY,,3,28,48,924273.168,923842,924273.168,923884,923842,,2407,924273168	ID:1	[INFO: Metric    ] METRIC_RX type=DUMMY src=3 seq=28 send_ms=923884 recv_ms=923842 bytes=48
TX,REAL,5,,89,48,925177.0,924207,925177.0,,,,2409,925177000	ID:5	[INFO: Metric    ] METRIC_TX type=REAL node=5 seq=89 bytes=48 time_ms=924207
RX,REAL,,5,89,48,925251.168,924820,925251.168,924207,924820,74.16799999994691,2410,925251168	ID:1	[INFO: Metric    ] METRIC_RX type=REAL src=5 seq=89 send_ms=924207 recv_ms=924820 bytes=48
TX,REAL,4,,88,48,928181.0,927232,928181.0,,,,2412,928181000	ID:4	[INFO: Metric    ] METRIC_TX type=REAL node=4 seq=88 bytes=48 time_ms=927232
RX,REAL,,4,88,48,928199.168,927768,928199.168,927232,927768,18.167999999946915,2413,928199168	ID:1	[INFO: Metric    ] METRIC_RX type=REAL src=4 seq=88 send_ms=927232 recv_ms=927768 bytes=48
TX,REAL,6,,90,48,928945.0,928857,928945.0,,,,2417,928945000	ID:6	[INFO: Metric    ] METRIC_TX type=REAL node=6 seq=90 bytes=48 time_ms=928857
RX,REAL,,6,90,48,928986.88,928555,928986.88,928857,928555,41.88000000000466,2418,928986880	ID:1	[INFO: Metric    ] METRIC_RX type=REAL src=6 seq=90 send_ms=928857 recv_ms=928555 bytes=48
TX,REAL,7,,92,48,933178.0,933156,933178.0,,,,2420,933178000	ID:7	[INFO: Metric    ] METRIC_TX type=REAL node=7 seq=92 bytes=48 time_ms=933156
RX,REAL,,7,92,48,933189.88,932758,933189.88,933156,932758,11.880000000004657,2421,933189880	ID:1	[INFO: Metric    ] METRIC_RX type=REAL src=7 seq=92 send_ms=933156 recv_ms=932758 bytes=48
TX,REAL,2,,93,48,934490.0,934097,934490.0,,,,2424,934490000	ID:2	[INFO: Metric    ] METRIC_TX type=REAL node=2 seq=93 bytes=48 time_ms=934097
RX,REAL,,2,93,48,934503.88,934072,934503.88,934097,934072,13.880000000004657,2425,934503880	ID:1	[INFO: Metric    ] METRIC_RX type=REAL src=2 seq=93 send_ms=934097 recv_ms=934072 bytes=48
TX,REAL,5,,90,48,935178.0,934208,935178.0,,,,2429,935178000	ID:5	[INFO: Metric    ] METRIC_TX type=REAL node=5 seq=90 bytes=48 time_ms=934208
TX,DUMMY,5,,34,48,935179.0,934209,935179.0,,,,2430,935179000	ID:5	[INFO: Metric    ] METRIC_TX type=DUMMY node=5 seq=34 bytes=48 time_ms=934209
RX,REAL,,5,90,48,935240.168,934809,935240.168,934208,934809,62.167999999946915,2431,935240168	ID:1	[INFO: Metric    ] METRIC_RX type=REAL src=5 seq=90 send_ms=934208 recv_ms=934809 bytes=48
RX,DUMMY,,5,34,48,935269.168,934838,935269.168,934209,934838,,2432,935269168	ID:1	[INFO: Metric    ] METRIC_RX type=DUMMY src=5 seq=34 send_ms=934209 recv_ms=934838 bytes=48
TX,REAL,3,,92,48,936097.0,935885,936097.0,,,,2435,936097000	ID:3	[INFO: Metric    ] METRIC_TX type=REAL node=3 seq=92 bytes=48 time_ms=935885
RX,REAL,,3,92,48,936185.168,935754,936185.168,935885,935754,88.16799999994691,2436,936185168	ID:1	[INFO: Metric    ] METRIC_RX type=REAL src=3 seq=92 send_ms=935885 recv_ms=935754 bytes=48
TX,REAL,6,,91,48,939946.0,939858,939946.0,,,,2438,939946000	ID:6	[INFO: Metric    ] METRIC_TX type=REAL node=6 seq=91 bytes=48 time_ms=939858
RX,REAL,,6,91,48,939962.88,939531,939962.88,939858,939531,16.880000000004657,2439,939962880	ID:1	[INFO: Metric    ] METRIC_RX type=REAL src=6 seq=91 send_ms=939858 recv_ms=939531 bytes=48
TX,REAL,4,,89,48,940182.0,939233,940182.0,,,,2441,940182000	ID:4	[INFO: Metric    ] METRIC_TX type=REAL node=4 seq=89 bytes=48 time_ms=939233
RX,REAL,,4,89,48,940259.168,939828,940259.168,939233,939828,77.16799999994691,2442,940259168	ID:1	[INFO: Metric    ] METRIC_RX type=REAL src=4 seq=89 send_ms=939233 recv_ms=939828 bytes=48
TX,REAL,5,,91,48,943180.0,942210,943180.0,,,,2444,943180000	ID:5	[INFO: Metric    ] METRIC_TX type=REAL node=5 seq=91 bytes=48 time_ms=942210
RX,REAL,,5,91,48,943242.168,942811,943242.168,942210,942811,62.167999999946915,2445,943242168	ID:1	[INFO: Metric    ] METRIC_RX type=REAL src=5 seq=91 send_ms=942210 recv_ms=942811 bytes=48
TX,REAL,2,,94,48,943491.0,943098,943491.0,,,,2447,943491000	ID:2	[INFO: Metric    ] METRIC_TX type=REAL node=2 seq=94 bytes=48 time_ms=943098
RX,REAL,,2,94,48,943528.88,943097,943528.88,943098,943097,37.88000000000466,2448,943528880	ID:1	[INFO: Metric    ] METRIC_RX type=REAL src=2 seq=94 send_ms=943098 recv_ms=943097 bytes=48
TX,REAL,7,,93,48,945179.0,945157,945179.0,,,,2450,945179000	ID:7	[INFO: Metric    ] METRIC_TX type=REAL node=7 seq=93 bytes=48 time_ms=945157
TX,DUMMY,7,,33,48,945180.0,945158,945180.0,,,,2451,945180000	ID:7	[INFO: Metric    ] METRIC_TX type=DUMMY node=7 seq=33 bytes=48 time_ms=945158
RX,REAL,,7,93,48,945202.88,944771,945202.88,945157,944771,23.880000000004657,2452,945202880	ID:1	[INFO: Metric    ] METRIC_RX type=REAL src=7 seq=93 send_ms=945157 recv_ms=944771 bytes=48
RX,DUMMY,,7,33,48,945225.88,944794,945225.88,945158,944794,,2453,945225880	ID:1	[INFO: Metric    ] METRIC_RX type=DUMMY src=7 seq=33 send_ms=945158 recv_ms=944794 bytes=48
TX,REAL,3,,93,48,947098.0,946886,947098.0,,,,2457,947098000	ID:3	[INFO: Metric    ] METRIC_TX type=REAL node=3 seq=93 bytes=48 time_ms=946886
RX,REAL,,3,93,48,947150.168,946719,947150.168,946886,946719,52.167999999946915,2458,947150168	ID:1	[INFO: Metric    ] METRIC_RX type=REAL src=3 seq=93 send_ms=946886 recv_ms=946719 bytes=48
TX,REAL,6,,92,48,947947.0,947859,947947.0,,,,2460,947947000	ID:6	[INFO: Metric    ] METRIC_TX type=REAL node=6 seq=92 bytes=48 time_ms=947859
RX,REAL,,6,92,48,947953.88,947522,947953.88,947859,947522,6.880000000004657,2461,947953880	ID:1	[INFO: Metric    ] METRIC_RX type=REAL src=6 seq=92 send_ms=947859 recv_ms=947522 bytes=48
TX,REAL,5,,92,48,951181.0,950211,951181.0,,,,2463,951181000	ID:5	[INFO: Metric    ] METRIC_TX type=REAL node=5 seq=92 bytes=48 time_ms=950211
RX,REAL,,5,92,48,951246.168,950815,951246.168,950211,950815,65.16799999994691,2464,951246168	ID:1	[INFO: Metric    ] METRIC_RX type=REAL src=5 seq=92 send_ms=950211 recv_ms=950815 bytes=48
TX,REAL,2,,95,48,951492.0,951099,951492.0,,,,2466,951492000	ID:2	[INFO: Metric    ] METRIC_TX type=REAL node=2 seq=95 bytes=48 time_ms=951099
RX,REAL,,2,95,48,951514.88,951083,951514.88,951099,951083,22.880000000004657,2467,951514880	ID:1	[INFO: Metric    ] METRIC_RX type=REAL src=2 seq=95 send_ms=951099 recv_ms=951083 bytes=48
TX,REAL,4,,90,48,952183.0,951234,952183.0,,,,2471,952183000	ID:4	[INFO: Metric    ] METRIC_TX type=REAL node=4 seq=90 bytes=48 time_ms=951234
TX,DUMMY,4,,19,48,952184.0,951235,952184.0,,,,2472,952184000	ID:4	[INFO: Metric    ] METRIC_TX type=DUMMY node=4 seq=19 bytes=48 time_ms=951235
RX,REAL,,4,90,48,952229.168,951798,952229.168,951234,951798,46.167999999946915,2473,952229168	ID:1	[INFO: Metric    ] METRIC_RX type=REAL src=4 seq=90 send_ms=951234 recv_ms=951798 bytes=48
RX,DUMMY,,4,19,48,952270.168,951839,952270.168,951235,951839,,2474,952270168	ID:1	[INFO: Metric    ] METRIC_RX type=DUMMY src=4 seq=19 send_ms=951235 recv_ms=951839 bytes=48
TX,REAL,7,,94,48,954181.0,954159,954181.0,,,,2477,954181000	ID:7	[INFO: Metric    ] METRIC_TX type=REAL node=7 seq=94 bytes=48 time_ms=954159
RX,REAL,,7,94,48,954206.88,953775,954206.88,954159,953775,25.880000000004657,2478,954206880	ID:1	[INFO: Metric    ] METRIC_RX type=REAL src=7 seq=94 send_ms=954159 recv_ms=953775 bytes=48
TX,REAL,3,,94,48,957099.0,956887,957099.0,,,,2480,957099000	ID:3	[INFO: Metric    ] METRIC_TX type=REAL node=3 seq=94 bytes=48 time_ms=956887
RX,REAL,,3,94,48,957139.168,956708,957139.168,956887,956708,40.167999999946915,2481,957139168	ID:1	[INFO: Metric    ] METRIC_RX type=REAL src=3 seq=94 send_ms=956887 recv_ms=956708 bytes=48
TX,REAL,6,,93,48,958948.0,958860,958948.0,,,,2483,958948000	ID:6	[INFO: Metric    ] METRIC_TX type=REAL node=6 seq=93 bytes=48 time_ms=958860
RX,REAL,,6,93,48,958985.88,958554,958985.88,958860,958554,37.88000000000466,2484,958985880	ID:1	[INFO: Metric    ] METRIC_RX type=REAL src=6 seq=93 send_ms=958860 recv_ms=958554 bytes=48
TX,REAL,4,,91,48,961185.0,960236,961185.0,,,,2486,961185000	ID:4	[INFO: Metric    ] METRIC_TX type=REAL node=4 seq=91 bytes=48 time_ms=960236
TX,DUMMY,4,,20,48,961186.0,960237,961186.0,,,,2487,961186000	ID:4	[INFO: Metric    ] METRIC_TX type=DUMMY node=4 seq=20 bytes=48 time_ms=960237
RX,REAL,,4,91,48,961225.168,960794,961225.168,960236,960794,40.167999999946915,2488,961225168	ID:1	[INFO: Metric    ] METRIC_RX type=REAL src=4 seq=91 send_ms=960236 recv_ms=960794 bytes=48
RX,DUMMY,,4,20,48,961262.168,960831,961262.168,960237,960831,,2490,961262168	ID:1	[INFO: Metric    ] METRIC_RX type=DUMMY src=4 seq=20 send_ms=960237 recv_ms=960831 bytes=48
TX,REAL,5,,93,48,962182.0,961212,962182.0,,,,2493,962182000	ID:5	[INFO: Metric    ] METRIC_TX type=REAL node=5 seq=93 bytes=48 time_ms=961212
TX,DUMMY,5,,35,48,962183.0,961213,962183.0,,,,2494,962183000	ID:5	[INFO: Metric    ] METRIC_TX type=DUMMY node=5 seq=35 bytes=48 time_ms=961213
RX,REAL,,5,93,48,962271.168,961840,962271.168,961212,961840,89.16799999994691,2495,962271168	ID:1	[INFO: Metric    ] METRIC_RX type=REAL src=5 seq=93 send_ms=961212 recv_ms=961840 bytes=48
RX,DUMMY,,5,35,48,962286.168,961855,962286.168,961213,961855,,2496,962286168	ID:1	[INFO: Metric    ] METRIC_RX type=DUMMY src=5 seq=35 send_ms=961213 recv_ms=961855 bytes=48
TX,REAL,2,,96,48,962493.0,962100,962493.0,,,,2499,962493000	ID:2	[INFO: Metric    ] METRIC_TX type=REAL node=2 seq=96 bytes=48 time_ms=962100
TX,DUMMY,2,,28,48,962494.0,962101,962494.0,,,,2500,962494000	ID:2	[INFO: Metric    ] METRIC_TX type=DUMMY node=2 seq=28 bytes=48 time_ms=962101
RX,REAL,,2,96,48,962525.88,962094,962525.88,962100,962094,32.88000000000466,2501,962525880	ID:1	[INFO: Metric    ] METRIC_RX type=REAL src=2 seq=96 send_ms=962100 recv_ms=962094 bytes=48
RX,DUMMY,,2,28,48,962566.88,962135,962566.88,962101,962135,,2503,962566880	ID:1	[INFO: Metric    ] METRIC_RX type=DUMMY src=2 seq=28 send_ms=962101 recv_ms=962135 bytes=48
TX,REAL,3,,95,48,965100.0,964888,965100.0,,,,2505,965100000	ID:3	[INFO: Metric    ] METRIC_TX type=REAL node=3 seq=95 bytes=48 time_ms=964888
RX,REAL,,3,95,48,965140.304,964709,965140.304,964888,964709,40.304000000003725,2506,965140304	ID:1	[INFO: Metric    ] METRIC_RX type=REAL src=3 seq=95 send_ms=964888 recv_ms=964709 bytes=48
TX,REAL,7,,95,48,965181.328,965160,965181.328,,,,2507,965181328	ID:7	[INFO: Metric    ] METRIC_TX type=REAL node=7 seq=95 bytes=48 time_ms=965160
RX,REAL,,7,95,48,965223.88,964792,965223.88,965160,964792,42.552000000025146,2509,965223880	ID:1	[INFO: Metric    ] METRIC_RX type=REAL src=7 seq=95 send_ms=965160 recv_ms=964792 bytes=48
TX,REAL,6,,94,48,969949.0,969861,969949.0,,,,2511,969949000	ID:6	[INFO: Metric    ] METRIC_TX type=REAL node=6 seq=94 bytes=48 time_ms=969861
TX,DUMMY,6,,29,48,969950.0,969862,969950.0,,,,2512,969950000	ID:6	[INFO: Metric    ] METRIC_TX type=DUMMY node=6 seq=29 bytes=48 time_ms=969862
RX,REAL,,6,94,48,969975.88,969544,969975.88,969861,969544,26.880000000004657,2513,969975880	ID:1	[INFO: Metric    ] METRIC_RX type=REAL src=6 seq=94 send_ms=969861 recv_ms=969544 bytes=48
RX,DUMMY,,6,29,48,970042.88,969611,970042.88,969862,969611,,2515,970042880	ID:1	[INFO: Metric    ] METRIC_RX type=DUMMY src=6 seq=29 send_ms=969862 recv_ms=969611 bytes=48
TX,REAL,4,,92,48,970187.0,969238,970187.0,,,,2517,970187000	ID:4	[INFO: Metric    ] METRIC_TX type=REAL node=4 seq=92 bytes=48 time_ms=969238
RX,REAL,,4,92,48,970237.168,969806,970237.168,969238,969806,50.167999999946915,2518,970237168	ID:1	[INFO: Metric    ] METRIC_RX type=REAL src=4 seq=92 send_ms=969238 recv_ms=969806 bytes=48
TX,REAL,2,,97,48,971495.0,971102,971495.0,,,,2521,971495000	ID:2	[INFO: Metric    ] METRIC_TX type=REAL node=2 seq=97 bytes=48 time_ms=971102
RX,REAL,,2,97,48,971504.88,971073,971504.88,971102,971073,9.880000000004657,2522,971504880	ID:1	[INFO: Metric    ] METRIC_RX type=REAL src=2 seq=97 send_ms=971102 recv_ms=971073 bytes=48
TX,REAL,5,,94,48,973184.0,972214,973184.0,,,,2524,973184000	ID:5	[INFO: Metric    ] METRIC_TX type=REAL node=5 seq=94 bytes=48 time_ms=972214
RX,REAL,,5,94,48,973250.168,972819,973250.168,972214,972819,66.16799999994691,2525,973250168	ID:1	[INFO: Metric    ] METRIC_RX type=REAL src=5 seq=94 send_ms=972214 recv_ms=972819 bytes=48
TX,REAL,3,,96,48,974101.0,973889,974101.0,,,,2527,974101000	ID:3	[INFO: Metric    ] METRIC_TX type=REAL node=3 seq=96 bytes=48 time_ms=973889
RX,REAL,,3,96,48,974156.168,973725,974156.168,973889,973725,55.167999999946915,2528,974156168	ID:1	[INFO: Metric    ] METRIC_RX type=REAL src=3 seq=96 send_ms=973889 recv_ms=973725 bytes=48
TX,REAL,7,,96,48,975182.0,975160,975182.0,,,,2530,975182000	ID:7	[INFO: Metric    ] METRIC_TX type=REAL node=7 seq=96 bytes=48 time_ms=975160
RX,REAL,,7,96,48,975216.88,974785,975216.88,975160,974785,34.88000000000466,2531,975216880	ID:1	[INFO: Metric    ] METRIC_RX type=REAL src=7 seq=96 send_ms=975160 recv_ms=974785 bytes=48
TX,REAL,6,,95,48,977951.0,977863,977951.0,,,,2533,977951000	ID:6	[INFO: Metric    ] METRIC_TX type=REAL node=6 seq=95 bytes=48 time_ms=977863
RX,REAL,,6,95,48,977959.88,977528,977959.88,977863,977528,8.880000000004657,2534,977959880	ID:1	[INFO: Metric    ] METRIC_RX type=REAL src=6 seq=95 send_ms=977863 recv_ms=977528 bytes=48
TX,REAL,4,,93,48,978188.0,977239,978188.0,,,,2536,978188000	ID:4	[INFO: Metric    ] METRIC_TX type=REAL node=4 seq=93 bytes=48 time_ms=977239
RX,REAL,,4,93,48,978253.168,977822,978253.168,977239,977822,65.16799999994691,2537,978253168	ID:1	[INFO: Metric    ] METRIC_RX type=REAL src=4 seq=93 send_ms=977239 recv_ms=977822 bytes=48
TX,REAL,7,,97,48,983183.0,983161,983183.0,,,,2539,983183000	ID:7	[INFO: Metric    ] METRIC_TX type=REAL node=7 seq=97 bytes=48 time_ms=983161
RX,REAL,,7,97,48,983224.88,982793,983224.88,983161,982793,41.88000000000466,2540,983224880	ID:1	[INFO: Metric    ] METRIC_RX type=REAL src=7 seq=97 send_ms=983161 recv_ms=982793 bytes=48
TX,REAL,2,,98,48,983496.0,983103,983496.0,,,,2542,983496000	ID:2	[INFO: Metric    ] METRIC_TX type=REAL node=2 seq=98 bytes=48 time_ms=983103
RX,REAL,,2,98,48,983529.88,983098,983529.88,983103,983098,33.88000000000466,2543,983529880	ID:1	[INFO: Metric    ] METRIC_RX type=REAL src=2 seq=98 send_ms=983103 recv_ms=983098 bytes=48
TX,REAL,3,,97,48,985102.0,984890,985102.0,,,,2545,985102000	ID:3	[INFO: Metric    ] METRIC_TX type=REAL node=3 seq=97 bytes=48 time_ms=984890
RX,REAL,,3,97,48,985148.168,984717,985148.168,984890,984717,46.167999999946915,2546,985148168	ID:1	[INFO: Metric    ] METRIC_RX type=REAL src=3 seq=97 send_ms=984890 recv_ms=984717 bytes=48
TX,REAL,5,,95,48,985185.0,984215,985185.0,,,,2547,985185000	ID:5	[INFO: Metric    ] METRIC_TX type=REAL node=5 seq=95 bytes=48 time_ms=984215
RX,REAL,,5,95,48,985229.304,984798,985229.304,984215,984798,44.304000000003725,2549,985229304	ID:1	[INFO: Metric    ] METRIC_RX type=REAL src=5 seq=95 send_ms=984215 recv_ms=984798 bytes=48
TX,REAL,4,,94,48,986189.0,985240,986189.0,,,,2552,986189000	ID:4	[INFO: Metric    ] METRIC_TX type=REAL node=4 seq=94 bytes=48 time_ms=985240
RX,REAL,,4,94,48,986247.168,985816,986247.168,985240,985816,58.167999999946915,2553,986247168	ID:1	[INFO: Metric    ] METRIC_RX type=REAL src=4 seq=94 send_ms=985240 recv_ms=985816 bytes=48
TX,REAL,6,,96,48,989952.0,989864,989952.0,,,,2555,989952000	ID:6	[INFO: Metric    ] METRIC_TX type=REAL node=6 seq=96 bytes=48 time_ms=989864
RX,REAL,,6,96,48,989971.88,989540,989971.88,989864,989540,19.880000000004657,2556,989971880	ID:1	[INFO: Metric    ] METRIC_RX type=REAL src=6 seq=96 send_ms=989864 recv_ms=989540 bytes=48
TX,REAL,7,,98,48,991184.0,991162,991184.0,,,,2558,991184000	ID:7	[INFO: Metric    ] METRIC_TX type=REAL node=7 seq=98 bytes=48 time_ms=991162
RX,REAL,,7,98,48,991228.88,990797,991228.88,991162,990797,44.88000000000466,2559,991228880	ID:1	[INFO: Metric    ] METRIC_RX type=REAL src=7 seq=98 send_ms=991162 recv_ms=990797 bytes=48
TX,REAL,2,,99,48,991497.0,991104,991497.0,,,,2561,991497000	ID:2	[INFO: Metric    ] METRIC_TX type=REAL node=2 seq=99 bytes=48 time_ms=991104
RX,REAL,,2,99,48,991523.88,991092,991523.88,991104,991092,26.880000000004657,2562,991523880	ID:1	[INFO: Metric    ] METRIC_RX type=REAL src=2 seq=99 send_ms=991104 recv_ms=991092 bytes=48
TX,REAL,3,,98,48,994103.0,993891,994103.0,,,,2564,994103000	ID:3	[INFO: Metric    ] METRIC_TX type=REAL node=3 seq=98 bytes=48 time_ms=993891
RX,REAL,,3,98,48,994144.168,993713,994144.168,993891,993713,41.167999999946915,2565,994144168	ID:1	[INFO: Metric    ] METRIC_RX type=REAL src=3 seq=98 send_ms=993891 recv_ms=993713 bytes=48
TX,REAL,5,,96,48,994186.0,993216,994186.0,,,,2566,994186000	ID:5	[INFO: Metric    ] METRIC_TX type=REAL node=5 seq=96 bytes=48 time_ms=993216
RX,REAL,,5,96,48,994266.168,993835,994266.168,993216,993835,80.16799999994691,2568,994266168	ID:1	[INFO: Metric    ] METRIC_RX type=REAL src=5 seq=96 send_ms=993216 recv_ms=993835 bytes=48
TX,REAL,4,,95,48,996190.0,995241,996190.0,,,,2570,996190000	ID:4	[INFO: Metric    ] METRIC_TX type=REAL node=4 seq=95 bytes=48 time_ms=995241
TX,DUMMY,4,,21,48,996191.0,995242,996191.0,,,,2571,996191000	ID:4	[INFO: Metric    ] METRIC_TX type=DUMMY node=4 seq=21 bytes=48 time_ms=995242
RX,REAL,,4,95,48,996221.168,995790,996221.168,995241,995790,31.167999999946915,2572,996221168	ID:1	[INFO: Metric    ] METRIC_RX type=REAL src=4 seq=95 send_ms=995241 recv_ms=995790 bytes=48
RX,DUMMY,,4,21,48,996292.168,995861,996292.168,995242,995861,,2573,996292168	ID:1	[INFO: Metric    ] METRIC_RX type=DUMMY src=4 seq=21 send_ms=995242 recv_ms=995861 bytes=48
TX,REAL,6,,97,48,998953.0,998865,998953.0,,,,2576,998953000	ID:6	[INFO: Metric    ] METRIC_TX type=REAL node=6 seq=97 bytes=48 time_ms=998865
TX,DUMMY,6,,30,48,998954.0,998866,998954.0,,,,2577,998954000	ID:6	[INFO: Metric    ] METRIC_TX type=DUMMY node=6 seq=30 bytes=48 time_ms=998866
RX,REAL,,6,97,48,998961.88,998530,998961.88,998865,998530,8.880000000004657,2578,998961880	ID:1	[INFO: Metric    ] METRIC_RX type=REAL src=6 seq=97 send_ms=998865 recv_ms=998530 bytes=48
RX,DUMMY,,6,30,48,999005.88,998574,999005.88,998866,998574,,2580,999005880	ID:1	[INFO: Metric    ] METRIC_RX type=DUMMY src=6 seq=30 send_ms=998866 recv_ms=998574 bytes=48
TX,REAL,2,,100,48,1001498.0,1001105,1001498.0,,,,2585,1001498000	ID:2	[INFO: Metric    ] METRIC_TX type=REAL node=2 seq=100 bytes=48 time_ms=1001105
TX,DUMMY,2,,29,48,1001499.0,1001106,1001499.0,,,,2586,1001499000	ID:2	[INFO: Metric    ] METRIC_TX type=DUMMY node=2 seq=29 bytes=48 time_ms=1001106
RX,REAL,,2,100,48,1001516.88,1001085,1001516.88,1001105,1001085,18.880000000004657,2587,1001516880	ID:1	[INFO: Metric    ] METRIC_RX type=REAL src=2 seq=100 send_ms=1001105 recv_ms=1001085 bytes=48
RX,DUMMY,,2,29,48,1001536.88,1001105,1001536.88,1001106,1001105,,2588,1001536880	ID:1	[INFO: Metric    ] METRIC_RX type=DUMMY src=2 seq=29 send_ms=1001106 recv_ms=1001105 bytes=48
TX,REAL,7,,99,48,1002185.0,1002163,1002185.0,,,,2591,1002185000	ID:7	[INFO: Metric    ] METRIC_TX type=REAL node=7 seq=99 bytes=48 time_ms=1002163
TX,REAL,5,,97,48,1002187.0,1001217,1002187.0,,,,2592,1002187000	ID:5	[INFO: Metric    ] METRIC_TX type=REAL node=5 seq=97 bytes=48 time_ms=1001217
RX,REAL,,5,97,48,1002220.304,1001789,1002220.304,1001217,1001789,33.304000000003725,2593,1002220304	ID:1	[INFO: Metric    ] METRIC_RX type=REAL src=5 seq=97 send_ms=1001217 recv_ms=1001789 bytes=48
RX,REAL,,7,99,48,1002230.88,1001799,1002230.88,1002163,1001799,45.88000000000466,2594,1002230880	ID:1	[INFO: Metric    ] METRIC_RX type=REAL src=7 seq=99 send_ms=1002163 recv_ms=1001799 bytes=48
TX,REAL,3,,99,48,1006104.0,1005892,1006104.0,,,,2597,1006104000	ID:3	[INFO: Metric    ] METRIC_TX type=REAL node=3 seq=99 bytes=48 time_ms=1005892
RX,REAL,,3,99,48,1006175.168,1005744,1006175.168,1005892,1005744,71.16799999994691,2598,1006175168	ID:1	[INFO: Metric    ] METRIC_RX type=REAL src=3 seq=99 send_ms=1005892 recv_ms=1005744 bytes=48
TX,REAL,4,,96,48,1006192.0,1005243,1006192.0,,,,2599,1006192000	ID:4	[INFO: Metric    ] METRIC_TX type=REAL node=4 seq=96 bytes=48 time_ms=1005243
TX,DUMMY,4,,22,48,1006193.0,1005244,1006193.0,,,,2600,1006193000	ID:4	[INFO: Metric    ] METRIC_TX type=DUMMY node=4 seq=22 bytes=48 time_ms=1005244
RX,REAL,,4,96,48,1006296.168,1005865,1006296.168,1005243,1005865,104.16799999994691,2602,1006296168	ID:1	[INFO: Metric    ] METRIC_RX type=REAL src=4 seq=96 send_ms=1005243 recv_ms=1005865 bytes=48
RX,DUMMY,,4,22,48,1006343.168,1005912,1006343.168,1005244,1005912,,2604,1006343168	ID:1	[INFO: Metric    ] METRIC_RX type=DUMMY src=4 seq=22 send_ms=1005244 recv_ms=1005912 bytes=48
TX,REAL,2,,101,48,1009500.0,1009107,1009500.0,,,,2606,1009500000	ID:2	[INFO: Metric    ] METRIC_TX type=REAL node=2 seq=101 bytes=48 time_ms=1009107
RX,REAL,,2,101,48,1009510.88,1009079,1009510.88,1009107,1009079,10.880000000004657,2607,1009510880	ID:1	[INFO: Metric    ] METRIC_RX type=REAL src=2 seq=101 send_ms=1009107 recv_ms=1009079 bytes=48
TX,REAL,5,,98,48,1010188.0,1009218,1010188.0,,,,2609,1010188000	ID:5	[INFO: Metric    ] METRIC_TX type=REAL node=5 seq=98 bytes=48 time_ms=1009218
RX,REAL,,5,98,48,1010261.168,1009830,1010261.168,1009218,1009830,73.16799999994691,2610,1010261168	ID:1	[INFO: Metric    ] METRIC_RX type=REAL src=5 seq=98 send_ms=1009218 recv_ms=1009830 bytes=48
TX,REAL,6,,98,48,1010955.0,1010867,1010955.0,,,,2612,1010955000	ID:6	[INFO: Metric    ] METRIC_TX type=REAL node=6 seq=98 bytes=48 time_ms=1010867
RX,REAL,,6,98,48,1010993.88,1010562,1010993.88,1010867,1010562,38.88000000000466,2613,1010993880	ID:1	[INFO: Metric    ] METRIC_RX type=REAL src=6 seq=98 send_ms=1010867 recv_ms=1010562 bytes=48
TX,REAL,7,,100,48,1013186.0,1013164,1013186.0,,,,2618,1013186000	ID:7	[INFO: Metric    ] METRIC_TX type=REAL node=7 seq=100 bytes=48 time_ms=1013164
TX,DUMMY,7,,34,48,1013187.0,1013165,1013187.0,,,,2619,1013187000	ID:7	[INFO: Metric    ] METRIC_TX type=DUMMY node=7 seq=34 bytes=48 time_ms=1013165
RX,REAL,,7,100,48,1013203.88,1012772,1013203.88,1013164,1012772,17.880000000004657,2620,1013203880	ID:1	[INFO: Metric    ] METRIC_RX type=REAL src=7 seq=100 send_ms=1013164 recv_ms=1012772 bytes=48
RX,DUMMY,,7,34,48,1013212.88,1012781,1013212.88,1013165,1012781,,2621,1013212880	ID:1	[INFO: Metric    ] METRIC_RX type=DUMMY src=7 seq=34 send_ms=1013165 recv_ms=1012781 bytes=48
TX,REAL,4,,97,48,1015194.0,1014245,1015194.0,,,,2624,1015194000	ID:4	[INFO: Metric    ] METRIC_TX type=REAL node=4 seq=97 bytes=48 time_ms=1014245
TX,DUMMY,4,,23,48,1015195.0,1014246,1015195.0,,,,2625,1015195000	ID:4	[INFO: Metric    ] METRIC_TX type=DUMMY node=4 seq=23 bytes=48 time_ms=1014246
RX,REAL,,4,97,48,1015230.168,1014799,1015230.168,1014245,1014799,36.167999999946915,2626,1015230168	ID:1	[INFO: Metric    ] METRIC_RX type=REAL src=4 seq=97 send_ms=1014245 recv_ms=1014799 bytes=48
RX,DUMMY,,4,23,48,1015338.168,1014907,1015338.168,1014246,1014907,,2628,1015338168	ID:1	[INFO: Metric    ] METRIC_RX type=DUMMY src=4 seq=23 send_ms=1014246 recv_ms=1014907 bytes=48
TX,REAL,3,,100,48,1018105.0,1017893,1018105.0,,,,2632,1018105000	ID:3	[INFO: Metric    ] METRIC_TX type=REAL node=3 seq=100 bytes=48 time_ms=1017893
TX,DUMMY,3,,29,48,1018106.0,1017894,1018106.0,,,,2633,1018106000	ID:3	[INFO: Metric    ] METRIC_TX type=DUMMY node=3 seq=29 bytes=48 time_ms=1017894
RX,REAL,,3,100,48,1018174.168,1017743,1018174.168,1017893,1017743,69.16799999994691,2634,1018174168	ID:1	[INFO: Metric    ] METRIC_RX type=REAL src=3 seq=100 send_ms=1017893 recv_ms=1017743 bytes=48
RX,DUMMY,,3,29,48,1018210.168,1017779,1018210.168,1017894,1017779,,2635,1018210168	ID:1	[INFO: Metric    ] METRIC_RX type=DUMMY src=3 seq=29 send_ms=1017894 recv_ms=1017779 bytes=48
TX,REAL,5,,99,48,1019189.0,1018219,1019189.0,,,,2638,1019189000	ID:5	[INFO: Metric    ] METRIC_TX type=REAL node=5 seq=99 bytes=48 time_ms=1018219
RX,REAL,,5,99,48,1019220.168,1018789,1019220.168,1018219,1018789,31.167999999946915,2639,1019220168	ID:1	[INFO: Metric    ] METRIC_RX type=REAL src=5 seq=99 send_ms=1018219 recv_ms=1018789 bytes=48
TX,REAL,6,,99,48,1020956.0,1020868,1020956.0,,,,2641,1020956000	ID:6	[INFO: Metric    ] METRIC_TX type=REAL node=6 seq=99 bytes=48 time_ms=1020868
TX,DUMMY,6,,31,48,1020957.0,1020869,1020957.0,,,,2642,1020957000	ID:6	[INFO: Metric    ] METRIC_TX type=DUMMY node=6 seq=31 bytes=48 time_ms=1020869
RX,REAL,,6,99,48,1020974.88,1020543,1020974.88,1020868,1020543,18.880000000004657,2643,1020974880	ID:1	[INFO: Metric    ] METRIC_RX type=REAL src=6 seq=99 send_ms=1020868 recv_ms=1020543 bytes=48
RX,DUMMY,,6,31,48,1020996.88,1020565,1020996.88,1020869,1020565,,2645,1020996880	ID:1	[INFO: Metric    ] METRIC_RX type=DUMMY src=6 seq=31 send_ms=1020869 recv_ms=1020565 bytes=48
TX,REAL,2,,102,48,1021501.0,1021108,1021501.0,,,,2647,1021501000	ID:2	[INFO: Metric    ] METRIC_TX type=REAL node=2 seq=102 bytes=48 time_ms=1021108
RX,REAL,,2,102,48,1021518.88,1021087,1021518.88,1021108,1021087,17.880000000004657,2648,1021518880	ID:1	[INFO: Metric    ] METRIC_RX type=REAL src=2 seq=102 send_ms=1021108 recv_ms=1021087 bytes=48
TX,REAL,4,,98,48,1024196.0,1023247,1024196.0,,,,2651,1024196000	ID:4	[INFO: Metric    ] METRIC_TX type=REAL node=4 seq=98 bytes=48 time_ms=1023247
RX,REAL,,4,98,48,1024223.168,1023792,1024223.168,1023247,1023792,27.167999999946915,2652,1024223168	ID:1	[INFO: Metric    ] METRIC_RX type=REAL src=4 seq=98 send_ms=1023247 recv_ms=1023792 bytes=48
TX,REAL,7,,101,48,1025188.0,1025166,1025188.0,,,,2654,1025188000	ID:7	[INFO: Metric    ] METRIC_TX type=REAL node=7 seq=101 bytes=48 time_ms=1025166
TX,DUMMY,7,,35,48,1025189.0,1025167,1025189.0,,,,2655,1025189000	ID:7	[INFO: Metric    ] METRIC_TX type=DUMMY node=7 seq=35 bytes=48 time_ms=1025167
RX,REAL,,7,101,48,1025225.88,1024794,1025225.88,1025166,1024794,37.88000000000466,2656,1025225880	ID:1	[INFO: Metric    ] METRIC_RX type=REAL src=7 seq=101 send_ms=1025166 recv_ms=1024794 bytes=48
RX,DUMMY,,7,35,48,1025265.88,1024834,1025265.88,1025167,1024834,,2658,1025265880	ID:1	[INFO: Metric    ] METRIC_RX type=DUMMY src=7 seq=35 send_ms=1025167 recv_ms=1024834 bytes=48
TX,REAL,5,,100,48,1027190.0,1026220,1027190.0,,,,2662,1027190000	ID:5	[INFO: Metric    ] METRIC_TX type=REAL node=5 seq=100 bytes=48 time_ms=1026220
RX,REAL,,5,100,48,1027249.168,1026818,1027249.168,1026220,1026818,59.167999999946915,2663,1027249168	ID:1	[INFO: Metric    ] METRIC_RX type=REAL src=5 seq=100 send_ms=1026220 recv_ms=1026818 bytes=48
TX,REAL,3,,101,48,1028107.0,1027895,1028107.0,,,,2665,1028107000	ID:3	[INFO: Metric    ] METRIC_TX type=REAL node=3 seq=101 bytes=48 time_ms=1027895
TX,DUMMY,3,,30,48,1028108.0,1027896,1028108.0,,,,2666,1028108000	ID:3	[INFO: Metric    ] METRIC_TX type=DUMMY node=3 seq=30 bytes=48 time_ms=1027896
RX,REAL,,3,101,48,1028206.168,1027775,1028206.168,1027895,1027775,99.16799999994691,2667,1028206168	ID:1	[INFO: Metric    ] METRIC_RX type=REAL src=3 seq=101 send_ms=1027895 recv_ms=1027775 bytes=48
RX,DUMMY,,3,30,48,1028213.336,1027782,1028213.336,1027896,1027782,,2668,1028213336	ID:1	[INFO: Metric    ] METRIC_RX type=DUMMY src=3 seq=30 send_ms=1027896 recv_ms=1027782 bytes=48
TX,REAL,6,,100,48,1028958.0,1028870,1028958.0,,,,2673,1028958000	ID:6	[INFO: Metric    ] METRIC_TX type=REAL node=6 seq=100 bytes=48 time_ms=1028870
RX,REAL,,6,100,48,1028978.88,1028547,1028978.88,1028870,1028547,20.880000000004657,2674,1028978880	ID:1	[INFO: Metric    ] METRIC_RX type=REAL src=6 seq=100 send_ms=1028870 recv_ms=1028547 bytes=48
TX,REAL,2,,103,48,1033502.0,1033109,1033502.0,,,,2676,1033502000	ID:2	[INFO: Metric    ] METRIC_TX type=REAL node=2 seq=103 bytes=48 time_ms=1033109
TX,DUMMY,2,,30,48,1033503.0,1033110,1033503.0,,,,2677,1033503000	ID:2	[INFO: Metric    ] METRIC_TX type=DUMMY node=2 seq=30 bytes=48 time_ms=1033110
RX,REAL,,2,103,48,1033542.88,1033111,1033542.88,1033109,1033111,40.88000000000466,2678,1033542880	ID:1	[INFO: Metric    ] METRIC_RX type=REAL src=2 seq=103 send_ms=1033109 recv_ms=1033111 bytes=48
RX,DUMMY,,2,30,48,1033569.88,1033138,1033569.88,1033110,1033138,,2679,1033569880	ID:1	[INFO: Metric    ] METRIC_RX type=DUMMY src=2 seq=30 send_ms=1033110 recv_ms=1033138 bytes=48
TX,REAL,4,,99,48,1036197.0,1035248,1036197.0,,,,2682,1036197000	ID:4	[INFO: Metric    ] METRIC_TX type=REAL node=4 seq=99 bytes=48 time_ms=1035248
TX,DUMMY,4,,24,48,1036198.0,1035249,1036198.0,,,,2683,1036198000	ID:4	[INFO: Metric    ] METRIC_TX type=DUMMY node=4 seq=24 bytes=48 time_ms=1035249
RX,REAL,,4,99,48,1036259.168,1035828,1036259.168,1035248,1035828,62.167999999946915,2684,1036259168	ID:1	[INFO: Metric    ] METRIC_RX type=REAL src=4 seq=99 send_ms=1035248 recv_ms=1035828 bytes=48
RX,DUMMY,,4,24,48,1036282.168,1035851,1036282.168,1035249,1035851,,2686,1036282168	ID:1	[INFO: Metric    ] METRIC_RX type=DUMMY src=4 seq=24 send_ms=1035249 recv_ms=1035851 bytes=48
TX,REAL,7,,102,48,1037190.0,1037168,1037190.0,,,,2689,1037190000	ID:7	[INFO: Metric    ] METRIC_TX type=REAL node=7 seq=102 bytes=48 time_ms=1037168
RX,REAL,,7,102,48,1037232.88,1036801,1037232.88,1037168,1036801,42.88000000000466,2690,1037232880	ID:1	[INFO: Metric    ] METRIC_RX type=REAL src=7 seq=102 send_ms=1037168 recv_ms=1036801 bytes=48
TX,REAL,5,,101,48,1038191.0,1037221,1038191.0,,,,2692,1038191000	ID:5	[INFO: Metric    ] METRIC_TX type=REAL node=5 seq=101 bytes=48 time_ms=1037221
RX,REAL,,5,101,48,1038228.168,1037797,1038228.168,1037221,1037797,37.167999999946915,2693,1038228168	ID:1	[INFO: Metric    ] METRIC_RX type=REAL src=5 seq=101 send_ms=1037221 recv_ms=1037797 bytes=48
TX,REAL,6,,101,48,1039959.0,1039871,1039959.0,,,,2695,1039959000	ID:6	[INFO: Metric    ] METRIC_TX type=REAL node=6 seq=101 bytes=48 time_ms=1039871
TX,DUMMY,6,,32,48,1039960.0,1039872,1039960.0,,,,2696,1039960000	ID:6	[INFO: Metric    ] METRIC_TX type=DUMMY node=6 seq=32 bytes=48 time_ms=1039872
RX,REAL,,6,101,48,1039991.88,1039560,1039991.88,1039871,1039560,32.88000000000466,2697,1039991880	ID:1	[INFO: Metric    ] METRIC_RX type=REAL src=6 seq=101 send_ms=1039871 recv_ms=1039560 bytes=48
RX,DUMMY,,6,32,48,1040024.88,1039593,1040024.88,1039872,1039593,,2699,1040024880	ID:1	[INFO: Metric    ] METRIC_RX type=DUMMY src=6 seq=32 send_ms=1039872 recv_ms=1039593 bytes=48
TX,REAL,3,,102,48,1040109.0,1039897,1040109.0,,,,2701,1040109000	ID:3	[INFO: Metric    ] METRIC_TX type=REAL node=3 seq=102 bytes=48 time_ms=1039897
RX,REAL,,3,102,48,1040124.168,1039693,1040124.168,1039897,1039693,15.167999999946915,2702,1040124168	ID:1	[INFO: Metric    ] METRIC_RX type=REAL src=3 seq=102 send_ms=1039897 recv_ms=1039693 bytes=48
TX,REAL,2,,104,48,1043504.0,1043111,1043504.0,,,,2704,1043504000	ID:2	[INFO: Metric    ] METRIC_TX type=REAL node=2 seq=104 bytes=48 time_ms=1043111
RX,REAL,,2,104,48,1043535.88,1043104,1043535.88,1043111,1043104,31.880000000004657,2705,1043535880	ID:1	[INFO: Metric    ] METRIC_RX type=REAL src=2 seq=104 send_ms=1043111 recv_ms=1043104 bytes=48
TX,REAL,4,,100,48,1045199.0,1044250,1045199.0,,,,2709,1045199000	ID:4	[INFO: Metric    ] METRIC_TX type=REAL node=4 seq=100 bytes=48 time_ms=1044250
TX,DUMMY,4,,25,48,1045200.0,1044251,1045200.0,,,,2710,1045200000	ID:4	[INFO: Metric    ] METRIC_TX type=DUMMY node=4 seq=25 bytes=48 time_ms=1044251
RX,REAL,,4,100,48,1045232.304,1044801,1045232.304,1044250,1044801,33.304000000003725,2711,1045232304	ID:1	[INFO: Metric    ] METRIC_RX type=REAL src=4 seq=100 send_ms=1044250 recv_ms=1044801 bytes=48
RX,DUMMY,,4,25,48,1045334.168,1044903,1045334.168,1044251,1044903,,2713,1045334168	ID:1	[INFO: Metric    ] METRIC_RX type=DUMMY src=4 seq=25 send_ms=1044251 recv_ms=1044903 bytes=48
TX,REAL,7,,103,48,1046191.0,1046169,1046191.0,,,,2715,1046191000	ID:7	[INFO: Metric    ] METRIC_TX type=REAL node=7 seq=103 bytes=48 time_ms=1046169
TX,REAL,5,,102,48,1046192.0,1045222,1046192.0,,,,2716,1046192000	ID:5	[INFO: Metric    ] METRIC_TX type=REAL node=5 seq=102 bytes=48 time_ms=1045222
RX,REAL,,7,103,48,1046205.88,1045774,1046205.88,1046169,1045774,14.880000000004657,2717,1046205880	ID:1	[INFO: Metric    ] METRIC_RX type=REAL src=7 seq=103 send_ms=1046169 recv_ms=1045774 bytes=48
RX,REAL,,5,102,48,1046212.168,1045781,1046212.168,1045222,1045781,20.167999999946915,2719,1046212168	ID:1	[INFO: Metric    ] METRIC_RX type=REAL src=5 seq=102 send_ms=1045222 recv_ms=1045781 bytes=48
TX,REAL,6,,102,48,1050961.0,1050873,1050961.0,,,,2722,1050961000	ID:6	[INFO: Metric    ] METRIC_TX type=REAL node=6 seq=102 bytes=48 time_ms=1050873
RX,REAL,,6,102,48,1050997.88,1050566,1050997.88,1050873,1050566,36.87999999988824,2723,1050997880	ID:1	[INFO: Metric    ] METRIC_RX type=REAL src=6 seq=102 send_ms=1050873 recv_ms=1050566 bytes=48
TX,REAL,3,,103,48,1051110.0,1050898,1051110.0,,,,2725,1051110000	ID:3	[INFO: Metric    ] METRIC_TX type=REAL node=3 seq=103 bytes=48 time_ms=1050898
TX,DUMMY,3,,31,48,1051111.0,1050899,1051111.0,,,,2726,1051111000	ID:3	[INFO: Metric    ] METRIC_TX type=DUMMY node=3 seq=31 bytes=48 time_ms=1050899
RX,REAL,,3,103,48,1051160.168,1050729,1051160.168,1050898,1050729,50.16800000006333,2727,1051160168	ID:1	[INFO: Metric    ] METRIC_RX type=REAL src=3 seq=103 send_ms=1050898 recv_ms=1050729 bytes=48
RX,DUMMY,,3,31,48,1051211.168,1050780,1051211.168,1050899,1050780,,2729,1051211168	ID:1	[INFO: Metric    ] METRIC_RX type=DUMMY src=3 seq=31 send_ms=1050899 recv_ms=1050780 bytes=48
TX,REAL,4,,101,48,1053201.0,1052252,1053201.0,,,,2731,1053201000	ID:4	[INFO: Metric    ] METRIC_TX type=REAL node=4 seq=101 bytes=48 time_ms=1052252
RX,REAL,,4,101,48,1053237.168,1052806,1053237.168,1052252,1052806,36.16800000006333,2732,1053237168	ID:1	[INFO: Metric    ] METRIC_RX type=REAL src=4 seq=101 send_ms=1052252 recv_ms=1052806 bytes=48
TX,REAL,7,,104,48,1054192.0,1054170,1054192.0,,,,2734,1054192000	ID:7	[INFO: Metric    ] METRIC_TX type=REAL node=7 seq=104 bytes=48 time_ms=1054170
RX,REAL,,7,104,48,1054236.88,1053805,1054236.88,1054170,1053805,44.87999999988824,2735,1054236880	ID:1	[INFO: Metric    ] METRIC_RX type=REAL src=7 seq=104 send_ms=1054170 recv_ms=1053805 bytes=48
TX,REAL,2,,105,48,1055505.0,1055112,1055505.0,,,,2737,1055505000	ID:2	[INFO: Metric    ] METRIC_TX type=REAL node=2 seq=105 bytes=48 time_ms=1055112
RX,REAL,,2,105,48,1055547.88,1055116,1055547.88,1055112,1055116,42.87999999988824,2738,1055547880	ID:1	[INFO: Metric    ] METRIC_RX type=REAL src=2 seq=105 send_ms=1055112 recv_ms=1055116 bytes=48
TX,REAL,5,,103,48,1058193.0,1057223,1058193.0,,,,2740,1058193000	ID:5	[INFO: Metric    ] METRIC_TX type=REAL node=5 seq=103 bytes=48 time_ms=1057223
RX,REAL,,5,103,48,1058228.168,1057797,1058228.168,1057223,1057797,35.16800000006333,2741,1058228168	ID:1	[INFO: Metric    ] METRIC_RX type=REAL src=5 seq=103 send_ms=1057223 recv_ms=1057797 bytes=48
TX,REAL,6,,103,48,1061962.0,1061874,1061962.0,,,,2743,1061962000	ID:6	[INFO: Metric    ] METRIC_TX type=REAL node=6 seq=103 bytes=48 time_ms=1061874
RX,REAL,,6,103,48,1061990.88,1061559,1061990.88,1061874,1061559,28.87999999988824,2744,1061990880	ID:1	[INFO: Metric    ] METRIC_RX type=REAL src=6 seq=103 send_ms=1061874 recv_ms=1061559 bytes=48
TX,REAL,3,,104,48,1063112.0,1062900,1063112.0,,,,2746,1063112000	ID:3	[INFO: Metric    ] METRIC_TX type=REAL node=3 seq=104 bytes=48 time_ms=1062900
RX,REAL,,3,104,48,1063139.168,1062708,1063139.168,1062900,1062708,27.16800000006333,2747,1063139168	ID:1	[INFO: Metric    ] METRIC_RX type=REAL src=3 seq=104 send_ms=1062900 recv_ms=1062708 bytes=48
TX,REAL,4,,102,48,1063202.0,1062253,1063202.0,,,,2750,1063202000	ID:4	[INFO: Metric    ] METRIC_TX type=REAL node=4 seq=102 bytes=48 time_ms=1062253
RX,REAL,,4,102,48,1063244.168,1062813,1063244.168,1062253,1062813,42.16800000006333,2751,1063244168	ID:1	[INFO: Metric    ] METRIC_RX type=REAL src=4 seq=102 send_ms=1062253 recv_ms=1062813 bytes=48
TX,REAL,2,,106,48,1064506.0,1064113,1064506.0,,,,2753,1064506000	ID:2	[INFO: Metric    ] METRIC_TX type=REAL node=2 seq=106 bytes=48 time_ms=1064113
RX,REAL,,2,106,48,1064546.88,1064115,1064546.88,1064113,1064115,40.87999999988824,2754,1064546880	ID:1	[INFO: Metric    ] METRIC_RX type=REAL src=2 seq=106 send_ms=1064113 recv_ms=1064115 bytes=48
TX,REAL,7,,105,48,1065193.0,1065171,1065193.0,,,,2756,1065193000	ID:7	[INFO: Metric    ] METRIC_TX type=REAL node=7 seq=105 bytes=48 time_ms=1065171
TX,DUMMY,7,,36,48,1065194.0,1065172,1065194.0,,,,2757,1065194000	ID:7	[INFO: Metric    ] METRIC_TX type=DUMMY node=7 seq=36 bytes=48 time_ms=1065172
RX,REAL,,7,105,48,1065200.88,1064769,1065200.88,1065171,1064769,7.879999999888241,2758,1065200880	ID:1	[INFO: Metric    ] METRIC_RX type=REAL src=7 seq=105 send_ms=1065171 recv_ms=1064769 bytes=48
RX,DUMMY,,7,36,48,1065212.88,1064781,1065212.88,1065172,1064781,,2759,1065212880	ID:1	[INFO: Metric    ] METRIC_RX type=DUMMY src=7 seq=36 send_ms=1065172 recv_ms=1064781 bytes=48
TX,REAL,5,,104,48,1067194.0,1066224,1067194.0,,,,2762,1067194000	ID:5	[INFO: Metric    ] METRIC_TX type=REAL node=5 seq=104 bytes=48 time_ms=1066224
RX,REAL,,5,104,48,1067220.168,1066789,1067220.168,1066224,1066789,26.16800000006333,2763,1067220168	ID:1	[INFO: Metric    ] METRIC_RX type=REAL src=5 seq=104 send_ms=1066224 recv_ms=1066789 bytes=48
TX,REAL,4,,103,48,1072203.0,1071254,1072203.0,,,,2765,1072203000	ID:4	[INFO: Metric    ] METRIC_TX type=REAL node=4 seq=103 bytes=48 time_ms=1071254
TX,DUMMY,4,,26,48,1072204.0,1071255,1072204.0,,,,2766,1072204000	ID:4	[INFO: Metric    ] METRIC_TX type=DUMMY node=4 seq=26 bytes=48 time_ms=1071255
RX,REAL,,4,103,48,1072234.168,1071803,1072234.168,1071254,1071803,31.16800000006333,2767,1072234168	ID:1	[INFO: Metric    ] METRIC_RX type=REAL src=4 seq=103 send_ms=1071254 recv_ms=1071803 bytes=48
RX,DUMMY,,4,26,48,1072310.168,1071879,1072310.168,1071255,1071879,,2769,1072310168	ID:1	[INFO: Metric    ] METRIC_RX type=DUMMY src=4 seq=26 send_ms=1071255 recv_ms=1071879 bytes=48
TX,REAL,2,,107,48,1072507.0,1072114,1072507.0,,,,2771,1072507000	ID:2	[INFO: Metric    ] METRIC_TX type=REAL node=2 seq=107 bytes=48 time_ms=1072114
RX,REAL,,2,107,48,1072523.88,1072092,1072523.88,1072114,1072092,16.87999999988824,2772,1072523880	ID:1	[INFO: Metric    ] METRIC_RX type=REAL src=2 seq=107 send_ms=1072114 recv_ms=1072092 bytes=48
TX,REAL,6,,104,48,1072963.0,1072875,1072963.0,,,,2774,1072963000	ID:6	[INFO: Metric    ] METRIC_TX type=REAL node=6 seq=104 bytes=48 time_ms=1072875
TX,DUMMY,6,,33,48,1072964.0,1072876,1072964.0,,,,2775,1072964000	ID:6	[INFO: Metric    ] METRIC_TX type=DUMMY node=6 seq=33 bytes=48 time_ms=1072876
RX,REAL,,6,104,48,1072989.88,1072558,1072989.88,1072875,1072558,26.87999999988824,2776,1072989880	ID:1	[INFO: Metric    ] METRIC_RX type=REAL src=6 seq=104 send_ms=1072875 recv_ms=1072558 bytes=48
RX,DUMMY,,6,33,48,1073004.88,1072573,1073004.88,1072876,1072573,,2777,1073004880	ID:1	[INFO: Metric    ] METRIC_RX type=DUMMY src=6 seq=33 send_ms=1072876 recv_ms=1072573 bytes=48
TX,REAL,3,,105,48,1073113.0,1072901,1073113.0,,,,2781,1073113000	ID:3	[INFO: Metric    ] METRIC_TX type=REAL node=3 seq=105 bytes=48 time_ms=1072901
RX,REAL,,3,105,48,1073140.168,1072709,1073140.168,1072901,1072709,27.16800000006333,2782,1073140168	ID:1	[INFO: Metric    ] METRIC_RX type=REAL src=3 seq=105 send_ms=1072901 recv_ms=1072709 bytes=48
TX,REAL,7,,106,48,1075195.0,1075173,1075195.0,,,,2784,1075195000	ID:7	[INFO: Metric    ] METRIC_TX type=REAL node=7 seq=106 bytes=48 time_ms=1075173
TX,DUMMY,7,,37,48,1075196.0,1075174,1075196.0,,,,2785,1075196000	ID:7	[INFO: Metric    ] METRIC_TX type=DUMMY node=7 seq=37 bytes=48 time_ms=1075174
RX,REAL,,7,106,48,1075219.88,1074788,1075219.88,1075173,1074788,24.87999999988824,2786,1075219880	ID:1	[INFO: Metric    ] METRIC_RX type=REAL src=7 seq=106 send_ms=1075173 recv_ms=1074788 bytes=48
RX,DUMMY,,7,37,48,1075228.88,1074797,1075228.88,1075174,1074797,,2787,1075228880	ID:1	[INFO: Metric    ] METRIC_RX type=DUMMY src=7 seq=37 send_ms=1075174 recv_ms=1074797 bytes=48
TX,REAL,5,,105,48,1079195.0,1078225,1079195.0,,,,2790,1079195000	ID:5	[INFO: Metric    ] METRIC_TX type=REAL node=5 seq=105 bytes=48 time_ms=1078225
TX,DUMMY,5,,36,48,1079196.0,1078226,1079196.0,,,,2791,1079196000	ID:5	[INFO: Metric    ] METRIC_TX type=DUMMY node=5 seq=36 bytes=48 time_ms=1078226
RX,REAL,,5,105,48,1079271.168,1078840,1079271.168,1078225,1078840,76.16800000006333,2792,1079271168	ID:1	[INFO: Metric    ] METRIC_RX type=REAL src=5 seq=105 send_ms=1078225 recv_ms=1078840 bytes=48
RX,DUMMY,,5,36,48,1079353.168,1078922,1079353.168,1078226,1078922,,2794,1079353168	ID:1	[INFO: Metric    ] METRIC_RX type=DUMMY src=5 seq=36 send_ms=1078226 recv_ms=1078922 bytes=48
TX,REAL,6,,105,48,1080965.0,1080877,1080965.0,,,,2796,1080965000	ID:6	[INFO: Metric    ] METRIC_TX type=REAL node=6 seq=105 bytes=48 time_ms=1080877
RX,REAL,,6,105,48,1080976.88,1080545,1080976.88,1080877,1080545,11.879999999888241,2797,1080976880	ID:1	[INFO: Metric    ] METRIC_RX type=REAL src=6 seq=105 send_ms=1080877 recv_ms=1080545 bytes=48
TX,REAL,4,,104,48,1081205.0,1080256,1081205.0,,,,2799,1081205000	ID:4	[INFO: Metric    ] METRIC_TX type=REAL node=4 seq=104 bytes=48 time_ms=1080256
TX,DUMMY,4,,27,48,1081206.0,1080257,1081206.0,,,,2800,1081206000	ID:4	[INFO: Metric    ] METRIC_TX type=DUMMY node=4 seq=27 bytes=48 time_ms=1080257
RX,REAL,,4,104,48,1081269.168,1080838,1081269.168,1080256,1080838,64.16800000006333,2801,1081269168	ID:1	[INFO: Metric    ] METRIC_RX type=REAL src=4 seq=104 send_ms=1080256 recv_ms=1080838 bytes=48
RX,DUMMY,,4,27,48,1081314.592,1080883,1081314.592,1080257,1080883,,2803,1081314592	ID:1	[INFO: Metric    ] METRIC_RX type=DUMMY src=4 seq=27 send_ms=1080257 recv_ms=1080883 bytes=48
TX,REAL,2,,108,48,1082508.0,1082115,1082508.0,,,,2805,1082508000	ID:2	[INFO: Metric    ] METRIC_TX type=REAL node=2 seq=108 bytes=48 time_ms=1082115
TX,DUMMY,2,,31,48,1082509.0,1082116,1082509.0,,,,2806,1082509000	ID:2	[INFO: Metric    ] METRIC_TX type=DUMMY node=2 seq=31 bytes=48 time_ms=1082116
RX,REAL,,2,108,48,1082527.88,1082096,1082527.88,1082115,1082096,19.87999999988824,2807,1082527880	ID:1	[INFO: Metric    ] METRIC_RX type=REAL src=2 seq=108 send_ms=1082115 recv_ms=1082096 bytes=48
RX,DUMMY,,2,31,48,1082553.88,1082122,1082553.88,1082116,1082122,,2809,1082553880	ID:1	[INFO: Metric    ] METRIC_RX type=DUMMY src=2 seq=31 send_ms=1082116 recv_ms=1082122 bytes=48
TX,REAL,3,,106,48,1085114.0,1084902,1085114.0,,,,2812,1085114000	ID:3	[INFO: Metric    ] METRIC_TX type=REAL node=3 seq=106 bytes=48 time_ms=1084902
TX,DUMMY,3,,32,48,1085115.0,1084903,1085115.0,,,,2813,1085115000	ID:3	[INFO: Metric    ] METRIC_TX type=DUMMY node=3 seq=32 bytes=48 time_ms=1084903
RX,REAL,,3,106,48,1085178.168,1084747,1085178.168,1084902,1084747,64.16800000006333,2814,1085178168	ID:1	[INFO: Metric    ] METRIC_RX type=REAL src=3 seq=106 send_ms=1084902 recv_ms=1084747 bytes=48
RX,DUMMY,,3,32,48,1085190.168,1084759,1085190.168,1084903,1084759,,2815,1085190168	ID:1	[INFO: Metric    ] METRIC_RX type=DUMMY src=3 seq=32 send_ms=1084903 recv_ms=1084759 bytes=48
TX,REAL,7,,107,48,1085197.0,1085175,1085197.0,,,,2816,1085197000	ID:7	[INFO: Metric    ] METRIC_TX type=REAL node=7 seq=107 bytes=48 time_ms=1085175
TX,DUMMY,7,,38,48,1085198.0,1085176,1085198.0,,,,2817,1085198000	ID:7	[INFO: Metric    ] METRIC_TX type=DUMMY node=7 seq=38 bytes=48 time_ms=1085176
RX,REAL,,7,107,48,1085237.88,1084806,1085237.88,1085175,1084806,40.87999999988824,2819,1085237880	ID:1	[INFO: Metric    ] METRIC_RX type=REAL src=7 seq=107 send_ms=1085175 recv_ms=1084806 bytes=48
RX,DUMMY,,7,38,48,1085365.88,1084934,1085365.88,1085176,1084934,,2822,1085365880	ID:1	[INFO: Metric    ] METRIC_RX type=DUMMY src=7 seq=38 send_ms=1085176 recv_ms=1084934 bytes=48
TX,REAL,5,,106,48,1091197.0,1090227,1091197.0,,,,2824,1091197000	ID:5	[INFO: Metric    ] METRIC_TX type=REAL node=5 seq=106 bytes=48 time_ms=1090227
TX,REAL,4,,105,48,1091207.0,1090258,1091207.0,,,,2825,1091207000	ID:4	[INFO: Metric    ] METRIC_TX type=REAL node=4 seq=105 bytes=48 time_ms=1090258
RX,REAL,,5,106,48,1091230.304,1090799,1091230.304,1090227,1090799,33.304000000003725,2826,1091230304	ID:1	[INFO: Metric    ] METRIC_RX type=REAL src=5 seq=106 send_ms=1090227 recv_ms=1090799 bytes=48
RX,REAL,,4,105,48,1091276.168,1090845,1091276.168,1090258,1090845,69.16800000006333,2827,1091276168	ID:1	[INFO: Metric    ] METRIC_RX type=REAL src=4 seq=105 send_ms=1090258 recv_ms=1090845 bytes=48
TX,REAL,2,,109,48,1091510.0,1091117,1091510.0,,,,2830,1091510000	ID:2	[INFO: Metric    ] METRIC_TX type=REAL node=2 seq=109 bytes=48 time_ms=1091117
RX,REAL,,2,109,48,1091522.88,1091091,1091522.88,1091117,1091091,12.879999999888241,2831,1091522880	ID:1	[INFO: Metric    ] METRIC_RX type=REAL src=2 seq=109 send_ms=1091117 recv_ms=1091091 bytes=48
TX,REAL,6,,106,48,1091966.0,1091878,1091966.0,,,,2833,1091966000	ID:6	[INFO: Metric    ] METRIC_TX type=REAL node=6 seq=106 bytes=48 time_ms=1091878
TX,DUMMY,6,,34,48,1091967.0,1091879,1091967.0,,,,2834,1091967000	ID:6	[INFO: Metric    ] METRIC_TX type=DUMMY node=6 seq=34 bytes=48 time_ms=1091879
RX,REAL,,6,106,48,1091975.88,1091544,1091975.88,1091878,1091544,9.879999999888241,2835,1091975880	ID:1	[INFO: Metric    ] METRIC_RX type=REAL src=6 seq=106 send_ms=1091878 recv_ms=1091544 bytes=48
RX,DUMMY,,6,34,48,1091986.88,1091555,1091986.88,1091879,1091555,,2836,1091986880	ID:1	[INFO: Metric    ] METRIC_RX type=DUMMY src=6 seq=34 send_ms=1091879 recv_ms=1091555 bytes=48
TX,REAL,7,,108,48,1095199.0,1095177,1095199.0,,,,2839,1095199000	ID:7	[INFO: Metric    ] METRIC_TX type=REAL node=7 seq=108 bytes=48 time_ms=1095177
RX,REAL,,7,108,48,1095208.88,1094777,1095208.88,1095177,1094777,9.879999999888241,2840,1095208880	ID:1	[INFO: Metric    ] METRIC_RX type=REAL src=7 seq=108 send_ms=1095177 recv_ms=1094777 bytes=48
TX,REAL,3,,107,48,1097116.0,1096904,1097116.0,,,,2843,1097116000	ID:3	[INFO: Metric    ] METRIC_TX type=REAL node=3 seq=107 bytes=48 time_ms=1096904
TX,DUMMY,3,,33,48,1097117.0,1096905,1097117.0,,,,2844,1097117000	ID:3	[INFO: Metric    ] METRIC_TX type=DUMMY node=3 seq=33 bytes=48 time_ms=1096905
RX,REAL,,3,107,48,1097171.168,1096740,1097171.168,1096904,1096740,55.16800000006333,2845,1097171168	ID:1	[INFO: Metric    ] METRIC_RX type=REAL src=3 seq=107 send_ms=1096904 recv_ms=1096740 bytes=48
RX,DUMMY,,3,33,48,1097206.168,1096775,1097206.168,1096905,1096775,,2846,1097206168	ID:1	[INFO: Metric    ] METRIC_RX type=DUMMY src=3 seq=33 send_ms=1096905 recv_ms=1096775 bytes=48
TX,REAL,2,,110,48,1099511.0,1099118,1099511.0,,,,2851,1099511000	ID:2	[INFO: Metric    ] METRIC_TX type=REAL node=2 seq=110 bytes=48 time_ms=1099118
TX,DUMMY,2,,32,48,1099512.0,1099119,1099512.0,,,,2852,1099512000	ID:2	[INFO: Metric    ] METRIC_TX type=DUMMY node=2 seq=32 bytes=48 time_ms=1099119
RX,REAL,,2,110,48,1099543.88,1099112,1099543.88,1099118,1099112,32.87999999988824,2853,1099543880	ID:1	[INFO: Metric    ] METRIC_RX type=REAL src=2 seq=110 send_ms=1099118 recv_ms=1099112 bytes=48
RX,DUMMY,,2,32,48,1099587.88,1099156,1099587.88,1099119,1099156,,2855,1099587880	ID:1	[INFO: Metric    ] METRIC_RX type=DUMMY src=2 seq=32 send_ms=1099119 recv_ms=1099156 bytes=48
TX,REAL,6,,107,48,1099968.0,1099880,1099968.0,,,,2857,1099968000	ID:6	[INFO: Metric    ] METRIC_TX type=REAL node=6 seq=107 bytes=48 time_ms=1099880
RX,REAL,,6,107,48,1100013.88,1099582,1100013.88,1099880,1099582,45.87999999988824,2858,1100013880	ID:1	[INFO: Metric    ] METRIC_RX type=REAL src=6 seq=107 send_ms=1099880 recv_ms=1099582 bytes=48
TX,REAL,5,,107,48,1101198.0,1100228,1101198.0,,,,2860,1101198000	ID:5	[INFO: Metric    ] METRIC_TX type=REAL node=5 seq=107 bytes=48 time_ms=1100228
RX,REAL,,5,107,48,1101263.168,1100832,1101263.168,1100228,1100832,65.16800000006333,2861,1101263168	ID:1	[INFO: Metric    ] METRIC_RX type=REAL src=5 seq=107 send_ms=1100228 recv_ms=1100832 bytes=48
TX,REAL,4,,106,48,1102208.0,1101259,1102208.0,,,,2863,1102208000	ID:4	[INFO: Metric    ] METRIC_TX type=REAL node=4 seq=106 bytes=48 time_ms=1101259
TX,DUMMY,4,,28,48,1102209.0,1101260,1102209.0,,,,2864,1102209000	ID:4	[INFO: Metric    ] METRIC_TX type=DUMMY node=4 seq=28 bytes=48 time_ms=1101260
RX,REAL,,4,106,48,1102265.168,1101834,1102265.168,1101259,1101834,57.16800000006333,2865,1102265168	ID:1	[INFO: Metric    ] METRIC_RX type=REAL src=4 seq=106 send_ms=1101259 recv_ms=1101834 bytes=48
RX,DUMMY,,4,28,48,1102280.168,1101849,1102280.168,1101260,1101849,,2866,1102280168	ID:1	[INFO: Metric    ] METRIC_RX type=DUMMY src=4 seq=28 send_ms=1101260 recv_ms=1101849 bytes=48
TX,REAL,3,,108,48,1105118.0,1104906,1105118.0,,,,2869,1105118000	ID:3	[INFO: Metric    ] METRIC_TX type=REAL node=3 seq=108 bytes=48 time_ms=1104906
TX,DUMMY,3,,34,48,1105119.0,1104907,1105119.0,,,,2870,1105119000	ID:3	[INFO: Metric    ] METRIC_TX type=DUMMY node=3 seq=34 bytes=48 time_ms=1104907
RX,REAL,,3,108,48,1105164.168,1104733,1105164.168,1104906,1104733,46.16800000006333,2871,1105164168	ID:1	[INFO: Metric    ] METRIC_RX type=REAL src=3 seq=108 send_ms=1104906 recv_ms=1104733 bytes=48
RX,DUMMY,,3,34,48,1105238.168,1104807,1105238.168,1104907,1104807,,2872,1105238168	ID:1	[INFO: Metric    ] METRIC_RX type=DUMMY src=3 seq=34 send_ms=1104907 recv_ms=1104807 bytes=48
TX,REAL,7,,109,48,1106200.0,1106178,1106200.0,,,,2876,1106200000	ID:7	[INFO: Metric    ] METRIC_TX type=REAL node=7 seq=109 bytes=48 time_ms=1106178
RX,REAL,,7,109,48,1106215.88,1105784,1106215.88,1106178,1105784,15.879999999888241,2877,1106215880	ID:1	[INFO: Metric    ] METRIC_RX type=REAL src=7 seq=109 send_ms=1106178 recv_ms=1105784 bytes=48
TX,REAL,2,,111,48,1108513.0,1108120,1108513.0,,,,2879,1108513000	ID:2	[INFO: Metric    ] METRIC_TX type=REAL node=2 seq=111 bytes=48 time_ms=1108120
RX,REAL,,2,111,48,1108537.88,1108106,1108537.88,1108120,1108106,24.87999999988824,2880,1108537880	ID:1	[INFO: Metric    ] METRIC_RX type=REAL src=2 seq=111 send_ms=1108120 recv_ms=1108106 bytes=48
TX,REAL,6,,108,48,1109969.0,1109881,1109969.0,,,,2882,1109969000	ID:6	[INFO: Metric    ] METRIC_TX type=REAL node=6 seq=108 bytes=48 time_ms=1109881
RX,REAL,,6,108,48,1109995.88,1109564,1109995.88,1109881,1109564,26.87999999988824,2883,1109995880	ID:1	[INFO: Metric    ] METRIC_RX type=REAL src=6 seq=108 send_ms=1109881 recv_ms=1109564 bytes=48
TX,REAL,5,,108,48,1110199.0,1109229,1110199.0,,,,2885,1110199000	ID:5	[INFO: Metric    ] METRIC_TX type=REAL node=5 seq=108 bytes=48 time_ms=1109229
TX,DUMMY,5,,37,48,1110200.0,1109230,1110200.0,,,,2886,1110200000	ID:5	[INFO: Metric    ] METRIC_TX type=DUMMY node=5 seq=37 bytes=48 time_ms=1109230
RX,REAL,,5,108,48,1110242.168,1109811,1110242.168,1109229,1109811,43.16800000006333,2887,1110242168	ID:1	[INFO: Metric    ] METRIC_RX type=REAL src=5 seq=108 send_ms=1109229 recv_ms=1109811 bytes=48
RX,DUMMY,,5,37,48,1110278.592,1109847,1110278.592,1109230,1109847,,2889,1110278592	ID:1	[INFO: Metric    ] METRIC_RX type=DUMMY src=5 seq=37 send_ms=1109230 recv_ms=1109847 bytes=48
TX,REAL,4,,107,48,1113210.0,1112261,1113210.0,,,,2891,1113210000	ID:4	[INFO: Metric    ] METRIC_TX type=REAL node=4 seq=107 bytes=48 time_ms=1112261
TX,DUMMY,4,,29,48,1113211.0,1112262,1113211.0,,,,2892,1113211000	ID:4	[INFO: Metric    ] METRIC_TX type=DUMMY node=4 seq=29 bytes=48 time_ms=1112262
RX,REAL,,4,107,48,1113256.168,1112825,1113256.168,1112261,1112825,46.16800000006333,2893,1113256168	ID:1	[INFO: Metric    ] METRIC_RX type=REAL src=4 seq=107 send_ms=1112261 recv_ms=1112825 bytes=48
RX,DUMMY,,4,29,48,1113299.592,1112868,1113299.592,1112262,1112868,,2895,1113299592	ID:1	[INFO: Metric    ] METRIC_RX type=DUMMY src=4 seq=29 send_ms=1112262 recv_ms=1112868 bytes=48
TX,REAL,3,,109,48,1114120.0,1113908,1114120.0,,,,2897,1114120000	ID:3	[INFO: Metric    ] METRIC_TX type=REAL node=3 seq=109 bytes=48 time_ms=1113908
TX,DUMMY,3,,35,48,1114121.0,1113909,1114121.0,,,,2898,1114121000	ID:3	[INFO: Metric    ] METRIC_TX type=DUMMY node=3 seq=35 bytes=48 time_ms=1113909
RX,REAL,,3,109,48,1114205.168,1113774,1114205.168,1113908,1113774,85.16800000006333,2899,1114205168	ID:1	[INFO: Metric    ] METRIC_RX type=REAL src=3 seq=109 send_ms=1113908 recv_ms=1113774 bytes=48
RX,DUMMY,,3,35,48,1114231.168,1113800,1114231.168,1113909,1113800,,2900,1114231168	ID:1	[INFO: Metric    ] METRIC_RX type=DUMMY src=3 seq=35 send_ms=1113909 recv_ms=1113800 bytes=48
TX,REAL,2,,112,48,1116514.0,1116121,1116514.0,,,,2903,1116514000	ID:2	[INFO: Metric    ] METRIC_TX type=REAL node=2 seq=112 bytes=48 time_ms=1116121
RX,REAL,,2,112,48,1116520.88,1116089,1116520.88,1116121,1116089,6.879999999888241,2904,1116520880	ID:1	[INFO: Metric    ] METRIC_RX type=REAL src=2 seq=112 send_ms=1116121 recv_ms=1116089 bytes=48
TX,REAL,7,,110,48,1118201.0,1118179,1118201.0,,,,2909,1118201000	ID:7	[INFO: Metric    ] METRIC_TX type=REAL node=7 seq=110 bytes=48 time_ms=1118179
RX,REAL,,7,110,48,1118210.88,1117779,1118210.88,1118179,1117779,9.879999999888241,2910,1118210880	ID:1	[INFO: Metric    ] METRIC_RX type=REAL src=7 seq=110 send_ms=1118179 recv_ms=1117779 bytes=48
TX,REAL,6,,109,48,1118970.0,1118882,1118970.0,,,,2912,1118970000	ID:6	[INFO: Metric    ] METRIC_TX type=REAL node=6 seq=109 bytes=48 time_ms=1118882
RX,REAL,,6,109,48,1118998.88,1118567,1118998.88,1118882,1118567,28.87999999988824,2913,1118998880	ID:1	[INFO: Metric    ] METRIC_RX type=REAL src=6 seq=109 send_ms=1118882 recv_ms=1118567 bytes=48
TX,REAL,5,,109,48,1120201.0,1119231,1120201.0,,,,2915,1120201000	ID:5	[INFO: Metric    ] METRIC_TX type=REAL node=5 seq=109 bytes=48 time_ms=1119231
RX,REAL,,5,109,48,1120250.168,1119819,1120250.168,1119231,1119819,49.16800000006333,2916,1120250168	ID:1	[INFO: Metric    ] METRIC_RX type=REAL src=5 seq=109 send_ms=1119231 recv_ms=1119819 bytes=48
TX,REAL,3,,110,48,1124122.0,1123910,1124122.0,,,,2920,1124122000	ID:3	[INFO: Metric    ] METRIC_TX type=REAL node=3 seq=110 bytes=48 time_ms=1123910
RX,REAL,,3,110,48,1124164.168,1123733,1124164.168,1123910,1123733,42.16800000006333,2921,1124164168	ID:1	[INFO: Metric    ] METRIC_RX type=REAL src=3 seq=110 send_ms=1123910 recv_ms=1123733 bytes=48
TX,REAL,4,,108,48,1124212.0,1123263,1124212.0,,,,2923,1124212000	ID:4	[INFO: Metric    ] METRIC_TX type=REAL node=4 seq=108 bytes=48 time_ms=1123263
TX,DUMMY,4,,30,48,1124213.0,1123264,1124213.0,,,,2924,1124213000	ID:4	[INFO: Metric    ] METRIC_TX type=DUMMY node=4 seq=30 bytes=48 time_ms=1123264
RX,REAL,,4,108,48,1124316.168,1123885,1124316.168,1123263,1123885,104.16800000006333,2925,1124316168	ID:1	[INFO: Metric    ] METRIC_RX type=REAL src=4 seq=108 send_ms=1123263 recv_ms=1123885 bytes=48
RX,DUMMY,,4,30,48,1124347.168,1123916,1124347.168,1123264,1123916,,2926,1124347168	ID:1	[INFO: Metric    ] METRIC_RX type=DUMMY src=4 seq=30 send_ms=1123264 recv_ms=1123916 bytes=48
TX,REAL,2,,113,48,1125515.0,1125122,1125515.0,,,,2929,1125515000	ID:2	[INFO: Metric    ] METRIC_TX type=REAL node=2 seq=113 bytes=48 time_ms=1125122
TX,DUMMY,2,,33,48,1125516.0,1125123,1125516.0,,,,2930,1125516000	ID:2	[INFO: Metric    ] METRIC_TX type=DUMMY node=2 seq=33 bytes=48 time_ms=1125123
RX,REAL,,2,113,48,1125556.88,1125125,1125556.88,1125122,1125125,41.87999999988824,2931,1125556880	ID:1	[INFO: Metric    ] METRIC_RX type=REAL src=2 seq=113 send_ms=1125122 recv_ms=1125125 bytes=48
RX,DUMMY,,2,33,48,1125612.88,1125181,1125612.88,1125123,1125181,,2933,1125612880	ID:1	[INFO: Metric    ] METRIC_RX type=DUMMY src=2 seq=33 send_ms=1125123 recv_ms=1125181 bytes=48
TX,REAL,6,,110,48,1126971.0,1126883,1126971.0,,,,2937,1126971000	ID:6	[INFO: Metric    ] METRIC_TX type=REAL node=6 seq=110 bytes=48 time_ms=1126883
TX,DUMMY,6,,35,48,1126972.0,1126884,1126972.0,,,,2938,1126972000	ID:6	[INFO: Metric    ] METRIC_TX type=DUMMY node=6 seq=35 bytes=48 time_ms=1126884
RX,REAL,,6,110,48,1127006.88,1126575,1127006.88,1126883,1126575,35.87999999988824,2939,1127006880	ID:1	[INFO: Metric    ] METRIC_RX type=REAL src=6 seq=110 send_ms=1126883 recv_ms=1126575 bytes=48
RX,DUMMY,,6,35,48,1127022.88,1126591,1127022.88,1126884,1126591,,2941,1127022880	ID:1	[INFO: Metric    ] METRIC_RX type=DUMMY src=6 seq=35 send_ms=1126884 recv_ms=1126591 bytes=48
TX,REAL,7,,111,48,1128202.0,1128180,1128202.0,,,,2944,1128202000	ID:7	[INFO: Metric    ] METRIC_TX type=REAL node=7 seq=111 bytes=48 time_ms=1128180
RX,REAL,,7,111,48,1128226.88,1127795,1128226.88,1128180,1127795,24.87999999988824,2945,1128226880	ID:1	[INFO: Metric    ] METRIC_RX type=REAL src=7 seq=111 send_ms=1128180 recv_ms=1127795 bytes=48
TX,REAL,5,,110,48,1132202.0,1131232,1132202.0,,,,2949,1132202000	ID:5	[INFO: Metric    ] METRIC_TX type=REAL node=5 seq=110 bytes=48 time_ms=1131232
RX,REAL,,5,110,48,1132243.168,1131812,1132243.168,1131232,1131812,41.16800000006333,2950,1132243168	ID:1	[INFO: Metric    ] METRIC_RX type=REAL src=5 seq=110 send_ms=1131232 recv_ms=1131812 bytes=48
TX,REAL,4,,109,48,1134214.0,1133265,1134214.0,,,,2952,1134214000	ID:4	[INFO: Metric    ] METRIC_TX type=REAL node=4 seq=109 bytes=48 time_ms=1133265
TX,DUMMY,4,,31,48,1134215.0,1133266,1134215.0,,,,2953,1134215000	ID:4	[INFO: Metric    ] METRIC_TX type=DUMMY node=4 seq=31 bytes=48 time_ms=1133266
RX,REAL,,4,109,48,1134268.168,1133837,1134268.168,1133265,1133837,54.16800000006333,2954,1134268168	ID:1	[INFO: Metric    ] METRIC_RX type=REAL src=4 seq=109 send_ms=1133265 recv_ms=1133837 bytes=48
RX,DUMMY,,4,31,48,1134311.168,1133880,1134311.168,1133266,1133880,,2955,1134311168	ID:1	[INFO: Metric    ] METRIC_RX type=DUMMY src=4 seq=31 send_ms=1133266 recv_ms=1133880 bytes=48
TX,REAL,2,,114,48,1134517.0,1134124,1134517.0,,,,2958,1134517000	ID:2	[INFO: Metric    ] METRIC_TX type=REAL node=2 seq=114 bytes=48 time_ms=1134124
RX,REAL,,2,114,48,1134540.88,1134109,1134540.88,1134124,1134109,23.87999999988824,2959,1134540880	ID:1	[INFO: Metric    ] METRIC_RX type=REAL src=2 seq=114 send_ms=1134124 recv_ms=1134109 bytes=48
TX,REAL,3,,111,48,1135123.0,1134911,1135123.0,,,,2961,1135123000	ID:3	[INFO: Metric    ] METRIC_TX type=REAL node=3 seq=111 bytes=48 time_ms=1134911
RX,REAL,,3,111,48,1135167.168,1134736,1135167.168,1134911,1134736,44.16800000006333,2962,1135167168	ID:1	[INFO: Metric    ] METRIC_RX type=REAL src=3 seq=111 send_ms=1134911 recv_ms=1134736 bytes=48
TX,REAL,6,,111,48,1137973.0,1137885,1137973.0,,,,2964,1137973000	ID:6	[INFO: Metric    ] METRIC_TX type=REAL node=6 seq=111 bytes=48 time_ms=1137885
RX,REAL,,6,111,48,1138002.88,1137571,1138002.88,1137885,1137571,29.87999999988824,2965,1138002880	ID:1	[INFO: Metric    ] METRIC_RX type=REAL src=6 seq=111 send_ms=1137885 recv_ms=1137571 bytes=48
TX,REAL,7,,112,48,1138203.0,1138181,1138203.0,,,,2967,1138203000	ID:7	[INFO: Metric    ] METRIC_TX type=REAL node=7 seq=112 bytes=48 time_ms=1138181
RX,REAL,,7,112,48,1138208.88,1137777,1138208.88,1138181,1137777,5.879999999888241,2968,1138208880	ID:1	[INFO: Metric    ] METRIC_RX type=REAL src=7 seq=112 send_ms=1138181 recv_ms=1137777 bytes=48
TX,REAL,3,,112,48,1143124.0,1142912,1143124.0,,,,2970,1143124000	ID:3	[INFO: Metric    ] METRIC_TX type=REAL node=3 seq=112 bytes=48 time_ms=1142912
RX,REAL,,3,112,48,1143163.168,1142732,1143163.168,1142912,1142732,39.16800000006333,2971,1143163168	ID:1	[INFO: Metric    ] METRIC_RX type=REAL src=3 seq=112 send_ms=1142912 recv_ms=1142732 bytes=48
TX,REAL,5,,111,48,1143203.0,1142233,1143203.0,,,,2973,1143203000	ID:5	[INFO: Metric    ] METRIC_TX type=REAL node=5 seq=111 bytes=48 time_ms=1142233
RX,REAL,,5,111,48,1143255.168,1142824,1143255.168,1142233,1142824,52.16800000006333,2974,1143255168	ID:1	[INFO: Metric    ] METRIC_RX type=REAL src=5 seq=111 send_ms=1142233 recv_ms=1142824 bytes=48
TX,REAL,2,,115,48,1143518.0,1143125,1143518.0,,,,2977,1143518000	ID:2	[INFO: Metric    ] METRIC_TX type=REAL node=2 seq=115 bytes=48 time_ms=1143125
TX,DUMMY,2,,34,48,1143519.0,1143126,1143519.0,,,,2978,1143519000	ID:2	[INFO: Metric    ] METRIC_TX type=DUMMY node=2 seq=34 bytes=48 time_ms=1143126
RX,REAL,,2,115,48,1143544.88,1143113,1143544.88,1143125,1143113,26.87999999988824,2979,1143544880	ID:1	[INFO: Metric    ] METRIC_RX type=REAL src=2 seq=115 send_ms=1143125 recv_ms=1143113 bytes=48
RX,DUMMY,,2,34,48,1143564.88,1143133,1143564.88,1143126,1143133,,2980,1143564880	ID:1	[INFO: Metric    ] METRIC_RX type=DUMMY src=2 seq=34 send_ms=1143126 recv_ms=1143133 bytes=48
TX,REAL,4,,110,48,1145216.0,1144267,1145216.0,,,,2985,1145216000	ID:4	[INFO: Metric    ] METRIC_TX type=REAL node=4 seq=110 bytes=48 time_ms=1144267
TX,DUMMY,4,,32,48,1145217.0,1144268,1145217.0,,,,2986,1145217000	ID:4	[INFO: Metric    ] METRIC_TX type=DUMMY node=4 seq=32 bytes=48 time_ms=1144268
RX,REAL,,4,110,48,1145280.168,1144849,1145280.168,1144267,1144849,64.16800000006333,2987,1145280168	ID:1	[INFO: Metric    ] METRIC_RX type=REAL src=4 seq=110 send_ms=1144267 recv_ms=1144849 bytes=48
RX,DUMMY,,4,32,48,1145327.168,1144896,1145327.168,1144268,1144896,,2988,1145327168	ID:1	[INFO: Metric    ] METRIC_RX type=DUMMY src=4 seq=32 send_ms=1144268 recv_ms=1144896 bytes=48
TX,REAL,7,,113,48,1146204.0,1146182,1146204.0,,,,2991,1146204000	ID:7	[INFO: Metric    ] METRIC_TX type=REAL node=7 seq=113 bytes=48 time_ms=1146182
RX,REAL,,7,113,48,1146214.88,1145783,1146214.88,1146182,1145783,10.879999999888241,2992,1146214880	ID:1	[INFO: Metric    ] METRIC_RX type=REAL src=7 seq=113 send_ms=1146182 recv_ms=1145783 bytes=48
TX,REAL,6,,112,48,1146974.0,1146886,1146974.0,,,,2994,1146974000	ID:6	[INFO: Metric    ] METRIC_TX type=REAL node=6 seq=112 bytes=48 time_ms=1146886
RX,REAL,,6,112,48,1146994.88,1146563,1146994.88,1146886,1146563,20.87999999988824,2995,1146994880	ID:1	[INFO: Metric    ] METRIC_RX type=REAL src=6 seq=112 send_ms=1146886 recv_ms=1146563 bytes=48
TX,REAL,3,,113,48,1152125.0,1151913,1152125.0,,,,2997,1152125000	ID:3	[INFO: Metric    ] METRIC_TX type=REAL node=3 seq=113 bytes=48 time_ms=1151913
RX,REAL,,3,113,48,1152173.168,1151742,1152173.168,1151913,1151742,48.16800000006333,2998,1152173168	ID:1	[INFO: Metric    ] METRIC_RX type=REAL src=3 seq=113 send_ms=1151913 recv_ms=1151742 bytes=48
TX,REAL,2,,116,48,1154520.0,1154127,1154520.0,,,,3000,1154520000	ID:2	[INFO: Metric    ] METRIC_TX type=REAL node=2 seq=116 bytes=48 time_ms=1154127
RX,REAL,,2,116,48,1154541.88,1154110,1154541.88,1154127,1154110,21.87999999988824,3001,1154541880	ID:1	[INFO: Metric    ] METRIC_RX type=REAL src=2 seq=116 send_ms=1154127 recv_ms=1154110 bytes=48
TX,REAL,5,,112,48,1155204.0,1154234,1155204.0,,,,3003,1155204000	ID:5	[INFO: Metric    ] METRIC_TX type=REAL node=5 seq=112 bytes=48 time_ms=1154234
RX,REAL,,5,112,48,1155238.168,1154807,1155238.168,1154234,1154807,34.16800000006333,3004,1155238168	ID:1	[INFO: Metric    ] METRIC_RX type=REAL src=5 seq=112 send_ms=1154234 recv_ms=1154807 bytes=48
TX,REAL,7,,114,48,1157205.0,1157183,1157205.0,,,,3006,1157205000	ID:7	[INFO: Metric    ] METRIC_TX type=REAL node=7 seq=114 bytes=48 time_ms=1157183
TX,REAL,4,,111,48,1157218.0,1156269,1157218.0,,,,3007,1157218000	ID:4	[INFO: Metric    ] METRIC_TX type=REAL node=4 seq=111 bytes=48 time_ms=1156269
RX,REAL,,7,114,48,1157230.88,1156799,1157230.88,1157183,1156799,25.87999999988824,3008,1157230880	ID:1	[INFO: Metric    ] METRIC_RX type=REAL src=7 seq=114 send_ms=1157183 recv_ms=1156799 bytes=48
RX,REAL,,4,111,48,1157282.168,1156851,1157282.168,1156269,1156851,64.16800000006333,3011,1157282168	ID:1	[INFO: Metric    ] METRIC_RX type=REAL src=4 seq=111 send_ms=1156269 recv_ms=1156851 bytes=48
TX,REAL,6,,113,48,1157975.0,1157887,1157975.0,,,,3013,1157975000	ID:6	[INFO: Metric    ] METRIC_TX type=REAL node=6 seq=113 bytes=48 time_ms=1157887
RX,REAL,,6,113,48,1157992.88,1157561,1157992.88,1157887,1157561,17.87999999988824,3014,1157992880	ID:1	[INFO: Metric    ] METRIC_RX type=REAL src=6 seq=113 send_ms=1157887 recv_ms=1157561 bytes=48
TX,REAL,3,,114,48,1162126.0,1161914,1162126.0,,,,3016,1162126000	ID:3	[INFO: Metric    ] METRIC_TX type=REAL node=3 seq=114 bytes=48 time_ms=1161914
RX,REAL,,3,114,48,1162171.168,1161740,1162171.168,1161914,1161740,45.16800000006333,3017,1162171168	ID:1	[INFO: Metric    ] METRIC_RX type=REAL src=3 seq=114 send_ms=1161914 recv_ms=1161740 bytes=48
TX,REAL,2,,117,48,1162521.0,1162128,1162521.0,,,,3019,1162521000	ID:2	[INFO: Metric    ] METRIC_TX type=REAL node=2 seq=117 bytes=48 time_ms=1162128
RX,REAL,,2,117,48,1162526.88,1162095,1162526.88,1162128,1162095,5.879999999888241,3020,1162526880	ID:1	[INFO: Metric    ] METRIC_RX type=REAL src=2 seq=117 send_ms=1162128 recv_ms=1162095 bytes=48
TX,REAL,5,,113,48,1165205.0,1164235,1165205.0,,,,3022,1165205000	ID:5	[INFO: Metric    ] METRIC_TX type=REAL node=5 seq=113 bytes=48 time_ms=1164235
TX,REAL,4,,112,48,1165219.0,1164270,1165219.0,,,,3023,1165219000	ID:4	[INFO: Metric    ] METRIC_TX type=REAL node=4 seq=112 bytes=48 time_ms=1164270
RX,REAL,,5,113,48,1165248.168,1164817,1165248.168,1164235,1164817,43.16800000006333,3024,1165248168	ID:1	[INFO: Metric    ] METRIC_RX type=REAL src=5 seq=113 send_ms=1164235 recv_ms=1164817 bytes=48
RX,REAL,,4,112,48,1165295.168,1164864,1165295.168,1164270,1164864,76.16800000006333,3025,1165295168	ID:1	[INFO: Metric    ] METRIC_RX type=REAL src=4 seq=112 send_ms=1164270 recv_ms=1164864 bytes=48
TX,REAL,6,,114,48,1165976.0,1165888,1165976.0,,,,3028,1165976000	ID:6	[INFO: Metric    ] METRIC_TX type=REAL node=6 seq=114 bytes=48 time_ms=1165888
RX,REAL,,6,114,48,1165999.88,1165568,1165999.88,1165888,1165568,23.87999999988824,3029,1165999880	ID:1	[INFO: Metric    ] METRIC_RX type=REAL src=6 seq=114 send_ms=1165888 recv_ms=1165568 bytes=48
TX,REAL,7,,115,48,1166206.0,1166184,1166206.0,,,,3031,1166206000	ID:7	[INFO: Metric    ] METRIC_TX type=REAL node=7 seq=115 bytes=48 time_ms=1166184
TX,DUMMY,7,,39,48,1166207.0,1166185,1166207.0,,,,3032,1166207000	ID:7	[INFO: Metric    ] METRIC_TX type=DUMMY node=7 seq=39 bytes=48 time_ms=1166185
RX,REAL,,7,115,48,1166229.88,1165798,1166229.88,1166184,1165798,23.87999999988824,3033,1166229880	ID:1	[INFO: Metric    ] METRIC_RX type=REAL src=7 seq=115 send_ms=1166184 recv_ms=1165798 bytes=48
RX,DUMMY,,7,39,48,1166260.88,1165829,1166260.88,1166185,1165829,,3035,1166260880	ID:1	[INFO: Metric    ] METRIC_RX type=DUMMY src=7 seq=39 send_ms=1166185 recv_ms=1165829 bytes=48
TX,REAL,3,,115,48,1171127.0,1170915,1171127.0,,,,3037,1171127000	ID:3	[INFO: Metric    ] METRIC_TX type=REAL node=3 seq=115 bytes=48 time_ms=1170915
TX,DUMMY,3,,36,48,1171128.0,1170916,1171128.0,,,,3038,1171128000	ID:3	[INFO: Metric    ] METRIC_TX type=DUMMY node=3 seq=36 bytes=48 time_ms=1170916
RX,REAL,,3,115,48,1171236.168,1170805,1171236.168,1170915,1170805,109.16800000006333,3039,1171236168	ID:1	[INFO: Metric    ] METRIC_RX type=REAL src=3 seq=115 send_ms=1170915 recv_ms=1170805 bytes=48
RX,DUMMY,,3,36,48,1171278.168,1170847,1171278.168,1170916,1170847,,3041,1171278168	ID:1	[INFO: Metric    ] METRIC_RX type=DUMMY src=3 seq=36 send_ms=1170916 recv_ms=1170847 bytes=48
TX,REAL,5,,114,48,1174206.0,1173236,1174206.0,,,,3044,1174206000	ID:5	[INFO: Metric    ] METRIC_TX type=REAL node=5 seq=114 bytes=48 time_ms=1173236
RX,REAL,,5,114,48,1174233.168,1173802,1174233.168,1173236,1173802,27.16800000006333,3045,1174233168	ID:1	[INFO: Metric    ] METRIC_RX type=REAL src=5 seq=114 send_ms=1173236 recv_ms=1173802 bytes=48
TX,REAL,2,,118,48,1174522.0,1174129,1174522.0,,,,3047,1174522000	ID:2	[INFO: Metric    ] METRIC_TX type=REAL node=2 seq=118 bytes=48 time_ms=1174129
TX,DUMMY,2,,35,48,1174523.0,1174130,1174523.0,,,,3048,1174523000	ID:2	[INFO: Metric    ] METRIC_TX type=DUMMY node=2 seq=35 bytes=48 time_ms=1174130
RX,REAL,,2,118,48,1174541.88,1174110,1174541.88,1174129,1174110,19.87999999988824,3049,1174541880	ID:1	[INFO: Metric    ] METRIC_RX type=REAL src=2 seq=118 send_ms=1174129 recv_ms=1174110 bytes=48
RX,DUMMY,,2,35,48,1174577.88,1174146,1174577.88,1174130,1174146,,3051,1174577880	ID:1	[INFO: Metric    ] METRIC_RX type=DUMMY src=2 seq=35 send_ms=1174130 recv_ms=1174146 bytes=48
TX,REAL,6,,115,48,1174977.0,1174889,1174977.0,,,,3053,1174977000	ID:6	[INFO: Metric    ] METRIC_TX type=REAL node=6 seq=115 bytes=48 time_ms=1174889
RX,REAL,,6,115,48,1174993.88,1174562,1174993.88,1174889,1174562,16.87999999988824,3054,1174993880	ID:1	[INFO: Metric    ] METRIC_RX type=REAL src=6 seq=115 send_ms=1174889 recv_ms=1174562 bytes=48
TX,REAL,4,,113,48,1175220.0,1174271,1175220.0,,,,3056,1175220000	ID:4	[INFO: Metric    ] METRIC_TX type=REAL node=4 seq=113 bytes=48 time_ms=1174271
RX,REAL,,4,113,48,1175248.168,1174817,1175248.168,1174271,1174817,28.16800000006333,3057,1175248168	ID:1	[INFO: Metric    ] METRIC_RX type=REAL src=4 seq=113 send_ms=1174271 recv_ms=1174817 bytes=48
TX,REAL,7,,116,48,1177208.0,1177186,1177208.0,,,,3059,1177208000	ID:7	[INFO: Metric    ] METRIC_TX type=REAL node=7 seq=116 bytes=48 time_ms=1177186
RX,REAL,,7,116,48,1177232.88,1176801,1177232.88,1177186,1176801,24.87999999988824,3060,1177232880	ID:1	[INFO: Metric    ] METRIC_RX type=REAL src=7 seq=116 send_ms=1177186 recv_ms=1176801 bytes=48
TX,REAL,3,,116,48,1181129.0,1180917,1181129.0,,,,3062,1181129000	ID:3	[INFO: Metric    ] METRIC_TX type=REAL node=3 seq=116 bytes=48 time_ms=1180917
RX,REAL,,3,116,48,1181179.168,1180748,1181179.168,1180917,1180748,50.16800000006333,3063,1181179168	ID:1	[INFO: Metric    ] METRIC_RX type=REAL src=3 seq=116 send_ms=1180917 recv_ms=1180748 bytes=48
TX,REAL,2,,119,48,1183524.0,1183131,1183524.0,,,,3065,1183524000	ID:2	[INFO: Metric    ] METRIC_TX type=REAL node=2 seq=119 bytes=48 time_ms=1183131
RX,REAL,,2,119,48,1183548.88,1183117,1183548.88,1183131,1183117,24.87999999988824,3066,1183548880	ID:1	[INFO: Metric    ] METRIC_RX type=REAL src=2 seq=119 send_ms=1183131 recv_ms=1183117 bytes=48
TX,REAL,5,,115,48,1184207.0,1183237,1184207.0,,,,3068,1184207000	ID:5	[INFO: Metric    ] METRIC_TX type=REAL node=5 seq=115 bytes=48 time_ms=1183237
TX,DUMMY,5,,38,48,1184208.0,1183238,1184208.0,,,,3069,1184208000	ID:5	[INFO: Metric    ] METRIC_TX type=DUMMY node=5 seq=38 bytes=48 time_ms=1183238
TX,REAL,4,,114,48,1184221.0,1183272,1184221.0,,,,3070,1184221000	ID:4	[INFO: Metric    ] METRIC_TX type=REAL node=4 seq=114 bytes=48 time_ms=1183272
RX,REAL,,5,115,48,1184318.168,1183887,1184318.168,1183237,1183887,111.16800000006333,3071,1184318168	ID:1	[INFO: Metric    ] METRIC_RX type=REAL src=5 seq=115 send_ms=1183237 recv_ms=1183887 bytes=48
RX,DUMMY,,5,38,48,1184354.072,1183923,1184354.072,1183238,1183923,,3073,1184354072	ID:1	[INFO: Metric    ] METRIC_RX type=DUMMY src=5 seq=38 send_ms=1183238 recv_ms=1183923 bytes=48
RX,REAL,,4,114,48,1184358.24,1183927,1184358.24,1183272,1183927,137.2399999999907,3074,1184358240	ID:1	[INFO: Metric    ] METRIC_RX type=REAL src=4 seq=114 send_ms=1183272 recv_ms=1183927 bytes=48
TX,REAL,7,,117,48,1186209.0,1186187,1186209.0,,,,3078,1186209000	ID:7	[INFO: Metric    ] METRIC_TX type=REAL node=7 seq=117 bytes=48 time_ms=1186187
RX,REAL,,7,117,48,1186246.88,1185815,1186246.88,1186187,1185815,37.87999999988824,3079,1186246880	ID:1	[INFO: Metric    ] METRIC_RX type=REAL src=7 seq=117 send_ms=1186187 recv_ms=1185815 bytes=48
TX,REAL,6,,116,48,1186978.0,1186890,1186978.0,,,,3081,1186978000	ID:6	[INFO: Metric    ] METRIC_TX type=REAL node=6 seq=116 bytes=48 time_ms=1186890
TX,DUMMY,6,,36,48,1186979.0,1186891,1186979.0,,,,3082,1186979000	ID:6	[INFO: Metric    ] METRIC_TX type=DUMMY node=6 seq=36 bytes=48 time_ms=1186891
RX,REAL,,6,116,48,1187004.88,1186573,1187004.88,1186890,1186573,26.87999999988824,3083,1187004880	ID:1	[INFO: Metric    ] METRIC_RX type=REAL src=6 seq=116 send_ms=1186890 recv_ms=1186573 bytes=48
RX,DUMMY,,6,36,48,1187026.76,1186595,1187026.76,1186891,1186595,,3085,1187026760	ID:1	[INFO: Metric    ] METRIC_RX type=DUMMY src=6 seq=36 send_ms=1186891 recv_ms=1186595 bytes=48
TX,REAL,3,,117,48,1190130.0,1189918,1190130.0,,,,3087,1190130000	ID:3	[INFO: Metric    ] METRIC_TX type=REAL node=3 seq=117 bytes=48 time_ms=1189918
RX,REAL,,3,117,48,1190217.168,1189786,1190217.168,1189918,1189786,87.16800000006333,3088,1190217168	ID:1	[INFO: Metric    ] METRIC_RX type=REAL src=3 seq=117 send_ms=1189918 recv_ms=1189786 bytes=48
TX,REAL,7,,118,48,1194210.0,1194188,1194210.0,,,,3090,1194210000	ID:7	[INFO: Metric    ] METRIC_TX type=REAL node=7 seq=118 bytes=48 time_ms=1194188
RX,REAL,,7,118,48,1194234.88,1193803,1194234.88,1194188,1193803,24.87999999988824,3091,1194234880	ID:1	[INFO: Metric    ] METRIC_RX type=REAL src=7 seq=118 send_ms=1194188 recv_ms=1193803 bytes=48
TX,REAL,6,,117,48,1194980.0,1194892,1194980.0,,,,3093,1194980000	ID:6	[INFO: Metric    ] METRIC_TX type=REAL node=6 seq=117 bytes=48 time_ms=1194892
TX,DUMMY,6,,37,48,1194981.0,1194893,1194981.0,,,,3094,1194981000	ID:6	[INFO: Metric    ] METRIC_TX type=DUMMY node=6 seq=37 bytes=48 time_ms=1194893
RX,REAL,,6,117,48,1195022.88,1194591,1195022.88,1194892,1194591,42.87999999988824,3095,1195022880	ID:1	[INFO: Metric    ] METRIC_RX type=REAL src=6 seq=117 send_ms=1194892 recv_ms=1194591 bytes=48
RX,DUMMY,,6,37,48,1195051.88,1194620,1195051.88,1194893,1194620,,3097,1195051880	ID:1	[INFO: Metric    ] METRIC_RX type=DUMMY src=6 seq=37 send_ms=1194893 recv_ms=1194620 bytes=48
TX,REAL,5,,116,48,1195209.0,1194239,1195209.0,,,,3099,1195209000	ID:5	[INFO: Metric    ] METRIC_TX type=REAL node=5 seq=116 bytes=48 time_ms=1194239
TX,DUMMY,5,,39,48,1195210.0,1194240,1195210.0,,,,3100,1195210000	ID:5	[INFO: Metric    ] METRIC_TX type=DUMMY node=5 seq=39 bytes=48 time_ms=1194240
TX,REAL,4,,115,48,1195221.04,1194273,1195221.04,,,,3101,1195221040	ID:4	[INFO: Metric    ] METRIC_TX type=REAL node=4 seq=115 bytes=48 time_ms=1194273
RX,REAL,,5,116,48,1195266.168,1194835,1195266.168,1194239,1194835,57.16800000006333,3102,1195266168	ID:1	[INFO: Metric    ] METRIC_RX type=REAL src=5 seq=116 send_ms=1194239 recv_ms=1194835 bytes=48
RX,DUMMY,,5,39,48,1195279.168,1194848,1195279.168,1194240,1194848,,3104,1195279168	ID:1	[INFO: Metric    ] METRIC_RX type=DUMMY src=5 seq=39 send_ms=1194240 recv_ms=1194848 bytes=48
RX,REAL,,4,115,48,1195384.168,1194953,1195384.168,1194273,1194953,163.12800000002608,3105,1195384168	ID:1	[INFO: Metric    ] METRIC_RX type=REAL src=4 seq=115 send_ms=1194273 recv_ms=1194953 bytes=48
TX,REAL,2,,120,48,1195525.0,1195132,1195525.0,,,,3110,1195525000	ID:2	[INFO: Metric    ] METRIC_TX type=REAL node=2 seq=120 bytes=48 time_ms=1195132
RX,REAL,,2,120,48,1195565.88,1195134,1195565.88,1195132,1195134,40.87999999988824,3112,1195565880	ID:1	[INFO: Metric    ] METRIC_RX type=REAL src=2 seq=120 send_ms=1195132 recv_ms=1195134 bytes=48
TX,REAL,3,,118,48,1200131.0,1199919,1200131.0,,,,3114,1200131000	ID:3	[INFO: Metric    ] METRIC_TX type=REAL node=3 seq=118 bytes=48 time_ms=1199919
RX,REAL,,3,118,48,1200209.168,1199778,1200209.168,1199919,1199778,78.16800000006333,3115,1200209168	ID:1	[INFO: Metric    ] METRIC_RX type=REAL src=3 seq=118 send_ms=1199919 recv_ms=1199778 bytes=48
TX,REAL,5,,117,48,1204211.0,1203241,1204211.0,,,,3117,1204211000	ID:5	[INFO: Metric    ] METRIC_TX type=REAL node=5 seq=117 bytes=48 time_ms=1203241
RX,REAL,,5,117,48,1204298.168,1203867,1204298.168,1203241,1203867,87.16800000006333,3118,1204298168	ID:1	[INFO: Metric    ] METRIC_RX type=REAL src=5 seq=117 send_ms=1203241 recv_ms=1203867 bytes=48
TX,REAL,6,,118,48,1204982.0,1204894,1204982.0,,,,3120,1204982000	ID:6	[INFO: Metric    ] METRIC_TX type=REAL node=6 seq=118 bytes=48 time_ms=1204894
RX,REAL,,6,118,48,1205008.88,1204577,1205008.88,1204894,1204577,26.87999999988824,3121,1205008880	ID:1	[INFO: Metric    ] METRIC_RX type=REAL src=6 seq=118 send_ms=1204894 recv_ms=1204577 bytes=48
TX,REAL,4,,116,48,1205222.0,1204273,1205222.0,,,,3123,1205222000	ID:4	[INFO: Metric    ] METRIC_TX type=REAL node=4 seq=116 bytes=48 time_ms=1204273
RX,REAL,,4,116,48,1205263.168,1204832,1205263.168,1204273,1204832,41.16800000006333,3124,1205263168	ID:1	[INFO: Metric    ] METRIC_RX type=REAL src=4 seq=116 send_ms=1204273 recv_ms=1204832 bytes=48
TX,REAL,7,,119,48,1206211.0,1206189,1206211.0,,,,3126,1206211000	ID:7	[INFO: Metric    ] METRIC_TX type=REAL node=7 seq=119 bytes=48 time_ms=1206189
RX,REAL,,7,119,48,1206223.88,1205792,1206223.88,1206189,1205792,12.879999999888241,3127,1206223880	ID:1	[INFO: Metric    ] METRIC_RX type=REAL src=7 seq=119 send_ms=1206189 recv_ms=1205792 bytes=48
TX,REAL,2,,121,48,1207526.0,1207133,1207526.0,,,,3129,1207526000	ID:2	[INFO: Metric    ] METRIC_TX type=REAL node=2 seq=121 bytes=48 time_ms=1207133
RX,REAL,,2,121,48,1207551.88,1207120,1207551.88,1207133,1207120,25.87999999988824,3130,1207551880	ID:1	[INFO: Metric    ] METRIC_RX type=REAL src=2 seq=121 send_ms=1207133 recv_ms=1207120 bytes=48
TX,REAL,3,,119,48,1210132.0,1209920,1210132.0,,,,3132,1210132000	ID:3	[INFO: Metric    ] METRIC_TX type=REAL node=3 seq=119 bytes=48 time_ms=1209920
TX,DUMMY,3,,37,48,1210133.0,1209921,1210133.0,,,,3133,1210133000	ID:3	[INFO: Metric    ] METRIC_TX type=DUMMY node=3 seq=37 bytes=48 time_ms=1209921
RX,REAL,,3,119,48,1210148.168,1209717,1210148.168,1209920,1209717,16.16800000006333,3134,1210148168	ID:1	[INFO: Metric    ] METRIC_RX type=REAL src=3 seq=119 send_ms=1209920 recv_ms=1209717 bytes=48
RX,DUMMY,,3,37,48,1210161.168,1209730,1210161.168,1209921,1209730,,3136,1210161168	ID:1	[INFO: Metric    ] METRIC_RX type=DUMMY src=3 seq=37 send_ms=1209921 recv_ms=1209730 bytes=48
TX,REAL,7,,120,48,1214212.0,1214190,1214212.0,,,,3141,1214212000	ID:7	[INFO: Metric    ] METRIC_TX type=REAL node=7 seq=120 bytes=48 time_ms=1214190
TX,REAL,5,,118,48,1214212.0,1213242,1214212.0,,,,3142,1214212000	ID:5	[INFO: Metric    ] METRIC_TX type=REAL node=5 seq=118 bytes=48 time_ms=1213242
RX,REAL,,7,120,48,1214243.88,1213812,1214243.88,1214190,1213812,31.87999999988824,3143,1214243880	ID:1	[INFO: Metric    ] METRIC_RX type=REAL src=7 seq=120 send_ms=1214190 recv_ms=1213812 bytes=48
RX,REAL,,5,118,48,1214269.168,1213838,1214269.168,1213242,1213838,57.16800000006333,3144,1214269168	ID:1	[INFO: Metric    ] METRIC_RX type=REAL src=5 seq=118 send_ms=1213242 recv_ms=1213838 bytes=48
TX,REAL,6,,119,48,1214983.0,1214895,1214983.0,,,,3147,1214983000	ID:6	[INFO: Metric    ] METRIC_TX type=REAL node=6 seq=119 bytes=48 time_ms=1214895
RX,REAL,,6,119,48,1215026.88,1214595,1215026.88,1214895,1214595,43.87999999988824,3148,1215026880	ID:1	[INFO: Metric    ] METRIC_RX type=REAL src=6 seq=119 send_ms=1214895 recv_ms=1214595 bytes=48
TX,REAL,4,,117,48,1217223.0,1216274,1217223.0,,,,3150,1217223000	ID:4	[INFO: Metric    ] METRIC_TX type=REAL node=4 seq=117 bytes=48 time_ms=1216274
TX,DUMMY,4,,33,48,1217224.0,1216275,1217224.0,,,,3151,1217224000	ID:4	[INFO: Metric    ] METRIC_TX type=DUMMY node=4 seq=33 bytes=48 time_ms=1216275
RX,REAL,,4,117,48,1217280.168,1216849,1217280.168,1216274,1216849,57.16800000006333,3152,1217280168	ID:1	[INFO: Metric    ] METRIC_RX type=REAL src=4 seq=117 send_ms=1216274 recv_ms=1216849 bytes=48
RX,DUMMY,,4,33,48,1217290.168,1216859,1217290.168,1216275,1216859,,3153,1217290168	ID:1	[INFO: Metric    ] METRIC_RX type=DUMMY src=4 seq=33 send_ms=1216275 recv_ms=1216859 bytes=48
TX,REAL,2,,122,48,1219527.0,1219134,1219527.0,,,,3156,1219527000	ID:2	[INFO: Metric    ] METRIC_TX type=REAL node=2 seq=122 bytes=48 time_ms=1219134
TX,DUMMY,2,,36,48,1219528.0,1219135,1219528.0,,,,3157,1219528000	ID:2	[INFO: Metric    ] METRIC_TX type=DUMMY node=2 seq=36 bytes=48 time_ms=1219135
RX,REAL,,2,122,48,1219555.88,1219124,1219555.88,1219134,1219124,28.87999999988824,3158,1219555880	ID:1	[INFO: Metric    ] METRIC_RX type=REAL src=2 seq=122 send_ms=1219134 recv_ms=1219124 bytes=48
RX,DUMMY,,2,36,48,1219591.88,1219160,1219591.88,1219135,1219160,,3159,1219591880	ID:1	[INFO: Metric    ] METRIC_RX type=DUMMY src=2 seq=36 send_ms=1219135 recv_ms=1219160 bytes=48
TX,REAL,3,,120,48,1222134.0,1221922,1222134.0,,,,3164,1222134000	ID:3	[INFO: Metric    ] METRIC_TX type=REAL node=3 seq=120 bytes=48 time_ms=1221922
RX,REAL,,3,120,48,1222182.168,1221751,1222182.168,1221922,1221751,48.16800000006333,3165,1222182168	ID:1	[INFO: Metric    ] METRIC_RX type=REAL src=3 seq=120 send_ms=1221922 recv_ms=1221751 bytes=48
TX,REAL,5,,119,48,1222213.0,1221243,1222213.0,,,,3167,1222213000	ID:5	[INFO: Metric    ] METRIC_TX type=REAL node=5 seq=119 bytes=48 time_ms=1221243
RX,REAL,,5,119,48,1222269.168,1221838,1222269.168,1221243,1221838,56.16800000006333,3168,1222269168	ID:1	[INFO: Metric    ] METRIC_RX type=REAL src=5 seq=119 send_ms=1221243 recv_ms=1221838 bytes=48
TX,REAL,6,,120,48,1223984.0,1223896,1223984.0,,,,3173,1223984000	ID:6	[INFO: Metric    ] METRIC_TX type=REAL node=6 seq=120 bytes=48 time_ms=1223896
RX,REAL,,6,120,48,1224013.88,1223582,1224013.88,1223896,1223582,29.87999999988824,3174,1224013880	ID:1	[INFO: Metric    ] METRIC_RX type=REAL src=6 seq=120 send_ms=1223896 recv_ms=1223582 bytes=48
TX,REAL,4,,118,48,1225225.0,1224276,1225225.0,,,,3176,1225225000	ID:4	[INFO: Metric    ] METRIC_TX type=REAL node=4 seq=118 bytes=48 time_ms=1224276
RX,REAL,,4,118,48,1225276.168,1224845,1225276.168,1224276,1224845,51.16800000006333,3177,1225276168	ID:1	[INFO: Metric    ] METRIC_RX type=REAL src=4 seq=118 send_ms=1224276 recv_ms=1224845 bytes=48
TX,REAL,7,,121,48,1226213.0,1226191,1226213.0,,,,3179,1226213000	ID:7	[INFO: Metric    ] METRIC_TX type=REAL node=7 seq=121 bytes=48 time_ms=1226191
RX,REAL,,7,121,48,1226229.88,1225798,1226229.88,1226191,1225798,16.87999999988824,3180,1226229880	ID:1	[INFO: Metric    ] METRIC_RX type=REAL src=7 seq=121 send_ms=1226191 recv_ms=1225798 bytes=48
TX,REAL,2,,123,48,1230529.0,1230136,1230529.0,,,,3182,1230529000	ID:2	[INFO: Metric    ] METRIC_TX type=REAL node=2 seq=123 bytes=48 time_ms=1230136
RX,REAL,,2,123,48,1230574.88,1230143,1230574.88,1230136,1230143,45.87999999988824,3183,1230574880	ID:1	[INFO: Metric    ] METRIC_RX type=REAL src=2 seq=123 send_ms=1230136 recv_ms=1230143 bytes=48
TX,REAL,5,,120,48,1232214.0,1231244,1232214.0,,,,3187,1232214000	ID:5	[INFO: Metric    ] METRIC_TX type=REAL node=5 seq=120 bytes=48 time_ms=1231244
TX,DUMMY,5,,40,48,1232215.0,1231245,1232215.0,,,,3188,1232215000	ID:5	[INFO: Metric    ] METRIC_TX type=DUMMY node=5 seq=40 bytes=48 time_ms=1231245
RX,REAL,,5,120,48,1232280.168,1231849,1232280.168,1231244,1231849,66.16800000006333,3189,1232280168	ID:1	[INFO: Metric    ] METRIC_RX type=REAL src=5 seq=120 send_ms=1231244 recv_ms=1231849 bytes=48
RX,DUMMY,,5,40,48,1232307.168,1231876,1232307.168,1231245,1231876,,3190,1232307168	ID:1	[INFO: Metric    ] METRIC_RX type=DUMMY src=5 seq=40 send_ms=1231245 recv_ms=1231876 bytes=48
TX,REAL,3,,121,48,1233135.0,1232923,1233135.0,,,,3193,1233135000	ID:3	[INFO: Metric    ] METRIC_TX type=REAL node=3 seq=121 bytes=48 time_ms=1232923
RX,REAL,,3,121,48,1233170.168,1232739,1233170.168,1232923,1232739,35.16800000006333,3194,1233170168	ID:1	[INFO: Metric    ] METRIC_RX type=REAL src=3 seq=121 send_ms=1232923 recv_ms=1232739 bytes=48
TX,REAL,6,,121,48,1233985.0,1233897,1233985.0,,,,3196,1233985000	ID:6	[INFO: Metric    ] METRIC_TX type=REAL node=6 seq=121 bytes=48 time_ms=1233897
TX,DUMMY,6,,38,48,1233986.0,1233898,1233986.0,,,,3197,1233986000	ID:6	[INFO: Metric    ] METRIC_TX type=DUMMY node=6 seq=38 bytes=48 time_ms=1233898
RX,REAL,,6,121,48,1234008.88,1233577,1234008.88,1233897,1233577,23.87999999988824,3198,1234008880	ID:1	[INFO: Metric    ] METRIC_RX type=REAL src=6 seq=121 send_ms=1233897 recv_ms=1233577 bytes=48
RX,DUMMY,,6,38,48,1234030.88,1233599,1234030.88,1233898,1233599,,3199,1234030880	ID:1	[INFO: Metric    ] METRIC_RX type=DUMMY src=6 seq=38 send_ms=1233898 recv_ms=1233599 bytes=48
TX,REAL,4,,119,48,1237226.0,1236277,1237226.0,,,,3202,1237226000	ID:4	[INFO: Metric    ] METRIC_TX type=REAL node=4 seq=119 bytes=48 time_ms=1236277
RX,REAL,,4,119,48,1237296.168,1236865,1237296.168,1236277,1236865,70.16800000006333,3203,1237296168	ID:1	[INFO: Metric    ] METRIC_RX type=REAL src=4 seq=119 send_ms=1236277 recv_ms=1236865 bytes=48
TX,REAL,7,,122,48,1238214.0,1238192,1238214.0,,,,3206,1238214000	ID:7	[INFO: Metric    ] METRIC_TX type=REAL node=7 seq=122 bytes=48 time_ms=1238192
RX,REAL,,7,122,48,1238236.88,1237805,1238236.88,1238192,1237805,22.87999999988824,3207,1238236880	ID:1	[INFO: Metric    ] METRIC_RX type=REAL src=7 seq=122 send_ms=1238192 recv_ms=1237805 bytes=48
TX,REAL,2,,124,48,1240530.0,1240137,1240530.0,,,,3209,1240530000	ID:2	[INFO: Metric    ] METRIC_TX type=REAL node=2 seq=124 bytes=48 time_ms=1240137
RX,REAL,,2,124,48,1240561.88,1240130,1240561.88,1240137,1240130,31.87999999988824,3210,1240561880	ID:1	[INFO: Metric    ] METRIC_RX type=REAL src=2 seq=124 send_ms=1240137 recv_ms=1240130 bytes=48
TX,REAL,3,,122,48,1242136.0,1241924,1242136.0,,,,3212,1242136000	ID:3	[INFO: Metric    ] METRIC_TX type=REAL node=3 seq=122 bytes=48 time_ms=1241924
RX,REAL,,3,122,48,1242218.168,1241787,1242218.168,1241924,1241787,82.16800000006333,3213,1242218168	ID:1	[INFO: Metric    ] METRIC_RX type=REAL src=3 seq=122 send_ms=1241924 recv_ms=1241787 bytes=48
TX,REAL,5,,121,48,1243216.0,1242246,1243216.0,,,,3215,1243216000	ID:5	[INFO: Metric    ] METRIC_TX type=REAL node=5 seq=121 bytes=48 time_ms=1242246
TX,DUMMY,5,,41,48,1243217.0,1242247,1243217.0,,,,3216,1243217000	ID:5	[INFO: Metric    ] METRIC_TX type=DUMMY node=5 seq=41 bytes=48 time_ms=1242247
RX,REAL,,5,121,48,1243345.168,1242914,1243345.168,1242246,1242914,129.16800000006333,3217,1243345168	ID:1	[INFO: Metric    ] METRIC_RX type=REAL src=5 seq=121 send_ms=1242246 recv_ms=1242914 bytes=48
RX,DUMMY,,5,41,48,1243358.168,1242927,1243358.168,1242247,1242927,,3218,1243358168	ID:1	[INFO: Metric    ] METRIC_RX type=DUMMY src=5 seq=41 send_ms=1242247 recv_ms=1242927 bytes=48
TX,REAL,6,,122,48,1243987.0,1243899,1243987.0,,,,3221,1243987000	ID:6	[INFO: Metric    ] METRIC_TX type=REAL node=6 seq=122 bytes=48 time_ms=1243899
RX,REAL,,6,122,48,1244021.88,1243590,1244021.88,1243899,1243590,34.87999999988824,3222,1244021880	ID:1	[INFO: Metric    ] METRIC_RX type=REAL src=6 seq=122 send_ms=1243899 recv_ms=1243590 bytes=48
TX,REAL,7,,123,48,1246215.0,1246193,1246215.0,,,,3224,1246215000	ID:7	[INFO: Metric    ] METRIC_TX type=REAL node=7 seq=123 bytes=48 time_ms=1246193
TX,REAL,4,,120,48,1246227.0,1245278,1246227.0,,,,3227,1246227000	ID:4	[INFO: Metric    ] METRIC_TX type=REAL node=4 seq=120 bytes=48 time_ms=1245278
RX,REAL,,7,123,48,1246244.784,1245813,1246244.784,1246193,1245813,29.7839999999851,3228,1246244784	ID:1	[INFO: Metric    ] METRIC_RX type=REAL src=7 seq=123 send_ms=1246193 recv_ms=1245813 bytes=48
RX,REAL,,4,120,48,1246248.952,1245817,1246248.952,1245278,1245817,21.95200000004843,3229,1246248952	ID:1	[INFO: Metric    ] METRIC_RX type=REAL src=4 seq=120 send_ms=1245278 recv_ms=1245817 bytes=48
TX,REAL,2,,125,48,1249531.0,1249138,1249531.0,,,,3232,1249531000	ID:2	[INFO: Metric    ] METRIC_TX type=REAL node=2 seq=125 bytes=48 time_ms=1249138
RX,REAL,,2,125,48,1249554.88,1249123,1249554.88,1249138,1249123,23.87999999988824,3233,1249554880	ID:1	[INFO: Metric    ] METRIC_RX type=REAL src=2 seq=125 send_ms=1249138 recv_ms=1249123 bytes=48
TX,REAL,6,,123,48,1251988.0,1251900,1251988.0,,,,3235,1251988000	ID:6	[INFO: Metric    ] METRIC_TX type=REAL node=6 seq=123 bytes=48 time_ms=1251900
RX,REAL,,6,123,48,1252012.88,1251581,1252012.88,1251900,1251581,24.87999999988824,3236,1252012880	ID:1	[INFO: Metric    ] METRIC_RX type=REAL src=6 seq=123 send_ms=1251900 recv_ms=1251581 bytes=48
TX,REAL,3,,123,48,1253137.0,1252925,1253137.0,,,,3239,1253137000	ID:3	[INFO: Metric    ] METRIC_TX type=REAL node=3 seq=123 bytes=48 time_ms=1252925
TX,DUMMY,3,,38,48,1253138.0,1252926,1253138.0,,,,3240,1253138000	ID:3	[INFO: Metric    ] METRIC_TX type=DUMMY node=3 seq=38 bytes=48 time_ms=1252926
RX,REAL,,3,123,48,1253180.168,1252749,1253180.168,1252925,1252749,43.16800000006333,3241,1253180168	ID:1	[INFO: Metric    ] METRIC_RX type=REAL src=3 seq=123 send_ms=1252925 recv_ms=1252749 bytes=48
RX,DUMMY,,3,38,48,1253267.168,1252836,1253267.168,1252926,1252836,,3243,1253267168	ID:1	[INFO: Metric    ] METRIC_RX type=DUMMY src=3 seq=38 send_ms=1252926 recv_ms=1252836 bytes=48
TX,REAL,5,,122,48,1254218.0,1253248,1254218.0,,,,3245,1254218000	ID:5	[INFO: Metric    ] METRIC_TX type=REAL node=5 seq=122 bytes=48 time_ms=1253248
TX,DUMMY,5,,42,48,1254219.0,1253249,1254219.0,,,,3246,1254219000	ID:5	[INFO: Metric    ] METRIC_TX type=DUMMY node=5 seq=42 bytes=48 time_ms=1253249
RX,REAL,,5,122,48,1254277.168,1253846,1254277.168,1253248,1253846,59.16800000006333,3247,1254277168	ID:1	[INFO: Metric    ] METRIC_RX type=REAL src=5 seq=122 send_ms=1253248 recv_ms=1253846 bytes=48
RX,DUMMY,,5,42,48,1254332.168,1253901,1254332.168,1253249,1253901,,3248,1254332168	ID:1	[INFO: Metric    ] METRIC_RX type=DUMMY src=5 seq=42 send_ms=1253249 recv_ms=1253901 bytes=48
TX,REAL,7,,124,48,1256216.0,1256194,1256216.0,,,,3251,1256216000	ID:7	[INFO: Metric    ] METRIC_TX type=REAL node=7 seq=124 bytes=48 time_ms=1256194
RX,REAL,,7,124,48,1256251.88,1255820,1256251.88,1256194,1255820,35.87999999988824,3252,1256251880	ID:1	[INFO: Metric    ] METRIC_RX type=REAL src=7 seq=124 send_ms=1256194 recv_ms=1255820 bytes=48
TX,REAL,4,,121,48,1257228.0,1256279,1257228.0,,,,3254,1257228000	ID:4	[INFO: Metric    ] METRIC_TX type=REAL node=4 seq=121 bytes=48 time_ms=1256279
RX,REAL,,4,121,48,1257255.168,1256824,1257255.168,1256279,1256824,27.16800000006333,3255,1257255168	ID:1	[INFO: Metric    ] METRIC_RX type=REAL src=4 seq=121 send_ms=1256279 recv_ms=1256824 bytes=48
TX,REAL,6,,124,48,1259989.0,1259901,1259989.0,,,,3257,1259989000	ID:6	[INFO: Metric    ] METRIC_TX type=REAL node=6 seq=124 bytes=48 time_ms=1259901
RX,REAL,,6,124,48,1260018.88,1259587,1260018.88,1259901,1259587,29.87999999988824,3258,1260018880	ID:1	[INFO: Metric    ] METRIC_RX type=REAL src=6 seq=124 send_ms=1259901 recv_ms=1259587 bytes=48
TX,REAL,2,,126,48,1260532.0,1260139,1260532.0,,,,3260,1260532000	ID:2	[INFO: Metric    ] METRIC_TX type=REAL node=2 seq=126 bytes=48 time_ms=1260139
RX,REAL,,2,126,48,1260546.88,1260115,1260546.88,1260139,1260115,14.879999999888241,3261,1260546880	ID:1	[INFO: Metric    ] METRIC_RX type=REAL src=2 seq=126 send_ms=1260139 recv_ms=1260115 bytes=48
TX,REAL,3,,124,48,1263139.0,1262927,1263139.0,,,,3263,1263139000	ID:3	[INFO: Metric    ] METRIC_TX type=REAL node=3 seq=124 bytes=48 time_ms=1262927
RX,REAL,,3,124,48,1263209.168,1262778,1263209.168,1262927,1262778,70.16800000006333,3264,1263209168	ID:1	[INFO: Metric    ] METRIC_RX type=REAL src=3 seq=124 send_ms=1262927 recv_ms=1262778 bytes=48
TX,REAL,5,,123,48,1265220.0,1264250,1265220.0,,,,3266,1265220000	ID:5	[INFO: Metric    ] METRIC_TX type=REAL node=5 seq=123 bytes=48 time_ms=1264250
TX,REAL,4,,122,48,1265228.04,1264280,1265228.04,,,,3267,1265228040	ID:4	[INFO: Metric    ] METRIC_TX type=REAL node=4 seq=122 bytes=48 time_ms=1264280
RX,REAL,,5,123,48,1265244.168,1264813,1265244.168,1264250,1264813,24.16800000006333,3268,1265244168	ID:1	[INFO: Metric    ] METRIC_RX type=REAL src=5 seq=123 send_ms=1264250 recv_ms=1264813 bytes=48
RX,REAL,,4,122,48,1265314.168,1264883,1265314.168,1264280,1264883,86.12800000002608,3271,1265314168	ID:1	[INFO: Metric    ] METRIC_RX type=REAL src=4 seq=122 send_ms=1264280 recv_ms=1264883 bytes=48
TX,REAL,7,,125,48,1267217.0,1267195,1267217.0,,,,3273,1267217000	ID:7	[INFO: Metric    ] METRIC_TX type=REAL node=7 seq=125 bytes=48 time_ms=1267195
RX,REAL,,7,125,48,1267231.88,1266800,1267231.88,1267195,1266800,14.879999999888241,3274,1267231880	ID:1	[INFO: Metric    ] METRIC_RX type=REAL src=7 seq=125 send_ms=1267195 recv_ms=1266800 bytes=48
TX,REAL,2,,127,48,1269533.0,1269140,1269533.0,,,,3276,1269533000	ID:2	[INFO: Metric    ] METRIC_TX type=REAL node=2 seq=127 bytes=48 time_ms=1269140
RX,REAL,,2,127,48,1269546.88,1269115,1269546.88,1269140,1269115,13.879999999888241,3277,1269546880	ID:1	[INFO: Metric    ] METRIC_RX type=REAL src=2 seq=127 send_ms=1269140 recv_ms=1269115 bytes=48
TX,REAL,6,,125,48,1271990.0,1271902,1271990.0,,,,3279,1271990000	ID:6	[INFO: Metric    ] METRIC_TX type=REAL node=6 seq=125 bytes=48 time_ms=1271902
RX,REAL,,6,125,48,1271998.88,1271567,1271998.88,1271902,1271567,8.879999999888241,3280,1271998880	ID:1	[INFO: Metric    ] METRIC_RX type=REAL src=6 seq=125 send_ms=1271902 recv_ms=1271567 bytes=48
TX,REAL,5,,124,48,1273221.0,1272251,1273221.0,,,,3282,1273221000	ID:5	[INFO: Metric    ] METRIC_TX type=REAL node=5 seq=124 bytes=48 time_ms=1272251
RX,REAL,,5,124,48,1273272.168,1272841,1273272.168,1272251,1272841,51.16800000006333,3283,1273272168	ID:1	[INFO: Metric    ] METRIC_RX type=REAL src=5 seq=124 send_ms=1272251 recv_ms=1272841 bytes=48
TX,REAL,3,,125,48,1274140.0,1273928,1274140.0,,,,3285,1274140000	ID:3	[INFO: Metric    ] METRIC_TX type=REAL node=3 seq=125 bytes=48 time_ms=1273928
RX,REAL,,3,125,48,1274202.168,1273771,1274202.168,1273928,1273771,62.16800000006333,3286,1274202168	ID:1	[INFO: Metric    ] METRIC_RX type=REAL src=3 seq=125 send_ms=1273928 recv_ms=1273771 bytes=48
TX,REAL,7,,126,48,1277218.0,1277196,1277218.0,,,,3288,1277218000	ID:7	[INFO: Metric    ] METRIC_TX type=REAL node=7 seq=126 bytes=48 time_ms=1277196
TX,REAL,4,,123,48,1277229.0,1276280,1277229.0,,,,3289,1277229000	ID:4	[INFO: Metric    ] METRIC_TX type=REAL node=4 seq=123 bytes=48 time_ms=1276280
TX,DUMMY,4,,34,48,1277230.0,1276281,1277230.0,,,,3290,1277230000	ID:4	[INFO: Metric    ] METRIC_TX type=DUMMY node=4 seq=34 bytes=48 time_ms=1276281
RX,REAL,,7,126,48,1277234.88,1276803,1277234.88,1277196,1276803,16.87999999988824,3291,1277234880	ID:1	[INFO: Metric    ] METRIC_RX type=REAL src=7 seq=126 send_ms=1277196 recv_ms=1276803 bytes=48
RX,REAL,,4,123,48,1277326.168,1276895,1277326.168,1276280,1276895,97.16800000006333,3293,1277326168	ID:1	[INFO: Metric    ] METRIC_RX type=REAL src=4 seq=123 send_ms=1276280 recv_ms=1276895 bytes=48
RX,DUMMY,,4,34,48,1277392.592,1276961,1277392.592,1276281,1276961,,3295,1277392592	ID:1	[INFO: Metric    ] METRIC_RX type=DUMMY src=4 seq=34 send_ms=1276281 recv_ms=1276961 bytes=48
TX,REAL,2,,128,48,1279534.0,1279141,1279534.0,,,,3297,1279534000	ID:2	[INFO: Metric    ] METRIC_TX type=REAL node=2 seq=128 bytes=48 time_ms=1279141
RX,REAL,,2,128,48,1279548.88,1279117,1279548.88,1279141,1279117,14.879999999888241,3298,1279548880	ID:1	[INFO: Metric    ] METRIC_RX type=REAL src=2 seq=128 send_ms=1279141 recv_ms=1279117 bytes=48
TX,REAL,6,,126,48,1282991.0,1282903,1282991.0,,,,3301,1282991000	ID:6	[INFO: Metric    ] METRIC_TX type=REAL node=6 seq=126 bytes=48 time_ms=1282903
TX,DUMMY,6,,39,48,1282992.0,1282904,1282992.0,,,,3302,1282992000	ID:6	[INFO: Metric    ] METRIC_TX type=DUMMY node=6 seq=39 bytes=48 time_ms=1282904
RX,REAL,,6,126,48,1283026.88,1282595,1283026.88,1282903,1282595,35.87999999988824,3303,1283026880	ID:1	[INFO: Metric    ] METRIC_RX type=REAL src=6 seq=126 send_ms=1282903 recv_ms=1282595 bytes=48
RX,DUMMY,,6,39,48,1283058.88,1282627,1283058.88,1282904,1282627,,3305,1283058880	ID:1	[INFO: Metric    ] METRIC_RX type=DUMMY src=6 seq=39 send_ms=1282904 recv_ms=1282627 bytes=48
TX,REAL,3,,126,48,1283141.0,1282929,1283141.0,,,,3307,1283141000	ID:3	[INFO: Metric    ] METRIC_TX type=REAL node=3 seq=126 bytes=48 time_ms=1282929
RX,REAL,,3,126,48,1283205.168,1282774,1283205.168,1282929,1282774,64.16800000006333,3308,1283205168	ID:1	[INFO: Metric    ] METRIC_RX type=REAL src=3 seq=126 send_ms=1282929 recv_ms=1282774 bytes=48
TX,REAL,5,,125,48,1284222.0,1283252,1284222.0,,,,3310,1284222000	ID:5	[INFO: Metric    ] METRIC_TX type=REAL node=5 seq=125 bytes=48 time_ms=1283252
TX,DUMMY,5,,43,48,1284223.0,1283253,1284223.0,,,,3311,1284223000	ID:5	[INFO: Metric    ] METRIC_TX type=DUMMY node=5 seq=43 bytes=48 time_ms=1283253
RX,REAL,,5,125,48,1284287.168,1283856,1284287.168,1283252,1283856,65.16800000006333,3312,1284287168	ID:1	[INFO: Metric    ] METRIC_RX type=REAL src=5 seq=125 send_ms=1283252 recv_ms=1283856 bytes=48
RX,DUMMY,,5,43,48,1284406.168,1283975,1284406.168,1283253,1283975,,3314,1284406168	ID:1	[INFO: Metric    ] METRIC_RX type=DUMMY src=5 seq=43 send_ms=1283253 recv_ms=1283975 bytes=48
TX,REAL,7,,127,48,1286219.0,1286197,1286219.0,,,,3316,1286219000	ID:7	[INFO: Metric    ] METRIC_TX type=REAL node=7 seq=127 bytes=48 time_ms=1286197
TX,REAL,4,,124,48,1286231.0,1285282,1286231.0,,,,3317,1286231000	ID:4	[INFO: Metric    ] METRIC_TX type=REAL node=4 seq=124 bytes=48 time_ms=1285282
TX,DUMMY,4,,35,48,1286232.0,1285283,1286232.0,,,,3318,1286232000	ID:4	[INFO: Metric    ] METRIC_TX type=DUMMY node=4 seq=35 bytes=48 time_ms=1285283
RX,REAL,,7,127,48,1286240.88,1285809,1286240.88,1286197,1285809,21.87999999988824,3319,1286240880	ID:1	[INFO: Metric    ] METRIC_RX type=REAL src=7 seq=127 send_ms=1286197 recv_ms=1285809 bytes=48
RX,REAL,,4,124,48,1286319.168,1285888,1286319.168,1285282,1285888,88.16800000006333,3321,1286319168	ID:1	[INFO: Metric    ] METRIC_RX type=REAL src=4 seq=124 send_ms=1285282 recv_ms=1285888 bytes=48
RX,DUMMY,,4,35,48,1286369.168,1285938,1286369.168,1285283,1285938,,3322,1286369168	ID:1	[INFO: Metric    ] METRIC_RX type=DUMMY src=4 seq=35 send_ms=1285283 recv_ms=1285938 bytes=48
TX,REAL,2,,129,48,1288535.0,1288142,1288535.0,,,,3325,1288535000	ID:2	[INFO: Metric    ] METRIC_TX type=REAL node=2 seq=129 bytes=48 time_ms=1288142
RX,REAL,,2,129,48,1288545.88,1288114,1288545.88,1288142,1288114,10.879999999888241,3326,1288545880	ID:1	[INFO: Metric    ] METRIC_RX type=REAL src=2 seq=129 send_ms=1288142 recv_ms=1288114 bytes=48
TX,REAL,3,,127,48,1292142.0,1291930,1292142.0,,,,3328,1292142000	ID:3	[INFO: Metric    ] METRIC_TX type=REAL node=3 seq=127 bytes=48 time_ms=1291930
TX,DUMMY,3,,39,48,1292143.0,1291931,1292143.0,,,,3329,1292143000	ID:3	[INFO: Metric    ] METRIC_TX type=DUMMY node=3 seq=39 bytes=48 time_ms=1291931
RX,REAL,,3,127,48,1292212.168,1291781,1292212.168,1291930,1291781,70.16800000006333,3330,1292212168	ID:1	[INFO: Metric    ] METRIC_RX type=REAL src=3 seq=127 send_ms=1291930 recv_ms=1291781 bytes=48
RX,DUMMY,,3,39,48,1292239.168,1291808,1292239.168,1291931,1291808,,3332,1292239168	ID:1	[INFO: Metric    ] METRIC_RX type=DUMMY src=3 seq=39 send_ms=1291931 recv_ms=1291808 bytes=48
TX,REAL,6,,127,48,1293993.0,1293905,1293993.0,,,,3335,1293993000	ID:6	[INFO: Metric    ] METRIC_TX type=REAL node=6 seq=127 bytes=48 time_ms=1293905
TX,DUMMY,6,,40,48,1293994.0,1293906,1293994.0,,,,3336,1293994000	ID:6	[INFO: Metric    ] METRIC_TX type=DUMMY node=6 seq=40 bytes=48 time_ms=1293906
RX,REAL,,6,127,48,1294002.88,1293571,1294002.88,1293905,1293571,9.879999999888241,3337,1294002880	ID:1	[INFO: Metric    ] METRIC_RX type=REAL src=6 seq=127 send_ms=1293905 recv_ms=1293571 bytes=48
RX,DUMMY,,6,40,48,1294019.88,1293588,1294019.88,1293906,1293588,,3338,1294019880	ID:1	[INFO: Metric    ] METRIC_RX type=DUMMY src=6 seq=40 send_ms=1293906 recv_ms=1293588 bytes=48
TX,REAL,7,,128,48,1295220.0,1295198,1295220.0,,,,3341,1295220000	ID:7	[INFO: Metric    ] METRIC_TX type=REAL node=7 seq=128 bytes=48 time_ms=1295198
RX,REAL,,7,128,48,1295250.88,1294819,1295250.88,1295198,1294819,30.87999999988824,3342,1295250880	ID:1	[INFO: Metric    ] METRIC_RX type=REAL src=7 seq=128 send_ms=1295198 recv_ms=1294819 bytes=48
TX,REAL,5,,126,48,1296224.0,1295254,1296224.0,,,,3344,1296224000	ID:5	[INFO: Metric    ] METRIC_TX type=REAL node=5 seq=126 bytes=48 time_ms=1295254
RX,REAL,,5,126,48,1296269.168,1295838,1296269.168,1295254,1295838,45.16800000006333,3345,1296269168	ID:1	[INFO: Metric    ] METRIC_RX type=REAL src=5 seq=126 send_ms=1295254 recv_ms=1295838 bytes=48
TX,REAL,4,,125,48,1297233.0,1296284,1297233.0,,,,3347,1297233000	ID:4	[INFO: Metric    ] METRIC_TX type=REAL node=4 seq=125 bytes=48 time_ms=1296284
RX,REAL,,4,125,48,1297258.168,1296827,1297258.168,1296284,1296827,25.16800000006333,3348,1297258168	ID:1	[INFO: Metric    ] METRIC_RX type=REAL src=4 seq=125 send_ms=1296284 recv_ms=1296827 bytes=48
TX,REAL,2,,130,48,1299536.0,1299143,1299536.0,,,,3352,1299536000	ID:2	[INFO: Metric    ] METRIC_TX type=REAL node=2 seq=130 bytes=48 time_ms=1299143
RX,REAL,,2,130,48,1299566.88,1299135,1299566.88,1299143,1299135,30.87999999988824,3353,1299566880	ID:1	[INFO: Metric    ] METRIC_RX type=REAL src=2 seq=130 send_ms=1299143 recv_ms=1299135 bytes=48
TX,REAL,3,,128,48,1300144.0,1299932,1300144.0,,,,3355,1300144000	ID:3	[INFO: Metric    ] METRIC_TX type=REAL node=3 seq=128 bytes=48 time_ms=1299932
RX,REAL,,3,128,48,1300198.168,1299767,1300198.168,1299932,1299767,54.16800000006333,3356,1300198168	ID:1	[INFO: Metric    ] METRIC_RX type=REAL src=3 seq=128 send_ms=1299932 recv_ms=1299767 bytes=48
TX,REAL,7,,129,48,1303221.0,1303199,1303221.0,,,,3358,1303221000	ID:7	[INFO: Metric    ] METRIC_TX type=REAL node=7 seq=129 bytes=48 time_ms=1303199
TX,DUMMY,7,,40,48,1303222.0,1303200,1303222.0,,,,3359,1303222000	ID:7	[INFO: Metric    ] METRIC_TX type=DUMMY node=7 seq=40 bytes=48 time_ms=1303200
RX,REAL,,7,129,48,1303238.88,1302807,1303238.88,1303199,1302807,17.87999999988824,3360,1303238880	ID:1	[INFO: Metric    ] METRIC_RX type=REAL src=7 seq=129 send_ms=1303199 recv_ms=1302807 bytes=48
RX,DUMMY,,7,40,48,1303268.88,1302837,1303268.88,1303200,1302837,,3361,1303268880	ID:1	[INFO: Metric    ] METRIC_RX type=DUMMY src=7 seq=40 send_ms=1303200 recv_ms=1302837 bytes=48
TX,REAL,5,,127,48,1305225.0,1304255,1305225.0,,,,3365,1305225000	ID:5	[INFO: Metric    ] METRIC_TX type=REAL node=5 seq=127 bytes=48 time_ms=1304255
TX,DUMMY,5,,44,48,1305226.0,1304256,1305226.0,,,,3366,1305226000	ID:5	[INFO: Metric    ] METRIC_TX type=DUMMY node=5 seq=44 bytes=48 time_ms=1304256
TX,REAL,4,,126,48,1305234.0,1304285,1305234.0,,,,3367,1305234000	ID:4	[INFO: Metric    ] METRIC_TX type=REAL node=4 seq=126 bytes=48 time_ms=1304285
TX,DUMMY,4,,36,48,1305235.0,1304286,1305235.0,,,,3368,1305235000	ID:4	[INFO: Metric    ] METRIC_TX type=DUMMY node=4 seq=36 bytes=48 time_ms=1304286
RX,REAL,,4,126,48,1305300.168,1304869,1305300.168,1304285,1304869,66.16800000006333,3369,1305300168	ID:1	[INFO: Metric    ] METRIC_RX type=REAL src=4 seq=126 send_ms=1304285 recv_ms=1304869 bytes=48
RX,REAL,,5,127,48,1305337.168,1304906,1305337.168,1304255,1304906,112.16800000006333,3370,1305337168	ID:1	[INFO: Metric    ] METRIC_RX type=REAL src=5 seq=127 send_ms=1304255 recv_ms=1304906 bytes=48
RX,DUMMY,,4,36,48,1305377.168,1304946,1305377.168,1304286,1304946,,3371,1305377168	ID:1	[INFO: Metric    ] METRIC_RX type=DUMMY src=4 seq=36 send_ms=1304286 recv_ms=1304946 bytes=48
RX,DUMMY,,5,44,48,1305498.168,1305067,1305498.168,1304256,1305067,,3375,1305498168	ID:1	[INFO: Metric    ] METRIC_RX type=DUMMY src=5 seq=44 send_ms=1304256 recv_ms=1305067 bytes=48
TX,REAL,6,,128,48,1305995.0,1305907,1305995.0,,,,3377,1305995000	ID:6	[INFO: Metric    ] METRIC_TX type=REAL node=6 seq=128 bytes=48 time_ms=1305907
RX,REAL,,6,128,48,1306024.88,1305593,1306024.88,1305907,1305593,29.87999999988824,3378,1306024880	ID:1	[INFO: Metric    ] METRIC_RX type=REAL src=6 seq=128 send_ms=1305907 recv_ms=1305593 bytes=48
TX,REAL,3,,129,48,1308145.0,1307933,1308145.0,,,,3380,1308145000	ID:3	[INFO: Metric    ] METRIC_TX type=REAL node=3 seq=129 bytes=48 time_ms=1307933
RX,REAL,,3,129,48,1308203.168,1307772,1308203.168,1307933,1307772,58.16800000006333,3381,1308203168	ID:1	[INFO: Metric    ] METRIC_RX type=REAL src=3 seq=129 send_ms=1307933 recv_ms=1307772 bytes=48
TX,REAL,2,,131,48,1308537.0,1308144,1308537.0,,,,3383,1308537000	ID:2	[INFO: Metric    ] METRIC_TX type=REAL node=2 seq=131 bytes=48 time_ms=1308144
TX,DUMMY,2,,37,48,1308538.0,1308145,1308538.0,,,,3384,1308538000	ID:2	[INFO: Metric    ] METRIC_TX type=DUMMY node=2 seq=37 bytes=48 time_ms=1308145
RX,REAL,,2,131,48,1308544.88,1308113,1308544.88,1308144,1308113,7.879999999888241,3385,1308544880	ID:1	[INFO: Metric    ] METRIC_RX type=REAL src=2 seq=131 send_ms=1308144 recv_ms=1308113 bytes=48
RX,DUMMY,,2,37,48,1308556.88,1308125,1308556.88,1308145,1308125,,3386,1308556880	ID:1	[INFO: Metric    ] METRIC_RX type=DUMMY src=2 seq=37 send_ms=1308145 recv_ms=1308125 bytes=48
TX,REAL,7,,130,48,1314223.0,1314201,1314223.0,,,,3391,1314223000	ID:7	[INFO: Metric    ] METRIC_TX type=REAL node=7 seq=130 bytes=48 time_ms=1314201
TX,REAL,5,,128,48,1314227.0,1313257,1314227.0,,,,3392,1314227000	ID:5	[INFO: Metric    ] METRIC_TX type=REAL node=5 seq=128 bytes=48 time_ms=1313257
TX,DUMMY,5,,45,48,1314228.0,1313258,1314228.0,,,,3393,1314228000	ID:5	[INFO: Metric    ] METRIC_TX type=DUMMY node=5 seq=45 bytes=48 time_ms=1313258
RX,REAL,,7,130,48,1314233.88,1313802,1314233.88,1314201,1313802,10.879999999888241,3394,1314233880	ID:1	[INFO: Metric    ] METRIC_RX type=REAL src=7 seq=130 send_ms=1314201 recv_ms=1313802 bytes=48
TX,REAL,4,,127,48,1314236.0,1313287,1314236.0,,,,3395,1314236000	ID:4	[INFO: Metric    ] METRIC_TX type=REAL node=4 seq=127 bytes=48 time_ms=1313287
RX,REAL,,5,128,48,1314280.168,1313849,1314280.168,1313257,1313849,53.16800000006333,3397,1314280168	ID:1	[INFO: Metric    ] METRIC_RX type=REAL src=5 seq=128 send_ms=1313257 recv_ms=1313849 bytes=48
RX,REAL,,4,127,48,1314356.168,1313925,1314356.168,1313287,1313925,120.16800000006333,3400,1314356168	ID:1	[INFO: Metric    ] METRIC_RX type=REAL src=4 seq=127 send_ms=1313287 recv_ms=1313925 bytes=48
RX,DUMMY,,5,45,48,1314378.168,1313947,1314378.168,1313258,1313947,,3401,1314378168	ID:1	[INFO: Metric    ] METRIC_RX type=DUMMY src=5 seq=45 send_ms=1313258 recv_ms=1313947 bytes=48
TX,REAL,6,,129,48,1314996.0,1314908,1314996.0,,,,3404,1314996000	ID:6	[INFO: Metric    ] METRIC_TX type=REAL node=6 seq=129 bytes=48 time_ms=1314908
RX,REAL,,6,129,48,1315031.88,1314600,1315031.88,1314908,1314600,35.87999999988824,3405,1315031880	ID:1	[INFO: Metric    ] METRIC_RX type=REAL src=6 seq=129 send_ms=1314908 recv_ms=1314600 bytes=48
TX,REAL,2,,132,48,1316539.0,1316146,1316539.0,,,,3407,1316539000	ID:2	[INFO: Metric    ] METRIC_TX type=REAL node=2 seq=132 bytes=48 time_ms=1316146
RX,REAL,,2,132,48,1316580.88,1316149,1316580.88,1316146,1316149,41.87999999988824,3408,1316580880	ID:1	[INFO: Metric    ] METRIC_RX type=REAL src=2 seq=132 send_ms=1316146 recv_ms=1316149 bytes=48
TX,REAL,3,,130,48,1320146.0,1319934,1320146.0,,,,3412,1320146000	ID:3	[INFO: Metric    ] METRIC_TX type=REAL node=3 seq=130 bytes=48 time_ms=1319934
RX,REAL,,3,130,48,1320190.304,1319759,1320190.304,1319934,1319759,44.304000000003725,3413,1320190304	ID:1	[INFO: Metric    ] METRIC_RX type=REAL src=3 seq=130 send_ms=1319934 recv_ms=1319759 bytes=48
TX,REAL,7,,131,48,1323224.0,1323202,1323224.0,,,,3415,1323224000	ID:7	[INFO: Metric    ] METRIC_TX type=REAL node=7 seq=131 bytes=48 time_ms=1323202
RX,REAL,,7,131,48,1323259.88,1322828,1323259.88,1323202,1322828,35.87999999988824,3416,1323259880	ID:1	[INFO: Metric    ] METRIC_RX type=REAL src=7 seq=131 send_ms=1323202 recv_ms=1322828 bytes=48
TX,REAL,6,,130,48,1323997.0,1323909,1323997.0,,,,3420,1323997000	ID:6	[INFO: Metric    ] METRIC_TX type=REAL node=6 seq=130 bytes=48 time_ms=1323909
RX,REAL,,6,130,48,1324023.88,1323592,1324023.88,1323909,1323592,26.87999999988824,3421,1324023880	ID:1	[INFO: Metric    ] METRIC_RX type=REAL src=6 seq=130 send_ms=1323909 recv_ms=1323592 bytes=48
TX,REAL,4,,128,48,1325237.0,1324288,1325237.0,,,,3423,1325237000	ID:4	[INFO: Metric    ] METRIC_TX type=REAL node=4 seq=128 bytes=48 time_ms=1324288
RX,REAL,,4,128,48,1325251.304,1324820,1325251.304,1324288,1324820,14.304000000003725,3424,1325251304	ID:1	[INFO: Metric    ] METRIC_RX type=REAL src=4 seq=128 send_ms=1324288 recv_ms=1324820 bytes=48
TX,REAL,5,,129,48,1326229.0,1325259,1326229.0,,,,3426,1326229000	ID:5	[INFO: Metric    ] METRIC_TX type=REAL node=5 seq=129 bytes=48 time_ms=1325259
RX,REAL,,5,129,48,1326288.168,1325857,1326288.168,1325259,1325857,59.16800000006333,3427,1326288168	ID:1	[INFO: Metric    ] METRIC_RX type=REAL src=5 seq=129 send_ms=1325259 recv_ms=1325857 bytes=48
TX,REAL,2,,133,48,1328540.0,1328147,1328540.0,,,,3429,1328540000	ID:2	[INFO: Metric    ] METRIC_TX type=REAL node=2 seq=133 bytes=48 time_ms=1328147
RX,REAL,,2,133,48,1328559.88,1328128,1328559.88,1328147,1328128,19.87999999988824,3430,1328559880	ID:1	[INFO: Metric    ] METRIC_RX type=REAL src=2 seq=133 send_ms=1328147 recv_ms=1328128 bytes=48
TX,REAL,3,,131,48,1329147.0,1328935,1329147.0,,,,3433,1329147000	ID:3	[INFO: Metric    ] METRIC_TX type=REAL node=3 seq=131 bytes=48 time_ms=1328935
TX,DUMMY,3,,40,48,1329148.0,1328936,1329148.0,,,,3434,1329148000	ID:3	[INFO: Metric    ] METRIC_TX type=DUMMY node=3 seq=40 bytes=48 time_ms=1328936
RX,REAL,,3,131,48,1329204.168,1328773,1329204.168,1328935,1328773,57.16800000006333,3435,1329204168	ID:1	[INFO: Metric    ] METRIC_RX type=REAL src=3 seq=131 send_ms=1328935 recv_ms=1328773 bytes=48
RX,DUMMY,,3,40,48,1329214.168,1328783,1329214.168,1328936,1328783,,3436,1329214168	ID:1	[INFO: Metric    ] METRIC_RX type=DUMMY src=3 seq=40 send_ms=1328936 recv_ms=1328783 bytes=48
TX,REAL,6,,131,48,1332998.0,1332910,1332998.0,,,,3439,1332998000	ID:6	[INFO: Metric    ] METRIC_TX type=REAL node=6 seq=131 bytes=48 time_ms=1332910
RX,REAL,,6,131,48,1333012.88,1332581,1333012.88,1332910,1332581,14.879999999888241,3440,1333012880	ID:1	[INFO: Metric    ] METRIC_RX type=REAL src=6 seq=131 send_ms=1332910 recv_ms=1332581 bytes=48
TX,REAL,5,,130,48,1334230.0,1333260,1334230.0,,,,3444,1334230000	ID:5	[INFO: Metric    ] METRIC_TX type=REAL node=5 seq=130 bytes=48 time_ms=1333260
TX,DUMMY,5,,46,48,1334231.0,1333261,1334231.0,,,,3445,1334231000	ID:5	[INFO: Metric    ] METRIC_TX type=DUMMY node=5 seq=46 bytes=48 time_ms=1333261
TX,REAL,4,,129,48,1334238.0,1333289,1334238.0,,,,3446,1334238000	ID:4	[INFO: Metric    ] METRIC_TX type=REAL node=4 seq=129 bytes=48 time_ms=1333289
RX,REAL,,5,130,48,1334301.168,1333870,1334301.168,1333260,1333870,71.16800000006333,3447,1334301168	ID:1	[INFO: Metric    ] METRIC_RX type=REAL src=5 seq=130 send_ms=1333260 recv_ms=1333870 bytes=48
RX,REAL,,4,129,48,1334321.168,1333890,1334321.168,1333289,1333890,83.16800000006333,3448,1334321168	ID:1	[INFO: Metric    ] METRIC_RX type=REAL src=4 seq=129 send_ms=1333289 recv_ms=1333890 bytes=48
RX,DUMMY,,5,46,48,1334337.168,1333906,1334337.168,1333261,1333906,,3449,1334337168	ID:1	[INFO: Metric    ] METRIC_RX type=DUMMY src=5 seq=46 send_ms=1333261 recv_ms=1333906 bytes=48
TX,REAL,7,,132,48,1335225.0,1335203,1335225.0,,,,3453,1335225000	ID:7	[INFO: Metric    ] METRIC_TX type=REAL node=7 seq=132 bytes=48 time_ms=1335203
RX,REAL,,7,132,48,1335261.88,1334830,1335261.88,1335203,1334830,36.87999999988824,3454,1335261880	ID:1	[INFO: Metric    ] METRIC_RX type=REAL src=7 seq=132 send_ms=1335203 recv_ms=1334830 bytes=48
TX,REAL,2,,134,48,1337541.0,1337148,1337541.0,,,,3456,1337541000	ID:2	[INFO: Metric    ] METRIC_TX type=REAL node=2 seq=134 bytes=48 time_ms=1337148
RX,REAL,,2,134,48,1337568.88,1337137,1337568.88,1337148,1337137,27.87999999988824,3457,1337568880	ID:1	[INFO: Metric    ] METRIC_RX type=REAL src=2 seq=134 send_ms=1337148 recv_ms=1337137 bytes=48
TX,REAL,3,,132,48,1338149.0,1337937,1338149.0,,,,3459,1338149000	ID:3	[INFO: Metric    ] METRIC_TX type=REAL node=3 seq=132 bytes=48 time_ms=1337937
RX,REAL,,3,132,48,1338237.168,1337806,1338237.168,1337937,1337806,88.16800000006333,3460,1338237168	ID:1	[INFO: Metric    ] METRIC_RX type=REAL src=3 seq=132 send_ms=1337937 recv_ms=1337806 bytes=48
TX,REAL,4,,130,48,1342239.0,1341290,1342239.0,,,,3464,1342239000	ID:4	[INFO: Metric    ] METRIC_TX type=REAL node=4 seq=130 bytes=48 time_ms=1341290
RX,REAL,,4,130,48,1342312.168,1341881,1342312.168,1341290,1341881,73.16800000006333,3465,1342312168	ID:1	[INFO: Metric    ] METRIC_RX type=REAL src=4 seq=130 send_ms=1341290 recv_ms=1341881 bytes=48
TX,REAL,6,,132,48,1343999.0,1343911,1343999.0,,,,3468,1343999000	ID:6	[INFO: Metric    ] METRIC_TX type=REAL node=6 seq=132 bytes=48 time_ms=1343911
RX,REAL,,6,132,48,1344036.88,1343605,1344036.88,1343911,1343605,37.87999999988824,3469,1344036880	ID:1	[INFO: Metric    ] METRIC_RX type=REAL src=6 seq=132 send_ms=1343911 recv_ms=1343605 bytes=48
TX,REAL,3,,133,48,1346150.0,1345938,1346150.0,,,,3471,1346150000	ID:3	[INFO: Metric    ] METRIC_TX type=REAL node=3 seq=133 bytes=48 time_ms=1345938
TX,DUMMY,3,,41,48,1346151.0,1345939,1346151.0,,,,3472,1346151000	ID:3	[INFO: Metric    ] METRIC_TX type=DUMMY node=3 seq=41 bytes=48 time_ms=1345939
RX,REAL,,3,133,48,1346207.168,1345776,1346207.168,1345938,1345776,57.16800000006333,3473,1346207168	ID:1	[INFO: Metric    ] METRIC_RX type=REAL src=3 seq=133 send_ms=1345938 recv_ms=1345776 bytes=48
TX,REAL,7,,133,48,1346226.0,1346204,1346226.0,,,,3474,1346226000	ID:7	[INFO: Metric    ] METRIC_TX type=REAL node=7 seq=133 bytes=48 time_ms=1346204
TX,DUMMY,7,,41,48,1346227.0,1346205,1346227.0,,,,3475,1346227000	ID:7	[INFO: Metric    ] METRIC_TX type=DUMMY node=7 seq=41 bytes=48 time_ms=1346205
TX,REAL,5,,131,48,1346232.0,1345262,1346232.0,,,,3476,1346232000	ID:5	[INFO: Metric    ] METRIC_TX type=REAL node=5 seq=131 bytes=48 time_ms=1345262
RX,REAL,,5,131,48,1346258.168,1345827,1346258.168,1345262,1345827,26.16800000006333,3477,1346258168	ID:1	[INFO: Metric    ] METRIC_RX type=REAL src=5 seq=131 send_ms=1345262 recv_ms=1345827 bytes=48
RX,REAL,,7,133,48,1346284.88,1345853,1346284.88,1346204,1345853,58.87999999988824,3479,1346284880	ID:1	[INFO: Metric    ] METRIC_RX type=REAL src=7 seq=133 send_ms=1346204 recv_ms=1345853 bytes=48
RX,DUMMY,,3,41,48,1346315.168,1345884,1346315.168,1345939,1345884,,3480,1346315168	ID:1	[INFO: Metric    ] METRIC_RX type=DUMMY src=3 seq=41 send_ms=1345939 recv_ms=1345884 bytes=48
RX,DUMMY,,7,41,48,1346323.88,1345892,1346323.88,1346205,1345892,,3481,1346323880	ID:1	[INFO: Metric    ] METRIC_RX type=DUMMY src=7 seq=41 send_ms=1346205 recv_ms=1345892 bytes=48
TX,REAL,2,,135,48,1349542.0,1349149,1349542.0,,,,3486,1349542000	ID:2	[INFO: Metric    ] METRIC_TX type=REAL node=2 seq=135 bytes=48 time_ms=1349149
RX,REAL,,2,135,48,1349581.88,1349150,1349581.88,1349149,1349150,39.87999999988824,3487,1349581880	ID:1	[INFO: Metric    ] METRIC_RX type=REAL src=2 seq=135 send_ms=1349149 recv_ms=1349150 bytes=48
TX,REAL,4,,131,48,1351240.0,1350291,1351240.0,,,,3489,1351240000	ID:4	[INFO: Metric    ] METRIC_TX type=REAL node=4 seq=131 bytes=48 time_ms=1350291
TX,DUMMY,4,,37,48,1351241.0,1350292,1351241.0,,,,3490,1351241000	ID:4	[INFO: Metric    ] METRIC_TX type=DUMMY node=4 seq=37 bytes=48 time_ms=1350292
RX,REAL,,4,131,48,1351331.168,1350900,1351331.168,1350291,1350900,91.16800000006333,3491,1351331168	ID:1	[INFO: Metric    ] METRIC_RX type=REAL src=4 seq=131 send_ms=1350291 recv_ms=1350900 bytes=48
RX,DUMMY,,4,37,48,1351346.168,1350915,1351346.168,1350292,1350915,,3492,1351346168	ID:1	[INFO: Metric    ] METRIC_RX type=DUMMY src=4 seq=37 send_ms=1350292 recv_ms=1350915 bytes=48
TX,REAL,6,,133,48,1353000.0,1352912,1353000.0,,,,3495,1353000000	ID:6	[INFO: Metric    ] METRIC_TX type=REAL node=6 seq=133 bytes=48 time_ms=1352912
TX,DUMMY,6,,41,48,1353001.0,1352913,1353001.0,,,,3496,1353001000	ID:6	[INFO: Metric    ] METRIC_TX type=DUMMY node=6 seq=41 bytes=48 time_ms=1352913
RX,REAL,,6,133,48,1353011.88,1352580,1353011.88,1352912,1352580,11.879999999888241,3497,1353011880	ID:1	[INFO: Metric    ] METRIC_RX type=REAL src=6 seq=133 send_ms=1352912 recv_ms=1352580 bytes=48
RX,DUMMY,,6,41,48,1353042.88,1352611,1353042.88,1352913,1352611,,3499,1353042880	ID:1	[INFO: Metric    ] METRIC_RX type=DUMMY src=6 seq=41 send_ms=1352913 recv_ms=1352611 bytes=48
TX,REAL,5,,132,48,1354233.0,1353263,1354233.0,,,,3502,1354233000	ID:5	[INFO: Metric    ] METRIC_TX type=REAL node=5 seq=132 bytes=48 time_ms=1353263
RX,REAL,,5,132,48,1354299.168,1353868,1354299.168,1353263,1353868,66.16800000006333,3503,1354299168	ID:1	[INFO: Metric    ] METRIC_RX type=REAL src=5 seq=132 send_ms=1353263 recv_ms=1353868 bytes=48
TX,REAL,3,,134,48,1355152.0,1354940,1355152.0,,,,3505,1355152000	ID:3	[INFO: Metric    ] METRIC_TX type=REAL node=3 seq=134 bytes=48 time_ms=1354940
TX,DUMMY,3,,42,48,1355153.0,1354941,1355153.0,,,,3506,1355153000	ID:3	[INFO: Metric    ] METRIC_TX type=DUMMY node=3 seq=42 bytes=48 time_ms=1354941
RX,REAL,,3,134,48,1355189.168,1354758,1355189.168,1354940,1354758,37.16800000006333,3507,1355189168	ID:1	[INFO: Metric    ] METRIC_RX type=REAL src=3 seq=134 send_ms=1354940 recv_ms=1354758 bytes=48
RX,DUMMY,,3,42,48,1355218.168,1354787,1355218.168,1354941,1354787,,3508,1355218168	ID:1	[INFO: Metric    ] METRIC_RX type=DUMMY src=3 seq=42 send_ms=1354941 recv_ms=1354787 bytes=48
TX,REAL,7,,134,48,1358228.0,1358206,1358228.0,,,,3511,1358228000	ID:7	[INFO: Metric    ] METRIC_TX type=REAL node=7 seq=134 bytes=48 time_ms=1358206
RX,REAL,,7,134,48,1358261.88,1357830,1358261.88,1358206,1357830,33.87999999988824,3512,1358261880	ID:1	[INFO: Metric    ] METRIC_RX type=REAL src=7 seq=134 send_ms=1358206 recv_ms=1357830 bytes=48
TX,REAL,2,,136,48,1358543.0,1358150,1358543.0,,,,3514,1358543000	ID:2	[INFO: Metric    ] METRIC_TX type=REAL node=2 seq=136 bytes=48 time_ms=1358150
RX,REAL,,2,136,48,1358573.88,1358142,1358573.88,1358150,1358142,30.87999999988824,3515,1358573880	ID:1	[INFO: Metric    ] METRIC_RX type=REAL src=2 seq=136 send_ms=1358150 recv_ms=1358142 bytes=48
TX,REAL,5,,133,48,1363234.0,1362264,1363234.0,,,,3517,1363234000	ID:5	[INFO: Metric    ] METRIC_TX type=REAL node=5 seq=133 bytes=48 time_ms=1362264
TX,REAL,4,,132,48,1363242.0,1362293,1363242.0,,,,3518,1363242000	ID:4	[INFO: Metric    ] METRIC_TX type=REAL node=4 seq=132 bytes=48 time_ms=1362293
RX,REAL,,4,132,48,1363288.168,1362857,1363288.168,1362293,1362857,46.16800000006333,3519,1363288168	ID:1	[INFO: Metric    ] METRIC_RX type=REAL src=4 seq=132 send_ms=1362293 recv_ms=1362857 bytes=48
RX,REAL,,5,133,48,1363372.168,1362941,1363372.168,1362264,1362941,138.16800000006333,3521,1363372168	ID:1	[INFO: Metric    ] METRIC_RX type=REAL src=5 seq=133 send_ms=1362264 recv_ms=1362941 bytes=48
TX,REAL,3,,135,48,1364154.0,1363942,1364154.0,,,,3523,1364154000	ID:3	[INFO: Metric    ] METRIC_TX type=REAL node=3 seq=135 bytes=48 time_ms=1363942
RX,REAL,,3,135,48,1364198.168,1363767,1364198.168,1363942,1363767,44.16800000006333,3524,1364198168	ID:1	[INFO: Metric    ] METRIC_RX type=REAL src=3 seq=135 send_ms=1363942 recv_ms=1363767 bytes=48
TX,REAL,6,,134,48,1365002.0,1364914,1365002.0,,,,3526,1365002000	ID:6	[INFO: Metric    ] METRIC_TX type=REAL node=6 seq=134 bytes=48 time_ms=1364914
RX,REAL,,6,134,48,1365024.88,1364593,1365024.88,1364914,1364593,22.87999999988824,3527,1365024880	ID:1	[INFO: Metric    ] METRIC_RX type=REAL src=6 seq=134 send_ms=1364914 recv_ms=1364593 bytes=48
TX,REAL,7,,135,48,1366229.0,1366207,1366229.0,,,,3530,1366229000	ID:7	[INFO: Metric    ] METRIC_TX type=REAL node=7 seq=135 bytes=48 time_ms=1366207
TX,DUMMY,7,,42,48,1366230.0,1366208,1366230.0,,,,3531,1366230000	ID:7	[INFO: Metric    ] METRIC_TX type=DUMMY node=7 seq=42 bytes=48 time_ms=1366208
RX,REAL,,7,135,48,1366272.88,1365841,1366272.88,1366207,1365841,43.87999999988824,3532,1366272880	ID:1	[INFO: Metric    ] METRIC_RX type=REAL src=7 seq=135 send_ms=1366207 recv_ms=1365841 bytes=48
RX,DUMMY,,7,42,48,1366318.88,1365887,1366318.88,1366208,1365887,,3534,1366318880	ID:1	[INFO: Metric    ] METRIC_RX type=DUMMY src=7 seq=42 send_ms=1366208 recv_ms=1365887 bytes=48
TX,REAL,2,,137,48,1370544.0,1370151,1370544.0,,,,3536,1370544000	ID:2	[INFO: Metric    ] METRIC_TX type=REAL node=2 seq=137 bytes=48 time_ms=1370151
RX,REAL,,2,137,48,1370550.88,1370119,1370550.88,1370151,1370119,6.879999999888241,3537,1370550880	ID:1	[INFO: Metric    ] METRIC_RX type=REAL src=2 seq=137 send_ms=1370151 recv_ms=1370119 bytes=48
TX,REAL,4,,133,48,1372243.0,1371294,1372243.0,,,,3539,1372243000	ID:4	[INFO: Metric    ] METRIC_TX type=REAL node=4 seq=133 bytes=48 time_ms=1371294
TX,DUMMY,4,,38,48,1372244.0,1371295,1372244.0,,,,3540,1372244000	ID:4	[INFO: Metric    ] METRIC_TX type=DUMMY node=4 seq=38 bytes=48 time_ms=1371295
RX,REAL,,4,133,48,1372295.168,1371864,1372295.168,1371294,1371864,52.16800000006333,3541,1372295168	ID:1	[INFO: Metric    ] METRIC_RX type=REAL src=4 seq=133 send_ms=1371294 recv_ms=1371864 bytes=48
RX,DUMMY,,4,38,48,1372406.168,1371975,1372406.168,1371295,1371975,,3543,1372406168	ID:1	[INFO: Metric    ] METRIC_RX type=DUMMY src=4 seq=38 send_ms=1371295 recv_ms=1371975 bytes=48
TX,REAL,7,,136,48,1374231.0,1374209,1374231.0,,,,3545,1374231000	ID:7	[INFO: Metric    ] METRIC_TX type=REAL node=7 seq=136 bytes=48 time_ms=1374209
RX,REAL,,7,136,48,1374241.88,1373810,1374241.88,1374209,1373810,10.879999999888241,3546,1374241880	ID:1	[INFO: Metric    ] METRIC_RX type=REAL src=7 seq=136 send_ms=1374209 recv_ms=1373810 bytes=48
TX,REAL,6,,135,48,1375003.0,1374915,1375003.0,,,,3548,1375003000	ID:6	[INFO: Metric    ] METRIC_TX type=REAL node=6 seq=135 bytes=48 time_ms=1374915
RX,REAL,,6,135,48,1375008.88,1374577,1375008.88,1374915,1374577,5.879999999888241,3549,1375008880	ID:1	[INFO: Metric    ] METRIC_RX type=REAL src=6 seq=135 send_ms=1374915 recv_ms=1374577 bytes=48
TX,REAL,5,,134,48,1375235.0,1374265,1375235.0,,,,3551,1375235000	ID:5	[INFO: Metric    ] METRIC_TX type=REAL node=5 seq=134 bytes=48 time_ms=1374265
RX,REAL,,5,134,48,1375287.168,1374856,1375287.168,1374265,1374856,52.16800000006333,3552,1375287168	ID:1	[INFO: Metric    ] METRIC_RX type=REAL src=5 seq=134 send_ms=1374265 recv_ms=1374856 bytes=48
TX,REAL,3,,136,48,1376155.0,1375943,1376155.0,,,,3554,1376155000	ID:3	[INFO: Metric    ] METRIC_TX type=REAL node=3 seq=136 bytes=48 time_ms=1375943
RX,REAL,,3,136,48,1376212.168,1375781,1376212.168,1375943,1375781,57.16800000006333,3555,1376212168	ID:1	[INFO: Metric    ] METRIC_RX type=REAL src=3 seq=136 send_ms=1375943 recv_ms=1375781 bytes=48
TX,REAL,2,,138,48,1380545.0,1380152,1380545.0,,,,3557,1380545000	ID:2	[INFO: Metric    ] METRIC_TX type=REAL node=2 seq=138 bytes=48 time_ms=1380152
RX,REAL,,2,138,48,1380584.88,1380153,1380584.88,1380152,1380153,39.87999999988824,3558,1380584880	ID:1	[INFO: Metric    ] METRIC_RX type=REAL src=2 seq=138 send_ms=1380152 recv_ms=1380153 bytes=48
TX,REAL,4,,134,48,1381245.0,1380296,1381245.0,,,,3561,1381245000	ID:4	[INFO: Metric    ] METRIC_TX type=REAL node=4 seq=134 bytes=48 time_ms=1380296
RX,REAL,,4,134,48,1381299.168,1380868,1381299.168,1380296,1380868,54.16800000006333,3562,1381299168	ID:1	[INFO: Metric    ] METRIC_RX type=REAL src=4 seq=134 send_ms=1380296 recv_ms=1380868 bytes=48
TX,REAL,7,,137,48,1386232.0,1386210,1386232.0,,,,3564,1386232000	ID:7	[INFO: Metric    ] METRIC_TX type=REAL node=7 seq=137 bytes=48 time_ms=1386210
TX,DUMMY,7,,43,48,1386233.0,1386211,1386233.0,,,,3565,1386233000	ID:7	[INFO: Metric    ] METRIC_TX type=DUMMY node=7 seq=43 bytes=48 time_ms=1386211
TX,REAL,5,,135,48,1386236.0,1385266,1386236.0,,,,3566,1386236000	ID:5	[INFO: Metric    ] METRIC_TX type=REAL node=5 seq=135 bytes=48 time_ms=1385266
RX,REAL,,7,137,48,1386240.88,1385809,1386240.88,1386210,1385809,8.879999999888241,3567,1386240880	ID:1	[INFO: Metric    ] METRIC_RX type=REAL src=7 seq=137 send_ms=1386210 recv_ms=1385809 bytes=48
RX,DUMMY,,7,43,48,1386284.88,1385853,1386284.88,1386211,1385853,,3568,1386284880	ID:1	[INFO: Metric    ] METRIC_RX type=DUMMY src=7 seq=43 send_ms=1386211 recv_ms=1385853 bytes=48
RX,REAL,,5,135,48,1386343.168,1385912,1386343.168,1385266,1385912,107.16800000006333,3571,1386343168	ID:1	[INFO: Metric    ] METRIC_RX type=REAL src=5 seq=135 send_ms=1385266 recv_ms=1385912 bytes=48
TX,REAL,6,,136,48,1387004.0,1386916,1387004.0,,,,3573,1387004000	ID:6	[INFO: Metric    ] METRIC_TX type=REAL node=6 seq=136 bytes=48 time_ms=1386916
RX,REAL,,6,136,48,1387041.88,1386610,1387041.88,1386916,1386610,37.87999999988824,3574,1387041880	ID:1	[INFO: Metric    ] METRIC_RX type=REAL src=6 seq=136 send_ms=1386916 recv_ms=1386610 bytes=48
TX,REAL,3,,137,48,1387156.0,1386944,1387156.0,,,,3576,1387156000	ID:3	[INFO: Metric    ] METRIC_TX type=REAL node=3 seq=137 bytes=48 time_ms=1386944
TX,DUMMY,3,,43,48,1387157.0,1386945,1387157.0,,,,3577,1387157000	ID:3	[INFO: Metric    ] METRIC_TX type=DUMMY node=3 seq=43 bytes=48 time_ms=1386945
RX,REAL,,3,137,48,1387208.304,1386777,1387208.304,1386944,1386777,52.304000000003725,3578,1387208304	ID:1	[INFO: Metric    ] METRIC_RX type=REAL src=3 seq=137 send_ms=1386944 recv_ms=1386777 bytes=48
RX,DUMMY,,3,43,48,1387282.168,1386851,1387282.168,1386945,1386851,,3579,1387282168	ID:1	[INFO: Metric    ] METRIC_RX type=DUMMY src=3 seq=43 send_ms=1386945 recv_ms=1386851 bytes=48
TX,REAL,4,,135,48,1392246.0,1391297,1392246.0,,,,3582,1392246000	ID:4	[INFO: Metric    ] METRIC_TX type=REAL node=4 seq=135 bytes=48 time_ms=1391297
RX,REAL,,4,135,48,1392288.168,1391857,1392288.168,1391297,1391857,42.16800000006333,3583,1392288168	ID:1	[INFO: Metric    ] METRIC_RX type=REAL src=4 seq=135 send_ms=1391297 recv_ms=1391857 bytes=48
TX,REAL,2,,139,48,1392546.0,1392153,1392546.0,,,,3585,1392546000	ID:2	[INFO: Metric    ] METRIC_TX type=REAL node=2 seq=139 bytes=48 time_ms=1392153
RX,REAL,,2,139,48,1392559.88,1392128,1392559.88,1392153,1392128,13.879999999888241,3586,1392559880	ID:1	[INFO: Metric    ] METRIC_RX type=REAL src=2 seq=139 send_ms=1392153 recv_ms=1392128 bytes=48
TX,REAL,6,,137,48,1395005.0,1394917,1395005.0,,,,3588,1395005000	ID:6	[INFO: Metric    ] METRIC_TX type=REAL node=6 seq=137 bytes=48 time_ms=1394917
RX,REAL,,6,137,48,1395030.88,1394599,1395030.88,1394917,1394599,25.87999999988824,3589,1395030880	ID:1	[INFO: Metric    ] METRIC_RX type=REAL src=6 seq=137 send_ms=1394917 recv_ms=1394599 bytes=48
TX,REAL,5,,136,48,1395237.0,1394267,1395237.0,,,,3592,1395237000	ID:5	[INFO: Metric    ] METRIC_TX type=REAL node=5 seq=136 bytes=48 time_ms=1394267
TX,DUMMY,5,,47,48,1395238.0,1394268,1395238.0,,,,3593,1395238000	ID:5	[INFO: Metric    ] METRIC_TX type=DUMMY node=5 seq=47 bytes=48 time_ms=1394268
RX,REAL,,5,136,48,1395316.168,1394885,1395316.168,1394267,1394885,79.16800000006333,3594,1395316168	ID:1	[INFO: Metric    ] METRIC_RX type=REAL src=5 seq=136 send_ms=1394267 recv_ms=1394885 bytes=48
RX,DUMMY,,5,47,48,1395336.304,1394905,1395336.304,1394268,1394905,,3595,1395336304	ID:1	[INFO: Metric    ] METRIC_RX type=DUMMY src=5 seq=47 send_ms=1394268 recv_ms=1394905 bytes=48
TX,REAL,3,,138,48,1398158.0,1397946,1398158.0,,,,3598,1398158000	ID:3	[INFO: Metric    ] METRIC_TX type=REAL node=3 seq=138 bytes=48 time_ms=1397946
RX,REAL,,3,138,48,1398209.168,1397778,1398209.168,1397946,1397778,51.16800000006333,3599,1398209168	ID:1	[INFO: Metric    ] METRIC_RX type=REAL src=3 seq=138 send_ms=1397946 recv_ms=1397778 bytes=48
TX,REAL,7,,138,48,1398233.04,1398212,1398233.04,,,,3600,1398233040	ID:7	[INFO: Metric    ] METRIC_TX type=REAL node=7 seq=138 bytes=48 time_ms=1398212
TX,DUMMY,7,,44,48,1398234.04,1398212,1398234.04,,,,3601,1398234040	ID:7	[INFO: Metric    ] METRIC_TX type=DUMMY node=7 seq=44 bytes=48 time_ms=1398212
RX,REAL,,7,138,48,1398282.88,1397851,1398282.88,1398212,1397851,49.83999999985099,3603,1398282880	ID:1	[INFO: Metric    ] METRIC_RX type=REAL src=7 seq=138 send_ms=1398212 recv_ms=1397851 bytes=48
RX,DUMMY,,7,44,48,1398295.88,1397864,1398295.88,1398212,1397864,,3604,1398295880	ID:1	[INFO: Metric    ] METRIC_RX type=DUMMY src=7 seq=44 send_ms=1398212 recv_ms=1397864 bytes=48
TX,REAL,2,,140,48,1401547.0,1401154,1401547.0,,,,3609,1401547000	ID:2	[INFO: Metric    ] METRIC_TX type=REAL node=2 seq=140 bytes=48 time_ms=1401154
RX,REAL,,2,140,48,1401552.88,1401121,1401552.88,1401154,1401121,5.879999999888241,3610,1401552880	ID:1	[INFO: Metric    ] METRIC_RX type=REAL src=2 seq=140 send_ms=1401154 recv_ms=1401121 bytes=48
TX,REAL,4,,136,48,1403247.0,1402298,1403247.0,,,,3612,1403247000	ID:4	[INFO: Metric    ] METRIC_TX type=REAL node=4 seq=136 bytes=48 time_ms=1402298
RX,REAL,,4,136,48,1403268.304,1402837,1403268.304,1402298,1402837,21.304000000003725,3613,1403268304	ID:1	[INFO: Metric    ] METRIC_RX type=REAL src=4 seq=136 send_ms=1402298 recv_ms=1402837 bytes=48
TX,REAL,5,,137,48,1404239.0,1403269,1404239.0,,,,3615,1404239000	ID:5	[INFO: Metric    ] METRIC_TX type=REAL node=5 seq=137 bytes=48 time_ms=1403269
TX,DUMMY,5,,48,48,1404240.0,1403270,1404240.0,,,,3616,1404240000	ID:5	[INFO: Metric    ] METRIC_TX type=DUMMY node=5 seq=48 bytes=48 time_ms=1403270
RX,REAL,,5,137,48,1404264.304,1403833,1404264.304,1403269,1403833,25.304000000003725,3617,1404264304	ID:1	[INFO: Metric    ] METRIC_RX type=REAL src=5 seq=137 send_ms=1403269 recv_ms=1403833 bytes=48
RX,DUMMY,,5,48,48,1404358.168,1403927,1404358.168,1403270,1403927,,3619,1404358168	ID:1	[INFO: Metric    ] METRIC_RX type=DUMMY src=5 seq=48 send_ms=1403270 recv_ms=1403927 bytes=48
TX,REAL,6,,138,48,1405006.0,1404918,1405006.0,,,,3621,1405006000	ID:6	[INFO: Metric    ] METRIC_TX type=REAL node=6 seq=138 bytes=48 time_ms=1404918
RX,REAL,,6,138,48,1405031.88,1404600,1405031.88,1404918,1404600,25.87999999988824,3622,1405031880	ID:1	[INFO: Metric    ] METRIC_RX type=REAL src=6 seq=138 send_ms=1404918 recv_ms=1404600 bytes=48
TX,REAL,3,,139,48,1410159.0,1409947,1410159.0,,,,3625,1410159000	ID:3	[INFO: Metric    ] METRIC_TX type=REAL node=3 seq=139 bytes=48 time_ms=1409947
RX,REAL,,3,139,48,1410188.168,1409757,1410188.168,1409947,1409757,29.16800000006333,3626,1410188168	ID:1	[INFO: Metric    ] METRIC_RX type=REAL src=3 seq=139 send_ms=1409947 recv_ms=1409757 bytes=48
TX,REAL,7,,139,48,1410235.0,1410213,1410235.0,,,,3627,1410235000	ID:7	[INFO: Metric    ] METRIC_TX type=REAL node=7 seq=139 bytes=48 time_ms=1410213
TX,DUMMY,7,,45,48,1410236.0,1410214,1410236.0,,,,3628,1410236000	ID:7	[INFO: Metric    ] METRIC_TX type=DUMMY node=7 seq=45 bytes=48 time_ms=1410214
RX,REAL,,7,139,48,1410244.88,1409813,1410244.88,1410213,1409813,9.879999999888241,3629,1410244880	ID:1	[INFO: Metric    ] METRIC_RX type=REAL src=7 seq=139 send_ms=1410213 recv_ms=1409813 bytes=48
RX,DUMMY,,7,45,48,1410325.88,1409894,1410325.88,1410214,1409894,,3632,1410325880	ID:1	[INFO: Metric    ] METRIC_RX type=DUMMY src=7 seq=45 send_ms=1410214 recv_ms=1409894 bytes=48
TX,REAL,2,,141,48,1410548.0,1410155,1410548.0,,,,3634,1410548000	ID:2	[INFO: Metric    ] METRIC_TX type=REAL node=2 seq=141 bytes=48 time_ms=1410155
RX,REAL,,2,141,48,1410583.88,1410152,1410583.88,1410155,1410152,35.87999999988824,3635,1410583880	ID:1	[INFO: Metric    ] METRIC_RX type=REAL src=2 seq=141 send_ms=1410155 recv_ms=1410152 bytes=48
TX,REAL,4,,137,48,1411248.0,1410299,1411248.0,,,,3637,1411248000	ID:4	[INFO: Metric    ] METRIC_TX type=REAL node=4 seq=137 bytes=48 time_ms=1410299
RX,REAL,,4,137,48,1411307.168,1410876,1411307.168,1410299,1410876,59.16800000006333,3638,1411307168	ID:1	[INFO: Metric    ] METRIC_RX type=REAL src=4 seq=137 send_ms=1410299 recv_ms=1410876 bytes=48
TX,REAL,5,,138,48,1412241.0,1411271,1412241.0,,,,3640,1412241000	ID:5	[INFO: Metric    ] METRIC_TX type=REAL node=5 seq=138 bytes=48 time_ms=1411271
RX,REAL,,5,138,48,1412276.168,1411845,1412276.168,1411271,1411845,35.16800000006333,3641,1412276168	ID:1	[INFO: Metric    ] METRIC_RX type=REAL src=5 seq=138 send_ms=1411271 recv_ms=1411845 bytes=48
TX,REAL,6,,139,48,1416007.0,1415919,1416007.0,,,,3643,1416007000	ID:6	[INFO: Metric    ] METRIC_TX type=REAL node=6 seq=139 bytes=48 time_ms=1415919
RX,REAL,,6,139,48,1416029.88,1415598,1416029.88,1415919,1415598,22.87999999988824,3644,1416029880	ID:1	[INFO: Metric    ] METRIC_RX type=REAL src=6 seq=139 send_ms=1415919 recv_ms=1415598 bytes=48
TX,REAL,2,,142,48,1418549.0,1418156,1418549.0,,,,3646,1418549000	ID:2	[INFO: Metric    ] METRIC_TX type=REAL node=2 seq=142 bytes=48 time_ms=1418156
TX,DUMMY,2,,38,48,1418550.0,1418157,1418550.0,,,,3647,1418550000	ID:2	[INFO: Metric    ] METRIC_TX type=DUMMY node=2 seq=38 bytes=48 time_ms=1418157
RX,REAL,,2,142,48,1418577.88,1418146,1418577.88,1418156,1418146,28.87999999988824,3648,1418577880	ID:1	[INFO: Metric    ] METRIC_RX type=REAL src=2 seq=142 send_ms=1418156 recv_ms=1418146 bytes=48
RX,DUMMY,,2,38,48,1418611.88,1418180,1418611.88,1418157,1418180,,3650,1418611880	ID:1	[INFO: Metric    ] METRIC_RX type=DUMMY src=2 seq=38 send_ms=1418157 recv_ms=1418180 bytes=48
TX,REAL,7,,140,48,1421237.0,1421215,1421237.0,,,,3654,1421237000	ID:7	[INFO: Metric    ] METRIC_TX type=REAL node=7 seq=140 bytes=48 time_ms=1421215
RX,REAL,,7,140,48,1421247.88,1420816,1421247.88,1421215,1420816,10.879999999888241,3655,1421247880	ID:1	[INFO: Metric    ] METRIC_RX type=REAL src=7 seq=140 send_ms=1421215 recv_ms=1420816 bytes=48
TX,REAL,3,,140,48,1422160.0,1421948,1422160.0,,,,3660,1422160000	ID:3	[INFO: Metric    ] METRIC_TX type=REAL node=3 seq=140 bytes=48 time_ms=1421948
TX,DUMMY,3,,44,48,1422161.0,1421949,1422161.0,,,,3661,1422161000	ID:3	[INFO: Metric    ] METRIC_TX type=DUMMY node=3 seq=44 bytes=48 time_ms=1421949
RX,REAL,,3,140,48,1422242.168,1421811,1422242.168,1421948,1421811,82.16800000006333,3662,1422242168	ID:1	[INFO: Metric    ] METRIC_RX type=REAL src=3 seq=140 send_ms=1421948 recv_ms=1421811 bytes=48
TX,REAL,4,,138,48,1422249.0,1421300,1422249.0,,,,3663,1422249000	ID:4	[INFO: Metric    ] METRIC_TX type=REAL node=4 seq=138 bytes=48 time_ms=1421300
RX,DUMMY,,3,44,48,1422252.168,1421821,1422252.168,1421949,1421821,,3664,1422252168	ID:1	[INFO: Metric    ] METRIC_RX type=DUMMY src=3 seq=44 send_ms=1421949 recv_ms=1421821 bytes=48
RX,REAL,,4,138,48,1422336.168,1421905,1422336.168,1421300,1421905,87.16800000006333,3666,1422336168	ID:1	[INFO: Metric    ] METRIC_RX type=REAL src=4 seq=138 send_ms=1421300 recv_ms=1421905 bytes=48
TX,REAL,5,,139,48,1423242.0,1422272,1423242.0,,,,3669,1423242000	ID:5	[INFO: Metric    ] METRIC_TX type=REAL node=5 seq=139 bytes=48 time_ms=1422272
RX,REAL,,5,139,48,1423266.168,1422835,1423266.168,1422272,1422835,24.16800000006333,3670,1423266168	ID:1	[INFO: Metric    ] METRIC_RX type=REAL src=5 seq=139 send_ms=1422272 recv_ms=1422835 bytes=48
TX,REAL,6,,140,48,1425008.0,1424920,1425008.0,,,,3674,1425008000	ID:6	[INFO: Metric    ] METRIC_TX type=REAL node=6 seq=140 bytes=48 time_ms=1424920
RX,REAL,,6,140,48,1425047.88,1424616,1425047.88,1424920,1424616,39.87999999988824,3675,1425047880	ID:1	[INFO: Metric    ] METRIC_RX type=REAL src=6 seq=140 send_ms=1424920 recv_ms=1424616 bytes=48
TX,REAL,7,,141,48,1429238.0,1429216,1429238.0,,,,3677,1429238000	ID:7	[INFO: Metric    ] METRIC_TX type=REAL node=7 seq=141 bytes=48 time_ms=1429216
TX,DUMMY,7,,46,48,1429239.0,1429217,1429239.0,,,,3678,1429239000	ID:7	[INFO: Metric    ] METRIC_TX type=DUMMY node=7 seq=46 bytes=48 time_ms=1429217
RX,REAL,,7,141,48,1429264.88,1428833,1429264.88,1429216,1428833,26.87999999988824,3679,1429264880	ID:1	[INFO: Metric    ] METRIC_RX type=REAL src=7 seq=141 send_ms=1429216 recv_ms=1428833 bytes=48
RX,DUMMY,,7,46,48,1429310.88,1428879,1429310.88,1429217,1428879,,3680,1429310880	ID:1	[INFO: Metric    ] METRIC_RX type=DUMMY src=7 seq=46 send_ms=1429217 recv_ms=1428879 bytes=48
TX,REAL,3,,141,48,1430162.0,1429950,1430162.0,,,,3683,1430162000	ID:3	[INFO: Metric    ] METRIC_TX type=REAL node=3 seq=141 bytes=48 time_ms=1429950
TX,DUMMY,3,,45,48,1430163.0,1429951,1430163.0,,,,3684,1430163000	ID:3	[INFO: Metric    ] METRIC_TX type=DUMMY node=3 seq=45 bytes=48 time_ms=1429951
RX,REAL,,3,141,48,1430193.168,1429762,1430193.168,1429950,1429762,31.16800000006333,3685,1430193168	ID:1	[INFO: Metric    ] METRIC_RX type=REAL src=3 seq=141 send_ms=1429950 recv_ms=1429762 bytes=48
TX,REAL,4,,139,48,1430250.0,1429301,1430250.0,,,,3687,1430250000	ID:4	[INFO: Metric    ] METRIC_TX type=REAL node=4 seq=139 bytes=48 time_ms=1429301
RX,REAL,,4,139,48,1430322.168,1429891,1430322.168,1429301,1429891,72.16800000006333,3688,1430322168	ID:1	[INFO: Metric    ] METRIC_RX type=REAL src=4 seq=139 send_ms=1429301 recv_ms=1429891 bytes=48
RX,DUMMY,,3,45,48,1430399.168,1429968,1430399.168,1429951,1429968,,3690,1430399168	ID:1	[INFO: Metric    ] METRIC_RX type=DUMMY src=3 seq=45 send_ms=1429951 recv_ms=1429968 bytes=48
TX,REAL,2,,143,48,1430551.0,1430158,1430551.0,,,,3693,1430551000	ID:2	[INFO: Metric    ] METRIC_TX type=REAL node=2 seq=143 bytes=48 time_ms=1430158
RX,REAL,,2,143,48,1430572.88,1430141,1430572.88,1430158,1430141,21.87999999988824,3694,1430572880	ID:1	[INFO: Metric    ] METRIC_RX type=REAL src=2 seq=143 send_ms=1430158 recv_ms=1430141 bytes=48
TX,REAL,5,,140,48,1433243.0,1432273,1433243.0,,,,3698,1433243000	ID:5	[INFO: Metric    ] METRIC_TX type=REAL node=5 seq=140 bytes=48 time_ms=1432273
RX,REAL,,5,140,48,1433294.168,1432863,1433294.168,1432273,1432863,51.16800000006333,3699,1433294168	ID:1	[INFO: Metric    ] METRIC_RX type=REAL src=5 seq=140 send_ms=1432273 recv_ms=1432863 bytes=48
TX,REAL,6,,141,48,1436009.0,1435921,1436009.0,,,,3701,1436009000	ID:6	[INFO: Metric    ] METRIC_TX type=REAL node=6 seq=141 bytes=48 time_ms=1435921
TX,DUMMY,6,,42,48,1436010.0,1435922,1436010.0,,,,3702,1436010000	ID:6	[INFO: Metric    ] METRIC_TX type=DUMMY node=6 seq=42 bytes=48 time_ms=1435922
RX,REAL,,6,141,48,1436017.88,1435586,1436017.88,1435921,1435586,8.879999999888241,3703,1436017880	ID:1	[INFO: Metric    ] METRIC_RX type=REAL src=6 seq=141 send_ms=1435921 recv_ms=1435586 bytes=48
RX,DUMMY,,6,42,48,1436048.88,1435617,1436048.88,1435922,1435617,,3705,1436048880	ID:1	[INFO: Metric    ] METRIC_RX type=DUMMY src=6 seq=42 send_ms=1435922 recv_ms=1435617 bytes=48
TX,REAL,7,,142,48,1437240.0,1437218,1437240.0,,,,3707,1437240000	ID:7	[INFO: Metric    ] METRIC_TX type=REAL node=7 seq=142 bytes=48 time_ms=1437218
RX,REAL,,7,142,48,1437245.88,1436814,1437245.88,1437218,1436814,5.879999999888241,3708,1437245880	ID:1	[INFO: Metric    ] METRIC_RX type=REAL src=7 seq=142 send_ms=1437218 recv_ms=1436814 bytes=48
TX,REAL,3,,142,48,1439164.0,1438952,1439164.0,,,,3710,1439164000	ID:3	[INFO: Metric    ] METRIC_TX type=REAL node=3 seq=142 bytes=48 time_ms=1438952
RX,REAL,,3,142,48,1439222.168,1438791,1439222.168,1438952,1438791,58.16800000006333,3711,1439222168	ID:1	[INFO: Metric    ] METRIC_RX type=REAL src=3 seq=142 send_ms=1438952 recv_ms=1438791 bytes=48
TX,REAL,4,,140,48,1440251.0,1439302,1440251.0,,,,3715,1440251000	ID:4	[INFO: Metric    ] METRIC_TX type=REAL node=4 seq=140 bytes=48 time_ms=1439302
TX,DUMMY,4,,39,48,1440252.0,1439303,1440252.0,,,,3716,1440252000	ID:4	[INFO: Metric    ] METRIC_TX type=DUMMY node=4 seq=39 bytes=48 time_ms=1439303
RX,REAL,,4,140,48,1440320.168,1439889,1440320.168,1439302,1439889,69.16800000006333,3717,1440320168	ID:1	[INFO: Metric    ] METRIC_RX type=REAL src=4 seq=140 send_ms=1439302 recv_ms=1439889 bytes=48
RX,DUMMY,,4,39,48,1440371.592,1439940,1440371.592,1439303,1439940,,3719,1440371592	ID:1	[INFO: Metric    ] METRIC_RX type=DUMMY src=4 seq=39 send_ms=1439303 recv_ms=1439940 bytes=48
TX,REAL,2,,144,48,1440552.0,1440159,1440552.0,,,,3721,1440552000	ID:2	[INFO: Metric    ] METRIC_TX type=REAL node=2 seq=144 bytes=48 time_ms=1440159
RX,REAL,,2,144,48,1440585.88,1440154,1440585.88,1440159,1440154,33.87999999988824,3722,1440585880	ID:1	[INFO: Metric    ] METRIC_RX type=REAL src=2 seq=144 send_ms=1440159 recv_ms=1440154 bytes=48
TX,REAL,5,,141,48,1444244.0,1443274,1444244.0,,,,3724,1444244000	ID:5	[INFO: Metric    ] METRIC_TX type=REAL node=5 seq=141 bytes=48 time_ms=1443274
TX,DUMMY,5,,49,48,1444245.0,1443275,1444245.0,,,,3725,1444245000	ID:5	[INFO: Metric    ] METRIC_TX type=DUMMY node=5 seq=49 bytes=48 time_ms=1443275
RX,REAL,,5,141,48,1444267.304,1443836,1444267.304,1443274,1443836,23.304000000003725,3726,1444267304	ID:1	[INFO: Metric    ] METRIC_RX type=REAL src=5 seq=141 send_ms=1443274 recv_ms=1443836 bytes=48
RX,DUMMY,,5,49,48,1444471.168,1444040,1444471.168,1443275,1444040,,3729,1444471168	ID:1	[INFO: Metric    ] METRIC_RX type=DUMMY src=5 seq=49 send_ms=1443275 recv_ms=1444040 bytes=48
TX,REAL,6,,142,48,1445011.0,1444923,1445011.0,,,,3731,1445011000	ID:6	[INFO: Metric    ] METRIC_TX type=REAL node=6 seq=142 bytes=48 time_ms=1444923
RX,REAL,,6,142,48,1445050.88,1444619,1445050.88,1444923,1444619,39.87999999988824,3732,1445050880	ID:1	[INFO: Metric    ] METRIC_RX type=REAL src=6 seq=142 send_ms=1444923 recv_ms=1444619 bytes=48
TX,REAL,7,,143,48,1447241.0,1447219,1447241.0,,,,3734,1447241000	ID:7	[INFO: Metric    ] METRIC_TX type=REAL node=7 seq=143 bytes=48 time_ms=1447219
RX,REAL,,7,143,48,1447246.88,1446815,1447246.88,1447219,1446815,5.879999999888241,3735,1447246880	ID:1	[INFO: Metric    ] METRIC_RX type=REAL src=7 seq=143 send_ms=1447219 recv_ms=1446815 bytes=48
TX,REAL,3,,143,48,1448165.0,1447953,1448165.0,,,,3737,1448165000	ID:3	[INFO: Metric    ] METRIC_TX type=REAL node=3 seq=143 bytes=48 time_ms=1447953
RX,REAL,,3,143,48,1448238.168,1447807,1448238.168,1447953,1447807,73.16800000006333,3738,1448238168	ID:1	[INFO: Metric    ] METRIC_RX type=REAL src=3 seq=143 send_ms=1447953 recv_ms=1447807 bytes=48
TX,REAL,2,,145,48,1448553.0,1448160,1448553.0,,,,3740,1448553000	ID:2	[INFO: Metric    ] METRIC_TX type=REAL node=2 seq=145 bytes=48 time_ms=1448160
RX,REAL,,2,145,48,1448572.88,1448141,1448572.88,1448160,1448141,19.87999999988824,3741,1448572880	ID:1	[INFO: Metric    ] METRIC_RX type=REAL src=2 seq=145 send_ms=1448160 recv_ms=1448141 bytes=48
TX,REAL,4,,141,48,1449253.0,1448304,1449253.0,,,,3743,1449253000	ID:4	[INFO: Metric    ] METRIC_TX type=REAL node=4 seq=141 bytes=48 time_ms=1448304
RX,REAL,,4,141,48,1449276.168,1448845,1449276.168,1448304,1448845,23.16800000006333,3744,1449276168	ID:1	[INFO: Metric    ] METRIC_RX type=REAL src=4 seq=141 send_ms=1448304 recv_ms=1448845 bytes=48
TX,REAL,5,,142,48,1453246.0,1452276,1453246.0,,,,3746,1453246000	ID:5	[INFO: Metric    ] METRIC_TX type=REAL node=5 seq=142 bytes=48 time_ms=1452276
RX,REAL,,5,142,48,1453307.168,1452876,1453307.168,1452276,1452876,61.16800000006333,3747,1453307168	ID:1	[INFO: Metric    ] METRIC_RX type=REAL src=5 seq=142 send_ms=1452276 recv_ms=1452876 bytes=48
TX,REAL,6,,143,48,1455012.0,1454924,1455012.0,,,,3749,1455012000	ID:6	[INFO: Metric    ] METRIC_TX type=REAL node=6 seq=143 bytes=48 time_ms=1454924
RX,REAL,,6,143,48,1455037.88,1454606,1455037.88,1454924,1454606,25.87999999988824,3750,1455037880	ID:1	[INFO: Metric    ] METRIC_RX type=REAL src=6 seq=143 send_ms=1454924 recv_ms=1454606 bytes=48
TX,REAL,7,,144,48,1456242.0,1456220,1456242.0,,,,3752,1456242000	ID:7	[INFO: Metric    ] METRIC_TX type=REAL node=7 seq=144 bytes=48 time_ms=1456220
RX,REAL,,7,144,48,1456248.88,1455817,1456248.88,1456220,1455817,6.879999999888241,3753,1456248880	ID:1	[INFO: Metric    ] METRIC_RX type=REAL src=7 seq=144 send_ms=1456220 recv_ms=1455817 bytes=48
TX,REAL,2,,146,48,1458554.0,1458161,1458554.0,,,,3755,1458554000	ID:2	[INFO: Metric    ] METRIC_TX type=REAL node=2 seq=146 bytes=48 time_ms=1458161
RX,REAL,,2,146,48,1458561.88,1458130,1458561.88,1458161,1458130,7.879999999888241,3756,1458561880	ID:1	[INFO: Metric    ] METRIC_RX type=REAL src=2 seq=146 send_ms=1458161 recv_ms=1458130 bytes=48
TX,REAL,3,,144,48,1459166.0,1458954,1459166.0,,,,3759,1459166000	ID:3	[INFO: Metric    ] METRIC_TX type=REAL node=3 seq=144 bytes=48 time_ms=1458954
RX,REAL,,3,144,48,1459181.168,1458750,1459181.168,1458954,1458750,15.16800000006333,3760,1459181168	ID:1	[INFO: Metric    ] METRIC_RX type=REAL src=3 seq=144 send_ms=1458954 recv_ms=1458750 bytes=48
TX,REAL,4,,142,48,1461254.0,1460305,1461254.0,,,,3762,1461254000	ID:4	[INFO: Metric    ] METRIC_TX type=REAL node=4 seq=142 bytes=48 time_ms=1460305
RX,REAL,,4,142,48,1461319.168,1460888,1461319.168,1460305,1460888,65.16800000006333,3763,1461319168	ID:1	[INFO: Metric    ] METRIC_RX type=REAL src=4 seq=142 send_ms=1460305 recv_ms=1460888 bytes=48
TX,REAL,5,,143,48,1463247.0,1462277,1463247.0,,,,3765,1463247000	ID:5	[INFO: Metric    ] METRIC_TX type=REAL node=5 seq=143 bytes=48 time_ms=1462277
TX,DUMMY,5,,50,48,1463248.0,1462278,1463248.0,,,,3766,1463248000	ID:5	[INFO: Metric    ] METRIC_TX type=DUMMY node=5 seq=50 bytes=48 time_ms=1462278
RX,REAL,,5,143,48,1463319.168,1462888,1463319.168,1462277,1462888,72.16800000006333,3767,1463319168	ID:1	[INFO: Metric    ] METRIC_RX type=REAL src=5 seq=143 send_ms=1462277 recv_ms=1462888 bytes=48
RX,DUMMY,,5,50,48,1463383.168,1462952,1463383.168,1462278,1462952,,3769,1463383168	ID:1	[INFO: Metric    ] METRIC_RX type=DUMMY src=5 seq=50 send_ms=1462278 recv_ms=1462952 bytes=48
TX,REAL,6,,144,48,1466013.0,1465925,1466013.0,,,,3771,1466013000	ID:6	[INFO: Metric    ] METRIC_TX type=REAL node=6 seq=144 bytes=48 time_ms=1465925
TX,DUMMY,6,,43,48,1466014.0,1465926,1466014.0,,,,3772,1466014000	ID:6	[INFO: Metric    ] METRIC_TX type=DUMMY node=6 seq=43 bytes=48 time_ms=1465926
RX,REAL,,6,144,48,1466045.88,1465614,1466045.88,1465925,1465614,32.87999999988824,3773,1466045880	ID:1	[INFO: Metric    ] METRIC_RX type=REAL src=6 seq=144 send_ms=1465925 recv_ms=1465614 bytes=48
RX,DUMMY,,6,43,48,1466161.88,1465730,1466161.88,1465926,1465730,,3775,1466161880	ID:1	[INFO: Metric    ] METRIC_RX type=DUMMY src=6 seq=43 send_ms=1465926 recv_ms=1465730 bytes=48
TX,REAL,7,,145,48,1468243.0,1468221,1468243.0,,,,3777,1468243000	ID:7	[INFO: Metric    ] METRIC_TX type=REAL node=7 seq=145 bytes=48 time_ms=1468221
TX,DUMMY,7,,47,48,1468244.0,1468222,1468244.0,,,,3778,1468244000	ID:7	[INFO: Metric    ] METRIC_TX type=DUMMY node=7 seq=47 bytes=48 time_ms=1468222
RX,REAL,,7,145,48,1468281.88,1467850,1468281.88,1468221,1467850,38.87999999988824,3779,1468281880	ID:1	[INFO: Metric    ] METRIC_RX type=REAL src=7 seq=145 send_ms=1468221 recv_ms=1467850 bytes=48
RX,DUMMY,,7,47,48,1468314.88,1467883,1468314.88,1468222,1467883,,3780,1468314880	ID:1	[INFO: Metric    ] METRIC_RX type=DUMMY src=7 seq=47 send_ms=1468222 recv_ms=1467883 bytes=48
TX,REAL,3,,145,48,1469167.0,1468955,1469167.0,,,,3783,1469167000	ID:3	[INFO: Metric    ] METRIC_TX type=REAL node=3 seq=145 bytes=48 time_ms=1468955
RX,REAL,,3,145,48,1469241.168,1468810,1469241.168,1468955,1468810,74.16800000006333,3784,1469241168	ID:1	[INFO: Metric    ] METRIC_RX type=REAL src=3 seq=145 send_ms=1468955 recv_ms=1468810 bytes=48
TX,REAL,2,,147,48,1470555.0,1470162,1470555.0,,,,3786,1470555000	ID:2	[INFO: Metric    ] METRIC_TX type=REAL node=2 seq=147 bytes=48 time_ms=1470162
TX,DUMMY,2,,39,48,1470556.0,1470163,1470556.0,,,,3787,1470556000	ID:2	[INFO: Metric    ] METRIC_TX type=DUMMY node=2 seq=39 bytes=48 time_ms=1470163
RX,REAL,,2,147,48,1470589.88,1470158,1470589.88,1470162,1470158,34.87999999988824,3788,1470589880	ID:1	[INFO: Metric    ] METRIC_RX type=REAL src=2 seq=147 send_ms=1470162 recv_ms=1470158 bytes=48
RX,DUMMY,,2,39,48,1470616.88,1470185,1470616.88,1470163,1470185,,3790,1470616880	ID:1	[INFO: Metric    ] METRIC_RX type=DUMMY src=2 seq=39 send_ms=1470163 recv_ms=1470185 bytes=48
TX,REAL,5,,144,48,1472249.0,1471279,1472249.0,,,,3793,1472249000	ID:5	[INFO: Metric    ] METRIC_TX type=REAL node=5 seq=144 bytes=48 time_ms=1471279
RX,REAL,,5,144,48,1472319.168,1471888,1472319.168,1471279,1471888,70.16800000006333,3794,1472319168	ID:1	[INFO: Metric    ] METRIC_RX type=REAL src=5 seq=144 send_ms=1471279 recv_ms=1471888 bytes=48
TX,REAL,4,,143,48,1473255.0,1472306,1473255.0,,,,3796,1473255000	ID:4	[INFO: Metric    ] METRIC_TX type=REAL node=4 seq=143 bytes=48 time_ms=1472306
TX,DUMMY,4,,40,48,1473256.0,1472307,1473256.0,,,,3797,1473256000	ID:4	[INFO: Metric    ] METRIC_TX type=DUMMY node=4 seq=40 bytes=48 time_ms=1472307
RX,REAL,,4,143,48,1473307.304,1472876,1473307.304,1472306,1472876,52.304000000003725,3798,1473307304	ID:1	[INFO: Metric    ] METRIC_RX type=REAL src=4 seq=143 send_ms=1472306 recv_ms=1472876 bytes=48
RX,DUMMY,,4,40,48,1473425.168,1472994,1473425.168,1472307,1472994,,3800,1473425168	ID:1	[INFO: Metric    ] METRIC_RX type=DUMMY src=4 seq=40 send_ms=1472307 recv_ms=1472994 bytes=48
TX,REAL,6,,145,48,1477015.0,1476927,1477015.0,,,,3802,1477015000	ID:6	[INFO: Metric    ] METRIC_TX type=REAL node=6 seq=145 bytes=48 time_ms=1476927
TX,DUMMY,6,,44,48,1477016.0,1476928,1477016.0,,,,3803,1477016000	ID:6	[INFO: Metric    ] METRIC_TX type=DUMMY node=6 seq=44 bytes=48 time_ms=1476928
RX,REAL,,6,145,48,1477056.88,1476625,1477056.88,1476927,1476625,41.87999999988824,3804,1477056880	ID:1	[INFO: Metric    ] METRIC_RX type=REAL src=6 seq=145 send_ms=1476927 recv_ms=1476625 bytes=48
RX,DUMMY,,6,44,48,1477062.88,1476631,1477062.88,1476928,1476631,,3805,1477062880	ID:1	[INFO: Metric    ] METRIC_RX type=DUMMY src=6 seq=44 send_ms=1476928 recv_ms=1476631 bytes=48
TX,REAL,7,,146,48,1477245.0,1477223,1477245.0,,,,3808,1477245000	ID:7	[INFO: Metric    ] METRIC_TX type=REAL node=7 seq=146 bytes=48 time_ms=1477223
RX,REAL,,7,146,48,1477255.88,1476824,1477255.88,1477223,1476824,10.879999999888241,3809,1477255880	ID:1	[INFO: Metric    ] METRIC_RX type=REAL src=7 seq=146 send_ms=1477223 recv_ms=1476824 bytes=48
TX,REAL,3,,146,48,1479168.0,1478956,1479168.0,,,,3811,1479168000	ID:3	[INFO: Metric    ] METRIC_TX type=REAL node=3 seq=146 bytes=48 time_ms=1478956
TX,DUMMY,3,,46,48,1479169.0,1478957,1479169.0,,,,3812,1479169000	ID:3	[INFO: Metric    ] METRIC_TX type=DUMMY node=3 seq=46 bytes=48 time_ms=1478957
RX,REAL,,3,146,48,1479228.168,1478797,1479228.168,1478956,1478797,60.16800000006333,3813,1479228168	ID:1	[INFO: Metric    ] METRIC_RX type=REAL src=3 seq=146 send_ms=1478956 recv_ms=1478797 bytes=48
RX,DUMMY,,3,46,48,1479330.168,1478899,1479330.168,1478957,1478899,,3815,1479330168	ID:1	[INFO: Metric    ] METRIC_RX type=DUMMY src=3 seq=46 send_ms=1478957 recv_ms=1478899 bytes=48
TX,REAL,2,,148,48,1481557.0,1481164,1481557.0,,,,3817,1481557000	ID:2	[INFO: Metric    ] METRIC_TX type=REAL node=2 seq=148 bytes=48 time_ms=1481164
TX,DUMMY,2,,40,48,1481558.0,1481165,1481558.0,,,,3818,1481558000	ID:2	[INFO: Metric    ] METRIC_TX type=DUMMY node=2 seq=40 bytes=48 time_ms=1481165
RX,REAL,,2,148,48,1481581.88,1481150,1481581.88,1481164,1481150,24.87999999988824,3819,1481581880	ID:1	[INFO: Metric    ] METRIC_RX type=REAL src=2 seq=148 send_ms=1481164 recv_ms=1481150 bytes=48
RX,DUMMY,,2,40,48,1481598.88,1481167,1481598.88,1481165,1481167,,3822,1481598880	ID:1	[INFO: Metric    ] METRIC_RX type=DUMMY src=2 seq=40 send_ms=1481165 recv_ms=1481167 bytes=48
TX,REAL,5,,145,48,1482250.0,1481280,1482250.0,,,,3824,1482250000	ID:5	[INFO: Metric    ] METRIC_TX type=REAL node=5 seq=145 bytes=48 time_ms=1481280
RX,REAL,,5,145,48,1482293.168,1481862,1482293.168,1481280,1481862,43.16800000006333,3825,1482293168	ID:1	[INFO: Metric    ] METRIC_RX type=REAL src=5 seq=145 send_ms=1481280 recv_ms=1481862 bytes=48
TX,REAL,4,,144,48,1483257.0,1482308,1483257.0,,,,3827,1483257000	ID:4	[INFO: Metric    ] METRIC_TX type=REAL node=4 seq=144 bytes=48 time_ms=1482308
RX,REAL,,4,144,48,1483315.168,1482884,1483315.168,1482308,1482884,58.16800000006333,3828,1483315168	ID:1	[INFO: Metric    ] METRIC_RX type=REAL src=4 seq=144 send_ms=1482308 recv_ms=1482884 bytes=48
TX,REAL,7,,147,48,1487246.0,1487224,1487246.0,,,,3830,1487246000	ID:7	[INFO: Metric    ] METRIC_TX type=REAL node=7 seq=147 bytes=48 time_ms=1487224
RX,REAL,,7,147,48,1487258.88,1486827,1487258.88,1487224,1486827,12.879999999888241,3831,1487258880	ID:1	[INFO: Metric    ] METRIC_RX type=REAL src=7 seq=147 send_ms=1487224 recv_ms=1486827 bytes=48
TX,REAL,6,,146,48,1488017.0,1487929,1488017.0,,,,3833,1488017000	ID:6	[INFO: Metric    ] METRIC_TX type=REAL node=6 seq=146 bytes=48 time_ms=1487929
RX,REAL,,6,146,48,1488047.88,1487616,1488047.88,1487929,1487616,30.87999999988824,3834,1488047880	ID:1	[INFO: Metric    ] METRIC_RX type=REAL src=6 seq=146 send_ms=1487929 recv_ms=1487616 bytes=48
TX,REAL,3,,147,48,1489170.0,1488958,1489170.0,,,,3836,1489170000	ID:3	[INFO: Metric    ] METRIC_TX type=REAL node=3 seq=147 bytes=48 time_ms=1488958
RX,REAL,,3,147,48,1489206.304,1488775,1489206.304,1488958,1488775,36.304000000003725,3837,1489206304	ID:1	[INFO: Metric    ] METRIC_RX type=REAL src=3 seq=147 send_ms=1488958 recv_ms=1488775 bytes=48
TX,REAL,2,,149,48,1489559.0,1489166,1489559.0,,,,3839,1489559000	ID:2	[INFO: Metric    ] METRIC_TX type=REAL node=2 seq=149 bytes=48 time_ms=1489166
TX,DUMMY,2,,41,48,1489560.0,1489167,1489560.0,,,,3840,1489560000	ID:2	[INFO: Metric    ] METRIC_TX type=DUMMY node=2 seq=41 bytes=48 time_ms=1489167
RX,REAL,,2,149,48,1489579.88,1489148,1489579.88,1489166,1489148,20.87999999988824,3841,1489579880	ID:1	[INFO: Metric    ] METRIC_RX type=REAL src=2 seq=149 send_ms=1489166 recv_ms=1489148 bytes=48
RX,DUMMY,,2,41,48,1489597.88,1489166,1489597.88,1489167,1489166,,3842,1489597880	ID:1	[INFO: Metric    ] METRIC_RX type=DUMMY src=2 seq=41 send_ms=1489167 recv_ms=1489166 bytes=48
TX,REAL,4,,145,48,1491258.0,1490309,1491258.0,,,,3845,1491258000	ID:4	[INFO: Metric    ] METRIC_TX type=REAL node=4 seq=145 bytes=48 time_ms=1490309
TX,DUMMY,4,,41,48,1491259.0,1490310,1491259.0,,,,3846,1491259000	ID:4	[INFO: Metric    ] METRIC_TX type=DUMMY node=4 seq=41 bytes=48 time_ms=1490310
RX,REAL,,4,145,48,1491315.168,1490884,1491315.168,1490309,1490884,57.16800000006333,3847,1491315168	ID:1	[INFO: Metric    ] METRIC_RX type=REAL src=4 seq=145 send_ms=1490309 recv_ms=1490884 bytes=48
RX,DUMMY,,4,41,48,1491339.168,1490908,1491339.168,1490310,1490908,,3848,1491339168	ID:1	[INFO: Metric    ] METRIC_RX type=DUMMY src=4 seq=41 send_ms=1490310 recv_ms=1490908 bytes=48
TX,REAL,5,,146,48,1494251.0,1493281,1494251.0,,,,3852,1494251000	ID:5	[INFO: Metric    ] METRIC_TX type=REAL node=5 seq=146 bytes=48 time_ms=1493281
RX,REAL,,5,146,48,1494298.168,1493867,1494298.168,1493281,1493867,47.16800000006333,3853,1494298168	ID:1	[INFO: Metric    ] METRIC_RX type=REAL src=5 seq=146 send_ms=1493281 recv_ms=1493867 bytes=48
TX,REAL,2,,150,48,1497561.0,1497168,1497561.0,,,,3857,1497561000	ID:2	[INFO: Metric    ] METRIC_TX type=REAL node=2 seq=150 bytes=48 time_ms=1497168
TX,DUMMY,2,,42,48,1497562.0,1497169,1497562.0,,,,3858,1497562000	ID:2	[INFO: Metric    ] METRIC_TX type=DUMMY node=2 seq=42 bytes=48 time_ms=1497169
RX,REAL,,2,150,48,1497574.88,1497143,1497574.88,1497168,1497143,13.879999999888241,3859,1497574880	ID:1	[INFO: Metric    ] METRIC_RX type=REAL src=2 seq=150 send_ms=1497168 recv_ms=1497143 bytes=48
RX,DUMMY,,2,42,48,1497581.76,1497150,1497581.76,1497169,1497150,,3860,1497581760	ID:1	[INFO: Metric    ] METRIC_RX type=DUMMY src=2 seq=42 send_ms=1497169 recv_ms=1497150 bytes=48
TX,REAL,3,,148,48,1499171.0,1498959,1499171.0,,,,3863,1499171000	ID:3	[INFO: Metric    ] METRIC_TX type=REAL node=3 seq=148 bytes=48 time_ms=1498959
RX,REAL,,3,148,48,1499209.168,1498778,1499209.168,1498959,1498778,38.16800000006333,3864,1499209168	ID:1	[INFO: Metric    ] METRIC_RX type=REAL src=3 seq=148 send_ms=1498959 recv_ms=1498778 bytes=48
TX,REAL,7,,148,48,1499247.0,1499225,1499247.0,,,,3865,1499247000	ID:7	[INFO: Metric    ] METRIC_TX type=REAL node=7 seq=148 bytes=48 time_ms=1499225
TX,DUMMY,7,,48,48,1499248.0,1499226,1499248.0,,,,3866,1499248000	ID:7	[INFO: Metric    ] METRIC_TX type=DUMMY node=7 seq=48 bytes=48 time_ms=1499226
RX,REAL,,7,148,48,1499280.88,1498849,1499280.88,1499225,1498849,33.87999999988824,3868,1499280880	ID:1	[INFO: Metric    ] METRIC_RX type=REAL src=7 seq=148 send_ms=1499225 recv_ms=1498849 bytes=48
RX,DUMMY,,7,48,48,1499313.88,1498882,1499313.88,1499226,1498882,,3870,1499313880	ID:1	[INFO: Metric    ] METRIC_RX type=DUMMY src=7 seq=48 send_ms=1499226 recv_ms=1498882 bytes=48
TX,REAL,6,,147,48,1500018.0,1499930,1500018.0,,,,3872,1500018000	ID:6	[INFO: Metric    ] METRIC_TX type=REAL node=6 seq=147 bytes=48 time_ms=1499930
RX,REAL,,6,147,48,1500047.88,1499616,1500047.88,1499930,1499616,29.87999999988824,3873,1500047880	ID:1	[INFO: Metric    ] METRIC_RX type=REAL src=6 seq=147 send_ms=1499930 recv_ms=1499616 bytes=48
TX,REAL,5,,147,48,1502252.0,1501282,1502252.0,,,,3875,1502252000	ID:5	[INFO: Metric    ] METRIC_TX type=REAL node=5 seq=147 bytes=48 time_ms=1501282
RX,REAL,,5,147,48,1502320.168,1501889,1502320.168,1501282,1501889,68.16800000006333,3876,1502320168	ID:1	[INFO: Metric    ] METRIC_RX type=REAL src=5 seq=147 send_ms=1501282 recv_ms=1501889 bytes=48
TX,REAL,4,,146,48,1503260.0,1502311,1503260.0,,,,3878,1503260000	ID:4	[INFO: Metric    ] METRIC_TX type=REAL node=4 seq=146 bytes=48 time_ms=1502311
RX,REAL,,4,146,48,1503320.168,1502889,1503320.168,1502311,1502889,60.16800000006333,3879,1503320168	ID:1	[INFO: Metric    ] METRIC_RX type=REAL src=4 seq=146 send_ms=1502311 recv_ms=1502889 bytes=48
TX,REAL,2,,151,48,1505563.0,1505170,1505563.0,,,,3881,1505563000	ID:2	[INFO: Metric    ] METRIC_TX type=REAL node=2 seq=151 bytes=48 time_ms=1505170
RX,REAL,,2,151,48,1505605.88,1505174,1505605.88,1505170,1505174,42.87999999988824,3882,1505605880	ID:1	[INFO: Metric    ] METRIC_RX type=REAL src=2 seq=151 send_ms=1505170 recv_ms=1505174 bytes=48
TX,REAL,7,,149,48,1508249.0,1508227,1508249.0,,,,3885,1508249000	ID:7	[INFO: Metric    ] METRIC_TX type=REAL node=7 seq=149 bytes=48 time_ms=1508227
TX,DUMMY,7,,49,48,1508250.0,1508228,1508250.0,,,,3886,1508250000	ID:7	[INFO: Metric    ] METRIC_TX type=DUMMY node=7 seq=49 bytes=48 time_ms=1508228
RX,REAL,,7,149,48,1508284.88,1507853,1508284.88,1508227,1507853,35.87999999988824,3887,1508284880	ID:1	[INFO: Metric    ] METRIC_RX type=REAL src=7 seq=149 send_ms=1508227 recv_ms=1507853 bytes=48
RX,DUMMY,,7,49,48,1508312.88,1507881,1508312.88,1508228,1507881,,3888,1508312880	ID:1	[INFO: Metric    ] METRIC_RX type=DUMMY src=7 seq=49 send_ms=1508228 recv_ms=1507881 bytes=48
TX,REAL,6,,148,48,1509019.0,1508931,1509019.0,,,,3891,1509019000	ID:6	[INFO: Metric    ] METRIC_TX type=REAL node=6 seq=148 bytes=48 time_ms=1508931
RX,REAL,,6,148,48,1509052.88,1508621,1509052.88,1508931,1508621,33.87999999988824,3892,1509052880	ID:1	[INFO: Metric    ] METRIC_RX type=REAL src=6 seq=148 send_ms=1508931 recv_ms=1508621 bytes=48
TX,REAL,3,,149,48,1509172.0,1508960,1509172.0,,,,3894,1509172000	ID:3	[INFO: Metric    ] METRIC_TX type=REAL node=3 seq=149 bytes=48 time_ms=1508960
RX,REAL,,3,149,48,1509231.168,1508800,1509231.168,1508960,1508800,59.16800000006333,3895,1509231168	ID:1	[INFO: Metric    ] METRIC_RX type=REAL src=3 seq=149 send_ms=1508960 recv_ms=1508800 bytes=48
TX,REAL,5,,148,48,1510253.0,1509283,1510253.0,,,,3897,1510253000	ID:5	[INFO: Metric    ] METRIC_TX type=REAL node=5 seq=148 bytes=48 time_ms=1509283
RX,REAL,,5,148,48,1510333.168,1509902,1510333.168,1509283,1509902,80.16800000006333,3898,1510333168	ID:1	[INFO: Metric    ] METRIC_RX type=REAL src=5 seq=148 send_ms=1509283 recv_ms=1509902 bytes=48
TX,REAL,4,,147,48,1513261.0,1512312,1513261.0,,,,3900,1513261000	ID:4	[INFO: Metric    ] METRIC_TX type=REAL node=4 seq=147 bytes=48 time_ms=1512312
TX,DUMMY,4,,42,48,1513262.0,1512313,1513262.0,,,,3901,1513262000	ID:4	[INFO: Metric    ] METRIC_TX type=DUMMY node=4 seq=42 bytes=48 time_ms=1512313
RX,REAL,,4,147,48,1513380.168,1512949,1513380.168,1512312,1512949,119.16800000006333,3902,1513380168	ID:1	[INFO: Metric    ] METRIC_RX type=REAL src=4 seq=147 send_ms=1512312 recv_ms=1512949 bytes=48
RX,DUMMY,,4,42,48,1513393.168,1512962,1513393.168,1512313,1512962,,3903,1513393168	ID:1	[INFO: Metric    ] METRIC_RX type=DUMMY src=4 seq=42 send_ms=1512313 recv_ms=1512962 bytes=48
TX,REAL,2,,152,48,1516564.0,1516171,1516564.0,,,,3906,1516564000	ID:2	[INFO: Metric    ] METRIC_TX type=REAL node=2 seq=152 bytes=48 time_ms=1516171
TX,DUMMY,2,,43,48,1516565.0,1516172,1516565.0,,,,3907,1516565000	ID:2	[INFO: Metric    ] METRIC_TX type=DUMMY node=2 seq=43 bytes=48 time_ms=1516172
RX,REAL,,2,152,48,1516588.88,1516157,1516588.88,1516171,1516157,24.87999999988824,3908,1516588880	ID:1	[INFO: Metric    ] METRIC_RX type=REAL src=2 seq=152 send_ms=1516171 recv_ms=1516157 bytes=48
RX,DUMMY,,2,43,48,1516601.88,1516170,1516601.88,1516172,1516170,,3909,1516601880	ID:1	[INFO: Metric    ] METRIC_RX type=DUMMY src=2 seq=43 send_ms=1516172 recv_ms=1516170 bytes=48
TX,REAL,3,,150,48,1517173.0,1516961,1517173.0,,,,3914,1517173000	ID:3	[INFO: Metric    ] METRIC_TX type=REAL node=3 seq=150 bytes=48 time_ms=1516961
RX,REAL,,3,150,48,1517229.168,1516798,1517229.168,1516961,1516798,56.16800000006333,3915,1517229168	ID:1	[INFO: Metric    ] METRIC_RX type=REAL src=3 seq=150 send_ms=1516961 recv_ms=1516798 bytes=48
TX,REAL,7,,150,48,1519251.0,1519229,1519251.0,,,,3920,1519251000	ID:7	[INFO: Metric    ] METRIC_TX type=REAL node=7 seq=150 bytes=48 time_ms=1519229
TX,REAL,5,,149,48,1519254.0,1518284,1519254.0,,,,3921,1519254000	ID:5	[INFO: Metric    ] METRIC_TX type=REAL node=5 seq=149 bytes=48 time_ms=1518284
TX,DUMMY,5,,51,48,1519255.0,1518285,1519255.0,,,,3922,1519255000	ID:5	[INFO: Metric    ] METRIC_TX type=DUMMY node=5 seq=51 bytes=48 time_ms=1518285
RX,REAL,,7,150,48,1519285.88,1518854,1519285.88,1519229,1518854,34.87999999988824,3923,1519285880	ID:1	[INFO: Metric    ] METRIC_RX type=REAL src=7 seq=150 send_ms=1519229 recv_ms=1518854 bytes=48
RX,REAL,,5,149,48,1519317.208,1518886,1519317.208,1518284,1518886,63.20800000010058,3924,1519317208	ID:1	[INFO: Metric    ] METRIC_RX type=REAL src=5 seq=149 send_ms=1518284 recv_ms=1518886 bytes=48
RX,DUMMY,,5,51,48,1519435.168,1519004,1519435.168,1518285,1519004,,3926,1519435168	ID:1	[INFO: Metric    ] METRIC_RX type=DUMMY src=5 seq=51 send_ms=1518285 recv_ms=1519004 bytes=48
TX,REAL,6,,149,48,1520020.0,1519932,1520020.0,,,,3929,1520020000	ID:6	[INFO: Metric    ] METRIC_TX type=REAL node=6 seq=149 bytes=48 time_ms=1519932
RX,REAL,,6,149,48,1520063.88,1519632,1520063.88,1519932,1519632,43.87999999988824,3930,1520063880	ID:1	[INFO: Metric    ] METRIC_RX type=REAL src=6 seq=149 send_ms=1519932 recv_ms=1519632 bytes=48
TX,REAL,4,,148,48,1523263.0,1522314,1523263.0,,,,3932,1523263000	ID:4	[INFO: Metric    ] METRIC_TX type=REAL node=4 seq=148 bytes=48 time_ms=1522314
TX,DUMMY,4,,43,48,1523264.0,1522315,1523264.0,,,,3933,1523264000	ID:4	[INFO: Metric    ] METRIC_TX type=DUMMY node=4 seq=43 bytes=48 time_ms=1522315
RX,REAL,,4,148,48,1523316.168,1522885,1523316.168,1522314,1522885,53.16800000006333,3934,1523316168	ID:1	[INFO: Metric    ] METRIC_RX type=REAL src=4 seq=148 send_ms=1522314 recv_ms=1522885 bytes=48
RX,DUMMY,,4,43,48,1523419.168,1522988,1523419.168,1522315,1522988,,3936,1523419168	ID:1	[INFO: Metric    ] METRIC_RX type=DUMMY src=4 seq=43 send_ms=1522315 recv_ms=1522988 bytes=48
TX,REAL,2,,153,48,1524566.0,1524173,1524566.0,,,,3938,1524566000	ID:2	[INFO: Metric    ] METRIC_TX type=REAL node=2 seq=153 bytes=48 time_ms=1524173
TX,DUMMY,2,,44,48,1524567.0,1524174,1524567.0,,,,3939,1524567000	ID:2	[INFO: Metric    ] METRIC_TX type=DUMMY node=2 seq=44 bytes=48 time_ms=1524174
RX,REAL,,2,153,48,1524605.88,1524174,1524605.88,1524173,1524174,39.87999999988824,3940,1524605880	ID:1	[INFO: Metric    ] METRIC_RX type=REAL src=2 seq=153 send_ms=1524173 recv_ms=1524174 bytes=48
RX,DUMMY,,2,44,48,1524621.88,1524190,1524621.88,1524174,1524190,,3942,1524621880	ID:1	[INFO: Metric    ] METRIC_RX type=DUMMY src=2 seq=44 send_ms=1524174 recv_ms=1524190 bytes=48
TX,REAL,3,,151,48,1526174.0,1525962,1526174.0,,,,3944,1526174000	ID:3	[INFO: Metric    ] METRIC_TX type=REAL node=3 seq=151 bytes=48 time_ms=1525962
TX,DUMMY,3,,47,48,1526175.0,1525963,1526175.0,,,,3945,1526175000	ID:3	[INFO: Metric    ] METRIC_TX type=DUMMY node=3 seq=47 bytes=48 time_ms=1525963
RX,REAL,,3,151,48,1526212.168,1525781,1526212.168,1525962,1525781,38.16800000006333,3946,1526212168	ID:1	[INFO: Metric    ] METRIC_RX type=REAL src=3 seq=151 send_ms=1525962 recv_ms=1525781 bytes=48
RX,DUMMY,,3,47,48,1526246.168,1525815,1526246.168,1525963,1525815,,3947,1526246168	ID:1	[INFO: Metric    ] METRIC_RX type=DUMMY src=3 seq=47 send_ms=1525963 recv_ms=1525815 bytes=48
TX,REAL,5,,150,48,1527256.0,1526286,1527256.0,,,,3953,1527256000	ID:5	[INFO: Metric    ] METRIC_TX type=REAL node=5 seq=150 bytes=48 time_ms=1526286
TX,DUMMY,5,,52,48,1527257.0,1526287,1527257.0,,,,3954,1527257000	ID:5	[INFO: Metric    ] METRIC_TX type=DUMMY node=5 seq=52 bytes=48 time_ms=1526287
RX,REAL,,5,150,48,1527317.168,1526886,1527317.168,1526286,1526886,61.16800000006333,3955,1527317168	ID:1	[INFO: Metric    ] METRIC_RX type=REAL src=5 seq=150 send_ms=1526286 recv_ms=1526886 bytes=48
RX,DUMMY,,5,52,48,1527373.168,1526942,1527373.168,1526287,1526942,,3956,1527373168	ID:1	[INFO: Metric    ] METRIC_RX type=DUMMY src=5 seq=52 send_ms=1526287 recv_ms=1526942 bytes=48
TX,REAL,6,,150,48,1530021.0,1529933,1530021.0,,,,3961,1530021000	ID:6	[INFO: Metric    ] METRIC_TX type=REAL node=6 seq=150 bytes=48 time_ms=1529933
RX,REAL,,6,150,48,1530062.88,1529631,1530062.88,1529933,1529631,41.87999999988824,3962,1530062880	ID:1	[INFO: Metric    ] METRIC_RX type=REAL src=6 seq=150 send_ms=1529933 recv_ms=1529631 bytes=48
TX,REAL,7,,151,48,1530252.0,1530230,1530252.0,,,,3964,1530252000	ID:7	[INFO: Metric    ] METRIC_TX type=REAL node=7 seq=151 bytes=48 time_ms=1530230
RX,REAL,,7,151,48,1530281.88,1529850,1530281.88,1530230,1529850,29.87999999988824,3965,1530281880	ID:1	[INFO: Metric    ] METRIC_RX type=REAL src=7 seq=151 send_ms=1530230 recv_ms=1529850 bytes=48
TX,REAL,2,,154,48,1532568.0,1532175,1532568.0,,,,3967,1532568000	ID:2	[INFO: Metric    ] METRIC_TX type=REAL node=2 seq=154 bytes=48 time_ms=1532175
RX,REAL,,2,154,48,1532573.88,1532142,1532573.88,1532175,1532142,5.879999999888241,3968,1532573880	ID:1	[INFO: Metric    ] METRIC_RX type=REAL src=2 seq=154 send_ms=1532175 recv_ms=1532142 bytes=48
TX,REAL,4,,149,48,1533265.0,1532316,1533265.0,,,,3970,1533265000	ID:4	[INFO: Metric    ] METRIC_TX type=REAL node=4 seq=149 bytes=48 time_ms=1532316
RX,REAL,,4,149,48,1533285.168,1532854,1533285.168,1532316,1532854,20.16800000006333,3971,1533285168	ID:1	[INFO: Metric    ] METRIC_RX type=REAL src=4 seq=149 send_ms=1532316 recv_ms=1532854 bytes=48
TX,REAL,3,,152,48,1537176.0,1536964,1537176.0,,,,3973,1537176000	ID:3	[INFO: Metric    ] METRIC_TX type=REAL node=3 seq=152 bytes=48 time_ms=1536964
TX,DUMMY,3,,48,48,1537177.0,1536965,1537177.0,,,,3974,1537177000	ID:3	[INFO: Metric    ] METRIC_TX type=DUMMY node=3 seq=48 bytes=48 time_ms=1536965
RX,REAL,,3,152,48,1537235.168,1536804,1537235.168,1536964,1536804,59.16800000006333,3975,1537235168	ID:1	[INFO: Metric    ] METRIC_RX type=REAL src=3 seq=152 send_ms=1536964 recv_ms=1536804 bytes=48
RX,DUMMY,,3,48,48,1537254.304,1536823,1537254.304,1536965,1536823,,3976,1537254304	ID:1	[INFO: Metric    ] METRIC_RX type=DUMMY src=3 seq=48 send_ms=1536965 recv_ms=1536823 bytes=48
TX,REAL,5,,151,48,1538258.0,1537288,1538258.0,,,,3979,1538258000	ID:5	[INFO: Metric    ] METRIC_TX type=REAL node=5 seq=151 bytes=48 time_ms=1537288
TX,DUMMY,5,,53,48,1538259.0,1537289,1538259.0,,,,3980,1538259000	ID:5	[INFO: Metric    ] METRIC_TX type=DUMMY node=5 seq=53 bytes=48 time_ms=1537289
RX,REAL,,5,151,48,1538306.168,1537875,1538306.168,1537288,1537875,48.16800000006333,3981,1538306168	ID:1	[INFO: Metric    ] METRIC_RX type=REAL src=5 seq=151 send_ms=1537288 recv_ms=1537875 bytes=48
RX,DUMMY,,5,53,48,1538314.168,1537883,1538314.168,1537289,1537883,,3982,1538314168	ID:1	[INFO: Metric    ] METRIC_RX type=DUMMY src=5 seq=53 send_ms=1537289 recv_ms=1537883 bytes=48
TX,REAL,7,,152,48,1540253.0,1540231,1540253.0,,,,3986,1540253000	ID:7	[INFO: Metric    ] METRIC_TX type=REAL node=7 seq=152 bytes=48 time_ms=1540231
TX,DUMMY,7,,50,48,1540254.0,1540232,1540254.0,,,,3987,1540254000	ID:7	[INFO: Metric    ] METRIC_TX type=DUMMY node=7 seq=50 bytes=48 time_ms=1540232
RX,REAL,,7,152,48,1540291.88,1539860,1540291.88,1540231,1539860,38.87999999988824,3988,1540291880	ID:1	[INFO: Metric    ] METRIC_RX type=REAL src=7 seq=152 send_ms=1540231 recv_ms=1539860 bytes=48
RX,DUMMY,,7,50,48,1540331.88,1539900,1540331.88,1540232,1539900,,3990,1540331880	ID:1	[INFO: Metric    ] METRIC_RX type=DUMMY src=7 seq=50 send_ms=1540232 recv_ms=1539900 bytes=48
TX,REAL,6,,151,48,1542022.0,1541934,1542022.0,,,,3992,1542022000	ID:6	[INFO: Metric    ] METRIC_TX type=REAL node=6 seq=151 bytes=48 time_ms=1541934
RX,REAL,,6,151,48,1542067.88,1541636,1542067.88,1541934,1541636,45.87999999988824,3993,1542067880	ID:1	[INFO: Metric    ] METRIC_RX type=REAL src=6 seq=151 send_ms=1541934 recv_ms=1541636 bytes=48
TX,REAL,2,,155,48,1544569.0,1544176,1544569.0,,,,3995,1544569000	ID:2	[INFO: Metric    ] METRIC_TX type=REAL node=2 seq=155 bytes=48 time_ms=1544176
RX,REAL,,2,155,48,1544611.88,1544180,1544611.88,1544176,1544180,42.87999999988824,3996,1544611880	ID:1	[INFO: Metric    ] METRIC_RX type=REAL src=2 seq=155 send_ms=1544176 recv_ms=1544180 bytes=48
TX,REAL,3,,153,48,1545178.0,1544966,1545178.0,,,,3998,1545178000	ID:3	[INFO: Metric    ] METRIC_TX type=REAL node=3 seq=153 bytes=48 time_ms=1544966
RX,REAL,,3,153,48,1545216.168,1544785,1545216.168,1544966,1544785,38.16800000006333,3999,1545216168	ID:1	[INFO: Metric    ] METRIC_RX type=REAL src=3 seq=153 send_ms=1544966 recv_ms=1544785 bytes=48
TX,REAL,4,,150,48,1545266.0,1544317,1545266.0,,,,4002,1545266000	ID:4	[INFO: Metric    ] METRIC_TX type=REAL node=4 seq=150 bytes=48 time_ms=1544317
RX,REAL,,4,150,48,1545313.168,1544882,1545313.168,1544317,1544882,47.16800000006333,4004,1545313168	ID:1	[INFO: Metric    ] METRIC_RX type=REAL src=4 seq=150 send_ms=1544317 recv_ms=1544882 bytes=48
TX,REAL,5,,152,48,1549260.0,1548290,1549260.0,,,,4006,1549260000	ID:5	[INFO: Metric    ] METRIC_TX type=REAL node=5 seq=152 bytes=48 time_ms=1548290
RX,REAL,,5,152,48,1549282.168,1548851,1549282.168,1548290,1548851,22.16800000006333,4007,1549282168	ID:1	[INFO: Metric    ] METRIC_RX type=REAL src=5 seq=152 send_ms=1548290 recv_ms=1548851 bytes=48
TX,REAL,7,,153,48,1550255.0,1550233,1550255.0,,,,4009,1550255000	ID:7	[INFO: Metric    ] METRIC_TX type=REAL node=7 seq=153 bytes=48 time_ms=1550233
RX,REAL,,7,153,48,1550273.88,1549842,1550273.88,1550233,1549842,18.87999999988824,4010,1550273880	ID:1	[INFO: Metric    ] METRIC_RX type=REAL src=7 seq=153 send_ms=1550233 recv_ms=1549842 bytes=48
TX,REAL,6,,152,48,1551023.0,1550935,1551023.0,,,,4012,1551023000	ID:6	[INFO: Metric    ] METRIC_TX type=REAL node=6 seq=152 bytes=48 time_ms=1550935
TX,DUMMY,6,,45,48,1551024.0,1550936,1551024.0,,,,4013,1551024000	ID:6	[INFO: Metric    ] METRIC_TX type=DUMMY node=6 seq=45 bytes=48 time_ms=1550936
RX,REAL,,6,152,48,1551059.88,1550628,1551059.88,1550935,1550628,36.87999999988824,4014,1551059880	ID:1	[INFO: Metric    ] METRIC_RX type=REAL src=6 seq=152 send_ms=1550935 recv_ms=1550628 bytes=48
RX,DUMMY,,6,45,48,1551101.88,1550670,1551101.88,1550936,1550670,,4016,1551101880	ID:1	[INFO: Metric    ] METRIC_RX type=DUMMY src=6 seq=45 send_ms=1550936 recv_ms=1550670 bytes=48
TX,REAL,3,,154,48,1554179.0,1553967,1554179.0,,,,4019,1554179000	ID:3	[INFO: Metric    ] METRIC_TX type=REAL node=3 seq=154 bytes=48 time_ms=1553967
RX,REAL,,3,154,48,1554235.168,1553804,1554235.168,1553967,1553804,56.16800000006333,4020,1554235168	ID:1	[INFO: Metric    ] METRIC_RX type=REAL src=3 seq=154 send_ms=1553967 recv_ms=1553804 bytes=48
TX,REAL,4,,151,48,1554267.0,1553318,1554267.0,,,,4022,1554267000	ID:4	[INFO: Metric    ] METRIC_TX type=REAL node=4 seq=151 bytes=48 time_ms=1553318
TX,DUMMY,4,,44,48,1554268.0,1553319,1554268.0,,,,4023,1554268000	ID:4	[INFO: Metric    ] METRIC_TX type=DUMMY node=4 seq=44 bytes=48 time_ms=1553319
RX,REAL,,4,151,48,1554318.304,1553887,1554318.304,1553318,1553887,51.304000000003725,4024,1554318304	ID:1	[INFO: Metric    ] METRIC_RX type=REAL src=4 seq=151 send_ms=1553318 recv_ms=1553887 bytes=48
RX,DUMMY,,4,44,48,1554328.168,1553897,1554328.168,1553319,1553897,,4025,1554328168	ID:1	[INFO: Metric    ] METRIC_RX type=DUMMY src=4 seq=44 send_ms=1553319 recv_ms=1553897 bytes=48
TX,REAL,2,,156,48,1555570.0,1555177,1555570.0,,,,4028,1555570000	ID:2	[INFO: Metric    ] METRIC_TX type=REAL node=2 seq=156 bytes=48 time_ms=1555177
RX,REAL,,2,156,48,1555596.88,1555165,1555596.88,1555177,1555165,26.87999999988824,4029,1555596880	ID:1	[INFO: Metric    ] METRIC_RX type=REAL src=2 seq=156 send_ms=1555177 recv_ms=1555165 bytes=48
TX,REAL,5,,153,48,1557261.0,1556291,1557261.0,,,,4031,1557261000	ID:5	[INFO: Metric    ] METRIC_TX type=REAL node=5 seq=153 bytes=48 time_ms=1556291
RX,REAL,,5,153,48,1557301.168,1556870,1557301.168,1556291,1556870,40.16800000006333,4032,1557301168	ID:1	[INFO: Metric    ] METRIC_RX type=REAL src=5 seq=153 send_ms=1556291 recv_ms=1556870 bytes=48
TX,REAL,7,,154,48,1558256.0,1558234,1558256.0,,,,4034,1558256000	ID:7	[INFO: Metric    ] METRIC_TX type=REAL node=7 seq=154 bytes=48 time_ms=1558234
RX,REAL,,7,154,48,1558279.88,1557848,1558279.88,1558234,1557848,23.87999999988824,4035,1558279880	ID:1	[INFO: Metric    ] METRIC_RX type=REAL src=7 seq=154 send_ms=1558234 recv_ms=1557848 bytes=48
TX,REAL,6,,153,48,1561025.0,1560937,1561025.0,,,,4037,1561025000	ID:6	[INFO: Metric    ] METRIC_TX type=REAL node=6 seq=153 bytes=48 time_ms=1560937
RX,REAL,,6,153,48,1561046.88,1560615,1561046.88,1560937,1560615,21.87999999988824,4038,1561046880	ID:1	[INFO: Metric    ] METRIC_RX type=REAL src=6 seq=153 send_ms=1560937 recv_ms=1560615 bytes=48
TX,REAL,3,,155,48,1565180.0,1564968,1565180.0,,,,4040,1565180000	ID:3	[INFO: Metric    ] METRIC_TX type=REAL node=3 seq=155 bytes=48 time_ms=1564968
RX,REAL,,3,155,48,1565213.168,1564782,1565213.168,1564968,1564782,33.16800000006333,4041,1565213168	ID:1	[INFO: Metric    ] METRIC_RX type=REAL src=3 seq=155 send_ms=1564968 recv_ms=1564782 bytes=48
TX,REAL,4,,152,48,1565269.0,1564320,1565269.0,,,,4043,1565269000	ID:4	[INFO: Metric    ] METRIC_TX type=REAL node=4 seq=152 bytes=48 time_ms=1564320
RX,REAL,,4,152,48,1565322.168,1564891,1565322.168,1564320,1564891,53.16800000006333,4044,1565322168	ID:1	[INFO: Metric    ] METRIC_RX type=REAL src=4 seq=152 send_ms=1564320 recv_ms=1564891 bytes=48
TX,REAL,2,,157,48,1565571.0,1565178,1565571.0,,,,4046,1565571000	ID:2	[INFO: Metric    ] METRIC_TX type=REAL node=2 seq=157 bytes=48 time_ms=1565178
RX,REAL,,2,157,48,1565603.88,1565172,1565603.88,1565178,1565172,32.87999999988824,4047,1565603880	ID:1	[INFO: Metric    ] METRIC_RX type=REAL src=2 seq=157 send_ms=1565178 recv_ms=1565172 bytes=48
TX,REAL,7,,155,48,1566257.0,1566235,1566257.0,,,,4050,1566257000	ID:7	[INFO: Metric    ] METRIC_TX type=REAL node=7 seq=155 bytes=48 time_ms=1566235
TX,DUMMY,7,,51,48,1566258.0,1566236,1566258.0,,,,4051,1566258000	ID:7	[INFO: Metric    ] METRIC_TX type=DUMMY node=7 seq=51 bytes=48 time_ms=1566236
RX,REAL,,7,155,48,1566265.88,1565834,1566265.88,1566235,1565834,8.879999999888241,4052,1566265880	ID:1	[INFO: Metric    ] METRIC_RX type=REAL src=7 seq=155 send_ms=1566235 recv_ms=1565834 bytes=48
RX,DUMMY,,7,51,48,1566292.88,1565861,1566292.88,1566236,1565861,,4054,1566292880	ID:1	[INFO: Metric    ] METRIC_RX type=DUMMY src=7 seq=51 send_ms=1566236 recv_ms=1565861 bytes=48
TX,REAL,5,,154,48,1567262.0,1566292,1567262.0,,,,4056,1567262000	ID:5	[INFO: Metric    ] METRIC_TX type=REAL node=5 seq=154 bytes=48 time_ms=1566292
RX,REAL,,5,154,48,1567279.304,1566848,1567279.304,1566292,1566848,17.304000000003725,4057,1567279304	ID:1	[INFO: Metric    ] METRIC_RX type=REAL src=5 seq=154 send_ms=1566292 recv_ms=1566848 bytes=48
TX,REAL,6,,154,48,1571026.0,1570938,1571026.0,,,,4059,1571026000	ID:6	[INFO: Metric    ] METRIC_TX type=REAL node=6 seq=154 bytes=48 time_ms=1570938
TX,DUMMY,6,,46,48,1571027.0,1570939,1571027.0,,,,4060,1571027000	ID:6	[INFO: Metric    ] METRIC_TX type=DUMMY node=6 seq=46 bytes=48 time_ms=1570939
RX,REAL,,6,154,48,1571039.88,1570608,1571039.88,1570938,1570608,13.879999999888241,4061,1571039880	ID:1	[INFO: Metric    ] METRIC_RX type=REAL src=6 seq=154 send_ms=1570938 recv_ms=1570608 bytes=48
RX,DUMMY,,6,46,48,1571077.88,1570646,1571077.88,1570939,1570646,,4062,1571077880	ID:1	[INFO: Metric    ] METRIC_RX type=DUMMY src=6 seq=46 send_ms=1570939 recv_ms=1570646 bytes=48
TX,REAL,3,,156,48,1575181.0,1574969,1575181.0,,,,4065,1575181000	ID:3	[INFO: Metric    ] METRIC_TX type=REAL node=3 seq=156 bytes=48 time_ms=1574969
TX,DUMMY,3,,49,48,1575182.0,1574970,1575182.0,,,,4066,1575182000	ID:3	[INFO: Metric    ] METRIC_TX type=DUMMY node=3 seq=49 bytes=48 time_ms=1574970
TX,REAL,7,,156,48,1575259.0,1575237,1575259.0,,,,4067,1575259000	ID:7	[INFO: Metric    ] METRIC_TX type=REAL node=7 seq=156 bytes=48 time_ms=1575237
TX,DUMMY,7,,52,48,1575260.0,1575238,1575260.0,,,,4068,1575260000	ID:7	[INFO: Metric    ] METRIC_TX type=DUMMY node=7 seq=52 bytes=48 time_ms=1575238
RX,REAL,,7,156,48,1575268.88,1574837,1575268.88,1575237,1574837,9.879999999888241,4069,1575268880	ID:1	[INFO: Metric    ] METRIC_RX type=REAL src=7 seq=156 send_ms=1575237 recv_ms=1574837 bytes=48
RX,DUMMY,,7,52,48,1575284.88,1574853,1575284.88,1575238,1574853,,4071,1575284880	ID:1	[INFO: Metric    ] METRIC_RX type=DUMMY src=7 seq=52 send_ms=1575238 recv_ms=1574853 bytes=48
RX,REAL,,3,156,48,1575338.168,1574907,1575338.168,1574969,1574907,157.16800000006333,4073,1575338168	ID:1	[INFO: Metric    ] METRIC_RX type=REAL src=3 seq=156 send_ms=1574969 recv_ms=1574907 bytes=48
RX,DUMMY,,3,49,48,1575347.168,1574916,1575347.168,1574970,1574916,,4074,1575347168	ID:1	[INFO: Metric    ] METRIC_RX type=DUMMY src=3 seq=49 send_ms=1574970 recv_ms=1574916 bytes=48
TX,REAL,4,,153,48,1576270.0,1575321,1576270.0,,,,4077,1576270000	ID:4	[INFO: Metric    ] METRIC_TX type=REAL node=4 seq=153 bytes=48 time_ms=1575321
TX,DUMMY,4,,45,48,1576271.0,1575322,1576271.0,,,,4078,1576271000	ID:4	[INFO: Metric    ] METRIC_TX type=DUMMY node=4 seq=45 bytes=48 time_ms=1575322
RX,REAL,,4,153,48,1576333.168,1575902,1576333.168,1575321,1575902,63.16800000006333,4079,1576333168	ID:1	[INFO: Metric    ] METRIC_RX type=REAL src=4 seq=153 send_ms=1575321 recv_ms=1575902 bytes=48
RX,DUMMY,,4,45,48,1576371.168,1575940,1576371.168,1575322,1575940,,4081,1576371168	ID:1	[INFO: Metric    ] METRIC_RX type=DUMMY src=4 seq=45 send_ms=1575322 recv_ms=1575940 bytes=48
TX,REAL,2,,158,48,1576572.0,1576179,1576572.0,,,,4084,1576572000	ID:2	[INFO: Metric    ] METRIC_TX type=REAL node=2 seq=158 bytes=48 time_ms=1576179
TX,DUMMY,2,,45,48,1576573.0,1576180,1576573.0,,,,4085,1576573000	ID:2	[INFO: Metric    ] METRIC_TX type=DUMMY node=2 seq=45 bytes=48 time_ms=1576180
RX,REAL,,2,158,48,1576600.88,1576169,1576600.88,1576179,1576169,28.87999999988824,4086,1576600880	ID:1	[INFO: Metric    ] METRIC_RX type=REAL src=2 seq=158 send_ms=1576179 recv_ms=1576169 bytes=48
RX,DUMMY,,2,45,48,1576615.88,1576184,1576615.88,1576180,1576184,,4087,1576615880	ID:1	[INFO: Metric    ] METRIC_RX type=DUMMY src=2 seq=45 send_ms=1576180 recv_ms=1576184 bytes=48
TX,REAL,5,,155,48,1579263.0,1578293,1579263.0,,,,4090,1579263000	ID:5	[INFO: Metric    ] METRIC_TX type=REAL node=5 seq=155 bytes=48 time_ms=1578293
RX,REAL,,5,155,48,1579288.168,1578857,1579288.168,1578293,1578857,25.16800000006333,4091,1579288168	ID:1	[INFO: Metric    ] METRIC_RX type=REAL src=5 seq=155 send_ms=1578293 recv_ms=1578857 bytes=48
TX,REAL,6,,155,48,1583028.0,1582940,1583028.0,,,,4093,1583028000	ID:6	[INFO: Metric    ] METRIC_TX type=REAL node=6 seq=155 bytes=48 time_ms=1582940
RX,REAL,,6,155,48,1583056.88,1582625,1583056.88,1582940,1582625,28.87999999988824,4094,1583056880	ID:1	[INFO: Metric    ] METRIC_RX type=REAL src=6 seq=155 send_ms=1582940 recv_ms=1582625 bytes=48
TX,REAL,4,,154,48,1584272.0,1583323,1584272.0,,,,4096,1584272000	ID:4	[INFO: Metric    ] METRIC_TX type=REAL node=4 seq=154 bytes=48 time_ms=1583323
TX,DUMMY,4,,46,48,1584273.0,1583324,1584273.0,,,,4097,1584273000	ID:4	[INFO: Metric    ] METRIC_TX type=DUMMY node=4 seq=46 bytes=48 time_ms=1583324
RX,REAL,,4,154,48,1584308.168,1583877,1584308.168,1583323,1583877,36.16800000006333,4098,1584308168	ID:1	[INFO: Metric    ] METRIC_RX type=REAL src=4 seq=154 send_ms=1583323 recv_ms=1583877 bytes=48
RX,DUMMY,,4,46,48,1584344.168,1583913,1584344.168,1583324,1583913,,4099,1584344168	ID:1	[INFO: Metric    ] METRIC_RX type=DUMMY src=4 seq=46 send_ms=1583324 recv_ms=1583913 bytes=48
TX,REAL,3,,157,48,1586183.0,1585971,1586183.0,,,,4102,1586183000	ID:3	[INFO: Metric    ] METRIC_TX type=REAL node=3 seq=157 bytes=48 time_ms=1585971
RX,REAL,,3,157,48,1586250.168,1585819,1586250.168,1585971,1585819,67.16800000006333,4103,1586250168	ID:1	[INFO: Metric    ] METRIC_RX type=REAL src=3 seq=157 send_ms=1585971 recv_ms=1585819 bytes=48
TX,REAL,7,,157,48,1587261.0,1587239,1587261.0,,,,4105,1587261000	ID:7	[INFO: Metric    ] METRIC_TX type=REAL node=7 seq=157 bytes=48 time_ms=1587239
TX,DUMMY,7,,53,48,1587262.0,1587240,1587262.0,,,,4106,1587262000	ID:7	[INFO: Metric    ] METRIC_TX type=DUMMY node=7 seq=53 bytes=48 time_ms=1587240
RX,REAL,,7,157,48,1587298.88,1586867,1587298.88,1587239,1586867,37.87999999988824,4107,1587298880	ID:1	[INFO: Metric    ] METRIC_RX type=REAL src=7 seq=157 send_ms=1587239 recv_ms=1586867 bytes=48
RX,DUMMY,,7,53,48,1587378.88,1586947,1587378.88,1587240,1586947,,4109,1587378880	ID:1	[INFO: Metric    ] METRIC_RX type=DUMMY src=7 seq=53 send_ms=1587240 recv_ms=1586947 bytes=48
TX,REAL,5,,156,48,1588264.0,1587294,1588264.0,,,,4112,1588264000	ID:5	[INFO: Metric    ] METRIC_TX type=REAL node=5 seq=156 bytes=48 time_ms=1587294
RX,REAL,,5,156,48,1588311.304,1587880,1588311.304,1587294,1587880,47.304000000003725,4113,1588311304	ID:1	[INFO: Metric    ] METRIC_RX type=REAL src=5 seq=156 send_ms=1587294 recv_ms=1587880 bytes=48
TX,REAL,2,,159,48,1588574.0,1588181,1588574.0,,,,4115,1588574000	ID:2	[INFO: Metric    ] METRIC_TX type=REAL node=2 seq=159 bytes=48 time_ms=1588181
RX,REAL,,2,159,48,1588594.88,1588163,1588594.88,1588181,1588163,20.87999999988824,4116,1588594880	ID:1	[INFO: Metric    ] METRIC_RX type=REAL src=2 seq=159 send_ms=1588181 recv_ms=1588163 bytes=48
TX,REAL,6,,156,48,1591029.0,1590941,1591029.0,,,,4118,1591029000	ID:6	[INFO: Metric    ] METRIC_TX type=REAL node=6 seq=156 bytes=48 time_ms=1590941
RX,REAL,,6,156,48,1591066.88,1590635,1591066.88,1590941,1590635,37.87999999988824,4119,1591066880	ID:1	[INFO: Metric    ] METRIC_RX type=REAL src=6 seq=156 send_ms=1590941 recv_ms=1590635 bytes=48
TX,REAL,3,,158,48,1594184.0,1593972,1594184.0,,,,4121,1594184000	ID:3	[INFO: Metric    ] METRIC_TX type=REAL node=3 seq=158 bytes=48 time_ms=1593972
RX,REAL,,3,158,48,1594243.168,1593812,1594243.168,1593972,1593812,59.16800000006333,4122,1594243168	ID:1	[INFO: Metric    ] METRIC_RX type=REAL src=3 seq=158 send_ms=1593972 recv_ms=1593812 bytes=48
TX,REAL,7,,158,48,1595263.0,1595241,1595263.0,,,,4124,1595263000	ID:7	[INFO: Metric    ] METRIC_TX type=REAL node=7 seq=158 bytes=48 time_ms=1595241
TX,DUMMY,7,,54,48,1595264.0,1595242,1595264.0,,,,4125,1595264000	ID:7	[INFO: Metric    ] METRIC_TX type=DUMMY node=7 seq=54 bytes=48 time_ms=1595242
TX,REAL,4,,155,48,1595274.0,1594325,1595274.0,,,,4126,1595274000	ID:4	[INFO: Metric    ] METRIC_TX type=REAL node=4 seq=155 bytes=48 time_ms=1594325
RX,REAL,,4,155,48,1595327.168,1594896,1595327.168,1594325,1594896,53.16800000006333,4127,1595327168	ID:1	[INFO: Metric    ] METRIC_RX type=REAL src=4 seq=155 send_ms=1594325 recv_ms=1594896 bytes=48
RX,REAL,,7,158,48,1595467.88,1595036,1595467.88,1595241,1595036,204.87999999988824,4129,1595467880	ID:1	[INFO: Metric    ] METRIC_RX type=REAL src=7 seq=158 send_ms=1595241 recv_ms=1595036 bytes=48
RX,DUMMY,,7,54,48,1595488.88,1595057,1595488.88,1595242,1595057,,4131,1595488880	ID:1	[INFO: Metric    ] METRIC_RX type=DUMMY src=7 seq=54 send_ms=1595242 recv_ms=1595057 bytes=48
TX,REAL,5,,157,48,1597265.0,1596295,1597265.0,,,,4133,1597265000	ID:5	[INFO: Metric    ] METRIC_TX type=REAL node=5 seq=157 bytes=48 time_ms=1596295
RX,REAL,,5,157,48,1597329.168,1596898,1597329.168,1596295,1596898,64.16800000006333,4134,1597329168	ID:1	[INFO: Metric    ] METRIC_RX type=REAL src=5 seq=157 send_ms=1596295 recv_ms=1596898 bytes=48
TX,REAL,2,,160,48,1600575.0,1600182,1600575.0,,,,4138,1600575000	ID:2	[INFO: Metric    ] METRIC_TX type=REAL node=2 seq=160 bytes=48 time_ms=1600182
RX,REAL,,2,160,48,1600607.88,1600176,1600607.88,1600182,1600176,32.87999999988824,4139,1600607880	ID:1	[INFO: Metric    ] METRIC_RX type=REAL src=2 seq=160 send_ms=1600182 recv_ms=1600176 bytes=48
TX,REAL,3,,159,48,1602185.0,1601973,1602185.0,,,,4141,1602185000	ID:3	[INFO: Metric    ] METRIC_TX type=REAL node=3 seq=159 bytes=48 time_ms=1601973
RX,REAL,,3,159,48,1602261.168,1601830,1602261.168,1601973,1601830,76.16800000006333,4142,1602261168	ID:1	[INFO: Metric    ] METRIC_RX type=REAL src=3 seq=159 send_ms=1601973 recv_ms=1601830 bytes=48
TX,REAL,6,,157,48,1603030.0,1602942,1603030.0,,,,4145,1603030000	ID:6	[INFO: Metric    ] METRIC_TX type=REAL node=6 seq=157 bytes=48 time_ms=1602942
TX,DUMMY,6,,47,48,1603031.0,1602943,1603031.0,,,,4146,1603031000	ID:6	[INFO: Metric    ] METRIC_TX type=DUMMY node=6 seq=47 bytes=48 time_ms=1602943
RX,REAL,,6,157,48,1603054.88,1602623,1603054.88,1602942,1602623,24.87999999988824,4147,1603054880	ID:1	[INFO: Metric    ] METRIC_RX type=REAL src=6 seq=157 send_ms=1602942 recv_ms=1602623 bytes=48
RX,DUMMY,,6,47,48,1603097.88,1602666,1603097.88,1602943,1602666,,4149,1603097880	ID:1	[INFO: Metric    ] METRIC_RX type=DUMMY src=6 seq=47 send_ms=1602943 recv_ms=1602666 bytes=48
TX,REAL,7,,159,48,1604265.0,1604243,1604265.0,,,,4151,1604265000	ID:7	[INFO: Metric    ] METRIC_TX type=REAL node=7 seq=159 bytes=48 time_ms=1604243
RX,REAL,,7,159,48,1604290.88,1603859,1604290.88,1604243,1603859,25.87999999988824,4152,1604290880	ID:1	[INFO: Metric    ] METRIC_RX type=REAL src=7 seq=159 send_ms=1604243 recv_ms=1603859 bytes=48
TX,REAL,4,,156,48,1605275.0,1604326,1605275.0,,,,4154,1605275000	ID:4	[INFO: Metric    ] METRIC_TX type=REAL node=4 seq=156 bytes=48 time_ms=1604326
TX,DUMMY,4,,47,48,1605276.0,1604327,1605276.0,,,,4155,1605276000	ID:4	[INFO: Metric    ] METRIC_TX type=DUMMY node=4 seq=47 bytes=48 time_ms=1604327
RX,REAL,,4,156,48,1605314.168,1604883,1605314.168,1604326,1604883,39.16800000006333,4156,1605314168	ID:1	[INFO: Metric    ] METRIC_RX type=REAL src=4 seq=156 send_ms=1604326 recv_ms=1604883 bytes=48
RX,DUMMY,,4,47,48,1605353.592,1604922,1605353.592,1604327,1604922,,4158,1605353592	ID:1	[INFO: Metric    ] METRIC_RX type=DUMMY src=4 seq=47 send_ms=1604327 recv_ms=1604922 bytes=48
TX,REAL,5,,158,48,1608266.0,1607296,1608266.0,,,,4160,1608266000	ID:5	[INFO: Metric    ] METRIC_TX type=REAL node=5 seq=158 bytes=48 time_ms=1607296
RX,REAL,,5,158,48,1608299.168,1607868,1608299.168,1607296,1607868,33.16800000006333,4161,1608299168	ID:1	[INFO: Metric    ] METRIC_RX type=REAL src=5 seq=158 send_ms=1607296 recv_ms=1607868 bytes=48
TX,REAL,3,,160,48,1611186.0,1610974,1611186.0,,,,4165,1611186000	ID:3	[INFO: Metric    ] METRIC_TX type=REAL node=3 seq=160 bytes=48 time_ms=1610974
RX,REAL,,3,160,48,1611233.168,1610802,1611233.168,1610974,1610802,47.16800000006333,4166,1611233168	ID:1	[INFO: Metric    ] METRIC_RX type=REAL src=3 seq=160 send_ms=1610974 recv_ms=1610802 bytes=48
TX,REAL,2,,161,48,1612576.0,1612183,1612576.0,,,,4168,1612576000	ID:2	[INFO: Metric    ] METRIC_TX type=REAL node=2 seq=161 bytes=48 time_ms=1612183
TX,DUMMY,2,,46,48,1612577.0,1612184,1612577.0,,,,4169,1612577000	ID:2	[INFO: Metric    ] METRIC_TX type=DUMMY node=2 seq=46 bytes=48 time_ms=1612184
RX,REAL,,2,161,48,1612621.88,1612190,1612621.88,1612183,1612190,45.87999999988824,4170,1612621880	ID:1	[INFO: Metric    ] METRIC_RX type=REAL src=2 seq=161 send_ms=1612183 recv_ms=1612190 bytes=48
RX,DUMMY,,2,46,48,1612666.88,1612235,1612666.88,1612184,1612235,,4172,1612666880	ID:1	[INFO: Metric    ] METRIC_RX type=DUMMY src=2 seq=46 send_ms=1612184 recv_ms=1612235 bytes=48
TX,REAL,6,,158,48,1613032.0,1612944,1613032.0,,,,4174,1613032000	ID:6	[INFO: Metric    ] METRIC_TX type=REAL node=6 seq=158 bytes=48 time_ms=1612944
RX,REAL,,6,158,48,1613050.88,1612619,1613050.88,1612944,1612619,18.87999999988824,4175,1613050880	ID:1	[INFO: Metric    ] METRIC_RX type=REAL src=6 seq=158 send_ms=1612944 recv_ms=1612619 bytes=48
TX,REAL,4,,157,48,1614277.0,1613328,1614277.0,,,,4178,1614277000	ID:4	[INFO: Metric    ] METRIC_TX type=REAL node=4 seq=157 bytes=48 time_ms=1613328
TX,DUMMY,4,,48,48,1614278.0,1613329,1614278.0,,,,4179,1614278000	ID:4	[INFO: Metric    ] METRIC_TX type=DUMMY node=4 seq=48 bytes=48 time_ms=1613329
RX,REAL,,4,157,48,1614334.168,1613903,1614334.168,1613328,1613903,57.16800000006333,4180,1614334168	ID:1	[INFO: Metric    ] METRIC_RX type=REAL src=4 seq=157 send_ms=1613328 recv_ms=1613903 bytes=48
RX,DUMMY,,4,48,48,1614352.168,1613921,1614352.168,1613329,1613921,,4181,1614352168	ID:1	[INFO: Metric    ] METRIC_RX type=DUMMY src=4 seq=48 send_ms=1613329 recv_ms=1613921 bytes=48
TX,REAL,7,,160,48,1615266.0,1615244,1615266.0,,,,4186,1615266000	ID:7	[INFO: Metric    ] METRIC_TX type=REAL node=7 seq=160 bytes=48 time_ms=1615244
RX,REAL,,7,160,48,1615273.88,1614842,1615273.88,1615244,1614842,7.879999999888241,4187,1615273880	ID:1	[INFO: Metric    ] METRIC_RX type=REAL src=7 seq=160 send_ms=1615244 recv_ms=1614842 bytes=48
TX,REAL,5,,159,48,1618267.0,1617297,1618267.0,,,,4189,1618267000	ID:5	[INFO: Metric    ] METRIC_TX type=REAL node=5 seq=159 bytes=48 time_ms=1617297
RX,REAL,,5,159,48,1618357.168,1617926,1618357.168,1617297,1617926,90.16800000006333,4190,1618357168	ID:1	[INFO: Metric    ] METRIC_RX type=REAL src=5 seq=159 send_ms=1617297 recv_ms=1617926 bytes=48
TX,REAL,3,,161,48,1621187.0,1620975,1621187.0,,,,4192,1621187000	ID:3	[INFO: Metric    ] METRIC_TX type=REAL node=3 seq=161 bytes=48 time_ms=1620975
TX,DUMMY,3,,50,48,1621188.0,1620976,1621188.0,,,,4193,1621188000	ID:3	[INFO: Metric    ] METRIC_TX type=DUMMY node=3 seq=50 bytes=48 time_ms=1620976
RX,REAL,,3,161,48,1621266.168,1620835,1621266.168,1620975,1620835,79.16800000006333,4194,1621266168	ID:1	[INFO: Metric    ] METRIC_RX type=REAL src=3 seq=161 send_ms=1620975 recv_ms=1620835 bytes=48
RX,DUMMY,,3,50,48,1621315.592,1620884,1621315.592,1620976,1620884,,4196,1621315592	ID:1	[INFO: Metric    ] METRIC_RX type=DUMMY src=3 seq=50 send_ms=1620976 recv_ms=1620884 bytes=48
TX,REAL,6,,159,48,1622033.0,1621945,1622033.0,,,,4198,1622033000	ID:6	[INFO: Metric    ] METRIC_TX type=REAL node=6 seq=159 bytes=48 time_ms=1621945
RX,REAL,,6,159,48,1622072.88,1621641,1622072.88,1621945,1621641,39.87999999988824,4199,1622072880	ID:1	[INFO: Metric    ] METRIC_RX type=REAL src=6 seq=159 send_ms=1621945 recv_ms=1621641 bytes=48
TX,REAL,2,,162,48,1622578.0,1622185,1622578.0,,,,4201,1622578000	ID:2	[INFO: Metric    ] METRIC_TX type=REAL node=2 seq=162 bytes=48 time_ms=1622185
RX,REAL,,2,162,48,1622622.88,1622191,1622622.88,1622185,1622191,44.87999999988824,4202,1622622880	ID:1	[INFO: Metric    ] METRIC_RX type=REAL src=2 seq=162 send_ms=1622185 recv_ms=1622191 bytes=48
TX,REAL,7,,161,48,1625267.0,1625245,1625267.0,,,,4204,1625267000	ID:7	[INFO: Metric    ] METRIC_TX type=REAL node=7 seq=161 bytes=48 time_ms=1625245
TX,REAL,4,,158,48,1625279.0,1624330,1625279.0,,,,4205,1625279000	ID:4	[INFO: Metric    ] METRIC_TX type=REAL node=4 seq=158 bytes=48 time_ms=1624330
RX,REAL,,4,158,48,1625327.168,1624896,1625327.168,1624330,1624896,48.16800000006333,4206,1625327168	ID:1	[INFO: Metric    ] METRIC_RX type=REAL src=4 seq=158 send_ms=1624330 recv_ms=1624896 bytes=48
RX,REAL,,7,161,48,1625347.88,1624916,1625347.88,1625245,1624916,80.87999999988824,4207,1625347880	ID:1	[INFO: Metric    ] METRIC_RX type=REAL src=7 seq=161 send_ms=1625245 recv_ms=1624916 bytes=48
TX,REAL,5,,160,48,1628268.0,1627298,1628268.0,,,,4213,1628268000	ID:5	[INFO: Metric    ] METRIC_TX type=REAL node=5 seq=160 bytes=48 time_ms=1627298
TX,DUMMY,5,,54,48,1628269.0,1627299,1628269.0,,,,4214,1628269000	ID:5	[INFO: Metric    ] METRIC_TX type=DUMMY node=5 seq=54 bytes=48 time_ms=1627299
RX,REAL,,5,160,48,1628327.168,1627896,1628327.168,1627298,1627896,59.16800000006333,4215,1628327168	ID:1	[INFO: Metric    ] METRIC_RX type=REAL src=5 seq=160 send_ms=1627298 recv_ms=1627896 bytes=48
RX,DUMMY,,5,54,48,1628420.168,1627989,1628420.168,1627299,1627989,,4217,1628420168	ID:1	[INFO: Metric    ] METRIC_RX type=DUMMY src=5 seq=54 send_ms=1627299 recv_ms=1627989 bytes=48
TX,REAL,3,,162,48,1629189.0,1628977,1629189.0,,,,4219,1629189000	ID:3	[INFO: Metric    ] METRIC_TX type=REAL node=3 seq=162 bytes=48 time_ms=1628977
TX,DUMMY,3,,51,48,1629190.0,1628978,1629190.0,,,,4220,1629190000	ID:3	[INFO: Metric    ] METRIC_TX type=DUMMY node=3 seq=51 bytes=48 time_ms=1628978
RX,REAL,,3,162,48,1629266.168,1628835,1629266.168,1628977,1628835,77.16800000006333,4221,1629266168	ID:1	[INFO: Metric    ] METRIC_RX type=REAL src=3 seq=162 send_ms=1628977 recv_ms=1628835 bytes=48
RX,DUMMY,,3,51,48,1629312.168,1628881,1629312.168,1628978,1628881,,4222,1629312168	ID:1	[INFO: Metric    ] METRIC_RX type=DUMMY src=3 seq=51 send_ms=1628978 recv_ms=1628881 bytes=48
TX,REAL,6,,160,48,1634034.0,1633946,1634034.0,,,,4227,1634034000	ID:6	[INFO: Metric    ] METRIC_TX type=REAL node=6 seq=160 bytes=48 time_ms=1633946
RX,REAL,,6,160,48,1634063.88,1633632,1634063.88,1633946,1633632,29.87999999988824,4228,1634063880	ID:1	[INFO: Metric    ] METRIC_RX type=REAL src=6 seq=160 send_ms=1633946 recv_ms=1633632 bytes=48
TX,REAL,2,,163,48,1634579.0,1634186,1634579.0,,,,4230,1634579000	ID:2	[INFO: Metric    ] METRIC_TX type=REAL node=2 seq=163 bytes=48 time_ms=1634186
RX,REAL,,2,163,48,1634599.88,1634168,1634599.88,1634186,1634168,20.87999999988824,4231,1634599880	ID:1	[INFO: Metric    ] METRIC_RX type=REAL src=2 seq=163 send_ms=1634186 recv_ms=1634168 bytes=48
TX,REAL,4,,159,48,1636280.0,1635331,1636280.0,,,,4233,1636280000	ID:4	[INFO: Metric    ] METRIC_TX type=REAL node=4 seq=159 bytes=48 time_ms=1635331
RX,REAL,,4,159,48,1636320.168,1635889,1636320.168,1635331,1635889,40.16800000006333,4234,1636320168	ID:1	[INFO: Metric    ] METRIC_RX type=REAL src=4 seq=159 send_ms=1635331 recv_ms=1635889 bytes=48
TX,REAL,7,,162,48,1637268.0,1637246,1637268.0,,,,4236,1637268000	ID:7	[INFO: Metric    ] METRIC_TX type=REAL node=7 seq=162 bytes=48 time_ms=1637246
TX,REAL,5,,161,48,1637270.0,1636300,1637270.0,,,,4237,1637270000	ID:5	[INFO: Metric    ] METRIC_TX type=REAL node=5 seq=161 bytes=48 time_ms=1636300
RX,REAL,,7,162,48,1637306.88,1636875,1637306.88,1637246,1636875,38.87999999988824,4238,1637306880	ID:1	[INFO: Metric    ] METRIC_RX type=REAL src=7 seq=162 send_ms=1637246 recv_ms=1636875 bytes=48
RX,REAL,,5,161,48,1637326.168,1636895,1637326.168,1636300,1636895,56.16800000006333,4239,1637326168	ID:1	[INFO: Metric    ] METRIC_RX type=REAL src=5 seq=161 send_ms=1636300 recv_ms=1636895 bytes=48
TX,REAL,3,,163,48,1641191.0,1640979,1641191.0,,,,4242,1641191000	ID:3	[INFO: Metric    ] METRIC_TX type=REAL node=3 seq=163 bytes=48 time_ms=1640979
TX,DUMMY,3,,52,48,1641192.0,1640980,1641192.0,,,,4243,1641192000	ID:3	[INFO: Metric    ] METRIC_TX type=DUMMY node=3 seq=52 bytes=48 time_ms=1640980
RX,REAL,,3,163,48,1641260.304,1640829,1641260.304,1640979,1640829,69.30400000000373,4244,1641260304	ID:1	[INFO: Metric    ] METRIC_RX type=REAL src=3 seq=163 send_ms=1640979 recv_ms=1640829 bytes=48
RX,DUMMY,,3,52,48,1641280.168,1640849,1641280.168,1640980,1640849,,4246,1641280168	ID:1	[INFO: Metric    ] METRIC_RX type=DUMMY src=3 seq=52 send_ms=1640980 recv_ms=1640849 bytes=48
TX,REAL,2,,164,48,1642580.0,1642187,1642580.0,,,,4249,1642580000	ID:2	[INFO: Metric    ] METRIC_TX type=REAL node=2 seq=164 bytes=48 time_ms=1642187
TX,DUMMY,2,,47,48,1642581.0,1642188,1642581.0,,,,4250,1642581000	ID:2	[INFO: Metric    ] METRIC_TX type=DUMMY node=2 seq=47 bytes=48 time_ms=1642188
RX,REAL,,2,164,48,1642586.88,1642155,1642586.88,1642187,1642155,6.879999999888241,4251,1642586880	ID:1	[INFO: Metric    ] METRIC_RX type=REAL src=2 seq=164 send_ms=1642187 recv_ms=1642155 bytes=48
RX,DUMMY,,2,47,48,1642595.88,1642164,1642595.88,1642188,1642164,,4252,1642595880	ID:1	[INFO: Metric    ] METRIC_RX type=DUMMY src=2 seq=47 send_ms=1642188 recv_ms=1642164 bytes=48
TX,REAL,6,,161,48,1643035.0,1642947,1643035.0,,,,4255,1643035000	ID:6	[INFO: Metric    ] METRIC_TX type=REAL node=6 seq=161 bytes=48 time_ms=1642947
TX,DUMMY,6,,48,48,1643036.0,1642948,1643036.0,,,,4256,1643036000	ID:6	[INFO: Metric    ] METRIC_TX type=DUMMY node=6 seq=48 bytes=48 time_ms=1642948
RX,REAL,,6,161,48,1643074.88,1642643,1643074.88,1642947,1642643,39.87999999988824,4257,1643074880	ID:1	[INFO: Metric    ] METRIC_RX type=REAL src=6 seq=161 send_ms=1642947 recv_ms=1642643 bytes=48
RX,DUMMY,,6,48,48,1643109.88,1642678,1643109.88,1642948,1642678,,4259,1643109880	ID:1	[INFO: Metric    ] METRIC_RX type=DUMMY src=6 seq=48 send_ms=1642948 recv_ms=1642678 bytes=48
TX,REAL,7,,163,48,1645269.0,1645247,1645269.0,,,,4261,1645269000	ID:7	[INFO: Metric    ] METRIC_TX type=REAL node=7 seq=163 bytes=48 time_ms=1645247
TX,DUMMY,7,,55,48,1645270.0,1645248,1645270.0,,,,4262,1645270000	ID:7	[INFO: Metric    ] METRIC_TX type=DUMMY node=7 seq=55 bytes=48 time_ms=1645248
TX,REAL,4,,160,48,1645281.0,1644332,1645281.0,,,,4265,1645281000	ID:4	[INFO: Metric    ] METRIC_TX type=REAL node=4 seq=160 bytes=48 time_ms=1644332
TX,DUMMY,4,,49,48,1645281.784,1644333,1645281.784,,,,4266,1645281784	ID:4	[INFO: Metric    ] METRIC_TX type=DUMMY node=4 seq=49 bytes=48 time_ms=1644333
RX,REAL,,7,163,48,1645282.88,1644851,1645282.88,1645247,1644851,13.879999999888241,4267,1645282880	ID:1	[INFO: Metric    ] METRIC_RX type=REAL src=7 seq=163 send_ms=1645247 recv_ms=1644851 bytes=48
RX,REAL,,4,160,48,1645344.168,1644913,1645344.168,1644332,1644913,63.16800000006333,4269,1645344168	ID:1	[INFO: Metric    ] METRIC_RX type=REAL src=4 seq=160 send_ms=1644332 recv_ms=1644913 bytes=48
RX,DUMMY,,7,55,48,1645372.88,1644941,1645372.88,1645248,1644941,,4270,1645372880	ID:1	[INFO: Metric    ] METRIC_RX type=DUMMY src=7 seq=55 send_ms=1645248 recv_ms=1644941 bytes=48
RX,DUMMY,,4,49,48,1645427.168,1644996,1645427.168,1644333,1644996,,4273,1645427168	ID:1	[INFO: Metric    ] METRIC_RX type=DUMMY src=4 seq=49 send_ms=1644333 recv_ms=1644996 bytes=48
TX,REAL,5,,162,48,1646271.0,1645301,1646271.0,,,,4275,1646271000	ID:5	[INFO: Metric    ] METRIC_TX type=REAL node=5 seq=162 bytes=48 time_ms=1645301
RX,REAL,,5,162,48,1646353.168,1645922,1646353.168,1645301,1645922,82.16800000006333,4276,1646353168	ID:1	[INFO: Metric    ] METRIC_RX type=REAL src=5 seq=162 send_ms=1645301 recv_ms=1645922 bytes=48
TX,REAL,6,,162,48,1653037.0,1652949,1653037.0,,,,4279,1653037000	ID:6	[INFO: Metric    ] METRIC_TX type=REAL node=6 seq=162 bytes=48 time_ms=1652949
RX,REAL,,6,162,48,1653065.88,1652634,1653065.88,1652949,1652634,28.87999999988824,4280,1653065880	ID:1	[INFO: Metric    ] METRIC_RX type=REAL src=6 seq=162 send_ms=1652949 recv_ms=1652634 bytes=48
TX,REAL,3,,164,48,1653193.0,1652981,1653193.0,,,,4282,1653193000	ID:3	[INFO: Metric    ] METRIC_TX type=REAL node=3 seq=164 bytes=48 time_ms=1652981
RX,REAL,,3,164,48,1653234.168,1652803,1653234.168,1652981,1652803,41.16800000006333,4283,1653234168	ID:1	[INFO: Metric    ] METRIC_RX type=REAL src=3 seq=164 send_ms=1652981 recv_ms=1652803 bytes=48
TX,REAL,4,,161,48,1653282.0,1652333,1653282.0,,,,4284,1653282000	ID:4	[INFO: Metric    ] METRIC_TX type=REAL node=4 seq=161 bytes=48 time_ms=1652333
RX,REAL,,4,161,48,1653353.168,1652922,1653353.168,1652333,1652922,71.16800000006333,4286,1653353168	ID:1	[INFO: Metric    ] METRIC_RX type=REAL src=4 seq=161 send_ms=1652333 recv_ms=1652922 bytes=48
TX,REAL,2,,165,48,1653582.0,1653189,1653582.0,,,,4288,1653582000	ID:2	[INFO: Metric    ] METRIC_TX type=REAL node=2 seq=165 bytes=48 time_ms=1653189
TX,DUMMY,2,,48,48,1653583.0,1653190,1653583.0,,,,4289,1653583000	ID:2	[INFO: Metric    ] METRIC_TX type=DUMMY node=2 seq=48 bytes=48 time_ms=1653190
RX,REAL,,2,165,48,1653618.88,1653187,1653618.88,1653189,1653187,36.87999999988824,4290,1653618880	ID:1	[INFO: Metric    ] METRIC_RX type=REAL src=2 seq=165 send_ms=1653189 recv_ms=1653187 bytes=48
RX,DUMMY,,2,48,48,1653655.88,1653224,1653655.88,1653190,1653224,,4291,1653655880	ID:1	[INFO: Metric    ] METRIC_RX type=DUMMY src=2 seq=48 send_ms=1653190 recv_ms=1653224 bytes=48
TX,REAL,7,,164,48,1654271.0,1654249,1654271.0,,,,4294,1654271000	ID:7	[INFO: Metric    ] METRIC_TX type=REAL node=7 seq=164 bytes=48 time_ms=1654249
TX,DUMMY,7,,56,48,1654272.0,1654250,1654272.0,,,,4295,1654272000	ID:7	[INFO: Metric    ] METRIC_TX type=DUMMY node=7 seq=56 bytes=48 time_ms=1654250
RX,REAL,,7,164,48,1654286.88,1653855,1654286.88,1654249,1653855,15.879999999888241,4296,1654286880	ID:1	[INFO: Metric    ] METRIC_RX type=REAL src=7 seq=164 send_ms=1654249 recv_ms=1653855 bytes=48
RX,DUMMY,,7,56,48,1654319.88,1653888,1654319.88,1654250,1653888,,4298,1654319880	ID:1	[INFO: Metric    ] METRIC_RX type=DUMMY src=7 seq=56 send_ms=1654250 recv_ms=1653888 bytes=48
TX,REAL,5,,163,48,1658272.0,1657302,1658272.0,,,,4300,1658272000	ID:5	[INFO: Metric    ] METRIC_TX type=REAL node=5 seq=163 bytes=48 time_ms=1657302
TX,DUMMY,5,,55,48,1658273.0,1657303,1658273.0,,,,4301,1658273000	ID:5	[INFO: Metric    ] METRIC_TX type=DUMMY node=5 seq=55 bytes=48 time_ms=1657303
RX,REAL,,5,163,48,1658333.168,1657902,1658333.168,1657302,1657902,61.16800000006333,4302,1658333168	ID:1	[INFO: Metric    ] METRIC_RX type=REAL src=5 seq=163 send_ms=1657302 recv_ms=1657902 bytes=48
RX,DUMMY,,5,55,48,1658374.168,1657943,1658374.168,1657303,1657943,,4303,1658374168	ID:1	[INFO: Metric    ] METRIC_RX type=DUMMY src=5 seq=55 send_ms=1657303 recv_ms=1657943 bytes=48
TX,REAL,2,,166,48,1661584.0,1661191,1661584.0,,,,4306,1661584000	ID:2	[INFO: Metric    ] METRIC_TX type=REAL node=2 seq=166 bytes=48 time_ms=1661191
TX,DUMMY,2,,49,48,1661585.0,1661192,1661585.0,,,,4307,1661585000	ID:2	[INFO: Metric    ] METRIC_TX type=DUMMY node=2 seq=49 bytes=48 time_ms=1661192
RX,REAL,,2,166,48,1661627.88,1661196,1661627.88,1661191,1661196,43.87999999988824,4308,1661627880	ID:1	[INFO: Metric    ] METRIC_RX type=REAL src=2 seq=166 send_ms=1661191 recv_ms=1661196 bytes=48
RX,DUMMY,,2,49,48,1661637.88,1661206,1661637.88,1661192,1661206,,4310,1661637880	ID:1	[INFO: Metric    ] METRIC_RX type=DUMMY src=2 seq=49 send_ms=1661192 recv_ms=1661206 bytes=48
TX,REAL,6,,163,48,1663038.0,1662950,1663038.0,,,,4313,1663038000	ID:6	[INFO: Metric    ] METRIC_TX type=REAL node=6 seq=163 bytes=48 time_ms=1662950
TX,DUMMY,6,,49,48,1663039.0,1662951,1663039.0,,,,4314,1663039000	ID:6	[INFO: Metric    ] METRIC_TX type=DUMMY node=6 seq=49 bytes=48 time_ms=1662951
RX,REAL,,6,163,48,1663049.88,1662618,1663049.88,1662950,1662618,11.879999999888241,4315,1663049880	ID:1	[INFO: Metric    ] METRIC_RX type=REAL src=6 seq=163 send_ms=1662950 recv_ms=1662618 bytes=48
RX,DUMMY,,6,49,48,1663073.88,1662642,1663073.88,1662951,1662642,,4316,1663073880	ID:1	[INFO: Metric    ] METRIC_RX type=DUMMY src=6 seq=49 send_ms=1662951 recv_ms=1662642 bytes=48
TX,REAL,3,,165,48,1664194.0,1663982,1664194.0,,,,4319,1664194000	ID:3	[INFO: Metric    ] METRIC_TX type=REAL node=3 seq=165 bytes=48 time_ms=1663982
TX,DUMMY,3,,53,48,1664195.0,1663983,1664195.0,,,,4320,1664195000	ID:3	[INFO: Metric    ] METRIC_TX type=DUMMY node=3 seq=53 bytes=48 time_ms=1663983
RX,REAL,,3,165,48,1664235.304,1663804,1664235.304,1663982,1663804,41.304000000003725,4321,1664235304	ID:1	[INFO: Metric    ] METRIC_RX type=REAL src=3 seq=165 send_ms=1663982 recv_ms=1663804 bytes=48
TX,REAL,7,,165,48,1664273.0,1664251,1664273.0,,,,4322,1664273000	ID:7	[INFO: Metric    ] METRIC_TX type=REAL node=7 seq=165 bytes=48 time_ms=1664251
TX,DUMMY,7,,57,48,1664274.0,1664252,1664274.0,,,,4323,1664274000	ID:7	[INFO: Metric    ] METRIC_TX type=DUMMY node=7 seq=57 bytes=48 time_ms=1664252
RX,DUMMY,,3,53,48,1664290.168,1663859,1664290.168,1663983,1663859,,4324,1664290168	ID:1	[INFO: Metric    ] METRIC_RX type=DUMMY src=3 seq=53 send_ms=1663983 recv_ms=1663859 bytes=48
RX,REAL,,7,165,48,1664346.88,1663915,1664346.88,1664251,1663915,73.87999999988824,4326,1664346880	ID:1	[INFO: Metric    ] METRIC_RX type=REAL src=7 seq=165 send_ms=1664251 recv_ms=1663915 bytes=48
RX,DUMMY,,7,57,48,1664473.88,1664042,1664473.88,1664252,1664042,,4329,1664473880	ID:1	[INFO: Metric    ] METRIC_RX type=DUMMY src=7 seq=57 send_ms=1664252 recv_ms=1664042 bytes=48
TX,REAL,4,,162,48,1665283.0,1664334,1665283.0,,,,4331,1665283000	ID:4	[INFO: Metric    ] METRIC_TX type=REAL node=4 seq=162 bytes=48 time_ms=1664334
RX,REAL,,4,162,48,1665330.168,1664899,1665330.168,1664334,1664899,47.16800000006333,4332,1665330168	ID:1	[INFO: Metric    ] METRIC_RX type=REAL src=4 seq=162 send_ms=1664334 recv_ms=1664899 bytes=48
TX,REAL,5,,164,48,1668274.0,1667304,1668274.0,,,,4334,1668274000	ID:5	[INFO: Metric    ] METRIC_TX type=REAL node=5 seq=164 bytes=48 time_ms=1667304
TX,DUMMY,5,,56,48,1668275.0,1667305,1668275.0,,,,4335,1668275000	ID:5	[INFO: Metric    ] METRIC_TX type=DUMMY node=5 seq=56 bytes=48 time_ms=1667305
RX,REAL,,5,164,48,1668320.168,1667889,1668320.168,1667304,1667889,46.16800000006333,4336,1668320168	ID:1	[INFO: Metric    ] METRIC_RX type=REAL src=5 seq=164 send_ms=1667304 recv_ms=1667889 bytes=48
RX,DUMMY,,5,56,48,1668377.168,1667946,1668377.168,1667305,1667946,,4337,1668377168	ID:1	[INFO: Metric    ] METRIC_RX type=DUMMY src=5 seq=56 send_ms=1667305 recv_ms=1667946 bytes=48
TX,REAL,6,,164,48,1671040.0,1670952,1671040.0,,,,4341,1671040000	ID:6	[INFO: Metric    ] METRIC_TX type=REAL node=6 seq=164 bytes=48 time_ms=1670952
RX,REAL,,6,164,48,1671067.88,1670636,1671067.88,1670952,1670636,27.87999999988824,4342,1671067880	ID:1	[INFO: Metric    ] METRIC_RX type=REAL src=6 seq=164 send_ms=1670952 recv_ms=1670636 bytes=48
TX,REAL,7,,166,48,1672275.0,1672253,1672275.0,,,,4344,1672275000	ID:7	[INFO: Metric    ] METRIC_TX type=REAL node=7 seq=166 bytes=48 time_ms=1672253
TX,DUMMY,7,,58,48,1672276.0,1672254,1672276.0,,,,4345,1672276000	ID:7	[INFO: Metric    ] METRIC_TX type=DUMMY node=7 seq=58 bytes=48 time_ms=1672254
RX,REAL,,7,166,48,1672307.88,1671876,1672307.88,1672253,1671876,32.87999999988824,4346,1672307880	ID:1	[INFO: Metric    ] METRIC_RX type=REAL src=7 seq=166 send_ms=1672253 recv_ms=1671876 bytes=48
RX,DUMMY,,7,58,48,1672337.88,1671906,1672337.88,1672254,1671906,,4347,1672337880	ID:1	[INFO: Metric    ] METRIC_RX type=DUMMY src=7 seq=58 send_ms=1672254 recv_ms=1671906 bytes=48
TX,REAL,2,,167,48,1673586.0,1673193,1673586.0,,,,4350,1673586000	ID:2	[INFO: Metric    ] METRIC_TX type=REAL node=2 seq=167 bytes=48 time_ms=1673193
TX,DUMMY,2,,50,48,1673587.0,1673194,1673587.0,,,,4351,1673587000	ID:2	[INFO: Metric    ] METRIC_TX type=DUMMY node=2 seq=50 bytes=48 time_ms=1673194
RX,REAL,,2,167,48,1673596.88,1673165,1673596.88,1673193,1673165,10.879999999888241,4352,1673596880	ID:1	[INFO: Metric    ] METRIC_RX type=REAL src=2 seq=167 send_ms=1673193 recv_ms=1673165 bytes=48
RX,DUMMY,,2,50,48,1673636.88,1673205,1673636.88,1673194,1673205,,4354,1673636880	ID:1	[INFO: Metric    ] METRIC_RX type=DUMMY src=2 seq=50 send_ms=1673194 recv_ms=1673205 bytes=48
TX,REAL,3,,166,48,1674196.0,1673984,1674196.0,,,,4356,1674196000	ID:3	[INFO: Metric    ] METRIC_TX type=REAL node=3 seq=166 bytes=48 time_ms=1673984
TX,DUMMY,3,,54,48,1674197.0,1673985,1674197.0,,,,4357,1674197000	ID:3	[INFO: Metric    ] METRIC_TX type=DUMMY node=3 seq=54 bytes=48 time_ms=1673985
RX,REAL,,3,166,48,1674236.168,1673805,1674236.168,1673984,1673805,40.16800000006333,4358,1674236168	ID:1	[INFO: Metric    ] METRIC_RX type=REAL src=3 seq=166 send_ms=1673984 recv_ms=1673805 bytes=48
RX,DUMMY,,3,54,48,1674267.168,1673836,1674267.168,1673985,1673836,,4359,1674267168	ID:1	[INFO: Metric    ] METRIC_RX type=DUMMY src=3 seq=54 send_ms=1673985 recv_ms=1673836 bytes=48
TX,REAL,5,,165,48,1676276.0,1675306,1676276.0,,,,4362,1676276000	ID:5	[INFO: Metric    ] METRIC_TX type=REAL node=5 seq=165 bytes=48 time_ms=1675306
TX,DUMMY,5,,57,48,1676277.0,1675307,1676277.0,,,,4363,1676277000	ID:5	[INFO: Metric    ] METRIC_TX type=DUMMY node=5 seq=57 bytes=48 time_ms=1675307
TX,REAL,4,,163,48,1676284.0,1675335,1676284.0,,,,4364,1676284000	ID:4	[INFO: Metric    ] METRIC_TX type=REAL node=4 seq=163 bytes=48 time_ms=1675335
RX,REAL,,4,163,48,1676378.168,1675947,1676378.168,1675335,1675947,94.16800000006333,4365,1676378168	ID:1	[INFO: Metric    ] METRIC_RX type=REAL src=4 seq=163 send_ms=1675335 recv_ms=1675947 bytes=48
RX,REAL,,5,165,48,1676392.168,1675961,1676392.168,1675306,1675961,116.16800000006333,4366,1676392168	ID:1	[INFO: Metric    ] METRIC_RX type=REAL src=5 seq=165 send_ms=1675306 recv_ms=1675961 bytes=48
RX,DUMMY,,5,57,48,1676408.168,1675977,1676408.168,1675307,1675977,,4367,1676408168	ID:1	[INFO: Metric    ] METRIC_RX type=DUMMY src=5 seq=57 send_ms=1675307 recv_ms=1675977 bytes=48
TX,REAL,6,,165,48,1679041.0,1678953,1679041.0,,,,4372,1679041000	ID:6	[INFO: Metric    ] METRIC_TX type=REAL node=6 seq=165 bytes=48 time_ms=1678953
RX,REAL,,6,165,48,1679062.88,1678631,1679062.88,1678953,1678631,21.87999999988824,4373,1679062880	ID:1	[INFO: Metric    ] METRIC_RX type=REAL src=6 seq=165 send_ms=1678953 recv_ms=1678631 bytes=48
TX,REAL,7,,167,48,1680277.0,1680255,1680277.0,,,,4375,1680277000	ID:7	[INFO: Metric    ] METRIC_TX type=REAL node=7 seq=167 bytes=48 time_ms=1680255
TX,DUMMY,7,,59,48,1680278.0,1680256,1680278.0,,,,4376,1680278000	ID:7	[INFO: Metric    ] METRIC_TX type=DUMMY node=7 seq=59 bytes=48 time_ms=1680256
RX,REAL,,7,167,48,1680299.88,1679868,1680299.88,1680255,1679868,22.87999999988824,4377,1680299880	ID:1	[INFO: Metric    ] METRIC_RX type=REAL src=7 seq=167 send_ms=1680255 recv_ms=1679868 bytes=48
RX,DUMMY,,7,59,48,1680322.88,1679891,1680322.88,1680256,1679891,,4378,1680322880	ID:1	[INFO: Metric    ] METRIC_RX type=DUMMY src=7 seq=59 send_ms=1680256 recv_ms=1679891 bytes=48
TX,REAL,3,,167,48,1682198.0,1681986,1682198.0,,,,4381,1682198000	ID:3	[INFO: Metric    ] METRIC_TX type=REAL node=3 seq=167 bytes=48 time_ms=1681986
RX,REAL,,3,167,48,1682281.168,1681850,1682281.168,1681986,1681850,83.16800000006333,4382,1682281168	ID:1	[INFO: Metric    ] METRIC_RX type=REAL src=3 seq=167 send_ms=1681986 recv_ms=1681850 bytes=48
TX,REAL,2,,168,48,1685588.0,1685195,1685588.0,,,,4384,1685588000	ID:2	[INFO: Metric    ] METRIC_TX type=REAL node=2 seq=168 bytes=48 time_ms=1685195
RX,REAL,,2,168,48,1685604.88,1685173,1685604.88,1685195,1685173,16.87999999988824,4385,1685604880	ID:1	[INFO: Metric    ] METRIC_RX type=REAL src=2 seq=168 send_ms=1685195 recv_ms=1685173 bytes=48
TX,REAL,5,,166,48,1686278.0,1685308,1686278.0,,,,4387,1686278000	ID:5	[INFO: Metric    ] METRIC_TX type=REAL node=5 seq=166 bytes=48 time_ms=1685308
RX,REAL,,5,166,48,1686340.168,1685909,1686340.168,1685308,1685909,62.16800000006333,4388,1686340168	ID:1	[INFO: Metric    ] METRIC_RX type=REAL src=5 seq=166 send_ms=1685308 recv_ms=1685909 bytes=48
TX,REAL,6,,166,48,1687042.0,1686954,1687042.0,,,,4390,1687042000	ID:6	[INFO: Metric    ] METRIC_TX type=REAL node=6 seq=166 bytes=48 time_ms=1686954
RX,REAL,,6,166,48,1687054.88,1686623,1687054.88,1686954,1686623,12.879999999888241,4391,1687054880	ID:1	[INFO: Metric    ] METRIC_RX type=REAL src=6 seq=166 send_ms=1686954 recv_ms=1686623 bytes=48
TX,REAL,4,,164,48,1687285.0,1686336,1687285.0,,,,4393,1687285000	ID:4	[INFO: Metric    ] METRIC_TX type=REAL node=4 seq=164 bytes=48 time_ms=1686336
RX,REAL,,4,164,48,1687346.168,1686915,1687346.168,1686336,1686915,61.16800000006333,4394,1687346168	ID:1	[INFO: Metric    ] METRIC_RX type=REAL src=4 seq=164 send_ms=1686336 recv_ms=1686915 bytes=48
TX,REAL,7,,168,48,1689279.0,1689257,1689279.0,,,,4396,1689279000	ID:7	[INFO: Metric    ] METRIC_TX type=REAL node=7 seq=168 bytes=48 time_ms=1689257
RX,REAL,,7,168,48,1689285.88,1688854,1689285.88,1689257,1688854,6.879999999888241,4397,1689285880	ID:1	[INFO: Metric    ] METRIC_RX type=REAL src=7 seq=168 send_ms=1689257 recv_ms=1688854 bytes=48
TX,REAL,3,,168,48,1691199.0,1690987,1691199.0,,,,4399,1691199000	ID:3	[INFO: Metric    ] METRIC_TX type=REAL node=3 seq=168 bytes=48 time_ms=1690987
RX,REAL,,3,168,48,1691262.168,1690831,1691262.168,1690987,1690831,63.16800000006333,4400,1691262168	ID:1	[INFO: Metric    ] METRIC_RX type=REAL src=3 seq=168 send_ms=1690987 recv_ms=1690831 bytes=48
TX,REAL,2,,169,48,1693589.0,1693196,1693589.0,,,,4403,1693589000	ID:2	[INFO: Metric    ] METRIC_TX type=REAL node=2 seq=169 bytes=48 time_ms=1693196
RX,REAL,,2,169,48,1693611.88,1693180,1693611.88,1693196,1693180,22.87999999988824,4404,1693611880	ID:1	[INFO: Metric    ] METRIC_RX type=REAL src=2 seq=169 send_ms=1693196 recv_ms=1693180 bytes=48
TX,REAL,6,,167,48,1698043.0,1697955,1698043.0,,,,4406,1698043000	ID:6	[INFO: Metric    ] METRIC_TX type=REAL node=6 seq=167 bytes=48 time_ms=1697955
RX,REAL,,6,167,48,1698079.88,1697648,1698079.88,1697955,1697648,36.87999999988824,4407,1698079880	ID:1	[INFO: Metric    ] METRIC_RX type=REAL src=6 seq=167 send_ms=1697955 recv_ms=1697648 bytes=48
TX,REAL,5,,167,48,1698279.0,1697309,1698279.0,,,,4409,1698279000	ID:5	[INFO: Metric    ] METRIC_TX type=REAL node=5 seq=167 bytes=48 time_ms=1697309
TX,REAL,7,,169,48,1698280.0,1698258,1698280.0,,,,4410,1698280000	ID:7	[INFO: Metric    ] METRIC_TX type=REAL node=7 seq=169 bytes=48 time_ms=1698258
TX,DUMMY,5,,58,48,1698280.0,1697310,1698280.0,,,,4411,1698280000	ID:5	[INFO: Metric    ] METRIC_TX type=DUMMY node=5 seq=58 bytes=48 time_ms=1697310
TX,DUMMY,7,,60,48,1698281.0,1698259,1698281.0,,,,4412,1698281000	ID:7	[INFO: Metric    ] METRIC_TX type=DUMMY node=7 seq=60 bytes=48 time_ms=1698259
TX,REAL,4,,165,48,1698286.0,1697337,1698286.0,,,,4413,1698286000	ID:4	[INFO: Metric    ] METRIC_TX type=REAL node=4 seq=165 bytes=48 time_ms=1697337
RX,REAL,,7,169,48,1698365.88,1697934,1698365.88,1698258,1697934,85.87999999988824,4414,1698365880	ID:1	[INFO: Metric    ] METRIC_RX type=REAL src=7 seq=169 send_ms=1698258 recv_ms=1697934 bytes=48
RX,REAL,,4,165,48,1698370.048,1697939,1698370.048,1697337,1697939,84.04799999995157,4415,1698370048	ID:1	[INFO: Metric    ] METRIC_RX type=REAL src=4 seq=165 send_ms=1697337 recv_ms=1697939 bytes=48
RX,REAL,,5,167,48,1698451.168,1698020,1698451.168,1697309,1698020,172.16800000006333,4417,1698451168	ID:1	[INFO: Metric    ] METRIC_RX type=REAL src=5 seq=167 send_ms=1697309 recv_ms=1698020 bytes=48
RX,DUMMY,,7,60,48,1698499.88,1698068,1698499.88,1698259,1698068,,4419,1698499880	ID:1	[INFO: Metric    ] METRIC_RX type=DUMMY src=7 seq=60 send_ms=1698259 recv_ms=1698068 bytes=48
RX,DUMMY,,5,58,48,1698521.168,1698090,1698521.168,1697310,1698090,,4420,1698521168	ID:1	[INFO: Metric    ] METRIC_RX type=DUMMY src=5 seq=58 send_ms=1697310 recv_ms=1698090 bytes=48
TX,REAL,3,,169,48,1701200.0,1700988,1701200.0,,,,4424,1701200000	ID:3	[INFO: Metric    ] METRIC_TX type=REAL node=3 seq=169 bytes=48 time_ms=1700988
TX,DUMMY,3,,55,48,1701201.0,1700989,1701201.0,,,,4425,1701201000	ID:3	[INFO: Metric    ] METRIC_TX type=DUMMY node=3 seq=55 bytes=48 time_ms=1700989
RX,REAL,,3,169,48,1701262.168,1700831,1701262.168,1700988,1700831,62.16800000006333,4426,1701262168	ID:1	[INFO: Metric    ] METRIC_RX type=REAL src=3 seq=169 send_ms=1700988 recv_ms=1700831 bytes=48
RX,DUMMY,,3,55,48,1701307.168,1700876,1701307.168,1700989,1700876,,4428,1701307168	ID:1	[INFO: Metric    ] METRIC_RX type=DUMMY src=3 seq=55 send_ms=1700989 recv_ms=1700876 bytes=48
TX,REAL,2,,170,48,1703590.0,1703197,1703590.0,,,,4432,1703590000	ID:2	[INFO: Metric    ] METRIC_TX type=REAL node=2 seq=170 bytes=48 time_ms=1703197
TX,DUMMY,2,,51,48,1703591.0,1703198,1703591.0,,,,4433,1703591000	ID:2	[INFO: Metric    ] METRIC_TX type=DUMMY node=2 seq=51 bytes=48 time_ms=1703198
RX,REAL,,2,170,48,1703632.88,1703201,1703632.88,1703197,1703201,42.87999999988824,4434,1703632880	ID:1	[INFO: Metric    ] METRIC_RX type=REAL src=2 seq=170 send_ms=1703197 recv_ms=1703201 bytes=48
RX,DUMMY,,2,51,48,1703643.88,1703212,1703643.88,1703198,1703212,,4436,1703643880	ID:1	[INFO: Metric    ] METRIC_RX type=DUMMY src=2 seq=51 send_ms=1703198 recv_ms=1703212 bytes=48
TX,REAL,5,,168,48,1709281.0,1708311,1709281.0,,,,4441,1709281000	ID:5	[INFO: Metric    ] METRIC_TX type=REAL node=5 seq=168 bytes=48 time_ms=1708311
TX,REAL,7,,170,48,1709282.0,1709260,1709282.0,,,,4442,1709282000	ID:7	[INFO: Metric    ] METRIC_TX type=REAL node=7 seq=170 bytes=48 time_ms=1709260
TX,REAL,4,,166,48,1709287.0,1708338,1709287.0,,,,4443,1709287000	ID:4	[INFO: Metric    ] METRIC_TX type=REAL node=4 seq=166 bytes=48 time_ms=1708338
RX,REAL,,7,170,48,1709322.88,1708891,1709322.88,1709260,1708891,40.87999999988824,4444,1709322880	ID:1	[INFO: Metric    ] METRIC_RX type=REAL src=7 seq=170 send_ms=1709260 recv_ms=1708891 bytes=48
RX,REAL,,5,168,48,1709352.168,1708921,1709352.168,1708311,1708921,71.16800000006333,4445,1709352168	ID:1	[INFO: Metric    ] METRIC_RX type=REAL src=5 seq=168 send_ms=1708311 recv_ms=1708921 bytes=48
RX,REAL,,4,166,48,1709422.168,1708991,1709422.168,1708338,1708991,135.16800000006333,4448,1709422168	ID:1	[INFO: Metric    ] METRIC_RX type=REAL src=4 seq=166 send_ms=1708338 recv_ms=1708991 bytes=48
TX,REAL,6,,168,48,1710044.0,1709956,1710044.0,,,,4450,1710044000	ID:6	[INFO: Metric    ] METRIC_TX type=REAL node=6 seq=168 bytes=48 time_ms=1709956
TX,DUMMY,6,,50,48,1710045.0,1709957,1710045.0,,,,4451,1710045000	ID:6	[INFO: Metric    ] METRIC_TX type=DUMMY node=6 seq=50 bytes=48 time_ms=1709957
RX,REAL,,6,168,48,1710064.88,1709633,1710064.88,1709956,1709633,20.87999999988824,4452,1710064880	ID:1	[INFO: Metric    ] METRIC_RX type=REAL src=6 seq=168 send_ms=1709956 recv_ms=1709633 bytes=48
RX,DUMMY,,6,50,48,1710094.88,1709663,1710094.88,1709957,1709663,,4454,1710094880	ID:1	[INFO: Metric    ] METRIC_RX type=DUMMY src=6 seq=50 send_ms=1709957 recv_ms=1709663 bytes=48
TX,REAL,3,,170,48,1710202.0,1709990,1710202.0,,,,4458,1710202000	ID:3	[INFO: Metric    ] METRIC_TX type=REAL node=3 seq=170 bytes=48 time_ms=1709990
TX,DUMMY,3,,56,48,1710203.0,1709991,1710203.0,,,,4459,1710203000	ID:3	[INFO: Metric    ] METRIC_TX type=DUMMY node=3 seq=56 bytes=48 time_ms=1709991
RX,REAL,,3,170,48,1710243.168,1709812,1710243.168,1709990,1709812,41.16800000006333,4460,1710243168	ID:1	[INFO: Metric    ] METRIC_RX type=REAL src=3 seq=170 send_ms=1709990 recv_ms=1709812 bytes=48
RX,DUMMY,,3,56,48,1710264.168,1709833,1710264.168,1709991,1709833,,4461,1710264168	ID:1	[INFO: Metric    ] METRIC_RX type=DUMMY src=3 seq=56 send_ms=1709991 recv_ms=1709833 bytes=48
TX,REAL,2,,171,48,1712592.0,1712199,1712592.0,,,,4464,1712592000	ID:2	[INFO: Metric    ] METRIC_TX type=REAL node=2 seq=171 bytes=48 time_ms=1712199
TX,DUMMY,2,,52,48,1712593.0,1712200,1712593.0,,,,4465,1712593000	ID:2	[INFO: Metric    ] METRIC_TX type=DUMMY node=2 seq=52 bytes=48 time_ms=1712200
RX,REAL,,2,171,48,1712630.88,1712199,1712630.88,1712199,1712199,38.87999999988824,4466,1712630880	ID:1	[INFO: Metric    ] METRIC_RX type=REAL src=2 seq=171 send_ms=1712199 recv_ms=1712199 bytes=48
RX,DUMMY,,2,52,48,1712666.88,1712235,1712666.88,1712200,1712235,,4468,1712666880	ID:1	[INFO: Metric    ] METRIC_RX type=DUMMY src=2 seq=52 send_ms=1712200 recv_ms=1712235 bytes=48
TX,REAL,6,,169,48,1719046.0,1718958,1719046.0,,,,4471,1719046000	ID:6	[INFO: Metric    ] METRIC_TX type=REAL node=6 seq=169 bytes=48 time_ms=1718958
RX,REAL,,6,169,48,1719065.88,1718634,1719065.88,1718958,1718634,19.87999999988824,4472,1719065880	ID:1	[INFO: Metric    ] METRIC_RX type=REAL src=6 seq=169 send_ms=1718958 recv_ms=1718634 bytes=48
TX,REAL,5,,169,48,1721282.0,1720312,1721282.0,,,,4474,1721282000	ID:5	[INFO: Metric    ] METRIC_TX type=REAL node=5 seq=169 bytes=48 time_ms=1720312
TX,REAL,7,,171,48,1721283.0,1721261,1721283.0,,,,4475,1721283000	ID:7	[INFO: Metric    ] METRIC_TX type=REAL node=7 seq=171 bytes=48 time_ms=1721261
TX,REAL,4,,167,48,1721287.04,1720339,1721287.04,,,,4476,1721287040	ID:4	[INFO: Metric    ] METRIC_TX type=REAL node=4 seq=167 bytes=48 time_ms=1720339
RX,REAL,,7,171,48,1721321.88,1720890,1721321.88,1721261,1720890,38.87999999988824,4477,1721321880	ID:1	[INFO: Metric    ] METRIC_RX type=REAL src=7 seq=171 send_ms=1721261 recv_ms=1720890 bytes=48
RX,REAL,,4,167,48,1721352.168,1720921,1721352.168,1720339,1720921,65.12800000002608,4478,1721352168	ID:1	[INFO: Metric    ] METRIC_RX type=REAL src=4 seq=167 send_ms=1720339 recv_ms=1720921 bytes=48
RX,REAL,,5,169,48,1721434.168,1721003,1721434.168,1720312,1721003,152.16800000006333,4480,1721434168	ID:1	[INFO: Metric    ] METRIC_RX type=REAL src=5 seq=169 send_ms=1720312 recv_ms=1721003 bytes=48
TX,REAL,3,,171,48,1722204.0,1721992,1722204.0,,,,4483,1722204000	ID:3	[INFO: Metric    ] METRIC_TX type=REAL node=3 seq=171 bytes=48 time_ms=1721992
RX,REAL,,3,171,48,1722229.168,1721798,1722229.168,1721992,1721798,25.16800000006333,4484,1722229168	ID:1	[INFO: Metric    ] METRIC_RX type=REAL src=3 seq=171 send_ms=1721992 recv_ms=1721798 bytes=48
TX,REAL,2,,172,48,1724594.0,1724201,1724594.0,,,,4486,1724594000	ID:2	[INFO: Metric    ] METRIC_TX type=REAL node=2 seq=172 bytes=48 time_ms=1724201
RX,REAL,,2,172,48,1724630.88,1724199,1724630.88,1724201,1724199,36.87999999988824,4487,1724630880	ID:1	[INFO: Metric    ] METRIC_RX type=REAL src=2 seq=172 send_ms=1724201 recv_ms=1724199 bytes=48
TX,REAL,6,,170,48,1728047.0,1727959,1728047.0,,,,4491,1728047000	ID:6	[INFO: Metric    ] METRIC_TX type=REAL node=6 seq=170 bytes=48 time_ms=1727959
RX,REAL,,6,170,48,1728077.88,1727646,1728077.88,1727959,1727646,30.87999999988824,4492,1728077880	ID:1	[INFO: Metric    ] METRIC_RX type=REAL src=6 seq=170 send_ms=1727959 recv_ms=1727646 bytes=48
TX,REAL,7,,172,48,1729284.0,1729262,1729284.0,,,,4494,1729284000	ID:7	[INFO: Metric    ] METRIC_TX type=REAL node=7 seq=172 bytes=48 time_ms=1729262
TX,DUMMY,7,,61,48,1729285.0,1729263,1729285.0,,,,4495,1729285000	ID:7	[INFO: Metric    ] METRIC_TX type=DUMMY node=7 seq=61 bytes=48 time_ms=1729263
RX,REAL,,7,172,48,1729311.88,1728880,1729311.88,1729262,1728880,27.87999999988824,4496,1729311880	ID:1	[INFO: Metric    ] METRIC_RX type=REAL src=7 seq=172 send_ms=1729262 recv_ms=1728880 bytes=48
RX,DUMMY,,7,61,48,1729321.88,1728890,1729321.88,1729263,1728890,,4497,1729321880	ID:1	[INFO: Metric    ] METRIC_RX type=DUMMY src=7 seq=61 send_ms=1729263 recv_ms=1728890 bytes=48
TX,REAL,5,,170,48,1730283.0,1729313,1730283.0,,,,4502,1730283000	ID:5	[INFO: Metric    ] METRIC_TX type=REAL node=5 seq=170 bytes=48 time_ms=1729313
TX,REAL,4,,168,48,1730288.0,1729339,1730288.0,,,,4503,1730288000	ID:4	[INFO: Metric    ] METRIC_TX type=REAL node=4 seq=168 bytes=48 time_ms=1729339
RX,REAL,,4,168,48,1730354.168,1729923,1730354.168,1729339,1729923,66.16800000006333,4504,1730354168	ID:1	[INFO: Metric    ] METRIC_RX type=REAL src=4 seq=168 send_ms=1729339 recv_ms=1729923 bytes=48
RX,REAL,,5,170,48,1730365.168,1729934,1730365.168,1729313,1729934,82.16800000006333,4506,1730365168	ID:1	[INFO: Metric    ] METRIC_RX type=REAL src=5 seq=170 send_ms=1729313 recv_ms=1729934 bytes=48
TX,REAL,3,,172,48,1732205.0,1731993,1732205.0,,,,4509,1732205000	ID:3	[INFO: Metric    ] METRIC_TX type=REAL node=3 seq=172 bytes=48 time_ms=1731993
RX,REAL,,3,172,48,1732257.168,1731826,1732257.168,1731993,1731826,52.16800000006333,4510,1732257168	ID:1	[INFO: Metric    ] METRIC_RX type=REAL src=3 seq=172 send_ms=1731993 recv_ms=1731826 bytes=48
TX,REAL,2,,173,48,1736595.0,1736202,1736595.0,,,,4512,1736595000	ID:2	[INFO: Metric    ] METRIC_TX type=REAL node=2 seq=173 bytes=48 time_ms=1736202
RX,REAL,,2,173,48,1736614.88,1736183,1736614.88,1736202,1736183,19.87999999988824,4513,1736614880	ID:1	[INFO: Metric    ] METRIC_RX type=REAL src=2 seq=173 send_ms=1736202 recv_ms=1736183 bytes=48
TX,REAL,6,,171,48,1739048.0,1738960,1739048.0,,,,4515,1739048000	ID:6	[INFO: Metric    ] METRIC_TX type=REAL node=6 seq=171 bytes=48 time_ms=1738960
RX,REAL,,6,171,48,1739063.88,1738632,1739063.88,1738960,1738632,15.879999999888241,4516,1739063880	ID:1	[INFO: Metric    ] METRIC_RX type=REAL src=6 seq=171 send_ms=1738960 recv_ms=1738632 bytes=48
TX,REAL,7,,173,48,1739286.0,1739264,1739286.0,,,,4518,1739286000	ID:7	[INFO: Metric    ] METRIC_TX type=REAL node=7 seq=173 bytes=48 time_ms=1739264
RX,REAL,,7,173,48,1739311.88,1738880,1739311.88,1739264,1738880,25.87999999988824,4519,1739311880	ID:1	[INFO: Metric    ] METRIC_RX type=REAL src=7 seq=173 send_ms=1739264 recv_ms=1738880 bytes=48
TX,REAL,4,,169,48,1741289.0,1740340,1741289.0,,,,4521,1741289000	ID:4	[INFO: Metric    ] METRIC_TX type=REAL node=4 seq=169 bytes=48 time_ms=1740340
RX,REAL,,4,169,48,1741323.168,1740892,1741323.168,1740340,1740892,34.16800000006333,4522,1741323168	ID:1	[INFO: Metric    ] METRIC_RX type=REAL src=4 seq=169 send_ms=1740340 recv_ms=1740892 bytes=48
TX,REAL,5,,171,48,1742284.0,1741314,1742284.0,,,,4524,1742284000	ID:5	[INFO: Metric    ] METRIC_TX type=REAL node=5 seq=171 bytes=48 time_ms=1741314
TX,DUMMY,5,,59,48,1742285.0,1741315,1742285.0,,,,4525,1742285000	ID:5	[INFO: Metric    ] METRIC_TX type=DUMMY node=5 seq=59 bytes=48 time_ms=1741315
RX,REAL,,5,171,48,1742318.168,1741887,1742318.168,1741314,1741887,34.16800000006333,4526,1742318168	ID:1	[INFO: Metric    ] METRIC_RX type=REAL src=5 seq=171 send_ms=1741314 recv_ms=1741887 bytes=48
RX,DUMMY,,5,59,48,1742365.592,1741934,1742365.592,1741315,1741934,,4528,1742365592	ID:1	[INFO: Metric    ] METRIC_RX type=DUMMY src=5 seq=59 send_ms=1741315 recv_ms=1741934 bytes=48
TX,REAL,3,,173,48,1743206.0,1742994,1743206.0,,,,4530,1743206000	ID:3	[INFO: Metric    ] METRIC_TX type=REAL node=3 seq=173 bytes=48 time_ms=1742994
RX,REAL,,3,173,48,1743241.168,1742810,1743241.168,1742994,1742810,35.16800000006333,4531,1743241168	ID:1	[INFO: Metric    ] METRIC_RX type=REAL src=3 seq=173 send_ms=1742994 recv_ms=1742810 bytes=48
TX,REAL,2,,174,48,1744596.0,1744203,1744596.0,,,,4533,1744596000	ID:2	[INFO: Metric    ] METRIC_TX type=REAL node=2 seq=174 bytes=48 time_ms=1744203
TX,DUMMY,2,,53,48,1744597.0,1744204,1744597.0,,,,4534,1744597000	ID:2	[INFO: Metric    ] METRIC_TX type=DUMMY node=2 seq=53 bytes=48 time_ms=1744204
RX,REAL,,2,174,48,1744619.88,1744188,1744619.88,1744203,1744188,23.87999999988824,4535,1744619880	ID:1	[INFO: Metric    ] METRIC_RX type=REAL src=2 seq=174 send_ms=1744203 recv_ms=1744188 bytes=48
RX,DUMMY,,2,53,48,1744648.88,1744217,1744648.88,1744204,1744217,,4538,1744648880	ID:1	[INFO: Metric    ] METRIC_RX type=DUMMY src=2 seq=53 send_ms=1744204 recv_ms=1744217 bytes=48
TX,REAL,6,,172,48,1747049.0,1746961,1747049.0,,,,4540,1747049000	ID:6	[INFO: Metric    ] METRIC_TX type=REAL node=6 seq=172 bytes=48 time_ms=1746961
RX,REAL,,6,172,48,1747083.88,1746652,1747083.88,1746961,1746652,34.87999999988824,4541,1747083880	ID:1	[INFO: Metric    ] METRIC_RX type=REAL src=6 seq=172 send_ms=1746961 recv_ms=1746652 bytes=48
TX,REAL,7,,174,48,1750287.0,1750265,1750287.0,,,,4543,1750287000	ID:7	[INFO: Metric    ] METRIC_TX type=REAL node=7 seq=174 bytes=48 time_ms=1750265
RX,REAL,,7,174,48,1750321.88,1749890,1750321.88,1750265,1749890,34.87999999988824,4544,1750321880	ID:1	[INFO: Metric    ] METRIC_RX type=REAL src=7 seq=174 send_ms=1750265 recv_ms=1749890 bytes=48
TX,REAL,5,,172,48,1752286.0,1751316,1752286.0,,,,4546,1752286000	ID:5	[INFO: Metric    ] METRIC_TX type=REAL node=5 seq=172 bytes=48 time_ms=1751316
TX,REAL,4,,170,48,1752290.0,1751341,1752290.0,,,,4549,1752290000	ID:4	[INFO: Metric    ] METRIC_TX type=REAL node=4 seq=170 bytes=48 time_ms=1751341
RX,REAL,,5,172,48,1752356.168,1751925,1752356.168,1751316,1751925,70.16800000006333,4550,1752356168	ID:1	[INFO: Metric    ] METRIC_RX type=REAL src=5 seq=172 send_ms=1751316 recv_ms=1751925 bytes=48
RX,REAL,,4,170,48,1752372.168,1751941,1752372.168,1751341,1751941,82.16800000006333,4551,1752372168	ID:1	[INFO: Metric    ] METRIC_RX type=REAL src=4 seq=170 send_ms=1751341 recv_ms=1751941 bytes=48
TX,REAL,3,,174,48,1755207.0,1754995,1755207.0,,,,4554,1755207000	ID:3	[INFO: Metric    ] METRIC_TX type=REAL node=3 seq=174 bytes=48 time_ms=1754995
TX,DUMMY,3,,57,48,1755208.0,1754996,1755208.0,,,,4555,1755208000	ID:3	[INFO: Metric    ] METRIC_TX type=DUMMY node=3 seq=57 bytes=48 time_ms=1754996
RX,REAL,,3,174,48,1755248.168,1754817,1755248.168,1754995,1754817,41.16800000006333,4556,1755248168	ID:1	[INFO: Metric    ] METRIC_RX type=REAL src=3 seq=174 send_ms=1754995 recv_ms=1754817 bytes=48
RX,DUMMY,,3,57,48,1755267.304,1754836,1755267.304,1754996,1754836,,4557,1755267304	ID:1	[INFO: Metric    ] METRIC_RX type=DUMMY src=3 seq=57 send_ms=1754996 recv_ms=1754836 bytes=48
TX,REAL,2,,175,48,1755598.0,1755205,1755598.0,,,,4560,1755598000	ID:2	[INFO: Metric    ] METRIC_TX type=REAL node=2 seq=175 bytes=48 time_ms=1755205
TX,DUMMY,2,,54,48,1755599.0,1755206,1755599.0,,,,4561,1755599000	ID:2	[INFO: Metric    ] METRIC_TX type=DUMMY node=2 seq=54 bytes=48 time_ms=1755206
RX,REAL,,2,175,48,1755614.88,1755183,1755614.88,1755205,1755183,16.87999999988824,4562,1755614880	ID:1	[INFO: Metric    ] METRIC_RX type=REAL src=2 seq=175 send_ms=1755205 recv_ms=1755183 bytes=48
RX,DUMMY,,2,54,48,1755634.88,1755203,1755634.88,1755206,1755203,,4564,1755634880	ID:1	[INFO: Metric    ] METRIC_RX type=DUMMY src=2 seq=54 send_ms=1755206 recv_ms=1755203 bytes=48
TX,REAL,6,,173,48,1756050.0,1755962,1756050.0,,,,4566,1756050000	ID:6	[INFO: Metric    ] METRIC_TX type=REAL node=6 seq=173 bytes=48 time_ms=1755962
RX,REAL,,6,173,48,1756070.88,1755639,1756070.88,1755962,1755639,20.87999999988824,4567,1756070880	ID:1	[INFO: Metric    ] METRIC_RX type=REAL src=6 seq=173 send_ms=1755962 recv_ms=1755639 bytes=48
TX,REAL,7,,175,48,1758288.0,1758266,1758288.0,,,,4570,1758288000	ID:7	[INFO: Metric    ] METRIC_TX type=REAL node=7 seq=175 bytes=48 time_ms=1758266
RX,REAL,,7,175,48,1758326.88,1757895,1758326.88,1758266,1757895,38.87999999988824,4571,1758326880	ID:1	[INFO: Metric    ] METRIC_RX type=REAL src=7 seq=175 send_ms=1758266 recv_ms=1757895 bytes=48
TX,REAL,5,,173,48,1761287.0,1760317,1761287.0,,,,4573,1761287000	ID:5	[INFO: Metric    ] METRIC_TX type=REAL node=5 seq=173 bytes=48 time_ms=1760317
RX,REAL,,5,173,48,1761340.168,1760909,1761340.168,1760317,1760909,53.16800000006333,4574,1761340168	ID:1	[INFO: Metric    ] METRIC_RX type=REAL src=5 seq=173 send_ms=1760317 recv_ms=1760909 bytes=48
TX,REAL,4,,171,48,1763291.0,1762342,1763291.0,,,,4576,1763291000	ID:4	[INFO: Metric    ] METRIC_TX type=REAL node=4 seq=171 bytes=48 time_ms=1762342
RX,REAL,,4,171,48,1763332.168,1762901,1763332.168,1762342,1762901,41.16800000006333,4577,1763332168	ID:1	[INFO: Metric    ] METRIC_RX type=REAL src=4 seq=171 send_ms=1762342 recv_ms=1762901 bytes=48
TX,REAL,6,,174,48,1766051.0,1765963,1766051.0,,,,4579,1766051000	ID:6	[INFO: Metric    ] METRIC_TX type=REAL node=6 seq=174 bytes=48 time_ms=1765963
TX,DUMMY,6,,51,48,1766052.0,1765964,1766052.0,,,,4580,1766052000	ID:6	[INFO: Metric    ] METRIC_TX type=DUMMY node=6 seq=51 bytes=48 time_ms=1765964
RX,REAL,,6,174,48,1766093.88,1765662,1766093.88,1765963,1765662,42.87999999988824,4581,1766093880	ID:1	[INFO: Metric    ] METRIC_RX type=REAL src=6 seq=174 send_ms=1765963 recv_ms=1765662 bytes=48
RX,DUMMY,,6,51,48,1766101.88,1765670,1766101.88,1765964,1765670,,4582,1766101880	ID:1	[INFO: Metric    ] METRIC_RX type=DUMMY src=6 seq=51 send_ms=1765964 recv_ms=1765670 bytes=48
TX,REAL,3,,175,48,1766209.0,1765997,1766209.0,,,,4585,1766209000	ID:3	[INFO: Metric    ] METRIC_TX type=REAL node=3 seq=175 bytes=48 time_ms=1765997
RX,REAL,,3,175,48,1766260.168,1765829,1766260.168,1765997,1765829,51.16800000006333,4586,1766260168	ID:1	[INFO: Metric    ] METRIC_RX type=REAL src=3 seq=175 send_ms=1765997 recv_ms=1765829 bytes=48
TX,REAL,2,,176,48,1767600.0,1767207,1767600.0,,,,4588,1767600000	ID:2	[INFO: Metric    ] METRIC_TX type=REAL node=2 seq=176 bytes=48 time_ms=1767207
TX,DUMMY,2,,55,48,1767601.0,1767208,1767601.0,,,,4589,1767601000	ID:2	[INFO: Metric    ] METRIC_TX type=DUMMY node=2 seq=55 bytes=48 time_ms=1767208
RX,REAL,,2,176,48,1767645.88,1767214,1767645.88,1767207,1767214,45.87999999988824,4590,1767645880	ID:1	[INFO: Metric    ] METRIC_RX type=REAL src=2 seq=176 send_ms=1767207 recv_ms=1767214 bytes=48
RX,DUMMY,,2,55,48,1767661.88,1767230,1767661.88,1767208,1767230,,4591,1767661880	ID:1	[INFO: Metric    ] METRIC_RX type=DUMMY src=2 seq=55 send_ms=1767208 recv_ms=1767230 bytes=48
TX,REAL,5,,174,48,1769288.0,1768318,1769288.0,,,,4594,1769288000	ID:5	[INFO: Metric    ] METRIC_TX type=REAL node=5 seq=174 bytes=48 time_ms=1768318
RX,REAL,,5,174,48,1769348.168,1768917,1769348.168,1768318,1768917,60.16800000006333,4595,1769348168	ID:1	[INFO: Metric    ] METRIC_RX type=REAL src=5 seq=174 send_ms=1768318 recv_ms=1768917 bytes=48
TX,REAL,7,,176,48,1770289.0,1770267,1770289.0,,,,4597,1770289000	ID:7	[INFO: Metric    ] METRIC_TX type=REAL node=7 seq=176 bytes=48 time_ms=1770267
TX,DUMMY,7,,62,48,1770290.0,1770268,1770290.0,,,,4598,1770290000	ID:7	[INFO: Metric    ] METRIC_TX type=DUMMY node=7 seq=62 bytes=48 time_ms=1770268
RX,REAL,,7,176,48,1770316.88,1769885,1770316.88,1770267,1769885,27.87999999988824,4599,1770316880	ID:1	[INFO: Metric    ] METRIC_RX type=REAL src=7 seq=176 send_ms=1770267 recv_ms=1769885 bytes=48
RX,DUMMY,,7,62,48,1770339.88,1769908,1770339.88,1770268,1769908,,4601,1770339880	ID:1	[INFO: Metric    ] METRIC_RX type=DUMMY src=7 seq=62 send_ms=1770268 recv_ms=1769908 bytes=48
TX,REAL,4,,172,48,1773292.0,1772343,1773292.0,,,,4604,1773292000	ID:4	[INFO: Metric    ] METRIC_TX type=REAL node=4 seq=172 bytes=48 time_ms=1772343
TX,DUMMY,4,,50,48,1773293.0,1772344,1773293.0,,,,4605,1773293000	ID:4	[INFO: Metric    ] METRIC_TX type=DUMMY node=4 seq=50 bytes=48 time_ms=1772344
RX,REAL,,4,172,48,1773367.168,1772936,1773367.168,1772343,1772936,75.16800000006333,4606,1773367168	ID:1	[INFO: Metric    ] METRIC_RX type=REAL src=4 seq=172 send_ms=1772343 recv_ms=1772936 bytes=48
RX,DUMMY,,4,50,48,1773414.168,1772983,1773414.168,1772344,1772983,,4607,1773414168	ID:1	[INFO: Metric    ] METRIC_RX type=DUMMY src=4 seq=50 send_ms=1772344 recv_ms=1772983 bytes=48
TX,REAL,3,,176,48,1774210.0,1773998,1774210.0,,,,4610,1774210000	ID:3	[INFO: Metric    ] METRIC_TX type=REAL node=3 seq=176 bytes=48 time_ms=1773998
TX,DUMMY,3,,58,48,1774211.0,1773999,1774211.0,,,,4611,1774211000	ID:3	[INFO: Metric    ] METRIC_TX type=DUMMY node=3 seq=58 bytes=48 time_ms=1773999
RX,REAL,,3,176,48,1774344.168,1773913,1774344.168,1773998,1773913,134.16800000006333,4612,1774344168	ID:1	[INFO: Metric    ] METRIC_RX type=REAL src=3 seq=176 send_ms=1773998 recv_ms=1773913 bytes=48
RX,DUMMY,,3,58,48,1774369.168,1773938,1774369.168,1773999,1773938,,4613,1774369168	ID:1	[INFO: Metric    ] METRIC_RX type=DUMMY src=3 seq=58 send_ms=1773999 recv_ms=1773938 bytes=48
TX,REAL,6,,175,48,1776053.0,1775965,1776053.0,,,,4616,1776053000	ID:6	[INFO: Metric    ] METRIC_TX type=REAL node=6 seq=175 bytes=48 time_ms=1775965
RX,REAL,,6,175,48,1776064.88,1775633,1776064.88,1775965,1775633,11.879999999888241,4617,1776064880	ID:1	[INFO: Metric    ] METRIC_RX type=REAL src=6 seq=175 send_ms=1775965 recv_ms=1775633 bytes=48
TX,REAL,2,,177,48,1779602.0,1779209,1779602.0,,,,4619,1779602000	ID:2	[INFO: Metric    ] METRIC_TX type=REAL node=2 seq=177 bytes=48 time_ms=1779209
RX,REAL,,2,177,48,1779641.88,1779210,1779641.88,1779209,1779210,39.87999999988824,4620,1779641880	ID:1	[INFO: Metric    ] METRIC_RX type=REAL src=2 seq=177 send_ms=1779209 recv_ms=1779210 bytes=48
TX,REAL,7,,177,48,1780291.0,1780269,1780291.0,,,,4622,1780291000	ID:7	[INFO: Metric    ] METRIC_TX type=REAL node=7 seq=177 bytes=48 time_ms=1780269
TX,DUMMY,7,,63,48,1780292.0,1780270,1780292.0,,,,4623,1780292000	ID:7	[INFO: Metric    ] METRIC_TX type=DUMMY node=7 seq=63 bytes=48 time_ms=1780270
RX,REAL,,7,177,48,1780331.88,1779900,1780331.88,1780269,1779900,40.87999999988824,4624,1780331880	ID:1	[INFO: Metric    ] METRIC_RX type=REAL src=7 seq=177 send_ms=1780269 recv_ms=1779900 bytes=48
RX,DUMMY,,7,63,48,1780340.88,1779909,1780340.88,1780270,1779909,,4625,1780340880	ID:1	[INFO: Metric    ] METRIC_RX type=DUMMY src=7 seq=63 send_ms=1780270 recv_ms=1779909 bytes=48
TX,REAL,5,,175,48,1781289.0,1780319,1781289.0,,,,4628,1781289000	ID:5	[INFO: Metric    ] METRIC_TX type=REAL node=5 seq=175 bytes=48 time_ms=1780319
RX,REAL,,5,175,48,1781302.304,1780871,1781302.304,1780319,1780871,13.304000000003725,4629,1781302304	ID:1	[INFO: Metric    ] METRIC_RX type=REAL src=5 seq=175 send_ms=1780319 recv_ms=1780871 bytes=48
TX,REAL,3,,177,48,1784212.0,1784000,1784212.0,,,,4632,1784212000	ID:3	[INFO: Metric    ] METRIC_TX type=REAL node=3 seq=177 bytes=48 time_ms=1784000
RX,REAL,,3,177,48,1784262.168,1783831,1784262.168,1784000,1783831,50.16800000006333,4633,1784262168	ID:1	[INFO: Metric    ] METRIC_RX type=REAL src=3 seq=177 send_ms=1784000 recv_ms=1783831 bytes=48
TX,REAL,4,,173,48,1785294.0,1784345,1785294.0,,,,4635,1785294000	ID:4	[INFO: Metric    ] METRIC_TX type=REAL node=4 seq=173 bytes=48 time_ms=1784345
RX,REAL,,4,173,48,1785344.168,1784913,1785344.168,1784345,1784913,50.16800000006333,4636,1785344168	ID:1	[INFO: Metric    ] METRIC_RX type=REAL src=4 seq=173 send_ms=1784345 recv_ms=1784913 bytes=48
TX,REAL,6,,176,48,1787054.0,1786966,1787054.0,,,,4638,1787054000	ID:6	[INFO: Metric    ] METRIC_TX type=REAL node=6 seq=176 bytes=48 time_ms=1786966
RX,REAL,,6,176,48,1787099.88,1786668,1787099.88,1786966,1786668,45.87999999988824,4639,1787099880	ID:1	[INFO: Metric    ] METRIC_RX type=REAL src=6 seq=176 send_ms=1786966 recv_ms=1786668 bytes=48
TX,REAL,7,,178,48,1789293.0,1789271,1789293.0,,,,4641,1789293000	ID:7	[INFO: Metric    ] METRIC_TX type=REAL node=7 seq=178 bytes=48 time_ms=1789271
TX,DUMMY,7,,64,48,1789294.0,1789272,1789294.0,,,,4642,1789294000	ID:7	[INFO: Metric    ] METRIC_TX type=DUMMY node=7 seq=64 bytes=48 time_ms=1789272
RX,REAL,,7,178,48,1789326.88,1788895,1789326.88,1789271,1788895,33.87999999988824,4643,1789326880	ID:1	[INFO: Metric    ] METRIC_RX type=REAL src=7 seq=178 send_ms=1789271 recv_ms=1788895 bytes=48
RX,DUMMY,,7,64,48,1789343.88,1788912,1789343.88,1789272,1788912,,4644,1789343880	ID:1	[INFO: Metric    ] METRIC_RX type=DUMMY src=7 seq=64 send_ms=1789272 recv_ms=1788912 bytes=48
TX,REAL,5,,176,48,1791290.0,1790320,1791290.0,,,,4647,1791290000	ID:5	[INFO: Metric    ] METRIC_TX type=REAL node=5 seq=176 bytes=48 time_ms=1790320
RX,REAL,,5,176,48,1791345.168,1790914,1791345.168,1790320,1790914,55.16800000006333,4648,1791345168	ID:1	[INFO: Metric    ] METRIC_RX type=REAL src=5 seq=176 send_ms=1790320 recv_ms=1790914 bytes=48
TX,REAL,2,,178,48,1791603.0,1791210,1791603.0,,,,4650,1791603000	ID:2	[INFO: Metric    ] METRIC_TX type=REAL node=2 seq=178 bytes=48 time_ms=1791210
RX,REAL,,2,178,48,1791644.88,1791213,1791644.88,1791210,1791213,41.87999999988824,4651,1791644880	ID:1	[INFO: Metric    ] METRIC_RX type=REAL src=2 seq=178 send_ms=1791210 recv_ms=1791213 bytes=48
TX,REAL,3,,178,48,1794213.0,1794001,1794213.0,,,,4653,1794213000	ID:3	[INFO: Metric    ] METRIC_TX type=REAL node=3 seq=178 bytes=48 time_ms=1794001
RX,REAL,,3,178,48,1794284.168,1793853,1794284.168,1794001,1793853,71.16800000006333,4654,1794284168	ID:1	[INFO: Metric    ] METRIC_RX type=REAL src=3 seq=178 send_ms=1794001 recv_ms=1793853 bytes=48
TX,REAL,6,,177,48,1795055.0,1794967,1795055.0,,,,4656,1795055000	ID:6	[INFO: Metric    ] METRIC_TX type=REAL node=6 seq=177 bytes=48 time_ms=1794967
RX,REAL,,6,177,48,1795090.88,1794659,1795090.88,1794967,1794659,35.87999999988824,4657,1795090880	ID:1	[INFO: Metric    ] METRIC_RX type=REAL src=6 seq=177 send_ms=1794967 recv_ms=1794659 bytes=48
TX,REAL,4,,174,48,1795295.0,1794346,1795295.0,,,,4659,1795295000	ID:4	[INFO: Metric    ] METRIC_TX type=REAL node=4 seq=174 bytes=48 time_ms=1794346
RX,REAL,,4,174,48,1795332.304,1794901,1795332.304,1794346,1794901,37.304000000003725,4660,1795332304	ID:1	[INFO: Metric    ] METRIC_RX type=REAL src=4 seq=174 send_ms=1794346 recv_ms=1794901 bytes=48
TX,REAL,5,,177,48,1799291.0,1798321,1799291.0,,,,4663,1799291000	ID:5	[INFO: Metric    ] METRIC_TX type=REAL node=5 seq=177 bytes=48 time_ms=1798321
RX,REAL,,5,177,48,1799344.168,1798913,1799344.168,1798321,1798913,53.16800000006333,4664,1799344168	ID:1	[INFO: Metric    ] METRIC_RX type=REAL src=5 seq=177 send_ms=1798321 recv_ms=1798913 bytes=48
