{
  "epoch": [
    1,
    2,
    3,
    4,
    5,
    6,
    7,
    8,
    9,
    10,
    11,
    12,
    13,
    14,
    15,
    16,
    17,
    18,
    19
  ],
  "train_loss": [
    3.994207877521367,
    3.984700536939129,
    3.975338649644144,
    3.9601955751776035,
    3.9226503525329455,
    3.8292065427152817,
    3.7539525327756422,
    3.61373240343096,
    3.470425336463903,
    3.4494249654370686,
    3.295761221139006,
    3.156395610384767,
    3.057174164327408,
    2.8976168115009635,
    2.7519437960480007,
    2.6447508802445623,
    2.5551849528404564,
    2.4471418627868857,
    2.314880057162753
  ],
  "val_loss": [
    3.9843112488382872,
    3.9809891513942444,
    3.9720604272232842,
    3.9582054590441516,
    3.9069278412258504,
    3.8487786165217766,
    3.8318373001727863,
    3.9000807742482606,
    3.8168185764981297,
    3.800724978299485,
    3.702481112529322,
    3.8650905422328674,
    3.815931742953271,
    3.6925004290551255,
    3.820502236946342,
    3.8626713998538933,
    3.850754093878048,
    3.9196515722373095,
    3.9142501722906053
  ],
  "val_acc": [
    0.02577319587628866,
    0.03608247422680412,
    0.020618556701030927,
    0.020618556701030927,
    0.02577319587628866,
    0.020618556701030927,
    0.02577319587628866,
    0.03608247422680412,
    0.020618556701030927,
    0.02577319587628866,
    0.05670103092783505,
    0.03608247422680412,
    0.02577319587628866,
    0.041237113402061855,
    0.041237113402061855,
    0.041237113402061855,
    0.04639175257731959,
    0.05154639175257732,
    0.05670103092783505
  ]
}