{
  "epoch": [
    1,
    2,
    3,
    4,
    5,
    6
  ],
  "train_loss": [
    4.419501529843572,
    4.0756911534407605,
    4.009897928565311,
    4.021785619118945,
    4.005700049870302,
    3.9894046886418746
  ],
  "val_loss": [
    3.9578262653547465,
    3.979145718604019,
    3.987150344651999,
    3.9941408757081964,
    3.990434351655626,
    3.978774808116795
  ],
  "val_acc": [
    0.015463917525773196,
    0.02577319587628866,
    0.02577319587628866,
    0.09278350515463918,
    0.05154639175257732,
    0.030927835051546393
  ]
}