{
  "epoch": [
    1,
    2,
    3,
    4,
    5,
    6,
    7,
    8,
    9,
    10,
    11,
    12,
    13,
    14,
    15,
    16,
    17,
    18,
    19,
    20,
    21,
    22,
    23,
    24,
    25
  ],
  "train_loss": [
    2.1640558493338036,
    1.164910870108388,
    0.9009494142069376,
    0.7915931402714637,
    0.7263243381941811,
    0.6738759782155788,
    0.6475417956347531,
    0.626315378667424,
    0.6085442495354177,
    0.5747407025432246,
    0.558456550308726,
    0.5425640526038411,
    0.5383040452110911,
    0.5072924872681998,
    0.5211816824652107,
    0.5000587892540457,
    0.4760001265583061,
    0.4632835354028237,
    0.46969560242757324,
    0.445505537988377,
    0.43846344372140084,
    0.4412513711160187,
    0.41214472397495505,
    0.4285862667486388,
    0.43910752553312254
  ],
  "val_loss": [
    1.2288995466614807,
    0.8666367224898166,
    0.6695025471260077,
    0.6121000602973067,
    0.5883277494189368,
    0.5449490420353161,
    0.4989731733811947,
    0.5587431449293685,
    0.5018189900145087,
    0.46411678379364846,
    0.4245390353317896,
    0.42300384620838954,
    0.4195421147233041,
    0.3638930358220573,
    0.4450737449241122,
    0.4021145828843198,
    0.42007894610402374,
    0.3544612465708698,
    0.3659556745105175,
    0.3248817158304535,
    0.333356495559175,
    0.31061186095956717,
    0.3503587443880448,
    0.32626004682196635,
    0.3301686239862507
  ],
  "val_acc": [
    0.504418762746431,
    0.6709721278042148,
    0.752549286199864,
    0.761386811692726,
    0.7545887151597552,
    0.778382053025153,
    0.8042148198504419,
    0.7681849082256968,
    0.7940176750509857,
    0.8035350101971448,
    0.8572399728076139,
    0.8484024473147519,
    0.8504418762746431,
    0.8633582596872875,
    0.8246091094493542,
    0.8592794017675051,
    0.8266485384092455,
    0.8640380693405847,
    0.8531611148878314,
    0.8721957851801495,
    0.86743711760707,
    0.8667573079537729,
    0.8524813052345344,
    0.8769544527532291,
    0.8701563562202583
  ]
}