{
  "epoch": [
    1,
    2,
    3,
    4,
    5,
    6,
    7,
    8,
    9,
    10,
    11,
    12,
    13,
    14,
    15,
    16,
    17,
    18,
    19
  ],
  "train_loss": [
    2.2200929601669634,
    1.2481358287042956,
    1.159788968530242,
    1.0905489266030217,
    1.0473124669676956,
    1.0302678413525708,
    1.0176629012913307,
    1.013243386644507,
    1.0151528699972499,
    0.9883006363777741,
    0.9781179603640876,
    0.9861166658216625,
    0.9834708071265815,
    0.9708000267571565,
    0.9639263808615778,
    0.9703034920425687,
    0.9563945499818112,
    0.9498234513644721,
    0.9602428635373608
  ],
  "val_loss": [
    1.2468997397283403,
    1.1126615058638303,
    1.02832386418316,
    0.994519265592706,
    0.9492866665550351,
    0.9518576697538209,
    0.9492918146377838,
    0.9457055962790769,
    0.9231283374986707,
    0.9209811596299904,
    0.9113057294643955,
    0.9230060575771786,
    0.9141712016916697,
    0.8848756570786865,
    0.9022669200180826,
    0.902267638515405,
    0.8855886160719565,
    0.8909470961257603,
    0.8947727514480264
  ],
  "val_acc": [
    0.4840244731475187,
    0.557443915703603,
    0.601631543167913,
    0.6063902107409925,
    0.619306594153637,
    0.6050305914343984,
    0.6220258327668253,
    0.6227056424201224,
    0.6227056424201224,
    0.6410605030591434,
    0.6403806934058464,
    0.628144119646499,
    0.6383412644459552,
    0.6424201223657376,
    0.6233854520734194,
    0.6430999320190347,
    0.6505778382053025,
    0.6478585995921142,
    0.6363018354860639
  ]
}