{
  "epoch": [
    1,
    2,
    3,
    4,
    5,
    6,
    7,
    8,
    9
  ],
  "train_loss": [
    1.458806326186205,
    1.2444948335424448,
    1.1658037728323578,
    1.0254190384662591,
    1.4473883300548385,
    1.3374831620334586,
    1.2131002170255933,
    1.221647671444281,
    1.1060039343689598
  ],
  "val_loss": [
    1.3255887683924164,
    1.415496063426917,
    0.9908927898679275,
    0.9727174792461538,
    1.3701267776482775,
    1.2356252951495588,
    1.1598477180436872,
    1.15430264218497,
    0.9973380656407691
  ],
  "val_acc": [
    0.43847722637661457,
    0.3868116927260367,
    0.5887151597552686,
    0.5907545887151597,
    0.3908905506458192,
    0.4840244731475187,
    0.5248130523453433,
    0.5295717199184229,
    0.592114208021754
  ]
}