{
  "mode": "fixed_attacker",
  "distortion": {
    "mse": 0.5002594098298141,
    "mae": 0.5001009182149014,
    "pearson_r": 0.49245968468715057,
    "mean_relative_abs_error": 320.9649963417327
  },
  "defense_config": {
    "enabled": true,
    "method": "noise",
    "mode": "fixed_attacker",
    "epsilon": 1.0,
    "ldp_sensitivity": 1.0,
    "noise_type": "laplace",
    "noise_scale": 0.5,
    "apply_to": "all",
    "selected_features": [
      "kitchen_light",
      "office_pc",
      "bedroom_motion"
    ],
    "binary_threshold": 0.5,
    "binary_features": [],
    "numeric_features": null
  },
  "attack_metrics": {
    "baseline": {
      "accuracy": 0.8052256532066508,
      "precision_macro": 0.8048544941431056,
      "recall_macro": 0.7993192327926043,
      "f1_macro": 0.8002938982953446,
      "per_class_recall": {
        "walking": 0.6713709677419355,
        "walking_upstairs": 0.7346072186836518,
        "walking_downstairs": 0.7452380952380953,
        "sitting": 0.7535641547861507,
        "standing": 0.9078947368421053,
        "laying": 0.9832402234636871
      }
    },
    "defended_fixed_attacker": {
      "accuracy": 0.16559212758737699,
      "precision_macro": 0.2022188835060608,
      "recall_macro": 0.18790204288193826,
      "f1_macro": 0.0809229196166356,
      "per_class_recall": {
        "walking": 0.0,
        "walking_upstairs": 0.006369426751592357,
        "walking_downstairs": 1.0,
        "sitting": 0.0,
        "standing": 0.0,
        "laying": 0.12104283054003724
      }
    },
    "defense_effect": {
      "accuracy_drop": 0.6396335256192739,
      "relative_accuracy_drop_percent": 79.43531394858829,
      "macro_f1_drop": 0.719370978678709,
      "per_class_recall_drop": {
        "walking": 0.6713709677419355,
        "walking_upstairs": 0.7282377919320594,
        "walking_downstairs": -0.25476190476190474,
        "sitting": 0.7535641547861507,
        "standing": 0.9078947368421053,
        "laying": 0.8621973929236498
      }
    }
  }
}