{
  "split": "test",
  "model_type": "mlp",
  "accuracy": 0.3711496090206074,
  "f1_macro": 0.10580457338054959,
  "precision_macro": 0.13773096685279268,
  "recall_macro": 0.18929325871020938,
  "per_class_recall": {
    "Bathe": 0.5857461024498887,
    "Bed_Toilet_Transition": 0.0,
    "Cook": 0.25333333333333335,
    "Cook_Breakfast": 0.5697278911564626,
    "Cook_Dinner": 0.02385008517887564,
    "Cook_Lunch": 0.06077348066298342,
    "Dress": 0.005555555555555556,
    "Drink": 0.07710280373831775,
    "Eat": 0.24528301886792453,
    "Eat_Breakfast": 0.04504504504504504,
    "Eat_Dinner": 0.017699115044247787,
    "Eat_Lunch": 0.0,
    "Enter_Home": 0.8981132075471698,
    "Entertain_Guests": 0.013937282229965157,
    "Evening_Meds": 0.0,
    "Go_To_Sleep": 0.6153846153846154,
    "Groom": 0.053475935828877004,
    "Leave_Home": 0.08571428571428572,
    "Morning_Meds": 0.04043126684636118,
    "Personal_Hygiene": 0.013462976813762155,
    "Phone": 0.026881720430107527,
    "Read": 0.0,
    "Relax": 0.007766990291262136,
    "Sleep": 0.003996003996003996,
    "Sleep_Out_Of_Bed": 0.0,
    "Step_Out": 0.12244897959183673,
    "Toilet": 0.2237017310252996,
    "Wake_Up": 0.9722222222222222,
    "Wash_Breakfast_Dishes": 0.0,
    "Wash_Dinner_Dishes": 0.0,
    "Wash_Dishes": 0.0,
    "Wash_Lunch_Dishes": 0.0,
    "Watch_TV": 0.8493171471927162,
    "Work_At_Table": 0.625
  },
  "confusion_matrix": [
    [
      1052,
      5,
      0,
      0,
      0,
      0,
      0,
      0,
      0,
      0,
      0,
      0,
      3,
      1,
      0,
      456,
      150,
      2,
      0,
      34,
      0,
      0,
      0,
      0,
      0,
      0,
      74,
      18,
      0,
      0,
      0,
      0,
      0,
      1
    ],
    [
      17,
      0,
      0,
      0,
      0,
      0,
      0,
      0,
      0,
      0,
      0,
      0,
      0,
      0,
      0,
      66,
      6,
      0,
      0,
      1,
      1,
      0,
      0,
      0,
      0,
      0,
      4,
      7,
      0,
      0,
      0,
      0,
      0,
      0
    ],
    [
      0,
      0,
      76,
      164,
      7,
      14,
      0,
      13,
      13,
      3,
      0,
      0,
      3,
      1,
      0,
      1,
      0,
      0,
      2,
      0,
      0,
      0,
      0,
      0,
      0,
      2,
      0,
      0,
      0,
      0,
      0,
      0,
      0,
      1
    ],
    [
      0,
      0,
      390,
      1005,
      30,
      93,
      0,
      58,
      72,
      12,
      9,
      0,
      19,
      3,
      0,
      1,
      0,
      6,
      15,
      0,
      2,
      0,
      0,
      0,
      0,
      25,
      7,
      0,
      0,
      0,
      0,
      0,
      12,
      5
    ],
    [
      0,
      0,
      102,
      315,
      14,
      30,
      0,
      29,
      43,
      11,
      5,
      0,
      10,
      0,
      0,
      0,
      0,
      0,
      10,
      0,
      3,
      0,
      0,
      0,
      0,
      7,
      2,
      0,
      0,
      0,
      0,
      0,
      6,
      0
    ],
    [
      0,
      0,
      81,
      206,
      10,
      22,
      0,
      12,
      14,
      2,
      0,
      0,
      4,
      0,
      0,
      0,
      0,
      0,
      5,
      0,
      1,
      0,
      0,
      0,
      0,
      1,
      1,
      0,
      0,
      0,
      0,
      0,
      1,
      2
    ],
    [
      3,
      0,
      0,
      0,
      0,
      0,
      9,
      4,
      5,
      4,
      0,
      0,
      48,
      3,
      0,
      389,
      7,
      6,
      3,
      3,
      5,
      0,
      0,
      4,
      0,
      8,
      15,
      1098,
      0,
      0,
      0,
      0,
      6,
      0
    ],
    [
      0,
      0,
      66,
      141,
      9,
      11,
      0,
      33,
      53,
      14,
      2,
      0,
      23,
      9,
      0,
      1,
      0,
      1,
      23,
      0,
      4,
      0,
      0,
      0,
      0,
      19,
      3,
      1,
      0,
      0,
      0,
      0,
      10,
      5
    ],
    [
      0,
      0,
      2,
      3,
      1,
      0,
      0,
      8,
      13,
      3,
      2,
      0,
      2,
      0,
      0,
      0,
      0,
      1,
      1,
      0,
      3,
      0,
      0,
      0,
      0,
      1,
      1,
      0,
      0,
      0,
      0,
      0,
      12,
      0
    ],
    [
      0,
      0,
      10,
      10,
      4,
      0,
      0,
      18,
      56,
      15,
      10,
      0,
      7,
      0,
      0,
      0,
      0,
      8,
      8,
      0,
      4,
      0,
      1,
      0,
      2,
      11,
      8,
      0,
      0,
      0,
      0,
      0,
      161,
      0
    ],
    [
      0,
      0,
      1,
      3,
      1,
      0,
      0,
      10,
      20,
      2,
      2,
      0,
      0,
      0,
      0,
      0,
      0,
      2,
      4,
      0,
      1,
      0,
      0,
      0,
      1,
      8,
      0,
      0,
      0,
      0,
      0,
      0,
      58,
      0
    ],
    [
      0,
      0,
      1,
      1,
      4,
      0,
      0,
      3,
      10,
      5,
      2,
      0,
      4,
      0,
      0,
      0,
      0,
      5,
      1,
      0,
      0,
      0,
      0,
      0,
      1,
      3,
      2,
      0,
      0,
      0,
      0,
      0,
      41,
      1
    ],
    [
      0,
      0,
      0,
      0,
      0,
      0,
      0,
      0,
      1,
      0,
      1,
      0,
      238,
      0,
      0,
      2,
      1,
      1,
      0,
      0,
      0,
      0,
      0,
      0,
      0,
      15,
      3,
      1,
      0,
      0,
      0,
      0,
      2,
      0
    ],
    [
      1,
      0,
      27,
      73,
      1,
      4,
      0,
      28,
      20,
      0,
      0,
      0,
      41,
      4,
      0,
      15,
      1,
      7,
      6,
      0,
      2,
      0,
      0,
      0,
      0,
      18,
      24,
      10,
      0,
      0,
      0,
      0,
      4,
      1
    ],
    [
      0,
      0,
      69,
      135,
      6,
      15,
      0,
      24,
      40,
      4,
      4,
      0,
      14,
      3,
      0,
      0,
      0,
      7,
      13,
      0,
      3,
      0,
      0,
      0,
      0,
      9,
      0,
      0,
      0,
      0,
      0,
      0,
      10,
      2
    ],
    [
      1,
      0,
      0,
      0,
      0,
      0,
      0,
      0,
      0,
      0,
      0,
      0,
      2,
      0,
      0,
      24,
      0,
      0,
      0,
      0,
      0,
      0,
      0,
      0,
      0,
      1,
      0,
      11,
      0,
      0,
      0,
      0,
      0,
      0
    ],
    [
      73,
      0,
      0,
      0,
      0,
      0,
      0,
      0,
      0,
      0,
      0,
      0,
      4,
      0,
      0,
      69,
      10,
      1,
      0,
      1,
      2,
      0,
      0,
      0,
      0,
      0,
      13,
      13,
      0,
      0,
      0,
      0,
      1,
      0
    ],
    [
      1,
      0,
      0,
      0,
      0,
      0,
      4,
      2,
      10,
      3,
      1,
      0,
      85,
      1,
      0,
      16,
      1,
      27,
      1,
      2,
      4,
      0,
      1,
      0,
      1,
      33,
      23,
      13,
      0,
      0,
      0,
      0,
      86,
      0
    ],
    [
      0,
      0,
      60,
      106,
      4,
      11,
      0,
      33,
      74,
      5,
      1,
      0,
      30,
      0,
      0,
      0,
      0,
      3,
      15,
      0,
      1,
      0,
      0,
      0,
      0,
      23,
      0,
      0,
      0,
      0,
      0,
      0,
      5,
      0
    ],
    [
      547,
      4,
      0,
      1,
      0,
      0,
      2,
      6,
      7,
      2,
      0,
      0,
      38,
      6,
      0,
      393,
      101,
      14,
      2,
      18,
      15,
      0,
      0,
      0,
      1,
      6,
      124,
      36,
      0,
      0,
      0,
      0,
      11,
      3
    ],
    [
      0,
      0,
      1,
      0,
      1,
      0,
      0,
