{
  "split": "test",
  "model_type": "lstm",
  "accuracy": 0.1273167149090595,
  "f1_macro": 0.10525743916749095,
  "precision_macro": 0.17908120006177328,
  "recall_macro": 0.1662080997363955,
  "per_class_recall": {
    "Bathe": 0.4688393367638651,
    "Bed_Toilet_Transition": 0.1553398058252427,
    "Cook": 0.0029850746268656717,
    "Cook_Breakfast": 0.0,
    "Cook_Dinner": 0.06885758998435054,
    "Cook_Lunch": 0.11714285714285715,
    "Dress": 0.07013149655604257,
    "Drink": 0.09905660377358491,
    "Eat": 0.018867924528301886,
    "Eat_Breakfast": 0.023668639053254437,
    "Eat_Dinner": 0.016129032258064516,
    "Eat_Lunch": 0.022727272727272728,
    "Enter_Home": 0.5568627450980392,
    "Entertain_Guests": 0.726962457337884,
    "Evening_Meds": 0.038922155688622756,
    "Go_To_Sleep": 0.2222222222222222,
    "Groom": 0.12234042553191489,
    "Leave_Home": 0.450920245398773,
    "Morning_Meds": 0.020512820512820513,
    "Personal_Hygiene": 0.01079913606911447,
    "Phone": 0.2154696132596685,
    "Read": 0.02924791086350975,
    "Relax": 0.07615230460921844,
    "Sleep": 0.4104967197750703,
    "Sleep_Out_Of_Bed": 0.13703703703703704,
    "Step_Out": 0.03355704697986577,
    "Toilet": 0.30173564753004006,
    "Wake_Up": 0.1,
    "Wash_Breakfast_Dishes": 0.12979351032448377,
    "Wash_Dinner_Dishes": 0.007067137809187279,
    "Wash_Dishes": 0.014124293785310734,
    "Wash_Lunch_Dishes": 0.05263157894736842,
    "Watch_TV": 0.021383839926683978,
    "Work_At_Table": 0.9090909090909091
  },
  "confusion_matrix": [
    [
      820,
      101,
      0,
      0,
      0,
      0,
      0,
      1,
      0,
      0,
      0,
      0,
      1,
      388,
      0,
      21,
      226,
      48,
      0,
      26,
      0,
      0,
      0,
      0,
      0,
      0,
      108,
      0,
      1,
      0,
      1,
      0,
      0,
      7
    ],
    [
      13,
      16,
      0,
      0,
      0,
      0,
      0,
      0,
      0,
      0,
      0,
      0,
      0,
      43,
      0,
      1,
      12,
      2,
      0,
      1,
      0,
      0,
      0,
      1,
      0,
      0,
      12,
      0,
      0,
      0,
      1,
      0,
      0,
      1
    ],
    [
      0,
      0,
      1,
      1,
      15,
      37,
      0,
      11,
      0,
      0,
      0,
      0,
      0,
      193,
      4,
      0,
      0,
      0,
      0,
      0,
      0,
      0,
      0,
      0,
      0,
      0,
      0,
      0,
      48,
      0,
      6,
      17,
      0,
      2
    ],
    [
      0,
      0,
      24,
      0,
      112,
      203,
      0,
      39,
      2,
      0,
      0,
      0,
      1,
      948,
      22,
      1,
      0,
      1,
      6,
      0,
      0,
      0,
      0,
      0,
      0,
      0,
      2,
      0,
      248,
      2,
      22,
      156,
      0,
      6
    ],
    [
      0,
      0,
      7,
      0,
      44,
      78,
      0,
      14,
      0,
      0,
      0,
      0,
      1,
      345,
      8,
      0,
      0,
      1,
      2,
      0,
      0,
      0,
      0,
      0,
      0,
      0,
      3,
      0,
      77,
      1,
      13,
      43,
      0,
      2
    ],
    [
      0,
      0,
      3,
      0,
      33,
      41,
      0,
      5,
      0,
      0,
      0,
      0,
      0,
      181,
      5,
      0,
      0,
      0,
      1,
      0,
      0,
      0,
      0,
      0,
      0,
      0,
      0,
      0,
      44,
      0,
      4,
      33,
      0,
      0
    ],
    [
      0,
      11,
      0,
      0,
      0,
      0,
      112,
      3,
      0,
      0,
      0,
      0,
      2,
      651,
      1,
      136,
      13,
      20,
      0,
      0,
      0,
      0,
      0,
      498,
      1,
      0,
      7,
      126,
      3,
      0,
      1,
      0,
      0,
      12
    ],
    [
      1,
      0,
      3,
      0,
      24,
      31,
      2,
      42,
      0,
      0,
      0,
      0,
      1,
      228,
      11,
      0,
      0,
      4,
      5,
      0,
      0,
      0,
      0,
      0,
      0,
      0,
      0,
      0,
      48,
      1,
      8,
      13,
      0,
      2
    ],
    [
      0,
      0,
      0,
      0,
      0,
      0,
      0,
      0,
      1,
      1,
      2,
      0,
      0,
      32,
      0,
      0,
      0,
      10,
      0,
      0,
      2,
      0,
      0,
      0,
      3,
      0,
      0,
      0,
      0,
      0,
      0,
      0,
      1,
      1
    ],
    [
      0,
      0,
      0,
      0,
      0,
      1,
      0,
      0,
      9,
      8,
      1,
      2,
      1,
      168,
      1,
      0,
      1,
      59,
      0,
      0,
      18,
      7,
      16,
      0,
      36,
      2,
      4,
      0,
      0,
      0,
      0,
      0,
      3,
      1
    ],
    [
      0,
      0,
      0,
      0,
      0,
      0,
      1,
      0,
      3,
      1,
      2,
      4,
      0,
      48,
      0,
      0,
      0,
      32,
      0,
      0,
      7,
      0,
      6,
      0,
      10,
      1,
      6,
      0,
      1,
      0,
      0,
      0,
      1,
      1
    ],
    [
      0,
      0,
      0,
      0,
      0,
      0,
      0,
      0,
      4,
      1,
      0,
      2,
      0,
      35,
      0,
      0,
      0,
      19,
      0,
      0,
      7,
      1,
      6,
      0,
      7,
      1,
      1,
      0,
      0,
      0,
      0,
      0,
      2,
      2
    ],
    [
      0,
      0,
      0,
      0,
      0,
      0,
      0,
      0,
      0,
      0,
      0,
      1,
      142,
      66,
      0,
      0,
      0,
      18,
      0,
      0,
      0,
      0,
      0,
      0,
      0,
      15,
      7,
      0,
      1,
      0,
      0,
      0,
      0,
      5
    ],
    [
      0,
      0,
      2,
      0,
      5,
      17,
      1,
      3,
      0,
      0,
      0,
      1,
      2,
      213,
      3,
      0,
      1,
      5,
      0,
      0,
      0,
      0,
      0,
      0,
      0,
      0,
      2,
      0,
      20,
      0,
      2,
      12,
      0,
      4
    ],
    [
      0,
      0,
      4,
      0,
      18,
      28,
      1,
      25,
      0,
      0,
      0,
      0,
      0,
      173,
      13,
      0,
      0,
      0,
      1,
      0,
      0,
      0,
      0,
      0,
      0,
      0,
      2,
      0,
      41,
      0,
      12,
      14,
      0,
      2
    ],
    [
      0,
      1,
      0,
      0,
      0,
      0,
      1,
      0,
      0,
      0,
      0,
      0,
      0,
      22,
      0,
      10,
      1,
      0,
      0,
      0,
      0,
      0,
      0,
      6,
      0,
      0,
      0,
      2,
      0,
      0,
      0,
      0,
      0,
      2
    ],
    [
      47,
      11,
      0,
      0,
      0,
      0,
      0,
      0,
      0,
      0,
      0,
      0,
      0,
      73,
      0,
      2,
      23,
      5,
      0,
      1,
      0,
      0,
      0,
      0,
      0,
      0,
      26,
      0,
      0,
      0,
      0,
      0,
      0,
      0
    ],
    [
      0,
      0,
      0,
      0,
      0,
      0,
      0,
      0,
      0,
      0,
      0,
      1,
      26,
      116,
      0,
      1,
      0,
      147,
      0,
      0,
      4,
      1,
      1,
      0,
      2,
      7,
      10,
      0,
      0,
      0,
      0,
      0,
      1,
      9
    ],
    [
      0,
      0,
      1,
      0,
      16,
      31,
      1,
      23,
      0,
      0,
      0,
      0,
      2,
      230,
      5,
      1,
      0,
      0,
      8,
      0,
      0,
      0,
      0,
      0,
      0,
      0,
      0,
      0,
      48,
      0,
      5,
      16,
      0,
      3
    ],
    [
      395,
      87,
      0,
      0,
      0,
      0,
      0,
      1,
      0,
      0,
      0,
      1,
      0,
      467,
      0,
      12,
      149,
      42,
      0,
      15,
      0,
      0,
      0,
      0,
      0,
      0,
      203,
      0,
      2,
