{
  "mode": "fixed_attacker",
  "distortion": {
    "mse": 0.205873753274023,
    "mae": 0.22899448317162785,
    "pearson_r": 0.5944848043435044,
    "mean_relative_abs_error": 16644278.233297875
  },
  "defense_config": {
    "enabled": true,
    "method": "adaptive_ldp",
    "mode": "fixed_attacker",
    "epsilon": 1.0,
    "ldp_sensitivity": 1.0,
    "noise_type": "laplace",
    "noise_scale": 0.5,
    "apply_to": "all",
    "selected_features": [
      "kitchen_light",
      "office_pc",
      "bedroom_motion"
    ],
    "binary_threshold": 0.5,
    "binary_features": [],
    "numeric_features": null
  },
  "attack_metrics": {
    "baseline": {
      "accuracy": 0.43469996111807147,
      "precision_macro": 0.3048937525840027,
      "recall_macro": 0.29420442308046024,
      "f1_macro": 0.20435528226837654,
      "per_class_recall": {
        "Bathe": 0.8650657518582047,
        "Bed_Toilet_Transition": 0.7669902912621359,
        "Cook": 0.8388059701492537,
        "Cook_Breakfast": 0.0022284122562674096,
        "Cook_Dinner": 0.06729264475743349,
        "Cook_Lunch": 0.017142857142857144,
        "Dress": 0.025046963055729492,
        "Drink": 0.10613207547169812,
        "Eat": 0.5660377358490566,
        "Eat_Breakfast": 0.1390532544378698,
        "Eat_Dinner": 0.07258064516129033,
        "Eat_Lunch": 0.045454545454545456,
        "Enter_Home": 0.7490196078431373,
        "Entertain_Guests": 0.49146757679180886,
        "Evening_Meds": 0.04491017964071856,
        "Go_To_Sleep": 0.15555555555555556,
        "Groom": 0.047872340425531915,
        "Leave_Home": 0.5122699386503068,
        "Morning_Meds": 0.3871794871794872,
        "Personal_Hygiene": 0.02663786897048236,
        "Phone": 0.2541436464088398,
        "Read": 0.04874651810584958,
        "Relax": 0.008016032064128256,
        "Sleep": 0.8106841611996252,
        "Sleep_Out_Of_Bed": 0.03333333333333333,
        "Step_Out": 0.30201342281879195,
        "Toilet": 0.41255006675567424,
        "Wake_Up": 0.125,
        "Wash_Breakfast_Dishes": 0.058997050147492625,
        "Wash_Dinner_Dishes": 0.0,
        "Wash_Dishes": 0.022598870056497175,
        "Wash_Lunch_Dishes": 0.2,
        "Watch_TV": 0.8455781273865893,
        "Work_At_Table": 0.9545454545454546
      }
    },
    "defended_fixed_attacker": {
      "accuracy": 0.06428478852551087,
      "precision_macro": 0.015791568363844256,
      "recall_macro": 0.04435428017475348,
      "f1_macro": 0.009417464267025017,
      "per_class_recall": {
        "Bathe": 0.0,
        "Bed_Toilet_Transition": 0.0,
        "Cook": 0.0,
        "Cook_Breakfast": 0.016713091922005572,
        "Cook_Dinner": 0.0,
        "Cook_Lunch": 0.0,
        "Dress": 0.0,
        "Drink": 0.0,
        "Eat": 0.0,
        "Eat_Breakfast": 0.0,
        "Eat_Dinner": 0.0,
        "Eat_Lunch": 0.0,
        "Enter_Home": 0.0,
        "Entertain_Guests": 0.5597269624573379,
        "Evening_Meds": 0.0,
        "Go_To_Sleep": 0.0,
        "Groom": 0.0,
        "Leave_Home": 0.0,
        "Morning_Meds": 0.0,
        "Personal_Hygiene": 0.931605471562275,
        "Phone": 0.0,
        "Read": 0.0,
        "Relax": 0.0,
        "Sleep": 0.0,
        "Sleep_Out_Of_Bed": 0.0,
        "Step_Out": 0.0,
        "Toilet": 0.0,
        "Wake_Up": 0.0,
        "Wash_Breakfast_Dishes": 0.0,
        "Wash_Dinner_Dishes": 0.0,
        "Wash_Dishes": 0.0,
        "Wash_Lunch_Dishes": 0.0,
        "Watch_TV": 0.0,
        "Work_At_Table": 0.0
      }
    },
    "defense_effect": {
      "accuracy_drop": 0.3704151725925606,
      "relative_accuracy_drop_percent": 85.21168753726894,
      "macro_f1_drop": 0.19493781800135151,
      "per_class_recall_drop": {
        "Bathe": 0.8650657518582047,
        "Bed_Toilet_Transition": 0.7669902912621359,
        "Cook": 0.8388059701492537,
        "Cook_Breakfast": -0.014484679665738163,
        "Cook_Dinner": 0.06729264475743349,
        "Cook_Lunch": 0.017142857142857144,
        "Dress": 0.025046963055729492,
        "Drink": 0.10613207547169812,
        "Eat": 0.5660377358490566,
        "Eat_Breakfast": 0.1390532544378698,
        "Eat_Dinner": 0.07258064516129033,
        "Eat_Lunch": 0.045454545454545456,
        "Enter_Home": 0.7490196078431373,
        "Entertain_Guests": -0.06825938566552903,
        "Evening_Meds": 0.04491017964071856,
        "Go_To_Sleep": 0.15555555555555556,
        "Groom": 0.047872340425531915,
        "Leave_Home": 0.5122699386503068,
        "Morning_Meds": 0.3871794871794872,
        "Personal_Hygiene": -0.9049676025917927,
        "Phone": 0.2541436464088398,
        "Read": 0.04874651810584958,
        "Relax": 0.008016032064128256,
        "Sleep": 0.8106841611996252,
        "Sleep_Out_Of_Bed": 0.03333333333333333,
        "Step_Out": 0.30201342281879195,
        "Toilet": 0.41255006675567424,
        "Wake_Up": 0.125,
        "Wash_Breakfast_Dishes": 0.058997050147492625,
        "Wash_Dinner_Dishes": 0.0,
        "Wash_Dishes": 0.022598870056497175,
        "Wash_Lunch_Dishes": 0.2,
        "Watch_TV": 0.8455781273865893,
        "Work_At_Table": 0.9545454545454546
      }
    }
  }
}