{
  "epoch": [
    1,
    2,
    3,
    4,
    5,
    6,
    7,
    8,
    9,
    10,
    11,
    12,
    13,
    14,
    15,
    16,
    17,
    18,
    19,
    20,
    21,
    22,
    23,
    24,
    25
  ],
  "train_loss": [
    2.572893924422054,
    0.8358828873785149,
    0.7541913729584799,
    0.7116964694047294,
    0.704171577971153,
    0.6753248672281839,
    0.6756772926785755,
    0.6698136701913862,
    0.6647528256917563,
    0.6603624822026795,
    0.65832630422646,
    0.6559282323065876,
    0.6421404981609106,
    0.6446691847358345,
    0.6476090147551621,
    0.6562454819456287,
    0.644216425452097,
    0.6418466006507478,
    0.6485391863347965,
    0.6252386362510887,
    0.6197641085877019,
    0.6153483717665748,
    0.6207820733293671,
    0.6174914017459037,
    0.6227545041126614
  ],
  "val_loss": [
    0.7234556736142193,
    0.6499655189601683,
    0.616790348741167,
    0.6494649084630586,
    0.6320339513424705,
    0.6256179914921826,
    0.6169288431520287,
    0.6005150098771485,
    0.5975787574381021,
    0.5946485359274879,
    0.6021744871852676,
    0.5946013197292689,
    0.5856149357083215,
    0.5892542722191153,
    0.5935656783290658,
    0.5748231980486195,
    0.5804719832136386,
    0.5765246718939594,
    0.5902449276316012,
    0.568882678861443,
    0.5761682846204186,
    0.5865929641138526,
    0.5570785932440404,
    0.5572638644562701,
    0.5767203977446748
  ],
  "val_acc": [
    0.6648538409245411,
    0.7239972807613868,
    0.7246770904146839,
    0.6954452753229096,
    0.6893269884432359,
    0.7335146159075459,
    0.7131203263086335,
    0.7273963290278722,
    0.7321549966009517,
    0.7403127124405167,
    0.7294357579877634,
    0.7437117607070021,
    0.761386811692726,
    0.7375934738273283,
    0.7328348062542488,
    0.760707002039429,
    0.752549286199864,
    0.7389530931339225,
    0.7471108089734875,
    0.7579877634262406,
    0.7307953772943576,
    0.7573079537729436,
    0.7593473827328348,
    0.7681849082256968,
    0.7464309993201903
  ]
}