{
  "epoch": [
    1,
    2,
    3,
    4,
    5,
    6,
    7,
    8,
    9,
    10,
    11,
    12,
    13,
    14
  ],
  "train_loss": [
    1.45339396834637,
    1.3556547181133185,
    1.319113569607481,
    1.233963365701566,
    1.2149079916043826,
    0.9086611063844026,
    0.8652844198138064,
    0.8261007782939015,
    0.8322928139211125,
    0.9950598882607226,
    0.8809527191372272,
    0.8826561862363071,
    1.3750137309398889,
    1.3228310831264865
  ],
  "val_loss": [
    1.5929507962057656,
    1.2727100759197627,
    1.2782328268202854,
    1.0776543964098133,
    1.054833858536669,
    0.8254687732616142,
    0.8232324615293097,
    0.7885829409233653,
    0.7701045891040851,
    0.8634233708125567,
    0.8400516442341678,
    0.9116780498982449,
    1.3828869750109114,
    1.2893143500866815
  ],
  "val_acc": [
    0.4228416043507818,
    0.49422161794697483,
    0.45275322909585314,
    0.5819170632222977,
    0.4806254248810333,
    0.5329707681849082,
    0.5723997280761387,
    0.5859959211420802,
    0.6213460231135283,
    0.6091094493541809,
    0.6091094493541809,
    0.5846363018354861,
    0.3929299796057104,
    0.5601631543167913
  ]
}