method,param_name,param_value,baseline_accuracy,defended_accuracy,accuracy_drop,defended_f1_macro,mse,mae,pearson_r
ldp,epsilon,0.1,0.7831125827814569,0.2781456953642384,0.5049668874172185,0.1398951564660152,99.56312728846783,5.010940135552851,0.008391609496330313
ldp,epsilon,0.5,0.7831125827814569,0.30132450331125826,0.48178807947019864,0.15202420008568893,3.9921622103649024,1.0169912418298397,0.04906564964742715
ldp,epsilon,1.0,0.7831125827814569,0.3360927152317881,0.4470198675496688,0.18040605277894695,1.0037463464963514,0.5156768119323579,0.10782291804134839
ldp,epsilon,2.0,0.7831125827814569,0.3990066225165563,0.3841059602649006,0.24379776343743637,0.2545182366345139,0.2627111379009143,0.2373901704218715
ldp,epsilon,5.0,0.7831125827814569,0.5678807947019867,0.2152317880794702,0.46424127331102866,0.04202804532858236,0.10755790556529754,0.5762398991189789
