{
  "epoch": [
    1,
    2,
    3,
    4,
    5,
    6,
    7,
    8,
    9,
    10,
    11,
    12,
    13,
    14,
    15,
    16,
    17,
    18,
    19,
    20,
    21,
    22,
    23,
    24,
    25,
    26
  ],
  "train_loss": [
    1.6583462308803685,
    1.6015995703611123,
    1.5934213529517656,
    1.581852313890979,
    1.5789427391247455,
    1.5681996635282471,
    1.5562327617267047,
    1.556429313020496,
    1.5544681776984837,
    1.553167531061613,
    1.5423571084862324,
    1.542090746046553,
    1.5412254993510568,
    1.5398843316381166,
    1.5293396959596266,
    1.5405399158819397,
    1.534896590053908,
    1.534042168443052,
    1.534861402725106,
    1.5295539131889804,
    1.5277413089985363,
    1.5221565807636697,
    1.5290555536280988,
    1.5363554877428274,
    1.5141106375414342,
    1.5241109092945568
  ],
  "val_loss": [
    1.6044185847587649,
    1.5907147913232174,
    1.5744743333329412,
    1.5678920868419692,
    1.5784105202847254,
    1.5509967861286245,
    1.5507470922881295,
    1.5519512195887653,
    1.551167025692625,
    1.5572620586771673,
    1.5623203634622678,
    1.5426776622658345,
    1.5496254506988905,
    1.552035842961933,
    1.5512793720460452,
    1.5392687261401123,
    1.5480129799834927,
    1.5453494433344497,
    1.5464551241243656,
    1.5424377803581073,
    1.5498490920707362,
    1.5513904074926677,
    1.5414103340746752,
    1.5476042989079237,
    1.54352320525579,
    1.5409078920263162
  ],
  "val_acc": [
    0.24212271973466004,
    0.2769485903814262,
    0.41127694859038144,
    0.21227197346600332,
    0.14262023217247097,
    0.25207296849087896,
    0.2902155887230514,
    0.263681592039801,
    0.28689883913764513,
    0.23714759535655058,
    0.3781094527363184,
    0.32669983416252074,
    0.3018242122719735,
    0.2222222222222222,
    0.2736318407960199,
    0.3034825870646766,
    0.296849087893864,
    0.26533996683250416,
    0.21890547263681592,
    0.2222222222222222,
    0.23217247097844113,
    0.296849087893864,
    0.24543946932006633,
    0.3067993366500829,
    0.263681592039801,
    0.2885572139303483
  ]
}