{
  "epoch": [
    1,
    2,
    3,
    4,
    5,
    6,
    7,
    8,
    9,
    10,
    11,
    12,
    13,
    14,
    15,
    16,
    17,
    18,
    19
  ],
  "train_loss": [
    1.5998937721021986,
    1.5491526861434806,
    1.5370616910300021,
    1.5303209253296246,
    1.5264033934031298,
    1.5183717863900321,
    1.5116505017073847,
    1.4891457658502,
    1.478456320454232,
    1.4718679746330927,
    1.4690944647738167,
    1.461225790679243,
    1.4588463479267764,
    1.4489053005687549,
    1.4371364458961189,
    1.446877193857612,
    1.4262799345692931,
    1.4138067427813457,
    1.4107720022431993
  ],
  "val_loss": [
    1.5762211175304939,
    1.548110441386601,
    1.5430498971274835,
    1.5365790798889465,
    1.540618757703411,
    1.5250251799278196,
    1.5201438287795084,
    1.5146406343327232,
    1.498595945475311,
    1.5019095896883785,
    1.5028210287268087,
    1.502257689314695,
    1.517418134271802,
    1.5134590858250707,
    1.5210986601970287,
    1.5244342013575742,
    1.5112372140583905,
    1.5332383965180683,
    1.5427235060465672
  ],
  "val_acc": [
    0.22885572139303484,
    0.2835820895522388,
    0.3333333333333333,
    0.34991708126036486,
    0.3283582089552239,
    0.3482587064676617,
    0.30845771144278605,
    0.3466003316749585,
    0.3582089552238806,
    0.35323383084577115,
    0.3383084577114428,
    0.3482587064676617,
    0.3167495854063018,
    0.3598673300165838,
    0.30514096185737977,
    0.3582089552238806,
    0.33665008291873966,
    0.35323383084577115,
    0.33665008291873966
  ]
}