{
  "epoch": [
    1,
    2,
    3,
    4,
    5,
    6,
    7,
    8,
    9,
    10,
    11,
    12,
    13,
    14,
    15,
    16,
    17,
    18,
    19,
    20,
    21,
    22,
    23,
    24
  ],
  "train_loss": [
    1.5177089626601001,
    1.3589969738714223,
    1.3387524922349898,
    1.3322566409609211,
    1.3272061005668938,
    1.3221951272357162,
    1.3254895165361407,
    1.319006266200805,
    1.3067299890111503,
    1.3255435471511006,
    1.3092658029182125,
    1.3172764257920406,
    1.3057754293094734,
    1.3027319331158962,
    1.3011428788780912,
    1.3063993856427343,
    1.3081285559546465,
    1.3091890581465817,
    1.3063202049178102,
    1.299428233036185,
    1.3033918291436244,
    1.3008918089483676,
    1.2893710428717802,
    1.2941093249954734
  ],
  "val_loss": [
    1.2979338606000934,
    1.2863284120116858,
    1.2918409461010352,
    1.279114904886059,
    1.2988190486854185,
    1.267794898493373,
    1.2771406936803662,
    1.2746717146973112,
    1.2814446986215822,
    1.2751210257781678,
    1.2867124570938286,
    1.2744476733911492,
    1.2800185302794473,
    1.2578788620124803,
    1.2677901156901523,
    1.2722429234787798,
    1.2697266498410682,
    1.2807062524270458,
    1.2673455346283036,
    1.2659638129656587,
    1.275076511487439,
    1.2733531389663468,
    1.2724894755712988,
    1.2767202365853103
  ],
  "val_acc": [
    0.4461028192371476,
    0.39800995024875624,
    0.572139303482587,
    0.42786069651741293,
    0.40298507462686567,
    0.45107794361525705,
    0.39303482587064675,
    0.4228855721393035,
    0.46434494195688225,
    0.4461028192371476,
    0.39303482587064675,
    0.4361525704809287,
    0.3648424543946932,
    0.42454394693200664,
    0.42122719734660036,
    0.4096185737976783,
    0.45439469320066334,
    0.3880597014925373,
    0.44776119402985076,
    0.3996683250414594,
    0.4444444444444444,
    0.4046434494195688,
    0.41459369817578773,
    0.4427860696517413
  ]
}