{
  "epoch": [
    1,
    2,
    3,
    4,
    5,
    6,
    7,
    8,
    9,
    10,
    11,
    12,
    13,
    14,
    15,
    16,
    17,
    18,
    19,
    20,
    21,
    22,
    23,
    24,
    25,
    26,
    27,
    28
  ],
  "train_loss": [
    1.4791621226491705,
    1.3442458820071894,
    1.3380016028330355,
    1.334400981728202,
    1.3266635300338734,
    1.317254028086469,
    1.3135363843818886,
    1.308107766176507,
    1.3093879907454848,
    1.3038373470475848,
    1.3016615897607702,
    1.2945853456505325,
    1.2879950941752778,
    1.2856139070020132,
    1.2781906005077186,
    1.2777970473479954,
    1.2787876412982033,
    1.2646104813299877,
    1.2588613795827446,
    1.2588282456699635,
    1.245031194900399,
    1.2383623895021558,
    1.232267976315545,
    1.2223590175226045,
    1.2163124804642493,
    1.2051364363044734,
    1.1858360830908898,
    1.1933244546423927
  ],
  "val_loss": [
    1.3491762119343822,
    1.3282687205382644,
    1.2943400314593592,
    1.2928597871739276,
    1.2919805370160002,
    1.2785045185294712,
    1.276381460390676,
    1.3173348118812094,
    1.2815052353920628,
    1.2718922293205956,
    1.2769340260902646,
    1.2802828168789941,
    1.274105303323091,
    1.2672057727083046,
    1.2701275635319167,
    1.3023698446564809,
    1.2685021632544042,
    1.264636224182091,
    1.2939228523232253,
    1.271835204182968,
    1.2725705197003745,
    1.2668360732681123,
    1.2695892088448824,
    1.2748213923392604,
    1.2720143838506037,
    1.2938063986858919,
    1.3084445816169725,
    1.3078353233005278
  ],
  "val_acc": [
    0.3814262023217247,
    0.3963515754560531,
    0.40298507462686567,
    0.38971807628524047,
    0.417910447761194,
    0.42122719734660036,
    0.4096185737976783,
    0.42122719734660036,
    0.3946932006633499,
    0.40630182421227196,
    0.37976782752902155,
    0.39800995024875624,
    0.4361525704809287,
    0.42122719734660036,
    0.41127694859038144,
    0.4427860696517413,
    0.4262023217247098,
    0.4295190713101161,
    0.494195688225539,
    0.439469320066335,
    0.48258706467661694,
    0.4444444444444444,
    0.42454394693200664,
    0.48258706467661694,
    0.4593698175787728,
    0.4295190713101161,
    0.4660033167495854,
    0.48092868988391374
  ]
}