{
  "epoch": [
    1,
    2,
    3,
    4,
    5,
    6,
    7,
    8,
    9,
    10,
    11,
    12,
    13,
    14,
    15,
    16,
    17,
    18,
    19,
    20,
    21,
    22,
    23,
    24,
    25,
    26,
    27,
    28
  ],
  "train_loss": [
    1.59962890947975,
    1.5476126048949566,
    1.5335006729965102,
    1.5323134439586321,
    1.5169660992544427,
    1.507217812046737,
    1.49463946876919,
    1.4917496740182579,
    1.4851690301169889,
    1.4849786897373267,
    1.4802952632043238,
    1.4659077462865346,
    1.4702373813379717,
    1.464865343487678,
    1.4610771395758526,
    1.4520528413932545,
    1.4436085785884085,
    1.4441756361667875,
    1.43032497654761,
    1.4201049273456339,
    1.4022935291682055,
    1.395698911769219,
    1.374761353169423,
    1.3501254893738748,
    1.3297182015688096,
    1.3173860809696254,
    1.2851982447130086,
    1.2500131680936617
  ],
  "val_loss": [
    1.5523315272718718,
    1.541056132830593,
    1.5466932627692151,
    1.532495176218833,
    1.5108640717827464,
    1.496267733684622,
    1.4925422941274311,
    1.484539093267463,
    1.4850981587398902,
    1.482201730038594,
    1.479005530303588,
    1.4963092736739227,
    1.4781351482887963,
    1.484446097171524,
    1.4707199024719189,
    1.4765559053341943,
    1.4665271460911133,
    1.4608407075923078,
    1.4684040870634874,
    1.4849259627992242,
    1.4906647800410762,
    1.4826006302193029,
    1.5025870025059083,
    1.5349260283939874,
    1.5218008908861707,
    1.5774757818598455,
    1.6285883352333437,
    1.6354352817013489
  ],
  "val_acc": [
    0.27197346600331673,
    0.29519071310116085,
    0.34328358208955223,
    0.3018242122719735,
    0.3466003316749585,
    0.3864013266998342,
    0.38474295190713104,
    0.3615257048092869,
    0.35655058043117743,
    0.3283582089552239,
    0.3714759535655058,
    0.3814262023217247,
    0.33001658374792703,
    0.35655058043117743,
    0.35655058043117743,
    0.34991708126036486,
    0.35655058043117743,
    0.3466003316749585,
    0.34328358208955223,
    0.3648424543946932,
    0.3101160862354892,
    0.3067993366500829,
    0.33001658374792703,
    0.2885572139303483,
    0.27860696517412936,
    0.31840796019900497,
    0.30016583747927034,
    0.27197346600331673
  ]
}