{
  "epoch": [
    1,
    2,
    3,
    4,
    5,
    6,
    7,
    8,
    9,
    10,
    11,
    12,
    13,
    14,
    15,
    16,
    17,
    18,
    19,
    20,
    21,
    22,
    23,
    24,
    25,
    26,
    27,
    28,
    29,
    30,
    31,
    32,
    33,
    34
  ],
  "train_loss": [
    1.6567534795447962,
    1.5919597177702056,
    1.5935076993665716,
    1.5856137737451754,
    1.5667418706645844,
    1.565213249182142,
    1.5513763646327101,
    1.5491459822942792,
    1.5409774381214623,
    1.5423579940409549,
    1.5353402596631622,
    1.5371100511971143,
    1.537361190263142,
    1.5321844250239118,
    1.5410230751146046,
    1.5288307833688515,
    1.535621723810154,
    1.529571286142508,
    1.520122324141019,
    1.5278065146159516,
    1.5283494053280091,
    1.5408205978397622,
    1.5303624119416313,
    1.528114361125862,
    1.5148330330425064,
    1.522751831635568,
    1.520020827725159,
    1.5257177724004554,
    1.5105173575937452,
    1.5191136136831083,
    1.5147425277739786,
    1.5067580253754258,
    1.5091488693484025,
    1.5068540400279355
  ],
  "val_loss": [
    1.5994866799754686,
    1.593474379226343,
    1.584502983646804,
    1.5798784520100202,
    1.558859770768515,
    1.5543591774518217,
    1.5448094137865513,
    1.5434972105136953,
    1.5459560563117514,
    1.5516414246946624,
    1.5375311910414182,
    1.5441201235326765,
    1.538489226480424,
    1.5379765923343487,
    1.5374822316082755,
    1.5326488188052454,
    1.5331523712990098,
    1.5321920115753984,
    1.5415167413145354,
    1.559423451202228,
    1.5512544784577529,
    1.5331683787540418,
    1.5434171876701748,
    1.5292689284281944,
    1.5509688480576473,
    1.531877326530406,
    1.5423192183176677,
    1.5320422414128065,
    1.535313336212639,
    1.5501601409358567,
    1.5504598218212475,
    1.5411321561332563,
    1.5368009631708883,
    1.5479376571095405
  ],
  "val_acc": [
    0.15920398009950248,
    0.11940298507462686,
    0.28689883913764513,
    0.21393034825870647,
    0.29519071310116085,
    0.22885572139303484,
    0.27860696517412936,
    0.24543946932006633,
    0.2620232172470978,
    0.29519071310116085,
    0.23548922056384744,
    0.28192371475953565,
    0.3449419568822554,
    0.296849087893864,
    0.2537313432835821,
    0.2470978441127695,
    0.2537313432835821,
    0.2570480928689884,
    0.3067993366500829,
    0.27860696517412936,
    0.21393034825870647,
    0.2752902155887231,
    0.2752902155887231,
    0.2504145936981758,
    0.2835820895522388,
    0.25870646766169153,
    0.25538971807628524,
    0.26533996683250416,
    0.25207296849087896,
    0.2835820895522388,
    0.2802653399668325,
    0.2603648424543947,
    0.2736318407960199,
    0.2603648424543947
  ]
}