{
  "split": "test",
  "model_type": "lstm",
  "accuracy": 0.03477772497515877,
  "f1_macro": 0.0344558543770684,
  "precision_macro": 0.086031287446583,
  "recall_macro": 0.0752477408981813,
  "per_class_recall": {
    "Bathe": 0.005145797598627788,
    "Bed_Toilet_Transition": 0.0,
    "Cook": 0.0,
    "Cook_Breakfast": 0.0,
    "Cook_Dinner": 0.03442879499217527,
    "Cook_Lunch": 0.02857142857142857,
    "Dress": 0.03757044458359424,
    "Drink": 0.08962264150943396,
    "Eat": 0.018867924528301886,
    "Eat_Breakfast": 0.0,
    "Eat_Dinner": 0.0,
    "Eat_Lunch": 0.03409090909090909,
    "Enter_Home": 0.36470588235294116,
    "Entertain_Guests": 0.8054607508532423,
    "Evening_Meds": 0.038922155688622756,
    "Go_To_Sleep": 0.06666666666666667,
    "Groom": 0.005319148936170213,
    "Leave_Home": 0.16257668711656442,
    "Morning_Meds": 0.0,
    "Personal_Hygiene": 0.0007199424046076314,
    "Phone": 0.011049723756906077,
    "Read": 0.0,
    "Relax": 0.0,
    "Sleep": 0.006560449859418931,
    "Sleep_Out_Of_Bed": 0.011111111111111112,
    "Step_Out": 0.013422818791946308,
    "Toilet": 0.1341789052069426,
    "Wake_Up": 0.0,
    "Wash_Breakfast_Dishes": 0.07669616519174041,
    "Wash_Dinner_Dishes": 0.0,
    "Wash_Dishes": 0.011299435028248588,
    "Wash_Lunch_Dishes": 0.010526315789473684,
    "Watch_TV": 0.0,
    "Work_At_Table": 0.5909090909090909
  },
  "confusion_matrix": [
    [
      9,
      4,
      1,
      0,
      0,
      2,
      3,
      17,
      0,
      0,
      0,
      0,
      4,
      1126,
      5,
      10,
      64,
      38,
      0,
      4,
      1,
      0,
      0,
      0,
      0,
      1,
      142,
      0,
      23,
      0,
      6,
      0,
      0,
      289
    ],
    [
      0,
      0,
      0,
      0,
      0,
      0,
      0,
      0,
      0,
      0,
      0,
      0,
      0,
      69,
      2,
      0,
      2,
      1,
      0,
      0,
      0,
      0,
      0,
      0,
      0,
      0,
      17,
      0,
      4,
      0,
      1,
      0,
      0,
      7
    ],
    [
      0,
      0,
      0,
      0,
      15,
      6,
      0,
      21,
      0,
      0,
      0,
      0,
      5,
      239,
      9,
      0,
      1,
      0,
      0,
      0,
      0,
      0,
      0,
      0,
      0,
      1,
      3,
      0,
      20,
      0,
      11,
      1,
      0,
      3
    ],
    [
      0,
      0,
      0,
      0,
      57,
      37,
      3,
      93,
      3,
      0,
      0,
      2,
      17,
      1318,
      43,
      0,
      2,
      5,
      0,
      1,
      0,
      0,
      0,
      0,
      1,
      0,
      22,
      0,
      138,
      0,
      26,
      10,
      0,
      17
    ],
    [
      0,
      1,
      0,
      0,
      22,
      15,
      0,
      36,
      0,
      0,
      0,
      0,
      8,
      464,
      11,
      2,
      1,
      1,
      0,
      0,
      0,
      0,
      0,
      0,
      0,
      3,
      4,
      0,
      51,
      0,
      8,
      4,
      0,
      8
    ],
    [
      0,
      0,
      0,
      0,
      13,
      10,
      0,
      18,
      1,
      0,
      0,
      0,
      4,
      254,
      3,
      0,
      0,
      1,
      0,
      1,
      0,
      0,
      0,
      0,
      0,
      0,
      2,
      0,
      26,
      0,
      9,
      3,
      0,
      5
    ],
    [
      0,
      2,
      0,
      0,
      4,
      3,
      60,
      7,
      0,
      0,
      0,
      0,
      19,
      1330,
      6,
      15,
      4,
      32,
      0,
      0,
      0,
      0,
      0,
      8,
      1,
      1,
      29,
      4,
      9,
      0,
      0,
      0,
      0,
      63
    ],
    [
      0,
      0,
      0,
      0,
      18,
      10,
      0,
      38,
      0,
      0,
      0,
      0,
      5,
      285,
      11,
      1,
      0,
      1,
      0,
      0,
      0,
      0,
      0,
      0,
      1,
      2,
      3,
      0,
      37,
      1,
      6,
      2,
      0,
      3
    ],
    [
      0,
      0,
      0,
      0,
      0,
      0,
      1,
      0,
      1,
      0,
      0,
      2,
      0,
      43,
      0,
      0,
      0,
      1,
      0,
      0,
      2,
      0,
      0,
      0,
      0,
      1,
      1,
      0,
      0,
      0,
      0,
      0,
      0,
      1
    ],
    [
      0,
      0,
      0,
      0,
      0,
      1,
      0,
      4,
      0,
      0,
      0,
      0,
      3,
      272,
      0,
      0,
      1,
      37,
      0,
      0,
      4,
      0,
      0,
      0,
      2,
      0,
      4,
      0,
      1,
      0,
      0,
      0,
      0,
      9
    ],
    [
      0,
      0,
      0,
      0,
      0,
      0,
      0,
      0,
      0,
      0,
      0,
      1,
      2,
      105,
      0,
      0,
      0,
      9,
      0,
      0,
      2,
      0,
      0,
      0,
      0,
      0,
      2,
      0,
      0,
      0,
      0,
      0,
      0,
      3
    ],
    [
      0,
      0,
      0,
      0,
      0,
      0,
      0,
      2,
      0,
      0,
      0,
      3,
      0,
      65,
      0,
      0,
      0,
      5,
      0,
      0,
      1,
      0,
      0,
      0,
      1,
      2,
      2,
      0,
      1,
      0,
      0,
      0,
      0,
      6
    ],
    [
      0,
      0,
      0,
      0,
      0,
      0,
      3,
      3,
      0,
      0,
      0,
      0,
      93,
      98,
      0,
      0,
      1,
      22,
      0,
      0,
      0,
      0,
      0,
      0,
      0,
      1,
      10,
      0,
      5,
      0,
      1,
      0,
      0,
      18
    ],
    [
      0,
      0,
      0,
      0,
      6,
      3,
      1,
      5,
      0,
      0,
      0,
      0,
      4,
      236,
      2,
      0,
      0,
      4,
      0,
      1,
      0,
      0,
      0,
      0,
      0,
      3,
      4,
      0,
      12,
      0,
      2,
      0,
      0,
      10
    ],
    [
      0,
      0,
      0,
      0,
      9,
      8,
      0,
      23,
      0,
      0,
      0,
      0,
      6,
      230,
      13,
      0,
      0,
      3,
      0,
      0,
      1,
      0,
      0,
      0,
      0,
      2,
      1,
      0,
      31,
      0,
      4,
      0,
      0,
      3
    ],
    [
      0,
      0,
      0,
      0,
      0,
      0,
      0,
      0,
      0,
      0,
      0,
      0,
      0,
      38,
      0,
      3,
      0,
      1,
      0,
      0,
      0,
      0,
      0,
      0,
      0,
      0,
      1,
      0,
      0,
      0,
      0,
      0,
      0,
      2
    ],
    [
      1,
      0,
      0,
      0,
      0,
      2,
      0,
      1,
      0,
      0,
      0,
      1,
      2,
      119,
      2,
      1,
      1,
      6,
      0,
      0,
      0,
      0,
      0,
      0,
      0,
      0,
      17,
      0,
      2,
      0,
      2,
      0,
      0,
      31
    ],
    [
      0,
      0,
      0,
      0,
      0,
      1,
      0,
      2,
      0,
      0,
      0,
      4,
      34,
      186,
      1,
      2,
      1,
      53,
      0,
      0,
      2,
      0,
      0,
      0,
      0,
      5,
      4,
      0,
      1,
      0,
      0,
      0,
      0,
      30
    ],
    [
      0,
      0,
      0,
      0,
      19,
      9,
      0,
      26,
      1,
      0,
      0,
      0,
      5,
      277,
      6,
      0,
      0,
      1,
      0,
      1,
      1,
      0,
      0,
      0,
      0,
      1,
      4,
      0,
      27,
      0,
      6,
      2,
      0,
      4
    ],
    [
      5,
      1,
      0,
      0,
      1,
      6,
      1,
      13,
      0,
      0,
      0,
      2,
      5,
      913,
      4,
      7,
      37,
      30,
      0,
      1,
      0,
      0,
      0,
      0,
      0,
      1,
      152,
      0,
      24,
      0,
      5,
      0,
      0,
      181
    ],
    [
      0,
      0,
      0,
      0,
      0,
      0,
      0,
      2,
      0,
      0,
      0,
      1,
