{
  "epoch": [
    1,
    2,
    3,
    4,
    5,
    6,
    7,
    8,
    9,
    10,
    11,
    12,
    13,
    14,
    15,
    16,
    17,
    18,
    19,
    20,
    21,
    22,
    23,
    24
  ],
  "train_loss": [
    1.5081090205259668,
    1.3526079386112617,
    1.3330925357367185,
    1.3297353221239905,
    1.3227483459457745,
    1.3181155262555988,
    1.317443091308469,
    1.3088170309480234,
    1.3126666325580676,
    1.3134981562418555,
    1.2957744583138016,
    1.2929929349129303,
    1.295700855854986,
    1.2788798803120702,
    1.2820926706419824,
    1.2737033439173966,
    1.272475728263394,
    1.2708278982539336,
    1.2586760586173973,
    1.256044602004365,
    1.2510639252862612,
    1.2516224258066324,
    1.252857021770328,
    1.2380279634722429
  ],
  "val_loss": [
    1.4004480852614192,
    1.3127196349117096,
    1.3013671268871174,
    1.3177460987571856,
    1.3036715373471008,
    1.3002370516854536,
    1.3000993426166363,
    1.294348049519667,
    1.2956577816215122,
    1.2934677304320075,
    1.2947026514888402,
    1.2978464797954654,
    1.2913757610083811,
    1.2837765042856955,
    1.296560486355429,
    1.292255003456255,
    1.347737354227955,
    1.3119441598999757,
    1.2892299516877133,
    1.283838219705901,
    1.2914797028103475,
    1.316430332253426,
    1.312257278420241,
    1.285361791922283
  ],
  "val_acc": [
    0.32338308457711445,
    0.36650082918739635,
    0.3814262023217247,
    0.38308457711442784,
    0.37645107794361526,
    0.4079601990049751,
    0.37976782752902155,
    0.37645107794361526,
    0.3781094527363184,
    0.373134328358209,
    0.37645107794361526,
    0.43283582089552236,
    0.38474295190713104,
    0.39800995024875624,
    0.4046434494195688,
    0.417910447761194,
    0.3747927031509121,
    0.3996683250414594,
    0.48092868988391374,
    0.4427860696517413,
    0.4759535655058043,
    0.40630182421227196,
    0.40630182421227196,
    0.4494195688225539
  ]
}