{
  "epoch": [
    1,
    2,
    3,
    4,
    5,
    6,
    7,
    8,
    9,
    10,
    11,
    12,
    13,
    14,
    15,
    16,
    17,
    18,
    19,
    20,
    21
  ],
  "train_loss": [
    1.5113531780649605,
    1.3511981177855317,
    1.3514440008826347,
    1.3306163654483287,
    1.3152719985193282,
    1.326029067947751,
    1.3216177102260414,
    1.3134536777901666,
    1.32274765992046,
    1.3148919326155932,
    1.3094960210504647,
    1.2884092737616761,
    1.2991025371592182,
    1.303062606044246,
    1.2974697182003962,
    1.3070595105150191,
    1.293080854348113,
    1.2991359021194284,
    1.2931339246801392,
    1.293666190684223,
    1.2977328075952537
  ],
  "val_loss": [
    1.3270198640538686,
    1.3047184936245084,
    1.2925043709044828,
    1.281190297299159,
    1.2909953440006692,
    1.2678903973913114,
    1.279950635152472,
    1.302654859636158,
    1.2832255102508696,
    1.2845706518609725,
    1.2657135005416364,
    1.2717244771384877,
    1.2980046147730813,
    1.2744934790170015,
    1.3088048821064964,
    1.2752513171823858,
    1.27459200816368,
    1.2667656328349959,
    1.2827235031286084,
    1.2867651946509062,
    1.3022784506701317
  ],
  "val_acc": [
    0.439469320066335,
    0.4013266998341625,
    0.37976782752902155,
    0.36650082918739635,
    0.3582089552238806,
    0.38308457711442784,
    0.3714759535655058,
    0.34991708126036486,
    0.36981757877280264,
    0.373134328358209,
    0.37645107794361526,
    0.3714759535655058,
    0.351575456053068,
    0.3864013266998342,
    0.3466003316749585,
    0.3781094527363184,
    0.3864013266998342,
    0.38971807628524047,
    0.36318407960199006,
    0.38474295190713104,
    0.34991708126036486
  ]
}