{
  "epoch": [
    1,
    2,
    3,
    4,
    5,
    6,
    7,
    8,
    9,
    10,
    11,
    12,
    13,
    14,
    15,
    16
  ],
  "train_loss": [
    1.591357981133478,
    1.5356688534188287,
    1.5214414522846116,
    1.5131411829482773,
    1.5058067708296732,
    1.4951329293112088,
    1.489235321511253,
    1.482880139147549,
    1.4734347177551583,
    1.4687657346095104,
    1.4586114447931915,
    1.458242227443161,
    1.4532512246757512,
    1.4490351239755463,
    1.4451169283066392,
    1.4407381381053153
  ],
  "val_loss": [
    1.5369147944015453,
    1.5240441823677835,
    1.495205831962636,
    1.4860839373239039,
    1.4820839399919779,
    1.4760723752564262,
    1.4876924003930037,
    1.4939159647149234,
    1.4784100887984977,
    1.4809871647093031,
    1.4820672566222513,
    1.487085483362821,
    1.4900690629509947,
    1.485059751009269,
    1.4991018912487757,
    1.5105742769652535
  ],
  "val_acc": [
    0.296849087893864,
    0.37976782752902155,
    0.3383084577114428,
    0.33499170812603646,
    0.33665008291873966,
    0.33499170812603646,
    0.3416252072968491,
    0.3946932006633499,
    0.3963515754560531,
    0.41459369817578773,
    0.39303482587064675,
    0.3963515754560531,
    0.3963515754560531,
    0.4013266998341625,
    0.37976782752902155,
    0.40630182421227196
  ]
}