{
  "epoch": [
    1,
    2,
    3,
    4,
    5,
    6,
    7,
    8,
    9,
    10,
    11,
    12,
    13,
    14,
    15,
    16,
    17,
    18,
    19,
    20,
    21,
    22,
    23,
    24,
    25
  ],
  "train_loss": [
    1.6627830826143213,
    1.6077405606590438,
    1.5973218831087397,
    1.5804271143043642,
    1.566238976660229,
    1.5542075113785885,
    1.5469285494567828,
    1.5379396390643794,
    1.5470804321740481,
    1.5322564912333756,
    1.5350406073303873,
    1.5442602346361998,
    1.5275605967812447,
    1.5370560892948295,
    1.528612503195453,
    1.5214823819935195,
    1.5220284703443807,
    1.5263881557955332,
    1.5212876077399833,
    1.5124731040119532,
    1.5238917013729558,
    1.5147943471286343,
    1.5162232727892617,
    1.5123161180017684,
    1.5102324031648182
  ],
  "val_loss": [
    1.5972759089066615,
    1.5885575367245903,
    1.573925349645156,
    1.5489810120011642,
    1.552211525626048,
    1.5296252390638512,
    1.5248387486582766,
    1.5282984436250246,
    1.542503565500427,
    1.5240607694606876,
    1.5445903011815465,
    1.5512693371148054,
    1.5305991455492491,
    1.530766137796848,
    1.519687771401793,
    1.5232172498655556,
    1.5277901844401067,
    1.5246950783342073,
    1.5350708237927944,
    1.5303196410832318,
    1.529106501718461,
    1.5205661267981205,
    1.5257564304677607,
    1.5417990854525843,
    1.5255655249948328
  ],
  "val_acc": [
    0.11442786069651742,
    0.28524046434494194,
    0.4494195688225539,
    0.2902155887230514,
    0.18407960199004975,
    0.3200663349917081,
    0.25870646766169153,
    0.27197346600331673,
    0.3167495854063018,
    0.2935323383084577,
    0.27197346600331673,
    0.3034825870646766,
    0.2620232172470978,
    0.2669983416252073,
    0.296849087893864,
    0.30514096185737977,
    0.3117744610281924,
    0.28192371475953565,
    0.30845771144278605,
    0.2470978441127695,
    0.29850746268656714,
    0.27860696517412936,
    0.2835820895522388,
    0.34328358208955223,
    0.24543946932006633
  ]
}