{
  "split": "test",
  "model_type": "mlp",
  "accuracy": 0.31282671620512376,
  "f1_macro": 0.08563054774050445,
  "precision_macro": 0.08811545189903754,
  "recall_macro": 0.15903904659566884,
  "per_class_recall": {
    "Bathe": 0.6255787037037037,
    "Bed_Toilet_Transition": 0.45,
    "Cook": 0.2379421221864952,
    "Cook_Breakfast": 0.0,
    "Cook_Dinner": 0.0,
    "Cook_Lunch": 0.0,
    "Dress": 0.005012531328320802,
    "Drink": 0.2740740740740741,
    "Eat": 0.13333333333333333,
    "Eat_Breakfast": 0.006734006734006734,
    "Eat_Dinner": 0.09009009009009009,
    "Eat_Lunch": 0.01282051282051282,
    "Enter_Home": 0.6550387596899225,
    "Entertain_Guests": 0.0,
    "Evening_Meds": 0.0,
    "Go_To_Sleep": 0.06,
    "Groom": 0.0,
    "Leave_Home": 0.0,
    "Morning_Meds": 0.0030581039755351682,
    "Personal_Hygiene": 0.0,
    "Phone": 0.07222222222222222,
    "Read": 0.006631299734748011,
    "Relax": 0.0,
    "Sleep": 0.8496605237633366,
    "Sleep_Out_Of_Bed": 0.0,
    "Step_Out": 0.12121212121212122,
    "Toilet": 0.14123159303882196,
    "Wake_Up": 0.0,
    "Wash_Breakfast_Dishes": 0.026470588235294117,
    "Wash_Dinner_Dishes": 0.29292929292929293,
    "Wash_Dishes": 0.051351351351351354,
    "Wash_Lunch_Dishes": 0.0,
    "Watch_TV": 0.6808252427184466,
    "Work_At_Table": 0.6111111111111112
  },
  "confusion_matrix": [
    [
      1081,
      474,
      0,
      0,
      0,
      0,
      1,
      6,
      1,
      0,
      0,
      0,
      14,
      0,
      0,
      4,
      0,
      0,
      0,
      0,
      4,
      0,
      0,
      30,
      0,
      3,
      103,
      0,
      0,
      0,
      0,
      0,
      1,
      6
    ],
    [
      21,
      36,
      0,
      0,
      0,
      0,
      0,
      3,
      0,
      0,
      0,
      0,
      0,
      0,
      0,
      2,
      0,
      0,
      0,
      0,
      0,
      0,
      0,
      12,
      0,
      0,
      6,
      0,
      0,
      0,
      0,
      0,
      0,
      0
    ],
    [
      0,
      1,
      74,
      1,
      0,
      0,
      1,
      76,
      11,
      2,
      0,
      0,
      6,
      0,
      0,
      0,
      0,
      0,
      0,
      0,
      1,
      0,
      0,
      0,
      0,
      6,
      4,
      0,
      17,
      82,
      24,
      0,
      0,
      5
    ],
    [
      1,
      3,
      440,
      0,
      0,
      0,
      0,
      484,
      51,
      2,
      13,
      5,
      31,
      0,
      0,
      0,
      0,
      0,
      3,
      0,
      8,
      1,
      0,
      2,
      0,
      14,
      19,
      0,
      73,
      523,
      127,
      0,
      23,
      20
    ],
    [
      0,
      1,
      138,
      0,
      0,
      0,
      0,
      168,
      32,
      0,
      3,
      4,
      13,
      0,
      0,
      0,
      0,
      0,
      0,
      0,
      8,
      0,
      0,
      0,
      0,
      1,
      6,
      0,
      17,
      192,
      43,
      0,
      12,
      10
    ],
    [
      0,
      2,
      82,
      0,
      0,
      0,
      0,
      94,
      19,
      0,
      1,
      2,
      7,
      0,
      0,
      0,
      0,
      0,
      1,
      0,
      3,
      0,
      1,
      2,
      0,
      0,
      2,
      0,
      8,
      106,
      19,
      0,
      2,
      3
    ],
    [
      18,
      236,
      0,
      0,
      0,
      0,
      8,
      13,
      8,
      3,
      3,
      2,
      46,
      2,
      0,
      28,
      0,
      0,
      1,
      1,
      16,
      0,
      0,
      1116,
      0,
      26,
      47,
      4,
      0,
      0,
      0,
      0,
      9,
      9
    ],
    [
      0,
      3,
      59,
      0,
      0,
      0,
      0,
      111,
      34,
      2,
      6,
      5,
      24,
      1,
      0,
      0,
      0,
      0,
      3,
      0,
      5,
      0,
      0,
      2,
      0,
      15,
      8,
      0,
      19,
      69,
      16,
      0,
      9,
      14
    ],
    [
      0,
      1,
      0,
      0,
      0,
      0,
      0,
      10,
      6,
      0,
      3,
      0,
      1,
      0,
      0,
      0,
      0,
      0,
      0,
      0,
      2,
      0,
      0,
      0,
      0,
      1,
      3,
      0,
      3,
      1,
      0,
      0,
      12,
      2
    ],
    [
      1,
      4,
      1,
      0,
      0,
      0,
      1,
      34,
      27,
      2,
      31,
      7,
      17,
      0,
      0,
      0,
      0,
      0,
      0,
      0,
      10,
      0,
      0,
      0,
      0,
      15,
      5,
      0,
      3,
      3,
      2,
      0,
      133,
      1
    ],
    [
      0,
      0,
      1,
      0,
      0,
      0,
      0,
      8,
      14,
      2,
      10,
      1,
      10,
      0,
      0,
      0,
      0,
      0,
      1,
      0,
      2,
      1,
      0,
      0,
      0,
      6,
      0,
      0,
      1,
      3,
      0,
      0,
      50,
      1
    ],
    [
      0,
      0,
      0,
      0,
      0,
      0,
      0,
      9,
      13,
      0,
      3,
      1,
      6,
      0,
      0,
      0,
      0,
      0,
      0,
      0,
      4,
      1,
      0,
      0,
      0,
      6,
      1,
      0,
      1,
      0,
      0,
      0,
      32,
      1
    ],
    [
      1,
      6,
      0,
      0,
      0,
      0,
      0,
      4,
      8,
      0,
      1,
      4,
      169,
      0,
      0,
      1,
      0,
      0,
      0,
      0,
      5,
      0,
      0,
      2,
      0,
      25,
      16,
      0,
      0,
      0,
      0,
      0,
      13,
      3
    ],
    [
      3,
      6,
      27,
      0,
      0,
      0,
      1,
      61,
      19,
      0,
      1,
      2,
      35,
      0,
      0,
      3,
      0,
      0,
      0,
      0,
      13,
      0,
      0,
      11,
      0,
      15,
      16,
      0,
      8,
      32,
      9,
      0,
      12,
      7
    ],
    [
      0,
      1,
      45,
      0,
      0,
      0,
      0,
      85,
      38,
      0,
      8,
      2,
      20,
      0,
      0,
      1,
      0,
      0,
      0,
      0,
      5,
      0,
      0,
      2,
      0,
      6,
      7,
      0,
      8,
      63,
      17,
      0,
      11,
      5
    ],
    [
      3,
      16,
      0,
      0,
      0,
      0,
      1,
      0,
      0,
      0,
      0,
      0,
      2,
      0,
      0,
      3,
      0,
      0,
      0,
      0,
      0,
      0,
      0,
      20,
      0,
      2,
      2,
      0,
      0,
      0,
      0,
      0,
      1,
      0
    ],
    [
      61,
      63,
      0,
      0,
      0,
      0,
      0,
      2,
      0,
      0,
      0,
      0,
      5,
      0,
      0,
      5,
      0,
      0,
      0,
      0,
      1,
      0,
      0,
      24,
      0,
      2,
      17,
      0,
      0,
      0,
      0,
      0,
      3,
      1
    ],
    [
      6,
      21,
      0,
      0,
      0,
      0,
      0,
      5,
      15,
      2,
      11,
      10,
      58,
      0,
      0,
      2,
      0,
      0,
      0,
      0,
      23,
      1,
      0,
      16,
      0,
      37,
      37,
      0,
      0,
      0,
      0,
      0,
      111,
      4
    ],
    [
      0,
      1,
      38,
      0,
      0,
      0,
      1,
      92,
      35,
      1,
      4,
      7,
      24,
      0,
      0,
      0,
      0,
      0,
      1,
      0,
      4,
      1,
      0,
      1,
      0,
      13,
      8,
      0,
      10,
      70,
      11,
      0,
      2,
      3
    ],
    [
      630,
      404,
      1,
      0,
      0,
      0,
      1,
      22,
      6,
      0,
      4,
      0,
      43,
      0,
      0,
      8,
      0,
      0,
      0,
      0,
      28,
      0,
      0,
      85,
      0,
      13,
      123,
      0,
      0,
      0,
      0,
      0,
      13,
      14
    ],
    [
      2,
      4,
      1,
      0,
      0,
      0,
      0,
      13,
      8,
      0,
      10,
      2,
      32,
