{
  "split": "test",
  "model_type": "mlp",
  "accuracy": 0.3520110597485635,
  "f1_macro": 0.09471060725678526,
  "precision_macro": 0.11094352226618738,
  "recall_macro": 0.15628393042463268,
  "per_class_recall": {
    "Bathe": 0.7115812917594655,
    "Bed_Toilet_Transition": 0.0,
    "Cook": 0.2833333333333333,
    "Cook_Breakfast": 0.01927437641723356,
    "Cook_Dinner": 0.504258943781942,
    "Cook_Lunch": 0.0027624309392265192,
    "Dress": 0.025925925925925925,
    "Drink": 0.11214953271028037,
    "Eat": 0.09433962264150944,
    "Eat_Breakfast": 0.009009009009009009,
    "Eat_Dinner": 0.035398230088495575,
    "Eat_Lunch": 0.03571428571428571,
    "Enter_Home": 0.7433962264150943,
    "Entertain_Guests": 0.0,
    "Evening_Meds": 0.00558659217877095,
    "Go_To_Sleep": 0.1794871794871795,
    "Groom": 0.053475935828877004,
    "Leave_Home": 0.0,
    "Morning_Meds": 0.029649595687331536,
    "Personal_Hygiene": 0.03889304412864622,
    "Phone": 0.005376344086021506,
    "Read": 0.0,
    "Relax": 0.001941747572815534,
    "Sleep": 0.7892107892107892,
    "Sleep_Out_Of_Bed": 0.0034782608695652175,
    "Step_Out": 0.08163265306122448,
    "Toilet": 0.13581890812250333,
    "Wake_Up": 0.1111111111111111,
    "Wash_Breakfast_Dishes": 0.0,
    "Wash_Dinner_Dishes": 0.037267080745341616,
    "Wash_Dishes": 0.0,
    "Wash_Lunch_Dishes": 0.0,
    "Watch_TV": 0.7635811836115326,
    "Work_At_Table": 0.5
  },
  "confusion_matrix": [
    [
      1278,
      11,
      1,
      0,
      1,
      0,
      8,
      1,
      0,
      0,
      0,
      0,
      18,
      0,
      0,
      81,
      122,
      0,
      0,
      83,
      0,
      0,
      0,
      62,
      0,
      2,
      123,
      0,
      0,
      4,
      0,
      0,
      1,
      0
    ],
    [
      34,
      0,
      0,
      0,
      0,
      0,
      3,
      0,
      0,
      0,
      0,
      0,
      0,
      0,
      0,
      20,
      10,
      0,
      0,
      1,
      0,
      0,
      0,
      21,
      0,
      0,
      11,
      1,
      0,
      0,
      0,
      0,
      1,
      0
    ],
    [
      0,
      0,
      85,
      6,
      147,
      0,
      0,
      23,
      5,
      0,
      1,
      2,
      2,
      0,
      2,
      2,
      0,
      0,
      3,
      1,
      0,
      0,
      1,
      2,
      1,
      0,
      4,
      1,
      0,
      11,
      0,
      0,
      1,
      0
    ],
    [
      4,
      0,
      419,
      34,
      899,
      11,
      0,
      113,
      21,
      3,
      5,
      14,
      31,
      0,
      4,
      5,
      0,
      0,
      22,
      1,
      1,
      1,
      1,
      1,
      0,
      7,
      13,
      5,
      0,
      113,
      2,
      1,
      24,
      9
    ],
    [
      1,
      0,
      127,
      10,
      296,
      4,
      0,
      49,
      16,
      0,
      2,
      10,
      14,
      0,
      2,
      1,
      0,
      0,
      7,
      0,
      0,
      0,
      0,
      0,
      0,
      5,
      3,
      0,
      0,
      25,
      1,
      0,
      12,
      2
    ],
    [
      0,
      0,
      97,
      4,
      195,
      1,
      0,
      21,
      3,
      0,
      0,
      3,
      1,
      0,
      1,
      0,
      0,
      0,
      6,
      0,
      0,
      0,
      0,
      1,
      0,
      0,
      4,
      1,
      0,
      22,
      1,
      0,
      1,
      0
    ],
    [
      41,
      3,
      3,
      0,
      4,
      1,
      42,
      13,
      4,
      1,
      3,
      2,
      50,
      0,
      1,
      111,
      37,
      2,
      2,
      8,
      4,
      0,
      2,
      1058,
      1,
      4,
      40,
      167,
      0,
      0,
      0,
      0,
      11,
      5
    ],
    [
      0,
      0,
      64,
      1,
      158,
      2,
      1,
      48,
      18,
      3,
      9,
      15,
      29,
      0,
      0,
      6,
      0,
      0,
      11,
      1,
      1,
      0,
      2,
      2,
      1,
      5,
      4,
      5,
      0,
      14,
      0,
      0,
      25,
      3
    ],
    [
      0,
      0,
      0,
      1,
      13,
      0,
      0,
      7,
      5,
      0,
      1,
      3,
      2,
      0,
      0,
      0,
      0,
      0,
      1,
      0,
      0,
      0,
      1,
      0,
      0,
      0,
      0,
      0,
      0,
      1,
      0,
      0,
      17,
      1
    ],
    [
      2,
      0,
      1,
      2,
      30,
      0,
      0,
      20,
      21,
      3,
      7,
      24,
      28,
      0,
      1,
      0,
      2,
      0,
      6,
      2,
      7,
      0,
      3,
      0,
      0,
      12,
      7,
      1,
      0,
      1,
      0,
      0,
      152,
      1
    ],
    [
      0,
      0,
      0,
      0,
      10,
      0,
      0,
      13,
      7,
      0,
      4,
      7,
      7,
      0,
      1,
      1,
      0,
      0,
      2,
      0,
      0,
      0,
      0,
      0,
      1,
      3,
      2,
      0,
      0,
      1,
      0,
      0,
      52,
      2
    ],
    [
      0,
      0,
      0,
      0,
      6,
      0,
      0,
      7,
      5,
      1,
      1,
      3,
      8,
      0,
      0,
      0,
      0,
      0,
      0,
      0,
      0,
      0,
      0,
      0,
      0,
      1,
      0,
      0,
      0,
      0,
      0,
      0,
      51,
      1
    ],
    [
      0,
      0,
      1,
      0,
      3,
      0,
      1,
      1,
      2,
      0,
      2,
      3,
      197,
      0,
      1,
      3,
      1,
      0,
      1,
      0,
      0,
      0,
      0,
      7,
      0,
      12,
      12,
      1,
      0,
      0,
      0,
      0,
      16,
      1
    ],
    [
      10,
      0,
      24,
      1,
      78,
      0,
      3,
      23,
      5,
      0,
      1,
      5,
      45,
      0,
      2,
      6,
      1,
      0,
      6,
      1,
      2,
      0,
      0,
      9,
      0,
      7,
      25,
      5,
      0,
      7,
      0,
      0,
      20,
      1
    ],
    [
      0,
      0,
      62,
      3,
      162,
      0,
      0,
      29,
      13,
      2,
      2,
      9,
      23,
      0,
      2,
      0,
      1,
      0,
      5,
      0,
      2,
      1,
      0,
      2,
      0,
      3,
      4,
      2,
      0,
      10,
      0,
      0,
      17,
      4
    ],
    [
      3,
      0,
      0,
      0,
      0,
      0,
      0,
      0,
      0,
      0,
      0,
      0,
      4,
      0,
      0,
      7,
      4,
      0,
      0,
      0,
      0,
      0,
      0,
      16,
      0,
      0,
      5,
      0,
      0,
      0,
      0,
      0,
      0,
      0
    ],
    [
      92,
      0,
      0,
      0,
      0,
      0,
      8,
      1,
      0,
      0,
      0,
      0,
      4,
      0,
      0,
      15,
      10,
      0,
      0,
      11,
      1,
      0,
      1,
      27,
      1,
      0,
      13,
      2,
      0,
      1,
      0,
      0,
      0,
      0
    ],
    [
      9,
      0,
      0,
      0,
      5,
      0,
      2,
      9,
      6,
      1,
      2,
      9,
      82,
      0,
      0,
      4,
      1,
      0,
      2,
      1,
      3,
      0,
      0,
      15,
      1,
      22,
      24,
      3,
      0,
      0,
      0,
      0,
      112,
      2
    ],
    [
      0,
      0,
      45,
      2,
      141,
      1,
      0,
      47,
      13,
      4,
      2,
      15,
      39,
      0,
      0,
      1,
      0,
      0,
      11,
      0,
      1,
      0,
      2,
      1,
      0,
      9,
      3,
      1,
      0,
      17,
      0,
      0,
      15,
      1
    ],
    [
      690,
      9,
      0,
      0,
      7,
      1,
      16,
      6,
      6,
      0,
      0,
      3,
      69,
      0,
      0,
      105,
      95,
      1,
      3,
      52,
      4,
      0,
      3,
      96,
      0,
      4,
      121,
      5,
      0,
      3,
      0,
      0,
      30,
      8
    ],
    [
      0,
      0,
      0,
