{
  "epoch": [
    1,
    2,
    3,
    4,
    5,
    6,
    7,
    8,
    9,
    10,
    11,
    12,
    13,
    14,
    15,
    16,
    17,
    18,
    19,
    20,
    21,
    22,
    23,
    24,
    25
  ],
  "train_loss": [
    4.110530945681786,
    3.9805006025109444,
    3.9020471055378287,
    3.7850152767641863,
    3.7296371359629754,
    3.638895341856271,
    3.488039636928774,
    3.407978282550377,
    3.241460641225179,
    3.1864391608887734,
    3.1150755847939355,
    2.9488062816336833,
    2.943536102573737,
    2.798315621953734,
    2.7102775457557517,
    2.6013698165994943,
    2.589676333424261,
    2.5122520725592428,
    2.4659300437929357,
    2.4514144470261314,
    2.4335160205266537,
    2.298444235971732,
    2.258646131353917,
    2.192187427286294,
    2.2126363860412295
  ],
  "val_loss": [
    3.9793176945951796,
    3.946383127232188,
    3.925179855110719,
    3.887534200530691,
    3.835885237172707,
    3.7928739282273756,
    3.757515432908363,
    3.6948059170516494,
    3.728655134279703,
    3.6626135196882426,
    3.57949347840142,
    3.5763569517233935,
    3.5377233618313504,
    3.5522839506876838,
    3.573972805259154,
    3.5823881945659206,
    3.5433731693582438,
    3.4743812133356466,
    3.4042408441759875,
    3.395807025358849,
    3.3422846671232245,
    3.4125250491899313,
    3.405429820424503,
    3.4199719281540704,
    3.3840413093566895
  ],
  "val_acc": [
    0.020618556701030927,
    0.02577319587628866,
    0.05154639175257732,
    0.05154639175257732,
    0.0979381443298969,
    0.061855670103092786,
    0.09278350515463918,
    0.12371134020618557,
    0.08762886597938144,
    0.11855670103092783,
    0.0979381443298969,
    0.12886597938144329,
    0.13402061855670103,
    0.11855670103092783,
    0.12371134020618557,
    0.13402061855670103,
    0.1134020618556701,
    0.17010309278350516,
    0.14432989690721648,
    0.14948453608247422,
    0.14948453608247422,
    0.18556701030927836,
    0.15463917525773196,
    0.19072164948453607,
    0.16494845360824742
  ]
}