{
  "mode": "fixed_attacker",
  "distortion": {
    "mse": 0.5001426135508552,
    "mae": 0.5000535215727714,
    "pearson_r": 0.492560356051882,
    "mean_relative_abs_error": 266.6673200618828
  },
  "defense_config": {
    "enabled": true,
    "method": "noise",
    "mode": "fixed_attacker",
    "epsilon": 1.0,
    "ldp_sensitivity": 1.0,
    "noise_type": "laplace",
    "noise_scale": 0.5,
    "apply_to": "all",
    "selected_features": [
      "kitchen_light",
      "office_pc",
      "bedroom_motion"
    ],
    "binary_threshold": 0.5,
    "binary_features": [],
    "numeric_features": null
  },
  "attack_metrics": {
    "baseline": {
      "accuracy": 0.7974211062097047,
      "precision_macro": 0.7906653609567598,
      "recall_macro": 0.7934157779039684,
      "f1_macro": 0.7908078181634011,
      "per_class_recall": {
        "walking": 0.6612903225806451,
        "walking_upstairs": 0.6390658174097664,
        "walking_downstairs": 0.8166666666666667,
        "sitting": 0.8126272912423625,
        "standing": 0.8327067669172933,
        "laying": 0.9981378026070763
      }
    },
    "defended_fixed_attacker": {
      "accuracy": 0.16864608076009502,
      "precision_macro": 0.1914103923647932,
      "recall_macro": 0.19056486654252017,
      "f1_macro": 0.08489257030226288,
      "per_class_recall": {
        "walking": 0.0,
        "walking_upstairs": 0.0,
        "walking_downstairs": 1.0,
        "sitting": 0.0,
        "standing": 0.0,
        "laying": 0.14338919925512103
      }
    },
    "defense_effect": {
      "accuracy_drop": 0.6287750254496097,
      "relative_accuracy_drop_percent": 78.85106382978722,
      "macro_f1_drop": 0.7059152478611381,
      "per_class_recall_drop": {
        "walking": 0.6612903225806451,
        "walking_upstairs": 0.6390658174097664,
        "walking_downstairs": -0.18333333333333335,
        "sitting": 0.8126272912423625,
        "standing": 0.8327067669172933,
        "laying": 0.8547486033519552
      }
    }
  }
}