{
  "epoch": [
    1,
    2,
    3,
    4,
    5,
    6,
    7,
    8,
    9,
    10,
    11,
    12,
    13,
    14,
    15,
    16,
    17,
    18,
    19,
    20,
    21,
    22,
    23,
    24,
    25
  ],
  "train_loss": [
    2.99625492327028,
    1.531938918714032,
    1.3673515471648328,
    1.3216942931453988,
    1.2919513527338773,
    1.2712609426765655,
    1.2521206236193727,
    1.2345180267826308,
    1.2001812344119573,
    1.1507082717837454,
    1.1293835879547867,
    1.1289977257479982,
    1.1058976577467872,
    1.0999843806884784,
    1.0952788003953293,
    1.062492669064503,
    1.0697697685438239,
    1.0667223961169654,
    1.076923054936102,
    1.0563943066213473,
    1.074686748420801,
    1.0837992709462607,
    1.0457410896296728,
    1.0345734525164705,
    1.0290974033484956
  ],
  "val_loss": [
    1.6841797011794888,
    1.3159918319117367,
    1.2589285731072495,
    1.2133556567917545,
    1.2151200646530764,
    1.1931363515186115,
    1.179672863271105,
    1.1325228343116922,
    1.0831110759465408,
    1.0752570383164608,
    1.0775833014806544,
    1.0357580764369847,
    1.0380041535252378,
    1.0268193288047163,
    0.9808968812490628,
    1.0092208629396804,
    1.0151115078086517,
    0.9919021326534445,
    0.9745469963688335,
    0.9559452236306497,
    0.9695985376794349,
    0.9807388682417283,
    0.9711278591895087,
    0.9545850496483368,
    0.9615417534116982
  ],
  "val_acc": [
    0.30659415363698167,
    0.40312712440516657,
    0.43507817811012917,
    0.4751869476546567,
    0.4697484704282801,
    0.4921821889870836,
    0.46838885112168593,
    0.5295717199184229,
    0.5683208701563562,
    0.5601631543167913,
    0.5424881033310673,
    0.5880353501019715,
    0.5737593473827328,
    0.5798776342624066,
    0.5880353501019715,
    0.5941536369816451,
    0.5649218218898708,
    0.5955132562882393,
    0.6077498300475866,
    0.5995921142080217,
    0.6118286879673691,
    0.6063902107409925,
    0.6063902107409925,
    0.6023113528212101,
    0.6077498300475866
  ]
}