{
  "epoch": [
    1,
    2,
    3,
    4,
    5,
    6,
    7
  ],
  "train_loss": [
    1.5781674169598134,
    1.4328875542295119,
    1.425481997872469,
    1.49217560132777,
    1.5689011735993976,
    1.5141082354456241,
    1.6951700460138501
  ],
  "val_loss": [
    1.6640207735881118,
    1.3760556134944217,
    1.436543050710236,
    1.711318067836567,
    1.4438637768144433,
    1.4007094025530837,
    1.7604157385738588
  ],
  "val_acc": [
    0.32087015635622024,
    0.3711760707002039,
    0.380693405846363,
    0.22501699524133242,
    0.3052345343303875,
    0.3759347382732835,
    0.21957851801495581
  ]
}