{
  "epoch": [
    1,
    2,
    3,
    4,
    5,
    6,
    7,
    8,
    9,
    10,
    11,
    12,
    13,
    14,
    15,
    16,
    17,
    18,
    19,
    20,
    21,
    22,
    23,
    24,
    25
  ],
  "train_loss": [
    4.031561194596232,
    3.940445069326779,
    3.8587965872860694,
    3.810973505641139,
    3.705452514249225,
    3.5851843732007977,
    3.516899726187536,
    3.3959519234738607,
    3.3161564068672797,
    3.196737614184915,
    3.149426837828204,
    3.0741848993142975,
    2.95637907591109,
    2.928420511723093,
    2.8554468933794057,
    2.8528466554707204,
    2.764437723529431,
    2.7223882353054987,
    2.5854009166772447,
    2.555117131071629,
    2.4958986021487553,
    2.4539234255371434,
    2.385728804376038,
    2.347021811560275,
    2.254196580726311
  ],
  "val_loss": [
    3.8973552836585292,
    3.863374378263336,
    3.7917230252138117,
    3.686435694547044,
    3.6013607462656867,
    3.499256883699869,
    3.4448132809904433,
    3.3924315688536337,
    3.3252043404530003,
    3.2667155757392803,
    3.2055671337953546,
    3.141520040551412,
    3.129937076077019,
    3.1146029025009,
    3.050453313847178,
    3.00443328532976,
    2.97251139965254,
    2.919983981810894,
    2.891987119753336,
    2.8641265335771227,
    2.8696052511942756,
    2.808361431987015,
    2.7067353479641,
    2.751568468575625,
    2.6720046112217855
  ],
  "val_acc": [
    0.061855670103092786,
    0.03608247422680412,
    0.03608247422680412,
    0.07731958762886598,
    0.10824742268041238,
    0.0979381443298969,
    0.1134020618556701,
    0.09278350515463918,
    0.12886597938144329,
    0.09278350515463918,
    0.17525773195876287,
    0.15463917525773196,
    0.13917525773195877,
    0.1134020618556701,
    0.13917525773195877,
    0.15979381443298968,
    0.15463917525773196,
    0.15979381443298968,
    0.15463917525773196,
    0.17010309278350516,
    0.17010309278350516,
    0.18041237113402062,
    0.18556701030927836,
    0.1958762886597938,
    0.18556701030927836
  ]
}