{
  "epoch": [
    1,
    2,
    3,
    4,
    5,
    6,
    7,
    8,
    9,
    10,
    11,
    12,
    13,
    14,
    15,
    16,
    17,
    18,
    19,
    20,
    21,
    22,
    23,
    24,
    25,
    26,
    27
  ],
  "train_loss": [
    1.6111306806108845,
    1.5993794133329358,
    1.5887378211892405,
    1.5830157470770905,
    1.5825342543174294,
    1.5792134086884075,
    1.5785934689541445,
    1.5720374239363735,
    1.574567156644603,
    1.5667734610415895,
    1.5691174982961562,
    1.5614513474825689,
    1.5605240068117099,
    1.5560876767348972,
    1.5491038317704082,
    1.5456720412667118,
    1.5488248653418644,
    1.5346195194512797,
    1.5308085042022184,
    1.524459582656177,
    1.517908136897165,
    1.5099387914471873,
    1.5062295895734406,
    1.4900368686762784,
    1.4716478128677237,
    1.4490317634936334,
    1.4409755838620553
  ],
  "val_loss": [
    1.604454732257533,
    1.5927812744728962,
    1.574856387639718,
    1.576452349746603,
    1.5719952970792603,
    1.5685280674132542,
    1.570334634772976,
    1.5609494762041083,
    1.5595529338415979,
    1.5583543277300809,
    1.5548609989397166,
    1.5565782328743247,
    1.5494523216440508,
    1.5517348436573846,
    1.549836981553541,
    1.555726723093694,
    1.5445046185656368,
    1.5567512209735699,
    1.5499589377967873,
    1.5713550479060183,
    1.5635531529858337,
    1.5680667715483834,
    1.5585217416583008,
    1.5643968176881276,
    1.5873034893972167,
    1.610629715532015,
    1.5922782771029875
  ],
  "val_acc": [
    0.296849087893864,
    0.2885572139303483,
    0.3101160862354892,
    0.33996683250414594,
    0.3200663349917081,
    0.3101160862354892,
    0.2769485903814262,
    0.2802653399668325,
    0.28689883913764513,
    0.28192371475953565,
    0.30514096185737977,
    0.28524046434494194,
    0.2885572139303483,
    0.32172470978441126,
    0.2885572139303483,
    0.3150912106135987,
    0.2885572139303483,
    0.29519071310116085,
    0.3018242122719735,
    0.28524046434494194,
    0.3150912106135987,
    0.3018242122719735,
    0.26865671641791045,
    0.296849087893864,
    0.2902155887230514,
    0.28689883913764513,
    0.34328358208955223
  ]
}