{
  "epoch": [
    1,
    2,
    3,
    4,
    5,
    6,
    7,
    8,
    9,
    10,
    11,
    12,
    13,
    14,
    15,
    16,
    17,
    18,
    19,
    20,
    21,
    22,
    23,
    24,
    25,
    26,
    27,
    28,
    29,
    30,
    31,
    32,
    33,
    34,
    35
  ],
  "train_loss": [
    1.7373055306070648,
    1.6134355980704334,
    1.6150567167264482,
    1.6098713855329947,
    1.6096728880013993,
    1.6043515864550517,
    1.6070208688449927,
    1.6038390485293152,
    1.599660866550291,
    1.5962769338740639,
    1.595312639679058,
    1.5949386720040544,
    1.5913252790684216,
    1.5871760942619069,
    1.586029665302366,
    1.5902485883905266,
    1.589137030308689,
    1.5914094282874167,
    1.5864244663046028,
    1.589259888402265,
    1.5828678217354444,
    1.5830113696306414,
    1.5842513849994522,
    1.5876923982522635,
    1.5769758275322823,
    1.57925909524618,
    1.589404912391451,
    1.578291539444344,
    1.5786712448395306,
    1.5773103088034581,
    1.5755153556368244,
    1.5721732355129998,
    1.5778380923857482,
    1.5681130659859825,
    1.577990976562717
  ],
  "val_loss": [
    1.6088530845309965,
    1.606669985635166,
    1.6011945971999793,
    1.6059200012466406,
    1.607006948781053,
    1.6079227036702297,
    1.5962406345465487,
    1.5960342296913488,
    1.590850351857111,
    1.586489952618803,
    1.5847341352038913,
    1.5895100497883152,
    1.5801546619108462,
    1.5876428624290733,
    1.5849992056588826,
    1.5802337856435065,
    1.591313601330936,
    1.5777441844418274,
    1.5902102727004348,
    1.5815912046242708,
    1.5864678619315178,
    1.5739605252817892,
    1.5848271975272132,
    1.5872888733103105,
    1.5727317722677987,
    1.5779905246067205,
    1.580414312593577,
    1.5810710998316901,
    1.5792902085318494,
    1.577689037196474,
    1.581892666334339,
    1.5794010381793502,
    1.5766300601548027,
    1.574640286107166,
    1.5780428460185998
  ],
  "val_acc": [
    0.1310116086235489,
    0.417910447761194,
    0.40298507462686567,
    0.12437810945273632,
    0.09286898839137644,
    0.28689883913764513,
    0.22885572139303484,
    0.17744610281923714,
    0.2504145936981758,
    0.2504145936981758,
    0.2752902155887231,
    0.17412935323383086,
    0.3416252072968491,
    0.1625207296849088,
    0.17081260364842454,
    0.3250414593698176,
    0.16749585406301823,
    0.24046434494195687,
    0.1724709784411277,
    0.3333333333333333,
    0.22388059701492538,
    0.21890547263681592,
    0.20729684908789386,
    0.20563847429519072,
    0.24875621890547264,
    0.21393034825870647,
    0.21890547263681592,
    0.3598673300165838,
    0.208955223880597,
    0.24378109452736318,
    0.20398009950248755,
    0.21393034825870647,
    0.2023217247097844,
    0.23880597014925373,
    0.23548922056384744
  ]
}