{
  "epoch": [
    1,
    2,
    3,
    4,
    5,
    6,
    7
  ],
  "train_loss": [
    4.567891033780931,
    4.067253372597932,
    4.0169429309080344,
    4.020031764789805,
    3.9940990192417556,
    3.9970040569537764,
    4.006001239335154
  ],
  "val_loss": [
    3.9840497823105645,
    3.975144966361449,
    4.016983973611262,
    4.0050547245851496,
    3.9891914461076876,
    4.0216085001365425,
    3.979310999211577
  ],
  "val_acc": [
    0.020618556701030927,
    0.041237113402061855,
    0.005154639175257732,
    0.041237113402061855,
    0.041237113402061855,
    0.005154639175257732,
    0.0
  ]
}