{
  "epoch": [
    1,
    2,
    3,
    4,
    5,
    6,
    7,
    8,
    9,
    10,
    11,
    12,
    13,
    14,
    15,
    16,
    17,
    18,
    19,
    20,
    21
  ],
  "train_loss": [
    3.9946417681798585,
    3.9873261636541795,
    3.9811699213511655,
    3.9741553996224472,
    3.9572481517643894,
    3.9112453220426575,
    3.8349439202749056,
    3.7421895446439386,
    3.6300753607174356,
    3.5189868149699297,
    3.3927176590113675,
    3.3052436244052115,
    3.22723465662858,
    3.1329441960335833,
    3.0326292052749517,
    2.9728262416548112,
    2.848884273605093,
    2.8030805693380327,
    2.7120712099149245,
    2.5705386095268783,
    2.5232638077086387
  ],
  "val_loss": [
    3.9854640592004835,
    3.9830686849417147,
    3.974139238141247,
    3.966982165562738,
    3.9534385253473654,
    3.910386267396593,
    3.8643665313720703,
    3.8108494453823445,
    3.7290969878127895,
    3.7839267819198135,
    3.703141822028406,
    3.7063852339675747,
    3.672337418978976,
    3.7390497836870016,
    3.584464670456562,
    3.58420518009933,
    3.7769916868701423,
    3.6322146715577115,
    3.613837891018268,
    3.6325996782361845,
    3.7194348856345893
  ],
  "val_acc": [
    0.010309278350515464,
    0.020618556701030927,
    0.0,
    0.005154639175257732,
    0.020618556701030927,
    0.015463917525773196,
    0.05670103092783505,
    0.05670103092783505,
    0.05670103092783505,
    0.0979381443298969,
    0.05154639175257732,
    0.08247422680412371,
    0.07731958762886598,
    0.08762886597938144,
    0.08762886597938144,
    0.07731958762886598,
    0.07216494845360824,
    0.061855670103092786,
    0.07731958762886598,
    0.12371134020618557,
    0.06701030927835051
  ]
}