{
  "epoch": [
    1,
    2,
    3,
    4,
    5,
    6,
    7,
    8,
    9,
    10,
    11,
    12
  ],
  "train_loss": [
    3.995196137317391,
    3.9886128989565015,
    3.9801706850594725,
    3.972525551997678,
    3.966999719045223,
    3.9568969398109886,
    3.9288228865081685,
    3.876844901447148,
    3.820612121922101,
    3.7609610636764983,
    3.6395343223943533,
    3.536405091533893
  ],
  "val_loss": [
    3.989985173510522,
    3.986025109733503,
    3.9819648683685616,
    3.976015031952219,
    3.96309444339005,
    3.965996904471486,
    3.9356052752622626,
    3.938118293113315,
    3.9916553472735217,
    4.007503094132414,
    3.9606086101728617,
    4.050522202068997
  ],
  "val_acc": [
    0.0,
    0.005154639175257732,
    0.020618556701030927,
    0.015463917525773196,
    0.020618556701030927,
    0.02577319587628866,
    0.030927835051546393,
    0.05154639175257732,
    0.010309278350515464,
    0.020618556701030927,
    0.03608247422680412,
    0.020618556701030927
  ]
}