{
  "epoch": [
    1,
    2,
    3,
    4,
    5,
    6,
    7,
    8,
    9,
    10,
    11,
    12,
    13,
    14,
    15,
    16,
    17,
    18,
    19,
    20,
    21,
    22,
    23,
    24,
    25
  ],
  "train_loss": [
    5.890431064043859,
    4.1357015354160716,
    4.042782957767727,
    3.9971844133480574,
    4.006159297123568,
    3.988508492213151,
    3.979709173225749,
    4.001298880128237,
    3.9989466236807316,
    3.986763105571996,
    4.003218293322017,
    3.982597743421958,
    3.989073942666038,
    3.980630574696352,
    3.9925760377945165,
    3.9942475904525976,
    3.990735475935149,
    3.988345489681493,
    3.9881397611147014,
    3.987801647397503,
    3.986570174511881,
    3.9811109414000314,
    3.987296521861688,
    3.9892840594020265,
    3.9876253530960675
  ],
  "val_loss": [
    4.038075451998367,
    3.998634667740655,
    3.9966124996696553,
    3.99639811712442,
    3.995783220861376,
    3.9952298144704286,
    4.000955753719683,
    3.994360493630478,
    4.00196370636065,
    3.993766135776166,
    3.993202536376481,
    3.992761653723176,
    3.992317143174791,
    3.992481910076338,
    3.9918926155444274,
    3.991900350629669,
    3.991859369671222,
    3.99083363886961,
    3.9916635641117684,
    3.990995724176623,
    3.9907651316259325,
    3.9905219323856316,
    3.9905141333943788,
    3.9904394297255683,
    3.990033619182626
  ],
  "val_acc": [
    0.005154639175257732,
    0.02577319587628866,
    0.010309278350515464,
    0.010309278350515464,
    0.010309278350515464,
    0.010309278350515464,
    0.010309278350515464,
    0.010309278350515464,
    0.03608247422680412,
    0.010309278350515464,
    0.010309278350515464,
    0.010309278350515464,
    0.010309278350515464,
    0.015463917525773196,
    0.010309278350515464,
    0.010309278350515464,
    0.010309278350515464,
    0.015463917525773196,
    0.010309278350515464,
    0.010309278350515464,
    0.010309278350515464,
    0.010309278350515464,
    0.010309278350515464,
    0.010309278350515464,
    0.010309278350515464
  ]
}