event,packet_type,node,src,seq,bytes,time_ms,payload_time_ms,sim_time_ms,send_ms,recv_ms,delay_ms,line_number,raw_line
TX,REAL,7,,0,48,15180.0,14861,15180.0,,,,76,15180000	ID:7	[INFO: Metric    ] METRIC_TX type=REAL node=7 seq=0 bytes=48 time_ms=14861
RX,REAL,,7,0,48,15218.88,14715,15218.88,14861,14715,38.8799999999992,77,15218880	ID:1	[INFO: Metric    ] METRIC_RX type=REAL src=7 seq=0 send_ms=14861 recv_ms=14715 bytes=48
TX,REAL,6,,0,48,22372.0,21433,22372.0,,,,84,22372000	ID:6	[INFO: Metric    ] METRIC_TX type=REAL node=6 seq=0 bytes=48 time_ms=21433
RX,REAL,,6,0,48,22404.88,21901,22404.88,21433,21901,32.88000000000102,85,22404880	ID:1	[INFO: Metric    ] METRIC_RX type=REAL src=6 seq=0 send_ms=21433 recv_ms=21901 bytes=48
TX,REAL,7,,1,48,24181.0,23862,24181.0,,,,87,24181000	ID:7	[INFO: Metric    ] METRIC_TX type=REAL node=7 seq=1 bytes=48 time_ms=23862
TX,DUMMY,7,,0,48,24182.0,23863,24182.0,,,,88,24182000	ID:7	[INFO: Metric    ] METRIC_TX type=DUMMY node=7 seq=0 bytes=48 time_ms=23863
RX,REAL,,7,1,48,24207.88,23704,24207.88,23862,23704,26.88000000000102,89,24207880	ID:1	[INFO: Metric    ] METRIC_RX type=REAL src=7 seq=1 send_ms=23862 recv_ms=23704 bytes=48
RX,DUMMY,,7,0,48,24241.88,23738,24241.88,23863,23738,,91,24241880	ID:1	[INFO: Metric    ] METRIC_RX type=DUMMY src=7 seq=0 send_ms=23863 recv_ms=23738 bytes=48
TX,REAL,2,,0,48,25009.0,24146,25009.0,,,,95,25009000	ID:2	[INFO: Metric    ] METRIC_TX type=REAL node=2 seq=0 bytes=48 time_ms=24146
TX,DUMMY,2,,0,48,25010.0,24147,25010.0,,,,96,25010000	ID:2	[INFO: Metric    ] METRIC_TX type=DUMMY node=2 seq=0 bytes=48 time_ms=24147
RX,REAL,,2,0,48,25030.88,24527,25030.88,24146,24527,21.88000000000102,97,25030880	ID:1	[INFO: Metric    ] METRIC_RX type=REAL src=2 seq=0 send_ms=24146 recv_ms=24527 bytes=48
RX,DUMMY,,2,0,48,25050.88,24547,25050.88,24147,24547,,98,25050880	ID:1	[INFO: Metric    ] METRIC_RX type=DUMMY src=2 seq=0 send_ms=24147 recv_ms=24547 bytes=48
TX,REAL,6,,1,48,33373.0,32434,33373.0,,,,104,33373000	ID:6	[INFO: Metric    ] METRIC_TX type=REAL node=6 seq=1 bytes=48 time_ms=32434
RX,REAL,,6,1,48,33386.88,32883,33386.88,32434,32883,13.87999999999738,105,33386880	ID:1	[INFO: Metric    ] METRIC_RX type=REAL src=6 seq=1 send_ms=32434 recv_ms=32883 bytes=48
TX,REAL,2,,1,48,34011.0,33148,34011.0,,,,107,34011000	ID:2	[INFO: Metric    ] METRIC_TX type=REAL node=2 seq=1 bytes=48 time_ms=33148
TX,DUMMY,2,,1,48,34012.0,33149,34012.0,,,,108,34012000	ID:2	[INFO: Metric    ] METRIC_TX type=DUMMY node=2 seq=1 bytes=48 time_ms=33149
RX,REAL,,2,1,48,34017.88,33514,34017.88,33148,33514,6.879999999997381,109,34017880	ID:1	[INFO: Metric    ] METRIC_RX type=REAL src=2 seq=1 send_ms=33148 recv_ms=33514 bytes=48
RX,DUMMY,,2,1,48,34102.88,33599,34102.88,33149,33599,,111,34102880	ID:1	[INFO: Metric    ] METRIC_RX type=DUMMY src=2 seq=1 send_ms=33149 recv_ms=33599 bytes=48
TX,REAL,7,,2,48,34183.0,33864,34183.0,,,,113,34183000	ID:7	[INFO: Metric    ] METRIC_TX type=REAL node=7 seq=2 bytes=48 time_ms=33864
RX,REAL,,7,2,48,34222.88,33719,34222.88,33864,33719,39.87999999999738,114,34222880	ID:1	[INFO: Metric    ] METRIC_RX type=REAL src=7 seq=2 send_ms=33864 recv_ms=33719 bytes=48
TX,REAL,4,,0,48,34576.0,34283,34576.0,,,,119,34576000	ID:4	[INFO: Metric    ] METRIC_TX type=REAL node=4 seq=0 bytes=48 time_ms=34283
TX,DUMMY,4,,0,48,34577.0,34284,34577.0,,,,120,34577000	ID:4	[INFO: Metric    ] METRIC_TX type=DUMMY node=4 seq=0 bytes=48 time_ms=34284
RX,REAL,,4,0,48,34606.168,34103,34606.168,34283,34103,30.167999999997846,121,34606168	ID:1	[INFO: Metric    ] METRIC_RX type=REAL src=4 seq=0 send_ms=34283 recv_ms=34103 bytes=48
RX,DUMMY,,4,0,48,34668.168,34165,34668.168,34284,34165,,122,34668168	ID:1	[INFO: Metric    ] METRIC_RX type=DUMMY src=4 seq=0 send_ms=34284 recv_ms=34165 bytes=48
TX,REAL,5,,0,48,37324.0,36987,37324.0,,,,127,37324000	ID:5	[INFO: Metric    ] METRIC_TX type=REAL node=5 seq=0 bytes=48 time_ms=36987
TX,DUMMY,5,,0,48,37325.0,36988,37325.0,,,,128,37325000	ID:5	[INFO: Metric    ] METRIC_TX type=DUMMY node=5 seq=0 bytes=48 time_ms=36988
RX,REAL,,5,0,48,37378.168,36875,37378.168,36987,36875,54.167999999997846,129,37378168	ID:1	[INFO: Metric    ] METRIC_RX type=REAL src=5 seq=0 send_ms=36987 recv_ms=36875 bytes=48
RX,DUMMY,,5,0,48,37459.168,36956,37459.168,36988,36956,,131,37459168	ID:1	[INFO: Metric    ] METRIC_RX type=DUMMY src=5 seq=0 send_ms=36988 recv_ms=36956 bytes=48
TX,REAL,3,,0,48,40914.0,40250,40914.0,,,,135,40914000	ID:3	[INFO: Metric    ] METRIC_TX type=REAL node=3 seq=0 bytes=48 time_ms=40250
TX,DUMMY,3,,0,48,40915.0,40251,40915.0,,,,136,40915000	ID:3	[INFO: Metric    ] METRIC_TX type=DUMMY node=3 seq=0 bytes=48 time_ms=40251
RX,REAL,,3,0,48,40978.168,40475,40978.168,40250,40475,64.16799999999785,137,40978168	ID:1	[INFO: Metric    ] METRIC_RX type=REAL src=3 seq=0 send_ms=40250 recv_ms=40475 bytes=48
RX,DUMMY,,3,0,48,40997.168,40494,40997.168,40251,40494,,138,40997168	ID:1	[INFO: Metric    ] METRIC_RX type=DUMMY src=3 seq=0 send_ms=40251 recv_ms=40494 bytes=48
TX,REAL,7,,3,48,45184.0,44865,45184.0,,,,141,45184000	ID:7	[INFO: Metric    ] METRIC_TX type=REAL node=7 seq=3 bytes=48 time_ms=44865
RX,REAL,,7,3,48,45219.88,44716,45219.88,44865,44716,35.87999999999738,142,45219880	ID:1	[INFO: Metric    ] METRIC_RX type=REAL src=7 seq=3 send_ms=44865 recv_ms=44716 bytes=48
TX,REAL,6,,2,48,45374.0,44435,45374.0,,,,144,45374000	ID:6	[INFO: Metric    ] METRIC_TX type=REAL node=6 seq=2 bytes=48 time_ms=44435
RX,REAL,,6,2,48,45379.88,44876,45379.88,44435,44876,5.879999999997381,145,45379880	ID:1	[INFO: Metric    ] METRIC_RX type=REAL src=6 seq=2 send_ms=44435 recv_ms=44876 bytes=48
TX,REAL,2,,2,48,46013.0,45150,46013.0,,,,147,46013000	ID:2	[INFO: Metric    ] METRIC_TX type=REAL node=2 seq=2 bytes=48 time_ms=45150
TX,DUMMY,2,,2,48,46014.0,45151,46014.0,,,,148,46014000	ID:2	[INFO: Metric    ] METRIC_TX type=DUMMY node=2 seq=2 bytes=48 time_ms=45151
RX,REAL,,2,2,48,46052.88,45549,46052.88,45150,45549,39.87999999999738,149,46052880	ID:1	[INFO: Metric    ] METRIC_RX type=REAL src=2 seq=2 send_ms=45150 recv_ms=45549 bytes=48
RX,DUMMY,,2,2,48,46067.88,45564,46067.88,45151,45564,,150,46067880	ID:1	[INFO: Metric    ] METRIC_RX type=DUMMY src=2 seq=2 send_ms=45151 recv_ms=45564 bytes=48
TX,REAL,4,,1,48,46578.0,46285,46578.0,,,,154,46578000	ID:4	[INFO: Metric    ] METRIC_TX type=REAL node=4 seq=1 bytes=48 time_ms=46285
RX,REAL,,4,1,48,46635.168,46132,46635.168,46285,46132,57.167999999997846,155,46635168	ID:1	[INFO: Metric    ] METRIC_RX type=REAL src=4 seq=1 send_ms=46285 recv_ms=46132 bytes=48
TX,REAL,5,,1,48,49326.0,48989,49326.0,,,,157,49326000	ID:5	[INFO: Metric    ] METRIC_TX type=REAL node=5 seq=1 bytes=48 time_ms=48989
RX,REAL,,5,1,48,49379.168,48876,49379.168,48989,48876,53.167999999997846,158,49379168	ID:1	[INFO: Metric    ] METRIC_RX type=REAL src=5 seq=1 send_ms=48989 recv_ms=48876 bytes=48
TX,REAL,3,,1,48,49916.0,49252,49916.0,,,,160,49916000	ID:3	[INFO: Metric    ] METRIC_TX type=REAL node=3 seq=1 bytes=48 time_ms=49252
RX,REAL,,3,1,48,49972.168,49469,49972.168,49252,49469,56.167999999997846,161,49972168	ID:1	[INFO: Metric    ] METRIC_RX type=REAL src=3 seq=1 send_ms=49252 recv_ms=49469 bytes=48
TX,REAL,7,,4,48,53185.0,52866,53185.0,,,,163,53185000	ID:7	[INFO: Metric    ] METRIC_TX type=REAL node=7 seq=4 bytes=48 time_ms=52866
RX,REAL,,7,4,48,53206.88,52703,53206.88,52866,52703,21.87999999999738,164,53206880	ID:1	[INFO: Metric    ] METRIC_RX type=REAL src=7 seq=4 send_ms=52866 recv_ms=52703 bytes=48
TX,REAL,6,,3,48,54375.0,53436,54375.0,,,,166,54375000	ID:6	[INFO: Metric    ] METRIC_TX type=REAL node=6 seq=3 bytes=48 time_ms=53436
RX,REAL,,6,3,48,54387.88,53884,54387.88,53436,53884,12.87999999999738,167,54387880	ID:1	[INFO: Metric    ] METRIC_RX type=REAL src=6 seq=3 send_ms=53436 recv_ms=53884 bytes=48
TX,REAL,2,,3,48,55015.0,54152,55015.0,,,,169,55015000	ID:2	[INFO: Metric    ] METRIC_TX type=REAL node=2 seq=3 bytes=48 time_ms=54152
RX,REAL,,2,3,48,55041.88,54538,55041.88,54152,54538,26.87999999999738,170,55041880	ID:1	[INFO: Metric    ] METRIC_RX type=REAL src=2 seq=3 send_ms=54152 recv_ms=54538 bytes=48
TX,REAL,3,,2,48,57917.0,57253,57917.0,,,,172,57917000	ID:3	[INFO: Metric    ] METRIC_TX type=REAL node=3 seq=2 bytes=48 time_ms=57253
RX,REAL,,3,2,48,57995.168,57492,57995.168,57253,57492,78.16799999999785,173,57995168	ID:1	[INFO: Metric    ] METRIC_RX type=REAL src=3 seq=2 send_ms=57253 recv_ms=57492 bytes=48
TX,REAL,4,,2,48,58579.0,58286,58579.0,,,,175,58579000	ID:4	[INFO: Metric    ] METRIC_TX type=REAL node=4 seq=2 bytes=48 time_ms=58286
TX,DUMMY,4,,1,48,58580.0,58287,58580.0,,,,176,58580000	ID:4	[INFO: Metric    ] METRIC_TX type=DUMMY node=4 seq=1 bytes=48 time_ms=58287
RX,REAL,,4,2,48,58659.168,58156,58659.168,58286,58156,80.16799999999785,177,58659168	ID:1	[INFO: Metric    ] METRIC_RX type=REAL src=4 seq=2 send_ms=58286 recv_ms=58156 bytes=48
RX,DUMMY,,4,1,48,58701.168,58198,58701.168,58287,58198,,178,58701168	ID:1	[INFO: Metric    ] METRIC_RX type=DUMMY src=4 seq=1 send_ms=58287 recv_ms=58198 bytes=48
TX,REAL,5,,2,48,60327.0,59990,60327.0,,,,181,60327000	ID:5	[INFO: Metric    ] METRIC_TX type=REAL node=5 seq=2 bytes=48 time_ms=59990
RX,REAL,,5,2,48,60397.168,59894,60397.168,59990,59894,70.16799999999785,182,60397168	ID:1	[INFO: Metric    ] METRIC_RX type=REAL src=5 seq=2 send_ms=59990 recv_ms=59894 bytes=48
TX,REAL,7,,5,48,63186.0,62867,63186.0,,,,185,63186000	ID:7	[INFO: Metric    ] METRIC_TX type=REAL node=7 seq=5 bytes=48 time_ms=62867
TX,DUMMY,7,,1,48,63187.0,62868,63187.0,,,,186,63187000	ID:7	[INFO: Metric    ] METRIC_TX type=DUMMY node=7 seq=1 bytes=48 time_ms=62868
RX,REAL,,7,5,48,63199.88,62696,63199.88,62867,62696,13.87999999999738,187,63199880	ID:1	[INFO: Metric    ] METRIC_RX type=REAL src=7 seq=5 send_ms=62867 recv_ms=62696 bytes=48
RX,DUMMY,,7,1,48,63226.88,62723,63226.88,62868,62723,,189,63226880	ID:1	[INFO: Metric    ] METRIC_RX type=DUMMY src=7 seq=1 send_ms=62868 recv_ms=62723 bytes=48
TX,REAL,2,,4,48,64016.0,63153,64016.0,,,,191,64016000	ID:2	[INFO: Metric    ] METRIC_TX type=REAL node=2 seq=4 bytes=48 time_ms=63153
RX,REAL,,2,4,48,64058.88,63555,64058.88,63153,63555,42.87999999999738,192,64058880	ID:1	[INFO: Metric    ] METRIC_RX type=REAL src=2 seq=4 send_ms=63153 recv_ms=63555 bytes=48
TX,REAL,6,,4,48,64376.0,63437,64376.0,,,,194,64376000	ID:6	[INFO: Metric    ] METRIC_TX type=REAL node=6 seq=4 bytes=48 time_ms=63437
RX,REAL,,6,4,48,64406.88,63903,64406.88,63437,63903,30.87999999999738,195,64406880	ID:1	[INFO: Metric    ] METRIC_RX type=REAL src=6 seq=4 send_ms=63437 recv_ms=63903 bytes=48
TX,REAL,3,,3,48,67918.0,67254,67918.0,,,,197,67918000	ID:3	[INFO: Metric    ] METRIC_TX type=REAL node=3 seq=3 bytes=48 time_ms=67254
RX,REAL,,3,3,48,67974.168,67471,67974.168,67254,67471,56.16800000000512,198,67974168	ID:1	[INFO: Metric    ] METRIC_RX type=REAL src=3 seq=3 send_ms=67254 recv_ms=67471 bytes=48
TX,REAL,4,,3,48,68581.0,68288,68581.0,,,,200,68581000	ID:4	[INFO: Metric    ] METRIC_TX type=REAL node=4 seq=3 bytes=48 time_ms=68288
TX,DUMMY,4,,2,48,68582.0,68289,68582.0,,,,201,68582000	ID:4	[INFO: Metric    ] METRIC_TX type=DUMMY node=4 seq=2 bytes=48 time_ms=68289
RX,REAL,,4,3,48,68634.168,68131,68634.168,68288,68131,53.16800000000512,202,68634168	ID:1	[INFO: Metric    ] METRIC_RX type=REAL src=4 seq=3 send_ms=68288 recv_ms=68131 bytes=48
RX,DUMMY,,4,2,48,68754.168,68251,68754.168,68289,68251,,204,68754168	ID:1	[INFO: Metric    ] METRIC_RX type=DUMMY src=4 seq=2 send_ms=68289 recv_ms=68251 bytes=48
TX,REAL,5,,3,48,70328.0,69991,70328.0,,,,206,70328000	ID:5	[INFO: Metric    ] METRIC_TX type=REAL node=5 seq=3 bytes=48 time_ms=69991
RX,REAL,,5,3,48,70367.168,69864,70367.168,69991,69864,39.16800000000512,207,70367168	ID:1	[INFO: Metric    ] METRIC_RX type=REAL src=5 seq=3 send_ms=69991 recv_ms=69864 bytes=48
TX,REAL,6,,5,48,74377.0,73438,74377.0,,,,209,74377000	ID:6	[INFO: Metric    ] METRIC_TX type=REAL node=6 seq=5 bytes=48 time_ms=73438
RX,REAL,,6,5,48,74398.88,73895,74398.88,73438,73895,21.880000000004657,210,74398880	ID:1	[INFO: Metric    ] METRIC_RX type=REAL src=6 seq=5 send_ms=73438 recv_ms=73895 bytes=48
TX,REAL,7,,6,48,75188.0,74869,75188.0,,,,212,75188000	ID:7	[INFO: Metric    ] METRIC_TX type=REAL node=7 seq=6 bytes=48 time_ms=74869
TX,DUMMY,7,,2,48,75189.0,74870,75189.0,,,,213,75189000	ID:7	[INFO: Metric    ] METRIC_TX type=DUMMY node=7 seq=2 bytes=48 time_ms=74870
RX,REAL,,7,6,48,75195.88,74692,75195.88,74869,74692,7.880000000004657,214,75195880	ID:1	[INFO: Metric    ] METRIC_RX type=REAL src=7 seq=6 send_ms=74869 recv_ms=74692 bytes=48
RX,DUMMY,,7,2,48,75201.88,74698,75201.88,74870,74698,,216,75201880	ID:1	[INFO: Metric    ] METRIC_RX type=DUMMY src=7 seq=2 send_ms=74870 recv_ms=74698 bytes=48
TX,REAL,2,,5,48,76017.0,75154,76017.0,,,,219,76017000	ID:2	[INFO: Metric    ] METRIC_TX type=REAL node=2 seq=5 bytes=48 time_ms=75154
RX,REAL,,2,5,48,76055.88,75552,76055.88,75154,75552,38.88000000000466,220,76055880	ID:1	[INFO: Metric    ] METRIC_RX type=REAL src=2 seq=5 send_ms=75154 recv_ms=75552 bytes=48
TX,REAL,5,,4,48,78329.0,77992,78329.0,,,,222,78329000	ID:5	[INFO: Metric    ] METRIC_TX type=REAL node=5 seq=4 bytes=48 time_ms=77992
RX,REAL,,5,4,48,78384.168,77881,78384.168,77992,77881,55.16800000000512,223,78384168	ID:1	[INFO: Metric    ] METRIC_RX type=REAL src=5 seq=4 send_ms=77992 recv_ms=77881 bytes=48
TX,REAL,3,,4,48,79919.0,79255,79919.0,,,,225,79919000	ID:3	[INFO: Metric    ] METRIC_TX type=REAL node=3 seq=4 bytes=48 time_ms=79255
RX,REAL,,3,4,48,79975.168,79472,79975.168,79255,79472,56.16800000000512,226,79975168	ID:1	[INFO: Metric    ] METRIC_RX type=REAL src=3 seq=4 send_ms=79255 recv_ms=79472 bytes=48
TX,REAL,4,,4,48,80583.0,80290,80583.0,,,,228,80583000	ID:4	[INFO: Metric    ] METRIC_TX type=REAL node=4 seq=4 bytes=48 time_ms=80290
RX,REAL,,4,4,48,80614.168,80111,80614.168,80290,80111,31.168000000005122,229,80614168	ID:1	[INFO: Metric    ] METRIC_RX type=REAL src=4 seq=4 send_ms=80290 recv_ms=80111 bytes=48
TX,REAL,7,,7,48,84190.0,83871,84190.0,,,,231,84190000	ID:7	[INFO: Metric    ] METRIC_TX type=REAL node=7 seq=7 bytes=48 time_ms=83871
TX,DUMMY,7,,3,48,84191.0,83872,84191.0,,,,232,84191000	ID:7	[INFO: Metric    ] METRIC_TX type=DUMMY node=7 seq=3 bytes=48 time_ms=83872
RX,REAL,,7,7,48,84205.88,83702,84205.88,83871,83702,15.880000000004657,233,84205880	ID:1	[INFO: Metric    ] METRIC_RX type=REAL src=7 seq=7 send_ms=83871 recv_ms=83702 bytes=48
RX,DUMMY,,7,3,48,84231.76,83728,84231.76,83872,83728,,235,84231760	ID:1	[INFO: Metric    ] METRIC_RX type=DUMMY src=7 seq=3 send_ms=83872 recv_ms=83728 bytes=48
TX,REAL,6,,6,48,84378.0,83439,84378.0,,,,237,84378000	ID:6	[INFO: Metric    ] METRIC_TX type=REAL node=6 seq=6 bytes=48 time_ms=83439
TX,DUMMY,6,,0,48,84379.0,83440,84379.0,,,,238,84379000	ID:6	[INFO: Metric    ] METRIC_TX type=DUMMY node=6 seq=0 bytes=48 time_ms=83440
RX,REAL,,6,6,48,84401.88,83898,84401.88,83439,83898,23.880000000004657,239,84401880	ID:1	[INFO: Metric    ] METRIC_RX type=REAL src=6 seq=6 send_ms=83439 recv_ms=83898 bytes=48
RX,DUMMY,,6,0,48,84414.88,83911,84414.88,83440,83911,,240,84414880	ID:1	[INFO: Metric    ] METRIC_RX type=DUMMY src=6 seq=0 send_ms=83440 recv_ms=83911 bytes=48
TX,REAL,2,,6,48,88018.0,87155,88018.0,,,,243,88018000	ID:2	[INFO: Metric    ] METRIC_TX type=REAL node=2 seq=6 bytes=48 time_ms=87155
RX,REAL,,2,6,48,88029.88,87526,88029.88,87155,87526,11.880000000004657,244,88029880	ID:1	[INFO: Metric    ] METRIC_RX type=REAL src=2 seq=6 send_ms=87155 recv_ms=87526 bytes=48
TX,REAL,5,,5,48,89330.0,88993,89330.0,,,,247,89330000	ID:5	[INFO: Metric    ] METRIC_TX type=REAL node=5 seq=5 bytes=48 time_ms=88993
RX,REAL,,5,5,48,89415.168,88912,89415.168,88993,88912,85.16800000000512,248,89415168	ID:1	[INFO: Metric    ] METRIC_RX type=REAL src=5 seq=5 send_ms=88993 recv_ms=88912 bytes=48
TX,REAL,3,,5,48,89920.0,89256,89920.0,,,,250,89920000	ID:3	[INFO: Metric    ] METRIC_TX type=REAL node=3 seq=5 bytes=48 time_ms=89256
RX,REAL,,3,5,48,89975.168,89472,89975.168,89256,89472,55.16800000000512,251,89975168	ID:1	[INFO: Metric    ] METRIC_RX type=REAL src=3 seq=5 send_ms=89256 recv_ms=89472 bytes=48
TX,REAL,4,,5,48,90584.0,90291,90584.0,,,,253,90584000	ID:4	[INFO: Metric    ] METRIC_TX type=REAL node=4 seq=5 bytes=48 time_ms=90291
TX,DUMMY,4,,3,48,90585.0,90292,90585.0,,,,254,90585000	ID:4	[INFO: Metric    ] METRIC_TX type=DUMMY node=4 seq=3 bytes=48 time_ms=90292
RX,REAL,,4,5,48,90652.168,90149,90652.168,90291,90149,68.16800000000512,255,90652168	ID:1	[INFO: Metric    ] METRIC_RX type=REAL src=4 seq=5 send_ms=90291 recv_ms=90149 bytes=48
RX,DUMMY,,4,3,48,90686.168,90183,90686.168,90292,90183,,256,90686168	ID:1	[INFO: Metric    ] METRIC_RX type=DUMMY src=4 seq=3 send_ms=90292 recv_ms=90183 bytes=48
TX,REAL,7,,8,48,95192.0,94873,95192.0,,,,259,95192000	ID:7	[INFO: Metric    ] METRIC_TX type=REAL node=7 seq=8 bytes=48 time_ms=94873
RX,REAL,,7,8,48,95223.88,94720,95223.88,94873,94720,31.880000000004657,260,95223880	ID:1	[INFO: Metric    ] METRIC_RX type=REAL src=7 seq=8 send_ms=94873 recv_ms=94720 bytes=48
TX,REAL,2,,7,48,96019.0,95156,96019.0,,,,262,96019000	ID:2	[INFO: Metric    ] METRIC_TX type=REAL node=2 seq=7 bytes=48 time_ms=95156
RX,REAL,,2,7,48,96043.88,95540,96043.88,95156,95540,24.880000000004657,263,96043880	ID:1	[INFO: Metric    ] METRIC_RX type=REAL src=2 seq=7 send_ms=95156 recv_ms=95540 bytes=48
TX,REAL,6,,7,48,96380.0,95441,96380.0,,,,265,96380000	ID:6	[INFO: Metric    ] METRIC_TX type=REAL node=6 seq=7 bytes=48 time_ms=95441
RX,REAL,,6,7,48,96399.88,95896,96399.88,95441,95896,19.880000000004657,266,96399880	ID:1	[INFO: Metric    ] METRIC_RX type=REAL src=6 seq=7 send_ms=95441 recv_ms=95896 bytes=48
TX,REAL,5,,6,48,97331.0,96994,97331.0,,,,268,97331000	ID:5	[INFO: Metric    ] METRIC_TX type=REAL node=5 seq=6 bytes=48 time_ms=96994
RX,REAL,,5,6,48,97357.168,96854,97357.168,96994,96854,26.168000000005122,269,97357168	ID:1	[INFO: Metric    ] METRIC_RX type=REAL src=5 seq=6 send_ms=96994 recv_ms=96854 bytes=48
TX,REAL,3,,6,48,99921.0,99257,99921.0,,,,271,99921000	ID:3	[INFO: Metric    ] METRIC_TX type=REAL node=3 seq=6 bytes=48 time_ms=99257
TX,DUMMY,3,,1,48,99922.0,99258,99922.0,,,,272,99922000	ID:3	[INFO: Metric    ] METRIC_TX type=DUMMY node=3 seq=1 bytes=48 time_ms=99258
RX,REAL,,3,6,48,99971.168,99468,99971.168,99257,99468,50.16800000000512,273,99971168	ID:1	[INFO: Metric    ] METRIC_RX type=REAL src=3 seq=6 send_ms=99257 recv_ms=99468 bytes=48
RX,DUMMY,,3,1,48,99993.168,99490,99993.168,99258,99490,,274,99993168	ID:1	[INFO: Metric    ] METRIC_RX type=DUMMY src=3 seq=1 send_ms=99258 recv_ms=99490 bytes=48
TX,REAL,4,,6,48,100586.0,100293,100586.0,,,,278,100586000	ID:4	[INFO: Metric    ] METRIC_TX type=REAL node=4 seq=6 bytes=48 time_ms=100293
RX,REAL,,4,6,48,100666.168,100163,100666.168,100293,100163,80.16800000000512,279,100666168	ID:1	[INFO: Metric    ] METRIC_RX type=REAL src=4 seq=6 send_ms=100293 recv_ms=100163 bytes=48
TX,REAL,2,,8,48,105020.0,104157,105020.0,,,,281,105020000	ID:2	[INFO: Metric    ] METRIC_TX type=REAL node=2 seq=8 bytes=48 time_ms=104157
RX,REAL,,2,8,48,105038.88,104535,105038.88,104157,104535,18.880000000004657,282,105038880	ID:1	[INFO: Metric    ] METRIC_RX type=REAL src=2 seq=8 send_ms=104157 recv_ms=104535 bytes=48
TX,REAL,7,,9,48,107193.0,106874,107193.0,,,,284,107193000	ID:7	[INFO: Metric    ] METRIC_TX type=REAL node=7 seq=9 bytes=48 time_ms=106874
TX,DUMMY,7,,4,48,107194.0,106875,107194.0,,,,285,107194000	ID:7	[INFO: Metric    ] METRIC_TX type=DUMMY node=7 seq=4 bytes=48 time_ms=106875
RX,REAL,,7,9,48,107209.88,106706,107209.88,106874,106706,16.880000000004657,286,107209880	ID:1	[INFO: Metric    ] METRIC_RX type=REAL src=7 seq=9 send_ms=106874 recv_ms=106706 bytes=48
RX,DUMMY,,7,4,48,107227.88,106724,107227.88,106875,106724,,288,107227880	ID:1	[INFO: Metric    ] METRIC_RX type=DUMMY src=7 seq=4 send_ms=106875 recv_ms=106724 bytes=48
TX,REAL,5,,7,48,107332.0,106995,107332.0,,,,290,107332000	ID:5	[INFO: Metric    ] METRIC_TX type=REAL node=5 seq=7 bytes=48 time_ms=106995
TX,REAL,6,,8,48,107380.072,106442,107380.072,,,,291,107380072	ID:6	[INFO: Metric    ] METRIC_TX type=REAL node=6 seq=8 bytes=48 time_ms=106442
RX,REAL,,5,7,48,107380.168,106877,107380.168,106995,106877,48.16800000000512,292,107380168	ID:1	[INFO: Metric    ] METRIC_RX type=REAL src=5 seq=7 send_ms=106995 recv_ms=106877 bytes=48
TX,DUMMY,6,,1,48,107380.168,106442,107380.168,,,,293,107380168	ID:6	[INFO: Metric    ] METRIC_TX type=DUMMY node=6 seq=1 bytes=48 time_ms=106442
RX,REAL,,6,8,48,107402.88,106899,107402.88,106442,106899,22.80800000000454,294,107402880	ID:1	[INFO: Metric    ] METRIC_RX type=REAL src=6 seq=8 send_ms=106442 recv_ms=106899 bytes=48
RX,DUMMY,,6,1,48,107429.88,106926,107429.88,106442,106926,,295,107429880	ID:1	[INFO: Metric    ] METRIC_RX type=DUMMY src=6 seq=1 send_ms=106442 recv_ms=106926 bytes=48
TX,REAL,4,,7,48,111587.0,111294,111587.0,,,,299,111587000	ID:4	[INFO: Metric    ] METRIC_TX type=REAL node=4 seq=7 bytes=48 time_ms=111294
TX,DUMMY,4,,4,48,111588.0,111295,111588.0,,,,300,111588000	ID:4	[INFO: Metric    ] METRIC_TX type=DUMMY node=4 seq=4 bytes=48 time_ms=111295
RX,REAL,,4,7,48,111665.168,111162,111665.168,111294,111162,78.16800000000512,301,111665168	ID:1	[INFO: Metric    ] METRIC_RX type=REAL src=4 seq=7 send_ms=111294 recv_ms=111162 bytes=48
RX,DUMMY,,4,4,48,111682.304,111179,111682.304,111295,111179,,302,111682304	ID:1	[INFO: Metric    ] METRIC_RX type=DUMMY src=4 seq=4 send_ms=111295 recv_ms=111179 bytes=48
TX,REAL,3,,7,48,111923.0,111259,111923.0,,,,305,111923000	ID:3	[INFO: Metric    ] METRIC_TX type=REAL node=3 seq=7 bytes=48 time_ms=111259
RX,REAL,,3,7,48,111994.168,111491,111994.168,111259,111491,71.16800000000512,306,111994168	ID:1	[INFO: Metric    ] METRIC_RX type=REAL src=3 seq=7 send_ms=111259 recv_ms=111491 bytes=48
TX,REAL,5,,8,48,115333.0,114996,115333.0,,,,309,115333000	ID:5	[INFO: Metric    ] METRIC_TX type=REAL node=5 seq=8 bytes=48 time_ms=114996
TX,REAL,6,,9,48,115381.0,114442,115381.0,,,,310,115381000	ID:6	[INFO: Metric    ] METRIC_TX type=REAL node=6 seq=9 bytes=48 time_ms=114442
RX,REAL,,6,9,48,115450.88,114947,115450.88,114442,114947,69.88000000000466,311,115450880	ID:1	[INFO: Metric    ] METRIC_RX type=REAL src=6 seq=9 send_ms=114442 recv_ms=114947 bytes=48
RX,REAL,,5,8,48,115455.048,114952,115455.048,114996,114952,122.04799999999523,312,115455048	ID:1	[INFO: Metric    ] METRIC_RX type=REAL src=5 seq=8 send_ms=114996 recv_ms=114952 bytes=48
TX,REAL,7,,10,48,116195.0,115876,116195.0,,,,317,116195000	ID:7	[INFO: Metric    ] METRIC_TX type=REAL node=7 seq=10 bytes=48 time_ms=115876
TX,DUMMY,7,,5,48,116196.0,115877,116196.0,,,,318,116196000	ID:7	[INFO: Metric    ] METRIC_TX type=DUMMY node=7 seq=5 bytes=48 time_ms=115877
RX,REAL,,7,10,48,116201.88,115698,116201.88,115876,115698,6.880000000004657,319,116201880	ID:1	[INFO: Metric    ] METRIC_RX type=REAL src=7 seq=10 send_ms=115876 recv_ms=115698 bytes=48
RX,DUMMY,,7,5,48,116288.88,115785,116288.88,115877,115785,,321,116288880	ID:1	[INFO: Metric    ] METRIC_RX type=DUMMY src=7 seq=5 send_ms=115877 recv_ms=115785 bytes=48
TX,REAL,2,,9,48,117021.0,116158,117021.0,,,,323,117021000	ID:2	[INFO: Metric    ] METRIC_TX type=REAL node=2 seq=9 bytes=48 time_ms=116158
RX,REAL,,2,9,48,117031.88,116528,117031.88,116158,116528,10.880000000004657,324,117031880	ID:1	[INFO: Metric    ] METRIC_RX type=REAL src=2 seq=9 send_ms=116158 recv_ms=116528 bytes=48
TX,REAL,3,,8,48,119924.0,119260,119924.0,,,,326,119924000	ID:3	[INFO: Metric    ] METRIC_TX type=REAL node=3 seq=8 bytes=48 time_ms=119260
RX,REAL,,3,8,48,119974.168,119471,119974.168,119260,119471,50.16800000000512,327,119974168	ID:1	[INFO: Metric    ] METRIC_RX type=REAL src=3 seq=8 send_ms=119260 recv_ms=119471 bytes=48
TX,REAL,4,,8,48,121589.0,121296,121589.0,,,,329,121589000	ID:4	[INFO: Metric    ] METRIC_TX type=REAL node=4 seq=8 bytes=48 time_ms=121296
RX,REAL,,4,8,48,121638.168,121135,121638.168,121296,121135,49.16800000000512,330,121638168	ID:1	[INFO: Metric    ] METRIC_RX type=REAL src=4 seq=8 send_ms=121296 recv_ms=121135 bytes=48
TX,REAL,5,,9,48,123334.0,122997,123334.0,,,,332,123334000	ID:5	[INFO: Metric    ] METRIC_TX type=REAL node=5 seq=9 bytes=48 time_ms=122997
RX,REAL,,5,9,48,123378.168,122875,123378.168,122997,122875,44.16800000000512,333,123378168	ID:1	[INFO: Metric    ] METRIC_RX type=REAL src=5 seq=9 send_ms=122997 recv_ms=122875 bytes=48
TX,REAL,6,,10,48,125382.0,124443,125382.0,,,,337,125382000	ID:6	[INFO: Metric    ] METRIC_TX type=REAL node=6 seq=10 bytes=48 time_ms=124443
TX,DUMMY,6,,2,48,125383.0,124444,125383.0,,,,338,125383000	ID:6	[INFO: Metric    ] METRIC_TX type=DUMMY node=6 seq=2 bytes=48 time_ms=124444
RX,REAL,,6,10,48,125406.88,124903,125406.88,124443,124903,24.880000000004657,339,125406880	ID:1	[INFO: Metric    ] METRIC_RX type=REAL src=6 seq=10 send_ms=124443 recv_ms=124903 bytes=48
RX,DUMMY,,6,2,48,125417.88,124914,125417.88,124444,124914,,340,125417880	ID:1	[INFO: Metric    ] METRIC_RX type=DUMMY src=6 seq=2 send_ms=124444 recv_ms=124914 bytes=48
TX,REAL,7,,11,48,127197.0,126878,127197.0,,,,344,127197000	ID:7	[INFO: Metric    ] METRIC_TX type=REAL node=7 seq=11 bytes=48 time_ms=126878
TX,DUMMY,7,,6,48,127198.0,126879,127198.0,,,,345,127198000	ID:7	[INFO: Metric    ] METRIC_TX type=DUMMY node=7 seq=6 bytes=48 time_ms=126879
RX,REAL,,7,11,48,127224.88,126721,127224.88,126878,126721,27.880000000004657,346,127224880	ID:1	[INFO: Metric    ] METRIC_RX type=REAL src=7 seq=11 send_ms=126878 recv_ms=126721 bytes=48
RX,DUMMY,,7,6,48,127249.88,126746,127249.88,126879,126746,,348,127249880	ID:1	[INFO: Metric    ] METRIC_RX type=DUMMY src=7 seq=6 send_ms=126879 recv_ms=126746 bytes=48
TX,REAL,3,,9,48,128925.0,128261,128925.0,,,,350,128925000	ID:3	[INFO: Metric    ] METRIC_TX type=REAL node=3 seq=9 bytes=48 time_ms=128261
TX,DUMMY,3,,2,48,128926.0,128262,128926.0,,,,351,128926000	ID:3	[INFO: Metric    ] METRIC_TX type=DUMMY node=3 seq=2 bytes=48 time_ms=128262
RX,REAL,,3,9,48,128986.168,128483,128986.168,128261,128483,61.16800000000512,352,128986168	ID:1	[INFO: Metric    ] METRIC_RX type=REAL src=3 seq=9 send_ms=128261 recv_ms=128483 bytes=48
RX,DUMMY,,3,2,48,129008.168,128505,129008.168,128262,128505,,353,129008168	ID:1	[INFO: Metric    ] METRIC_RX type=DUMMY src=3 seq=2 send_ms=128262 recv_ms=128505 bytes=48
TX,REAL,2,,10,48,129022.0,128159,129022.0,,,,356,129022000	ID:2	[INFO: Metric    ] METRIC_TX type=REAL node=2 seq=10 bytes=48 time_ms=128159
RX,REAL,,2,10,48,129059.88,128556,129059.88,128159,128556,37.88000000000466,358,129059880	ID:1	[INFO: Metric    ] METRIC_RX type=REAL src=2 seq=10 send_ms=128159 recv_ms=128556 bytes=48
TX,REAL,4,,9,48,131590.0,131297,131590.0,,,,361,131590000	ID:4	[INFO: Metric    ] METRIC_TX type=REAL node=4 seq=9 bytes=48 time_ms=131297
RX,REAL,,4,9,48,131645.168,131142,131645.168,131297,131142,55.16800000000512,362,131645168	ID:1	[INFO: Metric    ] METRIC_RX type=REAL src=4 seq=9 send_ms=131297 recv_ms=131142 bytes=48
TX,REAL,6,,11,48,133384.0,132445,133384.0,,,,364,133384000	ID:6	[INFO: Metric    ] METRIC_TX type=REAL node=6 seq=11 bytes=48 time_ms=132445
RX,REAL,,6,11,48,133417.88,132914,133417.88,132445,132914,33.88000000000466,365,133417880	ID:1	[INFO: Metric    ] METRIC_RX type=REAL src=6 seq=11 send_ms=132445 recv_ms=132914 bytes=48
TX,REAL,7,,12,48,135199.0,134880,135199.0,,,,367,135199000	ID:7	[INFO: Metric    ] METRIC_TX type=REAL node=7 seq=12 bytes=48 time_ms=134880
RX,REAL,,7,12,48,135228.88,134725,135228.88,134880,134725,29.880000000004657,368,135228880	ID:1	[INFO: Metric    ] METRIC_RX type=REAL src=7 seq=12 send_ms=134880 recv_ms=134725 bytes=48
TX,REAL,5,,10,48,135335.0,134998,135335.0,,,,372,135335000	ID:5	[INFO: Metric    ] METRIC_TX type=REAL node=5 seq=10 bytes=48 time_ms=134998
TX,DUMMY,5,,1,48,135336.0,134999,135336.0,,,,373,135336000	ID:5	[INFO: Metric    ] METRIC_TX type=DUMMY node=5 seq=1 bytes=48 time_ms=134999
RX,REAL,,5,10,48,135373.168,134870,135373.168,134998,134870,38.16800000000512,374,135373168	ID:1	[INFO: Metric    ] METRIC_RX type=REAL src=5 seq=10 send_ms=134998 recv_ms=134870 bytes=48
RX,DUMMY,,5,1,48,135420.168,134917,135420.168,134999,134917,,375,135420168	ID:1	[INFO: Metric    ] METRIC_RX type=DUMMY src=5 seq=1 send_ms=134999 recv_ms=134917 bytes=48
TX,REAL,2,,11,48,137023.0,136160,137023.0,,,,379,137023000	ID:2	[INFO: Metric    ] METRIC_TX type=REAL node=2 seq=11 bytes=48 time_ms=136160
RX,REAL,,2,11,48,137065.88,136562,137065.88,136160,136562,42.88000000000466,380,137065880	ID:1	[INFO: Metric    ] METRIC_RX type=REAL src=2 seq=11 send_ms=136160 recv_ms=136562 bytes=48
TX,REAL,3,,10,48,138927.0,138263,138927.0,,,,384,138927000	ID:3	[INFO: Metric    ] METRIC_TX type=REAL node=3 seq=10 bytes=48 time_ms=138263
RX,REAL,,3,10,48,138979.304,138476,138979.304,138263,138476,52.304000000003725,385,138979304	ID:1	[INFO: Metric    ] METRIC_RX type=REAL src=3 seq=10 send_ms=138263 recv_ms=138476 bytes=48
TX,REAL,6,,12,48,143385.0,142446,143385.0,,,,387,143385000	ID:6	[INFO: Metric    ] METRIC_TX type=REAL node=6 seq=12 bytes=48 time_ms=142446
RX,REAL,,6,12,48,143390.88,142887,143390.88,142446,142887,5.880000000004657,388,143390880	ID:1	[INFO: Metric    ] METRIC_RX type=REAL src=6 seq=12 send_ms=142446 recv_ms=142887 bytes=48
TX,REAL,4,,10,48,143591.0,143298,143591.0,,,,392,143591000	ID:4	[INFO: Metric    ] METRIC_TX type=REAL node=4 seq=10 bytes=48 time_ms=143298
RX,REAL,,4,10,48,143663.168,143160,143663.168,143298,143160,72.16800000000512,393,143663168	ID:1	[INFO: Metric    ] METRIC_RX type=REAL src=4 seq=10 send_ms=143298 recv_ms=143160 bytes=48
TX,REAL,2,,12,48,145024.0,144161,145024.0,,,,395,145024000	ID:2	[INFO: Metric    ] METRIC_TX type=REAL node=2 seq=12 bytes=48 time_ms=144161
RX,REAL,,2,12,48,145053.88,144550,145053.88,144161,144550,29.880000000004657,396,145053880	ID:1	[INFO: Metric    ] METRIC_RX type=REAL src=2 seq=12 send_ms=144161 recv_ms=144550 bytes=48
TX,REAL,7,,13,48,147200.0,146881,147200.0,,,,398,147200000	ID:7	[INFO: Metric    ] METRIC_TX type=REAL node=7 seq=13 bytes=48 time_ms=146881
RX,REAL,,7,13,48,147215.88,146712,147215.88,146881,146712,15.880000000004657,399,147215880	ID:1	[INFO: Metric    ] METRIC_RX type=REAL src=7 seq=13 send_ms=146881 recv_ms=146712 bytes=48
TX,REAL,5,,11,48,147337.0,147000,147337.0,,,,401,147337000	ID:5	[INFO: Metric    ] METRIC_TX type=REAL node=5 seq=11 bytes=48 time_ms=147000
TX,DUMMY,5,,2,48,147338.0,147001,147338.0,,,,402,147338000	ID:5	[INFO: Metric    ] METRIC_TX type=DUMMY node=5 seq=2 bytes=48 time_ms=147001
RX,REAL,,5,11,48,147351.304,146848,147351.304,147000,146848,14.304000000003725,403,147351304	ID:1	[INFO: Metric    ] METRIC_RX type=REAL src=5 seq=11 send_ms=147000 recv_ms=146848 bytes=48
RX,DUMMY,,5,2,48,147375.168,146872,147375.168,147001,146872,,404,147375168	ID:1	[INFO: Metric    ] METRIC_RX type=DUMMY src=5 seq=2 send_ms=147001 recv_ms=146872 bytes=48
TX,REAL,3,,11,48,150928.0,150264,150928.0,,,,407,150928000	ID:3	[INFO: Metric    ] METRIC_TX type=REAL node=3 seq=11 bytes=48 time_ms=150264
TX,DUMMY,3,,3,48,150929.0,150265,150929.0,,,,408,150929000	ID:3	[INFO: Metric    ] METRIC_TX type=DUMMY node=3 seq=3 bytes=48 time_ms=150265
RX,REAL,,3,11,48,150972.168,150469,150972.168,150264,150469,44.16800000000512,409,150972168	ID:1	[INFO: Metric    ] METRIC_RX type=REAL src=3 seq=11 send_ms=150264 recv_ms=150469 bytes=48
RX,DUMMY,,3,3,48,151044.168,150541,151044.168,150265,150541,,410,151044168	ID:1	[INFO: Metric    ] METRIC_RX type=DUMMY src=3 seq=3 send_ms=150265 recv_ms=150541 bytes=48
TX,REAL,4,,11,48,152592.0,152299,152592.0,,,,414,152592000	ID:4	[INFO: Metric    ] METRIC_TX type=REAL node=4 seq=11 bytes=48 time_ms=152299
RX,REAL,,4,11,48,152628.168,152125,152628.168,152299,152125,36.16800000000512,415,152628168	ID:1	[INFO: Metric    ] METRIC_RX type=REAL src=4 seq=11 send_ms=152299 recv_ms=152125 bytes=48
TX,REAL,6,,13,48,153386.0,152447,153386.0,,,,417,153386000	ID:6	[INFO: Metric    ] METRIC_TX type=REAL node=6 seq=13 bytes=48 time_ms=152447
TX,DUMMY,6,,3,48,153387.0,152448,153387.0,,,,418,153387000	ID:6	[INFO: Metric    ] METRIC_TX type=DUMMY node=6 seq=3 bytes=48 time_ms=152448
RX,REAL,,6,13,48,153399.88,152896,153399.88,152447,152896,13.880000000004657,419,153399880	ID:1	[INFO: Metric    ] METRIC_RX type=REAL src=6 seq=13 send_ms=152447 recv_ms=152896 bytes=48
RX,DUMMY,,6,3,48,153440.88,152937,153440.88,152448,152937,,421,153440880	ID:1	[INFO: Metric    ] METRIC_RX type=DUMMY src=6 seq=3 send_ms=152448 recv_ms=152937 bytes=48
TX,REAL,5,,12,48,156339.0,156002,156339.0,,,,423,156339000	ID:5	[INFO: Metric    ] METRIC_TX type=REAL node=5 seq=12 bytes=48 time_ms=156002
RX,REAL,,5,12,48,156383.168,155880,156383.168,156002,155880,44.16800000000512,424,156383168	ID:1	[INFO: Metric    ] METRIC_RX type=REAL src=5 seq=12 send_ms=156002 recv_ms=155880 bytes=48
TX,REAL,2,,13,48,157025.0,156162,157025.0,,,,426,157025000	ID:2	[INFO: Metric    ] METRIC_TX type=REAL node=2 seq=13 bytes=48 time_ms=156162
TX,DUMMY,2,,3,48,157026.0,156163,157026.0,,,,427,157026000	ID:2	[INFO: Metric    ] METRIC_TX type=DUMMY node=2 seq=3 bytes=48 time_ms=156163
RX,REAL,,2,13,48,157060.88,156557,157060.88,156162,156557,35.88000000000466,428,157060880	ID:1	[INFO: Metric    ] METRIC_RX type=REAL src=2 seq=13 send_ms=156162 recv_ms=156557 bytes=48
RX,DUMMY,,2,3,48,157092.88,156589,157092.88,156163,156589,,429,157092880	ID:1	[INFO: Metric    ] METRIC_RX type=DUMMY src=2 seq=3 send_ms=156163 recv_ms=156589 bytes=48
TX,REAL,7,,14,48,157201.0,156882,157201.0,,,,432,157201000	ID:7	[INFO: Metric    ] METRIC_TX type=REAL node=7 seq=14 bytes=48 time_ms=156882
TX,DUMMY,7,,7,48,157202.0,156883,157202.0,,,,433,157202000	ID:7	[INFO: Metric    ] METRIC_TX type=DUMMY node=7 seq=7 bytes=48 time_ms=156883
RX,REAL,,7,14,48,157241.88,156738,157241.88,156882,156738,40.88000000000466,434,157241880	ID:1	[INFO: Metric    ] METRIC_RX type=REAL src=7 seq=14 send_ms=156882 recv_ms=156738 bytes=48
RX,DUMMY,,7,7,48,157286.88,156783,157286.88,156883,156783,,436,157286880	ID:1	[INFO: Metric    ] METRIC_RX type=DUMMY src=7 seq=7 send_ms=156883 recv_ms=156783 bytes=48
TX,REAL,3,,12,48,162930.0,162266,162930.0,,,,438,162930000	ID:3	[INFO: Metric    ] METRIC_TX type=REAL node=3 seq=12 bytes=48 time_ms=162266
RX,REAL,,3,12,48,163013.168,162510,163013.168,162266,162510,83.16800000000512,439,163013168	ID:1	[INFO: Metric    ] METRIC_RX type=REAL src=3 seq=12 send_ms=162266 recv_ms=162510 bytes=48
TX,REAL,6,,14,48,163388.0,162449,163388.0,,,,441,163388000	ID:6	[INFO: Metric    ] METRIC_TX type=REAL node=6 seq=14 bytes=48 time_ms=162449
RX,REAL,,6,14,48,163414.88,162911,163414.88,162449,162911,26.880000000004657,442,163414880	ID:1	[INFO: Metric    ] METRIC_RX type=REAL src=6 seq=14 send_ms=162449 recv_ms=162911 bytes=48
TX,REAL,4,,12,48,163593.0,163300,163593.0,,,,445,163593000	ID:4	[INFO: Metric    ] METRIC_TX type=REAL node=4 seq=12 bytes=48 time_ms=163300
RX,REAL,,4,12,48,163640.168,163137,163640.168,163300,163137,47.16800000000512,446,163640168	ID:1	[INFO: Metric    ] METRIC_RX type=REAL src=4 seq=12 send_ms=163300 recv_ms=163137 bytes=48
TX,REAL,5,,13,48,164340.0,164003,164340.0,,,,448,164340000	ID:5	[INFO: Metric    ] METRIC_TX type=REAL node=5 seq=13 bytes=48 time_ms=164003
TX,DUMMY,5,,3,48,164341.0,164004,164341.0,,,,449,164341000	ID:5	[INFO: Metric    ] METRIC_TX type=DUMMY node=5 seq=3 bytes=48 time_ms=164004
RX,REAL,,5,13,48,164362.168,163859,164362.168,164003,163859,22.168000000005122,450,164362168	ID:1	[INFO: Metric    ] METRIC_RX type=REAL src=5 seq=13 send_ms=164003 recv_ms=163859 bytes=48
RX,DUMMY,,5,3,48,164421.168,163918,164421.168,164004,163918,,452,164421168	ID:1	[INFO: Metric    ] METRIC_RX type=DUMMY src=5 seq=3 send_ms=164004 recv_ms=163918 bytes=48
TX,REAL,2,,14,48,167027.0,166164,167027.0,,,,454,167027000	ID:2	[INFO: Metric    ] METRIC_TX type=REAL node=2 seq=14 bytes=48 time_ms=166164
TX,DUMMY,2,,4,48,167028.0,166165,167028.0,,,,455,167028000	ID:2	[INFO: Metric    ] METRIC_TX type=DUMMY node=2 seq=4 bytes=48 time_ms=166165
RX,REAL,,2,14,48,167063.88,166560,167063.88,166164,166560,36.88000000000466,456,167063880	ID:1	[INFO: Metric    ] METRIC_RX type=REAL src=2 seq=14 send_ms=166164 recv_ms=166560 bytes=48
RX,DUMMY,,2,4,48,167077.88,166574,167077.88,166165,166574,,457,167077880	ID:1	[INFO: Metric    ] METRIC_RX type=DUMMY src=2 seq=4 send_ms=166165 recv_ms=166574 bytes=48
TX,REAL,7,,15,48,169203.0,168884,169203.0,,,,460,169203000	ID:7	[INFO: Metric    ] METRIC_TX type=REAL node=7 seq=15 bytes=48 time_ms=168884
TX,DUMMY,7,,8,48,169204.0,168885,169204.0,,,,461,169204000	ID:7	[INFO: Metric    ] METRIC_TX type=DUMMY node=7 seq=8 bytes=48 time_ms=168885
RX,REAL,,7,15,48,169230.88,168727,169230.88,168884,168727,27.880000000004657,462,169230880	ID:1	[INFO: Metric    ] METRIC_RX type=REAL src=7 seq=15 send_ms=168884 recv_ms=168727 bytes=48
RX,DUMMY,,7,8,48,169245.88,168742,169245.88,168885,168742,,463,169245880	ID:1	[INFO: Metric    ] METRIC_RX type=DUMMY src=7 seq=8 send_ms=168885 recv_ms=168742 bytes=48
TX,REAL,4,,13,48,173594.0,173301,173594.0,,,,466,173594000	ID:4	[INFO: Metric    ] METRIC_TX type=REAL node=4 seq=13 bytes=48 time_ms=173301
TX,DUMMY,4,,5,48,173595.0,173302,173595.0,,,,467,173595000	ID:4	[INFO: Metric    ] METRIC_TX type=DUMMY node=4 seq=5 bytes=48 time_ms=173302
RX,REAL,,4,13,48,173638.304,173135,173638.304,173301,173135,44.304000000003725,468,173638304	ID:1	[INFO: Metric    ] METRIC_RX type=REAL src=4 seq=13 send_ms=173301 recv_ms=173135 bytes=48
RX,DUMMY,,4,5,48,173675.168,173172,173675.168,173302,173172,,469,173675168	ID:1	[INFO: Metric    ] METRIC_RX type=DUMMY src=4 seq=5 send_ms=173302 recv_ms=173172 bytes=48
TX,REAL,3,,13,48,173931.0,173267,173931.0,,,,472,173931000	ID:3	[INFO: Metric    ] METRIC_TX type=REAL node=3 seq=13 bytes=48 time_ms=173267
RX,REAL,,3,13,48,173968.168,173465,173968.168,173267,173465,37.16800000000512,473,173968168	ID:1	[INFO: Metric    ] METRIC_RX type=REAL src=3 seq=13 send_ms=173267 recv_ms=173465 bytes=48
TX,REAL,5,,14,48,174342.0,174005,174342.0,,,,476,174342000	ID:5	[INFO: Metric    ] METRIC_TX type=REAL node=5 seq=14 bytes=48 time_ms=174005
TX,DUMMY,5,,4,48,174343.0,174006,174343.0,,,,477,174343000	ID:5	[INFO: Metric    ] METRIC_TX type=DUMMY node=5 seq=4 bytes=48 time_ms=174006
RX,REAL,,5,14,48,174396.168,173893,174396.168,174005,173893,54.16800000000512,478,174396168	ID:1	[INFO: Metric    ] METRIC_RX type=REAL src=5 seq=14 send_ms=174005 recv_ms=173893 bytes=48
RX,DUMMY,,5,4,48,174449.168,173946,174449.168,174006,173946,,480,174449168	ID:1	[INFO: Metric    ] METRIC_RX type=DUMMY src=5 seq=4 send_ms=174006 recv_ms=173946 bytes=48
TX,REAL,6,,15,48,175389.0,174450,175389.0,,,,482,175389000	ID:6	[INFO: Metric    ] METRIC_TX type=REAL node=6 seq=15 bytes=48 time_ms=174450
TX,DUMMY,6,,4,48,175390.0,174451,175390.0,,,,483,175390000	ID:6	[INFO: Metric    ] METRIC_TX type=DUMMY node=6 seq=4 bytes=48 time_ms=174451
RX,REAL,,6,15,48,175395.88,174892,175395.88,174450,174892,6.880000000004657,484,175395880	ID:1	[INFO: Metric    ] METRIC_RX type=REAL src=6 seq=15 send_ms=174450 recv_ms=174892 bytes=48
RX,DUMMY,,6,4,48,175416.88,174913,175416.88,174451,174913,,485,175416880	ID:1	[INFO: Metric    ] METRIC_RX type=DUMMY src=6 seq=4 send_ms=174451 recv_ms=174913 bytes=48
TX,REAL,2,,15,48,177029.0,176166,177029.0,,,,488,177029000	ID:2	[INFO: Metric    ] METRIC_TX type=REAL node=2 seq=15 bytes=48 time_ms=176166
RX,REAL,,2,15,48,177053.88,176550,177053.88,176166,176550,24.880000000004657,489,177053880	ID:1	[INFO: Metric    ] METRIC_RX type=REAL src=2 seq=15 send_ms=176166 recv_ms=176550 bytes=48
TX,REAL,7,,16,48,180205.0,179886,180205.0,,,,491,180205000	ID:7	[INFO: Metric    ] METRIC_TX type=REAL node=7 seq=16 bytes=48 time_ms=179886
TX,DUMMY,7,,9,48,180206.0,179887,180206.0,,,,492,180206000	ID:7	[INFO: Metric    ] METRIC_TX type=DUMMY node=7 seq=9 bytes=48 time_ms=179887
RX,REAL,,7,16,48,180237.88,179734,180237.88,179886,179734,32.88000000000466,493,180237880	ID:1	[INFO: Metric    ] METRIC_RX type=REAL src=7 seq=16 send_ms=179886 recv_ms=179734 bytes=48
RX,DUMMY,,7,9,48,180259.88,179756,180259.88,179887,179756,,494,180259880	ID:1	[INFO: Metric    ] METRIC_RX type=DUMMY src=7 seq=9 send_ms=179887 recv_ms=179756 bytes=48
TX,REAL,5,,15,48,182344.0,182007,182344.0,,,,497,182344000	ID:5	[INFO: Metric    ] METRIC_TX type=REAL node=5 seq=15 bytes=48 time_ms=182007
RX,REAL,,5,15,48,182386.168,181883,182386.168,182007,181883,42.16800000000512,498,182386168	ID:1	[INFO: Metric    ] METRIC_RX type=REAL src=5 seq=15 send_ms=182007 recv_ms=181883 bytes=48
TX,REAL,4,,14,48,182596.0,182303,182596.0,,,,500,182596000	ID:4	[INFO: Metric    ] METRIC_TX type=REAL node=4 seq=14 bytes=48 time_ms=182303
RX,REAL,,4,14,48,182638.168,182135,182638.168,182303,182135,42.16800000000512,501,182638168	ID:1	[INFO: Metric    ] METRIC_RX type=REAL src=4 seq=14 send_ms=182303 recv_ms=182135 bytes=48
TX,REAL,3,,14,48,184932.0,184268,184932.0,,,,503,184932000	ID:3	[INFO: Metric    ] METRIC_TX type=REAL node=3 seq=14 bytes=48 time_ms=184268
RX,REAL,,3,14,48,185000.168,184497,185000.168,184268,184497,68.16800000000512,504,185000168	ID:1	[INFO: Metric    ] METRIC_RX type=REAL src=3 seq=14 send_ms=184268 recv_ms=184497 bytes=48
TX,REAL,2,,16,48,185030.0,184167,185030.0,,,,506,185030000	ID:2	[INFO: Metric    ] METRIC_TX type=REAL node=2 seq=16 bytes=48 time_ms=184167
RX,REAL,,2,16,48,185039.88,184536,185039.88,184167,184536,9.880000000004657,507,185039880	ID:1	[INFO: Metric    ] METRIC_RX type=REAL src=2 seq=16 send_ms=184167 recv_ms=184536 bytes=48
TX,REAL,6,,16,48,186391.0,185452,186391.0,,,,510,186391000	ID:6	[INFO: Metric    ] METRIC_TX type=REAL node=6 seq=16 bytes=48 time_ms=185452
TX,DUMMY,6,,5,48,186392.0,185453,186392.0,,,,511,186392000	ID:6	[INFO: Metric    ] METRIC_TX type=DUMMY node=6 seq=5 bytes=48 time_ms=185453
RX,REAL,,6,16,48,186417.88,185914,186417.88,185452,185914,26.880000000004657,512,186417880	ID:1	[INFO: Metric    ] METRIC_RX type=REAL src=6 seq=16 send_ms=185452 recv_ms=185914 bytes=48
RX,DUMMY,,6,5,48,186463.88,185960,186463.88,185453,185960,,514,186463880	ID:1	[INFO: Metric    ] METRIC_RX type=DUMMY src=6 seq=5 send_ms=185453 recv_ms=185960 bytes=48
TX,REAL,7,,17,48,190207.0,189888,190207.0,,,,516,190207000	ID:7	[INFO: Metric    ] METRIC_TX type=REAL node=7 seq=17 bytes=48 time_ms=189888
TX,DUMMY,7,,10,48,190208.0,189889,190208.0,,,,517,190208000	ID:7	[INFO: Metric    ] METRIC_TX type=DUMMY node=7 seq=10 bytes=48 time_ms=189889
RX,REAL,,7,17,48,190224.88,189721,190224.88,189888,189721,17.880000000004657,518,190224880	ID:1	[INFO: Metric    ] METRIC_RX type=REAL src=7 seq=17 send_ms=189888 recv_ms=189721 bytes=48
RX,DUMMY,,7,10,48,190237.88,189734,190237.88,189889,189734,,519,190237880	ID:1	[INFO: Metric    ] METRIC_RX type=DUMMY src=7 seq=10 send_ms=189889 recv_ms=189734 bytes=48
TX,REAL,5,,16,48,191345.0,191008,191345.0,,,,522,191345000	ID:5	[INFO: Metric    ] METRIC_TX type=REAL node=5 seq=16 bytes=48 time_ms=191008
TX,DUMMY,5,,5,48,191346.0,191009,191346.0,,,,523,191346000	ID:5	[INFO: Metric    ] METRIC_TX type=DUMMY node=5 seq=5 bytes=48 time_ms=191009
RX,REAL,,5,16,48,191470.168,190967,191470.168,191008,190967,125.16800000000512,524,191470168	ID:1	[INFO: Metric    ] METRIC_RX type=REAL src=5 seq=16 send_ms=191008 recv_ms=190967 bytes=48
RX,DUMMY,,5,5,48,191477.168,190974,191477.168,191009,190974,,525,191477168	ID:1	[INFO: Metric    ] METRIC_RX type=DUMMY src=5 seq=5 send_ms=191009 recv_ms=190974 bytes=48
TX,REAL,4,,15,48,193597.0,193304,193597.0,,,,528,193597000	ID:4	[INFO: Metric    ] METRIC_TX type=REAL node=4 seq=15 bytes=48 time_ms=193304
RX,REAL,,4,15,48,193649.168,193146,193649.168,193304,193146,52.16800000000512,529,193649168	ID:1	[INFO: Metric    ] METRIC_RX type=REAL src=4 seq=15 send_ms=193304 recv_ms=193146 bytes=48
TX,REAL,3,,15,48,194933.0,194269,194933.0,,,,531,194933000	ID:3	[INFO: Metric    ] METRIC_TX type=REAL node=3 seq=15 bytes=48 time_ms=194269
TX,DUMMY,3,,4,48,194934.0,194270,194934.0,,,,532,194934000	ID:3	[INFO: Metric    ] METRIC_TX type=DUMMY node=3 seq=4 bytes=48 time_ms=194270
RX,REAL,,3,15,48,195005.168,194502,195005.168,194269,194502,72.16800000000512,533,195005168	ID:1	[INFO: Metric    ] METRIC_RX type=REAL src=3 seq=15 send_ms=194269 recv_ms=194502 bytes=48
RX,DUMMY,,3,4,48,195034.168,194531,195034.168,194270,194531,,534,195034168	ID:1	[INFO: Metric    ] METRIC_RX type=DUMMY src=3 seq=4 send_ms=194270 recv_ms=194531 bytes=48
TX,REAL,6,,17,48,195393.0,194454,195393.0,,,,538,195393000	ID:6	[INFO: Metric    ] METRIC_TX type=REAL node=6 seq=17 bytes=48 time_ms=194454
RX,REAL,,6,17,48,195398.88,194895,195398.88,194454,194895,5.880000000004657,539,195398880	ID:1	[INFO: Metric    ] METRIC_RX type=REAL src=6 seq=17 send_ms=194454 recv_ms=194895 bytes=48
TX,REAL,2,,17,48,196031.0,195168,196031.0,,,,541,196031000	ID:2	[INFO: Metric    ] METRIC_TX type=REAL node=2 seq=17 bytes=48 time_ms=195168
RX,REAL,,2,17,48,196073.88,195570,196073.88,195168,195570,42.88000000000466,542,196073880	ID:1	[INFO: Metric    ] METRIC_RX type=REAL src=2 seq=17 send_ms=195168 recv_ms=195570 bytes=48
TX,REAL,5,,17,48,200347.0,200010,200347.0,,,,544,200347000	ID:5	[INFO: Metric    ] METRIC_TX type=REAL node=5 seq=17 bytes=48 time_ms=200010
RX,REAL,,5,17,48,200405.168,199902,200405.168,200010,199902,58.16800000000512,545,200405168	ID:1	[INFO: Metric    ] METRIC_RX type=REAL src=5 seq=17 send_ms=200010 recv_ms=199902 bytes=48
TX,REAL,7,,18,48,201209.0,200890,201209.0,,,,547,201209000	ID:7	[INFO: Metric    ] METRIC_TX type=REAL node=7 seq=18 bytes=48 time_ms=200890
RX,REAL,,7,18,48,201238.88,200735,201238.88,200890,200735,29.880000000004657,548,201238880	ID:1	[INFO: Metric    ] METRIC_RX type=REAL src=7 seq=18 send_ms=200890 recv_ms=200735 bytes=48
TX,REAL,4,,16,48,202598.0,202305,202598.0,,,,550,202598000	ID:4	[INFO: Metric    ] METRIC_TX type=REAL node=4 seq=16 bytes=48 time_ms=202305
RX,REAL,,4,16,48,202665.168,202162,202665.168,202305,202162,67.16800000000512,551,202665168	ID:1	[INFO: Metric    ] METRIC_RX type=REAL src=4 seq=16 send_ms=202305 recv_ms=202162 bytes=48
TX,REAL,3,,16,48,202935.0,202271,202935.0,,,,553,202935000	ID:3	[INFO: Metric    ] METRIC_TX type=REAL node=3 seq=16 bytes=48 time_ms=202271
TX,DUMMY,3,,5,48,202936.0,202272,202936.0,,,,554,202936000	ID:3	[INFO: Metric    ] METRIC_TX type=DUMMY node=3 seq=5 bytes=48 time_ms=202272
RX,REAL,,3,16,48,202969.168,202466,202969.168,202271,202466,34.16800000000512,555,202969168	ID:1	[INFO: Metric    ] METRIC_RX type=REAL src=3 seq=16 send_ms=202271 recv_ms=202466 bytes=48
RX,DUMMY,,3,5,48,203045.592,202542,203045.592,202272,202542,,557,203045592	ID:1	[INFO: Metric    ] METRIC_RX type=DUMMY src=3 seq=5 send_ms=202272 recv_ms=202542 bytes=48
TX,REAL,6,,18,48,205394.0,204455,205394.0,,,,559,205394000	ID:6	[INFO: Metric    ] METRIC_TX type=REAL node=6 seq=18 bytes=48 time_ms=204455
RX,REAL,,6,18,48,205438.88,204935,205438.88,204455,204935,44.88000000000466,560,205438880	ID:1	[INFO: Metric    ] METRIC_RX type=REAL src=6 seq=18 send_ms=204455 recv_ms=204935 bytes=48
TX,REAL,2,,18,48,208032.0,207169,208032.0,,,,562,208032000	ID:2	[INFO: Metric    ] METRIC_TX type=REAL node=2 seq=18 bytes=48 time_ms=207169
RX,REAL,,2,18,48,208056.88,207553,208056.88,207169,207553,24.880000000004657,563,208056880	ID:1	[INFO: Metric    ] METRIC_RX type=REAL src=2 seq=18 send_ms=207169 recv_ms=207553 bytes=48
TX,REAL,5,,18,48,209348.0,209011,209348.0,,,,565,209348000	ID:5	[INFO: Metric    ] METRIC_TX type=REAL node=5 seq=18 bytes=48 time_ms=209011
TX,DUMMY,5,,6,48,209349.0,209012,209349.0,,,,566,209349000	ID:5	[INFO: Metric    ] METRIC_TX type=DUMMY node=5 seq=6 bytes=48 time_ms=209012
RX,REAL,,5,18,48,209398.168,208895,209398.168,209011,208895,50.16800000000512,567,209398168	ID:1	[INFO: Metric    ] METRIC_RX type=REAL src=5 seq=18 send_ms=209011 recv_ms=208895 bytes=48
RX,DUMMY,,5,6,48,209427.592,208924,209427.592,209012,208924,,570,209427592	ID:1	[INFO: Metric    ] METRIC_RX type=DUMMY src=5 seq=6 send_ms=209012 recv_ms=208924 bytes=48
TX,REAL,4,,17,48,210599.0,210306,210599.0,,,,572,210599000	ID:4	[INFO: Metric    ] METRIC_TX type=REAL node=4 seq=17 bytes=48 time_ms=210306
RX,REAL,,4,17,48,210670.168,210167,210670.168,210306,210167,71.16800000000512,573,210670168	ID:1	[INFO: Metric    ] METRIC_RX type=REAL src=4 seq=17 send_ms=210306 recv_ms=210167 bytes=48
TX,REAL,3,,17,48,212937.0,212273,212937.0,,,,575,212937000	ID:3	[INFO: Metric    ] METRIC_TX type=REAL node=3 seq=17 bytes=48 time_ms=212273
RX,REAL,,3,17,48,212998.168,212495,212998.168,212273,212495,61.16800000000512,576,212998168	ID:1	[INFO: Metric    ] METRIC_RX type=REAL src=3 seq=17 send_ms=212273 recv_ms=212495 bytes=48
TX,REAL,7,,19,48,213210.0,212891,213210.0,,,,578,213210000	ID:7	[INFO: Metric    ] METRIC_TX type=REAL node=7 seq=19 bytes=48 time_ms=212891
RX,REAL,,7,19,48,213232.88,212729,213232.88,212891,212729,22.880000000004657,579,213232880	ID:1	[INFO: Metric    ] METRIC_RX type=REAL src=7 seq=19 send_ms=212891 recv_ms=212729 bytes=48
TX,REAL,6,,19,48,214395.0,213456,214395.0,,,,581,214395000	ID:6	[INFO: Metric    ] METRIC_TX type=REAL node=6 seq=19 bytes=48 time_ms=213456
RX,REAL,,6,19,48,214417.88,213914,214417.88,213456,213914,22.880000000004657,582,214417880	ID:1	[INFO: Metric    ] METRIC_RX type=REAL src=6 seq=19 send_ms=213456 recv_ms=213914 bytes=48
TX,REAL,2,,19,48,217033.0,216170,217033.0,,,,584,217033000	ID:2	[INFO: Metric    ] METRIC_TX type=REAL node=2 seq=19 bytes=48 time_ms=216170
RX,REAL,,2,19,48,217069.88,216566,217069.88,216170,216566,36.88000000000466,585,217069880	ID:1	[INFO: Metric    ] METRIC_RX type=REAL src=2 seq=19 send_ms=216170 recv_ms=216566 bytes=48
TX,REAL,5,,19,48,219350.0,219013,219350.0,,,,587,219350000	ID:5	[INFO: Metric    ] METRIC_TX type=REAL node=5 seq=19 bytes=48 time_ms=219013
RX,REAL,,5,19,48,219376.168,218873,219376.168,219013,218873,26.168000000005122,588,219376168	ID:1	[INFO: Metric    ] METRIC_RX type=REAL src=5 seq=19 send_ms=219013 recv_ms=218873 bytes=48
TX,REAL,4,,18,48,222600.0,222307,222600.0,,,,590,222600000	ID:4	[INFO: Metric    ] METRIC_TX type=REAL node=4 seq=18 bytes=48 time_ms=222307
RX,REAL,,4,18,48,222637.168,222134,222637.168,222307,222134,37.16800000000512,591,222637168	ID:1	[INFO: Metric    ] METRIC_RX type=REAL src=4 seq=18 send_ms=222307 recv_ms=222134 bytes=48
TX,REAL,3,,18,48,222938.0,222274,222938.0,,,,593,222938000	ID:3	[INFO: Metric    ] METRIC_TX type=REAL node=3 seq=18 bytes=48 time_ms=222274
RX,REAL,,3,18,48,223015.168,222512,223015.168,222274,222512,77.16800000000512,594,223015168	ID:1	[INFO: Metric    ] METRIC_RX type=REAL src=3 seq=18 send_ms=222274 recv_ms=222512 bytes=48
TX,REAL,7,,20,48,223211.0,222892,223211.0,,,,598,223211000	ID:7	[INFO: Metric    ] METRIC_TX type=REAL node=7 seq=20 bytes=48 time_ms=222892
TX,DUMMY,7,,11,48,223212.0,222893,223212.0,,,,599,223212000	ID:7	[INFO: Metric    ] METRIC_TX type=DUMMY node=7 seq=11 bytes=48 time_ms=222893
RX,REAL,,7,20,48,223239.88,222736,223239.88,222892,222736,28.880000000004657,600,223239880	ID:1	[INFO: Metric    ] METRIC_RX type=REAL src=7 seq=20 send_ms=222892 recv_ms=222736 bytes=48
RX,DUMMY,,7,11,48,223246.88,222743,223246.88,222893,222743,,602,223246880	ID:1	[INFO: Metric    ] METRIC_RX type=DUMMY src=7 seq=11 send_ms=222893 recv_ms=222743 bytes=48
TX,REAL,6,,20,48,226396.0,225457,226396.0,,,,607,226396000	ID:6	[INFO: Metric    ] METRIC_TX type=REAL node=6 seq=20 bytes=48 time_ms=225457
TX,DUMMY,6,,6,48,226397.0,225458,226397.0,,,,608,226397000	ID:6	[INFO: Metric    ] METRIC_TX type=DUMMY node=6 seq=6 bytes=48 time_ms=225458
RX,REAL,,6,20,48,226402.88,225899,226402.88,225457,225899,6.880000000004657,609,226402880	ID:1	[INFO: Metric    ] METRIC_RX type=REAL src=6 seq=20 send_ms=225457 recv_ms=225899 bytes=48
RX,DUMMY,,6,6,48,226414.88,225911,226414.88,225458,225911,,610,226414880	ID:1	[INFO: Metric    ] METRIC_RX type=DUMMY src=6 seq=6 send_ms=225458 recv_ms=225911 bytes=48
TX,REAL,2,,20,48,229034.0,228171,229034.0,,,,615,229034000	ID:2	[INFO: Metric    ] METRIC_TX type=REAL node=2 seq=20 bytes=48 time_ms=228171
TX,DUMMY,2,,5,48,229035.0,228172,229035.0,,,,616,229035000	ID:2	[INFO: Metric    ] METRIC_TX type=DUMMY node=2 seq=5 bytes=48 time_ms=228172
RX,REAL,,2,20,48,229049.88,228546,229049.88,228171,228546,15.880000000004657,617,229049880	ID:1	[INFO: Metric    ] METRIC_RX type=REAL src=2 seq=20 send_ms=228171 recv_ms=228546 bytes=48
RX,DUMMY,,2,5,48,229056.88,228553,229056.88,228172,228553,,618,229056880	ID:1	[INFO: Metric    ] METRIC_RX type=DUMMY src=2 seq=5 send_ms=228172 recv_ms=228553 bytes=48
TX,REAL,5,,20,48,230351.0,230014,230351.0,,,,623,230351000	ID:5	[INFO: Metric    ] METRIC_TX type=REAL node=5 seq=20 bytes=48 time_ms=230014
TX,DUMMY,5,,7,48,230352.0,230015,230352.0,,,,624,230352000	ID:5	[INFO: Metric    ] METRIC_TX type=DUMMY node=5 seq=7 bytes=48 time_ms=230015
RX,REAL,,5,20,48,230395.168,229892,230395.168,230014,229892,44.16800000000512,625,230395168	ID:1	[INFO: Metric    ] METRIC_RX type=REAL src=5 seq=20 send_ms=230014 recv_ms=229892 bytes=48
RX,DUMMY,,5,7,48,230480.168,229977,230480.168,230015,229977,,627,230480168	ID:1	[INFO: Metric    ] METRIC_RX type=DUMMY src=5 seq=7 send_ms=230015 recv_ms=229977 bytes=48
TX,REAL,4,,19,48,232601.0,232308,232601.0,,,,629,232601000	ID:4	[INFO: Metric    ] METRIC_TX type=REAL node=4 seq=19 bytes=48 time_ms=232308
RX,REAL,,4,19,48,232670.168,232167,232670.168,232308,232167,69.16800000000512,630,232670168	ID:1	[INFO: Metric    ] METRIC_RX type=REAL src=4 seq=19 send_ms=232308 recv_ms=232167 bytes=48
TX,REAL,7,,21,48,233213.0,232894,233213.0,,,,632,233213000	ID:7	[INFO: Metric    ] METRIC_TX type=REAL node=7 seq=21 bytes=48 time_ms=232894
TX,DUMMY,7,,12,48,233214.0,232895,233214.0,,,,633,233214000	ID:7	[INFO: Metric    ] METRIC_TX type=DUMMY node=7 seq=12 bytes=48 time_ms=232895
RX,REAL,,7,21,48,233230.88,232727,233230.88,232894,232727,17.880000000004657,634,233230880	ID:1	[INFO: Metric    ] METRIC_RX type=REAL src=7 seq=21 send_ms=232894 recv_ms=232727 bytes=48
RX,DUMMY,,7,12,48,233272.88,232769,233272.88,232895,232769,,636,233272880	ID:1	[INFO: Metric    ] METRIC_RX type=DUMMY src=7 seq=12 send_ms=232895 recv_ms=232769 bytes=48
TX,REAL,3,,19,48,233939.0,233275,233939.0,,,,639,233939000	ID:3	[INFO: Metric    ] METRIC_TX type=REAL node=3 seq=19 bytes=48 time_ms=233275
RX,REAL,,3,19,48,233986.168,233483,233986.168,233275,233483,47.16800000000512,640,233986168	ID:1	[INFO: Metric    ] METRIC_RX type=REAL src=3 seq=19 send_ms=233275 recv_ms=233483 bytes=48
TX,REAL,2,,21,48,238036.0,237173,238036.0,,,,642,238036000	ID:2	[INFO: Metric    ] METRIC_TX type=REAL node=2 seq=21 bytes=48 time_ms=237173
RX,REAL,,2,21,48,238074.88,237571,238074.88,237173,237571,38.88000000000466,643,238074880	ID:1	[INFO: Metric    ] METRIC_RX type=REAL src=2 seq=21 send_ms=237173 recv_ms=237571 bytes=48
TX,REAL,6,,21,48,238398.0,237459,238398.0,,,,645,238398000	ID:6	[INFO: Metric    ] METRIC_TX type=REAL node=6 seq=21 bytes=48 time_ms=237459
RX,REAL,,6,21,48,238409.88,237906,238409.88,237459,237906,11.880000000004657,646,238409880	ID:1	[INFO: Metric    ] METRIC_RX type=REAL src=6 seq=21 send_ms=237459 recv_ms=237906 bytes=48
TX,REAL,5,,21,48,241353.0,241016,241353.0,,,,648,241353000	ID:5	[INFO: Metric    ] METRIC_TX type=REAL node=5 seq=21 bytes=48 time_ms=241016
RX,REAL,,5,21,48,241387.168,240884,241387.168,241016,240884,34.16800000000512,649,241387168	ID:1	[INFO: Metric    ] METRIC_RX type=REAL src=5 seq=21 send_ms=241016 recv_ms=240884 bytes=48
TX,REAL,3,,20,48,241940.0,241276,241940.0,,,,653,241940000	ID:3	[INFO: Metric    ] METRIC_TX type=REAL node=3 seq=20 bytes=48 time_ms=241276
TX,DUMMY,3,,6,48,241941.0,241277,241941.0,,,,654,241941000	ID:3	[INFO: Metric    ] METRIC_TX type=DUMMY node=3 seq=6 bytes=48 time_ms=241277
RX,REAL,,3,20,48,242005.168,241502,242005.168,241276,241502,65.16800000000512,655,242005168	ID:1	[INFO: Metric    ] METRIC_RX type=REAL src=3 seq=20 send_ms=241276 recv_ms=241502 bytes=48
RX,DUMMY,,3,6,48,242031.168,241528,242031.168,241277,241528,,656,242031168	ID:1	[INFO: Metric    ] METRIC_RX type=DUMMY src=3 seq=6 send_ms=241277 recv_ms=241528 bytes=48
TX,REAL,7,,22,48,243215.0,242896,243215.0,,,,659,243215000	ID:7	[INFO: Metric    ] METRIC_TX type=REAL node=7 seq=22 bytes=48 time_ms=242896
RX,REAL,,7,22,48,243222.88,242719,243222.88,242896,242719,7.880000000004657,660,243222880	ID:1	[INFO: Metric    ] METRIC_RX type=REAL src=7 seq=22 send_ms=242896 recv_ms=242719 bytes=48
TX,REAL,4,,20,48,243602.0,243309,243602.0,,,,664,243602000	ID:4	[INFO: Metric    ] METRIC_TX type=REAL node=4 seq=20 bytes=48 time_ms=243309
RX,REAL,,4,20,48,243655.168,243152,243655.168,243309,243152,53.16800000000512,665,243655168	ID:1	[INFO: Metric    ] METRIC_RX type=REAL src=4 seq=20 send_ms=243309 recv_ms=243152 bytes=48
TX,REAL,2,,22,48,247037.0,246174,247037.0,,,,667,247037000	ID:2	[INFO: Metric    ] METRIC_TX type=REAL node=2 seq=22 bytes=48 time_ms=246174
TX,DUMMY,2,,6,48,247038.0,246175,247038.0,,,,668,247038000	ID:2	[INFO: Metric    ] METRIC_TX type=DUMMY node=2 seq=6 bytes=48 time_ms=246175
RX,REAL,,2,22,48,247058.88,246555,247058.88,246174,246555,21.880000000004657,669,247058880	ID:1	[INFO: Metric    ] METRIC_RX type=REAL src=2 seq=22 send_ms=246174 recv_ms=246555 bytes=48
RX,DUMMY,,2,6,48,247099.88,246596,247099.88,246175,246596,,671,247099880	ID:1	[INFO: Metric    ] METRIC_RX type=DUMMY src=2 seq=6 send_ms=246175 recv_ms=246596 bytes=48
TX,REAL,6,,22,48,249399.0,248460,249399.0,,,,674,249399000	ID:6	[INFO: Metric    ] METRIC_TX type=REAL node=6 seq=22 bytes=48 time_ms=248460
RX,REAL,,6,22,48,249418.88,248915,249418.88,248460,248915,19.880000000004657,675,249418880	ID:1	[INFO: Metric    ] METRIC_RX type=REAL src=6 seq=22 send_ms=248460 recv_ms=248915 bytes=48
TX,REAL,3,,21,48,250942.0,250278,250942.0,,,,677,250942000	ID:3	[INFO: Metric    ] METRIC_TX type=REAL node=3 seq=21 bytes=48 time_ms=250278
RX,REAL,,3,21,48,250994.168,250491,250994.168,250278,250491,52.16800000000512,678,250994168	ID:1	[INFO: Metric    ] METRIC_RX type=REAL src=3 seq=21 send_ms=250278 recv_ms=250491 bytes=48
TX,REAL,7,,23,48,252216.0,251897,252216.0,,,,680,252216000	ID:7	[INFO: Metric    ] METRIC_TX type=REAL node=7 seq=23 bytes=48 time_ms=251897
RX,REAL,,7,23,48,252255.88,251752,252255.88,251897,251752,39.88000000000466,681,252255880	ID:1	[INFO: Metric    ] METRIC_RX type=REAL src=7 seq=23 send_ms=251897 recv_ms=251752 bytes=48
TX,REAL,5,,22,48,253354.0,253017,253354.0,,,,683,253354000	ID:5	[INFO: Metric    ] METRIC_TX type=REAL node=5 seq=22 bytes=48 time_ms=253017
RX,REAL,,5,22,48,253409.168,252906,253409.168,253017,252906,55.16800000000512,684,253409168	ID:1	[INFO: Metric    ] METRIC_RX type=REAL src=5 seq=22 send_ms=253017 recv_ms=252906 bytes=48
TX,REAL,4,,21,48,254603.0,254310,254603.0,,,,686,254603000	ID:4	[INFO: Metric    ] METRIC_TX type=REAL node=4 seq=21 bytes=48 time_ms=254310
RX,REAL,,4,21,48,254630.168,254127,254630.168,254310,254127,27.168000000005122,687,254630168	ID:1	[INFO: Metric    ] METRIC_RX type=REAL src=4 seq=21 send_ms=254310 recv_ms=254127 bytes=48
TX,REAL,2,,23,48,257039.0,256176,257039.0,,,,689,257039000	ID:2	[INFO: Metric    ] METRIC_TX type=REAL node=2 seq=23 bytes=48 time_ms=256176
RX,REAL,,2,23,48,257081.88,256578,257081.88,256176,256578,42.88000000000466,690,257081880	ID:1	[INFO: Metric    ] METRIC_RX type=REAL src=2 seq=23 send_ms=256176 recv_ms=256578 bytes=48
TX,REAL,6,,23,48,258400.0,257461,258400.0,,,,692,258400000	ID:6	[INFO: Metric    ] METRIC_TX type=REAL node=6 seq=23 bytes=48 time_ms=257461
RX,REAL,,6,23,48,258435.88,257932,258435.88,257461,257932,35.88000000000466,693,258435880	ID:1	[INFO: Metric    ] METRIC_RX type=REAL src=6 seq=23 send_ms=257461 recv_ms=257932 bytes=48
TX,REAL,3,,22,48,260943.0,260279,260943.0,,,,695,260943000	ID:3	[INFO: Metric    ] METRIC_TX type=REAL node=3 seq=22 bytes=48 time_ms=260279
RX,REAL,,3,22,48,261008.168,260505,261008.168,260279,260505,65.16800000000512,696,261008168	ID:1	[INFO: Metric    ] METRIC_RX type=REAL src=3 seq=22 send_ms=260279 recv_ms=260505 bytes=48
TX,REAL,7,,24,48,261217.0,260898,261217.0,,,,698,261217000	ID:7	[INFO: Metric    ] METRIC_TX type=REAL node=7 seq=24 bytes=48 time_ms=260898
RX,REAL,,7,24,48,261243.88,260740,261243.88,260898,260740,26.880000000004657,699,261243880	ID:1	[INFO: Metric    ] METRIC_RX type=REAL src=7 seq=24 send_ms=260898 recv_ms=260740 bytes=48
TX,REAL,5,,23,48,263355.0,263018,263355.0,,,,701,263355000	ID:5	[INFO: Metric    ] METRIC_TX type=REAL node=5 seq=23 bytes=48 time_ms=263018
RX,REAL,,5,23,48,263373.168,262870,263373.168,263018,262870,18.168000000005122,702,263373168	ID:1	[INFO: Metric    ] METRIC_RX type=REAL src=5 seq=23 send_ms=263018 recv_ms=262870 bytes=48
TX,REAL,4,,22,48,264604.0,264311,264604.0,,,,705,264604000	ID:4	[INFO: Metric    ] METRIC_TX type=REAL node=4 seq=22 bytes=48 time_ms=264311
RX,REAL,,4,22,48,264621.168,264118,264621.168,264311,264118,17.168000000005122,706,264621168	ID:1	[INFO: Metric    ] METRIC_RX type=REAL src=4 seq=22 send_ms=264311 recv_ms=264118 bytes=48
TX,REAL,6,,24,48,268401.0,267462,268401.0,,,,708,268401000	ID:6	[INFO: Metric    ] METRIC_TX type=REAL node=6 seq=24 bytes=48 time_ms=267462
RX,REAL,,6,24,48,268414.88,267911,268414.88,267462,267911,13.880000000004657,709,268414880	ID:1	[INFO: Metric    ] METRIC_RX type=REAL src=6 seq=24 send_ms=267462 recv_ms=267911 bytes=48
TX,REAL,2,,24,48,269040.0,268177,269040.0,,,,711,269040000	ID:2	[INFO: Metric    ] METRIC_TX type=REAL node=2 seq=24 bytes=48 time_ms=268177
TX,DUMMY,2,,7,48,269041.0,268178,269041.0,,,,712,269041000	ID:2	[INFO: Metric    ] METRIC_TX type=DUMMY node=2 seq=7 bytes=48 time_ms=268178
RX,REAL,,2,24,48,269061.88,268558,269061.88,268177,268558,21.880000000004657,713,269061880	ID:1	[INFO: Metric    ] METRIC_RX type=REAL src=2 seq=24 send_ms=268177 recv_ms=268558 bytes=48
RX,DUMMY,,2,7,48,269073.88,268570,269073.88,268178,268570,,714,269073880	ID:1	[INFO: Metric    ] METRIC_RX type=DUMMY src=2 seq=7 send_ms=268178 recv_ms=268570 bytes=48
TX,REAL,3,,23,48,269944.0,269280,269944.0,,,,717,269944000	ID:3	[INFO: Metric    ] METRIC_TX type=REAL node=3 seq=23 bytes=48 time_ms=269280
TX,DUMMY,3,,7,48,269945.0,269281,269945.0,,,,718,269945000	ID:3	[INFO: Metric    ] METRIC_TX type=DUMMY node=3 seq=7 bytes=48 time_ms=269281
RX,REAL,,3,23,48,270006.168,269503,270006.168,269280,269503,62.16800000000512,719,270006168	ID:1	[INFO: Metric    ] METRIC_RX type=REAL src=3 seq=23 send_ms=269280 recv_ms=269503 bytes=48
RX,DUMMY,,3,7,48,270107.168,269604,270107.168,269281,269604,,721,270107168	ID:1	[INFO: Metric    ] METRIC_RX type=DUMMY src=3 seq=7 send_ms=269281 recv_ms=269604 bytes=48
TX,REAL,7,,25,48,273218.0,272899,273218.0,,,,723,273218000	ID:7	[INFO: Metric    ] METRIC_TX type=REAL node=7 seq=25 bytes=48 time_ms=272899
TX,DUMMY,7,,13,48,273219.0,272900,273219.0,,,,724,273219000	ID:7	[INFO: Metric    ] METRIC_TX type=DUMMY node=7 seq=13 bytes=48 time_ms=272900
RX,REAL,,7,25,48,273247.88,272744,273247.88,272899,272744,29.880000000004657,725,273247880	ID:1	[INFO: Metric    ] METRIC_RX type=REAL src=7 seq=25 send_ms=272899 recv_ms=272744 bytes=48
RX,DUMMY,,7,13,48,273278.88,272775,273278.88,272900,272775,,727,273278880	ID:1	[INFO: Metric    ] METRIC_RX type=DUMMY src=7 seq=13 send_ms=272900 recv_ms=272775 bytes=48
TX,REAL,5,,24,48,273356.0,273019,273356.0,,,,729,273356000	ID:5	[INFO: Metric    ] METRIC_TX type=REAL node=5 seq=24 bytes=48 time_ms=273019
RX,REAL,,5,24,48,273441.168,272938,273441.168,273019,272938,85.16800000000512,730,273441168	ID:1	[INFO: Metric    ] METRIC_RX type=REAL src=5 seq=24 send_ms=273019 recv_ms=272938 bytes=48
TX,REAL,4,,23,48,274605.0,274312,274605.0,,,,732,274605000	ID:4	[INFO: Metric    ] METRIC_TX type=REAL node=4 seq=23 bytes=48 time_ms=274312
RX,REAL,,4,23,48,274682.168,274179,274682.168,274312,274179,77.16800000000512,733,274682168	ID:1	[INFO: Metric    ] METRIC_RX type=REAL src=4 seq=23 send_ms=274312 recv_ms=274179 bytes=48
TX,REAL,6,,25,48,276402.0,275463,276402.0,,,,736,276402000	ID:6	[INFO: Metric    ] METRIC_TX type=REAL node=6 seq=25 bytes=48 time_ms=275463
RX,REAL,,6,25,48,276424.88,275921,276424.88,275463,275921,22.880000000004657,737,276424880	ID:1	[INFO: Metric    ] METRIC_RX type=REAL src=6 seq=25 send_ms=275463 recv_ms=275921 bytes=48
TX,REAL,2,,25,48,278042.0,277179,278042.0,,,,739,278042000	ID:2	[INFO: Metric    ] METRIC_TX type=REAL node=2 seq=25 bytes=48 time_ms=277179
RX,REAL,,2,25,48,278052.88,277549,278052.88,277179,277549,10.880000000004657,740,278052880	ID:1	[INFO: Metric    ] METRIC_RX type=REAL src=2 seq=25 send_ms=277179 recv_ms=277549 bytes=48
TX,REAL,3,,24,48,280946.0,280282,280946.0,,,,742,280946000	ID:3	[INFO: Metric    ] METRIC_TX type=REAL node=3 seq=24 bytes=48 time_ms=280282
RX,REAL,,3,24,48,280979.168,280476,280979.168,280282,280476,33.16800000000512,743,280979168	ID:1	[INFO: Metric    ] METRIC_RX type=REAL src=3 seq=24 send_ms=280282 recv_ms=280476 bytes=48
TX,REAL,7,,26,48,282220.0,281901,282220.0,,,,745,282220000	ID:7	[INFO: Metric    ] METRIC_TX type=REAL node=7 seq=26 bytes=48 time_ms=281901
TX,DUMMY,7,,14,48,282221.0,281902,282221.0,,,,746,282221000	ID:7	[INFO: Metric    ] METRIC_TX type=DUMMY node=7 seq=14 bytes=48 time_ms=281902
RX,REAL,,7,26,48,282250.88,281747,282250.88,281901,281747,30.880000000004657,747,282250880	ID:1	[INFO: Metric    ] METRIC_RX type=REAL src=7 seq=26 send_ms=281901 recv_ms=281747 bytes=48
RX,DUMMY,,7,14,48,282263.88,281760,282263.88,281902,281760,,748,282263880	ID:1	[INFO: Metric    ] METRIC_RX type=DUMMY src=7 seq=14 send_ms=281902 recv_ms=281760 bytes=48
TX,REAL,5,,25,48,282357.0,282020,282357.0,,,,751,282357000	ID:5	[INFO: Metric    ] METRIC_TX type=REAL node=5 seq=25 bytes=48 time_ms=282020
RX,REAL,,5,25,48,282396.168,281893,282396.168,282020,281893,39.16800000000512,752,282396168	ID:1	[INFO: Metric    ] METRIC_RX type=REAL src=5 seq=25 send_ms=282020 recv_ms=281893 bytes=48
TX,REAL,6,,26,48,284403.0,283464,284403.0,,,,754,284403000	ID:6	[INFO: Metric    ] METRIC_TX type=REAL node=6 seq=26 bytes=48 time_ms=283464
RX,REAL,,6,26,48,284445.88,283942,284445.88,283464,283942,42.88000000000466,755,284445880	ID:1	[INFO: Metric    ] METRIC_RX type=REAL src=6 seq=26 send_ms=283464 recv_ms=283942 bytes=48
TX,REAL,4,,24,48,286606.0,286313,286606.0,,,,757,286606000	ID:4	[INFO: Metric    ] METRIC_TX type=REAL node=4 seq=24 bytes=48 time_ms=286313
RX,REAL,,4,24,48,286631.168,286128,286631.168,286313,286128,25.168000000005122,758,286631168	ID:1	[INFO: Metric    ] METRIC_RX type=REAL src=4 seq=24 send_ms=286313 recv_ms=286128 bytes=48
TX,REAL,2,,26,48,288043.0,287180,288043.0,,,,760,288043000	ID:2	[INFO: Metric    ] METRIC_TX type=REAL node=2 seq=26 bytes=48 time_ms=287180
TX,DUMMY,2,,8,48,288044.0,287181,288044.0,,,,761,288044000	ID:2	[INFO: Metric    ] METRIC_TX type=DUMMY node=2 seq=8 bytes=48 time_ms=287181
RX,REAL,,2,26,48,288056.88,287553,288056.88,287180,287553,13.880000000004657,762,288056880	ID:1	[INFO: Metric    ] METRIC_RX type=REAL src=2 seq=26 send_ms=287180 recv_ms=287553 bytes=48
RX,DUMMY,,2,8,48,288084.88,287581,288084.88,287181,287581,,763,288084880	ID:1	[INFO: Metric    ] METRIC_RX type=DUMMY src=2 seq=8 send_ms=287181 recv_ms=287581 bytes=48
TX,REAL,3,,25,48,288947.0,288283,288947.0,,,,767,288947000	ID:3	[INFO: Metric    ] METRIC_TX type=REAL node=3 seq=25 bytes=48 time_ms=288283
RX,REAL,,3,25,48,289021.168,288518,289021.168,288283,288518,74.16800000000512,768,289021168	ID:1	[INFO: Metric    ] METRIC_RX type=REAL src=3 seq=25 send_ms=288283 recv_ms=288518 bytes=48
TX,REAL,5,,26,48,290358.0,290021,290358.0,,,,770,290358000	ID:5	[INFO: Metric    ] METRIC_TX type=REAL node=5 seq=26 bytes=48 time_ms=290021
RX,REAL,,5,26,48,290410.168,289907,290410.168,290021,289907,52.16800000000512,771,290410168	ID:1	[INFO: Metric    ] METRIC_RX type=REAL src=5 seq=26 send_ms=290021 recv_ms=289907 bytes=48
TX,REAL,6,,27,48,293404.0,292465,293404.0,,,,773,293404000	ID:6	[INFO: Metric    ] METRIC_TX type=REAL node=6 seq=27 bytes=48 time_ms=292465
TX,DUMMY,6,,7,48,293405.0,292466,293405.0,,,,774,293405000	ID:6	[INFO: Metric    ] METRIC_TX type=DUMMY node=6 seq=7 bytes=48 time_ms=292466
RX,REAL,,6,27,48,293423.88,292920,293423.88,292465,292920,19.880000000004657,775,293423880	ID:1	[INFO: Metric    ] METRIC_RX type=REAL src=6 seq=27 send_ms=292465 recv_ms=292920 bytes=48
RX,DUMMY,,6,7,48,293441.88,292938,293441.88,292466,292938,,776,293441880	ID:1	[INFO: Metric    ] METRIC_RX type=DUMMY src=6 seq=7 send_ms=292466 recv_ms=292938 bytes=48
TX,REAL,7,,27,48,294222.0,293903,294222.0,,,,779,294222000	ID:7	[INFO: Metric    ] METRIC_TX type=REAL node=7 seq=27 bytes=48 time_ms=293903
TX,DUMMY,7,,15,48,294223.0,293904,294223.0,,,,780,294223000	ID:7	[INFO: Metric    ] METRIC_TX type=DUMMY node=7 seq=15 bytes=48 time_ms=293904
RX,REAL,,7,27,48,294241.88,293738,294241.88,293903,293738,19.880000000004657,781,294241880	ID:1	[INFO: Metric    ] METRIC_RX type=REAL src=7 seq=27 send_ms=293903 recv_ms=293738 bytes=48
RX,DUMMY,,7,15,48,294268.88,293765,294268.88,293904,293765,,783,294268880	ID:1	[INFO: Metric    ] METRIC_RX type=DUMMY src=7 seq=15 send_ms=293904 recv_ms=293765 bytes=48
TX,REAL,2,,27,48,296045.0,295182,296045.0,,,,785,296045000	ID:2	[INFO: Metric    ] METRIC_TX type=REAL node=2 seq=27 bytes=48 time_ms=295182
RX,REAL,,2,27,48,296071.88,295568,296071.88,295182,295568,26.880000000004657,786,296071880	ID:1	[INFO: Metric    ] METRIC_RX type=REAL src=2 seq=27 send_ms=295182 recv_ms=295568 bytes=48
TX,REAL,4,,25,48,297607.0,297314,297607.0,,,,788,297607000	ID:4	[INFO: Metric    ] METRIC_TX type=REAL node=4 seq=25 bytes=48 time_ms=297314
TX,DUMMY,4,,6,48,297608.0,297315,297608.0,,,,789,297608000	ID:4	[INFO: Metric    ] METRIC_TX type=DUMMY node=4 seq=6 bytes=48 time_ms=297315
RX,REAL,,4,25,48,297645.168,297142,297645.168,297314,297142,38.16800000000512,790,297645168	ID:1	[INFO: Metric    ] METRIC_RX type=REAL src=4 seq=25 send_ms=297314 recv_ms=297142 bytes=48
RX,DUMMY,,4,6,48,297674.168,297171,297674.168,297315,297171,,791,297674168	ID:1	[INFO: Metric    ] METRIC_RX type=DUMMY src=4 seq=6 send_ms=297315 recv_ms=297171 bytes=48
TX,REAL,5,,27,48,298359.0,298022,298359.0,,,,794,298359000	ID:5	[INFO: Metric    ] METRIC_TX type=REAL node=5 seq=27 bytes=48 time_ms=298022
TX,DUMMY,5,,8,48,298360.0,298023,298360.0,,,,795,298360000	ID:5	[INFO: Metric    ] METRIC_TX type=DUMMY node=5 seq=8 bytes=48 time_ms=298023
RX,REAL,,5,27,48,298459.168,297956,298459.168,298022,297956,100.16800000000512,796,298459168	ID:1	[INFO: Metric    ] METRIC_RX type=REAL src=5 seq=27 send_ms=298022 recv_ms=297956 bytes=48
RX,DUMMY,,5,8,48,298487.168,297984,298487.168,298023,297984,,798,298487168	ID:1	[INFO: Metric    ] METRIC_RX type=DUMMY src=5 seq=8 send_ms=298023 recv_ms=297984 bytes=48
TX,REAL,3,,26,48,299948.0,299284,299948.0,,,,801,299948000	ID:3	[INFO: Metric    ] METRIC_TX type=REAL node=3 seq=26 bytes=48 time_ms=299284
RX,REAL,,3,26,48,300024.168,299521,300024.168,299284,299521,76.16800000000512,802,300024168	ID:1	[INFO: Metric    ] METRIC_RX type=REAL src=3 seq=26 send_ms=299284 recv_ms=299521 bytes=48
TX,REAL,6,,28,48,303406.0,302467,303406.0,,,,804,303406000	ID:6	[INFO: Metric    ] METRIC_TX type=REAL node=6 seq=28 bytes=48 time_ms=302467
RX,REAL,,6,28,48,303430.88,302927,303430.88,302467,302927,24.880000000004657,805,303430880	ID:1	[INFO: Metric    ] METRIC_RX type=REAL src=6 seq=28 send_ms=302467 recv_ms=302927 bytes=48
TX,REAL,7,,28,48,306224.0,305905,306224.0,,,,807,306224000	ID:7	[INFO: Metric    ] METRIC_TX type=REAL node=7 seq=28 bytes=48 time_ms=305905
TX,DUMMY,7,,16,48,306225.0,305906,306225.0,,,,808,306225000	ID:7	[INFO: Metric    ] METRIC_TX type=DUMMY node=7 seq=16 bytes=48 time_ms=305906
RX,REAL,,7,28,48,306267.88,305764,306267.88,305905,305764,43.88000000000466,809,306267880	ID:1	[INFO: Metric    ] METRIC_RX type=REAL src=7 seq=28 send_ms=305905 recv_ms=305764 bytes=48
RX,DUMMY,,7,16,48,306285.88,305782,306285.88,305906,305782,,810,306285880	ID:1	[INFO: Metric    ] METRIC_RX type=DUMMY src=7 seq=16 send_ms=305906 recv_ms=305782 bytes=48
TX,REAL,5,,28,48,306361.0,306024,306361.0,,,,813,306361000	ID:5	[INFO: Metric    ] METRIC_TX type=REAL node=5 seq=28 bytes=48 time_ms=306024
RX,REAL,,5,28,48,306413.304,305910,306413.304,306024,305910,52.304000000003725,814,306413304	ID:1	[INFO: Metric    ] METRIC_RX type=REAL src=5 seq=28 send_ms=306024 recv_ms=305910 bytes=48
TX,REAL,4,,26,48,307609.0,307316,307609.0,,,,816,307609000	ID:4	[INFO: Metric    ] METRIC_TX type=REAL node=4 seq=26 bytes=48 time_ms=307316
TX,DUMMY,4,,7,48,307610.0,307317,307610.0,,,,817,307610000	ID:4	[INFO: Metric    ] METRIC_TX type=DUMMY node=4 seq=7 bytes=48 time_ms=307317
RX,REAL,,4,26,48,307661.304,307158,307661.304,307316,307158,52.304000000003725,818,307661304	ID:1	[INFO: Metric    ] METRIC_RX type=REAL src=4 seq=26 send_ms=307316 recv_ms=307158 bytes=48
RX,DUMMY,,4,7,48,307676.168,307173,307676.168,307317,307173,,819,307676168	ID:1	[INFO: Metric    ] METRIC_RX type=DUMMY src=4 seq=7 send_ms=307317 recv_ms=307173 bytes=48
TX,REAL,3,,27,48,307949.0,307285,307949.0,,,,822,307949000	ID:3	[INFO: Metric    ] METRIC_TX type=REAL node=3 seq=27 bytes=48 time_ms=307285
RX,REAL,,3,27,48,308039.168,307536,308039.168,307285,307536,90.16800000000512,823,308039168	ID:1	[INFO: Metric    ] METRIC_RX type=REAL src=3 seq=27 send_ms=307285 recv_ms=307536 bytes=48
TX,REAL,2,,28,48,308046.0,307183,308046.0,,,,824,308046000	ID:2	[INFO: Metric    ] METRIC_TX type=REAL node=2 seq=28 bytes=48 time_ms=307183
TX,DUMMY,2,,9,48,308047.0,307184,308047.0,,,,825,308047000	ID:2	[INFO: Metric    ] METRIC_TX type=DUMMY node=2 seq=9 bytes=48 time_ms=307184
RX,REAL,,2,28,48,308087.88,307584,308087.88,307183,307584,41.88000000000466,826,308087880	ID:1	[INFO: Metric    ] METRIC_RX type=REAL src=2 seq=28 send_ms=307183 recv_ms=307584 bytes=48
RX,DUMMY,,2,9,48,308133.88,307630,308133.88,307184,307630,,830,308133880	ID:1	[INFO: Metric    ] METRIC_RX type=DUMMY src=2 seq=9 send_ms=307184 recv_ms=307630 bytes=48
TX,REAL,6,,29,48,313407.0,312468,313407.0,,,,832,313407000	ID:6	[INFO: Metric    ] METRIC_TX type=REAL node=6 seq=29 bytes=48 time_ms=312468
RX,REAL,,6,29,48,313437.88,312934,313437.88,312468,312934,30.880000000004657,833,313437880	ID:1	[INFO: Metric    ] METRIC_RX type=REAL src=6 seq=29 send_ms=312468 recv_ms=312934 bytes=48
TX,REAL,7,,29,48,315226.0,314907,315226.0,,,,835,315226000	ID:7	[INFO: Metric    ] METRIC_TX type=REAL node=7 seq=29 bytes=48 time_ms=314907
TX,DUMMY,7,,17,48,315227.0,314908,315227.0,,,,836,315227000	ID:7	[INFO: Metric    ] METRIC_TX type=DUMMY node=7 seq=17 bytes=48 time_ms=314908
RX,REAL,,7,29,48,315244.88,314741,315244.88,314907,314741,18.880000000004657,837,315244880	ID:1	[INFO: Metric    ] METRIC_RX type=REAL src=7 seq=29 send_ms=314907 recv_ms=314741 bytes=48
RX,DUMMY,,7,17,48,315264.88,314761,315264.88,314908,314761,,838,315264880	ID:1	[INFO: Metric    ] METRIC_RX type=DUMMY src=7 seq=17 send_ms=314908 recv_ms=314761 bytes=48
TX,REAL,4,,27,48,315611.0,315318,315611.0,,,,841,315611000	ID:4	[INFO: Metric    ] METRIC_TX type=REAL node=4 seq=27 bytes=48 time_ms=315318
RX,REAL,,4,27,48,315637.304,315134,315637.304,315318,315134,26.304000000003725,842,315637304	ID:1	[INFO: Metric    ] METRIC_RX type=REAL src=4 seq=27 send_ms=315318 recv_ms=315134 bytes=48
TX,REAL,2,,29,48,316048.0,315185,316048.0,,,,844,316048000	ID:2	[INFO: Metric    ] METRIC_TX type=REAL node=2 seq=29 bytes=48 time_ms=315185
RX,REAL,,2,29,48,316059.88,315556,316059.88,315185,315556,11.880000000004657,845,316059880	ID:1	[INFO: Metric    ] METRIC_RX type=REAL src=2 seq=29 send_ms=315185 recv_ms=315556 bytes=48
TX,REAL,5,,29,48,316362.0,316025,316362.0,,,,847,316362000	ID:5	[INFO: Metric    ] METRIC_TX type=REAL node=5 seq=29 bytes=48 time_ms=316025
RX,REAL,,5,29,48,316417.168,315914,316417.168,316025,315914,55.16800000000512,848,316417168	ID:1	[INFO: Metric    ] METRIC_RX type=REAL src=5 seq=29 send_ms=316025 recv_ms=315914 bytes=48
TX,REAL,3,,28,48,318950.0,318286,318950.0,,,,850,318950000	ID:3	[INFO: Metric    ] METRIC_TX type=REAL node=3 seq=28 bytes=48 time_ms=318286
RX,REAL,,3,28,48,319007.168,318504,319007.168,318286,318504,57.16800000000512,851,319007168	ID:1	[INFO: Metric    ] METRIC_RX type=REAL src=3 seq=28 send_ms=318286 recv_ms=318504 bytes=48
TX,REAL,6,,30,48,321408.0,320469,321408.0,,,,855,321408000	ID:6	[INFO: Metric    ] METRIC_TX type=REAL node=6 seq=30 bytes=48 time_ms=320469
RX,REAL,,6,30,48,321436.88,320933,321436.88,320469,320933,28.880000000004657,856,321436880	ID:1	[INFO: Metric    ] METRIC_RX type=REAL src=6 seq=30 send_ms=320469 recv_ms=320933 bytes=48
TX,REAL,2,,30,48,325049.0,324186,325049.0,,,,860,325049000	ID:2	[INFO: Metric    ] METRIC_TX type=REAL node=2 seq=30 bytes=48 time_ms=324186
RX,REAL,,2,30,48,325078.88,324575,325078.88,324186,324575,29.880000000004657,861,325078880	ID:1	[INFO: Metric    ] METRIC_RX type=REAL src=2 seq=30 send_ms=324186 recv_ms=324575 bytes=48
TX,REAL,7,,30,48,325228.0,324909,325228.0,,,,866,325228000	ID:7	[INFO: Metric    ] METRIC_TX type=REAL node=7 seq=30 bytes=48 time_ms=324909
TX,DUMMY,7,,18,48,325229.0,324910,325229.0,,,,867,325229000	ID:7	[INFO: Metric    ] METRIC_TX type=DUMMY node=7 seq=18 bytes=48 time_ms=324910
RX,REAL,,7,30,48,325270.88,324767,325270.88,324909,324767,42.88000000000466,868,325270880	ID:1	[INFO: Metric    ] METRIC_RX type=REAL src=7 seq=30 send_ms=324909 recv_ms=324767 bytes=48
RX,DUMMY,,7,18,48,325310.88,324807,325310.88,324910,324807,,870,325310880	ID:1	[INFO: Metric    ] METRIC_RX type=DUMMY src=7 seq=18 send_ms=324910 recv_ms=324807 bytes=48
TX,REAL,5,,30,48,326363.0,326026,326363.0,,,,874,326363000	ID:5	[INFO: Metric    ] METRIC_TX type=REAL node=5 seq=30 bytes=48 time_ms=326026
RX,REAL,,5,30,48,326403.168,325900,326403.168,326026,325900,40.16800000000512,875,326403168	ID:1	[INFO: Metric    ] METRIC_RX type=REAL src=5 seq=30 send_ms=326026 recv_ms=325900 bytes=48
TX,REAL,4,,28,48,326612.0,326319,326612.0,,,,877,326612000	ID:4	[INFO: Metric    ] METRIC_TX type=REAL node=4 seq=28 bytes=48 time_ms=326319
RX,REAL,,4,28,48,326665.168,326162,326665.168,326319,326162,53.16800000000512,878,326665168	ID:1	[INFO: Metric    ] METRIC_RX type=REAL src=4 seq=28 send_ms=326319 recv_ms=326162 bytes=48
TX,REAL,3,,29,48,329951.0,329287,329951.0,,,,880,329951000	ID:3	[INFO: Metric    ] METRIC_TX type=REAL node=3 seq=29 bytes=48 time_ms=329287
RX,REAL,,3,29,48,329993.168,329490,329993.168,329287,329490,42.16800000000512,881,329993168	ID:1	[INFO: Metric    ] METRIC_RX type=REAL src=3 seq=29 send_ms=329287 recv_ms=329490 bytes=48
TX,REAL,6,,31,48,331409.0,330470,331409.0,,,,883,331409000	ID:6	[INFO: Metric    ] METRIC_TX type=REAL node=6 seq=31 bytes=48 time_ms=330470
RX,REAL,,6,31,48,331430.88,330927,331430.88,330470,330927,21.880000000004657,884,331430880	ID:1	[INFO: Metric    ] METRIC_RX type=REAL src=6 seq=31 send_ms=330470 recv_ms=330927 bytes=48
TX,REAL,2,,31,48,334050.0,333187,334050.0,,,,886,334050000	ID:2	[INFO: Metric    ] METRIC_TX type=REAL node=2 seq=31 bytes=48 time_ms=333187
TX,DUMMY,2,,10,48,334051.0,333188,334051.0,,,,887,334051000	ID:2	[INFO: Metric    ] METRIC_TX type=DUMMY node=2 seq=10 bytes=48 time_ms=333188
RX,REAL,,2,31,48,334070.88,333567,334070.88,333187,333567,20.880000000004657,888,334070880	ID:1	[INFO: Metric    ] METRIC_RX type=REAL src=2 seq=31 send_ms=333187 recv_ms=333567 bytes=48
RX,DUMMY,,2,10,48,334112.88,333609,334112.88,333188,333609,,890,334112880	ID:1	[INFO: Metric    ] METRIC_RX type=DUMMY src=2 seq=10 send_ms=333188 recv_ms=333609 bytes=48
TX,REAL,4,,29,48,336613.0,336320,336613.0,,,,892,336613000	ID:4	[INFO: Metric    ] METRIC_TX type=REAL node=4 seq=29 bytes=48 time_ms=336320
TX,DUMMY,4,,8,48,336614.0,336321,336614.0,,,,893,336614000	ID:4	[INFO: Metric    ] METRIC_TX type=DUMMY node=4 seq=8 bytes=48 time_ms=336321
RX,REAL,,4,29,48,336672.168,336169,336672.168,336320,336169,59.16800000000512,894,336672168	ID:1	[INFO: Metric    ] METRIC_RX type=REAL src=4 seq=29 send_ms=336320 recv_ms=336169 bytes=48
RX,DUMMY,,4,8,48,336774.168,336271,336774.168,336321,336271,,896,336774168	ID:1	[INFO: Metric    ] METRIC_RX type=DUMMY src=4 seq=8 send_ms=336321 recv_ms=336271 bytes=48
TX,REAL,7,,31,48,337230.0,336911,337230.0,,,,899,337230000	ID:7	[INFO: Metric    ] METRIC_TX type=REAL node=7 seq=31 bytes=48 time_ms=336911
RX,REAL,,7,31,48,337237.88,336734,337237.88,336911,336734,7.880000000004657,900,337237880	ID:1	[INFO: Metric    ] METRIC_RX type=REAL src=7 seq=31 send_ms=336911 recv_ms=336734 bytes=48
TX,REAL,5,,31,48,337364.0,337027,337364.0,,,,902,337364000	ID:5	[INFO: Metric    ] METRIC_TX type=REAL node=5 seq=31 bytes=48 time_ms=337027
RX,REAL,,5,31,48,337421.168,336918,337421.168,337027,336918,57.16800000000512,903,337421168	ID:1	[INFO: Metric    ] METRIC_RX type=REAL src=5 seq=31 send_ms=337027 recv_ms=336918 bytes=48
TX,REAL,3,,30,48,339952.0,339288,339952.0,,,,907,339952000	ID:3	[INFO: Metric    ] METRIC_TX type=REAL node=3 seq=30 bytes=48 time_ms=339288
TX,DUMMY,3,,8,48,339953.0,339289,339953.0,,,,908,339953000	ID:3	[INFO: Metric    ] METRIC_TX type=DUMMY node=3 seq=8 bytes=48 time_ms=339289
RX,REAL,,3,30,48,339975.304,339472,339975.304,339288,339472,23.304000000003725,909,339975304	ID:1	[INFO: Metric    ] METRIC_RX type=REAL src=3 seq=30 send_ms=339288 recv_ms=339472 bytes=48
RX,DUMMY,,3,8,48,340018.728,339515,340018.728,339289,339515,,911,340018728	ID:1	[INFO: Metric    ] METRIC_RX type=DUMMY src=3 seq=8 send_ms=339289 recv_ms=339515 bytes=48
TX,REAL,2,,32,48,342052.0,341189,342052.0,,,,913,342052000	ID:2	[INFO: Metric    ] METRIC_TX type=REAL node=2 seq=32 bytes=48 time_ms=341189
RX,REAL,,2,32,48,342095.88,341592,342095.88,341189,341592,43.88000000000466,914,342095880	ID:1	[INFO: Metric    ] METRIC_RX type=REAL src=2 seq=32 send_ms=341189 recv_ms=341592 bytes=48
TX,REAL,6,,32,48,342410.0,341471,342410.0,,,,916,342410000	ID:6	[INFO: Metric    ] METRIC_TX type=REAL node=6 seq=32 bytes=48 time_ms=341471
TX,DUMMY,6,,8,48,342411.0,341472,342411.0,,,,917,342411000	ID:6	[INFO: Metric    ] METRIC_TX type=DUMMY node=6 seq=8 bytes=48 time_ms=341472
RX,REAL,,6,32,48,342428.88,341925,342428.88,341471,341925,18.880000000004657,918,342428880	ID:1	[INFO: Metric    ] METRIC_RX type=REAL src=6 seq=32 send_ms=341471 recv_ms=341925 bytes=48
RX,DUMMY,,6,8,48,342448.88,341945,342448.88,341472,341945,,919,342448880	ID:1	[INFO: Metric    ] METRIC_RX type=DUMMY src=6 seq=8 send_ms=341472 recv_ms=341945 bytes=48
TX,REAL,5,,32,48,347365.0,347028,347365.0,,,,922,347365000	ID:5	[INFO: Metric    ] METRIC_TX type=REAL node=5 seq=32 bytes=48 time_ms=347028
TX,DUMMY,5,,9,48,347366.0,347029,347366.0,,,,923,347366000	ID:5	[INFO: Metric    ] METRIC_TX type=DUMMY node=5 seq=9 bytes=48 time_ms=347029
RX,REAL,,5,32,48,347444.304,346941,347444.304,347028,346941,79.30400000000373,924,347444304	ID:1	[INFO: Metric    ] METRIC_RX type=REAL src=5 seq=32 send_ms=347028 recv_ms=346941 bytes=48
RX,DUMMY,,5,9,48,347451.472,346948,347451.472,347029,346948,,925,347451472	ID:1	[INFO: Metric    ] METRIC_RX type=DUMMY src=5 seq=9 send_ms=347029 recv_ms=346948 bytes=48
TX,REAL,4,,30,48,347615.0,347322,347615.0,,,,930,347615000	ID:4	[INFO: Metric    ] METRIC_TX type=REAL node=4 seq=30 bytes=48 time_ms=347322
TX,DUMMY,4,,9,48,347616.0,347323,347616.0,,,,931,347616000	ID:4	[INFO: Metric    ] METRIC_TX type=DUMMY node=4 seq=9 bytes=48 time_ms=347323
RX,REAL,,4,30,48,347687.168,347184,347687.168,347322,347184,72.16800000000512,932,347687168	ID:1	[INFO: Metric    ] METRIC_RX type=REAL src=4 seq=30 send_ms=347322 recv_ms=347184 bytes=48
RX,DUMMY,,4,9,48,347705.168,347202,347705.168,347323,347202,,934,347705168	ID:1	[INFO: Metric    ] METRIC_RX type=DUMMY src=4 seq=9 send_ms=347323 recv_ms=347202 bytes=48
TX,REAL,7,,32,48,348231.0,347912,348231.0,,,,937,348231000	ID:7	[INFO: Metric    ] METRIC_TX type=REAL node=7 seq=32 bytes=48 time_ms=347912
TX,DUMMY,7,,19,48,348232.0,347913,348232.0,,,,938,348232000	ID:7	[INFO: Metric    ] METRIC_TX type=DUMMY node=7 seq=19 bytes=48 time_ms=347913
RX,REAL,,7,32,48,348255.88,347752,348255.88,347912,347752,24.880000000004657,939,348255880	ID:1	[INFO: Metric    ] METRIC_RX type=REAL src=7 seq=32 send_ms=347912 recv_ms=347752 bytes=48
RX,DUMMY,,7,19,48,348298.88,347795,348298.88,347913,347795,,941,348298880	ID:1	[INFO: Metric    ] METRIC_RX type=DUMMY src=7 seq=19 send_ms=347913 recv_ms=347795 bytes=48
TX,REAL,3,,31,48,348954.0,348290,348954.0,,,,943,348954000	ID:3	[INFO: Metric    ] METRIC_TX type=REAL node=3 seq=31 bytes=48 time_ms=348290
TX,DUMMY,3,,9,48,348955.0,348291,348955.0,,,,944,348955000	ID:3	[INFO: Metric    ] METRIC_TX type=DUMMY node=3 seq=9 bytes=48 time_ms=348291
RX,REAL,,3,31,48,348998.168,348495,348998.168,348290,348495,44.16800000000512,945,348998168	ID:1	[INFO: Metric    ] METRIC_RX type=REAL src=3 seq=31 send_ms=348290 recv_ms=348495 bytes=48
RX,DUMMY,,3,9,48,349055.728,348552,349055.728,348291,348552,,947,349055728	ID:1	[INFO: Metric    ] METRIC_RX type=DUMMY src=3 seq=9 send_ms=348291 recv_ms=348552 bytes=48
TX,REAL,2,,33,48,352053.0,351190,352053.0,,,,949,352053000	ID:2	[INFO: Metric    ] METRIC_TX type=REAL node=2 seq=33 bytes=48 time_ms=351190
RX,REAL,,2,33,48,352069.88,351566,352069.88,351190,351566,16.880000000004657,950,352069880	ID:1	[INFO: Metric    ] METRIC_RX type=REAL src=2 seq=33 send_ms=351190 recv_ms=351566 bytes=48
TX,REAL,6,,33,48,352412.0,351473,352412.0,,,,952,352412000	ID:6	[INFO: Metric    ] METRIC_TX type=REAL node=6 seq=33 bytes=48 time_ms=351473
RX,REAL,,6,33,48,352436.88,351933,352436.88,351473,351933,24.880000000004657,953,352436880	ID:1	[INFO: Metric    ] METRIC_RX type=REAL src=6 seq=33 send_ms=351473 recv_ms=351933 bytes=48
TX,REAL,7,,33,48,356233.0,355914,356233.0,,,,955,356233000	ID:7	[INFO: Metric    ] METRIC_TX type=REAL node=7 seq=33 bytes=48 time_ms=355914
RX,REAL,,7,33,48,356239.88,355736,356239.88,355914,355736,6.880000000004657,956,356239880	ID:1	[INFO: Metric    ] METRIC_RX type=REAL src=7 seq=33 send_ms=355914 recv_ms=355736 bytes=48
TX,REAL,3,,32,48,356956.0,356292,356956.0,,,,958,356956000	ID:3	[INFO: Metric    ] METRIC_TX type=REAL node=3 seq=32 bytes=48 time_ms=356292
TX,DUMMY,3,,10,48,356957.0,356293,356957.0,,,,959,356957000	ID:3	[INFO: Metric    ] METRIC_TX type=DUMMY node=3 seq=10 bytes=48 time_ms=356293
RX,REAL,,3,32,48,357011.168,356508,357011.168,356292,356508,55.16800000000512,960,357011168	ID:1	[INFO: Metric    ] METRIC_RX type=REAL src=3 seq=32 send_ms=356292 recv_ms=356508 bytes=48
RX,DUMMY,,3,10,48,357054.168,356551,357054.168,356293,356551,,961,357054168	ID:1	[INFO: Metric    ] METRIC_RX type=DUMMY src=3 seq=10 send_ms=356293 recv_ms=356551 bytes=48
TX,REAL,5,,33,48,357367.0,357030,357367.0,,,,965,357367000	ID:5	[INFO: Metric    ] METRIC_TX type=REAL node=5 seq=33 bytes=48 time_ms=357030
TX,DUMMY,5,,10,48,357368.0,357031,357368.0,,,,966,357368000	ID:5	[INFO: Metric    ] METRIC_TX type=DUMMY node=5 seq=10 bytes=48 time_ms=357031
RX,REAL,,5,33,48,357408.168,356905,357408.168,357030,356905,41.16800000000512,967,357408168	ID:1	[INFO: Metric    ] METRIC_RX type=REAL src=5 seq=33 send_ms=357030 recv_ms=356905 bytes=48
RX,DUMMY,,5,10,48,357487.168,356984,357487.168,357031,356984,,969,357487168	ID:1	[INFO: Metric    ] METRIC_RX type=DUMMY src=5 seq=10 send_ms=357031 recv_ms=356984 bytes=48
TX,REAL,4,,31,48,359617.0,359324,359617.0,,,,971,359617000	ID:4	[INFO: Metric    ] METRIC_TX type=REAL node=4 seq=31 bytes=48 time_ms=359324
TX,DUMMY,4,,10,48,359618.0,359325,359618.0,,,,972,359618000	ID:4	[INFO: Metric    ] METRIC_TX type=DUMMY node=4 seq=10 bytes=48 time_ms=359325
RX,REAL,,4,31,48,359639.168,359136,359639.168,359324,359136,22.168000000005122,973,359639168	ID:1	[INFO: Metric    ] METRIC_RX type=REAL src=4 seq=31 send_ms=359324 recv_ms=359136 bytes=48
RX,DUMMY,,4,10,48,359717.168,359214,359717.168,359325,359214,,974,359717168	ID:1	[INFO: Metric    ] METRIC_RX type=DUMMY src=4 seq=10 send_ms=359325 recv_ms=359214 bytes=48
TX,REAL,6,,34,48,361413.0,360474,361413.0,,,,977,361413000	ID:6	[INFO: Metric    ] METRIC_TX type=REAL node=6 seq=34 bytes=48 time_ms=360474
RX,REAL,,6,34,48,361422.88,360919,361422.88,360474,360919,9.880000000004657,978,361422880	ID:1	[INFO: Metric    ] METRIC_RX type=REAL src=6 seq=34 send_ms=360474 recv_ms=360919 bytes=48
TX,REAL,2,,34,48,362054.0,361191,362054.0,,,,980,362054000	ID:2	[INFO: Metric    ] METRIC_TX type=REAL node=2 seq=34 bytes=48 time_ms=361191
TX,DUMMY,2,,11,48,362055.0,361192,362055.0,,,,981,362055000	ID:2	[INFO: Metric    ] METRIC_TX type=DUMMY node=2 seq=11 bytes=48 time_ms=361192
RX,REAL,,2,34,48,362071.88,361568,362071.88,361191,361568,17.880000000004657,982,362071880	ID:1	[INFO: Metric    ] METRIC_RX type=REAL src=2 seq=34 send_ms=361191 recv_ms=361568 bytes=48
RX,DUMMY,,2,11,48,362095.88,361592,362095.88,361192,361592,,984,362095880	ID:1	[INFO: Metric    ] METRIC_RX type=DUMMY src=2 seq=11 send_ms=361192 recv_ms=361592 bytes=48
TX,REAL,3,,33,48,364958.0,364294,364958.0,,,,986,364958000	ID:3	[INFO: Metric    ] METRIC_TX type=REAL node=3 seq=33 bytes=48 time_ms=364294
TX,DUMMY,3,,11,48,364959.0,364295,364959.0,,,,987,364959000	ID:3	[INFO: Metric    ] METRIC_TX type=DUMMY node=3 seq=11 bytes=48 time_ms=364295
RX,REAL,,3,33,48,364974.168,364471,364974.168,364294,364471,16.168000000005122,988,364974168	ID:1	[INFO: Metric    ] METRIC_RX type=REAL src=3 seq=33 send_ms=364294 recv_ms=364471 bytes=48
RX,DUMMY,,3,11,48,365026.168,364523,365026.168,364295,364523,,989,365026168	ID:1	[INFO: Metric    ] METRIC_RX type=DUMMY src=3 seq=11 send_ms=364295 recv_ms=364523 bytes=48
TX,REAL,7,,34,48,366234.0,365915,366234.0,,,,992,366234000	ID:7	[INFO: Metric    ] METRIC_TX type=REAL node=7 seq=34 bytes=48 time_ms=365915
TX,DUMMY,7,,20,48,366235.0,365916,366235.0,,,,993,366235000	ID:7	[INFO: Metric    ] METRIC_TX type=DUMMY node=7 seq=20 bytes=48 time_ms=365916
RX,REAL,,7,34,48,366270.88,365767,366270.88,365915,365767,36.88000000000466,994,366270880	ID:1	[INFO: Metric    ] METRIC_RX type=REAL src=7 seq=34 send_ms=365915 recv_ms=365767 bytes=48
RX,DUMMY,,7,20,48,366298.88,365795,366298.88,365916,365795,,996,366298880	ID:1	[INFO: Metric    ] METRIC_RX type=DUMMY src=7 seq=20 send_ms=365916 recv_ms=365795 bytes=48
TX,REAL,5,,34,48,368369.0,368032,368369.0,,,,999,368369000	ID:5	[INFO: Metric    ] METRIC_TX type=REAL node=5 seq=34 bytes=48 time_ms=368032
TX,DUMMY,5,,11,48,368370.0,368033,368370.0,,,,1000,368370000	ID:5	[INFO: Metric    ] METRIC_TX type=DUMMY node=5 seq=11 bytes=48 time_ms=368033
RX,REAL,,5,34,48,368405.168,367902,368405.168,368032,367902,36.16800000000512,1001,368405168	ID:1	[INFO: Metric    ] METRIC_RX type=REAL src=5 seq=34 send_ms=368032 recv_ms=367902 bytes=48
RX,DUMMY,,5,11,48,368464.168,367961,368464.168,368033,367961,,1002,368464168	ID:1	[INFO: Metric    ] METRIC_RX type=DUMMY src=5 seq=11 send_ms=368033 recv_ms=367961 bytes=48
TX,REAL,4,,32,48,368619.0,368326,368619.0,,,,1005,368619000	ID:4	[INFO: Metric    ] METRIC_TX type=REAL node=4 seq=32 bytes=48 time_ms=368326
RX,REAL,,4,32,48,368635.168,368132,368635.168,368326,368132,16.168000000005122,1006,368635168	ID:1	[INFO: Metric    ] METRIC_RX type=REAL src=4 seq=32 send_ms=368326 recv_ms=368132 bytes=48
TX,REAL,2,,35,48,370056.0,369193,370056.0,,,,1008,370056000	ID:2	[INFO: Metric    ] METRIC_TX type=REAL node=2 seq=35 bytes=48 time_ms=369193
TX,DUMMY,2,,12,48,370057.0,369194,370057.0,,,,1009,370057000	ID:2	[INFO: Metric    ] METRIC_TX type=DUMMY node=2 seq=12 bytes=48 time_ms=369194
RX,REAL,,2,35,48,370067.88,369564,370067.88,369193,369564,11.880000000004657,1010,370067880	ID:1	[INFO: Metric    ] METRIC_RX type=REAL src=2 seq=35 send_ms=369193 recv_ms=369564 bytes=48
RX,DUMMY,,2,12,48,370110.88,369607,370110.88,369194,369607,,1012,370110880	ID:1	[INFO: Metric    ] METRIC_RX type=DUMMY src=2 seq=12 send_ms=369194 recv_ms=369607 bytes=48
TX,REAL,6,,35,48,373414.0,372475,373414.0,,,,1014,373414000	ID:6	[INFO: Metric    ] METRIC_TX type=REAL node=6 seq=35 bytes=48 time_ms=372475
RX,REAL,,6,35,48,373421.88,372918,373421.88,372475,372918,7.880000000004657,1015,373421880	ID:1	[INFO: Metric    ] METRIC_RX type=REAL src=6 seq=35 send_ms=372475 recv_ms=372918 bytes=48
TX,REAL,3,,34,48,374960.0,374296,374960.0,,,,1017,374960000	ID:3	[INFO: Metric    ] METRIC_TX type=REAL node=3 seq=34 bytes=48 time_ms=374296
RX,REAL,,3,34,48,375013.168,374510,375013.168,374296,374510,53.16800000000512,1018,375013168	ID:1	[INFO: Metric    ] METRIC_RX type=REAL src=3 seq=34 send_ms=374296 recv_ms=374510 bytes=48
TX,REAL,4,,33,48,377620.0,377327,377620.0,,,,1020,377620000	ID:4	[INFO: Metric    ] METRIC_TX type=REAL node=4 seq=33 bytes=48 time_ms=377327
TX,DUMMY,4,,11,48,377621.0,377328,377621.0,,,,1021,377621000	ID:4	[INFO: Metric    ] METRIC_TX type=DUMMY node=4 seq=11 bytes=48 time_ms=377328
RX,REAL,,4,33,48,377674.168,377171,377674.168,377327,377171,54.16800000000512,1022,377674168	ID:1	[INFO: Metric    ] METRIC_RX type=REAL src=4 seq=33 send_ms=377327 recv_ms=377171 bytes=48
RX,DUMMY,,4,11,48,377743.168,377240,377743.168,377328,377240,,1024,377743168	ID:1	[INFO: Metric    ] METRIC_RX type=DUMMY src=4 seq=11 send_ms=377328 recv_ms=377240 bytes=48
TX,REAL,7,,35,48,378236.0,377917,378236.0,,,,1027,378236000	ID:7	[INFO: Metric    ] METRIC_TX type=REAL node=7 seq=35 bytes=48 time_ms=377917
RX,REAL,,7,35,48,378250.88,377747,378250.88,377917,377747,14.880000000004657,1028,378250880	ID:1	[INFO: Metric    ] METRIC_RX type=REAL src=7 seq=35 send_ms=377917 recv_ms=377747 bytes=48
TX,REAL,2,,36,48,379058.0,378195,379058.0,,,,1030,379058000	ID:2	[INFO: Metric    ] METRIC_TX type=REAL node=2 seq=36 bytes=48 time_ms=378195
RX,REAL,,2,36,48,379089.88,378586,379089.88,378195,378586,31.880000000004657,1031,379089880	ID:1	[INFO: Metric    ] METRIC_RX type=REAL src=2 seq=36 send_ms=378195 recv_ms=378586 bytes=48
TX,REAL,5,,35,48,380371.0,380034,380371.0,,,,1033,380371000	ID:5	[INFO: Metric    ] METRIC_TX type=REAL node=5 seq=35 bytes=48 time_ms=380034
TX,DUMMY,5,,12,48,380372.0,380035,380372.0,,,,1034,380372000	ID:5	[INFO: Metric    ] METRIC_TX type=DUMMY node=5 seq=12 bytes=48 time_ms=380035
RX,REAL,,5,35,48,380488.168,379985,380488.168,380034,379985,117.16800000000512,1035,380488168	ID:1	[INFO: Metric    ] METRIC_RX type=REAL src=5 seq=35 send_ms=380034 recv_ms=379985 bytes=48
RX,DUMMY,,5,12,48,380572.168,380069,380572.168,380035,380069,,1037,380572168	ID:1	[INFO: Metric    ] METRIC_RX type=DUMMY src=5 seq=12 send_ms=380035 recv_ms=380069 bytes=48
TX,REAL,3,,35,48,382961.0,382297,382961.0,,,,1039,382961000	ID:3	[INFO: Metric    ] METRIC_TX type=REAL node=3 seq=35 bytes=48 time_ms=382297
RX,REAL,,3,35,48,382984.304,382481,382984.304,382297,382481,23.304000000003725,1040,382984304	ID:1	[INFO: Metric    ] METRIC_RX type=REAL src=3 seq=35 send_ms=382297 recv_ms=382481 bytes=48
TX,REAL,6,,36,48,384415.0,383476,384415.0,,,,1042,384415000	ID:6	[INFO: Metric    ] METRIC_TX type=REAL node=6 seq=36 bytes=48 time_ms=383476
TX,DUMMY,6,,9,48,384416.0,383477,384416.0,,,,1043,384416000	ID:6	[INFO: Metric    ] METRIC_TX type=DUMMY node=6 seq=9 bytes=48 time_ms=383477
RX,REAL,,6,36,48,384428.88,383925,384428.88,383476,383925,13.880000000004657,1044,384428880	ID:1	[INFO: Metric    ] METRIC_RX type=REAL src=6 seq=36 send_ms=383476 recv_ms=383925 bytes=48
RX,DUMMY,,6,9,48,384471.88,383968,384471.88,383477,383968,,1045,384471880	ID:1	[INFO: Metric    ] METRIC_RX type=DUMMY src=6 seq=9 send_ms=383477 recv_ms=383968 bytes=48
TX,REAL,4,,34,48,385622.0,385329,385622.0,,,,1048,385622000	ID:4	[INFO: Metric    ] METRIC_TX type=REAL node=4 seq=34 bytes=48 time_ms=385329
RX,REAL,,4,34,48,385689.168,385186,385689.168,385329,385186,67.16800000000512,1049,385689168	ID:1	[INFO: Metric    ] METRIC_RX type=REAL src=4 seq=34 send_ms=385329 recv_ms=385186 bytes=48
TX,REAL,7,,36,48,386237.0,385918,386237.0,,,,1051,386237000	ID:7	[INFO: Metric    ] METRIC_TX type=REAL node=7 seq=36 bytes=48 time_ms=385918
TX,DUMMY,7,,21,48,386238.0,385919,386238.0,,,,1052,386238000	ID:7	[INFO: Metric    ] METRIC_TX type=DUMMY node=7 seq=21 bytes=48 time_ms=385919
RX,REAL,,7,36,48,386273.88,385770,386273.88,385918,385770,36.88000000000466,1053,386273880	ID:1	[INFO: Metric    ] METRIC_RX type=REAL src=7 seq=36 send_ms=385918 recv_ms=385770 bytes=48
RX,DUMMY,,7,21,48,386318.88,385815,386318.88,385919,385815,,1055,386318880	ID:1	[INFO: Metric    ] METRIC_RX type=DUMMY src=7 seq=21 send_ms=385919 recv_ms=385815 bytes=48
TX,REAL,2,,37,48,390059.0,389196,390059.0,,,,1058,390059000	ID:2	[INFO: Metric    ] METRIC_TX type=REAL node=2 seq=37 bytes=48 time_ms=389196
RX,REAL,,2,37,48,390089.88,389586,390089.88,389196,389586,30.880000000004657,1059,390089880	ID:1	[INFO: Metric    ] METRIC_RX type=REAL src=2 seq=37 send_ms=389196 recv_ms=389586 bytes=48
TX,REAL,3,,36,48,390962.0,390298,390962.0,,,,1061,390962000	ID:3	[INFO: Metric    ] METRIC_TX type=REAL node=3 seq=36 bytes=48 time_ms=390298
RX,REAL,,3,36,48,390985.168,390482,390985.168,390298,390482,23.168000000005122,1062,390985168	ID:1	[INFO: Metric    ] METRIC_RX type=REAL src=3 seq=36 send_ms=390298 recv_ms=390482 bytes=48
TX,REAL,5,,36,48,392373.0,392036,392373.0,,,,1064,392373000	ID:5	[INFO: Metric    ] METRIC_TX type=REAL node=5 seq=36 bytes=48 time_ms=392036
TX,DUMMY,5,,13,48,392374.0,392037,392374.0,,,,1065,392374000	ID:5	[INFO: Metric    ] METRIC_TX type=DUMMY node=5 seq=13 bytes=48 time_ms=392037
TX,REAL,6,,37,48,392417.0,391478,392417.0,,,,1066,392417000	ID:6	[INFO: Metric    ] METRIC_TX type=REAL node=6 seq=37 bytes=48 time_ms=391478
TX,DUMMY,6,,10,48,392418.0,391479,392418.0,,,,1067,392418000	ID:6	[INFO: Metric    ] METRIC_TX type=DUMMY node=6 seq=10 bytes=48 time_ms=391479
RX,REAL,,6,37,48,392424.88,391921,392424.88,391478,391921,7.880000000004657,1068,392424880	ID:1	[INFO: Metric    ] METRIC_RX type=REAL src=6 seq=37 send_ms=391478 recv_ms=391921 bytes=48
RX,DUMMY,,6,10,48,392444.88,391941,392444.88,391479,391941,,1069,392444880	ID:1	[INFO: Metric    ] METRIC_RX type=DUMMY src=6 seq=10 send_ms=391479 recv_ms=391941 bytes=48
RX,REAL,,5,36,48,392451.168,391948,392451.168,392036,391948,78.16800000000512,1070,392451168	ID:1	[INFO: Metric    ] METRIC_RX type=REAL src=5 seq=36 send_ms=392036 recv_ms=391948 bytes=48
RX,DUMMY,,5,13,48,392467.168,391964,392467.168,392037,391964,,1072,392467168	ID:1	[INFO: Metric    ] METRIC_RX type=DUMMY src=5 seq=13 send_ms=392037 recv_ms=391964 bytes=48
TX,REAL,7,,37,48,394239.0,393920,394239.0,,,,1076,394239000	ID:7	[INFO: Metric    ] METRIC_TX type=REAL node=7 seq=37 bytes=48 time_ms=393920
RX,REAL,,7,37,48,394259.88,393756,394259.88,393920,393756,20.880000000004657,1077,394259880	ID:1	[INFO: Metric    ] METRIC_RX type=REAL src=7 seq=37 send_ms=393920 recv_ms=393756 bytes=48
TX,REAL,4,,35,48,394623.0,394330,394623.0,,,,1079,394623000	ID:4	[INFO: Metric    ] METRIC_TX type=REAL node=4 seq=35 bytes=48 time_ms=394330
RX,REAL,,4,35,48,394702.168,394199,394702.168,394330,394199,79.16800000000512,1080,394702168	ID:1	[INFO: Metric    ] METRIC_RX type=REAL src=4 seq=35 send_ms=394330 recv_ms=394199 bytes=48
TX,REAL,2,,38,48,402060.0,401197,402060.0,,,,1082,402060000	ID:2	[INFO: Metric    ] METRIC_TX type=REAL node=2 seq=38 bytes=48 time_ms=401197
RX,REAL,,2,38,48,402080.88,401577,402080.88,401197,401577,20.880000000004657,1083,402080880	ID:1	[INFO: Metric    ] METRIC_RX type=REAL src=2 seq=38 send_ms=401197 recv_ms=401577 bytes=48
TX,REAL,3,,37,48,402963.0,402299,402963.0,,,,1085,402963000	ID:3	[INFO: Metric    ] METRIC_TX type=REAL node=3 seq=37 bytes=48 time_ms=402299
RX,REAL,,3,37,48,403039.168,402536,403039.168,402299,402536,76.16800000000512,1086,403039168	ID:1	[INFO: Metric    ] METRIC_RX type=REAL src=3 seq=37 send_ms=402299 recv_ms=402536 bytes=48
TX,REAL,7,,38,48,403240.0,402921,403240.0,,,,1089,403240000	ID:7	[INFO: Metric    ] METRIC_TX type=REAL node=7 seq=38 bytes=48 time_ms=402921
TX,DUMMY,7,,22,48,403241.0,402922,403241.0,,,,1090,403241000	ID:7	[INFO: Metric    ] METRIC_TX type=DUMMY node=7 seq=22 bytes=48 time_ms=402922
RX,REAL,,7,38,48,403265.88,402762,403265.88,402921,402762,25.880000000004657,1091,403265880	ID:1	[INFO: Metric    ] METRIC_RX type=REAL src=7 seq=38 send_ms=402921 recv_ms=402762 bytes=48
RX,DUMMY,,7,22,48,403368.88,402865,403368.88,402922,402865,,1093,403368880	ID:1	[INFO: Metric    ] METRIC_RX type=DUMMY src=7 seq=22 send_ms=402922 recv_ms=402865 bytes=48
TX,REAL,5,,37,48,403375.0,403038,403375.0,,,,1094,403375000	ID:5	[INFO: Metric    ] METRIC_TX type=REAL node=5 seq=37 bytes=48 time_ms=403038
TX,DUMMY,5,,14,48,403376.0,403039,403376.0,,,,1095,403376000	ID:5	[INFO: Metric    ] METRIC_TX type=DUMMY node=5 seq=14 bytes=48 time_ms=403039
RX,REAL,,5,37,48,403450.168,402947,403450.168,403038,402947,75.16800000000512,1097,403450168	ID:1	[INFO: Metric    ] METRIC_RX type=REAL src=5 seq=37 send_ms=403038 recv_ms=402947 bytes=48
RX,DUMMY,,5,14,48,403462.168,402959,403462.168,403039,402959,,1098,403462168	ID:1	[INFO: Metric    ] METRIC_RX type=DUMMY src=5 seq=14 send_ms=403039 recv_ms=402959 bytes=48
TX,REAL,6,,38,48,404419.0,403480,404419.0,,,,1101,404419000	ID:6	[INFO: Metric    ] METRIC_TX type=REAL node=6 seq=38 bytes=48 time_ms=403480
TX,DUMMY,6,,11,48,404420.0,403481,404420.0,,,,1102,404420000	ID:6	[INFO: Metric    ] METRIC_TX type=DUMMY node=6 seq=11 bytes=48 time_ms=403481
RX,REAL,,6,38,48,404453.88,403950,404453.88,403480,403950,34.88000000000466,1103,404453880	ID:1	[INFO: Metric    ] METRIC_RX type=REAL src=6 seq=38 send_ms=403480 recv_ms=403950 bytes=48
RX,DUMMY,,6,11,48,404459.88,403956,404459.88,403481,403956,,1104,404459880	ID:1	[INFO: Metric    ] METRIC_RX type=DUMMY src=6 seq=11 send_ms=403481 recv_ms=403956 bytes=48
TX,REAL,4,,36,48,406624.0,406331,406624.0,,,,1107,406624000	ID:4	[INFO: Metric    ] METRIC_TX type=REAL node=4 seq=36 bytes=48 time_ms=406331
TX,DUMMY,4,,12,48,406625.0,406332,406625.0,,,,1108,406625000	ID:4	[INFO: Metric    ] METRIC_TX type=DUMMY node=4 seq=12 bytes=48 time_ms=406332
RX,REAL,,4,36,48,406651.304,406148,406651.304,406331,406148,27.304000000003725,1109,406651304	ID:1	[INFO: Metric    ] METRIC_RX type=REAL src=4 seq=36 send_ms=406331 recv_ms=406148 bytes=48
RX,DUMMY,,4,12,48,406743.592,406240,406743.592,406332,406240,,1111,406743592	ID:1	[INFO: Metric    ] METRIC_RX type=DUMMY src=4 seq=12 send_ms=406332 recv_ms=406240 bytes=48
TX,REAL,7,,39,48,411242.0,410923,411242.0,,,,1113,411242000	ID:7	[INFO: Metric    ] METRIC_TX type=REAL node=7 seq=39 bytes=48 time_ms=410923
RX,REAL,,7,39,48,411286.88,410783,411286.88,410923,410783,44.88000000000466,1114,411286880	ID:1	[INFO: Metric    ] METRIC_RX type=REAL src=7 seq=39 send_ms=410923 recv_ms=410783 bytes=48
TX,REAL,5,,38,48,411377.0,411040,411377.0,,,,1116,411377000	ID:5	[INFO: Metric    ] METRIC_TX type=REAL node=5 seq=38 bytes=48 time_ms=411040
RX,REAL,,5,38,48,411419.168,410916,411419.168,411040,410916,42.16800000000512,1117,411419168	ID:1	[INFO: Metric    ] METRIC_RX type=REAL src=5 seq=38 send_ms=411040 recv_ms=410916 bytes=48
TX,REAL,2,,39,48,412061.0,411198,412061.0,,,,1120,412061000	ID:2	[INFO: Metric    ] METRIC_TX type=REAL node=2 seq=39 bytes=48 time_ms=411198
TX,DUMMY,2,,13,48,412062.0,411199,412062.0,,,,1121,412062000	ID:2	[INFO: Metric    ] METRIC_TX type=DUMMY node=2 seq=13 bytes=48 time_ms=411199
RX,REAL,,2,39,48,412086.88,411583,412086.88,411198,411583,25.880000000004657,1122,412086880	ID:1	[INFO: Metric    ] METRIC_RX type=REAL src=2 seq=39 send_ms=411198 recv_ms=411583 bytes=48
RX,DUMMY,,2,13,48,412093.76,411590,412093.76,411199,411590,,1123,412093760	ID:1	[INFO: Metric    ] METRIC_RX type=DUMMY src=2 seq=13 send_ms=411199 recv_ms=411590 bytes=48
TX,REAL,3,,38,48,412964.0,412300,412964.0,,,,1126,412964000	ID:3	[INFO: Metric    ] METRIC_TX type=REAL node=3 seq=38 bytes=48 time_ms=412300
TX,DUMMY,3,,12,48,412965.0,412301,412965.0,,,,1127,412965000	ID:3	[INFO: Metric    ] METRIC_TX type=DUMMY node=3 seq=12 bytes=48 time_ms=412301
RX,REAL,,3,38,48,412991.168,412488,412991.168,412300,412488,27.168000000005122,1128,412991168	ID:1	[INFO: Metric    ] METRIC_RX type=REAL src=3 seq=38 send_ms=412300 recv_ms=412488 bytes=48
RX,DUMMY,,3,12,48,413039.168,412536,413039.168,412301,412536,,1129,413039168	ID:1	[INFO: Metric    ] METRIC_RX type=DUMMY src=3 seq=12 send_ms=412301 recv_ms=412536 bytes=48
TX,REAL,6,,39,48,413421.0,412482,413421.0,,,,1132,413421000	ID:6	[INFO: Metric    ] METRIC_TX type=REAL node=6 seq=39 bytes=48 time_ms=412482
RX,REAL,,6,39,48,413431.88,412928,413431.88,412482,412928,10.880000000004657,1133,413431880	ID:1	[INFO: Metric    ] METRIC_RX type=REAL src=6 seq=39 send_ms=412482 recv_ms=412928 bytes=48
TX,REAL,4,,37,48,415626.0,415333,415626.0,,,,1135,415626000	ID:4	[INFO: Metric    ] METRIC_TX type=REAL node=4 seq=37 bytes=48 time_ms=415333
TX,DUMMY,4,,13,48,415627.0,415334,415627.0,,,,1136,415627000	ID:4	[INFO: Metric    ] METRIC_TX type=DUMMY node=4 seq=13 bytes=48 time_ms=415334
RX,REAL,,4,37,48,415650.168,415147,415650.168,415333,415147,24.168000000005122,1137,415650168	ID:1	[INFO: Metric    ] METRIC_RX type=REAL src=4 seq=37 send_ms=415333 recv_ms=415147 bytes=48
RX,DUMMY,,4,13,48,415693.168,415190,415693.168,415334,415190,,1138,415693168	ID:1	[INFO: Metric    ] METRIC_RX type=DUMMY src=4 seq=13 send_ms=415334 recv_ms=415190 bytes=48
TX,REAL,7,,40,48,419243.0,418924,419243.0,,,,1143,419243000	ID:7	[INFO: Metric    ] METRIC_TX type=REAL node=7 seq=40 bytes=48 time_ms=418924
RX,REAL,,7,40,48,419248.88,418745,419248.88,418924,418745,5.880000000004657,1144,419248880	ID:1	[INFO: Metric    ] METRIC_RX type=REAL src=7 seq=40 send_ms=418924 recv_ms=418745 bytes=48
TX,REAL,5,,39,48,421378.0,421041,421378.0,,,,1146,421378000	ID:5	[INFO: Metric    ] METRIC_TX type=REAL node=5 seq=39 bytes=48 time_ms=421041
TX,DUMMY,5,,15,48,421379.0,421042,421379.0,,,,1147,421379000	ID:5	[INFO: Metric    ] METRIC_TX type=DUMMY node=5 seq=15 bytes=48 time_ms=421042
RX,REAL,,5,39,48,421441.168,420938,421441.168,421041,420938,63.16800000000512,1148,421441168	ID:1	[INFO: Metric    ] METRIC_RX type=REAL src=5 seq=39 send_ms=421041 recv_ms=420938 bytes=48
RX,DUMMY,,5,15,48,421536.168,421033,421536.168,421042,421033,,1150,421536168	ID:1	[INFO: Metric    ] METRIC_RX type=DUMMY src=5 seq=15 send_ms=421042 recv_ms=421033 bytes=48
TX,REAL,2,,40,48,423063.0,422200,423063.0,,,,1155,423063000	ID:2	[INFO: Metric    ] METRIC_TX type=REAL node=2 seq=40 bytes=48 time_ms=422200
TX,DUMMY,2,,14,48,423064.0,422201,423064.0,,,,1156,423064000	ID:2	[INFO: Metric    ] METRIC_TX type=DUMMY node=2 seq=14 bytes=48 time_ms=422201
RX,REAL,,2,40,48,423071.88,422568,423071.88,422200,422568,8.880000000004657,1157,423071880	ID:1	[INFO: Metric    ] METRIC_RX type=REAL src=2 seq=40 send_ms=422200 recv_ms=422568 bytes=48
RX,DUMMY,,2,14,48,423103.88,422600,423103.88,422201,422600,,1159,423103880	ID:1	[INFO: Metric    ] METRIC_RX type=DUMMY src=2 seq=14 send_ms=422201 recv_ms=422600 bytes=48
TX,REAL,6,,40,48,423422.0,422483,423422.0,,,,1163,423422000	ID:6	[INFO: Metric    ] METRIC_TX type=REAL node=6 seq=40 bytes=48 time_ms=422483
TX,DUMMY,6,,12,48,423423.0,422484,423423.0,,,,1164,423423000	ID:6	[INFO: Metric    ] METRIC_TX type=DUMMY node=6 seq=12 bytes=48 time_ms=422484
RX,REAL,,6,40,48,423462.88,422959,423462.88,422483,422959,40.88000000000466,1165,423462880	ID:1	[INFO: Metric    ] METRIC_RX type=REAL src=6 seq=40 send_ms=422483 recv_ms=422959 bytes=48
RX,DUMMY,,6,12,48,423578.88,423075,423578.88,422484,423075,,1167,423578880	ID:1	[INFO: Metric    ] METRIC_RX type=DUMMY src=6 seq=12 send_ms=422484 recv_ms=423075 bytes=48
TX,REAL,3,,39,48,424966.0,424302,424966.0,,,,1169,424966000	ID:3	[INFO: Metric    ] METRIC_TX type=REAL node=3 seq=39 bytes=48 time_ms=424302
TX,DUMMY,3,,13,48,424967.0,424303,424967.0,,,,1170,424967000	ID:3	[INFO: Metric    ] METRIC_TX type=DUMMY node=3 seq=13 bytes=48 time_ms=424303
RX,REAL,,3,39,48,424999.168,424496,424999.168,424302,424496,33.16800000000512,1171,424999168	ID:1	[INFO: Metric    ] METRIC_RX type=REAL src=3 seq=39 send_ms=424302 recv_ms=424496 bytes=48
RX,DUMMY,,3,13,48,425033.168,424530,425033.168,424303,424530,,1172,425033168	ID:1	[INFO: Metric    ] METRIC_RX type=DUMMY src=3 seq=13 send_ms=424303 recv_ms=424530 bytes=48
TX,REAL,4,,38,48,425628.0,425335,425628.0,,,,1175,425628000	ID:4	[INFO: Metric    ] METRIC_TX type=REAL node=4 seq=38 bytes=48 time_ms=425335
RX,REAL,,4,38,48,425698.168,425195,425698.168,425335,425195,70.16800000000512,1176,425698168	ID:1	[INFO: Metric    ] METRIC_RX type=REAL src=4 seq=38 send_ms=425335 recv_ms=425195 bytes=48
TX,REAL,7,,41,48,427244.0,426925,427244.0,,,,1178,427244000	ID:7	[INFO: Metric    ] METRIC_TX type=REAL node=7 seq=41 bytes=48 time_ms=426925
RX,REAL,,7,41,48,427257.88,426754,427257.88,426925,426754,13.880000000004657,1179,427257880	ID:1	[INFO: Metric    ] METRIC_RX type=REAL src=7 seq=41 send_ms=426925 recv_ms=426754 bytes=48
TX,REAL,5,,40,48,430380.0,430043,430380.0,,,,1183,430380000	ID:5	[INFO: Metric    ] METRIC_TX type=REAL node=5 seq=40 bytes=48 time_ms=430043
RX,REAL,,5,40,48,430425.168,429922,430425.168,430043,429922,45.16800000000512,1184,430425168	ID:1	[INFO: Metric    ] METRIC_RX type=REAL src=5 seq=40 send_ms=430043 recv_ms=429922 bytes=48
TX,REAL,2,,41,48,433065.0,432202,433065.0,,,,1186,433065000	ID:2	[INFO: Metric    ] METRIC_TX type=REAL node=2 seq=41 bytes=48 time_ms=432202
TX,DUMMY,2,,15,48,433066.0,432203,433066.0,,,,1187,433066000	ID:2	[INFO: Metric    ] METRIC_TX type=DUMMY node=2 seq=15 bytes=48 time_ms=432203
RX,REAL,,2,41,48,433081.88,432578,433081.88,432202,432578,16.880000000004657,1188,433081880	ID:1	[INFO: Metric    ] METRIC_RX type=REAL src=2 seq=41 send_ms=432202 recv_ms=432578 bytes=48
RX,DUMMY,,2,15,48,433127.88,432624,433127.88,432203,432624,,1190,433127880	ID:1	[INFO: Metric    ] METRIC_RX type=DUMMY src=2 seq=15 send_ms=432203 recv_ms=432624 bytes=48
TX,REAL,6,,41,48,433424.0,432485,433424.0,,,,1193,433424000	ID:6	[INFO: Metric    ] METRIC_TX type=REAL node=6 seq=41 bytes=48 time_ms=432485
RX,REAL,,6,41,48,433429.88,432926,433429.88,432485,432926,5.880000000004657,1194,433429880	ID:1	[INFO: Metric    ] METRIC_RX type=REAL src=6 seq=41 send_ms=432485 recv_ms=432926 bytes=48
TX,REAL,4,,39,48,433629.0,433336,433629.0,,,,1196,433629000	ID:4	[INFO: Metric    ] METRIC_TX type=REAL node=4 seq=39 bytes=48 time_ms=433336
RX,REAL,,4,39,48,433667.168,433164,433667.168,433336,433164,38.16800000000512,1197,433667168	ID:1	[INFO: Metric    ] METRIC_RX type=REAL src=4 seq=39 send_ms=433336 recv_ms=433164 bytes=48
TX,REAL,3,,40,48,433968.0,433304,433968.0,,,,1201,433968000	ID:3	[INFO: Metric    ] METRIC_TX type=REAL node=3 seq=40 bytes=48 time_ms=433304
TX,DUMMY,3,,14,48,433969.0,433305,433969.0,,,,1202,433969000	ID:3	[INFO: Metric    ] METRIC_TX type=DUMMY node=3 seq=14 bytes=48 time_ms=433305
RX,REAL,,3,40,48,434067.168,433564,434067.168,433304,433564,99.16800000000512,1203,434067168	ID:1	[INFO: Metric    ] METRIC_RX type=REAL src=3 seq=40 send_ms=433304 recv_ms=433564 bytes=48
RX,DUMMY,,3,14,48,434108.168,433605,434108.168,433305,433605,,1204,434108168	ID:1	[INFO: Metric    ] METRIC_RX type=DUMMY src=3 seq=14 send_ms=433305 recv_ms=433605 bytes=48
TX,REAL,7,,42,48,439245.0,438926,439245.0,,,,1207,439245000	ID:7	[INFO: Metric    ] METRIC_TX type=REAL node=7 seq=42 bytes=48 time_ms=438926
RX,REAL,,7,42,48,439268.88,438765,439268.88,438926,438765,23.880000000004657,1208,439268880	ID:1	[INFO: Metric    ] METRIC_RX type=REAL src=7 seq=42 send_ms=438926 recv_ms=438765 bytes=48
TX,REAL,5,,41,48,440381.0,440044,440381.0,,,,1210,440381000	ID:5	[INFO: Metric    ] METRIC_TX type=REAL node=5 seq=41 bytes=48 time_ms=440044
RX,REAL,,5,41,48,440414.168,439911,440414.168,440044,439911,33.16800000000512,1211,440414168	ID:1	[INFO: Metric    ] METRIC_RX type=REAL src=5 seq=41 send_ms=440044 recv_ms=439911 bytes=48
TX,REAL,2,,42,48,442067.0,441204,442067.0,,,,1213,442067000	ID:2	[INFO: Metric    ] METRIC_TX type=REAL node=2 seq=42 bytes=48 time_ms=441204
TX,DUMMY,2,,16,48,442068.0,441205,442068.0,,,,1214,442068000	ID:2	[INFO: Metric    ] METRIC_TX type=DUMMY node=2 seq=16 bytes=48 time_ms=441205
RX,REAL,,2,42,48,442087.88,441584,442087.88,441204,441584,20.880000000004657,1215,442087880	ID:1	[INFO: Metric    ] METRIC_RX type=REAL src=2 seq=42 send_ms=441204 recv_ms=441584 bytes=48
RX,DUMMY,,2,16,48,442117.88,441614,442117.88,441205,441614,,1217,442117880	ID:1	[INFO: Metric    ] METRIC_RX type=DUMMY src=2 seq=16 send_ms=441205 recv_ms=441614 bytes=48
TX,REAL,6,,42,48,442425.0,441486,442425.0,,,,1219,442425000	ID:6	[INFO: Metric    ] METRIC_TX type=REAL node=6 seq=42 bytes=48 time_ms=441486
RX,REAL,,6,42,48,442458.88,441955,442458.88,441486,441955,33.88000000000466,1220,442458880	ID:1	[INFO: Metric    ] METRIC_RX type=REAL src=6 seq=42 send_ms=441486 recv_ms=441955 bytes=48
TX,REAL,4,,40,48,443630.0,443337,443630.0,,,,1225,443630000	ID:4	[INFO: Metric    ] METRIC_TX type=REAL node=4 seq=40 bytes=48 time_ms=443337
TX,DUMMY,4,,14,48,443631.0,443338,443631.0,,,,1226,443631000	ID:4	[INFO: Metric    ] METRIC_TX type=DUMMY node=4 seq=14 bytes=48 time_ms=443338
RX,REAL,,4,40,48,443709.168,443206,443709.168,443337,443206,79.16800000000512,1227,443709168	ID:1	[INFO: Metric    ] METRIC_RX type=REAL src=4 seq=40 send_ms=443337 recv_ms=443206 bytes=48
RX,DUMMY,,4,14,48,443732.168,443229,443732.168,443338,443229,,1228,443732168	ID:1	[INFO: Metric    ] METRIC_RX type=DUMMY src=4 seq=14 send_ms=443338 recv_ms=443229 bytes=48
TX,REAL,3,,41,48,445970.0,445306,445970.0,,,,1231,445970000	ID:3	[INFO: Metric    ] METRIC_TX type=REAL node=3 seq=41 bytes=48 time_ms=445306
RX,REAL,,3,41,48,446047.168,445544,446047.168,445306,445544,77.16800000000512,1232,446047168	ID:1	[INFO: Metric    ] METRIC_RX type=REAL src=3 seq=41 send_ms=445306 recv_ms=445544 bytes=48
TX,REAL,2,,43,48,450069.0,449206,450069.0,,,,1234,450069000	ID:2	[INFO: Metric    ] METRIC_TX type=REAL node=2 seq=43 bytes=48 time_ms=449206
TX,DUMMY,2,,17,48,450070.0,449207,450070.0,,,,1235,450070000	ID:2	[INFO: Metric    ] METRIC_TX type=DUMMY node=2 seq=17 bytes=48 time_ms=449207
RX,REAL,,2,43,48,450088.88,449585,450088.88,449206,449585,19.880000000004657,1236,450088880	ID:1	[INFO: Metric    ] METRIC_RX type=REAL src=2 seq=43 send_ms=449206 recv_ms=449585 bytes=48
RX,DUMMY,,2,17,48,450100.88,449597,450100.88,449207,449597,,1237,450100880	ID:1	[INFO: Metric    ] METRIC_RX type=DUMMY src=2 seq=17 send_ms=449207 recv_ms=449597 bytes=48
TX,REAL,7,,43,48,450246.0,449927,450246.0,,,,1240,450246000	ID:7	[INFO: Metric    ] METRIC_TX type=REAL node=7 seq=43 bytes=48 time_ms=449927
RX,REAL,,7,43,48,450282.88,449779,450282.88,449927,449779,36.88000000000466,1241,450282880	ID:1	[INFO: Metric    ] METRIC_RX type=REAL src=7 seq=43 send_ms=449927 recv_ms=449779 bytes=48
TX,REAL,5,,42,48,451382.0,451045,451382.0,,,,1243,451382000	ID:5	[INFO: Metric    ] METRIC_TX type=REAL node=5 seq=42 bytes=48 time_ms=451045
RX,REAL,,5,42,48,451407.168,450904,451407.168,451045,450904,25.168000000005122,1244,451407168	ID:1	[INFO: Metric    ] METRIC_RX type=REAL src=5 seq=42 send_ms=451045 recv_ms=450904 bytes=48
TX,REAL,4,,41,48,451632.0,451339,451632.0,,,,1246,451632000	ID:4	[INFO: Metric    ] METRIC_TX type=REAL node=4 seq=41 bytes=48 time_ms=451339
RX,REAL,,4,41,48,451665.168,451162,451665.168,451339,451162,33.16800000000512,1247,451665168	ID:1	[INFO: Metric    ] METRIC_RX type=REAL src=4 seq=41 send_ms=451339 recv_ms=451162 bytes=48
TX,REAL,6,,43,48,453426.0,452487,453426.0,,,,1249,453426000	ID:6	[INFO: Metric    ] METRIC_TX type=REAL node=6 seq=43 bytes=48 time_ms=452487
TX,DUMMY,6,,13,48,453427.0,452488,453427.0,,,,1250,453427000	ID:6	[INFO: Metric    ] METRIC_TX type=DUMMY node=6 seq=13 bytes=48 time_ms=452488
RX,REAL,,6,43,48,453433.88,452930,453433.88,452487,452930,7.880000000004657,1251,453433880	ID:1	[INFO: Metric    ] METRIC_RX type=REAL src=6 seq=43 send_ms=452487 recv_ms=452930 bytes=48
RX,DUMMY,,6,13,48,453460.88,452957,453460.88,452488,452957,,1253,453460880	ID:1	[INFO: Metric    ] METRIC_RX type=DUMMY src=6 seq=13 send_ms=452488 recv_ms=452957 bytes=48
TX,REAL,3,,42,48,455971.0,455307,455971.0,,,,1256,455971000	ID:3	[INFO: Metric    ] METRIC_TX type=REAL node=3 seq=42 bytes=48 time_ms=455307
TX,DUMMY,3,,15,48,455972.0,455308,455972.0,,,,1257,455972000	ID:3	[INFO: Metric    ] METRIC_TX type=DUMMY node=3 seq=15 bytes=48 time_ms=455308
RX,REAL,,3,42,48,456045.168,455542,456045.168,455307,455542,74.16800000000512,1258,456045168	ID:1	[INFO: Metric    ] METRIC_RX type=REAL src=3 seq=42 send_ms=455307 recv_ms=455542 bytes=48
RX,DUMMY,,3,15,48,456067.168,455564,456067.168,455308,455564,,1259,456067168	ID:1	[INFO: Metric    ] METRIC_RX type=DUMMY src=3 seq=15 send_ms=455308 recv_ms=455564 bytes=48
TX,REAL,7,,44,48,458247.0,457928,458247.0,,,,1262,458247000	ID:7	[INFO: Metric    ] METRIC_TX type=REAL node=7 seq=44 bytes=48 time_ms=457928
TX,DUMMY,7,,23,48,458248.0,457929,458248.0,,,,1263,458248000	ID:7	[INFO: Metric    ] METRIC_TX type=DUMMY node=7 seq=23 bytes=48 time_ms=457929
RX,REAL,,7,44,48,458282.88,457779,458282.88,457928,457779,35.88000000000466,1264,458282880	ID:1	[INFO: Metric    ] METRIC_RX type=REAL src=7 seq=44 send_ms=457928 recv_ms=457779 bytes=48
RX,DUMMY,,7,23,48,458315.88,457812,458315.88,457929,457812,,1265,458315880	ID:1	[INFO: Metric    ] METRIC_RX type=DUMMY src=7 seq=23 send_ms=457929 recv_ms=457812 bytes=48
TX,REAL,5,,43,48,459383.0,459046,459383.0,,,,1268,459383000	ID:5	[INFO: Metric    ] METRIC_TX type=REAL node=5 seq=43 bytes=48 time_ms=459046
RX,REAL,,5,43,48,459454.168,458951,459454.168,459046,458951,71.16800000000512,1269,459454168	ID:1	[INFO: Metric    ] METRIC_RX type=REAL src=5 seq=43 send_ms=459046 recv_ms=458951 bytes=48
TX,REAL,2,,44,48,461071.0,460208,461071.0,,,,1271,461071000	ID:2	[INFO: Metric    ] METRIC_TX type=REAL node=2 seq=44 bytes=48 time_ms=460208
TX,DUMMY,2,,18,48,461072.0,460209,461072.0,,,,1272,461072000	ID:2	[INFO: Metric    ] METRIC_TX type=DUMMY node=2 seq=18 bytes=48 time_ms=460209
RX,REAL,,2,44,48,461084.88,460581,461084.88,460208,460581,13.880000000004657,1273,461084880	ID:1	[INFO: Metric    ] METRIC_RX type=REAL src=2 seq=44 send_ms=460208 recv_ms=460581 bytes=48
RX,DUMMY,,2,18,48,461104.88,460601,461104.88,460209,460601,,1274,461104880	ID:1	[INFO: Metric    ] METRIC_RX type=DUMMY src=2 seq=18 send_ms=460209 recv_ms=460601 bytes=48
TX,REAL,4,,42,48,463633.0,463340,463633.0,,,,1277,463633000	ID:4	[INFO: Metric    ] METRIC_TX type=REAL node=4 seq=42 bytes=48 time_ms=463340
RX,REAL,,4,42,48,463695.168,463192,463695.168,463340,463192,62.16800000000512,1278,463695168	ID:1	[INFO: Metric    ] METRIC_RX type=REAL src=4 seq=42 send_ms=463340 recv_ms=463192 bytes=48
TX,REAL,6,,44,48,464428.0,463489,464428.0,,,,1280,464428000	ID:6	[INFO: Metric    ] METRIC_TX type=REAL node=6 seq=44 bytes=48 time_ms=463489
RX,REAL,,6,44,48,464446.88,463943,464446.88,463489,463943,18.880000000004657,1281,464446880	ID:1	[INFO: Metric    ] METRIC_RX type=REAL src=6 seq=44 send_ms=463489 recv_ms=463943 bytes=48
TX,REAL,3,,43,48,465973.0,465309,465973.0,,,,1283,465973000	ID:3	[INFO: Metric    ] METRIC_TX type=REAL node=3 seq=43 bytes=48 time_ms=465309
TX,DUMMY,3,,16,48,465974.0,465310,465974.0,,,,1284,465974000	ID:3	[INFO: Metric    ] METRIC_TX type=DUMMY node=3 seq=16 bytes=48 time_ms=465310
RX,REAL,,3,43,48,466092.168,465589,466092.168,465309,465589,119.16800000000512,1285,466092168	ID:1	[INFO: Metric    ] METRIC_RX type=REAL src=3 seq=43 send_ms=465309 recv_ms=465589 bytes=48
RX,DUMMY,,3,16,48,466103.168,465600,466103.168,465310,465600,,1287,466103168	ID:1	[INFO: Metric    ] METRIC_RX type=DUMMY src=3 seq=16 send_ms=465310 recv_ms=465600 bytes=48
TX,REAL,7,,45,48,467249.0,466930,467249.0,,,,1290,467249000	ID:7	[INFO: Metric    ] METRIC_TX type=REAL node=7 seq=45 bytes=48 time_ms=466930
RX,REAL,,7,45,48,467275.88,466772,467275.88,466930,466772,26.880000000004657,1291,467275880	ID:1	[INFO: Metric    ] METRIC_RX type=REAL src=7 seq=45 send_ms=466930 recv_ms=466772 bytes=48
TX,REAL,5,,44,48,469384.0,469047,469384.0,,,,1293,469384000	ID:5	[INFO: Metric    ] METRIC_TX type=REAL node=5 seq=44 bytes=48 time_ms=469047
TX,DUMMY,5,,16,48,469385.0,469048,469385.0,,,,1294,469385000	ID:5	[INFO: Metric    ] METRIC_TX type=DUMMY node=5 seq=16 bytes=48 time_ms=469048
RX,REAL,,5,44,48,469431.168,468928,469431.168,469047,468928,47.16800000000512,1295,469431168	ID:1	[INFO: Metric    ] METRIC_RX type=REAL src=5 seq=44 send_ms=469047 recv_ms=468928 bytes=48
RX,DUMMY,,5,16,48,469530.168,469027,469530.168,469048,469027,,1297,469530168	ID:1	[INFO: Metric    ] METRIC_RX type=DUMMY src=5 seq=16 send_ms=469048 recv_ms=469027 bytes=48
TX,REAL,2,,45,48,473073.0,472210,473073.0,,,,1299,473073000	ID:2	[INFO: Metric    ] METRIC_TX type=REAL node=2 seq=45 bytes=48 time_ms=472210
TX,DUMMY,2,,19,48,473074.0,472211,473074.0,,,,1300,473074000	ID:2	[INFO: Metric    ] METRIC_TX type=DUMMY node=2 seq=19 bytes=48 time_ms=472211
RX,REAL,,2,45,48,473098.88,472595,473098.88,472210,472595,25.880000000004657,1301,473098880	ID:1	[INFO: Metric    ] METRIC_RX type=REAL src=2 seq=45 send_ms=472210 recv_ms=472595 bytes=48
RX,DUMMY,,2,19,48,473122.88,472619,473122.88,472211,472619,,1302,473122880	ID:1	[INFO: Metric    ] METRIC_RX type=DUMMY src=2 seq=19 send_ms=472211 recv_ms=472619 bytes=48
TX,REAL,3,,44,48,473975.0,473311,473975.0,,,,1305,473975000	ID:3	[INFO: Metric    ] METRIC_TX type=REAL node=3 seq=44 bytes=48 time_ms=473311
RX,REAL,,3,44,48,474038.168,473535,474038.168,473311,473535,63.16800000000512,1306,474038168	ID:1	[INFO: Metric    ] METRIC_RX type=REAL src=3 seq=44 send_ms=473311 recv_ms=473535 bytes=48
TX,REAL,6,,45,48,474429.0,473490,474429.0,,,,1308,474429000	ID:6	[INFO: Metric    ] METRIC_TX type=REAL node=6 seq=45 bytes=48 time_ms=473490
RX,REAL,,6,45,48,474470.88,473967,474470.88,473490,473967,41.88000000000466,1309,474470880	ID:1	[INFO: Metric    ] METRIC_RX type=REAL src=6 seq=45 send_ms=473490 recv_ms=473967 bytes=48
TX,REAL,4,,43,48,475634.0,475341,475634.0,,,,1311,475634000	ID:4	[INFO: Metric    ] METRIC_TX type=REAL node=4 seq=43 bytes=48 time_ms=475341
RX,REAL,,4,43,48,475655.168,475152,475655.168,475341,475152,21.168000000005122,1312,475655168	ID:1	[INFO: Metric    ] METRIC_RX type=REAL src=4 seq=43 send_ms=475341 recv_ms=475152 bytes=48
TX,REAL,7,,46,48,476250.0,475931,476250.0,,,,1314,476250000	ID:7	[INFO: Metric    ] METRIC_TX type=REAL node=7 seq=46 bytes=48 time_ms=475931
RX,REAL,,7,46,48,476260.88,475757,476260.88,475931,475757,10.880000000004657,1315,476260880	ID:1	[INFO: Metric    ] METRIC_RX type=REAL src=7 seq=46 send_ms=475931 recv_ms=475757 bytes=48
TX,REAL,5,,45,48,477386.0,477049,477386.0,,,,1318,477386000	ID:5	[INFO: Metric    ] METRIC_TX type=REAL node=5 seq=45 bytes=48 time_ms=477049
TX,DUMMY,5,,17,48,477387.0,477050,477387.0,,,,1319,477387000	ID:5	[INFO: Metric    ] METRIC_TX type=DUMMY node=5 seq=17 bytes=48 time_ms=477050
RX,REAL,,5,45,48,477503.168,477000,477503.168,477049,477000,117.16800000000512,1320,477503168	ID:1	[INFO: Metric    ] METRIC_RX type=REAL src=5 seq=45 send_ms=477049 recv_ms=477000 bytes=48
RX,DUMMY,,5,17,48,477549.592,477046,477549.592,477050,477046,,1322,477549592	ID:1	[INFO: Metric    ] METRIC_RX type=DUMMY src=5 seq=17 send_ms=477050 recv_ms=477046 bytes=48
TX,REAL,6,,46,48,482430.0,481491,482430.0,,,,1324,482430000	ID:6	[INFO: Metric    ] METRIC_TX type=REAL node=6 seq=46 bytes=48 time_ms=481491
TX,DUMMY,6,,14,48,482431.0,481492,482431.0,,,,1325,482431000	ID:6	[INFO: Metric    ] METRIC_TX type=DUMMY node=6 seq=14 bytes=48 time_ms=481492
RX,REAL,,6,46,48,482447.88,481944,482447.88,481491,481944,17.880000000004657,1326,482447880	ID:1	[INFO: Metric    ] METRIC_RX type=REAL src=6 seq=46 send_ms=481491 recv_ms=481944 bytes=48
RX,DUMMY,,6,14,48,482466.88,481963,482466.88,481492,481963,,1327,482466880	ID:1	[INFO: Metric    ] METRIC_RX type=DUMMY src=6 seq=14 send_ms=481492 recv_ms=481963 bytes=48
TX,REAL,3,,45,48,483976.0,483312,483976.0,,,,1330,483976000	ID:3	[INFO: Metric    ] METRIC_TX type=REAL node=3 seq=45 bytes=48 time_ms=483312
RX,REAL,,3,45,48,484013.168,483510,484013.168,483312,483510,37.16800000000512,1331,484013168	ID:1	[INFO: Metric    ] METRIC_RX type=REAL src=3 seq=45 send_ms=483312 recv_ms=483510 bytes=48
TX,REAL,2,,46,48,484075.0,483212,484075.0,,,,1332,484075000	ID:2	[INFO: Metric    ] METRIC_TX type=REAL node=2 seq=46 bytes=48 time_ms=483212
TX,DUMMY,2,,20,48,484076.0,483213,484076.0,,,,1333,484076000	ID:2	[INFO: Metric    ] METRIC_TX type=DUMMY node=2 seq=20 bytes=48 time_ms=483213
RX,REAL,,2,46,48,484081.88,483578,484081.88,483212,483578,6.880000000004657,1334,484081880	ID:1	[INFO: Metric    ] METRIC_RX type=REAL src=2 seq=46 send_ms=483212 recv_ms=483578 bytes=48
RX,DUMMY,,2,20,48,484104.88,483601,484104.88,483213,483601,,1337,484104880	ID:1	[INFO: Metric    ] METRIC_RX type=DUMMY src=2 seq=20 send_ms=483213 recv_ms=483601 bytes=48
TX,REAL,4,,44,48,485635.0,485342,485635.0,,,,1339,485635000	ID:4	[INFO: Metric    ] METRIC_TX type=REAL node=4 seq=44 bytes=48 time_ms=485342
RX,REAL,,4,44,48,485709.168,485206,485709.168,485342,485206,74.16800000000512,1340,485709168	ID:1	[INFO: Metric    ] METRIC_RX type=REAL src=4 seq=44 send_ms=485342 recv_ms=485206 bytes=48
TX,REAL,7,,47,48,486251.0,485932,486251.0,,,,1342,486251000	ID:7	[INFO: Metric    ] METRIC_TX type=REAL node=7 seq=47 bytes=48 time_ms=485932
RX,REAL,,7,47,48,486269.88,485766,486269.88,485932,485766,18.880000000004657,1343,486269880	ID:1	[INFO: Metric    ] METRIC_RX type=REAL src=7 seq=47 send_ms=485932 recv_ms=485766 bytes=48
TX,REAL,5,,46,48,487388.0,487051,487388.0,,,,1345,487388000	ID:5	[INFO: Metric    ] METRIC_TX type=REAL node=5 seq=46 bytes=48 time_ms=487051
RX,REAL,,5,46,48,487442.168,486939,487442.168,487051,486939,54.16800000000512,1346,487442168	ID:1	[INFO: Metric    ] METRIC_RX type=REAL src=5 seq=46 send_ms=487051 recv_ms=486939 bytes=48
TX,REAL,3,,46,48,492977.0,492313,492977.0,,,,1349,492977000	ID:3	[INFO: Metric    ] METRIC_TX type=REAL node=3 seq=46 bytes=48 time_ms=492313
TX,DUMMY,3,,17,48,492978.0,492314,492978.0,,,,1350,492978000	ID:3	[INFO: Metric    ] METRIC_TX type=DUMMY node=3 seq=17 bytes=48 time_ms=492314
RX,REAL,,3,46,48,493045.168,492542,493045.168,492313,492542,68.16800000000512,1351,493045168	ID:1	[INFO: Metric    ] METRIC_RX type=REAL src=3 seq=46 send_ms=492313 recv_ms=492542 bytes=48
RX,DUMMY,,3,17,48,493132.168,492629,493132.168,492314,492629,,1353,493132168	ID:1	[INFO: Metric    ] METRIC_RX type=DUMMY src=3 seq=17 send_ms=492314 recv_ms=492629 bytes=48
TX,REAL,6,,47,48,494432.0,493493,494432.0,,,,1355,494432000	ID:6	[INFO: Metric    ] METRIC_TX type=REAL node=6 seq=47 bytes=48 time_ms=493493
RX,REAL,,6,47,48,494438.88,493935,494438.88,493493,493935,6.880000000004657,1356,494438880	ID:1	[INFO: Metric    ] METRIC_RX type=REAL src=6 seq=47 send_ms=493493 recv_ms=493935 bytes=48
TX,REAL,4,,45,48,495636.0,495343,495636.0,,,,1358,495636000	ID:4	[INFO: Metric    ] METRIC_TX type=REAL node=4 seq=45 bytes=48 time_ms=495343
TX,DUMMY,4,,15,48,495637.0,495344,495637.0,,,,1359,495637000	ID:4	[INFO: Metric    ] METRIC_TX type=DUMMY node=4 seq=15 bytes=48 time_ms=495344
RX,REAL,,4,45,48,495671.304,495168,495671.304,495343,495168,35.304000000003725,1360,495671304	ID:1	[INFO: Metric    ] METRIC_RX type=REAL src=4 seq=45 send_ms=495343 recv_ms=495168 bytes=48
RX,DUMMY,,4,15,48,495706.168,495203,495706.168,495344,495203,,1362,495706168	ID:1	[INFO: Metric    ] METRIC_RX type=DUMMY src=4 seq=15 send_ms=495344 recv_ms=495203 bytes=48
TX,REAL,2,,47,48,496077.0,495214,496077.0,,,,1364,496077000	ID:2	[INFO: Metric    ] METRIC_TX type=REAL node=2 seq=47 bytes=48 time_ms=495214
RX,REAL,,2,47,48,496100.88,495597,496100.88,495214,495597,23.880000000004657,1365,496100880	ID:1	[INFO: Metric    ] METRIC_RX type=REAL src=2 seq=47 send_ms=495214 recv_ms=495597 bytes=48
TX,REAL,5,,47,48,497389.0,497052,497389.0,,,,1367,497389000	ID:5	[INFO: Metric    ] METRIC_TX type=REAL node=5 seq=47 bytes=48 time_ms=497052
RX,REAL,,5,47,48,497424.168,496921,497424.168,497052,496921,35.16800000000512,1368,497424168	ID:1	[INFO: Metric    ] METRIC_RX type=REAL src=5 seq=47 send_ms=497052 recv_ms=496921 bytes=48
TX,REAL,7,,48,48,498252.0,497933,498252.0,,,,1370,498252000	ID:7	[INFO: Metric    ] METRIC_TX type=REAL node=7 seq=48 bytes=48 time_ms=497933
RX,REAL,,7,48,48,498271.88,497768,498271.88,497933,497768,19.880000000004657,1371,498271880	ID:1	[INFO: Metric    ] METRIC_RX type=REAL src=7 seq=48 send_ms=497933 recv_ms=497768 bytes=48
TX,REAL,3,,47,48,503979.0,503315,503979.0,,,,1373,503979000	ID:3	[INFO: Metric    ] METRIC_TX type=REAL node=3 seq=47 bytes=48 time_ms=503315
RX,REAL,,3,47,48,504042.168,503539,504042.168,503315,503539,63.16800000000512,1374,504042168	ID:1	[INFO: Metric    ] METRIC_RX type=REAL src=3 seq=47 send_ms=503315 recv_ms=503539 bytes=48
TX,REAL,2,,48,48,505078.0,504215,505078.0,,,,1376,505078000	ID:2	[INFO: Metric    ] METRIC_TX type=REAL node=2 seq=48 bytes=48 time_ms=504215
TX,DUMMY,2,,21,48,505079.0,504216,505079.0,,,,1377,505079000	ID:2	[INFO: Metric    ] METRIC_TX type=DUMMY node=2 seq=21 bytes=48 time_ms=504216
RX,REAL,,2,48,48,505087.88,504584,505087.88,504215,504584,9.880000000004657,1378,505087880	ID:1	[INFO: Metric    ] METRIC_RX type=REAL src=2 seq=48 send_ms=504215 recv_ms=504584 bytes=48
RX,DUMMY,,2,21,48,505133.88,504630,505133.88,504216,504630,,1381,505133880	ID:1	[INFO: Metric    ] METRIC_RX type=DUMMY src=2 seq=21 send_ms=504216 recv_ms=504630 bytes=48
TX,REAL,4,,46,48,505638.0,505345,505638.0,,,,1383,505638000	ID:4	[INFO: Metric    ] METRIC_TX type=REAL node=4 seq=46 bytes=48 time_ms=505345
TX,DUMMY,4,,16,48,505639.0,505346,505639.0,,,,1384,505639000	ID:4	[INFO: Metric    ] METRIC_TX type=DUMMY node=4 seq=16 bytes=48 time_ms=505346
RX,REAL,,4,46,48,505715.168,505212,505715.168,505345,505212,77.16800000000512,1385,505715168	ID:1	[INFO: Metric    ] METRIC_RX type=REAL src=4 seq=46 send_ms=505345 recv_ms=505212 bytes=48
RX,DUMMY,,4,16,48,505759.168,505256,505759.168,505346,505256,,1386,505759168	ID:1	[INFO: Metric    ] METRIC_RX type=DUMMY src=4 seq=16 send_ms=505346 recv_ms=505256 bytes=48
TX,REAL,6,,48,48,506433.0,505494,506433.0,,,,1389,506433000	ID:6	[INFO: Metric    ] METRIC_TX type=REAL node=6 seq=48 bytes=48 time_ms=505494
RX,REAL,,6,48,48,506460.88,505957,506460.88,505494,505957,27.880000000004657,1390,506460880	ID:1	[INFO: Metric    ] METRIC_RX type=REAL src=6 seq=48 send_ms=505494 recv_ms=505957 bytes=48
TX,REAL,7,,49,48,507253.0,506934,507253.0,,,,1392,507253000	ID:7	[INFO: Metric    ] METRIC_TX type=REAL node=7 seq=49 bytes=48 time_ms=506934
TX,DUMMY,7,,24,48,507254.0,506935,507254.0,,,,1393,507254000	ID:7	[INFO: Metric    ] METRIC_TX type=DUMMY node=7 seq=24 bytes=48 time_ms=506935
RX,REAL,,7,49,48,507266.88,506763,507266.88,506934,506763,13.880000000004657,1394,507266880	ID:1	[INFO: Metric    ] METRIC_RX type=REAL src=7 seq=49 send_ms=506934 recv_ms=506763 bytes=48
RX,DUMMY,,7,24,48,507280.88,506777,507280.88,506935,506777,,1396,507280880	ID:1	[INFO: Metric    ] METRIC_RX type=DUMMY src=7 seq=24 send_ms=506935 recv_ms=506777 bytes=48
TX,REAL,5,,48,48,509390.0,509053,509390.0,,,,1398,509390000	ID:5	[INFO: Metric    ] METRIC_TX type=REAL node=5 seq=48 bytes=48 time_ms=509053
RX,REAL,,5,48,48,509460.168,508957,509460.168,509053,508957,70.16800000000512,1399,509460168	ID:1	[INFO: Metric    ] METRIC_RX type=REAL src=5 seq=48 send_ms=509053 recv_ms=508957 bytes=48
TX,REAL,3,,48,48,512980.0,512316,512980.0,,,,1401,512980000	ID:3	[INFO: Metric    ] METRIC_TX type=REAL node=3 seq=48 bytes=48 time_ms=512316
RX,REAL,,3,48,48,513051.168,512548,513051.168,512316,512548,71.16800000000512,1402,513051168	ID:1	[INFO: Metric    ] METRIC_RX type=REAL src=3 seq=48 send_ms=512316 recv_ms=512548 bytes=48
TX,REAL,2,,49,48,514080.0,513217,514080.0,,,,1404,514080000	ID:2	[INFO: Metric    ] METRIC_TX type=REAL node=2 seq=49 bytes=48 time_ms=513217
RX,REAL,,2,49,48,514118.88,513615,514118.88,513217,513615,38.88000000000466,1405,514118880	ID:1	[INFO: Metric    ] METRIC_RX type=REAL src=2 seq=49 send_ms=513217 recv_ms=513615 bytes=48
TX,REAL,7,,50,48,515255.0,514936,515255.0,,,,1409,515255000	ID:7	[INFO: Metric    ] METRIC_TX type=REAL node=7 seq=50 bytes=48 time_ms=514936
RX,REAL,,7,50,48,515260.88,514757,515260.88,514936,514757,5.880000000004657,1410,515260880	ID:1	[INFO: Metric    ] METRIC_RX type=REAL src=7 seq=50 send_ms=514936 recv_ms=514757 bytes=48
TX,REAL,4,,47,48,516640.0,516347,516640.0,,,,1413,516640000	ID:4	[INFO: Metric    ] METRIC_TX type=REAL node=4 seq=47 bytes=48 time_ms=516347
RX,REAL,,4,47,48,516718.168,516215,516718.168,516347,516215,78.16800000000512,1414,516718168	ID:1	[INFO: Metric    ] METRIC_RX type=REAL src=4 seq=47 send_ms=516347 recv_ms=516215 bytes=48
TX,REAL,5,,49,48,517391.0,517054,517391.0,,,,1416,517391000	ID:5	[INFO: Metric    ] METRIC_TX type=REAL node=5 seq=49 bytes=48 time_ms=517054
TX,REAL,6,,49,48,517434.0,516495,517434.0,,,,1417,517434000	ID:6	[INFO: Metric    ] METRIC_TX type=REAL node=6 seq=49 bytes=48 time_ms=516495
TX,DUMMY,6,,15,48,517435.0,516496,517435.0,,,,1418,517435000	ID:6	[INFO: Metric    ] METRIC_TX type=DUMMY node=6 seq=15 bytes=48 time_ms=516496
RX,REAL,,6,49,48,517442.88,516939,517442.88,516495,516939,8.880000000004657,1419,517442880	ID:1	[INFO: Metric    ] METRIC_RX type=REAL src=6 seq=49 send_ms=516495 recv_ms=516939 bytes=48
RX,DUMMY,,6,15,48,517449.88,516946,517449.88,516496,516946,,1420,517449880	ID:1	[INFO: Metric    ] METRIC_RX type=DUMMY src=6 seq=15 send_ms=516496 recv_ms=516946 bytes=48
RX,REAL,,5,49,48,517468.168,516965,517468.168,517054,516965,77.16800000000512,1421,517468168	ID:1	[INFO: Metric    ] METRIC_RX type=REAL src=5 seq=49 send_ms=517054 recv_ms=516965 bytes=48
TX,REAL,3,,49,48,523981.0,523317,523981.0,,,,1425,523981000	ID:3	[INFO: Metric    ] METRIC_TX type=REAL node=3 seq=49 bytes=48 time_ms=523317
RX,REAL,,3,49,48,524056.168,523553,524056.168,523317,523553,75.16800000000512,1426,524056168	ID:1	[INFO: Metric    ] METRIC_RX type=REAL src=3 seq=49 send_ms=523317 recv_ms=523553 bytes=48
TX,REAL,4,,48,48,524641.0,524348,524641.0,,,,1428,524641000	ID:4	[INFO: Metric    ] METRIC_TX type=REAL node=4 seq=48 bytes=48 time_ms=524348
TX,DUMMY,4,,17,48,524642.0,524349,524642.0,,,,1429,524642000	ID:4	[INFO: Metric    ] METRIC_TX type=DUMMY node=4 seq=17 bytes=48 time_ms=524349
RX,REAL,,4,48,48,524699.168,524196,524699.168,524348,524196,58.167999999946915,1430,524699168	ID:1	[INFO: Metric    ] METRIC_RX type=REAL src=4 seq=48 send_ms=524348 recv_ms=524196 bytes=48
RX,DUMMY,,4,17,48,524790.168,524287,524790.168,524349,524287,,1432,524790168	ID:1	[INFO: Metric    ] METRIC_RX type=DUMMY src=4 seq=17 send_ms=524349 recv_ms=524287 bytes=48
TX,REAL,2,,50,48,525081.0,524218,525081.0,,,,1436,525081000	ID:2	[INFO: Metric    ] METRIC_TX type=REAL node=2 seq=50 bytes=48 time_ms=524218
RX,REAL,,2,50,48,525093.88,524590,525093.88,524218,524590,12.880000000004657,1437,525093880	ID:1	[INFO: Metric    ] METRIC_RX type=REAL src=2 seq=50 send_ms=524218 recv_ms=524590 bytes=48
TX,REAL,7,,51,48,527256.0,526937,527256.0,,,,1439,527256000	ID:7	[INFO: Metric    ] METRIC_TX type=REAL node=7 seq=51 bytes=48 time_ms=526937
RX,REAL,,7,51,48,527286.88,526783,527286.88,526937,526783,30.880000000004657,1440,527286880	ID:1	[INFO: Metric    ] METRIC_RX type=REAL src=7 seq=51 send_ms=526937 recv_ms=526783 bytes=48
TX,REAL,5,,50,48,529392.0,529055,529392.0,,,,1444,529392000	ID:5	[INFO: Metric    ] METRIC_TX type=REAL node=5 seq=50 bytes=48 time_ms=529055
TX,DUMMY,5,,18,48,529393.0,529056,529393.0,,,,1445,529393000	ID:5	[INFO: Metric    ] METRIC_TX type=DUMMY node=5 seq=18 bytes=48 time_ms=529056
TX,REAL,6,,50,48,529435.04,528497,529435.04,,,,1448,529435040	ID:6	[INFO: Metric    ] METRIC_TX type=REAL node=6 seq=50 bytes=48 time_ms=528497
RX,REAL,,5,50,48,529448.168,528945,529448.168,529055,528945,56.167999999946915,1449,529448168	ID:1	[INFO: Metric    ] METRIC_RX type=REAL src=5 seq=50 send_ms=529055 recv_ms=528945 bytes=48
RX,REAL,,6,50,48,529456.88,528953,529456.88,528497,528953,21.839999999967404,1451,529456880	ID:1	[INFO: Metric    ] METRIC_RX type=REAL src=6 seq=50 send_ms=528497 recv_ms=528953 bytes=48
RX,DUMMY,,5,18,48,529491.168,528988,529491.168,529056,528988,,1453,529491168	ID:1	[INFO: Metric    ] METRIC_RX type=DUMMY src=5 seq=18 send_ms=529056 recv_ms=528988 bytes=48
TX,REAL,2,,51,48,533082.0,532219,533082.0,,,,1456,533082000	ID:2	[INFO: Metric    ] METRIC_TX type=REAL node=2 seq=51 bytes=48 time_ms=532219
RX,REAL,,2,51,48,533101.88,532598,533101.88,532219,532598,19.880000000004657,1457,533101880	ID:1	[INFO: Metric    ] METRIC_RX type=REAL src=2 seq=51 send_ms=532219 recv_ms=532598 bytes=48
TX,REAL,3,,50,48,533982.0,533318,533982.0,,,,1461,533982000	ID:3	[INFO: Metric    ] METRIC_TX type=REAL node=3 seq=50 bytes=48 time_ms=533318
RX,REAL,,3,50,48,534039.168,533536,534039.168,533318,533536,57.167999999946915,1462,534039168	ID:1	[INFO: Metric    ] METRIC_RX type=REAL src=3 seq=50 send_ms=533318 recv_ms=533536 bytes=48
TX,REAL,7,,52,48,535257.0,534938,535257.0,,,,1464,535257000	ID:7	[INFO: Metric    ] METRIC_TX type=REAL node=7 seq=52 bytes=48 time_ms=534938
TX,DUMMY,7,,25,48,535258.0,534939,535258.0,,,,1465,535258000	ID:7	[INFO: Metric    ] METRIC_TX type=DUMMY node=7 seq=25 bytes=48 time_ms=534939
RX,REAL,,7,52,48,535280.88,534777,535280.88,534938,534777,23.880000000004657,1466,535280880	ID:1	[INFO: Metric    ] METRIC_RX type=REAL src=7 seq=52 send_ms=534938 recv_ms=534777 bytes=48
RX,DUMMY,,7,25,48,535289.88,534786,535289.88,534939,534786,,1467,535289880	ID:1	[INFO: Metric    ] METRIC_RX type=DUMMY src=7 seq=25 send_ms=534939 recv_ms=534786 bytes=48
TX,REAL,4,,49,48,536643.0,536350,536643.0,,,,1470,536643000	ID:4	[INFO: Metric    ] METRIC_TX type=REAL node=4 seq=49 bytes=48 time_ms=536350
RX,REAL,,4,49,48,536705.168,536202,536705.168,536350,536202,62.167999999946915,1471,536705168	ID:1	[INFO: Metric    ] METRIC_RX type=REAL src=4 seq=49 send_ms=536350 recv_ms=536202 bytes=48
TX,REAL,6,,51,48,537436.0,536497,537436.0,,,,1473,537436000	ID:6	[INFO: Metric    ] METRIC_TX type=REAL node=6 seq=51 bytes=48 time_ms=536497
RX,REAL,,6,51,48,537446.88,536943,537446.88,536497,536943,10.880000000004657,1474,537446880	ID:1	[INFO: Metric    ] METRIC_RX type=REAL src=6 seq=51 send_ms=536497 recv_ms=536943 bytes=48
TX,REAL,5,,51,48,541394.0,541057,541394.0,,,,1476,541394000	ID:5	[INFO: Metric    ] METRIC_TX type=REAL node=5 seq=51 bytes=48 time_ms=541057
TX,DUMMY,5,,19,48,541395.0,541058,541395.0,,,,1477,541395000	ID:5	[INFO: Metric    ] METRIC_TX type=DUMMY node=5 seq=19 bytes=48 time_ms=541058
RX,REAL,,5,51,48,541461.168,540958,541461.168,541057,540958,67.16799999994691,1478,541461168	ID:1	[INFO: Metric    ] METRIC_RX type=REAL src=5 seq=51 send_ms=541057 recv_ms=540958 bytes=48
RX,DUMMY,,5,19,48,541518.168,541015,541518.168,541058,541015,,1480,541518168	ID:1	[INFO: Metric    ] METRIC_RX type=DUMMY src=5 seq=19 send_ms=541058 recv_ms=541015 bytes=48
TX,REAL,2,,52,48,542083.0,541220,542083.0,,,,1483,542083000	ID:2	[INFO: Metric    ] METRIC_TX type=REAL node=2 seq=52 bytes=48 time_ms=541220
RX,REAL,,2,52,48,542109.88,541606,542109.88,541220,541606,26.880000000004657,1484,542109880	ID:1	[INFO: Metric    ] METRIC_RX type=REAL src=2 seq=52 send_ms=541220 recv_ms=541606 bytes=48
TX,REAL,4,,50,48,544644.0,544351,544644.0,,,,1488,544644000	ID:4	[INFO: Metric    ] METRIC_TX type=REAL node=4 seq=50 bytes=48 time_ms=544351
RX,REAL,,4,50,48,544695.168,544192,544695.168,544351,544192,51.167999999946915,1489,544695168	ID:1	[INFO: Metric    ] METRIC_RX type=REAL src=4 seq=50 send_ms=544351 recv_ms=544192 bytes=48
TX,REAL,3,,51,48,544983.0,544319,544983.0,,,,1491,544983000	ID:3	[INFO: Metric    ] METRIC_TX type=REAL node=3 seq=51 bytes=48 time_ms=544319
RX,REAL,,3,51,48,545051.168,544548,545051.168,544319,544548,68.16799999994691,1492,545051168	ID:1	[INFO: Metric    ] METRIC_RX type=REAL src=3 seq=51 send_ms=544319 recv_ms=544548 bytes=48
TX,REAL,7,,53,48,547259.0,546940,547259.0,,,,1494,547259000	ID:7	[INFO: Metric    ] METRIC_TX type=REAL node=7 seq=53 bytes=48 time_ms=546940
RX,REAL,,7,53,48,547300.88,546797,547300.88,546940,546797,41.88000000000466,1495,547300880	ID:1	[INFO: Metric    ] METRIC_RX type=REAL src=7 seq=53 send_ms=546940 recv_ms=546797 bytes=48
TX,REAL,6,,52,48,548437.0,547498,548437.0,,,,1497,548437000	ID:6	[INFO: Metric    ] METRIC_TX type=REAL node=6 seq=52 bytes=48 time_ms=547498
RX,REAL,,6,52,48,548467.88,547964,548467.88,547498,547964,30.880000000004657,1498,548467880	ID:1	[INFO: Metric    ] METRIC_RX type=REAL src=6 seq=52 send_ms=547498 recv_ms=547964 bytes=48
TX,REAL,5,,52,48,549396.0,549059,549396.0,,,,1500,549396000	ID:5	[INFO: Metric    ] METRIC_TX type=REAL node=5 seq=52 bytes=48 time_ms=549059
RX,REAL,,5,52,48,549451.168,548948,549451.168,549059,548948,55.167999999946915,1501,549451168	ID:1	[INFO: Metric    ] METRIC_RX type=REAL src=5 seq=52 send_ms=549059 recv_ms=548948 bytes=48
TX,REAL,2,,53,48,552084.0,551221,552084.0,,,,1503,552084000	ID:2	[INFO: Metric    ] METRIC_TX type=REAL node=2 seq=53 bytes=48 time_ms=551221
TX,DUMMY,2,,22,48,552085.0,551222,552085.0,,,,1504,552085000	ID:2	[INFO: Metric    ] METRIC_TX type=DUMMY node=2 seq=22 bytes=48 time_ms=551222
RX,REAL,,2,53,48,552109.88,551606,552109.88,551221,551606,25.880000000004657,1505,552109880	ID:1	[INFO: Metric    ] METRIC_RX type=REAL src=2 seq=53 send_ms=551221 recv_ms=551606 bytes=48
RX,DUMMY,,2,22,48,552137.88,551634,552137.88,551222,551634,,1506,552137880	ID:1	[INFO: Metric    ] METRIC_RX type=DUMMY src=2 seq=22 send_ms=551222 recv_ms=551634 bytes=48
TX,REAL,3,,52,48,552984.0,552320,552984.0,,,,1509,552984000	ID:3	[INFO: Metric    ] METRIC_TX type=REAL node=3 seq=52 bytes=48 time_ms=552320
RX,REAL,,3,52,48,553031.168,552528,553031.168,552320,552528,47.167999999946915,1510,553031168	ID:1	[INFO: Metric    ] METRIC_RX type=REAL src=3 seq=52 send_ms=552320 recv_ms=552528 bytes=48
TX,REAL,4,,51,48,555645.0,555352,555645.0,,,,1512,555645000	ID:4	[INFO: Metric    ] METRIC_TX type=REAL node=4 seq=51 bytes=48 time_ms=555352
TX,DUMMY,4,,18,48,555646.0,555353,555646.0,,,,1513,555646000	ID:4	[INFO: Metric    ] METRIC_TX type=DUMMY node=4 seq=18 bytes=48 time_ms=555353
RX,REAL,,4,51,48,555774.168,555271,555774.168,555352,555271,129.16799999994691,1514,555774168	ID:1	[INFO: Metric    ] METRIC_RX type=REAL src=4 seq=51 send_ms=555352 recv_ms=555271 bytes=48
RX,DUMMY,,4,18,48,555786.168,555283,555786.168,555353,555283,,1516,555786168	ID:1	[INFO: Metric    ] METRIC_RX type=DUMMY src=4 seq=18 send_ms=555353 recv_ms=555283 bytes=48
TX,REAL,7,,54,48,557260.0,556941,557260.0,,,,1519,557260000	ID:7	[INFO: Metric    ] METRIC_TX type=REAL node=7 seq=54 bytes=48 time_ms=556941
RX,REAL,,7,54,48,557291.88,556788,557291.88,556941,556788,31.880000000004657,1520,557291880	ID:1	[INFO: Metric    ] METRIC_RX type=REAL src=7 seq=54 send_ms=556941 recv_ms=556788 bytes=48
TX,REAL,5,,53,48,558397.0,558060,558397.0,,,,1522,558397000	ID:5	[INFO: Metric    ] METRIC_TX type=REAL node=5 seq=53 bytes=48 time_ms=558060
RX,REAL,,5,53,48,558430.168,557927,558430.168,558060,557927,33.167999999946915,1523,558430168	ID:1	[INFO: Metric    ] METRIC_RX type=REAL src=5 seq=53 send_ms=558060 recv_ms=557927 bytes=48
TX,REAL,6,,53,48,559438.0,558499,559438.0,,,,1525,559438000	ID:6	[INFO: Metric    ] METRIC_TX type=REAL node=6 seq=53 bytes=48 time_ms=558499
RX,REAL,,6,53,48,559482.88,558979,559482.88,558499,558979,44.88000000000466,1526,559482880	ID:1	[INFO: Metric    ] METRIC_RX type=REAL src=6 seq=53 send_ms=558499 recv_ms=558979 bytes=48
TX,REAL,2,,54,48,561086.0,560223,561086.0,,,,1528,561086000	ID:2	[INFO: Metric    ] METRIC_TX type=REAL node=2 seq=54 bytes=48 time_ms=560223
RX,REAL,,2,54,48,561098.88,560595,561098.88,560223,560595,12.880000000004657,1529,561098880	ID:1	[INFO: Metric    ] METRIC_RX type=REAL src=2 seq=54 send_ms=560223 recv_ms=560595 bytes=48
TX,REAL,4,,52,48,564647.0,564354,564647.0,,,,1531,564647000	ID:4	[INFO: Metric    ] METRIC_TX type=REAL node=4 seq=52 bytes=48 time_ms=564354
RX,REAL,,4,52,48,564694.168,564191,564694.168,564354,564191,47.167999999946915,1532,564694168	ID:1	[INFO: Metric    ] METRIC_RX type=REAL src=4 seq=52 send_ms=564354 recv_ms=564191 bytes=48
TX,REAL,3,,53,48,564985.0,564321,564985.0,,,,1534,564985000	ID:3	[INFO: Metric    ] METRIC_TX type=REAL node=3 seq=53 bytes=48 time_ms=564321
TX,DUMMY,3,,18,48,564986.0,564322,564986.0,,,,1535,564986000	ID:3	[INFO: Metric    ] METRIC_TX type=DUMMY node=3 seq=18 bytes=48 time_ms=564322
RX,REAL,,3,53,48,565021.168,564518,565021.168,564321,564518,36.167999999946915,1536,565021168	ID:1	[INFO: Metric    ] METRIC_RX type=REAL src=3 seq=53 send_ms=564321 recv_ms=564518 bytes=48
RX,DUMMY,,3,18,48,565068.168,564565,565068.168,564322,564565,,1538,565068168	ID:1	[INFO: Metric    ] METRIC_RX type=DUMMY src=3 seq=18 send_ms=564322 recv_ms=564565 bytes=48
TX,REAL,7,,55,48,567261.0,566942,567261.0,,,,1540,567261000	ID:7	[INFO: Metric    ] METRIC_TX type=REAL node=7 seq=55 bytes=48 time_ms=566942
TX,DUMMY,7,,26,48,567262.0,566943,567262.0,,,,1541,567262000	ID:7	[INFO: Metric    ] METRIC_TX type=DUMMY node=7 seq=26 bytes=48 time_ms=566943
RX,REAL,,7,55,48,567304.88,566801,567304.88,566942,566801,43.88000000000466,1542,567304880	ID:1	[INFO: Metric    ] METRIC_RX type=REAL src=7 seq=55 send_ms=566942 recv_ms=566801 bytes=48
RX,DUMMY,,7,26,48,567340.88,566837,567340.88,566943,566837,,1544,567340880	ID:1	[INFO: Metric    ] METRIC_RX type=DUMMY src=7 seq=26 send_ms=566943 recv_ms=566837 bytes=48
TX,REAL,5,,54,48,569398.0,569061,569398.0,,,,1547,569398000	ID:5	[INFO: Metric    ] METRIC_TX type=REAL node=5 seq=54 bytes=48 time_ms=569061
TX,REAL,6,,54,48,569439.0,568500,569439.0,,,,1548,569439000	ID:6	[INFO: Metric    ] METRIC_TX type=REAL node=6 seq=54 bytes=48 time_ms=568500
TX,DUMMY,6,,16,48,569439.208,568501,569439.208,,,,1549,569439208	ID:6	[INFO: Metric    ] METRIC_TX type=DUMMY node=6 seq=16 bytes=48 time_ms=568501
RX,REAL,,5,54,48,569440.304,568937,569440.304,569061,568937,42.304000000003725,1550,569440304	ID:1	[INFO: Metric    ] METRIC_RX type=REAL src=5 seq=54 send_ms=569061 recv_ms=568937 bytes=48
RX,REAL,,6,54,48,569460.88,568957,569460.88,568500,568957,21.880000000004657,1551,569460880	ID:1	[INFO: Metric    ] METRIC_RX type=REAL src=6 seq=54 send_ms=568500 recv_ms=568957 bytes=48
RX,DUMMY,,6,16,48,569488.88,568985,569488.88,568501,568985,,1553,569488880	ID:1	[INFO: Metric    ] METRIC_RX type=DUMMY src=6 seq=16 send_ms=568501 recv_ms=568985 bytes=48
TX,REAL,4,,53,48,572648.0,572355,572648.0,,,,1556,572648000	ID:4	[INFO: Metric    ] METRIC_TX type=REAL node=4 seq=53 bytes=48 time_ms=572355
RX,REAL,,4,53,48,572728.168,572225,572728.168,572355,572225,80.16799999994691,1557,572728168	ID:1	[INFO: Metric    ] METRIC_RX type=REAL src=4 seq=53 send_ms=572355 recv_ms=572225 bytes=48
TX,REAL,2,,55,48,573087.0,572224,573087.0,,,,1559,573087000	ID:2	[INFO: Metric    ] METRIC_TX type=REAL node=2 seq=55 bytes=48 time_ms=572224
RX,REAL,,2,55,48,573104.88,572601,573104.88,572224,572601,17.880000000004657,1560,573104880	ID:1	[INFO: Metric    ] METRIC_RX type=REAL src=2 seq=55 send_ms=572224 recv_ms=572601 bytes=48
TX,REAL,3,,54,48,573987.0,573323,573987.0,,,,1562,573987000	ID:3	[INFO: Metric    ] METRIC_TX type=REAL node=3 seq=54 bytes=48 time_ms=573323
RX,REAL,,3,54,48,574029.168,573526,574029.168,573323,573526,42.167999999946915,1563,574029168	ID:1	[INFO: Metric    ] METRIC_RX type=REAL src=3 seq=54 send_ms=573323 recv_ms=573526 bytes=48
TX,REAL,6,,55,48,578440.0,577501,578440.0,,,,1565,578440000	ID:6	[INFO: Metric    ] METRIC_TX type=REAL node=6 seq=55 bytes=48 time_ms=577501
RX,REAL,,6,55,48,578472.88,577969,578472.88,577501,577969,32.88000000000466,1566,578472880	ID:1	[INFO: Metric    ] METRIC_RX type=REAL src=6 seq=55 send_ms=577501 recv_ms=577969 bytes=48
TX,REAL,7,,56,48,579263.0,578944,579263.0,,,,1568,579263000	ID:7	[INFO: Metric    ] METRIC_TX type=REAL node=7 seq=56 bytes=48 time_ms=578944
TX,DUMMY,7,,27,48,579264.0,578945,579264.0,,,,1569,579264000	ID:7	[INFO: Metric    ] METRIC_TX type=DUMMY node=7 seq=27 bytes=48 time_ms=578945
RX,REAL,,7,56,48,579290.88,578787,579290.88,578944,578787,27.880000000004657,1570,579290880	ID:1	[INFO: Metric    ] METRIC_RX type=REAL src=7 seq=56 send_ms=578944 recv_ms=578787 bytes=48
RX,DUMMY,,7,27,48,579323.88,578820,579323.88,578945,578820,,1572,579323880	ID:1	[INFO: Metric    ] METRIC_RX type=DUMMY src=7 seq=27 send_ms=578945 recv_ms=578820 bytes=48
TX,REAL,5,,55,48,579399.0,579062,579399.0,,,,1574,579399000	ID:5	[INFO: Metric    ] METRIC_TX type=REAL node=5 seq=55 bytes=48 time_ms=579062
TX,DUMMY,5,,20,48,579400.0,579063,579400.0,,,,1575,579400000	ID:5	[INFO: Metric    ] METRIC_TX type=DUMMY node=5 seq=20 bytes=48 time_ms=579063
RX,REAL,,5,55,48,579430.168,578927,579430.168,579062,578927,31.167999999946915,1576,579430168	ID:1	[INFO: Metric    ] METRIC_RX type=REAL src=5 seq=55 send_ms=579062 recv_ms=578927 bytes=48
RX,DUMMY,,5,20,48,579501.592,578998,579501.592,579063,578998,,1579,579501592	ID:1	[INFO: Metric    ] METRIC_RX type=DUMMY src=5 seq=20 send_ms=579063 recv_ms=578998 bytes=48
TX,REAL,2,,56,48,583088.0,582225,583088.0,,,,1581,583088000	ID:2	[INFO: Metric    ] METRIC_TX type=REAL node=2 seq=56 bytes=48 time_ms=582225
RX,REAL,,2,56,48,583110.88,582607,583110.88,582225,582607,22.880000000004657,1582,583110880	ID:1	[INFO: Metric    ] METRIC_RX type=REAL src=2 seq=56 send_ms=582225 recv_ms=582607 bytes=48
TX,REAL,4,,54,48,583649.0,583356,583649.0,,,,1584,583649000	ID:4	[INFO: Metric    ] METRIC_TX type=REAL node=4 seq=54 bytes=48 time_ms=583356
RX,REAL,,4,54,48,583721.168,583218,583721.168,583356,583218,72.16799999994691,1585,583721168	ID:1	[INFO: Metric    ] METRIC_RX type=REAL src=4 seq=54 send_ms=583356 recv_ms=583218 bytes=48
TX,REAL,3,,55,48,584988.0,584324,584988.0,,,,1587,584988000	ID:3	[INFO: Metric    ] METRIC_TX type=REAL node=3 seq=55 bytes=48 time_ms=584324
RX,REAL,,3,55,48,585066.168,584563,585066.168,584324,584563,78.16799999994691,1588,585066168	ID:1	[INFO: Metric    ] METRIC_RX type=REAL src=3 seq=55 send_ms=584324 recv_ms=584563 bytes=48
TX,REAL,6,,56,48,587441.0,586502,587441.0,,,,1590,587441000	ID:6	[INFO: Metric    ] METRIC_TX type=REAL node=6 seq=56 bytes=48 time_ms=586502
RX,REAL,,6,56,48,587467.88,586964,587467.88,586502,586964,26.880000000004657,1591,587467880	ID:1	[INFO: Metric    ] METRIC_RX type=REAL src=6 seq=56 send_ms=586502 recv_ms=586964 bytes=48
TX,REAL,7,,57,48,590265.0,589946,590265.0,,,,1593,590265000	ID:7	[INFO: Metric    ] METRIC_TX type=REAL node=7 seq=57 bytes=48 time_ms=589946
TX,DUMMY,7,,28,48,590266.0,589947,590266.0,,,,1594,590266000	ID:7	[INFO: Metric    ] METRIC_TX type=DUMMY node=7 seq=28 bytes=48 time_ms=589947
RX,REAL,,7,57,48,590306.88,589803,590306.88,589946,589803,41.88000000000466,1595,590306880	ID:1	[INFO: Metric    ] METRIC_RX type=REAL src=7 seq=57 send_ms=589946 recv_ms=589803 bytes=48
RX,DUMMY,,7,28,48,590318.88,589815,590318.88,589947,589815,,1596,590318880	ID:1	[INFO: Metric    ] METRIC_RX type=DUMMY src=7 seq=28 send_ms=589947 recv_ms=589815 bytes=48
TX,REAL,5,,56,48,591401.0,591064,591401.0,,,,1599,591401000	ID:5	[INFO: Metric    ] METRIC_TX type=REAL node=5 seq=56 bytes=48 time_ms=591064
RX,REAL,,5,56,48,591482.168,590979,591482.168,591064,590979,81.16799999994691,1600,591482168	ID:1	[INFO: Metric    ] METRIC_RX type=REAL src=5 seq=56 send_ms=591064 recv_ms=590979 bytes=48
TX,REAL,4,,55,48,593650.0,593357,593650.0,,,,1602,593650000	ID:4	[INFO: Metric    ] METRIC_TX type=REAL node=4 seq=55 bytes=48 time_ms=593357
RX,REAL,,4,55,48,593684.168,593181,593684.168,593357,593181,34.167999999946915,1603,593684168	ID:1	[INFO: Metric    ] METRIC_RX type=REAL src=4 seq=55 send_ms=593357 recv_ms=593181 bytes=48
TX,REAL,2,,57,48,594089.0,593226,594089.0,,,,1605,594089000	ID:2	[INFO: Metric    ] METRIC_TX type=REAL node=2 seq=57 bytes=48 time_ms=593226
TX,DUMMY,2,,23,48,594090.0,593227,594090.0,,,,1606,594090000	ID:2	[INFO: Metric    ] METRIC_TX type=DUMMY node=2 seq=23 bytes=48 time_ms=593227
RX,REAL,,2,57,48,594127.88,593624,594127.88,593226,593624,38.88000000000466,1607,594127880	ID:1	[INFO: Metric    ] METRIC_RX type=REAL src=2 seq=57 send_ms=593226 recv_ms=593624 bytes=48
RX,DUMMY,,2,23,48,594146.88,593643,594146.88,593227,593643,,1609,594146880	ID:1	[INFO: Metric    ] METRIC_RX type=DUMMY src=2 seq=23 send_ms=593227 recv_ms=593643 bytes=48
TX,REAL,3,,56,48,594989.0,594325,594989.0,,,,1612,594989000	ID:3	[INFO: Metric    ] METRIC_TX type=REAL node=3 seq=56 bytes=48 time_ms=594325
RX,REAL,,3,56,48,595049.168,594546,595049.168,594325,594546,60.167999999946915,1613,595049168	ID:1	[INFO: Metric    ] METRIC_RX type=REAL src=3 seq=56 send_ms=594325 recv_ms=594546 bytes=48
TX,REAL,6,,57,48,597442.0,596503,597442.0,,,,1615,597442000	ID:6	[INFO: Metric    ] METRIC_TX type=REAL node=6 seq=57 bytes=48 time_ms=596503
TX,DUMMY,6,,17,48,597443.0,596504,597443.0,,,,1616,597443000	ID:6	[INFO: Metric    ] METRIC_TX type=DUMMY node=6 seq=17 bytes=48 time_ms=596504
RX,REAL,,6,57,48,597475.88,596972,597475.88,596503,596972,33.88000000000466,1617,597475880	ID:1	[INFO: Metric    ] METRIC_RX type=REAL src=6 seq=57 send_ms=596503 recv_ms=596972 bytes=48
RX,DUMMY,,6,17,48,597482.88,596979,597482.88,596504,596979,,1618,597482880	ID:1	[INFO: Metric    ] METRIC_RX type=DUMMY src=6 seq=17 send_ms=596504 recv_ms=596979 bytes=48
TX,REAL,7,,58,48,598267.0,597948,598267.0,,,,1621,598267000	ID:7	[INFO: Metric    ] METRIC_TX type=REAL node=7 seq=58 bytes=48 time_ms=597948
RX,REAL,,7,58,48,598300.88,597797,598300.88,597948,597797,33.88000000000466,1622,598300880	ID:1	[INFO: Metric    ] METRIC_RX type=REAL src=7 seq=58 send_ms=597948 recv_ms=597797 bytes=48
TX,REAL,5,,57,48,599402.0,599065,599402.0,,,,1624,599402000	ID:5	[INFO: Metric    ] METRIC_TX type=REAL node=5 seq=57 bytes=48 time_ms=599065
RX,REAL,,5,57,48,599474.168,598971,599474.168,599065,598971,72.16799999994691,1625,599474168	ID:1	[INFO: Metric    ] METRIC_RX type=REAL src=5 seq=57 send_ms=599065 recv_ms=598971 bytes=48
TX,REAL,2,,58,48,602091.0,601228,602091.0,,,,1627,602091000	ID:2	[INFO: Metric    ] METRIC_TX type=REAL node=2 seq=58 bytes=48 time_ms=601228
RX,REAL,,2,58,48,602131.88,601628,602131.88,601228,601628,40.88000000000466,1628,602131880	ID:1	[INFO: Metric    ] METRIC_RX type=REAL src=2 seq=58 send_ms=601228 recv_ms=601628 bytes=48
TX,REAL,4,,56,48,602651.0,602358,602651.0,,,,1630,602651000	ID:4	[INFO: Metric    ] METRIC_TX type=REAL node=4 seq=56 bytes=48 time_ms=602358
RX,REAL,,4,56,48,602695.168,602192,602695.168,602358,602192,44.167999999946915,1631,602695168	ID:1	[INFO: Metric    ] METRIC_RX type=REAL src=4 seq=56 send_ms=602358 recv_ms=602192 bytes=48
TX,REAL,3,,57,48,603990.0,603326,603990.0,,,,1633,603990000	ID:3	[INFO: Metric    ] METRIC_TX type=REAL node=3 seq=57 bytes=48 time_ms=603326
RX,REAL,,3,57,48,604043.168,603540,604043.168,603326,603540,53.167999999946915,1634,604043168	ID:1	[INFO: Metric    ] METRIC_RX type=REAL src=3 seq=57 send_ms=603326 recv_ms=603540 bytes=48
TX,REAL,6,,58,48,605444.0,604505,605444.0,,,,1636,605444000	ID:6	[INFO: Metric    ] METRIC_TX type=REAL node=6 seq=58 bytes=48 time_ms=604505
RX,REAL,,6,58,48,605460.88,604957,605460.88,604505,604957,16.880000000004657,1637,605460880	ID:1	[INFO: Metric    ] METRIC_RX type=REAL src=6 seq=58 send_ms=604505 recv_ms=604957 bytes=48
TX,REAL,5,,58,48,607403.0,607066,607403.0,,,,1640,607403000	ID:5	[INFO: Metric    ] METRIC_TX type=REAL node=5 seq=58 bytes=48 time_ms=607066
RX,REAL,,5,58,48,607489.168,606986,607489.168,607066,606986,86.16799999994691,1641,607489168	ID:1	[INFO: Metric    ] METRIC_RX type=REAL src=5 seq=58 send_ms=607066 recv_ms=606986 bytes=48
TX,REAL,7,,59,48,610268.0,609949,610268.0,,,,1643,610268000	ID:7	[INFO: Metric    ] METRIC_TX type=REAL node=7 seq=59 bytes=48 time_ms=609949
RX,REAL,,7,59,48,610299.88,609796,610299.88,609949,609796,31.880000000004657,1644,610299880	ID:1	[INFO: Metric    ] METRIC_RX type=REAL src=7 seq=59 send_ms=609949 recv_ms=609796 bytes=48
TX,REAL,4,,57,48,611652.0,611359,611652.0,,,,1646,611652000	ID:4	[INFO: Metric    ] METRIC_TX type=REAL node=4 seq=57 bytes=48 time_ms=611359
RX,REAL,,4,57,48,611717.168,611214,611717.168,611359,611214,65.16799999994691,1647,611717168	ID:1	[INFO: Metric    ] METRIC_RX type=REAL src=4 seq=57 send_ms=611359 recv_ms=611214 bytes=48
TX,REAL,2,,59,48,613092.0,612229,613092.0,,,,1649,613092000	ID:2	[INFO: Metric    ] METRIC_TX type=REAL node=2 seq=59 bytes=48 time_ms=612229
RX,REAL,,2,59,48,613126.88,612623,613126.88,612229,612623,34.88000000000466,1650,613126880	ID:1	[INFO: Metric    ] METRIC_RX type=REAL src=2 seq=59 send_ms=612229 recv_ms=612623 bytes=48
TX,REAL,3,,58,48,614991.0,614327,614991.0,,,,1652,614991000	ID:3	[INFO: Metric    ] METRIC_TX type=REAL node=3 seq=58 bytes=48 time_ms=614327
TX,DUMMY,3,,19,48,614992.0,614328,614992.0,,,,1653,614992000	ID:3	[INFO: Metric    ] METRIC_TX type=DUMMY node=3 seq=19 bytes=48 time_ms=614328
RX,REAL,,3,58,48,615034.168,614531,615034.168,614327,614531,43.167999999946915,1654,615034168	ID:1	[INFO: Metric    ] METRIC_RX type=REAL src=3 seq=58 send_ms=614327 recv_ms=614531 bytes=48
RX,DUMMY,,3,19,48,615098.168,614595,615098.168,614328,614595,,1655,615098168	ID:1	[INFO: Metric    ] METRIC_RX type=DUMMY src=3 seq=19 send_ms=614328 recv_ms=614595 bytes=48
TX,REAL,5,,59,48,615404.0,615067,615404.0,,,,1658,615404000	ID:5	[INFO: Metric    ] METRIC_TX type=REAL node=5 seq=59 bytes=48 time_ms=615067
RX,REAL,,5,59,48,615463.168,614960,615463.168,615067,614960,59.167999999946915,1659,615463168	ID:1	[INFO: Metric    ] METRIC_RX type=REAL src=5 seq=59 send_ms=615067 recv_ms=614960 bytes=48
TX,REAL,6,,59,48,617445.0,616506,617445.0,,,,1661,617445000	ID:6	[INFO: Metric    ] METRIC_TX type=REAL node=6 seq=59 bytes=48 time_ms=616506
RX,REAL,,6,59,48,617474.88,616971,617474.88,616506,616971,29.880000000004657,1662,617474880	ID:1	[INFO: Metric    ] METRIC_RX type=REAL src=6 seq=59 send_ms=616506 recv_ms=616971 bytes=48
TX,REAL,7,,60,48,619269.0,618950,619269.0,,,,1666,619269000	ID:7	[INFO: Metric    ] METRIC_TX type=REAL node=7 seq=60 bytes=48 time_ms=618950
TX,DUMMY,7,,29,48,619270.0,618951,619270.0,,,,1667,619270000	ID:7	[INFO: Metric    ] METRIC_TX type=DUMMY node=7 seq=29 bytes=48 time_ms=618951
RX,REAL,,7,60,48,619305.88,618802,619305.88,618950,618802,36.88000000000466,1668,619305880	ID:1	[INFO: Metric    ] METRIC_RX type=REAL src=7 seq=60 send_ms=618950 recv_ms=618802 bytes=48
RX,DUMMY,,7,29,48,619347.88,618844,619347.88,618951,618844,,1669,619347880	ID:1	[INFO: Metric    ] METRIC_RX type=DUMMY src=7 seq=29 send_ms=618951 recv_ms=618844 bytes=48
TX,REAL,2,,60,48,621093.0,620230,621093.0,,,,1675,621093000	ID:2	[INFO: Metric    ] METRIC_TX type=REAL node=2 seq=60 bytes=48 time_ms=620230
TX,DUMMY,2,,24,48,621094.0,620231,621094.0,,,,1676,621094000	ID:2	[INFO: Metric    ] METRIC_TX type=DUMMY node=2 seq=24 bytes=48 time_ms=620231
RX,REAL,,2,60,48,621129.88,620626,621129.88,620230,620626,36.88000000000466,1677,621129880	ID:1	[INFO: Metric    ] METRIC_RX type=REAL src=2 seq=60 send_ms=620230 recv_ms=620626 bytes=48
RX,DUMMY,,2,24,48,621142.88,620639,621142.88,620231,620639,,1678,621142880	ID:1	[INFO: Metric    ] METRIC_RX type=DUMMY src=2 seq=24 send_ms=620231 recv_ms=620639 bytes=48
TX,REAL,3,,59,48,622993.0,622329,622993.0,,,,1681,622993000	ID:3	[INFO: Metric    ] METRIC_TX type=REAL node=3 seq=59 bytes=48 time_ms=622329
RX,REAL,,3,59,48,623062.168,622559,623062.168,622329,622559,69.16799999994691,1682,623062168	ID:1	[INFO: Metric    ] METRIC_RX type=REAL src=3 seq=59 send_ms=622329 recv_ms=622559 bytes=48
TX,REAL,4,,58,48,623653.0,623360,623653.0,,,,1684,623653000	ID:4	[INFO: Metric    ] METRIC_TX type=REAL node=4 seq=58 bytes=48 time_ms=623360
RX,REAL,,4,58,48,623691.168,623188,623691.168,623360,623188,38.167999999946915,1685,623691168	ID:1	[INFO: Metric    ] METRIC_RX type=REAL src=4 seq=58 send_ms=623360 recv_ms=623188 bytes=48
TX,REAL,6,,60,48,625446.0,624507,625446.0,,,,1689,625446000	ID:6	[INFO: Metric    ] METRIC_TX type=REAL node=6 seq=60 bytes=48 time_ms=624507
RX,REAL,,6,60,48,625459.88,624956,625459.88,624507,624956,13.880000000004657,1690,625459880	ID:1	[INFO: Metric    ] METRIC_RX type=REAL src=6 seq=60 send_ms=624507 recv_ms=624956 bytes=48
TX,REAL,5,,60,48,626405.0,626068,626405.0,,,,1694,626405000	ID:5	[INFO: Metric    ] METRIC_TX type=REAL node=5 seq=60 bytes=48 time_ms=626068
RX,REAL,,5,60,48,626468.168,625965,626468.168,626068,625965,63.167999999946915,1695,626468168	ID:1	[INFO: Metric    ] METRIC_RX type=REAL src=5 seq=60 send_ms=626068 recv_ms=625965 bytes=48
TX,REAL,7,,61,48,628271.0,627952,628271.0,,,,1697,628271000	ID:7	[INFO: Metric    ] METRIC_TX type=REAL node=7 seq=61 bytes=48 time_ms=627952
RX,REAL,,7,61,48,628292.88,627789,628292.88,627952,627789,21.880000000004657,1698,628292880	ID:1	[INFO: Metric    ] METRIC_RX type=REAL src=7 seq=61 send_ms=627952 recv_ms=627789 bytes=48
TX,REAL,2,,61,48,629095.0,628232,629095.0,,,,1700,629095000	ID:2	[INFO: Metric    ] METRIC_TX type=REAL node=2 seq=61 bytes=48 time_ms=628232
TX,DUMMY,2,,25,48,629096.0,628233,629096.0,,,,1701,629096000	ID:2	[INFO: Metric    ] METRIC_TX type=DUMMY node=2 seq=25 bytes=48 time_ms=628233
RX,REAL,,2,61,48,629107.88,628604,629107.88,628232,628604,12.880000000004657,1702,629107880	ID:1	[INFO: Metric    ] METRIC_RX type=REAL src=2 seq=61 send_ms=628232 recv_ms=628604 bytes=48
RX,DUMMY,,2,25,48,629152.88,628649,629152.88,628233,628649,,1704,629152880	ID:1	[INFO: Metric    ] METRIC_RX type=DUMMY src=2 seq=25 send_ms=628233 recv_ms=628649 bytes=48
TX,REAL,3,,60,48,632994.0,632330,632994.0,,,,1708,632994000	ID:3	[INFO: Metric    ] METRIC_TX type=REAL node=3 seq=60 bytes=48 time_ms=632330
TX,DUMMY,3,,20,48,632995.0,632331,632995.0,,,,1709,632995000	ID:3	[INFO: Metric    ] METRIC_TX type=DUMMY node=3 seq=20 bytes=48 time_ms=632331
RX,REAL,,3,60,48,633026.168,632523,633026.168,632330,632523,32.167999999946915,1710,633026168	ID:1	[INFO: Metric    ] METRIC_RX type=REAL src=3 seq=60 send_ms=632330 recv_ms=632523 bytes=48
RX,DUMMY,,3,20,48,633110.168,632607,633110.168,632331,632607,,1713,633110168	ID:1	[INFO: Metric    ] METRIC_RX type=DUMMY src=3 seq=20 send_ms=632331 recv_ms=632607 bytes=48
TX,REAL,4,,59,48,634654.0,634361,634654.0,,,,1715,634654000	ID:4	[INFO: Metric    ] METRIC_TX type=REAL node=4 seq=59 bytes=48 time_ms=634361
TX,DUMMY,4,,19,48,634655.0,634362,634655.0,,,,1716,634655000	ID:4	[INFO: Metric    ] METRIC_TX type=DUMMY node=4 seq=19 bytes=48 time_ms=634362
RX,REAL,,4,59,48,634691.168,634188,634691.168,634361,634188,37.167999999946915,1717,634691168	ID:1	[INFO: Metric    ] METRIC_RX type=REAL src=4 seq=59 send_ms=634361 recv_ms=634188 bytes=48
RX,DUMMY,,4,19,48,634793.168,634290,634793.168,634362,634290,,1719,634793168	ID:1	[INFO: Metric    ] METRIC_RX type=DUMMY src=4 seq=19 send_ms=634362 recv_ms=634290 bytes=48
TX,REAL,7,,62,48,636272.0,635953,636272.0,,,,1721,636272000	ID:7	[INFO: Metric    ] METRIC_TX type=REAL node=7 seq=62 bytes=48 time_ms=635953
RX,REAL,,7,62,48,636287.88,635784,636287.88,635953,635784,15.880000000004657,1722,636287880	ID:1	[INFO: Metric    ] METRIC_RX type=REAL src=7 seq=62 send_ms=635953 recv_ms=635784 bytes=48
TX,REAL,5,,61,48,636406.0,636069,636406.0,,,,1724,636406000	ID:5	[INFO: Metric    ] METRIC_TX type=REAL node=5 seq=61 bytes=48 time_ms=636069
RX,REAL,,5,61,48,636460.168,635957,636460.168,636069,635957,54.167999999946915,1725,636460168	ID:1	[INFO: Metric    ] METRIC_RX type=REAL src=5 seq=61 send_ms=636069 recv_ms=635957 bytes=48
TX,REAL,6,,61,48,637447.0,636508,637447.0,,,,1727,637447000	ID:6	[INFO: Metric    ] METRIC_TX type=REAL node=6 seq=61 bytes=48 time_ms=636508
RX,REAL,,6,61,48,637480.88,636977,637480.88,636508,636977,33.88000000000466,1728,637480880	ID:1	[INFO: Metric    ] METRIC_RX type=REAL src=6 seq=61 send_ms=636508 recv_ms=636977 bytes=48
TX,REAL,2,,62,48,640097.0,639234,640097.0,,,,1730,640097000	ID:2	[INFO: Metric    ] METRIC_TX type=REAL node=2 seq=62 bytes=48 time_ms=639234
TX,DUMMY,2,,26,48,640098.0,639235,640098.0,,,,1731,640098000	ID:2	[INFO: Metric    ] METRIC_TX type=DUMMY node=2 seq=26 bytes=48 time_ms=639235
RX,REAL,,2,62,48,640130.88,639627,640130.88,639234,639627,33.88000000000466,1732,640130880	ID:1	[INFO: Metric    ] METRIC_RX type=REAL src=2 seq=62 send_ms=639234 recv_ms=639627 bytes=48
RX,DUMMY,,2,26,48,640165.88,639662,640165.88,639235,639662,,1734,640165880	ID:1	[INFO: Metric    ] METRIC_RX type=DUMMY src=2 seq=26 send_ms=639235 recv_ms=639662 bytes=48
TX,REAL,3,,61,48,642996.0,642332,642996.0,,,,1736,642996000	ID:3	[INFO: Metric    ] METRIC_TX type=REAL node=3 seq=61 bytes=48 time_ms=642332
RX,REAL,,3,61,48,643043.168,642540,643043.168,642332,642540,47.167999999946915,1737,643043168	ID:1	[INFO: Metric    ] METRIC_RX type=REAL src=3 seq=61 send_ms=642332 recv_ms=642540 bytes=48
TX,REAL,4,,60,48,645656.0,645363,645656.0,,,,1741,645656000	ID:4	[INFO: Metric    ] METRIC_TX type=REAL node=4 seq=60 bytes=48 time_ms=645363
RX,REAL,,4,60,48,645708.168,645205,645708.168,645363,645205,52.167999999946915,1742,645708168	ID:1	[INFO: Metric    ] METRIC_RX type=REAL src=4 seq=60 send_ms=645363 recv_ms=645205 bytes=48
TX,REAL,7,,63,48,646273.0,645954,646273.0,,,,1745,646273000	ID:7	[INFO: Metric    ] METRIC_TX type=REAL node=7 seq=63 bytes=48 time_ms=645954
RX,REAL,,7,63,48,646312.88,645809,646312.88,645954,645809,39.88000000000466,1746,646312880	ID:1	[INFO: Metric    ] METRIC_RX type=REAL src=7 seq=63 send_ms=645954 recv_ms=645809 bytes=48
TX,REAL,6,,62,48,646448.0,645509,646448.0,,,,1748,646448000	ID:6	[INFO: Metric    ] METRIC_TX type=REAL node=6 seq=62 bytes=48 time_ms=645509
RX,REAL,,6,62,48,646453.88,645950,646453.88,645509,645950,5.880000000004657,1749,646453880	ID:1	[INFO: Metric    ] METRIC_RX type=REAL src=6 seq=62 send_ms=645509 recv_ms=645950 bytes=48
TX,REAL,5,,62,48,648407.0,648070,648407.0,,,,1751,648407000	ID:5	[INFO: Metric    ] METRIC_TX type=REAL node=5 seq=62 bytes=48 time_ms=648070
RX,REAL,,5,62,48,648481.168,647978,648481.168,648070,647978,74.16799999994691,1752,648481168	ID:1	[INFO: Metric    ] METRIC_RX type=REAL src=5 seq=62 send_ms=648070 recv_ms=647978 bytes=48
TX,REAL,2,,63,48,650099.0,649236,650099.0,,,,1754,650099000	ID:2	[INFO: Metric    ] METRIC_TX type=REAL node=2 seq=63 bytes=48 time_ms=649236
RX,REAL,,2,63,48,650135.88,649632,650135.88,649236,649632,36.88000000000466,1755,650135880	ID:1	[INFO: Metric    ] METRIC_RX type=REAL src=2 seq=63 send_ms=649236 recv_ms=649632 bytes=48
TX,REAL,3,,62,48,651997.0,651333,651997.0,,,,1757,651997000	ID:3	[INFO: Metric    ] METRIC_TX type=REAL node=3 seq=62 bytes=48 time_ms=651333
RX,REAL,,3,62,48,652032.168,651529,652032.168,651333,651529,35.167999999946915,1758,652032168	ID:1	[INFO: Metric    ] METRIC_RX type=REAL src=3 seq=62 send_ms=651333 recv_ms=651529 bytes=48
TX,REAL,7,,64,48,654274.0,653955,654274.0,,,,1760,654274000	ID:7	[INFO: Metric    ] METRIC_TX type=REAL node=7 seq=64 bytes=48 time_ms=653955
TX,DUMMY,7,,30,48,654275.0,653956,654275.0,,,,1761,654275000	ID:7	[INFO: Metric    ] METRIC_TX type=DUMMY node=7 seq=30 bytes=48 time_ms=653956
RX,REAL,,7,64,48,654290.88,653787,654290.88,653955,653787,16.880000000004657,1762,654290880	ID:1	[INFO: Metric    ] METRIC_RX type=REAL src=7 seq=64 send_ms=653955 recv_ms=653787 bytes=48
RX,DUMMY,,7,30,48,654366.88,653863,654366.88,653956,653863,,1764,654366880	ID:1	[INFO: Metric    ] METRIC_RX type=DUMMY src=7 seq=30 send_ms=653956 recv_ms=653863 bytes=48
TX,REAL,6,,63,48,654449.0,653510,654449.0,,,,1766,654449000	ID:6	[INFO: Metric    ] METRIC_TX type=REAL node=6 seq=63 bytes=48 time_ms=653510
TX,DUMMY,6,,18,48,654450.0,653511,654450.0,,,,1767,654450000	ID:6	[INFO: Metric    ] METRIC_TX type=DUMMY node=6 seq=18 bytes=48 time_ms=653511
RX,REAL,,6,63,48,654493.88,653990,654493.88,653510,653990,44.88000000000466,1768,654493880	ID:1	[INFO: Metric    ] METRIC_RX type=REAL src=6 seq=63 send_ms=653510 recv_ms=653990 bytes=48
RX,DUMMY,,6,18,48,654524.88,654021,654524.88,653511,654021,,1770,654524880	ID:1	[INFO: Metric    ] METRIC_RX type=DUMMY src=6 seq=18 send_ms=653511 recv_ms=654021 bytes=48
TX,REAL,4,,61,48,655657.0,655364,655657.0,,,,1772,655657000	ID:4	[INFO: Metric    ] METRIC_TX type=REAL node=4 seq=61 bytes=48 time_ms=655364
RX,REAL,,4,61,48,655720.168,655217,655720.168,655364,655217,63.167999999946915,1773,655720168	ID:1	[INFO: Metric    ] METRIC_RX type=REAL src=4 seq=61 send_ms=655364 recv_ms=655217 bytes=48
TX,REAL,5,,63,48,659408.0,659071,659408.0,,,,1776,659408000	ID:5	[INFO: Metric    ] METRIC_TX type=REAL node=5 seq=63 bytes=48 time_ms=659071
TX,DUMMY,5,,21,48,659409.0,659072,659409.0,,,,1777,659409000	ID:5	[INFO: Metric    ] METRIC_TX type=DUMMY node=5 seq=21 bytes=48 time_ms=659072
RX,REAL,,5,63,48,659459.168,658956,659459.168,659071,658956,51.167999999946915,1778,659459168	ID:1	[INFO: Metric    ] METRIC_RX type=REAL src=5 seq=63 send_ms=659071 recv_ms=658956 bytes=48
RX,DUMMY,,5,21,48,659471.168,658968,659471.168,659072,658968,,1779,659471168	ID:1	[INFO: Metric    ] METRIC_RX type=DUMMY src=5 seq=21 send_ms=659072 recv_ms=658968 bytes=48
TX,REAL,3,,63,48,661998.0,661334,661998.0,,,,1782,661998000	ID:3	[INFO: Metric    ] METRIC_TX type=REAL node=3 seq=63 bytes=48 time_ms=661334
TX,DUMMY,3,,21,48,661999.0,661335,661999.0,,,,1783,661999000	ID:3	[INFO: Metric    ] METRIC_TX type=DUMMY node=3 seq=21 bytes=48 time_ms=661335
RX,REAL,,3,63,48,662054.168,661551,662054.168,661334,661551,56.167999999946915,1784,662054168	ID:1	[INFO: Metric    ] METRIC_RX type=REAL src=3 seq=63 send_ms=661334 recv_ms=661551 bytes=48
RX,DUMMY,,3,21,48,662097.592,661594,662097.592,661335,661594,,1786,662097592	ID:1	[INFO: Metric    ] METRIC_RX type=DUMMY src=3 seq=21 send_ms=661335 recv_ms=661594 bytes=48
TX,REAL,2,,64,48,662100.0,661237,662100.0,,,,1787,662100000	ID:2	[INFO: Metric    ] METRIC_TX type=REAL node=2 seq=64 bytes=48 time_ms=661237
RX,REAL,,2,64,48,662118.88,661615,662118.88,661237,661615,18.880000000004657,1788,662118880	ID:1	[INFO: Metric    ] METRIC_RX type=REAL src=2 seq=64 send_ms=661237 recv_ms=661615 bytes=48
TX,REAL,7,,65,48,662276.0,661957,662276.0,,,,1791,662276000	ID:7	[INFO: Metric    ] METRIC_TX type=REAL node=7 seq=65 bytes=48 time_ms=661957
RX,REAL,,7,65,48,662307.88,661804,662307.88,661957,661804,31.880000000004657,1792,662307880	ID:1	[INFO: Metric    ] METRIC_RX type=REAL src=7 seq=65 send_ms=661957 recv_ms=661804 bytes=48
TX,REAL,6,,64,48,665451.0,664512,665451.0,,,,1794,665451000	ID:6	[INFO: Metric    ] METRIC_TX type=REAL node=6 seq=64 bytes=48 time_ms=664512
RX,REAL,,6,64,48,665495.88,664992,665495.88,664512,664992,44.88000000000466,1795,665495880	ID:1	[INFO: Metric    ] METRIC_RX type=REAL src=6 seq=64 send_ms=664512 recv_ms=664992 bytes=48
TX,REAL,4,,62,48,666658.0,666365,666658.0,,,,1797,666658000	ID:4	[INFO: Metric    ] METRIC_TX type=REAL node=4 seq=62 bytes=48 time_ms=666365
RX,REAL,,4,62,48,666697.168,666194,666697.168,666365,666194,39.167999999946915,1798,666697168	ID:1	[INFO: Metric    ] METRIC_RX type=REAL src=4 seq=62 send_ms=666365 recv_ms=666194 bytes=48
TX,REAL,3,,64,48,670000.0,669336,670000.0,,,,1800,670000000	ID:3	[INFO: Metric    ] METRIC_TX type=REAL node=3 seq=64 bytes=48 time_ms=669336
TX,DUMMY,3,,22,48,670001.0,669337,670001.0,,,,1801,670001000	ID:3	[INFO: Metric    ] METRIC_TX type=DUMMY node=3 seq=22 bytes=48 time_ms=669337
RX,REAL,,3,64,48,670036.168,669533,670036.168,669336,669533,36.167999999946915,1802,670036168	ID:1	[INFO: Metric    ] METRIC_RX type=REAL src=3 seq=64 send_ms=669336 recv_ms=669533 bytes=48
RX,DUMMY,,3,22,48,670103.592,669600,670103.592,669337,669600,,1804,670103592	ID:1	[INFO: Metric    ] METRIC_RX type=DUMMY src=3 seq=22 send_ms=669337 recv_ms=669600 bytes=48
TX,REAL,2,,65,48,670105.592,669242,670105.592,,,,1806,670105592	ID:2	[INFO: Metric    ] METRIC_TX type=REAL node=2 seq=65 bytes=48 time_ms=669242
RX,REAL,,2,65,48,670149.304,669646,670149.304,669242,669646,43.71200000005774,1808,670149304	ID:1	[INFO: Metric    ] METRIC_RX type=REAL src=2 seq=65 send_ms=669242 recv_ms=669646 bytes=48
TX,REAL,7,,66,48,670277.0,669958,670277.0,,,,1810,670277000	ID:7	[INFO: Metric    ] METRIC_TX type=REAL node=7 seq=66 bytes=48 time_ms=669958
RX,REAL,,7,66,48,670313.88,669810,670313.88,669958,669810,36.88000000000466,1811,670313880	ID:1	[INFO: Metric    ] METRIC_RX type=REAL src=7 seq=66 send_ms=669958 recv_ms=669810 bytes=48
TX,REAL,5,,64,48,670410.0,670073,670410.0,,,,1813,670410000	ID:5	[INFO: Metric    ] METRIC_TX type=REAL node=5 seq=64 bytes=48 time_ms=670073
RX,REAL,,5,64,48,670471.168,669968,670471.168,670073,669968,61.167999999946915,1814,670471168	ID:1	[INFO: Metric    ] METRIC_RX type=REAL src=5 seq=64 send_ms=670073 recv_ms=669968 bytes=48
TX,REAL,4,,63,48,674659.0,674366,674659.0,,,,1816,674659000	ID:4	[INFO: Metric    ] METRIC_TX type=REAL node=4 seq=63 bytes=48 time_ms=674366
RX,REAL,,4,63,48,674695.168,674192,674695.168,674366,674192,36.167999999946915,1817,674695168	ID:1	[INFO: Metric    ] METRIC_RX type=REAL src=4 seq=63 send_ms=674366 recv_ms=674192 bytes=48
TX,REAL,6,,65,48,677452.0,676513,677452.0,,,,1819,677452000	ID:6	[INFO: Metric    ] METRIC_TX type=REAL node=6 seq=65 bytes=48 time_ms=676513
TX,DUMMY,6,,19,48,677453.0,676514,677453.0,,,,1820,677453000	ID:6	[INFO: Metric    ] METRIC_TX type=DUMMY node=6 seq=19 bytes=48 time_ms=676514
RX,REAL,,6,65,48,677468.88,676965,677468.88,676513,676965,16.880000000004657,1821,677468880	ID:1	[INFO: Metric    ] METRIC_RX type=REAL src=6 seq=65 send_ms=676513 recv_ms=676965 bytes=48
RX,DUMMY,,6,19,48,677479.88,676976,677479.88,676514,676976,,1822,677479880	ID:1	[INFO: Metric    ] METRIC_RX type=DUMMY src=6 seq=19 send_ms=676514 recv_ms=676976 bytes=48
TX,REAL,3,,65,48,678002.0,677338,678002.0,,,,1825,678002000	ID:3	[INFO: Metric    ] METRIC_TX type=REAL node=3 seq=65 bytes=48 time_ms=677338
TX,DUMMY,3,,23,48,678003.0,677339,678003.0,,,,1826,678003000	ID:3	[INFO: Metric    ] METRIC_TX type=DUMMY node=3 seq=23 bytes=48 time_ms=677339
RX,REAL,,3,65,48,678059.168,677556,678059.168,677338,677556,57.167999999946915,1827,678059168	ID:1	[INFO: Metric    ] METRIC_RX type=REAL src=3 seq=65 send_ms=677338 recv_ms=677556 bytes=48
RX,DUMMY,,3,23,48,678086.168,677583,678086.168,677339,677583,,1828,678086168	ID:1	[INFO: Metric    ] METRIC_RX type=DUMMY src=3 seq=23 send_ms=677339 recv_ms=677583 bytes=48
TX,REAL,2,,66,48,680106.0,679243,680106.0,,,,1831,680106000	ID:2	[INFO: Metric    ] METRIC_TX type=REAL node=2 seq=66 bytes=48 time_ms=679243
RX,REAL,,2,66,48,680150.88,679647,680150.88,679243,679647,44.88000000000466,1832,680150880	ID:1	[INFO: Metric    ] METRIC_RX type=REAL src=2 seq=66 send_ms=679243 recv_ms=679647 bytes=48
TX,REAL,5,,65,48,680411.0,680074,680411.0,,,,1834,680411000	ID:5	[INFO: Metric    ] METRIC_TX type=REAL node=5 seq=65 bytes=48 time_ms=680074
TX,DUMMY,5,,22,48,680412.0,680075,680412.0,,,,1835,680412000	ID:5	[INFO: Metric    ] METRIC_TX type=DUMMY node=5 seq=22 bytes=48 time_ms=680075
RX,REAL,,5,65,48,680507.168,680004,680507.168,680074,680004,96.16799999994691,1836,680507168	ID:1	[INFO: Metric    ] METRIC_RX type=REAL src=5 seq=65 send_ms=680074 recv_ms=680004 bytes=48
RX,DUMMY,,5,22,48,680536.592,680033,680536.592,680075,680033,,1839,680536592	ID:1	[INFO: Metric    ] METRIC_RX type=DUMMY src=5 seq=22 send_ms=680075 recv_ms=680033 bytes=48
TX,REAL,7,,67,48,681278.0,680959,681278.0,,,,1841,681278000	ID:7	[INFO: Metric    ] METRIC_TX type=REAL node=7 seq=67 bytes=48 time_ms=680959
RX,REAL,,7,67,48,681316.88,680813,681316.88,680959,680813,38.88000000000466,1842,681316880	ID:1	[INFO: Metric    ] METRIC_RX type=REAL src=7 seq=67 send_ms=680959 recv_ms=680813 bytes=48
TX,REAL,4,,64,48,682660.0,682367,682660.0,,,,1844,682660000	ID:4	[INFO: Metric    ] METRIC_TX type=REAL node=4 seq=64 bytes=48 time_ms=682367
TX,DUMMY,4,,20,48,682661.0,682368,682661.0,,,,1845,682661000	ID:4	[INFO: Metric    ] METRIC_TX type=DUMMY node=4 seq=20 bytes=48 time_ms=682368
RX,REAL,,4,64,48,682703.168,682200,682703.168,682367,682200,43.167999999946915,1846,682703168	ID:1	[INFO: Metric    ] METRIC_RX type=REAL src=4 seq=64 send_ms=682367 recv_ms=682200 bytes=48
RX,DUMMY,,4,20,48,682799.168,682296,682799.168,682368,682296,,1848,682799168	ID:1	[INFO: Metric    ] METRIC_RX type=DUMMY src=4 seq=20 send_ms=682368 recv_ms=682296 bytes=48
TX,REAL,2,,67,48,688107.0,687244,688107.0,,,,1850,688107000	ID:2	[INFO: Metric    ] METRIC_TX type=REAL node=2 seq=67 bytes=48 time_ms=687244
TX,DUMMY,2,,27,48,688108.0,687245,688108.0,,,,1851,688108000	ID:2	[INFO: Metric    ] METRIC_TX type=DUMMY node=2 seq=27 bytes=48 time_ms=687245
RX,REAL,,2,67,48,688139.88,687636,688139.88,687244,687636,32.88000000000466,1852,688139880	ID:1	[INFO: Metric    ] METRIC_RX type=REAL src=2 seq=67 send_ms=687244 recv_ms=687636 bytes=48
RX,DUMMY,,2,27,48,688145.88,687642,688145.88,687245,687642,,1853,688145880	ID:1	[INFO: Metric    ] METRIC_RX type=DUMMY src=2 seq=27 send_ms=687245 recv_ms=687642 bytes=48
TX,REAL,6,,66,48,688454.0,687515,688454.0,,,,1856,688454000	ID:6	[INFO: Metric    ] METRIC_TX type=REAL node=6 seq=66 bytes=48 time_ms=687515
TX,DUMMY,6,,20,48,688455.0,687516,688455.0,,,,1857,688455000	ID:6	[INFO: Metric    ] METRIC_TX type=DUMMY node=6 seq=20 bytes=48 time_ms=687516
RX,REAL,,6,66,48,688493.88,687990,688493.88,687515,687990,39.88000000000466,1858,688493880	ID:1	[INFO: Metric    ] METRIC_RX type=REAL src=6 seq=66 send_ms=687515 recv_ms=687990 bytes=48
RX,DUMMY,,6,20,48,688514.88,688011,688514.88,687516,688011,,1860,688514880	ID:1	[INFO: Metric    ] METRIC_RX type=DUMMY src=6 seq=20 send_ms=687516 recv_ms=688011 bytes=48
TX,REAL,5,,66,48,689413.0,689076,689413.0,,,,1862,689413000	ID:5	[INFO: Metric    ] METRIC_TX type=REAL node=5 seq=66 bytes=48 time_ms=689076
RX,REAL,,5,66,48,689437.168,688934,689437.168,689076,688934,24.167999999946915,1863,689437168	ID:1	[INFO: Metric    ] METRIC_RX type=REAL src=5 seq=66 send_ms=689076 recv_ms=688934 bytes=48
TX,REAL,3,,66,48,690004.0,689340,690004.0,,,,1865,690004000	ID:3	[INFO: Metric    ] METRIC_TX type=REAL node=3 seq=66 bytes=48 time_ms=689340
RX,REAL,,3,66,48,690061.168,689558,690061.168,689340,689558,57.167999999946915,1866,690061168	ID:1	[INFO: Metric    ] METRIC_RX type=REAL src=3 seq=66 send_ms=689340 recv_ms=689558 bytes=48
TX,REAL,4,,65,48,691662.0,691369,691662.0,,,,1869,691662000	ID:4	[INFO: Metric    ] METRIC_TX type=REAL node=4 seq=65 bytes=48 time_ms=691369
RX,REAL,,4,65,48,691726.168,691223,691726.168,691369,691223,64.16799999994691,1870,691726168	ID:1	[INFO: Metric    ] METRIC_RX type=REAL src=4 seq=65 send_ms=691369 recv_ms=691223 bytes=48
TX,REAL,7,,68,48,692279.0,691960,692279.0,,,,1872,692279000	ID:7	[INFO: Metric    ] METRIC_TX type=REAL node=7 seq=68 bytes=48 time_ms=691960
RX,REAL,,7,68,48,692321.88,691818,692321.88,691960,691818,42.88000000000466,1873,692321880	ID:1	[INFO: Metric    ] METRIC_RX type=REAL src=7 seq=68 send_ms=691960 recv_ms=691818 bytes=48
TX,REAL,2,,68,48,696109.0,695246,696109.0,,,,1875,696109000	ID:2	[INFO: Metric    ] METRIC_TX type=REAL node=2 seq=68 bytes=48 time_ms=695246
RX,REAL,,2,68,48,696154.88,695651,696154.88,695246,695651,45.88000000000466,1876,696154880	ID:1	[INFO: Metric    ] METRIC_RX type=REAL src=2 seq=68 send_ms=695246 recv_ms=695651 bytes=48
TX,REAL,6,,67,48,696456.0,695517,696456.0,,,,1878,696456000	ID:6	[INFO: Metric    ] METRIC_TX type=REAL node=6 seq=67 bytes=48 time_ms=695517
RX,REAL,,6,67,48,696494.88,695991,696494.88,695517,695991,38.88000000000466,1879,696494880	ID:1	[INFO: Metric    ] METRIC_RX type=REAL src=6 seq=67 send_ms=695517 recv_ms=695991 bytes=48
TX,REAL,5,,67,48,699414.0,699077,699414.0,,,,1881,699414000	ID:5	[INFO: Metric    ] METRIC_TX type=REAL node=5 seq=67 bytes=48 time_ms=699077
RX,REAL,,5,67,48,699460.168,698957,699460.168,699077,698957,46.167999999946915,1882,699460168	ID:1	[INFO: Metric    ] METRIC_RX type=REAL src=5 seq=67 send_ms=699077 recv_ms=698957 bytes=48
TX,REAL,4,,66,48,700663.0,700370,700663.0,,,,1884,700663000	ID:4	[INFO: Metric    ] METRIC_TX type=REAL node=4 seq=66 bytes=48 time_ms=700370
RX,REAL,,4,66,48,700716.168,700213,700716.168,700370,700213,53.167999999946915,1885,700716168	ID:1	[INFO: Metric    ] METRIC_RX type=REAL src=4 seq=66 send_ms=700370 recv_ms=700213 bytes=48
TX,REAL,3,,67,48,702005.0,701341,702005.0,,,,1887,702005000	ID:3	[INFO: Metric    ] METRIC_TX type=REAL node=3 seq=67 bytes=48 time_ms=701341
RX,REAL,,3,67,48,702041.168,701538,702041.168,701341,701538,36.167999999946915,1888,702041168	ID:1	[INFO: Metric    ] METRIC_RX type=REAL src=3 seq=67 send_ms=701341 recv_ms=701538 bytes=48
TX,REAL,7,,69,48,702280.0,701961,702280.0,,,,1890,702280000	ID:7	[INFO: Metric    ] METRIC_TX type=REAL node=7 seq=69 bytes=48 time_ms=701961
RX,REAL,,7,69,48,702292.88,701789,702292.88,701961,701789,12.880000000004657,1891,702292880	ID:1	[INFO: Metric    ] METRIC_RX type=REAL src=7 seq=69 send_ms=701961 recv_ms=701789 bytes=48
TX,REAL,2,,69,48,706110.0,705247,706110.0,,,,1893,706110000	ID:2	[INFO: Metric    ] METRIC_TX type=REAL node=2 seq=69 bytes=48 time_ms=705247
RX,REAL,,2,69,48,706134.88,705631,706134.88,705247,705631,24.880000000004657,1894,706134880	ID:1	[INFO: Metric    ] METRIC_RX type=REAL src=2 seq=69 send_ms=705247 recv_ms=705631 bytes=48
TX,REAL,5,,68,48,707415.0,707078,707415.0,,,,1896,707415000	ID:5	[INFO: Metric    ] METRIC_TX type=REAL node=5 seq=68 bytes=48 time_ms=707078
RX,REAL,,5,68,48,707465.168,706962,707465.168,707078,706962,50.167999999946915,1897,707465168	ID:1	[INFO: Metric    ] METRIC_RX type=REAL src=5 seq=68 send_ms=707078 recv_ms=706962 bytes=48
TX,REAL,6,,68,48,708457.0,707518,708457.0,,,,1900,708457000	ID:6	[INFO: Metric    ] METRIC_TX type=REAL node=6 seq=68 bytes=48 time_ms=707518
RX,REAL,,6,68,48,708486.88,707983,708486.88,707518,707983,29.880000000004657,1901,708486880	ID:1	[INFO: Metric    ] METRIC_RX type=REAL src=6 seq=68 send_ms=707518 recv_ms=707983 bytes=48
TX,REAL,7,,70,48,710281.0,709962,710281.0,,,,1905,710281000	ID:7	[INFO: Metric    ] METRIC_TX type=REAL node=7 seq=70 bytes=48 time_ms=709962
RX,REAL,,7,70,48,710320.88,709817,710320.88,709962,709817,39.88000000000466,1906,710320880	ID:1	[INFO: Metric    ] METRIC_RX type=REAL src=7 seq=70 send_ms=709962 recv_ms=709817 bytes=48
TX,REAL,3,,68,48,712006.0,711342,712006.0,,,,1908,712006000	ID:3	[INFO: Metric    ] METRIC_TX type=REAL node=3 seq=68 bytes=48 time_ms=711342
RX,REAL,,3,68,48,712049.168,711546,712049.168,711342,711546,43.167999999946915,1909,712049168	ID:1	[INFO: Metric    ] METRIC_RX type=REAL src=3 seq=68 send_ms=711342 recv_ms=711546 bytes=48
TX,REAL,4,,67,48,712664.0,712371,712664.0,,,,1911,712664000	ID:4	[INFO: Metric    ] METRIC_TX type=REAL node=4 seq=67 bytes=48 time_ms=712371
TX,DUMMY,4,,21,48,712665.0,712372,712665.0,,,,1912,712665000	ID:4	[INFO: Metric    ] METRIC_TX type=DUMMY node=4 seq=21 bytes=48 time_ms=712372
RX,REAL,,4,67,48,712738.304,712235,712738.304,712371,712235,74.30400000000373,1913,712738304	ID:1	[INFO: Metric    ] METRIC_RX type=REAL src=4 seq=67 send_ms=712371 recv_ms=712235 bytes=48
RX,DUMMY,,4,21,48,712772.168,712269,712772.168,712372,712269,,1914,712772168	ID:1	[INFO: Metric    ] METRIC_RX type=DUMMY src=4 seq=21 send_ms=712372 recv_ms=712269 bytes=48
TX,REAL,2,,70,48,714111.0,713248,714111.0,,,,1919,714111000	ID:2	[INFO: Metric    ] METRIC_TX type=REAL node=2 seq=70 bytes=48 time_ms=713248
RX,REAL,,2,70,48,714149.88,713646,714149.88,713248,713646,38.88000000000466,1920,714149880	ID:1	[INFO: Metric    ] METRIC_RX type=REAL src=2 seq=70 send_ms=713248 recv_ms=713646 bytes=48
TX,REAL,5,,69,48,717416.0,717079,717416.0,,,,1922,717416000	ID:5	[INFO: Metric    ] METRIC_TX type=REAL node=5 seq=69 bytes=48 time_ms=717079
RX,REAL,,5,69,48,717458.168,716955,717458.168,717079,716955,42.167999999946915,1923,717458168	ID:1	[INFO: Metric    ] METRIC_RX type=REAL src=5 seq=69 send_ms=717079 recv_ms=716955 bytes=48
TX,REAL,7,,71,48,718282.0,717963,718282.0,,,,1925,718282000	ID:7	[INFO: Metric    ] METRIC_TX type=REAL node=7 seq=71 bytes=48 time_ms=717963
RX,REAL,,7,71,48,718324.88,717821,718324.88,717963,717821,42.88000000000466,1926,718324880	ID:1	[INFO: Metric    ] METRIC_RX type=REAL src=7 seq=71 send_ms=717963 recv_ms=717821 bytes=48
TX,REAL,6,,69,48,719458.0,718519,719458.0,,,,1928,719458000	ID:6	[INFO: Metric    ] METRIC_TX type=REAL node=6 seq=69 bytes=48 time_ms=718519
RX,REAL,,6,69,48,719481.88,718978,719481.88,718519,718978,23.880000000004657,1929,719481880	ID:1	[INFO: Metric    ] METRIC_RX type=REAL src=6 seq=69 send_ms=718519 recv_ms=718978 bytes=48
TX,REAL,4,,68,48,720666.0,720373,720666.0,,,,1931,720666000	ID:4	[INFO: Metric    ] METRIC_TX type=REAL node=4 seq=68 bytes=48 time_ms=720373
TX,DUMMY,4,,22,48,720667.0,720374,720667.0,,,,1932,720667000	ID:4	[INFO: Metric    ] METRIC_TX type=DUMMY node=4 seq=22 bytes=48 time_ms=720374
RX,REAL,,4,68,48,720730.168,720227,720730.168,720373,720227,64.16799999994691,1933,720730168	ID:1	[INFO: Metric    ] METRIC_RX type=REAL src=4 seq=68 send_ms=720373 recv_ms=720227 bytes=48
RX,DUMMY,,4,22,48,720761.168,720258,720761.168,720374,720258,,1935,720761168	ID:1	[INFO: Metric    ] METRIC_RX type=DUMMY src=4 seq=22 send_ms=720374 recv_ms=720258 bytes=48
TX,REAL,3,,69,48,723007.0,722343,723007.0,,,,1938,723007000	ID:3	[INFO: Metric    ] METRIC_TX type=REAL node=3 seq=69 bytes=48 time_ms=722343
TX,DUMMY,3,,24,48,723008.0,722344,723008.0,,,,1939,723008000	ID:3	[INFO: Metric    ] METRIC_TX type=DUMMY node=3 seq=24 bytes=48 time_ms=722344
RX,REAL,,3,69,48,723073.168,722570,723073.168,722343,722570,66.16799999994691,1940,723073168	ID:1	[INFO: Metric    ] METRIC_RX type=REAL src=3 seq=69 send_ms=722343 recv_ms=722570 bytes=48
RX,DUMMY,,3,24,48,723117.168,722614,723117.168,722344,722614,,1942,723117168	ID:1	[INFO: Metric    ] METRIC_RX type=DUMMY src=3 seq=24 send_ms=722344 recv_ms=722614 bytes=48
TX,REAL,2,,71,48,726112.0,725249,726112.0,,,,1944,726112000	ID:2	[INFO: Metric    ] METRIC_TX type=REAL node=2 seq=71 bytes=48 time_ms=725249
RX,REAL,,2,71,48,726117.88,725614,726117.88,725249,725614,5.880000000004657,1945,726117880	ID:1	[INFO: Metric    ] METRIC_RX type=REAL src=2 seq=71 send_ms=725249 recv_ms=725614 bytes=48
TX,REAL,7,,72,48,727283.0,726964,727283.0,,,,1947,727283000	ID:7	[INFO: Metric    ] METRIC_TX type=REAL node=7 seq=72 bytes=48 time_ms=726964
RX,REAL,,7,72,48,727294.88,726791,727294.88,726964,726791,11.880000000004657,1948,727294880	ID:1	[INFO: Metric    ] METRIC_RX type=REAL src=7 seq=72 send_ms=726964 recv_ms=726791 bytes=48
TX,REAL,5,,70,48,729417.0,729080,729417.0,,,,1952,729417000	ID:5	[INFO: Metric    ] METRIC_TX type=REAL node=5 seq=70 bytes=48 time_ms=729080
TX,REAL,6,,70,48,729459.0,728520,729459.0,,,,1955,729459000	ID:6	[INFO: Metric    ] METRIC_TX type=REAL node=6 seq=70 bytes=48 time_ms=728520
TX,DUMMY,6,,21,48,729459.04,728521,729459.04,,,,1956,729459040	ID:6	[INFO: Metric    ] METRIC_TX type=DUMMY node=6 seq=21 bytes=48 time_ms=728521
RX,REAL,,6,70,48,729508.88,729005,729508.88,728520,729005,49.88000000000466,1957,729508880	ID:1	[INFO: Metric    ] METRIC_RX type=REAL src=6 seq=70 send_ms=728520 recv_ms=729005 bytes=48
RX,REAL,,5,70,48,729527.168,729024,729527.168,729080,729024,110.16799999994691,1958,729527168	ID:1	[INFO: Metric    ] METRIC_RX type=REAL src=5 seq=70 send_ms=729080 recv_ms=729024 bytes=48
RX,DUMMY,,6,21,48,729542.88,729039,729542.88,728521,729039,,1959,729542880	ID:1	[INFO: Metric    ] METRIC_RX type=DUMMY src=6 seq=21 send_ms=728521 recv_ms=729039 bytes=48
TX,REAL,4,,69,48,730668.0,730375,730668.0,,,,1963,730668000	ID:4	[INFO: Metric    ] METRIC_TX type=REAL node=4 seq=69 bytes=48 time_ms=730375
TX,DUMMY,4,,23,48,730669.0,730376,730669.0,,,,1964,730669000	ID:4	[INFO: Metric    ] METRIC_TX type=DUMMY node=4 seq=23 bytes=48 time_ms=730376
RX,REAL,,4,69,48,730722.168,730219,730722.168,730375,730219,54.167999999946915,1965,730722168	ID:1	[INFO: Metric    ] METRIC_RX type=REAL src=4 seq=69 send_ms=730375 recv_ms=730219 bytes=48
RX,DUMMY,,4,23,48,730777.168,730274,730777.168,730376,730274,,1966,730777168	ID:1	[INFO: Metric    ] METRIC_RX type=DUMMY src=4 seq=23 send_ms=730376 recv_ms=730274 bytes=48
TX,REAL,3,,70,48,733009.0,732345,733009.0,,,,1972,733009000	ID:3	[INFO: Metric    ] METRIC_TX type=REAL node=3 seq=70 bytes=48 time_ms=732345
RX,REAL,,3,70,48,733039.168,732536,733039.168,732345,732536,30.167999999946915,1973,733039168	ID:1	[INFO: Metric    ] METRIC_RX type=REAL src=3 seq=70 send_ms=732345 recv_ms=732536 bytes=48
TX,REAL,2,,72,48,736113.0,735250,736113.0,,,,1975,736113000	ID:2	[INFO: Metric    ] METRIC_TX type=REAL node=2 seq=72 bytes=48 time_ms=735250
TX,DUMMY,2,,28,48,736114.0,735251,736114.0,,,,1976,736114000	ID:2	[INFO: Metric    ] METRIC_TX type=DUMMY node=2 seq=28 bytes=48 time_ms=735251
RX,REAL,,2,72,48,736138.88,735635,736138.88,735250,735635,25.880000000004657,1977,736138880	ID:1	[INFO: Metric    ] METRIC_RX type=REAL src=2 seq=72 send_ms=735250 recv_ms=735635 bytes=48
RX,DUMMY,,2,28,48,736146.88,735643,736146.88,735251,735643,,1978,736146880	ID:1	[INFO: Metric    ] METRIC_RX type=DUMMY src=2 seq=28 send_ms=735251 recv_ms=735643 bytes=48
TX,REAL,7,,73,48,738284.0,737965,738284.0,,,,1981,738284000	ID:7	[INFO: Metric    ] METRIC_TX type=REAL node=7 seq=73 bytes=48 time_ms=737965
TX,DUMMY,7,,31,48,738285.0,737966,738285.0,,,,1982,738285000	ID:7	[INFO: Metric    ] METRIC_TX type=DUMMY node=7 seq=31 bytes=48 time_ms=737966
RX,REAL,,7,73,48,738295.88,737792,738295.88,737965,737792,11.880000000004657,1983,738295880	ID:1	[INFO: Metric    ] METRIC_RX type=REAL src=7 seq=73 send_ms=737965 recv_ms=737792 bytes=48
RX,DUMMY,,7,31,48,738337.88,737834,738337.88,737966,737834,,1985,738337880	ID:1	[INFO: Metric    ] METRIC_RX type=DUMMY src=7 seq=31 send_ms=737966 recv_ms=737834 bytes=48
TX,REAL,6,,71,48,738460.0,737521,738460.0,,,,1987,738460000	ID:6	[INFO: Metric    ] METRIC_TX type=REAL node=6 seq=71 bytes=48 time_ms=737521
TX,DUMMY,6,,22,48,738461.0,737522,738461.0,,,,1988,738461000	ID:6	[INFO: Metric    ] METRIC_TX type=DUMMY node=6 seq=22 bytes=48 time_ms=737522
RX,REAL,,6,71,48,738467.88,737964,738467.88,737521,737964,7.880000000004657,1989,738467880	ID:1	[INFO: Metric    ] METRIC_RX type=REAL src=6 seq=71 send_ms=737521 recv_ms=737964 bytes=48
RX,DUMMY,,6,22,48,738498.88,737995,738498.88,737522,737995,,1991,738498880	ID:1	[INFO: Metric    ] METRIC_RX type=DUMMY src=6 seq=22 send_ms=737522 recv_ms=737995 bytes=48
TX,REAL,5,,71,48,740418.0,740081,740418.0,,,,1993,740418000	ID:5	[INFO: Metric    ] METRIC_TX type=REAL node=5 seq=71 bytes=48 time_ms=740081
RX,REAL,,5,71,48,740493.168,739990,740493.168,740081,739990,75.16799999994691,1994,740493168	ID:1	[INFO: Metric    ] METRIC_RX type=REAL src=5 seq=71 send_ms=740081 recv_ms=739990 bytes=48
TX,REAL,4,,70,48,740670.0,740377,740670.0,,,,1998,740670000	ID:4	[INFO: Metric    ] METRIC_TX type=REAL node=4 seq=70 bytes=48 time_ms=740377
RX,REAL,,4,70,48,740718.168,740215,740718.168,740377,740215,48.167999999946915,1999,740718168	ID:1	[INFO: Metric    ] METRIC_RX type=REAL src=4 seq=70 send_ms=740377 recv_ms=740215 bytes=48
TX,REAL,3,,71,48,743010.0,742346,743010.0,,,,2001,743010000	ID:3	[INFO: Metric    ] METRIC_TX type=REAL node=3 seq=71 bytes=48 time_ms=742346
RX,REAL,,3,71,48,743057.304,742554,743057.304,742346,742554,47.304000000003725,2002,743057304	ID:1	[INFO: Metric    ] METRIC_RX type=REAL src=3 seq=71 send_ms=742346 recv_ms=742554 bytes=48
TX,REAL,2,,73,48,746115.0,745252,746115.0,,,,2005,746115000	ID:2	[INFO: Metric    ] METRIC_TX type=REAL node=2 seq=73 bytes=48 time_ms=745252
RX,REAL,,2,73,48,746127.88,745624,746127.88,745252,745624,12.880000000004657,2006,746127880	ID:1	[INFO: Metric    ] METRIC_RX type=REAL src=2 seq=73 send_ms=745252 recv_ms=745624 bytes=48
TX,REAL,7,,74,48,747286.0,746967,747286.0,,,,2008,747286000	ID:7	[INFO: Metric    ] METRIC_TX type=REAL node=7 seq=74 bytes=48 time_ms=746967
RX,REAL,,7,74,48,747326.88,746823,747326.88,746967,746823,40.88000000000466,2009,747326880	ID:1	[INFO: Metric    ] METRIC_RX type=REAL src=7 seq=74 send_ms=746967 recv_ms=746823 bytes=48
TX,REAL,5,,72,48,748419.0,748082,748419.0,,,,2011,748419000	ID:5	[INFO: Metric    ] METRIC_TX type=REAL node=5 seq=72 bytes=48 time_ms=748082
TX,REAL,6,,72,48,748462.0,747523,748462.0,,,,2012,748462000	ID:6	[INFO: Metric    ] METRIC_TX type=REAL node=6 seq=72 bytes=48 time_ms=747523
RX,REAL,,6,72,48,748502.88,747999,748502.88,747523,747999,40.88000000000466,2013,748502880	ID:1	[INFO: Metric    ] METRIC_RX type=REAL src=6 seq=72 send_ms=747523 recv_ms=747999 bytes=48
RX,REAL,,5,72,48,748509.168,748006,748509.168,748082,748006,90.16799999994691,2014,748509168	ID:1	[INFO: Metric    ] METRIC_RX type=REAL src=5 seq=72 send_ms=748082 recv_ms=748006 bytes=48
TX,REAL,4,,71,48,748671.0,748378,748671.0,,,,2017,748671000	ID:4	[INFO: Metric    ] METRIC_TX type=REAL node=4 seq=71 bytes=48 time_ms=748378
TX,DUMMY,4,,24,48,748672.0,748379,748672.0,,,,2018,748672000	ID:4	[INFO: Metric    ] METRIC_TX type=DUMMY node=4 seq=24 bytes=48 time_ms=748379
RX,REAL,,4,71,48,748706.168,748203,748706.168,748378,748203,35.167999999946915,2019,748706168	ID:1	[INFO: Metric    ] METRIC_RX type=REAL src=4 seq=71 send_ms=748378 recv_ms=748203 bytes=48
RX,DUMMY,,4,24,48,748738.168,748235,748738.168,748379,748235,,2020,748738168	ID:1	[INFO: Metric    ] METRIC_RX type=DUMMY src=4 seq=24 send_ms=748379 recv_ms=748235 bytes=48
TX,REAL,3,,72,48,753011.0,752347,753011.0,,,,2023,753011000	ID:3	[INFO: Metric    ] METRIC_TX type=REAL node=3 seq=72 bytes=48 time_ms=752347
TX,DUMMY,3,,25,48,753012.0,752348,753012.0,,,,2024,753012000	ID:3	[INFO: Metric    ] METRIC_TX type=DUMMY node=3 seq=25 bytes=48 time_ms=752348
RX,REAL,,3,72,48,753086.304,752583,753086.304,752347,752583,75.30400000000373,2025,753086304	ID:1	[INFO: Metric    ] METRIC_RX type=REAL src=3 seq=72 send_ms=752347 recv_ms=752583 bytes=48
RX,DUMMY,,3,25,48,753108.168,752605,753108.168,752348,752605,,2026,753108168	ID:1	[INFO: Metric    ] METRIC_RX type=DUMMY src=3 seq=25 send_ms=752348 recv_ms=752605 bytes=48
TX,REAL,2,,74,48,755116.0,754253,755116.0,,,,2029,755116000	ID:2	[INFO: Metric    ] METRIC_TX type=REAL node=2 seq=74 bytes=48 time_ms=754253
RX,REAL,,2,74,48,755141.88,754638,755141.88,754253,754638,25.880000000004657,2030,755141880	ID:1	[INFO: Metric    ] METRIC_RX type=REAL src=2 seq=74 send_ms=754253 recv_ms=754638 bytes=48
TX,REAL,7,,75,48,756287.0,755968,756287.0,,,,2032,756287000	ID:7	[INFO: Metric    ] METRIC_TX type=REAL node=7 seq=75 bytes=48 time_ms=755968
RX,REAL,,7,75,48,756315.88,755812,756315.88,755968,755812,28.880000000004657,2033,756315880	ID:1	[INFO: Metric    ] METRIC_RX type=REAL src=7 seq=75 send_ms=755968 recv_ms=755812 bytes=48
TX,REAL,5,,73,48,756420.0,756083,756420.0,,,,2036,756420000	ID:5	[INFO: Metric    ] METRIC_TX type=REAL node=5 seq=73 bytes=48 time_ms=756083
RX,REAL,,5,73,48,756441.304,755938,756441.304,756083,755938,21.304000000003725,2037,756441304	ID:1	[INFO: Metric    ] METRIC_RX type=REAL src=5 seq=73 send_ms=756083 recv_ms=755938 bytes=48
TX,REAL,4,,72,48,756673.0,756380,756673.0,,,,2039,756673000	ID:4	[INFO: Metric    ] METRIC_TX type=REAL node=4 seq=72 bytes=48 time_ms=756380
RX,REAL,,4,72,48,756725.168,756222,756725.168,756380,756222,52.167999999946915,2040,756725168	ID:1	[INFO: Metric    ] METRIC_RX type=REAL src=4 seq=72 send_ms=756380 recv_ms=756222 bytes=48
TX,REAL,6,,73,48,758463.0,757524,758463.0,,,,2042,758463000	ID:6	[INFO: Metric    ] METRIC_TX type=REAL node=6 seq=73 bytes=48 time_ms=757524
TX,DUMMY,6,,23,48,758464.0,757525,758464.0,,,,2043,758464000	ID:6	[INFO: Metric    ] METRIC_TX type=DUMMY node=6 seq=23 bytes=48 time_ms=757525
RX,REAL,,6,73,48,758483.88,757980,758483.88,757524,757980,20.880000000004657,2044,758483880	ID:1	[INFO: Metric    ] METRIC_RX type=REAL src=6 seq=73 send_ms=757524 recv_ms=757980 bytes=48
RX,DUMMY,,6,23,48,758517.88,758014,758517.88,757525,758014,,2046,758517880	ID:1	[INFO: Metric    ] METRIC_RX type=DUMMY src=6 seq=23 send_ms=757525 recv_ms=758014 bytes=48
TX,REAL,3,,73,48,762013.0,761349,762013.0,,,,2048,762013000	ID:3	[INFO: Metric    ] METRIC_TX type=REAL node=3 seq=73 bytes=48 time_ms=761349
RX,REAL,,3,73,48,762071.168,761568,762071.168,761349,761568,58.167999999946915,2049,762071168	ID:1	[INFO: Metric    ] METRIC_RX type=REAL src=3 seq=73 send_ms=761349 recv_ms=761568 bytes=48
TX,REAL,2,,75,48,764117.0,763254,764117.0,,,,2051,764117000	ID:2	[INFO: Metric    ] METRIC_TX type=REAL node=2 seq=75 bytes=48 time_ms=763254
RX,REAL,,2,75,48,764156.88,763653,764156.88,763254,763653,39.88000000000466,2052,764156880	ID:1	[INFO: Metric    ] METRIC_RX type=REAL src=2 seq=75 send_ms=763254 recv_ms=763653 bytes=48
TX,REAL,5,,74,48,764421.0,764084,764421.0,,,,2054,764421000	ID:5	[INFO: Metric    ] METRIC_TX type=REAL node=5 seq=74 bytes=48 time_ms=764084
TX,DUMMY,5,,23,48,764422.0,764085,764422.0,,,,2055,764422000	ID:5	[INFO: Metric    ] METRIC_TX type=DUMMY node=5 seq=23 bytes=48 time_ms=764085
RX,REAL,,5,74,48,764501.168,763998,764501.168,764084,763998,80.16799999994691,2056,764501168	ID:1	[INFO: Metric    ] METRIC_RX type=REAL src=5 seq=74 send_ms=764084 recv_ms=763998 bytes=48
RX,DUMMY,,5,23,48,764595.168,764092,764595.168,764085,764092,,2058,764595168	ID:1	[INFO: Metric    ] METRIC_RX type=DUMMY src=5 seq=23 send_ms=764085 recv_ms=764092 bytes=48
TX,REAL,6,,74,48,766465.0,765526,766465.0,,,,2060,766465000	ID:6	[INFO: Metric    ] METRIC_TX type=REAL node=6 seq=74 bytes=48 time_ms=765526
RX,REAL,,6,74,48,766474.88,765971,766474.88,765526,765971,9.880000000004657,2061,766474880	ID:1	[INFO: Metric    ] METRIC_RX type=REAL src=6 seq=74 send_ms=765526 recv_ms=765971 bytes=48
TX,REAL,4,,73,48,766674.0,766381,766674.0,,,,2063,766674000	ID:4	[INFO: Metric    ] METRIC_TX type=REAL node=4 seq=73 bytes=48 time_ms=766381
RX,REAL,,4,73,48,766739.168,766236,766739.168,766381,766236,65.16799999994691,2064,766739168	ID:1	[INFO: Metric    ] METRIC_RX type=REAL src=4 seq=73 send_ms=766381 recv_ms=766236 bytes=48
TX,REAL,7,,76,48,768288.0,767969,768288.0,,,,2067,768288000	ID:7	[INFO: Metric    ] METRIC_TX type=REAL node=7 seq=76 bytes=48 time_ms=767969
TX,DUMMY,7,,32,48,768289.0,767970,768289.0,,,,2068,768289000	ID:7	[INFO: Metric    ] METRIC_TX type=DUMMY node=7 seq=32 bytes=48 time_ms=767970
RX,REAL,,7,76,48,768308.88,767805,768308.88,767969,767805,20.880000000004657,2069,768308880	ID:1	[INFO: Metric    ] METRIC_RX type=REAL src=7 seq=76 send_ms=767969 recv_ms=767805 bytes=48
RX,DUMMY,,7,32,48,768316.88,767813,768316.88,767970,767813,,2070,768316880	ID:1	[INFO: Metric    ] METRIC_RX type=DUMMY src=7 seq=32 send_ms=767970 recv_ms=767813 bytes=48
TX,REAL,3,,74,48,773014.0,772350,773014.0,,,,2073,773014000	ID:3	[INFO: Metric    ] METRIC_TX type=REAL node=3 seq=74 bytes=48 time_ms=772350
RX,REAL,,3,74,48,773068.168,772565,773068.168,772350,772565,54.167999999946915,2074,773068168	ID:1	[INFO: Metric    ] METRIC_RX type=REAL src=3 seq=74 send_ms=772350 recv_ms=772565 bytes=48
TX,REAL,2,,76,48,774118.0,773255,774118.0,,,,2076,774118000	ID:2	[INFO: Metric    ] METRIC_TX type=REAL node=2 seq=76 bytes=48 time_ms=773255
RX,REAL,,2,76,48,774161.88,773658,774161.88,773255,773658,43.88000000000466,2077,774161880	ID:1	[INFO: Metric    ] METRIC_RX type=REAL src=2 seq=76 send_ms=773255 recv_ms=773658 bytes=48
TX,REAL,5,,75,48,775423.0,775086,775423.0,,,,2079,775423000	ID:5	[INFO: Metric    ] METRIC_TX type=REAL node=5 seq=75 bytes=48 time_ms=775086
TX,DUMMY,5,,24,48,775424.0,775087,775424.0,,,,2080,775424000	ID:5	[INFO: Metric    ] METRIC_TX type=DUMMY node=5 seq=24 bytes=48 time_ms=775087
RX,REAL,,5,75,48,775457.304,774954,775457.304,775086,774954,34.304000000003725,2081,775457304	ID:1	[INFO: Metric    ] METRIC_RX type=REAL src=5 seq=75 send_ms=775086 recv_ms=774954 bytes=48
RX,DUMMY,,5,24,48,775485.168,774982,775485.168,775087,774982,,2082,775485168	ID:1	[INFO: Metric    ] METRIC_RX type=DUMMY src=5 seq=24 send_ms=775087 recv_ms=774982 bytes=48
TX,REAL,4,,74,48,775675.0,775382,775675.0,,,,2085,775675000	ID:4	[INFO: Metric    ] METRIC_TX type=REAL node=4 seq=74 bytes=48 time_ms=775382
RX,REAL,,4,74,48,775743.168,775240,775743.168,775382,775240,68.16799999994691,2086,775743168	ID:1	[INFO: Metric    ] METRIC_RX type=REAL src=4 seq=74 send_ms=775382 recv_ms=775240 bytes=48
TX,REAL,6,,75,48,777466.0,776527,777466.0,,,,2088,777466000	ID:6	[INFO: Metric    ] METRIC_TX type=REAL node=6 seq=75 bytes=48 time_ms=776527
RX,REAL,,6,75,48,777472.88,776969,777472.88,776527,776969,6.880000000004657,2089,777472880	ID:1	[INFO: Metric    ] METRIC_RX type=REAL src=6 seq=75 send_ms=776527 recv_ms=776969 bytes=48
TX,REAL,7,,77,48,779290.0,778971,779290.0,,,,2091,779290000	ID:7	[INFO: Metric    ] METRIC_TX type=REAL node=7 seq=77 bytes=48 time_ms=778971
RX,REAL,,7,77,48,779297.88,778794,779297.88,778971,778794,7.880000000004657,2092,779297880	ID:1	[INFO: Metric    ] METRIC_RX type=REAL src=7 seq=77 send_ms=778971 recv_ms=778794 bytes=48
TX,REAL,3,,75,48,781015.0,780351,781015.0,,,,2094,781015000	ID:3	[INFO: Metric    ] METRIC_TX type=REAL node=3 seq=75 bytes=48 time_ms=780351
RX,REAL,,3,75,48,781059.168,780556,781059.168,780351,780556,44.167999999946915,2095,781059168	ID:1	[INFO: Metric    ] METRIC_RX type=REAL src=3 seq=75 send_ms=780351 recv_ms=780556 bytes=48
TX,REAL,2,,77,48,783119.0,782256,783119.0,,,,2098,783119000	ID:2	[INFO: Metric    ] METRIC_TX type=REAL node=2 seq=77 bytes=48 time_ms=782256
RX,REAL,,2,77,48,783125.88,782622,783125.88,782256,782622,6.880000000004657,2099,783125880	ID:1	[INFO: Metric    ] METRIC_RX type=REAL src=2 seq=77 send_ms=782256 recv_ms=782622 bytes=48
TX,REAL,4,,75,48,784676.0,784383,784676.0,,,,2101,784676000	ID:4	[INFO: Metric    ] METRIC_TX type=REAL node=4 seq=75 bytes=48 time_ms=784383
RX,REAL,,4,75,48,784727.304,784224,784727.304,784383,784224,51.304000000003725,2102,784727304	ID:1	[INFO: Metric    ] METRIC_RX type=REAL src=4 seq=75 send_ms=784383 recv_ms=784224 bytes=48
TX,REAL,5,,76,48,785425.0,785088,785425.0,,,,2104,785425000	ID:5	[INFO: Metric    ] METRIC_TX type=REAL node=5 seq=76 bytes=48 time_ms=785088
TX,DUMMY,5,,25,48,785426.0,785089,785426.0,,,,2105,785426000	ID:5	[INFO: Metric    ] METRIC_TX type=DUMMY node=5 seq=25 bytes=48 time_ms=785089
TX,REAL,6,,76,48,785467.0,784528,785467.0,,,,2106,785467000	ID:6	[INFO: Metric    ] METRIC_TX type=REAL node=6 seq=76 bytes=48 time_ms=784528
RX,REAL,,6,76,48,785489.88,784986,785489.88,784528,784986,22.880000000004657,2107,785489880	ID:1	[INFO: Metric    ] METRIC_RX type=REAL src=6 seq=76 send_ms=784528 recv_ms=784986 bytes=48
RX,REAL,,5,76,48,785498.168,784995,785498.168,785088,784995,73.16799999994691,2108,785498168	ID:1	[INFO: Metric    ] METRIC_RX type=REAL src=5 seq=76 send_ms=785088 recv_ms=784995 bytes=48
RX,DUMMY,,5,25,48,785514.048,785011,785514.048,785089,785011,,2110,785514048	ID:1	[INFO: Metric    ] METRIC_RX type=DUMMY src=5 seq=25 send_ms=785089 recv_ms=785011 bytes=48
TX,REAL,7,,78,48,788291.0,787972,788291.0,,,,2113,788291000	ID:7	[INFO: Metric    ] METRIC_TX type=REAL node=7 seq=78 bytes=48 time_ms=787972
TX,DUMMY,7,,33,48,788292.0,787973,788292.0,,,,2114,788292000	ID:7	[INFO: Metric    ] METRIC_TX type=DUMMY node=7 seq=33 bytes=48 time_ms=787973
RX,REAL,,7,78,48,788298.88,787795,788298.88,787972,787795,7.880000000004657,2115,788298880	ID:1	[INFO: Metric    ] METRIC_RX type=REAL src=7 seq=78 send_ms=787972 recv_ms=787795 bytes=48
RX,DUMMY,,7,33,48,788310.88,787807,788310.88,787973,787807,,2116,788310880	ID:1	[INFO: Metric    ] METRIC_RX type=DUMMY src=7 seq=33 send_ms=787973 recv_ms=787807 bytes=48
TX,REAL,3,,76,48,792016.0,791352,792016.0,,,,2119,792016000	ID:3	[INFO: Metric    ] METRIC_TX type=REAL node=3 seq=76 bytes=48 time_ms=791352
RX,REAL,,3,76,48,792050.168,791547,792050.168,791352,791547,34.167999999946915,2120,792050168	ID:1	[INFO: Metric    ] METRIC_RX type=REAL src=3 seq=76 send_ms=791352 recv_ms=791547 bytes=48
TX,REAL,2,,78,48,794120.0,793257,794120.0,,,,2122,794120000	ID:2	[INFO: Metric    ] METRIC_TX type=REAL node=2 seq=78 bytes=48 time_ms=793257
TX,DUMMY,2,,29,48,794121.0,793258,794121.0,,,,2123,794121000	ID:2	[INFO: Metric    ] METRIC_TX type=DUMMY node=2 seq=29 bytes=48 time_ms=793258
RX,REAL,,2,78,48,794143.88,793640,794143.88,793257,793640,23.880000000004657,2124,794143880	ID:1	[INFO: Metric    ] METRIC_RX type=REAL src=2 seq=78 send_ms=793257 recv_ms=793640 bytes=48
RX,DUMMY,,2,29,48,794175.88,793672,794175.88,793258,793672,,2126,794175880	ID:1	[INFO: Metric    ] METRIC_RX type=DUMMY src=2 seq=29 send_ms=793258 recv_ms=793672 bytes=48
TX,REAL,4,,76,48,794677.0,794384,794677.0,,,,2129,794677000	ID:4	[INFO: Metric    ] METRIC_TX type=REAL node=4 seq=76 bytes=48 time_ms=794384
RX,REAL,,4,76,48,794746.168,794243,794746.168,794384,794243,69.16799999994691,2130,794746168	ID:1	[INFO: Metric    ] METRIC_RX type=REAL src=4 seq=76 send_ms=794384 recv_ms=794243 bytes=48
TX,REAL,7,,79,48,796293.0,795974,796293.0,,,,2132,796293000	ID:7	[INFO: Metric    ] METRIC_TX type=REAL node=7 seq=79 bytes=48 time_ms=795974
RX,REAL,,7,79,48,796298.88,795795,796298.88,795974,795795,5.880000000004657,2133,796298880	ID:1	[INFO: Metric    ] METRIC_RX type=REAL src=7 seq=79 send_ms=795974 recv_ms=795795 bytes=48
TX,REAL,6,,77,48,796468.0,795529,796468.0,,,,2135,796468000	ID:6	[INFO: Metric    ] METRIC_TX type=REAL node=6 seq=77 bytes=48 time_ms=795529
TX,DUMMY,6,,24,48,796469.0,795530,796469.0,,,,2136,796469000	ID:6	[INFO: Metric    ] METRIC_TX type=DUMMY node=6 seq=24 bytes=48 time_ms=795530
RX,REAL,,6,77,48,796490.88,795987,796490.88,795529,795987,22.880000000004657,2137,796490880	ID:1	[INFO: Metric    ] METRIC_RX type=REAL src=6 seq=77 send_ms=795529 recv_ms=795987 bytes=48
RX,DUMMY,,6,24,48,796506.88,796003,796506.88,795530,796003,,2138,796506880	ID:1	[INFO: Metric    ] METRIC_RX type=DUMMY src=6 seq=24 send_ms=795530 recv_ms=796003 bytes=48
TX,REAL,5,,77,48,797427.0,797090,797427.0,,,,2141,797427000	ID:5	[INFO: Metric    ] METRIC_TX type=REAL node=5 seq=77 bytes=48 time_ms=797090
RX,REAL,,5,77,48,797507.168,797004,797507.168,797090,797004,80.16799999994691,2142,797507168	ID:1	[INFO: Metric    ] METRIC_RX type=REAL src=5 seq=77 send_ms=797090 recv_ms=797004 bytes=48
TX,REAL,3,,77,48,804017.0,803353,804017.0,,,,2144,804017000	ID:3	[INFO: Metric    ] METRIC_TX type=REAL node=3 seq=77 bytes=48 time_ms=803353
RX,REAL,,3,77,48,804056.168,803553,804056.168,803353,803553,39.167999999946915,2145,804056168	ID:1	[INFO: Metric    ] METRIC_RX type=REAL src=3 seq=77 send_ms=803353 recv_ms=803553 bytes=48
TX,REAL,4,,77,48,804678.0,804385,804678.0,,,,2147,804678000	ID:4	[INFO: Metric    ] METRIC_TX type=REAL node=4 seq=77 bytes=48 time_ms=804385
RX,REAL,,4,77,48,804745.168,804242,804745.168,804385,804242,67.16799999994691,2148,804745168	ID:1	[INFO: Metric    ] METRIC_RX type=REAL src=4 seq=77 send_ms=804385 recv_ms=804242 bytes=48
TX,REAL,2,,79,48,806122.0,805259,806122.0,,,,2150,806122000	ID:2	[INFO: Metric    ] METRIC_TX type=REAL node=2 seq=79 bytes=48 time_ms=805259
RX,REAL,,2,79,48,806158.88,805655,806158.88,805259,805655,36.88000000000466,2151,806158880	ID:1	[INFO: Metric    ] METRIC_RX type=REAL src=2 seq=79 send_ms=805259 recv_ms=805655 bytes=48
TX,REAL,5,,78,48,806428.0,806091,806428.0,,,,2153,806428000	ID:5	[INFO: Metric    ] METRIC_TX type=REAL node=5 seq=78 bytes=48 time_ms=806091
TX,DUMMY,5,,26,48,806429.0,806092,806429.0,,,,2154,806429000	ID:5	[INFO: Metric    ] METRIC_TX type=DUMMY node=5 seq=26 bytes=48 time_ms=806092
TX,REAL,6,,78,48,806470.0,805531,806470.0,,,,2155,806470000	ID:6	[INFO: Metric    ] METRIC_TX type=REAL node=6 seq=78 bytes=48 time_ms=805531
RX,REAL,,5,78,48,806505.168,806002,806505.168,806091,806002,77.16799999994691,2156,806505168	ID:1	[INFO: Metric    ] METRIC_RX type=REAL src=5 seq=78 send_ms=806091 recv_ms=806002 bytes=48
RX,DUMMY,,5,26,48,806541.168,806038,806541.168,806092,806038,,2158,806541168	ID:1	[INFO: Metric    ] METRIC_RX type=DUMMY src=5 seq=26 send_ms=806092 recv_ms=806038 bytes=48
RX,REAL,,6,78,48,806573.88,806070,806573.88,805531,806070,103.88000000000466,2160,806573880	ID:1	[INFO: Metric    ] METRIC_RX type=REAL src=6 seq=78 send_ms=805531 recv_ms=806070 bytes=48
TX,REAL,7,,80,48,807294.0,806975,807294.0,,,,2165,807294000	ID:7	[INFO: Metric    ] METRIC_TX type=REAL node=7 seq=80 bytes=48 time_ms=806975
RX,REAL,,7,80,48,807300.88,806797,807300.88,806975,806797,6.880000000004657,2166,807300880	ID:1	[INFO: Metric    ] METRIC_RX type=REAL src=7 seq=80 send_ms=806975 recv_ms=806797 bytes=48
TX,REAL,3,,78,48,812018.0,811354,812018.0,,,,2168,812018000	ID:3	[INFO: Metric    ] METRIC_TX type=REAL node=3 seq=78 bytes=48 time_ms=811354
TX,DUMMY,3,,26,48,812019.0,811355,812019.0,,,,2169,812019000	ID:3	[INFO: Metric    ] METRIC_TX type=DUMMY node=3 seq=26 bytes=48 time_ms=811355
RX,REAL,,3,78,48,812049.168,811546,812049.168,811354,811546,31.167999999946915,2170,812049168	ID:1	[INFO: Metric    ] METRIC_RX type=REAL src=3 seq=78 send_ms=811354 recv_ms=811546 bytes=48
RX,DUMMY,,3,26,48,812145.168,811642,812145.168,811355,811642,,2172,812145168	ID:1	[INFO: Metric    ] METRIC_RX type=DUMMY src=3 seq=26 send_ms=811355 recv_ms=811642 bytes=48
TX,REAL,4,,78,48,813679.0,813386,813679.0,,,,2174,813679000	ID:4	[INFO: Metric    ] METRIC_TX type=REAL node=4 seq=78 bytes=48 time_ms=813386
RX,REAL,,4,78,48,813737.168,813234,813737.168,813386,813234,58.167999999946915,2175,813737168	ID:1	[INFO: Metric    ] METRIC_RX type=REAL src=4 seq=78 send_ms=813386 recv_ms=813234 bytes=48
TX,REAL,5,,79,48,814430.0,814093,814430.0,,,,2177,814430000	ID:5	[INFO: Metric    ] METRIC_TX type=REAL node=5 seq=79 bytes=48 time_ms=814093
TX,DUMMY,5,,27,48,814431.0,814094,814431.0,,,,2178,814431000	ID:5	[INFO: Metric    ] METRIC_TX type=DUMMY node=5 seq=27 bytes=48 time_ms=814094
RX,REAL,,5,79,48,814473.304,813970,814473.304,814093,813970,43.304000000003725,2179,814473304	ID:1	[INFO: Metric    ] METRIC_RX type=REAL src=5 seq=79 send_ms=814093 recv_ms=813970 bytes=48
RX,DUMMY,,5,27,48,814511.168,814008,814511.168,814094,814008,,2180,814511168	ID:1	[INFO: Metric    ] METRIC_RX type=DUMMY src=5 seq=27 send_ms=814094 recv_ms=814008 bytes=48
TX,REAL,2,,80,48,815123.0,814260,815123.0,,,,2185,815123000	ID:2	[INFO: Metric    ] METRIC_TX type=REAL node=2 seq=80 bytes=48 time_ms=814260
TX,DUMMY,2,,30,48,815124.0,814261,815124.0,,,,2186,815124000	ID:2	[INFO: Metric    ] METRIC_TX type=DUMMY node=2 seq=30 bytes=48 time_ms=814261
RX,REAL,,2,80,48,815145.88,814642,815145.88,814260,814642,22.880000000004657,2187,815145880	ID:1	[INFO: Metric    ] METRIC_RX type=REAL src=2 seq=80 send_ms=814260 recv_ms=814642 bytes=48
RX,DUMMY,,2,30,48,815190.88,814687,815190.88,814261,814687,,2189,815190880	ID:1	[INFO: Metric    ] METRIC_RX type=DUMMY src=2 seq=30 send_ms=814261 recv_ms=814687 bytes=48
TX,REAL,6,,79,48,815471.0,814532,815471.0,,,,2191,815471000	ID:6	[INFO: Metric    ] METRIC_TX type=REAL node=6 seq=79 bytes=48 time_ms=814532
RX,REAL,,6,79,48,815487.88,814984,815487.88,814532,814984,16.880000000004657,2192,815487880	ID:1	[INFO: Metric    ] METRIC_RX type=REAL src=6 seq=79 send_ms=814532 recv_ms=814984 bytes=48
TX,REAL,7,,81,48,819295.0,818976,819295.0,,,,2195,819295000	ID:7	[INFO: Metric    ] METRIC_TX type=REAL node=7 seq=81 bytes=48 time_ms=818976
TX,DUMMY,7,,34,48,819296.0,818977,819296.0,,,,2196,819296000	ID:7	[INFO: Metric    ] METRIC_TX type=DUMMY node=7 seq=34 bytes=48 time_ms=818977
RX,REAL,,7,81,48,819316.88,818813,819316.88,818976,818813,21.880000000004657,2197,819316880	ID:1	[INFO: Metric    ] METRIC_RX type=REAL src=7 seq=81 send_ms=818976 recv_ms=818813 bytes=48
RX,DUMMY,,7,34,48,819327.88,818824,819327.88,818977,818824,,2198,819327880	ID:1	[INFO: Metric    ] METRIC_RX type=DUMMY src=7 seq=34 send_ms=818977 recv_ms=818824 bytes=48
TX,REAL,4,,79,48,821680.0,821387,821680.0,,,,2201,821680000	ID:4	[INFO: Metric    ] METRIC_TX type=REAL node=4 seq=79 bytes=48 time_ms=821387
TX,DUMMY,4,,25,48,821681.0,821388,821681.0,,,,2202,821681000	ID:4	[INFO: Metric    ] METRIC_TX type=DUMMY node=4 seq=25 bytes=48 time_ms=821388
RX,REAL,,4,79,48,821726.168,821223,821726.168,821387,821223,46.167999999946915,2203,821726168	ID:1	[INFO: Metric    ] METRIC_RX type=REAL src=4 seq=79 send_ms=821387 recv_ms=821223 bytes=48
RX,DUMMY,,4,25,48,821734.168,821231,821734.168,821388,821231,,2204,821734168	ID:1	[INFO: Metric    ] METRIC_RX type=DUMMY src=4 seq=25 send_ms=821388 recv_ms=821231 bytes=48
TX,REAL,3,,79,48,823020.0,822356,823020.0,,,,2207,823020000	ID:3	[INFO: Metric    ] METRIC_TX type=REAL node=3 seq=79 bytes=48 time_ms=822356
RX,REAL,,3,79,48,823048.168,822545,823048.168,822356,822545,28.167999999946915,2208,823048168	ID:1	[INFO: Metric    ] METRIC_RX type=REAL src=3 seq=79 send_ms=822356 recv_ms=822545 bytes=48
TX,REAL,5,,80,48,823432.0,823095,823432.0,,,,2212,823432000	ID:5	[INFO: Metric    ] METRIC_TX type=REAL node=5 seq=80 bytes=48 time_ms=823095
RX,REAL,,5,80,48,823474.168,822971,823474.168,823095,822971,42.167999999946915,2213,823474168	ID:1	[INFO: Metric    ] METRIC_RX type=REAL src=5 seq=80 send_ms=823095 recv_ms=822971 bytes=48
TX,REAL,2,,81,48,825125.0,824262,825125.0,,,,2215,825125000	ID:2	[INFO: Metric    ] METRIC_TX type=REAL node=2 seq=81 bytes=48 time_ms=824262
RX,REAL,,2,81,48,825149.88,824646,825149.88,824262,824646,24.880000000004657,2216,825149880	ID:1	[INFO: Metric    ] METRIC_RX type=REAL src=2 seq=81 send_ms=824262 recv_ms=824646 bytes=48
TX,REAL,6,,80,48,826472.0,825533,826472.0,,,,2220,826472000	ID:6	[INFO: Metric    ] METRIC_TX type=REAL node=6 seq=80 bytes=48 time_ms=825533
RX,REAL,,6,80,48,826497.88,825994,826497.88,825533,825994,25.880000000004657,2221,826497880	ID:1	[INFO: Metric    ] METRIC_RX type=REAL src=6 seq=80 send_ms=825533 recv_ms=825994 bytes=48
TX,REAL,7,,82,48,827297.0,826978,827297.0,,,,2223,827297000	ID:7	[INFO: Metric    ] METRIC_TX type=REAL node=7 seq=82 bytes=48 time_ms=826978
TX,DUMMY,7,,35,48,827298.0,826979,827298.0,,,,2224,827298000	ID:7	[INFO: Metric    ] METRIC_TX type=DUMMY node=7 seq=35 bytes=48 time_ms=826979
RX,REAL,,7,82,48,827327.88,826824,827327.88,826978,826824,30.880000000004657,2225,827327880	ID:1	[INFO: Metric    ] METRIC_RX type=REAL src=7 seq=82 send_ms=826978 recv_ms=826824 bytes=48
RX,DUMMY,,7,35,48,827335.88,826832,827335.88,826979,826832,,2226,827335880	ID:1	[INFO: Metric    ] METRIC_RX type=DUMMY src=7 seq=35 send_ms=826979 recv_ms=826832 bytes=48
TX,REAL,4,,80,48,832682.0,832389,832682.0,,,,2232,832682000	ID:4	[INFO: Metric    ] METRIC_TX type=REAL node=4 seq=80 bytes=48 time_ms=832389
RX,REAL,,4,80,48,832730.168,832227,832730.168,832389,832227,48.167999999946915,2233,832730168	ID:1	[INFO: Metric    ] METRIC_RX type=REAL src=4 seq=80 send_ms=832389 recv_ms=832227 bytes=48
TX,REAL,3,,80,48,833021.0,832357,833021.0,,,,2237,833021000	ID:3	[INFO: Metric    ] METRIC_TX type=REAL node=3 seq=80 bytes=48 time_ms=832357
TX,DUMMY,3,,27,48,833022.0,832358,833022.0,,,,2238,833022000	ID:3	[INFO: Metric    ] METRIC_TX type=DUMMY node=3 seq=27 bytes=48 time_ms=832358
RX,REAL,,3,80,48,833094.168,832591,833094.168,832357,832591,73.16799999994691,2239,833094168	ID:1	[INFO: Metric    ] METRIC_RX type=REAL src=3 seq=80 send_ms=832357 recv_ms=832591 bytes=48
RX,DUMMY,,3,27,48,833121.592,832618,833121.592,832358,832618,,2241,833121592	ID:1	[INFO: Metric    ] METRIC_RX type=DUMMY src=3 seq=27 send_ms=832358 recv_ms=832618 bytes=48
TX,REAL,5,,81,48,835433.0,835096,835433.0,,,,2243,835433000	ID:5	[INFO: Metric    ] METRIC_TX type=REAL node=5 seq=81 bytes=48 time_ms=835096
RX,REAL,,5,81,48,835485.168,834982,835485.168,835096,834982,52.167999999946915,2244,835485168	ID:1	[INFO: Metric    ] METRIC_RX type=REAL src=5 seq=81 send_ms=835096 recv_ms=834982 bytes=48
TX,REAL,2,,82,48,836126.0,835263,836126.0,,,,2246,836126000	ID:2	[INFO: Metric    ] METRIC_TX type=REAL node=2 seq=82 bytes=48 time_ms=835263
RX,REAL,,2,82,48,836140.88,835637,836140.88,835263,835637,14.880000000004657,2247,836140880	ID:1	[INFO: Metric    ] METRIC_RX type=REAL src=2 seq=82 send_ms=835263 recv_ms=835637 bytes=48
TX,REAL,7,,83,48,837299.0,836980,837299.0,,,,2249,837299000	ID:7	[INFO: Metric    ] METRIC_TX type=REAL node=7 seq=83 bytes=48 time_ms=836980
RX,REAL,,7,83,48,837336.88,836833,837336.88,836980,836833,37.88000000000466,2250,837336880	ID:1	[INFO: Metric    ] METRIC_RX type=REAL src=7 seq=83 send_ms=836980 recv_ms=836833 bytes=48
TX,REAL,6,,81,48,838473.0,837534,838473.0,,,,2252,838473000	ID:6	[INFO: Metric    ] METRIC_TX type=REAL node=6 seq=81 bytes=48 time_ms=837534
RX,REAL,,6,81,48,838505.88,838002,838505.88,837534,838002,32.88000000000466,2253,838505880	ID:1	[INFO: Metric    ] METRIC_RX type=REAL src=6 seq=81 send_ms=837534 recv_ms=838002 bytes=48
TX,REAL,3,,81,48,841023.0,840359,841023.0,,,,2255,841023000	ID:3	[INFO: Metric    ] METRIC_TX type=REAL node=3 seq=81 bytes=48 time_ms=840359
RX,REAL,,3,81,48,841092.168,840589,841092.168,840359,840589,69.16799999994691,2256,841092168	ID:1	[INFO: Metric    ] METRIC_RX type=REAL src=3 seq=81 send_ms=840359 recv_ms=840589 bytes=48
TX,REAL,5,,82,48,843434.0,843097,843434.0,,,,2258,843434000	ID:5	[INFO: Metric    ] METRIC_TX type=REAL node=5 seq=82 bytes=48 time_ms=843097
TX,DUMMY,5,,28,48,843435.0,843098,843435.0,,,,2259,843435000	ID:5	[INFO: Metric    ] METRIC_TX type=DUMMY node=5 seq=28 bytes=48 time_ms=843098
RX,REAL,,5,82,48,843470.168,842967,843470.168,843097,842967,36.167999999946915,2260,843470168	ID:1	[INFO: Metric    ] METRIC_RX type=REAL src=5 seq=82 send_ms=843097 recv_ms=842967 bytes=48
RX,DUMMY,,5,28,48,843486.304,842983,843486.304,843098,842983,,2261,843486304	ID:1	[INFO: Metric    ] METRIC_RX type=DUMMY src=5 seq=28 send_ms=843098 recv_ms=842983 bytes=48
TX,REAL,4,,81,48,844683.0,844390,844683.0,,,,2265,844683000	ID:4	[INFO: Metric    ] METRIC_TX type=REAL node=4 seq=81 bytes=48 time_ms=844390
TX,DUMMY,4,,26,48,844684.0,844391,844684.0,,,,2266,844684000	ID:4	[INFO: Metric    ] METRIC_TX type=DUMMY node=4 seq=26 bytes=48 time_ms=844391
RX,REAL,,4,81,48,844714.304,844211,844714.304,844390,844211,31.304000000003725,2267,844714304	ID:1	[INFO: Metric    ] METRIC_RX type=REAL src=4 seq=81 send_ms=844390 recv_ms=844211 bytes=48
RX,DUMMY,,4,26,48,844759.168,844256,844759.168,844391,844256,,2268,844759168	ID:1	[INFO: Metric    ] METRIC_RX type=DUMMY src=4 seq=26 send_ms=844391 recv_ms=844256 bytes=48
TX,REAL,2,,83,48,847127.0,846264,847127.0,,,,2271,847127000	ID:2	[INFO: Metric    ] METRIC_TX type=REAL node=2 seq=83 bytes=48 time_ms=846264
RX,REAL,,2,83,48,847167.88,846664,847167.88,846264,846664,40.88000000000466,2272,847167880	ID:1	[INFO: Metric    ] METRIC_RX type=REAL src=2 seq=83 send_ms=846264 recv_ms=846664 bytes=48
TX,REAL,6,,82,48,847474.0,846535,847474.0,,,,2274,847474000	ID:6	[INFO: Metric    ] METRIC_TX type=REAL node=6 seq=82 bytes=48 time_ms=846535
TX,DUMMY,6,,25,48,847475.0,846536,847475.0,,,,2275,847475000	ID:6	[INFO: Metric    ] METRIC_TX type=DUMMY node=6 seq=25 bytes=48 time_ms=846536
RX,REAL,,6,82,48,847489.88,846986,847489.88,846535,846986,15.880000000004657,2276,847489880	ID:1	[INFO: Metric    ] METRIC_RX type=REAL src=6 seq=82 send_ms=846535 recv_ms=846986 bytes=48
RX,DUMMY,,6,25,48,847504.88,847001,847504.88,846536,847001,,2277,847504880	ID:1	[INFO: Metric    ] METRIC_RX type=DUMMY src=6 seq=25 send_ms=846536 recv_ms=847001 bytes=48
TX,REAL,7,,84,48,849300.0,848981,849300.0,,,,2280,849300000	ID:7	[INFO: Metric    ] METRIC_TX type=REAL node=7 seq=84 bytes=48 time_ms=848981
TX,DUMMY,7,,36,48,849301.0,848982,849301.0,,,,2281,849301000	ID:7	[INFO: Metric    ] METRIC_TX type=DUMMY node=7 seq=36 bytes=48 time_ms=848982
RX,REAL,,7,84,48,849307.88,848804,849307.88,848981,848804,7.880000000004657,2282,849307880	ID:1	[INFO: Metric    ] METRIC_RX type=REAL src=7 seq=84 send_ms=848981 recv_ms=848804 bytes=48
RX,DUMMY,,7,36,48,849339.88,848836,849339.88,848982,848836,,2284,849339880	ID:1	[INFO: Metric    ] METRIC_RX type=DUMMY src=7 seq=36 send_ms=848982 recv_ms=848836 bytes=48
TX,REAL,3,,82,48,852024.0,851360,852024.0,,,,2286,852024000	ID:3	[INFO: Metric    ] METRIC_TX type=REAL node=3 seq=82 bytes=48 time_ms=851360
RX,REAL,,3,82,48,852068.168,851565,852068.168,851360,851565,44.167999999946915,2287,852068168	ID:1	[INFO: Metric    ] METRIC_RX type=REAL src=3 seq=82 send_ms=851360 recv_ms=851565 bytes=48
TX,REAL,5,,83,48,853436.0,853099,853436.0,,,,2289,853436000	ID:5	[INFO: Metric    ] METRIC_TX type=REAL node=5 seq=83 bytes=48 time_ms=853099
TX,DUMMY,5,,29,48,853437.0,853100,853437.0,,,,2290,853437000	ID:5	[INFO: Metric    ] METRIC_TX type=DUMMY node=5 seq=29 bytes=48 time_ms=853100
RX,REAL,,5,83,48,853469.168,852966,853469.168,853099,852966,33.167999999946915,2291,853469168	ID:1	[INFO: Metric    ] METRIC_RX type=REAL src=5 seq=83 send_ms=853099 recv_ms=852966 bytes=48
RX,DUMMY,,5,29,48,853539.168,853036,853539.168,853100,853036,,2293,853539168	ID:1	[INFO: Metric    ] METRIC_RX type=DUMMY src=5 seq=29 send_ms=853100 recv_ms=853036 bytes=48
TX,REAL,2,,84,48,855128.0,854265,855128.0,,,,2296,855128000	ID:2	[INFO: Metric    ] METRIC_TX type=REAL node=2 seq=84 bytes=48 time_ms=854265
RX,REAL,,2,84,48,855141.88,854638,855141.88,854265,854638,13.880000000004657,2297,855141880	ID:1	[INFO: Metric    ] METRIC_RX type=REAL src=2 seq=84 send_ms=854265 recv_ms=854638 bytes=48
TX,REAL,4,,82,48,855685.0,855392,855685.0,,,,2299,855685000	ID:4	[INFO: Metric    ] METRIC_TX type=REAL node=4 seq=82 bytes=48 time_ms=855392
RX,REAL,,4,82,48,855755.168,855252,855755.168,855392,855252,70.16799999994691,2300,855755168	ID:1	[INFO: Metric    ] METRIC_RX type=REAL src=4 seq=82 send_ms=855392 recv_ms=855252 bytes=48
TX,REAL,6,,83,48,859476.0,858537,859476.0,,,,2302,859476000	ID:6	[INFO: Metric    ] METRIC_TX type=REAL node=6 seq=83 bytes=48 time_ms=858537
TX,DUMMY,6,,26,48,859477.0,858538,859477.0,,,,2303,859477000	ID:6	[INFO: Metric    ] METRIC_TX type=DUMMY node=6 seq=26 bytes=48 time_ms=858538
RX,REAL,,6,83,48,859509.88,859006,859509.88,858537,859006,33.88000000000466,2304,859509880	ID:1	[INFO: Metric    ] METRIC_RX type=REAL src=6 seq=83 send_ms=858537 recv_ms=859006 bytes=48
RX,DUMMY,,6,26,48,859518.88,859015,859518.88,858538,859015,,2305,859518880	ID:1	[INFO: Metric    ] METRIC_RX type=DUMMY src=6 seq=26 send_ms=858538 recv_ms=859015 bytes=48
TX,REAL,3,,83,48,860025.0,859361,860025.0,,,,2308,860025000	ID:3	[INFO: Metric    ] METRIC_TX type=REAL node=3 seq=83 bytes=48 time_ms=859361
RX,REAL,,3,83,48,860075.168,859572,860075.168,859361,859572,50.167999999946915,2309,860075168	ID:1	[INFO: Metric    ] METRIC_RX type=REAL src=3 seq=83 send_ms=859361 recv_ms=859572 bytes=48
TX,REAL,7,,85,48,860302.0,859983,860302.0,,,,2311,860302000	ID:7	[INFO: Metric    ] METRIC_TX type=REAL node=7 seq=85 bytes=48 time_ms=859983
RX,REAL,,7,85,48,860326.88,859823,860326.88,859983,859823,24.880000000004657,2312,860326880	ID:1	[INFO: Metric    ] METRIC_RX type=REAL src=7 seq=85 send_ms=859983 recv_ms=859823 bytes=48
TX,REAL,4,,83,48,863686.0,863393,863686.0,,,,2314,863686000	ID:4	[INFO: Metric    ] METRIC_TX type=REAL node=4 seq=83 bytes=48 time_ms=863393
RX,REAL,,4,83,48,863742.168,863239,863742.168,863393,863239,56.167999999946915,2315,863742168	ID:1	[INFO: Metric    ] METRIC_RX type=REAL src=4 seq=83 send_ms=863393 recv_ms=863239 bytes=48
TX,REAL,5,,84,48,864438.0,864101,864438.0,,,,2317,864438000	ID:5	[INFO: Metric    ] METRIC_TX type=REAL node=5 seq=84 bytes=48 time_ms=864101
TX,DUMMY,5,,30,48,864439.0,864102,864439.0,,,,2318,864439000	ID:5	[INFO: Metric    ] METRIC_TX type=DUMMY node=5 seq=30 bytes=48 time_ms=864102
RX,REAL,,5,84,48,864486.168,863983,864486.168,864101,863983,48.167999999946915,2319,864486168	ID:1	[INFO: Metric    ] METRIC_RX type=REAL src=5 seq=84 send_ms=864101 recv_ms=863983 bytes=48
RX,DUMMY,,5,30,48,864534.168,864031,864534.168,864102,864031,,2320,864534168	ID:1	[INFO: Metric    ] METRIC_RX type=DUMMY src=5 seq=30 send_ms=864102 recv_ms=864031 bytes=48
TX,REAL,2,,85,48,865129.0,864266,865129.0,,,,2323,865129000	ID:2	[INFO: Metric    ] METRIC_TX type=REAL node=2 seq=85 bytes=48 time_ms=864266
RX,REAL,,2,85,48,865155.88,864652,865155.88,864266,864652,26.880000000004657,2324,865155880	ID:1	[INFO: Metric    ] METRIC_RX type=REAL src=2 seq=85 send_ms=864266 recv_ms=864652 bytes=48
TX,REAL,6,,84,48,868478.0,867539,868478.0,,,,2327,868478000	ID:6	[INFO: Metric    ] METRIC_TX type=REAL node=6 seq=84 bytes=48 time_ms=867539
RX,REAL,,6,84,48,868483.88,867980,868483.88,867539,867980,5.880000000004657,2328,868483880	ID:1	[INFO: Metric    ] METRIC_RX type=REAL src=6 seq=84 send_ms=867539 recv_ms=867980 bytes=48
TX,REAL,7,,86,48,870303.0,869984,870303.0,,,,2330,870303000	ID:7	[INFO: Metric    ] METRIC_TX type=REAL node=7 seq=86 bytes=48 time_ms=869984
RX,REAL,,7,86,48,870325.88,869822,870325.88,869984,869822,22.880000000004657,2331,870325880	ID:1	[INFO: Metric    ] METRIC_RX type=REAL src=7 seq=86 send_ms=869984 recv_ms=869822 bytes=48
TX,REAL,3,,84,48,871026.0,870362,871026.0,,,,2333,871026000	ID:3	[INFO: Metric    ] METRIC_TX type=REAL node=3 seq=84 bytes=48 time_ms=870362
RX,REAL,,3,84,48,871047.168,870544,871047.168,870362,870544,21.167999999946915,2334,871047168	ID:1	[INFO: Metric    ] METRIC_RX type=REAL src=3 seq=84 send_ms=870362 recv_ms=870544 bytes=48
TX,REAL,5,,85,48,872440.0,872103,872440.0,,,,2336,872440000	ID:5	[INFO: Metric    ] METRIC_TX type=REAL node=5 seq=85 bytes=48 time_ms=872103
RX,REAL,,5,85,48,872494.168,871991,872494.168,872103,871991,54.167999999946915,2337,872494168	ID:1	[INFO: Metric    ] METRIC_RX type=REAL src=5 seq=85 send_ms=872103 recv_ms=871991 bytes=48
TX,REAL,2,,86,48,875130.0,874267,875130.0,,,,2339,875130000	ID:2	[INFO: Metric    ] METRIC_TX type=REAL node=2 seq=86 bytes=48 time_ms=874267
RX,REAL,,2,86,48,875142.88,874639,875142.88,874267,874639,12.880000000004657,2340,875142880	ID:1	[INFO: Metric    ] METRIC_RX type=REAL src=2 seq=86 send_ms=874267 recv_ms=874639 bytes=48
TX,REAL,4,,84,48,875687.0,875394,875687.0,,,,2342,875687000	ID:4	[INFO: Metric    ] METRIC_TX type=REAL node=4 seq=84 bytes=48 time_ms=875394
RX,REAL,,4,84,48,875736.168,875233,875736.168,875394,875233,49.167999999946915,2343,875736168	ID:1	[INFO: Metric    ] METRIC_RX type=REAL src=4 seq=84 send_ms=875394 recv_ms=875233 bytes=48
TX,REAL,6,,85,48,876479.0,875540,876479.0,,,,2345,876479000	ID:6	[INFO: Metric    ] METRIC_TX type=REAL node=6 seq=85 bytes=48 time_ms=875540
RX,REAL,,6,85,48,876494.88,875991,876494.88,875540,875991,15.880000000004657,2346,876494880	ID:1	[INFO: Metric    ] METRIC_RX type=REAL src=6 seq=85 send_ms=875540 recv_ms=875991 bytes=48
TX,REAL,5,,86,48,880441.0,880104,880441.0,,,,2348,880441000	ID:5	[INFO: Metric    ] METRIC_TX type=REAL node=5 seq=86 bytes=48 time_ms=880104
TX,DUMMY,5,,31,48,880442.0,880105,880442.0,,,,2349,880442000	ID:5	[INFO: Metric    ] METRIC_TX type=DUMMY node=5 seq=31 bytes=48 time_ms=880105
RX,REAL,,5,86,48,880505.168,880002,880505.168,880104,880002,64.16799999994691,2350,880505168	ID:1	[INFO: Metric    ] METRIC_RX type=REAL src=5 seq=86 send_ms=880104 recv_ms=880002 bytes=48
RX,DUMMY,,5,31,48,880525.168,880022,880525.168,880105,880022,,2351,880525168	ID:1	[INFO: Metric    ] METRIC_RX type=DUMMY src=5 seq=31 send_ms=880105 recv_ms=880022 bytes=48
TX,REAL,7,,87,48,882304.0,881985,882304.0,,,,2354,882304000	ID:7	[INFO: Metric    ] METRIC_TX type=REAL node=7 seq=87 bytes=48 time_ms=881985
RX,REAL,,7,87,48,882332.88,881829,882332.88,881985,881829,28.880000000004657,2355,882332880	ID:1	[INFO: Metric    ] METRIC_RX type=REAL src=7 seq=87 send_ms=881985 recv_ms=881829 bytes=48
TX,REAL,3,,85,48,883027.0,882363,883027.0,,,,2358,883027000	ID:3	[INFO: Metric    ] METRIC_TX type=REAL node=3 seq=85 bytes=48 time_ms=882363
RX,REAL,,3,85,48,883095.168,882592,883095.168,882363,882592,68.16799999994691,2359,883095168	ID:1	[INFO: Metric    ] METRIC_RX type=REAL src=3 seq=85 send_ms=882363 recv_ms=882592 bytes=48
TX,REAL,4,,85,48,884688.0,884395,884688.0,,,,2361,884688000	ID:4	[INFO: Metric    ] METRIC_TX type=REAL node=4 seq=85 bytes=48 time_ms=884395
TX,DUMMY,4,,27,48,884689.0,884396,884689.0,,,,2362,884689000	ID:4	[INFO: Metric    ] METRIC_TX type=DUMMY node=4 seq=27 bytes=48 time_ms=884396
RX,REAL,,4,85,48,884838.168,884335,884838.168,884395,884335,150.16799999994691,2363,884838168	ID:1	[INFO: Metric    ] METRIC_RX type=REAL src=4 seq=85 send_ms=884395 recv_ms=884335 bytes=48
RX,DUMMY,,4,27,48,884869.168,884366,884869.168,884396,884366,,2364,884869168	ID:1	[INFO: Metric    ] METRIC_RX type=DUMMY src=4 seq=27 send_ms=884396 recv_ms=884366 bytes=48
TX,REAL,2,,87,48,885131.0,884268,885131.0,,,,2367,885131000	ID:2	[INFO: Metric    ] METRIC_TX type=REAL node=2 seq=87 bytes=48 time_ms=884268
TX,DUMMY,2,,31,48,885132.0,884269,885132.0,,,,2368,885132000	ID:2	[INFO: Metric    ] METRIC_TX type=DUMMY node=2 seq=31 bytes=48 time_ms=884269
RX,REAL,,2,87,48,885137.88,884634,885137.88,884268,884634,6.880000000004657,2369,885137880	ID:1	[INFO: Metric    ] METRIC_RX type=REAL src=2 seq=87 send_ms=884268 recv_ms=884634 bytes=48
RX,DUMMY,,2,31,48,885158.88,884655,885158.88,884269,884655,,2371,885158880	ID:1	[INFO: Metric    ] METRIC_RX type=DUMMY src=2 seq=31 send_ms=884269 recv_ms=884655 bytes=48
TX,REAL,6,,86,48,887480.0,886541,887480.0,,,,2373,887480000	ID:6	[INFO: Metric    ] METRIC_TX type=REAL node=6 seq=86 bytes=48 time_ms=886541
TX,DUMMY,6,,27,48,887481.0,886542,887481.0,,,,2374,887481000	ID:6	[INFO: Metric    ] METRIC_TX type=DUMMY node=6 seq=27 bytes=48 time_ms=886542
RX,REAL,,6,86,48,887509.88,887006,887509.88,886541,887006,29.880000000004657,2375,887509880	ID:1	[INFO: Metric    ] METRIC_RX type=REAL src=6 seq=86 send_ms=886541 recv_ms=887006 bytes=48
RX,DUMMY,,6,27,48,887524.88,887021,887524.88,886542,887021,,2376,887524880	ID:1	[INFO: Metric    ] METRIC_RX type=DUMMY src=6 seq=27 send_ms=886542 recv_ms=887021 bytes=48
TX,REAL,7,,88,48,890305.0,889986,890305.0,,,,2379,890305000	ID:7	[INFO: Metric    ] METRIC_TX type=REAL node=7 seq=88 bytes=48 time_ms=889986
TX,DUMMY,7,,37,48,890306.0,889987,890306.0,,,,2380,890306000	ID:7	[INFO: Metric    ] METRIC_TX type=DUMMY node=7 seq=37 bytes=48 time_ms=889987
RX,REAL,,7,88,48,890322.88,889819,890322.88,889986,889819,17.880000000004657,2381,890322880	ID:1	[INFO: Metric    ] METRIC_RX type=REAL src=7 seq=88 send_ms=889986 recv_ms=889819 bytes=48
RX,DUMMY,,7,37,48,890362.88,889859,890362.88,889987,889859,,2383,890362880	ID:1	[INFO: Metric    ] METRIC_RX type=DUMMY src=7 seq=37 send_ms=889987 recv_ms=889859 bytes=48
TX,REAL,3,,86,48,892028.0,891364,892028.0,,,,2385,892028000	ID:3	[INFO: Metric    ] METRIC_TX type=REAL node=3 seq=86 bytes=48 time_ms=891364
RX,REAL,,3,86,48,892094.168,891591,892094.168,891364,891591,66.16799999994691,2386,892094168	ID:1	[INFO: Metric    ] METRIC_RX type=REAL src=3 seq=86 send_ms=891364 recv_ms=891591 bytes=48
TX,REAL,5,,87,48,892443.0,892106,892443.0,,,,2389,892443000	ID:5	[INFO: Metric    ] METRIC_TX type=REAL node=5 seq=87 bytes=48 time_ms=892106
TX,DUMMY,5,,32,48,892444.0,892107,892444.0,,,,2390,892444000	ID:5	[INFO: Metric    ] METRIC_TX type=DUMMY node=5 seq=32 bytes=48 time_ms=892107
RX,REAL,,5,87,48,892507.168,892004,892507.168,892106,892004,64.16799999994691,2391,892507168	ID:1	[INFO: Metric    ] METRIC_RX type=REAL src=5 seq=87 send_ms=892106 recv_ms=892004 bytes=48
RX,DUMMY,,5,32,48,892514.168,892011,892514.168,892107,892011,,2392,892514168	ID:1	[INFO: Metric    ] METRIC_RX type=DUMMY src=5 seq=32 send_ms=892107 recv_ms=892011 bytes=48
TX,REAL,2,,88,48,893133.0,892270,893133.0,,,,2395,893133000	ID:2	[INFO: Metric    ] METRIC_TX type=REAL node=2 seq=88 bytes=48 time_ms=892270
RX,REAL,,2,88,48,893156.88,892653,893156.88,892270,892653,23.880000000004657,2396,893156880	ID:1	[INFO: Metric    ] METRIC_RX type=REAL src=2 seq=88 send_ms=892270 recv_ms=892653 bytes=48
TX,REAL,4,,86,48,894690.0,894397,894690.0,,,,2398,894690000	ID:4	[INFO: Metric    ] METRIC_TX type=REAL node=4 seq=86 bytes=48 time_ms=894397
TX,DUMMY,4,,28,48,894691.0,894398,894691.0,,,,2399,894691000	ID:4	[INFO: Metric    ] METRIC_TX type=DUMMY node=4 seq=28 bytes=48 time_ms=894398
RX,REAL,,4,86,48,894822.168,894319,894822.168,894397,894319,132.16799999994691,2400,894822168	ID:1	[INFO: Metric    ] METRIC_RX type=REAL src=4 seq=86 send_ms=894397 recv_ms=894319 bytes=48
RX,DUMMY,,4,28,48,894857.168,894354,894857.168,894398,894354,,2401,894857168	ID:1	[INFO: Metric    ] METRIC_RX type=DUMMY src=4 seq=28 send_ms=894398 recv_ms=894354 bytes=48
TX,REAL,6,,87,48,895482.0,894543,895482.0,,,,2404,895482000	ID:6	[INFO: Metric    ] METRIC_TX type=REAL node=6 seq=87 bytes=48 time_ms=894543
RX,REAL,,6,87,48,895515.88,895012,895515.88,894543,895012,33.88000000000466,2405,895515880	ID:1	[INFO: Metric    ] METRIC_RX type=REAL src=6 seq=87 send_ms=894543 recv_ms=895012 bytes=48
TX,REAL,7,,89,48,898307.0,897988,898307.0,,,,2407,898307000	ID:7	[INFO: Metric    ] METRIC_TX type=REAL node=7 seq=89 bytes=48 time_ms=897988
TX,DUMMY,7,,38,48,898308.0,897989,898308.0,,,,2408,898308000	ID:7	[INFO: Metric    ] METRIC_TX type=DUMMY node=7 seq=38 bytes=48 time_ms=897989
RX,REAL,,7,89,48,898313.88,897810,898313.88,897988,897810,6.880000000004657,2409,898313880	ID:1	[INFO: Metric    ] METRIC_RX type=REAL src=7 seq=89 send_ms=897988 recv_ms=897810 bytes=48
RX,DUMMY,,7,38,48,898338.88,897835,898338.88,897989,897835,,2410,898338880	ID:1	[INFO: Metric    ] METRIC_RX type=DUMMY src=7 seq=38 send_ms=897989 recv_ms=897835 bytes=48
TX,REAL,3,,87,48,902029.0,901365,902029.0,,,,2413,902029000	ID:3	[INFO: Metric    ] METRIC_TX type=REAL node=3 seq=87 bytes=48 time_ms=901365
RX,REAL,,3,87,48,902100.168,901597,902100.168,901365,901597,71.16799999994691,2414,902100168	ID:1	[INFO: Metric    ] METRIC_RX type=REAL src=3 seq=87 send_ms=901365 recv_ms=901597 bytes=48
TX,REAL,2,,89,48,902134.0,901271,902134.0,,,,2416,902134000	ID:2	[INFO: Metric    ] METRIC_TX type=REAL node=2 seq=89 bytes=48 time_ms=901271
TX,DUMMY,2,,32,48,902135.0,901272,902135.0,,,,2417,902135000	ID:2	[INFO: Metric    ] METRIC_TX type=DUMMY node=2 seq=32 bytes=48 time_ms=901272
RX,REAL,,2,89,48,902150.88,901647,902150.88,901271,901647,16.880000000004657,2418,902150880	ID:1	[INFO: Metric    ] METRIC_RX type=REAL src=2 seq=89 send_ms=901271 recv_ms=901647 bytes=48
RX,DUMMY,,2,32,48,902183.88,901680,902183.88,901272,901680,,2420,902183880	ID:1	[INFO: Metric    ] METRIC_RX type=DUMMY src=2 seq=32 send_ms=901272 recv_ms=901680 bytes=48
TX,REAL,4,,87,48,902692.0,902399,902692.0,,,,2423,902692000	ID:4	[INFO: Metric    ] METRIC_TX type=REAL node=4 seq=87 bytes=48 time_ms=902399
TX,DUMMY,4,,29,48,902693.0,902400,902693.0,,,,2424,902693000	ID:4	[INFO: Metric    ] METRIC_TX type=DUMMY node=4 seq=29 bytes=48 time_ms=902400
RX,REAL,,4,87,48,902735.168,902232,902735.168,902399,902232,43.167999999946915,2425,902735168	ID:1	[INFO: Metric    ] METRIC_RX type=REAL src=4 seq=87 send_ms=902399 recv_ms=902232 bytes=48
RX,DUMMY,,4,29,48,902854.168,902351,902854.168,902400,902351,,2426,902854168	ID:1	[INFO: Metric    ] METRIC_RX type=DUMMY src=4 seq=29 send_ms=902400 recv_ms=902351 bytes=48
TX,REAL,5,,88,48,903445.0,903108,903445.0,,,,2429,903445000	ID:5	[INFO: Metric    ] METRIC_TX type=REAL node=5 seq=88 bytes=48 time_ms=903108
RX,REAL,,5,88,48,903476.168,902973,903476.168,903108,902973,31.167999999946915,2430,903476168	ID:1	[INFO: Metric    ] METRIC_RX type=REAL src=5 seq=88 send_ms=903108 recv_ms=902973 bytes=48
TX,REAL,6,,88,48,903483.0,902544,903483.0,,,,2431,903483000	ID:6	[INFO: Metric    ] METRIC_TX type=REAL node=6 seq=88 bytes=48 time_ms=902544
RX,REAL,,6,88,48,903581.88,903078,903581.88,902544,903078,98.88000000000466,2433,903581880	ID:1	[INFO: Metric    ] METRIC_RX type=REAL src=6 seq=88 send_ms=902544 recv_ms=903078 bytes=48
TX,REAL,7,,90,48,906309.0,905990,906309.0,,,,2437,906309000	ID:7	[INFO: Metric    ] METRIC_TX type=REAL node=7 seq=90 bytes=48 time_ms=905990
RX,REAL,,7,90,48,906351.88,905848,906351.88,905990,905848,42.88000000000466,2438,906351880	ID:1	[INFO: Metric    ] METRIC_RX type=REAL src=7 seq=90 send_ms=905990 recv_ms=905848 bytes=48
TX,REAL,6,,89,48,911484.0,910545,911484.0,,,,2440,911484000	ID:6	[INFO: Metric    ] METRIC_TX type=REAL node=6 seq=89 bytes=48 time_ms=910545
RX,REAL,,6,89,48,911520.88,911017,911520.88,910545,911017,36.88000000000466,2441,911520880	ID:1	[INFO: Metric    ] METRIC_RX type=REAL src=6 seq=89 send_ms=910545 recv_ms=911017 bytes=48
TX,REAL,3,,88,48,912030.0,911366,912030.0,,,,2443,912030000	ID:3	[INFO: Metric    ] METRIC_TX type=REAL node=3 seq=88 bytes=48 time_ms=911366
TX,DUMMY,3,,28,48,912031.0,911367,912031.0,,,,2444,912031000	ID:3	[INFO: Metric    ] METRIC_TX type=DUMMY node=3 seq=28 bytes=48 time_ms=911367
RX,REAL,,3,88,48,912090.168,911587,912090.168,911366,911587,60.167999999946915,2445,912090168	ID:1	[INFO: Metric    ] METRIC_RX type=REAL src=3 seq=88 send_ms=911366 recv_ms=911587 bytes=48
RX,DUMMY,,3,28,48,912196.168,911693,912196.168,911367,911693,,2447,912196168	ID:1	[INFO: Metric    ] METRIC_RX type=DUMMY src=3 seq=28 send_ms=911367 recv_ms=911693 bytes=48
TX,REAL,5,,89,48,912446.0,912109,912446.0,,,,2449,912446000	ID:5	[INFO: Metric    ] METRIC_TX type=REAL node=5 seq=89 bytes=48 time_ms=912109
RX,REAL,,5,89,48,912476.168,911973,912476.168,912109,911973,30.167999999946915,2450,912476168	ID:1	[INFO: Metric    ] METRIC_RX type=REAL src=5 seq=89 send_ms=912109 recv_ms=911973 bytes=48
TX,REAL,4,,88,48,912694.0,912401,912694.0,,,,2453,912694000	ID:4	[INFO: Metric    ] METRIC_TX type=REAL node=4 seq=88 bytes=48 time_ms=912401
RX,REAL,,4,88,48,912748.168,912245,912748.168,912401,912245,54.167999999946915,2454,912748168	ID:1	[INFO: Metric    ] METRIC_RX type=REAL src=4 seq=88 send_ms=912401 recv_ms=912245 bytes=48
TX,REAL,2,,90,48,914136.0,913273,914136.0,,,,2458,914136000	ID:2	[INFO: Metric    ] METRIC_TX type=REAL node=2 seq=90 bytes=48 time_ms=913273
TX,DUMMY,2,,33,48,914137.0,913274,914137.0,,,,2459,914137000	ID:2	[INFO: Metric    ] METRIC_TX type=DUMMY node=2 seq=33 bytes=48 time_ms=913274
RX,REAL,,2,90,48,914179.88,913676,914179.88,913273,913676,43.88000000000466,2460,914179880	ID:1	[INFO: Metric    ] METRIC_RX type=REAL src=2 seq=90 send_ms=913273 recv_ms=913676 bytes=48
RX,DUMMY,,2,33,48,914207.88,913704,914207.88,913274,913704,,2462,914207880	ID:1	[INFO: Metric    ] METRIC_RX type=DUMMY src=2 seq=33 send_ms=913274 recv_ms=913704 bytes=48
TX,REAL,7,,91,48,918310.0,917991,918310.0,,,,2464,918310000	ID:7	[INFO: Metric    ] METRIC_TX type=REAL node=7 seq=91 bytes=48 time_ms=917991
RX,REAL,,7,91,48,918341.88,917838,918341.88,917991,917838,31.880000000004657,2465,918341880	ID:1	[INFO: Metric    ] METRIC_RX type=REAL src=7 seq=91 send_ms=917991 recv_ms=917838 bytes=48
TX,REAL,6,,90,48,921485.0,920546,921485.0,,,,2469,921485000	ID:6	[INFO: Metric    ] METRIC_TX type=REAL node=6 seq=90 bytes=48 time_ms=920546
RX,REAL,,6,90,48,921526.88,921023,921526.88,920546,921023,41.88000000000466,2470,921526880	ID:1	[INFO: Metric    ] METRIC_RX type=REAL src=6 seq=90 send_ms=920546 recv_ms=921023 bytes=48
TX,REAL,4,,89,48,921695.0,921402,921695.0,,,,2472,921695000	ID:4	[INFO: Metric    ] METRIC_TX type=REAL node=4 seq=89 bytes=48 time_ms=921402
TX,DUMMY,4,,30,48,921696.0,921403,921696.0,,,,2473,921696000	ID:4	[INFO: Metric    ] METRIC_TX type=DUMMY node=4 seq=30 bytes=48 time_ms=921403
RX,REAL,,4,89,48,921756.168,921253,921756.168,921402,921253,61.167999999946915,2474,921756168	ID:1	[INFO: Metric    ] METRIC_RX type=REAL src=4 seq=89 send_ms=921402 recv_ms=921253 bytes=48
RX,DUMMY,,4,30,48,921797.168,921294,921797.168,921403,921294,,2476,921797168	ID:1	[INFO: Metric    ] METRIC_RX type=DUMMY src=4 seq=30 send_ms=921403 recv_ms=921294 bytes=48
TX,REAL,3,,89,48,922032.0,921368,922032.0,,,,2478,922032000	ID:3	[INFO: Metric    ] METRIC_TX type=REAL node=3 seq=89 bytes=48 time_ms=921368
RX,REAL,,3,89,48,922081.168,921578,922081.168,921368,921578,49.167999999946915,2479,922081168	ID:1	[INFO: Metric    ] METRIC_RX type=REAL src=3 seq=89 send_ms=921368 recv_ms=921578 bytes=48
TX,REAL,5,,90,48,923447.0,923110,923447.0,,,,2483,923447000	ID:5	[INFO: Metric    ] METRIC_TX type=REAL node=5 seq=90 bytes=48 time_ms=923110
RX,REAL,,5,90,48,923507.168,923004,923507.168,923110,923004,60.167999999946915,2484,923507168	ID:1	[INFO: Metric    ] METRIC_RX type=REAL src=5 seq=90 send_ms=923110 recv_ms=923004 bytes=48
TX,REAL,2,,91,48,926138.0,925275,926138.0,,,,2486,926138000	ID:2	[INFO: Metric    ] METRIC_TX type=REAL node=2 seq=91 bytes=48 time_ms=925275
RX,REAL,,2,91,48,926173.88,925670,926173.88,925275,925670,35.88000000000466,2487,926173880	ID:1	[INFO: Metric    ] METRIC_RX type=REAL src=2 seq=91 send_ms=925275 recv_ms=925670 bytes=48
TX,REAL,7,,92,48,928311.0,927992,928311.0,,,,2490,928311000	ID:7	[INFO: Metric    ] METRIC_TX type=REAL node=7 seq=92 bytes=48 time_ms=927992
RX,REAL,,7,92,48,928352.88,927849,928352.88,927992,927849,41.88000000000466,2491,928352880	ID:1	[INFO: Metric    ] METRIC_RX type=REAL src=7 seq=92 send_ms=927992 recv_ms=927849 bytes=48
TX,REAL,6,,91,48,929486.0,928547,929486.0,,,,2493,929486000	ID:6	[INFO: Metric    ] METRIC_TX type=REAL node=6 seq=91 bytes=48 time_ms=928547
RX,REAL,,6,91,48,929495.88,928992,929495.88,928547,928992,9.880000000004657,2494,929495880	ID:1	[INFO: Metric    ] METRIC_RX type=REAL src=6 seq=91 send_ms=928547 recv_ms=928992 bytes=48
TX,REAL,4,,90,48,929697.0,929404,929697.0,,,,2498,929697000	ID:4	[INFO: Metric    ] METRIC_TX type=REAL node=4 seq=90 bytes=48 time_ms=929404
TX,DUMMY,4,,31,48,929698.0,929405,929698.0,,,,2499,929698000	ID:4	[INFO: Metric    ] METRIC_TX type=DUMMY node=4 seq=31 bytes=48 time_ms=929405
RX,REAL,,4,90,48,929759.168,929256,929759.168,929404,929256,62.167999999946915,2500,929759168	ID:1	[INFO: Metric    ] METRIC_RX type=REAL src=4 seq=90 send_ms=929404 recv_ms=929256 bytes=48
RX,DUMMY,,4,31,48,929790.168,929287,929790.168,929405,929287,,2501,929790168	ID:1	[INFO: Metric    ] METRIC_RX type=DUMMY src=4 seq=31 send_ms=929405 recv_ms=929287 bytes=48
TX,REAL,3,,90,48,930033.0,929369,930033.0,,,,2506,930033000	ID:3	[INFO: Metric    ] METRIC_TX type=REAL node=3 seq=90 bytes=48 time_ms=929369
RX,REAL,,3,90,48,930086.168,929583,930086.168,929369,929583,53.167999999946915,2507,930086168	ID:1	[INFO: Metric    ] METRIC_RX type=REAL src=3 seq=90 send_ms=929369 recv_ms=929583 bytes=48
TX,REAL,5,,91,48,933448.0,933111,933448.0,,,,2509,933448000	ID:5	[INFO: Metric    ] METRIC_TX type=REAL node=5 seq=91 bytes=48 time_ms=933111
TX,DUMMY,5,,33,48,933449.0,933112,933449.0,,,,2510,933449000	ID:5	[INFO: Metric    ] METRIC_TX type=DUMMY node=5 seq=33 bytes=48 time_ms=933112
RX,REAL,,5,91,48,933501.304,932998,933501.304,933111,932998,53.304000000003725,2511,933501304	ID:1	[INFO: Metric    ] METRIC_RX type=REAL src=5 seq=91 send_ms=933111 recv_ms=932998 bytes=48
RX,DUMMY,,5,33,48,933543.168,933040,933543.168,933112,933040,,2512,933543168	ID:1	[INFO: Metric    ] METRIC_RX type=DUMMY src=5 seq=33 send_ms=933112 recv_ms=933040 bytes=48
TX,REAL,2,,92,48,934139.0,933276,934139.0,,,,2515,934139000	ID:2	[INFO: Metric    ] METRIC_TX type=REAL node=2 seq=92 bytes=48 time_ms=933276
RX,REAL,,2,92,48,934179.88,933676,934179.88,933276,933676,40.88000000000466,2516,934179880	ID:1	[INFO: Metric    ] METRIC_RX type=REAL src=2 seq=92 send_ms=933276 recv_ms=933676 bytes=48
TX,REAL,7,,93,48,936312.0,935993,936312.0,,,,2518,936312000	ID:7	[INFO: Metric    ] METRIC_TX type=REAL node=7 seq=93 bytes=48 time_ms=935993
RX,REAL,,7,93,48,936335.88,935832,936335.88,935993,935832,23.880000000004657,2519,936335880	ID:1	[INFO: Metric    ] METRIC_RX type=REAL src=7 seq=93 send_ms=935993 recv_ms=935832 bytes=48
TX,REAL,3,,91,48,938034.0,937370,938034.0,,,,2521,938034000	ID:3	[INFO: Metric    ] METRIC_TX type=REAL node=3 seq=91 bytes=48 time_ms=937370
RX,REAL,,3,91,48,938083.304,937580,938083.304,937370,937580,49.304000000003725,2522,938083304	ID:1	[INFO: Metric    ] METRIC_RX type=REAL src=3 seq=91 send_ms=937370 recv_ms=937580 bytes=48
TX,REAL,6,,92,48,938487.0,937548,938487.0,,,,2525,938487000	ID:6	[INFO: Metric    ] METRIC_TX type=REAL node=6 seq=92 bytes=48 time_ms=937548
RX,REAL,,6,92,48,938508.88,938005,938508.88,937548,938005,21.880000000004657,2526,938508880	ID:1	[INFO: Metric    ] METRIC_RX type=REAL src=6 seq=92 send_ms=937548 recv_ms=938005 bytes=48
TX,REAL,4,,91,48,938699.0,938406,938699.0,,,,2528,938699000	ID:4	[INFO: Metric    ] METRIC_TX type=REAL node=4 seq=91 bytes=48 time_ms=938406
RX,REAL,,4,91,48,938729.168,938226,938729.168,938406,938226,30.167999999946915,2529,938729168	ID:1	[INFO: Metric    ] METRIC_RX type=REAL src=4 seq=91 send_ms=938406 recv_ms=938226 bytes=48
TX,REAL,5,,92,48,943450.0,943113,943450.0,,,,2531,943450000	ID:5	[INFO: Metric    ] METRIC_TX type=REAL node=5 seq=92 bytes=48 time_ms=943113
RX,REAL,,5,92,48,943511.168,943008,943511.168,943113,943008,61.167999999946915,2532,943511168	ID:1	[INFO: Metric    ] METRIC_RX type=REAL src=5 seq=92 send_ms=943113 recv_ms=943008 bytes=48
TX,REAL,2,,93,48,945140.0,944277,945140.0,,,,2534,945140000	ID:2	[INFO: Metric    ] METRIC_TX type=REAL node=2 seq=93 bytes=48 time_ms=944277
RX,REAL,,2,93,48,945172.88,944669,945172.88,944277,944669,32.88000000000466,2535,945172880	ID:1	[INFO: Metric    ] METRIC_RX type=REAL src=2 seq=93 send_ms=944277 recv_ms=944669 bytes=48
TX,REAL,7,,94,48,948313.0,947994,948313.0,,,,2537,948313000	ID:7	[INFO: Metric    ] METRIC_TX type=REAL node=7 seq=94 bytes=48 time_ms=947994
TX,DUMMY,7,,39,48,948314.0,947995,948314.0,,,,2538,948314000	ID:7	[INFO: Metric    ] METRIC_TX type=DUMMY node=7 seq=39 bytes=48 time_ms=947995
RX,REAL,,7,94,48,948340.88,947837,948340.88,947994,947837,27.880000000004657,2539,948340880	ID:1	[INFO: Metric    ] METRIC_RX type=REAL src=7 seq=94 send_ms=947994 recv_ms=947837 bytes=48
RX,DUMMY,,7,39,48,948348.88,947845,948348.88,947995,947845,,2540,948348880	ID:1	[INFO: Metric    ] METRIC_RX type=DUMMY src=7 seq=39 send_ms=947995 recv_ms=947845 bytes=48
TX,REAL,4,,92,48,948700.0,948407,948700.0,,,,2543,948700000	ID:4	[INFO: Metric    ] METRIC_TX type=REAL node=4 seq=92 bytes=48 time_ms=948407
RX,REAL,,4,92,48,948749.168,948246,948749.168,948407,948246,49.167999999946915,2544,948749168	ID:1	[INFO: Metric    ] METRIC_RX type=REAL src=4 seq=92 send_ms=948407 recv_ms=948246 bytes=48
TX,REAL,3,,92,48,949035.0,948371,949035.0,,,,2546,949035000	ID:3	[INFO: Metric    ] METRIC_TX type=REAL node=3 seq=92 bytes=48 time_ms=948371
TX,DUMMY,3,,29,48,949036.0,948372,949036.0,,,,2547,949036000	ID:3	[INFO: Metric    ] METRIC_TX type=DUMMY node=3 seq=29 bytes=48 time_ms=948372
RX,REAL,,3,92,48,949118.168,948615,949118.168,948371,948615,83.16799999994691,2548,949118168	ID:1	[INFO: Metric    ] METRIC_RX type=REAL src=3 seq=92 send_ms=948371 recv_ms=948615 bytes=48
RX,DUMMY,,3,29,48,949128.168,948625,949128.168,948372,948625,,2549,949128168	ID:1	[INFO: Metric    ] METRIC_RX type=DUMMY src=3 seq=29 send_ms=948372 recv_ms=948625 bytes=48
TX,REAL,6,,93,48,949488.0,948549,949488.0,,,,2552,949488000	ID:6	[INFO: Metric    ] METRIC_TX type=REAL node=6 seq=93 bytes=48 time_ms=948549
RX,REAL,,6,93,48,949497.88,948994,949497.88,948549,948994,9.880000000004657,2553,949497880	ID:1	[INFO: Metric    ] METRIC_RX type=REAL src=6 seq=93 send_ms=948549 recv_ms=948994 bytes=48
TX,REAL,5,,93,48,953451.0,953114,953451.0,,,,2556,953451000	ID:5	[INFO: Metric    ] METRIC_TX type=REAL node=5 seq=93 bytes=48 time_ms=953114
RX,REAL,,5,93,48,953491.168,952988,953491.168,953114,952988,40.167999999946915,2557,953491168	ID:1	[INFO: Metric    ] METRIC_RX type=REAL src=5 seq=93 send_ms=953114 recv_ms=952988 bytes=48
TX,REAL,2,,94,48,957141.0,956278,957141.0,,,,2559,957141000	ID:2	[INFO: Metric    ] METRIC_TX type=REAL node=2 seq=94 bytes=48 time_ms=956278
TX,DUMMY,2,,34,48,957142.0,956279,957142.0,,,,2560,957142000	ID:2	[INFO: Metric    ] METRIC_TX type=DUMMY node=2 seq=34 bytes=48 time_ms=956279
RX,REAL,,2,94,48,957168.88,956665,957168.88,956278,956665,27.880000000004657,2561,957168880	ID:1	[INFO: Metric    ] METRIC_RX type=REAL src=2 seq=94 send_ms=956278 recv_ms=956665 bytes=48
RX,DUMMY,,2,34,48,957212.88,956709,957212.88,956279,956709,,2563,957212880	ID:1	[INFO: Metric    ] METRIC_RX type=DUMMY src=2 seq=34 send_ms=956279 recv_ms=956709 bytes=48
TX,REAL,7,,95,48,957315.0,956996,957315.0,,,,2565,957315000	ID:7	[INFO: Metric    ] METRIC_TX type=REAL node=7 seq=95 bytes=48 time_ms=956996
RX,REAL,,7,95,48,957350.88,956847,957350.88,956996,956847,35.88000000000466,2566,957350880	ID:1	[INFO: Metric    ] METRIC_RX type=REAL src=7 seq=95 send_ms=956996 recv_ms=956847 bytes=48
TX,REAL,4,,93,48,958701.0,958408,958701.0,,,,2568,958701000	ID:4	[INFO: Metric    ] METRIC_TX type=REAL node=4 seq=93 bytes=48 time_ms=958408
RX,REAL,,4,93,48,958762.168,958259,958762.168,958408,958259,61.167999999946915,2569,958762168	ID:1	[INFO: Metric    ] METRIC_RX type=REAL src=4 seq=93 send_ms=958408 recv_ms=958259 bytes=48
TX,REAL,6,,94,48,959489.0,958550,959489.0,,,,2571,959489000	ID:6	[INFO: Metric    ] METRIC_TX type=REAL node=6 seq=94 bytes=48 time_ms=958550
RX,REAL,,6,94,48,959533.88,959030,959533.88,958550,959030,44.88000000000466,2572,959533880	ID:1	[INFO: Metric    ] METRIC_RX type=REAL src=6 seq=94 send_ms=958550 recv_ms=959030 bytes=48
TX,REAL,3,,93,48,961037.0,960373,961037.0,,,,2574,961037000	ID:3	[INFO: Metric    ] METRIC_TX type=REAL node=3 seq=93 bytes=48 time_ms=960373
TX,DUMMY,3,,30,48,961038.0,960374,961038.0,,,,2575,961038000	ID:3	[INFO: Metric    ] METRIC_TX type=DUMMY node=3 seq=30 bytes=48 time_ms=960374
RX,REAL,,3,93,48,961093.304,960590,961093.304,960373,960590,56.304000000003725,2576,961093304	ID:1	[INFO: Metric    ] METRIC_RX type=REAL src=3 seq=93 send_ms=960373 recv_ms=960590 bytes=48
RX,DUMMY,,3,30,48,961172.168,960669,961172.168,960374,960669,,2578,961172168	ID:1	[INFO: Metric    ] METRIC_RX type=DUMMY src=3 seq=30 send_ms=960374 recv_ms=960669 bytes=48
TX,REAL,5,,94,48,963452.0,963115,963452.0,,,,2580,963452000	ID:5	[INFO: Metric    ] METRIC_TX type=REAL node=5 seq=94 bytes=48 time_ms=963115
RX,REAL,,5,94,48,963499.168,962996,963499.168,963115,962996,47.167999999946915,2581,963499168	ID:1	[INFO: Metric    ] METRIC_RX type=REAL src=5 seq=94 send_ms=963115 recv_ms=962996 bytes=48
TX,REAL,2,,95,48,965143.0,964280,965143.0,,,,2583,965143000	ID:2	[INFO: Metric    ] METRIC_TX type=REAL node=2 seq=95 bytes=48 time_ms=964280
RX,REAL,,2,95,48,965159.88,964656,965159.88,964280,964656,16.880000000004657,2584,965159880	ID:1	[INFO: Metric    ] METRIC_RX type=REAL src=2 seq=95 send_ms=964280 recv_ms=964656 bytes=48
TX,REAL,4,,94,48,967702.0,967409,967702.0,,,,2587,967702000	ID:4	[INFO: Metric    ] METRIC_TX type=REAL node=4 seq=94 bytes=48 time_ms=967409
TX,DUMMY,4,,32,48,967703.0,967410,967703.0,,,,2588,967703000	ID:4	[INFO: Metric    ] METRIC_TX type=DUMMY node=4 seq=32 bytes=48 time_ms=967410
RX,REAL,,4,94,48,967771.168,967268,967771.168,967409,967268,69.16799999994691,2589,967771168	ID:1	[INFO: Metric    ] METRIC_RX type=REAL src=4 seq=94 send_ms=967409 recv_ms=967268 bytes=48
RX,DUMMY,,4,32,48,967824.168,967321,967824.168,967410,967321,,2590,967824168	ID:1	[INFO: Metric    ] METRIC_RX type=DUMMY src=4 seq=32 send_ms=967410 recv_ms=967321 bytes=48
TX,REAL,3,,94,48,969039.0,968375,969039.0,,,,2593,969039000	ID:3	[INFO: Metric    ] METRIC_TX type=REAL node=3 seq=94 bytes=48 time_ms=968375
TX,DUMMY,3,,31,48,969040.0,968376,969040.0,,,,2594,969040000	ID:3	[INFO: Metric    ] METRIC_TX type=DUMMY node=3 seq=31 bytes=48 time_ms=968376
RX,REAL,,3,94,48,969174.168,968671,969174.168,968375,968671,135.16799999994691,2595,969174168	ID:1	[INFO: Metric    ] METRIC_RX type=REAL src=3 seq=94 send_ms=968375 recv_ms=968671 bytes=48
RX,DUMMY,,3,31,48,969211.168,968708,969211.168,968376,968708,,2596,969211168	ID:1	[INFO: Metric    ] METRIC_RX type=DUMMY src=3 seq=31 send_ms=968376 recv_ms=968708 bytes=48
TX,REAL,7,,96,48,969316.0,968997,969316.0,,,,2599,969316000	ID:7	[INFO: Metric    ] METRIC_TX type=REAL node=7 seq=96 bytes=48 time_ms=968997
TX,DUMMY,7,,40,48,969317.0,968998,969317.0,,,,2600,969317000	ID:7	[INFO: Metric    ] METRIC_TX type=DUMMY node=7 seq=40 bytes=48 time_ms=968998
RX,REAL,,7,96,48,969345.88,968842,969345.88,968997,968842,29.880000000004657,2601,969345880	ID:1	[INFO: Metric    ] METRIC_RX type=REAL src=7 seq=96 send_ms=968997 recv_ms=968842 bytes=48
RX,DUMMY,,7,40,48,969389.88,968886,969389.88,968998,968886,,2603,969389880	ID:1	[INFO: Metric    ] METRIC_RX type=DUMMY src=7 seq=40 send_ms=968998 recv_ms=968886 bytes=48
TX,REAL,6,,95,48,970490.0,969551,970490.0,,,,2605,970490000	ID:6	[INFO: Metric    ] METRIC_TX type=REAL node=6 seq=95 bytes=48 time_ms=969551
RX,REAL,,6,95,48,970500.88,969997,970500.88,969551,969997,10.880000000004657,2606,970500880	ID:1	[INFO: Metric    ] METRIC_RX type=REAL src=6 seq=95 send_ms=969551 recv_ms=969997 bytes=48
TX,REAL,2,,96,48,973144.0,972281,973144.0,,,,2608,973144000	ID:2	[INFO: Metric    ] METRIC_TX type=REAL node=2 seq=96 bytes=48 time_ms=972281
RX,REAL,,2,96,48,973177.88,972674,973177.88,972281,972674,33.88000000000466,2609,973177880	ID:1	[INFO: Metric    ] METRIC_RX type=REAL src=2 seq=96 send_ms=972281 recv_ms=972674 bytes=48
TX,REAL,5,,95,48,975453.0,975116,975453.0,,,,2611,975453000	ID:5	[INFO: Metric    ] METRIC_TX type=REAL node=5 seq=95 bytes=48 time_ms=975116
RX,REAL,,5,95,48,975508.168,975005,975508.168,975116,975005,55.167999999946915,2612,975508168	ID:1	[INFO: Metric    ] METRIC_RX type=REAL src=5 seq=95 send_ms=975116 recv_ms=975005 bytes=48
TX,REAL,4,,95,48,975704.0,975411,975704.0,,,,2614,975704000	ID:4	[INFO: Metric    ] METRIC_TX type=REAL node=4 seq=95 bytes=48 time_ms=975411
RX,REAL,,4,95,48,975765.168,975262,975765.168,975411,975262,61.167999999946915,2615,975765168	ID:1	[INFO: Metric    ] METRIC_RX type=REAL src=4 seq=95 send_ms=975411 recv_ms=975262 bytes=48
TX,REAL,3,,95,48,977041.0,976377,977041.0,,,,2618,977041000	ID:3	[INFO: Metric    ] METRIC_TX type=REAL node=3 seq=95 bytes=48 time_ms=976377
TX,DUMMY,3,,32,48,977042.0,976378,977042.0,,,,2619,977042000	ID:3	[INFO: Metric    ] METRIC_TX type=DUMMY node=3 seq=32 bytes=48 time_ms=976378
RX,REAL,,3,95,48,977117.168,976614,977117.168,976377,976614,76.16799999994691,2620,977117168	ID:1	[INFO: Metric    ] METRIC_RX type=REAL src=3 seq=95 send_ms=976377 recv_ms=976614 bytes=48
RX,DUMMY,,3,32,48,977149.168,976646,977149.168,976378,976646,,2621,977149168	ID:1	[INFO: Metric    ] METRIC_RX type=DUMMY src=3 seq=32 send_ms=976378 recv_ms=976646 bytes=48
TX,REAL,7,,97,48,978318.0,977999,978318.0,,,,2624,978318000	ID:7	[INFO: Metric    ] METRIC_TX type=REAL node=7 seq=97 bytes=48 time_ms=977999
RX,REAL,,7,97,48,978362.88,977859,978362.88,977999,977859,44.88000000000466,2625,978362880	ID:1	[INFO: Metric    ] METRIC_RX type=REAL src=7 seq=97 send_ms=977999 recv_ms=977859 bytes=48
TX,REAL,6,,96,48,979491.0,978552,979491.0,,,,2627,979491000	ID:6	[INFO: Metric    ] METRIC_TX type=REAL node=6 seq=96 bytes=48 time_ms=978552
TX,DUMMY,6,,28,48,979492.0,978553,979492.0,,,,2628,979492000	ID:6	[INFO: Metric    ] METRIC_TX type=DUMMY node=6 seq=28 bytes=48 time_ms=978553
RX,REAL,,6,96,48,979514.88,979011,979514.88,978552,979011,23.880000000004657,2629,979514880	ID:1	[INFO: Metric    ] METRIC_RX type=REAL src=6 seq=96 send_ms=978552 recv_ms=979011 bytes=48
RX,DUMMY,,6,28,48,979550.88,979047,979550.88,978553,979047,,2631,979550880	ID:1	[INFO: Metric    ] METRIC_RX type=DUMMY src=6 seq=28 send_ms=978553 recv_ms=979047 bytes=48
TX,REAL,2,,97,48,984145.0,983282,984145.0,,,,2633,984145000	ID:2	[INFO: Metric    ] METRIC_TX type=REAL node=2 seq=97 bytes=48 time_ms=983282
TX,DUMMY,2,,35,48,984146.0,983283,984146.0,,,,2634,984146000	ID:2	[INFO: Metric    ] METRIC_TX type=DUMMY node=2 seq=35 bytes=48 time_ms=983283
RX,REAL,,2,97,48,984185.88,983682,984185.88,983282,983682,40.88000000000466,2635,984185880	ID:1	[INFO: Metric    ] METRIC_RX type=REAL src=2 seq=97 send_ms=983282 recv_ms=983682 bytes=48
RX,DUMMY,,2,35,48,984220.88,983717,984220.88,983283,983717,,2637,984220880	ID:1	[INFO: Metric    ] METRIC_RX type=DUMMY src=2 seq=35 send_ms=983283 recv_ms=983717 bytes=48
TX,REAL,4,,96,48,984705.0,984412,984705.0,,,,2639,984705000	ID:4	[INFO: Metric    ] METRIC_TX type=REAL node=4 seq=96 bytes=48 time_ms=984412
TX,DUMMY,4,,33,48,984706.0,984413,984706.0,,,,2640,984706000	ID:4	[INFO: Metric    ] METRIC_TX type=DUMMY node=4 seq=33 bytes=48 time_ms=984413
RX,REAL,,4,96,48,984751.168,984248,984751.168,984412,984248,46.167999999946915,2641,984751168	ID:1	[INFO: Metric    ] METRIC_RX type=REAL src=4 seq=96 send_ms=984412 recv_ms=984248 bytes=48
RX,DUMMY,,4,33,48,984783.592,984280,984783.592,984413,984280,,2643,984783592	ID:1	[INFO: Metric    ] METRIC_RX type=DUMMY src=4 seq=33 send_ms=984413 recv_ms=984280 bytes=48
TX,REAL,3,,96,48,985043.0,984379,985043.0,,,,2645,985043000	ID:3	[INFO: Metric    ] METRIC_TX type=REAL node=3 seq=96 bytes=48 time_ms=984379
RX,REAL,,3,96,48,985071.168,984568,985071.168,984379,984568,28.167999999946915,2646,985071168	ID:1	[INFO: Metric    ] METRIC_RX type=REAL src=3 seq=96 send_ms=984379 recv_ms=984568 bytes=48
TX,REAL,5,,96,48,986454.0,986117,986454.0,,,,2649,986454000	ID:5	[INFO: Metric    ] METRIC_TX type=REAL node=5 seq=96 bytes=48 time_ms=986117
RX,REAL,,5,96,48,986506.168,986003,986506.168,986117,986003,52.167999999946915,2650,986506168	ID:1	[INFO: Metric    ] METRIC_RX type=REAL src=5 seq=96 send_ms=986117 recv_ms=986003 bytes=48
TX,REAL,7,,98,48,987319.0,987000,987319.0,,,,2652,987319000	ID:7	[INFO: Metric    ] METRIC_TX type=REAL node=7 seq=98 bytes=48 time_ms=987000
TX,DUMMY,7,,41,48,987320.0,987001,987320.0,,,,2653,987320000	ID:7	[INFO: Metric    ] METRIC_TX type=DUMMY node=7 seq=41 bytes=48 time_ms=987001
RX,REAL,,7,98,48,987340.88,986837,987340.88,987000,986837,21.880000000004657,2654,987340880	ID:1	[INFO: Metric    ] METRIC_RX type=REAL src=7 seq=98 send_ms=987000 recv_ms=986837 bytes=48
RX,DUMMY,,7,41,48,987386.88,986883,987386.88,987001,986883,,2656,987386880	ID:1	[INFO: Metric    ] METRIC_RX type=DUMMY src=7 seq=41 send_ms=987001 recv_ms=986883 bytes=48
TX,REAL,6,,97,48,988493.0,987554,988493.0,,,,2658,988493000	ID:6	[INFO: Metric    ] METRIC_TX type=REAL node=6 seq=97 bytes=48 time_ms=987554
TX,DUMMY,6,,29,48,988494.0,987555,988494.0,,,,2659,988494000	ID:6	[INFO: Metric    ] METRIC_TX type=DUMMY node=6 seq=29 bytes=48 time_ms=987555
RX,REAL,,6,97,48,988533.88,988030,988533.88,987554,988030,40.88000000000466,2660,988533880	ID:1	[INFO: Metric    ] METRIC_RX type=REAL src=6 seq=97 send_ms=987554 recv_ms=988030 bytes=48
RX,DUMMY,,6,29,48,988602.88,988099,988602.88,987555,988099,,2662,988602880	ID:1	[INFO: Metric    ] METRIC_RX type=DUMMY src=6 seq=29 send_ms=987555 recv_ms=988099 bytes=48
TX,REAL,3,,97,48,993044.0,992380,993044.0,,,,2664,993044000	ID:3	[INFO: Metric    ] METRIC_TX type=REAL node=3 seq=97 bytes=48 time_ms=992380
RX,REAL,,3,97,48,993075.168,992572,993075.168,992380,992572,31.167999999946915,2665,993075168	ID:1	[INFO: Metric    ] METRIC_RX type=REAL src=3 seq=97 send_ms=992380 recv_ms=992572 bytes=48
TX,REAL,4,,97,48,993707.0,993414,993707.0,,,,2667,993707000	ID:4	[INFO: Metric    ] METRIC_TX type=REAL node=4 seq=97 bytes=48 time_ms=993414
RX,REAL,,4,97,48,993783.168,993280,993783.168,993414,993280,76.16799999994691,2668,993783168	ID:1	[INFO: Metric    ] METRIC_RX type=REAL src=4 seq=97 send_ms=993414 recv_ms=993280 bytes=48
TX,REAL,2,,98,48,995147.0,994284,995147.0,,,,2670,995147000	ID:2	[INFO: Metric    ] METRIC_TX type=REAL node=2 seq=98 bytes=48 time_ms=994284
RX,REAL,,2,98,48,995155.88,994652,995155.88,994284,994652,8.880000000004657,2671,995155880	ID:1	[INFO: Metric    ] METRIC_RX type=REAL src=2 seq=98 send_ms=994284 recv_ms=994652 bytes=48
TX,REAL,7,,99,48,995321.0,995002,995321.0,,,,2673,995321000	ID:7	[INFO: Metric    ] METRIC_TX type=REAL node=7 seq=99 bytes=48 time_ms=995002
RX,REAL,,7,99,48,995328.88,994825,995328.88,995002,994825,7.880000000004657,2674,995328880	ID:1	[INFO: Metric    ] METRIC_RX type=REAL src=7 seq=99 send_ms=995002 recv_ms=994825 bytes=48
TX,REAL,5,,97,48,995455.0,995118,995455.0,,,,2676,995455000	ID:5	[INFO: Metric    ] METRIC_TX type=REAL node=5 seq=97 bytes=48 time_ms=995118
RX,REAL,,5,97,48,995542.168,995039,995542.168,995118,995039,87.16799999994691,2677,995542168	ID:1	[INFO: Metric    ] METRIC_RX type=REAL src=5 seq=97 send_ms=995118 recv_ms=995039 bytes=48
TX,REAL,6,,98,48,998495.0,997556,998495.0,,,,2680,998495000	ID:6	[INFO: Metric    ] METRIC_TX type=REAL node=6 seq=98 bytes=48 time_ms=997556
TX,DUMMY,6,,30,48,998496.0,997557,998496.0,,,,2681,998496000	ID:6	[INFO: Metric    ] METRIC_TX type=DUMMY node=6 seq=30 bytes=48 time_ms=997557
RX,REAL,,6,98,48,998518.88,998015,998518.88,997556,998015,23.880000000004657,2682,998518880	ID:1	[INFO: Metric    ] METRIC_RX type=REAL src=6 seq=98 send_ms=997556 recv_ms=998015 bytes=48
RX,DUMMY,,6,30,48,998545.88,998042,998545.88,997557,998042,,2684,998545880	ID:1	[INFO: Metric    ] METRIC_RX type=DUMMY src=6 seq=30 send_ms=997557 recv_ms=998042 bytes=48
TX,REAL,3,,98,48,1003045.0,1002381,1003045.0,,,,2686,1003045000	ID:3	[INFO: Metric    ] METRIC_TX type=REAL node=3 seq=98 bytes=48 time_ms=1002381
TX,DUMMY,3,,33,48,1003046.0,1002382,1003046.0,,,,2687,1003046000	ID:3	[INFO: Metric    ] METRIC_TX type=DUMMY node=3 seq=33 bytes=48 time_ms=1002382
RX,REAL,,3,98,48,1003103.168,1002600,1003103.168,1002381,1002600,58.167999999946915,2688,1003103168	ID:1	[INFO: Metric    ] METRIC_RX type=REAL src=3 seq=98 send_ms=1002381 recv_ms=1002600 bytes=48
RX,DUMMY,,3,33,48,1003110.336,1002607,1003110.336,1002382,1002607,,2689,1003110336	ID:1	[INFO: Metric    ] METRIC_RX type=DUMMY src=3 seq=33 send_ms=1002382 recv_ms=1002607 bytes=48
TX,REAL,5,,98,48,1003456.0,1003119,1003456.0,,,,2692,1003456000	ID:5	[INFO: Metric    ] METRIC_TX type=REAL node=5 seq=98 bytes=48 time_ms=1003119
TX,DUMMY,5,,34,48,1003457.0,1003120,1003457.0,,,,2693,1003457000	ID:5	[INFO: Metric    ] METRIC_TX type=DUMMY node=5 seq=34 bytes=48 time_ms=1003120
RX,REAL,,5,98,48,1003584.168,1003081,1003584.168,1003119,1003081,128.16799999994691,2694,1003584168	ID:1	[INFO: Metric    ] METRIC_RX type=REAL src=5 seq=98 send_ms=1003119 recv_ms=1003081 bytes=48
RX,DUMMY,,5,34,48,1003631.168,1003128,1003631.168,1003120,1003128,,2696,1003631168	ID:1	[INFO: Metric    ] METRIC_RX type=DUMMY src=5 seq=34 send_ms=1003120 recv_ms=1003128 bytes=48
TX,REAL,2,,99,48,1004148.0,1003285,1004148.0,,,,2698,1004148000	ID:2	[INFO: Metric    ] METRIC_TX type=REAL node=2 seq=99 bytes=48 time_ms=1003285
RX,REAL,,2,99,48,1004190.88,1003687,1004190.88,1003285,1003687,42.88000000000466,2699,1004190880	ID:1	[INFO: Metric    ] METRIC_RX type=REAL src=2 seq=99 send_ms=1003285 recv_ms=1003687 bytes=48
TX,REAL,4,,98,48,1005708.0,1005415,1005708.0,,,,2701,1005708000	ID:4	[INFO: Metric    ] METRIC_TX type=REAL node=4 seq=98 bytes=48 time_ms=1005415
RX,REAL,,4,98,48,1005756.168,1005253,1005756.168,1005415,1005253,48.167999999946915,2702,1005756168	ID:1	[INFO: Metric    ] METRIC_RX type=REAL src=4 seq=98 send_ms=1005415 recv_ms=1005253 bytes=48
TX,REAL,7,,100,48,1007322.0,1007003,1007322.0,,,,2706,1007322000	ID:7	[INFO: Metric    ] METRIC_TX type=REAL node=7 seq=100 bytes=48 time_ms=1007003
TX,DUMMY,7,,42,48,1007323.0,1007004,1007323.0,,,,2707,1007323000	ID:7	[INFO: Metric    ] METRIC_TX type=DUMMY node=7 seq=42 bytes=48 time_ms=1007004
RX,REAL,,7,100,48,1007365.88,1006862,1007365.88,1007003,1006862,43.88000000000466,2708,1007365880	ID:1	[INFO: Metric    ] METRIC_RX type=REAL src=7 seq=100 send_ms=1007003 recv_ms=1006862 bytes=48
RX,DUMMY,,7,42,48,1007400.88,1006897,1007400.88,1007004,1006897,,2710,1007400880	ID:1	[INFO: Metric    ] METRIC_RX type=DUMMY src=7 seq=42 send_ms=1007004 recv_ms=1006897 bytes=48
TX,REAL,6,,99,48,1010497.0,1009558,1010497.0,,,,2713,1010497000	ID:6	[INFO: Metric    ] METRIC_TX type=REAL node=6 seq=99 bytes=48 time_ms=1009558
RX,REAL,,6,99,48,1010507.88,1010004,1010507.88,1009558,1010004,10.880000000004657,2714,1010507880	ID:1	[INFO: Metric    ] METRIC_RX type=REAL src=6 seq=99 send_ms=1009558 recv_ms=1010004 bytes=48
TX,REAL,3,,99,48,1011047.0,1010383,1011047.0,,,,2716,1011047000	ID:3	[INFO: Metric    ] METRIC_TX type=REAL node=3 seq=99 bytes=48 time_ms=1010383
RX,REAL,,3,99,48,1011089.304,1010586,1011089.304,1010383,1010586,42.304000000003725,2717,1011089304	ID:1	[INFO: Metric    ] METRIC_RX type=REAL src=3 seq=99 send_ms=1010383 recv_ms=1010586 bytes=48
TX,REAL,5,,99,48,1012458.0,1012121,1012458.0,,,,2719,1012458000	ID:5	[INFO: Metric    ] METRIC_TX type=REAL node=5 seq=99 bytes=48 time_ms=1012121
RX,REAL,,5,99,48,1012505.168,1012002,1012505.168,1012121,1012002,47.167999999946915,2720,1012505168	ID:1	[INFO: Metric    ] METRIC_RX type=REAL src=5 seq=99 send_ms=1012121 recv_ms=1012002 bytes=48
TX,REAL,2,,100,48,1013149.0,1012286,1013149.0,,,,2724,1013149000	ID:2	[INFO: Metric    ] METRIC_TX type=REAL node=2 seq=100 bytes=48 time_ms=1012286
TX,DUMMY,2,,36,48,1013150.0,1012287,1013150.0,,,,2725,1013150000	ID:2	[INFO: Metric    ] METRIC_TX type=DUMMY node=2 seq=36 bytes=48 time_ms=1012287
RX,REAL,,2,100,48,1013191.88,1012688,1013191.88,1012286,1012688,42.88000000000466,2726,1013191880	ID:1	[INFO: Metric    ] METRIC_RX type=REAL src=2 seq=100 send_ms=1012286 recv_ms=1012688 bytes=48
RX,DUMMY,,2,36,48,1013204.88,1012701,1013204.88,1012287,1012701,,2727,1013204880	ID:1	[INFO: Metric    ] METRIC_RX type=DUMMY src=2 seq=36 send_ms=1012287 recv_ms=1012701 bytes=48
TX,REAL,4,,99,48,1016709.0,1016416,1016709.0,,,,2730,1016709000	ID:4	[INFO: Metric    ] METRIC_TX type=REAL node=4 seq=99 bytes=48 time_ms=1016416
RX,REAL,,4,99,48,1016757.168,1016254,1016757.168,1016416,1016254,48.167999999946915,2731,1016757168	ID:1	[INFO: Metric    ] METRIC_RX type=REAL src=4 seq=99 send_ms=1016416 recv_ms=1016254 bytes=48
TX,REAL,7,,101,48,1018324.0,1018005,1018324.0,,,,2733,1018324000	ID:7	[INFO: Metric    ] METRIC_TX type=REAL node=7 seq=101 bytes=48 time_ms=1018005
TX,DUMMY,7,,43,48,1018325.0,1018006,1018325.0,,,,2734,1018325000	ID:7	[INFO: Metric    ] METRIC_TX type=DUMMY node=7 seq=43 bytes=48 time_ms=1018006
RX,REAL,,7,101,48,1018355.88,1017852,1018355.88,1018005,1017852,31.880000000004657,2735,1018355880	ID:1	[INFO: Metric    ] METRIC_RX type=REAL src=7 seq=101 send_ms=1018005 recv_ms=1017852 bytes=48
RX,DUMMY,,7,43,48,1018383.88,1017880,1018383.88,1018006,1017880,,2736,1018383880	ID:1	[INFO: Metric    ] METRIC_RX type=DUMMY src=7 seq=43 send_ms=1018006 recv_ms=1017880 bytes=48
TX,REAL,3,,100,48,1019048.0,1018384,1019048.0,,,,2741,1019048000	ID:3	[INFO: Metric    ] METRIC_TX type=REAL node=3 seq=100 bytes=48 time_ms=1018384
TX,DUMMY,3,,34,48,1019049.0,1018385,1019049.0,,,,2742,1019049000	ID:3	[INFO: Metric    ] METRIC_TX type=DUMMY node=3 seq=34 bytes=48 time_ms=1018385
RX,REAL,,3,100,48,1019105.168,1018602,1019105.168,1018384,1018602,57.167999999946915,2743,1019105168	ID:1	[INFO: Metric    ] METRIC_RX type=REAL src=3 seq=100 send_ms=1018384 recv_ms=1018602 bytes=48
RX,DUMMY,,3,34,48,1019112.168,1018609,1019112.168,1018385,1018609,,2744,1019112168	ID:1	[INFO: Metric    ] METRIC_RX type=DUMMY src=3 seq=34 send_ms=1018385 recv_ms=1018609 bytes=48
TX,REAL,6,,100,48,1019498.0,1018559,1019498.0,,,,2750,1019498000	ID:6	[INFO: Metric    ] METRIC_TX type=REAL node=6 seq=100 bytes=48 time_ms=1018559
RX,REAL,,6,100,48,1019525.88,1019022,1019525.88,1018559,1019022,27.880000000004657,2751,1019525880	ID:1	[INFO: Metric    ] METRIC_RX type=REAL src=6 seq=100 send_ms=1018559 recv_ms=1019022 bytes=48
TX,REAL,5,,100,48,1021459.0,1021122,1021459.0,,,,2755,1021459000	ID:5	[INFO: Metric    ] METRIC_TX type=REAL node=5 seq=100 bytes=48 time_ms=1021122
RX,REAL,,5,100,48,1021481.168,1020978,1021481.168,1021122,1020978,22.167999999946915,2756,1021481168	ID:1	[INFO: Metric    ] METRIC_RX type=REAL src=5 seq=100 send_ms=1021122 recv_ms=1020978 bytes=48
TX,REAL,2,,101,48,1023151.0,1022288,1023151.0,,,,2758,1023151000	ID:2	[INFO: Metric    ] METRIC_TX type=REAL node=2 seq=101 bytes=48 time_ms=1022288
RX,REAL,,2,101,48,1023170.88,1022667,1023170.88,1022288,1022667,19.880000000004657,2759,1023170880	ID:1	[INFO: Metric    ] METRIC_RX type=REAL src=2 seq=101 send_ms=1022288 recv_ms=1022667 bytes=48
TX,REAL,4,,100,48,1027710.0,1027417,1027710.0,,,,2763,1027710000	ID:4	[INFO: Metric    ] METRIC_TX type=REAL node=4 seq=100 bytes=48 time_ms=1027417
RX,REAL,,4,100,48,1027773.168,1027270,1027773.168,1027417,1027270,63.167999999946915,2764,1027773168	ID:1	[INFO: Metric    ] METRIC_RX type=REAL src=4 seq=100 send_ms=1027417 recv_ms=1027270 bytes=48
TX,REAL,7,,102,48,1028326.0,1028007,1028326.0,,,,2766,1028326000	ID:7	[INFO: Metric    ] METRIC_TX type=REAL node=7 seq=102 bytes=48 time_ms=1028007
TX,DUMMY,7,,44,48,1028327.0,1028008,1028327.0,,,,2767,1028327000	ID:7	[INFO: Metric    ] METRIC_TX type=DUMMY node=7 seq=44 bytes=48 time_ms=1028008
RX,REAL,,7,102,48,1028364.88,1027861,1028364.88,1028007,1027861,38.88000000000466,2768,1028364880	ID:1	[INFO: Metric    ] METRIC_RX type=REAL src=7 seq=102 send_ms=1028007 recv_ms=1027861 bytes=48
RX,DUMMY,,7,44,48,1028387.88,1027884,1028387.88,1028008,1027884,,2769,1028387880	ID:1	[INFO: Metric    ] METRIC_RX type=DUMMY src=7 seq=44 send_ms=1028008 recv_ms=1027884 bytes=48
TX,REAL,6,,101,48,1030499.0,1029560,1030499.0,,,,2772,1030499000	ID:6	[INFO: Metric    ] METRIC_TX type=REAL node=6 seq=101 bytes=48 time_ms=1029560
RX,REAL,,6,101,48,1030522.88,1030019,1030522.88,1029560,1030019,23.880000000004657,2773,1030522880	ID:1	[INFO: Metric    ] METRIC_RX type=REAL src=6 seq=101 send_ms=1029560 recv_ms=1030019 bytes=48
TX,REAL,3,,101,48,1031050.0,1030386,1031050.0,,,,2775,1031050000	ID:3	[INFO: Metric    ] METRIC_TX type=REAL node=3 seq=101 bytes=48 time_ms=1030386
TX,DUMMY,3,,35,48,1031051.0,1030387,1031051.0,,,,2776,1031051000	ID:3	[INFO: Metric    ] METRIC_TX type=DUMMY node=3 seq=35 bytes=48 time_ms=1030387
RX,REAL,,3,101,48,1031075.168,1030572,1031075.168,1030386,1030572,25.167999999946915,2777,1031075168	ID:1	[INFO: Metric    ] METRIC_RX type=REAL src=3 seq=101 send_ms=1030386 recv_ms=1030572 bytes=48
RX,DUMMY,,3,35,48,1031105.168,1030602,1031105.168,1030387,1030602,,2778,1031105168	ID:1	[INFO: Metric    ] METRIC_RX type=DUMMY src=3 seq=35 send_ms=1030387 recv_ms=1030602 bytes=48
TX,REAL,5,,101,48,1033460.0,1033123,1033460.0,,,,2781,1033460000	ID:5	[INFO: Metric    ] METRIC_TX type=REAL node=5 seq=101 bytes=48 time_ms=1033123
TX,DUMMY,5,,35,48,1033461.0,1033124,1033461.0,,,,2782,1033461000	ID:5	[INFO: Metric    ] METRIC_TX type=DUMMY node=5 seq=35 bytes=48 time_ms=1033124
RX,REAL,,5,101,48,1033477.304,1032974,1033477.304,1033123,1032974,17.304000000003725,2783,1033477304	ID:1	[INFO: Metric    ] METRIC_RX type=REAL src=5 seq=101 send_ms=1033123 recv_ms=1032974 bytes=48
RX,DUMMY,,5,35,48,1033624.168,1033121,1033624.168,1033124,1033121,,2786,1033624168	ID:1	[INFO: Metric    ] METRIC_RX type=DUMMY src=5 seq=35 send_ms=1033124 recv_ms=1033121 bytes=48
TX,REAL,2,,102,48,1035152.0,1034289,1035152.0,,,,2788,1035152000	ID:2	[INFO: Metric    ] METRIC_TX type=REAL node=2 seq=102 bytes=48 time_ms=1034289
RX,REAL,,2,102,48,1035173.88,1034670,1035173.88,1034289,1034670,21.880000000004657,2789,1035173880	ID:1	[INFO: Metric    ] METRIC_RX type=REAL src=2 seq=102 send_ms=1034289 recv_ms=1034670 bytes=48
TX,REAL,4,,101,48,1036711.0,1036418,1036711.0,,,,2791,1036711000	ID:4	[INFO: Metric    ] METRIC_TX type=REAL node=4 seq=101 bytes=48 time_ms=1036418
TX,DUMMY,4,,34,48,1036712.0,1036419,1036712.0,,,,2792,1036712000	ID:4	[INFO: Metric    ] METRIC_TX type=DUMMY node=4 seq=34 bytes=48 time_ms=1036419
RX,REAL,,4,101,48,1036735.168,1036232,1036735.168,1036418,1036232,24.167999999946915,2793,1036735168	ID:1	[INFO: Metric    ] METRIC_RX type=REAL src=4 seq=101 send_ms=1036418 recv_ms=1036232 bytes=48
RX,DUMMY,,4,34,48,1036816.168,1036313,1036816.168,1036419,1036313,,2795,1036816168	ID:1	[INFO: Metric    ] METRIC_RX type=DUMMY src=4 seq=34 send_ms=1036419 recv_ms=1036313 bytes=48
TX,REAL,6,,102,48,1038500.0,1037561,1038500.0,,,,2797,1038500000	ID:6	[INFO: Metric    ] METRIC_TX type=REAL node=6 seq=102 bytes=48 time_ms=1037561
TX,DUMMY,6,,31,48,1038501.0,1037562,1038501.0,,,,2798,1038501000	ID:6	[INFO: Metric    ] METRIC_TX type=DUMMY node=6 seq=31 bytes=48 time_ms=1037562
RX,REAL,,6,102,48,1038508.88,1038005,1038508.88,1037561,1038005,8.880000000004657,2799,1038508880	ID:1	[INFO: Metric    ] METRIC_RX type=REAL src=6 seq=102 send_ms=1037561 recv_ms=1038005 bytes=48
RX,DUMMY,,6,31,48,1038537.88,1038034,1038537.88,1037562,1038034,,2801,1038537880	ID:1	[INFO: Metric    ] METRIC_RX type=DUMMY src=6 seq=31 send_ms=1037562 recv_ms=1038034 bytes=48
TX,REAL,7,,103,48,1039328.0,1039009,1039328.0,,,,2803,1039328000	ID:7	[INFO: Metric    ] METRIC_TX type=REAL node=7 seq=103 bytes=48 time_ms=1039009
RX,REAL,,7,103,48,1039347.88,1038844,1039347.88,1039009,1038844,19.880000000004657,2804,1039347880	ID:1	[INFO: Metric    ] METRIC_RX type=REAL src=7 seq=103 send_ms=1039009 recv_ms=1038844 bytes=48
TX,REAL,5,,102,48,1041462.0,1041125,1041462.0,,,,2806,1041462000	ID:5	[INFO: Metric    ] METRIC_TX type=REAL node=5 seq=102 bytes=48 time_ms=1041125
TX,DUMMY,5,,36,48,1041463.0,1041126,1041463.0,,,,2807,1041463000	ID:5	[INFO: Metric    ] METRIC_TX type=DUMMY node=5 seq=36 bytes=48 time_ms=1041126
RX,REAL,,5,102,48,1041517.168,1041014,1041517.168,1041125,1041014,55.167999999946915,2808,1041517168	ID:1	[INFO: Metric    ] METRIC_RX type=REAL src=5 seq=102 send_ms=1041125 recv_ms=1041014 bytes=48
RX,DUMMY,,5,36,48,1041544.168,1041041,1041544.168,1041126,1041041,,2809,1041544168	ID:1	[INFO: Metric    ] METRIC_RX type=DUMMY src=5 seq=36 send_ms=1041126 recv_ms=1041041 bytes=48
TX,REAL,3,,102,48,1043052.0,1042388,1043052.0,,,,2812,1043052000	ID:3	[INFO: Metric    ] METRIC_TX type=REAL node=3 seq=102 bytes=48 time_ms=1042388
RX,REAL,,3,102,48,1043095.168,1042592,1043095.168,1042388,1042592,43.167999999946915,2813,1043095168	ID:1	[INFO: Metric    ] METRIC_RX type=REAL src=3 seq=102 send_ms=1042388 recv_ms=1042592 bytes=48
TX,REAL,2,,103,48,1043153.0,1042290,1043153.0,,,,2816,1043153000	ID:2	[INFO: Metric    ] METRIC_TX type=REAL node=2 seq=103 bytes=48 time_ms=1042290
RX,REAL,,2,103,48,1043164.88,1042661,1043164.88,1042290,1042661,11.880000000004657,2817,1043164880	ID:1	[INFO: Metric    ] METRIC_RX type=REAL src=2 seq=103 send_ms=1042290 recv_ms=1042661 bytes=48
TX,REAL,4,,102,48,1047713.0,1047420,1047713.0,,,,2819,1047713000	ID:4	[INFO: Metric    ] METRIC_TX type=REAL node=4 seq=102 bytes=48 time_ms=1047420
RX,REAL,,4,102,48,1047766.168,1047263,1047766.168,1047420,1047263,53.167999999946915,2820,1047766168	ID:1	[INFO: Metric    ] METRIC_RX type=REAL src=4 seq=102 send_ms=1047420 recv_ms=1047263 bytes=48
TX,REAL,7,,104,48,1048329.0,1048010,1048329.0,,,,2822,1048329000	ID:7	[INFO: Metric    ] METRIC_TX type=REAL node=7 seq=104 bytes=48 time_ms=1048010
TX,DUMMY,7,,45,48,1048330.0,1048011,1048330.0,,,,2823,1048330000	ID:7	[INFO: Metric    ] METRIC_TX type=DUMMY node=7 seq=45 bytes=48 time_ms=1048011
RX,REAL,,7,104,48,1048349.88,1047846,1048349.88,1048010,1047846,20.880000000004657,2824,1048349880	ID:1	[INFO: Metric    ] METRIC_RX type=REAL src=7 seq=104 send_ms=1048010 recv_ms=1047846 bytes=48
RX,DUMMY,,7,45,48,1048392.88,1047889,1048392.88,1048011,1047889,,2826,1048392880	ID:1	[INFO: Metric    ] METRIC_RX type=DUMMY src=7 seq=45 send_ms=1048011 recv_ms=1047889 bytes=48
TX,REAL,6,,103,48,1050502.0,1049563,1050502.0,,,,2828,1050502000	ID:6	[INFO: Metric    ] METRIC_TX type=REAL node=6 seq=103 bytes=48 time_ms=1049563
TX,DUMMY,6,,32,48,1050503.0,1049564,1050503.0,,,,2829,1050503000	ID:6	[INFO: Metric    ] METRIC_TX type=DUMMY node=6 seq=32 bytes=48 time_ms=1049564
RX,REAL,,6,103,48,1050511.88,1050008,1050511.88,1049563,1050008,9.879999999888241,2830,1050511880	ID:1	[INFO: Metric    ] METRIC_RX type=REAL src=6 seq=103 send_ms=1049563 recv_ms=1050008 bytes=48
RX,DUMMY,,6,32,48,1050522.88,1050019,1050522.88,1049564,1050019,,2831,1050522880	ID:1	[INFO: Metric    ] METRIC_RX type=DUMMY src=6 seq=32 send_ms=1049564 recv_ms=1050019 bytes=48
TX,REAL,5,,103,48,1051464.0,1051127,1051464.0,,,,2834,1051464000	ID:5	[INFO: Metric    ] METRIC_TX type=REAL node=5 seq=103 bytes=48 time_ms=1051127
RX,REAL,,5,103,48,1051528.168,1051025,1051528.168,1051127,1051025,64.16800000006333,2835,1051528168	ID:1	[INFO: Metric    ] METRIC_RX type=REAL src=5 seq=103 send_ms=1051127 recv_ms=1051025 bytes=48
TX,REAL,3,,103,48,1053053.0,1052389,1053053.0,,,,2837,1053053000	ID:3	[INFO: Metric    ] METRIC_TX type=REAL node=3 seq=103 bytes=48 time_ms=1052389
RX,REAL,,3,103,48,1053078.304,1052575,1053078.304,1052389,1052575,25.304000000003725,2838,1053078304	ID:1	[INFO: Metric    ] METRIC_RX type=REAL src=3 seq=103 send_ms=1052389 recv_ms=1052575 bytes=48
TX,REAL,2,,104,48,1054154.0,1053291,1054154.0,,,,2840,1054154000	ID:2	[INFO: Metric    ] METRIC_TX type=REAL node=2 seq=104 bytes=48 time_ms=1053291
TX,DUMMY,2,,37,48,1054155.0,1053292,1054155.0,,,,2841,1054155000	ID:2	[INFO: Metric    ] METRIC_TX type=DUMMY node=2 seq=37 bytes=48 time_ms=1053292
RX,REAL,,2,104,48,1054166.88,1053663,1054166.88,1053291,1053663,12.879999999888241,2842,1054166880	ID:1	[INFO: Metric    ] METRIC_RX type=REAL src=2 seq=104 send_ms=1053291 recv_ms=1053663 bytes=48
RX,DUMMY,,2,37,48,1054197.88,1053694,1054197.88,1053292,1053694,,2843,1054197880	ID:1	[INFO: Metric    ] METRIC_RX type=DUMMY src=2 seq=37 send_ms=1053292 recv_ms=1053694 bytes=48
TX,REAL,4,,103,48,1056714.0,1056421,1056714.0,,,,2847,1056714000	ID:4	[INFO: Metric    ] METRIC_TX type=REAL node=4 seq=103 bytes=48 time_ms=1056421
TX,DUMMY,4,,35,48,1056715.0,1056422,1056715.0,,,,2848,1056715000	ID:4	[INFO: Metric    ] METRIC_TX type=DUMMY node=4 seq=35 bytes=48 time_ms=1056422
RX,REAL,,4,103,48,1056871.168,1056368,1056871.168,1056421,1056368,157.16800000006333,2849,1056871168	ID:1	[INFO: Metric    ] METRIC_RX type=REAL src=4 seq=103 send_ms=1056421 recv_ms=1056368 bytes=48
RX,DUMMY,,4,35,48,1056906.168,1056403,1056906.168,1056422,1056403,,2850,1056906168	ID:1	[INFO: Metric    ] METRIC_RX type=DUMMY src=4 seq=35 send_ms=1056422 recv_ms=1056403 bytes=48
TX,REAL,6,,104,48,1058504.0,1057565,1058504.0,,,,2853,1058504000	ID:6	[INFO: Metric    ] METRIC_TX type=REAL node=6 seq=104 bytes=48 time_ms=1057565
TX,DUMMY,6,,33,48,1058505.0,1057566,1058505.0,,,,2854,1058505000	ID:6	[INFO: Metric    ] METRIC_TX type=DUMMY node=6 seq=33 bytes=48 time_ms=1057566
RX,REAL,,6,104,48,1058537.88,1058034,1058537.88,1057565,1058034,33.87999999988824,2855,1058537880	ID:1	[INFO: Metric    ] METRIC_RX type=REAL src=6 seq=104 send_ms=1057565 recv_ms=1058034 bytes=48
RX,DUMMY,,6,33,48,1058567.88,1058064,1058567.88,1057566,1058064,,2856,1058567880	ID:1	[INFO: Metric    ] METRIC_RX type=DUMMY src=6 seq=33 send_ms=1057566 recv_ms=1058064 bytes=48
TX,REAL,7,,105,48,1059331.0,1059012,1059331.0,,,,2859,1059331000	ID:7	[INFO: Metric    ] METRIC_TX type=REAL node=7 seq=105 bytes=48 time_ms=1059012
RX,REAL,,7,105,48,1059349.88,1058846,1059349.88,1059012,1058846,18.87999999988824,2860,1059349880	ID:1	[INFO: Metric    ] METRIC_RX type=REAL src=7 seq=105 send_ms=1059012 recv_ms=1058846 bytes=48
TX,REAL,5,,104,48,1060465.0,1060128,1060465.0,,,,2862,1060465000	ID:5	[INFO: Metric    ] METRIC_TX type=REAL node=5 seq=104 bytes=48 time_ms=1060128
RX,REAL,,5,104,48,1060530.168,1060027,1060530.168,1060128,1060027,65.16800000006333,2863,1060530168	ID:1	[INFO: Metric    ] METRIC_RX type=REAL src=5 seq=104 send_ms=1060128 recv_ms=1060027 bytes=48
TX,REAL,2,,105,48,1062156.0,1061293,1062156.0,,,,2865,1062156000	ID:2	[INFO: Metric    ] METRIC_TX type=REAL node=2 seq=105 bytes=48 time_ms=1061293
RX,REAL,,2,105,48,1062188.88,1061685,1062188.88,1061293,1061685,32.87999999988824,2866,1062188880	ID:1	[INFO: Metric    ] METRIC_RX type=REAL src=2 seq=105 send_ms=1061293 recv_ms=1061685 bytes=48
TX,REAL,3,,104,48,1064054.0,1063390,1064054.0,,,,2868,1064054000	ID:3	[INFO: Metric    ] METRIC_TX type=REAL node=3 seq=104 bytes=48 time_ms=1063390
RX,REAL,,3,104,48,1064121.168,1063618,1064121.168,1063390,1063618,67.16800000006333,2869,1064121168	ID:1	[INFO: Metric    ] METRIC_RX type=REAL src=3 seq=104 send_ms=1063390 recv_ms=1063618 bytes=48
TX,REAL,4,,104,48,1064716.0,1064423,1064716.0,,,,2871,1064716000	ID:4	[INFO: Metric    ] METRIC_TX type=REAL node=4 seq=104 bytes=48 time_ms=1064423
RX,REAL,,4,104,48,1064778.168,1064275,1064778.168,1064423,1064275,62.16800000006333,2872,1064778168	ID:1	[INFO: Metric    ] METRIC_RX type=REAL src=4 seq=104 send_ms=1064423 recv_ms=1064275 bytes=48
TX,REAL,5,,105,48,1068466.0,1068129,1068466.0,,,,2874,1068466000	ID:5	[INFO: Metric    ] METRIC_TX type=REAL node=5 seq=105 bytes=48 time_ms=1068129
RX,REAL,,5,105,48,1068522.168,1068019,1068522.168,1068129,1068019,56.16800000006333,2875,1068522168	ID:1	[INFO: Metric    ] METRIC_RX type=REAL src=5 seq=105 send_ms=1068129 recv_ms=1068019 bytes=48
TX,REAL,7,,106,48,1069332.0,1069013,1069332.0,,,,2878,1069332000	ID:7	[INFO: Metric    ] METRIC_TX type=REAL node=7 seq=106 bytes=48 time_ms=1069013
TX,DUMMY,7,,46,48,1069333.0,1069014,1069333.0,,,,2879,1069333000	ID:7	[INFO: Metric    ] METRIC_TX type=DUMMY node=7 seq=46 bytes=48 time_ms=1069014
RX,REAL,,7,106,48,1069358.88,1068855,1069358.88,1069013,1068855,26.87999999988824,2880,1069358880	ID:1	[INFO: Metric    ] METRIC_RX type=REAL src=7 seq=106 send_ms=1069013 recv_ms=1068855 bytes=48
RX,DUMMY,,7,46,48,1069399.88,1068896,1069399.88,1069014,1068896,,2881,1069399880	ID:1	[INFO: Metric    ] METRIC_RX type=DUMMY src=7 seq=46 send_ms=1069014 recv_ms=1068896 bytes=48
TX,REAL,6,,105,48,1070506.0,1069567,1070506.0,,,,2884,1070506000	ID:6	[INFO: Metric    ] METRIC_TX type=REAL node=6 seq=105 bytes=48 time_ms=1069567
RX,REAL,,6,105,48,1070546.88,1070043,1070546.88,1069567,1070043,40.87999999988824,2885,1070546880	ID:1	[INFO: Metric    ] METRIC_RX type=REAL src=6 seq=105 send_ms=1069567 recv_ms=1070043 bytes=48
TX,REAL,2,,106,48,1071157.0,1070294,1071157.0,,,,2887,1071157000	ID:2	[INFO: Metric    ] METRIC_TX type=REAL node=2 seq=106 bytes=48 time_ms=1070294
TX,DUMMY,2,,38,48,1071158.0,1070295,1071158.0,,,,2888,1071158000	ID:2	[INFO: Metric    ] METRIC_TX type=DUMMY node=2 seq=38 bytes=48 time_ms=1070295
RX,REAL,,2,106,48,1071195.88,1070692,1071195.88,1070294,1070692,38.87999999988824,2889,1071195880	ID:1	[INFO: Metric    ] METRIC_RX type=REAL src=2 seq=106 send_ms=1070294 recv_ms=1070692 bytes=48
RX,DUMMY,,2,38,48,1071224.88,1070721,1071224.88,1070295,1070721,,2890,1071224880	ID:1	[INFO: Metric    ] METRIC_RX type=DUMMY src=2 seq=38 send_ms=1070295 recv_ms=1070721 bytes=48
TX,REAL,4,,105,48,1074717.0,1074424,1074717.0,,,,2893,1074717000	ID:4	[INFO: Metric    ] METRIC_TX type=REAL node=4 seq=105 bytes=48 time_ms=1074424
RX,REAL,,4,105,48,1074781.168,1074278,1074781.168,1074424,1074278,64.16800000006333,2894,1074781168	ID:1	[INFO: Metric    ] METRIC_RX type=REAL src=4 seq=105 send_ms=1074424 recv_ms=1074278 bytes=48
TX,REAL,3,,105,48,1076055.0,1075391,1076055.0,,,,2896,1076055000	ID:3	[INFO: Metric    ] METRIC_TX type=REAL node=3 seq=105 bytes=48 time_ms=1075391
TX,DUMMY,3,,36,48,1076056.0,1075392,1076056.0,,,,2897,1076056000	ID:3	[INFO: Metric    ] METRIC_TX type=DUMMY node=3 seq=36 bytes=48 time_ms=1075392
RX,REAL,,3,105,48,1076085.168,1075582,1076085.168,1075391,1075582,30.16800000006333,2898,1076085168	ID:1	[INFO: Metric    ] METRIC_RX type=REAL src=3 seq=105 send_ms=1075391 recv_ms=1075582 bytes=48
RX,DUMMY,,3,36,48,1076126.168,1075623,1076126.168,1075392,1075623,,2899,1076126168	ID:1	[INFO: Metric    ] METRIC_RX type=DUMMY src=3 seq=36 send_ms=1075392 recv_ms=1075623 bytes=48
TX,REAL,5,,106,48,1079467.0,1079130,1079467.0,,,,2902,1079467000	ID:5	[INFO: Metric    ] METRIC_TX type=REAL node=5 seq=106 bytes=48 time_ms=1079130
RX,REAL,,5,106,48,1079525.168,1079022,1079525.168,1079130,1079022,58.16800000006333,2903,1079525168	ID:1	[INFO: Metric    ] METRIC_RX type=REAL src=5 seq=106 send_ms=1079130 recv_ms=1079022 bytes=48
TX,REAL,7,,107,48,1080334.0,1080015,1080334.0,,,,2905,1080334000	ID:7	[INFO: Metric    ] METRIC_TX type=REAL node=7 seq=107 bytes=48 time_ms=1080015
RX,REAL,,7,107,48,1080367.88,1079864,1080367.88,1080015,1079864,33.87999999988824,2906,1080367880	ID:1	[INFO: Metric    ] METRIC_RX type=REAL src=7 seq=107 send_ms=1080015 recv_ms=1079864 bytes=48
TX,REAL,2,,107,48,1081159.0,1080296,1081159.0,,,,2909,1081159000	ID:2	[INFO: Metric    ] METRIC_TX type=REAL node=2 seq=107 bytes=48 time_ms=1080296
RX,REAL,,2,107,48,1081194.88,1080691,1081194.88,1080296,1080691,35.87999999988824,2910,1081194880	ID:1	[INFO: Metric    ] METRIC_RX type=REAL src=2 seq=107 send_ms=1080296 recv_ms=1080691 bytes=48
TX,REAL,6,,106,48,1081507.0,1080568,1081507.0,,,,2912,1081507000	ID:6	[INFO: Metric    ] METRIC_TX type=REAL node=6 seq=106 bytes=48 time_ms=1080568
RX,REAL,,6,106,48,1081535.88,1081032,1081535.88,1080568,1081032,28.87999999988824,2913,1081535880	ID:1	[INFO: Metric    ] METRIC_RX type=REAL src=6 seq=106 send_ms=1080568 recv_ms=1081032 bytes=48
TX,REAL,4,,106,48,1084718.0,1084425,1084718.0,,,,2915,1084718000	ID:4	[INFO: Metric    ] METRIC_TX type=REAL node=4 seq=106 bytes=48 time_ms=1084425
TX,DUMMY,4,,36,48,1084719.0,1084426,1084719.0,,,,2916,1084719000	ID:4	[INFO: Metric    ] METRIC_TX type=DUMMY node=4 seq=36 bytes=48 time_ms=1084426
RX,REAL,,4,106,48,1084775.168,1084272,1084775.168,1084425,1084272,57.16800000006333,2917,1084775168	ID:1	[INFO: Metric    ] METRIC_RX type=REAL src=4 seq=106 send_ms=1084425 recv_ms=1084272 bytes=48
RX,DUMMY,,4,36,48,1084825.304,1084322,1084825.304,1084426,1084322,,2918,1084825304	ID:1	[INFO: Metric    ] METRIC_RX type=DUMMY src=4 seq=36 send_ms=1084426 recv_ms=1084322 bytes=48
TX,REAL,3,,106,48,1085057.0,1084393,1085057.0,,,,2921,1085057000	ID:3	[INFO: Metric    ] METRIC_TX type=REAL node=3 seq=106 bytes=48 time_ms=1084393
RX,REAL,,3,106,48,1085094.304,1084591,1085094.304,1084393,1084591,37.304000000003725,2922,1085094304	ID:1	[INFO: Metric    ] METRIC_RX type=REAL src=3 seq=106 send_ms=1084393 recv_ms=1084591 bytes=48
TX,REAL,5,,107,48,1088468.0,1088131,1088468.0,,,,2924,1088468000	ID:5	[INFO: Metric    ] METRIC_TX type=REAL node=5 seq=107 bytes=48 time_ms=1088131
TX,DUMMY,5,,37,48,1088469.0,1088132,1088469.0,,,,2925,1088469000	ID:5	[INFO: Metric    ] METRIC_TX type=DUMMY node=5 seq=37 bytes=48 time_ms=1088132
RX,REAL,,5,107,48,1088552.168,1088049,1088552.168,1088131,1088049,84.16800000006333,2926,1088552168	ID:1	[INFO: Metric    ] METRIC_RX type=REAL src=5 seq=107 send_ms=1088131 recv_ms=1088049 bytes=48
RX,DUMMY,,5,37,48,1088581.168,1088078,1088581.168,1088132,1088078,,2927,1088581168	ID:1	[INFO: Metric    ] METRIC_RX type=DUMMY src=5 seq=37 send_ms=1088132 recv_ms=1088078 bytes=48
TX,REAL,7,,108,48,1089335.0,1089016,1089335.0,,,,2930,1089335000	ID:7	[INFO: Metric    ] METRIC_TX type=REAL node=7 seq=108 bytes=48 time_ms=1089016
TX,DUMMY,7,,47,48,1089336.0,1089017,1089336.0,,,,2931,1089336000	ID:7	[INFO: Metric    ] METRIC_TX type=DUMMY node=7 seq=47 bytes=48 time_ms=1089017
RX,REAL,,7,108,48,1089365.88,1088862,1089365.88,1089016,1088862,30.87999999988824,2932,1089365880	ID:1	[INFO: Metric    ] METRIC_RX type=REAL src=7 seq=108 send_ms=1089016 recv_ms=1088862 bytes=48
RX,DUMMY,,7,47,48,1089400.88,1088897,1089400.88,1089017,1088897,,2934,1089400880	ID:1	[INFO: Metric    ] METRIC_RX type=DUMMY src=7 seq=47 send_ms=1089017 recv_ms=1088897 bytes=48
TX,REAL,2,,108,48,1091160.0,1090297,1091160.0,,,,2936,1091160000	ID:2	[INFO: Metric    ] METRIC_TX type=REAL node=2 seq=108 bytes=48 time_ms=1090297
RX,REAL,,2,108,48,1091166.88,1090663,1091166.88,1090297,1090663,6.879999999888241,2937,1091166880	ID:1	[INFO: Metric    ] METRIC_RX type=REAL src=2 seq=108 send_ms=1090297 recv_ms=1090663 bytes=48
TX,REAL,6,,107,48,1093508.0,1092569,1093508.0,,,,2940,1093508000	ID:6	[INFO: Metric    ] METRIC_TX type=REAL node=6 seq=107 bytes=48 time_ms=1092569
RX,REAL,,6,107,48,1093540.88,1093037,1093540.88,1092569,1093037,32.87999999988824,2941,1093540880	ID:1	[INFO: Metric    ] METRIC_RX type=REAL src=6 seq=107 send_ms=1092569 recv_ms=1093037 bytes=48
TX,REAL,4,,107,48,1094720.0,1094427,1094720.0,,,,2943,1094720000	ID:4	[INFO: Metric    ] METRIC_TX type=REAL node=4 seq=107 bytes=48 time_ms=1094427
TX,DUMMY,4,,37,48,1094721.0,1094428,1094721.0,,,,2944,1094721000	ID:4	[INFO: Metric    ] METRIC_TX type=DUMMY node=4 seq=37 bytes=48 time_ms=1094428
RX,REAL,,4,107,48,1094827.168,1094324,1094827.168,1094427,1094324,107.16800000006333,2945,1094827168	ID:1	[INFO: Metric    ] METRIC_RX type=REAL src=4 seq=107 send_ms=1094427 recv_ms=1094324 bytes=48
RX,DUMMY,,4,37,48,1094836.168,1094333,1094836.168,1094428,1094333,,2946,1094836168	ID:1	[INFO: Metric    ] METRIC_RX type=DUMMY src=4 seq=37 send_ms=1094428 recv_ms=1094333 bytes=48
TX,REAL,3,,107,48,1095058.0,1094394,1095058.0,,,,2949,1095058000	ID:3	[INFO: Metric    ] METRIC_TX type=REAL node=3 seq=107 bytes=48 time_ms=1094394
RX,REAL,,3,107,48,1095116.168,1094613,1095116.168,1094394,1094613,58.16800000006333,2950,1095116168	ID:1	[INFO: Metric    ] METRIC_RX type=REAL src=3 seq=107 send_ms=1094394 recv_ms=1094613 bytes=48
TX,REAL,5,,108,48,1098470.0,1098133,1098470.0,,,,2952,1098470000	ID:5	[INFO: Metric    ] METRIC_TX type=REAL node=5 seq=108 bytes=48 time_ms=1098133
RX,REAL,,5,108,48,1098509.168,1098006,1098509.168,1098133,1098006,39.16800000006333,2953,1098509168	ID:1	[INFO: Metric    ] METRIC_RX type=REAL src=5 seq=108 send_ms=1098133 recv_ms=1098006 bytes=48
TX,REAL,2,,109,48,1100161.0,1099298,1100161.0,,,,2955,1100161000	ID:2	[INFO: Metric    ] METRIC_TX type=REAL node=2 seq=109 bytes=48 time_ms=1099298
RX,REAL,,2,109,48,1100171.88,1099668,1100171.88,1099298,1099668,10.879999999888241,2956,1100171880	ID:1	[INFO: Metric    ] METRIC_RX type=REAL src=2 seq=109 send_ms=1099298 recv_ms=1099668 bytes=48
TX,REAL,7,,109,48,1100337.0,1100018,1100337.0,,,,2958,1100337000	ID:7	[INFO: Metric    ] METRIC_TX type=REAL node=7 seq=109 bytes=48 time_ms=1100018
TX,DUMMY,7,,48,48,1100338.0,1100019,1100338.0,,,,2959,1100338000	ID:7	[INFO: Metric    ] METRIC_TX type=DUMMY node=7 seq=48 bytes=48 time_ms=1100019
RX,REAL,,7,109,48,1100370.88,1099867,1100370.88,1100018,1099867,33.87999999988824,2960,1100370880	ID:1	[INFO: Metric    ] METRIC_RX type=REAL src=7 seq=109 send_ms=1100018 recv_ms=1099867 bytes=48
RX,DUMMY,,7,48,48,1100416.76,1099913,1100416.76,1100019,1099913,,2962,1100416760	ID:1	[INFO: Metric    ] METRIC_RX type=DUMMY src=7 seq=48 send_ms=1100019 recv_ms=1099913 bytes=48
TX,REAL,4,,108,48,1103722.0,1103429,1103722.0,,,,2964,1103722000	ID:4	[INFO: Metric    ] METRIC_TX type=REAL node=4 seq=108 bytes=48 time_ms=1103429
TX,DUMMY,4,,38,48,1103723.0,1103430,1103723.0,,,,2965,1103723000	ID:4	[INFO: Metric    ] METRIC_TX type=DUMMY node=4 seq=38 bytes=48 time_ms=1103430
RX,REAL,,4,108,48,1103746.304,1103243,1103746.304,1103429,1103243,24.304000000003725,2966,1103746304	ID:1	[INFO: Metric    ] METRIC_RX type=REAL src=4 seq=108 send_ms=1103429 recv_ms=1103243 bytes=48
RX,DUMMY,,4,38,48,1103808.592,1103305,1103808.592,1103430,1103305,,2968,1103808592	ID:1	[INFO: Metric    ] METRIC_RX type=DUMMY src=4 seq=38 send_ms=1103430 recv_ms=1103305 bytes=48
TX,REAL,6,,108,48,1105509.0,1104570,1105509.0,,,,2971,1105509000	ID:6	[INFO: Metric    ] METRIC_TX type=REAL node=6 seq=108 bytes=48 time_ms=1104570
RX,REAL,,6,108,48,1105514.88,1105011,1105514.88,1104570,1105011,5.879999999888241,2972,1105514880	ID:1	[INFO: Metric    ] METRIC_RX type=REAL src=6 seq=108 send_ms=1104570 recv_ms=1105011 bytes=48
TX,REAL,3,,108,48,1107059.0,1106395,1107059.0,,,,2974,1107059000	ID:3	[INFO: Metric    ] METRIC_TX type=REAL node=3 seq=108 bytes=48 time_ms=1106395
RX,REAL,,3,108,48,1107146.168,1106643,1107146.168,1106395,1106643,87.16800000006333,2975,1107146168	ID:1	[INFO: Metric    ] METRIC_RX type=REAL src=3 seq=108 send_ms=1106395 recv_ms=1106643 bytes=48
TX,REAL,5,,109,48,1109471.0,1109134,1109471.0,,,,2977,1109471000	ID:5	[INFO: Metric    ] METRIC_TX type=REAL node=5 seq=109 bytes=48 time_ms=1109134
RX,REAL,,5,109,48,1109491.168,1108988,1109491.168,1109134,1108988,20.16800000006333,2978,1109491168	ID:1	[INFO: Metric    ] METRIC_RX type=REAL src=5 seq=109 send_ms=1109134 recv_ms=1108988 bytes=48
TX,REAL,7,,110,48,1110339.0,1110020,1110339.0,,,,2982,1110339000	ID:7	[INFO: Metric    ] METRIC_TX type=REAL node=7 seq=110 bytes=48 time_ms=1110020
RX,REAL,,7,110,48,1110360.88,1109857,1110360.88,1110020,1109857,21.87999999988824,2983,1110360880	ID:1	[INFO: Metric    ] METRIC_RX type=REAL src=7 seq=110 send_ms=1110020 recv_ms=1109857 bytes=48
TX,REAL,2,,110,48,1112162.0,1111299,1112162.0,,,,2987,1112162000	ID:2	[INFO: Metric    ] METRIC_TX type=REAL node=2 seq=110 bytes=48 time_ms=1111299
RX,REAL,,2,110,48,1112178.88,1111675,1112178.88,1111299,1111675,16.87999999988824,2988,1112178880	ID:1	[INFO: Metric    ] METRIC_RX type=REAL src=2 seq=110 send_ms=1111299 recv_ms=1111675 bytes=48
TX,REAL,6,,109,48,1113510.0,1112571,1113510.0,,,,2990,1113510000	ID:6	[INFO: Metric    ] METRIC_TX type=REAL node=6 seq=109 bytes=48 time_ms=1112571
RX,REAL,,6,109,48,1113522.88,1113019,1113522.88,1112571,1113019,12.879999999888241,2991,1113522880	ID:1	[INFO: Metric    ] METRIC_RX type=REAL src=6 seq=109 send_ms=1112571 recv_ms=1113019 bytes=48
TX,REAL,4,,109,48,1114724.0,1114431,1114724.0,,,,2993,1114724000	ID:4	[INFO: Metric    ] METRIC_TX type=REAL node=4 seq=109 bytes=48 time_ms=1114431
RX,REAL,,4,109,48,1114774.168,1114271,1114774.168,1114431,1114271,50.16800000006333,2994,1114774168	ID:1	[INFO: Metric    ] METRIC_RX type=REAL src=4 seq=109 send_ms=1114431 recv_ms=1114271 bytes=48
TX,REAL,3,,109,48,1116060.0,1115396,1116060.0,,,,2996,1116060000	ID:3	[INFO: Metric    ] METRIC_TX type=REAL node=3 seq=109 bytes=48 time_ms=1115396
TX,DUMMY,3,,37,48,1116061.0,1115397,1116061.0,,,,2997,1116061000	ID:3	[INFO: Metric    ] METRIC_TX type=DUMMY node=3 seq=37 bytes=48 time_ms=1115397
RX,REAL,,3,109,48,1116111.168,1115608,1116111.168,1115396,1115608,51.16800000006333,2998,1116111168	ID:1	[INFO: Metric    ] METRIC_RX type=REAL src=3 seq=109 send_ms=1115396 recv_ms=1115608 bytes=48
RX,DUMMY,,3,37,48,1116154.592,1115651,1116154.592,1115397,1115651,,3000,1116154592	ID:1	[INFO: Metric    ] METRIC_RX type=DUMMY src=3 seq=37 send_ms=1115397 recv_ms=1115651 bytes=48
TX,REAL,7,,111,48,1118340.0,1118021,1118340.0,,,,3002,1118340000	ID:7	[INFO: Metric    ] METRIC_TX type=REAL node=7 seq=111 bytes=48 time_ms=1118021
TX,DUMMY,7,,49,48,1118341.0,1118022,1118341.0,,,,3003,1118341000	ID:7	[INFO: Metric    ] METRIC_TX type=DUMMY node=7 seq=49 bytes=48 time_ms=1118022
RX,REAL,,7,111,48,1118352.88,1117849,1118352.88,1118021,1117849,12.879999999888241,3004,1118352880	ID:1	[INFO: Metric    ] METRIC_RX type=REAL src=7 seq=111 send_ms=1118021 recv_ms=1117849 bytes=48
RX,DUMMY,,7,49,48,1118373.88,1117870,1118373.88,1118022,1117870,,3007,1118373880	ID:1	[INFO: Metric    ] METRIC_RX type=DUMMY src=7 seq=49 send_ms=1118022 recv_ms=1117870 bytes=48
TX,REAL,2,,111,48,1120163.0,1119300,1120163.0,,,,3009,1120163000	ID:2	[INFO: Metric    ] METRIC_TX type=REAL node=2 seq=111 bytes=48 time_ms=1119300
TX,DUMMY,2,,39,48,1120164.0,1119301,1120164.0,,,,3010,1120164000	ID:2	[INFO: Metric    ] METRIC_TX type=DUMMY node=2 seq=39 bytes=48 time_ms=1119301
RX,REAL,,2,111,48,1120197.88,1119694,1120197.88,1119300,1119694,34.87999999988824,3011,1120197880	ID:1	[INFO: Metric    ] METRIC_RX type=REAL src=2 seq=111 send_ms=1119300 recv_ms=1119694 bytes=48
RX,DUMMY,,2,39,48,1120226.88,1119723,1120226.88,1119301,1119723,,3013,1120226880	ID:1	[INFO: Metric    ] METRIC_RX type=DUMMY src=2 seq=39 send_ms=1119301 recv_ms=1119723 bytes=48
TX,REAL,5,,110,48,1121472.0,1121135,1121472.0,,,,3017,1121472000	ID:5	[INFO: Metric    ] METRIC_TX type=REAL node=5 seq=110 bytes=48 time_ms=1121135
RX,REAL,,5,110,48,1121540.168,1121037,1121540.168,1121135,1121037,68.16800000006333,3018,1121540168	ID:1	[INFO: Metric    ] METRIC_RX type=REAL src=5 seq=110 send_ms=1121135 recv_ms=1121037 bytes=48
TX,REAL,4,,110,48,1123725.0,1123432,1123725.0,,,,3022,1123725000	ID:4	[INFO: Metric    ] METRIC_TX type=REAL node=4 seq=110 bytes=48 time_ms=1123432
RX,REAL,,4,110,48,1123785.168,1123282,1123785.168,1123432,1123282,60.16800000006333,3023,1123785168	ID:1	[INFO: Metric    ] METRIC_RX type=REAL src=4 seq=110 send_ms=1123432 recv_ms=1123282 bytes=48
TX,REAL,6,,110,48,1124511.0,1123572,1124511.0,,,,3027,1124511000	ID:6	[INFO: Metric    ] METRIC_TX type=REAL node=6 seq=110 bytes=48 time_ms=1123572
RX,REAL,,6,110,48,1124524.88,1124021,1124524.88,1123572,1124021,13.879999999888241,3028,1124524880	ID:1	[INFO: Metric    ] METRIC_RX type=REAL src=6 seq=110 send_ms=1123572 recv_ms=1124021 bytes=48
TX,REAL,3,,110,48,1126062.0,1125398,1126062.0,,,,3032,1126062000	ID:3	[INFO: Metric    ] METRIC_TX type=REAL node=3 seq=110 bytes=48 time_ms=1125398
RX,REAL,,3,110,48,1126111.168,1125608,1126111.168,1125398,1125608,49.16800000006333,3033,1126111168	ID:1	[INFO: Metric    ] METRIC_RX type=REAL src=3 seq=110 send_ms=1125398 recv_ms=1125608 bytes=48
TX,REAL,7,,112,48,1128342.0,1128023,1128342.0,,,,3035,1128342000	ID:7	[INFO: Metric    ] METRIC_TX type=REAL node=7 seq=112 bytes=48 time_ms=1128023
RX,REAL,,7,112,48,1128360.88,1127857,1128360.88,1128023,1127857,18.87999999988824,3036,1128360880	ID:1	[INFO: Metric    ] METRIC_RX type=REAL src=7 seq=112 send_ms=1128023 recv_ms=1127857 bytes=48
TX,REAL,5,,111,48,1129473.0,1129136,1129473.0,,,,3038,1129473000	ID:5	[INFO: Metric    ] METRIC_TX type=REAL node=5 seq=111 bytes=48 time_ms=1129136
RX,REAL,,5,111,48,1129524.168,1129021,1129524.168,1129136,1129021,51.16800000006333,3039,1129524168	ID:1	[INFO: Metric    ] METRIC_RX type=REAL src=5 seq=111 send_ms=1129136 recv_ms=1129021 bytes=48
TX,REAL,2,,112,48,1131165.0,1130302,1131165.0,,,,3041,1131165000	ID:2	[INFO: Metric    ] METRIC_TX type=REAL node=2 seq=112 bytes=48 time_ms=1130302
TX,DUMMY,2,,40,48,1131166.0,1130303,1131166.0,,,,3042,1131166000	ID:2	[INFO: Metric    ] METRIC_TX type=DUMMY node=2 seq=40 bytes=48 time_ms=1130303
RX,REAL,,2,112,48,1131171.88,1130668,1131171.88,1130302,1130668,6.879999999888241,3043,1131171880	ID:1	[INFO: Metric    ] METRIC_RX type=REAL src=2 seq=112 send_ms=1130302 recv_ms=1130668 bytes=48
RX,DUMMY,,2,40,48,1131210.88,1130707,1131210.88,1130303,1130707,,3045,1131210880	ID:1	[INFO: Metric    ] METRIC_RX type=DUMMY src=2 seq=40 send_ms=1130303 recv_ms=1130707 bytes=48
TX,REAL,4,,111,48,1131726.0,1131433,1131726.0,,,,3048,1131726000	ID:4	[INFO: Metric    ] METRIC_TX type=REAL node=4 seq=111 bytes=48 time_ms=1131433
RX,REAL,,4,111,48,1131790.168,1131287,1131790.168,1131433,1131287,64.16800000006333,3049,1131790168	ID:1	[INFO: Metric    ] METRIC_RX type=REAL src=4 seq=111 send_ms=1131433 recv_ms=1131287 bytes=48
TX,REAL,6,,111,48,1135512.0,1134573,1135512.0,,,,3051,1135512000	ID:6	[INFO: Metric    ] METRIC_TX type=REAL node=6 seq=111 bytes=48 time_ms=1134573
RX,REAL,,6,111,48,1135539.88,1135036,1135539.88,1134573,1135036,27.87999999988824,3052,1135539880	ID:1	[INFO: Metric    ] METRIC_RX type=REAL src=6 seq=111 send_ms=1134573 recv_ms=1135036 bytes=48
TX,REAL,3,,111,48,1136063.0,1135399,1136063.0,,,,3054,1136063000	ID:3	[INFO: Metric    ] METRIC_TX type=REAL node=3 seq=111 bytes=48 time_ms=1135399
RX,REAL,,3,111,48,1136092.168,1135589,1136092.168,1135399,1135589,29.16800000006333,3055,1136092168	ID:1	[INFO: Metric    ] METRIC_RX type=REAL src=3 seq=111 send_ms=1135399 recv_ms=1135589 bytes=48
TX,REAL,7,,113,48,1136343.0,1136024,1136343.0,,,,3057,1136343000	ID:7	[INFO: Metric    ] METRIC_TX type=REAL node=7 seq=113 bytes=48 time_ms=1136024
RX,REAL,,7,113,48,1136350.88,1135847,1136350.88,1136024,1135847,7.879999999888241,3058,1136350880	ID:1	[INFO: Metric    ] METRIC_RX type=REAL src=7 seq=113 send_ms=1136024 recv_ms=1135847 bytes=48
TX,REAL,5,,112,48,1137474.0,1137137,1137474.0,,,,3060,1137474000	ID:5	[INFO: Metric    ] METRIC_TX type=REAL node=5 seq=112 bytes=48 time_ms=1137137
RX,REAL,,5,112,48,1137512.168,1137009,1137512.168,1137137,1137009,38.16800000006333,3061,1137512168	ID:1	[INFO: Metric    ] METRIC_RX type=REAL src=5 seq=112 send_ms=1137137 recv_ms=1137009 bytes=48
TX,REAL,2,,113,48,1139167.0,1138304,1139167.0,,,,3063,1139167000	ID:2	[INFO: Metric    ] METRIC_TX type=REAL node=2 seq=113 bytes=48 time_ms=1138304
RX,REAL,,2,113,48,1139185.88,1138682,1139185.88,1138304,1138682,18.87999999988824,3064,1139185880	ID:1	[INFO: Metric    ] METRIC_RX type=REAL src=2 seq=113 send_ms=1138304 recv_ms=1138682 bytes=48
TX,REAL,4,,112,48,1143727.0,1143434,1143727.0,,,,3066,1143727000	ID:4	[INFO: Metric    ] METRIC_TX type=REAL node=4 seq=112 bytes=48 time_ms=1143434
RX,REAL,,4,112,48,1143798.168,1143295,1143798.168,1143434,1143295,71.16800000006333,3067,1143798168	ID:1	[INFO: Metric    ] METRIC_RX type=REAL src=4 seq=112 send_ms=1143434 recv_ms=1143295 bytes=48
TX,REAL,6,,112,48,1145513.0,1144574,1145513.0,,,,3069,1145513000	ID:6	[INFO: Metric    ] METRIC_TX type=REAL node=6 seq=112 bytes=48 time_ms=1144574
RX,REAL,,6,112,48,1145541.88,1145038,1145541.88,1144574,1145038,28.87999999988824,3070,1145541880	ID:1	[INFO: Metric    ] METRIC_RX type=REAL src=6 seq=112 send_ms=1144574 recv_ms=1145038 bytes=48
TX,REAL,7,,114,48,1146344.0,1146025,1146344.0,,,,3072,1146344000	ID:7	[INFO: Metric    ] METRIC_TX type=REAL node=7 seq=114 bytes=48 time_ms=1146025
TX,DUMMY,7,,50,48,1146345.0,1146026,1146345.0,,,,3073,1146345000	ID:7	[INFO: Metric    ] METRIC_TX type=DUMMY node=7 seq=50 bytes=48 time_ms=1146026
RX,REAL,,7,114,48,1146388.88,1145885,1146388.88,1146025,1145885,44.87999999988824,3074,1146388880	ID:1	[INFO: Metric    ] METRIC_RX type=REAL src=7 seq=114 send_ms=1146025 recv_ms=1145885 bytes=48
RX,DUMMY,,7,50,48,1146408.88,1145905,1146408.88,1146026,1145905,,3076,1146408880	ID:1	[INFO: Metric    ] METRIC_RX type=DUMMY src=7 seq=50 send_ms=1146026 recv_ms=1145905 bytes=48
TX,REAL,5,,113,48,1146475.0,1146138,1146475.0,,,,3079,1146475000	ID:5	[INFO: Metric    ] METRIC_TX type=REAL node=5 seq=113 bytes=48 time_ms=1146138
TX,DUMMY,5,,38,48,1146476.0,1146139,1146476.0,,,,3080,1146476000	ID:5	[INFO: Metric    ] METRIC_TX type=DUMMY node=5 seq=38 bytes=48 time_ms=1146139
RX,REAL,,5,113,48,1146523.168,1146020,1146523.168,1146138,1146020,48.16800000006333,3081,1146523168	ID:1	[INFO: Metric    ] METRIC_RX type=REAL src=5 seq=113 send_ms=1146138 recv_ms=1146020 bytes=48
RX,DUMMY,,5,38,48,1146569.168,1146066,1146569.168,1146139,1146066,,3083,1146569168	ID:1	[INFO: Metric    ] METRIC_RX type=DUMMY src=5 seq=38 send_ms=1146139 recv_ms=1146066 bytes=48
TX,REAL,3,,112,48,1147064.0,1146400,1147064.0,,,,3085,1147064000	ID:3	[INFO: Metric    ] METRIC_TX type=REAL node=3 seq=112 bytes=48 time_ms=1146400
TX,DUMMY,3,,38,48,1147065.0,1146401,1147065.0,,,,3086,1147065000	ID:3	[INFO: Metric    ] METRIC_TX type=DUMMY node=3 seq=38 bytes=48 time_ms=1146401
RX,REAL,,3,112,48,1147154.304,1146651,1147154.304,1146400,1146651,90.30400000000373,3087,1147154304	ID:1	[INFO: Metric    ] METRIC_RX type=REAL src=3 seq=112 send_ms=1146400 recv_ms=1146651 bytes=48
RX,DUMMY,,3,38,48,1147185.168,1146682,1147185.168,1146401,1146682,,3088,1147185168	ID:1	[INFO: Metric    ] METRIC_RX type=DUMMY src=3 seq=38 send_ms=1146401 recv_ms=1146682 bytes=48
TX,REAL,2,,114,48,1148168.0,1147305,1148168.0,,,,3091,1148168000	ID:2	[INFO: Metric    ] METRIC_TX type=REAL node=2 seq=114 bytes=48 time_ms=1147305
RX,REAL,,2,114,48,1148178.88,1147675,1148178.88,1147305,1147675,10.879999999888241,3092,1148178880	ID:1	[INFO: Metric    ] METRIC_RX type=REAL src=2 seq=114 send_ms=1147305 recv_ms=1147675 bytes=48
TX,REAL,4,,113,48,1154728.0,1154435,1154728.0,,,,3094,1154728000	ID:4	[INFO: Metric    ] METRIC_TX type=REAL node=4 seq=113 bytes=48 time_ms=1154435
TX,DUMMY,4,,39,48,1154729.0,1154436,1154729.0,,,,3095,1154729000	ID:4	[INFO: Metric    ] METRIC_TX type=DUMMY node=4 seq=39 bytes=48 time_ms=1154436
RX,REAL,,4,113,48,1154819.168,1154316,1154819.168,1154435,1154316,91.16800000006333,3096,1154819168	ID:1	[INFO: Metric    ] METRIC_RX type=REAL src=4 seq=113 send_ms=1154435 recv_ms=1154316 bytes=48
RX,DUMMY,,4,39,48,1154840.168,1154337,1154840.168,1154436,1154337,,3097,1154840168	ID:1	[INFO: Metric    ] METRIC_RX type=DUMMY src=4 seq=39 send_ms=1154436 recv_ms=1154337 bytes=48
TX,REAL,6,,113,48,1155514.0,1154575,1155514.0,,,,3100,1155514000	ID:6	[INFO: Metric    ] METRIC_TX type=REAL node=6 seq=113 bytes=48 time_ms=1154575
TX,DUMMY,6,,34,48,1155515.0,1154576,1155515.0,,,,3101,1155515000	ID:6	[INFO: Metric    ] METRIC_TX type=DUMMY node=6 seq=34 bytes=48 time_ms=1154576
RX,REAL,,6,113,48,1155540.88,1155037,1155540.88,1154575,1155037,26.87999999988824,3102,1155540880	ID:1	[INFO: Metric    ] METRIC_RX type=REAL src=6 seq=113 send_ms=1154575 recv_ms=1155037 bytes=48
RX,DUMMY,,6,34,48,1155578.88,1155075,1155578.88,1154576,1155075,,3103,1155578880	ID:1	[INFO: Metric    ] METRIC_RX type=DUMMY src=6 seq=34 send_ms=1154576 recv_ms=1155075 bytes=48
TX,REAL,2,,115,48,1156169.0,1155306,1156169.0,,,,3107,1156169000	ID:2	[INFO: Metric    ] METRIC_TX type=REAL node=2 seq=115 bytes=48 time_ms=1155306
TX,DUMMY,2,,41,48,1156170.0,1155307,1156170.0,,,,3108,1156170000	ID:2	[INFO: Metric    ] METRIC_TX type=DUMMY node=2 seq=41 bytes=48 time_ms=1155307
RX,REAL,,2,115,48,1156188.88,1155685,1156188.88,1155306,1155685,19.87999999988824,3109,1156188880	ID:1	[INFO: Metric    ] METRIC_RX type=REAL src=2 seq=115 send_ms=1155306 recv_ms=1155685 bytes=48
RX,DUMMY,,2,41,48,1156228.88,1155725,1156228.88,1155307,1155725,,3111,1156228880	ID:1	[INFO: Metric    ] METRIC_RX type=DUMMY src=2 seq=41 send_ms=1155307 recv_ms=1155725 bytes=48
TX,REAL,7,,115,48,1156346.0,1156027,1156346.0,,,,3113,1156346000	ID:7	[INFO: Metric    ] METRIC_TX type=REAL node=7 seq=115 bytes=48 time_ms=1156027
TX,DUMMY,7,,51,48,1156347.0,1156028,1156347.0,,,,3114,1156347000	ID:7	[INFO: Metric    ] METRIC_TX type=DUMMY node=7 seq=51 bytes=48 time_ms=1156028
RX,REAL,,7,115,48,1156386.88,1155883,1156386.88,1156027,1155883,40.87999999988824,3115,1156386880	ID:1	[INFO: Metric    ] METRIC_RX type=REAL src=7 seq=115 send_ms=1156027 recv_ms=1155883 bytes=48
RX,DUMMY,,7,51,48,1156432.88,1155929,1156432.88,1156028,1155929,,3117,1156432880	ID:1	[INFO: Metric    ] METRIC_RX type=DUMMY src=7 seq=51 send_ms=1156028 recv_ms=1155929 bytes=48
TX,REAL,3,,113,48,1157066.0,1156402,1157066.0,,,,3119,1157066000	ID:3	[INFO: Metric    ] METRIC_TX type=REAL node=3 seq=113 bytes=48 time_ms=1156402
RX,REAL,,3,113,48,1157090.168,1156587,1157090.168,1156402,1156587,24.16800000006333,3120,1157090168	ID:1	[INFO: Metric    ] METRIC_RX type=REAL src=3 seq=113 send_ms=1156402 recv_ms=1156587 bytes=48
TX,REAL,5,,114,48,1157477.0,1157140,1157477.0,,,,3122,1157477000	ID:5	[INFO: Metric    ] METRIC_TX type=REAL node=5 seq=114 bytes=48 time_ms=1157140
TX,DUMMY,5,,39,48,1157478.0,1157141,1157478.0,,,,3123,1157478000	ID:5	[INFO: Metric    ] METRIC_TX type=DUMMY node=5 seq=39 bytes=48 time_ms=1157141
RX,REAL,,5,114,48,1157549.168,1157046,1157549.168,1157140,1157046,72.16800000006333,3124,1157549168	ID:1	[INFO: Metric    ] METRIC_RX type=REAL src=5 seq=114 send_ms=1157140 recv_ms=1157046 bytes=48
RX,DUMMY,,5,39,48,1157581.304,1157078,1157581.304,1157141,1157078,,3125,1157581304	ID:1	[INFO: Metric    ] METRIC_RX type=DUMMY src=5 seq=39 send_ms=1157141 recv_ms=1157078 bytes=48
TX,REAL,3,,114,48,1165067.0,1164403,1165067.0,,,,3128,1165067000	ID:3	[INFO: Metric    ] METRIC_TX type=REAL node=3 seq=114 bytes=48 time_ms=1164403
RX,REAL,,3,114,48,1165100.168,1164597,1165100.168,1164403,1164597,33.16800000006333,3129,1165100168	ID:1	[INFO: Metric    ] METRIC_RX type=REAL src=3 seq=114 send_ms=1164403 recv_ms=1164597 bytes=48
TX,REAL,4,,114,48,1165730.0,1165437,1165730.0,,,,3131,1165730000	ID:4	[INFO: Metric    ] METRIC_TX type=REAL node=4 seq=114 bytes=48 time_ms=1165437
RX,REAL,,4,114,48,1165772.168,1165269,1165772.168,1165437,1165269,42.16800000006333,3132,1165772168	ID:1	[INFO: Metric    ] METRIC_RX type=REAL src=4 seq=114 send_ms=1165437 recv_ms=1165269 bytes=48
TX,REAL,7,,116,48,1166348.0,1166029,1166348.0,,,,3134,1166348000	ID:7	[INFO: Metric    ] METRIC_TX type=REAL node=7 seq=116 bytes=48 time_ms=1166029
RX,REAL,,7,116,48,1166368.88,1165865,1166368.88,1166029,1165865,20.87999999988824,3135,1166368880	ID:1	[INFO: Metric    ] METRIC_RX type=REAL src=7 seq=116 send_ms=1166029 recv_ms=1165865 bytes=48
TX,REAL,5,,115,48,1166479.0,1166142,1166479.0,,,,3138,1166479000	ID:5	[INFO: Metric    ] METRIC_TX type=REAL node=5 seq=115 bytes=48 time_ms=1166142
RX,REAL,,5,115,48,1166492.304,1165989,1166492.304,1166142,1165989,13.304000000003725,3139,1166492304	ID:1	[INFO: Metric    ] METRIC_RX type=REAL src=5 seq=115 send_ms=1166142 recv_ms=1165989 bytes=48
TX,REAL,2,,116,48,1167171.0,1166308,1167171.0,,,,3141,1167171000	ID:2	[INFO: Metric    ] METRIC_TX type=REAL node=2 seq=116 bytes=48 time_ms=1166308
RX,REAL,,2,116,48,1167206.88,1166703,1167206.88,1166308,1166703,35.87999999988824,3142,1167206880	ID:1	[INFO: Metric    ] METRIC_RX type=REAL src=2 seq=116 send_ms=1166308 recv_ms=1166703 bytes=48
TX,REAL,6,,114,48,1167516.0,1166577,1167516.0,,,,3144,1167516000	ID:6	[INFO: Metric    ] METRIC_TX type=REAL node=6 seq=114 bytes=48 time_ms=1166577
TX,DUMMY,6,,35,48,1167517.0,1166578,1167517.0,,,,3145,1167517000	ID:6	[INFO: Metric    ] METRIC_TX type=DUMMY node=6 seq=35 bytes=48 time_ms=1166578
RX,REAL,,6,114,48,1167525.88,1167022,1167525.88,1166577,1167022,9.879999999888241,3146,1167525880	ID:1	[INFO: Metric    ] METRIC_RX type=REAL src=6 seq=114 send_ms=1166577 recv_ms=1167022 bytes=48
RX,DUMMY,,6,35,48,1167568.88,1167065,1167568.88,1166578,1167065,,3148,1167568880	ID:1	[INFO: Metric    ] METRIC_RX type=DUMMY src=6 seq=35 send_ms=1166578 recv_ms=1167065 bytes=48
TX,REAL,3,,115,48,1173068.0,1172404,1173068.0,,,,3150,1173068000	ID:3	[INFO: Metric    ] METRIC_TX type=REAL node=3 seq=115 bytes=48 time_ms=1172404
RX,REAL,,3,115,48,1173107.168,1172604,1173107.168,1172404,1172604,39.16800000006333,3151,1173107168	ID:1	[INFO: Metric    ] METRIC_RX type=REAL src=3 seq=115 send_ms=1172404 recv_ms=1172604 bytes=48
TX,REAL,5,,116,48,1174480.0,1174143,1174480.0,,,,3153,1174480000	ID:5	[INFO: Metric    ] METRIC_TX type=REAL node=5 seq=116 bytes=48 time_ms=1174143
RX,REAL,,5,116,48,1174527.168,1174024,1174527.168,1174143,1174024,47.16800000006333,3154,1174527168	ID:1	[INFO: Metric    ] METRIC_RX type=REAL src=5 seq=116 send_ms=1174143 recv_ms=1174024 bytes=48
TX,REAL,2,,117,48,1175172.0,1174309,1175172.0,,,,3156,1175172000	ID:2	[INFO: Metric    ] METRIC_TX type=REAL node=2 seq=117 bytes=48 time_ms=1174309
TX,DUMMY,2,,42,48,1175173.0,1174310,1175173.0,,,,3157,1175173000	ID:2	[INFO: Metric    ] METRIC_TX type=DUMMY node=2 seq=42 bytes=48 time_ms=1174310
RX,REAL,,2,117,48,1175204.88,1174701,1175204.88,1174309,1174701,32.87999999988824,3158,1175204880	ID:1	[INFO: Metric    ] METRIC_RX type=REAL src=2 seq=117 send_ms=1174309 recv_ms=1174701 bytes=48
RX,DUMMY,,2,42,48,1175237.88,1174734,1175237.88,1174310,1174734,,3160,1175237880	ID:1	[INFO: Metric    ] METRIC_RX type=DUMMY src=2 seq=42 send_ms=1174310 recv_ms=1174734 bytes=48
TX,REAL,7,,117,48,1175349.0,1175030,1175349.0,,,,3162,1175349000	ID:7	[INFO: Metric    ] METRIC_TX type=REAL node=7 seq=117 bytes=48 time_ms=1175030
RX,REAL,,7,117,48,1175368.88,1174865,1175368.88,1175030,1174865,19.87999999988824,3163,1175368880	ID:1	[INFO: Metric    ] METRIC_RX type=REAL src=7 seq=117 send_ms=1175030 recv_ms=1174865 bytes=48
TX,REAL,4,,115,48,1175731.0,1175438,1175731.0,,,,3165,1175731000	ID:4	[INFO: Metric    ] METRIC_TX type=REAL node=4 seq=115 bytes=48 time_ms=1175438
TX,DUMMY,4,,40,48,1175732.0,1175439,1175732.0,,,,3166,1175732000	ID:4	[INFO: Metric    ] METRIC_TX type=DUMMY node=4 seq=40 bytes=48 time_ms=1175439
RX,REAL,,4,115,48,1175812.168,1175309,1175812.168,1175438,1175309,81.16800000006333,3167,1175812168	ID:1	[INFO: Metric    ] METRIC_RX type=REAL src=4 seq=115 send_ms=1175438 recv_ms=1175309 bytes=48
RX,DUMMY,,4,40,48,1175833.168,1175330,1175833.168,1175439,1175330,,3169,1175833168	ID:1	[INFO: Metric    ] METRIC_RX type=DUMMY src=4 seq=40 send_ms=1175439 recv_ms=1175330 bytes=48
TX,REAL,6,,115,48,1177518.0,1176579,1177518.0,,,,3172,1177518000	ID:6	[INFO: Metric    ] METRIC_TX type=REAL node=6 seq=115 bytes=48 time_ms=1176579
RX,REAL,,6,115,48,1177548.88,1177045,1177548.88,1176579,1177045,30.87999999988824,3173,1177548880	ID:1	[INFO: Metric    ] METRIC_RX type=REAL src=6 seq=115 send_ms=1176579 recv_ms=1177045 bytes=48
TX,REAL,3,,116,48,1184069.0,1183405,1184069.0,,,,3175,1184069000	ID:3	[INFO: Metric    ] METRIC_TX type=REAL node=3 seq=116 bytes=48 time_ms=1183405
TX,DUMMY,3,,39,48,1184070.0,1183406,1184070.0,,,,3176,1184070000	ID:3	[INFO: Metric    ] METRIC_TX type=DUMMY node=3 seq=39 bytes=48 time_ms=1183406
RX,REAL,,3,116,48,1184116.168,1183613,1184116.168,1183405,1183613,47.16800000006333,3177,1184116168	ID:1	[INFO: Metric    ] METRIC_RX type=REAL src=3 seq=116 send_ms=1183405 recv_ms=1183613 bytes=48
RX,DUMMY,,3,39,48,1184156.168,1183653,1184156.168,1183406,1183653,,3178,1184156168	ID:1	[INFO: Metric    ] METRIC_RX type=DUMMY src=3 seq=39 send_ms=1183406 recv_ms=1183653 bytes=48
TX,REAL,5,,117,48,1186481.0,1186144,1186481.0,,,,3181,1186481000	ID:5	[INFO: Metric    ] METRIC_TX type=REAL node=5 seq=117 bytes=48 time_ms=1186144
RX,REAL,,5,117,48,1186554.168,1186051,1186554.168,1186144,1186051,73.16800000006333,3182,1186554168	ID:1	[INFO: Metric    ] METRIC_RX type=REAL src=5 seq=117 send_ms=1186144 recv_ms=1186051 bytes=48
TX,REAL,4,,116,48,1186733.0,1186440,1186733.0,,,,3184,1186733000	ID:4	[INFO: Metric    ] METRIC_TX type=REAL node=4 seq=116 bytes=48 time_ms=1186440
TX,DUMMY,4,,41,48,1186734.0,1186441,1186734.0,,,,3185,1186734000	ID:4	[INFO: Metric    ] METRIC_TX type=DUMMY node=4 seq=41 bytes=48 time_ms=1186441
RX,REAL,,4,116,48,1186808.168,1186305,1186808.168,1186440,1186305,75.16800000006333,3186,1186808168	ID:1	[INFO: Metric    ] METRIC_RX type=REAL src=4 seq=116 send_ms=1186440 recv_ms=1186305 bytes=48
RX,DUMMY,,4,41,48,1186833.304,1186330,1186833.304,1186441,1186330,,3187,1186833304	ID:1	[INFO: Metric    ] METRIC_RX type=DUMMY src=4 seq=41 send_ms=1186441 recv_ms=1186330 bytes=48
TX,REAL,2,,118,48,1187174.0,1186311,1187174.0,,,,3190,1187174000	ID:2	[INFO: Metric    ] METRIC_TX type=REAL node=2 seq=118 bytes=48 time_ms=1186311
RX,REAL,,2,118,48,1187185.88,1186682,1187185.88,1186311,1186682,11.879999999888241,3191,1187185880	ID:1	[INFO: Metric    ] METRIC_RX type=REAL src=2 seq=118 send_ms=1186311 recv_ms=1186682 bytes=48
TX,REAL,7,,118,48,1187350.0,1187031,1187350.0,,,,3193,1187350000	ID:7	[INFO: Metric    ] METRIC_TX type=REAL node=7 seq=118 bytes=48 time_ms=1187031
RX,REAL,,7,118,48,1187394.88,1186891,1187394.88,1187031,1186891,44.87999999988824,3194,1187394880	ID:1	[INFO: Metric    ] METRIC_RX type=REAL src=7 seq=118 send_ms=1187031 recv_ms=1186891 bytes=48
TX,REAL,6,,116,48,1187519.0,1186580,1187519.0,,,,3196,1187519000	ID:6	[INFO: Metric    ] METRIC_TX type=REAL node=6 seq=116 bytes=48 time_ms=1186580
RX,REAL,,6,116,48,1187550.88,1187047,1187550.88,1186580,1187047,31.87999999988824,3197,1187550880	ID:1	[INFO: Metric    ] METRIC_RX type=REAL src=6 seq=116 send_ms=1186580 recv_ms=1187047 bytes=48
TX,REAL,3,,117,48,1194071.0,1193407,1194071.0,,,,3200,1194071000	ID:3	[INFO: Metric    ] METRIC_TX type=REAL node=3 seq=117 bytes=48 time_ms=1193407
RX,REAL,,3,117,48,1194099.168,1193596,1194099.168,1193407,1193596,28.16800000006333,3201,1194099168	ID:1	[INFO: Metric    ] METRIC_RX type=REAL src=3 seq=117 send_ms=1193407 recv_ms=1193596 bytes=48
TX,REAL,2,,119,48,1195175.0,1194312,1195175.0,,,,3203,1195175000	ID:2	[INFO: Metric    ] METRIC_TX type=REAL node=2 seq=119 bytes=48 time_ms=1194312
RX,REAL,,2,119,48,1195187.88,1194684,1195187.88,1194312,1194684,12.879999999888241,3204,1195187880	ID:1	[INFO: Metric    ] METRIC_RX type=REAL src=2 seq=119 send_ms=1194312 recv_ms=1194684 bytes=48
TX,REAL,7,,119,48,1195351.0,1195032,1195351.0,,,,3206,1195351000	ID:7	[INFO: Metric    ] METRIC_TX type=REAL node=7 seq=119 bytes=48 time_ms=1195032
RX,REAL,,7,119,48,1195393.88,1194890,1195393.88,1195032,1194890,42.87999999988824,3207,1195393880	ID:1	[INFO: Metric    ] METRIC_RX type=REAL src=7 seq=119 send_ms=1195032 recv_ms=1194890 bytes=48
TX,REAL,5,,118,48,1196482.0,1196145,1196482.0,,,,3209,1196482000	ID:5	[INFO: Metric    ] METRIC_TX type=REAL node=5 seq=118 bytes=48 time_ms=1196145
TX,DUMMY,5,,40,48,1196483.0,1196146,1196483.0,,,,3210,1196483000	ID:5	[INFO: Metric    ] METRIC_TX type=DUMMY node=5 seq=40 bytes=48 time_ms=1196146
TX,REAL,6,,117,48,1196519.04,1195581,1196519.04,,,,3211,1196519040	ID:6	[INFO: Metric    ] METRIC_TX type=REAL node=6 seq=117 bytes=48 time_ms=1195581
RX,REAL,,5,118,48,1196562.168,1196059,1196562.168,1196145,1196059,80.16800000006333,3212,1196562168	ID:1	[INFO: Metric    ] METRIC_RX type=REAL src=5 seq=118 send_ms=1196145 recv_ms=1196059 bytes=48
RX,REAL,,6,117,48,1196572.88,1196069,1196572.88,1195581,1196069,53.83999999985099,3213,1196572880	ID:1	[INFO: Metric    ] METRIC_RX type=REAL src=6 seq=117 send_ms=1195581 recv_ms=1196069 bytes=48
RX,DUMMY,,5,40,48,1196639.304,1196136,1196639.304,1196146,1196136,,3216,1196639304	ID:1	[INFO: Metric    ] METRIC_RX type=DUMMY src=5 seq=40 send_ms=1196146 recv_ms=1196136 bytes=48
TX,REAL,4,,117,48,1197735.0,1197442,1197735.0,,,,3218,1197735000	ID:4	[INFO: Metric    ] METRIC_TX type=REAL node=4 seq=117 bytes=48 time_ms=1197442
TX,DUMMY,4,,42,48,1197736.0,1197443,1197736.0,,,,3219,1197736000	ID:4	[INFO: Metric    ] METRIC_TX type=DUMMY node=4 seq=42 bytes=48 time_ms=1197443
RX,REAL,,4,117,48,1197787.304,1197284,1197787.304,1197442,1197284,52.304000000003725,3220,1197787304	ID:1	[INFO: Metric    ] METRIC_RX type=REAL src=4 seq=117 send_ms=1197442 recv_ms=1197284 bytes=48
RX,DUMMY,,4,42,48,1197828.592,1197325,1197828.592,1197443,1197325,,3222,1197828592	ID:1	[INFO: Metric    ] METRIC_RX type=DUMMY src=4 seq=42 send_ms=1197443 recv_ms=1197325 bytes=48
TX,REAL,2,,120,48,1203176.0,1202313,1203176.0,,,,3226,1203176000	ID:2	[INFO: Metric    ] METRIC_TX type=REAL node=2 seq=120 bytes=48 time_ms=1202313
RX,REAL,,2,120,48,1203208.88,1202705,1203208.88,1202313,1202705,32.87999999988824,3227,1203208880	ID:1	[INFO: Metric    ] METRIC_RX type=REAL src=2 seq=120 send_ms=1202313 recv_ms=1202705 bytes=48
TX,REAL,3,,118,48,1204072.0,1203408,1204072.0,,,,3229,1204072000	ID:3	[INFO: Metric    ] METRIC_TX type=REAL node=3 seq=118 bytes=48 time_ms=1203408
RX,REAL,,3,118,48,1204127.168,1203624,1204127.168,1203408,1203624,55.16800000006333,3230,1204127168	ID:1	[INFO: Metric    ] METRIC_RX type=REAL src=3 seq=118 send_ms=1203408 recv_ms=1203624 bytes=48
TX,REAL,7,,120,48,1205352.0,1205033,1205352.0,,,,3235,1205352000	ID:7	[INFO: Metric    ] METRIC_TX type=REAL node=7 seq=120 bytes=48 time_ms=1205033
RX,REAL,,7,120,48,1205393.88,1204890,1205393.88,1205033,1204890,41.87999999988824,3236,1205393880	ID:1	[INFO: Metric    ] METRIC_RX type=REAL src=7 seq=120 send_ms=1205033 recv_ms=1204890 bytes=48
TX,REAL,6,,118,48,1206520.0,1205581,1206520.0,,,,3238,1206520000	ID:6	[INFO: Metric    ] METRIC_TX type=REAL node=6 seq=118 bytes=48 time_ms=1205581
RX,REAL,,6,118,48,1206562.88,1206059,1206562.88,1205581,1206059,42.87999999988824,3239,1206562880	ID:1	[INFO: Metric    ] METRIC_RX type=REAL src=6 seq=118 send_ms=1205581 recv_ms=1206059 bytes=48
TX,REAL,4,,118,48,1207737.0,1207444,1207737.0,,,,3241,1207737000	ID:4	[INFO: Metric    ] METRIC_TX type=REAL node=4 seq=118 bytes=48 time_ms=1207444
RX,REAL,,4,118,48,1207812.168,1207309,1207812.168,1207444,1207309,75.16800000006333,3242,1207812168	ID:1	[INFO: Metric    ] METRIC_RX type=REAL src=4 seq=118 send_ms=1207444 recv_ms=1207309 bytes=48
TX,REAL,5,,119,48,1208484.0,1208147,1208484.0,,,,3244,1208484000	ID:5	[INFO: Metric    ] METRIC_TX type=REAL node=5 seq=119 bytes=48 time_ms=1208147
RX,REAL,,5,119,48,1208532.168,1208029,1208532.168,1208147,1208029,48.16800000006333,3245,1208532168	ID:1	[INFO: Metric    ] METRIC_RX type=REAL src=5 seq=119 send_ms=1208147 recv_ms=1208029 bytes=48
TX,REAL,7,,121,48,1213353.0,1213034,1213353.0,,,,3247,1213353000	ID:7	[INFO: Metric    ] METRIC_TX type=REAL node=7 seq=121 bytes=48 time_ms=1213034
TX,DUMMY,7,,52,48,1213354.0,1213035,1213354.0,,,,3248,1213354000	ID:7	[INFO: Metric    ] METRIC_TX type=DUMMY node=7 seq=52 bytes=48 time_ms=1213035
RX,REAL,,7,121,48,1213394.88,1212891,1213394.88,1213034,1212891,41.87999999988824,3249,1213394880	ID:1	[INFO: Metric    ] METRIC_RX type=REAL src=7 seq=121 send_ms=1213034 recv_ms=1212891 bytes=48
RX,DUMMY,,7,52,48,1213409.88,1212906,1213409.88,1213035,1212906,,3251,1213409880	ID:1	[INFO: Metric    ] METRIC_RX type=DUMMY src=7 seq=52 send_ms=1213035 recv_ms=1212906 bytes=48
TX,REAL,3,,119,48,1214073.0,1213409,1214073.0,,,,3253,1214073000	ID:3	[INFO: Metric    ] METRIC_TX type=REAL node=3 seq=119 bytes=48 time_ms=1213409
RX,REAL,,3,119,48,1214138.168,1213635,1214138.168,1213409,1213635,65.16800000006333,3254,1214138168	ID:1	[INFO: Metric    ] METRIC_RX type=REAL src=3 seq=119 send_ms=1213409 recv_ms=1213635 bytes=48
TX,REAL,2,,121,48,1215177.0,1214314,1215177.0,,,,3256,1215177000	ID:2	[INFO: Metric    ] METRIC_TX type=REAL node=2 seq=121 bytes=48 time_ms=1214314
TX,DUMMY,2,,43,48,1215178.0,1214315,1215178.0,,,,3257,1215178000	ID:2	[INFO: Metric    ] METRIC_TX type=DUMMY node=2 seq=43 bytes=48 time_ms=1214315
RX,REAL,,2,121,48,1215191.88,1214688,1215191.88,1214314,1214688,14.879999999888241,3258,1215191880	ID:1	[INFO: Metric    ] METRIC_RX type=REAL src=2 seq=121 send_ms=1214314 recv_ms=1214688 bytes=48
RX,DUMMY,,2,43,48,1215200.88,1214697,1215200.88,1214315,1214697,,3259,1215200880	ID:1	[INFO: Metric    ] METRIC_RX type=DUMMY src=2 seq=43 send_ms=1214315 recv_ms=1214697 bytes=48
TX,REAL,6,,119,48,1215521.0,1214582,1215521.0,,,,3262,1215521000	ID:6	[INFO: Metric    ] METRIC_TX type=REAL node=6 seq=119 bytes=48 time_ms=1214582
RX,REAL,,6,119,48,1215548.88,1215045,1215548.88,1214582,1215045,27.87999999988824,3263,1215548880	ID:1	[INFO: Metric    ] METRIC_RX type=REAL src=6 seq=119 send_ms=1214582 recv_ms=1215045 bytes=48
TX,REAL,5,,120,48,1216485.0,1216148,1216485.0,,,,3268,1216485000	ID:5	[INFO: Metric    ] METRIC_TX type=REAL node=5 seq=120 bytes=48 time_ms=1216148
RX,REAL,,5,120,48,1216514.168,1216011,1216514.168,1216148,1216011,29.16800000006333,3269,1216514168	ID:1	[INFO: Metric    ] METRIC_RX type=REAL src=5 seq=120 send_ms=1216148 recv_ms=1216011 bytes=48
TX,REAL,4,,119,48,1219738.0,1219445,1219738.0,,,,3271,1219738000	ID:4	[INFO: Metric    ] METRIC_TX type=REAL node=4 seq=119 bytes=48 time_ms=1219445
RX,REAL,,4,119,48,1219787.168,1219284,1219787.168,1219445,1219284,49.16800000006333,3272,1219787168	ID:1	[INFO: Metric    ] METRIC_RX type=REAL src=4 seq=119 send_ms=1219445 recv_ms=1219284 bytes=48
TX,REAL,3,,120,48,1222074.0,1221410,1222074.0,,,,3276,1222074000	ID:3	[INFO: Metric    ] METRIC_TX type=REAL node=3 seq=120 bytes=48 time_ms=1221410
RX,REAL,,3,120,48,1222133.168,1221630,1222133.168,1221410,1221630,59.16800000006333,3277,1222133168	ID:1	[INFO: Metric    ] METRIC_RX type=REAL src=3 seq=120 send_ms=1221410 recv_ms=1221630 bytes=48
TX,REAL,7,,122,48,1223355.0,1223036,1223355.0,,,,3279,1223355000	ID:7	[INFO: Metric    ] METRIC_TX type=REAL node=7 seq=122 bytes=48 time_ms=1223036
RX,REAL,,7,122,48,1223373.88,1222870,1223373.88,1223036,1222870,18.87999999988824,3280,1223373880	ID:1	[INFO: Metric    ] METRIC_RX type=REAL src=7 seq=122 send_ms=1223036 recv_ms=1222870 bytes=48
TX,REAL,2,,122,48,1226179.0,1225316,1226179.0,,,,3282,1226179000	ID:2	[INFO: Metric    ] METRIC_TX type=REAL node=2 seq=122 bytes=48 time_ms=1225316
RX,REAL,,2,122,48,1226192.88,1225689,1226192.88,1225316,1225689,13.879999999888241,3283,1226192880	ID:1	[INFO: Metric    ] METRIC_RX type=REAL src=2 seq=122 send_ms=1225316 recv_ms=1225689 bytes=48
TX,REAL,6,,120,48,1226522.0,1225583,1226522.0,,,,3287,1226522000	ID:6	[INFO: Metric    ] METRIC_TX type=REAL node=6 seq=120 bytes=48 time_ms=1225583
RX,REAL,,6,120,48,1226563.88,1226060,1226563.88,1225583,1226060,41.87999999988824,3288,1226563880	ID:1	[INFO: Metric    ] METRIC_RX type=REAL src=6 seq=120 send_ms=1225583 recv_ms=1226060 bytes=48
TX,REAL,4,,120,48,1227739.0,1227446,1227739.0,,,,3292,1227739000	ID:4	[INFO: Metric    ] METRIC_TX type=REAL node=4 seq=120 bytes=48 time_ms=1227446
RX,REAL,,4,120,48,1227770.168,1227267,1227770.168,1227446,1227267,31.16800000006333,3293,1227770168	ID:1	[INFO: Metric    ] METRIC_RX type=REAL src=4 seq=120 send_ms=1227446 recv_ms=1227267 bytes=48
TX,REAL,5,,121,48,1228486.0,1228149,1228486.0,,,,3295,1228486000	ID:5	[INFO: Metric    ] METRIC_TX type=REAL node=5 seq=121 bytes=48 time_ms=1228149
RX,REAL,,5,121,48,1228545.168,1228042,1228545.168,1228149,1228042,59.16800000006333,3296,1228545168	ID:1	[INFO: Metric    ] METRIC_RX type=REAL src=5 seq=121 send_ms=1228149 recv_ms=1228042 bytes=48
TX,REAL,3,,121,48,1233075.0,1232411,1233075.0,,,,3298,1233075000	ID:3	[INFO: Metric    ] METRIC_TX type=REAL node=3 seq=121 bytes=48 time_ms=1232411
TX,DUMMY,3,,40,48,1233076.0,1232412,1233076.0,,,,3299,1233076000	ID:3	[INFO: Metric    ] METRIC_TX type=DUMMY node=3 seq=40 bytes=48 time_ms=1232412
RX,REAL,,3,121,48,1233119.168,1232616,1233119.168,1232411,1232616,44.16800000006333,3300,1233119168	ID:1	[INFO: Metric    ] METRIC_RX type=REAL src=3 seq=121 send_ms=1232411 recv_ms=1232616 bytes=48
RX,DUMMY,,3,40,48,1233163.168,1232660,1233163.168,1232412,1232660,,3301,1233163168	ID:1	[INFO: Metric    ] METRIC_RX type=DUMMY src=3 seq=40 send_ms=1232412 recv_ms=1232660 bytes=48
TX,REAL,2,,123,48,1234180.0,1233317,1234180.0,,,,3305,1234180000	ID:2	[INFO: Metric    ] METRIC_TX type=REAL node=2 seq=123 bytes=48 time_ms=1233317
RX,REAL,,2,123,48,1234203.88,1233700,1234203.88,1233317,1233700,23.87999999988824,3306,1234203880	ID:1	[INFO: Metric    ] METRIC_RX type=REAL src=2 seq=123 send_ms=1233317 recv_ms=1233700 bytes=48
TX,REAL,7,,123,48,1234356.0,1234037,1234356.0,,,,3308,1234356000	ID:7	[INFO: Metric    ] METRIC_TX type=REAL node=7 seq=123 bytes=48 time_ms=1234037
RX,REAL,,7,123,48,1234362.88,1233859,1234362.88,1234037,1233859,6.879999999888241,3309,1234362880	ID:1	[INFO: Metric    ] METRIC_RX type=REAL src=7 seq=123 send_ms=1234037 recv_ms=1233859 bytes=48
TX,REAL,4,,121,48,1236740.0,1236447,1236740.0,,,,3311,1236740000	ID:4	[INFO: Metric    ] METRIC_TX type=REAL node=4 seq=121 bytes=48 time_ms=1236447
RX,REAL,,4,121,48,1236779.304,1236276,1236779.304,1236447,1236276,39.304000000003725,3312,1236779304	ID:1	[INFO: Metric    ] METRIC_RX type=REAL src=4 seq=121 send_ms=1236447 recv_ms=1236276 bytes=48
TX,REAL,6,,121,48,1237523.0,1236584,1237523.0,,,,3314,1237523000	ID:6	[INFO: Metric    ] METRIC_TX type=REAL node=6 seq=121 bytes=48 time_ms=1236584
RX,REAL,,6,121,48,1237543.88,1237040,1237543.88,1236584,1237040,20.87999999988824,3315,1237543880	ID:1	[INFO: Metric    ] METRIC_RX type=REAL src=6 seq=121 send_ms=1236584 recv_ms=1237040 bytes=48
TX,REAL,5,,122,48,1240487.0,1240150,1240487.0,,,,3317,1240487000	ID:5	[INFO: Metric    ] METRIC_TX type=REAL node=5 seq=122 bytes=48 time_ms=1240150
TX,DUMMY,5,,41,48,1240488.0,1240151,1240488.0,,,,3318,1240488000	ID:5	[INFO: Metric    ] METRIC_TX type=DUMMY node=5 seq=41 bytes=48 time_ms=1240151
RX,REAL,,5,122,48,1240535.168,1240032,1240535.168,1240150,1240032,48.16800000006333,3319,1240535168	ID:1	[INFO: Metric    ] METRIC_RX type=REAL src=5 seq=122 send_ms=1240150 recv_ms=1240032 bytes=48
RX,DUMMY,,5,41,48,1240640.592,1240137,1240640.592,1240151,1240137,,3321,1240640592	ID:1	[INFO: Metric    ] METRIC_RX type=DUMMY src=5 seq=41 send_ms=1240151 recv_ms=1240137 bytes=48
TX,REAL,3,,122,48,1242077.0,1241413,1242077.0,,,,3323,1242077000	ID:3	[INFO: Metric    ] METRIC_TX type=REAL node=3 seq=122 bytes=48 time_ms=1241413
RX,REAL,,3,122,48,1242104.168,1241601,1242104.168,1241413,1241601,27.16800000006333,3324,1242104168	ID:1	[INFO: Metric    ] METRIC_RX type=REAL src=3 seq=122 send_ms=1241413 recv_ms=1241601 bytes=48
TX,REAL,7,,124,48,1242357.0,1242038,1242357.0,,,,3326,1242357000	ID:7	[INFO: Metric    ] METRIC_TX type=REAL node=7 seq=124 bytes=48 time_ms=1242038
RX,REAL,,7,124,48,1242388.88,1241885,1242388.88,1242038,1241885,31.87999999988824,3327,1242388880	ID:1	[INFO: Metric    ] METRIC_RX type=REAL src=7 seq=124 send_ms=1242038 recv_ms=1241885 bytes=48
TX,REAL,2,,124,48,1243181.0,1242318,1243181.0,,,,3329,1243181000	ID:2	[INFO: Metric    ] METRIC_TX type=REAL node=2 seq=124 bytes=48 time_ms=1242318
RX,REAL,,2,124,48,1243212.88,1242709,1243212.88,1242318,1242709,31.87999999988824,3330,1243212880	ID:1	[INFO: Metric    ] METRIC_RX type=REAL src=2 seq=124 send_ms=1242318 recv_ms=1242709 bytes=48
TX,REAL,6,,122,48,1246524.0,1245585,1246524.0,,,,3332,1246524000	ID:6	[INFO: Metric    ] METRIC_TX type=REAL node=6 seq=122 bytes=48 time_ms=1245585
RX,REAL,,6,122,48,1246546.88,1246043,1246546.88,1245585,1246043,22.87999999988824,3333,1246546880	ID:1	[INFO: Metric    ] METRIC_RX type=REAL src=6 seq=122 send_ms=1245585 recv_ms=1246043 bytes=48
TX,REAL,4,,122,48,1246741.0,1246448,1246741.0,,,,3336,1246741000	ID:4	[INFO: Metric    ] METRIC_TX type=REAL node=4 seq=122 bytes=48 time_ms=1246448
TX,DUMMY,4,,43,48,1246742.0,1246449,1246742.0,,,,3337,1246742000	ID:4	[INFO: Metric    ] METRIC_TX type=DUMMY node=4 seq=43 bytes=48 time_ms=1246449
RX,REAL,,4,122,48,1246806.168,1246303,1246806.168,1246448,1246303,65.16800000006333,3338,1246806168	ID:1	[INFO: Metric    ] METRIC_RX type=REAL src=4 seq=122 send_ms=1246448 recv_ms=1246303 bytes=48
RX,DUMMY,,4,43,48,1246845.168,1246342,1246845.168,1246449,1246342,,3339,1246845168	ID:1	[INFO: Metric    ] METRIC_RX type=DUMMY src=4 seq=43 send_ms=1246449 recv_ms=1246342 bytes=48
TX,REAL,5,,123,48,1250489.0,1250152,1250489.0,,,,3342,1250489000	ID:5	[INFO: Metric    ] METRIC_TX type=REAL node=5 seq=123 bytes=48 time_ms=1250152
RX,REAL,,5,123,48,1250557.168,1250054,1250557.168,1250152,1250054,68.16800000006333,3343,1250557168	ID:1	[INFO: Metric    ] METRIC_RX type=REAL src=5 seq=123 send_ms=1250152 recv_ms=1250054 bytes=48
TX,REAL,2,,125,48,1252182.0,1251319,1252182.0,,,,3345,1252182000	ID:2	[INFO: Metric    ] METRIC_TX type=REAL node=2 seq=125 bytes=48 time_ms=1251319
RX,REAL,,2,125,48,1252222.88,1251719,1252222.88,1251319,1251719,40.87999999988824,3346,1252222880	ID:1	[INFO: Metric    ] METRIC_RX type=REAL src=2 seq=125 send_ms=1251319 recv_ms=1251719 bytes=48
TX,REAL,3,,123,48,1253078.0,1252414,1253078.0,,,,3348,1253078000	ID:3	[INFO: Metric    ] METRIC_TX type=REAL node=3 seq=123 bytes=48 time_ms=1252414
RX,REAL,,3,123,48,1253139.168,1252636,1253139.168,1252414,1252636,61.16800000006333,3349,1253139168	ID:1	[INFO: Metric    ] METRIC_RX type=REAL src=3 seq=123 send_ms=1252414 recv_ms=1252636 bytes=48
TX,REAL,7,,125,48,1254358.0,1254039,1254358.0,,,,3351,1254358000	ID:7	[INFO: Metric    ] METRIC_TX type=REAL node=7 seq=125 bytes=48 time_ms=1254039
TX,DUMMY,7,,53,48,1254359.0,1254040,1254359.0,,,,3352,1254359000	ID:7	[INFO: Metric    ] METRIC_TX type=DUMMY node=7 seq=53 bytes=48 time_ms=1254040
RX,REAL,,7,125,48,1254364.88,1253861,1254364.88,1254039,1253861,6.879999999888241,3353,1254364880	ID:1	[INFO: Metric    ] METRIC_RX type=REAL src=7 seq=125 send_ms=1254039 recv_ms=1253861 bytes=48
RX,DUMMY,,7,53,48,1254374.88,1253871,1254374.88,1254040,1253871,,3354,1254374880	ID:1	[INFO: Metric    ] METRIC_RX type=DUMMY src=7 seq=53 send_ms=1254040 recv_ms=1253871 bytes=48
TX,REAL,4,,123,48,1255743.0,1255450,1255743.0,,,,3357,1255743000	ID:4	[INFO: Metric    ] METRIC_TX type=REAL node=4 seq=123 bytes=48 time_ms=1255450
TX,DUMMY,4,,44,48,1255744.0,1255451,1255744.0,,,,3358,1255744000	ID:4	[INFO: Metric    ] METRIC_TX type=DUMMY node=4 seq=44 bytes=48 time_ms=1255451
RX,REAL,,4,123,48,1255783.168,1255280,1255783.168,1255450,1255280,40.16800000006333,3359,1255783168	ID:1	[INFO: Metric    ] METRIC_RX type=REAL src=4 seq=123 send_ms=1255450 recv_ms=1255280 bytes=48
RX,DUMMY,,4,44,48,1255810.168,1255307,1255810.168,1255451,1255307,,3360,1255810168	ID:1	[INFO: Metric    ] METRIC_RX type=DUMMY src=4 seq=44 send_ms=1255451 recv_ms=1255307 bytes=48
TX,REAL,6,,123,48,1257525.0,1256586,1257525.0,,,,3363,1257525000	ID:6	[INFO: Metric    ] METRIC_TX type=REAL node=6 seq=123 bytes=48 time_ms=1256586
TX,DUMMY,6,,36,48,1257526.0,1256587,1257526.0,,,,3364,1257526000	ID:6	[INFO: Metric    ] METRIC_TX type=DUMMY node=6 seq=36 bytes=48 time_ms=1256587
RX,REAL,,6,123,48,1257547.88,1257044,1257547.88,1256586,1257044,22.87999999988824,3365,1257547880	ID:1	[INFO: Metric    ] METRIC_RX type=REAL src=6 seq=123 send_ms=1256586 recv_ms=1257044 bytes=48
RX,DUMMY,,6,36,48,1257571.88,1257068,1257571.88,1256587,1257068,,3368,1257571880	ID:1	[INFO: Metric    ] METRIC_RX type=DUMMY src=6 seq=36 send_ms=1256587 recv_ms=1257068 bytes=48
TX,REAL,2,,126,48,1260183.0,1259320,1260183.0,,,,3370,1260183000	ID:2	[INFO: Metric    ] METRIC_TX type=REAL node=2 seq=126 bytes=48 time_ms=1259320
RX,REAL,,2,126,48,1260188.88,1259685,1260188.88,1259320,1259685,5.879999999888241,3371,1260188880	ID:1	[INFO: Metric    ] METRIC_RX type=REAL src=2 seq=126 send_ms=1259320 recv_ms=1259685 bytes=48
TX,REAL,5,,124,48,1260490.0,1260153,1260490.0,,,,3373,1260490000	ID:5	[INFO: Metric    ] METRIC_TX type=REAL node=5 seq=124 bytes=48 time_ms=1260153
TX,DUMMY,5,,42,48,1260491.0,1260154,1260491.0,,,,3374,1260491000	ID:5	[INFO: Metric    ] METRIC_TX type=DUMMY node=5 seq=42 bytes=48 time_ms=1260154
RX,REAL,,5,124,48,1260544.168,1260041,1260544.168,1260153,1260041,54.16800000006333,3375,1260544168	ID:1	[INFO: Metric    ] METRIC_RX type=REAL src=5 seq=124 send_ms=1260153 recv_ms=1260041 bytes=48
RX,DUMMY,,5,42,48,1260614.592,1260111,1260614.592,1260154,1260111,,3377,1260614592	ID:1	[INFO: Metric    ] METRIC_RX type=DUMMY src=5 seq=42 send_ms=1260154 recv_ms=1260111 bytes=48
TX,REAL,3,,124,48,1261079.0,1260415,1261079.0,,,,3379,1261079000	ID:3	[INFO: Metric    ] METRIC_TX type=REAL node=3 seq=124 bytes=48 time_ms=1260415
RX,REAL,,3,124,48,1261111.168,1260608,1261111.168,1260415,1260608,32.16800000006333,3380,1261111168	ID:1	[INFO: Metric    ] METRIC_RX type=REAL src=3 seq=124 send_ms=1260415 recv_ms=1260608 bytes=48
TX,REAL,7,,126,48,1262360.0,1262041,1262360.0,,,,3382,1262360000	ID:7	[INFO: Metric    ] METRIC_TX type=REAL node=7 seq=126 bytes=48 time_ms=1262041
RX,REAL,,7,126,48,1262382.88,1261879,1262382.88,1262041,1261879,22.87999999988824,3383,1262382880	ID:1	[INFO: Metric    ] METRIC_RX type=REAL src=7 seq=126 send_ms=1262041 recv_ms=1261879 bytes=48
TX,REAL,4,,124,48,1266745.0,1266452,1266745.0,,,,3385,1266745000	ID:4	[INFO: Metric    ] METRIC_TX type=REAL node=4 seq=124 bytes=48 time_ms=1266452
RX,REAL,,4,124,48,1266785.168,1266282,1266785.168,1266452,1266282,40.16800000006333,3386,1266785168	ID:1	[INFO: Metric    ] METRIC_RX type=REAL src=4 seq=124 send_ms=1266452 recv_ms=1266282 bytes=48
TX,REAL,6,,124,48,1268527.0,1267588,1268527.0,,,,3388,1268527000	ID:6	[INFO: Metric    ] METRIC_TX type=REAL node=6 seq=124 bytes=48 time_ms=1267588
RX,REAL,,6,124,48,1268572.88,1268069,1268572.88,1267588,1268069,45.87999999988824,3389,1268572880	ID:1	[INFO: Metric    ] METRIC_RX type=REAL src=6 seq=124 send_ms=1267588 recv_ms=1268069 bytes=48
TX,REAL,5,,125,48,1271492.0,1271155,1271492.0,,,,3391,1271492000	ID:5	[INFO: Metric    ] METRIC_TX type=REAL node=5 seq=125 bytes=48 time_ms=1271155
RX,REAL,,5,125,48,1271552.168,1271049,1271552.168,1271155,1271049,60.16800000006333,3392,1271552168	ID:1	[INFO: Metric    ] METRIC_RX type=REAL src=5 seq=125 send_ms=1271155 recv_ms=1271049 bytes=48
TX,REAL,2,,127,48,1272184.0,1271321,1272184.0,,,,3394,1272184000	ID:2	[INFO: Metric    ] METRIC_TX type=REAL node=2 seq=127 bytes=48 time_ms=1271321
RX,REAL,,2,127,48,1272212.88,1271709,1272212.88,1271321,1271709,28.87999999988824,3395,1272212880	ID:1	[INFO: Metric    ] METRIC_RX type=REAL src=2 seq=127 send_ms=1271321 recv_ms=1271709 bytes=48
TX,REAL,3,,125,48,1273080.0,1272416,1273080.0,,,,3398,1273080000	ID:3	[INFO: Metric    ] METRIC_TX type=REAL node=3 seq=125 bytes=48 time_ms=1272416
RX,REAL,,3,125,48,1273145.168,1272642,1273145.168,1272416,1272642,65.16800000006333,3399,1273145168	ID:1	[INFO: Metric    ] METRIC_RX type=REAL src=3 seq=125 send_ms=1272416 recv_ms=1272642 bytes=48
TX,REAL,7,,127,48,1274361.0,1274042,1274361.0,,,,3401,1274361000	ID:7	[INFO: Metric    ] METRIC_TX type=REAL node=7 seq=127 bytes=48 time_ms=1274042
RX,REAL,,7,127,48,1274392.88,1273889,1274392.88,1274042,1273889,31.87999999988824,3402,1274392880	ID:1	[INFO: Metric    ] METRIC_RX type=REAL src=7 seq=127 send_ms=1274042 recv_ms=1273889 bytes=48
TX,REAL,4,,125,48,1275746.0,1275453,1275746.0,,,,3404,1275746000	ID:4	[INFO: Metric    ] METRIC_TX type=REAL node=4 seq=125 bytes=48 time_ms=1275453
TX,DUMMY,4,,45,48,1275747.0,1275454,1275747.0,,,,3405,1275747000	ID:4	[INFO: Metric    ] METRIC_TX type=DUMMY node=4 seq=45 bytes=48 time_ms=1275454
RX,REAL,,4,125,48,1275838.168,1275335,1275838.168,1275453,1275335,92.16800000006333,3406,1275838168	ID:1	[INFO: Metric    ] METRIC_RX type=REAL src=4 seq=125 send_ms=1275453 recv_ms=1275335 bytes=48
RX,DUMMY,,4,45,48,1275885.168,1275382,1275885.168,1275454,1275382,,3407,1275885168	ID:1	[INFO: Metric    ] METRIC_RX type=DUMMY src=4 seq=45 send_ms=1275454 recv_ms=1275382 bytes=48
TX,REAL,6,,125,48,1279528.0,1278589,1279528.0,,,,3410,1279528000	ID:6	[INFO: Metric    ] METRIC_TX type=REAL node=6 seq=125 bytes=48 time_ms=1278589
RX,REAL,,6,125,48,1279562.88,1279059,1279562.88,1278589,1279059,34.87999999988824,3411,1279562880	ID:1	[INFO: Metric    ] METRIC_RX type=REAL src=6 seq=125 send_ms=1278589 recv_ms=1279059 bytes=48
TX,REAL,3,,126,48,1282081.0,1281417,1282081.0,,,,3413,1282081000	ID:3	[INFO: Metric    ] METRIC_TX type=REAL node=3 seq=126 bytes=48 time_ms=1281417
RX,REAL,,3,126,48,1282127.168,1281624,1282127.168,1281417,1281624,46.16800000006333,3414,1282127168	ID:1	[INFO: Metric    ] METRIC_RX type=REAL src=3 seq=126 send_ms=1281417 recv_ms=1281624 bytes=48
TX,REAL,2,,128,48,1282185.0,1281322,1282185.0,,,,3415,1282185000	ID:2	[INFO: Metric    ] METRIC_TX type=REAL node=2 seq=128 bytes=48 time_ms=1281322
RX,REAL,,2,128,48,1282210.88,1281707,1282210.88,1281322,1281707,25.87999999988824,3417,1282210880	ID:1	[INFO: Metric    ] METRIC_RX type=REAL src=2 seq=128 send_ms=1281322 recv_ms=1281707 bytes=48
TX,REAL,5,,126,48,1282493.0,1282156,1282493.0,,,,3419,1282493000	ID:5	[INFO: Metric    ] METRIC_TX type=REAL node=5 seq=126 bytes=48 time_ms=1282156
RX,REAL,,5,126,48,1282561.168,1282058,1282561.168,1282156,1282058,68.16800000006333,3420,1282561168	ID:1	[INFO: Metric    ] METRIC_RX type=REAL src=5 seq=126 send_ms=1282156 recv_ms=1282058 bytes=48
TX,REAL,4,,126,48,1285748.0,1285455,1285748.0,,,,3422,1285748000	ID:4	[INFO: Metric    ] METRIC_TX type=REAL node=4 seq=126 bytes=48 time_ms=1285455
RX,REAL,,4,126,48,1285793.168,1285290,1285793.168,1285455,1285290,45.16800000006333,3423,1285793168	ID:1	[INFO: Metric    ] METRIC_RX type=REAL src=4 seq=126 send_ms=1285455 recv_ms=1285290 bytes=48
TX,REAL,7,,128,48,1286362.0,1286043,1286362.0,,,,3425,1286362000	ID:7	[INFO: Metric    ] METRIC_TX type=REAL node=7 seq=128 bytes=48 time_ms=1286043
TX,DUMMY,7,,54,48,1286363.0,1286044,1286363.0,,,,3426,1286363000	ID:7	[INFO: Metric    ] METRIC_TX type=DUMMY node=7 seq=54 bytes=48 time_ms=1286044
RX,REAL,,7,128,48,1286368.88,1285865,1286368.88,1286043,1285865,6.879999999888241,3427,1286368880	ID:1	[INFO: Metric    ] METRIC_RX type=REAL src=7 seq=128 send_ms=1286043 recv_ms=1285865 bytes=48
RX,DUMMY,,7,54,48,1286396.88,1285893,1286396.88,1286044,1285893,,3429,1286396880	ID:1	[INFO: Metric    ] METRIC_RX type=DUMMY src=7 seq=54 send_ms=1286044 recv_ms=1285893 bytes=48
TX,REAL,6,,126,48,1291529.0,1290590,1291529.0,,,,3432,1291529000	ID:6	[INFO: Metric    ] METRIC_TX type=REAL node=6 seq=126 bytes=48 time_ms=1290590
RX,REAL,,6,126,48,1291556.88,1291053,1291556.88,1290590,1291053,27.87999999988824,3433,1291556880	ID:1	[INFO: Metric    ] METRIC_RX type=REAL src=6 seq=126 send_ms=1290590 recv_ms=1291053 bytes=48
TX,REAL,5,,127,48,1292494.0,1292157,1292494.0,,,,3435,1292494000	ID:5	[INFO: Metric    ] METRIC_TX type=REAL node=5 seq=127 bytes=48 time_ms=1292157
RX,REAL,,5,127,48,1292515.304,1292012,1292515.304,1292157,1292012,21.304000000003725,3436,1292515304	ID:1	[INFO: Metric    ] METRIC_RX type=REAL src=5 seq=127 send_ms=1292157 recv_ms=1292012 bytes=48
TX,REAL,3,,127,48,1293082.0,1292418,1293082.0,,,,3438,1293082000	ID:3	[INFO: Metric    ] METRIC_TX type=REAL node=3 seq=127 bytes=48 time_ms=1292418
RX,REAL,,3,127,48,1293153.168,1292650,1293153.168,1292418,1292650,71.16800000006333,3439,1293153168	ID:1	[INFO: Metric    ] METRIC_RX type=REAL src=3 seq=127 send_ms=1292418 recv_ms=1292650 bytes=48
TX,REAL,2,,129,48,1294186.0,1293323,1294186.0,,,,3441,1294186000	ID:2	[INFO: Metric    ] METRIC_TX type=REAL node=2 seq=129 bytes=48 time_ms=1293323
RX,REAL,,2,129,48,1294221.88,1293718,1294221.88,1293323,1293718,35.87999999988824,3442,1294221880	ID:1	[INFO: Metric    ] METRIC_RX type=REAL src=2 seq=129 send_ms=1293323 recv_ms=1293718 bytes=48
TX,REAL,7,,129,48,1297364.0,1297045,1297364.0,,,,3444,1297364000	ID:7	[INFO: Metric    ] METRIC_TX type=REAL node=7 seq=129 bytes=48 time_ms=1297045
RX,REAL,,7,129,48,1297405.88,1296902,1297405.88,1297045,1296902,41.87999999988824,3445,1297405880	ID:1	[INFO: Metric    ] METRIC_RX type=REAL src=7 seq=129 send_ms=1297045 recv_ms=1296902 bytes=48
TX,REAL,4,,127,48,1297749.0,1297456,1297749.0,,,,3447,1297749000	ID:4	[INFO: Metric    ] METRIC_TX type=REAL node=4 seq=127 bytes=48 time_ms=1297456
TX,DUMMY,4,,46,48,1297750.0,1297457,1297750.0,,,,3448,1297750000	ID:4	[INFO: Metric    ] METRIC_TX type=DUMMY node=4 seq=46 bytes=48 time_ms=1297457
RX,REAL,,4,127,48,1297842.168,1297339,1297842.168,1297456,1297339,93.16800000006333,3449,1297842168	ID:1	[INFO: Metric    ] METRIC_RX type=REAL src=4 seq=127 send_ms=1297456 recv_ms=1297339 bytes=48
RX,DUMMY,,4,46,48,1297862.304,1297359,1297862.304,1297457,1297359,,3450,1297862304	ID:1	[INFO: Metric    ] METRIC_RX type=DUMMY src=4 seq=46 send_ms=1297457 recv_ms=1297359 bytes=48
TX,REAL,5,,128,48,1300495.0,1300158,1300495.0,,,,3453,1300495000	ID:5	[INFO: Metric    ] METRIC_TX type=REAL node=5 seq=128 bytes=48 time_ms=1300158
RX,REAL,,5,128,48,1300544.168,1300041,1300544.168,1300158,1300041,49.16800000006333,3454,1300544168	ID:1	[INFO: Metric    ] METRIC_RX type=REAL src=5 seq=128 send_ms=1300158 recv_ms=1300041 bytes=48
TX,REAL,6,,127,48,1301530.0,1300591,1301530.0,,,,3456,1301530000	ID:6	[INFO: Metric    ] METRIC_TX type=REAL node=6 seq=127 bytes=48 time_ms=1300591
RX,REAL,,6,127,48,1301557.88,1301054,1301557.88,1300591,1301054,27.87999999988824,3457,1301557880	ID:1	[INFO: Metric    ] METRIC_RX type=REAL src=6 seq=127 send_ms=1300591 recv_ms=1301054 bytes=48
TX,REAL,3,,128,48,1302083.0,1301419,1302083.0,,,,3460,1302083000	ID:3	[INFO: Metric    ] METRIC_TX type=REAL node=3 seq=128 bytes=48 time_ms=1301419
TX,DUMMY,3,,41,48,1302084.0,1301420,1302084.0,,,,3461,1302084000	ID:3	[INFO: Metric    ] METRIC_TX type=DUMMY node=3 seq=41 bytes=48 time_ms=1301420
RX,REAL,,3,128,48,1302148.168,1301645,1302148.168,1301419,1301645,65.16800000006333,3462,1302148168	ID:1	[INFO: Metric    ] METRIC_RX type=REAL src=3 seq=128 send_ms=1301419 recv_ms=1301645 bytes=48
RX,DUMMY,,3,41,48,1302238.168,1301735,1302238.168,1301420,1301735,,3464,1302238168	ID:1	[INFO: Metric    ] METRIC_RX type=DUMMY src=3 seq=41 send_ms=1301420 recv_ms=1301735 bytes=48
TX,REAL,2,,130,48,1305187.0,1304324,1305187.0,,,,3468,1305187000	ID:2	[INFO: Metric    ] METRIC_TX type=REAL node=2 seq=130 bytes=48 time_ms=1304324
RX,REAL,,2,130,48,1305224.88,1304721,1305224.88,1304324,1304721,37.87999999988824,3469,1305224880	ID:1	[INFO: Metric    ] METRIC_RX type=REAL src=2 seq=130 send_ms=1304324 recv_ms=1304721 bytes=48
TX,REAL,7,,130,48,1307365.0,1307046,1307365.0,,,,3473,1307365000	ID:7	[INFO: Metric    ] METRIC_TX type=REAL node=7 seq=130 bytes=48 time_ms=1307046
RX,REAL,,7,130,48,1307396.88,1306893,1307396.88,1307046,1306893,31.87999999988824,3474,1307396880	ID:1	[INFO: Metric    ] METRIC_RX type=REAL src=7 seq=130 send_ms=1307046 recv_ms=1306893 bytes=48
TX,REAL,4,,128,48,1309751.0,1309458,1309751.0,,,,3476,1309751000	ID:4	[INFO: Metric    ] METRIC_TX type=REAL node=4 seq=128 bytes=48 time_ms=1309458
TX,DUMMY,4,,47,48,1309752.0,1309459,1309752.0,,,,3477,1309752000	ID:4	[INFO: Metric    ] METRIC_TX type=DUMMY node=4 seq=47 bytes=48 time_ms=1309459
RX,REAL,,4,128,48,1309788.168,1309285,1309788.168,1309458,1309285,37.16800000006333,3478,1309788168	ID:1	[INFO: Metric    ] METRIC_RX type=REAL src=4 seq=128 send_ms=1309458 recv_ms=1309285 bytes=48
RX,DUMMY,,4,47,48,1309838.304,1309335,1309838.304,1309459,1309335,,3480,1309838304	ID:1	[INFO: Metric    ] METRIC_RX type=DUMMY src=4 seq=47 send_ms=1309459 recv_ms=1309335 bytes=48
TX,REAL,5,,129,48,1311496.0,1311159,1311496.0,,,,3482,1311496000	ID:5	[INFO: Metric    ] METRIC_TX type=REAL node=5 seq=129 bytes=48 time_ms=1311159
RX,REAL,,5,129,48,1311527.168,1311024,1311527.168,1311159,1311024,31.16800000006333,3483,1311527168	ID:1	[INFO: Metric    ] METRIC_RX type=REAL src=5 seq=129 send_ms=1311159 recv_ms=1311024 bytes=48
TX,REAL,6,,128,48,1312531.0,1311592,1312531.0,,,,3485,1312531000	ID:6	[INFO: Metric    ] METRIC_TX type=REAL node=6 seq=128 bytes=48 time_ms=1311592
RX,REAL,,6,128,48,1312544.88,1312041,1312544.88,1311592,1312041,13.879999999888241,3486,1312544880	ID:1	[INFO: Metric    ] METRIC_RX type=REAL src=6 seq=128 send_ms=1311592 recv_ms=1312041 bytes=48
TX,REAL,3,,129,48,1314085.0,1313421,1314085.0,,,,3488,1314085000	ID:3	[INFO: Metric    ] METRIC_TX type=REAL node=3 seq=129 bytes=48 time_ms=1313421
RX,REAL,,3,129,48,1314143.168,1313640,1314143.168,1313421,1313640,58.16800000006333,3489,1314143168	ID:1	[INFO: Metric    ] METRIC_RX type=REAL src=3 seq=129 send_ms=1313421 recv_ms=1313640 bytes=48
TX,REAL,2,,131,48,1316188.0,1315325,1316188.0,,,,3491,1316188000	ID:2	[INFO: Metric    ] METRIC_TX type=REAL node=2 seq=131 bytes=48 time_ms=1315325
RX,REAL,,2,131,48,1316211.88,1315708,1316211.88,1315325,1315708,23.87999999988824,3492,1316211880	ID:1	[INFO: Metric    ] METRIC_RX type=REAL src=2 seq=131 send_ms=1315325 recv_ms=1315708 bytes=48
TX,REAL,7,,131,48,1316366.0,1316047,1316366.0,,,,3495,1316366000	ID:7	[INFO: Metric    ] METRIC_TX type=REAL node=7 seq=131 bytes=48 time_ms=1316047
RX,REAL,,7,131,48,1316383.88,1315880,1316383.88,1316047,1315880,17.87999999988824,3496,1316383880	ID:1	[INFO: Metric    ] METRIC_RX type=REAL src=7 seq=131 send_ms=1316047 recv_ms=1315880 bytes=48
TX,REAL,4,,129,48,1319753.0,1319460,1319753.0,,,,3498,1319753000	ID:4	[INFO: Metric    ] METRIC_TX type=REAL node=4 seq=129 bytes=48 time_ms=1319460
RX,REAL,,4,129,48,1319822.168,1319319,1319822.168,1319460,1319319,69.16800000006333,3499,1319822168	ID:1	[INFO: Metric    ] METRIC_RX type=REAL src=4 seq=129 send_ms=1319460 recv_ms=1319319 bytes=48
TX,REAL,5,,130,48,1320497.0,1320160,1320497.0,,,,3503,1320497000	ID:5	[INFO: Metric    ] METRIC_TX type=REAL node=5 seq=130 bytes=48 time_ms=1320160
TX,DUMMY,5,,43,48,1320498.0,1320161,1320498.0,,,,3504,1320498000	ID:5	[INFO: Metric    ] METRIC_TX type=DUMMY node=5 seq=43 bytes=48 time_ms=1320161
TX,REAL,6,,129,48,1320532.0,1319593,1320532.0,,,,3505,1320532000	ID:6	[INFO: Metric    ] METRIC_TX type=REAL node=6 seq=129 bytes=48 time_ms=1319593
TX,DUMMY,6,,37,48,1320533.0,1319594,1320533.0,,,,3506,1320533000	ID:6	[INFO: Metric    ] METRIC_TX type=DUMMY node=6 seq=37 bytes=48 time_ms=1319594
RX,REAL,,5,130,48,1320583.168,1320080,1320583.168,1320160,1320080,86.16800000006333,3507,1320583168	ID:1	[INFO: Metric    ] METRIC_RX type=REAL src=5 seq=130 send_ms=1320160 recv_ms=1320080 bytes=48
RX,REAL,,6,129,48,1320598.88,1320095,1320598.88,1319593,1320095,66.87999999988824,3508,1320598880	ID:1	[INFO: Metric    ] METRIC_RX type=REAL src=6 seq=129 send_ms=1319593 recv_ms=1320095 bytes=48
RX,DUMMY,,6,37,48,1320605.76,1320102,1320605.76,1319594,1320102,,3509,1320605760	ID:1	[INFO: Metric    ] METRIC_RX type=DUMMY src=6 seq=37 send_ms=1319594 recv_ms=1320102 bytes=48
RX,DUMMY,,5,43,48,1320664.168,1320161,1320664.168,1320161,1320161,,3512,1320664168	ID:1	[INFO: Metric    ] METRIC_RX type=DUMMY src=5 seq=43 send_ms=1320161 recv_ms=1320161 bytes=48
TX,REAL,3,,130,48,1325086.0,1324422,1325086.0,,,,3517,1325086000	ID:3	[INFO: Metric    ] METRIC_TX type=REAL node=3 seq=130 bytes=48 time_ms=1324422
RX,REAL,,3,130,48,1325101.168,1324598,1325101.168,1324422,1324598,15.16800000006333,3518,1325101168	ID:1	[INFO: Metric    ] METRIC_RX type=REAL src=3 seq=130 send_ms=1324422 recv_ms=1324598 bytes=48
TX,REAL,2,,132,48,1325189.0,1324326,1325189.0,,,,3520,1325189000	ID:2	[INFO: Metric    ] METRIC_TX type=REAL node=2 seq=132 bytes=48 time_ms=1324326
TX,DUMMY,2,,44,48,1325190.0,1324327,1325190.0,,,,3521,1325190000	ID:2	[INFO: Metric    ] METRIC_TX type=DUMMY node=2 seq=44 bytes=48 time_ms=1324327
RX,REAL,,2,132,48,1325201.88,1324698,1325201.88,1324326,1324698,12.879999999888241,3522,1325201880	ID:1	[INFO: Metric    ] METRIC_RX type=REAL src=2 seq=132 send_ms=1324326 recv_ms=1324698 bytes=48
RX,DUMMY,,2,44,48,1325244.88,1324741,1325244.88,1324327,1324741,,3523,1325244880	ID:1	[INFO: Metric    ] METRIC_RX type=DUMMY src=2 seq=44 send_ms=1324327 recv_ms=1324741 bytes=48
TX,REAL,7,,132,48,1325366.0,1325048,1325366.0,,,,3525,1325366000	ID:7	[INFO: Metric    ] METRIC_TX type=REAL node=7 seq=132 bytes=48 time_ms=1325048
RX,REAL,,7,132,48,1325400.88,1324897,1325400.88,1325048,1324897,34.87999999988824,3527,1325400880	ID:1	[INFO: Metric    ] METRIC_RX type=REAL src=7 seq=132 send_ms=1325048 recv_ms=1324897 bytes=48
TX,REAL,5,,131,48,1328499.0,1328162,1328499.0,,,,3530,1328499000	ID:5	[INFO: Metric    ] METRIC_TX type=REAL node=5 seq=131 bytes=48 time_ms=1328162
RX,REAL,,5,131,48,1328547.168,1328044,1328547.168,1328162,1328044,48.16800000006333,3531,1328547168	ID:1	[INFO: Metric    ] METRIC_RX type=REAL src=5 seq=131 send_ms=1328162 recv_ms=1328044 bytes=48
TX,REAL,4,,130,48,1329754.0,1329461,1329754.0,,,,3535,1329754000	ID:4	[INFO: Metric    ] METRIC_TX type=REAL node=4 seq=130 bytes=48 time_ms=1329461
TX,DUMMY,4,,48,48,1329755.0,1329462,1329755.0,,,,3536,1329755000	ID:4	[INFO: Metric    ] METRIC_TX type=DUMMY node=4 seq=48 bytes=48 time_ms=1329462
RX,REAL,,4,130,48,1329774.168,1329271,1329774.168,1329461,1329271,20.16800000006333,3537,1329774168	ID:1	[INFO: Metric    ] METRIC_RX type=REAL src=4 seq=130 send_ms=1329461 recv_ms=1329271 bytes=48
RX,DUMMY,,4,48,48,1329849.168,1329346,1329849.168,1329462,1329346,,3538,1329849168	ID:1	[INFO: Metric    ] METRIC_RX type=DUMMY src=4 seq=48 send_ms=1329462 recv_ms=1329346 bytes=48
TX,REAL,6,,130,48,1331534.0,1330595,1331534.0,,,,3543,1331534000	ID:6	[INFO: Metric    ] METRIC_TX type=REAL node=6 seq=130 bytes=48 time_ms=1330595
RX,REAL,,6,130,48,1331570.88,1331067,1331570.88,1330595,1331067,36.87999999988824,3544,1331570880	ID:1	[INFO: Metric    ] METRIC_RX type=REAL src=6 seq=130 send_ms=1330595 recv_ms=1331067 bytes=48
TX,REAL,7,,133,48,1333367.0,1333048,1333367.0,,,,3546,1333367000	ID:7	[INFO: Metric    ] METRIC_TX type=REAL node=7 seq=133 bytes=48 time_ms=1333048
RX,REAL,,7,133,48,1333403.88,1332900,1333403.88,1333048,1332900,36.87999999988824,3547,1333403880	ID:1	[INFO: Metric    ] METRIC_RX type=REAL src=7 seq=133 send_ms=1333048 recv_ms=1332900 bytes=48
TX,REAL,3,,131,48,1334087.0,1333423,1334087.0,,,,3549,1334087000	ID:3	[INFO: Metric    ] METRIC_TX type=REAL node=3 seq=131 bytes=48 time_ms=1333423
TX,DUMMY,3,,42,48,1334088.0,1333424,1334088.0,,,,3550,1334088000	ID:3	[INFO: Metric    ] METRIC_TX type=DUMMY node=3 seq=42 bytes=48 time_ms=1333424
RX,REAL,,3,131,48,1334143.168,1333640,1334143.168,1333423,1333640,56.16800000006333,3551,1334143168	ID:1	[INFO: Metric    ] METRIC_RX type=REAL src=3 seq=131 send_ms=1333423 recv_ms=1333640 bytes=48
RX,DUMMY,,3,42,48,1334227.168,1333724,1334227.168,1333424,1333724,,3553,1334227168	ID:1	[INFO: Metric    ] METRIC_RX type=DUMMY src=3 seq=42 send_ms=1333424 recv_ms=1333724 bytes=48
TX,REAL,5,,132,48,1336500.0,1336163,1336500.0,,,,3555,1336500000	ID:5	[INFO: Metric    ] METRIC_TX type=REAL node=5 seq=132 bytes=48 time_ms=1336163
RX,REAL,,5,132,48,1336569.168,1336066,1336569.168,1336163,1336066,69.16800000006333,3556,1336569168	ID:1	[INFO: Metric    ] METRIC_RX type=REAL src=5 seq=132 send_ms=1336163 recv_ms=1336066 bytes=48
TX,REAL,2,,133,48,1337191.0,1336328,1337191.0,,,,3558,1337191000	ID:2	[INFO: Metric    ] METRIC_TX type=REAL node=2 seq=133 bytes=48 time_ms=1336328
TX,DUMMY,2,,45,48,1337192.0,1336329,1337192.0,,,,3559,1337192000	ID:2	[INFO: Metric    ] METRIC_TX type=DUMMY node=2 seq=45 bytes=48 time_ms=1336329
RX,REAL,,2,133,48,1337197.88,1336694,1337197.88,1336328,1336694,6.879999999888241,3560,1337197880	ID:1	[INFO: Metric    ] METRIC_RX type=REAL src=2 seq=133 send_ms=1336328 recv_ms=1336694 bytes=48
RX,DUMMY,,2,45,48,1337225.88,1336722,1337225.88,1336329,1336722,,3561,1337225880	ID:1	[INFO: Metric    ] METRIC_RX type=DUMMY src=2 seq=45 send_ms=1336329 recv_ms=1336722 bytes=48
TX,REAL,6,,131,48,1339535.0,1338596,1339535.0,,,,3565,1339535000	ID:6	[INFO: Metric    ] METRIC_TX type=REAL node=6 seq=131 bytes=48 time_ms=1338596
TX,DUMMY,6,,38,48,1339536.0,1338597,1339536.0,,,,3566,1339536000	ID:6	[INFO: Metric    ] METRIC_TX type=DUMMY node=6 seq=38 bytes=48 time_ms=1338597
RX,REAL,,6,131,48,1339556.88,1339053,1339556.88,1338596,1339053,21.87999999988824,3567,1339556880	ID:1	[INFO: Metric    ] METRIC_RX type=REAL src=6 seq=131 send_ms=1338596 recv_ms=1339053 bytes=48
RX,DUMMY,,6,38,48,1339588.88,1339085,1339588.88,1338597,1339085,,3569,1339588880	ID:1	[INFO: Metric    ] METRIC_RX type=DUMMY src=6 seq=38 send_ms=1338597 recv_ms=1339085 bytes=48
TX,REAL,4,,131,48,1340756.0,1340463,1340756.0,,,,3571,1340756000	ID:4	[INFO: Metric    ] METRIC_TX type=REAL node=4 seq=131 bytes=48 time_ms=1340463
RX,REAL,,4,131,48,1340798.168,1340295,1340798.168,1340463,1340295,42.16800000006333,3572,1340798168	ID:1	[INFO: Metric    ] METRIC_RX type=REAL src=4 seq=131 send_ms=1340463 recv_ms=1340295 bytes=48
TX,REAL,5,,133,48,1344501.0,1344164,1344501.0,,,,3574,1344501000	ID:5	[INFO: Metric    ] METRIC_TX type=REAL node=5 seq=133 bytes=48 time_ms=1344164
TX,DUMMY,5,,44,48,1344502.0,1344165,1344502.0,,,,3575,1344502000	ID:5	[INFO: Metric    ] METRIC_TX type=DUMMY node=5 seq=44 bytes=48 time_ms=1344165
RX,REAL,,5,133,48,1344563.168,1344060,1344563.168,1344164,1344060,62.16800000006333,3576,1344563168	ID:1	[INFO: Metric    ] METRIC_RX type=REAL src=5 seq=133 send_ms=1344164 recv_ms=1344060 bytes=48
RX,DUMMY,,5,44,48,1344580.168,1344077,1344580.168,1344165,1344077,,3577,1344580168	ID:1	[INFO: Metric    ] METRIC_RX type=DUMMY src=5 seq=44 send_ms=1344165 recv_ms=1344077 bytes=48
TX,REAL,7,,134,48,1345368.0,1345049,1345368.0,,,,3580,1345368000	ID:7	[INFO: Metric    ] METRIC_TX type=REAL node=7 seq=134 bytes=48 time_ms=1345049
TX,DUMMY,7,,55,48,1345369.0,1345050,1345369.0,,,,3581,1345369000	ID:7	[INFO: Metric    ] METRIC_TX type=DUMMY node=7 seq=55 bytes=48 time_ms=1345050
RX,REAL,,7,134,48,1345377.88,1344874,1345377.88,1345049,1344874,9.879999999888241,3582,1345377880	ID:1	[INFO: Metric    ] METRIC_RX type=REAL src=7 seq=134 send_ms=1345049 recv_ms=1344874 bytes=48
RX,DUMMY,,7,55,48,1345414.88,1344911,1345414.88,1345050,1344911,,3583,1345414880	ID:1	[INFO: Metric    ] METRIC_RX type=DUMMY src=7 seq=55 send_ms=1345050 recv_ms=1344911 bytes=48
TX,REAL,3,,132,48,1346089.0,1345425,1346089.0,,,,3586,1346089000	ID:3	[INFO: Metric    ] METRIC_TX type=REAL node=3 seq=132 bytes=48 time_ms=1345425
RX,REAL,,3,132,48,1346161.168,1345658,1346161.168,1345425,1345658,72.16800000006333,3587,1346161168	ID:1	[INFO: Metric    ] METRIC_RX type=REAL src=3 seq=132 send_ms=1345425 recv_ms=1345658 bytes=48
TX,REAL,2,,134,48,1347193.0,1346330,1347193.0,,,,3589,1347193000	ID:2	[INFO: Metric    ] METRIC_TX type=REAL node=2 seq=134 bytes=48 time_ms=1346330
RX,REAL,,2,134,48,1347198.88,1346695,1347198.88,1346330,1346695,5.879999999888241,3590,1347198880	ID:1	[INFO: Metric    ] METRIC_RX type=REAL src=2 seq=134 send_ms=1346330 recv_ms=1346695 bytes=48
TX,REAL,6,,132,48,1348537.0,1347598,1348537.0,,,,3592,1348537000	ID:6	[INFO: Metric    ] METRIC_TX type=REAL node=6 seq=132 bytes=48 time_ms=1347598
RX,REAL,,6,132,48,1348551.88,1348048,1348551.88,1347598,1348048,14.879999999888241,3593,1348551880	ID:1	[INFO: Metric    ] METRIC_RX type=REAL src=6 seq=132 send_ms=1347598 recv_ms=1348048 bytes=48
TX,REAL,4,,132,48,1352757.0,1352464,1352757.0,,,,3596,1352757000	ID:4	[INFO: Metric    ] METRIC_TX type=REAL node=4 seq=132 bytes=48 time_ms=1352464
TX,DUMMY,4,,49,48,1352758.0,1352465,1352758.0,,,,3597,1352758000	ID:4	[INFO: Metric    ] METRIC_TX type=DUMMY node=4 seq=49 bytes=48 time_ms=1352465
RX,REAL,,4,132,48,1352800.168,1352297,1352800.168,1352464,1352297,43.16800000006333,3598,1352800168	ID:1	[INFO: Metric    ] METRIC_RX type=REAL src=4 seq=132 send_ms=1352464 recv_ms=1352297 bytes=48
RX,DUMMY,,4,49,48,1352850.592,1352347,1352850.592,1352465,1352347,,3600,1352850592	ID:1	[INFO: Metric    ] METRIC_RX type=DUMMY src=4 seq=49 send_ms=1352465 recv_ms=1352347 bytes=48
TX,REAL,3,,133,48,1354090.0,1353426,1354090.0,,,,3602,1354090000	ID:3	[INFO: Metric    ] METRIC_TX type=REAL node=3 seq=133 bytes=48 time_ms=1353426
RX,REAL,,3,133,48,1354124.168,1353621,1354124.168,1353426,1353621,34.16800000006333,3603,1354124168	ID:1	[INFO: Metric    ] METRIC_RX type=REAL src=3 seq=133 send_ms=1353426 recv_ms=1353621 bytes=48
TX,REAL,7,,135,48,1354370.0,1354051,1354370.0,,,,3605,1354370000	ID:7	[INFO: Metric    ] METRIC_TX type=REAL node=7 seq=135 bytes=48 time_ms=1354051
RX,REAL,,7,135,48,1354375.88,1353872,1354375.88,1354051,1353872,5.879999999888241,3606,1354375880	ID:1	[INFO: Metric    ] METRIC_RX type=REAL src=7 seq=135 send_ms=1354051 recv_ms=1353872 bytes=48
TX,REAL,2,,135,48,1355194.0,1354331,1355194.0,,,,3608,1355194000	ID:2	[INFO: Metric    ] METRIC_TX type=REAL node=2 seq=135 bytes=48 time_ms=1354331
RX,REAL,,2,135,48,1355199.88,1354696,1355199.88,1354331,1354696,5.879999999888241,3609,1355199880	ID:1	[INFO: Metric    ] METRIC_RX type=REAL src=2 seq=135 send_ms=1354331 recv_ms=1354696 bytes=48
TX,REAL,5,,134,48,1355503.0,1355166,1355503.0,,,,3611,1355503000	ID:5	[INFO: Metric    ] METRIC_TX type=REAL node=5 seq=134 bytes=48 time_ms=1355166
TX,DUMMY,5,,45,48,1355504.0,1355167,1355504.0,,,,3612,1355504000	ID:5	[INFO: Metric    ] METRIC_TX type=DUMMY node=5 seq=45 bytes=48 time_ms=1355167
RX,REAL,,5,134,48,1355562.168,1355059,1355562.168,1355166,1355059,59.16800000006333,3613,1355562168	ID:1	[INFO: Metric    ] METRIC_RX type=REAL src=5 seq=134 send_ms=1355166 recv_ms=1355059 bytes=48
RX,DUMMY,,5,45,48,1355569.336,1355066,1355569.336,1355167,1355066,,3614,1355569336	ID:1	[INFO: Metric    ] METRIC_RX type=DUMMY src=5 seq=45 send_ms=1355167 recv_ms=1355066 bytes=48
TX,REAL,6,,133,48,1359538.0,1358599,1359538.0,,,,3617,1359538000	ID:6	[INFO: Metric    ] METRIC_TX type=REAL node=6 seq=133 bytes=48 time_ms=1358599
TX,DUMMY,6,,39,48,1359539.0,1358600,1359539.0,,,,3618,1359539000	ID:6	[INFO: Metric    ] METRIC_TX type=DUMMY node=6 seq=39 bytes=48 time_ms=1358600
RX,REAL,,6,133,48,1359555.88,1359052,1359555.88,1358599,1359052,17.87999999988824,3619,1359555880	ID:1	[INFO: Metric    ] METRIC_RX type=REAL src=6 seq=133 send_ms=1358599 recv_ms=1359052 bytes=48
RX,DUMMY,,6,39,48,1359563.88,1359060,1359563.88,1358600,1359060,,3620,1359563880	ID:1	[INFO: Metric    ] METRIC_RX type=DUMMY src=6 seq=39 send_ms=1358600 recv_ms=1359060 bytes=48
TX,REAL,4,,133,48,1362759.0,1362466,1362759.0,,,,3623,1362759000	ID:4	[INFO: Metric    ] METRIC_TX type=REAL node=4 seq=133 bytes=48 time_ms=1362466
RX,REAL,,4,133,48,1362835.168,1362332,1362835.168,1362466,1362332,76.16800000006333,3624,1362835168	ID:1	[INFO: Metric    ] METRIC_RX type=REAL src=4 seq=133 send_ms=1362466 recv_ms=1362332 bytes=48
TX,REAL,3,,134,48,1364091.0,1363427,1364091.0,,,,3627,1364091000	ID:3	[INFO: Metric    ] METRIC_TX type=REAL node=3 seq=134 bytes=48 time_ms=1363427
RX,REAL,,3,134,48,1364150.168,1363647,1364150.168,1363427,1363647,59.16800000006333,3628,1364150168	ID:1	[INFO: Metric    ] METRIC_RX type=REAL src=3 seq=134 send_ms=1363427 recv_ms=1363647 bytes=48
TX,REAL,5,,135,48,1365505.0,1365168,1365505.0,,,,3630,1365505000	ID:5	[INFO: Metric    ] METRIC_TX type=REAL node=5 seq=135 bytes=48 time_ms=1365168
RX,REAL,,5,135,48,1365555.168,1365052,1365555.168,1365168,1365052,50.16800000006333,3631,1365555168	ID:1	[INFO: Metric    ] METRIC_RX type=REAL src=5 seq=135 send_ms=1365168 recv_ms=1365052 bytes=48
TX,REAL,2,,136,48,1366195.0,1365332,1366195.0,,,,3633,1366195000	ID:2	[INFO: Metric    ] METRIC_TX type=REAL node=2 seq=136 bytes=48 time_ms=1365332
RX,REAL,,2,136,48,1366222.88,1365719,1366222.88,1365332,1365719,27.87999999988824,3634,1366222880	ID:1	[INFO: Metric    ] METRIC_RX type=REAL src=2 seq=136 send_ms=1365332 recv_ms=1365719 bytes=48
TX,REAL,7,,136,48,1366371.0,1366052,1366371.0,,,,3636,1366371000	ID:7	[INFO: Metric    ] METRIC_TX type=REAL node=7 seq=136 bytes=48 time_ms=1366052
RX,REAL,,7,136,48,1366393.88,1365890,1366393.88,1366052,1365890,22.87999999988824,3637,1366393880	ID:1	[INFO: Metric    ] METRIC_RX type=REAL src=7 seq=136 send_ms=1366052 recv_ms=1365890 bytes=48
TX,REAL,6,,134,48,1369540.0,1368601,1369540.0,,,,3639,1369540000	ID:6	[INFO: Metric    ] METRIC_TX type=REAL node=6 seq=134 bytes=48 time_ms=1368601
RX,REAL,,6,134,48,1369572.88,1369069,1369572.88,1368601,1369069,32.87999999988824,3640,1369572880	ID:1	[INFO: Metric    ] METRIC_RX type=REAL src=6 seq=134 send_ms=1368601 recv_ms=1369069 bytes=48
TX,REAL,4,,134,48,1373760.0,1373467,1373760.0,,,,3642,1373760000	ID:4	[INFO: Metric    ] METRIC_TX type=REAL node=4 seq=134 bytes=48 time_ms=1373467
RX,REAL,,4,134,48,1373812.304,1373309,1373812.304,1373467,1373309,52.304000000003725,3643,1373812304	ID:1	[INFO: Metric    ] METRIC_RX type=REAL src=4 seq=134 send_ms=1373467 recv_ms=1373309 bytes=48
TX,REAL,3,,135,48,1374092.0,1373428,1374092.0,,,,3645,1374092000	ID:3	[INFO: Metric    ] METRIC_TX type=REAL node=3 seq=135 bytes=48 time_ms=1373428
RX,REAL,,3,135,48,1374171.168,1373668,1374171.168,1373428,1373668,79.16800000006333,3646,1374171168	ID:1	[INFO: Metric    ] METRIC_RX type=REAL src=3 seq=135 send_ms=1373428 recv_ms=1373668 bytes=48
TX,REAL,5,,136,48,1375506.0,1375169,1375506.0,,,,3648,1375506000	ID:5	[INFO: Metric    ] METRIC_TX type=REAL node=5 seq=136 bytes=48 time_ms=1375169
RX,REAL,,5,136,48,1375557.168,1375054,1375557.168,1375169,1375054,51.16800000006333,3649,1375557168	ID:1	[INFO: Metric    ] METRIC_RX type=REAL src=5 seq=136 send_ms=1375169 recv_ms=1375054 bytes=48
TX,REAL,7,,137,48,1376372.0,1376053,1376372.0,,,,3651,1376372000	ID:7	[INFO: Metric    ] METRIC_TX type=REAL node=7 seq=137 bytes=48 time_ms=1376053
RX,REAL,,7,137,48,1376377.88,1375874,1376377.88,1376053,1375874,5.879999999888241,3652,1376377880	ID:1	[INFO: Metric    ] METRIC_RX type=REAL src=7 seq=137 send_ms=1376053 recv_ms=1375874 bytes=48
TX,REAL,2,,137,48,1377196.0,1376333,1377196.0,,,,3654,1377196000	ID:2	[INFO: Metric    ] METRIC_TX type=REAL node=2 seq=137 bytes=48 time_ms=1376333
TX,DUMMY,2,,46,48,1377197.0,1376334,1377197.0,,,,3655,1377197000	ID:2	[INFO: Metric    ] METRIC_TX type=DUMMY node=2 seq=46 bytes=48 time_ms=1376334
RX,REAL,,2,137,48,1377218.88,1376715,1377218.88,1376333,1376715,22.87999999988824,3656,1377218880	ID:1	[INFO: Metric    ] METRIC_RX type=REAL src=2 seq=137 send_ms=1376333 recv_ms=1376715 bytes=48
RX,DUMMY,,2,46,48,1377225.76,1376722,1377225.76,1376334,1376722,,3658,1377225760	ID:1	[INFO: Metric    ] METRIC_RX type=DUMMY src=2 seq=46 send_ms=1376334 recv_ms=1376722 bytes=48
TX,REAL,6,,135,48,1381541.0,1380602,1381541.0,,,,3661,1381541000	ID:6	[INFO: Metric    ] METRIC_TX type=REAL node=6 seq=135 bytes=48 time_ms=1380602
RX,REAL,,6,135,48,1381574.88,1381071,1381574.88,1380602,1381071,33.87999999988824,3662,1381574880	ID:1	[INFO: Metric    ] METRIC_RX type=REAL src=6 seq=135 send_ms=1380602 recv_ms=1381071 bytes=48
TX,REAL,3,,136,48,1383093.0,1382429,1383093.0,,,,3664,1383093000	ID:3	[INFO: Metric    ] METRIC_TX type=REAL node=3 seq=136 bytes=48 time_ms=1382429
TX,DUMMY,3,,43,48,1383094.0,1382430,1383094.0,,,,3665,1383094000	ID:3	[INFO: Metric    ] METRIC_TX type=DUMMY node=3 seq=43 bytes=48 time_ms=1382430
RX,REAL,,3,136,48,1383129.168,1382626,1383129.168,1382429,1382626,36.16800000006333,3666,1383129168	ID:1	[INFO: Metric    ] METRIC_RX type=REAL src=3 seq=136 send_ms=1382429 recv_ms=1382626 bytes=48
RX,DUMMY,,3,43,48,1383184.168,1382681,1383184.168,1382430,1382681,,3667,1383184168	ID:1	[INFO: Metric    ] METRIC_RX type=DUMMY src=3 seq=43 send_ms=1382430 recv_ms=1382681 bytes=48
TX,REAL,4,,135,48,1383761.0,1383468,1383761.0,,,,3670,1383761000	ID:4	[INFO: Metric    ] METRIC_TX type=REAL node=4 seq=135 bytes=48 time_ms=1383468
RX,REAL,,4,135,48,1383802.168,1383299,1383802.168,1383468,1383299,41.16800000006333,3671,1383802168	ID:1	[INFO: Metric    ] METRIC_RX type=REAL src=4 seq=135 send_ms=1383468 recv_ms=1383299 bytes=48
TX,REAL,7,,138,48,1385373.0,1385054,1385373.0,,,,3673,1385373000	ID:7	[INFO: Metric    ] METRIC_TX type=REAL node=7 seq=138 bytes=48 time_ms=1385054
RX,REAL,,7,138,48,1385408.88,1384905,1385408.88,1385054,1384905,35.87999999988824,3674,1385408880	ID:1	[INFO: Metric    ] METRIC_RX type=REAL src=7 seq=138 send_ms=1385054 recv_ms=1384905 bytes=48
TX,REAL,5,,137,48,1385507.0,1385170,1385507.0,,,,3676,1385507000	ID:5	[INFO: Metric    ] METRIC_TX type=REAL node=5 seq=137 bytes=48 time_ms=1385170
RX,REAL,,5,137,48,1385547.168,1385044,1385547.168,1385170,1385044,40.16800000006333,3677,1385547168	ID:1	[INFO: Metric    ] METRIC_RX type=REAL src=5 seq=137 send_ms=1385170 recv_ms=1385044 bytes=48
TX,REAL,2,,138,48,1387198.0,1386335,1387198.0,,,,3679,1387198000	ID:2	[INFO: Metric    ] METRIC_TX type=REAL node=2 seq=138 bytes=48 time_ms=1386335
RX,REAL,,2,138,48,1387242.88,1386739,1387242.88,1386335,1386739,44.87999999988824,3680,1387242880	ID:1	[INFO: Metric    ] METRIC_RX type=REAL src=2 seq=138 send_ms=1386335 recv_ms=1386739 bytes=48
TX,REAL,3,,137,48,1391095.0,1390431,1391095.0,,,,3682,1391095000	ID:3	[INFO: Metric    ] METRIC_TX type=REAL node=3 seq=137 bytes=48 time_ms=1390431
RX,REAL,,3,137,48,1391162.168,1390659,1391162.168,1390431,1390659,67.16800000006333,3683,1391162168	ID:1	[INFO: Metric    ] METRIC_RX type=REAL src=3 seq=137 send_ms=1390431 recv_ms=1390659 bytes=48
TX,REAL,6,,136,48,1392542.0,1391603,1392542.0,,,,3685,1392542000	ID:6	[INFO: Metric    ] METRIC_TX type=REAL node=6 seq=136 bytes=48 time_ms=1391603
RX,REAL,,6,136,48,1392561.88,1392058,1392561.88,1391603,1392058,19.87999999988824,3686,1392561880	ID:1	[INFO: Metric    ] METRIC_RX type=REAL src=6 seq=136 send_ms=1391603 recv_ms=1392058 bytes=48
TX,REAL,2,,139,48,1395199.0,1394336,1395199.0,,,,3689,1395199000	ID:2	[INFO: Metric    ] METRIC_TX type=REAL node=2 seq=139 bytes=48 time_ms=1394336
TX,DUMMY,2,,47,48,1395200.0,1394337,1395200.0,,,,3690,1395200000	ID:2	[INFO: Metric    ] METRIC_TX type=DUMMY node=2 seq=47 bytes=48 time_ms=1394337
RX,REAL,,2,139,48,1395239.88,1394736,1395239.88,1394336,1394736,40.87999999988824,3691,1395239880	ID:1	[INFO: Metric    ] METRIC_RX type=REAL src=2 seq=139 send_ms=1394336 recv_ms=1394736 bytes=48
RX,DUMMY,,2,47,48,1395255.88,1394752,1395255.88,1394337,1394752,,3693,1395255880	ID:1	[INFO: Metric    ] METRIC_RX type=DUMMY src=2 seq=47 send_ms=1394337 recv_ms=1394752 bytes=48
TX,REAL,5,,138,48,1395508.0,1395171,1395508.0,,,,3695,1395508000	ID:5	[INFO: Metric    ] METRIC_TX type=REAL node=5 seq=138 bytes=48 time_ms=1395171
RX,REAL,,5,138,48,1395575.168,1395072,1395575.168,1395171,1395072,67.16800000006333,3696,1395575168	ID:1	[INFO: Metric    ] METRIC_RX type=REAL src=5 seq=138 send_ms=1395171 recv_ms=1395072 bytes=48
TX,REAL,4,,136,48,1395762.0,1395469,1395762.0,,,,3698,1395762000	ID:4	[INFO: Metric    ] METRIC_TX type=REAL node=4 seq=136 bytes=48 time_ms=1395469
RX,REAL,,4,136,48,1395824.168,1395321,1395824.168,1395469,1395321,62.16800000006333,3699,1395824168	ID:1	[INFO: Metric    ] METRIC_RX type=REAL src=4 seq=136 send_ms=1395469 recv_ms=1395321 bytes=48
TX,REAL,7,,139,48,1397374.0,1397055,1397374.0,,,,3701,1397374000	ID:7	[INFO: Metric    ] METRIC_TX type=REAL node=7 seq=139 bytes=48 time_ms=1397055
RX,REAL,,7,139,48,1397380.88,1396877,1397380.88,1397055,1396877,6.879999999888241,3702,1397380880	ID:1	[INFO: Metric    ] METRIC_RX type=REAL src=7 seq=139 send_ms=1397055 recv_ms=1396877 bytes=48
TX,REAL,3,,138,48,1402096.0,1401432,1402096.0,,,,3704,1402096000	ID:3	[INFO: Metric    ] METRIC_TX type=REAL node=3 seq=138 bytes=48 time_ms=1401432
TX,DUMMY,3,,44,48,1402097.0,1401433,1402097.0,,,,3705,1402097000	ID:3	[INFO: Metric    ] METRIC_TX type=DUMMY node=3 seq=44 bytes=48 time_ms=1401433
RX,REAL,,3,138,48,1402168.168,1401665,1402168.168,1401432,1401665,72.16800000006333,3706,1402168168	ID:1	[INFO: Metric    ] METRIC_RX type=REAL src=3 seq=138 send_ms=1401432 recv_ms=1401665 bytes=48
RX,DUMMY,,3,44,48,1402248.168,1401745,1402248.168,1401433,1401745,,3708,1402248168	ID:1	[INFO: Metric    ] METRIC_RX type=DUMMY src=3 seq=44 send_ms=1401433 recv_ms=1401745 bytes=48
TX,REAL,6,,137,48,1402543.0,1401604,1402543.0,,,,3710,1402543000	ID:6	[INFO: Metric    ] METRIC_TX type=REAL node=6 seq=137 bytes=48 time_ms=1401604
RX,REAL,,6,137,48,1402588.88,1402085,1402588.88,1401604,1402085,45.87999999988824,3711,1402588880	ID:1	[INFO: Metric    ] METRIC_RX type=REAL src=6 seq=137 send_ms=1401604 recv_ms=1402085 bytes=48
TX,REAL,2,,140,48,1403201.0,1402338,1403201.0,,,,3715,1403201000	ID:2	[INFO: Metric    ] METRIC_TX type=REAL node=2 seq=140 bytes=48 time_ms=1402338
RX,REAL,,2,140,48,1403230.88,1402727,1403230.88,1402338,1402727,29.87999999988824,3716,1403230880	ID:1	[INFO: Metric    ] METRIC_RX type=REAL src=2 seq=140 send_ms=1402338 recv_ms=1402727 bytes=48
TX,REAL,4,,137,48,1403763.0,1403470,1403763.0,,,,3718,1403763000	ID:4	[INFO: Metric    ] METRIC_TX type=REAL node=4 seq=137 bytes=48 time_ms=1403470
TX,DUMMY,4,,50,48,1403764.0,1403471,1403764.0,,,,3719,1403764000	ID:4	[INFO: Metric    ] METRIC_TX type=DUMMY node=4 seq=50 bytes=48 time_ms=1403471
RX,REAL,,4,137,48,1403830.168,1403327,1403830.168,1403470,1403327,67.16800000006333,3720,1403830168	ID:1	[INFO: Metric    ] METRIC_RX type=REAL src=4 seq=137 send_ms=1403470 recv_ms=1403327 bytes=48
RX,DUMMY,,4,50,48,1403881.592,1403378,1403881.592,1403471,1403378,,3723,1403881592	ID:1	[INFO: Metric    ] METRIC_RX type=DUMMY src=4 seq=50 send_ms=1403471 recv_ms=1403378 bytes=48
TX,REAL,7,,140,48,1405375.0,1405056,1405375.0,,,,3727,1405375000	ID:7	[INFO: Metric    ] METRIC_TX type=REAL node=7 seq=140 bytes=48 time_ms=1405056
RX,REAL,,7,140,48,1405415.88,1404912,1405415.88,1405056,1404912,40.87999999988824,3728,1405415880	ID:1	[INFO: Metric    ] METRIC_RX type=REAL src=7 seq=140 send_ms=1405056 recv_ms=1404912 bytes=48
TX,REAL,5,,139,48,1407509.0,1407172,1407509.0,,,,3730,1407509000	ID:5	[INFO: Metric    ] METRIC_TX type=REAL node=5 seq=139 bytes=48 time_ms=1407172
RX,REAL,,5,139,48,1407556.168,1407053,1407556.168,1407172,1407053,47.16800000006333,3731,1407556168	ID:1	[INFO: Metric    ] METRIC_RX type=REAL src=5 seq=139 send_ms=1407172 recv_ms=1407053 bytes=48
TX,REAL,6,,138,48,1411544.0,1410605,1411544.0,,,,3733,1411544000	ID:6	[INFO: Metric    ] METRIC_TX type=REAL node=6 seq=138 bytes=48 time_ms=1410605
RX,REAL,,6,138,48,1411559.88,1411056,1411559.88,1410605,1411056,15.879999999888241,3734,1411559880	ID:1	[INFO: Metric    ] METRIC_RX type=REAL src=6 seq=138 send_ms=1410605 recv_ms=1411056 bytes=48
TX,REAL,3,,139,48,1414098.0,1413434,1414098.0,,,,3736,1414098000	ID:3	[INFO: Metric    ] METRIC_TX type=REAL node=3 seq=139 bytes=48 time_ms=1413434
TX,DUMMY,3,,45,48,1414099.0,1413435,1414099.0,,,,3737,1414099000	ID:3	[INFO: Metric    ] METRIC_TX type=DUMMY node=3 seq=45 bytes=48 time_ms=1413435
RX,REAL,,3,139,48,1414166.168,1413663,1414166.168,1413434,1413663,68.16800000006333,3738,1414166168	ID:1	[INFO: Metric    ] METRIC_RX type=REAL src=3 seq=139 send_ms=1413434 recv_ms=1413663 bytes=48
RX,DUMMY,,3,45,48,1414217.592,1413714,1414217.592,1413435,1413714,,3740,1414217592	ID:1	[INFO: Metric    ] METRIC_RX type=DUMMY src=3 seq=45 send_ms=1413435 recv_ms=1413714 bytes=48
TX,REAL,4,,138,48,1414765.0,1414472,1414765.0,,,,3742,1414765000	ID:4	[INFO: Metric    ] METRIC_TX type=REAL node=4 seq=138 bytes=48 time_ms=1414472
RX,REAL,,4,138,48,1414802.168,1414299,1414802.168,1414472,1414299,37.16800000006333,3743,1414802168	ID:1	[INFO: Metric    ] METRIC_RX type=REAL src=4 seq=138 send_ms=1414472 recv_ms=1414299 bytes=48
TX,REAL,2,,141,48,1415202.0,1414339,1415202.0,,,,3745,1415202000	ID:2	[INFO: Metric    ] METRIC_TX type=REAL node=2 seq=141 bytes=48 time_ms=1414339
RX,REAL,,2,141,48,1415223.88,1414720,1415223.88,1414339,1414720,21.87999999988824,3746,1415223880	ID:1	[INFO: Metric    ] METRIC_RX type=REAL src=2 seq=141 send_ms=1414339 recv_ms=1414720 bytes=48
TX,REAL,7,,141,48,1417376.0,1417057,1417376.0,,,,3748,1417376000	ID:7	[INFO: Metric    ] METRIC_TX type=REAL node=7 seq=141 bytes=48 time_ms=1417057
RX,REAL,,7,141,48,1417415.88,1416912,1417415.88,1417057,1416912,39.87999999988824,3749,1417415880	ID:1	[INFO: Metric    ] METRIC_RX type=REAL src=7 seq=141 send_ms=1417057 recv_ms=1416912 bytes=48
TX,REAL,5,,140,48,1417510.0,1417173,1417510.0,,,,3753,1417510000	ID:5	[INFO: Metric    ] METRIC_TX type=REAL node=5 seq=140 bytes=48 time_ms=1417173
TX,DUMMY,5,,46,48,1417511.0,1417174,1417511.0,,,,3754,1417511000	ID:5	[INFO: Metric    ] METRIC_TX type=DUMMY node=5 seq=46 bytes=48 time_ms=1417174
RX,REAL,,5,140,48,1417565.168,1417062,1417565.168,1417173,1417062,55.16800000006333,3755,1417565168	ID:1	[INFO: Metric    ] METRIC_RX type=REAL src=5 seq=140 send_ms=1417173 recv_ms=1417062 bytes=48
RX,DUMMY,,5,46,48,1417596.168,1417093,1417596.168,1417174,1417093,,3757,1417596168	ID:1	[INFO: Metric    ] METRIC_RX type=DUMMY src=5 seq=46 send_ms=1417174 recv_ms=1417093 bytes=48
TX,REAL,6,,139,48,1422545.0,1421606,1422545.0,,,,3760,1422545000	ID:6	[INFO: Metric    ] METRIC_TX type=REAL node=6 seq=139 bytes=48 time_ms=1421606
RX,REAL,,6,139,48,1422574.88,1422071,1422574.88,1421606,1422071,29.87999999988824,3761,1422574880	ID:1	[INFO: Metric    ] METRIC_RX type=REAL src=6 seq=139 send_ms=1421606 recv_ms=1422071 bytes=48
TX,REAL,4,,139,48,1423766.0,1423473,1423766.0,,,,3763,1423766000	ID:4	[INFO: Metric    ] METRIC_TX type=REAL node=4 seq=139 bytes=48 time_ms=1423473
RX,REAL,,4,139,48,1423841.168,1423338,1423841.168,1423473,1423338,75.16800000006333,3764,1423841168	ID:1	[INFO: Metric    ] METRIC_RX type=REAL src=4 seq=139 send_ms=1423473 recv_ms=1423338 bytes=48
TX,REAL,2,,142,48,1424203.0,1423340,1424203.0,,,,3766,1424203000	ID:2	[INFO: Metric    ] METRIC_TX type=REAL node=2 seq=142 bytes=48 time_ms=1423340
TX,DUMMY,2,,48,48,1424204.0,1423341,1424204.0,,,,3767,1424204000	ID:2	[INFO: Metric    ] METRIC_TX type=DUMMY node=2 seq=48 bytes=48 time_ms=1423341
RX,REAL,,2,142,48,1424221.88,1423718,1424221.88,1423340,1423718,18.87999999988824,3768,1424221880	ID:1	[INFO: Metric    ] METRIC_RX type=REAL src=2 seq=142 send_ms=1423340 recv_ms=1423718 bytes=48
RX,DUMMY,,2,48,48,1424240.88,1423737,1424240.88,1423341,1423737,,3769,1424240880	ID:1	[INFO: Metric    ] METRIC_RX type=DUMMY src=2 seq=48 send_ms=1423341 recv_ms=1423737 bytes=48
TX,REAL,3,,140,48,1425100.0,1424436,1425100.0,,,,3774,1425100000	ID:3	[INFO: Metric    ] METRIC_TX type=REAL node=3 seq=140 bytes=48 time_ms=1424436
RX,REAL,,3,140,48,1425165.168,1424662,1425165.168,1424436,1424662,65.16800000006333,3775,1425165168	ID:1	[INFO: Metric    ] METRIC_RX type=REAL src=3 seq=140 send_ms=1424436 recv_ms=1424662 bytes=48
TX,REAL,7,,142,48,1426377.0,1426058,1426377.0,,,,3777,1426377000	ID:7	[INFO: Metric    ] METRIC_TX type=REAL node=7 seq=142 bytes=48 time_ms=1426058
RX,REAL,,7,142,48,1426418.88,1425915,1426418.88,1426058,1425915,41.87999999988824,3778,1426418880	ID:1	[INFO: Metric    ] METRIC_RX type=REAL src=7 seq=142 send_ms=1426058 recv_ms=1425915 bytes=48
TX,REAL,5,,141,48,1426512.0,1426175,1426512.0,,,,3780,1426512000	ID:5	[INFO: Metric    ] METRIC_TX type=REAL node=5 seq=141 bytes=48 time_ms=1426175
TX,DUMMY,5,,47,48,1426513.0,1426176,1426513.0,,,,3781,1426513000	ID:5	[INFO: Metric    ] METRIC_TX type=DUMMY node=5 seq=47 bytes=48 time_ms=1426176
RX,REAL,,5,141,48,1426529.304,1426026,1426529.304,1426175,1426026,17.304000000003725,3782,1426529304	ID:1	[INFO: Metric    ] METRIC_RX type=REAL src=5 seq=141 send_ms=1426175 recv_ms=1426026 bytes=48
RX,DUMMY,,5,47,48,1426553.168,1426050,1426553.168,1426176,1426050,,3783,1426553168	ID:1	[INFO: Metric    ] METRIC_RX type=DUMMY src=5 seq=47 send_ms=1426176 recv_ms=1426050 bytes=48
TX,REAL,6,,140,48,1430546.0,1429607,1430546.0,,,,3788,1430546000	ID:6	[INFO: Metric    ] METRIC_TX type=REAL node=6 seq=140 bytes=48 time_ms=1429607
RX,REAL,,6,140,48,1430586.88,1430083,1430586.88,1429607,1430083,40.87999999988824,3789,1430586880	ID:1	[INFO: Metric    ] METRIC_RX type=REAL src=6 seq=140 send_ms=1429607 recv_ms=1430083 bytes=48
TX,REAL,4,,140,48,1434767.0,1434474,1434767.0,,,,3794,1434767000	ID:4	[INFO: Metric    ] METRIC_TX type=REAL node=4 seq=140 bytes=48 time_ms=1434474
RX,REAL,,4,140,48,1434796.168,1434293,1434796.168,1434474,1434293,29.16800000006333,3795,1434796168	ID:1	[INFO: Metric    ] METRIC_RX type=REAL src=4 seq=140 send_ms=1434474 recv_ms=1434293 bytes=48
TX,REAL,3,,141,48,1436101.0,1435437,1436101.0,,,,3797,1436101000	ID:3	[INFO: Metric    ] METRIC_TX type=REAL node=3 seq=141 bytes=48 time_ms=1435437
TX,DUMMY,3,,46,48,1436102.0,1435438,1436102.0,,,,3798,1436102000	ID:3	[INFO: Metric    ] METRIC_TX type=DUMMY node=3 seq=46 bytes=48 time_ms=1435438
RX,REAL,,3,141,48,1436154.168,1435651,1436154.168,1435437,1435651,53.16800000006333,3799,1436154168	ID:1	[INFO: Metric    ] METRIC_RX type=REAL src=3 seq=141 send_ms=1435437 recv_ms=1435651 bytes=48
TX,REAL,2,,143,48,1436205.0,1435342,1436205.0,,,,3801,1436205000	ID:2	[INFO: Metric    ] METRIC_TX type=REAL node=2 seq=143 bytes=48 time_ms=1435342
RX,DUMMY,,3,46,48,1436221.168,1435718,1436221.168,1435438,1435718,,3802,1436221168	ID:1	[INFO: Metric    ] METRIC_RX type=DUMMY src=3 seq=46 send_ms=1435438 recv_ms=1435718 bytes=48
RX,REAL,,2,143,48,1436228.88,1435725,1436228.88,1435342,1435725,23.87999999988824,3803,1436228880	ID:1	[INFO: Metric    ] METRIC_RX type=REAL src=2 seq=143 send_ms=1435342 recv_ms=1435725 bytes=48
TX,REAL,7,,143,48,1436378.0,1436059,1436378.0,,,,3806,1436378000	ID:7	[INFO: Metric    ] METRIC_TX type=REAL node=7 seq=143 bytes=48 time_ms=1436059
RX,REAL,,7,143,48,1436406.88,1435903,1436406.88,1436059,1435903,28.87999999988824,3807,1436406880	ID:1	[INFO: Metric    ] METRIC_RX type=REAL src=7 seq=143 send_ms=1436059 recv_ms=1435903 bytes=48
TX,REAL,5,,142,48,1438514.0,1438177,1438514.0,,,,3809,1438514000	ID:5	[INFO: Metric    ] METRIC_TX type=REAL node=5 seq=142 bytes=48 time_ms=1438177
RX,REAL,,5,142,48,1438543.168,1438040,1438543.168,1438177,1438040,29.16800000006333,3810,1438543168	ID:1	[INFO: Metric    ] METRIC_RX type=REAL src=5 seq=142 send_ms=1438177 recv_ms=1438040 bytes=48
TX,REAL,6,,141,48,1438547.0,1437608,1438547.0,,,,3811,1438547000	ID:6	[INFO: Metric    ] METRIC_TX type=REAL node=6 seq=141 bytes=48 time_ms=1437608
RX,REAL,,6,141,48,1438609.88,1438106,1438609.88,1437608,1438106,62.87999999988824,3813,1438609880	ID:1	[INFO: Metric    ] METRIC_RX type=REAL src=6 seq=141 send_ms=1437608 recv_ms=1438106 bytes=48
TX,REAL,4,,141,48,1443768.0,1443475,1443768.0,,,,3815,1443768000	ID:4	[INFO: Metric    ] METRIC_TX type=REAL node=4 seq=141 bytes=48 time_ms=1443475
RX,REAL,,4,141,48,1443844.168,1443341,1443844.168,1443475,1443341,76.16800000006333,3816,1443844168	ID:1	[INFO: Metric    ] METRIC_RX type=REAL src=4 seq=141 send_ms=1443475 recv_ms=1443341 bytes=48
TX,REAL,2,,144,48,1445206.0,1444343,1445206.0,,,,3818,1445206000	ID:2	[INFO: Metric    ] METRIC_TX type=REAL node=2 seq=144 bytes=48 time_ms=1444343
TX,DUMMY,2,,49,48,1445207.0,1444344,1445207.0,,,,3819,1445207000	ID:2	[INFO: Metric    ] METRIC_TX type=DUMMY node=2 seq=49 bytes=48 time_ms=1444344
RX,REAL,,2,144,48,1445234.88,1444731,1445234.88,1444343,1444731,28.87999999988824,3820,1445234880	ID:1	[INFO: Metric    ] METRIC_RX type=REAL src=2 seq=144 send_ms=1444343 recv_ms=1444731 bytes=48
RX,DUMMY,,2,49,48,1445253.88,1444750,1445253.88,1444344,1444750,,3821,1445253880	ID:1	[INFO: Metric    ] METRIC_RX type=DUMMY src=2 seq=49 send_ms=1444344 recv_ms=1444750 bytes=48
TX,REAL,3,,142,48,1446103.0,1445439,1446103.0,,,,3825,1446103000	ID:3	[INFO: Metric    ] METRIC_TX type=REAL node=3 seq=142 bytes=48 time_ms=1445439
RX,REAL,,3,142,48,1446143.168,1445640,1446143.168,1445439,1445640,40.16800000006333,3826,1446143168	ID:1	[INFO: Metric    ] METRIC_RX type=REAL src=3 seq=142 send_ms=1445439 recv_ms=1445640 bytes=48
TX,REAL,7,,144,48,1446379.0,1446060,1446379.0,,,,3828,1446379000	ID:7	[INFO: Metric    ] METRIC_TX type=REAL node=7 seq=144 bytes=48 time_ms=1446060
TX,DUMMY,7,,56,48,1446380.0,1446061,1446380.0,,,,3829,1446380000	ID:7	[INFO: Metric    ] METRIC_TX type=DUMMY node=7 seq=56 bytes=48 time_ms=1446061
RX,REAL,,7,144,48,1446390.88,1445887,1446390.88,1446060,1445887,11.879999999888241,3830,1446390880	ID:1	[INFO: Metric    ] METRIC_RX type=REAL src=7 seq=144 send_ms=1446060 recv_ms=1445887 bytes=48
RX,DUMMY,,7,56,48,1446418.88,1445915,1446418.88,1446061,1445915,,3831,1446418880	ID:1	[INFO: Metric    ] METRIC_RX type=DUMMY src=7 seq=56 send_ms=1446061 recv_ms=1445915 bytes=48
TX,REAL,5,,143,48,1447515.0,1447178,1447515.0,,,,3834,1447515000	ID:5	[INFO: Metric    ] METRIC_TX type=REAL node=5 seq=143 bytes=48 time_ms=1447178
RX,REAL,,5,143,48,1447543.168,1447040,1447543.168,1447178,1447040,28.16800000006333,3835,1447543168	ID:1	[INFO: Metric    ] METRIC_RX type=REAL src=5 seq=143 send_ms=1447178 recv_ms=1447040 bytes=48
TX,REAL,6,,142,48,1448548.0,1447609,1448548.0,,,,3837,1448548000	ID:6	[INFO: Metric    ] METRIC_TX type=REAL node=6 seq=142 bytes=48 time_ms=1447609
TX,DUMMY,6,,40,48,1448549.0,1447610,1448549.0,,,,3838,1448549000	ID:6	[INFO: Metric    ] METRIC_TX type=DUMMY node=6 seq=40 bytes=48 time_ms=1447610
RX,REAL,,6,142,48,1448562.88,1448059,1448562.88,1447609,1448059,14.879999999888241,3839,1448562880	ID:1	[INFO: Metric    ] METRIC_RX type=REAL src=6 seq=142 send_ms=1447609 recv_ms=1448059 bytes=48
RX,DUMMY,,6,40,48,1448600.88,1448097,1448600.88,1447610,1448097,,3841,1448600880	ID:1	[INFO: Metric    ] METRIC_RX type=DUMMY src=6 seq=40 send_ms=1447610 recv_ms=1448097 bytes=48
TX,REAL,2,,145,48,1453208.0,1452345,1453208.0,,,,3843,1453208000	ID:2	[INFO: Metric    ] METRIC_TX type=REAL node=2 seq=145 bytes=48 time_ms=1452345
RX,REAL,,2,145,48,1453240.88,1452737,1453240.88,1452345,1452737,32.87999999988824,3844,1453240880	ID:1	[INFO: Metric    ] METRIC_RX type=REAL src=2 seq=145 send_ms=1452345 recv_ms=1452737 bytes=48
TX,REAL,4,,142,48,1454769.0,1454476,1454769.0,,,,3846,1454769000	ID:4	[INFO: Metric    ] METRIC_TX type=REAL node=4 seq=142 bytes=48 time_ms=1454476
RX,REAL,,4,142,48,1454811.168,1454308,1454811.168,1454476,1454308,42.16800000006333,3847,1454811168	ID:1	[INFO: Metric    ] METRIC_RX type=REAL src=4 seq=142 send_ms=1454476 recv_ms=1454308 bytes=48
TX,REAL,7,,145,48,1455381.0,1455062,1455381.0,,,,3849,1455381000	ID:7	[INFO: Metric    ] METRIC_TX type=REAL node=7 seq=145 bytes=48 time_ms=1455062
RX,REAL,,7,145,48,1455401.88,1454898,1455401.88,1455062,1454898,20.87999999988824,3850,1455401880	ID:1	[INFO: Metric    ] METRIC_RX type=REAL src=7 seq=145 send_ms=1455062 recv_ms=1454898 bytes=48
TX,REAL,3,,143,48,1456104.0,1455440,1456104.0,,,,3852,1456104000	ID:3	[INFO: Metric    ] METRIC_TX type=REAL node=3 seq=143 bytes=48 time_ms=1455440
TX,DUMMY,3,,47,48,1456105.0,1455441,1456105.0,,,,3853,1456105000	ID:3	[INFO: Metric    ] METRIC_TX type=DUMMY node=3 seq=47 bytes=48 time_ms=1455441
RX,REAL,,3,143,48,1456160.168,1455657,1456160.168,1455440,1455657,56.16800000006333,3854,1456160168	ID:1	[INFO: Metric    ] METRIC_RX type=REAL src=3 seq=143 send_ms=1455440 recv_ms=1455657 bytes=48
RX,DUMMY,,3,47,48,1456174.168,1455671,1456174.168,1455441,1455671,,3856,1456174168	ID:1	[INFO: Metric    ] METRIC_RX type=DUMMY src=3 seq=47 send_ms=1455441 recv_ms=1455671 bytes=48
TX,REAL,5,,144,48,1458516.0,1458179,1458516.0,,,,3859,1458516000	ID:5	[INFO: Metric    ] METRIC_TX type=REAL node=5 seq=144 bytes=48 time_ms=1458179
RX,REAL,,5,144,48,1458539.168,1458036,1458539.168,1458179,1458036,23.16800000006333,3860,1458539168	ID:1	[INFO: Metric    ] METRIC_RX type=REAL src=5 seq=144 send_ms=1458179 recv_ms=1458036 bytes=48
TX,REAL,6,,143,48,1459550.0,1458611,1459550.0,,,,3862,1459550000	ID:6	[INFO: Metric    ] METRIC_TX type=REAL node=6 seq=143 bytes=48 time_ms=1458611
RX,REAL,,6,143,48,1459587.88,1459084,1459587.88,1458611,1459084,37.87999999988824,3863,1459587880	ID:1	[INFO: Metric    ] METRIC_RX type=REAL src=6 seq=143 send_ms=1458611 recv_ms=1459084 bytes=48
TX,REAL,4,,143,48,1462770.0,1462477,1462770.0,,,,3865,1462770000	ID:4	[INFO: Metric    ] METRIC_TX type=REAL node=4 seq=143 bytes=48 time_ms=1462477
RX,REAL,,4,143,48,1462797.168,1462294,1462797.168,1462477,1462294,27.16800000006333,3866,1462797168	ID:1	[INFO: Metric    ] METRIC_RX type=REAL src=4 seq=143 send_ms=1462477 recv_ms=1462294 bytes=48
TX,REAL,2,,146,48,1464209.0,1463346,1464209.0,,,,3868,1464209000	ID:2	[INFO: Metric    ] METRIC_TX type=REAL node=2 seq=146 bytes=48 time_ms=1463346
RX,REAL,,2,146,48,1464241.88,1463738,1464241.88,1463346,1463738,32.87999999988824,3869,1464241880	ID:1	[INFO: Metric    ] METRIC_RX type=REAL src=2 seq=146 send_ms=1463346 recv_ms=1463738 bytes=48
TX,REAL,3,,144,48,1466106.0,1465442,1466106.0,,,,3871,1466106000	ID:3	[INFO: Metric    ] METRIC_TX type=REAL node=3 seq=144 bytes=48 time_ms=1465442
TX,DUMMY,3,,48,48,1466107.0,1465443,1466107.0,,,,3872,1466107000	ID:3	[INFO: Metric    ] METRIC_TX type=DUMMY node=3 seq=48 bytes=48 time_ms=1465443
RX,REAL,,3,144,48,1466162.168,1465659,1466162.168,1465442,1465659,56.16800000006333,3873,1466162168	ID:1	[INFO: Metric    ] METRIC_RX type=REAL src=3 seq=144 send_ms=1465442 recv_ms=1465659 bytes=48
RX,DUMMY,,3,48,48,1466185.168,1465682,1466185.168,1465443,1465682,,3874,1466185168	ID:1	[INFO: Metric    ] METRIC_RX type=DUMMY src=3 seq=48 send_ms=1465443 recv_ms=1465682 bytes=48
TX,REAL,7,,146,48,1467382.0,1467063,1467382.0,,,,3877,1467382000	ID:7	[INFO: Metric    ] METRIC_TX type=REAL node=7 seq=146 bytes=48 time_ms=1467063
RX,REAL,,7,146,48,1467390.88,1466887,1467390.88,1467063,1466887,8.879999999888241,3878,1467390880	ID:1	[INFO: Metric    ] METRIC_RX type=REAL src=7 seq=146 send_ms=1467063 recv_ms=1466887 bytes=48
TX,REAL,5,,145,48,1469517.0,1469180,1469517.0,,,,3880,1469517000	ID:5	[INFO: Metric    ] METRIC_TX type=REAL node=5 seq=145 bytes=48 time_ms=1469180
TX,DUMMY,5,,48,48,1469518.0,1469181,1469518.0,,,,3881,1469518000	ID:5	[INFO: Metric    ] METRIC_TX type=DUMMY node=5 seq=48 bytes=48 time_ms=1469181
RX,REAL,,5,145,48,1469670.168,1469167,1469670.168,1469180,1469167,153.16800000006333,3882,1469670168	ID:1	[INFO: Metric    ] METRIC_RX type=REAL src=5 seq=145 send_ms=1469180 recv_ms=1469167 bytes=48
RX,DUMMY,,5,48,48,1469683.168,1469180,1469683.168,1469181,1469180,,3883,1469683168	ID:1	[INFO: Metric    ] METRIC_RX type=DUMMY src=5 seq=48 send_ms=1469181 recv_ms=1469180 bytes=48
TX,REAL,6,,144,48,1470551.0,1469612,1470551.0,,,,3887,1470551000	ID:6	[INFO: Metric    ] METRIC_TX type=REAL node=6 seq=144 bytes=48 time_ms=1469612
RX,REAL,,6,144,48,1470585.88,1470082,1470585.88,1469612,1470082,34.87999999988824,3888,1470585880	ID:1	[INFO: Metric    ] METRIC_RX type=REAL src=6 seq=144 send_ms=1469612 recv_ms=1470082 bytes=48
TX,REAL,4,,144,48,1471771.0,1471478,1471771.0,,,,3890,1471771000	ID:4	[INFO: Metric    ] METRIC_TX type=REAL node=4 seq=144 bytes=48 time_ms=1471478
TX,DUMMY,4,,51,48,1471772.0,1471479,1471772.0,,,,3891,1471772000	ID:4	[INFO: Metric    ] METRIC_TX type=DUMMY node=4 seq=51 bytes=48 time_ms=1471479
RX,REAL,,4,144,48,1471851.168,1471348,1471851.168,1471478,1471348,80.16800000006333,3892,1471851168	ID:1	[INFO: Metric    ] METRIC_RX type=REAL src=4 seq=144 send_ms=1471478 recv_ms=1471348 bytes=48
RX,DUMMY,,4,51,48,1471884.168,1471381,1471884.168,1471479,1471381,,3893,1471884168	ID:1	[INFO: Metric    ] METRIC_RX type=DUMMY src=4 seq=51 send_ms=1471479 recv_ms=1471381 bytes=48
TX,REAL,2,,147,48,1472210.0,1471347,1472210.0,,,,3896,1472210000	ID:2	[INFO: Metric    ] METRIC_TX type=REAL node=2 seq=147 bytes=48 time_ms=1471347
RX,REAL,,2,147,48,1472237.88,1471734,1472237.88,1471347,1471734,27.87999999988824,3897,1472237880	ID:1	[INFO: Metric    ] METRIC_RX type=REAL src=2 seq=147 send_ms=1471347 recv_ms=1471734 bytes=48
TX,REAL,3,,145,48,1477108.0,1476444,1477108.0,,,,3899,1477108000	ID:3	[INFO: Metric    ] METRIC_TX type=REAL node=3 seq=145 bytes=48 time_ms=1476444
TX,DUMMY,3,,49,48,1477109.0,1476445,1477109.0,,,,3900,1477109000	ID:3	[INFO: Metric    ] METRIC_TX type=DUMMY node=3 seq=49 bytes=48 time_ms=1476445
RX,REAL,,3,145,48,1477177.304,1476674,1477177.304,1476444,1476674,69.30400000000373,3901,1477177304	ID:1	[INFO: Metric    ] METRIC_RX type=REAL src=3 seq=145 send_ms=1476444 recv_ms=1476674 bytes=48
RX,DUMMY,,3,49,48,1477220.168,1476717,1477220.168,1476445,1476717,,3902,1477220168	ID:1	[INFO: Metric    ] METRIC_RX type=DUMMY src=3 seq=49 send_ms=1476445 recv_ms=1476717 bytes=48
TX,REAL,7,,147,48,1477383.0,1477064,1477383.0,,,,3905,1477383000	ID:7	[INFO: Metric    ] METRIC_TX type=REAL node=7 seq=147 bytes=48 time_ms=1477064
RX,REAL,,7,147,48,1477407.88,1476904,1477407.88,1477064,1476904,24.87999999988824,3906,1477407880	ID:1	[INFO: Metric    ] METRIC_RX type=REAL src=7 seq=147 send_ms=1477064 recv_ms=1476904 bytes=48
TX,REAL,6,,145,48,1478552.0,1477613,1478552.0,,,,3908,1478552000	ID:6	[INFO: Metric    ] METRIC_TX type=REAL node=6 seq=145 bytes=48 time_ms=1477613
RX,REAL,,6,145,48,1478564.88,1478061,1478564.88,1477613,1478061,12.879999999888241,3909,1478564880	ID:1	[INFO: Metric    ] METRIC_RX type=REAL src=6 seq=145 send_ms=1477613 recv_ms=1478061 bytes=48
TX,REAL,4,,145,48,1479773.0,1479480,1479773.0,,,,3911,1479773000	ID:4	[INFO: Metric    ] METRIC_TX type=REAL node=4 seq=145 bytes=48 time_ms=1479480
TX,DUMMY,4,,52,48,1479774.0,1479481,1479774.0,,,,3912,1479774000	ID:4	[INFO: Metric    ] METRIC_TX type=DUMMY node=4 seq=52 bytes=48 time_ms=1479481
RX,REAL,,4,145,48,1479816.168,1479313,1479816.168,1479480,1479313,43.16800000006333,3913,1479816168	ID:1	[INFO: Metric    ] METRIC_RX type=REAL src=4 seq=145 send_ms=1479480 recv_ms=1479313 bytes=48
RX,DUMMY,,4,52,48,1479889.168,1479386,1479889.168,1479481,1479386,,3914,1479889168	ID:1	[INFO: Metric    ] METRIC_RX type=DUMMY src=4 seq=52 send_ms=1479481 recv_ms=1479386 bytes=48
TX,REAL,5,,146,48,1481519.0,1481182,1481519.0,,,,3918,1481519000	ID:5	[INFO: Metric    ] METRIC_TX type=REAL node=5 seq=146 bytes=48 time_ms=1481182
RX,REAL,,5,146,48,1481591.168,1481088,1481591.168,1481182,1481088,72.16800000006333,3919,1481591168	ID:1	[INFO: Metric    ] METRIC_RX type=REAL src=5 seq=146 send_ms=1481182 recv_ms=1481088 bytes=48
TX,REAL,2,,148,48,1482211.0,1481348,1482211.0,,,,3921,1482211000	ID:2	[INFO: Metric    ] METRIC_TX type=REAL node=2 seq=148 bytes=48 time_ms=1481348
TX,DUMMY,2,,50,48,1482212.0,1481349,1482212.0,,,,3922,1482212000	ID:2	[INFO: Metric    ] METRIC_TX type=DUMMY node=2 seq=50 bytes=48 time_ms=1481349
RX,REAL,,2,148,48,1482241.88,1481738,1482241.88,1481348,1481738,30.87999999988824,3923,1482241880	ID:1	[INFO: Metric    ] METRIC_RX type=REAL src=2 seq=148 send_ms=1481348 recv_ms=1481738 bytes=48
RX,DUMMY,,2,50,48,1482272.88,1481769,1482272.88,1481349,1481769,,3924,1482272880	ID:1	[INFO: Metric    ] METRIC_RX type=DUMMY src=2 seq=50 send_ms=1481349 recv_ms=1481769 bytes=48
TX,REAL,3,,146,48,1485110.0,1484446,1485110.0,,,,3927,1485110000	ID:3	[INFO: Metric    ] METRIC_TX type=REAL node=3 seq=146 bytes=48 time_ms=1484446
TX,DUMMY,3,,50,48,1485111.0,1484447,1485111.0,,,,3928,1485111000	ID:3	[INFO: Metric    ] METRIC_TX type=DUMMY node=3 seq=50 bytes=48 time_ms=1484447
RX,REAL,,3,146,48,1485162.168,1484659,1485162.168,1484446,1484659,52.16800000006333,3929,1485162168	ID:1	[INFO: Metric    ] METRIC_RX type=REAL src=3 seq=146 send_ms=1484446 recv_ms=1484659 bytes=48
RX,DUMMY,,3,50,48,1485206.168,1484703,1485206.168,1484447,1484703,,3930,1485206168	ID:1	[INFO: Metric    ] METRIC_RX type=DUMMY src=3 seq=50 send_ms=1484447 recv_ms=1484703 bytes=48
TX,REAL,6,,146,48,1487553.0,1486614,1487553.0,,,,3933,1487553000	ID:6	[INFO: Metric    ] METRIC_TX type=REAL node=6 seq=146 bytes=48 time_ms=1486614
RX,REAL,,6,146,48,1487562.88,1487059,1487562.88,1486614,1487059,9.879999999888241,3934,1487562880	ID:1	[INFO: Metric    ] METRIC_RX type=REAL src=6 seq=146 send_ms=1486614 recv_ms=1487059 bytes=48
TX,REAL,7,,148,48,1488384.0,1488065,1488384.0,,,,3936,1488384000	ID:7	[INFO: Metric    ] METRIC_TX type=REAL node=7 seq=148 bytes=48 time_ms=1488065
TX,DUMMY,7,,57,48,1488385.0,1488066,1488385.0,,,,3937,1488385000	ID:7	[INFO: Metric    ] METRIC_TX type=DUMMY node=7 seq=57 bytes=48 time_ms=1488066
RX,REAL,,7,148,48,1488424.88,1487921,1488424.88,1488065,1487921,40.87999999988824,3938,1488424880	ID:1	[INFO: Metric    ] METRIC_RX type=REAL src=7 seq=148 send_ms=1488065 recv_ms=1487921 bytes=48
RX,DUMMY,,7,57,48,1488453.88,1487950,1488453.88,1488066,1487950,,3940,1488453880	ID:1	[INFO: Metric    ] METRIC_RX type=DUMMY src=7 seq=57 send_ms=1488066 recv_ms=1487950 bytes=48
TX,REAL,5,,147,48,1490520.0,1490183,1490520.0,,,,3942,1490520000	ID:5	[INFO: Metric    ] METRIC_TX type=REAL node=5 seq=147 bytes=48 time_ms=1490183
RX,REAL,,5,147,48,1490574.168,1490071,1490574.168,1490183,1490071,54.16800000006333,3943,1490574168	ID:1	[INFO: Metric    ] METRIC_RX type=REAL src=5 seq=147 send_ms=1490183 recv_ms=1490071 bytes=48
TX,REAL,2,,149,48,1491213.0,1490350,1491213.0,,,,3945,1491213000	ID:2	[INFO: Metric    ] METRIC_TX type=REAL node=2 seq=149 bytes=48 time_ms=1490350
RX,REAL,,2,149,48,1491226.88,1490723,1491226.88,1490350,1490723,13.879999999888241,3946,1491226880	ID:1	[INFO: Metric    ] METRIC_RX type=REAL src=2 seq=149 send_ms=1490350 recv_ms=1490723 bytes=48
TX,REAL,4,,146,48,1491775.0,1491482,1491775.0,,,,3949,1491775000	ID:4	[INFO: Metric    ] METRIC_TX type=REAL node=4 seq=146 bytes=48 time_ms=1491482
TX,DUMMY,4,,53,48,1491776.0,1491483,1491776.0,,,,3950,1491776000	ID:4	[INFO: Metric    ] METRIC_TX type=DUMMY node=4 seq=53 bytes=48 time_ms=1491483
RX,REAL,,4,146,48,1491816.168,1491313,1491816.168,1491482,1491313,41.16800000006333,3951,1491816168	ID:1	[INFO: Metric    ] METRIC_RX type=REAL src=4 seq=146 send_ms=1491482 recv_ms=1491313 bytes=48
RX,DUMMY,,4,53,48,1491867.168,1491364,1491867.168,1491483,1491364,,3952,1491867168	ID:1	[INFO: Metric    ] METRIC_RX type=DUMMY src=4 seq=53 send_ms=1491483 recv_ms=1491364 bytes=48
TX,REAL,3,,147,48,1495112.0,1494448,1495112.0,,,,3955,1495112000	ID:3	[INFO: Metric    ] METRIC_TX type=REAL node=3 seq=147 bytes=48 time_ms=1494448
RX,REAL,,3,147,48,1495149.168,1494646,1495149.168,1494448,1494646,37.16800000006333,3956,1495149168	ID:1	[INFO: Metric    ] METRIC_RX type=REAL src=3 seq=147 send_ms=1494448 recv_ms=1494646 bytes=48
TX,REAL,6,,147,48,1497554.0,1496615,1497554.0,,,,3958,1497554000	ID:6	[INFO: Metric    ] METRIC_TX type=REAL node=6 seq=147 bytes=48 time_ms=1496615
RX,REAL,,6,147,48,1497598.88,1497095,1497598.88,1496615,1497095,44.87999999988824,3959,1497598880	ID:1	[INFO: Metric    ] METRIC_RX type=REAL src=6 seq=147 send_ms=1496615 recv_ms=1497095 bytes=48
TX,REAL,7,,149,48,1499386.0,1499067,1499386.0,,,,3961,1499386000	ID:7	[INFO: Metric    ] METRIC_TX type=REAL node=7 seq=149 bytes=48 time_ms=1499067
RX,REAL,,7,149,48,1499425.88,1498922,1499425.88,1499067,1498922,39.87999999988824,3962,1499425880	ID:1	[INFO: Metric    ] METRIC_RX type=REAL src=7 seq=149 send_ms=1499067 recv_ms=1498922 bytes=48
TX,REAL,5,,148,48,1499521.0,1499184,1499521.0,,,,3964,1499521000	ID:5	[INFO: Metric    ] METRIC_TX type=REAL node=5 seq=148 bytes=48 time_ms=1499184
TX,DUMMY,5,,49,48,1499522.0,1499185,1499522.0,,,,3965,1499522000	ID:5	[INFO: Metric    ] METRIC_TX type=DUMMY node=5 seq=49 bytes=48 time_ms=1499185
RX,REAL,,5,148,48,1499583.168,1499080,1499583.168,1499184,1499080,62.16800000006333,3966,1499583168	ID:1	[INFO: Metric    ] METRIC_RX type=REAL src=5 seq=148 send_ms=1499184 recv_ms=1499080 bytes=48
RX,DUMMY,,5,49,48,1499648.168,1499145,1499648.168,1499185,1499145,,3967,1499648168	ID:1	[INFO: Metric    ] METRIC_RX type=DUMMY src=5 seq=49 send_ms=1499185 recv_ms=1499145 bytes=48
TX,REAL,2,,150,48,1500214.0,1499351,1500214.0,,,,3972,1500214000	ID:2	[INFO: Metric    ] METRIC_TX type=REAL node=2 seq=150 bytes=48 time_ms=1499351
RX,REAL,,2,150,48,1500224.88,1499721,1500224.88,1499351,1499721,10.879999999888241,3973,1500224880	ID:1	[INFO: Metric    ] METRIC_RX type=REAL src=2 seq=150 send_ms=1499351 recv_ms=1499721 bytes=48
TX,REAL,4,,147,48,1501777.0,1501484,1501777.0,,,,3975,1501777000	ID:4	[INFO: Metric    ] METRIC_TX type=REAL node=4 seq=147 bytes=48 time_ms=1501484
RX,REAL,,4,147,48,1501832.168,1501329,1501832.168,1501484,1501329,55.16800000006333,3976,1501832168	ID:1	[INFO: Metric    ] METRIC_RX type=REAL src=4 seq=147 send_ms=1501484 recv_ms=1501329 bytes=48
TX,REAL,3,,148,48,1503113.0,1502449,1503113.0,,,,3978,1503113000	ID:3	[INFO: Metric    ] METRIC_TX type=REAL node=3 seq=148 bytes=48 time_ms=1502449
RX,REAL,,3,148,48,1503189.168,1502686,1503189.168,1502449,1502686,76.16800000006333,3979,1503189168	ID:1	[INFO: Metric    ] METRIC_RX type=REAL src=3 seq=148 send_ms=1502449 recv_ms=1502686 bytes=48
TX,REAL,6,,148,48,1506555.0,1505616,1506555.0,,,,3982,1506555000	ID:6	[INFO: Metric    ] METRIC_TX type=REAL node=6 seq=148 bytes=48 time_ms=1505616
RX,REAL,,6,148,48,1506585.88,1506082,1506585.88,1505616,1506082,30.87999999988824,3983,1506585880	ID:1	[INFO: Metric    ] METRIC_RX type=REAL src=6 seq=148 send_ms=1505616 recv_ms=1506082 bytes=48
TX,REAL,5,,149,48,1508523.0,1508186,1508523.0,,,,3985,1508523000	ID:5	[INFO: Metric    ] METRIC_TX type=REAL node=5 seq=149 bytes=48 time_ms=1508186
RX,REAL,,5,149,48,1508564.168,1508061,1508564.168,1508186,1508061,41.16800000006333,3986,1508564168	ID:1	[INFO: Metric    ] METRIC_RX type=REAL src=5 seq=149 send_ms=1508186 recv_ms=1508061 bytes=48
TX,REAL,2,,151,48,1511215.0,1510352,1511215.0,,,,3988,1511215000	ID:2	[INFO: Metric    ] METRIC_TX type=REAL node=2 seq=151 bytes=48 time_ms=1510352
RX,REAL,,2,151,48,1511255.88,1510752,1511255.88,1510352,1510752,40.87999999988824,3989,1511255880	ID:1	[INFO: Metric    ] METRIC_RX type=REAL src=2 seq=151 send_ms=1510352 recv_ms=1510752 bytes=48
TX,REAL,7,,150,48,1511387.0,1511068,1511387.0,,,,3993,1511387000	ID:7	[INFO: Metric    ] METRIC_TX type=REAL node=7 seq=150 bytes=48 time_ms=1511068
TX,DUMMY,7,,58,48,1511388.0,1511069,1511388.0,,,,3994,1511388000	ID:7	[INFO: Metric    ] METRIC_TX type=DUMMY node=7 seq=58 bytes=48 time_ms=1511069
RX,REAL,,7,150,48,1511400.88,1510897,1511400.88,1511068,1510897,13.879999999888241,3995,1511400880	ID:1	[INFO: Metric    ] METRIC_RX type=REAL src=7 seq=150 send_ms=1511068 recv_ms=1510897 bytes=48
RX,DUMMY,,7,58,48,1511430.88,1510927,1511430.88,1511069,1510927,,3996,1511430880	ID:1	[INFO: Metric    ] METRIC_RX type=DUMMY src=7 seq=58 send_ms=1511069 recv_ms=1510927 bytes=48
TX,REAL,3,,149,48,1512114.0,1511450,1512114.0,,,,3999,1512114000	ID:3	[INFO: Metric    ] METRIC_TX type=REAL node=3 seq=149 bytes=48 time_ms=1511450
RX,REAL,,3,149,48,1512155.168,1511652,1512155.168,1511450,1511652,41.16800000006333,4000,1512155168	ID:1	[INFO: Metric    ] METRIC_RX type=REAL src=3 seq=149 send_ms=1511450 recv_ms=1511652 bytes=48
TX,REAL,4,,148,48,1512778.0,1512485,1512778.0,,,,4002,1512778000	ID:4	[INFO: Metric    ] METRIC_TX type=REAL node=4 seq=148 bytes=48 time_ms=1512485
RX,REAL,,4,148,48,1512838.168,1512335,1512838.168,1512485,1512335,60.16800000006333,4003,1512838168	ID:1	[INFO: Metric    ] METRIC_RX type=REAL src=4 seq=148 send_ms=1512485 recv_ms=1512335 bytes=48
TX,REAL,6,,149,48,1514556.0,1513617,1514556.0,,,,4005,1514556000	ID:6	[INFO: Metric    ] METRIC_TX type=REAL node=6 seq=149 bytes=48 time_ms=1513617
RX,REAL,,6,149,48,1514561.88,1514058,1514561.88,1513617,1514058,5.879999999888241,4006,1514561880	ID:1	[INFO: Metric    ] METRIC_RX type=REAL src=6 seq=149 send_ms=1513617 recv_ms=1514058 bytes=48
TX,REAL,5,,150,48,1519524.0,1519187,1519524.0,,,,4010,1519524000	ID:5	[INFO: Metric    ] METRIC_TX type=REAL node=5 seq=150 bytes=48 time_ms=1519187
TX,DUMMY,5,,50,48,1519525.0,1519188,1519525.0,,,,4011,1519525000	ID:5	[INFO: Metric    ] METRIC_TX type=DUMMY node=5 seq=50 bytes=48 time_ms=1519188
RX,REAL,,5,150,48,1519595.168,1519092,1519595.168,1519187,1519092,71.16800000006333,4012,1519595168	ID:1	[INFO: Metric    ] METRIC_RX type=REAL src=5 seq=150 send_ms=1519187 recv_ms=1519092 bytes=48
RX,DUMMY,,5,50,48,1519617.168,1519114,1519617.168,1519188,1519114,,4013,1519617168	ID:1	[INFO: Metric    ] METRIC_RX type=DUMMY src=5 seq=50 send_ms=1519188 recv_ms=1519114 bytes=48
TX,REAL,4,,149,48,1521779.0,1521486,1521779.0,,,,4017,1521779000	ID:4	[INFO: Metric    ] METRIC_TX type=REAL node=4 seq=149 bytes=48 time_ms=1521486
RX,REAL,,4,149,48,1521837.168,1521334,1521837.168,1521486,1521334,58.16800000006333,4018,1521837168	ID:1	[INFO: Metric    ] METRIC_RX type=REAL src=4 seq=149 send_ms=1521486 recv_ms=1521334 bytes=48
TX,REAL,2,,152,48,1522216.0,1521353,1522216.0,,,,4020,1522216000	ID:2	[INFO: Metric    ] METRIC_TX type=REAL node=2 seq=152 bytes=48 time_ms=1521353
TX,DUMMY,2,,51,48,1522217.0,1521354,1522217.0,,,,4021,1522217000	ID:2	[INFO: Metric    ] METRIC_TX type=DUMMY node=2 seq=51 bytes=48 time_ms=1521354
RX,REAL,,2,152,48,1522255.88,1521752,1522255.88,1521353,1521752,39.87999999988824,4022,1522255880	ID:1	[INFO: Metric    ] METRIC_RX type=REAL src=2 seq=152 send_ms=1521353 recv_ms=1521752 bytes=48
RX,DUMMY,,2,51,48,1522290.88,1521787,1522290.88,1521354,1521787,,4023,1522290880	ID:1	[INFO: Metric    ] METRIC_RX type=DUMMY src=2 seq=51 send_ms=1521354 recv_ms=1521787 bytes=48
TX,REAL,3,,150,48,1523115.0,1522451,1523115.0,,,,4028,1523115000	ID:3	[INFO: Metric    ] METRIC_TX type=REAL node=3 seq=150 bytes=48 time_ms=1522451
TX,DUMMY,3,,51,48,1523116.0,1522452,1523116.0,,,,4029,1523116000	ID:3	[INFO: Metric    ] METRIC_TX type=DUMMY node=3 seq=51 bytes=48 time_ms=1522452
RX,REAL,,3,150,48,1523269.168,1522766,1523269.168,1522451,1522766,154.16800000006333,4030,1523269168	ID:1	[INFO: Metric    ] METRIC_RX type=REAL src=3 seq=150 send_ms=1522451 recv_ms=1522766 bytes=48
RX,DUMMY,,3,51,48,1523302.168,1522799,1523302.168,1522452,1522799,,4031,1523302168	ID:1	[INFO: Metric    ] METRIC_RX type=DUMMY src=3 seq=51 send_ms=1522452 recv_ms=1522799 bytes=48
TX,REAL,7,,151,48,1523389.0,1523070,1523389.0,,,,4034,1523389000	ID:7	[INFO: Metric    ] METRIC_TX type=REAL node=7 seq=151 bytes=48 time_ms=1523070
RX,REAL,,7,151,48,1523425.88,1522922,1523425.88,1523070,1522922,36.87999999988824,4035,1523425880	ID:1	[INFO: Metric    ] METRIC_RX type=REAL src=7 seq=151 send_ms=1523070 recv_ms=1522922 bytes=48
TX,REAL,6,,150,48,1523557.0,1522618,1523557.0,,,,4039,1523557000	ID:6	[INFO: Metric    ] METRIC_TX type=REAL node=6 seq=150 bytes=48 time_ms=1522618
RX,REAL,,6,150,48,1523596.88,1523093,1523596.88,1522618,1523093,39.87999999988824,4040,1523596880	ID:1	[INFO: Metric    ] METRIC_RX type=REAL src=6 seq=150 send_ms=1522618 recv_ms=1523093 bytes=48
TX,REAL,5,,151,48,1528526.0,1528189,1528526.0,,,,4042,1528526000	ID:5	[INFO: Metric    ] METRIC_TX type=REAL node=5 seq=151 bytes=48 time_ms=1528189
RX,REAL,,5,151,48,1528589.168,1528086,1528589.168,1528189,1528086,63.16800000006333,4043,1528589168	ID:1	[INFO: Metric    ] METRIC_RX type=REAL src=5 seq=151 send_ms=1528189 recv_ms=1528086 bytes=48
TX,REAL,4,,150,48,1529780.0,1529487,1529780.0,,,,4047,1529780000	ID:4	[INFO: Metric    ] METRIC_TX type=REAL node=4 seq=150 bytes=48 time_ms=1529487
RX,REAL,,4,150,48,1529834.168,1529331,1529834.168,1529487,1529331,54.16800000006333,4048,1529834168	ID:1	[INFO: Metric    ] METRIC_RX type=REAL src=4 seq=150 send_ms=1529487 recv_ms=1529331 bytes=48
TX,REAL,2,,153,48,1530218.0,1529355,1530218.0,,,,4050,1530218000	ID:2	[INFO: Metric    ] METRIC_TX type=REAL node=2 seq=153 bytes=48 time_ms=1529355
RX,REAL,,2,153,48,1530250.88,1529747,1530250.88,1529355,1529747,32.87999999988824,4051,1530250880	ID:1	[INFO: Metric    ] METRIC_RX type=REAL src=2 seq=153 send_ms=1529355 recv_ms=1529747 bytes=48
TX,REAL,7,,152,48,1531390.0,1531071,1531390.0,,,,4054,1531390000	ID:7	[INFO: Metric    ] METRIC_TX type=REAL node=7 seq=152 bytes=48 time_ms=1531071
RX,REAL,,7,152,48,1531406.88,1530903,1531406.88,1531071,1530903,16.87999999988824,4055,1531406880	ID:1	[INFO: Metric    ] METRIC_RX type=REAL src=7 seq=152 send_ms=1531071 recv_ms=1530903 bytes=48
TX,REAL,6,,151,48,1533558.0,1532619,1533558.0,,,,4057,1533558000	ID:6	[INFO: Metric    ] METRIC_TX type=REAL node=6 seq=151 bytes=48 time_ms=1532619
RX,REAL,,6,151,48,1533572.88,1533069,1533572.88,1532619,1533069,14.879999999888241,4058,1533572880	ID:1	[INFO: Metric    ] METRIC_RX type=REAL src=6 seq=151 send_ms=1532619 recv_ms=1533069 bytes=48
TX,REAL,3,,151,48,1534117.0,1533453,1534117.0,,,,4060,1534117000	ID:3	[INFO: Metric    ] METRIC_TX type=REAL node=3 seq=151 bytes=48 time_ms=1533453
RX,REAL,,3,151,48,1534167.168,1533664,1534167.168,1533453,1533664,50.16800000006333,4061,1534167168	ID:1	[INFO: Metric    ] METRIC_RX type=REAL src=3 seq=151 send_ms=1533453 recv_ms=1533664 bytes=48
TX,REAL,4,,151,48,1538781.0,1538488,1538781.0,,,,4063,1538781000	ID:4	[INFO: Metric    ] METRIC_TX type=REAL node=4 seq=151 bytes=48 time_ms=1538488
TX,DUMMY,4,,54,48,1538782.0,1538489,1538782.0,,,,4064,1538782000	ID:4	[INFO: Metric    ] METRIC_TX type=DUMMY node=4 seq=54 bytes=48 time_ms=1538489
RX,REAL,,4,151,48,1538836.168,1538333,1538836.168,1538488,1538333,55.16800000006333,4065,1538836168	ID:1	[INFO: Metric    ] METRIC_RX type=REAL src=4 seq=151 send_ms=1538488 recv_ms=1538333 bytes=48
RX,DUMMY,,4,54,48,1538872.168,1538369,1538872.168,1538489,1538369,,4066,1538872168	ID:1	[INFO: Metric    ] METRIC_RX type=DUMMY src=4 seq=54 send_ms=1538489 recv_ms=1538369 bytes=48
TX,REAL,2,,154,48,1540219.0,1539356,1540219.0,,,,4069,1540219000	ID:2	[INFO: Metric    ] METRIC_TX type=REAL node=2 seq=154 bytes=48 time_ms=1539356
RX,REAL,,2,154,48,1540241.88,1539738,1540241.88,1539356,1539738,22.87999999988824,4070,1540241880	ID:1	[INFO: Metric    ] METRIC_RX type=REAL src=2 seq=154 send_ms=1539356 recv_ms=1539738 bytes=48
TX,REAL,5,,152,48,1540527.0,1540190,1540527.0,,,,4072,1540527000	ID:5	[INFO: Metric    ] METRIC_TX type=REAL node=5 seq=152 bytes=48 time_ms=1540190
RX,REAL,,5,152,48,1540593.168,1540090,1540593.168,1540190,1540090,66.16800000006333,4073,1540593168	ID:1	[INFO: Metric    ] METRIC_RX type=REAL src=5 seq=152 send_ms=1540190 recv_ms=1540090 bytes=48
TX,REAL,3,,152,48,1542118.0,1541454,1542118.0,,,,4075,1542118000	ID:3	[INFO: Metric    ] METRIC_TX type=REAL node=3 seq=152 bytes=48 time_ms=1541454
TX,DUMMY,3,,52,48,1542119.0,1541455,1542119.0,,,,4076,1542119000	ID:3	[INFO: Metric    ] METRIC_TX type=DUMMY node=3 seq=52 bytes=48 time_ms=1541455
RX,REAL,,3,152,48,1542223.168,1541720,1542223.168,1541454,1541720,105.16800000006333,4077,1542223168	ID:1	[INFO: Metric    ] METRIC_RX type=REAL src=3 seq=152 send_ms=1541454 recv_ms=1541720 bytes=48
RX,DUMMY,,3,52,48,1542289.592,1541786,1542289.592,1541455,1541786,,4079,1542289592	ID:1	[INFO: Metric    ] METRIC_RX type=DUMMY src=3 seq=52 send_ms=1541455 recv_ms=1541786 bytes=48
TX,REAL,7,,153,48,1543391.0,1543072,1543391.0,,,,4081,1543391000	ID:7	[INFO: Metric    ] METRIC_TX type=REAL node=7 seq=153 bytes=48 time_ms=1543072
TX,DUMMY,7,,59,48,1543392.0,1543073,1543392.0,,,,4082,1543392000	ID:7	[INFO: Metric    ] METRIC_TX type=DUMMY node=7 seq=59 bytes=48 time_ms=1543073
RX,REAL,,7,153,48,1543417.88,1542914,1543417.88,1543072,1542914,26.87999999988824,4083,1543417880	ID:1	[INFO: Metric    ] METRIC_RX type=REAL src=7 seq=153 send_ms=1543072 recv_ms=1542914 bytes=48
RX,DUMMY,,7,59,48,1543438.88,1542935,1543438.88,1543073,1542935,,4085,1543438880	ID:1	[INFO: Metric    ] METRIC_RX type=DUMMY src=7 seq=59 send_ms=1543073 recv_ms=1542935 bytes=48
TX,REAL,6,,152,48,1544559.0,1543620,1544559.0,,,,4088,1544559000	ID:6	[INFO: Metric    ] METRIC_TX type=REAL node=6 seq=152 bytes=48 time_ms=1543620
RX,REAL,,6,152,48,1544587.88,1544084,1544587.88,1543620,1544084,28.87999999988824,4089,1544587880	ID:1	[INFO: Metric    ] METRIC_RX type=REAL src=6 seq=152 send_ms=1543620 recv_ms=1544084 bytes=48
TX,REAL,4,,152,48,1546783.0,1546490,1546783.0,,,,4091,1546783000	ID:4	[INFO: Metric    ] METRIC_TX type=REAL node=4 seq=152 bytes=48 time_ms=1546490
TX,DUMMY,4,,55,48,1546784.0,1546491,1546784.0,,,,4092,1546784000	ID:4	[INFO: Metric    ] METRIC_TX type=DUMMY node=4 seq=55 bytes=48 time_ms=1546491
RX,REAL,,4,152,48,1546818.168,1546315,1546818.168,1546490,1546315,35.16800000006333,4093,1546818168	ID:1	[INFO: Metric    ] METRIC_RX type=REAL src=4 seq=152 send_ms=1546490 recv_ms=1546315 bytes=48
RX,DUMMY,,4,55,48,1546855.168,1546352,1546855.168,1546491,1546352,,4094,1546855168	ID:1	[INFO: Metric    ] METRIC_RX type=DUMMY src=4 seq=55 send_ms=1546491 recv_ms=1546352 bytes=48
TX,REAL,2,,155,48,1548220.0,1547357,1548220.0,,,,4097,1548220000	ID:2	[INFO: Metric    ] METRIC_TX type=REAL node=2 seq=155 bytes=48 time_ms=1547357
RX,REAL,,2,155,48,1548225.88,1547722,1548225.88,1547357,1547722,5.879999999888241,4098,1548225880	ID:1	[INFO: Metric    ] METRIC_RX type=REAL src=2 seq=155 send_ms=1547357 recv_ms=1547722 bytes=48
TX,REAL,5,,153,48,1548528.0,1548191,1548528.0,,,,4100,1548528000	ID:5	[INFO: Metric    ] METRIC_TX type=REAL node=5 seq=153 bytes=48 time_ms=1548191
TX,DUMMY,5,,51,48,1548529.0,1548192,1548529.0,,,,4101,1548529000	ID:5	[INFO: Metric    ] METRIC_TX type=DUMMY node=5 seq=51 bytes=48 time_ms=1548192
RX,REAL,,5,153,48,1548583.304,1548080,1548583.304,1548191,1548080,55.304000000003725,4102,1548583304	ID:1	[INFO: Metric    ] METRIC_RX type=REAL src=5 seq=153 send_ms=1548191 recv_ms=1548080 bytes=48
RX,DUMMY,,5,51,48,1548621.168,1548118,1548621.168,1548192,1548118,,4103,1548621168	ID:1	[INFO: Metric    ] METRIC_RX type=DUMMY src=5 seq=51 send_ms=1548192 recv_ms=1548118 bytes=48
TX,REAL,3,,153,48,1551120.0,1550456,1551120.0,,,,4106,1551120000	ID:3	[INFO: Metric    ] METRIC_TX type=REAL node=3 seq=153 bytes=48 time_ms=1550456
TX,DUMMY,3,,53,48,1551121.0,1550457,1551121.0,,,,4107,1551121000	ID:3	[INFO: Metric    ] METRIC_TX type=DUMMY node=3 seq=53 bytes=48 time_ms=1550457
RX,REAL,,3,153,48,1551168.168,1550665,1551168.168,1550456,1550665,48.16800000006333,4108,1551168168	ID:1	[INFO: Metric    ] METRIC_RX type=REAL src=3 seq=153 send_ms=1550456 recv_ms=1550665 bytes=48
RX,DUMMY,,3,53,48,1551230.168,1550727,1551230.168,1550457,1550727,,4110,1551230168	ID:1	[INFO: Metric    ] METRIC_RX type=DUMMY src=3 seq=53 send_ms=1550457 recv_ms=1550727 bytes=48
TX,REAL,7,,154,48,1551393.0,1551074,1551393.0,,,,4112,1551393000	ID:7	[INFO: Metric    ] METRIC_TX type=REAL node=7 seq=154 bytes=48 time_ms=1551074
TX,DUMMY,7,,60,48,1551394.0,1551075,1551394.0,,,,4113,1551394000	ID:7	[INFO: Metric    ] METRIC_TX type=DUMMY node=7 seq=60 bytes=48 time_ms=1551075
RX,REAL,,7,154,48,1551415.88,1550912,1551415.88,1551074,1550912,22.87999999988824,4114,1551415880	ID:1	[INFO: Metric    ] METRIC_RX type=REAL src=7 seq=154 send_ms=1551074 recv_ms=1550912 bytes=48
RX,DUMMY,,7,60,48,1551448.88,1550945,1551448.88,1551075,1550945,,4117,1551448880	ID:1	[INFO: Metric    ] METRIC_RX type=DUMMY src=7 seq=60 send_ms=1551075 recv_ms=1550945 bytes=48
TX,REAL,6,,153,48,1553560.0,1552621,1553560.0,,,,4119,1553560000	ID:6	[INFO: Metric    ] METRIC_TX type=REAL node=6 seq=153 bytes=48 time_ms=1552621
TX,DUMMY,6,,41,48,1553561.0,1552622,1553561.0,,,,4120,1553561000	ID:6	[INFO: Metric    ] METRIC_TX type=DUMMY node=6 seq=41 bytes=48 time_ms=1552622
RX,REAL,,6,153,48,1553583.88,1553080,1553583.88,1552621,1553080,23.87999999988824,4121,1553583880	ID:1	[INFO: Metric    ] METRIC_RX type=REAL src=6 seq=153 send_ms=1552621 recv_ms=1553080 bytes=48
RX,DUMMY,,6,41,48,1553601.88,1553098,1553601.88,1552622,1553098,,4123,1553601880	ID:1	[INFO: Metric    ] METRIC_RX type=DUMMY src=6 seq=41 send_ms=1552622 recv_ms=1553098 bytes=48
TX,REAL,4,,153,48,1557785.0,1557492,1557785.0,,,,4125,1557785000	ID:4	[INFO: Metric    ] METRIC_TX type=REAL node=4 seq=153 bytes=48 time_ms=1557492
RX,REAL,,4,153,48,1557838.168,1557335,1557838.168,1557492,1557335,53.16800000006333,4126,1557838168	ID:1	[INFO: Metric    ] METRIC_RX type=REAL src=4 seq=153 send_ms=1557492 recv_ms=1557335 bytes=48
TX,REAL,5,,154,48,1558530.0,1558193,1558530.0,,,,4128,1558530000	ID:5	[INFO: Metric    ] METRIC_TX type=REAL node=5 seq=154 bytes=48 time_ms=1558193
TX,DUMMY,5,,52,48,1558531.0,1558194,1558531.0,,,,4129,1558531000	ID:5	[INFO: Metric    ] METRIC_TX type=DUMMY node=5 seq=52 bytes=48 time_ms=1558194
RX,REAL,,5,154,48,1558596.304,1558093,1558596.304,1558193,1558093,66.30400000000373,4130,1558596304	ID:1	[INFO: Metric    ] METRIC_RX type=REAL src=5 seq=154 send_ms=1558193 recv_ms=1558093 bytes=48
RX,DUMMY,,5,52,48,1558616.168,1558113,1558616.168,1558194,1558113,,4131,1558616168	ID:1	[INFO: Metric    ] METRIC_RX type=DUMMY src=5 seq=52 send_ms=1558194 recv_ms=1558113 bytes=48
TX,REAL,2,,156,48,1559221.0,1558358,1559221.0,,,,4134,1559221000	ID:2	[INFO: Metric    ] METRIC_TX type=REAL node=2 seq=156 bytes=48 time_ms=1558358
RX,REAL,,2,156,48,1559237.88,1558734,1559237.88,1558358,1558734,16.87999999988824,4135,1559237880	ID:1	[INFO: Metric    ] METRIC_RX type=REAL src=2 seq=156 send_ms=1558358 recv_ms=1558734 bytes=48
TX,REAL,3,,154,48,1561122.0,1560458,1561122.0,,,,4137,1561122000	ID:3	[INFO: Metric    ] METRIC_TX type=REAL node=3 seq=154 bytes=48 time_ms=1560458
TX,DUMMY,3,,54,48,1561123.0,1560459,1561123.0,,,,4138,1561123000	ID:3	[INFO: Metric    ] METRIC_TX type=DUMMY node=3 seq=54 bytes=48 time_ms=1560459
RX,REAL,,3,154,48,1561208.168,1560705,1561208.168,1560458,1560705,86.16800000006333,4139,1561208168	ID:1	[INFO: Metric    ] METRIC_RX type=REAL src=3 seq=154 send_ms=1560458 recv_ms=1560705 bytes=48
RX,DUMMY,,3,54,48,1561224.304,1560721,1561224.304,1560459,1560721,,4140,1561224304	ID:1	[INFO: Metric    ] METRIC_RX type=DUMMY src=3 seq=54 send_ms=1560459 recv_ms=1560721 bytes=48
TX,REAL,7,,155,48,1562395.0,1562076,1562395.0,,,,4143,1562395000	ID:7	[INFO: Metric    ] METRIC_TX type=REAL node=7 seq=155 bytes=48 time_ms=1562076
RX,REAL,,7,155,48,1562438.88,1561935,1562438.88,1562076,1561935,43.87999999988824,4144,1562438880	ID:1	[INFO: Metric    ] METRIC_RX type=REAL src=7 seq=155 send_ms=1562076 recv_ms=1561935 bytes=48
TX,REAL,6,,154,48,1565562.0,1564623,1565562.0,,,,4147,1565562000	ID:6	[INFO: Metric    ] METRIC_TX type=REAL node=6 seq=154 bytes=48 time_ms=1564623
RX,REAL,,6,154,48,1565584.88,1565081,1565584.88,1564623,1565081,22.87999999988824,4148,1565584880	ID:1	[INFO: Metric    ] METRIC_RX type=REAL src=6 seq=154 send_ms=1564623 recv_ms=1565081 bytes=48
TX,REAL,5,,155,48,1567532.0,1567195,1567532.0,,,,4150,1567532000	ID:5	[INFO: Metric    ] METRIC_TX type=REAL node=5 seq=155 bytes=48 time_ms=1567195
RX,REAL,,5,155,48,1567574.304,1567071,1567574.304,1567195,1567071,42.304000000003725,4151,1567574304	ID:1	[INFO: Metric    ] METRIC_RX type=REAL src=5 seq=155 send_ms=1567195 recv_ms=1567071 bytes=48
TX,REAL,2,,157,48,1568222.0,1567359,1568222.0,,,,4153,1568222000	ID:2	[INFO: Metric    ] METRIC_TX type=REAL node=2 seq=157 bytes=48 time_ms=1567359
RX,REAL,,2,157,48,1568241.88,1567738,1568241.88,1567359,1567738,19.87999999988824,4154,1568241880	ID:1	[INFO: Metric    ] METRIC_RX type=REAL src=2 seq=157 send_ms=1567359 recv_ms=1567738 bytes=48
TX,REAL,4,,154,48,1568786.0,1568493,1568786.0,,,,4156,1568786000	ID:4	[INFO: Metric    ] METRIC_TX type=REAL node=4 seq=154 bytes=48 time_ms=1568493
RX,REAL,,4,154,48,1568863.168,1568360,1568863.168,1568493,1568360,77.16800000006333,4157,1568863168	ID:1	[INFO: Metric    ] METRIC_RX type=REAL src=4 seq=154 send_ms=1568493 recv_ms=1568360 bytes=48
TX,REAL,3,,155,48,1569124.0,1568460,1569124.0,,,,4159,1569124000	ID:3	[INFO: Metric    ] METRIC_TX type=REAL node=3 seq=155 bytes=48 time_ms=1568460
RX,REAL,,3,155,48,1569155.168,1568652,1569155.168,1568460,1568652,31.16800000006333,4160,1569155168	ID:1	[INFO: Metric    ] METRIC_RX type=REAL src=3 seq=155 send_ms=1568460 recv_ms=1568652 bytes=48
TX,REAL,7,,156,48,1573396.0,1573077,1573396.0,,,,4162,1573396000	ID:7	[INFO: Metric    ] METRIC_TX type=REAL node=7 seq=156 bytes=48 time_ms=1573077
TX,DUMMY,7,,61,48,1573397.0,1573078,1573397.0,,,,4163,1573397000	ID:7	[INFO: Metric    ] METRIC_TX type=DUMMY node=7 seq=61 bytes=48 time_ms=1573078
RX,REAL,,7,156,48,1573426.88,1572923,1573426.88,1573077,1572923,30.87999999988824,4164,1573426880	ID:1	[INFO: Metric    ] METRIC_RX type=REAL src=7 seq=156 send_ms=1573077 recv_ms=1572923 bytes=48
RX,DUMMY,,7,61,48,1573469.88,1572966,1573469.88,1573078,1572966,,4166,1573469880	ID:1	[INFO: Metric    ] METRIC_RX type=DUMMY src=7 seq=61 send_ms=1573078 recv_ms=1572966 bytes=48
TX,REAL,5,,156,48,1576533.0,1576196,1576533.0,,,,4168,1576533000	ID:5	[INFO: Metric    ] METRIC_TX type=REAL node=5 seq=156 bytes=48 time_ms=1576196
TX,REAL,6,,155,48,1576563.0,1575624,1576563.0,,,,4169,1576563000	ID:6	[INFO: Metric    ] METRIC_TX type=REAL node=6 seq=155 bytes=48 time_ms=1575624
RX,REAL,,6,155,48,1576568.88,1576065,1576568.88,1575624,1576065,5.879999999888241,4170,1576568880	ID:1	[INFO: Metric    ] METRIC_RX type=REAL src=6 seq=155 send_ms=1575624 recv_ms=1576065 bytes=48
RX,REAL,,5,156,48,1576607.168,1576104,1576607.168,1576196,1576104,74.16800000006333,4172,1576607168	ID:1	[INFO: Metric    ] METRIC_RX type=REAL src=5 seq=156 send_ms=1576196 recv_ms=1576104 bytes=48
TX,REAL,2,,158,48,1577223.0,1576360,1577223.0,,,,4174,1577223000	ID:2	[INFO: Metric    ] METRIC_TX type=REAL node=2 seq=158 bytes=48 time_ms=1576360
TX,DUMMY,2,,52,48,1577224.0,1576361,1577224.0,,,,4175,1577224000	ID:2	[INFO: Metric    ] METRIC_TX type=DUMMY node=2 seq=52 bytes=48 time_ms=1576361
RX,REAL,,2,158,48,1577259.88,1576756,1577259.88,1576360,1576756,36.87999999988824,4176,1577259880	ID:1	[INFO: Metric    ] METRIC_RX type=REAL src=2 seq=158 send_ms=1576360 recv_ms=1576756 bytes=48
RX,DUMMY,,2,52,48,1577266.88,1576763,1577266.88,1576361,1576763,,4178,1577266880	ID:1	[INFO: Metric    ] METRIC_RX type=DUMMY src=2 seq=52 send_ms=1576361 recv_ms=1576763 bytes=48
TX,REAL,3,,156,48,1579125.0,1578461,1579125.0,,,,4181,1579125000	ID:3	[INFO: Metric    ] METRIC_TX type=REAL node=3 seq=156 bytes=48 time_ms=1578461
RX,REAL,,3,156,48,1579183.168,1578680,1579183.168,1578461,1578680,58.16800000006333,4182,1579183168	ID:1	[INFO: Metric    ] METRIC_RX type=REAL src=3 seq=156 send_ms=1578461 recv_ms=1578680 bytes=48
TX,REAL,4,,155,48,1579787.0,1579494,1579787.0,,,,4184,1579787000	ID:4	[INFO: Metric    ] METRIC_TX type=REAL node=4 seq=155 bytes=48 time_ms=1579494
RX,REAL,,4,155,48,1579827.168,1579324,1579827.168,1579494,1579324,40.16800000006333,4185,1579827168	ID:1	[INFO: Metric    ] METRIC_RX type=REAL src=4 seq=155 send_ms=1579494 recv_ms=1579324 bytes=48
TX,REAL,7,,157,48,1581398.0,1581079,1581398.0,,,,4187,1581398000	ID:7	[INFO: Metric    ] METRIC_TX type=REAL node=7 seq=157 bytes=48 time_ms=1581079
TX,DUMMY,7,,62,48,1581399.0,1581080,1581399.0,,,,4188,1581399000	ID:7	[INFO: Metric    ] METRIC_TX type=DUMMY node=7 seq=62 bytes=48 time_ms=1581080
RX,REAL,,7,157,48,1581432.88,1580929,1581432.88,1581079,1580929,34.87999999988824,4189,1581432880	ID:1	[INFO: Metric    ] METRIC_RX type=REAL src=7 seq=157 send_ms=1581079 recv_ms=1580929 bytes=48
RX,DUMMY,,7,62,48,1581447.88,1580944,1581447.88,1581080,1580944,,4190,1581447880	ID:1	[INFO: Metric    ] METRIC_RX type=DUMMY src=7 seq=62 send_ms=1581080 recv_ms=1580944 bytes=48
TX,REAL,6,,156,48,1584564.0,1583625,1584564.0,,,,4193,1584564000	ID:6	[INFO: Metric    ] METRIC_TX type=REAL node=6 seq=156 bytes=48 time_ms=1583625
RX,REAL,,6,156,48,1584569.88,1584066,1584569.88,1583625,1584066,5.879999999888241,4194,1584569880	ID:1	[INFO: Metric    ] METRIC_RX type=REAL src=6 seq=156 send_ms=1583625 recv_ms=1584066 bytes=48
TX,REAL,2,,159,48,1587225.0,1586362,1587225.0,,,,4196,1587225000	ID:2	[INFO: Metric    ] METRIC_TX type=REAL node=2 seq=159 bytes=48 time_ms=1586362
RX,REAL,,2,159,48,1587251.88,1586748,1587251.88,1586362,1586748,26.87999999988824,4197,1587251880	ID:1	[INFO: Metric    ] METRIC_RX type=REAL src=2 seq=159 send_ms=1586362 recv_ms=1586748 bytes=48
TX,REAL,5,,157,48,1587534.0,1587197,1587534.0,,,,4199,1587534000	ID:5	[INFO: Metric    ] METRIC_TX type=REAL node=5 seq=157 bytes=48 time_ms=1587197
RX,REAL,,5,157,48,1587606.168,1587103,1587606.168,1587197,1587103,72.16800000006333,4200,1587606168	ID:1	[INFO: Metric    ] METRIC_RX type=REAL src=5 seq=157 send_ms=1587197 recv_ms=1587103 bytes=48
TX,REAL,3,,157,48,1588126.0,1587462,1588126.0,,,,4202,1588126000	ID:3	[INFO: Metric    ] METRIC_TX type=REAL node=3 seq=157 bytes=48 time_ms=1587462
TX,DUMMY,3,,55,48,1588127.0,1587463,1588127.0,,,,4203,1588127000	ID:3	[INFO: Metric    ] METRIC_TX type=DUMMY node=3 seq=55 bytes=48 time_ms=1587463
RX,REAL,,3,157,48,1588235.168,1587732,1588235.168,1587462,1587732,109.16800000006333,4204,1588235168	ID:1	[INFO: Metric    ] METRIC_RX type=REAL src=3 seq=157 send_ms=1587462 recv_ms=1587732 bytes=48
RX,DUMMY,,3,55,48,1588273.168,1587770,1588273.168,1587463,1587770,,4206,1588273168	ID:1	[INFO: Metric    ] METRIC_RX type=DUMMY src=3 seq=55 send_ms=1587463 recv_ms=1587770 bytes=48
TX,REAL,4,,156,48,1588788.0,1588495,1588788.0,,,,4209,1588788000	ID:4	[INFO: Metric    ] METRIC_TX type=REAL node=4 seq=156 bytes=48 time_ms=1588495
TX,DUMMY,4,,56,48,1588789.0,1588496,1588789.0,,,,4210,1588789000	ID:4	[INFO: Metric    ] METRIC_TX type=DUMMY node=4 seq=56 bytes=48 time_ms=1588496
RX,REAL,,4,156,48,1588842.168,1588339,1588842.168,1588495,1588339,54.16800000006333,4211,1588842168	ID:1	[INFO: Metric    ] METRIC_RX type=REAL src=4 seq=156 send_ms=1588495 recv_ms=1588339 bytes=48
RX,DUMMY,,4,56,48,1588873.168,1588370,1588873.168,1588496,1588370,,4212,1588873168	ID:1	[INFO: Metric    ] METRIC_RX type=DUMMY src=4 seq=56 send_ms=1588496 recv_ms=1588370 bytes=48
TX,REAL,7,,158,48,1591400.0,1591081,1591400.0,,,,4215,1591400000	ID:7	[INFO: Metric    ] METRIC_TX type=REAL node=7 seq=158 bytes=48 time_ms=1591081
RX,REAL,,7,158,48,1591425.88,1590922,1591425.88,1591081,1590922,25.87999999988824,4216,1591425880	ID:1	[INFO: Metric    ] METRIC_RX type=REAL src=7 seq=158 send_ms=1591081 recv_ms=1590922 bytes=48
TX,REAL,6,,157,48,1594565.0,1593626,1594565.0,,,,4218,1594565000	ID:6	[INFO: Metric    ] METRIC_TX type=REAL node=6 seq=157 bytes=48 time_ms=1593626
TX,DUMMY,6,,42,48,1594566.0,1593627,1594566.0,,,,4219,1594566000	ID:6	[INFO: Metric    ] METRIC_TX type=DUMMY node=6 seq=42 bytes=48 time_ms=1593627
RX,REAL,,6,157,48,1594579.88,1594076,1594579.88,1593626,1594076,14.879999999888241,4220,1594579880	ID:1	[INFO: Metric    ] METRIC_RX type=REAL src=6 seq=157 send_ms=1593626 recv_ms=1594076 bytes=48
RX,DUMMY,,6,42,48,1594592.88,1594089,1594592.88,1593627,1594089,,4221,1594592880	ID:1	[INFO: Metric    ] METRIC_RX type=DUMMY src=6 seq=42 send_ms=1593627 recv_ms=1594089 bytes=48
TX,REAL,5,,158,48,1595535.0,1595198,1595535.0,,,,4224,1595535000	ID:5	[INFO: Metric    ] METRIC_TX type=REAL node=5 seq=158 bytes=48 time_ms=1595198
TX,DUMMY,5,,53,48,1595536.0,1595199,1595536.0,,,,4225,1595536000	ID:5	[INFO: Metric    ] METRIC_TX type=DUMMY node=5 seq=53 bytes=48 time_ms=1595199
RX,REAL,,5,158,48,1595608.168,1595105,1595608.168,1595198,1595105,73.16800000006333,4226,1595608168	ID:1	[INFO: Metric    ] METRIC_RX type=REAL src=5 seq=158 send_ms=1595198 recv_ms=1595105 bytes=48
RX,DUMMY,,5,53,48,1595632.168,1595129,1595632.168,1595199,1595129,,4227,1595632168	ID:1	[INFO: Metric    ] METRIC_RX type=DUMMY src=5 seq=53 send_ms=1595199 recv_ms=1595129 bytes=48
TX,REAL,3,,158,48,1597128.0,1596464,1597128.0,,,,4230,1597128000	ID:3	[INFO: Metric    ] METRIC_TX type=REAL node=3 seq=158 bytes=48 time_ms=1596464
RX,REAL,,3,158,48,1597199.168,1596696,1597199.168,1596464,1596696,71.16800000006333,4231,1597199168	ID:1	[INFO: Metric    ] METRIC_RX type=REAL src=3 seq=158 send_ms=1596464 recv_ms=1596696 bytes=48
TX,REAL,2,,160,48,1598226.0,1597363,1598226.0,,,,4235,1598226000	ID:2	[INFO: Metric    ] METRIC_TX type=REAL node=2 seq=160 bytes=48 time_ms=1597363
RX,REAL,,2,160,48,1598266.88,1597763,1598266.88,1597363,1597763,40.87999999988824,4236,1598266880	ID:1	[INFO: Metric    ] METRIC_RX type=REAL src=2 seq=160 send_ms=1597363 recv_ms=1597763 bytes=48
TX,REAL,4,,157,48,1598790.0,1598497,1598790.0,,,,4238,1598790000	ID:4	[INFO: Metric    ] METRIC_TX type=REAL node=4 seq=157 bytes=48 time_ms=1598497
TX,DUMMY,4,,57,48,1598791.0,1598498,1598791.0,,,,4239,1598791000	ID:4	[INFO: Metric    ] METRIC_TX type=DUMMY node=4 seq=57 bytes=48 time_ms=1598498
RX,REAL,,4,157,48,1598854.168,1598351,1598854.168,1598497,1598351,64.16800000006333,4240,1598854168	ID:1	[INFO: Metric    ] METRIC_RX type=REAL src=4 seq=157 send_ms=1598497 recv_ms=1598351 bytes=48
RX,DUMMY,,4,57,48,1598888.168,1598385,1598888.168,1598498,1598385,,4242,1598888168	ID:1	[INFO: Metric    ] METRIC_RX type=DUMMY src=4 seq=57 send_ms=1598498 recv_ms=1598385 bytes=48
TX,REAL,7,,159,48,1599401.0,1599082,1599401.0,,,,4245,1599401000	ID:7	[INFO: Metric    ] METRIC_TX type=REAL node=7 seq=159 bytes=48 time_ms=1599082
TX,DUMMY,7,,63,48,1599402.0,1599083,1599402.0,,,,4246,1599402000	ID:7	[INFO: Metric    ] METRIC_TX type=DUMMY node=7 seq=63 bytes=48 time_ms=1599083
RX,REAL,,7,159,48,1599423.88,1598920,1599423.88,1599082,1598920,22.87999999988824,4247,1599423880	ID:1	[INFO: Metric    ] METRIC_RX type=REAL src=7 seq=159 send_ms=1599082 recv_ms=1598920 bytes=48
RX,DUMMY,,7,63,48,1599431.88,1598928,1599431.88,1599083,1598928,,4248,1599431880	ID:1	[INFO: Metric    ] METRIC_RX type=DUMMY src=7 seq=63 send_ms=1599083 recv_ms=1598928 bytes=48
TX,REAL,5,,159,48,1604537.0,1604200,1604537.0,,,,4251,1604537000	ID:5	[INFO: Metric    ] METRIC_TX type=REAL node=5 seq=159 bytes=48 time_ms=1604200
RX,REAL,,5,159,48,1604596.168,1604093,1604596.168,1604200,1604093,59.16800000006333,4252,1604596168	ID:1	[INFO: Metric    ] METRIC_RX type=REAL src=5 seq=159 send_ms=1604200 recv_ms=1604093 bytes=48
TX,REAL,6,,158,48,1606567.0,1605628,1606567.0,,,,4254,1606567000	ID:6	[INFO: Metric    ] METRIC_TX type=REAL node=6 seq=158 bytes=48 time_ms=1605628
TX,DUMMY,6,,43,48,1606568.0,1605629,1606568.0,,,,4255,1606568000	ID:6	[INFO: Metric    ] METRIC_TX type=DUMMY node=6 seq=43 bytes=48 time_ms=1605629
RX,REAL,,6,158,48,1606601.88,1606098,1606601.88,1605628,1606098,34.87999999988824,4256,1606601880	ID:1	[INFO: Metric    ] METRIC_RX type=REAL src=6 seq=158 send_ms=1605628 recv_ms=1606098 bytes=48
RX,DUMMY,,6,43,48,1606649.88,1606146,1606649.88,1605629,1606146,,4258,1606649880	ID:1	[INFO: Metric    ] METRIC_RX type=DUMMY src=6 seq=43 send_ms=1605629 recv_ms=1606146 bytes=48
TX,REAL,7,,160,48,1607403.0,1607084,1607403.0,,,,4262,1607403000	ID:7	[INFO: Metric    ] METRIC_TX type=REAL node=7 seq=160 bytes=48 time_ms=1607084
RX,REAL,,7,160,48,1607416.88,1606913,1607416.88,1607084,1606913,13.879999999888241,4263,1607416880	ID:1	[INFO: Metric    ] METRIC_RX type=REAL src=7 seq=160 send_ms=1607084 recv_ms=1606913 bytes=48
TX,REAL,4,,158,48,1607792.0,1607499,1607792.0,,,,4265,1607792000	ID:4	[INFO: Metric    ] METRIC_TX type=REAL node=4 seq=158 bytes=48 time_ms=1607499
TX,DUMMY,4,,58,48,1607793.0,1607500,1607793.0,,,,4266,1607793000	ID:4	[INFO: Metric    ] METRIC_TX type=DUMMY node=4 seq=58 bytes=48 time_ms=1607500
RX,REAL,,4,158,48,1607865.168,1607362,1607865.168,1607499,1607362,73.16800000006333,4267,1607865168	ID:1	[INFO: Metric    ] METRIC_RX type=REAL src=4 seq=158 send_ms=1607499 recv_ms=1607362 bytes=48
RX,DUMMY,,4,58,48,1607872.168,1607369,1607872.168,1607500,1607369,,4268,1607872168	ID:1	[INFO: Metric    ] METRIC_RX type=DUMMY src=4 seq=58 send_ms=1607500 recv_ms=1607369 bytes=48
TX,REAL,3,,159,48,1609129.0,1608465,1609129.0,,,,4271,1609129000	ID:3	[INFO: Metric    ] METRIC_TX type=REAL node=3 seq=159 bytes=48 time_ms=1608465
RX,REAL,,3,159,48,1609204.168,1608701,1609204.168,1608465,1608701,75.16800000006333,4272,1609204168	ID:1	[INFO: Metric    ] METRIC_RX type=REAL src=3 seq=159 send_ms=1608465 recv_ms=1608701 bytes=48
TX,REAL,2,,161,48,1609227.0,1608364,1609227.0,,,,4274,1609227000	ID:2	[INFO: Metric    ] METRIC_TX type=REAL node=2 seq=161 bytes=48 time_ms=1608364
TX,DUMMY,2,,53,48,1609228.0,1608365,1609228.0,,,,4275,1609228000	ID:2	[INFO: Metric    ] METRIC_TX type=DUMMY node=2 seq=53 bytes=48 time_ms=1608365
RX,REAL,,2,161,48,1609246.304,1608743,1609246.304,1608364,1608743,19.304000000003725,4277,1609246304	ID:1	[INFO: Metric    ] METRIC_RX type=REAL src=2 seq=161 send_ms=1608364 recv_ms=1608743 bytes=48
RX,DUMMY,,2,53,48,1609265.88,1608762,1609265.88,1608365,1608762,,4278,1609265880	ID:1	[INFO: Metric    ] METRIC_RX type=DUMMY src=2 seq=53 send_ms=1608365 recv_ms=1608762 bytes=48
TX,REAL,5,,160,48,1616538.0,1616201,1616538.0,,,,4283,1616538000	ID:5	[INFO: Metric    ] METRIC_TX type=REAL node=5 seq=160 bytes=48 time_ms=1616201
TX,DUMMY,5,,54,48,1616539.0,1616202,1616539.0,,,,4284,1616539000	ID:5	[INFO: Metric    ] METRIC_TX type=DUMMY node=5 seq=54 bytes=48 time_ms=1616202
RX,REAL,,5,160,48,1616612.168,1616109,1616612.168,1616201,1616109,74.16800000006333,4285,1616612168	ID:1	[INFO: Metric    ] METRIC_RX type=REAL src=5 seq=160 send_ms=1616201 recv_ms=1616109 bytes=48
RX,DUMMY,,5,54,48,1616624.168,1616121,1616624.168,1616202,1616121,,4286,1616624168	ID:1	[INFO: Metric    ] METRIC_RX type=DUMMY src=5 seq=54 send_ms=1616202 recv_ms=1616121 bytes=48
TX,REAL,3,,160,48,1617130.0,1616466,1617130.0,,,,4291,1617130000	ID:3	[INFO: Metric    ] METRIC_TX type=REAL node=3 seq=160 bytes=48 time_ms=1616466
RX,REAL,,3,160,48,1617147.168,1616644,1617147.168,1616466,1616644,17.16800000006333,4292,1617147168	ID:1	[INFO: Metric    ] METRIC_RX type=REAL src=3 seq=160 send_ms=1616466 recv_ms=1616644 bytes=48
TX,REAL,7,,161,48,1617404.0,1617085,1617404.0,,,,4294,1617404000	ID:7	[INFO: Metric    ] METRIC_TX type=REAL node=7 seq=161 bytes=48 time_ms=1617085
RX,REAL,,7,161,48,1617449.88,1616946,1617449.88,1617085,1616946,45.87999999988824,4295,1617449880	ID:1	[INFO: Metric    ] METRIC_RX type=REAL src=7 seq=161 send_ms=1617085 recv_ms=1616946 bytes=48
TX,REAL,6,,159,48,1617569.0,1616630,1617569.0,,,,4297,1617569000	ID:6	[INFO: Metric    ] METRIC_TX type=REAL node=6 seq=159 bytes=48 time_ms=1616630
TX,DUMMY,6,,44,48,1617570.0,1616631,1617570.0,,,,4298,1617570000	ID:6	[INFO: Metric    ] METRIC_TX type=DUMMY node=6 seq=44 bytes=48 time_ms=1616631
RX,REAL,,6,159,48,1617575.88,1617072,1617575.88,1616630,1617072,6.879999999888241,4299,1617575880	ID:1	[INFO: Metric    ] METRIC_RX type=REAL src=6 seq=159 send_ms=1616630 recv_ms=1617072 bytes=48
RX,DUMMY,,6,44,48,1617598.88,1617095,1617598.88,1616631,1617095,,4300,1617598880	ID:1	[INFO: Metric    ] METRIC_RX type=DUMMY src=6 seq=44 send_ms=1616631 recv_ms=1617095 bytes=48
TX,REAL,4,,159,48,1617794.0,1617501,1617794.0,,,,4303,1617794000	ID:4	[INFO: Metric    ] METRIC_TX type=REAL node=4 seq=159 bytes=48 time_ms=1617501
RX,REAL,,4,159,48,1617836.168,1617333,1617836.168,1617501,1617333,42.16800000006333,4304,1617836168	ID:1	[INFO: Metric    ] METRIC_RX type=REAL src=4 seq=159 send_ms=1617501 recv_ms=1617333 bytes=48
TX,REAL,2,,162,48,1618229.0,1617366,1618229.0,,,,4306,1618229000	ID:2	[INFO: Metric    ] METRIC_TX type=REAL node=2 seq=162 bytes=48 time_ms=1617366
RX,REAL,,2,162,48,1618241.88,1617738,1618241.88,1617366,1617738,12.879999999888241,4307,1618241880	ID:1	[INFO: Metric    ] METRIC_RX type=REAL src=2 seq=162 send_ms=1617366 recv_ms=1617738 bytes=48
TX,REAL,5,,161,48,1628540.0,1628203,1628540.0,,,,4310,1628540000	ID:5	[INFO: Metric    ] METRIC_TX type=REAL node=5 seq=161 bytes=48 time_ms=1628203
TX,DUMMY,5,,55,48,1628541.0,1628204,1628541.0,,,,4311,1628541000	ID:5	[INFO: Metric    ] METRIC_TX type=DUMMY node=5 seq=55 bytes=48 time_ms=1628204
RX,REAL,,5,161,48,1628601.168,1628098,1628601.168,1628203,1628098,61.16800000006333,4312,1628601168	ID:1	[INFO: Metric    ] METRIC_RX type=REAL src=5 seq=161 send_ms=1628203 recv_ms=1628098 bytes=48
RX,DUMMY,,5,55,48,1628652.304,1628149,1628652.304,1628204,1628149,,4313,1628652304	ID:1	[INFO: Metric    ] METRIC_RX type=DUMMY src=5 seq=55 send_ms=1628204 recv_ms=1628149 bytes=48
TX,REAL,3,,161,48,1629131.0,1628467,1629131.0,,,,4316,1629131000	ID:3	[INFO: Metric    ] METRIC_TX type=REAL node=3 seq=161 bytes=48 time_ms=1628467
RX,REAL,,3,161,48,1629174.168,1628671,1629174.168,1628467,1628671,43.16800000006333,4317,1629174168	ID:1	[INFO: Metric    ] METRIC_RX type=REAL src=3 seq=161 send_ms=1628467 recv_ms=1628671 bytes=48
TX,REAL,2,,163,48,1629230.0,1628367,1629230.0,,,,4318,1629230000	ID:2	[INFO: Metric    ] METRIC_TX type=REAL node=2 seq=163 bytes=48 time_ms=1628367
TX,DUMMY,2,,54,48,1629231.0,1628368,1629231.0,,,,4319,1629231000	ID:2	[INFO: Metric    ] METRIC_TX type=DUMMY node=2 seq=54 bytes=48 time_ms=1628368
RX,REAL,,2,163,48,1629248.88,1628745,1629248.88,1628367,1628745,18.87999999988824,4321,1629248880	ID:1	[INFO: Metric    ] METRIC_RX type=REAL src=2 seq=163 send_ms=1628367 recv_ms=1628745 bytes=48
RX,DUMMY,,2,54,48,1629280.88,1628777,1629280.88,1628368,1628777,,4322,1629280880	ID:1	[INFO: Metric    ] METRIC_RX type=DUMMY src=2 seq=54 send_ms=1628368 recv_ms=1628777 bytes=48
TX,REAL,7,,162,48,1629405.0,1629086,1629405.0,,,,4325,1629405000	ID:7	[INFO: Metric    ] METRIC_TX type=REAL node=7 seq=162 bytes=48 time_ms=1629086
TX,DUMMY,7,,64,48,1629406.0,1629087,1629406.0,,,,4326,1629406000	ID:7	[INFO: Metric    ] METRIC_TX type=DUMMY node=7 seq=64 bytes=48 time_ms=1629087
RX,REAL,,7,162,48,1629446.88,1628943,1629446.88,1629086,1628943,41.87999999988824,4327,1629446880	ID:1	[INFO: Metric    ] METRIC_RX type=REAL src=7 seq=162 send_ms=1629086 recv_ms=1628943 bytes=48
RX,DUMMY,,7,64,48,1629453.88,1628950,1629453.88,1629087,1628950,,4328,1629453880	ID:1	[INFO: Metric    ] METRIC_RX type=DUMMY src=7 seq=64 send_ms=1629087 recv_ms=1628950 bytes=48
TX,REAL,6,,160,48,1629571.0,1628632,1629571.0,,,,4333,1629571000	ID:6	[INFO: Metric    ] METRIC_TX type=REAL node=6 seq=160 bytes=48 time_ms=1628632
RX,REAL,,6,160,48,1629588.88,1629085,1629588.88,1628632,1629085,17.87999999988824,4334,1629588880	ID:1	[INFO: Metric    ] METRIC_RX type=REAL src=6 seq=160 send_ms=1628632 recv_ms=1629085 bytes=48
TX,REAL,4,,160,48,1629795.0,1629502,1629795.0,,,,4338,1629795000	ID:4	[INFO: Metric    ] METRIC_TX type=REAL node=4 seq=160 bytes=48 time_ms=1629502
RX,REAL,,4,160,48,1629858.168,1629355,1629858.168,1629502,1629355,63.16800000006333,4339,1629858168	ID:1	[INFO: Metric    ] METRIC_RX type=REAL src=4 seq=160 send_ms=1629502 recv_ms=1629355 bytes=48
TX,REAL,2,,164,48,1638232.0,1637369,1638232.0,,,,4341,1638232000	ID:2	[INFO: Metric    ] METRIC_TX type=REAL node=2 seq=164 bytes=48 time_ms=1637369
RX,REAL,,2,164,48,1638239.88,1637736,1638239.88,1637369,1637736,7.879999999888241,4342,1638239880	ID:1	[INFO: Metric    ] METRIC_RX type=REAL src=2 seq=164 send_ms=1637369 recv_ms=1637736 bytes=48
TX,REAL,4,,161,48,1638796.0,1638503,1638796.0,,,,4345,1638796000	ID:4	[INFO: Metric    ] METRIC_TX type=REAL node=4 seq=161 bytes=48 time_ms=1638503
RX,REAL,,4,161,48,1638847.168,1638344,1638847.168,1638503,1638344,51.16800000006333,4346,1638847168	ID:1	[INFO: Metric    ] METRIC_RX type=REAL src=4 seq=161 send_ms=1638503 recv_ms=1638344 bytes=48
TX,REAL,3,,162,48,1639132.0,1638468,1639132.0,,,,4348,1639132000	ID:3	[INFO: Metric    ] METRIC_TX type=REAL node=3 seq=162 bytes=48 time_ms=1638468
RX,REAL,,3,162,48,1639191.168,1638688,1639191.168,1638468,1638688,59.16800000006333,4349,1639191168	ID:1	[INFO: Metric    ] METRIC_RX type=REAL src=3 seq=162 send_ms=1638468 recv_ms=1638688 bytes=48
TX,REAL,7,,163,48,1639407.0,1639088,1639407.0,,,,4351,1639407000	ID:7	[INFO: Metric    ] METRIC_TX type=REAL node=7 seq=163 bytes=48 time_ms=1639088
TX,DUMMY,7,,65,48,1639408.0,1639089,1639408.0,,,,4352,1639408000	ID:7	[INFO: Metric    ] METRIC_TX type=DUMMY node=7 seq=65 bytes=48 time_ms=1639089
RX,REAL,,7,163,48,1639428.88,1638925,1639428.88,1639088,1638925,21.87999999988824,4353,1639428880	ID:1	[INFO: Metric    ] METRIC_RX type=REAL src=7 seq=163 send_ms=1639088 recv_ms=1638925 bytes=48
RX,DUMMY,,7,65,48,1639435.88,1638932,1639435.88,1639089,1638932,,4354,1639435880	ID:1	[INFO: Metric    ] METRIC_RX type=DUMMY src=7 seq=65 send_ms=1639089 recv_ms=1638932 bytes=48
TX,REAL,5,,162,48,1639542.0,1639205,1639542.0,,,,4357,1639542000	ID:5	[INFO: Metric    ] METRIC_TX type=REAL node=5 seq=162 bytes=48 time_ms=1639205
RX,REAL,,5,162,48,1639592.168,1639089,1639592.168,1639205,1639089,50.16800000006333,4358,1639592168	ID:1	[INFO: Metric    ] METRIC_RX type=REAL src=5 seq=162 send_ms=1639205 recv_ms=1639089 bytes=48
TX,REAL,6,,161,48,1640572.0,1639633,1640572.0,,,,4360,1640572000	ID:6	[INFO: Metric    ] METRIC_TX type=REAL node=6 seq=161 bytes=48 time_ms=1639633
RX,REAL,,6,161,48,1640577.88,1640074,1640577.88,1639633,1640074,5.879999999888241,4361,1640577880	ID:1	[INFO: Metric    ] METRIC_RX type=REAL src=6 seq=161 send_ms=1639633 recv_ms=1640074 bytes=48
TX,REAL,5,,163,48,1647543.0,1647206,1647543.0,,,,4363,1647543000	ID:5	[INFO: Metric    ] METRIC_TX type=REAL node=5 seq=163 bytes=48 time_ms=1647206
RX,REAL,,5,163,48,1647562.168,1647059,1647562.168,1647206,1647059,19.16800000006333,4364,1647562168	ID:1	[INFO: Metric    ] METRIC_RX type=REAL src=5 seq=163 send_ms=1647206 recv_ms=1647059 bytes=48
TX,REAL,3,,163,48,1648133.0,1647469,1648133.0,,,,4366,1648133000	ID:3	[INFO: Metric    ] METRIC_TX type=REAL node=3 seq=163 bytes=48 time_ms=1647469
TX,DUMMY,3,,56,48,1648134.0,1647470,1648134.0,,,,4367,1648134000	ID:3	[INFO: Metric    ] METRIC_TX type=DUMMY node=3 seq=56 bytes=48 time_ms=1647470
RX,REAL,,3,163,48,1648213.168,1647710,1648213.168,1647469,1647710,80.16800000006333,4368,1648213168	ID:1	[INFO: Metric    ] METRIC_RX type=REAL src=3 seq=163 send_ms=1647469 recv_ms=1647710 bytes=48
RX,DUMMY,,3,56,48,1648237.168,1647734,1648237.168,1647470,1647734,,4369,1648237168	ID:1	[INFO: Metric    ] METRIC_RX type=DUMMY src=3 seq=56 send_ms=1647470 recv_ms=1647734 bytes=48
TX,REAL,2,,165,48,1648239.168,1647376,1648239.168,,,,4370,1648239168	ID:2	[INFO: Metric    ] METRIC_TX type=REAL node=2 seq=165 bytes=48 time_ms=1647376
TX,DUMMY,2,,55,48,1648240.168,1647377,1648240.168,,,,4371,1648240168	ID:2	[INFO: Metric    ] METRIC_TX type=DUMMY node=2 seq=55 bytes=48 time_ms=1647377
RX,REAL,,2,165,48,1648266.016,1647763,1648266.016,1647376,1647763,26.847999999998137,4372,1648266016	ID:1	[INFO: Metric    ] METRIC_RX type=REAL src=2 seq=165 send_ms=1647376 recv_ms=1647763 bytes=48
RX,DUMMY,,2,55,48,1648305.88,1647802,1648305.88,1647377,1647802,,4375,1648305880	ID:1	[INFO: Metric    ] METRIC_RX type=DUMMY src=2 seq=55 send_ms=1647377 recv_ms=1647802 bytes=48
TX,REAL,4,,162,48,1648797.0,1648504,1648797.0,,,,4379,1648797000	ID:4	[INFO: Metric    ] METRIC_TX type=REAL node=4 seq=162 bytes=48 time_ms=1648504
RX,REAL,,4,162,48,1648848.168,1648345,1648848.168,1648504,1648345,51.16800000006333,4380,1648848168	ID:1	[INFO: Metric    ] METRIC_RX type=REAL src=4 seq=162 send_ms=1648504 recv_ms=1648345 bytes=48
TX,REAL,7,,164,48,1649409.0,1649090,1649409.0,,,,4382,1649409000	ID:7	[INFO: Metric    ] METRIC_TX type=REAL node=7 seq=164 bytes=48 time_ms=1649090
TX,DUMMY,7,,66,48,1649410.0,1649091,1649410.0,,,,4383,1649410000	ID:7	[INFO: Metric    ] METRIC_TX type=DUMMY node=7 seq=66 bytes=48 time_ms=1649091
RX,REAL,,7,164,48,1649453.88,1648950,1649453.88,1649090,1648950,44.87999999988824,4384,1649453880	ID:1	[INFO: Metric    ] METRIC_RX type=REAL src=7 seq=164 send_ms=1649090 recv_ms=1648950 bytes=48
RX,DUMMY,,7,66,48,1649464.88,1648961,1649464.88,1649091,1648961,,4385,1649464880	ID:1	[INFO: Metric    ] METRIC_RX type=DUMMY src=7 seq=66 send_ms=1649091 recv_ms=1648961 bytes=48
TX,REAL,6,,162,48,1650573.0,1649634,1650573.0,,,,4388,1650573000	ID:6	[INFO: Metric    ] METRIC_TX type=REAL node=6 seq=162 bytes=48 time_ms=1649634
RX,REAL,,6,162,48,1650595.88,1650092,1650595.88,1649634,1650092,22.87999999988824,4389,1650595880	ID:1	[INFO: Metric    ] METRIC_RX type=REAL src=6 seq=162 send_ms=1649634 recv_ms=1650092 bytes=48
TX,REAL,5,,164,48,1655544.0,1655207,1655544.0,,,,4391,1655544000	ID:5	[INFO: Metric    ] METRIC_TX type=REAL node=5 seq=164 bytes=48 time_ms=1655207
RX,REAL,,5,164,48,1655573.168,1655070,1655573.168,1655207,1655070,29.16800000006333,4392,1655573168	ID:1	[INFO: Metric    ] METRIC_RX type=REAL src=5 seq=164 send_ms=1655207 recv_ms=1655070 bytes=48
TX,REAL,4,,163,48,1658798.0,1658505,1658798.0,,,,4394,1658798000	ID:4	[INFO: Metric    ] METRIC_TX type=REAL node=4 seq=163 bytes=48 time_ms=1658505
RX,REAL,,4,163,48,1658862.168,1658359,1658862.168,1658505,1658359,64.16800000006333,4395,1658862168	ID:1	[INFO: Metric    ] METRIC_RX type=REAL src=4 seq=163 send_ms=1658505 recv_ms=1658359 bytes=48
TX,REAL,2,,166,48,1659241.0,1658378,1659241.0,,,,4397,1659241000	ID:2	[INFO: Metric    ] METRIC_TX type=REAL node=2 seq=166 bytes=48 time_ms=1658378
RX,REAL,,2,166,48,1659274.88,1658771,1659274.88,1658378,1658771,33.87999999988824,4398,1659274880	ID:1	[INFO: Metric    ] METRIC_RX type=REAL src=2 seq=166 send_ms=1658378 recv_ms=1658771 bytes=48
TX,REAL,3,,164,48,1660135.0,1659471,1660135.0,,,,4400,1660135000	ID:3	[INFO: Metric    ] METRIC_TX type=REAL node=3 seq=164 bytes=48 time_ms=1659471
TX,DUMMY,3,,57,48,1660136.0,1659472,1660136.0,,,,4401,1660136000	ID:3	[INFO: Metric    ] METRIC_TX type=DUMMY node=3 seq=57 bytes=48 time_ms=1659472
RX,REAL,,3,164,48,1660186.168,1659683,1660186.168,1659471,1659683,51.16800000006333,4402,1660186168	ID:1	[INFO: Metric    ] METRIC_RX type=REAL src=3 seq=164 send_ms=1659471 recv_ms=1659683 bytes=48
RX,DUMMY,,3,57,48,1660220.168,1659717,1660220.168,1659472,1659717,,4403,1660220168	ID:1	[INFO: Metric    ] METRIC_RX type=DUMMY src=3 seq=57 send_ms=1659472 recv_ms=1659717 bytes=48
TX,REAL,7,,165,48,1660411.0,1660092,1660411.0,,,,4407,1660411000	ID:7	[INFO: Metric    ] METRIC_TX type=REAL node=7 seq=165 bytes=48 time_ms=1660092
TX,DUMMY,7,,67,48,1660412.0,1660093,1660412.0,,,,4408,1660412000	ID:7	[INFO: Metric    ] METRIC_TX type=DUMMY node=7 seq=67 bytes=48 time_ms=1660093
RX,REAL,,7,165,48,1660424.88,1659921,1660424.88,1660092,1659921,13.879999999888241,4409,1660424880	ID:1	[INFO: Metric    ] METRIC_RX type=REAL src=7 seq=165 send_ms=1660092 recv_ms=1659921 bytes=48
RX,DUMMY,,7,67,48,1660447.88,1659944,1660447.88,1660093,1659944,,4410,1660447880	ID:1	[INFO: Metric    ] METRIC_RX type=DUMMY src=7 seq=67 send_ms=1660093 recv_ms=1659944 bytes=48
TX,REAL,6,,163,48,1661574.0,1660635,1661574.0,,,,4413,1661574000	ID:6	[INFO: Metric    ] METRIC_TX type=REAL node=6 seq=163 bytes=48 time_ms=1660635
RX,REAL,,6,163,48,1661593.88,1661090,1661593.88,1660635,1661090,19.87999999988824,4414,1661593880	ID:1	[INFO: Metric    ] METRIC_RX type=REAL src=6 seq=163 send_ms=1660635 recv_ms=1661090 bytes=48
TX,REAL,5,,165,48,1664545.0,1664208,1664545.0,,,,4416,1664545000	ID:5	[INFO: Metric    ] METRIC_TX type=REAL node=5 seq=165 bytes=48 time_ms=1664208
RX,REAL,,5,165,48,1664582.168,1664079,1664582.168,1664208,1664079,37.16800000006333,4417,1664582168	ID:1	[INFO: Metric    ] METRIC_RX type=REAL src=5 seq=165 send_ms=1664208 recv_ms=1664079 bytes=48
TX,REAL,4,,164,48,1666799.0,1666506,1666799.0,,,,4419,1666799000	ID:4	[INFO: Metric    ] METRIC_TX type=REAL node=4 seq=164 bytes=48 time_ms=1666506
RX,REAL,,4,164,48,1666859.168,1666356,1666859.168,1666506,1666356,60.16800000006333,4420,1666859168	ID:1	[INFO: Metric    ] METRIC_RX type=REAL src=4 seq=164 send_ms=1666506 recv_ms=1666356 bytes=48
TX,REAL,3,,165,48,1669137.0,1668473,1669137.0,,,,4422,1669137000	ID:3	[INFO: Metric    ] METRIC_TX type=REAL node=3 seq=165 bytes=48 time_ms=1668473
RX,REAL,,3,165,48,1669199.168,1668696,1669199.168,1668473,1668696,62.16800000006333,4423,1669199168	ID:1	[INFO: Metric    ] METRIC_RX type=REAL src=3 seq=165 send_ms=1668473 recv_ms=1668696 bytes=48
TX,REAL,7,,166,48,1670413.0,1670094,1670413.0,,,,4425,1670413000	ID:7	[INFO: Metric    ] METRIC_TX type=REAL node=7 seq=166 bytes=48 time_ms=1670094
RX,REAL,,7,166,48,1670418.88,1669915,1670418.88,1670094,1669915,5.879999999888241,4426,1670418880	ID:1	[INFO: Metric    ] METRIC_RX type=REAL src=7 seq=166 send_ms=1670094 recv_ms=1669915 bytes=48
TX,REAL,2,,167,48,1671242.0,1670379,1671242.0,,,,4428,1671242000	ID:2	[INFO: Metric    ] METRIC_TX type=REAL node=2 seq=167 bytes=48 time_ms=1670379
RX,REAL,,2,167,48,1671253.88,1670750,1671253.88,1670379,1670750,11.879999999888241,4429,1671253880	ID:1	[INFO: Metric    ] METRIC_RX type=REAL src=2 seq=167 send_ms=1670379 recv_ms=1670750 bytes=48
TX,REAL,6,,164,48,1671575.0,1670636,1671575.0,,,,4431,1671575000	ID:6	[INFO: Metric    ] METRIC_TX type=REAL node=6 seq=164 bytes=48 time_ms=1670636
RX,REAL,,6,164,48,1671594.88,1671091,1671594.88,1670636,1671091,19.87999999988824,4432,1671594880	ID:1	[INFO: Metric    ] METRIC_RX type=REAL src=6 seq=164 send_ms=1670636 recv_ms=1671091 bytes=48
TX,REAL,5,,166,48,1672546.0,1672209,1672546.0,,,,4434,1672546000	ID:5	[INFO: Metric    ] METRIC_TX type=REAL node=5 seq=166 bytes=48 time_ms=1672209
TX,DUMMY,5,,56,48,1672547.0,1672210,1672547.0,,,,4435,1672547000	ID:5	[INFO: Metric    ] METRIC_TX type=DUMMY node=5 seq=56 bytes=48 time_ms=1672210
RX,REAL,,5,166,48,1672601.168,1672098,1672601.168,1672209,1672098,55.16800000006333,4436,1672601168	ID:1	[INFO: Metric    ] METRIC_RX type=REAL src=5 seq=166 send_ms=1672209 recv_ms=1672098 bytes=48
RX,DUMMY,,5,56,48,1672631.168,1672128,1672631.168,1672210,1672128,,4438,1672631168	ID:1	[INFO: Metric    ] METRIC_RX type=DUMMY src=5 seq=56 send_ms=1672210 recv_ms=1672128 bytes=48
TX,REAL,4,,165,48,1676800.0,1676507,1676800.0,,,,4441,1676800000	ID:4	[INFO: Metric    ] METRIC_TX type=REAL node=4 seq=165 bytes=48 time_ms=1676507
RX,REAL,,4,165,48,1676864.168,1676361,1676864.168,1676507,1676361,64.16800000006333,4442,1676864168	ID:1	[INFO: Metric    ] METRIC_RX type=REAL src=4 seq=165 send_ms=1676507 recv_ms=1676361 bytes=48
TX,REAL,3,,166,48,1678138.0,1677474,1678138.0,,,,4444,1678138000	ID:3	[INFO: Metric    ] METRIC_TX type=REAL node=3 seq=166 bytes=48 time_ms=1677474
TX,DUMMY,3,,58,48,1678139.0,1677475,1678139.0,,,,4445,1678139000	ID:3	[INFO: Metric    ] METRIC_TX type=DUMMY node=3 seq=58 bytes=48 time_ms=1677475
RX,REAL,,3,166,48,1678193.168,1677690,1678193.168,1677474,1677690,55.16800000006333,4446,1678193168	ID:1	[INFO: Metric    ] METRIC_RX type=REAL src=3 seq=166 send_ms=1677474 recv_ms=1677690 bytes=48
RX,DUMMY,,3,58,48,1678240.168,1677737,1678240.168,1677475,1677737,,4447,1678240168	ID:1	[INFO: Metric    ] METRIC_RX type=DUMMY src=3 seq=58 send_ms=1677475 recv_ms=1677737 bytes=48
TX,REAL,7,,167,48,1680414.0,1680095,1680414.0,,,,4450,1680414000	ID:7	[INFO: Metric    ] METRIC_TX type=REAL node=7 seq=167 bytes=48 time_ms=1680095
TX,DUMMY,7,,68,48,1680415.0,1680096,1680415.0,,,,4451,1680415000	ID:7	[INFO: Metric    ] METRIC_TX type=DUMMY node=7 seq=68 bytes=48 time_ms=1680096
RX,REAL,,7,167,48,1680431.88,1679928,1680431.88,1680095,1679928,17.87999999988824,4452,1680431880	ID:1	[INFO: Metric    ] METRIC_RX type=REAL src=7 seq=167 send_ms=1680095 recv_ms=1679928 bytes=48
RX,DUMMY,,7,68,48,1680452.88,1679949,1680452.88,1680096,1679949,,4453,1680452880	ID:1	[INFO: Metric    ] METRIC_RX type=DUMMY src=7 seq=68 send_ms=1680096 recv_ms=1679949 bytes=48
TX,REAL,5,,167,48,1681548.0,1681211,1681548.0,,,,4456,1681548000	ID:5	[INFO: Metric    ] METRIC_TX type=REAL node=5 seq=167 bytes=48 time_ms=1681211
RX,REAL,,5,167,48,1681573.168,1681070,1681573.168,1681211,1681070,25.16800000006333,4457,1681573168	ID:1	[INFO: Metric    ] METRIC_RX type=REAL src=5 seq=167 send_ms=1681211 recv_ms=1681070 bytes=48
TX,REAL,6,,165,48,1681576.0,1680637,1681576.0,,,,4458,1681576000	ID:6	[INFO: Metric    ] METRIC_TX type=REAL node=6 seq=165 bytes=48 time_ms=1680637
RX,REAL,,6,165,48,1681582.88,1681079,1681582.88,1680637,1681079,6.879999999888241,4459,1681582880	ID:1	[INFO: Metric    ] METRIC_RX type=REAL src=6 seq=165 send_ms=1680637 recv_ms=1681079 bytes=48
TX,REAL,2,,168,48,1682243.0,1681380,1682243.0,,,,4462,1682243000	ID:2	[INFO: Metric    ] METRIC_TX type=REAL node=2 seq=168 bytes=48 time_ms=1681380
TX,DUMMY,2,,56,48,1682244.0,1681381,1682244.0,,,,4463,1682244000	ID:2	[INFO: Metric    ] METRIC_TX type=DUMMY node=2 seq=56 bytes=48 time_ms=1681381
RX,REAL,,2,168,48,1682258.88,1681755,1682258.88,1681380,1681755,15.879999999888241,4464,1682258880	ID:1	[INFO: Metric    ] METRIC_RX type=REAL src=2 seq=168 send_ms=1681380 recv_ms=1681755 bytes=48
RX,DUMMY,,2,56,48,1682296.88,1681793,1682296.88,1681381,1681793,,4466,1682296880	ID:1	[INFO: Metric    ] METRIC_RX type=DUMMY src=2 seq=56 send_ms=1681381 recv_ms=1681793 bytes=48
TX,REAL,4,,166,48,1684801.0,1684508,1684801.0,,,,4469,1684801000	ID:4	[INFO: Metric    ] METRIC_TX type=REAL node=4 seq=166 bytes=48 time_ms=1684508
RX,REAL,,4,166,48,1684862.168,1684359,1684862.168,1684508,1684359,61.16800000006333,4470,1684862168	ID:1	[INFO: Metric    ] METRIC_RX type=REAL src=4 seq=166 send_ms=1684508 recv_ms=1684359 bytes=48
TX,REAL,3,,167,48,1689140.0,1688476,1689140.0,,,,4472,1689140000	ID:3	[INFO: Metric    ] METRIC_TX type=REAL node=3 seq=167 bytes=48 time_ms=1688476
TX,DUMMY,3,,59,48,1689141.0,1688477,1689141.0,,,,4473,1689141000	ID:3	[INFO: Metric    ] METRIC_TX type=DUMMY node=3 seq=59 bytes=48 time_ms=1688477
RX,REAL,,3,167,48,1689165.168,1688662,1689165.168,1688476,1688662,25.16800000006333,4474,1689165168	ID:1	[INFO: Metric    ] METRIC_RX type=REAL src=3 seq=167 send_ms=1688476 recv_ms=1688662 bytes=48
RX,DUMMY,,3,59,48,1689274.168,1688771,1689274.168,1688477,1688771,,4476,1689274168	ID:1	[INFO: Metric    ] METRIC_RX type=DUMMY src=3 seq=59 send_ms=1688477 recv_ms=1688771 bytes=48
TX,REAL,7,,168,48,1691416.0,1691097,1691416.0,,,,4478,1691416000	ID:7	[INFO: Metric    ] METRIC_TX type=REAL node=7 seq=168 bytes=48 time_ms=1691097
RX,REAL,,7,168,48,1691421.88,1690918,1691421.88,1691097,1690918,5.879999999888241,4479,1691421880	ID:1	[INFO: Metric    ] METRIC_RX type=REAL src=7 seq=168 send_ms=1691097 recv_ms=1690918 bytes=48
TX,REAL,5,,168,48,1692549.0,1692212,1692549.0,,,,4481,1692549000	ID:5	[INFO: Metric    ] METRIC_TX type=REAL node=5 seq=168 bytes=48 time_ms=1692212
TX,DUMMY,5,,57,48,1692550.0,1692213,1692550.0,,,,4482,1692550000	ID:5	[INFO: Metric    ] METRIC_TX type=DUMMY node=5 seq=57 bytes=48 time_ms=1692213
RX,REAL,,5,168,48,1692580.168,1692077,1692580.168,1692212,1692077,31.16800000006333,4483,1692580168	ID:1	[INFO: Metric    ] METRIC_RX type=REAL src=5 seq=168 send_ms=1692212 recv_ms=1692077 bytes=48
RX,DUMMY,,5,57,48,1692601.168,1692098,1692601.168,1692213,1692098,,4484,1692601168	ID:1	[INFO: Metric    ] METRIC_RX type=DUMMY src=5 seq=57 send_ms=1692213 recv_ms=1692098 bytes=48
TX,REAL,2,,169,48,1693245.0,1692382,1693245.0,,,,4487,1693245000	ID:2	[INFO: Metric    ] METRIC_TX type=REAL node=2 seq=169 bytes=48 time_ms=1692382
RX,REAL,,2,169,48,1693278.88,1692775,1693278.88,1692382,1692775,33.87999999988824,4488,1693278880	ID:1	[INFO: Metric    ] METRIC_RX type=REAL src=2 seq=169 send_ms=1692382 recv_ms=1692775 bytes=48
TX,REAL,6,,166,48,1693577.0,1692638,1693577.0,,,,4490,1693577000	ID:6	[INFO: Metric    ] METRIC_TX type=REAL node=6 seq=166 bytes=48 time_ms=1692638
TX,DUMMY,6,,45,48,1693578.0,1692639,1693578.0,,,,4491,1693578000	ID:6	[INFO: Metric    ] METRIC_TX type=DUMMY node=6 seq=45 bytes=48 time_ms=1692639
RX,REAL,,6,166,48,1693618.88,1693115,1693618.88,1692638,1693115,41.87999999988824,4492,1693618880	ID:1	[INFO: Metric    ] METRIC_RX type=REAL src=6 seq=166 send_ms=1692638 recv_ms=1693115 bytes=48
RX,DUMMY,,6,45,48,1693633.88,1693130,1693633.88,1692639,1693130,,4493,1693633880	ID:1	[INFO: Metric    ] METRIC_RX type=DUMMY src=6 seq=45 send_ms=1692639 recv_ms=1693130 bytes=48
TX,REAL,4,,167,48,1696802.0,1696509,1696802.0,,,,4496,1696802000	ID:4	[INFO: Metric    ] METRIC_TX type=REAL node=4 seq=167 bytes=48 time_ms=1696509
RX,REAL,,4,167,48,1696849.168,1696346,1696849.168,1696509,1696346,47.16800000006333,4497,1696849168	ID:1	[INFO: Metric    ] METRIC_RX type=REAL src=4 seq=167 send_ms=1696509 recv_ms=1696346 bytes=48
TX,REAL,3,,168,48,1698142.0,1697478,1698142.0,,,,4500,1698142000	ID:3	[INFO: Metric    ] METRIC_TX type=REAL node=3 seq=168 bytes=48 time_ms=1697478
TX,DUMMY,3,,60,48,1698143.0,1697479,1698143.0,,,,4501,1698143000	ID:3	[INFO: Metric    ] METRIC_TX type=DUMMY node=3 seq=60 bytes=48 time_ms=1697479
RX,REAL,,3,168,48,1698196.168,1697693,1698196.168,1697478,1697693,54.16800000006333,4502,1698196168	ID:1	[INFO: Metric    ] METRIC_RX type=REAL src=3 seq=168 send_ms=1697478 recv_ms=1697693 bytes=48
RX,DUMMY,,3,60,48,1698203.168,1697700,1698203.168,1697479,1697700,,4503,1698203168	ID:1	[INFO: Metric    ] METRIC_RX type=DUMMY src=3 seq=60 send_ms=1697479 recv_ms=1697700 bytes=48
TX,REAL,7,,169,48,1701417.0,1701098,1701417.0,,,,4506,1701417000	ID:7	[INFO: Metric    ] METRIC_TX type=REAL node=7 seq=169 bytes=48 time_ms=1701098
TX,DUMMY,7,,69,48,1701418.0,1701099,1701418.0,,,,4507,1701418000	ID:7	[INFO: Metric    ] METRIC_TX type=DUMMY node=7 seq=69 bytes=48 time_ms=1701099
RX,REAL,,7,169,48,1701458.88,1700955,1701458.88,1701098,1700955,41.87999999988824,4508,1701458880	ID:1	[INFO: Metric    ] METRIC_RX type=REAL src=7 seq=169 send_ms=1701098 recv_ms=1700955 bytes=48
RX,DUMMY,,7,69,48,1701475.88,1700972,1701475.88,1701099,1700972,,4509,1701475880	ID:1	[INFO: Metric    ] METRIC_RX type=DUMMY src=7 seq=69 send_ms=1701099 recv_ms=1700972 bytes=48
TX,REAL,2,,170,48,1702246.0,1701383,1702246.0,,,,4514,1702246000	ID:2	[INFO: Metric    ] METRIC_TX type=REAL node=2 seq=170 bytes=48 time_ms=1701383
RX,REAL,,2,170,48,1702271.88,1701768,1702271.88,1701383,1701768,25.87999999988824,4515,1702271880	ID:1	[INFO: Metric    ] METRIC_RX type=REAL src=2 seq=170 send_ms=1701383 recv_ms=1701768 bytes=48
TX,REAL,5,,169,48,1703551.0,1703214,1703551.0,,,,4517,1703551000	ID:5	[INFO: Metric    ] METRIC_TX type=REAL node=5 seq=169 bytes=48 time_ms=1703214
RX,REAL,,5,169,48,1703596.168,1703093,1703596.168,1703214,1703093,45.16800000006333,4518,1703596168	ID:1	[INFO: Metric    ] METRIC_RX type=REAL src=5 seq=169 send_ms=1703214 recv_ms=1703093 bytes=48
TX,REAL,6,,167,48,1704579.0,1703640,1704579.0,,,,4520,1704579000	ID:6	[INFO: Metric    ] METRIC_TX type=REAL node=6 seq=167 bytes=48 time_ms=1703640
RX,REAL,,6,167,48,1704616.88,1704113,1704616.88,1703640,1704113,37.87999999988824,4521,1704616880	ID:1	[INFO: Metric    ] METRIC_RX type=REAL src=6 seq=167 send_ms=1703640 recv_ms=1704113 bytes=48
TX,REAL,4,,168,48,1707803.0,1707510,1707803.0,,,,4523,1707803000	ID:4	[INFO: Metric    ] METRIC_TX type=REAL node=4 seq=168 bytes=48 time_ms=1707510
RX,REAL,,4,168,48,1707820.304,1707317,1707820.304,1707510,1707317,17.304000000003725,4524,1707820304	ID:1	[INFO: Metric    ] METRIC_RX type=REAL src=4 seq=168 send_ms=1707510 recv_ms=1707317 bytes=48
TX,REAL,3,,169,48,1709144.0,1708480,1709144.0,,,,4526,1709144000	ID:3	[INFO: Metric    ] METRIC_TX type=REAL node=3 seq=169 bytes=48 time_ms=1708480
RX,REAL,,3,169,48,1709196.168,1708693,1709196.168,1708480,1708693,52.16800000006333,4527,1709196168	ID:1	[INFO: Metric    ] METRIC_RX type=REAL src=3 seq=169 send_ms=1708480 recv_ms=1708693 bytes=48
TX,REAL,5,,170,48,1712552.0,1712215,1712552.0,,,,4531,1712552000	ID:5	[INFO: Metric    ] METRIC_TX type=REAL node=5 seq=170 bytes=48 time_ms=1712215
TX,REAL,6,,168,48,1712580.0,1711641,1712580.0,,,,4532,1712580000	ID:6	[INFO: Metric    ] METRIC_TX type=REAL node=6 seq=168 bytes=48 time_ms=1711641
RX,REAL,,6,168,48,1712615.88,1712112,1712615.88,1711641,1712112,35.87999999988824,4533,1712615880	ID:1	[INFO: Metric    ] METRIC_RX type=REAL src=6 seq=168 send_ms=1711641 recv_ms=1712112 bytes=48
RX,REAL,,5,170,48,1712623.168,1712120,1712623.168,1712215,1712120,71.16800000006333,4535,1712623168	ID:1	[INFO: Metric    ] METRIC_RX type=REAL src=5 seq=170 send_ms=1712215 recv_ms=1712120 bytes=48
TX,REAL,2,,171,48,1713247.0,1712384,1713247.0,,,,4538,1713247000	ID:2	[INFO: Metric    ] METRIC_TX type=REAL node=2 seq=171 bytes=48 time_ms=1712384
RX,REAL,,2,171,48,1713279.88,1712776,1713279.88,1712384,1712776,32.87999999988824,4539,1713279880	ID:1	[INFO: Metric    ] METRIC_RX type=REAL src=2 seq=171 send_ms=1712384 recv_ms=1712776 bytes=48
TX,REAL,7,,170,48,1713419.0,1713100,1713419.0,,,,4543,1713419000	ID:7	[INFO: Metric    ] METRIC_TX type=REAL node=7 seq=170 bytes=48 time_ms=1713100
TX,DUMMY,7,,70,48,1713420.0,1713101,1713420.0,,,,4544,1713420000	ID:7	[INFO: Metric    ] METRIC_TX type=DUMMY node=7 seq=70 bytes=48 time_ms=1713101
RX,REAL,,7,170,48,1713438.88,1712935,1713438.88,1713100,1712935,19.87999999988824,4545,1713438880	ID:1	[INFO: Metric    ] METRIC_RX type=REAL src=7 seq=170 send_ms=1713100 recv_ms=1712935 bytes=48
RX,DUMMY,,7,70,48,1713457.88,1712954,1713457.88,1713101,1712954,,4547,1713457880	ID:1	[INFO: Metric    ] METRIC_RX type=DUMMY src=7 seq=70 send_ms=1713101 recv_ms=1712954 bytes=48
TX,REAL,3,,170,48,1717145.0,1716481,1717145.0,,,,4551,1717145000	ID:3	[INFO: Metric    ] METRIC_TX type=REAL node=3 seq=170 bytes=48 time_ms=1716481
RX,REAL,,3,170,48,1717189.168,1716686,1717189.168,1716481,1716686,44.16800000006333,4552,1717189168	ID:1	[INFO: Metric    ] METRIC_RX type=REAL src=3 seq=170 send_ms=1716481 recv_ms=1716686 bytes=48
TX,REAL,4,,169,48,1718804.0,1718511,1718804.0,,,,4554,1718804000	ID:4	[INFO: Metric    ] METRIC_TX type=REAL node=4 seq=169 bytes=48 time_ms=1718511
TX,DUMMY,4,,59,48,1718805.0,1718512,1718805.0,,,,4555,1718805000	ID:4	[INFO: Metric    ] METRIC_TX type=DUMMY node=4 seq=59 bytes=48 time_ms=1718512
RX,REAL,,4,169,48,1718824.168,1718321,1718824.168,1718511,1718321,20.16800000006333,4556,1718824168	ID:1	[INFO: Metric    ] METRIC_RX type=REAL src=4 seq=169 send_ms=1718511 recv_ms=1718321 bytes=48
RX,DUMMY,,4,59,48,1718978.168,1718475,1718978.168,1718512,1718475,,4557,1718978168	ID:1	[INFO: Metric    ] METRIC_RX type=DUMMY src=4 seq=59 send_ms=1718512 recv_ms=1718475 bytes=48
TX,REAL,5,,171,48,1720553.0,1720216,1720553.0,,,,4560,1720553000	ID:5	[INFO: Metric    ] METRIC_TX type=REAL node=5 seq=171 bytes=48 time_ms=1720216
RX,REAL,,5,171,48,1720624.168,1720121,1720624.168,1720216,1720121,71.16800000006333,4561,1720624168	ID:1	[INFO: Metric    ] METRIC_RX type=REAL src=5 seq=171 send_ms=1720216 recv_ms=1720121 bytes=48
TX,REAL,2,,172,48,1723248.0,1722385,1723248.0,,,,4563,1723248000	ID:2	[INFO: Metric    ] METRIC_TX type=REAL node=2 seq=172 bytes=48 time_ms=1722385
RX,REAL,,2,172,48,1723264.88,1722761,1723264.88,1722385,1722761,16.87999999988824,4564,1723264880	ID:1	[INFO: Metric    ] METRIC_RX type=REAL src=2 seq=172 send_ms=1722385 recv_ms=1722761 bytes=48
TX,REAL,7,,171,48,1723421.0,1723102,1723421.0,,,,4566,1723421000	ID:7	[INFO: Metric    ] METRIC_TX type=REAL node=7 seq=171 bytes=48 time_ms=1723102
TX,DUMMY,7,,71,48,1723422.0,1723103,1723422.0,,,,4567,1723422000	ID:7	[INFO: Metric    ] METRIC_TX type=DUMMY node=7 seq=71 bytes=48 time_ms=1723103
RX,REAL,,7,171,48,1723441.88,1722938,1723441.88,1723102,1722938,20.87999999988824,4568,1723441880	ID:1	[INFO: Metric    ] METRIC_RX type=REAL src=7 seq=171 send_ms=1723102 recv_ms=1722938 bytes=48
RX,DUMMY,,7,71,48,1723452.88,1722949,1723452.88,1723103,1722949,,4570,1723452880	ID:1	[INFO: Metric    ] METRIC_RX type=DUMMY src=7 seq=71 send_ms=1723103 recv_ms=1722949 bytes=48
TX,REAL,6,,169,48,1723581.0,1722642,1723581.0,,,,4573,1723581000	ID:6	[INFO: Metric    ] METRIC_TX type=REAL node=6 seq=169 bytes=48 time_ms=1722642
TX,DUMMY,6,,46,48,1723582.0,1722643,1723582.0,,,,4574,1723582000	ID:6	[INFO: Metric    ] METRIC_TX type=DUMMY node=6 seq=46 bytes=48 time_ms=1722643
RX,REAL,,6,169,48,1723595.88,1723092,1723595.88,1722642,1723092,14.879999999888241,4575,1723595880	ID:1	[INFO: Metric    ] METRIC_RX type=REAL src=6 seq=169 send_ms=1722642 recv_ms=1723092 bytes=48
RX,DUMMY,,6,46,48,1723619.88,1723116,1723619.88,1722643,1723116,,4577,1723619880	ID:1	[INFO: Metric    ] METRIC_RX type=DUMMY src=6 seq=46 send_ms=1722643 recv_ms=1723116 bytes=48
TX,REAL,3,,171,48,1726146.0,1725482,1726146.0,,,,4579,1726146000	ID:3	[INFO: Metric    ] METRIC_TX type=REAL node=3 seq=171 bytes=48 time_ms=1725482
RX,REAL,,3,171,48,1726198.168,1725695,1726198.168,1725482,1725695,52.16800000006333,4580,1726198168	ID:1	[INFO: Metric    ] METRIC_RX type=REAL src=3 seq=171 send_ms=1725482 recv_ms=1725695 bytes=48
TX,REAL,4,,170,48,1728806.0,1728513,1728806.0,,,,4584,1728806000	ID:4	[INFO: Metric    ] METRIC_TX type=REAL node=4 seq=170 bytes=48 time_ms=1728513
RX,REAL,,4,170,48,1728849.168,1728346,1728849.168,1728513,1728346,43.16800000006333,4585,1728849168	ID:1	[INFO: Metric    ] METRIC_RX type=REAL src=4 seq=170 send_ms=1728513 recv_ms=1728346 bytes=48
TX,REAL,5,,172,48,1730554.0,1730217,1730554.0,,,,4587,1730554000	ID:5	[INFO: Metric    ] METRIC_TX type=REAL node=5 seq=172 bytes=48 time_ms=1730217
RX,REAL,,5,172,48,1730617.168,1730114,1730617.168,1730217,1730114,63.16800000006333,4588,1730617168	ID:1	[INFO: Metric    ] METRIC_RX type=REAL src=5 seq=172 send_ms=1730217 recv_ms=1730114 bytes=48
TX,REAL,2,,173,48,1731249.0,1730386,1731249.0,,,,4590,1731249000	ID:2	[INFO: Metric    ] METRIC_TX type=REAL node=2 seq=173 bytes=48 time_ms=1730386
RX,REAL,,2,173,48,1731289.88,1730786,1731289.88,1730386,1730786,40.87999999988824,4591,1731289880	ID:1	[INFO: Metric    ] METRIC_RX type=REAL src=2 seq=173 send_ms=1730386 recv_ms=1730786 bytes=48
TX,REAL,6,,170,48,1734583.0,1733644,1734583.0,,,,4595,1734583000	ID:6	[INFO: Metric    ] METRIC_TX type=REAL node=6 seq=170 bytes=48 time_ms=1733644
RX,REAL,,6,170,48,1734618.88,1734115,1734618.88,1733644,1734115,35.87999999988824,4596,1734618880	ID:1	[INFO: Metric    ] METRIC_RX type=REAL src=6 seq=170 send_ms=1733644 recv_ms=1734115 bytes=48
TX,REAL,7,,172,48,1735423.0,1735104,1735423.0,,,,4598,1735423000	ID:7	[INFO: Metric    ] METRIC_TX type=REAL node=7 seq=172 bytes=48 time_ms=1735104
RX,REAL,,7,172,48,1735442.88,1734939,1735442.88,1735104,1734939,19.87999999988824,4599,1735442880	ID:1	[INFO: Metric    ] METRIC_RX type=REAL src=7 seq=172 send_ms=1735104 recv_ms=1734939 bytes=48
TX,REAL,3,,172,48,1737147.0,1736483,1737147.0,,,,4601,1737147000	ID:3	[INFO: Metric    ] METRIC_TX type=REAL node=3 seq=172 bytes=48 time_ms=1736483
RX,REAL,,3,172,48,1737232.168,1736729,1737232.168,1736483,1736729,85.16800000006333,4602,1737232168	ID:1	[INFO: Metric    ] METRIC_RX type=REAL src=3 seq=172 send_ms=1736483 recv_ms=1736729 bytes=48
TX,REAL,4,,171,48,1737807.0,1737514,1737807.0,,,,4605,1737807000	ID:4	[INFO: Metric    ] METRIC_TX type=REAL node=4 seq=171 bytes=48 time_ms=1737514
RX,REAL,,4,171,48,1737846.168,1737343,1737846.168,1737514,1737343,39.16800000006333,4606,1737846168	ID:1	[INFO: Metric    ] METRIC_RX type=REAL src=4 seq=171 send_ms=1737514 recv_ms=1737343 bytes=48
TX,REAL,5,,173,48,1739555.0,1739218,1739555.0,,,,4608,1739555000	ID:5	[INFO: Metric    ] METRIC_TX type=REAL node=5 seq=173 bytes=48 time_ms=1739218
RX,REAL,,5,173,48,1739618.168,1739115,1739618.168,1739218,1739115,63.16800000006333,4609,1739618168	ID:1	[INFO: Metric    ] METRIC_RX type=REAL src=5 seq=173 send_ms=1739218 recv_ms=1739115 bytes=48
TX,REAL,2,,174,48,1741250.0,1740387,1741250.0,,,,4611,1741250000	ID:2	[INFO: Metric    ] METRIC_TX type=REAL node=2 seq=174 bytes=48 time_ms=1740387
RX,REAL,,2,174,48,1741257.88,1740754,1741257.88,1740387,1740754,7.879999999888241,4612,1741257880	ID:1	[INFO: Metric    ] METRIC_RX type=REAL src=2 seq=174 send_ms=1740387 recv_ms=1740754 bytes=48
TX,REAL,6,,171,48,1744584.0,1743645,1744584.0,,,,4614,1744584000	ID:6	[INFO: Metric    ] METRIC_TX type=REAL node=6 seq=171 bytes=48 time_ms=1743645
TX,DUMMY,6,,47,48,1744585.0,1743646,1744585.0,,,,4615,1744585000	ID:6	[INFO: Metric    ] METRIC_TX type=DUMMY node=6 seq=47 bytes=48 time_ms=1743646
RX,REAL,,6,171,48,1744590.88,1744087,1744590.88,1743645,1744087,6.879999999888241,4616,1744590880	ID:1	[INFO: Metric    ] METRIC_RX type=REAL src=6 seq=171 send_ms=1743645 recv_ms=1744087 bytes=48
RX,DUMMY,,6,47,48,1744598.88,1744095,1744598.88,1743646,1744095,,4617,1744598880	ID:1	[INFO: Metric    ] METRIC_RX type=DUMMY src=6 seq=47 send_ms=1743646 recv_ms=1744095 bytes=48
TX,REAL,7,,173,48,1745424.0,1745105,1745424.0,,,,4620,1745424000	ID:7	[INFO: Metric    ] METRIC_TX type=REAL node=7 seq=173 bytes=48 time_ms=1745105
RX,REAL,,7,173,48,1745433.88,1744930,1745433.88,1745105,1744930,9.879999999888241,4621,1745433880	ID:1	[INFO: Metric    ] METRIC_RX type=REAL src=7 seq=173 send_ms=1745105 recv_ms=1744930 bytes=48
TX,REAL,4,,172,48,1747808.0,1747515,1747808.0,,,,4623,1747808000	ID:4	[INFO: Metric    ] METRIC_TX type=REAL node=4 seq=172 bytes=48 time_ms=1747515
TX,DUMMY,4,,60,48,1747809.0,1747516,1747809.0,,,,4624,1747809000	ID:4	[INFO: Metric    ] METRIC_TX type=DUMMY node=4 seq=60 bytes=48 time_ms=1747516
RX,REAL,,4,172,48,1747855.168,1747352,1747855.168,1747515,1747352,47.16800000006333,4625,1747855168	ID:1	[INFO: Metric    ] METRIC_RX type=REAL src=4 seq=172 send_ms=1747515 recv_ms=1747352 bytes=48
RX,DUMMY,,4,60,48,1747883.168,1747380,1747883.168,1747516,1747380,,4626,1747883168	ID:1	[INFO: Metric    ] METRIC_RX type=DUMMY src=4 seq=60 send_ms=1747516 recv_ms=1747380 bytes=48
TX,REAL,3,,173,48,1748148.0,1747484,1748148.0,,,,4629,1748148000	ID:3	[INFO: Metric    ] METRIC_TX type=REAL node=3 seq=173 bytes=48 time_ms=1747484
TX,DUMMY,3,,61,48,1748149.0,1747485,1748149.0,,,,4630,1748149000	ID:3	[INFO: Metric    ] METRIC_TX type=DUMMY node=3 seq=61 bytes=48 time_ms=1747485
RX,REAL,,3,173,48,1748220.168,1747717,1748220.168,1747484,1747717,72.16800000006333,4631,1748220168	ID:1	[INFO: Metric    ] METRIC_RX type=REAL src=3 seq=173 send_ms=1747484 recv_ms=1747717 bytes=48
RX,DUMMY,,3,61,48,1748237.168,1747734,1748237.168,1747485,1747734,,4632,1748237168	ID:1	[INFO: Metric    ] METRIC_RX type=DUMMY src=3 seq=61 send_ms=1747485 recv_ms=1747734 bytes=48
TX,REAL,5,,174,48,1751556.0,1751219,1751556.0,,,,4636,1751556000	ID:5	[INFO: Metric    ] METRIC_TX type=REAL node=5 seq=174 bytes=48 time_ms=1751219
TX,DUMMY,5,,58,48,1751557.0,1751220,1751557.0,,,,4637,1751557000	ID:5	[INFO: Metric    ] METRIC_TX type=DUMMY node=5 seq=58 bytes=48 time_ms=1751220
RX,REAL,,5,174,48,1751614.168,1751111,1751614.168,1751219,1751111,58.16800000006333,4638,1751614168	ID:1	[INFO: Metric    ] METRIC_RX type=REAL src=5 seq=174 send_ms=1751219 recv_ms=1751111 bytes=48
RX,DUMMY,,5,58,48,1751632.168,1751129,1751632.168,1751220,1751129,,4639,1751632168	ID:1	[INFO: Metric    ] METRIC_RX type=DUMMY src=5 seq=58 send_ms=1751220 recv_ms=1751129 bytes=48
TX,REAL,2,,175,48,1752251.0,1751388,1752251.0,,,,4642,1752251000	ID:2	[INFO: Metric    ] METRIC_TX type=REAL node=2 seq=175 bytes=48 time_ms=1751388
RX,REAL,,2,175,48,1752262.88,1751759,1752262.88,1751388,1751759,11.879999999888241,4643,1752262880	ID:1	[INFO: Metric    ] METRIC_RX type=REAL src=2 seq=175 send_ms=1751388 recv_ms=1751759 bytes=48
TX,REAL,6,,172,48,1752586.0,1751647,1752586.0,,,,4645,1752586000	ID:6	[INFO: Metric    ] METRIC_TX type=REAL node=6 seq=172 bytes=48 time_ms=1751647
RX,REAL,,6,172,48,1752594.88,1752091,1752594.88,1751647,1752091,8.879999999888241,4646,1752594880	ID:1	[INFO: Metric    ] METRIC_RX type=REAL src=6 seq=172 send_ms=1751647 recv_ms=1752091 bytes=48
TX,REAL,7,,174,48,1754425.0,1754106,1754425.0,,,,4648,1754425000	ID:7	[INFO: Metric    ] METRIC_TX type=REAL node=7 seq=174 bytes=48 time_ms=1754106
TX,DUMMY,7,,72,48,1754426.0,1754107,1754426.0,,,,4649,1754426000	ID:7	[INFO: Metric    ] METRIC_TX type=DUMMY node=7 seq=72 bytes=48 time_ms=1754107
RX,REAL,,7,174,48,1754446.88,1753943,1754446.88,1754106,1753943,21.87999999988824,4650,1754446880	ID:1	[INFO: Metric    ] METRIC_RX type=REAL src=7 seq=174 send_ms=1754106 recv_ms=1753943 bytes=48
RX,DUMMY,,7,72,48,1754545.88,1754042,1754545.88,1754107,1754042,,4652,1754545880	ID:1	[INFO: Metric    ] METRIC_RX type=DUMMY src=7 seq=72 send_ms=1754107 recv_ms=1754042 bytes=48
TX,REAL,4,,173,48,1755810.0,1755517,1755810.0,,,,4654,1755810000	ID:4	[INFO: Metric    ] METRIC_TX type=REAL node=4 seq=173 bytes=48 time_ms=1755517
RX,REAL,,4,173,48,1755852.168,1755349,1755852.168,1755517,1755349,42.16800000006333,4655,1755852168	ID:1	[INFO: Metric    ] METRIC_RX type=REAL src=4 seq=173 send_ms=1755517 recv_ms=1755349 bytes=48
TX,REAL,3,,174,48,1756150.0,1755486,1756150.0,,,,4657,1756150000	ID:3	[INFO: Metric    ] METRIC_TX type=REAL node=3 seq=174 bytes=48 time_ms=1755486
TX,DUMMY,3,,62,48,1756151.0,1755487,1756151.0,,,,4658,1756151000	ID:3	[INFO: Metric    ] METRIC_TX type=DUMMY node=3 seq=62 bytes=48 time_ms=1755487
RX,REAL,,3,174,48,1756212.168,1755709,1756212.168,1755486,1755709,62.16800000006333,4659,1756212168	ID:1	[INFO: Metric    ] METRIC_RX type=REAL src=3 seq=174 send_ms=1755486 recv_ms=1755709 bytes=48
RX,DUMMY,,3,62,48,1756274.168,1755771,1756274.168,1755487,1755771,,4661,1756274168	ID:1	[INFO: Metric    ] METRIC_RX type=DUMMY src=3 seq=62 send_ms=1755487 recv_ms=1755771 bytes=48
TX,REAL,5,,175,48,1761558.0,1761221,1761558.0,,,,4663,1761558000	ID:5	[INFO: Metric    ] METRIC_TX type=REAL node=5 seq=175 bytes=48 time_ms=1761221
TX,DUMMY,5,,59,48,1761559.0,1761222,1761559.0,,,,4664,1761559000	ID:5	[INFO: Metric    ] METRIC_TX type=DUMMY node=5 seq=59 bytes=48 time_ms=1761222
RX,REAL,,5,175,48,1761624.168,1761121,1761624.168,1761221,1761121,66.16800000006333,4665,1761624168	ID:1	[INFO: Metric    ] METRIC_RX type=REAL src=5 seq=175 send_ms=1761221 recv_ms=1761121 bytes=48
RX,DUMMY,,5,59,48,1761673.168,1761170,1761673.168,1761222,1761170,,4667,1761673168	ID:1	[INFO: Metric    ] METRIC_RX type=DUMMY src=5 seq=59 send_ms=1761222 recv_ms=1761170 bytes=48
TX,REAL,6,,173,48,1762587.0,1761648,1762587.0,,,,4670,1762587000	ID:6	[INFO: Metric    ] METRIC_TX type=REAL node=6 seq=173 bytes=48 time_ms=1761648
TX,DUMMY,6,,48,48,1762588.0,1761649,1762588.0,,,,4671,1762588000	ID:6	[INFO: Metric    ] METRIC_TX type=DUMMY node=6 seq=48 bytes=48 time_ms=1761649
RX,REAL,,6,173,48,1762625.88,1762122,1762625.88,1761648,1762122,38.87999999988824,4672,1762625880	ID:1	[INFO: Metric    ] METRIC_RX type=REAL src=6 seq=173 send_ms=1761648 recv_ms=1762122 bytes=48
RX,DUMMY,,6,48,48,1762636.88,1762133,1762636.88,1761649,1762133,,4673,1762636880	ID:1	[INFO: Metric    ] METRIC_RX type=DUMMY src=6 seq=48 send_ms=1761649 recv_ms=1762133 bytes=48
TX,REAL,2,,176,48,1763252.0,1762389,1763252.0,,,,4676,1763252000	ID:2	[INFO: Metric    ] METRIC_TX type=REAL node=2 seq=176 bytes=48 time_ms=1762389
RX,REAL,,2,176,48,1763292.88,1762789,1763292.88,1762389,1762789,40.87999999988824,4677,1763292880	ID:1	[INFO: Metric    ] METRIC_RX type=REAL src=2 seq=176 send_ms=1762389 recv_ms=1762789 bytes=48
TX,REAL,7,,175,48,1763427.0,1763108,1763427.0,,,,4679,1763427000	ID:7	[INFO: Metric    ] METRIC_TX type=REAL node=7 seq=175 bytes=48 time_ms=1763108
TX,DUMMY,7,,73,48,1763428.0,1763109,1763428.0,,,,4680,1763428000	ID:7	[INFO: Metric    ] METRIC_TX type=DUMMY node=7 seq=73 bytes=48 time_ms=1763109
RX,REAL,,7,175,48,1763435.88,1762932,1763435.88,1763108,1762932,8.879999999888241,4681,1763435880	ID:1	[INFO: Metric    ] METRIC_RX type=REAL src=7 seq=175 send_ms=1763108 recv_ms=1762932 bytes=48
RX,DUMMY,,7,73,48,1763470.88,1762967,1763470.88,1763109,1762967,,4682,1763470880	ID:1	[INFO: Metric    ] METRIC_RX type=DUMMY src=7 seq=73 send_ms=1763109 recv_ms=1762967 bytes=48
TX,REAL,3,,175,48,1765152.0,1764488,1765152.0,,,,4685,1765152000	ID:3	[INFO: Metric    ] METRIC_TX type=REAL node=3 seq=175 bytes=48 time_ms=1764488
TX,DUMMY,3,,63,48,1765153.0,1764489,1765153.0,,,,4686,1765153000	ID:3	[INFO: Metric    ] METRIC_TX type=DUMMY node=3 seq=63 bytes=48 time_ms=1764489
RX,REAL,,3,175,48,1765182.168,1764679,1765182.168,1764488,1764679,30.16800000006333,4687,1765182168	ID:1	[INFO: Metric    ] METRIC_RX type=REAL src=3 seq=175 send_ms=1764488 recv_ms=1764679 bytes=48
RX,DUMMY,,3,63,48,1765224.168,1764721,1765224.168,1764489,1764721,,4688,1765224168	ID:1	[INFO: Metric    ] METRIC_RX type=DUMMY src=3 seq=63 send_ms=1764489 recv_ms=1764721 bytes=48
TX,REAL,4,,174,48,1765811.0,1765518,1765811.0,,,,4691,1765811000	ID:4	[INFO: Metric    ] METRIC_TX type=REAL node=4 seq=174 bytes=48 time_ms=1765518
RX,REAL,,4,174,48,1765887.168,1765384,1765887.168,1765518,1765384,76.16800000006333,4692,1765887168	ID:1	[INFO: Metric    ] METRIC_RX type=REAL src=4 seq=174 send_ms=1765518 recv_ms=1765384 bytes=48
TX,REAL,7,,176,48,1771429.0,1771110,1771429.0,,,,4694,1771429000	ID:7	[INFO: Metric    ] METRIC_TX type=REAL node=7 seq=176 bytes=48 time_ms=1771110
RX,REAL,,7,176,48,1771439.88,1770936,1771439.88,1771110,1770936,10.879999999888241,4695,1771439880	ID:1	[INFO: Metric    ] METRIC_RX type=REAL src=7 seq=176 send_ms=1771110 recv_ms=1770936 bytes=48
TX,REAL,5,,176,48,1771560.0,1771223,1771560.0,,,,4698,1771560000	ID:5	[INFO: Metric    ] METRIC_TX type=REAL node=5 seq=176 bytes=48 time_ms=1771223
RX,REAL,,5,176,48,1771608.168,1771105,1771608.168,1771223,1771105,48.16800000006333,4699,1771608168	ID:1	[INFO: Metric    ] METRIC_RX type=REAL src=5 seq=176 send_ms=1771223 recv_ms=1771105 bytes=48
TX,REAL,6,,174,48,1772589.0,1771650,1772589.0,,,,4701,1772589000	ID:6	[INFO: Metric    ] METRIC_TX type=REAL node=6 seq=174 bytes=48 time_ms=1771650
RX,REAL,,6,174,48,1772611.88,1772108,1772611.88,1771650,1772108,22.87999999988824,4702,1772611880	ID:1	[INFO: Metric    ] METRIC_RX type=REAL src=6 seq=174 send_ms=1771650 recv_ms=1772108 bytes=48
TX,REAL,2,,177,48,1773253.0,1772390,1773253.0,,,,4704,1773253000	ID:2	[INFO: Metric    ] METRIC_TX type=REAL node=2 seq=177 bytes=48 time_ms=1772390
TX,DUMMY,2,,57,48,1773254.0,1772391,1773254.0,,,,4705,1773254000	ID:2	[INFO: Metric    ] METRIC_TX type=DUMMY node=2 seq=57 bytes=48 time_ms=1772391
RX,REAL,,2,177,48,1773259.88,1772756,1773259.88,1772390,1772756,6.879999999888241,4706,1773259880	ID:1	[INFO: Metric    ] METRIC_RX type=REAL src=2 seq=177 send_ms=1772390 recv_ms=1772756 bytes=48
RX,DUMMY,,2,57,48,1773273.88,1772770,1773273.88,1772391,1772770,,4707,1773273880	ID:1	[INFO: Metric    ] METRIC_RX type=DUMMY src=2 seq=57 send_ms=1772391 recv_ms=1772770 bytes=48
TX,REAL,3,,176,48,1776154.0,1775490,1776154.0,,,,4710,1776154000	ID:3	[INFO: Metric    ] METRIC_TX type=REAL node=3 seq=176 bytes=48 time_ms=1775490
RX,REAL,,3,176,48,1776226.168,1775723,1776226.168,1775490,1775723,72.16800000006333,4711,1776226168	ID:1	[INFO: Metric    ] METRIC_RX type=REAL src=3 seq=176 send_ms=1775490 recv_ms=1775723 bytes=48
TX,REAL,4,,175,48,1777812.0,1777519,1777812.0,,,,4713,1777812000	ID:4	[INFO: Metric    ] METRIC_TX type=REAL node=4 seq=175 bytes=48 time_ms=1777519
RX,REAL,,4,175,48,1777887.168,1777384,1777887.168,1777519,1777384,75.16800000006333,4714,1777887168	ID:1	[INFO: Metric    ] METRIC_RX type=REAL src=4 seq=175 send_ms=1777519 recv_ms=1777384 bytes=48
TX,REAL,7,,177,48,1779430.0,1779111,1779430.0,,,,4716,1779430000	ID:7	[INFO: Metric    ] METRIC_TX type=REAL node=7 seq=177 bytes=48 time_ms=1779111
TX,DUMMY,7,,74,48,1779431.0,1779112,1779431.0,,,,4717,1779431000	ID:7	[INFO: Metric    ] METRIC_TX type=DUMMY node=7 seq=74 bytes=48 time_ms=1779112
RX,REAL,,7,177,48,1779471.88,1778968,1779471.88,1779111,1778968,41.87999999988824,4718,1779471880	ID:1	[INFO: Metric    ] METRIC_RX type=REAL src=7 seq=177 send_ms=1779111 recv_ms=1778968 bytes=48
RX,DUMMY,,7,74,48,1779554.88,1779051,1779554.88,1779112,1779051,,4720,1779554880	ID:1	[INFO: Metric    ] METRIC_RX type=DUMMY src=7 seq=74 send_ms=1779112 recv_ms=1779051 bytes=48
TX,REAL,5,,177,48,1781561.0,1781224,1781561.0,,,,4722,1781561000	ID:5	[INFO: Metric    ] METRIC_TX type=REAL node=5 seq=177 bytes=48 time_ms=1781224
RX,REAL,,5,177,48,1781621.168,1781118,1781621.168,1781224,1781118,60.16800000006333,4723,1781621168	ID:1	[INFO: Metric    ] METRIC_RX type=REAL src=5 seq=177 send_ms=1781224 recv_ms=1781118 bytes=48
TX,REAL,6,,175,48,1782590.0,1781651,1782590.0,,,,4725,1782590000	ID:6	[INFO: Metric    ] METRIC_TX type=REAL node=6 seq=175 bytes=48 time_ms=1781651
TX,DUMMY,6,,49,48,1782591.0,1781652,1782591.0,,,,4726,1782591000	ID:6	[INFO: Metric    ] METRIC_TX type=DUMMY node=6 seq=49 bytes=48 time_ms=1781652
RX,REAL,,6,175,48,1782623.88,1782120,1782623.88,1781651,1782120,33.87999999988824,4727,1782623880	ID:1	[INFO: Metric    ] METRIC_RX type=REAL src=6 seq=175 send_ms=1781651 recv_ms=1782120 bytes=48
RX,DUMMY,,6,49,48,1782659.88,1782156,1782659.88,1781652,1782156,,4730,1782659880	ID:1	[INFO: Metric    ] METRIC_RX type=DUMMY src=6 seq=49 send_ms=1781652 recv_ms=1782156 bytes=48
TX,REAL,2,,178,48,1785255.0,1784392,1785255.0,,,,4732,1785255000	ID:2	[INFO: Metric    ] METRIC_TX type=REAL node=2 seq=178 bytes=48 time_ms=1784392
TX,DUMMY,2,,58,48,1785256.0,1784393,1785256.0,,,,4733,1785256000	ID:2	[INFO: Metric    ] METRIC_TX type=DUMMY node=2 seq=58 bytes=48 time_ms=1784393
RX,REAL,,2,178,48,1785300.88,1784797,1785300.88,1784392,1784797,45.87999999988824,4734,1785300880	ID:1	[INFO: Metric    ] METRIC_RX type=REAL src=2 seq=178 send_ms=1784392 recv_ms=1784797 bytes=48
RX,DUMMY,,2,58,48,1785315.88,1784812,1785315.88,1784393,1784812,,4735,1785315880	ID:1	[INFO: Metric    ] METRIC_RX type=DUMMY src=2 seq=58 send_ms=1784393 recv_ms=1784812 bytes=48
TX,REAL,4,,176,48,1785813.0,1785520,1785813.0,,,,4738,1785813000	ID:4	[INFO: Metric    ] METRIC_TX type=REAL node=4 seq=176 bytes=48 time_ms=1785520
TX,DUMMY,4,,61,48,1785814.0,1785521,1785814.0,,,,4739,1785814000	ID:4	[INFO: Metric    ] METRIC_TX type=DUMMY node=4 seq=61 bytes=48 time_ms=1785521
RX,REAL,,4,176,48,1785884.168,1785381,1785884.168,1785520,1785381,71.16800000006333,4740,1785884168	ID:1	[INFO: Metric    ] METRIC_RX type=REAL src=4 seq=176 send_ms=1785520 recv_ms=1785381 bytes=48
RX,DUMMY,,4,61,48,1785914.168,1785411,1785914.168,1785521,1785411,,4741,1785914168	ID:1	[INFO: Metric    ] METRIC_RX type=DUMMY src=4 seq=61 send_ms=1785521 recv_ms=1785411 bytes=48
TX,REAL,3,,177,48,1786155.0,1785491,1786155.0,,,,4744,1786155000	ID:3	[INFO: Metric    ] METRIC_TX type=REAL node=3 seq=177 bytes=48 time_ms=1785491
TX,DUMMY,3,,64,48,1786156.0,1785492,1786156.0,,,,4745,1786156000	ID:3	[INFO: Metric    ] METRIC_TX type=DUMMY node=3 seq=64 bytes=48 time_ms=1785492
RX,REAL,,3,177,48,1786206.168,1785703,1786206.168,1785491,1785703,51.16800000006333,4746,1786206168	ID:1	[INFO: Metric    ] METRIC_RX type=REAL src=3 seq=177 send_ms=1785491 recv_ms=1785703 bytes=48
RX,DUMMY,,3,64,48,1786225.168,1785722,1786225.168,1785492,1785722,,4747,1786225168	ID:1	[INFO: Metric    ] METRIC_RX type=DUMMY src=3 seq=64 send_ms=1785492 recv_ms=1785722 bytes=48
TX,REAL,7,,178,48,1788432.0,1788113,1788432.0,,,,4750,1788432000	ID:7	[INFO: Metric    ] METRIC_TX type=REAL node=7 seq=178 bytes=48 time_ms=1788113
TX,DUMMY,7,,75,48,1788433.0,1788114,1788433.0,,,,4751,1788433000	ID:7	[INFO: Metric    ] METRIC_TX type=DUMMY node=7 seq=75 bytes=48 time_ms=1788114
RX,REAL,,7,178,48,1788444.88,1787941,1788444.88,1788113,1787941,12.879999999888241,4752,1788444880	ID:1	[INFO: Metric    ] METRIC_RX type=REAL src=7 seq=178 send_ms=1788113 recv_ms=1787941 bytes=48
RX,DUMMY,,7,75,48,1788471.88,1787968,1788471.88,1788114,1787968,,4753,1788471880	ID:1	[INFO: Metric    ] METRIC_RX type=DUMMY src=7 seq=75 send_ms=1788114 recv_ms=1787968 bytes=48
TX,REAL,5,,178,48,1790562.0,1790225,1790562.0,,,,4756,1790562000	ID:5	[INFO: Metric    ] METRIC_TX type=REAL node=5 seq=178 bytes=48 time_ms=1790225
TX,DUMMY,5,,60,48,1790563.0,1790226,1790563.0,,,,4757,1790563000	ID:5	[INFO: Metric    ] METRIC_TX type=DUMMY node=5 seq=60 bytes=48 time_ms=1790226
RX,REAL,,5,178,48,1790618.168,1790115,1790618.168,1790225,1790115,56.16800000006333,4758,1790618168	ID:1	[INFO: Metric    ] METRIC_RX type=REAL src=5 seq=178 send_ms=1790225 recv_ms=1790115 bytes=48
RX,DUMMY,,5,60,48,1790626.168,1790123,1790626.168,1790226,1790123,,4760,1790626168	ID:1	[INFO: Metric    ] METRIC_RX type=DUMMY src=5 seq=60 send_ms=1790226 recv_ms=1790123 bytes=48
TX,REAL,6,,176,48,1791592.0,1790653,1791592.0,,,,4763,1791592000	ID:6	[INFO: Metric    ] METRIC_TX type=REAL node=6 seq=176 bytes=48 time_ms=1790653
TX,DUMMY,6,,50,48,1791593.0,1790654,1791593.0,,,,4764,1791593000	ID:6	[INFO: Metric    ] METRIC_TX type=DUMMY node=6 seq=50 bytes=48 time_ms=1790654
RX,REAL,,6,176,48,1791627.88,1791124,1791627.88,1790653,1791124,35.87999999988824,4765,1791627880	ID:1	[INFO: Metric    ] METRIC_RX type=REAL src=6 seq=176 send_ms=1790653 recv_ms=1791124 bytes=48
RX,DUMMY,,6,50,48,1791672.88,1791169,1791672.88,1790654,1791169,,4767,1791672880	ID:1	[INFO: Metric    ] METRIC_RX type=DUMMY src=6 seq=50 send_ms=1790654 recv_ms=1791169 bytes=48
TX,REAL,4,,177,48,1794815.0,1794522,1794815.0,,,,4769,1794815000	ID:4	[INFO: Metric    ] METRIC_TX type=REAL node=4 seq=177 bytes=48 time_ms=1794522
TX,DUMMY,4,,62,48,1794816.0,1794523,1794816.0,,,,4770,1794816000	ID:4	[INFO: Metric    ] METRIC_TX type=DUMMY node=4 seq=62 bytes=48 time_ms=1794523
RX,REAL,,4,177,48,1794849.168,1794346,1794849.168,1794522,1794346,34.16800000006333,4771,1794849168	ID:1	[INFO: Metric    ] METRIC_RX type=REAL src=4 seq=177 send_ms=1794522 recv_ms=1794346 bytes=48
RX,DUMMY,,4,62,48,1794910.168,1794407,1794910.168,1794523,1794407,,4772,1794910168	ID:1	[INFO: Metric    ] METRIC_RX type=DUMMY src=4 seq=62 send_ms=1794523 recv_ms=1794407 bytes=48
TX,REAL,2,,179,48,1796257.0,1795394,1796257.0,,,,4775,1796257000	ID:2	[INFO: Metric    ] METRIC_TX type=REAL node=2 seq=179 bytes=48 time_ms=1795394
TX,DUMMY,2,,59,48,1796258.0,1795395,1796258.0,,,,4776,1796258000	ID:2	[INFO: Metric    ] METRIC_TX type=DUMMY node=2 seq=59 bytes=48 time_ms=1795395
RX,REAL,,2,179,48,1796288.88,1795785,1796288.88,1795394,1795785,31.87999999988824,4777,1796288880	ID:1	[INFO: Metric    ] METRIC_RX type=REAL src=2 seq=179 send_ms=1795394 recv_ms=1795785 bytes=48
RX,DUMMY,,2,59,48,1796331.88,1795828,1796331.88,1795395,1795828,,4779,1796331880	ID:1	[INFO: Metric    ] METRIC_RX type=DUMMY src=2 seq=59 send_ms=1795395 recv_ms=1795828 bytes=48
TX,REAL,7,,179,48,1797434.0,1797115,1797434.0,,,,4781,1797434000	ID:7	[INFO: Metric    ] METRIC_TX type=REAL node=7 seq=179 bytes=48 time_ms=1797115
RX,REAL,,7,179,48,1797456.88,1796953,1797456.88,1797115,1796953,22.87999999988824,4782,1797456880	ID:1	[INFO: Metric    ] METRIC_RX type=REAL src=7 seq=179 send_ms=1797115 recv_ms=1796953 bytes=48
TX,REAL,3,,178,48,1798157.0,1797493,1798157.0,,,,4784,1798157000	ID:3	[INFO: Metric    ] METRIC_TX type=REAL node=3 seq=178 bytes=48 time_ms=1797493
RX,REAL,,3,178,48,1798194.168,1797691,1798194.168,1797493,1797691,37.16800000006333,4785,1798194168	ID:1	[INFO: Metric    ] METRIC_RX type=REAL src=3 seq=178 send_ms=1797493 recv_ms=1797691 bytes=48
TX,REAL,5,,179,48,1798564.0,1798227,1798564.0,,,,4787,1798564000	ID:5	[INFO: Metric    ] METRIC_TX type=REAL node=5 seq=179 bytes=48 time_ms=1798227
TX,DUMMY,5,,61,48,1798565.0,1798228,1798565.0,,,,4788,1798565000	ID:5	[INFO: Metric    ] METRIC_TX type=DUMMY node=5 seq=61 bytes=48 time_ms=1798228
RX,REAL,,5,179,48,1798625.168,1798122,1798625.168,1798227,1798122,61.16800000006333,4789,1798625168	ID:1	[INFO: Metric    ] METRIC_RX type=REAL src=5 seq=179 send_ms=1798227 recv_ms=1798122 bytes=48
RX,DUMMY,,5,61,48,1798667.168,1798164,1798667.168,1798228,1798164,,4791,1798667168	ID:1	[INFO: Metric    ] METRIC_RX type=DUMMY src=5 seq=61 send_ms=1798228 recv_ms=1798164 bytes=48
