{
  "split": "test",
  "model_type": "mlp",
  "accuracy": 0.18939819415042985,
  "f1_macro": 0.08599736932032886,
  "precision_macro": 0.11108003720793407,
  "recall_macro": 0.1788568580272944,
  "per_class_recall": {
    "Bathe": 0.7575757575757576,
    "Bed_Toilet_Transition": 0.14563106796116504,
    "Cook": 0.03582089552238806,
    "Cook_Breakfast": 0.0,
    "Cook_Dinner": 0.0,
    "Cook_Lunch": 0.10285714285714286,
    "Dress": 0.001878522229179712,
    "Drink": 0.018867924528301886,
    "Eat": 0.3018867924528302,
    "Eat_Breakfast": 0.0,
    "Eat_Dinner": 0.31451612903225806,
    "Eat_Lunch": 0.0,
    "Enter_Home": 0.8941176470588236,
    "Entertain_Guests": 0.0,
    "Evening_Meds": 0.011976047904191617,
    "Go_To_Sleep": 0.3333333333333333,
    "Groom": 0.0,
    "Leave_Home": 0.046012269938650305,
    "Morning_Meds": 0.09487179487179487,
    "Personal_Hygiene": 0.009359251259899209,
    "Phone": 0.04419889502762431,
    "Read": 0.27158774373259054,
    "Relax": 0.006012024048096192,
    "Sleep": 0.9231490159325211,
    "Sleep_Out_Of_Bed": 0.0,
    "Step_Out": 0.040268456375838924,
    "Toilet": 0.20293724966622162,
    "Wake_Up": 0.0,
    "Wash_Breakfast_Dishes": 0.0,
    "Wash_Dinner_Dishes": 0.657243816254417,
    "Wash_Dishes": 0.0,
    "Wash_Lunch_Dishes": 0.0,
    "Watch_TV": 0.13975866809225598,
    "Work_At_Table": 0.7272727272727273
  },
  "confusion_matrix": [
    [
      1325,
      190,
      0,
      0,
      0,
      0,
      0,
      0,
      0,
      0,
      1,
      0,
      1,
      0,
      0,
      106,
      0,
      0,
      0,
      12,
      0,
      0,
      0,
      31,
      0,
      2,
      81,
      0,
      0,
      0,
      0,
      0,
      0,
      0
    ],
    [
      34,
      15,
      0,
      0,
      0,
      0,
      0,
      0,
      0,
      0,
      0,
      0,
      0,
      0,
      0,
      38,
      0,
      0,
      0,
      1,
      0,
      0,
      0,
      11,
      0,
      0,
      4,
      0,
      0,
      0,
      0,
      0,
      0,
      0
    ],
    [
      0,
      1,
      12,
      0,
      0,
      26,
      0,
      9,
      28,
      1,
      3,
      0,
      3,
      0,
      2,
      1,
      0,
      1,
      9,
      0,
      1,
      0,
      0,
      1,
      0,
      2,
      3,
      0,
      0,
      225,
      0,
      0,
      0,
      7
    ],
    [
      0,
      0,
      63,
      0,
      0,
      190,
      0,
      30,
      110,
      0,
      25,
      0,
      10,
      0,
      4,
      0,
      0,
      1,
      64,
      0,
      2,
      0,
      0,
      1,
      0,
      5,
      5,
      0,
      0,
      1259,
      0,
      0,
      2,
      24
    ],
    [
      0,
      0,
      20,
      0,
      0,
      57,
      0,
      14,
      55,
      0,
      12,
      0,
      9,
      0,
      5,
      0,
      0,
      0,
      22,
      0,
      3,
      0,
      0,
      0,
      0,
      2,
      2,
      0,
      0,
      427,
      0,
      0,
      0,
      11
    ],
    [
      0,
      0,
      13,
      0,
      0,
      36,
      0,
      6,
      23,
      0,
      1,
      0,
      6,
      0,
      1,
      0,
      0,
      0,
      17,
      0,
      0,
      0,
      0,
      0,
      0,
      0,
      3,
      0,
      0,
      237,
      0,
      0,
      0,
      7
    ],
    [
      11,
      58,
      0,
      0,
      0,
      0,
      3,
      0,
      13,
      0,
      3,
      0,
      34,
      2,
      1,
      228,
      0,
      7,
      0,
      1,
      2,
      3,
      0,
      1171,
      0,
      28,
      24,
      0,
      0,
      1,
      0,
      0,
      1,
      6
    ],
    [
      0,
      0,
      10,
      0,
      0,
      27,
      0,
      8,
      83,
      0,
      21,
      0,
      13,
      0,
      6,
      3,
      0,
      5,
      35,
      0,
      3,
      2,
      0,
      1,
      0,
      3,
      4,
      0,
      0,
      179,
      0,
      0,
      0,
      21
    ],
    [
      0,
      0,
      0,
      0,
      0,
      1,
      0,
      0,
      16,
      0,
      15,
      0,
      2,
      0,
      0,
      0,
      0,
      1,
      5,
      0,
      0,
      3,
      0,
      0,
      0,
      1,
      1,
      0,
      0,
      0,
      0,
      0,
      7,
      1
    ],
    [
      0,
      0,
      3,
      0,
      0,
      6,
      0,
      9,
      62,
      0,
      107,
      0,
      11,
      1,
      1,
      1,
      0,
      2,
      13,
      0,
      1,
      65,
      3,
      0,
      0,
      3,
      7,
      0,
      0,
      8,
      0,
      0,
      24,
      11
    ],
    [
      0,
      0,
      2,
      0,
      0,
      4,
      0,
      1,
      20,
      0,
      39,
      0,
      0,
      0,
      0,
      0,
      0,
      1,
      2,
      0,
      0,
      33,
      0,
      0,
      0,
      1,
      0,
      0,
      0,
      1,
      0,
      0,
      14,
      6
    ],
    [
      0,
      0,
      0,
      0,
      0,
      1,
      0,
      1,
      16,
      0,
      21,
      0,
      5,
      0,
      0,
      0,
      0,
      2,
      5,
      0,
      0,
      19,
      1,
      0,
      0,
      0,
      0,
      0,
      0,
      2,
      0,
      0,
      8,
      7
    ],
    [
      1,
      0,
      0,
      0,
      0,
      0,
      0,
      0,
      1,
      0,
      2,
      0,
      228,
      0,
      0,
      0,
      0,
      2,
      0,
      0,
      1,
      1,
      0,
      0,
      0,
      14,
      2,
      0,
      0,
      0,
      0,
      0,
      0,
      3
    ],
    [
      3,
      3,
      5,
      0,
      0,
      14,
      2,
      7,
      38,
      0,
      6,
      0,
      34,
      0,
      2,
      6,
      0,
      1,
      20,
      0,
      3,
      2,
      0,
      19,
      0,
      11,
      17,
      0,
      0,
      85,
      0,
      0,
      2,
      13
    ],
    [
      0,
      0,
      8,
      0,
      0,
      25,
      1,
      15,
      77,
      0,
      15,
      0,
      3,
      0,
      4,
      0,
      0,
      0,
      23,
      0,
      1,
      1,
      0,
      2,
      0,
      3,
      2,
      0,
      0,
      135,
      0,
      0,
      1,
      18
    ],
    [
      3,
      3,
      0,
      0,
      0,
      0,
      0,
      0,
      0,
      0,
      0,
      0,
      1,
      0,
      0,
      15,
      0,
      0,
      0,
      0,
      0,
      1,
      1,
      19,
      0,
      0,
      2,
      0,
      0,
      0,
      0,
      0,
      0,
      0
    ],
    [
      92,
      24,
      0,
      0,
      0,
      0,
      0,
      0,
      1,
      0,
      1,
      0,
      1,
      0,
      0,
      39,
      0,
      0,
      0,
      3,
      3,
      1,
      0,
      14,
      0,
      1,
      8,
      0,
      0,
      0,
      0,
      0,
      0,
      0
    ],
    [
      10,
      4,
      0,
      0,
      0,
      1,
      1,
      0,
      8,
      0,
      72,
      1,
      67,
      1,
      0,
      11,
      0,
      15,
      2,
      1,
      5,
      34,
      7,
      11,
      0,
      20,
      29,
      0,
      0,
      0,
      0,
      0,
      17,
      9
    ],
    [
      0,
      0,
      9,
      0,
      0,
      29,
      0,
      10,
      67,
      0,
      11,
      0,
      30,
      0,
      1,
      1,
      0,
      1,
      37,
      0,
      0,
      2,
      0,
      0,
      0,
      6,
      0,
      0,
      0,
      166,
      0,
      0,
      0,
      20
    ],
    [
      730,
      149,
      0,
      0,
      0,
      0,
      0,
      0,
      16,
      1,
      16,
      0,
      33,
      0,
      0,
      171,
      0,
      19,
      3,
      13,
      16,
      5,
      1,
      52,
      0,
      7,
      141,
      0,
      0,
      1,
      0,
      0,
      3,
      12
    ],
    [
      0,
      0,
      0,
      0,
      0,
      1,
      0,
      0,
      14,
