{
  "split": "test",
  "model_type": "lstm",
  "accuracy": 0.03762906640169352,
  "f1_macro": 0.03311543987360175,
  "precision_macro": 0.07717776744949441,
  "recall_macro": 0.06247601779130371,
  "per_class_recall": {
    "Bathe": 0.02199074074074074,
    "Bed_Toilet_Transition": 0.0125,
    "Cook": 0.0,
    "Cook_Breakfast": 0.0,
    "Cook_Dinner": 0.0,
    "Cook_Lunch": 0.0,
    "Dress": 0.05388471177944862,
    "Drink": 0.027160493827160494,
    "Eat": 0.0,
    "Eat_Breakfast": 0.0,
    "Eat_Dinner": 0.0,
    "Eat_Lunch": 0.0,
    "Enter_Home": 0.2054263565891473,
    "Entertain_Guests": 0.8861209964412812,
    "Evening_Meds": 0.006172839506172839,
    "Go_To_Sleep": 0.0,
    "Groom": 0.005434782608695652,
    "Leave_Home": 0.12256267409470752,
    "Morning_Meds": 0.0,
    "Personal_Hygiene": 0.10465949820788531,
    "Phone": 0.03333333333333333,
    "Read": 0.0,
    "Relax": 0.0,
    "Sleep": 0.013579049466537343,
    "Sleep_Out_Of_Bed": 0.01015228426395939,
    "Step_Out": 0.0,
    "Toilet": 0.10776439089692101,
    "Wake_Up": 0.0,
    "Wash_Breakfast_Dishes": 0.12058823529411765,
    "Wash_Dinner_Dishes": 0.0,
    "Wash_Dishes": 0.002702702702702703,
    "Wash_Lunch_Dishes": 0.056818181818181816,
    "Watch_TV": 0.0,
    "Work_At_Table": 0.3333333333333333
  },
  "confusion_matrix": [
    [
      38,
      12,
      0,
      0,
      0,
      0,
      7,
      1,
      0,
      0,
      0,
      0,
      1,
      1246,
      1,
      5,
      3,
      76,
      0,
      182,
      0,
      0,
      0,
      0,
      0,
      1,
      152,
      0,
      3,
      0,
      0,
      0,
      0,
      0
    ],
    [
      1,
      1,
      0,
      0,
      0,
      0,
      0,
      0,
      0,
      0,
      0,
      1,
      0,
      58,
      0,
      0,
      0,
      2,
      0,
      6,
      0,
      0,
      0,
      0,
      0,
      0,
      10,
      0,
      1,
      0,
      0,
      0,
      0,
      0
    ],
    [
      1,
      0,
      0,
      0,
      0,
      0,
      1,
      2,
      0,
      0,
      0,
      1,
      6,
      213,
      1,
      0,
      0,
      1,
      0,
      1,
      0,
      0,
      0,
      0,
      0,
      0,
      6,
      1,
      61,
      0,
      0,
      14,
      0,
      2
    ],
    [
      2,
      0,
      1,
      0,
      7,
      0,
      12,
      16,
      0,
      0,
      0,
      0,
      39,
      1297,
      4,
      1,
      0,
      5,
      0,
      16,
      4,
      0,
      0,
      1,
      2,
      3,
      35,
      0,
      285,
      0,
      3,
      107,
      0,
      3
    ],
    [
      0,
      0,
      0,
      0,
      0,
      1,
      5,
      7,
      1,
      0,
      0,
      0,
      14,
      488,
      3,
      4,
      0,
      1,
      0,
      5,
      0,
      0,
      0,
      0,
      0,
      1,
      9,
      0,
      83,
      0,
      3,
      23,
      0,
      0
    ],
    [
      0,
      0,
      0,
      0,
      1,
      0,
      0,
      1,
      0,
      0,
      0,
      0,
      6,
      266,
      0,
      0,
      0,
      2,
      0,
      5,
      0,
      0,
      0,
      0,
      0,
      0,
      3,
      0,
      56,
      1,
      0,
      13,
      0,
      0
    ],
    [
      2,
      0,
      0,
      0,
      0,
      0,
      86,
      8,
      0,
      0,
      0,
      1,
      4,
      1349,
      6,
      26,
      9,
      31,
      1,
      22,
      0,
      0,
      0,
      9,
      0,
      4,
      19,
      0,
      12,
      0,
      0,
      2,
      0,
      5
    ],
    [
      0,
      0,
      0,
      0,
      1,
      0,
      3,
      11,
      0,
      0,
      0,
      0,
      6,
      318,
      1,
      0,
      0,
      4,
      1,
      0,
      0,
      0,
      0,
      0,
      1,
      0,
      7,
      0,
      37,
      1,
      1,
      13,
      0,
      0
    ],
    [
      0,
      0,
      0,
      0,
      0,
      0,
      0,
      0,
      0,
      0,
      0,
      1,
      0,
      38,
      0,
      0,
      0,
      5,
      0,
      0,
      1,
      0,
      0,
      0,
      0,
      0,
      0,
      0,
      0,
      0,
      0,
      0,
      0,
      0
    ],
    [
      1,
      0,
      1,
      0,
      0,
      0,
      0,
      0,
      0,
      0,
      0,
      3,
      1,
      243,
      0,
      5,
      1,
      18,
      0,
      0,
      10,
      0,
      0,
      0,
      5,
      0,
      6,
      0,
      2,
      0,
      0,
      0,
      0,
      1
    ],
    [
      0,
      0,
      0,
      0,
      0,
      0,
      0,
      0,
      0,
      0,
      0,
      0,
      1,
      95,
      0,
      2,
      0,
      10,
      0,
      0,
      1,
      0,
      0,
      0,
      2,
      0,
      0,
      0,
      0,
      0,
      0,
      0,
      0,
      0
    ],
    [
      1,
      0,
      0,
      0,
      0,
      0,
      0,
      1,
      0,
      0,
      0,
      0,
      0,
      70,
      0,
      0,
      0,
      4,
      0,
      1,
      0,
      0,
      0,
      0,
      1,
      0,
      0,
      0,
      0,
      0,
      0,
      0,
      0,
      0
    ],
    [
      0,
      0,
      0,
      0,
      0,
      0,
      0,
      1,
      0,
      0,
      0,
      0,
      53,
      174,
      0,
      2,
      0,
      13,
      0,
      0,
      0,
      0,
      0,
      0,
      0,
      1,
      14,
      0,
      0,
      0,
      0,
      0,
      0,
      0
    ],
    [
      0,
      0,
      0,
      0,
      0,
      0,
      1,
      1,
      0,
      0,
      0,
      1,
      3,
      249,
      0,
      1,
      0,
      2,
      0,
      3,
      0,
      0,
      0,
      0,
      0,
      0,
      3,
      0,
      13,
      0,
      0,
      3,
      0,
      1
    ],
    [
      0,
      0,
      0,
      0,
      0,
      1,
      0,
      5,
      0,
      0,
      0,
      0,
      7,
      257,
      2,
      0,
      0,
      1,
      0,
      2,
      0,
      0,
      0,
      0,
      0,
      0,
      4,
      0,
      31,
      0,
      1,
      13,
      0,
      0
    ],
    [
      0,
      0,
      0,
      0,
      0,
      0,
      5,
      0,
      0,
      0,
      0,
      0,
      0,
      43,
      0,
      0,
      0,
      0,
      0,
      0,
      0,
      0,
      0,
      0,
      0,
      0,
      1,
      0,
      1,
      0,
      0,
      0,
      0,
      0
    ],
    [
      3,
      0,
      0,
      0,
      0,
      0,
      1,
      0,
      0,
      0,
      0,
      0,
      0,
      141,
      0,
      3,
      1,
      7,
      0,
      12,
      0,
      0,
      0,
      0,
      0,
      0,
      15,
      0,
      1,
      0,
      0,
      0,
      0,
      0
    ],
    [
      0,
      0,
      0,
      0,
      0,
      0,
      1,
      0,
      0,
      0,
      0,
      0,
      17,
      281,
      0,
      3,
      1,
      44,
      0,
      0,
      1,
      0,
      0,
      0,
      0,
      3,
      7,
      0,
      1,
      0,
      0,
      0,
      0,
      0
    ],
    [
      0,
      0,
      0,
      0,
      0,
      1,
      0,
      3,
      0,
      0,
      0,
      0,
      7,
      257,
      0,
      1,
      0,
      1,
      0,
      4,
      0,
      0,
      0,
      0,
      1,
      0,
      7,
      0,
      30,
      0,
      1,
      13,
      0,
      1
    ],
    [
      40,
      11,
      0,
      0,
      0,
      0,
      4,
      0,
      0,
      0,
      0,
      0,
      0,
      996,
      0,
      7,
      2,
      54,
      0,
      146,
      0,
      0,
      0,
      0,
      0,
      0,
      129,
      0,
      5,
      0,
      0,
      0,
      0,
      1
    ],
    [
      0,
      0,
      0,
      0,
      0,
      0,
      0,
      0,
      0,
      0,
      0,
      0,
      3,
      152,
      0,
      2,
      0,
      15,
      0,
      1,
      6,
      0,
      0,
      0,
