{
  "split": "test",
  "model_type": "lstm",
  "accuracy": 0.07966475137166804,
  "f1_macro": 0.08467536874788267,
  "precision_macro": 0.18309845145417938,
  "recall_macro": 0.13426949080925143,
  "per_class_recall": {
    "Bathe": 0.11892510005717553,
    "Bed_Toilet_Transition": 0.08737864077669903,
    "Cook": 0.0,
    "Cook_Breakfast": 0.0005571030640668524,
    "Cook_Dinner": 0.03912363067292645,
    "Cook_Lunch": 0.06857142857142857,
    "Dress": 0.05823418910457107,
    "Drink": 0.09669811320754718,
    "Eat": 0.07547169811320754,
    "Eat_Breakfast": 0.020710059171597635,
    "Eat_Dinner": 0.024193548387096774,
    "Eat_Lunch": 0.045454545454545456,
    "Enter_Home": 0.6078431372549019,
    "Entertain_Guests": 0.825938566552901,
    "Evening_Meds": 0.041916167664670656,
    "Go_To_Sleep": 0.26666666666666666,
    "Groom": 0.0851063829787234,
    "Leave_Home": 0.4171779141104294,
    "Morning_Meds": 0.007692307692307693,
    "Personal_Hygiene": 0.0028797696184305254,
    "Phone": 0.13259668508287292,
    "Read": 0.0584958217270195,
    "Relax": 0.0781563126252505,
    "Sleep": 0.07685098406747891,
    "Sleep_Out_Of_Bed": 0.15185185185185185,
    "Step_Out": 0.06711409395973154,
    "Toilet": 0.2630173564753004,
    "Wake_Up": 0.075,
    "Wash_Breakfast_Dishes": 0.05604719764011799,
    "Wash_Dinner_Dishes": 0.0,
    "Wash_Dishes": 0.014124293785310734,
    "Wash_Lunch_Dishes": 0.0,
    "Watch_TV": 0.019550939361539635,
    "Work_At_Table": 0.6818181818181818
  },
  "confusion_matrix": [
    [
      208,
      26,
      0,
      0,
      0,
      1,
      0,
      4,
      0,
      0,
      0,
      0,
      0,
      1081,
      0,
      26,
      145,
      37,
      0,
      13,
      0,
      0,
      0,
      0,
      0,
      0,
      147,
      0,
      2,
      0,
      1,
      0,
      0,
      58
    ],
    [
      2,
      9,
      0,
      0,
      0,
      0,
      0,
      0,
      0,
      0,
      0,
      0,
      0,
      73,
      0,
      0,
      2,
      2,
      0,
      0,
      0,
      0,
      0,
      0,
      0,
      0,
      12,
      0,
      0,
      0,
      1,
      0,
      0,
      2
    ],
    [
      0,
      0,
      0,
      0,
      18,
      12,
      0,
      12,
      1,
      0,
      0,
      0,
      0,
      254,
      8,
      0,
      0,
      0,
      0,
      0,
      0,
      0,
      0,
      0,
      0,
      0,
      1,
      0,
      18,
      0,
      6,
      4,
      0,
      1
    ],
    [
      0,
      0,
      4,
      1,
      109,
      90,
      0,
      65,
      2,
      0,
      4,
      0,
      0,
      1322,
      29,
      1,
      0,
      4,
      4,
      0,
      0,
      0,
      0,
      0,
      0,
      0,
      1,
      0,
      71,
      5,
      27,
      53,
      0,
      3
    ],
    [
      0,
      0,
      1,
      0,
      25,
      33,
      0,
      19,
      3,
      0,
      0,
      0,
      0,
      477,
      8,
      0,
      0,
      1,
      2,
      0,
      0,
      0,
      1,
      0,
      1,
      0,
      3,
      0,
      38,
      0,
      11,
      15,
      0,
      1
    ],
    [
      0,
      0,
      0,
      0,
      18,
      24,
      0,
      16,
      1,
      0,
      0,
      0,
      0,
      264,
      5,
      0,
      0,
      0,
      1,
      0,
      0,
      0,
      0,
      0,
      0,
      0,
      1,
      0,
      10,
      0,
      5,
      5,
      0,
      0
    ],
    [
      0,
      0,
      0,
      0,
      1,
      2,
      93,
      2,
      0,
      0,
      0,
      0,
      1,
      1250,
      2,
      72,
      4,
      23,
      0,
      0,
      0,
      0,
      2,
      118,
      1,
      0,
      7,
      12,
      0,
      0,
      1,
      0,
      0,
      6
    ],
    [
      0,
      0,
      0,
      0,
      18,
      22,
      2,
      41,
      0,
      0,
      0,
      0,
      1,
      286,
      12,
      0,
      0,
      2,
      3,
      0,
      1,
      0,
      0,
      0,
      1,
      0,
      0,
      0,
      20,
      0,
      7,
      4,
      0,
      4
    ],
    [
      0,
      0,
      0,
      0,
      0,
      0,
      0,
      0,
      4,
      1,
      1,
      2,
      0,
      19,
      0,
      0,
      0,
      9,
      0,
      0,
      4,
      0,
      1,
      0,
      10,
      0,
      2,
      0,
      0,
      0,
      0,
      0,
      0,
      0
    ],
    [
      0,
      0,
      0,
      0,
      0,
      0,
      2,
      1,
      10,
      7,
      4,
      4,
      0,
      133,
      1,
      3,
      0,
      55,
      0,
      0,
      18,
      8,
      28,
      0,
      39,
      9,
      10,
      0,
      0,
      0,
      0,
      0,
      3,
      3
    ],
    [
      0,
      0,
      0,
      0,
      0,
      0,
      0,
      0,
      4,
      5,
      3,
      3,
      0,
      45,
      0,
      1,
      1,
      30,
      0,
      0,
      10,
      3,
      6,
      0,
      8,
      1,
      2,
      0,
      0,
      0,
      0,
      0,
      1,
      1
    ],
    [
      0,
      0,
      0,
      0,
      0,
      1,
      1,
      0,
      2,
      2,
      0,
      4,
      0,
      35,
      0,
      0,
      0,
      18,
      0,
      0,
      3,
      2,
      4,
      0,
      12,
      1,
      2,
      0,
      0,
      0,
      0,
      0,
      1,
      0
    ],
    [
      0,
      0,
      0,
      0,
      1,
      0,
      0,
      1,
      0,
      0,
      0,
      0,
      155,
      41,
      0,
      0,
      0,
      21,
      0,
      0,
      0,
      0,
      0,
      0,
      0,
      21,
      14,
      0,
      0,
      0,
      0,
      0,
      0,
      1
    ],
    [
      0,
      0,
      0,
      0,
      8,
      4,
      1,
      4,
      1,
      0,
      0,
      0,
      6,
      242,
      2,
      1,
      0,
      5,
      0,
      0,
      1,
      0,
      1,
      1,
      2,
      1,
      2,
      0,
      2,
      0,
      2,
      4,
      0,
      3
    ],
    [
      0,
      0,
      1,
      0,
      18,
      13,
      0,
      35,
      1,
      0,
      0,
      0,
      0,
      205,
      14,
      0,
      0,
      0,
      3,
      0,
      0,
      0,
      0,
      0,
      1,
      1,
      1,
      0,
      22,
      1,
      12,
      5,
      0,
      1
    ],
    [
      0,
      0,
      0,
      0,
      0,
      0,
      3,
      0,
      0,
      0,
      0,
      0,
      0,
      28,
      0,
      12,
      0,
      1,
      0,
      0,
      0,
      0,
      0,
      1,
      0,
      0,
      0,
      0,
      0,
      0,
      0,
      0,
      0,
      0
    ],
    [
      14,
      6,
      0,
      0,
      0,
      0,
      0,
      1,
      0,
      0,
      0,
      0,
      0,
      113,
      0,
      2,
      16,
      3,
      0,
      0,
      0,
      0,
      0,
      0,
      0,
      0,
      25,
      0,
      1,
      0,
      0,
      0,
      0,
      7
    ],
    [
      0,
      0,
      0,
      0,
      1,
      1,
      3,
      1,
      0,
      1,
      0,
      1,
      33,
      99,
      0,
      1,
      0,
      136,
      0,
      0,
      8,
      0,
      3,
      0,
      8,
      10,
      10,
      0,
      0,
      0,
      1,
      0,
      0,
      9
    ],
    [
      0,
      0,
      0,
      0,
      25,
      19,
      0,
      26,
      1,
      0,
      0,
      0,
      1,
      264,
      13,
      1,
      0,
      0,
      3,
      1,
      2,
      0,
      0,
      0,
      0,
      1,
      1,
      0,
      19,
      0,
      6,
      6,
      0,
      1
    ],
    [
      102,
      32,
      1,
      0,
      0,
      0,
      1,
      7,
      0,
      0,
      0,
      0,
      0,
      864,
      0,
      9,
      79,
      24,
      0,
      4,
      0,
      0,
      0,
      0,
      2,
      0,
      198,
      0,
      1,
      0,
      1,
      0,
      0,
      64
