event,packet_type,node,src,seq,bytes,time_ms,payload_time_ms,sim_time_ms,send_ms,recv_ms,delay_ms,line_number,raw_line
TX,REAL,7,,0,48,15180.0,14861,15180.0,,,,76,15180000	ID:7	[INFO: Metric    ] METRIC_TX type=REAL node=7 seq=0 bytes=48 time_ms=14861
RX,REAL,,7,0,48,15218.88,14715,15218.88,14861,14715,38.8799999999992,77,15218880	ID:1	[INFO: Metric    ] METRIC_RX type=REAL src=7 seq=0 send_ms=14861 recv_ms=14715 bytes=48
TX,REAL,6,,0,48,22372.0,21433,22372.0,,,,84,22372000	ID:6	[INFO: Metric    ] METRIC_TX type=REAL node=6 seq=0 bytes=48 time_ms=21433
RX,REAL,,6,0,48,22404.88,21901,22404.88,21433,21901,32.88000000000102,85,22404880	ID:1	[INFO: Metric    ] METRIC_RX type=REAL src=6 seq=0 send_ms=21433 recv_ms=21901 bytes=48
TX,REAL,7,,1,48,24181.0,23862,24181.0,,,,87,24181000	ID:7	[INFO: Metric    ] METRIC_TX type=REAL node=7 seq=1 bytes=48 time_ms=23862
TX,DUMMY,7,,0,48,24182.0,23863,24182.0,,,,88,24182000	ID:7	[INFO: Metric    ] METRIC_TX type=DUMMY node=7 seq=0 bytes=48 time_ms=23863
RX,REAL,,7,1,48,24207.88,23704,24207.88,23862,23704,26.88000000000102,89,24207880	ID:1	[INFO: Metric    ] METRIC_RX type=REAL src=7 seq=1 send_ms=23862 recv_ms=23704 bytes=48
RX,DUMMY,,7,0,48,24241.88,23738,24241.88,23863,23738,,91,24241880	ID:1	[INFO: Metric    ] METRIC_RX type=DUMMY src=7 seq=0 send_ms=23863 recv_ms=23738 bytes=48
TX,REAL,2,,0,48,25009.0,24146,25009.0,,,,95,25009000	ID:2	[INFO: Metric    ] METRIC_TX type=REAL node=2 seq=0 bytes=48 time_ms=24146
RX,REAL,,2,0,48,25030.88,24527,25030.88,24146,24527,21.88000000000102,96,25030880	ID:1	[INFO: Metric    ] METRIC_RX type=REAL src=2 seq=0 send_ms=24146 recv_ms=24527 bytes=48
TX,REAL,6,,1,48,33373.0,32434,33373.0,,,,101,33373000	ID:6	[INFO: Metric    ] METRIC_TX type=REAL node=6 seq=1 bytes=48 time_ms=32434
RX,REAL,,6,1,48,33386.88,32883,33386.88,32434,32883,13.87999999999738,102,33386880	ID:1	[INFO: Metric    ] METRIC_RX type=REAL src=6 seq=1 send_ms=32434 recv_ms=32883 bytes=48
TX,REAL,2,,1,48,34010.0,33147,34010.0,,,,104,34010000	ID:2	[INFO: Metric    ] METRIC_TX type=REAL node=2 seq=1 bytes=48 time_ms=33147
RX,REAL,,2,1,48,34037.88,33534,34037.88,33147,33534,27.87999999999738,105,34037880	ID:1	[INFO: Metric    ] METRIC_RX type=REAL src=2 seq=1 send_ms=33147 recv_ms=33534 bytes=48
TX,REAL,7,,2,48,34183.0,33864,34183.0,,,,107,34183000	ID:7	[INFO: Metric    ] METRIC_TX type=REAL node=7 seq=2 bytes=48 time_ms=33864
RX,REAL,,7,2,48,34222.88,33719,34222.88,33864,33719,39.87999999999738,108,34222880	ID:1	[INFO: Metric    ] METRIC_RX type=REAL src=7 seq=2 send_ms=33864 recv_ms=33719 bytes=48
TX,REAL,4,,0,48,34576.0,34283,34576.0,,,,112,34576000	ID:4	[INFO: Metric    ] METRIC_TX type=REAL node=4 seq=0 bytes=48 time_ms=34283
RX,REAL,,4,0,48,34606.168,34103,34606.168,34283,34103,30.167999999997846,113,34606168	ID:1	[INFO: Metric    ] METRIC_RX type=REAL src=4 seq=0 send_ms=34283 recv_ms=34103 bytes=48
TX,REAL,5,,0,48,37324.0,36987,37324.0,,,,117,37324000	ID:5	[INFO: Metric    ] METRIC_TX type=REAL node=5 seq=0 bytes=48 time_ms=36987
RX,REAL,,5,0,48,37402.168,36899,37402.168,36987,36899,78.16799999999785,118,37402168	ID:1	[INFO: Metric    ] METRIC_RX type=REAL src=5 seq=0 send_ms=36987 recv_ms=36899 bytes=48
TX,REAL,3,,0,48,40914.0,40250,40914.0,,,,123,40914000	ID:3	[INFO: Metric    ] METRIC_TX type=REAL node=3 seq=0 bytes=48 time_ms=40250
TX,DUMMY,3,,0,48,40915.0,40251,40915.0,,,,124,40915000	ID:3	[INFO: Metric    ] METRIC_TX type=DUMMY node=3 seq=0 bytes=48 time_ms=40251
RX,REAL,,3,0,48,40955.168,40452,40955.168,40250,40452,41.167999999997846,125,40955168	ID:1	[INFO: Metric    ] METRIC_RX type=REAL src=3 seq=0 send_ms=40250 recv_ms=40452 bytes=48
RX,DUMMY,,3,0,48,41077.168,40574,41077.168,40251,40574,,127,41077168	ID:1	[INFO: Metric    ] METRIC_RX type=DUMMY src=3 seq=0 send_ms=40251 recv_ms=40574 bytes=48
TX,REAL,7,,3,48,45184.0,44865,45184.0,,,,129,45184000	ID:7	[INFO: Metric    ] METRIC_TX type=REAL node=7 seq=3 bytes=48 time_ms=44865
RX,REAL,,7,3,48,45219.88,44716,45219.88,44865,44716,35.87999999999738,130,45219880	ID:1	[INFO: Metric    ] METRIC_RX type=REAL src=7 seq=3 send_ms=44865 recv_ms=44716 bytes=48
TX,REAL,6,,2,48,45374.0,44435,45374.0,,,,132,45374000	ID:6	[INFO: Metric    ] METRIC_TX type=REAL node=6 seq=2 bytes=48 time_ms=44435
RX,REAL,,6,2,48,45411.88,44908,45411.88,44435,44908,37.87999999999738,133,45411880	ID:1	[INFO: Metric    ] METRIC_RX type=REAL src=6 seq=2 send_ms=44435 recv_ms=44908 bytes=48
TX,REAL,2,,2,48,46011.0,45148,46011.0,,,,135,46011000	ID:2	[INFO: Metric    ] METRIC_TX type=REAL node=2 seq=2 bytes=48 time_ms=45148
RX,REAL,,2,2,48,46028.88,45525,46028.88,45148,45525,17.87999999999738,136,46028880	ID:1	[INFO: Metric    ] METRIC_RX type=REAL src=2 seq=2 send_ms=45148 recv_ms=45525 bytes=48
TX,REAL,4,,1,48,46577.0,46284,46577.0,,,,138,46577000	ID:4	[INFO: Metric    ] METRIC_TX type=REAL node=4 seq=1 bytes=48 time_ms=46284
RX,REAL,,4,1,48,46613.304,46110,46613.304,46284,46110,36.30399999999645,139,46613304	ID:1	[INFO: Metric    ] METRIC_RX type=REAL src=4 seq=1 send_ms=46284 recv_ms=46110 bytes=48
TX,REAL,5,,1,48,49325.0,48988,49325.0,,,,141,49325000	ID:5	[INFO: Metric    ] METRIC_TX type=REAL node=5 seq=1 bytes=48 time_ms=48988
RX,REAL,,5,1,48,49390.168,48887,49390.168,48988,48887,65.16799999999785,142,49390168	ID:1	[INFO: Metric    ] METRIC_RX type=REAL src=5 seq=1 send_ms=48988 recv_ms=48887 bytes=48
TX,REAL,3,,1,48,49916.0,49252,49916.0,,,,144,49916000	ID:3	[INFO: Metric    ] METRIC_TX type=REAL node=3 seq=1 bytes=48 time_ms=49252
RX,REAL,,3,1,48,49983.168,49480,49983.168,49252,49480,67.16799999999785,145,49983168	ID:1	[INFO: Metric    ] METRIC_RX type=REAL src=3 seq=1 send_ms=49252 recv_ms=49480 bytes=48
TX,REAL,7,,4,48,53185.0,52866,53185.0,,,,147,53185000	ID:7	[INFO: Metric    ] METRIC_TX type=REAL node=7 seq=4 bytes=48 time_ms=52866
RX,REAL,,7,4,48,53206.88,52703,53206.88,52866,52703,21.87999999999738,148,53206880	ID:1	[INFO: Metric    ] METRIC_RX type=REAL src=7 seq=4 send_ms=52866 recv_ms=52703 bytes=48
TX,REAL,6,,3,48,53375.0,52436,53375.0,,,,150,53375000	ID:6	[INFO: Metric    ] METRIC_TX type=REAL node=6 seq=3 bytes=48 time_ms=52436
TX,DUMMY,6,,0,48,53376.0,52437,53376.0,,,,151,53376000	ID:6	[INFO: Metric    ] METRIC_TX type=DUMMY node=6 seq=0 bytes=48 time_ms=52437
RX,REAL,,6,3,48,53418.88,52915,53418.88,52436,52915,43.87999999999738,152,53418880	ID:1	[INFO: Metric    ] METRIC_RX type=REAL src=6 seq=3 send_ms=52436 recv_ms=52915 bytes=48
RX,DUMMY,,6,0,48,53431.88,52928,53431.88,52437,52928,,154,53431880	ID:1	[INFO: Metric    ] METRIC_RX type=DUMMY src=6 seq=0 send_ms=52437 recv_ms=52928 bytes=48
TX,REAL,2,,3,48,56012.0,55149,56012.0,,,,157,56012000	ID:2	[INFO: Metric    ] METRIC_TX type=REAL node=2 seq=3 bytes=48 time_ms=55149
TX,DUMMY,2,,0,48,56013.0,55150,56013.0,,,,158,56013000	ID:2	[INFO: Metric    ] METRIC_TX type=DUMMY node=2 seq=0 bytes=48 time_ms=55150
RX,REAL,,2,3,48,56026.88,55523,56026.88,55149,55523,14.87999999999738,159,56026880	ID:1	[INFO: Metric    ] METRIC_RX type=REAL src=2 seq=3 send_ms=55149 recv_ms=55523 bytes=48
RX,DUMMY,,2,0,48,56045.88,55542,56045.88,55150,55542,,160,56045880	ID:1	[INFO: Metric    ] METRIC_RX type=DUMMY src=2 seq=0 send_ms=55150 recv_ms=55542 bytes=48
TX,REAL,5,,2,48,57326.0,56989,57326.0,,,,163,57326000	ID:5	[INFO: Metric    ] METRIC_TX type=REAL node=5 seq=2 bytes=48 time_ms=56989
RX,REAL,,5,2,48,57370.168,56867,57370.168,56989,56867,44.167999999997846,164,57370168	ID:1	[INFO: Metric    ] METRIC_RX type=REAL src=5 seq=2 send_ms=56989 recv_ms=56867 bytes=48
TX,REAL,4,,2,48,57578.0,57285,57578.0,,,,166,57578000	ID:4	[INFO: Metric    ] METRIC_TX type=REAL node=4 seq=2 bytes=48 time_ms=57285
RX,REAL,,4,2,48,57630.168,57127,57630.168,57285,57127,52.167999999997846,167,57630168	ID:1	[INFO: Metric    ] METRIC_RX type=REAL src=4 seq=2 send_ms=57285 recv_ms=57127 bytes=48
TX,REAL,3,,2,48,57917.0,57253,57917.0,,,,169,57917000	ID:3	[INFO: Metric    ] METRIC_TX type=REAL node=3 seq=2 bytes=48 time_ms=57253
RX,REAL,,3,2,48,57988.168,57485,57988.168,57253,57485,71.16799999999785,170,57988168	ID:1	[INFO: Metric    ] METRIC_RX type=REAL src=3 seq=2 send_ms=57253 recv_ms=57485 bytes=48
TX,REAL,7,,5,48,63186.0,62867,63186.0,,,,172,63186000	ID:7	[INFO: Metric    ] METRIC_TX type=REAL node=7 seq=5 bytes=48 time_ms=62867
RX,REAL,,7,5,48,63199.88,62696,63199.88,62867,62696,13.87999999999738,173,63199880	ID:1	[INFO: Metric    ] METRIC_RX type=REAL src=7 seq=5 send_ms=62867 recv_ms=62696 bytes=48
TX,REAL,6,,4,48,64377.0,63438,64377.0,,,,175,64377000	ID:6	[INFO: Metric    ] METRIC_TX type=REAL node=6 seq=4 bytes=48 time_ms=63438
RX,REAL,,6,4,48,64409.88,63906,64409.88,63438,63906,32.87999999999738,176,64409880	ID:1	[INFO: Metric    ] METRIC_RX type=REAL src=6 seq=4 send_ms=63438 recv_ms=63906 bytes=48
TX,REAL,4,,3,48,67579.0,67286,67579.0,,,,178,67579000	ID:4	[INFO: Metric    ] METRIC_TX type=REAL node=4 seq=3 bytes=48 time_ms=67286
RX,REAL,,4,3,48,67633.168,67130,67633.168,67286,67130,54.16800000000512,179,67633168	ID:1	[INFO: Metric    ] METRIC_RX type=REAL src=4 seq=3 send_ms=67286 recv_ms=67130 bytes=48
TX,REAL,3,,3,48,67918.0,67254,67918.0,,,,181,67918000	ID:3	[INFO: Metric    ] METRIC_TX type=REAL node=3 seq=3 bytes=48 time_ms=67254
RX,REAL,,3,3,48,67983.168,67480,67983.168,67254,67480,65.16800000000512,182,67983168	ID:1	[INFO: Metric    ] METRIC_RX type=REAL src=3 seq=3 send_ms=67254 recv_ms=67480 bytes=48
TX,REAL,2,,4,48,68014.0,67151,68014.0,,,,184,68014000	ID:2	[INFO: Metric    ] METRIC_TX type=REAL node=2 seq=4 bytes=48 time_ms=67151
RX,REAL,,2,4,48,68037.016,67534,68037.016,67151,67534,23.01600000000326,185,68037016	ID:1	[INFO: Metric    ] METRIC_RX type=REAL src=2 seq=4 send_ms=67151 recv_ms=67534 bytes=48
TX,REAL,5,,3,48,68327.0,67990,68327.0,,,,188,68327000	ID:5	[INFO: Metric    ] METRIC_TX type=REAL node=5 seq=3 bytes=48 time_ms=67990
RX,REAL,,5,3,48,68375.168,67872,68375.168,67990,67872,48.16800000000512,189,68375168	ID:1	[INFO: Metric    ] METRIC_RX type=REAL src=5 seq=3 send_ms=67990 recv_ms=67872 bytes=48
TX,REAL,6,,5,48,74378.0,73439,74378.0,,,,191,74378000	ID:6	[INFO: Metric    ] METRIC_TX type=REAL node=6 seq=5 bytes=48 time_ms=73439
RX,REAL,,6,5,48,74412.88,73909,74412.88,73439,73909,34.88000000000466,192,74412880	ID:1	[INFO: Metric    ] METRIC_RX type=REAL src=6 seq=5 send_ms=73439 recv_ms=73909 bytes=48
TX,REAL,7,,6,48,75187.0,74868,75187.0,,,,194,75187000	ID:7	[INFO: Metric    ] METRIC_TX type=REAL node=7 seq=6 bytes=48 time_ms=74868
RX,REAL,,7,6,48,75228.88,74725,75228.88,74868,74725,41.88000000000466,195,75228880	ID:1	[INFO: Metric    ] METRIC_RX type=REAL src=7 seq=6 send_ms=74868 recv_ms=74725 bytes=48
TX,REAL,4,,4,48,75580.0,75287,75580.0,,,,197,75580000	ID:4	[INFO: Metric    ] METRIC_TX type=REAL node=4 seq=4 bytes=48 time_ms=75287
TX,DUMMY,4,,0,48,75581.0,75288,75581.0,,,,198,75581000	ID:4	[INFO: Metric    ] METRIC_TX type=DUMMY node=4 seq=0 bytes=48 time_ms=75288
RX,REAL,,4,4,48,75617.168,75114,75617.168,75287,75114,37.16800000000512,199,75617168	ID:1	[INFO: Metric    ] METRIC_RX type=REAL src=4 seq=4 send_ms=75287 recv_ms=75114 bytes=48
RX,DUMMY,,4,0,48,75675.168,75172,75675.168,75288,75172,,200,75675168	ID:1	[INFO: Metric    ] METRIC_RX type=DUMMY src=4 seq=0 send_ms=75288 recv_ms=75172 bytes=48
TX,REAL,2,,5,48,78015.0,77152,78015.0,,,,203,78015000	ID:2	[INFO: Metric    ] METRIC_TX type=REAL node=2 seq=5 bytes=48 time_ms=77152
RX,REAL,,2,5,48,78039.88,77536,78039.88,77152,77536,24.880000000004657,204,78039880	ID:1	[INFO: Metric    ] METRIC_RX type=REAL src=2 seq=5 send_ms=77152 recv_ms=77536 bytes=48
TX,REAL,5,,4,48,79328.0,78991,79328.0,,,,206,79328000	ID:5	[INFO: Metric    ] METRIC_TX type=REAL node=5 seq=4 bytes=48 time_ms=78991
RX,REAL,,5,4,48,79379.168,78876,79379.168,78991,78876,51.16800000000512,207,79379168	ID:1	[INFO: Metric    ] METRIC_RX type=REAL src=5 seq=4 send_ms=78991 recv_ms=78876 bytes=48
TX,REAL,3,,4,48,79919.0,79255,79919.0,,,,209,79919000	ID:3	[INFO: Metric    ] METRIC_TX type=REAL node=3 seq=4 bytes=48 time_ms=79255
RX,REAL,,3,4,48,79992.168,79489,79992.168,79255,79489,73.16800000000512,210,79992168	ID:1	[INFO: Metric    ] METRIC_RX type=REAL src=3 seq=4 send_ms=79255 recv_ms=79489 bytes=48
TX,REAL,6,,6,48,82379.0,81440,82379.0,,,,212,82379000	ID:6	[INFO: Metric    ] METRIC_TX type=REAL node=6 seq=6 bytes=48 time_ms=81440
RX,REAL,,6,6,48,82403.88,81900,82403.88,81440,81900,24.880000000004657,213,82403880	ID:1	[INFO: Metric    ] METRIC_RX type=REAL src=6 seq=6 send_ms=81440 recv_ms=81900 bytes=48
TX,REAL,4,,5,48,83582.0,83289,83582.0,,,,216,83582000	ID:4	[INFO: Metric    ] METRIC_TX type=REAL node=4 seq=5 bytes=48 time_ms=83289
RX,REAL,,4,5,48,83616.168,83113,83616.168,83289,83113,34.16800000000512,217,83616168	ID:1	[INFO: Metric    ] METRIC_RX type=REAL src=4 seq=5 send_ms=83289 recv_ms=83113 bytes=48
TX,REAL,7,,7,48,86188.0,85869,86188.0,,,,219,86188000	ID:7	[INFO: Metric    ] METRIC_TX type=REAL node=7 seq=7 bytes=48 time_ms=85869
RX,REAL,,7,7,48,86203.88,85700,86203.88,85869,85700,15.880000000004657,220,86203880	ID:1	[INFO: Metric    ] METRIC_RX type=REAL src=7 seq=7 send_ms=85869 recv_ms=85700 bytes=48
TX,REAL,5,,5,48,87329.0,86992,87329.0,,,,222,87329000	ID:5	[INFO: Metric    ] METRIC_TX type=REAL node=5 seq=5 bytes=48 time_ms=86992
RX,REAL,,5,5,48,87400.168,86897,87400.168,86992,86897,71.16800000000512,223,87400168	ID:1	[INFO: Metric    ] METRIC_RX type=REAL src=5 seq=5 send_ms=86992 recv_ms=86897 bytes=48
TX,REAL,2,,6,48,89016.0,88153,89016.0,,,,225,89016000	ID:2	[INFO: Metric    ] METRIC_TX type=REAL node=2 seq=6 bytes=48 time_ms=88153
TX,DUMMY,2,,1,48,89017.0,88154,89017.0,,,,226,89017000	ID:2	[INFO: Metric    ] METRIC_TX type=DUMMY node=2 seq=1 bytes=48 time_ms=88154
RX,REAL,,2,6,48,89027.88,88524,89027.88,88153,88524,11.880000000004657,227,89027880	ID:1	[INFO: Metric    ] METRIC_RX type=REAL src=2 seq=6 send_ms=88153 recv_ms=88524 bytes=48
RX,DUMMY,,2,1,48,89057.88,88554,89057.88,88154,88554,,229,89057880	ID:1	[INFO: Metric    ] METRIC_RX type=DUMMY src=2 seq=1 send_ms=88154 recv_ms=88554 bytes=48
TX,REAL,3,,5,48,89920.0,89256,89920.0,,,,231,89920000	ID:3	[INFO: Metric    ] METRIC_TX type=REAL node=3 seq=5 bytes=48 time_ms=89256
RX,REAL,,3,5,48,89982.168,89479,89982.168,89256,89479,62.16800000000512,232,89982168	ID:1	[INFO: Metric    ] METRIC_RX type=REAL src=3 seq=5 send_ms=89256 recv_ms=89479 bytes=48
TX,REAL,6,,7,48,90380.0,89441,90380.0,,,,234,90380000	ID:6	[INFO: Metric    ] METRIC_TX type=REAL node=6 seq=7 bytes=48 time_ms=89441
TX,DUMMY,6,,1,48,90381.0,89442,90381.0,,,,235,90381000	ID:6	[INFO: Metric    ] METRIC_TX type=DUMMY node=6 seq=1 bytes=48 time_ms=89442
RX,REAL,,6,7,48,90390.88,89887,90390.88,89441,89887,10.880000000004657,236,90390880	ID:1	[INFO: Metric    ] METRIC_RX type=REAL src=6 seq=7 send_ms=89441 recv_ms=89887 bytes=48
RX,DUMMY,,6,1,48,90428.88,89925,90428.88,89442,89925,,238,90428880	ID:1	[INFO: Metric    ] METRIC_RX type=DUMMY src=6 seq=1 send_ms=89442 recv_ms=89925 bytes=48
TX,REAL,4,,6,48,93583.0,93290,93583.0,,,,240,93583000	ID:4	[INFO: Metric    ] METRIC_TX type=REAL node=4 seq=6 bytes=48 time_ms=93290
RX,REAL,,4,6,48,93629.168,93126,93629.168,93290,93126,46.16800000000512,241,93629168	ID:1	[INFO: Metric    ] METRIC_RX type=REAL src=4 seq=6 send_ms=93290 recv_ms=93126 bytes=48
TX,REAL,7,,8,48,98189.0,97870,98189.0,,,,243,98189000	ID:7	[INFO: Metric    ] METRIC_TX type=REAL node=7 seq=8 bytes=48 time_ms=97870
RX,REAL,,7,8,48,98194.88,97691,98194.88,97870,97691,5.880000000004657,244,98194880	ID:1	[INFO: Metric    ] METRIC_RX type=REAL src=7 seq=8 send_ms=97870 recv_ms=97691 bytes=48
TX,REAL,5,,6,48,98330.0,97993,98330.0,,,,247,98330000	ID:5	[INFO: Metric    ] METRIC_TX type=REAL node=5 seq=6 bytes=48 time_ms=97993
RX,REAL,,5,6,48,98404.168,97901,98404.168,97993,97901,74.16800000000512,248,98404168	ID:1	[INFO: Metric    ] METRIC_RX type=REAL src=5 seq=6 send_ms=97993 recv_ms=97901 bytes=48
TX,REAL,6,,8,48,99382.0,98443,99382.0,,,,250,99382000	ID:6	[INFO: Metric    ] METRIC_TX type=REAL node=6 seq=8 bytes=48 time_ms=98443
RX,REAL,,6,8,48,99396.88,98893,99396.88,98443,98893,14.880000000004657,251,99396880	ID:1	[INFO: Metric    ] METRIC_RX type=REAL src=6 seq=8 send_ms=98443 recv_ms=98893 bytes=48
TX,REAL,3,,6,48,99921.0,99257,99921.0,,,,253,99921000	ID:3	[INFO: Metric    ] METRIC_TX type=REAL node=3 seq=6 bytes=48 time_ms=99257
TX,DUMMY,3,,1,48,99922.0,99258,99922.0,,,,254,99922000	ID:3	[INFO: Metric    ] METRIC_TX type=DUMMY node=3 seq=1 bytes=48 time_ms=99258
RX,REAL,,3,6,48,99961.168,99458,99961.168,99257,99458,40.16800000000512,255,99961168	ID:1	[INFO: Metric    ] METRIC_RX type=REAL src=3 seq=6 send_ms=99257 recv_ms=99458 bytes=48
RX,DUMMY,,3,1,48,99992.168,99489,99992.168,99258,99489,,256,99992168	ID:1	[INFO: Metric    ] METRIC_RX type=DUMMY src=3 seq=1 send_ms=99258 recv_ms=99489 bytes=48
TX,REAL,2,,7,48,100018.0,99155,100018.0,,,,257,100018000	ID:2	[INFO: Metric    ] METRIC_TX type=REAL node=2 seq=7 bytes=48 time_ms=99155
RX,REAL,,2,7,48,100037.88,99534,100037.88,99155,99534,19.880000000004657,258,100037880	ID:1	[INFO: Metric    ] METRIC_RX type=REAL src=2 seq=7 send_ms=99155 recv_ms=99534 bytes=48
TX,REAL,4,,7,48,103584.0,103291,103584.0,,,,262,103584000	ID:4	[INFO: Metric    ] METRIC_TX type=REAL node=4 seq=7 bytes=48 time_ms=103291
RX,REAL,,4,7,48,103609.168,103106,103609.168,103291,103106,25.168000000005122,263,103609168	ID:1	[INFO: Metric    ] METRIC_RX type=REAL src=4 seq=7 send_ms=103291 recv_ms=103106 bytes=48
TX,REAL,5,,7,48,107331.0,106994,107331.0,,,,265,107331000	ID:5	[INFO: Metric    ] METRIC_TX type=REAL node=5 seq=7 bytes=48 time_ms=106994
TX,REAL,6,,9,48,107383.0,106444,107383.0,,,,266,107383000	ID:6	[INFO: Metric    ] METRIC_TX type=REAL node=6 seq=9 bytes=48 time_ms=106444
RX,REAL,,5,7,48,107389.168,106886,107389.168,106994,106886,58.16800000000512,267,107389168	ID:1	[INFO: Metric    ] METRIC_RX type=REAL src=5 seq=7 send_ms=106994 recv_ms=106886 bytes=48
RX,REAL,,6,9,48,107423.88,106920,107423.88,106444,106920,40.88000000000466,268,107423880	ID:1	[INFO: Metric    ] METRIC_RX type=REAL src=6 seq=9 send_ms=106444 recv_ms=106920 bytes=48
TX,REAL,2,,8,48,108019.0,107156,108019.0,,,,271,108019000	ID:2	[INFO: Metric    ] METRIC_TX type=REAL node=2 seq=8 bytes=48 time_ms=107156
RX,REAL,,2,8,48,108037.88,107534,108037.88,107156,107534,18.880000000004657,272,108037880	ID:1	[INFO: Metric    ] METRIC_RX type=REAL src=2 seq=8 send_ms=107156 recv_ms=107534 bytes=48
TX,REAL,7,,9,48,109190.0,108871,109190.0,,,,274,109190000	ID:7	[INFO: Metric    ] METRIC_TX type=REAL node=7 seq=9 bytes=48 time_ms=108871
TX,DUMMY,7,,1,48,109191.0,108872,109191.0,,,,275,109191000	ID:7	[INFO: Metric    ] METRIC_TX type=DUMMY node=7 seq=1 bytes=48 time_ms=108872
RX,REAL,,7,9,48,109199.88,108696,109199.88,108871,108696,9.880000000004657,276,109199880	ID:1	[INFO: Metric    ] METRIC_RX type=REAL src=7 seq=9 send_ms=108871 recv_ms=108696 bytes=48
RX,DUMMY,,7,1,48,109216.88,108713,109216.88,108872,108713,,278,109216880	ID:1	[INFO: Metric    ] METRIC_RX type=DUMMY src=7 seq=1 send_ms=108872 recv_ms=108713 bytes=48
TX,REAL,3,,7,48,111923.0,111259,111923.0,,,,281,111923000	ID:3	[INFO: Metric    ] METRIC_TX type=REAL node=3 seq=7 bytes=48 time_ms=111259
RX,REAL,,3,7,48,111973.168,111470,111973.168,111259,111470,50.16800000000512,282,111973168	ID:1	[INFO: Metric    ] METRIC_RX type=REAL src=3 seq=7 send_ms=111259 recv_ms=111470 bytes=48
TX,REAL,4,,8,48,114585.0,114292,114585.0,,,,284,114585000	ID:4	[INFO: Metric    ] METRIC_TX type=REAL node=4 seq=8 bytes=48 time_ms=114292
RX,REAL,,4,8,48,114622.168,114119,114622.168,114292,114119,37.16800000000512,285,114622168	ID:1	[INFO: Metric    ] METRIC_RX type=REAL src=4 seq=8 send_ms=114292 recv_ms=114119 bytes=48
TX,REAL,5,,8,48,117332.0,116995,117332.0,,,,287,117332000	ID:5	[INFO: Metric    ] METRIC_TX type=REAL node=5 seq=8 bytes=48 time_ms=116995
RX,REAL,,5,8,48,117378.168,116875,117378.168,116995,116875,46.16800000000512,288,117378168	ID:1	[INFO: Metric    ] METRIC_RX type=REAL src=5 seq=8 send_ms=116995 recv_ms=116875 bytes=48
TX,REAL,6,,10,48,119384.0,118445,119384.0,,,,292,119384000	ID:6	[INFO: Metric    ] METRIC_TX type=REAL node=6 seq=10 bytes=48 time_ms=118445
RX,REAL,,6,10,48,119416.88,118913,119416.88,118445,118913,32.88000000000466,293,119416880	ID:1	[INFO: Metric    ] METRIC_RX type=REAL src=6 seq=10 send_ms=118445 recv_ms=118913 bytes=48
TX,REAL,3,,8,48,119924.0,119260,119924.0,,,,295,119924000	ID:3	[INFO: Metric    ] METRIC_TX type=REAL node=3 seq=8 bytes=48 time_ms=119260
RX,REAL,,3,8,48,119978.168,119475,119978.168,119260,119475,54.16800000000512,296,119978168	ID:1	[INFO: Metric    ] METRIC_RX type=REAL src=3 seq=8 send_ms=119260 recv_ms=119475 bytes=48
TX,REAL,2,,9,48,120020.0,119157,120020.0,,,,297,120020000	ID:2	[INFO: Metric    ] METRIC_TX type=REAL node=2 seq=9 bytes=48 time_ms=119157
TX,DUMMY,2,,2,48,120021.0,119158,120021.0,,,,298,120021000	ID:2	[INFO: Metric    ] METRIC_TX type=DUMMY node=2 seq=2 bytes=48 time_ms=119158
RX,REAL,,2,9,48,120052.88,119549,120052.88,119157,119549,32.88000000000466,300,120052880	ID:1	[INFO: Metric    ] METRIC_RX type=REAL src=2 seq=9 send_ms=119157 recv_ms=119549 bytes=48
RX,DUMMY,,2,2,48,120063.88,119560,120063.88,119158,119560,,301,120063880	ID:1	[INFO: Metric    ] METRIC_RX type=DUMMY src=2 seq=2 send_ms=119158 recv_ms=119560 bytes=48
TX,REAL,7,,10,48,120192.0,119873,120192.0,,,,306,120192000	ID:7	[INFO: Metric    ] METRIC_TX type=REAL node=7 seq=10 bytes=48 time_ms=119873
RX,REAL,,7,10,48,120203.88,119700,120203.88,119873,119700,11.880000000004657,307,120203880	ID:1	[INFO: Metric    ] METRIC_RX type=REAL src=7 seq=10 send_ms=119873 recv_ms=119700 bytes=48
TX,REAL,4,,9,48,124586.0,124293,124586.0,,,,309,124586000	ID:4	[INFO: Metric    ] METRIC_TX type=REAL node=4 seq=9 bytes=48 time_ms=124293
TX,DUMMY,4,,1,48,124587.0,124294,124587.0,,,,310,124587000	ID:4	[INFO: Metric    ] METRIC_TX type=DUMMY node=4 seq=1 bytes=48 time_ms=124294
RX,REAL,,4,9,48,124628.168,124125,124628.168,124293,124125,42.16800000000512,311,124628168	ID:1	[INFO: Metric    ] METRIC_RX type=REAL src=4 seq=9 send_ms=124293 recv_ms=124125 bytes=48
RX,DUMMY,,4,1,48,124704.168,124201,124704.168,124294,124201,,314,124704168	ID:1	[INFO: Metric    ] METRIC_RX type=DUMMY src=4 seq=1 send_ms=124294 recv_ms=124201 bytes=48
TX,REAL,5,,9,48,125333.0,124996,125333.0,,,,316,125333000	ID:5	[INFO: Metric    ] METRIC_TX type=REAL node=5 seq=9 bytes=48 time_ms=124996
RX,REAL,,5,9,48,125420.168,124917,125420.168,124996,124917,87.16800000000512,317,125420168	ID:1	[INFO: Metric    ] METRIC_RX type=REAL src=5 seq=9 send_ms=124996 recv_ms=124917 bytes=48
TX,REAL,6,,11,48,127385.0,126446,127385.0,,,,319,127385000	ID:6	[INFO: Metric    ] METRIC_TX type=REAL node=6 seq=11 bytes=48 time_ms=126446
RX,REAL,,6,11,48,127429.88,126926,127429.88,126446,126926,44.88000000000466,320,127429880	ID:1	[INFO: Metric    ] METRIC_RX type=REAL src=6 seq=11 send_ms=126446 recv_ms=126926 bytes=48
TX,REAL,2,,10,48,128022.0,127159,128022.0,,,,324,128022000	ID:2	[INFO: Metric    ] METRIC_TX type=REAL node=2 seq=10 bytes=48 time_ms=127159
RX,REAL,,2,10,48,128037.88,127534,128037.88,127159,127534,15.880000000004657,325,128037880	ID:1	[INFO: Metric    ] METRIC_RX type=REAL src=2 seq=10 send_ms=127159 recv_ms=127534 bytes=48
TX,REAL,3,,9,48,128925.0,128261,128925.0,,,,327,128925000	ID:3	[INFO: Metric    ] METRIC_TX type=REAL node=3 seq=9 bytes=48 time_ms=128261
TX,DUMMY,3,,2,48,128926.0,128262,128926.0,,,,328,128926000	ID:3	[INFO: Metric    ] METRIC_TX type=DUMMY node=3 seq=2 bytes=48 time_ms=128262
RX,REAL,,3,9,48,128973.168,128470,128973.168,128261,128470,48.16800000000512,329,128973168	ID:1	[INFO: Metric    ] METRIC_RX type=REAL src=3 seq=9 send_ms=128261 recv_ms=128470 bytes=48
RX,DUMMY,,3,2,48,129036.168,128533,129036.168,128262,128533,,330,129036168	ID:1	[INFO: Metric    ] METRIC_RX type=DUMMY src=3 seq=2 send_ms=128262 recv_ms=128533 bytes=48
TX,REAL,7,,11,48,131193.0,130874,131193.0,,,,333,131193000	ID:7	[INFO: Metric    ] METRIC_TX type=REAL node=7 seq=11 bytes=48 time_ms=130874
RX,REAL,,7,11,48,131199.88,130696,131199.88,130874,130696,6.880000000004657,334,131199880	ID:1	[INFO: Metric    ] METRIC_RX type=REAL src=7 seq=11 send_ms=130874 recv_ms=130696 bytes=48
TX,REAL,5,,10,48,133334.0,132997,133334.0,,,,338,133334000	ID:5	[INFO: Metric    ] METRIC_TX type=REAL node=5 seq=10 bytes=48 time_ms=132997
RX,REAL,,5,10,48,133395.168,132892,133395.168,132997,132892,61.16800000000512,339,133395168	ID:1	[INFO: Metric    ] METRIC_RX type=REAL src=5 seq=10 send_ms=132997 recv_ms=132892 bytes=48
TX,REAL,6,,12,48,135386.0,134447,135386.0,,,,341,135386000	ID:6	[INFO: Metric    ] METRIC_TX type=REAL node=6 seq=12 bytes=48 time_ms=134447
RX,REAL,,6,12,48,135391.88,134888,135391.88,134447,134888,5.880000000004657,342,135391880	ID:1	[INFO: Metric    ] METRIC_RX type=REAL src=6 seq=12 send_ms=134447 recv_ms=134888 bytes=48
TX,REAL,4,,10,48,135588.0,135295,135588.0,,,,346,135588000	ID:4	[INFO: Metric    ] METRIC_TX type=REAL node=4 seq=10 bytes=48 time_ms=135295
TX,DUMMY,4,,2,48,135589.0,135296,135589.0,,,,347,135589000	ID:4	[INFO: Metric    ] METRIC_TX type=DUMMY node=4 seq=2 bytes=48 time_ms=135296
RX,REAL,,4,10,48,135667.168,135164,135667.168,135295,135164,79.16800000000512,348,135667168	ID:1	[INFO: Metric    ] METRIC_RX type=REAL src=4 seq=10 send_ms=135295 recv_ms=135164 bytes=48
RX,DUMMY,,4,2,48,135722.168,135219,135722.168,135296,135219,,351,135722168	ID:1	[INFO: Metric    ] METRIC_RX type=DUMMY src=4 seq=2 send_ms=135296 recv_ms=135219 bytes=48
TX,REAL,3,,10,48,138927.0,138263,138927.0,,,,355,138927000	ID:3	[INFO: Metric    ] METRIC_TX type=REAL node=3 seq=10 bytes=48 time_ms=138263
RX,REAL,,3,10,48,138978.168,138475,138978.168,138263,138475,51.16800000000512,356,138978168	ID:1	[INFO: Metric    ] METRIC_RX type=REAL src=3 seq=10 send_ms=138263 recv_ms=138475 bytes=48
TX,REAL,2,,11,48,139023.0,138160,139023.0,,,,357,139023000	ID:2	[INFO: Metric    ] METRIC_TX type=REAL node=2 seq=11 bytes=48 time_ms=138160
RX,REAL,,2,11,48,139056.88,138553,139056.88,138160,138553,33.88000000000466,359,139056880	ID:1	[INFO: Metric    ] METRIC_RX type=REAL src=2 seq=11 send_ms=138160 recv_ms=138553 bytes=48
TX,REAL,7,,12,48,142194.0,141875,142194.0,,,,361,142194000	ID:7	[INFO: Metric    ] METRIC_TX type=REAL node=7 seq=12 bytes=48 time_ms=141875
RX,REAL,,7,12,48,142207.88,141704,142207.88,141875,141704,13.880000000004657,362,142207880	ID:1	[INFO: Metric    ] METRIC_RX type=REAL src=7 seq=12 send_ms=141875 recv_ms=141704 bytes=48
TX,REAL,6,,13,48,143387.0,142448,143387.0,,,,364,143387000	ID:6	[INFO: Metric    ] METRIC_TX type=REAL node=6 seq=13 bytes=48 time_ms=142448
RX,REAL,,6,13,48,143403.88,142900,143403.88,142448,142900,16.880000000004657,365,143403880	ID:1	[INFO: Metric    ] METRIC_RX type=REAL src=6 seq=13 send_ms=142448 recv_ms=142900 bytes=48
TX,REAL,5,,11,48,145335.0,144998,145335.0,,,,367,145335000	ID:5	[INFO: Metric    ] METRIC_TX type=REAL node=5 seq=11 bytes=48 time_ms=144998
RX,REAL,,5,11,48,145389.168,144886,145389.168,144998,144886,54.16800000000512,368,145389168	ID:1	[INFO: Metric    ] METRIC_RX type=REAL src=5 seq=11 send_ms=144998 recv_ms=144886 bytes=48
TX,REAL,4,,11,48,147590.0,147297,147590.0,,,,370,147590000	ID:4	[INFO: Metric    ] METRIC_TX type=REAL node=4 seq=11 bytes=48 time_ms=147297
RX,REAL,,4,11,48,147616.304,147113,147616.304,147297,147113,26.304000000003725,371,147616304	ID:1	[INFO: Metric    ] METRIC_RX type=REAL src=4 seq=11 send_ms=147297 recv_ms=147113 bytes=48
TX,REAL,2,,12,48,148024.0,147161,148024.0,,,,373,148024000	ID:2	[INFO: Metric    ] METRIC_TX type=REAL node=2 seq=12 bytes=48 time_ms=147161
RX,REAL,,2,12,48,148029.88,147526,148029.88,147161,147526,5.880000000004657,374,148029880	ID:1	[INFO: Metric    ] METRIC_RX type=REAL src=2 seq=12 send_ms=147161 recv_ms=147526 bytes=48
TX,REAL,3,,11,48,150928.0,150264,150928.0,,,,376,150928000	ID:3	[INFO: Metric    ] METRIC_TX type=REAL node=3 seq=11 bytes=48 time_ms=150264
RX,REAL,,3,11,48,150956.168,150453,150956.168,150264,150453,28.168000000005122,377,150956168	ID:1	[INFO: Metric    ] METRIC_RX type=REAL src=3 seq=11 send_ms=150264 recv_ms=150453 bytes=48
TX,REAL,7,,13,48,154195.0,153876,154195.0,,,,379,154195000	ID:7	[INFO: Metric    ] METRIC_TX type=REAL node=7 seq=13 bytes=48 time_ms=153876
RX,REAL,,7,13,48,154231.88,153728,154231.88,153876,153728,36.88000000000466,380,154231880	ID:1	[INFO: Metric    ] METRIC_RX type=REAL src=7 seq=13 send_ms=153876 recv_ms=153728 bytes=48
TX,REAL,6,,14,48,154388.0,153449,154388.0,,,,383,154388000	ID:6	[INFO: Metric    ] METRIC_TX type=REAL node=6 seq=14 bytes=48 time_ms=153449
RX,REAL,,6,14,48,154399.88,153896,154399.88,153449,153896,11.880000000004657,384,154399880	ID:1	[INFO: Metric    ] METRIC_RX type=REAL src=6 seq=14 send_ms=153449 recv_ms=153896 bytes=48
TX,REAL,4,,12,48,156591.0,156298,156591.0,,,,386,156591000	ID:4	[INFO: Metric    ] METRIC_TX type=REAL node=4 seq=12 bytes=48 time_ms=156298
RX,REAL,,4,12,48,156649.168,156146,156649.168,156298,156146,58.16800000000512,387,156649168	ID:1	[INFO: Metric    ] METRIC_RX type=REAL src=4 seq=12 send_ms=156298 recv_ms=156146 bytes=48
TX,REAL,2,,13,48,157025.0,156162,157025.0,,,,389,157025000	ID:2	[INFO: Metric    ] METRIC_TX type=REAL node=2 seq=13 bytes=48 time_ms=156162
RX,REAL,,2,13,48,157038.88,156535,157038.88,156162,156535,13.880000000004657,390,157038880	ID:1	[INFO: Metric    ] METRIC_RX type=REAL src=2 seq=13 send_ms=156162 recv_ms=156535 bytes=48
TX,REAL,5,,12,48,157336.0,156999,157336.0,,,,392,157336000	ID:5	[INFO: Metric    ] METRIC_TX type=REAL node=5 seq=12 bytes=48 time_ms=156999
RX,REAL,,5,12,48,157351.168,156848,157351.168,156999,156848,15.168000000005122,393,157351168	ID:1	[INFO: Metric    ] METRIC_RX type=REAL src=5 seq=12 send_ms=156999 recv_ms=156848 bytes=48
TX,REAL,3,,12,48,161929.0,161265,161929.0,,,,395,161929000	ID:3	[INFO: Metric    ] METRIC_TX type=REAL node=3 seq=12 bytes=48 time_ms=161265
RX,REAL,,3,12,48,161996.168,161493,161996.168,161265,161493,67.16800000000512,396,161996168	ID:1	[INFO: Metric    ] METRIC_RX type=REAL src=3 seq=12 send_ms=161265 recv_ms=161493 bytes=48
TX,REAL,7,,14,48,164196.0,163877,164196.0,,,,398,164196000	ID:7	[INFO: Metric    ] METRIC_TX type=REAL node=7 seq=14 bytes=48 time_ms=163877
RX,REAL,,7,14,48,164225.88,163722,164225.88,163877,163722,29.880000000004657,399,164225880	ID:1	[INFO: Metric    ] METRIC_RX type=REAL src=7 seq=14 send_ms=163877 recv_ms=163722 bytes=48
TX,REAL,6,,15,48,164389.0,163450,164389.0,,,,401,164389000	ID:6	[INFO: Metric    ] METRIC_TX type=REAL node=6 seq=15 bytes=48 time_ms=163450
RX,REAL,,6,15,48,164408.88,163905,164408.88,163450,163905,19.880000000004657,402,164408880	ID:1	[INFO: Metric    ] METRIC_RX type=REAL src=6 seq=15 send_ms=163450 recv_ms=163905 bytes=48
TX,REAL,4,,13,48,164592.0,164299,164592.0,,,,404,164592000	ID:4	[INFO: Metric    ] METRIC_TX type=REAL node=4 seq=13 bytes=48 time_ms=164299
RX,REAL,,4,13,48,164652.168,164149,164652.168,164299,164149,60.16800000000512,405,164652168	ID:1	[INFO: Metric    ] METRIC_RX type=REAL src=4 seq=13 send_ms=164299 recv_ms=164149 bytes=48
TX,REAL,2,,14,48,168026.0,167163,168026.0,,,,407,168026000	ID:2	[INFO: Metric    ] METRIC_TX type=REAL node=2 seq=14 bytes=48 time_ms=167163
RX,REAL,,2,14,48,168034.88,167531,168034.88,167163,167531,8.880000000004657,408,168034880	ID:1	[INFO: Metric    ] METRIC_RX type=REAL src=2 seq=14 send_ms=167163 recv_ms=167531 bytes=48
TX,REAL,5,,13,48,169337.0,169000,169337.0,,,,410,169337000	ID:5	[INFO: Metric    ] METRIC_TX type=REAL node=5 seq=13 bytes=48 time_ms=169000
RX,REAL,,5,13,48,169389.168,168886,169389.168,169000,168886,52.16800000000512,411,169389168	ID:1	[INFO: Metric    ] METRIC_RX type=REAL src=5 seq=13 send_ms=169000 recv_ms=168886 bytes=48
TX,REAL,3,,13,48,170930.0,170266,170930.0,,,,414,170930000	ID:3	[INFO: Metric    ] METRIC_TX type=REAL node=3 seq=13 bytes=48 time_ms=170266
RX,REAL,,3,13,48,170973.168,170470,170973.168,170266,170470,43.16800000000512,415,170973168	ID:1	[INFO: Metric    ] METRIC_RX type=REAL src=3 seq=13 send_ms=170266 recv_ms=170470 bytes=48
TX,REAL,4,,14,48,174593.0,174300,174593.0,,,,417,174593000	ID:4	[INFO: Metric    ] METRIC_TX type=REAL node=4 seq=14 bytes=48 time_ms=174300
RX,REAL,,4,14,48,174646.168,174143,174646.168,174300,174143,53.16800000000512,418,174646168	ID:1	[INFO: Metric    ] METRIC_RX type=REAL src=4 seq=14 send_ms=174300 recv_ms=174143 bytes=48
TX,REAL,6,,16,48,175390.0,174451,175390.0,,,,420,175390000	ID:6	[INFO: Metric    ] METRIC_TX type=REAL node=6 seq=16 bytes=48 time_ms=174451
RX,REAL,,6,16,48,175435.88,174932,175435.88,174451,174932,45.88000000000466,421,175435880	ID:1	[INFO: Metric    ] METRIC_RX type=REAL src=6 seq=16 send_ms=174451 recv_ms=174932 bytes=48
TX,REAL,2,,15,48,176027.0,175164,176027.0,,,,423,176027000	ID:2	[INFO: Metric    ] METRIC_TX type=REAL node=2 seq=15 bytes=48 time_ms=175164
RX,REAL,,2,15,48,176050.88,175547,176050.88,175164,175547,23.880000000004657,424,176050880	ID:1	[INFO: Metric    ] METRIC_RX type=REAL src=2 seq=15 send_ms=175164 recv_ms=175547 bytes=48
TX,REAL,7,,15,48,176197.0,175878,176197.0,,,,426,176197000	ID:7	[INFO: Metric    ] METRIC_TX type=REAL node=7 seq=15 bytes=48 time_ms=175878
RX,REAL,,7,15,48,176207.88,175704,176207.88,175878,175704,10.880000000004657,427,176207880	ID:1	[INFO: Metric    ] METRIC_RX type=REAL src=7 seq=15 send_ms=175878 recv_ms=175704 bytes=48
TX,REAL,5,,14,48,177338.0,177001,177338.0,,,,429,177338000	ID:5	[INFO: Metric    ] METRIC_TX type=REAL node=5 seq=14 bytes=48 time_ms=177001
RX,REAL,,5,14,48,177353.304,176850,177353.304,177001,176850,15.304000000003725,430,177353304	ID:1	[INFO: Metric    ] METRIC_RX type=REAL src=5 seq=14 send_ms=177001 recv_ms=176850 bytes=48
TX,REAL,3,,14,48,182931.0,182267,182931.0,,,,432,182931000	ID:3	[INFO: Metric    ] METRIC_TX type=REAL node=3 seq=14 bytes=48 time_ms=182267
RX,REAL,,3,14,48,182980.168,182477,182980.168,182267,182477,49.16800000000512,433,182980168	ID:1	[INFO: Metric    ] METRIC_RX type=REAL src=3 seq=14 send_ms=182267 recv_ms=182477 bytes=48
TX,REAL,4,,15,48,183594.0,183301,183594.0,,,,435,183594000	ID:4	[INFO: Metric    ] METRIC_TX type=REAL node=4 seq=15 bytes=48 time_ms=183301
RX,REAL,,4,15,48,183647.168,183144,183647.168,183301,183144,53.16800000000512,436,183647168	ID:1	[INFO: Metric    ] METRIC_RX type=REAL src=4 seq=15 send_ms=183301 recv_ms=183144 bytes=48
TX,REAL,2,,16,48,185028.0,184165,185028.0,,,,438,185028000	ID:2	[INFO: Metric    ] METRIC_TX type=REAL node=2 seq=16 bytes=48 time_ms=184165
RX,REAL,,2,16,48,185069.88,184566,185069.88,184165,184566,41.88000000000466,439,185069880	ID:1	[INFO: Metric    ] METRIC_RX type=REAL src=2 seq=16 send_ms=184165 recv_ms=184566 bytes=48
TX,REAL,6,,17,48,185391.0,184452,185391.0,,,,441,185391000	ID:6	[INFO: Metric    ] METRIC_TX type=REAL node=6 seq=17 bytes=48 time_ms=184452
TX,DUMMY,6,,2,48,185392.0,184453,185392.0,,,,442,185392000	ID:6	[INFO: Metric    ] METRIC_TX type=DUMMY node=6 seq=2 bytes=48 time_ms=184453
RX,REAL,,6,17,48,185397.88,184894,185397.88,184452,184894,6.880000000004657,443,185397880	ID:1	[INFO: Metric    ] METRIC_RX type=REAL src=6 seq=17 send_ms=184452 recv_ms=184894 bytes=48
RX,DUMMY,,6,2,48,185418.88,184915,185418.88,184453,184915,,446,185418880	ID:1	[INFO: Metric    ] METRIC_RX type=DUMMY src=6 seq=2 send_ms=184453 recv_ms=184915 bytes=48
TX,REAL,5,,15,48,187339.0,187002,187339.0,,,,448,187339000	ID:5	[INFO: Metric    ] METRIC_TX type=REAL node=5 seq=15 bytes=48 time_ms=187002
RX,REAL,,5,15,48,187420.168,186917,187420.168,187002,186917,81.16800000000512,449,187420168	ID:1	[INFO: Metric    ] METRIC_RX type=REAL src=5 seq=15 send_ms=187002 recv_ms=186917 bytes=48
TX,REAL,7,,16,48,188198.0,187879,188198.0,,,,451,188198000	ID:7	[INFO: Metric    ] METRIC_TX type=REAL node=7 seq=16 bytes=48 time_ms=187879
RX,REAL,,7,16,48,188206.88,187703,188206.88,187879,187703,8.880000000004657,452,188206880	ID:1	[INFO: Metric    ] METRIC_RX type=REAL src=7 seq=16 send_ms=187879 recv_ms=187703 bytes=48
TX,REAL,2,,17,48,193029.0,192166,193029.0,,,,454,193029000	ID:2	[INFO: Metric    ] METRIC_TX type=REAL node=2 seq=17 bytes=48 time_ms=192166
TX,DUMMY,2,,3,48,193030.0,192167,193030.0,,,,455,193030000	ID:2	[INFO: Metric    ] METRIC_TX type=DUMMY node=2 seq=3 bytes=48 time_ms=192167
RX,REAL,,2,17,48,193058.88,192555,193058.88,192166,192555,29.880000000004657,456,193058880	ID:1	[INFO: Metric    ] METRIC_RX type=REAL src=2 seq=17 send_ms=192166 recv_ms=192555 bytes=48
RX,DUMMY,,2,3,48,193078.88,192575,193078.88,192167,192575,,457,193078880	ID:1	[INFO: Metric    ] METRIC_RX type=DUMMY src=2 seq=3 send_ms=192167 recv_ms=192575 bytes=48
TX,REAL,4,,16,48,193595.0,193302,193595.0,,,,460,193595000	ID:4	[INFO: Metric    ] METRIC_TX type=REAL node=4 seq=16 bytes=48 time_ms=193302
RX,REAL,,4,16,48,193634.168,193131,193634.168,193302,193131,39.16800000000512,461,193634168	ID:1	[INFO: Metric    ] METRIC_RX type=REAL src=4 seq=16 send_ms=193302 recv_ms=193131 bytes=48
TX,REAL,3,,15,48,193932.0,193268,193932.0,,,,463,193932000	ID:3	[INFO: Metric    ] METRIC_TX type=REAL node=3 seq=15 bytes=48 time_ms=193268
TX,DUMMY,3,,3,48,193933.0,193269,193933.0,,,,464,193933000	ID:3	[INFO: Metric    ] METRIC_TX type=DUMMY node=3 seq=3 bytes=48 time_ms=193269
RX,REAL,,3,15,48,194010.168,193507,194010.168,193268,193507,78.16800000000512,465,194010168	ID:1	[INFO: Metric    ] METRIC_RX type=REAL src=3 seq=15 send_ms=193268 recv_ms=193507 bytes=48
RX,DUMMY,,3,3,48,194036.168,193533,194036.168,193269,193533,,466,194036168	ID:1	[INFO: Metric    ] METRIC_RX type=DUMMY src=3 seq=3 send_ms=193269 recv_ms=193533 bytes=48
TX,REAL,6,,18,48,196393.0,195454,196393.0,,,,469,196393000	ID:6	[INFO: Metric    ] METRIC_TX type=REAL node=6 seq=18 bytes=48 time_ms=195454
TX,DUMMY,6,,3,48,196394.0,195455,196394.0,,,,470,196394000	ID:6	[INFO: Metric    ] METRIC_TX type=DUMMY node=6 seq=3 bytes=48 time_ms=195455
RX,REAL,,6,18,48,196419.88,195916,196419.88,195454,195916,26.880000000004657,471,196419880	ID:1	[INFO: Metric    ] METRIC_RX type=REAL src=6 seq=18 send_ms=195454 recv_ms=195916 bytes=48
RX,DUMMY,,6,3,48,196553.88,196050,196553.88,195455,196050,,473,196553880	ID:1	[INFO: Metric    ] METRIC_RX type=DUMMY src=6 seq=3 send_ms=195455 recv_ms=196050 bytes=48
TX,REAL,7,,17,48,199199.0,198880,199199.0,,,,476,199199000	ID:7	[INFO: Metric    ] METRIC_TX type=REAL node=7 seq=17 bytes=48 time_ms=198880
RX,REAL,,7,17,48,199212.88,198709,199212.88,198880,198709,13.880000000004657,477,199212880	ID:1	[INFO: Metric    ] METRIC_RX type=REAL src=7 seq=17 send_ms=198880 recv_ms=198709 bytes=48
TX,REAL,5,,16,48,199340.0,199003,199340.0,,,,479,199340000	ID:5	[INFO: Metric    ] METRIC_TX type=REAL node=5 seq=16 bytes=48 time_ms=199003
TX,DUMMY,5,,0,48,199341.0,199004,199341.0,,,,480,199341000	ID:5	[INFO: Metric    ] METRIC_TX type=DUMMY node=5 seq=0 bytes=48 time_ms=199004
RX,REAL,,5,16,48,199417.168,198914,199417.168,199003,198914,77.16800000000512,481,199417168	ID:1	[INFO: Metric    ] METRIC_RX type=REAL src=5 seq=16 send_ms=199003 recv_ms=198914 bytes=48
RX,DUMMY,,5,0,48,199449.168,198946,199449.168,199004,198946,,482,199449168	ID:1	[INFO: Metric    ] METRIC_RX type=DUMMY src=5 seq=0 send_ms=199004 recv_ms=198946 bytes=48
TX,REAL,2,,18,48,201031.0,200168,201031.0,,,,485,201031000	ID:2	[INFO: Metric    ] METRIC_TX type=REAL node=2 seq=18 bytes=48 time_ms=200168
RX,REAL,,2,18,48,201075.88,200572,201075.88,200168,200572,44.88000000000466,486,201075880	ID:1	[INFO: Metric    ] METRIC_RX type=REAL src=2 seq=18 send_ms=200168 recv_ms=200572 bytes=48
TX,REAL,4,,17,48,201596.0,201303,201596.0,,,,488,201596000	ID:4	[INFO: Metric    ] METRIC_TX type=REAL node=4 seq=17 bytes=48 time_ms=201303
RX,REAL,,4,17,48,201650.168,201147,201650.168,201303,201147,54.16800000000512,489,201650168	ID:1	[INFO: Metric    ] METRIC_RX type=REAL src=4 seq=17 send_ms=201303 recv_ms=201147 bytes=48
TX,REAL,3,,16,48,201934.0,201270,201934.0,,,,491,201934000	ID:3	[INFO: Metric    ] METRIC_TX type=REAL node=3 seq=16 bytes=48 time_ms=201270
RX,REAL,,3,16,48,201976.168,201473,201976.168,201270,201473,42.16800000000512,492,201976168	ID:1	[INFO: Metric    ] METRIC_RX type=REAL src=3 seq=16 send_ms=201270 recv_ms=201473 bytes=48
TX,REAL,6,,19,48,205395.0,204456,205395.0,,,,494,205395000	ID:6	[INFO: Metric    ] METRIC_TX type=REAL node=6 seq=19 bytes=48 time_ms=204456
RX,REAL,,6,19,48,205405.88,204902,205405.88,204456,204902,10.880000000004657,495,205405880	ID:1	[INFO: Metric    ] METRIC_RX type=REAL src=6 seq=19 send_ms=204456 recv_ms=204902 bytes=48
TX,REAL,7,,18,48,209200.0,208881,209200.0,,,,497,209200000	ID:7	[INFO: Metric    ] METRIC_TX type=REAL node=7 seq=18 bytes=48 time_ms=208881
RX,REAL,,7,18,48,209217.88,208714,209217.88,208881,208714,17.880000000004657,498,209217880	ID:1	[INFO: Metric    ] METRIC_RX type=REAL src=7 seq=18 send_ms=208881 recv_ms=208714 bytes=48
TX,REAL,4,,18,48,209597.0,209304,209597.0,,,,500,209597000	ID:4	[INFO: Metric    ] METRIC_TX type=REAL node=4 seq=18 bytes=48 time_ms=209304
RX,REAL,,4,18,48,209682.168,209179,209682.168,209304,209179,85.16800000000512,501,209682168	ID:1	[INFO: Metric    ] METRIC_RX type=REAL src=4 seq=18 send_ms=209304 recv_ms=209179 bytes=48
TX,REAL,5,,17,48,211342.0,211005,211342.0,,,,503,211342000	ID:5	[INFO: Metric    ] METRIC_TX type=REAL node=5 seq=17 bytes=48 time_ms=211005
RX,REAL,,5,17,48,211364.168,210861,211364.168,211005,210861,22.168000000005122,504,211364168	ID:1	[INFO: Metric    ] METRIC_RX type=REAL src=5 seq=17 send_ms=211005 recv_ms=210861 bytes=48
TX,REAL,3,,17,48,211935.0,211271,211935.0,,,,507,211935000	ID:3	[INFO: Metric    ] METRIC_TX type=REAL node=3 seq=17 bytes=48 time_ms=211271
RX,REAL,,3,17,48,212027.168,211524,212027.168,211271,211524,92.16800000000512,508,212027168	ID:1	[INFO: Metric    ] METRIC_RX type=REAL src=3 seq=17 send_ms=211271 recv_ms=211524 bytes=48
TX,REAL,2,,19,48,212031.0,211169,212031.0,,,,509,212031000	ID:2	[INFO: Metric    ] METRIC_TX type=REAL node=2 seq=19 bytes=48 time_ms=211169
RX,REAL,,2,19,48,212095.88,211592,212095.88,211169,211592,64.88000000000466,511,212095880	ID:1	[INFO: Metric    ] METRIC_RX type=REAL src=2 seq=19 send_ms=211169 recv_ms=211592 bytes=48
TX,REAL,6,,20,48,214396.0,213457,214396.0,,,,515,214396000	ID:6	[INFO: Metric    ] METRIC_TX type=REAL node=6 seq=20 bytes=48 time_ms=213457
RX,REAL,,6,20,48,214404.88,213901,214404.88,213457,213901,8.880000000004657,516,214404880	ID:1	[INFO: Metric    ] METRIC_RX type=REAL src=6 seq=20 send_ms=213457 recv_ms=213901 bytes=48
TX,REAL,7,,19,48,217201.0,216882,217201.0,,,,518,217201000	ID:7	[INFO: Metric    ] METRIC_TX type=REAL node=7 seq=19 bytes=48 time_ms=216882
TX,DUMMY,7,,2,48,217202.0,216883,217202.0,,,,519,217202000	ID:7	[INFO: Metric    ] METRIC_TX type=DUMMY node=7 seq=2 bytes=48 time_ms=216883
RX,REAL,,7,19,48,217233.88,216730,217233.88,216882,216730,32.88000000000466,520,217233880	ID:1	[INFO: Metric    ] METRIC_RX type=REAL src=7 seq=19 send_ms=216882 recv_ms=216730 bytes=48
RX,DUMMY,,7,2,48,217255.88,216752,217255.88,216883,216752,,521,217255880	ID:1	[INFO: Metric    ] METRIC_RX type=DUMMY src=7 seq=2 send_ms=216883 recv_ms=216752 bytes=48
TX,REAL,4,,19,48,220598.0,220305,220598.0,,,,524,220598000	ID:4	[INFO: Metric    ] METRIC_TX type=REAL node=4 seq=19 bytes=48 time_ms=220305
RX,REAL,,4,19,48,220662.168,220159,220662.168,220305,220159,64.16800000000512,525,220662168	ID:1	[INFO: Metric    ] METRIC_RX type=REAL src=4 seq=19 send_ms=220305 recv_ms=220159 bytes=48
TX,REAL,5,,18,48,221343.0,221006,221343.0,,,,527,221343000	ID:5	[INFO: Metric    ] METRIC_TX type=REAL node=5 seq=18 bytes=48 time_ms=221006
RX,REAL,,5,18,48,221393.168,220890,221393.168,221006,220890,50.16800000000512,528,221393168	ID:1	[INFO: Metric    ] METRIC_RX type=REAL src=5 seq=18 send_ms=221006 recv_ms=220890 bytes=48
TX,REAL,3,,18,48,223936.0,223272,223936.0,,,,530,223936000	ID:3	[INFO: Metric    ] METRIC_TX type=REAL node=3 seq=18 bytes=48 time_ms=223272
RX,REAL,,3,18,48,224013.168,223510,224013.168,223272,223510,77.16800000000512,531,224013168	ID:1	[INFO: Metric    ] METRIC_RX type=REAL src=3 seq=18 send_ms=223272 recv_ms=223510 bytes=48
TX,REAL,2,,20,48,224032.0,223169,224032.0,,,,534,224032000	ID:2	[INFO: Metric    ] METRIC_TX type=REAL node=2 seq=20 bytes=48 time_ms=223169
RX,REAL,,2,20,48,224101.88,223598,224101.88,223169,223598,69.88000000000466,536,224101880	ID:1	[INFO: Metric    ] METRIC_RX type=REAL src=2 seq=20 send_ms=223169 recv_ms=223598 bytes=48
TX,REAL,6,,21,48,224397.0,223458,224397.0,,,,538,224397000	ID:6	[INFO: Metric    ] METRIC_TX type=REAL node=6 seq=21 bytes=48 time_ms=223458
RX,REAL,,6,21,48,224420.88,223917,224420.88,223458,223917,23.880000000004657,539,224420880	ID:1	[INFO: Metric    ] METRIC_RX type=REAL src=6 seq=21 send_ms=223458 recv_ms=223917 bytes=48
TX,REAL,7,,20,48,227203.0,226884,227203.0,,,,544,227203000	ID:7	[INFO: Metric    ] METRIC_TX type=REAL node=7 seq=20 bytes=48 time_ms=226884
TX,DUMMY,7,,3,48,227204.0,226885,227204.0,,,,545,227204000	ID:7	[INFO: Metric    ] METRIC_TX type=DUMMY node=7 seq=3 bytes=48 time_ms=226885
RX,REAL,,7,20,48,227209.88,226706,227209.88,226884,226706,6.880000000004657,546,227209880	ID:1	[INFO: Metric    ] METRIC_RX type=REAL src=7 seq=20 send_ms=226884 recv_ms=226706 bytes=48
RX,DUMMY,,7,3,48,227239.88,226736,227239.88,226885,226736,,548,227239880	ID:1	[INFO: Metric    ] METRIC_RX type=DUMMY src=7 seq=3 send_ms=226885 recv_ms=226736 bytes=48
TX,REAL,4,,20,48,229599.0,229306,229599.0,,,,552,229599000	ID:4	[INFO: Metric    ] METRIC_TX type=REAL node=4 seq=20 bytes=48 time_ms=229306
RX,REAL,,4,20,48,229639.168,229136,229639.168,229306,229136,40.16800000000512,553,229639168	ID:1	[INFO: Metric    ] METRIC_RX type=REAL src=4 seq=20 send_ms=229306 recv_ms=229136 bytes=48
TX,REAL,5,,19,48,233344.0,233007,233344.0,,,,555,233344000	ID:5	[INFO: Metric    ] METRIC_TX type=REAL node=5 seq=19 bytes=48 time_ms=233007
RX,REAL,,5,19,48,233392.168,232889,233392.168,233007,232889,48.16800000000512,556,233392168	ID:1	[INFO: Metric    ] METRIC_RX type=REAL src=5 seq=19 send_ms=233007 recv_ms=232889 bytes=48
TX,REAL,6,,22,48,235398.0,234459,235398.0,,,,558,235398000	ID:6	[INFO: Metric    ] METRIC_TX type=REAL node=6 seq=22 bytes=48 time_ms=234459
RX,REAL,,6,22,48,235421.88,234918,235421.88,234459,234918,23.880000000004657,559,235421880	ID:1	[INFO: Metric    ] METRIC_RX type=REAL src=6 seq=22 send_ms=234459 recv_ms=234918 bytes=48
TX,REAL,3,,19,48,235937.0,235273,235937.0,,,,561,235937000	ID:3	[INFO: Metric    ] METRIC_TX type=REAL node=3 seq=19 bytes=48 time_ms=235273
RX,REAL,,3,19,48,235965.168,235462,235965.168,235273,235462,28.168000000005122,562,235965168	ID:1	[INFO: Metric    ] METRIC_RX type=REAL src=3 seq=19 send_ms=235273 recv_ms=235462 bytes=48
TX,REAL,2,,21,48,236033.0,235170,236033.0,,,,564,236033000	ID:2	[INFO: Metric    ] METRIC_TX type=REAL node=2 seq=21 bytes=48 time_ms=235170
RX,REAL,,2,21,48,236055.88,235552,236055.88,235170,235552,22.880000000004657,565,236055880	ID:1	[INFO: Metric    ] METRIC_RX type=REAL src=2 seq=21 send_ms=235170 recv_ms=235552 bytes=48
TX,REAL,7,,21,48,236205.0,235886,236205.0,,,,567,236205000	ID:7	[INFO: Metric    ] METRIC_TX type=REAL node=7 seq=21 bytes=48 time_ms=235886
RX,REAL,,7,21,48,236246.88,235743,236246.88,235886,235743,41.88000000000466,568,236246880	ID:1	[INFO: Metric    ] METRIC_RX type=REAL src=7 seq=21 send_ms=235886 recv_ms=235743 bytes=48
TX,REAL,4,,21,48,241600.0,241307,241600.0,,,,570,241600000	ID:4	[INFO: Metric    ] METRIC_TX type=REAL node=4 seq=21 bytes=48 time_ms=241307
RX,REAL,,4,21,48,241624.168,241121,241624.168,241307,241121,24.168000000005122,571,241624168	ID:1	[INFO: Metric    ] METRIC_RX type=REAL src=4 seq=21 send_ms=241307 recv_ms=241121 bytes=48
TX,REAL,7,,22,48,244206.0,243887,244206.0,,,,573,244206000	ID:7	[INFO: Metric    ] METRIC_TX type=REAL node=7 seq=22 bytes=48 time_ms=243887
RX,REAL,,7,22,48,244231.88,243728,244231.88,243887,243728,25.880000000004657,574,244231880	ID:1	[INFO: Metric    ] METRIC_RX type=REAL src=7 seq=22 send_ms=243887 recv_ms=243728 bytes=48
TX,REAL,5,,20,48,245345.0,245008,245345.0,,,,579,245345000	ID:5	[INFO: Metric    ] METRIC_TX type=REAL node=5 seq=20 bytes=48 time_ms=245008
RX,REAL,,5,20,48,245365.168,244862,245365.168,245008,244862,20.168000000005122,580,245365168	ID:1	[INFO: Metric    ] METRIC_RX type=REAL src=5 seq=20 send_ms=245008 recv_ms=244862 bytes=48
TX,REAL,3,,20,48,245938.0,245274,245938.0,,,,584,245938000	ID:3	[INFO: Metric    ] METRIC_TX type=REAL node=3 seq=20 bytes=48 time_ms=245274
RX,REAL,,3,20,48,245993.168,245490,245993.168,245274,245490,55.16800000000512,585,245993168	ID:1	[INFO: Metric    ] METRIC_RX type=REAL src=3 seq=20 send_ms=245274 recv_ms=245490 bytes=48
TX,REAL,6,,23,48,247399.0,246460,247399.0,,,,587,247399000	ID:6	[INFO: Metric    ] METRIC_TX type=REAL node=6 seq=23 bytes=48 time_ms=246460
RX,REAL,,6,23,48,247442.88,246939,247442.88,246460,246939,43.88000000000466,588,247442880	ID:1	[INFO: Metric    ] METRIC_RX type=REAL src=6 seq=23 send_ms=246460 recv_ms=246939 bytes=48
TX,REAL,2,,22,48,248034.0,247171,248034.0,,,,590,248034000	ID:2	[INFO: Metric    ] METRIC_TX type=REAL node=2 seq=22 bytes=48 time_ms=247171
RX,REAL,,2,22,48,248070.88,247567,248070.88,247171,247567,36.88000000000466,591,248070880	ID:1	[INFO: Metric    ] METRIC_RX type=REAL src=2 seq=22 send_ms=247171 recv_ms=247567 bytes=48
TX,REAL,4,,22,48,252601.0,252308,252601.0,,,,593,252601000	ID:4	[INFO: Metric    ] METRIC_TX type=REAL node=4 seq=22 bytes=48 time_ms=252308
RX,REAL,,4,22,48,252646.168,252143,252646.168,252308,252143,45.16800000000512,594,252646168	ID:1	[INFO: Metric    ] METRIC_RX type=REAL src=4 seq=22 send_ms=252308 recv_ms=252143 bytes=48
TX,REAL,7,,23,48,254207.0,253888,254207.0,,,,596,254207000	ID:7	[INFO: Metric    ] METRIC_TX type=REAL node=7 seq=23 bytes=48 time_ms=253888
RX,REAL,,7,23,48,254217.88,253714,254217.88,253888,253714,10.880000000004657,597,254217880	ID:1	[INFO: Metric    ] METRIC_RX type=REAL src=7 seq=23 send_ms=253888 recv_ms=253714 bytes=48
TX,REAL,5,,21,48,256346.0,256009,256346.0,,,,599,256346000	ID:5	[INFO: Metric    ] METRIC_TX type=REAL node=5 seq=21 bytes=48 time_ms=256009
RX,REAL,,5,21,48,256362.168,255859,256362.168,256009,255859,16.168000000005122,600,256362168	ID:1	[INFO: Metric    ] METRIC_RX type=REAL src=5 seq=21 send_ms=256009 recv_ms=255859 bytes=48
TX,REAL,6,,24,48,256400.0,255461,256400.0,,,,601,256400000	ID:6	[INFO: Metric    ] METRIC_TX type=REAL node=6 seq=24 bytes=48 time_ms=255461
RX,REAL,,6,24,48,256431.88,255928,256431.88,255461,255928,31.880000000004657,603,256431880	ID:1	[INFO: Metric    ] METRIC_RX type=REAL src=6 seq=24 send_ms=255461 recv_ms=255928 bytes=48
TX,REAL,3,,21,48,256939.0,256275,256939.0,,,,605,256939000	ID:3	[INFO: Metric    ] METRIC_TX type=REAL node=3 seq=21 bytes=48 time_ms=256275
RX,REAL,,3,21,48,256985.168,256482,256985.168,256275,256482,46.16800000000512,606,256985168	ID:1	[INFO: Metric    ] METRIC_RX type=REAL src=3 seq=21 send_ms=256275 recv_ms=256482 bytes=48
TX,REAL,2,,23,48,260035.0,259172,260035.0,,,,608,260035000	ID:2	[INFO: Metric    ] METRIC_TX type=REAL node=2 seq=23 bytes=48 time_ms=259172
RX,REAL,,2,23,48,260049.88,259546,260049.88,259172,259546,14.880000000004657,609,260049880	ID:1	[INFO: Metric    ] METRIC_RX type=REAL src=2 seq=23 send_ms=259172 recv_ms=259546 bytes=48
TX,REAL,7,,24,48,262208.0,261889,262208.0,,,,612,262208000	ID:7	[INFO: Metric    ] METRIC_TX type=REAL node=7 seq=24 bytes=48 time_ms=261889
RX,REAL,,7,24,48,262225.88,261722,262225.88,261889,261722,17.880000000004657,613,262225880	ID:1	[INFO: Metric    ] METRIC_RX type=REAL src=7 seq=24 send_ms=261889 recv_ms=261722 bytes=48
TX,REAL,4,,23,48,263602.0,263309,263602.0,,,,615,263602000	ID:4	[INFO: Metric    ] METRIC_TX type=REAL node=4 seq=23 bytes=48 time_ms=263309
TX,DUMMY,4,,3,48,263603.0,263310,263603.0,,,,616,263603000	ID:4	[INFO: Metric    ] METRIC_TX type=DUMMY node=4 seq=3 bytes=48 time_ms=263310
RX,REAL,,4,23,48,263682.168,263179,263682.168,263309,263179,80.16800000000512,617,263682168	ID:1	[INFO: Metric    ] METRIC_RX type=REAL src=4 seq=23 send_ms=263309 recv_ms=263179 bytes=48
RX,DUMMY,,4,3,48,263739.592,263236,263739.592,263310,263236,,619,263739592	ID:1	[INFO: Metric    ] METRIC_RX type=DUMMY src=4 seq=3 send_ms=263310 recv_ms=263236 bytes=48
TX,REAL,6,,25,48,265401.0,264462,265401.0,,,,621,265401000	ID:6	[INFO: Metric    ] METRIC_TX type=REAL node=6 seq=25 bytes=48 time_ms=264462
RX,REAL,,6,25,48,265408.88,264905,265408.88,264462,264905,7.880000000004657,622,265408880	ID:1	[INFO: Metric    ] METRIC_RX type=REAL src=6 seq=25 send_ms=264462 recv_ms=264905 bytes=48
TX,REAL,5,,22,48,266347.0,266010,266347.0,,,,624,266347000	ID:5	[INFO: Metric    ] METRIC_TX type=REAL node=5 seq=22 bytes=48 time_ms=266010
TX,DUMMY,5,,1,48,266348.0,266011,266348.0,,,,625,266348000	ID:5	[INFO: Metric    ] METRIC_TX type=DUMMY node=5 seq=1 bytes=48 time_ms=266011
RX,REAL,,5,22,48,266374.168,265871,266374.168,266010,265871,27.168000000005122,626,266374168	ID:1	[INFO: Metric    ] METRIC_RX type=REAL src=5 seq=22 send_ms=266010 recv_ms=265871 bytes=48
RX,DUMMY,,5,1,48,266381.168,265878,266381.168,266011,265878,,627,266381168	ID:1	[INFO: Metric    ] METRIC_RX type=DUMMY src=5 seq=1 send_ms=266011 recv_ms=265878 bytes=48
TX,REAL,3,,22,48,266940.0,266276,266940.0,,,,630,266940000	ID:3	[INFO: Metric    ] METRIC_TX type=REAL node=3 seq=22 bytes=48 time_ms=266276
RX,REAL,,3,22,48,266983.168,266480,266983.168,266276,266480,43.16800000000512,631,266983168	ID:1	[INFO: Metric    ] METRIC_RX type=REAL src=3 seq=22 send_ms=266276 recv_ms=266480 bytes=48
TX,REAL,2,,24,48,272036.0,271173,272036.0,,,,633,272036000	ID:2	[INFO: Metric    ] METRIC_TX type=REAL node=2 seq=24 bytes=48 time_ms=271173
RX,REAL,,2,24,48,272063.88,271560,272063.88,271173,271560,27.880000000004657,634,272063880	ID:1	[INFO: Metric    ] METRIC_RX type=REAL src=2 seq=24 send_ms=271173 recv_ms=271560 bytes=48
TX,REAL,7,,25,48,272209.0,271890,272209.0,,,,636,272209000	ID:7	[INFO: Metric    ] METRIC_TX type=REAL node=7 seq=25 bytes=48 time_ms=271890
RX,REAL,,7,25,48,272216.88,271713,272216.88,271890,271713,7.880000000004657,637,272216880	ID:1	[INFO: Metric    ] METRIC_RX type=REAL src=7 seq=25 send_ms=271890 recv_ms=271713 bytes=48
TX,REAL,6,,26,48,273402.0,272463,273402.0,,,,639,273402000	ID:6	[INFO: Metric    ] METRIC_TX type=REAL node=6 seq=26 bytes=48 time_ms=272463
RX,REAL,,6,26,48,273432.88,272929,273432.88,272463,272929,30.880000000004657,640,273432880	ID:1	[INFO: Metric    ] METRIC_RX type=REAL src=6 seq=26 send_ms=272463 recv_ms=272929 bytes=48
TX,REAL,4,,24,48,273604.0,273311,273604.0,,,,643,273604000	ID:4	[INFO: Metric    ] METRIC_TX type=REAL node=4 seq=24 bytes=48 time_ms=273311
RX,REAL,,4,24,48,273652.168,273149,273652.168,273311,273149,48.16800000000512,644,273652168	ID:1	[INFO: Metric    ] METRIC_RX type=REAL src=4 seq=24 send_ms=273311 recv_ms=273149 bytes=48
TX,REAL,5,,23,48,275349.0,275012,275349.0,,,,646,275349000	ID:5	[INFO: Metric    ] METRIC_TX type=REAL node=5 seq=23 bytes=48 time_ms=275012
RX,REAL,,5,23,48,275408.168,274905,275408.168,275012,274905,59.16800000000512,647,275408168	ID:1	[INFO: Metric    ] METRIC_RX type=REAL src=5 seq=23 send_ms=275012 recv_ms=274905 bytes=48
TX,REAL,3,,23,48,278941.0,278277,278941.0,,,,649,278941000	ID:3	[INFO: Metric    ] METRIC_TX type=REAL node=3 seq=23 bytes=48 time_ms=278277
RX,REAL,,3,23,48,278966.168,278463,278966.168,278277,278463,25.168000000005122,650,278966168	ID:1	[INFO: Metric    ] METRIC_RX type=REAL src=3 seq=23 send_ms=278277 recv_ms=278463 bytes=48
TX,REAL,2,,25,48,281037.0,280174,281037.0,,,,652,281037000	ID:2	[INFO: Metric    ] METRIC_TX type=REAL node=2 seq=25 bytes=48 time_ms=280174
RX,REAL,,2,25,48,281053.88,280550,281053.88,280174,280550,16.880000000004657,653,281053880	ID:1	[INFO: Metric    ] METRIC_RX type=REAL src=2 seq=25 send_ms=280174 recv_ms=280550 bytes=48
TX,REAL,7,,26,48,281210.0,280891,281210.0,,,,655,281210000	ID:7	[INFO: Metric    ] METRIC_TX type=REAL node=7 seq=26 bytes=48 time_ms=280891
RX,REAL,,7,26,48,281249.88,280746,281249.88,280891,280746,39.88000000000466,656,281249880	ID:1	[INFO: Metric    ] METRIC_RX type=REAL src=7 seq=26 send_ms=280891 recv_ms=280746 bytes=48
TX,REAL,6,,27,48,282403.0,281464,282403.0,,,,658,282403000	ID:6	[INFO: Metric    ] METRIC_TX type=REAL node=6 seq=27 bytes=48 time_ms=281464
RX,REAL,,6,27,48,282414.88,281911,282414.88,281464,281911,11.880000000004657,659,282414880	ID:1	[INFO: Metric    ] METRIC_RX type=REAL src=6 seq=27 send_ms=281464 recv_ms=281911 bytes=48
TX,REAL,4,,25,48,285605.0,285312,285605.0,,,,661,285605000	ID:4	[INFO: Metric    ] METRIC_TX type=REAL node=4 seq=25 bytes=48 time_ms=285312
RX,REAL,,4,25,48,285647.168,285144,285647.168,285312,285144,42.16800000000512,662,285647168	ID:1	[INFO: Metric    ] METRIC_RX type=REAL src=4 seq=25 send_ms=285312 recv_ms=285144 bytes=48
TX,REAL,5,,24,48,286350.0,286013,286350.0,,,,664,286350000	ID:5	[INFO: Metric    ] METRIC_TX type=REAL node=5 seq=24 bytes=48 time_ms=286013
RX,REAL,,5,24,48,286381.168,285878,286381.168,286013,285878,31.168000000005122,665,286381168	ID:1	[INFO: Metric    ] METRIC_RX type=REAL src=5 seq=24 send_ms=286013 recv_ms=285878 bytes=48
TX,REAL,3,,24,48,288942.0,288278,288942.0,,,,667,288942000	ID:3	[INFO: Metric    ] METRIC_TX type=REAL node=3 seq=24 bytes=48 time_ms=288278
RX,REAL,,3,24,48,288962.304,288459,288962.304,288278,288459,20.304000000003725,668,288962304	ID:1	[INFO: Metric    ] METRIC_RX type=REAL src=3 seq=24 send_ms=288278 recv_ms=288459 bytes=48
TX,REAL,7,,27,48,290211.0,289892,290211.0,,,,670,290211000	ID:7	[INFO: Metric    ] METRIC_TX type=REAL node=7 seq=27 bytes=48 time_ms=289892
RX,REAL,,7,27,48,290225.88,289722,290225.88,289892,289722,14.880000000004657,671,290225880	ID:1	[INFO: Metric    ] METRIC_RX type=REAL src=7 seq=27 send_ms=289892 recv_ms=289722 bytes=48
TX,REAL,2,,26,48,291038.0,290175,291038.0,,,,674,291038000	ID:2	[INFO: Metric    ] METRIC_TX type=REAL node=2 seq=26 bytes=48 time_ms=290175
RX,REAL,,2,26,48,291078.88,290575,291078.88,290175,290575,40.88000000000466,675,291078880	ID:1	[INFO: Metric    ] METRIC_RX type=REAL src=2 seq=26 send_ms=290175 recv_ms=290575 bytes=48
TX,REAL,6,,28,48,294404.0,293465,294404.0,,,,677,294404000	ID:6	[INFO: Metric    ] METRIC_TX type=REAL node=6 seq=28 bytes=48 time_ms=293465
TX,DUMMY,6,,4,48,294405.0,293466,294405.0,,,,678,294405000	ID:6	[INFO: Metric    ] METRIC_TX type=DUMMY node=6 seq=4 bytes=48 time_ms=293466
RX,REAL,,6,28,48,294415.88,293912,294415.88,293465,293912,11.880000000004657,679,294415880	ID:1	[INFO: Metric    ] METRIC_RX type=REAL src=6 seq=28 send_ms=293465 recv_ms=293912 bytes=48
RX,DUMMY,,6,4,48,294438.88,293935,294438.88,293466,293935,,680,294438880	ID:1	[INFO: Metric    ] METRIC_RX type=DUMMY src=6 seq=4 send_ms=293466 recv_ms=293935 bytes=48
TX,REAL,4,,26,48,296606.0,296313,296606.0,,,,683,296606000	ID:4	[INFO: Metric    ] METRIC_TX type=REAL node=4 seq=26 bytes=48 time_ms=296313
RX,REAL,,4,26,48,296662.168,296159,296662.168,296313,296159,56.16800000000512,684,296662168	ID:1	[INFO: Metric    ] METRIC_RX type=REAL src=4 seq=26 send_ms=296313 recv_ms=296159 bytes=48
TX,REAL,7,,28,48,298212.0,297893,298212.0,,,,686,298212000	ID:7	[INFO: Metric    ] METRIC_TX type=REAL node=7 seq=28 bytes=48 time_ms=297893
TX,DUMMY,7,,4,48,298213.0,297894,298213.0,,,,687,298213000	ID:7	[INFO: Metric    ] METRIC_TX type=DUMMY node=7 seq=4 bytes=48 time_ms=297894
RX,REAL,,7,28,48,298254.88,297751,298254.88,297893,297751,42.88000000000466,688,298254880	ID:1	[INFO: Metric    ] METRIC_RX type=REAL src=7 seq=28 send_ms=297893 recv_ms=297751 bytes=48
RX,DUMMY,,7,4,48,298290.88,297787,298290.88,297894,297787,,690,298290880	ID:1	[INFO: Metric    ] METRIC_RX type=DUMMY src=7 seq=4 send_ms=297894 recv_ms=297787 bytes=48
TX,REAL,5,,25,48,298351.0,298014,298351.0,,,,692,298351000	ID:5	[INFO: Metric    ] METRIC_TX type=REAL node=5 seq=25 bytes=48 time_ms=298014
RX,REAL,,5,25,48,298397.168,297894,298397.168,298014,297894,46.16800000000512,693,298397168	ID:1	[INFO: Metric    ] METRIC_RX type=REAL src=5 seq=25 send_ms=298014 recv_ms=297894 bytes=48
TX,REAL,3,,25,48,298943.0,298279,298943.0,,,,695,298943000	ID:3	[INFO: Metric    ] METRIC_TX type=REAL node=3 seq=25 bytes=48 time_ms=298279
RX,REAL,,3,25,48,299008.168,298505,299008.168,298279,298505,65.16800000000512,696,299008168	ID:1	[INFO: Metric    ] METRIC_RX type=REAL src=3 seq=25 send_ms=298279 recv_ms=298505 bytes=48
TX,REAL,2,,27,48,301039.0,300176,301039.0,,,,698,301039000	ID:2	[INFO: Metric    ] METRIC_TX type=REAL node=2 seq=27 bytes=48 time_ms=300176
TX,DUMMY,2,,4,48,301040.0,300177,301040.0,,,,699,301040000	ID:2	[INFO: Metric    ] METRIC_TX type=DUMMY node=2 seq=4 bytes=48 time_ms=300177
RX,REAL,,2,27,48,301076.88,300573,301076.88,300176,300573,37.88000000000466,700,301076880	ID:1	[INFO: Metric    ] METRIC_RX type=REAL src=2 seq=27 send_ms=300176 recv_ms=300573 bytes=48
RX,DUMMY,,2,4,48,301084.88,300581,301084.88,300177,300581,,701,301084880	ID:1	[INFO: Metric    ] METRIC_RX type=DUMMY src=2 seq=4 send_ms=300177 recv_ms=300581 bytes=48
TX,REAL,6,,29,48,302406.0,301467,302406.0,,,,705,302406000	ID:6	[INFO: Metric    ] METRIC_TX type=REAL node=6 seq=29 bytes=48 time_ms=301467
TX,DUMMY,6,,5,48,302407.0,301468,302407.0,,,,706,302407000	ID:6	[INFO: Metric    ] METRIC_TX type=DUMMY node=6 seq=5 bytes=48 time_ms=301468
RX,REAL,,6,29,48,302431.88,301928,302431.88,301467,301928,25.880000000004657,707,302431880	ID:1	[INFO: Metric    ] METRIC_RX type=REAL src=6 seq=29 send_ms=301467 recv_ms=301928 bytes=48
RX,DUMMY,,6,5,48,302472.88,301969,302472.88,301468,301969,,709,302472880	ID:1	[INFO: Metric    ] METRIC_RX type=DUMMY src=6 seq=5 send_ms=301468 recv_ms=301969 bytes=48
TX,REAL,4,,27,48,304607.0,304314,304607.0,,,,711,304607000	ID:4	[INFO: Metric    ] METRIC_TX type=REAL node=4 seq=27 bytes=48 time_ms=304314
TX,DUMMY,4,,4,48,304608.0,304315,304608.0,,,,712,304608000	ID:4	[INFO: Metric    ] METRIC_TX type=DUMMY node=4 seq=4 bytes=48 time_ms=304315
RX,REAL,,4,27,48,304679.168,304176,304679.168,304314,304176,72.16800000000512,713,304679168	ID:1	[INFO: Metric    ] METRIC_RX type=REAL src=4 seq=27 send_ms=304314 recv_ms=304176 bytes=48
RX,DUMMY,,4,4,48,304715.168,304212,304715.168,304315,304212,,714,304715168	ID:1	[INFO: Metric    ] METRIC_RX type=DUMMY src=4 seq=4 send_ms=304315 recv_ms=304212 bytes=48
TX,REAL,7,,29,48,306214.0,305895,306214.0,,,,717,306214000	ID:7	[INFO: Metric    ] METRIC_TX type=REAL node=7 seq=29 bytes=48 time_ms=305895
RX,REAL,,7,29,48,306258.88,305755,306258.88,305895,305755,44.88000000000466,718,306258880	ID:1	[INFO: Metric    ] METRIC_RX type=REAL src=7 seq=29 send_ms=305895 recv_ms=305755 bytes=48
TX,REAL,5,,26,48,306352.0,306015,306352.0,,,,720,306352000	ID:5	[INFO: Metric    ] METRIC_TX type=REAL node=5 seq=26 bytes=48 time_ms=306015
TX,DUMMY,5,,2,48,306353.0,306016,306353.0,,,,721,306353000	ID:5	[INFO: Metric    ] METRIC_TX type=DUMMY node=5 seq=2 bytes=48 time_ms=306016
RX,REAL,,5,26,48,306392.168,305889,306392.168,306015,305889,40.16800000000512,722,306392168	ID:1	[INFO: Metric    ] METRIC_RX type=REAL src=5 seq=26 send_ms=306015 recv_ms=305889 bytes=48
RX,DUMMY,,5,2,48,306467.168,305964,306467.168,306016,305964,,724,306467168	ID:1	[INFO: Metric    ] METRIC_RX type=DUMMY src=5 seq=2 send_ms=306016 recv_ms=305964 bytes=48
TX,REAL,3,,26,48,306944.0,306280,306944.0,,,,726,306944000	ID:3	[INFO: Metric    ] METRIC_TX type=REAL node=3 seq=26 bytes=48 time_ms=306280
RX,REAL,,3,26,48,307011.168,306508,307011.168,306280,306508,67.16800000000512,727,307011168	ID:1	[INFO: Metric    ] METRIC_RX type=REAL src=3 seq=26 send_ms=306280 recv_ms=306508 bytes=48
TX,REAL,2,,28,48,310041.0,309178,310041.0,,,,729,310041000	ID:2	[INFO: Metric    ] METRIC_TX type=REAL node=2 seq=28 bytes=48 time_ms=309178
RX,REAL,,2,28,48,310078.88,309575,310078.88,309178,309575,37.88000000000466,730,310078880	ID:1	[INFO: Metric    ] METRIC_RX type=REAL src=2 seq=28 send_ms=309178 recv_ms=309575 bytes=48
TX,REAL,6,,30,48,314408.0,313469,314408.0,,,,734,314408000	ID:6	[INFO: Metric    ] METRIC_TX type=REAL node=6 seq=30 bytes=48 time_ms=313469
TX,DUMMY,6,,6,48,314409.0,313470,314409.0,,,,735,314409000	ID:6	[INFO: Metric    ] METRIC_TX type=DUMMY node=6 seq=6 bytes=48 time_ms=313470
RX,REAL,,6,30,48,314434.88,313931,314434.88,313469,313931,26.880000000004657,736,314434880	ID:1	[INFO: Metric    ] METRIC_RX type=REAL src=6 seq=30 send_ms=313469 recv_ms=313931 bytes=48
RX,DUMMY,,6,6,48,314442.88,313939,314442.88,313470,313939,,738,314442880	ID:1	[INFO: Metric    ] METRIC_RX type=DUMMY src=6 seq=6 send_ms=313470 recv_ms=313939 bytes=48
TX,REAL,7,,30,48,315215.0,314896,315215.0,,,,743,315215000	ID:7	[INFO: Metric    ] METRIC_TX type=REAL node=7 seq=30 bytes=48 time_ms=314896
RX,REAL,,7,30,48,315258.88,314755,315258.88,314896,314755,43.88000000000466,744,315258880	ID:1	[INFO: Metric    ] METRIC_RX type=REAL src=7 seq=30 send_ms=314896 recv_ms=314755 bytes=48
TX,REAL,4,,28,48,315609.0,315316,315609.0,,,,746,315609000	ID:4	[INFO: Metric    ] METRIC_TX type=REAL node=4 seq=28 bytes=48 time_ms=315316
RX,REAL,,4,28,48,315630.304,315127,315630.304,315316,315127,21.304000000003725,747,315630304	ID:1	[INFO: Metric    ] METRIC_RX type=REAL src=4 seq=28 send_ms=315316 recv_ms=315127 bytes=48
TX,REAL,5,,27,48,316354.0,316017,316354.0,,,,749,316354000	ID:5	[INFO: Metric    ] METRIC_TX type=REAL node=5 seq=27 bytes=48 time_ms=316017
RX,REAL,,5,27,48,316401.304,315898,316401.304,316017,315898,47.304000000003725,750,316401304	ID:1	[INFO: Metric    ] METRIC_RX type=REAL src=5 seq=27 send_ms=316017 recv_ms=315898 bytes=48
TX,REAL,3,,27,48,317945.0,317281,317945.0,,,,752,317945000	ID:3	[INFO: Metric    ] METRIC_TX type=REAL node=3 seq=27 bytes=48 time_ms=317281
RX,REAL,,3,27,48,317979.168,317476,317979.168,317281,317476,34.16800000000512,753,317979168	ID:1	[INFO: Metric    ] METRIC_RX type=REAL src=3 seq=27 send_ms=317281 recv_ms=317476 bytes=48
TX,REAL,2,,29,48,320042.0,319179,320042.0,,,,755,320042000	ID:2	[INFO: Metric    ] METRIC_TX type=REAL node=2 seq=29 bytes=48 time_ms=319179
RX,REAL,,2,29,48,320070.88,319567,320070.88,319179,319567,28.880000000004657,756,320070880	ID:1	[INFO: Metric    ] METRIC_RX type=REAL src=2 seq=29 send_ms=319179 recv_ms=319567 bytes=48
TX,REAL,6,,31,48,323410.0,322471,323410.0,,,,758,323410000	ID:6	[INFO: Metric    ] METRIC_TX type=REAL node=6 seq=31 bytes=48 time_ms=322471
RX,REAL,,6,31,48,323438.88,322935,323438.88,322471,322935,28.880000000004657,759,323438880	ID:1	[INFO: Metric    ] METRIC_RX type=REAL src=6 seq=31 send_ms=322471 recv_ms=322935 bytes=48
TX,REAL,4,,29,48,326610.0,326317,326610.0,,,,761,326610000	ID:4	[INFO: Metric    ] METRIC_TX type=REAL node=4 seq=29 bytes=48 time_ms=326317
RX,REAL,,4,29,48,326660.168,326157,326660.168,326317,326157,50.16800000000512,762,326660168	ID:1	[INFO: Metric    ] METRIC_RX type=REAL src=4 seq=29 send_ms=326317 recv_ms=326157 bytes=48
TX,REAL,7,,31,48,327216.0,326897,327216.0,,,,764,327216000	ID:7	[INFO: Metric    ] METRIC_TX type=REAL node=7 seq=31 bytes=48 time_ms=326897
TX,DUMMY,7,,5,48,327217.0,326898,327217.0,,,,765,327217000	ID:7	[INFO: Metric    ] METRIC_TX type=DUMMY node=7 seq=5 bytes=48 time_ms=326898
RX,REAL,,7,31,48,327235.88,326732,327235.88,326897,326732,19.880000000004657,766,327235880	ID:1	[INFO: Metric    ] METRIC_RX type=REAL src=7 seq=31 send_ms=326897 recv_ms=326732 bytes=48
RX,DUMMY,,7,5,48,327262.88,326759,327262.88,326898,326759,,768,327262880	ID:1	[INFO: Metric    ] METRIC_RX type=DUMMY src=7 seq=5 send_ms=326898 recv_ms=326759 bytes=48
TX,REAL,3,,28,48,327946.0,327282,327946.0,,,,771,327946000	ID:3	[INFO: Metric    ] METRIC_TX type=REAL node=3 seq=28 bytes=48 time_ms=327282
TX,DUMMY,3,,4,48,327947.0,327283,327947.0,,,,772,327947000	ID:3	[INFO: Metric    ] METRIC_TX type=DUMMY node=3 seq=4 bytes=48 time_ms=327283
RX,REAL,,3,28,48,327992.168,327489,327992.168,327282,327489,46.16800000000512,773,327992168	ID:1	[INFO: Metric    ] METRIC_RX type=REAL src=3 seq=28 send_ms=327282 recv_ms=327489 bytes=48
RX,DUMMY,,3,4,48,328107.168,327604,328107.168,327283,327604,,775,328107168	ID:1	[INFO: Metric    ] METRIC_RX type=DUMMY src=3 seq=4 send_ms=327283 recv_ms=327604 bytes=48
TX,REAL,5,,28,48,328355.0,328018,328355.0,,,,777,328355000	ID:5	[INFO: Metric    ] METRIC_TX type=REAL node=5 seq=28 bytes=48 time_ms=328018
RX,REAL,,5,28,48,328427.168,327924,328427.168,328018,327924,72.16800000000512,778,328427168	ID:1	[INFO: Metric    ] METRIC_RX type=REAL src=5 seq=28 send_ms=328018 recv_ms=327924 bytes=48
TX,REAL,2,,30,48,331043.0,330180,331043.0,,,,782,331043000	ID:2	[INFO: Metric    ] METRIC_TX type=REAL node=2 seq=30 bytes=48 time_ms=330180
RX,REAL,,2,30,48,331070.88,330567,331070.88,330180,330567,27.880000000004657,783,331070880	ID:1	[INFO: Metric    ] METRIC_RX type=REAL src=2 seq=30 send_ms=330180 recv_ms=330567 bytes=48
TX,REAL,6,,32,48,333411.0,332472,333411.0,,,,785,333411000	ID:6	[INFO: Metric    ] METRIC_TX type=REAL node=6 seq=32 bytes=48 time_ms=332472
RX,REAL,,6,32,48,333432.88,332929,333432.88,332472,332929,21.880000000004657,786,333432880	ID:1	[INFO: Metric    ] METRIC_RX type=REAL src=6 seq=32 send_ms=332472 recv_ms=332929 bytes=48
TX,REAL,3,,29,48,335948.0,335284,335948.0,,,,788,335948000	ID:3	[INFO: Metric    ] METRIC_TX type=REAL node=3 seq=29 bytes=48 time_ms=335284
RX,REAL,,3,29,48,335993.168,335490,335993.168,335284,335490,45.16800000000512,789,335993168	ID:1	[INFO: Metric    ] METRIC_RX type=REAL src=3 seq=29 send_ms=335284 recv_ms=335490 bytes=48
TX,REAL,4,,30,48,337611.0,337318,337611.0,,,,793,337611000	ID:4	[INFO: Metric    ] METRIC_TX type=REAL node=4 seq=30 bytes=48 time_ms=337318
RX,REAL,,4,30,48,337658.168,337155,337658.168,337318,337155,47.16800000000512,794,337658168	ID:1	[INFO: Metric    ] METRIC_RX type=REAL src=4 seq=30 send_ms=337318 recv_ms=337155 bytes=48
TX,REAL,5,,29,48,338356.0,338019,338356.0,,,,796,338356000	ID:5	[INFO: Metric    ] METRIC_TX type=REAL node=5 seq=29 bytes=48 time_ms=338019
TX,DUMMY,5,,3,48,338357.0,338020,338357.0,,,,797,338357000	ID:5	[INFO: Metric    ] METRIC_TX type=DUMMY node=5 seq=3 bytes=48 time_ms=338020
RX,REAL,,5,29,48,338397.168,337894,338397.168,338019,337894,41.16800000000512,798,338397168	ID:1	[INFO: Metric    ] METRIC_RX type=REAL src=5 seq=29 send_ms=338019 recv_ms=337894 bytes=48
RX,DUMMY,,5,3,48,338430.168,337927,338430.168,338020,337927,,799,338430168	ID:1	[INFO: Metric    ] METRIC_RX type=DUMMY src=5 seq=3 send_ms=338020 recv_ms=337927 bytes=48
TX,REAL,7,,32,48,339218.0,338899,339218.0,,,,802,339218000	ID:7	[INFO: Metric    ] METRIC_TX type=REAL node=7 seq=32 bytes=48 time_ms=338899
TX,DUMMY,7,,6,48,339219.0,338900,339219.0,,,,803,339219000	ID:7	[INFO: Metric    ] METRIC_TX type=DUMMY node=7 seq=6 bytes=48 time_ms=338900
RX,REAL,,7,32,48,339261.88,338758,339261.88,338899,338758,43.88000000000466,804,339261880	ID:1	[INFO: Metric    ] METRIC_RX type=REAL src=7 seq=32 send_ms=338899 recv_ms=338758 bytes=48
RX,DUMMY,,7,6,48,339279.88,338776,339279.88,338900,338776,,806,339279880	ID:1	[INFO: Metric    ] METRIC_RX type=DUMMY src=7 seq=6 send_ms=338900 recv_ms=338776 bytes=48
TX,REAL,2,,31,48,342044.0,341181,342044.0,,,,809,342044000	ID:2	[INFO: Metric    ] METRIC_TX type=REAL node=2 seq=31 bytes=48 time_ms=341181
RX,REAL,,2,31,48,342070.88,341567,342070.88,341181,341567,26.880000000004657,810,342070880	ID:1	[INFO: Metric    ] METRIC_RX type=REAL src=2 seq=31 send_ms=341181 recv_ms=341567 bytes=48
TX,REAL,3,,30,48,343949.0,343285,343949.0,,,,814,343949000	ID:3	[INFO: Metric    ] METRIC_TX type=REAL node=3 seq=30 bytes=48 time_ms=343285
RX,REAL,,3,30,48,344023.168,343520,344023.168,343285,343520,74.16800000000512,815,344023168	ID:1	[INFO: Metric    ] METRIC_RX type=REAL src=3 seq=30 send_ms=343285 recv_ms=343520 bytes=48
TX,REAL,6,,33,48,344412.0,343473,344412.0,,,,817,344412000	ID:6	[INFO: Metric    ] METRIC_TX type=REAL node=6 seq=33 bytes=48 time_ms=343473
RX,REAL,,6,33,48,344454.88,343951,344454.88,343473,343951,42.88000000000466,818,344454880	ID:1	[INFO: Metric    ] METRIC_RX type=REAL src=6 seq=33 send_ms=343473 recv_ms=343951 bytes=48
TX,REAL,7,,33,48,348220.0,347901,348220.0,,,,820,348220000	ID:7	[INFO: Metric    ] METRIC_TX type=REAL node=7 seq=33 bytes=48 time_ms=347901
TX,DUMMY,7,,7,48,348221.0,347902,348221.0,,,,821,348221000	ID:7	[INFO: Metric    ] METRIC_TX type=DUMMY node=7 seq=7 bytes=48 time_ms=347902
RX,REAL,,7,33,48,348238.88,347735,348238.88,347901,347735,18.880000000004657,822,348238880	ID:1	[INFO: Metric    ] METRIC_RX type=REAL src=7 seq=33 send_ms=347901 recv_ms=347735 bytes=48
RX,DUMMY,,7,7,48,348258.88,347755,348258.88,347902,347755,,824,348258880	ID:1	[INFO: Metric    ] METRIC_RX type=DUMMY src=7 seq=7 send_ms=347902 recv_ms=347755 bytes=48
TX,REAL,5,,30,48,348358.0,348021,348358.0,,,,828,348358000	ID:5	[INFO: Metric    ] METRIC_TX type=REAL node=5 seq=30 bytes=48 time_ms=348021
RX,REAL,,5,30,48,348386.304,347883,348386.304,348021,347883,28.304000000003725,829,348386304	ID:1	[INFO: Metric    ] METRIC_RX type=REAL src=5 seq=30 send_ms=348021 recv_ms=347883 bytes=48
TX,REAL,4,,31,48,349612.0,349319,349612.0,,,,831,349612000	ID:4	[INFO: Metric    ] METRIC_TX type=REAL node=4 seq=31 bytes=48 time_ms=349319
RX,REAL,,4,31,48,349657.168,349154,349657.168,349319,349154,45.16800000000512,832,349657168	ID:1	[INFO: Metric    ] METRIC_RX type=REAL src=4 seq=31 send_ms=349319 recv_ms=349154 bytes=48
TX,REAL,6,,34,48,352413.0,351474,352413.0,,,,834,352413000	ID:6	[INFO: Metric    ] METRIC_TX type=REAL node=6 seq=34 bytes=48 time_ms=351474
TX,DUMMY,6,,7,48,352414.0,351475,352414.0,,,,835,352414000	ID:6	[INFO: Metric    ] METRIC_TX type=DUMMY node=6 seq=7 bytes=48 time_ms=351475
RX,REAL,,6,34,48,352432.88,351929,352432.88,351474,351929,19.880000000004657,836,352432880	ID:1	[INFO: Metric    ] METRIC_RX type=REAL src=6 seq=34 send_ms=351474 recv_ms=351929 bytes=48
RX,DUMMY,,6,7,48,352473.88,351970,352473.88,351475,351970,,838,352473880	ID:1	[INFO: Metric    ] METRIC_RX type=DUMMY src=6 seq=7 send_ms=351475 recv_ms=351970 bytes=48
TX,REAL,3,,31,48,352950.0,352286,352950.0,,,,841,352950000	ID:3	[INFO: Metric    ] METRIC_TX type=REAL node=3 seq=31 bytes=48 time_ms=352286
TX,DUMMY,3,,5,48,352951.0,352287,352951.0,,,,842,352951000	ID:3	[INFO: Metric    ] METRIC_TX type=DUMMY node=3 seq=5 bytes=48 time_ms=352287
RX,REAL,,3,31,48,353005.168,352502,353005.168,352286,352502,55.16800000000512,843,353005168	ID:1	[INFO: Metric    ] METRIC_RX type=REAL src=3 seq=31 send_ms=352286 recv_ms=352502 bytes=48
RX,DUMMY,,3,5,48,353048.168,352545,353048.168,352287,352545,,844,353048168	ID:1	[INFO: Metric    ] METRIC_RX type=DUMMY src=3 seq=5 send_ms=352287 recv_ms=352545 bytes=48
TX,REAL,2,,32,48,354045.0,353182,354045.0,,,,847,354045000	ID:2	[INFO: Metric    ] METRIC_TX type=REAL node=2 seq=32 bytes=48 time_ms=353182
RX,REAL,,2,32,48,354077.88,353574,354077.88,353182,353574,32.88000000000466,848,354077880	ID:1	[INFO: Metric    ] METRIC_RX type=REAL src=2 seq=32 send_ms=353182 recv_ms=353574 bytes=48
TX,REAL,7,,34,48,358222.0,357903,358222.0,,,,850,358222000	ID:7	[INFO: Metric    ] METRIC_TX type=REAL node=7 seq=34 bytes=48 time_ms=357903
TX,DUMMY,7,,8,48,358223.0,357904,358223.0,,,,851,358223000	ID:7	[INFO: Metric    ] METRIC_TX type=DUMMY node=7 seq=8 bytes=48 time_ms=357904
RX,REAL,,7,34,48,358264.88,357761,358264.88,357903,357761,42.88000000000466,852,358264880	ID:1	[INFO: Metric    ] METRIC_RX type=REAL src=7 seq=34 send_ms=357903 recv_ms=357761 bytes=48
RX,DUMMY,,7,8,48,358304.88,357801,358304.88,357904,357801,,854,358304880	ID:1	[INFO: Metric    ] METRIC_RX type=DUMMY src=7 seq=8 send_ms=357904 recv_ms=357801 bytes=48
TX,REAL,5,,31,48,359359.0,359022,359359.0,,,,856,359359000	ID:5	[INFO: Metric    ] METRIC_TX type=REAL node=5 seq=31 bytes=48 time_ms=359022
RX,REAL,,5,31,48,359401.168,358898,359401.168,359022,358898,42.16800000000512,857,359401168	ID:1	[INFO: Metric    ] METRIC_RX type=REAL src=5 seq=31 send_ms=359022 recv_ms=358898 bytes=48
TX,REAL,4,,32,48,361613.0,361320,361613.0,,,,859,361613000	ID:4	[INFO: Metric    ] METRIC_TX type=REAL node=4 seq=32 bytes=48 time_ms=361320
RX,REAL,,4,32,48,361688.168,361185,361688.168,361320,361185,75.16800000000512,860,361688168	ID:1	[INFO: Metric    ] METRIC_RX type=REAL src=4 seq=32 send_ms=361320 recv_ms=361185 bytes=48
TX,REAL,2,,33,48,362046.0,361183,362046.0,,,,862,362046000	ID:2	[INFO: Metric    ] METRIC_TX type=REAL node=2 seq=33 bytes=48 time_ms=361183
RX,REAL,,2,33,48,362073.88,361570,362073.88,361183,361570,27.880000000004657,863,362073880	ID:1	[INFO: Metric    ] METRIC_RX type=REAL src=2 seq=33 send_ms=361183 recv_ms=361570 bytes=48
TX,REAL,6,,35,48,362415.0,361476,362415.0,,,,865,362415000	ID:6	[INFO: Metric    ] METRIC_TX type=REAL node=6 seq=35 bytes=48 time_ms=361476
RX,REAL,,6,35,48,362420.88,361917,362420.88,361476,361917,5.880000000004657,866,362420880	ID:1	[INFO: Metric    ] METRIC_RX type=REAL src=6 seq=35 send_ms=361476 recv_ms=361917 bytes=48
TX,REAL,3,,32,48,363952.0,363288,363952.0,,,,868,363952000	ID:3	[INFO: Metric    ] METRIC_TX type=REAL node=3 seq=32 bytes=48 time_ms=363288
RX,REAL,,3,32,48,363998.168,363495,363998.168,363288,363495,46.16800000000512,869,363998168	ID:1	[INFO: Metric    ] METRIC_RX type=REAL src=3 seq=32 send_ms=363288 recv_ms=363495 bytes=48
TX,REAL,2,,34,48,370047.0,369184,370047.0,,,,872,370047000	ID:2	[INFO: Metric    ] METRIC_TX type=REAL node=2 seq=34 bytes=48 time_ms=369184
TX,DUMMY,2,,5,48,370048.0,369185,370048.0,,,,873,370048000	ID:2	[INFO: Metric    ] METRIC_TX type=DUMMY node=2 seq=5 bytes=48 time_ms=369185
RX,REAL,,2,34,48,370061.88,369558,370061.88,369184,369558,14.880000000004657,874,370061880	ID:1	[INFO: Metric    ] METRIC_RX type=REAL src=2 seq=34 send_ms=369184 recv_ms=369558 bytes=48
RX,DUMMY,,2,5,48,370101.88,369598,370101.88,369185,369598,,876,370101880	ID:1	[INFO: Metric    ] METRIC_RX type=DUMMY src=2 seq=5 send_ms=369185 recv_ms=369598 bytes=48
TX,REAL,7,,35,48,370224.0,369905,370224.0,,,,878,370224000	ID:7	[INFO: Metric    ] METRIC_TX type=REAL node=7 seq=35 bytes=48 time_ms=369905
TX,DUMMY,7,,9,48,370225.0,369906,370225.0,,,,879,370225000	ID:7	[INFO: Metric    ] METRIC_TX type=DUMMY node=7 seq=9 bytes=48 time_ms=369906
RX,REAL,,7,35,48,370231.88,369728,370231.88,369905,369728,7.880000000004657,880,370231880	ID:1	[INFO: Metric    ] METRIC_RX type=REAL src=7 seq=35 send_ms=369905 recv_ms=369728 bytes=48
RX,DUMMY,,7,9,48,370345.88,369842,370345.88,369906,369842,,882,370345880	ID:1	[INFO: Metric    ] METRIC_RX type=DUMMY src=7 seq=9 send_ms=369906 recv_ms=369842 bytes=48
TX,REAL,5,,32,48,370360.0,370023,370360.0,,,,883,370360000	ID:5	[INFO: Metric    ] METRIC_TX type=REAL node=5 seq=32 bytes=48 time_ms=370023
TX,DUMMY,5,,4,48,370361.0,370024,370361.0,,,,884,370361000	ID:5	[INFO: Metric    ] METRIC_TX type=DUMMY node=5 seq=4 bytes=48 time_ms=370024
RX,REAL,,5,32,48,370421.168,369918,370421.168,370023,369918,61.16800000000512,886,370421168	ID:1	[INFO: Metric    ] METRIC_RX type=REAL src=5 seq=32 send_ms=370023 recv_ms=369918 bytes=48
RX,DUMMY,,5,4,48,370512.168,370009,370512.168,370024,370009,,888,370512168	ID:1	[INFO: Metric    ] METRIC_RX type=DUMMY src=5 seq=4 send_ms=370024 recv_ms=370009 bytes=48
TX,REAL,6,,36,48,371416.0,370477,371416.0,,,,890,371416000	ID:6	[INFO: Metric    ] METRIC_TX type=REAL node=6 seq=36 bytes=48 time_ms=370477
TX,DUMMY,6,,8,48,371417.0,370478,371417.0,,,,891,371417000	ID:6	[INFO: Metric    ] METRIC_TX type=DUMMY node=6 seq=8 bytes=48 time_ms=370478
RX,REAL,,6,36,48,371460.88,370957,371460.88,370477,370957,44.88000000000466,892,371460880	ID:1	[INFO: Metric    ] METRIC_RX type=REAL src=6 seq=36 send_ms=370477 recv_ms=370957 bytes=48
RX,DUMMY,,6,8,48,371538.88,371035,371538.88,370478,371035,,894,371538880	ID:1	[INFO: Metric    ] METRIC_RX type=DUMMY src=6 seq=8 send_ms=370478 recv_ms=371035 bytes=48
TX,REAL,4,,33,48,371614.0,371321,371614.0,,,,896,371614000	ID:4	[INFO: Metric    ] METRIC_TX type=REAL node=4 seq=33 bytes=48 time_ms=371321
TX,DUMMY,4,,5,48,371615.0,371322,371615.0,,,,897,371615000	ID:4	[INFO: Metric    ] METRIC_TX type=DUMMY node=4 seq=5 bytes=48 time_ms=371322
RX,REAL,,4,33,48,371698.168,371195,371698.168,371321,371195,84.16800000000512,898,371698168	ID:1	[INFO: Metric    ] METRIC_RX type=REAL src=4 seq=33 send_ms=371321 recv_ms=371195 bytes=48
RX,DUMMY,,4,5,48,371727.168,371224,371727.168,371322,371224,,899,371727168	ID:1	[INFO: Metric    ] METRIC_RX type=DUMMY src=4 seq=5 send_ms=371322 recv_ms=371224 bytes=48
TX,REAL,3,,33,48,374953.0,374289,374953.0,,,,903,374953000	ID:3	[INFO: Metric    ] METRIC_TX type=REAL node=3 seq=33 bytes=48 time_ms=374289
TX,DUMMY,3,,6,48,374954.0,374290,374954.0,,,,904,374954000	ID:3	[INFO: Metric    ] METRIC_TX type=DUMMY node=3 seq=6 bytes=48 time_ms=374290
RX,REAL,,3,33,48,374993.168,374490,374993.168,374289,374490,40.16800000000512,905,374993168	ID:1	[INFO: Metric    ] METRIC_RX type=REAL src=3 seq=33 send_ms=374289 recv_ms=374490 bytes=48
RX,DUMMY,,3,6,48,375000.168,374497,375000.168,374290,374497,,906,375000168	ID:1	[INFO: Metric    ] METRIC_RX type=DUMMY src=3 seq=6 send_ms=374290 recv_ms=374497 bytes=48
TX,REAL,5,,33,48,379362.0,379025,379362.0,,,,909,379362000	ID:5	[INFO: Metric    ] METRIC_TX type=REAL node=5 seq=33 bytes=48 time_ms=379025
TX,DUMMY,5,,5,48,379363.0,379026,379363.0,,,,910,379363000	ID:5	[INFO: Metric    ] METRIC_TX type=DUMMY node=5 seq=5 bytes=48 time_ms=379026
RX,REAL,,5,33,48,379383.168,378880,379383.168,379025,378880,21.168000000005122,911,379383168	ID:1	[INFO: Metric    ] METRIC_RX type=REAL src=5 seq=33 send_ms=379025 recv_ms=378880 bytes=48
RX,DUMMY,,5,5,48,379460.592,378957,379460.592,379026,378957,,913,379460592	ID:1	[INFO: Metric    ] METRIC_RX type=DUMMY src=5 seq=5 send_ms=379026 recv_ms=378957 bytes=48
TX,REAL,2,,35,48,381049.0,380186,381049.0,,,,915,381049000	ID:2	[INFO: Metric    ] METRIC_TX type=REAL node=2 seq=35 bytes=48 time_ms=380186
TX,DUMMY,2,,6,48,381050.0,380187,381050.0,,,,916,381050000	ID:2	[INFO: Metric    ] METRIC_TX type=DUMMY node=2 seq=6 bytes=48 time_ms=380187
RX,REAL,,2,35,48,381068.88,380565,381068.88,380186,380565,19.880000000004657,917,381068880	ID:1	[INFO: Metric    ] METRIC_RX type=REAL src=2 seq=35 send_ms=380186 recv_ms=380565 bytes=48
RX,DUMMY,,2,6,48,381075.76,380572,381075.76,380187,380572,,918,381075760	ID:1	[INFO: Metric    ] METRIC_RX type=DUMMY src=2 seq=6 send_ms=380187 recv_ms=380572 bytes=48
TX,REAL,7,,36,48,381226.0,380907,381226.0,,,,921,381226000	ID:7	[INFO: Metric    ] METRIC_TX type=REAL node=7 seq=36 bytes=48 time_ms=380907
TX,DUMMY,7,,10,48,381227.0,380908,381227.0,,,,922,381227000	ID:7	[INFO: Metric    ] METRIC_TX type=DUMMY node=7 seq=10 bytes=48 time_ms=380908
RX,REAL,,7,36,48,381266.88,380763,381266.88,380907,380763,40.88000000000466,923,381266880	ID:1	[INFO: Metric    ] METRIC_RX type=REAL src=7 seq=36 send_ms=380907 recv_ms=380763 bytes=48
RX,DUMMY,,7,10,48,381273.88,380770,381273.88,380908,380770,,924,381273880	ID:1	[INFO: Metric    ] METRIC_RX type=DUMMY src=7 seq=10 send_ms=380908 recv_ms=380770 bytes=48
TX,REAL,6,,37,48,381418.0,380479,381418.0,,,,927,381418000	ID:6	[INFO: Metric    ] METRIC_TX type=REAL node=6 seq=37 bytes=48 time_ms=380479
RX,REAL,,6,37,48,381425.88,380922,381425.88,380479,380922,7.880000000004657,928,381425880	ID:1	[INFO: Metric    ] METRIC_RX type=REAL src=6 seq=37 send_ms=380479 recv_ms=380922 bytes=48
TX,REAL,4,,34,48,383616.0,383323,383616.0,,,,930,383616000	ID:4	[INFO: Metric    ] METRIC_TX type=REAL node=4 seq=34 bytes=48 time_ms=383323
TX,DUMMY,4,,6,48,383617.0,383324,383617.0,,,,931,383617000	ID:4	[INFO: Metric    ] METRIC_TX type=DUMMY node=4 seq=6 bytes=48 time_ms=383324
RX,REAL,,4,34,48,383728.168,383225,383728.168,383323,383225,112.16800000000512,932,383728168	ID:1	[INFO: Metric    ] METRIC_RX type=REAL src=4 seq=34 send_ms=383323 recv_ms=383225 bytes=48
RX,DUMMY,,4,6,48,383735.336,383232,383735.336,383324,383232,,934,383735336	ID:1	[INFO: Metric    ] METRIC_RX type=DUMMY src=4 seq=6 send_ms=383324 recv_ms=383232 bytes=48
TX,REAL,3,,34,48,383955.0,383291,383955.0,,,,937,383955000	ID:3	[INFO: Metric    ] METRIC_TX type=REAL node=3 seq=34 bytes=48 time_ms=383291
TX,DUMMY,3,,7,48,383956.0,383292,383956.0,,,,938,383956000	ID:3	[INFO: Metric    ] METRIC_TX type=DUMMY node=3 seq=7 bytes=48 time_ms=383292
RX,REAL,,3,34,48,384010.168,383507,384010.168,383291,383507,55.16800000000512,939,384010168	ID:1	[INFO: Metric    ] METRIC_RX type=REAL src=3 seq=34 send_ms=383291 recv_ms=383507 bytes=48
RX,DUMMY,,3,7,48,384046.168,383543,384046.168,383292,383543,,940,384046168	ID:1	[INFO: Metric    ] METRIC_RX type=DUMMY src=3 seq=7 send_ms=383292 recv_ms=383543 bytes=48
TX,REAL,5,,34,48,387364.0,387027,387364.0,,,,943,387364000	ID:5	[INFO: Metric    ] METRIC_TX type=REAL node=5 seq=34 bytes=48 time_ms=387027
TX,DUMMY,5,,6,48,387365.0,387028,387365.0,,,,944,387365000	ID:5	[INFO: Metric    ] METRIC_TX type=DUMMY node=5 seq=6 bytes=48 time_ms=387028
RX,REAL,,5,34,48,387400.304,386897,387400.304,387027,386897,36.304000000003725,945,387400304	ID:1	[INFO: Metric    ] METRIC_RX type=REAL src=5 seq=34 send_ms=387027 recv_ms=386897 bytes=48
RX,DUMMY,,5,6,48,387436.168,386933,387436.168,387028,386933,,946,387436168	ID:1	[INFO: Metric    ] METRIC_RX type=DUMMY src=5 seq=6 send_ms=387028 recv_ms=386933 bytes=48
TX,REAL,7,,37,48,392228.0,391909,392228.0,,,,949,392228000	ID:7	[INFO: Metric    ] METRIC_TX type=REAL node=7 seq=37 bytes=48 time_ms=391909
TX,DUMMY,7,,11,48,392229.0,391910,392229.0,,,,950,392229000	ID:7	[INFO: Metric    ] METRIC_TX type=DUMMY node=7 seq=11 bytes=48 time_ms=391910
RX,REAL,,7,37,48,392255.88,391752,392255.88,391909,391752,27.880000000004657,951,392255880	ID:1	[INFO: Metric    ] METRIC_RX type=REAL src=7 seq=37 send_ms=391909 recv_ms=391752 bytes=48
RX,DUMMY,,7,11,48,392293.88,391790,392293.88,391910,391790,,953,392293880	ID:1	[INFO: Metric    ] METRIC_RX type=DUMMY src=7 seq=11 send_ms=391910 recv_ms=391790 bytes=48
TX,REAL,6,,38,48,392419.0,391480,392419.0,,,,955,392419000	ID:6	[INFO: Metric    ] METRIC_TX type=REAL node=6 seq=38 bytes=48 time_ms=391480
RX,REAL,,6,38,48,392461.88,391958,392461.88,391480,391958,42.88000000000466,956,392461880	ID:1	[INFO: Metric    ] METRIC_RX type=REAL src=6 seq=38 send_ms=391480 recv_ms=391958 bytes=48
TX,REAL,4,,35,48,392618.0,392325,392618.0,,,,958,392618000	ID:4	[INFO: Metric    ] METRIC_TX type=REAL node=4 seq=35 bytes=48 time_ms=392325
RX,REAL,,4,35,48,392634.168,392131,392634.168,392325,392131,16.168000000005122,959,392634168	ID:1	[INFO: Metric    ] METRIC_RX type=REAL src=4 seq=35 send_ms=392325 recv_ms=392131 bytes=48
TX,REAL,3,,35,48,392957.0,392293,392957.0,,,,961,392957000	ID:3	[INFO: Metric    ] METRIC_TX type=REAL node=3 seq=35 bytes=48 time_ms=392293
RX,REAL,,3,35,48,393042.168,392539,393042.168,392293,392539,85.16800000000512,962,393042168	ID:1	[INFO: Metric    ] METRIC_RX type=REAL src=3 seq=35 send_ms=392293 recv_ms=392539 bytes=48
TX,REAL,2,,36,48,393051.0,392188,393051.0,,,,964,393051000	ID:2	[INFO: Metric    ] METRIC_TX type=REAL node=2 seq=36 bytes=48 time_ms=392188
TX,DUMMY,2,,7,48,393052.0,392189,393052.0,,,,965,393052000	ID:2	[INFO: Metric    ] METRIC_TX type=DUMMY node=2 seq=7 bytes=48 time_ms=392189
RX,REAL,,2,36,48,393095.88,392592,393095.88,392188,392592,44.88000000000466,966,393095880	ID:1	[INFO: Metric    ] METRIC_RX type=REAL src=2 seq=36 send_ms=392188 recv_ms=392592 bytes=48
RX,DUMMY,,2,7,48,393106.88,392603,393106.88,392189,392603,,967,393106880	ID:1	[INFO: Metric    ] METRIC_RX type=DUMMY src=2 seq=7 send_ms=392189 recv_ms=392603 bytes=48
TX,REAL,5,,35,48,398366.0,398029,398366.0,,,,971,398366000	ID:5	[INFO: Metric    ] METRIC_TX type=REAL node=5 seq=35 bytes=48 time_ms=398029
RX,REAL,,5,35,48,398422.168,397919,398422.168,398029,397919,56.16800000000512,972,398422168	ID:1	[INFO: Metric    ] METRIC_RX type=REAL src=5 seq=35 send_ms=398029 recv_ms=397919 bytes=48
TX,REAL,7,,38,48,400230.0,399911,400230.0,,,,974,400230000	ID:7	[INFO: Metric    ] METRIC_TX type=REAL node=7 seq=38 bytes=48 time_ms=399911
TX,DUMMY,7,,12,48,400231.0,399912,400231.0,,,,975,400231000	ID:7	[INFO: Metric    ] METRIC_TX type=DUMMY node=7 seq=12 bytes=48 time_ms=399912
RX,REAL,,7,38,48,400253.88,399750,400253.88,399911,399750,23.880000000004657,976,400253880	ID:1	[INFO: Metric    ] METRIC_RX type=REAL src=7 seq=38 send_ms=399911 recv_ms=399750 bytes=48
RX,DUMMY,,7,12,48,400281.88,399778,400281.88,399912,399778,,977,400281880	ID:1	[INFO: Metric    ] METRIC_RX type=DUMMY src=7 seq=12 send_ms=399912 recv_ms=399778 bytes=48
TX,REAL,6,,39,48,400420.0,399481,400420.0,,,,980,400420000	ID:6	[INFO: Metric    ] METRIC_TX type=REAL node=6 seq=39 bytes=48 time_ms=399481
RX,REAL,,6,39,48,400449.88,399946,400449.88,399481,399946,29.880000000004657,981,400449880	ID:1	[INFO: Metric    ] METRIC_RX type=REAL src=6 seq=39 send_ms=399481 recv_ms=399946 bytes=48
TX,REAL,4,,36,48,401619.0,401326,401619.0,,,,983,401619000	ID:4	[INFO: Metric    ] METRIC_TX type=REAL node=4 seq=36 bytes=48 time_ms=401326
TX,DUMMY,4,,7,48,401620.0,401327,401620.0,,,,984,401620000	ID:4	[INFO: Metric    ] METRIC_TX type=DUMMY node=4 seq=7 bytes=48 time_ms=401327
RX,REAL,,4,36,48,401666.168,401163,401666.168,401326,401163,47.16800000000512,985,401666168	ID:1	[INFO: Metric    ] METRIC_RX type=REAL src=4 seq=36 send_ms=401326 recv_ms=401163 bytes=48
RX,DUMMY,,4,7,48,401711.168,401208,401711.168,401327,401208,,986,401711168	ID:1	[INFO: Metric    ] METRIC_RX type=DUMMY src=4 seq=7 send_ms=401327 recv_ms=401208 bytes=48
TX,REAL,2,,37,48,402053.0,401190,402053.0,,,,989,402053000	ID:2	[INFO: Metric    ] METRIC_TX type=REAL node=2 seq=37 bytes=48 time_ms=401190
TX,DUMMY,2,,8,48,402054.0,401191,402054.0,,,,990,402054000	ID:2	[INFO: Metric    ] METRIC_TX type=DUMMY node=2 seq=8 bytes=48 time_ms=401191
RX,REAL,,2,37,48,402066.88,401563,402066.88,401190,401563,13.880000000004657,991,402066880	ID:1	[INFO: Metric    ] METRIC_RX type=REAL src=2 seq=37 send_ms=401190 recv_ms=401563 bytes=48
RX,DUMMY,,2,8,48,402111.88,401608,402111.88,401191,401608,,993,402111880	ID:1	[INFO: Metric    ] METRIC_RX type=DUMMY src=2 seq=8 send_ms=401191 recv_ms=401608 bytes=48
TX,REAL,3,,36,48,402958.0,402294,402958.0,,,,996,402958000	ID:3	[INFO: Metric    ] METRIC_TX type=REAL node=3 seq=36 bytes=48 time_ms=402294
RX,REAL,,3,36,48,402994.168,402491,402994.168,402294,402491,36.16800000000512,997,402994168	ID:1	[INFO: Metric    ] METRIC_RX type=REAL src=3 seq=36 send_ms=402294 recv_ms=402491 bytes=48
TX,REAL,5,,36,48,406367.0,406030,406367.0,,,,999,406367000	ID:5	[INFO: Metric    ] METRIC_TX type=REAL node=5 seq=36 bytes=48 time_ms=406030
RX,REAL,,5,36,48,406404.168,405901,406404.168,406030,405901,37.16800000000512,1000,406404168	ID:1	[INFO: Metric    ] METRIC_RX type=REAL src=5 seq=36 send_ms=406030 recv_ms=405901 bytes=48
TX,REAL,6,,40,48,409421.0,408482,409421.0,,,,1004,409421000	ID:6	[INFO: Metric    ] METRIC_TX type=REAL node=6 seq=40 bytes=48 time_ms=408482
TX,DUMMY,6,,9,48,409422.0,408483,409422.0,,,,1005,409422000	ID:6	[INFO: Metric    ] METRIC_TX type=DUMMY node=6 seq=9 bytes=48 time_ms=408483
RX,REAL,,6,40,48,409427.88,408924,409427.88,408482,408924,6.880000000004657,1006,409427880	ID:1	[INFO: Metric    ] METRIC_RX type=REAL src=6 seq=40 send_ms=408482 recv_ms=408924 bytes=48
RX,DUMMY,,6,9,48,409448.88,408945,409448.88,408483,408945,,1008,409448880	ID:1	[INFO: Metric    ] METRIC_RX type=DUMMY src=6 seq=9 send_ms=408483 recv_ms=408945 bytes=48
TX,REAL,4,,37,48,409621.0,409328,409621.0,,,,1010,409621000	ID:4	[INFO: Metric    ] METRIC_TX type=REAL node=4 seq=37 bytes=48 time_ms=409328
RX,REAL,,4,37,48,409680.168,409177,409680.168,409328,409177,59.16800000000512,1011,409680168	ID:1	[INFO: Metric    ] METRIC_RX type=REAL src=4 seq=37 send_ms=409328 recv_ms=409177 bytes=48
TX,REAL,3,,37,48,410959.0,410295,410959.0,,,,1013,410959000	ID:3	[INFO: Metric    ] METRIC_TX type=REAL node=3 seq=37 bytes=48 time_ms=410295
RX,REAL,,3,37,48,411028.168,410525,411028.168,410295,410525,69.16800000000512,1014,411028168	ID:1	[INFO: Metric    ] METRIC_RX type=REAL src=3 seq=37 send_ms=410295 recv_ms=410525 bytes=48
TX,REAL,7,,39,48,412232.0,411913,412232.0,,,,1016,412232000	ID:7	[INFO: Metric    ] METRIC_TX type=REAL node=7 seq=39 bytes=48 time_ms=411913
TX,DUMMY,7,,13,48,412233.0,411914,412233.0,,,,1017,412233000	ID:7	[INFO: Metric    ] METRIC_TX type=DUMMY node=7 seq=13 bytes=48 time_ms=411914
RX,REAL,,7,39,48,412260.88,411757,412260.88,411913,411757,28.880000000004657,1018,412260880	ID:1	[INFO: Metric    ] METRIC_RX type=REAL src=7 seq=39 send_ms=411913 recv_ms=411757 bytes=48
RX,DUMMY,,7,13,48,412269.88,411766,412269.88,411914,411766,,1019,412269880	ID:1	[INFO: Metric    ] METRIC_RX type=DUMMY src=7 seq=13 send_ms=411914 recv_ms=411766 bytes=48
TX,REAL,2,,38,48,413055.0,412192,413055.0,,,,1022,413055000	ID:2	[INFO: Metric    ] METRIC_TX type=REAL node=2 seq=38 bytes=48 time_ms=412192
RX,REAL,,2,38,48,413080.88,412577,413080.88,412192,412577,25.880000000004657,1023,413080880	ID:1	[INFO: Metric    ] METRIC_RX type=REAL src=2 seq=38 send_ms=412192 recv_ms=412577 bytes=48
TX,REAL,5,,37,48,417368.0,417031,417368.0,,,,1025,417368000	ID:5	[INFO: Metric    ] METRIC_TX type=REAL node=5 seq=37 bytes=48 time_ms=417031
TX,REAL,6,,41,48,417423.0,416484,417423.0,,,,1026,417423000	ID:6	[INFO: Metric    ] METRIC_TX type=REAL node=6 seq=41 bytes=48 time_ms=416484
RX,REAL,,6,41,48,417436.88,416933,417436.88,416484,416933,13.880000000004657,1027,417436880	ID:1	[INFO: Metric    ] METRIC_RX type=REAL src=6 seq=41 send_ms=416484 recv_ms=416933 bytes=48
RX,REAL,,5,37,48,417453.168,416950,417453.168,417031,416950,85.16800000000512,1029,417453168	ID:1	[INFO: Metric    ] METRIC_RX type=REAL src=5 seq=37 send_ms=417031 recv_ms=416950 bytes=48
TX,REAL,4,,38,48,418622.0,418329,418622.0,,,,1032,418622000	ID:4	[INFO: Metric    ] METRIC_TX type=REAL node=4 seq=38 bytes=48 time_ms=418329
RX,REAL,,4,38,48,418685.168,418182,418685.168,418329,418182,63.16800000000512,1033,418685168	ID:1	[INFO: Metric    ] METRIC_RX type=REAL src=4 seq=38 send_ms=418329 recv_ms=418182 bytes=48
TX,REAL,3,,38,48,419960.0,419296,419960.0,,,,1035,419960000	ID:3	[INFO: Metric    ] METRIC_TX type=REAL node=3 seq=38 bytes=48 time_ms=419296
RX,REAL,,3,38,48,420012.168,419509,420012.168,419296,419509,52.16800000000512,1036,420012168	ID:1	[INFO: Metric    ] METRIC_RX type=REAL src=3 seq=38 send_ms=419296 recv_ms=419509 bytes=48
TX,REAL,7,,40,48,422234.0,421915,422234.0,,,,1040,422234000	ID:7	[INFO: Metric    ] METRIC_TX type=REAL node=7 seq=40 bytes=48 time_ms=421915
RX,REAL,,7,40,48,422278.88,421775,422278.88,421915,421775,44.88000000000466,1041,422278880	ID:1	[INFO: Metric    ] METRIC_RX type=REAL src=7 seq=40 send_ms=421915 recv_ms=421775 bytes=48
TX,REAL,2,,39,48,424056.0,423193,424056.0,,,,1043,424056000	ID:2	[INFO: Metric    ] METRIC_TX type=REAL node=2 seq=39 bytes=48 time_ms=423193
RX,REAL,,2,39,48,424098.88,423595,424098.88,423193,423595,42.88000000000466,1044,424098880	ID:1	[INFO: Metric    ] METRIC_RX type=REAL src=2 seq=39 send_ms=423193 recv_ms=423595 bytes=48
TX,REAL,6,,42,48,425424.0,424485,425424.0,,,,1046,425424000	ID:6	[INFO: Metric    ] METRIC_TX type=REAL node=6 seq=42 bytes=48 time_ms=424485
TX,DUMMY,6,,10,48,425425.0,424486,425425.0,,,,1047,425425000	ID:6	[INFO: Metric    ] METRIC_TX type=DUMMY node=6 seq=10 bytes=48 time_ms=424486
RX,REAL,,6,42,48,425430.88,424927,425430.88,424485,424927,6.880000000004657,1048,425430880	ID:1	[INFO: Metric    ] METRIC_RX type=REAL src=6 seq=42 send_ms=424485 recv_ms=424927 bytes=48
RX,DUMMY,,6,10,48,425443.88,424940,425443.88,424486,424940,,1049,425443880	ID:1	[INFO: Metric    ] METRIC_RX type=DUMMY src=6 seq=10 send_ms=424486 recv_ms=424940 bytes=48
TX,REAL,5,,38,48,426369.0,426032,426369.0,,,,1052,426369000	ID:5	[INFO: Metric    ] METRIC_TX type=REAL node=5 seq=38 bytes=48 time_ms=426032
TX,DUMMY,5,,7,48,426370.0,426033,426370.0,,,,1053,426370000	ID:5	[INFO: Metric    ] METRIC_TX type=DUMMY node=5 seq=7 bytes=48 time_ms=426033
RX,REAL,,5,38,48,426410.168,425907,426410.168,426032,425907,41.16800000000512,1054,426410168	ID:1	[INFO: Metric    ] METRIC_RX type=REAL src=5 seq=38 send_ms=426032 recv_ms=425907 bytes=48
RX,DUMMY,,5,7,48,426457.728,425954,426457.728,426033,425954,,1056,426457728	ID:1	[INFO: Metric    ] METRIC_RX type=DUMMY src=5 seq=7 send_ms=426033 recv_ms=425954 bytes=48
TX,REAL,4,,39,48,426623.0,426330,426623.0,,,,1058,426623000	ID:4	[INFO: Metric    ] METRIC_TX type=REAL node=4 seq=39 bytes=48 time_ms=426330
TX,DUMMY,4,,8,48,426624.0,426331,426624.0,,,,1059,426624000	ID:4	[INFO: Metric    ] METRIC_TX type=DUMMY node=4 seq=8 bytes=48 time_ms=426331
RX,REAL,,4,39,48,426681.168,426178,426681.168,426330,426178,58.16800000000512,1060,426681168	ID:1	[INFO: Metric    ] METRIC_RX type=REAL src=4 seq=39 send_ms=426330 recv_ms=426178 bytes=48
RX,DUMMY,,4,8,48,426718.168,426215,426718.168,426331,426215,,1062,426718168	ID:1	[INFO: Metric    ] METRIC_RX type=DUMMY src=4 seq=8 send_ms=426331 recv_ms=426215 bytes=48
TX,REAL,3,,39,48,430961.0,430297,430961.0,,,,1065,430961000	ID:3	[INFO: Metric    ] METRIC_TX type=REAL node=3 seq=39 bytes=48 time_ms=430297
RX,REAL,,3,39,48,431023.168,430520,431023.168,430297,430520,62.16800000000512,1066,431023168	ID:1	[INFO: Metric    ] METRIC_RX type=REAL src=3 seq=39 send_ms=430297 recv_ms=430520 bytes=48
TX,REAL,7,,41,48,433235.0,432916,433235.0,,,,1068,433235000	ID:7	[INFO: Metric    ] METRIC_TX type=REAL node=7 seq=41 bytes=48 time_ms=432916
RX,REAL,,7,41,48,433253.88,432750,433253.88,432916,432750,18.880000000004657,1069,433253880	ID:1	[INFO: Metric    ] METRIC_RX type=REAL src=7 seq=41 send_ms=432916 recv_ms=432750 bytes=48
TX,REAL,6,,43,48,434426.0,433487,434426.0,,,,1071,434426000	ID:6	[INFO: Metric    ] METRIC_TX type=REAL node=6 seq=43 bytes=48 time_ms=433487
RX,REAL,,6,43,48,434431.88,433928,434431.88,433487,433928,5.880000000004657,1072,434431880	ID:1	[INFO: Metric    ] METRIC_RX type=REAL src=6 seq=43 send_ms=433487 recv_ms=433928 bytes=48
TX,REAL,4,,40,48,435625.0,435332,435625.0,,,,1076,435625000	ID:4	[INFO: Metric    ] METRIC_TX type=REAL node=4 seq=40 bytes=48 time_ms=435332
TX,DUMMY,4,,9,48,435626.0,435333,435626.0,,,,1077,435626000	ID:4	[INFO: Metric    ] METRIC_TX type=DUMMY node=4 seq=9 bytes=48 time_ms=435333
RX,REAL,,4,40,48,435675.168,435172,435675.168,435332,435172,50.16800000000512,1078,435675168	ID:1	[INFO: Metric    ] METRIC_RX type=REAL src=4 seq=40 send_ms=435332 recv_ms=435172 bytes=48
RX,DUMMY,,4,9,48,435753.168,435250,435753.168,435333,435250,,1079,435753168	ID:1	[INFO: Metric    ] METRIC_RX type=DUMMY src=4 seq=9 send_ms=435333 recv_ms=435250 bytes=48
TX,REAL,2,,40,48,436057.0,435194,436057.0,,,,1084,436057000	ID:2	[INFO: Metric    ] METRIC_TX type=REAL node=2 seq=40 bytes=48 time_ms=435194
RX,REAL,,2,40,48,436079.88,435576,436079.88,435194,435576,22.880000000004657,1085,436079880	ID:1	[INFO: Metric    ] METRIC_RX type=REAL src=2 seq=40 send_ms=435194 recv_ms=435576 bytes=48
TX,REAL,5,,39,48,438371.0,438034,438371.0,,,,1087,438371000	ID:5	[INFO: Metric    ] METRIC_TX type=REAL node=5 seq=39 bytes=48 time_ms=438034
TX,DUMMY,5,,8,48,438372.0,438035,438372.0,,,,1088,438372000	ID:5	[INFO: Metric    ] METRIC_TX type=DUMMY node=5 seq=8 bytes=48 time_ms=438035
RX,REAL,,5,39,48,438386.304,437883,438386.304,438034,437883,15.304000000003725,1089,438386304	ID:1	[INFO: Metric    ] METRIC_RX type=REAL src=5 seq=39 send_ms=438034 recv_ms=437883 bytes=48
RX,DUMMY,,5,8,48,438438.168,437935,438438.168,438035,437935,,1090,438438168	ID:1	[INFO: Metric    ] METRIC_RX type=DUMMY src=5 seq=8 send_ms=438035 recv_ms=437935 bytes=48
TX,REAL,3,,40,48,441962.0,441298,441962.0,,,,1095,441962000	ID:3	[INFO: Metric    ] METRIC_TX type=REAL node=3 seq=40 bytes=48 time_ms=441298
RX,REAL,,3,40,48,442041.168,441538,442041.168,441298,441538,79.16800000000512,1096,442041168	ID:1	[INFO: Metric    ] METRIC_RX type=REAL src=3 seq=40 send_ms=441298 recv_ms=441538 bytes=48
TX,REAL,6,,44,48,443427.0,442488,443427.0,,,,1099,443427000	ID:6	[INFO: Metric    ] METRIC_TX type=REAL node=6 seq=44 bytes=48 time_ms=442488
RX,REAL,,6,44,48,443462.88,442959,443462.88,442488,442959,35.88000000000466,1100,443462880	ID:1	[INFO: Metric    ] METRIC_RX type=REAL src=6 seq=44 send_ms=442488 recv_ms=442959 bytes=48
TX,REAL,2,,41,48,444058.0,443195,444058.0,,,,1102,444058000	ID:2	[INFO: Metric    ] METRIC_TX type=REAL node=2 seq=41 bytes=48 time_ms=443195
RX,REAL,,2,41,48,444073.88,443570,444073.88,443195,443570,15.880000000004657,1103,444073880	ID:1	[INFO: Metric    ] METRIC_RX type=REAL src=2 seq=41 send_ms=443195 recv_ms=443570 bytes=48
TX,REAL,7,,42,48,444236.0,443917,444236.0,,,,1105,444236000	ID:7	[INFO: Metric    ] METRIC_TX type=REAL node=7 seq=42 bytes=48 time_ms=443917
RX,REAL,,7,42,48,444246.88,443743,444246.88,443917,443743,10.880000000004657,1106,444246880	ID:1	[INFO: Metric    ] METRIC_RX type=REAL src=7 seq=42 send_ms=443917 recv_ms=443743 bytes=48
TX,REAL,4,,41,48,446627.0,446334,446627.0,,,,1108,446627000	ID:4	[INFO: Metric    ] METRIC_TX type=REAL node=4 seq=41 bytes=48 time_ms=446334
RX,REAL,,4,41,48,446703.168,446200,446703.168,446334,446200,76.16800000000512,1109,446703168	ID:1	[INFO: Metric    ] METRIC_RX type=REAL src=4 seq=41 send_ms=446334 recv_ms=446200 bytes=48
TX,REAL,5,,40,48,448373.0,448036,448373.0,,,,1113,448373000	ID:5	[INFO: Metric    ] METRIC_TX type=REAL node=5 seq=40 bytes=48 time_ms=448036
TX,DUMMY,5,,9,48,448374.0,448037,448374.0,,,,1114,448374000	ID:5	[INFO: Metric    ] METRIC_TX type=DUMMY node=5 seq=9 bytes=48 time_ms=448037
RX,REAL,,5,40,48,448421.168,447918,448421.168,448036,447918,48.16800000000512,1115,448421168	ID:1	[INFO: Metric    ] METRIC_RX type=REAL src=5 seq=40 send_ms=448036 recv_ms=447918 bytes=48
RX,DUMMY,,5,9,48,448535.168,448032,448535.168,448037,448032,,1117,448535168	ID:1	[INFO: Metric    ] METRIC_RX type=DUMMY src=5 seq=9 send_ms=448037 recv_ms=448032 bytes=48
TX,REAL,2,,42,48,452059.0,451196,452059.0,,,,1119,452059000	ID:2	[INFO: Metric    ] METRIC_TX type=REAL node=2 seq=42 bytes=48 time_ms=451196
TX,DUMMY,2,,9,48,452060.0,451197,452060.0,,,,1120,452060000	ID:2	[INFO: Metric    ] METRIC_TX type=DUMMY node=2 seq=9 bytes=48 time_ms=451197
RX,REAL,,2,42,48,452081.88,451578,452081.88,451196,451578,22.880000000004657,1121,452081880	ID:1	[INFO: Metric    ] METRIC_RX type=REAL src=2 seq=42 send_ms=451196 recv_ms=451578 bytes=48
RX,DUMMY,,2,9,48,452094.88,451591,452094.88,451197,451591,,1122,452094880	ID:1	[INFO: Metric    ] METRIC_RX type=DUMMY src=2 seq=9 send_ms=451197 recv_ms=451591 bytes=48
TX,REAL,3,,41,48,452963.0,452299,452963.0,,,,1125,452963000	ID:3	[INFO: Metric    ] METRIC_TX type=REAL node=3 seq=41 bytes=48 time_ms=452299
TX,DUMMY,3,,8,48,452964.0,452300,452964.0,,,,1126,452964000	ID:3	[INFO: Metric    ] METRIC_TX type=DUMMY node=3 seq=8 bytes=48 time_ms=452300
RX,REAL,,3,41,48,453021.168,452518,453021.168,452299,452518,58.16800000000512,1127,453021168	ID:1	[INFO: Metric    ] METRIC_RX type=REAL src=3 seq=41 send_ms=452299 recv_ms=452518 bytes=48
RX,DUMMY,,3,8,48,453091.168,452588,453091.168,452300,452588,,1129,453091168	ID:1	[INFO: Metric    ] METRIC_RX type=DUMMY src=3 seq=8 send_ms=452300 recv_ms=452588 bytes=48
TX,REAL,6,,45,48,453428.0,452489,453428.0,,,,1132,453428000	ID:6	[INFO: Metric    ] METRIC_TX type=REAL node=6 seq=45 bytes=48 time_ms=452489
RX,REAL,,6,45,48,453448.88,452945,453448.88,452489,452945,20.880000000004657,1133,453448880	ID:1	[INFO: Metric    ] METRIC_RX type=REAL src=6 seq=45 send_ms=452489 recv_ms=452945 bytes=48
TX,REAL,4,,42,48,454628.0,454335,454628.0,,,,1135,454628000	ID:4	[INFO: Metric    ] METRIC_TX type=REAL node=4 seq=42 bytes=48 time_ms=454335
RX,REAL,,4,42,48,454679.168,454176,454679.168,454335,454176,51.16800000000512,1136,454679168	ID:1	[INFO: Metric    ] METRIC_RX type=REAL src=4 seq=42 send_ms=454335 recv_ms=454176 bytes=48
TX,REAL,7,,43,48,456237.0,455918,456237.0,,,,1138,456237000	ID:7	[INFO: Metric    ] METRIC_TX type=REAL node=7 seq=43 bytes=48 time_ms=455918
TX,DUMMY,7,,14,48,456238.0,455919,456238.0,,,,1139,456238000	ID:7	[INFO: Metric    ] METRIC_TX type=DUMMY node=7 seq=14 bytes=48 time_ms=455919
RX,REAL,,7,43,48,456243.88,455740,456243.88,455918,455740,6.880000000004657,1140,456243880	ID:1	[INFO: Metric    ] METRIC_RX type=REAL src=7 seq=43 send_ms=455918 recv_ms=455740 bytes=48
RX,DUMMY,,7,14,48,456250.88,455747,456250.88,455919,455747,,1141,456250880	ID:1	[INFO: Metric    ] METRIC_RX type=DUMMY src=7 seq=14 send_ms=455919 recv_ms=455747 bytes=48
TX,REAL,5,,41,48,457375.0,457038,457375.0,,,,1144,457375000	ID:5	[INFO: Metric    ] METRIC_TX type=REAL node=5 seq=41 bytes=48 time_ms=457038
TX,DUMMY,5,,10,48,457376.0,457039,457376.0,,,,1145,457376000	ID:5	[INFO: Metric    ] METRIC_TX type=DUMMY node=5 seq=10 bytes=48 time_ms=457039
RX,REAL,,5,41,48,457447.304,456944,457447.304,457038,456944,72.30400000000373,1146,457447304	ID:1	[INFO: Metric    ] METRIC_RX type=REAL src=5 seq=41 send_ms=457038 recv_ms=456944 bytes=48
RX,DUMMY,,5,10,48,457487.168,456984,457487.168,457039,456984,,1147,457487168	ID:1	[INFO: Metric    ] METRIC_RX type=DUMMY src=5 seq=10 send_ms=457039 recv_ms=456984 bytes=48
TX,REAL,6,,46,48,461429.0,460490,461429.0,,,,1150,461429000	ID:6	[INFO: Metric    ] METRIC_TX type=REAL node=6 seq=46 bytes=48 time_ms=460490
RX,REAL,,6,46,48,461459.88,460956,461459.88,460490,460956,30.880000000004657,1151,461459880	ID:1	[INFO: Metric    ] METRIC_RX type=REAL src=6 seq=46 send_ms=460490 recv_ms=460956 bytes=48
TX,REAL,2,,43,48,462061.0,461198,462061.0,,,,1153,462061000	ID:2	[INFO: Metric    ] METRIC_TX type=REAL node=2 seq=43 bytes=48 time_ms=461198
TX,DUMMY,2,,10,48,462062.0,461199,462062.0,,,,1154,462062000	ID:2	[INFO: Metric    ] METRIC_TX type=DUMMY node=2 seq=10 bytes=48 time_ms=461199
RX,REAL,,2,43,48,462080.88,461577,462080.88,461198,461577,19.880000000004657,1155,462080880	ID:1	[INFO: Metric    ] METRIC_RX type=REAL src=2 seq=43 send_ms=461198 recv_ms=461577 bytes=48
RX,DUMMY,,2,10,48,462087.88,461584,462087.88,461199,461584,,1156,462087880	ID:1	[INFO: Metric    ] METRIC_RX type=DUMMY src=2 seq=10 send_ms=461199 recv_ms=461584 bytes=48
TX,REAL,4,,43,48,462629.0,462336,462629.0,,,,1159,462629000	ID:4	[INFO: Metric    ] METRIC_TX type=REAL node=4 seq=43 bytes=48 time_ms=462336
RX,REAL,,4,43,48,462652.168,462149,462652.168,462336,462149,23.168000000005122,1160,462652168	ID:1	[INFO: Metric    ] METRIC_RX type=REAL src=4 seq=43 send_ms=462336 recv_ms=462149 bytes=48
TX,REAL,7,,44,48,464239.0,463920,464239.0,,,,1163,464239000	ID:7	[INFO: Metric    ] METRIC_TX type=REAL node=7 seq=44 bytes=48 time_ms=463920
RX,REAL,,7,44,48,464252.88,463749,464252.88,463920,463749,13.880000000004657,1164,464252880	ID:1	[INFO: Metric    ] METRIC_RX type=REAL src=7 seq=44 send_ms=463920 recv_ms=463749 bytes=48
TX,REAL,3,,42,48,464965.0,464301,464965.0,,,,1166,464965000	ID:3	[INFO: Metric    ] METRIC_TX type=REAL node=3 seq=42 bytes=48 time_ms=464301
RX,REAL,,3,42,48,465028.168,464525,465028.168,464301,464525,63.16800000000512,1167,465028168	ID:1	[INFO: Metric    ] METRIC_RX type=REAL src=3 seq=42 send_ms=464301 recv_ms=464525 bytes=48
TX,REAL,5,,42,48,469377.0,469040,469377.0,,,,1169,469377000	ID:5	[INFO: Metric    ] METRIC_TX type=REAL node=5 seq=42 bytes=48 time_ms=469040
RX,REAL,,5,42,48,469429.168,468926,469429.168,469040,468926,52.16800000000512,1170,469429168	ID:1	[INFO: Metric    ] METRIC_RX type=REAL src=5 seq=42 send_ms=469040 recv_ms=468926 bytes=48
TX,REAL,4,,44,48,471630.0,471337,471630.0,,,,1172,471630000	ID:4	[INFO: Metric    ] METRIC_TX type=REAL node=4 seq=44 bytes=48 time_ms=471337
RX,REAL,,4,44,48,471712.168,471209,471712.168,471337,471209,82.16800000000512,1173,471712168	ID:1	[INFO: Metric    ] METRIC_RX type=REAL src=4 seq=44 send_ms=471337 recv_ms=471209 bytes=48
TX,REAL,6,,47,48,473430.0,472491,473430.0,,,,1175,473430000	ID:6	[INFO: Metric    ] METRIC_TX type=REAL node=6 seq=47 bytes=48 time_ms=472491
RX,REAL,,6,47,48,473437.88,472934,473437.88,472491,472934,7.880000000004657,1176,473437880	ID:1	[INFO: Metric    ] METRIC_RX type=REAL src=6 seq=47 send_ms=472491 recv_ms=472934 bytes=48
TX,REAL,2,,44,48,474063.0,473200,474063.0,,,,1178,474063000	ID:2	[INFO: Metric    ] METRIC_TX type=REAL node=2 seq=44 bytes=48 time_ms=473200
TX,DUMMY,2,,11,48,474064.0,473201,474064.0,,,,1179,474064000	ID:2	[INFO: Metric    ] METRIC_TX type=DUMMY node=2 seq=11 bytes=48 time_ms=473201
RX,REAL,,2,44,48,474071.88,473568,474071.88,473200,473568,8.880000000004657,1180,474071880	ID:1	[INFO: Metric    ] METRIC_RX type=REAL src=2 seq=44 send_ms=473200 recv_ms=473568 bytes=48
RX,DUMMY,,2,11,48,474103.88,473600,474103.88,473201,473600,,1182,474103880	ID:1	[INFO: Metric    ] METRIC_RX type=DUMMY src=2 seq=11 send_ms=473201 recv_ms=473600 bytes=48
TX,REAL,3,,43,48,475966.0,475302,475966.0,,,,1184,475966000	ID:3	[INFO: Metric    ] METRIC_TX type=REAL node=3 seq=43 bytes=48 time_ms=475302
RX,REAL,,3,43,48,476023.168,475520,476023.168,475302,475520,57.16800000000512,1185,476023168	ID:1	[INFO: Metric    ] METRIC_RX type=REAL src=3 seq=43 send_ms=475302 recv_ms=475520 bytes=48
TX,REAL,7,,45,48,476240.0,475921,476240.0,,,,1187,476240000	ID:7	[INFO: Metric    ] METRIC_TX type=REAL node=7 seq=45 bytes=48 time_ms=475921
RX,REAL,,7,45,48,476263.88,475760,476263.88,475921,475760,23.880000000004657,1188,476263880	ID:1	[INFO: Metric    ] METRIC_RX type=REAL src=7 seq=45 send_ms=475921 recv_ms=475760 bytes=48
TX,REAL,5,,43,48,481378.0,481041,481378.0,,,,1190,481378000	ID:5	[INFO: Metric    ] METRIC_TX type=REAL node=5 seq=43 bytes=48 time_ms=481041
TX,DUMMY,5,,11,48,481379.0,481042,481379.0,,,,1191,481379000	ID:5	[INFO: Metric    ] METRIC_TX type=DUMMY node=5 seq=11 bytes=48 time_ms=481042
RX,REAL,,5,43,48,481430.168,480927,481430.168,481041,480927,52.16800000000512,1192,481430168	ID:1	[INFO: Metric    ] METRIC_RX type=REAL src=5 seq=43 send_ms=481041 recv_ms=480927 bytes=48
RX,DUMMY,,5,11,48,481493.168,480990,481493.168,481042,480990,,1195,481493168	ID:1	[INFO: Metric    ] METRIC_RX type=DUMMY src=5 seq=11 send_ms=481042 recv_ms=480990 bytes=48
TX,REAL,4,,45,48,481631.0,481338,481631.0,,,,1197,481631000	ID:4	[INFO: Metric    ] METRIC_TX type=REAL node=4 seq=45 bytes=48 time_ms=481338
RX,REAL,,4,45,48,481695.168,481192,481695.168,481338,481192,64.16800000000512,1198,481695168	ID:1	[INFO: Metric    ] METRIC_RX type=REAL src=4 seq=45 send_ms=481338 recv_ms=481192 bytes=48
TX,REAL,2,,45,48,484065.0,483202,484065.0,,,,1200,484065000	ID:2	[INFO: Metric    ] METRIC_TX type=REAL node=2 seq=45 bytes=48 time_ms=483202
TX,DUMMY,2,,12,48,484066.0,483203,484066.0,,,,1201,484066000	ID:2	[INFO: Metric    ] METRIC_TX type=DUMMY node=2 seq=12 bytes=48 time_ms=483203
RX,REAL,,2,45,48,484081.88,483578,484081.88,483202,483578,16.880000000004657,1202,484081880	ID:1	[INFO: Metric    ] METRIC_RX type=REAL src=2 seq=45 send_ms=483202 recv_ms=483578 bytes=48
RX,DUMMY,,2,12,48,484127.88,483624,484127.88,483203,483624,,1204,484127880	ID:1	[INFO: Metric    ] METRIC_RX type=DUMMY src=2 seq=12 send_ms=483203 recv_ms=483624 bytes=48
TX,REAL,6,,48,48,484431.0,483492,484431.0,,,,1206,484431000	ID:6	[INFO: Metric    ] METRIC_TX type=REAL node=6 seq=48 bytes=48 time_ms=483492
TX,DUMMY,6,,11,48,484432.0,483493,484432.0,,,,1207,484432000	ID:6	[INFO: Metric    ] METRIC_TX type=DUMMY node=6 seq=11 bytes=48 time_ms=483493
RX,REAL,,6,48,48,484445.88,483942,484445.88,483492,483942,14.880000000004657,1208,484445880	ID:1	[INFO: Metric    ] METRIC_RX type=REAL src=6 seq=48 send_ms=483492 recv_ms=483942 bytes=48
RX,DUMMY,,6,11,48,484478.88,483975,484478.88,483493,483975,,1209,484478880	ID:1	[INFO: Metric    ] METRIC_RX type=DUMMY src=6 seq=11 send_ms=483493 recv_ms=483975 bytes=48
TX,REAL,3,,44,48,484967.0,484303,484967.0,,,,1212,484967000	ID:3	[INFO: Metric    ] METRIC_TX type=REAL node=3 seq=44 bytes=48 time_ms=484303
RX,REAL,,3,44,48,485028.168,484525,485028.168,484303,484525,61.16800000000512,1213,485028168	ID:1	[INFO: Metric    ] METRIC_RX type=REAL src=3 seq=44 send_ms=484303 recv_ms=484525 bytes=48
TX,REAL,7,,46,48,487241.0,486922,487241.0,,,,1215,487241000	ID:7	[INFO: Metric    ] METRIC_TX type=REAL node=7 seq=46 bytes=48 time_ms=486922
RX,REAL,,7,46,48,487277.88,486774,487277.88,486922,486774,36.88000000000466,1216,487277880	ID:1	[INFO: Metric    ] METRIC_RX type=REAL src=7 seq=46 send_ms=486922 recv_ms=486774 bytes=48
TX,REAL,4,,46,48,492632.0,492339,492632.0,,,,1218,492632000	ID:4	[INFO: Metric    ] METRIC_TX type=REAL node=4 seq=46 bytes=48 time_ms=492339
RX,REAL,,4,46,48,492685.168,492182,492685.168,492339,492182,53.16800000000512,1219,492685168	ID:1	[INFO: Metric    ] METRIC_RX type=REAL src=4 seq=46 send_ms=492339 recv_ms=492182 bytes=48
TX,REAL,2,,46,48,493067.0,492204,493067.0,,,,1221,493067000	ID:2	[INFO: Metric    ] METRIC_TX type=REAL node=2 seq=46 bytes=48 time_ms=492204
RX,REAL,,2,46,48,493106.88,492603,493106.88,492204,492603,39.88000000000466,1222,493106880	ID:1	[INFO: Metric    ] METRIC_RX type=REAL src=2 seq=46 send_ms=492204 recv_ms=492603 bytes=48
TX,REAL,5,,44,48,493380.0,493043,493380.0,,,,1225,493380000	ID:5	[INFO: Metric    ] METRIC_TX type=REAL node=5 seq=44 bytes=48 time_ms=493043
TX,DUMMY,5,,12,48,493381.0,493044,493381.0,,,,1226,493381000	ID:5	[INFO: Metric    ] METRIC_TX type=DUMMY node=5 seq=12 bytes=48 time_ms=493044
RX,REAL,,5,44,48,493423.168,492920,493423.168,493043,492920,43.16800000000512,1227,493423168	ID:1	[INFO: Metric    ] METRIC_RX type=REAL src=5 seq=44 send_ms=493043 recv_ms=492920 bytes=48
TX,REAL,6,,49,48,493433.0,492494,493433.0,,,,1228,493433000	ID:6	[INFO: Metric    ] METRIC_TX type=REAL node=6 seq=49 bytes=48 time_ms=492494
TX,DUMMY,6,,12,48,493434.0,492495,493434.0,,,,1229,493434000	ID:6	[INFO: Metric    ] METRIC_TX type=DUMMY node=6 seq=12 bytes=48 time_ms=492495
RX,DUMMY,,5,12,48,493454.168,492951,493454.168,493044,492951,,1230,493454168	ID:1	[INFO: Metric    ] METRIC_RX type=DUMMY src=5 seq=12 send_ms=493044 recv_ms=492951 bytes=48
RX,REAL,,6,49,48,493472.016,492969,493472.016,492494,492969,39.01600000000326,1231,493472016	ID:1	[INFO: Metric    ] METRIC_RX type=REAL src=6 seq=49 send_ms=492494 recv_ms=492969 bytes=48
RX,DUMMY,,6,12,48,493483.88,492980,493483.88,492495,492980,,1232,493483880	ID:1	[INFO: Metric    ] METRIC_RX type=DUMMY src=6 seq=12 send_ms=492495 recv_ms=492980 bytes=48
TX,REAL,3,,45,48,493968.0,493304,493968.0,,,,1237,493968000	ID:3	[INFO: Metric    ] METRIC_TX type=REAL node=3 seq=45 bytes=48 time_ms=493304
TX,DUMMY,3,,9,48,493969.0,493305,493969.0,,,,1238,493969000	ID:3	[INFO: Metric    ] METRIC_TX type=DUMMY node=3 seq=9 bytes=48 time_ms=493305
RX,REAL,,3,45,48,494033.168,493530,494033.168,493304,493530,65.16800000000512,1239,494033168	ID:1	[INFO: Metric    ] METRIC_RX type=REAL src=3 seq=45 send_ms=493304 recv_ms=493530 bytes=48
RX,DUMMY,,3,9,48,494070.168,493567,494070.168,493305,493567,,1240,494070168	ID:1	[INFO: Metric    ] METRIC_RX type=DUMMY src=3 seq=9 send_ms=493305 recv_ms=493567 bytes=48
TX,REAL,7,,47,48,495242.0,494923,495242.0,,,,1243,495242000	ID:7	[INFO: Metric    ] METRIC_TX type=REAL node=7 seq=47 bytes=48 time_ms=494923
RX,REAL,,7,47,48,495247.88,494744,495247.88,494923,494744,5.880000000004657,1244,495247880	ID:1	[INFO: Metric    ] METRIC_RX type=REAL src=7 seq=47 send_ms=494923 recv_ms=494744 bytes=48
TX,REAL,5,,45,48,501382.0,501045,501382.0,,,,1246,501382000	ID:5	[INFO: Metric    ] METRIC_TX type=REAL node=5 seq=45 bytes=48 time_ms=501045
RX,REAL,,5,45,48,501458.168,500955,501458.168,501045,500955,76.16800000000512,1247,501458168	ID:1	[INFO: Metric    ] METRIC_RX type=REAL src=5 seq=45 send_ms=501045 recv_ms=500955 bytes=48
TX,REAL,3,,46,48,501970.0,501306,501970.0,,,,1249,501970000	ID:3	[INFO: Metric    ] METRIC_TX type=REAL node=3 seq=46 bytes=48 time_ms=501306
TX,DUMMY,3,,10,48,501971.0,501307,501971.0,,,,1250,501971000	ID:3	[INFO: Metric    ] METRIC_TX type=DUMMY node=3 seq=10 bytes=48 time_ms=501307
RX,REAL,,3,46,48,502028.168,501525,502028.168,501306,501525,58.16800000000512,1251,502028168	ID:1	[INFO: Metric    ] METRIC_RX type=REAL src=3 seq=46 send_ms=501306 recv_ms=501525 bytes=48
RX,DUMMY,,3,10,48,502040.168,501537,502040.168,501307,501537,,1252,502040168	ID:1	[INFO: Metric    ] METRIC_RX type=DUMMY src=3 seq=10 send_ms=501307 recv_ms=501537 bytes=48
TX,REAL,4,,47,48,502633.0,502340,502633.0,,,,1256,502633000	ID:4	[INFO: Metric    ] METRIC_TX type=REAL node=4 seq=47 bytes=48 time_ms=502340
RX,REAL,,4,47,48,502651.168,502148,502651.168,502340,502148,18.168000000005122,1257,502651168	ID:1	[INFO: Metric    ] METRIC_RX type=REAL src=4 seq=47 send_ms=502340 recv_ms=502148 bytes=48
TX,REAL,2,,47,48,504068.0,503205,504068.0,,,,1259,504068000	ID:2	[INFO: Metric    ] METRIC_TX type=REAL node=2 seq=47 bytes=48 time_ms=503205
TX,DUMMY,2,,13,48,504069.0,503206,504069.0,,,,1260,504069000	ID:2	[INFO: Metric    ] METRIC_TX type=DUMMY node=2 seq=13 bytes=48 time_ms=503206
RX,REAL,,2,47,48,504089.88,503586,504089.88,503205,503586,21.880000000004657,1261,504089880	ID:1	[INFO: Metric    ] METRIC_RX type=REAL src=2 seq=47 send_ms=503205 recv_ms=503586 bytes=48
RX,DUMMY,,2,13,48,504171.88,503668,504171.88,503206,503668,,1263,504171880	ID:1	[INFO: Metric    ] METRIC_RX type=DUMMY src=2 seq=13 send_ms=503206 recv_ms=503668 bytes=48
TX,REAL,7,,48,48,504243.0,503924,504243.0,,,,1265,504243000	ID:7	[INFO: Metric    ] METRIC_TX type=REAL node=7 seq=48 bytes=48 time_ms=503924
TX,DUMMY,7,,15,48,504244.0,503925,504244.0,,,,1266,504244000	ID:7	[INFO: Metric    ] METRIC_TX type=DUMMY node=7 seq=15 bytes=48 time_ms=503925
RX,REAL,,7,48,48,504278.88,503775,504278.88,503924,503775,35.88000000000466,1267,504278880	ID:1	[INFO: Metric    ] METRIC_RX type=REAL src=7 seq=48 send_ms=503924 recv_ms=503775 bytes=48
RX,DUMMY,,7,15,48,504311.88,503808,504311.88,503925,503808,,1269,504311880	ID:1	[INFO: Metric    ] METRIC_RX type=DUMMY src=7 seq=15 send_ms=503925 recv_ms=503808 bytes=48
TX,REAL,6,,50,48,504435.0,503496,504435.0,,,,1273,504435000	ID:6	[INFO: Metric    ] METRIC_TX type=REAL node=6 seq=50 bytes=48 time_ms=503496
TX,DUMMY,6,,13,48,504436.0,503497,504436.0,,,,1274,504436000	ID:6	[INFO: Metric    ] METRIC_TX type=DUMMY node=6 seq=13 bytes=48 time_ms=503497
RX,REAL,,6,50,48,504468.88,503965,504468.88,503496,503965,33.88000000000466,1275,504468880	ID:1	[INFO: Metric    ] METRIC_RX type=REAL src=6 seq=50 send_ms=503496 recv_ms=503965 bytes=48
RX,DUMMY,,6,13,48,504484.88,503981,504484.88,503497,503981,,1277,504484880	ID:1	[INFO: Metric    ] METRIC_RX type=DUMMY src=6 seq=13 send_ms=503497 recv_ms=503981 bytes=48
TX,REAL,5,,46,48,511383.0,511046,511383.0,,,,1279,511383000	ID:5	[INFO: Metric    ] METRIC_TX type=REAL node=5 seq=46 bytes=48 time_ms=511046
RX,REAL,,5,46,48,511446.168,510943,511446.168,511046,510943,63.16800000000512,1280,511446168	ID:1	[INFO: Metric    ] METRIC_RX type=REAL src=5 seq=46 send_ms=511046 recv_ms=510943 bytes=48
TX,REAL,4,,48,48,512634.0,512341,512634.0,,,,1282,512634000	ID:4	[INFO: Metric    ] METRIC_TX type=REAL node=4 seq=48 bytes=48 time_ms=512341
RX,REAL,,4,48,48,512717.168,512214,512717.168,512341,512214,83.16800000000512,1283,512717168	ID:1	[INFO: Metric    ] METRIC_RX type=REAL src=4 seq=48 send_ms=512341 recv_ms=512214 bytes=48
TX,REAL,7,,49,48,513245.0,512926,513245.0,,,,1285,513245000	ID:7	[INFO: Metric    ] METRIC_TX type=REAL node=7 seq=49 bytes=48 time_ms=512926
TX,DUMMY,7,,16,48,513246.0,512927,513246.0,,,,1286,513246000	ID:7	[INFO: Metric    ] METRIC_TX type=DUMMY node=7 seq=16 bytes=48 time_ms=512927
RX,REAL,,7,49,48,513269.88,512766,513269.88,512926,512766,24.880000000004657,1287,513269880	ID:1	[INFO: Metric    ] METRIC_RX type=REAL src=7 seq=49 send_ms=512926 recv_ms=512766 bytes=48
RX,DUMMY,,7,16,48,513282.88,512779,513282.88,512927,512779,,1289,513282880	ID:1	[INFO: Metric    ] METRIC_RX type=DUMMY src=7 seq=16 send_ms=512927 recv_ms=512779 bytes=48
TX,REAL,6,,51,48,513437.0,512498,513437.0,,,,1292,513437000	ID:6	[INFO: Metric    ] METRIC_TX type=REAL node=6 seq=51 bytes=48 time_ms=512498
RX,REAL,,6,51,48,513472.88,512969,513472.88,512498,512969,35.88000000000466,1293,513472880	ID:1	[INFO: Metric    ] METRIC_RX type=REAL src=6 seq=51 send_ms=512498 recv_ms=512969 bytes=48
TX,REAL,3,,47,48,513972.0,513308,513972.0,,,,1295,513972000	ID:3	[INFO: Metric    ] METRIC_TX type=REAL node=3 seq=47 bytes=48 time_ms=513308
RX,REAL,,3,47,48,514031.168,513528,514031.168,513308,513528,59.16800000000512,1296,514031168	ID:1	[INFO: Metric    ] METRIC_RX type=REAL src=3 seq=47 send_ms=513308 recv_ms=513528 bytes=48
TX,REAL,2,,48,48,514070.0,513207,514070.0,,,,1298,514070000	ID:2	[INFO: Metric    ] METRIC_TX type=REAL node=2 seq=48 bytes=48 time_ms=513207
TX,DUMMY,2,,14,48,514071.0,513208,514071.0,,,,1299,514071000	ID:2	[INFO: Metric    ] METRIC_TX type=DUMMY node=2 seq=14 bytes=48 time_ms=513208
RX,REAL,,2,48,48,514099.88,513596,514099.88,513207,513596,29.880000000004657,1300,514099880	ID:1	[INFO: Metric    ] METRIC_RX type=REAL src=2 seq=48 send_ms=513207 recv_ms=513596 bytes=48
RX,DUMMY,,2,14,48,514131.88,513628,514131.88,513208,513628,,1302,514131880	ID:1	[INFO: Metric    ] METRIC_RX type=DUMMY src=2 seq=14 send_ms=513208 recv_ms=513628 bytes=48
TX,REAL,5,,47,48,521384.0,521047,521384.0,,,,1304,521384000	ID:5	[INFO: Metric    ] METRIC_TX type=REAL node=5 seq=47 bytes=48 time_ms=521047
RX,REAL,,5,47,48,521412.168,520909,521412.168,521047,520909,28.168000000005122,1305,521412168	ID:1	[INFO: Metric    ] METRIC_RX type=REAL src=5 seq=47 send_ms=521047 recv_ms=520909 bytes=48
TX,REAL,4,,49,48,522635.0,522342,522635.0,,,,1307,522635000	ID:4	[INFO: Metric    ] METRIC_TX type=REAL node=4 seq=49 bytes=48 time_ms=522342
TX,DUMMY,4,,10,48,522636.0,522343,522636.0,,,,1308,522636000	ID:4	[INFO: Metric    ] METRIC_TX type=DUMMY node=4 seq=10 bytes=48 time_ms=522343
RX,REAL,,4,49,48,522674.168,522171,522674.168,522342,522171,39.16800000000512,1309,522674168	ID:1	[INFO: Metric    ] METRIC_RX type=REAL src=4 seq=49 send_ms=522342 recv_ms=522171 bytes=48
RX,DUMMY,,4,10,48,522714.304,522211,522714.304,522343,522211,,1310,522714304	ID:1	[INFO: Metric    ] METRIC_RX type=DUMMY src=4 seq=10 send_ms=522343 recv_ms=522211 bytes=48
TX,REAL,2,,49,48,524072.0,523209,524072.0,,,,1313,524072000	ID:2	[INFO: Metric    ] METRIC_TX type=REAL node=2 seq=49 bytes=48 time_ms=523209
RX,REAL,,2,49,48,524099.88,523596,524099.88,523209,523596,27.880000000004657,1314,524099880	ID:1	[INFO: Metric    ] METRIC_RX type=REAL src=2 seq=49 send_ms=523209 recv_ms=523596 bytes=48
TX,REAL,7,,50,48,524247.0,523928,524247.0,,,,1318,524247000	ID:7	[INFO: Metric    ] METRIC_TX type=REAL node=7 seq=50 bytes=48 time_ms=523928
TX,DUMMY,7,,17,48,524248.0,523929,524248.0,,,,1319,524248000	ID:7	[INFO: Metric    ] METRIC_TX type=DUMMY node=7 seq=17 bytes=48 time_ms=523929
RX,REAL,,7,50,48,524273.88,523770,524273.88,523928,523770,26.880000000004657,1320,524273880	ID:1	[INFO: Metric    ] METRIC_RX type=REAL src=7 seq=50 send_ms=523928 recv_ms=523770 bytes=48
RX,DUMMY,,7,17,48,524288.88,523785,524288.88,523929,523785,,1322,524288880	ID:1	[INFO: Metric    ] METRIC_RX type=DUMMY src=7 seq=17 send_ms=523929 recv_ms=523785 bytes=48
TX,REAL,3,,48,48,524973.0,524309,524973.0,,,,1325,524973000	ID:3	[INFO: Metric    ] METRIC_TX type=REAL node=3 seq=48 bytes=48 time_ms=524309
RX,REAL,,3,48,48,525028.168,524525,525028.168,524309,524525,55.167999999946915,1326,525028168	ID:1	[INFO: Metric    ] METRIC_RX type=REAL src=3 seq=48 send_ms=524309 recv_ms=524525 bytes=48
TX,REAL,6,,52,48,525438.0,524499,525438.0,,,,1328,525438000	ID:6	[INFO: Metric    ] METRIC_TX type=REAL node=6 seq=52 bytes=48 time_ms=524499
RX,REAL,,6,52,48,525450.88,524947,525450.88,524499,524947,12.880000000004657,1329,525450880	ID:1	[INFO: Metric    ] METRIC_RX type=REAL src=6 seq=52 send_ms=524499 recv_ms=524947 bytes=48
TX,REAL,4,,50,48,532637.0,532344,532637.0,,,,1333,532637000	ID:4	[INFO: Metric    ] METRIC_TX type=REAL node=4 seq=50 bytes=48 time_ms=532344
TX,DUMMY,4,,11,48,532638.0,532345,532638.0,,,,1334,532638000	ID:4	[INFO: Metric    ] METRIC_TX type=DUMMY node=4 seq=11 bytes=48 time_ms=532345
RX,REAL,,4,50,48,532696.168,532193,532696.168,532344,532193,59.167999999946915,1335,532696168	ID:1	[INFO: Metric    ] METRIC_RX type=REAL src=4 seq=50 send_ms=532344 recv_ms=532193 bytes=48
RX,DUMMY,,4,11,48,532775.168,532272,532775.168,532345,532272,,1336,532775168	ID:1	[INFO: Metric    ] METRIC_RX type=DUMMY src=4 seq=11 send_ms=532345 recv_ms=532272 bytes=48
TX,REAL,5,,48,48,533385.0,533048,533385.0,,,,1339,533385000	ID:5	[INFO: Metric    ] METRIC_TX type=REAL node=5 seq=48 bytes=48 time_ms=533048
RX,REAL,,5,48,48,533447.168,532944,533447.168,533048,532944,62.167999999946915,1340,533447168	ID:1	[INFO: Metric    ] METRIC_RX type=REAL src=5 seq=48 send_ms=533048 recv_ms=532944 bytes=48
TX,REAL,7,,51,48,534249.0,533930,534249.0,,,,1342,534249000	ID:7	[INFO: Metric    ] METRIC_TX type=REAL node=7 seq=51 bytes=48 time_ms=533930
TX,DUMMY,7,,18,48,534250.0,533931,534250.0,,,,1343,534250000	ID:7	[INFO: Metric    ] METRIC_TX type=DUMMY node=7 seq=18 bytes=48 time_ms=533931
RX,REAL,,7,51,48,534262.88,533759,534262.88,533930,533759,13.880000000004657,1344,534262880	ID:1	[INFO: Metric    ] METRIC_RX type=REAL src=7 seq=51 send_ms=533930 recv_ms=533759 bytes=48
RX,DUMMY,,7,18,48,534276.88,533773,534276.88,533931,533773,,1345,534276880	ID:1	[INFO: Metric    ] METRIC_RX type=DUMMY src=7 seq=18 send_ms=533931 recv_ms=533773 bytes=48
TX,REAL,2,,50,48,536073.0,535210,536073.0,,,,1350,536073000	ID:2	[INFO: Metric    ] METRIC_TX type=REAL node=2 seq=50 bytes=48 time_ms=535210
TX,DUMMY,2,,15,48,536074.0,535211,536074.0,,,,1351,536074000	ID:2	[INFO: Metric    ] METRIC_TX type=DUMMY node=2 seq=15 bytes=48 time_ms=535211
RX,REAL,,2,50,48,536088.88,535585,536088.88,535210,535585,15.880000000004657,1352,536088880	ID:1	[INFO: Metric    ] METRIC_RX type=REAL src=2 seq=50 send_ms=535210 recv_ms=535585 bytes=48
RX,DUMMY,,2,15,48,536104.88,535601,536104.88,535211,535601,,1353,536104880	ID:1	[INFO: Metric    ] METRIC_RX type=DUMMY src=2 seq=15 send_ms=535211 recv_ms=535601 bytes=48
TX,REAL,6,,53,48,536439.0,535500,536439.0,,,,1357,536439000	ID:6	[INFO: Metric    ] METRIC_TX type=REAL node=6 seq=53 bytes=48 time_ms=535500
RX,REAL,,6,53,48,536449.88,535946,536449.88,535500,535946,10.880000000004657,1358,536449880	ID:1	[INFO: Metric    ] METRIC_RX type=REAL src=6 seq=53 send_ms=535500 recv_ms=535946 bytes=48
TX,REAL,3,,49,48,536974.0,536310,536974.0,,,,1360,536974000	ID:3	[INFO: Metric    ] METRIC_TX type=REAL node=3 seq=49 bytes=48 time_ms=536310
RX,REAL,,3,49,48,537043.168,536540,537043.168,536310,536540,69.16799999994691,1361,537043168	ID:1	[INFO: Metric    ] METRIC_RX type=REAL src=3 seq=49 send_ms=536310 recv_ms=536540 bytes=48
TX,REAL,5,,49,48,541386.0,541049,541386.0,,,,1363,541386000	ID:5	[INFO: Metric    ] METRIC_TX type=REAL node=5 seq=49 bytes=48 time_ms=541049
TX,DUMMY,5,,13,48,541387.0,541050,541387.0,,,,1364,541387000	ID:5	[INFO: Metric    ] METRIC_TX type=DUMMY node=5 seq=13 bytes=48 time_ms=541050
RX,REAL,,5,49,48,541469.168,540966,541469.168,541049,540966,83.16799999994691,1365,541469168	ID:1	[INFO: Metric    ] METRIC_RX type=REAL src=5 seq=49 send_ms=541049 recv_ms=540966 bytes=48
RX,DUMMY,,5,13,48,541487.168,540984,541487.168,541050,540984,,1366,541487168	ID:1	[INFO: Metric    ] METRIC_RX type=DUMMY src=5 seq=13 send_ms=541050 recv_ms=540984 bytes=48
TX,REAL,7,,52,48,542251.0,541932,542251.0,,,,1369,542251000	ID:7	[INFO: Metric    ] METRIC_TX type=REAL node=7 seq=52 bytes=48 time_ms=541932
RX,REAL,,7,52,48,542256.88,541753,542256.88,541932,541753,5.880000000004657,1370,542256880	ID:1	[INFO: Metric    ] METRIC_RX type=REAL src=7 seq=52 send_ms=541932 recv_ms=541753 bytes=48
TX,REAL,4,,51,48,543639.0,543346,543639.0,,,,1372,543639000	ID:4	[INFO: Metric    ] METRIC_TX type=REAL node=4 seq=51 bytes=48 time_ms=543346
TX,DUMMY,4,,12,48,543640.0,543347,543640.0,,,,1373,543640000	ID:4	[INFO: Metric    ] METRIC_TX type=DUMMY node=4 seq=12 bytes=48 time_ms=543347
RX,REAL,,4,51,48,543688.168,543185,543688.168,543346,543185,49.167999999946915,1374,543688168	ID:1	[INFO: Metric    ] METRIC_RX type=REAL src=4 seq=51 send_ms=543346 recv_ms=543185 bytes=48
RX,DUMMY,,4,12,48,543711.168,543208,543711.168,543347,543208,,1375,543711168	ID:1	[INFO: Metric    ] METRIC_RX type=DUMMY src=4 seq=12 send_ms=543347 recv_ms=543208 bytes=48
TX,REAL,3,,50,48,545975.0,545311,545975.0,,,,1380,545975000	ID:3	[INFO: Metric    ] METRIC_TX type=REAL node=3 seq=50 bytes=48 time_ms=545311
RX,REAL,,3,50,48,546017.168,545514,546017.168,545311,545514,42.167999999946915,1381,546017168	ID:1	[INFO: Metric    ] METRIC_RX type=REAL src=3 seq=50 send_ms=545311 recv_ms=545514 bytes=48
TX,REAL,6,,54,48,547440.0,546501,547440.0,,,,1383,547440000	ID:6	[INFO: Metric    ] METRIC_TX type=REAL node=6 seq=54 bytes=48 time_ms=546501
TX,DUMMY,6,,14,48,547441.0,546502,547441.0,,,,1384,547441000	ID:6	[INFO: Metric    ] METRIC_TX type=DUMMY node=6 seq=14 bytes=48 time_ms=546502
RX,REAL,,6,54,48,547482.88,546979,547482.88,546501,546979,42.88000000000466,1385,547482880	ID:1	[INFO: Metric    ] METRIC_RX type=REAL src=6 seq=54 send_ms=546501 recv_ms=546979 bytes=48
RX,DUMMY,,6,14,48,547493.88,546990,547493.88,546502,546990,,1386,547493880	ID:1	[INFO: Metric    ] METRIC_RX type=DUMMY src=6 seq=14 send_ms=546502 recv_ms=546990 bytes=48
TX,REAL,2,,51,48,548075.0,547212,548075.0,,,,1390,548075000	ID:2	[INFO: Metric    ] METRIC_TX type=REAL node=2 seq=51 bytes=48 time_ms=547212
RX,REAL,,2,51,48,548097.88,547594,548097.88,547212,547594,22.880000000004657,1391,548097880	ID:1	[INFO: Metric    ] METRIC_RX type=REAL src=2 seq=51 send_ms=547212 recv_ms=547594 bytes=48
TX,REAL,5,,50,48,553388.0,553051,553388.0,,,,1395,553388000	ID:5	[INFO: Metric    ] METRIC_TX type=REAL node=5 seq=50 bytes=48 time_ms=553051
TX,DUMMY,5,,14,48,553389.0,553052,553389.0,,,,1396,553389000	ID:5	[INFO: Metric    ] METRIC_TX type=DUMMY node=5 seq=14 bytes=48 time_ms=553052
RX,REAL,,5,50,48,553437.168,552934,553437.168,553051,552934,49.167999999946915,1397,553437168	ID:1	[INFO: Metric    ] METRIC_RX type=REAL src=5 seq=50 send_ms=553051 recv_ms=552934 bytes=48
RX,DUMMY,,5,14,48,553474.168,552971,553474.168,553052,552971,,1398,553474168	ID:1	[INFO: Metric    ] METRIC_RX type=DUMMY src=5 seq=14 send_ms=553052 recv_ms=552971 bytes=48
TX,REAL,3,,51,48,553976.0,553312,553976.0,,,,1401,553976000	ID:3	[INFO: Metric    ] METRIC_TX type=REAL node=3 seq=51 bytes=48 time_ms=553312
RX,REAL,,3,51,48,554017.304,553514,554017.304,553312,553514,41.304000000003725,1402,554017304	ID:1	[INFO: Metric    ] METRIC_RX type=REAL src=3 seq=51 send_ms=553312 recv_ms=553514 bytes=48
TX,REAL,7,,53,48,554252.0,553933,554252.0,,,,1404,554252000	ID:7	[INFO: Metric    ] METRIC_TX type=REAL node=7 seq=53 bytes=48 time_ms=553933
RX,REAL,,7,53,48,554282.88,553779,554282.88,553933,553779,30.880000000004657,1405,554282880	ID:1	[INFO: Metric    ] METRIC_RX type=REAL src=7 seq=53 send_ms=553933 recv_ms=553779 bytes=48
TX,REAL,6,,55,48,555442.0,554503,555442.0,,,,1407,555442000	ID:6	[INFO: Metric    ] METRIC_TX type=REAL node=6 seq=55 bytes=48 time_ms=554503
RX,REAL,,6,55,48,555450.88,554947,555450.88,554503,554947,8.880000000004657,1408,555450880	ID:1	[INFO: Metric    ] METRIC_RX type=REAL src=6 seq=55 send_ms=554503 recv_ms=554947 bytes=48
TX,REAL,4,,52,48,555641.0,555348,555641.0,,,,1410,555641000	ID:4	[INFO: Metric    ] METRIC_TX type=REAL node=4 seq=52 bytes=48 time_ms=555348
RX,REAL,,4,52,48,555678.168,555175,555678.168,555348,555175,37.167999999946915,1411,555678168	ID:1	[INFO: Metric    ] METRIC_RX type=REAL src=4 seq=52 send_ms=555348 recv_ms=555175 bytes=48
TX,REAL,2,,52,48,556076.0,555213,556076.0,,,,1413,556076000	ID:2	[INFO: Metric    ] METRIC_TX type=REAL node=2 seq=52 bytes=48 time_ms=555213
TX,DUMMY,2,,16,48,556077.0,555214,556077.0,,,,1414,556077000	ID:2	[INFO: Metric    ] METRIC_TX type=DUMMY node=2 seq=16 bytes=48 time_ms=555214
RX,REAL,,2,52,48,556092.88,555589,556092.88,555213,555589,16.880000000004657,1415,556092880	ID:1	[INFO: Metric    ] METRIC_RX type=REAL src=2 seq=52 send_ms=555213 recv_ms=555589 bytes=48
RX,DUMMY,,2,16,48,556112.88,555609,556112.88,555214,555609,,1417,556112880	ID:1	[INFO: Metric    ] METRIC_RX type=DUMMY src=2 seq=16 send_ms=555214 recv_ms=555609 bytes=48
TX,REAL,7,,54,48,562253.0,561934,562253.0,,,,1419,562253000	ID:7	[INFO: Metric    ] METRIC_TX type=REAL node=7 seq=54 bytes=48 time_ms=561934
RX,REAL,,7,54,48,562279.88,561776,562279.88,561934,561776,26.880000000004657,1420,562279880	ID:1	[INFO: Metric    ] METRIC_RX type=REAL src=7 seq=54 send_ms=561934 recv_ms=561776 bytes=48
TX,REAL,6,,56,48,563443.0,562504,563443.0,,,,1423,563443000	ID:6	[INFO: Metric    ] METRIC_TX type=REAL node=6 seq=56 bytes=48 time_ms=562504
RX,REAL,,6,56,48,563458.88,562955,563458.88,562504,562955,15.880000000004657,1424,563458880	ID:1	[INFO: Metric    ] METRIC_RX type=REAL src=6 seq=56 send_ms=562504 recv_ms=562955 bytes=48
TX,REAL,3,,52,48,563977.0,563313,563977.0,,,,1426,563977000	ID:3	[INFO: Metric    ] METRIC_TX type=REAL node=3 seq=52 bytes=48 time_ms=563313
TX,DUMMY,3,,11,48,563978.0,563314,563978.0,,,,1427,563978000	ID:3	[INFO: Metric    ] METRIC_TX type=DUMMY node=3 seq=11 bytes=48 time_ms=563314
RX,REAL,,3,52,48,564025.168,563522,564025.168,563313,563522,48.167999999946915,1428,564025168	ID:1	[INFO: Metric    ] METRIC_RX type=REAL src=3 seq=52 send_ms=563313 recv_ms=563522 bytes=48
RX,DUMMY,,3,11,48,564066.168,563563,564066.168,563314,563563,,1429,564066168	ID:1	[INFO: Metric    ] METRIC_RX type=DUMMY src=3 seq=11 send_ms=563314 recv_ms=563563 bytes=48
TX,REAL,5,,51,48,565390.0,565053,565390.0,,,,1432,565390000	ID:5	[INFO: Metric    ] METRIC_TX type=REAL node=5 seq=51 bytes=48 time_ms=565053
TX,DUMMY,5,,15,48,565391.0,565054,565391.0,,,,1433,565391000	ID:5	[INFO: Metric    ] METRIC_TX type=DUMMY node=5 seq=15 bytes=48 time_ms=565054
RX,REAL,,5,51,48,565467.168,564964,565467.168,565053,564964,77.16799999994691,1434,565467168	ID:1	[INFO: Metric    ] METRIC_RX type=REAL src=5 seq=51 send_ms=565053 recv_ms=564964 bytes=48
RX,DUMMY,,5,15,48,565510.168,565007,565510.168,565054,565007,,1435,565510168	ID:1	[INFO: Metric    ] METRIC_RX type=DUMMY src=5 seq=15 send_ms=565054 recv_ms=565007 bytes=48
TX,REAL,4,,53,48,566642.0,566349,566642.0,,,,1438,566642000	ID:4	[INFO: Metric    ] METRIC_TX type=REAL node=4 seq=53 bytes=48 time_ms=566349
TX,DUMMY,4,,13,48,566643.0,566350,566643.0,,,,1439,566643000	ID:4	[INFO: Metric    ] METRIC_TX type=DUMMY node=4 seq=13 bytes=48 time_ms=566350
RX,REAL,,4,53,48,566702.168,566199,566702.168,566349,566199,60.167999999946915,1440,566702168	ID:1	[INFO: Metric    ] METRIC_RX type=REAL src=4 seq=53 send_ms=566349 recv_ms=566199 bytes=48
RX,DUMMY,,4,13,48,566709.168,566206,566709.168,566350,566206,,1441,566709168	ID:1	[INFO: Metric    ] METRIC_RX type=DUMMY src=4 seq=13 send_ms=566350 recv_ms=566206 bytes=48
TX,REAL,2,,53,48,568078.0,567215,568078.0,,,,1444,568078000	ID:2	[INFO: Metric    ] METRIC_TX type=REAL node=2 seq=53 bytes=48 time_ms=567215
RX,REAL,,2,53,48,568117.88,567614,568117.88,567215,567614,39.88000000000466,1445,568117880	ID:1	[INFO: Metric    ] METRIC_RX type=REAL src=2 seq=53 send_ms=567215 recv_ms=567614 bytes=48
TX,REAL,7,,55,48,572254.0,571935,572254.0,,,,1447,572254000	ID:7	[INFO: Metric    ] METRIC_TX type=REAL node=7 seq=55 bytes=48 time_ms=571935
RX,REAL,,7,55,48,572266.88,571763,572266.88,571935,571763,12.880000000004657,1448,572266880	ID:1	[INFO: Metric    ] METRIC_RX type=REAL src=7 seq=55 send_ms=571935 recv_ms=571763 bytes=48
TX,REAL,6,,57,48,573444.0,572505,573444.0,,,,1450,573444000	ID:6	[INFO: Metric    ] METRIC_TX type=REAL node=6 seq=57 bytes=48 time_ms=572505
TX,DUMMY,6,,15,48,573445.0,572506,573445.0,,,,1451,573445000	ID:6	[INFO: Metric    ] METRIC_TX type=DUMMY node=6 seq=15 bytes=48 time_ms=572506
RX,REAL,,6,57,48,573486.88,572983,573486.88,572505,572983,42.88000000000466,1452,573486880	ID:1	[INFO: Metric    ] METRIC_RX type=REAL src=6 seq=57 send_ms=572505 recv_ms=572983 bytes=48
RX,DUMMY,,6,15,48,573507.88,573004,573507.88,572506,573004,,1454,573507880	ID:1	[INFO: Metric    ] METRIC_RX type=DUMMY src=6 seq=15 send_ms=572506 recv_ms=573004 bytes=48
TX,REAL,3,,53,48,574979.0,574315,574979.0,,,,1457,574979000	ID:3	[INFO: Metric    ] METRIC_TX type=REAL node=3 seq=53 bytes=48 time_ms=574315
TX,DUMMY,3,,12,48,574980.0,574316,574980.0,,,,1458,574980000	ID:3	[INFO: Metric    ] METRIC_TX type=DUMMY node=3 seq=12 bytes=48 time_ms=574316
RX,REAL,,3,53,48,575026.168,574523,575026.168,574315,574523,47.167999999946915,1459,575026168	ID:1	[INFO: Metric    ] METRIC_RX type=REAL src=3 seq=53 send_ms=574315 recv_ms=574523 bytes=48
RX,DUMMY,,3,12,48,575131.168,574628,575131.168,574316,574628,,1461,575131168	ID:1	[INFO: Metric    ] METRIC_RX type=DUMMY src=3 seq=12 send_ms=574316 recv_ms=574628 bytes=48
TX,REAL,5,,52,48,576392.0,576055,576392.0,,,,1463,576392000	ID:5	[INFO: Metric    ] METRIC_TX type=REAL node=5 seq=52 bytes=48 time_ms=576055
RX,REAL,,5,52,48,576407.168,575904,576407.168,576055,575904,15.167999999946915,1464,576407168	ID:1	[INFO: Metric    ] METRIC_RX type=REAL src=5 seq=52 send_ms=576055 recv_ms=575904 bytes=48
TX,REAL,2,,54,48,577079.0,576216,577079.0,,,,1466,577079000	ID:2	[INFO: Metric    ] METRIC_TX type=REAL node=2 seq=54 bytes=48 time_ms=576216
RX,REAL,,2,54,48,577109.88,576606,577109.88,576216,576606,30.880000000004657,1467,577109880	ID:1	[INFO: Metric    ] METRIC_RX type=REAL src=2 seq=54 send_ms=576216 recv_ms=576606 bytes=48
TX,REAL,4,,54,48,578644.0,578351,578644.0,,,,1469,578644000	ID:4	[INFO: Metric    ] METRIC_TX type=REAL node=4 seq=54 bytes=48 time_ms=578351
TX,DUMMY,4,,14,48,578645.0,578352,578645.0,,,,1470,578645000	ID:4	[INFO: Metric    ] METRIC_TX type=DUMMY node=4 seq=14 bytes=48 time_ms=578352
RX,REAL,,4,54,48,578699.168,578196,578699.168,578351,578196,55.167999999946915,1471,578699168	ID:1	[INFO: Metric    ] METRIC_RX type=REAL src=4 seq=54 send_ms=578351 recv_ms=578196 bytes=48
RX,DUMMY,,4,14,48,578719.168,578216,578719.168,578352,578216,,1472,578719168	ID:1	[INFO: Metric    ] METRIC_RX type=DUMMY src=4 seq=14 send_ms=578352 recv_ms=578216 bytes=48
TX,REAL,7,,56,48,581255.0,580936,581255.0,,,,1475,581255000	ID:7	[INFO: Metric    ] METRIC_TX type=REAL node=7 seq=56 bytes=48 time_ms=580936
TX,DUMMY,7,,19,48,581256.0,580937,581256.0,,,,1476,581256000	ID:7	[INFO: Metric    ] METRIC_TX type=DUMMY node=7 seq=19 bytes=48 time_ms=580937
RX,REAL,,7,56,48,581273.88,580770,581273.88,580936,580770,18.880000000004657,1477,581273880	ID:1	[INFO: Metric    ] METRIC_RX type=REAL src=7 seq=56 send_ms=580936 recv_ms=580770 bytes=48
RX,DUMMY,,7,19,48,581297.88,580794,581297.88,580937,580794,,1478,581297880	ID:1	[INFO: Metric    ] METRIC_RX type=DUMMY src=7 seq=19 send_ms=580937 recv_ms=580794 bytes=48
TX,REAL,6,,58,48,583446.0,582507,583446.0,,,,1481,583446000	ID:6	[INFO: Metric    ] METRIC_TX type=REAL node=6 seq=58 bytes=48 time_ms=582507
RX,REAL,,6,58,48,583476.88,582973,583476.88,582507,582973,30.880000000004657,1482,583476880	ID:1	[INFO: Metric    ] METRIC_RX type=REAL src=6 seq=58 send_ms=582507 recv_ms=582973 bytes=48
TX,REAL,3,,54,48,584981.0,584317,584981.0,,,,1485,584981000	ID:3	[INFO: Metric    ] METRIC_TX type=REAL node=3 seq=54 bytes=48 time_ms=584317
TX,DUMMY,3,,13,48,584982.0,584318,584982.0,,,,1486,584982000	ID:3	[INFO: Metric    ] METRIC_TX type=DUMMY node=3 seq=13 bytes=48 time_ms=584318
RX,REAL,,3,54,48,585056.168,584553,585056.168,584317,584553,75.16799999994691,1487,585056168	ID:1	[INFO: Metric    ] METRIC_RX type=REAL src=3 seq=54 send_ms=584317 recv_ms=584553 bytes=48
RX,DUMMY,,3,13,48,585081.168,584578,585081.168,584318,584578,,1488,585081168	ID:1	[INFO: Metric    ] METRIC_RX type=DUMMY src=3 seq=13 send_ms=584318 recv_ms=584578 bytes=48
TX,REAL,5,,53,48,585393.0,585056,585393.0,,,,1491,585393000	ID:5	[INFO: Metric    ] METRIC_TX type=REAL node=5 seq=53 bytes=48 time_ms=585056
RX,REAL,,5,53,48,585428.168,584925,585428.168,585056,584925,35.167999999946915,1492,585428168	ID:1	[INFO: Metric    ] METRIC_RX type=REAL src=5 seq=53 send_ms=585056 recv_ms=584925 bytes=48
TX,REAL,2,,55,48,586080.0,585217,586080.0,,,,1494,586080000	ID:2	[INFO: Metric    ] METRIC_TX type=REAL node=2 seq=55 bytes=48 time_ms=585217
RX,REAL,,2,55,48,586112.88,585609,586112.88,585217,585609,32.88000000000466,1495,586112880	ID:1	[INFO: Metric    ] METRIC_RX type=REAL src=2 seq=55 send_ms=585217 recv_ms=585609 bytes=48
TX,REAL,4,,55,48,587646.0,587353,587646.0,,,,1497,587646000	ID:4	[INFO: Metric    ] METRIC_TX type=REAL node=4 seq=55 bytes=48 time_ms=587353
RX,REAL,,4,55,48,587710.168,587207,587710.168,587353,587207,64.16799999994691,1498,587710168	ID:1	[INFO: Metric    ] METRIC_RX type=REAL src=4 seq=55 send_ms=587353 recv_ms=587207 bytes=48
TX,REAL,7,,57,48,591257.0,590938,591257.0,,,,1500,591257000	ID:7	[INFO: Metric    ] METRIC_TX type=REAL node=7 seq=57 bytes=48 time_ms=590938
TX,DUMMY,7,,20,48,591258.0,590939,591258.0,,,,1501,591258000	ID:7	[INFO: Metric    ] METRIC_TX type=DUMMY node=7 seq=20 bytes=48 time_ms=590939
RX,REAL,,7,57,48,591292.88,590789,591292.88,590938,590789,35.88000000000466,1502,591292880	ID:1	[INFO: Metric    ] METRIC_RX type=REAL src=7 seq=57 send_ms=590938 recv_ms=590789 bytes=48
RX,DUMMY,,7,20,48,591305.88,590802,591305.88,590939,590802,,1503,591305880	ID:1	[INFO: Metric    ] METRIC_RX type=DUMMY src=7 seq=20 send_ms=590939 recv_ms=590802 bytes=48
TX,REAL,6,,59,48,591447.0,590508,591447.0,,,,1506,591447000	ID:6	[INFO: Metric    ] METRIC_TX type=REAL node=6 seq=59 bytes=48 time_ms=590508
TX,DUMMY,6,,16,48,591448.0,590509,591448.0,,,,1507,591448000	ID:6	[INFO: Metric    ] METRIC_TX type=DUMMY node=6 seq=16 bytes=48 time_ms=590509
RX,REAL,,6,59,48,591466.88,590963,591466.88,590508,590963,19.880000000004657,1508,591466880	ID:1	[INFO: Metric    ] METRIC_RX type=REAL src=6 seq=59 send_ms=590508 recv_ms=590963 bytes=48
RX,DUMMY,,6,16,48,591512.88,591009,591512.88,590509,591009,,1510,591512880	ID:1	[INFO: Metric    ] METRIC_RX type=DUMMY src=6 seq=16 send_ms=590509 recv_ms=591009 bytes=48
TX,REAL,3,,55,48,593983.0,593319,593983.0,,,,1512,593983000	ID:3	[INFO: Metric    ] METRIC_TX type=REAL node=3 seq=55 bytes=48 time_ms=593319
TX,DUMMY,3,,14,48,593984.0,593320,593984.0,,,,1513,593984000	ID:3	[INFO: Metric    ] METRIC_TX type=DUMMY node=3 seq=14 bytes=48 time_ms=593320
RX,REAL,,3,55,48,594042.168,593539,594042.168,593319,593539,59.167999999946915,1514,594042168	ID:1	[INFO: Metric    ] METRIC_RX type=REAL src=3 seq=55 send_ms=593319 recv_ms=593539 bytes=48
RX,DUMMY,,3,14,48,594060.168,593557,594060.168,593320,593557,,1516,594060168	ID:1	[INFO: Metric    ] METRIC_RX type=DUMMY src=3 seq=14 send_ms=593320 recv_ms=593557 bytes=48
TX,REAL,2,,56,48,594081.0,593218,594081.0,,,,1517,594081000	ID:2	[INFO: Metric    ] METRIC_TX type=REAL node=2 seq=56 bytes=48 time_ms=593218
TX,DUMMY,2,,17,48,594082.0,593219,594082.0,,,,1518,594082000	ID:2	[INFO: Metric    ] METRIC_TX type=DUMMY node=2 seq=17 bytes=48 time_ms=593219
RX,REAL,,2,56,48,594094.88,593591,594094.88,593218,593591,13.880000000004657,1519,594094880	ID:1	[INFO: Metric    ] METRIC_RX type=REAL src=2 seq=56 send_ms=593218 recv_ms=593591 bytes=48
RX,DUMMY,,2,17,48,594137.88,593634,594137.88,593219,593634,,1521,594137880	ID:1	[INFO: Metric    ] METRIC_RX type=DUMMY src=2 seq=17 send_ms=593219 recv_ms=593634 bytes=48
TX,REAL,5,,54,48,594394.0,594057,594394.0,,,,1525,594394000	ID:5	[INFO: Metric    ] METRIC_TX type=REAL node=5 seq=54 bytes=48 time_ms=594057
RX,REAL,,5,54,48,594458.168,593955,594458.168,594057,593955,64.16799999994691,1526,594458168	ID:1	[INFO: Metric    ] METRIC_RX type=REAL src=5 seq=54 send_ms=594057 recv_ms=593955 bytes=48
TX,REAL,4,,56,48,598647.0,598354,598647.0,,,,1528,598647000	ID:4	[INFO: Metric    ] METRIC_TX type=REAL node=4 seq=56 bytes=48 time_ms=598354
TX,DUMMY,4,,15,48,598648.0,598355,598648.0,,,,1529,598648000	ID:4	[INFO: Metric    ] METRIC_TX type=DUMMY node=4 seq=15 bytes=48 time_ms=598355
RX,REAL,,4,56,48,598709.168,598206,598709.168,598354,598206,62.167999999946915,1530,598709168	ID:1	[INFO: Metric    ] METRIC_RX type=REAL src=4 seq=56 send_ms=598354 recv_ms=598206 bytes=48
RX,DUMMY,,4,15,48,598773.168,598270,598773.168,598355,598270,,1531,598773168	ID:1	[INFO: Metric    ] METRIC_RX type=DUMMY src=4 seq=15 send_ms=598355 recv_ms=598270 bytes=48
TX,REAL,6,,60,48,600449.0,599510,600449.0,,,,1536,600449000	ID:6	[INFO: Metric    ] METRIC_TX type=REAL node=6 seq=60 bytes=48 time_ms=599510
RX,REAL,,6,60,48,600470.88,599967,600470.88,599510,599967,21.880000000004657,1537,600470880	ID:1	[INFO: Metric    ] METRIC_RX type=REAL src=6 seq=60 send_ms=599510 recv_ms=599967 bytes=48
TX,REAL,3,,56,48,601985.0,601321,601985.0,,,,1539,601985000	ID:3	[INFO: Metric    ] METRIC_TX type=REAL node=3 seq=56 bytes=48 time_ms=601321
RX,REAL,,3,56,48,602036.168,601533,602036.168,601321,601533,51.167999999946915,1540,602036168	ID:1	[INFO: Metric    ] METRIC_RX type=REAL src=3 seq=56 send_ms=601321 recv_ms=601533 bytes=48
TX,REAL,7,,58,48,602259.0,601940,602259.0,,,,1542,602259000	ID:7	[INFO: Metric    ] METRIC_TX type=REAL node=7 seq=58 bytes=48 time_ms=601940
RX,REAL,,7,58,48,602294.88,601791,602294.88,601940,601791,35.88000000000466,1543,602294880	ID:1	[INFO: Metric    ] METRIC_RX type=REAL src=7 seq=58 send_ms=601940 recv_ms=601791 bytes=48
TX,REAL,2,,57,48,603083.0,602220,603083.0,,,,1545,603083000	ID:2	[INFO: Metric    ] METRIC_TX type=REAL node=2 seq=57 bytes=48 time_ms=602220
TX,DUMMY,2,,18,48,603084.0,602221,603084.0,,,,1546,603084000	ID:2	[INFO: Metric    ] METRIC_TX type=DUMMY node=2 seq=18 bytes=48 time_ms=602221
RX,REAL,,2,57,48,603108.88,602605,603108.88,602220,602605,25.880000000004657,1547,603108880	ID:1	[INFO: Metric    ] METRIC_RX type=REAL src=2 seq=57 send_ms=602220 recv_ms=602605 bytes=48
RX,DUMMY,,2,18,48,603136.88,602633,603136.88,602221,602633,,1550,603136880	ID:1	[INFO: Metric    ] METRIC_RX type=DUMMY src=2 seq=18 send_ms=602221 recv_ms=602633 bytes=48
TX,REAL,5,,55,48,604395.0,604058,604395.0,,,,1552,604395000	ID:5	[INFO: Metric    ] METRIC_TX type=REAL node=5 seq=55 bytes=48 time_ms=604058
RX,REAL,,5,55,48,604454.168,603951,604454.168,604058,603951,59.167999999946915,1553,604454168	ID:1	[INFO: Metric    ] METRIC_RX type=REAL src=5 seq=55 send_ms=604058 recv_ms=603951 bytes=48
TX,REAL,4,,57,48,609649.0,609356,609649.0,,,,1555,609649000	ID:4	[INFO: Metric    ] METRIC_TX type=REAL node=4 seq=57 bytes=48 time_ms=609356
TX,DUMMY,4,,16,48,609650.0,609357,609650.0,,,,1556,609650000	ID:4	[INFO: Metric    ] METRIC_TX type=DUMMY node=4 seq=16 bytes=48 time_ms=609357
RX,REAL,,4,57,48,609696.168,609193,609696.168,609356,609193,47.167999999946915,1557,609696168	ID:1	[INFO: Metric    ] METRIC_RX type=REAL src=4 seq=57 send_ms=609356 recv_ms=609193 bytes=48
RX,DUMMY,,4,16,48,609726.168,609223,609726.168,609357,609223,,1559,609726168	ID:1	[INFO: Metric    ] METRIC_RX type=DUMMY src=4 seq=16 send_ms=609357 recv_ms=609223 bytes=48
TX,REAL,6,,61,48,610450.0,609511,610450.0,,,,1561,610450000	ID:6	[INFO: Metric    ] METRIC_TX type=REAL node=6 seq=61 bytes=48 time_ms=609511
RX,REAL,,6,61,48,610484.88,609981,610484.88,609511,609981,34.88000000000466,1562,610484880	ID:1	[INFO: Metric    ] METRIC_RX type=REAL src=6 seq=61 send_ms=609511 recv_ms=609981 bytes=48
TX,REAL,2,,58,48,612085.0,611222,612085.0,,,,1564,612085000	ID:2	[INFO: Metric    ] METRIC_TX type=REAL node=2 seq=58 bytes=48 time_ms=611222
RX,REAL,,2,58,48,612091.88,611588,612091.88,611222,611588,6.880000000004657,1565,612091880	ID:1	[INFO: Metric    ] METRIC_RX type=REAL src=2 seq=58 send_ms=611222 recv_ms=611588 bytes=48
TX,REAL,3,,57,48,612986.0,612322,612986.0,,,,1567,612986000	ID:3	[INFO: Metric    ] METRIC_TX type=REAL node=3 seq=57 bytes=48 time_ms=612322
RX,REAL,,3,57,48,613043.168,612540,613043.168,612322,612540,57.167999999946915,1568,613043168	ID:1	[INFO: Metric    ] METRIC_RX type=REAL src=3 seq=57 send_ms=612322 recv_ms=612540 bytes=48
TX,REAL,5,,56,48,613396.0,613059,613396.0,,,,1570,613396000	ID:5	[INFO: Metric    ] METRIC_TX type=REAL node=5 seq=56 bytes=48 time_ms=613059
RX,REAL,,5,56,48,613465.168,612962,613465.168,613059,612962,69.16799999994691,1571,613465168	ID:1	[INFO: Metric    ] METRIC_RX type=REAL src=5 seq=56 send_ms=613059 recv_ms=612962 bytes=48
TX,REAL,7,,59,48,614260.0,613941,614260.0,,,,1573,614260000	ID:7	[INFO: Metric    ] METRIC_TX type=REAL node=7 seq=59 bytes=48 time_ms=613941
RX,REAL,,7,59,48,614282.88,613779,614282.88,613941,613779,22.880000000004657,1574,614282880	ID:1	[INFO: Metric    ] METRIC_RX type=REAL src=7 seq=59 send_ms=613941 recv_ms=613779 bytes=48
TX,REAL,2,,59,48,620086.0,619223,620086.0,,,,1576,620086000	ID:2	[INFO: Metric    ] METRIC_TX type=REAL node=2 seq=59 bytes=48 time_ms=619223
RX,REAL,,2,59,48,620094.88,619591,620094.88,619223,619591,8.880000000004657,1577,620094880	ID:1	[INFO: Metric    ] METRIC_RX type=REAL src=2 seq=59 send_ms=619223 recv_ms=619591 bytes=48
TX,REAL,4,,58,48,620651.0,620358,620651.0,,,,1580,620651000	ID:4	[INFO: Metric    ] METRIC_TX type=REAL node=4 seq=58 bytes=48 time_ms=620358
RX,REAL,,4,58,48,620698.168,620195,620698.168,620358,620195,47.167999999946915,1581,620698168	ID:1	[INFO: Metric    ] METRIC_RX type=REAL src=4 seq=58 send_ms=620358 recv_ms=620195 bytes=48
TX,REAL,5,,57,48,621397.0,621060,621397.0,,,,1583,621397000	ID:5	[INFO: Metric    ] METRIC_TX type=REAL node=5 seq=57 bytes=48 time_ms=621060
RX,REAL,,5,57,48,621445.168,620942,621445.168,621060,620942,48.167999999946915,1584,621445168	ID:1	[INFO: Metric    ] METRIC_RX type=REAL src=5 seq=57 send_ms=621060 recv_ms=620942 bytes=48
TX,REAL,6,,62,48,621451.0,620512,621451.0,,,,1585,621451000	ID:6	[INFO: Metric    ] METRIC_TX type=REAL node=6 seq=62 bytes=48 time_ms=620512
RX,REAL,,6,62,48,621491.88,620988,621491.88,620512,620988,40.88000000000466,1587,621491880	ID:1	[INFO: Metric    ] METRIC_RX type=REAL src=6 seq=62 send_ms=620512 recv_ms=620988 bytes=48
TX,REAL,3,,58,48,621987.0,621323,621987.0,,,,1589,621987000	ID:3	[INFO: Metric    ] METRIC_TX type=REAL node=3 seq=58 bytes=48 time_ms=621323
RX,REAL,,3,58,48,622028.168,621525,622028.168,621323,621525,41.167999999946915,1590,622028168	ID:1	[INFO: Metric    ] METRIC_RX type=REAL src=3 seq=58 send_ms=621323 recv_ms=621525 bytes=48
TX,REAL,7,,60,48,625261.0,624942,625261.0,,,,1594,625261000	ID:7	[INFO: Metric    ] METRIC_TX type=REAL node=7 seq=60 bytes=48 time_ms=624942
TX,DUMMY,7,,21,48,625262.0,624943,625262.0,,,,1595,625262000	ID:7	[INFO: Metric    ] METRIC_TX type=DUMMY node=7 seq=21 bytes=48 time_ms=624943
RX,REAL,,7,60,48,625278.88,624775,625278.88,624942,624775,17.880000000004657,1596,625278880	ID:1	[INFO: Metric    ] METRIC_RX type=REAL src=7 seq=60 send_ms=624942 recv_ms=624775 bytes=48
RX,DUMMY,,7,21,48,625312.88,624809,625312.88,624943,624809,,1598,625312880	ID:1	[INFO: Metric    ] METRIC_RX type=DUMMY src=7 seq=21 send_ms=624943 recv_ms=624809 bytes=48
TX,REAL,2,,60,48,629087.0,628224,629087.0,,,,1602,629087000	ID:2	[INFO: Metric    ] METRIC_TX type=REAL node=2 seq=60 bytes=48 time_ms=628224
RX,REAL,,2,60,48,629116.88,628613,629116.88,628224,628613,29.880000000004657,1603,629116880	ID:1	[INFO: Metric    ] METRIC_RX type=REAL src=2 seq=60 send_ms=628224 recv_ms=628613 bytes=48
TX,REAL,5,,58,48,629398.0,629061,629398.0,,,,1605,629398000	ID:5	[INFO: Metric    ] METRIC_TX type=REAL node=5 seq=58 bytes=48 time_ms=629061
RX,REAL,,5,58,48,629474.168,628971,629474.168,629061,628971,76.16799999994691,1606,629474168	ID:1	[INFO: Metric    ] METRIC_RX type=REAL src=5 seq=58 send_ms=629061 recv_ms=628971 bytes=48
TX,REAL,4,,59,48,629652.0,629359,629652.0,,,,1608,629652000	ID:4	[INFO: Metric    ] METRIC_TX type=REAL node=4 seq=59 bytes=48 time_ms=629359
RX,REAL,,4,59,48,629694.168,629191,629694.168,629359,629191,42.167999999946915,1609,629694168	ID:1	[INFO: Metric    ] METRIC_RX type=REAL src=4 seq=59 send_ms=629359 recv_ms=629191 bytes=48
TX,REAL,6,,63,48,630452.0,629513,630452.0,,,,1611,630452000	ID:6	[INFO: Metric    ] METRIC_TX type=REAL node=6 seq=63 bytes=48 time_ms=629513
RX,REAL,,6,63,48,630457.88,629954,630457.88,629513,629954,5.880000000004657,1612,630457880	ID:1	[INFO: Metric    ] METRIC_RX type=REAL src=6 seq=63 send_ms=629513 recv_ms=629954 bytes=48
TX,REAL,3,,59,48,632988.0,632324,632988.0,,,,1615,632988000	ID:3	[INFO: Metric    ] METRIC_TX type=REAL node=3 seq=59 bytes=48 time_ms=632324
TX,DUMMY,3,,15,48,632989.0,632325,632989.0,,,,1616,632989000	ID:3	[INFO: Metric    ] METRIC_TX type=DUMMY node=3 seq=15 bytes=48 time_ms=632325
RX,REAL,,3,59,48,633113.168,632610,633113.168,632324,632610,125.16799999994691,1617,633113168	ID:1	[INFO: Metric    ] METRIC_RX type=REAL src=3 seq=59 send_ms=632324 recv_ms=632610 bytes=48
RX,DUMMY,,3,15,48,633153.168,632650,633153.168,632325,632650,,1618,633153168	ID:1	[INFO: Metric    ] METRIC_RX type=DUMMY src=3 seq=15 send_ms=632325 recv_ms=632650 bytes=48
TX,REAL,7,,61,48,633263.0,632944,633263.0,,,,1620,633263000	ID:7	[INFO: Metric    ] METRIC_TX type=REAL node=7 seq=61 bytes=48 time_ms=632944
RX,REAL,,7,61,48,633302.88,632799,633302.88,632944,632799,39.88000000000466,1622,633302880	ID:1	[INFO: Metric    ] METRIC_RX type=REAL src=7 seq=61 send_ms=632944 recv_ms=632799 bytes=48
TX,REAL,5,,59,48,637399.0,637062,637399.0,,,,1624,637399000	ID:5	[INFO: Metric    ] METRIC_TX type=REAL node=5 seq=59 bytes=48 time_ms=637062
RX,REAL,,5,59,48,637446.168,636943,637446.168,637062,636943,47.167999999946915,1625,637446168	ID:1	[INFO: Metric    ] METRIC_RX type=REAL src=5 seq=59 send_ms=637062 recv_ms=636943 bytes=48
TX,REAL,2,,61,48,639088.0,638225,639088.0,,,,1627,639088000	ID:2	[INFO: Metric    ] METRIC_TX type=REAL node=2 seq=61 bytes=48 time_ms=638225
RX,REAL,,2,61,48,639098.88,638595,639098.88,638225,638595,10.880000000004657,1628,639098880	ID:1	[INFO: Metric    ] METRIC_RX type=REAL src=2 seq=61 send_ms=638225 recv_ms=638595 bytes=48
TX,REAL,3,,60,48,640990.0,640326,640990.0,,,,1632,640990000	ID:3	[INFO: Metric    ] METRIC_TX type=REAL node=3 seq=60 bytes=48 time_ms=640326
RX,REAL,,3,60,48,641039.168,640536,641039.168,640326,640536,49.167999999946915,1633,641039168	ID:1	[INFO: Metric    ] METRIC_RX type=REAL src=3 seq=60 send_ms=640326 recv_ms=640536 bytes=48
TX,REAL,4,,60,48,641653.0,641360,641653.0,,,,1637,641653000	ID:4	[INFO: Metric    ] METRIC_TX type=REAL node=4 seq=60 bytes=48 time_ms=641360
RX,REAL,,4,60,48,641744.168,641241,641744.168,641360,641241,91.16799999994691,1638,641744168	ID:1	[INFO: Metric    ] METRIC_RX type=REAL src=4 seq=60 send_ms=641360 recv_ms=641241 bytes=48
TX,REAL,6,,64,48,642453.0,641514,642453.0,,,,1640,642453000	ID:6	[INFO: Metric    ] METRIC_TX type=REAL node=6 seq=64 bytes=48 time_ms=641514
TX,DUMMY,6,,17,48,642454.0,641515,642454.0,,,,1641,642454000	ID:6	[INFO: Metric    ] METRIC_TX type=DUMMY node=6 seq=17 bytes=48 time_ms=641515
RX,REAL,,6,64,48,642491.88,641988,642491.88,641514,641988,38.88000000000466,1642,642491880	ID:1	[INFO: Metric    ] METRIC_RX type=REAL src=6 seq=64 send_ms=641514 recv_ms=641988 bytes=48
RX,DUMMY,,6,17,48,642515.88,642012,642515.88,641515,642012,,1643,642515880	ID:1	[INFO: Metric    ] METRIC_RX type=DUMMY src=6 seq=17 send_ms=641515 recv_ms=642012 bytes=48
TX,REAL,7,,62,48,644264.0,643945,644264.0,,,,1646,644264000	ID:7	[INFO: Metric    ] METRIC_TX type=REAL node=7 seq=62 bytes=48 time_ms=643945
RX,REAL,,7,62,48,644292.88,643789,644292.88,643945,643789,28.880000000004657,1647,644292880	ID:1	[INFO: Metric    ] METRIC_RX type=REAL src=7 seq=62 send_ms=643945 recv_ms=643789 bytes=48
TX,REAL,2,,62,48,647089.0,646226,647089.0,,,,1650,647089000	ID:2	[INFO: Metric    ] METRIC_TX type=REAL node=2 seq=62 bytes=48 time_ms=646226
RX,REAL,,2,62,48,647129.88,646626,647129.88,646226,646626,40.88000000000466,1651,647129880	ID:1	[INFO: Metric    ] METRIC_RX type=REAL src=2 seq=62 send_ms=646226 recv_ms=646626 bytes=48
TX,REAL,5,,60,48,648400.0,648063,648400.0,,,,1655,648400000	ID:5	[INFO: Metric    ] METRIC_TX type=REAL node=5 seq=60 bytes=48 time_ms=648063
RX,REAL,,5,60,48,648473.168,647970,648473.168,648063,647970,73.16799999994691,1656,648473168	ID:1	[INFO: Metric    ] METRIC_RX type=REAL src=5 seq=60 send_ms=648063 recv_ms=647970 bytes=48
TX,REAL,7,,63,48,652265.0,651946,652265.0,,,,1658,652265000	ID:7	[INFO: Metric    ] METRIC_TX type=REAL node=7 seq=63 bytes=48 time_ms=651946
RX,REAL,,7,63,48,652306.88,651803,652306.88,651946,651803,41.88000000000466,1659,652306880	ID:1	[INFO: Metric    ] METRIC_RX type=REAL src=7 seq=63 send_ms=651946 recv_ms=651803 bytes=48
TX,REAL,3,,61,48,652991.0,652327,652991.0,,,,1661,652991000	ID:3	[INFO: Metric    ] METRIC_TX type=REAL node=3 seq=61 bytes=48 time_ms=652327
RX,REAL,,3,61,48,653041.168,652538,653041.168,652327,652538,50.167999999946915,1662,653041168	ID:1	[INFO: Metric    ] METRIC_RX type=REAL src=3 seq=61 send_ms=652327 recv_ms=652538 bytes=48
TX,REAL,4,,61,48,653654.0,653361,653654.0,,,,1664,653654000	ID:4	[INFO: Metric    ] METRIC_TX type=REAL node=4 seq=61 bytes=48 time_ms=653361
RX,REAL,,4,61,48,653692.168,653189,653692.168,653361,653189,38.167999999946915,1665,653692168	ID:1	[INFO: Metric    ] METRIC_RX type=REAL src=4 seq=61 send_ms=653361 recv_ms=653189 bytes=48
TX,REAL,6,,65,48,654455.0,653516,654455.0,,,,1667,654455000	ID:6	[INFO: Metric    ] METRIC_TX type=REAL node=6 seq=65 bytes=48 time_ms=653516
RX,REAL,,6,65,48,654470.88,653967,654470.88,653516,653967,15.880000000004657,1668,654470880	ID:1	[INFO: Metric    ] METRIC_RX type=REAL src=6 seq=65 send_ms=653516 recv_ms=653967 bytes=48
TX,REAL,5,,61,48,658401.0,658064,658401.0,,,,1670,658401000	ID:5	[INFO: Metric    ] METRIC_TX type=REAL node=5 seq=61 bytes=48 time_ms=658064
TX,DUMMY,5,,16,48,658402.0,658065,658402.0,,,,1671,658402000	ID:5	[INFO: Metric    ] METRIC_TX type=DUMMY node=5 seq=16 bytes=48 time_ms=658065
RX,REAL,,5,61,48,658467.168,657964,658467.168,658064,657964,66.16799999994691,1672,658467168	ID:1	[INFO: Metric    ] METRIC_RX type=REAL src=5 seq=61 send_ms=658064 recv_ms=657964 bytes=48
RX,DUMMY,,5,16,48,658584.168,658081,658584.168,658065,658081,,1674,658584168	ID:1	[INFO: Metric    ] METRIC_RX type=DUMMY src=5 seq=16 send_ms=658065 recv_ms=658081 bytes=48
TX,REAL,2,,63,48,659090.0,658227,659090.0,,,,1676,659090000	ID:2	[INFO: Metric    ] METRIC_TX type=REAL node=2 seq=63 bytes=48 time_ms=658227
RX,REAL,,2,63,48,659134.88,658631,659134.88,658227,658631,44.88000000000466,1677,659134880	ID:1	[INFO: Metric    ] METRIC_RX type=REAL src=2 seq=63 send_ms=658227 recv_ms=658631 bytes=48
TX,REAL,6,,66,48,663456.0,662517,663456.0,,,,1679,663456000	ID:6	[INFO: Metric    ] METRIC_TX type=REAL node=6 seq=66 bytes=48 time_ms=662517
RX,REAL,,6,66,48,663476.88,662973,663476.88,662517,662973,20.880000000004657,1680,663476880	ID:1	[INFO: Metric    ] METRIC_RX type=REAL src=6 seq=66 send_ms=662517 recv_ms=662973 bytes=48
TX,REAL,7,,64,48,664266.0,663947,664266.0,,,,1683,664266000	ID:7	[INFO: Metric    ] METRIC_TX type=REAL node=7 seq=64 bytes=48 time_ms=663947
RX,REAL,,7,64,48,664310.88,663807,664310.88,663947,663807,44.88000000000466,1684,664310880	ID:1	[INFO: Metric    ] METRIC_RX type=REAL src=7 seq=64 send_ms=663947 recv_ms=663807 bytes=48
TX,REAL,4,,62,48,664655.0,664362,664655.0,,,,1686,664655000	ID:4	[INFO: Metric    ] METRIC_TX type=REAL node=4 seq=62 bytes=48 time_ms=664362
TX,DUMMY,4,,17,48,664656.0,664363,664656.0,,,,1687,664656000	ID:4	[INFO: Metric    ] METRIC_TX type=DUMMY node=4 seq=17 bytes=48 time_ms=664363
RX,REAL,,4,62,48,664693.168,664190,664693.168,664362,664190,38.167999999946915,1688,664693168	ID:1	[INFO: Metric    ] METRIC_RX type=REAL src=4 seq=62 send_ms=664362 recv_ms=664190 bytes=48
RX,DUMMY,,4,17,48,664786.168,664283,664786.168,664363,664283,,1690,664786168	ID:1	[INFO: Metric    ] METRIC_RX type=DUMMY src=4 seq=17 send_ms=664363 recv_ms=664283 bytes=48
TX,REAL,3,,62,48,664992.0,664328,664992.0,,,,1692,664992000	ID:3	[INFO: Metric    ] METRIC_TX type=REAL node=3 seq=62 bytes=48 time_ms=664328
RX,REAL,,3,62,48,665051.168,664548,665051.168,664328,664548,59.167999999946915,1693,665051168	ID:1	[INFO: Metric    ] METRIC_RX type=REAL src=3 seq=62 send_ms=664328 recv_ms=664548 bytes=48
TX,REAL,5,,62,48,666403.0,666066,666403.0,,,,1695,666403000	ID:5	[INFO: Metric    ] METRIC_TX type=REAL node=5 seq=62 bytes=48 time_ms=666066
TX,DUMMY,5,,17,48,666404.0,666067,666404.0,,,,1696,666404000	ID:5	[INFO: Metric    ] METRIC_TX type=DUMMY node=5 seq=17 bytes=48 time_ms=666067
RX,REAL,,5,62,48,666451.168,665948,666451.168,666066,665948,48.167999999946915,1697,666451168	ID:1	[INFO: Metric    ] METRIC_RX type=REAL src=5 seq=62 send_ms=666066 recv_ms=665948 bytes=48
RX,DUMMY,,5,17,48,666506.592,666003,666506.592,666067,666003,,1699,666506592	ID:1	[INFO: Metric    ] METRIC_RX type=DUMMY src=5 seq=17 send_ms=666067 recv_ms=666003 bytes=48
TX,REAL,2,,64,48,669091.0,668228,669091.0,,,,1701,669091000	ID:2	[INFO: Metric    ] METRIC_TX type=REAL node=2 seq=64 bytes=48 time_ms=668228
TX,DUMMY,2,,19,48,669092.0,668229,669092.0,,,,1702,669092000	ID:2	[INFO: Metric    ] METRIC_TX type=DUMMY node=2 seq=19 bytes=48 time_ms=668229
RX,REAL,,2,64,48,669127.88,668624,669127.88,668228,668624,36.88000000000466,1703,669127880	ID:1	[INFO: Metric    ] METRIC_RX type=REAL src=2 seq=64 send_ms=668228 recv_ms=668624 bytes=48
RX,DUMMY,,2,19,48,669140.88,668637,669140.88,668229,668637,,1704,669140880	ID:1	[INFO: Metric    ] METRIC_RX type=DUMMY src=2 seq=19 send_ms=668229 recv_ms=668637 bytes=48
TX,REAL,7,,65,48,673267.0,672948,673267.0,,,,1707,673267000	ID:7	[INFO: Metric    ] METRIC_TX type=REAL node=7 seq=65 bytes=48 time_ms=672948
RX,REAL,,7,65,48,673282.88,672779,673282.88,672948,672779,15.880000000004657,1708,673282880	ID:1	[INFO: Metric    ] METRIC_RX type=REAL src=7 seq=65 send_ms=672948 recv_ms=672779 bytes=48
TX,REAL,6,,67,48,673457.0,672518,673457.0,,,,1710,673457000	ID:6	[INFO: Metric    ] METRIC_TX type=REAL node=6 seq=67 bytes=48 time_ms=672518
RX,REAL,,6,67,48,673462.88,672959,673462.88,672518,672959,5.880000000004657,1711,673462880	ID:1	[INFO: Metric    ] METRIC_RX type=REAL src=6 seq=67 send_ms=672518 recv_ms=672959 bytes=48
TX,REAL,5,,63,48,674405.0,674068,674405.0,,,,1714,674405000	ID:5	[INFO: Metric    ] METRIC_TX type=REAL node=5 seq=63 bytes=48 time_ms=674068
TX,DUMMY,5,,18,48,674406.0,674069,674406.0,,,,1715,674406000	ID:5	[INFO: Metric    ] METRIC_TX type=DUMMY node=5 seq=18 bytes=48 time_ms=674069
RX,REAL,,5,63,48,674454.168,673951,674454.168,674068,673951,49.167999999946915,1716,674454168	ID:1	[INFO: Metric    ] METRIC_RX type=REAL src=5 seq=63 send_ms=674068 recv_ms=673951 bytes=48
RX,DUMMY,,5,18,48,674488.168,673985,674488.168,674069,673985,,1717,674488168	ID:1	[INFO: Metric    ] METRIC_RX type=DUMMY src=5 seq=18 send_ms=674069 recv_ms=673985 bytes=48
TX,REAL,3,,63,48,674993.0,674329,674993.0,,,,1720,674993000	ID:3	[INFO: Metric    ] METRIC_TX type=REAL node=3 seq=63 bytes=48 time_ms=674329
RX,REAL,,3,63,48,675052.168,674549,675052.168,674329,674549,59.167999999946915,1721,675052168	ID:1	[INFO: Metric    ] METRIC_RX type=REAL src=3 seq=63 send_ms=674329 recv_ms=674549 bytes=48
TX,REAL,4,,63,48,675657.0,675364,675657.0,,,,1723,675657000	ID:4	[INFO: Metric    ] METRIC_TX type=REAL node=4 seq=63 bytes=48 time_ms=675364
TX,DUMMY,4,,18,48,675658.0,675365,675658.0,,,,1724,675658000	ID:4	[INFO: Metric    ] METRIC_TX type=DUMMY node=4 seq=18 bytes=48 time_ms=675365
RX,REAL,,4,63,48,675723.168,675220,675723.168,675364,675220,66.16799999994691,1725,675723168	ID:1	[INFO: Metric    ] METRIC_RX type=REAL src=4 seq=63 send_ms=675364 recv_ms=675220 bytes=48
RX,DUMMY,,4,18,48,675740.168,675237,675740.168,675365,675237,,1726,675740168	ID:1	[INFO: Metric    ] METRIC_RX type=DUMMY src=4 seq=18 send_ms=675365 recv_ms=675237 bytes=48
TX,REAL,2,,65,48,677093.0,676230,677093.0,,,,1729,677093000	ID:2	[INFO: Metric    ] METRIC_TX type=REAL node=2 seq=65 bytes=48 time_ms=676230
RX,REAL,,2,65,48,677122.88,676619,677122.88,676230,676619,29.880000000004657,1730,677122880	ID:1	[INFO: Metric    ] METRIC_RX type=REAL src=2 seq=65 send_ms=676230 recv_ms=676619 bytes=48
TX,REAL,7,,66,48,683268.0,682949,683268.0,,,,1732,683268000	ID:7	[INFO: Metric    ] METRIC_TX type=REAL node=7 seq=66 bytes=48 time_ms=682949
RX,REAL,,7,66,48,683307.88,682804,683307.88,682949,682804,39.88000000000466,1733,683307880	ID:1	[INFO: Metric    ] METRIC_RX type=REAL src=7 seq=66 send_ms=682949 recv_ms=682804 bytes=48
TX,REAL,5,,64,48,683407.0,683070,683407.0,,,,1735,683407000	ID:5	[INFO: Metric    ] METRIC_TX type=REAL node=5 seq=64 bytes=48 time_ms=683070
TX,DUMMY,5,,19,48,683408.0,683071,683408.0,,,,1736,683408000	ID:5	[INFO: Metric    ] METRIC_TX type=DUMMY node=5 seq=19 bytes=48 time_ms=683071
RX,REAL,,5,64,48,683450.168,682947,683450.168,683070,682947,43.167999999946915,1737,683450168	ID:1	[INFO: Metric    ] METRIC_RX type=REAL src=5 seq=64 send_ms=683070 recv_ms=682947 bytes=48
RX,DUMMY,,5,19,48,683510.592,683007,683510.592,683071,683007,,1739,683510592	ID:1	[INFO: Metric    ] METRIC_RX type=DUMMY src=5 seq=19 send_ms=683071 recv_ms=683007 bytes=48
TX,REAL,4,,64,48,683659.0,683366,683659.0,,,,1741,683659000	ID:4	[INFO: Metric    ] METRIC_TX type=REAL node=4 seq=64 bytes=48 time_ms=683366
RX,REAL,,4,64,48,683706.168,683203,683706.168,683366,683203,47.167999999946915,1742,683706168	ID:1	[INFO: Metric    ] METRIC_RX type=REAL src=4 seq=64 send_ms=683366 recv_ms=683203 bytes=48
TX,REAL,3,,64,48,683994.0,683330,683994.0,,,,1745,683994000	ID:3	[INFO: Metric    ] METRIC_TX type=REAL node=3 seq=64 bytes=48 time_ms=683330
TX,DUMMY,3,,16,48,683995.0,683331,683995.0,,,,1746,683995000	ID:3	[INFO: Metric    ] METRIC_TX type=DUMMY node=3 seq=16 bytes=48 time_ms=683331
RX,REAL,,3,64,48,684068.168,683565,684068.168,683330,683565,74.16799999994691,1747,684068168	ID:1	[INFO: Metric    ] METRIC_RX type=REAL src=3 seq=64 send_ms=683330 recv_ms=683565 bytes=48
RX,DUMMY,,3,16,48,684103.168,683600,684103.168,683331,683600,,1748,684103168	ID:1	[INFO: Metric    ] METRIC_RX type=DUMMY src=3 seq=16 send_ms=683331 recv_ms=683600 bytes=48
TX,REAL,6,,68,48,684458.0,683519,684458.0,,,,1751,684458000	ID:6	[INFO: Metric    ] METRIC_TX type=REAL node=6 seq=68 bytes=48 time_ms=683519
TX,DUMMY,6,,18,48,684459.0,683520,684459.0,,,,1752,684459000	ID:6	[INFO: Metric    ] METRIC_TX type=DUMMY node=6 seq=18 bytes=48 time_ms=683520
RX,REAL,,6,68,48,684468.88,683965,684468.88,683519,683965,10.880000000004657,1753,684468880	ID:1	[INFO: Metric    ] METRIC_RX type=REAL src=6 seq=68 send_ms=683519 recv_ms=683965 bytes=48
RX,DUMMY,,6,18,48,684511.88,684008,684511.88,683520,684008,,1755,684511880	ID:1	[INFO: Metric    ] METRIC_RX type=DUMMY src=6 seq=18 send_ms=683520 recv_ms=684008 bytes=48
TX,REAL,2,,66,48,689094.0,688231,689094.0,,,,1757,689094000	ID:2	[INFO: Metric    ] METRIC_TX type=REAL node=2 seq=66 bytes=48 time_ms=688231
RX,REAL,,2,66,48,689128.88,688625,689128.88,688231,688625,34.88000000000466,1758,689128880	ID:1	[INFO: Metric    ] METRIC_RX type=REAL src=2 seq=66 send_ms=688231 recv_ms=688625 bytes=48
TX,REAL,7,,67,48,691269.0,690950,691269.0,,,,1760,691269000	ID:7	[INFO: Metric    ] METRIC_TX type=REAL node=7 seq=67 bytes=48 time_ms=690950
TX,DUMMY,7,,22,48,691270.0,690951,691270.0,,,,1761,691270000	ID:7	[INFO: Metric    ] METRIC_TX type=DUMMY node=7 seq=22 bytes=48 time_ms=690951
RX,REAL,,7,67,48,691285.88,690782,691285.88,690950,690782,16.880000000004657,1762,691285880	ID:1	[INFO: Metric    ] METRIC_RX type=REAL src=7 seq=67 send_ms=690950 recv_ms=690782 bytes=48
RX,DUMMY,,7,22,48,691315.88,690812,691315.88,690951,690812,,1763,691315880	ID:1	[INFO: Metric    ] METRIC_RX type=DUMMY src=7 seq=22 send_ms=690951 recv_ms=690812 bytes=48
TX,REAL,4,,65,48,691660.0,691367,691660.0,,,,1766,691660000	ID:4	[INFO: Metric    ] METRIC_TX type=REAL node=4 seq=65 bytes=48 time_ms=691367
RX,REAL,,4,65,48,691713.168,691210,691713.168,691367,691210,53.167999999946915,1767,691713168	ID:1	[INFO: Metric    ] METRIC_RX type=REAL src=4 seq=65 send_ms=691367 recv_ms=691210 bytes=48
TX,REAL,5,,65,48,692409.0,692072,692409.0,,,,1769,692409000	ID:5	[INFO: Metric    ] METRIC_TX type=REAL node=5 seq=65 bytes=48 time_ms=692072
RX,REAL,,5,65,48,692447.168,691944,692447.168,692072,691944,38.167999999946915,1770,692447168	ID:1	[INFO: Metric    ] METRIC_RX type=REAL src=5 seq=65 send_ms=692072 recv_ms=691944 bytes=48
TX,REAL,6,,69,48,692460.0,691521,692460.0,,,,1771,692460000	ID:6	[INFO: Metric    ] METRIC_TX type=REAL node=6 seq=69 bytes=48 time_ms=691521
RX,REAL,,6,69,48,692482.88,691979,692482.88,691521,691979,22.880000000004657,1772,692482880	ID:1	[INFO: Metric    ] METRIC_RX type=REAL src=6 seq=69 send_ms=691521 recv_ms=691979 bytes=48
TX,REAL,3,,65,48,694996.0,694332,694996.0,,,,1776,694996000	ID:3	[INFO: Metric    ] METRIC_TX type=REAL node=3 seq=65 bytes=48 time_ms=694332
TX,DUMMY,3,,17,48,694997.0,694333,694997.0,,,,1777,694997000	ID:3	[INFO: Metric    ] METRIC_TX type=DUMMY node=3 seq=17 bytes=48 time_ms=694333
RX,REAL,,3,65,48,695057.168,694554,695057.168,694332,694554,61.167999999946915,1778,695057168	ID:1	[INFO: Metric    ] METRIC_RX type=REAL src=3 seq=65 send_ms=694332 recv_ms=694554 bytes=48
RX,DUMMY,,3,17,48,695107.168,694604,695107.168,694333,694604,,1779,695107168	ID:1	[INFO: Metric    ] METRIC_RX type=DUMMY src=3 seq=17 send_ms=694333 recv_ms=694604 bytes=48
TX,REAL,2,,67,48,697095.0,696232,697095.0,,,,1782,697095000	ID:2	[INFO: Metric    ] METRIC_TX type=REAL node=2 seq=67 bytes=48 time_ms=696232
RX,REAL,,2,67,48,697110.88,696607,697110.88,696232,696607,15.880000000004657,1783,697110880	ID:1	[INFO: Metric    ] METRIC_RX type=REAL src=2 seq=67 send_ms=696232 recv_ms=696607 bytes=48
TX,REAL,7,,68,48,699271.0,698952,699271.0,,,,1785,699271000	ID:7	[INFO: Metric    ] METRIC_TX type=REAL node=7 seq=68 bytes=48 time_ms=698952
TX,DUMMY,7,,23,48,699272.0,698953,699272.0,,,,1786,699272000	ID:7	[INFO: Metric    ] METRIC_TX type=DUMMY node=7 seq=23 bytes=48 time_ms=698953
RX,REAL,,7,68,48,699302.88,698799,699302.88,698952,698799,31.880000000004657,1787,699302880	ID:1	[INFO: Metric    ] METRIC_RX type=REAL src=7 seq=68 send_ms=698952 recv_ms=698799 bytes=48
RX,DUMMY,,7,23,48,699325.88,698822,699325.88,698953,698822,,1788,699325880	ID:1	[INFO: Metric    ] METRIC_RX type=DUMMY src=7 seq=23 send_ms=698953 recv_ms=698822 bytes=48
TX,REAL,4,,66,48,699661.0,699368,699661.0,,,,1791,699661000	ID:4	[INFO: Metric    ] METRIC_TX type=REAL node=4 seq=66 bytes=48 time_ms=699368
RX,REAL,,4,66,48,699734.168,699231,699734.168,699368,699231,73.16799999994691,1792,699734168	ID:1	[INFO: Metric    ] METRIC_RX type=REAL src=4 seq=66 send_ms=699368 recv_ms=699231 bytes=48
TX,REAL,5,,66,48,702410.0,702073,702410.0,,,,1794,702410000	ID:5	[INFO: Metric    ] METRIC_TX type=REAL node=5 seq=66 bytes=48 time_ms=702073
TX,REAL,6,,70,48,702461.0,701522,702461.0,,,,1797,702461000	ID:6	[INFO: Metric    ] METRIC_TX type=REAL node=6 seq=70 bytes=48 time_ms=701522
TX,DUMMY,6,,19,48,702462.0,701523,702462.0,,,,1798,702462000	ID:6	[INFO: Metric    ] METRIC_TX type=DUMMY node=6 seq=19 bytes=48 time_ms=701523
RX,REAL,,6,70,48,702466.784,701963,702466.784,701522,701963,5.783999999985099,1799,702466784	ID:1	[INFO: Metric    ] METRIC_RX type=REAL src=6 seq=70 send_ms=701522 recv_ms=701963 bytes=48
RX,REAL,,5,66,48,702470.952,701967,702470.952,702073,701967,60.95200000004843,1800,702470952	ID:1	[INFO: Metric    ] METRIC_RX type=REAL src=5 seq=66 send_ms=702073 recv_ms=701967 bytes=48
RX,DUMMY,,6,19,48,702552.88,702049,702552.88,701523,702049,,1803,702552880	ID:1	[INFO: Metric    ] METRIC_RX type=DUMMY src=6 seq=19 send_ms=701523 recv_ms=702049 bytes=48
TX,REAL,3,,66,48,702998.0,702334,702998.0,,,,1805,702998000	ID:3	[INFO: Metric    ] METRIC_TX type=REAL node=3 seq=66 bytes=48 time_ms=702334
TX,DUMMY,3,,18,48,702999.0,702335,702999.0,,,,1806,702999000	ID:3	[INFO: Metric    ] METRIC_TX type=DUMMY node=3 seq=18 bytes=48 time_ms=702335
RX,REAL,,3,66,48,703053.168,702550,703053.168,702334,702550,55.167999999946915,1807,703053168	ID:1	[INFO: Metric    ] METRIC_RX type=REAL src=3 seq=66 send_ms=702334 recv_ms=702550 bytes=48
RX,DUMMY,,3,18,48,703085.168,702582,703085.168,702335,702582,,1809,703085168	ID:1	[INFO: Metric    ] METRIC_RX type=DUMMY src=3 seq=18 send_ms=702335 recv_ms=702582 bytes=48
TX,REAL,2,,68,48,707096.0,706233,707096.0,,,,1812,707096000	ID:2	[INFO: Metric    ] METRIC_TX type=REAL node=2 seq=68 bytes=48 time_ms=706233
RX,REAL,,2,68,48,707126.88,706623,707126.88,706233,706623,30.880000000004657,1813,707126880	ID:1	[INFO: Metric    ] METRIC_RX type=REAL src=2 seq=68 send_ms=706233 recv_ms=706623 bytes=48
TX,REAL,7,,69,48,708273.0,707954,708273.0,,,,1815,708273000	ID:7	[INFO: Metric    ] METRIC_TX type=REAL node=7 seq=69 bytes=48 time_ms=707954
RX,REAL,,7,69,48,708309.88,707806,708309.88,707954,707806,36.88000000000466,1816,708309880	ID:1	[INFO: Metric    ] METRIC_RX type=REAL src=7 seq=69 send_ms=707954 recv_ms=707806 bytes=48
TX,REAL,5,,67,48,710411.0,710074,710411.0,,,,1818,710411000	ID:5	[INFO: Metric    ] METRIC_TX type=REAL node=5 seq=67 bytes=48 time_ms=710074
RX,REAL,,5,67,48,710446.168,709943,710446.168,710074,709943,35.167999999946915,1819,710446168	ID:1	[INFO: Metric    ] METRIC_RX type=REAL src=5 seq=67 send_ms=710074 recv_ms=709943 bytes=48
TX,REAL,4,,67,48,710662.0,710369,710662.0,,,,1821,710662000	ID:4	[INFO: Metric    ] METRIC_TX type=REAL node=4 seq=67 bytes=48 time_ms=710369
RX,REAL,,4,67,48,710717.168,710214,710717.168,710369,710214,55.167999999946915,1822,710717168	ID:1	[INFO: Metric    ] METRIC_RX type=REAL src=4 seq=67 send_ms=710369 recv_ms=710214 bytes=48
TX,REAL,3,,67,48,711000.0,710336,711000.0,,,,1824,711000000	ID:3	[INFO: Metric    ] METRIC_TX type=REAL node=3 seq=67 bytes=48 time_ms=710336
RX,REAL,,3,67,48,711088.168,710585,711088.168,710336,710585,88.16799999994691,1825,711088168	ID:1	[INFO: Metric    ] METRIC_RX type=REAL src=3 seq=67 send_ms=710336 recv_ms=710585 bytes=48
TX,REAL,6,,71,48,712463.0,711524,712463.0,,,,1827,712463000	ID:6	[INFO: Metric    ] METRIC_TX type=REAL node=6 seq=71 bytes=48 time_ms=711524
TX,DUMMY,6,,20,48,712464.0,711525,712464.0,,,,1828,712464000	ID:6	[INFO: Metric    ] METRIC_TX type=DUMMY node=6 seq=20 bytes=48 time_ms=711525
RX,REAL,,6,71,48,712502.88,711999,712502.88,711524,711999,39.88000000000466,1829,712502880	ID:1	[INFO: Metric    ] METRIC_RX type=REAL src=6 seq=71 send_ms=711524 recv_ms=711999 bytes=48
RX,DUMMY,,6,20,48,712521.88,712018,712521.88,711525,712018,,1830,712521880	ID:1	[INFO: Metric    ] METRIC_RX type=DUMMY src=6 seq=20 send_ms=711525 recv_ms=712018 bytes=48
TX,REAL,2,,69,48,719097.0,718234,719097.0,,,,1833,719097000	ID:2	[INFO: Metric    ] METRIC_TX type=REAL node=2 seq=69 bytes=48 time_ms=718234
RX,REAL,,2,69,48,719118.88,718615,719118.88,718234,718615,21.880000000004657,1834,719118880	ID:1	[INFO: Metric    ] METRIC_RX type=REAL src=2 seq=69 send_ms=718234 recv_ms=718615 bytes=48
TX,REAL,7,,70,48,719274.0,718955,719274.0,,,,1838,719274000	ID:7	[INFO: Metric    ] METRIC_TX type=REAL node=7 seq=70 bytes=48 time_ms=718955
RX,REAL,,7,70,48,719312.88,718809,719312.88,718955,718809,38.88000000000466,1839,719312880	ID:1	[INFO: Metric    ] METRIC_RX type=REAL src=7 seq=70 send_ms=718955 recv_ms=718809 bytes=48
TX,REAL,4,,68,48,719663.0,719370,719663.0,,,,1842,719663000	ID:4	[INFO: Metric    ] METRIC_TX type=REAL node=4 seq=68 bytes=48 time_ms=719370
RX,REAL,,4,68,48,719730.168,719227,719730.168,719370,719227,67.16799999994691,1843,719730168	ID:1	[INFO: Metric    ] METRIC_RX type=REAL src=4 seq=68 send_ms=719370 recv_ms=719227 bytes=48
TX,REAL,5,,68,48,720412.0,720075,720412.0,,,,1845,720412000	ID:5	[INFO: Metric    ] METRIC_TX type=REAL node=5 seq=68 bytes=48 time_ms=720075
RX,REAL,,5,68,48,720483.168,719980,720483.168,720075,719980,71.16799999994691,1846,720483168	ID:1	[INFO: Metric    ] METRIC_RX type=REAL src=5 seq=68 send_ms=720075 recv_ms=719980 bytes=48
TX,REAL,3,,68,48,723001.0,722337,723001.0,,,,1848,723001000	ID:3	[INFO: Metric    ] METRIC_TX type=REAL node=3 seq=68 bytes=48 time_ms=722337
RX,REAL,,3,68,48,723041.168,722538,723041.168,722337,722538,40.167999999946915,1849,723041168	ID:1	[INFO: Metric    ] METRIC_RX type=REAL src=3 seq=68 send_ms=722337 recv_ms=722538 bytes=48
TX,REAL,6,,72,48,724465.0,723526,724465.0,,,,1851,724465000	ID:6	[INFO: Metric    ] METRIC_TX type=REAL node=6 seq=72 bytes=48 time_ms=723526
RX,REAL,,6,72,48,724494.88,723991,724494.88,723526,723991,29.880000000004657,1852,724494880	ID:1	[INFO: Metric    ] METRIC_RX type=REAL src=6 seq=72 send_ms=723526 recv_ms=723991 bytes=48
TX,REAL,4,,69,48,728664.0,728371,728664.0,,,,1854,728664000	ID:4	[INFO: Metric    ] METRIC_TX type=REAL node=4 seq=69 bytes=48 time_ms=728371
RX,REAL,,4,69,48,728711.168,728208,728711.168,728371,728208,47.167999999946915,1855,728711168	ID:1	[INFO: Metric    ] METRIC_RX type=REAL src=4 seq=69 send_ms=728371 recv_ms=728208 bytes=48
TX,REAL,2,,70,48,729098.0,728235,729098.0,,,,1859,729098000	ID:2	[INFO: Metric    ] METRIC_TX type=REAL node=2 seq=70 bytes=48 time_ms=728235
RX,REAL,,2,70,48,729139.88,728636,729139.88,728235,728636,41.88000000000466,1860,729139880	ID:1	[INFO: Metric    ] METRIC_RX type=REAL src=2 seq=70 send_ms=728235 recv_ms=728636 bytes=48
TX,REAL,7,,71,48,730275.0,729956,730275.0,,,,1862,730275000	ID:7	[INFO: Metric    ] METRIC_TX type=REAL node=7 seq=71 bytes=48 time_ms=729956
TX,DUMMY,7,,24,48,730276.0,729957,730276.0,,,,1863,730276000	ID:7	[INFO: Metric    ] METRIC_TX type=DUMMY node=7 seq=24 bytes=48 time_ms=729957
RX,REAL,,7,71,48,730302.88,729799,730302.88,729956,729799,27.880000000004657,1864,730302880	ID:1	[INFO: Metric    ] METRIC_RX type=REAL src=7 seq=71 send_ms=729956 recv_ms=729799 bytes=48
RX,DUMMY,,7,24,48,730345.88,729842,730345.88,729957,729842,,1866,730345880	ID:1	[INFO: Metric    ] METRIC_RX type=DUMMY src=7 seq=24 send_ms=729957 recv_ms=729842 bytes=48
TX,REAL,5,,69,48,732413.0,732076,732413.0,,,,1868,732413000	ID:5	[INFO: Metric    ] METRIC_TX type=REAL node=5 seq=69 bytes=48 time_ms=732076
RX,REAL,,5,69,48,732460.168,731957,732460.168,732076,731957,47.167999999946915,1869,732460168	ID:1	[INFO: Metric    ] METRIC_RX type=REAL src=5 seq=69 send_ms=732076 recv_ms=731957 bytes=48
TX,REAL,3,,69,48,734002.0,733338,734002.0,,,,1871,734002000	ID:3	[INFO: Metric    ] METRIC_TX type=REAL node=3 seq=69 bytes=48 time_ms=733338
RX,REAL,,3,69,48,734073.168,733570,734073.168,733338,733570,71.16799999994691,1872,734073168	ID:1	[INFO: Metric    ] METRIC_RX type=REAL src=3 seq=69 send_ms=733338 recv_ms=733570 bytes=48
TX,REAL,6,,73,48,734466.0,733527,734466.0,,,,1875,734466000	ID:6	[INFO: Metric    ] METRIC_TX type=REAL node=6 seq=73 bytes=48 time_ms=733527
TX,DUMMY,6,,21,48,734467.0,733528,734467.0,,,,1876,734467000	ID:6	[INFO: Metric    ] METRIC_TX type=DUMMY node=6 seq=21 bytes=48 time_ms=733528
RX,REAL,,6,73,48,734472.88,733969,734472.88,733527,733969,6.880000000004657,1877,734472880	ID:1	[INFO: Metric    ] METRIC_RX type=REAL src=6 seq=73 send_ms=733527 recv_ms=733969 bytes=48
RX,DUMMY,,6,21,48,734491.88,733988,734491.88,733528,733988,,1878,734491880	ID:1	[INFO: Metric    ] METRIC_RX type=DUMMY src=6 seq=21 send_ms=733528 recv_ms=733988 bytes=48
TX,REAL,2,,71,48,738099.0,737236,738099.0,,,,1881,738099000	ID:2	[INFO: Metric    ] METRIC_TX type=REAL node=2 seq=71 bytes=48 time_ms=737236
RX,REAL,,2,71,48,738135.88,737632,738135.88,737236,737632,36.88000000000466,1882,738135880	ID:1	[INFO: Metric    ] METRIC_RX type=REAL src=2 seq=71 send_ms=737236 recv_ms=737632 bytes=48
TX,REAL,7,,72,48,739277.0,738958,739277.0,,,,1884,739277000	ID:7	[INFO: Metric    ] METRIC_TX type=REAL node=7 seq=72 bytes=48 time_ms=738958
RX,REAL,,7,72,48,739316.88,738813,739316.88,738958,738813,39.88000000000466,1885,739316880	ID:1	[INFO: Metric    ] METRIC_RX type=REAL src=7 seq=72 send_ms=738958 recv_ms=738813 bytes=48
TX,REAL,4,,70,48,740665.0,740372,740665.0,,,,1889,740665000	ID:4	[INFO: Metric    ] METRIC_TX type=REAL node=4 seq=70 bytes=48 time_ms=740372
TX,DUMMY,4,,19,48,740666.0,740373,740666.0,,,,1890,740666000	ID:4	[INFO: Metric    ] METRIC_TX type=DUMMY node=4 seq=19 bytes=48 time_ms=740373
RX,REAL,,4,70,48,740730.168,740227,740730.168,740372,740227,65.16799999994691,1891,740730168	ID:1	[INFO: Metric    ] METRIC_RX type=REAL src=4 seq=70 send_ms=740372 recv_ms=740227 bytes=48
RX,DUMMY,,4,19,48,740776.168,740273,740776.168,740373,740273,,1892,740776168	ID:1	[INFO: Metric    ] METRIC_RX type=DUMMY src=4 seq=19 send_ms=740373 recv_ms=740273 bytes=48
TX,REAL,5,,70,48,742414.0,742077,742414.0,,,,1897,742414000	ID:5	[INFO: Metric    ] METRIC_TX type=REAL node=5 seq=70 bytes=48 time_ms=742077
RX,REAL,,5,70,48,742467.168,741964,742467.168,742077,741964,53.167999999946915,1898,742467168	ID:1	[INFO: Metric    ] METRIC_RX type=REAL src=5 seq=70 send_ms=742077 recv_ms=741964 bytes=48
TX,REAL,6,,74,48,743468.0,742529,743468.0,,,,1900,743468000	ID:6	[INFO: Metric    ] METRIC_TX type=REAL node=6 seq=74 bytes=48 time_ms=742529
RX,REAL,,6,74,48,743484.88,742981,743484.88,742529,742981,16.880000000004657,1901,743484880	ID:1	[INFO: Metric    ] METRIC_RX type=REAL src=6 seq=74 send_ms=742529 recv_ms=742981 bytes=48
TX,REAL,3,,70,48,746003.0,745339,746003.0,,,,1905,746003000	ID:3	[INFO: Metric    ] METRIC_TX type=REAL node=3 seq=70 bytes=48 time_ms=745339
RX,REAL,,3,70,48,746059.168,745556,746059.168,745339,745556,56.167999999946915,1906,746059168	ID:1	[INFO: Metric    ] METRIC_RX type=REAL src=3 seq=70 send_ms=745339 recv_ms=745556 bytes=48
TX,REAL,7,,73,48,747278.0,746959,747278.0,,,,1908,747278000	ID:7	[INFO: Metric    ] METRIC_TX type=REAL node=7 seq=73 bytes=48 time_ms=746959
RX,REAL,,7,73,48,747320.88,746817,747320.88,746959,746817,42.88000000000466,1909,747320880	ID:1	[INFO: Metric    ] METRIC_RX type=REAL src=7 seq=73 send_ms=746959 recv_ms=746817 bytes=48
TX,REAL,4,,71,48,748667.0,748374,748667.0,,,,1912,748667000	ID:4	[INFO: Metric    ] METRIC_TX type=REAL node=4 seq=71 bytes=48 time_ms=748374
RX,REAL,,4,71,48,748717.168,748214,748717.168,748374,748214,50.167999999946915,1913,748717168	ID:1	[INFO: Metric    ] METRIC_RX type=REAL src=4 seq=71 send_ms=748374 recv_ms=748214 bytes=48
TX,REAL,2,,72,48,749100.0,748237,749100.0,,,,1915,749100000	ID:2	[INFO: Metric    ] METRIC_TX type=REAL node=2 seq=72 bytes=48 time_ms=748237
RX,REAL,,2,72,48,749113.88,748610,749113.88,748237,748610,13.880000000004657,1916,749113880	ID:1	[INFO: Metric    ] METRIC_RX type=REAL src=2 seq=72 send_ms=748237 recv_ms=748610 bytes=48
TX,REAL,5,,71,48,750415.0,750078,750415.0,,,,1918,750415000	ID:5	[INFO: Metric    ] METRIC_TX type=REAL node=5 seq=71 bytes=48 time_ms=750078
RX,REAL,,5,71,48,750507.168,750004,750507.168,750078,750004,92.16799999994691,1919,750507168	ID:1	[INFO: Metric    ] METRIC_RX type=REAL src=5 seq=71 send_ms=750078 recv_ms=750004 bytes=48
TX,REAL,6,,75,48,754469.0,753530,754469.0,,,,1921,754469000	ID:6	[INFO: Metric    ] METRIC_TX type=REAL node=6 seq=75 bytes=48 time_ms=753530
RX,REAL,,6,75,48,754506.88,754003,754506.88,753530,754003,37.88000000000466,1922,754506880	ID:1	[INFO: Metric    ] METRIC_RX type=REAL src=6 seq=75 send_ms=753530 recv_ms=754003 bytes=48
TX,REAL,7,,74,48,756279.0,755960,756279.0,,,,1924,756279000	ID:7	[INFO: Metric    ] METRIC_TX type=REAL node=7 seq=74 bytes=48 time_ms=755960
RX,REAL,,7,74,48,756290.88,755787,756290.88,755960,755787,11.880000000004657,1925,756290880	ID:1	[INFO: Metric    ] METRIC_RX type=REAL src=7 seq=74 send_ms=755960 recv_ms=755787 bytes=48
TX,REAL,3,,71,48,758004.0,757340,758004.0,,,,1927,758004000	ID:3	[INFO: Metric    ] METRIC_TX type=REAL node=3 seq=71 bytes=48 time_ms=757340
RX,REAL,,3,71,48,758054.168,757551,758054.168,757340,757551,50.167999999946915,1928,758054168	ID:1	[INFO: Metric    ] METRIC_RX type=REAL src=3 seq=71 send_ms=757340 recv_ms=757551 bytes=48
TX,REAL,2,,73,48,758101.0,757238,758101.0,,,,1929,758101000	ID:2	[INFO: Metric    ] METRIC_TX type=REAL node=2 seq=73 bytes=48 time_ms=757238
RX,REAL,,2,73,48,758144.88,757641,758144.88,757238,757641,43.88000000000466,1931,758144880	ID:1	[INFO: Metric    ] METRIC_RX type=REAL src=2 seq=73 send_ms=757238 recv_ms=757641 bytes=48
TX,REAL,5,,72,48,758416.0,758079,758416.0,,,,1933,758416000	ID:5	[INFO: Metric    ] METRIC_TX type=REAL node=5 seq=72 bytes=48 time_ms=758079
RX,REAL,,5,72,48,758460.168,757957,758460.168,758079,757957,44.167999999946915,1934,758460168	ID:1	[INFO: Metric    ] METRIC_RX type=REAL src=5 seq=72 send_ms=758079 recv_ms=757957 bytes=48
TX,REAL,4,,72,48,759668.0,759375,759668.0,,,,1936,759668000	ID:4	[INFO: Metric    ] METRIC_TX type=REAL node=4 seq=72 bytes=48 time_ms=759375
RX,REAL,,4,72,48,759726.168,759223,759726.168,759375,759223,58.167999999946915,1937,759726168	ID:1	[INFO: Metric    ] METRIC_RX type=REAL src=4 seq=72 send_ms=759375 recv_ms=759223 bytes=48
TX,REAL,6,,76,48,763470.0,762531,763470.0,,,,1939,763470000	ID:6	[INFO: Metric    ] METRIC_TX type=REAL node=6 seq=76 bytes=48 time_ms=762531
TX,DUMMY,6,,22,48,763471.0,762532,763471.0,,,,1940,763471000	ID:6	[INFO: Metric    ] METRIC_TX type=DUMMY node=6 seq=22 bytes=48 time_ms=762532
RX,REAL,,6,76,48,763514.88,763011,763514.88,762531,763011,44.88000000000466,1941,763514880	ID:1	[INFO: Metric    ] METRIC_RX type=REAL src=6 seq=76 send_ms=762531 recv_ms=763011 bytes=48
RX,DUMMY,,6,22,48,763543.88,763040,763543.88,762532,763040,,1943,763543880	ID:1	[INFO: Metric    ] METRIC_RX type=DUMMY src=6 seq=22 send_ms=762532 recv_ms=763040 bytes=48
TX,REAL,5,,73,48,766417.0,766080,766417.0,,,,1946,766417000	ID:5	[INFO: Metric    ] METRIC_TX type=REAL node=5 seq=73 bytes=48 time_ms=766080
TX,DUMMY,5,,20,48,766418.0,766081,766418.0,,,,1947,766418000	ID:5	[INFO: Metric    ] METRIC_TX type=DUMMY node=5 seq=20 bytes=48 time_ms=766081
RX,REAL,,5,73,48,766465.168,765962,766465.168,766080,765962,48.167999999946915,1948,766465168	ID:1	[INFO: Metric    ] METRIC_RX type=REAL src=5 seq=73 send_ms=766080 recv_ms=765962 bytes=48
RX,DUMMY,,5,20,48,766530.592,766027,766530.592,766081,766027,,1950,766530592	ID:1	[INFO: Metric    ] METRIC_RX type=DUMMY src=5 seq=20 send_ms=766081 recv_ms=766027 bytes=48
TX,REAL,7,,75,48,767280.0,766961,767280.0,,,,1952,767280000	ID:7	[INFO: Metric    ] METRIC_TX type=REAL node=7 seq=75 bytes=48 time_ms=766961
RX,REAL,,7,75,48,767324.88,766821,767324.88,766961,766821,44.88000000000466,1953,767324880	ID:1	[INFO: Metric    ] METRIC_RX type=REAL src=7 seq=75 send_ms=766961 recv_ms=766821 bytes=48
TX,REAL,2,,74,48,768102.0,767239,768102.0,,,,1955,768102000	ID:2	[INFO: Metric    ] METRIC_TX type=REAL node=2 seq=74 bytes=48 time_ms=767239
RX,REAL,,2,74,48,768127.88,767624,768127.88,767239,767624,25.880000000004657,1956,768127880	ID:1	[INFO: Metric    ] METRIC_RX type=REAL src=2 seq=74 send_ms=767239 recv_ms=767624 bytes=48
TX,REAL,3,,72,48,769005.0,768341,769005.0,,,,1958,769005000	ID:3	[INFO: Metric    ] METRIC_TX type=REAL node=3 seq=72 bytes=48 time_ms=768341
TX,DUMMY,3,,19,48,769006.0,768342,769006.0,,,,1959,769006000	ID:3	[INFO: Metric    ] METRIC_TX type=DUMMY node=3 seq=19 bytes=48 time_ms=768342
RX,REAL,,3,72,48,769046.168,768543,769046.168,768341,768543,41.167999999946915,1960,769046168	ID:1	[INFO: Metric    ] METRIC_RX type=REAL src=3 seq=72 send_ms=768341 recv_ms=768543 bytes=48
RX,DUMMY,,3,19,48,769100.168,768597,769100.168,768342,768597,,1962,769100168	ID:1	[INFO: Metric    ] METRIC_RX type=DUMMY src=3 seq=19 send_ms=768342 recv_ms=768597 bytes=48
TX,REAL,4,,73,48,769669.0,769376,769669.0,,,,1964,769669000	ID:4	[INFO: Metric    ] METRIC_TX type=REAL node=4 seq=73 bytes=48 time_ms=769376
RX,REAL,,4,73,48,769742.168,769239,769742.168,769376,769239,73.16799999994691,1965,769742168	ID:1	[INFO: Metric    ] METRIC_RX type=REAL src=4 seq=73 send_ms=769376 recv_ms=769239 bytes=48
TX,REAL,6,,77,48,775472.0,774533,775472.0,,,,1967,775472000	ID:6	[INFO: Metric    ] METRIC_TX type=REAL node=6 seq=77 bytes=48 time_ms=774533
RX,REAL,,6,77,48,775478.88,774975,775478.88,774533,774975,6.880000000004657,1968,775478880	ID:1	[INFO: Metric    ] METRIC_RX type=REAL src=6 seq=77 send_ms=774533 recv_ms=774975 bytes=48
TX,REAL,2,,75,48,776103.0,775240,776103.0,,,,1970,776103000	ID:2	[INFO: Metric    ] METRIC_TX type=REAL node=2 seq=75 bytes=48 time_ms=775240
RX,REAL,,2,75,48,776111.88,775608,776111.88,775240,775608,8.880000000004657,1971,776111880	ID:1	[INFO: Metric    ] METRIC_RX type=REAL src=2 seq=75 send_ms=775240 recv_ms=775608 bytes=48
TX,REAL,5,,74,48,777419.0,777082,777419.0,,,,1974,777419000	ID:5	[INFO: Metric    ] METRIC_TX type=REAL node=5 seq=74 bytes=48 time_ms=777082
RX,REAL,,5,74,48,777478.168,776975,777478.168,777082,776975,59.167999999946915,1975,777478168	ID:1	[INFO: Metric    ] METRIC_RX type=REAL src=5 seq=74 send_ms=777082 recv_ms=776975 bytes=48
TX,REAL,7,,76,48,778281.0,777962,778281.0,,,,1977,778281000	ID:7	[INFO: Metric    ] METRIC_TX type=REAL node=7 seq=76 bytes=48 time_ms=777962
RX,REAL,,7,76,48,778311.88,777808,778311.88,777962,777808,30.880000000004657,1978,778311880	ID:1	[INFO: Metric    ] METRIC_RX type=REAL src=7 seq=76 send_ms=777962 recv_ms=777808 bytes=48
TX,REAL,3,,73,48,779007.0,778343,779007.0,,,,1980,779007000	ID:3	[INFO: Metric    ] METRIC_TX type=REAL node=3 seq=73 bytes=48 time_ms=778343
RX,REAL,,3,73,48,779035.168,778532,779035.168,778343,778532,28.167999999946915,1981,779035168	ID:1	[INFO: Metric    ] METRIC_RX type=REAL src=3 seq=73 send_ms=778343 recv_ms=778532 bytes=48
TX,REAL,4,,74,48,781670.0,781377,781670.0,,,,1983,781670000	ID:4	[INFO: Metric    ] METRIC_TX type=REAL node=4 seq=74 bytes=48 time_ms=781377
TX,DUMMY,4,,20,48,781671.0,781378,781671.0,,,,1984,781671000	ID:4	[INFO: Metric    ] METRIC_TX type=DUMMY node=4 seq=20 bytes=48 time_ms=781378
RX,REAL,,4,74,48,781739.168,781236,781739.168,781377,781236,69.16799999994691,1985,781739168	ID:1	[INFO: Metric    ] METRIC_RX type=REAL src=4 seq=74 send_ms=781377 recv_ms=781236 bytes=48
RX,DUMMY,,4,20,48,781758.344,781255,781758.344,781378,781255,,1986,781758344	ID:1	[INFO: Metric    ] METRIC_RX type=DUMMY src=4 seq=20 send_ms=781378 recv_ms=781255 bytes=48
TX,REAL,6,,78,48,784473.0,783534,784473.0,,,,1989,784473000	ID:6	[INFO: Metric    ] METRIC_TX type=REAL node=6 seq=78 bytes=48 time_ms=783534
RX,REAL,,6,78,48,784479.88,783976,784479.88,783534,783976,6.880000000004657,1990,784479880	ID:1	[INFO: Metric    ] METRIC_RX type=REAL src=6 seq=78 send_ms=783534 recv_ms=783976 bytes=48
TX,REAL,2,,76,48,787104.0,786241,787104.0,,,,1992,787104000	ID:2	[INFO: Metric    ] METRIC_TX type=REAL node=2 seq=76 bytes=48 time_ms=786241
RX,REAL,,2,76,48,787130.88,786627,787130.88,786241,786627,26.880000000004657,1993,787130880	ID:1	[INFO: Metric    ] METRIC_RX type=REAL src=2 seq=76 send_ms=786241 recv_ms=786627 bytes=48
TX,REAL,5,,75,48,787420.0,787083,787420.0,,,,1995,787420000	ID:5	[INFO: Metric    ] METRIC_TX type=REAL node=5 seq=75 bytes=48 time_ms=787083
TX,DUMMY,5,,21,48,787421.0,787084,787421.0,,,,1996,787421000	ID:5	[INFO: Metric    ] METRIC_TX type=DUMMY node=5 seq=21 bytes=48 time_ms=787084
RX,REAL,,5,75,48,787505.168,787002,787505.168,787083,787002,85.16799999994691,1997,787505168	ID:1	[INFO: Metric    ] METRIC_RX type=REAL src=5 seq=75 send_ms=787083 recv_ms=787002 bytes=48
RX,DUMMY,,5,21,48,787517.168,787014,787517.168,787084,787014,,1998,787517168	ID:1	[INFO: Metric    ] METRIC_RX type=DUMMY src=5 seq=21 send_ms=787084 recv_ms=787014 bytes=48
TX,REAL,7,,77,48,788282.0,787963,788282.0,,,,2001,788282000	ID:7	[INFO: Metric    ] METRIC_TX type=REAL node=7 seq=77 bytes=48 time_ms=787963
RX,REAL,,7,77,48,788322.88,787819,788322.88,787963,787819,40.88000000000466,2002,788322880	ID:1	[INFO: Metric    ] METRIC_RX type=REAL src=7 seq=77 send_ms=787963 recv_ms=787819 bytes=48
TX,REAL,3,,74,48,789008.0,788344,789008.0,,,,2005,789008000	ID:3	[INFO: Metric    ] METRIC_TX type=REAL node=3 seq=74 bytes=48 time_ms=788344
RX,REAL,,3,74,48,789080.168,788577,789080.168,788344,788577,72.16799999994691,2006,789080168	ID:1	[INFO: Metric    ] METRIC_RX type=REAL src=3 seq=74 send_ms=788344 recv_ms=788577 bytes=48
TX,REAL,4,,75,48,789672.0,789379,789672.0,,,,2008,789672000	ID:4	[INFO: Metric    ] METRIC_TX type=REAL node=4 seq=75 bytes=48 time_ms=789379
RX,REAL,,4,75,48,789715.168,789212,789715.168,789379,789212,43.167999999946915,2009,789715168	ID:1	[INFO: Metric    ] METRIC_RX type=REAL src=4 seq=75 send_ms=789379 recv_ms=789212 bytes=48
TX,REAL,6,,79,48,793474.0,792535,793474.0,,,,2011,793474000	ID:6	[INFO: Metric    ] METRIC_TX type=REAL node=6 seq=79 bytes=48 time_ms=792535
RX,REAL,,6,79,48,793487.88,792984,793487.88,792535,792984,13.880000000004657,2012,793487880	ID:1	[INFO: Metric    ] METRIC_RX type=REAL src=6 seq=79 send_ms=792535 recv_ms=792984 bytes=48
TX,REAL,5,,76,48,795422.0,795085,795422.0,,,,2014,795422000	ID:5	[INFO: Metric    ] METRIC_TX type=REAL node=5 seq=76 bytes=48 time_ms=795085
RX,REAL,,5,76,48,795503.168,795000,795503.168,795085,795000,81.16799999994691,2015,795503168	ID:1	[INFO: Metric    ] METRIC_RX type=REAL src=5 seq=76 send_ms=795085 recv_ms=795000 bytes=48
TX,REAL,2,,77,48,796105.0,795242,796105.0,,,,2017,796105000	ID:2	[INFO: Metric    ] METRIC_TX type=REAL node=2 seq=77 bytes=48 time_ms=795242
TX,DUMMY,2,,20,48,796106.0,795243,796106.0,,,,2018,796106000	ID:2	[INFO: Metric    ] METRIC_TX type=DUMMY node=2 seq=20 bytes=48 time_ms=795243
RX,REAL,,2,77,48,796112.88,795609,796112.88,795242,795609,7.880000000004657,2019,796112880	ID:1	[INFO: Metric    ] METRIC_RX type=REAL src=2 seq=77 send_ms=795242 recv_ms=795609 bytes=48
RX,DUMMY,,2,20,48,796118.88,795615,796118.88,795243,795615,,2020,796118880	ID:1	[INFO: Metric    ] METRIC_RX type=DUMMY src=2 seq=20 send_ms=795243 recv_ms=795615 bytes=48
TX,REAL,7,,78,48,797283.0,796964,797283.0,,,,2023,797283000	ID:7	[INFO: Metric    ] METRIC_TX type=REAL node=7 seq=78 bytes=48 time_ms=796964
RX,REAL,,7,78,48,797311.88,796808,797311.88,796964,796808,28.880000000004657,2024,797311880	ID:1	[INFO: Metric    ] METRIC_RX type=REAL src=7 seq=78 send_ms=796964 recv_ms=796808 bytes=48
TX,REAL,3,,75,48,799009.0,798345,799009.0,,,,2026,799009000	ID:3	[INFO: Metric    ] METRIC_TX type=REAL node=3 seq=75 bytes=48 time_ms=798345
TX,DUMMY,3,,20,48,799010.0,798346,799010.0,,,,2027,799010000	ID:3	[INFO: Metric    ] METRIC_TX type=DUMMY node=3 seq=20 bytes=48 time_ms=798346
RX,REAL,,3,75,48,799058.168,798555,799058.168,798345,798555,49.167999999946915,2028,799058168	ID:1	[INFO: Metric    ] METRIC_RX type=REAL src=3 seq=75 send_ms=798345 recv_ms=798555 bytes=48
RX,DUMMY,,3,20,48,799081.168,798578,799081.168,798346,798578,,2029,799081168	ID:1	[INFO: Metric    ] METRIC_RX type=DUMMY src=3 seq=20 send_ms=798346 recv_ms=798578 bytes=48
TX,REAL,6,,80,48,801475.0,800536,801475.0,,,,2034,801475000	ID:6	[INFO: Metric    ] METRIC_TX type=REAL node=6 seq=80 bytes=48 time_ms=800536
RX,REAL,,6,80,48,801487.88,800984,801487.88,800536,800984,12.880000000004657,2035,801487880	ID:1	[INFO: Metric    ] METRIC_RX type=REAL src=6 seq=80 send_ms=800536 recv_ms=800984 bytes=48
TX,REAL,4,,76,48,801673.0,801380,801673.0,,,,2038,801673000	ID:4	[INFO: Metric    ] METRIC_TX type=REAL node=4 seq=76 bytes=48 time_ms=801380
RX,REAL,,4,76,48,801708.168,801205,801708.168,801380,801205,35.167999999946915,2039,801708168	ID:1	[INFO: Metric    ] METRIC_RX type=REAL src=4 seq=76 send_ms=801380 recv_ms=801205 bytes=48
TX,REAL,5,,77,48,807423.0,807086,807423.0,,,,2041,807423000	ID:5	[INFO: Metric    ] METRIC_TX type=REAL node=5 seq=77 bytes=48 time_ms=807086
RX,REAL,,5,77,48,807451.168,806948,807451.168,807086,806948,28.167999999946915,2042,807451168	ID:1	[INFO: Metric    ] METRIC_RX type=REAL src=5 seq=77 send_ms=807086 recv_ms=806948 bytes=48
TX,REAL,3,,76,48,808011.0,807347,808011.0,,,,2044,808011000	ID:3	[INFO: Metric    ] METRIC_TX type=REAL node=3 seq=76 bytes=48 time_ms=807347
RX,REAL,,3,76,48,808062.168,807559,808062.168,807347,807559,51.167999999946915,2045,808062168	ID:1	[INFO: Metric    ] METRIC_RX type=REAL src=3 seq=76 send_ms=807347 recv_ms=807559 bytes=48
TX,REAL,2,,78,48,808107.0,807244,808107.0,,,,2046,808107000	ID:2	[INFO: Metric    ] METRIC_TX type=REAL node=2 seq=78 bytes=48 time_ms=807244
RX,REAL,,2,78,48,808116.88,807613,808116.88,807244,807613,9.880000000004657,2047,808116880	ID:1	[INFO: Metric    ] METRIC_RX type=REAL src=2 seq=78 send_ms=807244 recv_ms=807613 bytes=48
TX,REAL,7,,79,48,809284.0,808965,809284.0,,,,2050,809284000	ID:7	[INFO: Metric    ] METRIC_TX type=REAL node=7 seq=79 bytes=48 time_ms=808965
RX,REAL,,7,79,48,809308.88,808805,809308.88,808965,808805,24.880000000004657,2051,809308880	ID:1	[INFO: Metric    ] METRIC_RX type=REAL src=7 seq=79 send_ms=808965 recv_ms=808805 bytes=48
TX,REAL,4,,77,48,809674.0,809381,809674.0,,,,2053,809674000	ID:4	[INFO: Metric    ] METRIC_TX type=REAL node=4 seq=77 bytes=48 time_ms=809381
RX,REAL,,4,77,48,809727.168,809224,809727.168,809381,809224,53.167999999946915,2054,809727168	ID:1	[INFO: Metric    ] METRIC_RX type=REAL src=4 seq=77 send_ms=809381 recv_ms=809224 bytes=48
TX,REAL,6,,81,48,811476.0,810537,811476.0,,,,2056,811476000	ID:6	[INFO: Metric    ] METRIC_TX type=REAL node=6 seq=81 bytes=48 time_ms=810537
TX,DUMMY,6,,23,48,811477.0,810538,811477.0,,,,2057,811477000	ID:6	[INFO: Metric    ] METRIC_TX type=DUMMY node=6 seq=23 bytes=48 time_ms=810538
RX,REAL,,6,81,48,811514.88,811011,811514.88,810537,811011,38.88000000000466,2058,811514880	ID:1	[INFO: Metric    ] METRIC_RX type=REAL src=6 seq=81 send_ms=810537 recv_ms=811011 bytes=48
RX,DUMMY,,6,23,48,811534.88,811031,811534.88,810538,811031,,2059,811534880	ID:1	[INFO: Metric    ] METRIC_RX type=DUMMY src=6 seq=23 send_ms=810538 recv_ms=811031 bytes=48
TX,REAL,5,,78,48,815424.0,815087,815424.0,,,,2062,815424000	ID:5	[INFO: Metric    ] METRIC_TX type=REAL node=5 seq=78 bytes=48 time_ms=815087
RX,REAL,,5,78,48,815506.168,815003,815506.168,815087,815003,82.16799999994691,2063,815506168	ID:1	[INFO: Metric    ] METRIC_RX type=REAL src=5 seq=78 send_ms=815087 recv_ms=815003 bytes=48
TX,REAL,3,,77,48,817012.0,816348,817012.0,,,,2065,817012000	ID:3	[INFO: Metric    ] METRIC_TX type=REAL node=3 seq=77 bytes=48 time_ms=816348
RX,REAL,,3,77,48,817071.168,816568,817071.168,816348,816568,59.167999999946915,2066,817071168	ID:1	[INFO: Metric    ] METRIC_RX type=REAL src=3 seq=77 send_ms=816348 recv_ms=816568 bytes=48
TX,REAL,7,,80,48,817285.0,816966,817285.0,,,,2071,817285000	ID:7	[INFO: Metric    ] METRIC_TX type=REAL node=7 seq=80 bytes=48 time_ms=816966
RX,REAL,,7,80,48,817329.88,816826,817329.88,816966,816826,44.88000000000466,2072,817329880	ID:1	[INFO: Metric    ] METRIC_RX type=REAL src=7 seq=80 send_ms=816966 recv_ms=816826 bytes=48
TX,REAL,2,,79,48,818108.0,817245,818108.0,,,,2074,818108000	ID:2	[INFO: Metric    ] METRIC_TX type=REAL node=2 seq=79 bytes=48 time_ms=817245
TX,DUMMY,2,,21,48,818109.0,817246,818109.0,,,,2075,818109000	ID:2	[INFO: Metric    ] METRIC_TX type=DUMMY node=2 seq=21 bytes=48 time_ms=817246
RX,REAL,,2,79,48,818145.88,817642,818145.88,817245,817642,37.88000000000466,2076,818145880	ID:1	[INFO: Metric    ] METRIC_RX type=REAL src=2 seq=79 send_ms=817245 recv_ms=817642 bytes=48
RX,DUMMY,,2,21,48,818158.76,817655,818158.76,817246,817655,,2078,818158760	ID:1	[INFO: Metric    ] METRIC_RX type=DUMMY src=2 seq=21 send_ms=817246 recv_ms=817655 bytes=48
TX,REAL,4,,78,48,818675.0,818382,818675.0,,,,2080,818675000	ID:4	[INFO: Metric    ] METRIC_TX type=REAL node=4 seq=78 bytes=48 time_ms=818382
RX,REAL,,4,78,48,818724.168,818221,818724.168,818382,818221,49.167999999946915,2081,818724168	ID:1	[INFO: Metric    ] METRIC_RX type=REAL src=4 seq=78 send_ms=818382 recv_ms=818221 bytes=48
TX,REAL,6,,82,48,819478.0,818539,819478.0,,,,2083,819478000	ID:6	[INFO: Metric    ] METRIC_TX type=REAL node=6 seq=82 bytes=48 time_ms=818539
RX,REAL,,6,82,48,819483.88,818980,819483.88,818539,818980,5.880000000004657,2084,819483880	ID:1	[INFO: Metric    ] METRIC_RX type=REAL src=6 seq=82 send_ms=818539 recv_ms=818980 bytes=48
TX,REAL,5,,79,48,823425.0,823088,823425.0,,,,2086,823425000	ID:5	[INFO: Metric    ] METRIC_TX type=REAL node=5 seq=79 bytes=48 time_ms=823088
RX,REAL,,5,79,48,823444.168,822941,823444.168,823088,822941,19.167999999946915,2087,823444168	ID:1	[INFO: Metric    ] METRIC_RX type=REAL src=5 seq=79 send_ms=823088 recv_ms=822941 bytes=48
TX,REAL,3,,78,48,825013.0,824349,825013.0,,,,2089,825013000	ID:3	[INFO: Metric    ] METRIC_TX type=REAL node=3 seq=78 bytes=48 time_ms=824349
RX,REAL,,3,78,48,825059.168,824556,825059.168,824349,824556,46.167999999946915,2090,825059168	ID:1	[INFO: Metric    ] METRIC_RX type=REAL src=3 seq=78 send_ms=824349 recv_ms=824556 bytes=48
TX,REAL,7,,81,48,825286.0,824967,825286.0,,,,2092,825286000	ID:7	[INFO: Metric    ] METRIC_TX type=REAL node=7 seq=81 bytes=48 time_ms=824967
TX,DUMMY,7,,25,48,825287.0,824968,825287.0,,,,2093,825287000	ID:7	[INFO: Metric    ] METRIC_TX type=DUMMY node=7 seq=25 bytes=48 time_ms=824968
RX,REAL,,7,81,48,825306.88,824803,825306.88,824967,824803,20.880000000004657,2094,825306880	ID:1	[INFO: Metric    ] METRIC_RX type=REAL src=7 seq=81 send_ms=824967 recv_ms=824803 bytes=48
RX,DUMMY,,7,25,48,825344.88,824841,825344.88,824968,824841,,2096,825344880	ID:1	[INFO: Metric    ] METRIC_RX type=DUMMY src=7 seq=25 send_ms=824968 recv_ms=824841 bytes=48
TX,REAL,4,,79,48,826676.0,826383,826676.0,,,,2098,826676000	ID:4	[INFO: Metric    ] METRIC_TX type=REAL node=4 seq=79 bytes=48 time_ms=826383
TX,DUMMY,4,,21,48,826677.0,826384,826677.0,,,,2099,826677000	ID:4	[INFO: Metric    ] METRIC_TX type=DUMMY node=4 seq=21 bytes=48 time_ms=826384
RX,REAL,,4,79,48,826695.168,826192,826695.168,826383,826192,19.167999999946915,2100,826695168	ID:1	[INFO: Metric    ] METRIC_RX type=REAL src=4 seq=79 send_ms=826383 recv_ms=826192 bytes=48
RX,DUMMY,,4,21,48,826739.168,826236,826739.168,826384,826236,,2103,826739168	ID:1	[INFO: Metric    ] METRIC_RX type=DUMMY src=4 seq=21 send_ms=826384 recv_ms=826236 bytes=48
TX,REAL,6,,83,48,827479.0,826540,827479.0,,,,2105,827479000	ID:6	[INFO: Metric    ] METRIC_TX type=REAL node=6 seq=83 bytes=48 time_ms=826540
TX,DUMMY,6,,24,48,827480.0,826541,827480.0,,,,2106,827480000	ID:6	[INFO: Metric    ] METRIC_TX type=DUMMY node=6 seq=24 bytes=48 time_ms=826541
RX,REAL,,6,83,48,827519.88,827016,827519.88,826540,827016,40.88000000000466,2107,827519880	ID:1	[INFO: Metric    ] METRIC_RX type=REAL src=6 seq=83 send_ms=826540 recv_ms=827016 bytes=48
RX,DUMMY,,6,24,48,827640.88,827137,827640.88,826541,827137,,2109,827640880	ID:1	[INFO: Metric    ] METRIC_RX type=DUMMY src=6 seq=24 send_ms=826541 recv_ms=827137 bytes=48
TX,REAL,2,,80,48,828110.0,827247,828110.0,,,,2113,828110000	ID:2	[INFO: Metric    ] METRIC_TX type=REAL node=2 seq=80 bytes=48 time_ms=827247
RX,REAL,,2,80,48,828128.88,827625,828128.88,827247,827625,18.880000000004657,2114,828128880	ID:1	[INFO: Metric    ] METRIC_RX type=REAL src=2 seq=80 send_ms=827247 recv_ms=827625 bytes=48
TX,REAL,5,,80,48,833426.0,833089,833426.0,,,,2118,833426000	ID:5	[INFO: Metric    ] METRIC_TX type=REAL node=5 seq=80 bytes=48 time_ms=833089
RX,REAL,,5,80,48,833492.168,832989,833492.168,833089,832989,66.16799999994691,2119,833492168	ID:1	[INFO: Metric    ] METRIC_RX type=REAL src=5 seq=80 send_ms=833089 recv_ms=832989 bytes=48
TX,REAL,6,,84,48,835481.0,834542,835481.0,,,,2121,835481000	ID:6	[INFO: Metric    ] METRIC_TX type=REAL node=6 seq=84 bytes=48 time_ms=834542
TX,DUMMY,6,,25,48,835482.0,834543,835482.0,,,,2122,835482000	ID:6	[INFO: Metric    ] METRIC_TX type=DUMMY node=6 seq=25 bytes=48 time_ms=834543
RX,REAL,,6,84,48,835491.88,834988,835491.88,834542,834988,10.880000000004657,2123,835491880	ID:1	[INFO: Metric    ] METRIC_RX type=REAL src=6 seq=84 send_ms=834542 recv_ms=834988 bytes=48
RX,DUMMY,,6,25,48,835560.88,835057,835560.88,834543,835057,,2125,835560880	ID:1	[INFO: Metric    ] METRIC_RX type=DUMMY src=6 seq=25 send_ms=834543 recv_ms=835057 bytes=48
TX,REAL,3,,79,48,836014.0,835350,836014.0,,,,2127,836014000	ID:3	[INFO: Metric    ] METRIC_TX type=REAL node=3 seq=79 bytes=48 time_ms=835350
RX,REAL,,3,79,48,836033.168,835530,836033.168,835350,835530,19.167999999946915,2128,836033168	ID:1	[INFO: Metric    ] METRIC_RX type=REAL src=3 seq=79 send_ms=835350 recv_ms=835530 bytes=48
TX,REAL,7,,82,48,837288.0,836969,837288.0,,,,2130,837288000	ID:7	[INFO: Metric    ] METRIC_TX type=REAL node=7 seq=82 bytes=48 time_ms=836969
RX,REAL,,7,82,48,837293.88,836790,837293.88,836969,836790,5.880000000004657,2131,837293880	ID:1	[INFO: Metric    ] METRIC_RX type=REAL src=7 seq=82 send_ms=836969 recv_ms=836790 bytes=48
TX,REAL,4,,80,48,837678.0,837385,837678.0,,,,2135,837678000	ID:4	[INFO: Metric    ] METRIC_TX type=REAL node=4 seq=80 bytes=48 time_ms=837385
RX,REAL,,4,80,48,837740.168,837237,837740.168,837385,837237,62.167999999946915,2136,837740168	ID:1	[INFO: Metric    ] METRIC_RX type=REAL src=4 seq=80 send_ms=837385 recv_ms=837237 bytes=48
TX,REAL,2,,81,48,839111.0,838248,839111.0,,,,2139,839111000	ID:2	[INFO: Metric    ] METRIC_TX type=REAL node=2 seq=81 bytes=48 time_ms=838248
RX,REAL,,2,81,48,839137.88,838634,839137.88,838248,838634,26.880000000004657,2140,839137880	ID:1	[INFO: Metric    ] METRIC_RX type=REAL src=2 seq=81 send_ms=838248 recv_ms=838634 bytes=48
TX,REAL,5,,81,48,841427.0,841090,841427.0,,,,2142,841427000	ID:5	[INFO: Metric    ] METRIC_TX type=REAL node=5 seq=81 bytes=48 time_ms=841090
RX,REAL,,5,81,48,841470.168,840967,841470.168,841090,840967,43.167999999946915,2143,841470168	ID:1	[INFO: Metric    ] METRIC_RX type=REAL src=5 seq=81 send_ms=841090 recv_ms=840967 bytes=48
TX,REAL,6,,85,48,843483.0,842544,843483.0,,,,2145,843483000	ID:6	[INFO: Metric    ] METRIC_TX type=REAL node=6 seq=85 bytes=48 time_ms=842544
RX,REAL,,6,85,48,843501.88,842998,843501.88,842544,842998,18.880000000004657,2146,843501880	ID:1	[INFO: Metric    ] METRIC_RX type=REAL src=6 seq=85 send_ms=842544 recv_ms=842998 bytes=48
TX,REAL,4,,81,48,845679.0,845386,845679.0,,,,2148,845679000	ID:4	[INFO: Metric    ] METRIC_TX type=REAL node=4 seq=81 bytes=48 time_ms=845386
RX,REAL,,4,81,48,845734.168,845231,845734.168,845386,845231,55.167999999946915,2149,845734168	ID:1	[INFO: Metric    ] METRIC_RX type=REAL src=4 seq=81 send_ms=845386 recv_ms=845231 bytes=48
TX,REAL,3,,80,48,848015.0,847351,848015.0,,,,2153,848015000	ID:3	[INFO: Metric    ] METRIC_TX type=REAL node=3 seq=80 bytes=48 time_ms=847351
RX,REAL,,3,80,48,848045.168,847542,848045.168,847351,847542,30.167999999946915,2154,848045168	ID:1	[INFO: Metric    ] METRIC_RX type=REAL src=3 seq=80 send_ms=847351 recv_ms=847542 bytes=48
TX,REAL,7,,83,48,848289.0,847970,848289.0,,,,2156,848289000	ID:7	[INFO: Metric    ] METRIC_TX type=REAL node=7 seq=83 bytes=48 time_ms=847970
RX,REAL,,7,83,48,848295.88,847792,848295.88,847970,847792,6.880000000004657,2157,848295880	ID:1	[INFO: Metric    ] METRIC_RX type=REAL src=7 seq=83 send_ms=847970 recv_ms=847792 bytes=48
TX,REAL,2,,82,48,849112.0,848249,849112.0,,,,2159,849112000	ID:2	[INFO: Metric    ] METRIC_TX type=REAL node=2 seq=82 bytes=48 time_ms=848249
TX,DUMMY,2,,22,48,849113.0,848250,849113.0,,,,2160,849113000	ID:2	[INFO: Metric    ] METRIC_TX type=DUMMY node=2 seq=22 bytes=48 time_ms=848250
RX,REAL,,2,82,48,849120.88,848617,849120.88,848249,848617,8.880000000004657,2161,849120880	ID:1	[INFO: Metric    ] METRIC_RX type=REAL src=2 seq=82 send_ms=848249 recv_ms=848617 bytes=48
RX,DUMMY,,2,22,48,849135.88,848632,849135.88,848250,848632,,2162,849135880	ID:1	[INFO: Metric    ] METRIC_RX type=DUMMY src=2 seq=22 send_ms=848250 recv_ms=848632 bytes=48
TX,REAL,5,,82,48,849428.0,849091,849428.0,,,,2165,849428000	ID:5	[INFO: Metric    ] METRIC_TX type=REAL node=5 seq=82 bytes=48 time_ms=849091
RX,REAL,,5,82,48,849461.168,848958,849461.168,849091,848958,33.167999999946915,2166,849461168	ID:1	[INFO: Metric    ] METRIC_RX type=REAL src=5 seq=82 send_ms=849091 recv_ms=848958 bytes=48
TX,REAL,4,,82,48,853680.0,853387,853680.0,,,,2168,853680000	ID:4	[INFO: Metric    ] METRIC_TX type=REAL node=4 seq=82 bytes=48 time_ms=853387
RX,REAL,,4,82,48,853733.168,853230,853733.168,853387,853230,53.167999999946915,2169,853733168	ID:1	[INFO: Metric    ] METRIC_RX type=REAL src=4 seq=82 send_ms=853387 recv_ms=853230 bytes=48
TX,REAL,6,,86,48,855484.0,854545,855484.0,,,,2172,855484000	ID:6	[INFO: Metric    ] METRIC_TX type=REAL node=6 seq=86 bytes=48 time_ms=854545
TX,DUMMY,6,,26,48,855485.0,854546,855485.0,,,,2173,855485000	ID:6	[INFO: Metric    ] METRIC_TX type=DUMMY node=6 seq=26 bytes=48 time_ms=854546
RX,REAL,,6,86,48,855517.88,855014,855517.88,854545,855014,33.88000000000466,2174,855517880	ID:1	[INFO: Metric    ] METRIC_RX type=REAL src=6 seq=86 send_ms=854545 recv_ms=855014 bytes=48
RX,DUMMY,,6,26,48,855556.88,855053,855556.88,854546,855053,,2176,855556880	ID:1	[INFO: Metric    ] METRIC_RX type=DUMMY src=6 seq=26 send_ms=854546 recv_ms=855053 bytes=48
TX,REAL,3,,81,48,856016.0,855352,856016.0,,,,2178,856016000	ID:3	[INFO: Metric    ] METRIC_TX type=REAL node=3 seq=81 bytes=48 time_ms=855352
TX,DUMMY,3,,21,48,856017.0,855353,856017.0,,,,2179,856017000	ID:3	[INFO: Metric    ] METRIC_TX type=DUMMY node=3 seq=21 bytes=48 time_ms=855353
RX,REAL,,3,81,48,856061.168,855558,856061.168,855352,855558,45.167999999946915,2180,856061168	ID:1	[INFO: Metric    ] METRIC_RX type=REAL src=3 seq=81 send_ms=855352 recv_ms=855558 bytes=48
RX,DUMMY,,3,21,48,856084.168,855581,856084.168,855353,855581,,2181,856084168	ID:1	[INFO: Metric    ] METRIC_RX type=DUMMY src=3 seq=21 send_ms=855353 recv_ms=855581 bytes=48
TX,REAL,7,,84,48,860290.0,859971,860290.0,,,,2184,860290000	ID:7	[INFO: Metric    ] METRIC_TX type=REAL node=7 seq=84 bytes=48 time_ms=859971
RX,REAL,,7,84,48,860320.88,859817,860320.88,859971,859817,30.880000000004657,2185,860320880	ID:1	[INFO: Metric    ] METRIC_RX type=REAL src=7 seq=84 send_ms=859971 recv_ms=859817 bytes=48
TX,REAL,2,,83,48,861114.0,860251,861114.0,,,,2187,861114000	ID:2	[INFO: Metric    ] METRIC_TX type=REAL node=2 seq=83 bytes=48 time_ms=860251
RX,REAL,,2,83,48,861134.88,860631,861134.88,860251,860631,20.880000000004657,2188,861134880	ID:1	[INFO: Metric    ] METRIC_RX type=REAL src=2 seq=83 send_ms=860251 recv_ms=860631 bytes=48
TX,REAL,5,,83,48,861429.0,861092,861429.0,,,,2190,861429000	ID:5	[INFO: Metric    ] METRIC_TX type=REAL node=5 seq=83 bytes=48 time_ms=861092
TX,DUMMY,5,,22,48,861430.0,861093,861430.0,,,,2191,861430000	ID:5	[INFO: Metric    ] METRIC_TX type=DUMMY node=5 seq=22 bytes=48 time_ms=861093
RX,REAL,,5,83,48,861516.168,861013,861516.168,861092,861013,87.16799999994691,2192,861516168	ID:1	[INFO: Metric    ] METRIC_RX type=REAL src=5 seq=83 send_ms=861092 recv_ms=861013 bytes=48
RX,DUMMY,,5,22,48,861555.168,861052,861555.168,861093,861052,,2193,861555168	ID:1	[INFO: Metric    ] METRIC_RX type=DUMMY src=5 seq=22 send_ms=861093 recv_ms=861052 bytes=48
TX,REAL,6,,87,48,864486.0,863547,864486.0,,,,2196,864486000	ID:6	[INFO: Metric    ] METRIC_TX type=REAL node=6 seq=87 bytes=48 time_ms=863547
RX,REAL,,6,87,48,864517.88,864014,864517.88,863547,864014,31.880000000004657,2197,864517880	ID:1	[INFO: Metric    ] METRIC_RX type=REAL src=6 seq=87 send_ms=863547 recv_ms=864014 bytes=48
TX,REAL,3,,82,48,865018.0,864354,865018.0,,,,2199,865018000	ID:3	[INFO: Metric    ] METRIC_TX type=REAL node=3 seq=82 bytes=48 time_ms=864354
TX,DUMMY,3,,22,48,865019.0,864355,865019.0,,,,2200,865019000	ID:3	[INFO: Metric    ] METRIC_TX type=DUMMY node=3 seq=22 bytes=48 time_ms=864355
RX,REAL,,3,82,48,865089.168,864586,865089.168,864354,864586,71.16799999994691,2201,865089168	ID:1	[INFO: Metric    ] METRIC_RX type=REAL src=3 seq=82 send_ms=864354 recv_ms=864586 bytes=48
RX,DUMMY,,3,22,48,865101.168,864598,865101.168,864355,864598,,2203,865101168	ID:1	[INFO: Metric    ] METRIC_RX type=DUMMY src=3 seq=22 send_ms=864355 recv_ms=864598 bytes=48
TX,REAL,4,,83,48,865681.0,865388,865681.0,,,,2206,865681000	ID:4	[INFO: Metric    ] METRIC_TX type=REAL node=4 seq=83 bytes=48 time_ms=865388
RX,REAL,,4,83,48,865718.168,865215,865718.168,865388,865215,37.167999999946915,2207,865718168	ID:1	[INFO: Metric    ] METRIC_RX type=REAL src=4 seq=83 send_ms=865388 recv_ms=865215 bytes=48
TX,REAL,2,,84,48,869115.0,868252,869115.0,,,,2209,869115000	ID:2	[INFO: Metric    ] METRIC_TX type=REAL node=2 seq=84 bytes=48 time_ms=868252
RX,REAL,,2,84,48,869125.88,868622,869125.88,868252,868622,10.880000000004657,2210,869125880	ID:1	[INFO: Metric    ] METRIC_RX type=REAL src=2 seq=84 send_ms=868252 recv_ms=868622 bytes=48
TX,REAL,7,,85,48,869291.0,868972,869291.0,,,,2212,869291000	ID:7	[INFO: Metric    ] METRIC_TX type=REAL node=7 seq=85 bytes=48 time_ms=868972
RX,REAL,,7,85,48,869296.88,868793,869296.88,868972,868793,5.880000000004657,2213,869296880	ID:1	[INFO: Metric    ] METRIC_RX type=REAL src=7 seq=85 send_ms=868972 recv_ms=868793 bytes=48
TX,REAL,5,,84,48,871431.0,871094,871431.0,,,,2215,871431000	ID:5	[INFO: Metric    ] METRIC_TX type=REAL node=5 seq=84 bytes=48 time_ms=871094
RX,REAL,,5,84,48,871488.168,870985,871488.168,871094,870985,57.167999999946915,2216,871488168	ID:1	[INFO: Metric    ] METRIC_RX type=REAL src=5 seq=84 send_ms=871094 recv_ms=870985 bytes=48
TX,REAL,3,,83,48,873020.0,872356,873020.0,,,,2218,873020000	ID:3	[INFO: Metric    ] METRIC_TX type=REAL node=3 seq=83 bytes=48 time_ms=872356
RX,REAL,,3,83,48,873074.168,872571,873074.168,872356,872571,54.167999999946915,2219,873074168	ID:1	[INFO: Metric    ] METRIC_RX type=REAL src=3 seq=83 send_ms=872356 recv_ms=872571 bytes=48
TX,REAL,6,,88,48,873487.0,872548,873487.0,,,,2221,873487000	ID:6	[INFO: Metric    ] METRIC_TX type=REAL node=6 seq=88 bytes=48 time_ms=872548
RX,REAL,,6,88,48,873516.88,873013,873516.88,872548,873013,29.880000000004657,2222,873516880	ID:1	[INFO: Metric    ] METRIC_RX type=REAL src=6 seq=88 send_ms=872548 recv_ms=873013 bytes=48
TX,REAL,4,,84,48,875682.0,875389,875682.0,,,,2224,875682000	ID:4	[INFO: Metric    ] METRIC_TX type=REAL node=4 seq=84 bytes=48 time_ms=875389
TX,DUMMY,4,,22,48,875683.0,875390,875683.0,,,,2225,875683000	ID:4	[INFO: Metric    ] METRIC_TX type=DUMMY node=4 seq=22 bytes=48 time_ms=875390
RX,REAL,,4,84,48,875706.168,875203,875706.168,875389,875203,24.167999999946915,2226,875706168	ID:1	[INFO: Metric    ] METRIC_RX type=REAL src=4 seq=84 send_ms=875389 recv_ms=875203 bytes=48
RX,DUMMY,,4,22,48,875748.168,875245,875748.168,875390,875245,,2227,875748168	ID:1	[INFO: Metric    ] METRIC_RX type=DUMMY src=4 seq=22 send_ms=875390 recv_ms=875245 bytes=48
TX,REAL,7,,86,48,879292.0,878973,879292.0,,,,2230,879292000	ID:7	[INFO: Metric    ] METRIC_TX type=REAL node=7 seq=86 bytes=48 time_ms=878973
RX,REAL,,7,86,48,879329.88,878826,879329.88,878973,878826,37.88000000000466,2231,879329880	ID:1	[INFO: Metric    ] METRIC_RX type=REAL src=7 seq=86 send_ms=878973 recv_ms=878826 bytes=48
TX,REAL,5,,85,48,879432.0,879095,879432.0,,,,2234,879432000	ID:5	[INFO: Metric    ] METRIC_TX type=REAL node=5 seq=85 bytes=48 time_ms=879095
RX,REAL,,5,85,48,879449.304,878946,879449.304,879095,878946,17.304000000003725,2235,879449304	ID:1	[INFO: Metric    ] METRIC_RX type=REAL src=5 seq=85 send_ms=879095 recv_ms=878946 bytes=48
TX,REAL,2,,85,48,880116.0,879253,880116.0,,,,2237,880116000	ID:2	[INFO: Metric    ] METRIC_TX type=REAL node=2 seq=85 bytes=48 time_ms=879253
RX,REAL,,2,85,48,880125.88,879622,880125.88,879253,879622,9.880000000004657,2238,880125880	ID:1	[INFO: Metric    ] METRIC_RX type=REAL src=2 seq=85 send_ms=879253 recv_ms=879622 bytes=48
TX,REAL,3,,84,48,884021.0,883357,884021.0,,,,2240,884021000	ID:3	[INFO: Metric    ] METRIC_TX type=REAL node=3 seq=84 bytes=48 time_ms=883357
RX,REAL,,3,84,48,884095.168,883592,884095.168,883357,883592,74.16799999994691,2241,884095168	ID:1	[INFO: Metric    ] METRIC_RX type=REAL src=3 seq=84 send_ms=883357 recv_ms=883592 bytes=48
TX,REAL,6,,89,48,884488.0,883549,884488.0,,,,2243,884488000	ID:6	[INFO: Metric    ] METRIC_TX type=REAL node=6 seq=89 bytes=48 time_ms=883549
RX,REAL,,6,89,48,884529.88,884026,884529.88,883549,884026,41.88000000000466,2244,884529880	ID:1	[INFO: Metric    ] METRIC_RX type=REAL src=6 seq=89 send_ms=883549 recv_ms=884026 bytes=48
TX,REAL,4,,85,48,885684.0,885391,885684.0,,,,2246,885684000	ID:4	[INFO: Metric    ] METRIC_TX type=REAL node=4 seq=85 bytes=48 time_ms=885391
RX,REAL,,4,85,48,885733.168,885230,885733.168,885391,885230,49.167999999946915,2247,885733168	ID:1	[INFO: Metric    ] METRIC_RX type=REAL src=4 seq=85 send_ms=885391 recv_ms=885230 bytes=48
TX,REAL,5,,86,48,889433.0,889096,889433.0,,,,2249,889433000	ID:5	[INFO: Metric    ] METRIC_TX type=REAL node=5 seq=86 bytes=48 time_ms=889096
RX,REAL,,5,86,48,889476.168,888973,889476.168,889096,888973,43.167999999946915,2250,889476168	ID:1	[INFO: Metric    ] METRIC_RX type=REAL src=5 seq=86 send_ms=889096 recv_ms=888973 bytes=48
TX,REAL,2,,86,48,891117.0,890254,891117.0,,,,2252,891117000	ID:2	[INFO: Metric    ] METRIC_TX type=REAL node=2 seq=86 bytes=48 time_ms=890254
RX,REAL,,2,86,48,891151.88,890648,891151.88,890254,890648,34.88000000000466,2253,891151880	ID:1	[INFO: Metric    ] METRIC_RX type=REAL src=2 seq=86 send_ms=890254 recv_ms=890648 bytes=48
TX,REAL,7,,87,48,891293.0,890974,891293.0,,,,2255,891293000	ID:7	[INFO: Metric    ] METRIC_TX type=REAL node=7 seq=87 bytes=48 time_ms=890974
RX,REAL,,7,87,48,891320.88,890817,891320.88,890974,890817,27.880000000004657,2256,891320880	ID:1	[INFO: Metric    ] METRIC_RX type=REAL src=7 seq=87 send_ms=890974 recv_ms=890817 bytes=48
TX,REAL,3,,85,48,892022.0,891358,892022.0,,,,2258,892022000	ID:3	[INFO: Metric    ] METRIC_TX type=REAL node=3 seq=85 bytes=48 time_ms=891358
RX,REAL,,3,85,48,892086.168,891583,892086.168,891358,891583,64.16799999994691,2259,892086168	ID:1	[INFO: Metric    ] METRIC_RX type=REAL src=3 seq=85 send_ms=891358 recv_ms=891583 bytes=48
TX,REAL,6,,90,48,894489.0,893550,894489.0,,,,2263,894489000	ID:6	[INFO: Metric    ] METRIC_TX type=REAL node=6 seq=90 bytes=48 time_ms=893550
TX,DUMMY,6,,27,48,894490.0,893551,894490.0,,,,2264,894490000	ID:6	[INFO: Metric    ] METRIC_TX type=DUMMY node=6 seq=27 bytes=48 time_ms=893551
RX,REAL,,6,90,48,894503.88,894000,894503.88,893550,894000,14.880000000004657,2265,894503880	ID:1	[INFO: Metric    ] METRIC_RX type=REAL src=6 seq=90 send_ms=893550 recv_ms=894000 bytes=48
RX,DUMMY,,6,27,48,894537.88,894034,894537.88,893551,894034,,2267,894537880	ID:1	[INFO: Metric    ] METRIC_RX type=DUMMY src=6 seq=27 send_ms=893551 recv_ms=894034 bytes=48
TX,REAL,4,,86,48,895685.0,895392,895685.0,,,,2270,895685000	ID:4	[INFO: Metric    ] METRIC_TX type=REAL node=4 seq=86 bytes=48 time_ms=895392
TX,DUMMY,4,,23,48,895686.0,895393,895686.0,,,,2271,895686000	ID:4	[INFO: Metric    ] METRIC_TX type=DUMMY node=4 seq=23 bytes=48 time_ms=895393
RX,REAL,,4,86,48,895745.168,895242,895745.168,895392,895242,60.167999999946915,2272,895745168	ID:1	[INFO: Metric    ] METRIC_RX type=REAL src=4 seq=86 send_ms=895392 recv_ms=895242 bytes=48
RX,DUMMY,,4,23,48,895760.304,895257,895760.304,895393,895257,,2273,895760304	ID:1	[INFO: Metric    ] METRIC_RX type=DUMMY src=4 seq=23 send_ms=895393 recv_ms=895257 bytes=48
TX,REAL,7,,88,48,899294.0,898975,899294.0,,,,2276,899294000	ID:7	[INFO: Metric    ] METRIC_TX type=REAL node=7 seq=88 bytes=48 time_ms=898975
TX,DUMMY,7,,26,48,899295.0,898976,899295.0,,,,2277,899295000	ID:7	[INFO: Metric    ] METRIC_TX type=DUMMY node=7 seq=26 bytes=48 time_ms=898976
RX,REAL,,7,88,48,899331.88,898828,899331.88,898975,898828,37.88000000000466,2278,899331880	ID:1	[INFO: Metric    ] METRIC_RX type=REAL src=7 seq=88 send_ms=898975 recv_ms=898828 bytes=48
RX,DUMMY,,7,26,48,899356.88,898853,899356.88,898976,898853,,2279,899356880	ID:1	[INFO: Metric    ] METRIC_RX type=DUMMY src=7 seq=26 send_ms=898976 recv_ms=898853 bytes=48
TX,REAL,5,,87,48,901434.0,901097,901434.0,,,,2282,901434000	ID:5	[INFO: Metric    ] METRIC_TX type=REAL node=5 seq=87 bytes=48 time_ms=901097
TX,DUMMY,5,,23,48,901435.0,901098,901435.0,,,,2283,901435000	ID:5	[INFO: Metric    ] METRIC_TX type=DUMMY node=5 seq=23 bytes=48 time_ms=901098
RX,REAL,,5,87,48,901473.168,900970,901473.168,901097,900970,39.167999999946915,2284,901473168	ID:1	[INFO: Metric    ] METRIC_RX type=REAL src=5 seq=87 send_ms=901097 recv_ms=900970 bytes=48
RX,DUMMY,,5,23,48,901563.168,901060,901563.168,901098,901060,,2286,901563168	ID:1	[INFO: Metric    ] METRIC_RX type=DUMMY src=5 seq=23 send_ms=901098 recv_ms=901060 bytes=48
TX,REAL,2,,87,48,902118.0,901255,902118.0,,,,2288,902118000	ID:2	[INFO: Metric    ] METRIC_TX type=REAL node=2 seq=87 bytes=48 time_ms=901255
RX,REAL,,2,87,48,902123.88,901620,902123.88,901255,901620,5.880000000004657,2289,902123880	ID:1	[INFO: Metric    ] METRIC_RX type=REAL src=2 seq=87 send_ms=901255 recv_ms=901620 bytes=48
TX,REAL,6,,91,48,902491.0,901552,902491.0,,,,2291,902491000	ID:6	[INFO: Metric    ] METRIC_TX type=REAL node=6 seq=91 bytes=48 time_ms=901552
RX,REAL,,6,91,48,902500.88,901997,902500.88,901552,901997,9.880000000004657,2292,902500880	ID:1	[INFO: Metric    ] METRIC_RX type=REAL src=6 seq=91 send_ms=901552 recv_ms=901997 bytes=48
TX,REAL,3,,86,48,903023.0,902359,903023.0,,,,2294,903023000	ID:3	[INFO: Metric    ] METRIC_TX type=REAL node=3 seq=86 bytes=48 time_ms=902359
RX,REAL,,3,86,48,903094.168,902591,903094.168,902359,902591,71.16799999994691,2295,903094168	ID:1	[INFO: Metric    ] METRIC_RX type=REAL src=3 seq=86 send_ms=902359 recv_ms=902591 bytes=48
TX,REAL,4,,87,48,904687.0,904394,904687.0,,,,2298,904687000	ID:4	[INFO: Metric    ] METRIC_TX type=REAL node=4 seq=87 bytes=48 time_ms=904394
RX,REAL,,4,87,48,904732.168,904229,904732.168,904394,904229,45.167999999946915,2299,904732168	ID:1	[INFO: Metric    ] METRIC_RX type=REAL src=4 seq=87 send_ms=904394 recv_ms=904229 bytes=48
TX,REAL,7,,89,48,910296.0,909977,910296.0,,,,2301,910296000	ID:7	[INFO: Metric    ] METRIC_TX type=REAL node=7 seq=89 bytes=48 time_ms=909977
RX,REAL,,7,89,48,910336.88,909833,910336.88,909977,909833,40.88000000000466,2302,910336880	ID:1	[INFO: Metric    ] METRIC_RX type=REAL src=7 seq=89 send_ms=909977 recv_ms=909833 bytes=48
TX,REAL,6,,92,48,910492.0,909553,910492.0,,,,2304,910492000	ID:6	[INFO: Metric    ] METRIC_TX type=REAL node=6 seq=92 bytes=48 time_ms=909553
TX,DUMMY,6,,28,48,910493.0,909554,910493.0,,,,2305,910493000	ID:6	[INFO: Metric    ] METRIC_TX type=DUMMY node=6 seq=28 bytes=48 time_ms=909554
RX,REAL,,6,92,48,910519.88,910016,910519.88,909553,910016,27.880000000004657,2306,910519880	ID:1	[INFO: Metric    ] METRIC_RX type=REAL src=6 seq=92 send_ms=909553 recv_ms=910016 bytes=48
RX,DUMMY,,6,28,48,910544.88,910041,910544.88,909554,910041,,2307,910544880	ID:1	[INFO: Metric    ] METRIC_RX type=DUMMY src=6 seq=28 send_ms=909554 recv_ms=910041 bytes=48
TX,REAL,3,,87,48,911024.0,910360,911024.0,,,,2310,911024000	ID:3	[INFO: Metric    ] METRIC_TX type=REAL node=3 seq=87 bytes=48 time_ms=910360
RX,REAL,,3,87,48,911084.168,910581,911084.168,910360,910581,60.167999999946915,2311,911084168	ID:1	[INFO: Metric    ] METRIC_RX type=REAL src=3 seq=87 send_ms=910360 recv_ms=910581 bytes=48
TX,REAL,2,,88,48,911119.0,910256,911119.0,,,,2313,911119000	ID:2	[INFO: Metric    ] METRIC_TX type=REAL node=2 seq=88 bytes=48 time_ms=910256
RX,REAL,,2,88,48,911147.88,910644,911147.88,910256,910644,28.880000000004657,2314,911147880	ID:1	[INFO: Metric    ] METRIC_RX type=REAL src=2 seq=88 send_ms=910256 recv_ms=910644 bytes=48
TX,REAL,5,,88,48,913436.0,913099,913436.0,,,,2316,913436000	ID:5	[INFO: Metric    ] METRIC_TX type=REAL node=5 seq=88 bytes=48 time_ms=913099
RX,REAL,,5,88,48,913457.304,912954,913457.304,913099,912954,21.304000000003725,2317,913457304	ID:1	[INFO: Metric    ] METRIC_RX type=REAL src=5 seq=88 send_ms=913099 recv_ms=912954 bytes=48
TX,REAL,4,,88,48,914688.0,914395,914688.0,,,,2319,914688000	ID:4	[INFO: Metric    ] METRIC_TX type=REAL node=4 seq=88 bytes=48 time_ms=914395
RX,REAL,,4,88,48,914759.168,914256,914759.168,914395,914256,71.16799999994691,2320,914759168	ID:1	[INFO: Metric    ] METRIC_RX type=REAL src=4 seq=88 send_ms=914395 recv_ms=914256 bytes=48
TX,REAL,3,,88,48,919025.0,918361,919025.0,,,,2322,919025000	ID:3	[INFO: Metric    ] METRIC_TX type=REAL node=3 seq=88 bytes=48 time_ms=918361
RX,REAL,,3,88,48,919065.304,918562,919065.304,918361,918562,40.304000000003725,2323,919065304	ID:1	[INFO: Metric    ] METRIC_RX type=REAL src=3 seq=88 send_ms=918361 recv_ms=918562 bytes=48
TX,REAL,6,,93,48,919494.0,918555,919494.0,,,,2325,919494000	ID:6	[INFO: Metric    ] METRIC_TX type=REAL node=6 seq=93 bytes=48 time_ms=918555
RX,REAL,,6,93,48,919535.88,919032,919535.88,918555,919032,41.88000000000466,2326,919535880	ID:1	[INFO: Metric    ] METRIC_RX type=REAL src=6 seq=93 send_ms=918555 recv_ms=919032 bytes=48
TX,REAL,2,,89,48,920120.0,919257,920120.0,,,,2329,920120000	ID:2	[INFO: Metric    ] METRIC_TX type=REAL node=2 seq=89 bytes=48 time_ms=919257
RX,REAL,,2,89,48,920139.88,919636,920139.88,919257,919636,19.880000000004657,2330,920139880	ID:1	[INFO: Metric    ] METRIC_RX type=REAL src=2 seq=89 send_ms=919257 recv_ms=919636 bytes=48
TX,REAL,7,,90,48,920297.0,919978,920297.0,,,,2334,920297000	ID:7	[INFO: Metric    ] METRIC_TX type=REAL node=7 seq=90 bytes=48 time_ms=919978
RX,REAL,,7,90,48,920326.88,919823,920326.88,919978,919823,29.880000000004657,2335,920326880	ID:1	[INFO: Metric    ] METRIC_RX type=REAL src=7 seq=90 send_ms=919978 recv_ms=919823 bytes=48
TX,REAL,4,,89,48,923689.0,923396,923689.0,,,,2337,923689000	ID:4	[INFO: Metric    ] METRIC_TX type=REAL node=4 seq=89 bytes=48 time_ms=923396
RX,REAL,,4,89,48,923748.168,923245,923748.168,923396,923245,59.167999999946915,2338,923748168	ID:1	[INFO: Metric    ] METRIC_RX type=REAL src=4 seq=89 send_ms=923396 recv_ms=923245 bytes=48
TX,REAL,5,,89,48,924437.0,924100,924437.0,,,,2340,924437000	ID:5	[INFO: Metric    ] METRIC_TX type=REAL node=5 seq=89 bytes=48 time_ms=924100
RX,REAL,,5,89,48,924498.168,923995,924498.168,924100,923995,61.167999999946915,2341,924498168	ID:1	[INFO: Metric    ] METRIC_RX type=REAL src=5 seq=89 send_ms=924100 recv_ms=923995 bytes=48
TX,REAL,6,,94,48,927495.0,926556,927495.0,,,,2343,927495000	ID:6	[INFO: Metric    ] METRIC_TX type=REAL node=6 seq=94 bytes=48 time_ms=926556
TX,DUMMY,6,,29,48,927496.0,926557,927496.0,,,,2344,927496000	ID:6	[INFO: Metric    ] METRIC_TX type=DUMMY node=6 seq=29 bytes=48 time_ms=926557
RX,REAL,,6,94,48,927504.88,927001,927504.88,926556,927001,9.880000000004657,2345,927504880	ID:1	[INFO: Metric    ] METRIC_RX type=REAL src=6 seq=94 send_ms=926556 recv_ms=927001 bytes=48
RX,DUMMY,,6,29,48,927515.88,927012,927515.88,926557,927012,,2346,927515880	ID:1	[INFO: Metric    ] METRIC_RX type=DUMMY src=6 seq=29 send_ms=926557 recv_ms=927012 bytes=48
TX,REAL,3,,89,48,929026.0,928362,929026.0,,,,2349,929026000	ID:3	[INFO: Metric    ] METRIC_TX type=REAL node=3 seq=89 bytes=48 time_ms=928362
RX,REAL,,3,89,48,929099.168,928596,929099.168,928362,928596,73.16799999994691,2350,929099168	ID:1	[INFO: Metric    ] METRIC_RX type=REAL src=3 seq=89 send_ms=928362 recv_ms=928596 bytes=48
TX,REAL,2,,90,48,929121.0,928258,929121.0,,,,2353,929121000	ID:2	[INFO: Metric    ] METRIC_TX type=REAL node=2 seq=90 bytes=48 time_ms=928258
RX,REAL,,2,90,48,929160.88,928657,929160.88,928258,928657,39.88000000000466,2355,929160880	ID:1	[INFO: Metric    ] METRIC_RX type=REAL src=2 seq=90 send_ms=928258 recv_ms=928657 bytes=48
TX,REAL,7,,91,48,932298.0,931979,932298.0,,,,2357,932298000	ID:7	[INFO: Metric    ] METRIC_TX type=REAL node=7 seq=91 bytes=48 time_ms=931979
RX,REAL,,7,91,48,932315.88,931812,932315.88,931979,931812,17.880000000004657,2358,932315880	ID:1	[INFO: Metric    ] METRIC_RX type=REAL src=7 seq=91 send_ms=931979 recv_ms=931812 bytes=48
TX,REAL,4,,90,48,933690.0,933397,933690.0,,,,2362,933690000	ID:4	[INFO: Metric    ] METRIC_TX type=REAL node=4 seq=90 bytes=48 time_ms=933397
RX,REAL,,4,90,48,933727.168,933224,933727.168,933397,933224,37.167999999946915,2363,933727168	ID:1	[INFO: Metric    ] METRIC_RX type=REAL src=4 seq=90 send_ms=933397 recv_ms=933224 bytes=48
TX,REAL,5,,90,48,934438.0,934101,934438.0,,,,2368,934438000	ID:5	[INFO: Metric    ] METRIC_TX type=REAL node=5 seq=90 bytes=48 time_ms=934101
TX,DUMMY,5,,24,48,934439.0,934102,934439.0,,,,2369,934439000	ID:5	[INFO: Metric    ] METRIC_TX type=DUMMY node=5 seq=24 bytes=48 time_ms=934102
RX,REAL,,5,90,48,934467.168,933964,934467.168,934101,933964,29.167999999946915,2370,934467168	ID:1	[INFO: Metric    ] METRIC_RX type=REAL src=5 seq=90 send_ms=934101 recv_ms=933964 bytes=48
RX,DUMMY,,5,24,48,934498.168,933995,934498.168,934102,933995,,2371,934498168	ID:1	[INFO: Metric    ] METRIC_RX type=DUMMY src=5 seq=24 send_ms=934102 recv_ms=933995 bytes=48
TX,REAL,6,,95,48,937497.0,936558,937497.0,,,,2374,937497000	ID:6	[INFO: Metric    ] METRIC_TX type=REAL node=6 seq=95 bytes=48 time_ms=936558
RX,REAL,,6,95,48,937526.88,937023,937526.88,936558,937023,29.880000000004657,2375,937526880	ID:1	[INFO: Metric    ] METRIC_RX type=REAL src=6 seq=95 send_ms=936558 recv_ms=937023 bytes=48
TX,REAL,2,,91,48,939122.0,938259,939122.0,,,,2377,939122000	ID:2	[INFO: Metric    ] METRIC_TX type=REAL node=2 seq=91 bytes=48 time_ms=938259
RX,REAL,,2,91,48,939163.88,938660,939163.88,938259,938660,41.88000000000466,2378,939163880	ID:1	[INFO: Metric    ] METRIC_RX type=REAL src=2 seq=91 send_ms=938259 recv_ms=938660 bytes=48
TX,REAL,3,,90,48,940027.0,939363,940027.0,,,,2382,940027000	ID:3	[INFO: Metric    ] METRIC_TX type=REAL node=3 seq=90 bytes=48 time_ms=939363
RX,REAL,,3,90,48,940113.168,939610,940113.168,939363,939610,86.16799999994691,2383,940113168	ID:1	[INFO: Metric    ] METRIC_RX type=REAL src=3 seq=90 send_ms=939363 recv_ms=939610 bytes=48
TX,REAL,4,,91,48,941691.0,941398,941691.0,,,,2385,941691000	ID:4	[INFO: Metric    ] METRIC_TX type=REAL node=4 seq=91 bytes=48 time_ms=941398
RX,REAL,,4,91,48,941750.168,941247,941750.168,941398,941247,59.167999999946915,2386,941750168	ID:1	[INFO: Metric    ] METRIC_RX type=REAL src=4 seq=91 send_ms=941398 recv_ms=941247 bytes=48
TX,REAL,7,,92,48,942299.0,941980,942299.0,,,,2388,942299000	ID:7	[INFO: Metric    ] METRIC_TX type=REAL node=7 seq=92 bytes=48 time_ms=941980
RX,REAL,,7,92,48,942312.88,941809,942312.88,941980,941809,13.880000000004657,2389,942312880	ID:1	[INFO: Metric    ] METRIC_RX type=REAL src=7 seq=92 send_ms=941980 recv_ms=941809 bytes=48
TX,REAL,5,,91,48,944440.0,944103,944440.0,,,,2391,944440000	ID:5	[INFO: Metric    ] METRIC_TX type=REAL node=5 seq=91 bytes=48 time_ms=944103
RX,REAL,,5,91,48,944489.168,943986,944489.168,944103,943986,49.167999999946915,2392,944489168	ID:1	[INFO: Metric    ] METRIC_RX type=REAL src=5 seq=91 send_ms=944103 recv_ms=943986 bytes=48
TX,REAL,6,,96,48,948498.0,947559,948498.0,,,,2394,948498000	ID:6	[INFO: Metric    ] METRIC_TX type=REAL node=6 seq=96 bytes=48 time_ms=947559
RX,REAL,,6,96,48,948510.88,948007,948510.88,947559,948007,12.880000000004657,2395,948510880	ID:1	[INFO: Metric    ] METRIC_RX type=REAL src=6 seq=96 send_ms=947559 recv_ms=948007 bytes=48
TX,REAL,2,,92,48,950123.0,949260,950123.0,,,,2397,950123000	ID:2	[INFO: Metric    ] METRIC_TX type=REAL node=2 seq=92 bytes=48 time_ms=949260
RX,REAL,,2,92,48,950158.88,949655,950158.88,949260,949655,35.88000000000466,2398,950158880	ID:1	[INFO: Metric    ] METRIC_RX type=REAL src=2 seq=92 send_ms=949260 recv_ms=949655 bytes=48
TX,REAL,7,,93,48,950300.0,949981,950300.0,,,,2401,950300000	ID:7	[INFO: Metric    ] METRIC_TX type=REAL node=7 seq=93 bytes=48 time_ms=949981
RX,REAL,,7,93,48,950337.88,949834,950337.88,949981,949834,37.88000000000466,2402,950337880	ID:1	[INFO: Metric    ] METRIC_RX type=REAL src=7 seq=93 send_ms=949981 recv_ms=949834 bytes=48
TX,REAL,3,,91,48,952028.0,951364,952028.0,,,,2404,952028000	ID:3	[INFO: Metric    ] METRIC_TX type=REAL node=3 seq=91 bytes=48 time_ms=951364
TX,DUMMY,3,,23,48,952029.0,951365,952029.0,,,,2405,952029000	ID:3	[INFO: Metric    ] METRIC_TX type=DUMMY node=3 seq=23 bytes=48 time_ms=951365
RX,REAL,,3,91,48,952075.168,951572,952075.168,951364,951572,47.167999999946915,2406,952075168	ID:1	[INFO: Metric    ] METRIC_RX type=REAL src=3 seq=91 send_ms=951364 recv_ms=951572 bytes=48
RX,DUMMY,,3,23,48,952185.168,951682,952185.168,951365,951682,,2408,952185168	ID:1	[INFO: Metric    ] METRIC_RX type=DUMMY src=3 seq=23 send_ms=951365 recv_ms=951682 bytes=48
TX,REAL,4,,92,48,952692.0,952399,952692.0,,,,2410,952692000	ID:4	[INFO: Metric    ] METRIC_TX type=REAL node=4 seq=92 bytes=48 time_ms=952399
RX,REAL,,4,92,48,952747.168,952244,952747.168,952399,952244,55.167999999946915,2411,952747168	ID:1	[INFO: Metric    ] METRIC_RX type=REAL src=4 seq=92 send_ms=952399 recv_ms=952244 bytes=48
TX,REAL,5,,92,48,954441.0,954104,954441.0,,,,2413,954441000	ID:5	[INFO: Metric    ] METRIC_TX type=REAL node=5 seq=92 bytes=48 time_ms=954104
RX,REAL,,5,92,48,954486.168,953983,954486.168,954104,953983,45.167999999946915,2414,954486168	ID:1	[INFO: Metric    ] METRIC_RX type=REAL src=5 seq=92 send_ms=954104 recv_ms=953983 bytes=48
TX,REAL,7,,94,48,959301.0,958982,959301.0,,,,2416,959301000	ID:7	[INFO: Metric    ] METRIC_TX type=REAL node=7 seq=94 bytes=48 time_ms=958982
RX,REAL,,7,94,48,959332.88,958829,959332.88,958982,958829,31.880000000004657,2417,959332880	ID:1	[INFO: Metric    ] METRIC_RX type=REAL src=7 seq=94 send_ms=958982 recv_ms=958829 bytes=48
TX,REAL,6,,97,48,959499.0,958560,959499.0,,,,2419,959499000	ID:6	[INFO: Metric    ] METRIC_TX type=REAL node=6 seq=97 bytes=48 time_ms=958560
RX,REAL,,6,97,48,959508.88,959005,959508.88,958560,959005,9.880000000004657,2420,959508880	ID:1	[INFO: Metric    ] METRIC_RX type=REAL src=6 seq=97 send_ms=958560 recv_ms=959005 bytes=48
TX,REAL,3,,92,48,960030.0,959366,960030.0,,,,2422,960030000	ID:3	[INFO: Metric    ] METRIC_TX type=REAL node=3 seq=92 bytes=48 time_ms=959366
TX,DUMMY,3,,24,48,960031.0,959367,960031.0,,,,2423,960031000	ID:3	[INFO: Metric    ] METRIC_TX type=DUMMY node=3 seq=24 bytes=48 time_ms=959367
RX,REAL,,3,92,48,960081.168,959578,960081.168,959366,959578,51.167999999946915,2424,960081168	ID:1	[INFO: Metric    ] METRIC_RX type=REAL src=3 seq=92 send_ms=959366 recv_ms=959578 bytes=48
RX,DUMMY,,3,24,48,960088.336,959585,960088.336,959367,959585,,2425,960088336	ID:1	[INFO: Metric    ] METRIC_RX type=DUMMY src=3 seq=24 send_ms=959367 recv_ms=959585 bytes=48
TX,REAL,2,,93,48,960124.0,959261,960124.0,,,,2426,960124000	ID:2	[INFO: Metric    ] METRIC_TX type=REAL node=2 seq=93 bytes=48 time_ms=959261
TX,DUMMY,2,,23,48,960125.0,959262,960125.0,,,,2427,960125000	ID:2	[INFO: Metric    ] METRIC_TX type=DUMMY node=2 seq=23 bytes=48 time_ms=959262
RX,REAL,,2,93,48,960156.88,959653,960156.88,959261,959653,32.88000000000466,2428,960156880	ID:1	[INFO: Metric    ] METRIC_RX type=REAL src=2 seq=93 send_ms=959261 recv_ms=959653 bytes=48
RX,DUMMY,,2,23,48,960174.88,959671,960174.88,959262,959671,,2431,960174880	ID:1	[INFO: Metric    ] METRIC_RX type=DUMMY src=2 seq=23 send_ms=959262 recv_ms=959671 bytes=48
TX,REAL,4,,93,48,961693.0,961400,961693.0,,,,2435,961693000	ID:4	[INFO: Metric    ] METRIC_TX type=REAL node=4 seq=93 bytes=48 time_ms=961400
RX,REAL,,4,93,48,961713.168,961210,961713.168,961400,961210,20.167999999946915,2436,961713168	ID:1	[INFO: Metric    ] METRIC_RX type=REAL src=4 seq=93 send_ms=961400 recv_ms=961210 bytes=48
TX,REAL,5,,93,48,964442.0,964105,964442.0,,,,2438,964442000	ID:5	[INFO: Metric    ] METRIC_TX type=REAL node=5 seq=93 bytes=48 time_ms=964105
RX,REAL,,5,93,48,964525.168,964022,964525.168,964105,964022,83.16799999994691,2439,964525168	ID:1	[INFO: Metric    ] METRIC_RX type=REAL src=5 seq=93 send_ms=964105 recv_ms=964022 bytes=48
TX,REAL,6,,98,48,969500.0,968561,969500.0,,,,2441,969500000	ID:6	[INFO: Metric    ] METRIC_TX type=REAL node=6 seq=98 bytes=48 time_ms=968561
RX,REAL,,6,98,48,969538.88,969035,969538.88,968561,969035,38.88000000000466,2442,969538880	ID:1	[INFO: Metric    ] METRIC_RX type=REAL src=6 seq=98 send_ms=968561 recv_ms=969035 bytes=48
TX,REAL,2,,94,48,970126.0,969263,970126.0,,,,2444,970126000	ID:2	[INFO: Metric    ] METRIC_TX type=REAL node=2 seq=94 bytes=48 time_ms=969263
RX,REAL,,2,94,48,970150.88,969647,970150.88,969263,969647,24.880000000004657,2445,970150880	ID:1	[INFO: Metric    ] METRIC_RX type=REAL src=2 seq=94 send_ms=969263 recv_ms=969647 bytes=48
TX,REAL,3,,93,48,971032.0,970368,971032.0,,,,2447,971032000	ID:3	[INFO: Metric    ] METRIC_TX type=REAL node=3 seq=93 bytes=48 time_ms=970368
RX,REAL,,3,93,48,971052.304,970549,971052.304,970368,970549,20.304000000003725,2448,971052304	ID:1	[INFO: Metric    ] METRIC_RX type=REAL src=3 seq=93 send_ms=970368 recv_ms=970549 bytes=48
TX,REAL,7,,95,48,971302.0,970983,971302.0,,,,2450,971302000	ID:7	[INFO: Metric    ] METRIC_TX type=REAL node=7 seq=95 bytes=48 time_ms=970983
TX,DUMMY,7,,27,48,971303.0,970984,971303.0,,,,2451,971303000	ID:7	[INFO: Metric    ] METRIC_TX type=DUMMY node=7 seq=27 bytes=48 time_ms=970984
RX,REAL,,7,95,48,971337.88,970834,971337.88,970983,970834,35.88000000000466,2452,971337880	ID:1	[INFO: Metric    ] METRIC_RX type=REAL src=7 seq=95 send_ms=970983 recv_ms=970834 bytes=48
RX,DUMMY,,7,27,48,971374.88,970871,971374.88,970984,970871,,2454,971374880	ID:1	[INFO: Metric    ] METRIC_RX type=DUMMY src=7 seq=27 send_ms=970984 recv_ms=970871 bytes=48
TX,REAL,4,,94,48,972694.0,972401,972694.0,,,,2456,972694000	ID:4	[INFO: Metric    ] METRIC_TX type=REAL node=4 seq=94 bytes=48 time_ms=972401
RX,REAL,,4,94,48,972747.168,972244,972747.168,972401,972244,53.167999999946915,2457,972747168	ID:1	[INFO: Metric    ] METRIC_RX type=REAL src=4 seq=94 send_ms=972401 recv_ms=972244 bytes=48
TX,REAL,5,,94,48,973443.0,973106,973443.0,,,,2459,973443000	ID:5	[INFO: Metric    ] METRIC_TX type=REAL node=5 seq=94 bytes=48 time_ms=973106
RX,REAL,,5,94,48,973482.168,972979,973482.168,973106,972979,39.167999999946915,2460,973482168	ID:1	[INFO: Metric    ] METRIC_RX type=REAL src=5 seq=94 send_ms=973106 recv_ms=972979 bytes=48
TX,REAL,2,,95,48,979127.0,978264,979127.0,,,,2463,979127000	ID:2	[INFO: Metric    ] METRIC_TX type=REAL node=2 seq=95 bytes=48 time_ms=978264
TX,DUMMY,2,,24,48,979128.0,978265,979128.0,,,,2464,979128000	ID:2	[INFO: Metric    ] METRIC_TX type=DUMMY node=2 seq=24 bytes=48 time_ms=978265
RX,REAL,,2,95,48,979163.88,978660,979163.88,978264,978660,36.88000000000466,2465,979163880	ID:1	[INFO: Metric    ] METRIC_RX type=REAL src=2 seq=95 send_ms=978264 recv_ms=978660 bytes=48
RX,DUMMY,,2,24,48,979175.88,978672,979175.88,978265,978672,,2466,979175880	ID:1	[INFO: Metric    ] METRIC_RX type=DUMMY src=2 seq=24 send_ms=978265 recv_ms=978672 bytes=48
TX,REAL,4,,95,48,980695.0,980402,980695.0,,,,2469,980695000	ID:4	[INFO: Metric    ] METRIC_TX type=REAL node=4 seq=95 bytes=48 time_ms=980402
RX,REAL,,4,95,48,980734.168,980231,980734.168,980402,980231,39.167999999946915,2470,980734168	ID:1	[INFO: Metric    ] METRIC_RX type=REAL src=4 seq=95 send_ms=980402 recv_ms=980231 bytes=48
TX,REAL,7,,96,48,981304.0,980985,981304.0,,,,2472,981304000	ID:7	[INFO: Metric    ] METRIC_TX type=REAL node=7 seq=96 bytes=48 time_ms=980985
RX,REAL,,7,96,48,981314.88,980811,981314.88,980985,980811,10.880000000004657,2473,981314880	ID:1	[INFO: Metric    ] METRIC_RX type=REAL src=7 seq=96 send_ms=980985 recv_ms=980811 bytes=48
TX,REAL,6,,99,48,981501.0,980562,981501.0,,,,2475,981501000	ID:6	[INFO: Metric    ] METRIC_TX type=REAL node=6 seq=99 bytes=48 time_ms=980562
TX,DUMMY,6,,30,48,981502.0,980563,981502.0,,,,2476,981502000	ID:6	[INFO: Metric    ] METRIC_TX type=DUMMY node=6 seq=30 bytes=48 time_ms=980563
RX,REAL,,6,99,48,981527.88,981024,981527.88,980562,981024,26.880000000004657,2477,981527880	ID:1	[INFO: Metric    ] METRIC_RX type=REAL src=6 seq=99 send_ms=980562 recv_ms=981024 bytes=48
RX,DUMMY,,6,30,48,981540.88,981037,981540.88,980563,981037,,2478,981540880	ID:1	[INFO: Metric    ] METRIC_RX type=DUMMY src=6 seq=30 send_ms=980563 recv_ms=981037 bytes=48
TX,REAL,3,,94,48,983033.0,982369,983033.0,,,,2481,983033000	ID:3	[INFO: Metric    ] METRIC_TX type=REAL node=3 seq=94 bytes=48 time_ms=982369
RX,REAL,,3,94,48,983073.168,982570,983073.168,982369,982570,40.167999999946915,2482,983073168	ID:1	[INFO: Metric    ] METRIC_RX type=REAL src=3 seq=94 send_ms=982369 recv_ms=982570 bytes=48
TX,REAL,5,,95,48,985444.0,985107,985444.0,,,,2484,985444000	ID:5	[INFO: Metric    ] METRIC_TX type=REAL node=5 seq=95 bytes=48 time_ms=985107
RX,REAL,,5,95,48,985499.168,984996,985499.168,985107,984996,55.167999999946915,2485,985499168	ID:1	[INFO: Metric    ] METRIC_RX type=REAL src=5 seq=95 send_ms=985107 recv_ms=984996 bytes=48
TX,REAL,2,,96,48,990129.0,989266,990129.0,,,,2487,990129000	ID:2	[INFO: Metric    ] METRIC_TX type=REAL node=2 seq=96 bytes=48 time_ms=989266
RX,REAL,,2,96,48,990139.88,989636,990139.88,989266,989636,10.880000000004657,2488,990139880	ID:1	[INFO: Metric    ] METRIC_RX type=REAL src=2 seq=96 send_ms=989266 recv_ms=989636 bytes=48
TX,REAL,4,,96,48,990696.0,990403,990696.0,,,,2490,990696000	ID:4	[INFO: Metric    ] METRIC_TX type=REAL node=4 seq=96 bytes=48 time_ms=990403
RX,REAL,,4,96,48,990734.168,990231,990734.168,990403,990231,38.167999999946915,2491,990734168	ID:1	[INFO: Metric    ] METRIC_RX type=REAL src=4 seq=96 send_ms=990403 recv_ms=990231 bytes=48
TX,REAL,7,,97,48,991305.0,990986,991305.0,,,,2494,991305000	ID:7	[INFO: Metric    ] METRIC_TX type=REAL node=7 seq=97 bytes=48 time_ms=990986
RX,REAL,,7,97,48,991321.88,990818,991321.88,990986,990818,16.880000000004657,2495,991321880	ID:1	[INFO: Metric    ] METRIC_RX type=REAL src=7 seq=97 send_ms=990986 recv_ms=990818 bytes=48
TX,REAL,3,,95,48,992034.0,991370,992034.0,,,,2497,992034000	ID:3	[INFO: Metric    ] METRIC_TX type=REAL node=3 seq=95 bytes=48 time_ms=991370
RX,REAL,,3,95,48,992100.168,991597,992100.168,991370,991597,66.16799999994691,2498,992100168	ID:1	[INFO: Metric    ] METRIC_RX type=REAL src=3 seq=95 send_ms=991370 recv_ms=991597 bytes=48
TX,REAL,6,,100,48,993503.0,992564,993503.0,,,,2502,993503000	ID:6	[INFO: Metric    ] METRIC_TX type=REAL node=6 seq=100 bytes=48 time_ms=992564
RX,REAL,,6,100,48,993509.88,993006,993509.88,992564,993006,6.880000000004657,2503,993509880	ID:1	[INFO: Metric    ] METRIC_RX type=REAL src=6 seq=100 send_ms=992564 recv_ms=993006 bytes=48
TX,REAL,5,,96,48,996445.0,996108,996445.0,,,,2505,996445000	ID:5	[INFO: Metric    ] METRIC_TX type=REAL node=5 seq=96 bytes=48 time_ms=996108
RX,REAL,,5,96,48,996528.168,996025,996528.168,996108,996025,83.16799999994691,2506,996528168	ID:1	[INFO: Metric    ] METRIC_RX type=REAL src=5 seq=96 send_ms=996108 recv_ms=996025 bytes=48
TX,REAL,4,,97,48,1000697.0,1000404,1000697.0,,,,2508,1000697000	ID:4	[INFO: Metric    ] METRIC_TX type=REAL node=4 seq=97 bytes=48 time_ms=1000404
RX,REAL,,4,97,48,1000775.168,1000272,1000775.168,1000404,1000272,78.16799999994691,2509,1000775168	ID:1	[INFO: Metric    ] METRIC_RX type=REAL src=4 seq=97 send_ms=1000404 recv_ms=1000272 bytes=48
TX,REAL,2,,97,48,1001130.0,1000267,1001130.0,,,,2511,1001130000	ID:2	[INFO: Metric    ] METRIC_TX type=REAL node=2 seq=97 bytes=48 time_ms=1000267
TX,DUMMY,2,,25,48,1001131.0,1000268,1001131.0,,,,2512,1001131000	ID:2	[INFO: Metric    ] METRIC_TX type=DUMMY node=2 seq=25 bytes=48 time_ms=1000268
RX,REAL,,2,97,48,1001173.88,1000670,1001173.88,1000267,1000670,43.88000000000466,2513,1001173880	ID:1	[INFO: Metric    ] METRIC_RX type=REAL src=2 seq=97 send_ms=1000267 recv_ms=1000670 bytes=48
RX,DUMMY,,2,25,48,1001201.88,1000698,1001201.88,1000268,1000698,,2514,1001201880	ID:1	[INFO: Metric    ] METRIC_RX type=DUMMY src=2 seq=25 send_ms=1000268 recv_ms=1000698 bytes=48
TX,REAL,7,,98,48,1001306.0,1000987,1001306.0,,,,2517,1001306000	ID:7	[INFO: Metric    ] METRIC_TX type=REAL node=7 seq=98 bytes=48 time_ms=1000987
TX,DUMMY,7,,28,48,1001307.0,1000988,1001307.0,,,,2518,1001307000	ID:7	[INFO: Metric    ] METRIC_TX type=DUMMY node=7 seq=28 bytes=48 time_ms=1000988
RX,REAL,,7,98,48,1001319.88,1000816,1001319.88,1000987,1000816,13.880000000004657,2519,1001319880	ID:1	[INFO: Metric    ] METRIC_RX type=REAL src=7 seq=98 send_ms=1000987 recv_ms=1000816 bytes=48
RX,DUMMY,,7,28,48,1001355.88,1000852,1001355.88,1000988,1000852,,2521,1001355880	ID:1	[INFO: Metric    ] METRIC_RX type=DUMMY src=7 seq=28 send_ms=1000988 recv_ms=1000852 bytes=48
TX,REAL,3,,96,48,1002035.0,1001371,1002035.0,,,,2523,1002035000	ID:3	[INFO: Metric    ] METRIC_TX type=REAL node=3 seq=96 bytes=48 time_ms=1001371
RX,REAL,,3,96,48,1002061.168,1001558,1002061.168,1001371,1001558,26.167999999946915,2524,1002061168	ID:1	[INFO: Metric    ] METRIC_RX type=REAL src=3 seq=96 send_ms=1001371 recv_ms=1001558 bytes=48
TX,REAL,5,,97,48,1004446.0,1004109,1004446.0,,,,2527,1004446000	ID:5	[INFO: Metric    ] METRIC_TX type=REAL node=5 seq=97 bytes=48 time_ms=1004109
TX,DUMMY,5,,25,48,1004447.0,1004110,1004447.0,,,,2528,1004447000	ID:5	[INFO: Metric    ] METRIC_TX type=DUMMY node=5 seq=25 bytes=48 time_ms=1004110
TX,REAL,6,,101,48,1004504.0,1003565,1004504.0,,,,2529,1004504000	ID:6	[INFO: Metric    ] METRIC_TX type=REAL node=6 seq=101 bytes=48 time_ms=1003565
RX,REAL,,5,97,48,1004519.168,1004016,1004519.168,1004109,1004016,73.16799999994691,2530,1004519168	ID:1	[INFO: Metric    ] METRIC_RX type=REAL src=5 seq=97 send_ms=1004109 recv_ms=1004016 bytes=48
RX,REAL,,6,101,48,1004537.016,1004034,1004537.016,1003565,1004034,33.01599999994505,2531,1004537016	ID:1	[INFO: Metric    ] METRIC_RX type=REAL src=6 seq=101 send_ms=1003565 recv_ms=1004034 bytes=48
RX,DUMMY,,5,25,48,1004593.168,1004090,1004593.168,1004110,1004090,,2533,1004593168	ID:1	[INFO: Metric    ] METRIC_RX type=DUMMY src=5 seq=25 send_ms=1004110 recv_ms=1004090 bytes=48
TX,REAL,7,,99,48,1009308.0,1008989,1009308.0,,,,2536,1009308000	ID:7	[INFO: Metric    ] METRIC_TX type=REAL node=7 seq=99 bytes=48 time_ms=1008989
TX,DUMMY,7,,29,48,1009309.0,1008990,1009309.0,,,,2537,1009309000	ID:7	[INFO: Metric    ] METRIC_TX type=DUMMY node=7 seq=29 bytes=48 time_ms=1008990
RX,REAL,,7,99,48,1009336.88,1008833,1009336.88,1008989,1008833,28.880000000004657,2538,1009336880	ID:1	[INFO: Metric    ] METRIC_RX type=REAL src=7 seq=99 send_ms=1008989 recv_ms=1008833 bytes=48
RX,DUMMY,,7,29,48,1009378.88,1008875,1009378.88,1008990,1008875,,2540,1009378880	ID:1	[INFO: Metric    ] METRIC_RX type=DUMMY src=7 seq=29 send_ms=1008990 recv_ms=1008875 bytes=48
TX,REAL,4,,98,48,1009698.0,1009405,1009698.0,,,,2542,1009698000	ID:4	[INFO: Metric    ] METRIC_TX type=REAL node=4 seq=98 bytes=48 time_ms=1009405
RX,REAL,,4,98,48,1009765.168,1009262,1009765.168,1009405,1009262,67.16799999994691,2543,1009765168	ID:1	[INFO: Metric    ] METRIC_RX type=REAL src=4 seq=98 send_ms=1009405 recv_ms=1009262 bytes=48
TX,REAL,3,,97,48,1013036.0,1012372,1013036.0,,,,2545,1013036000	ID:3	[INFO: Metric    ] METRIC_TX type=REAL node=3 seq=97 bytes=48 time_ms=1012372
TX,DUMMY,3,,25,48,1013037.0,1012373,1013037.0,,,,2546,1013037000	ID:3	[INFO: Metric    ] METRIC_TX type=DUMMY node=3 seq=25 bytes=48 time_ms=1012373
TX,REAL,2,,98,48,1013132.0,1012269,1013132.0,,,,2547,1013132000	ID:2	[INFO: Metric    ] METRIC_TX type=REAL node=2 seq=98 bytes=48 time_ms=1012269
TX,DUMMY,2,,26,48,1013133.0,1012270,1013133.0,,,,2548,1013133000	ID:2	[INFO: Metric    ] METRIC_TX type=DUMMY node=2 seq=26 bytes=48 time_ms=1012270
RX,REAL,,3,97,48,1013177.168,1012674,1013177.168,1012372,1012674,141.16799999994691,2549,1013177168	ID:1	[INFO: Metric    ] METRIC_RX type=REAL src=3 seq=97 send_ms=1012372 recv_ms=1012674 bytes=48
RX,DUMMY,,3,25,48,1013210.168,1012707,1013210.168,1012373,1012707,,2550,1013210168	ID:1	[INFO: Metric    ] METRIC_RX type=DUMMY src=3 seq=25 send_ms=1012373 recv_ms=1012707 bytes=48
RX,REAL,,2,98,48,1013222.88,1012719,1013222.88,1012269,1012719,90.88000000000466,2551,1013222880	ID:1	[INFO: Metric    ] METRIC_RX type=REAL src=2 seq=98 send_ms=1012269 recv_ms=1012719 bytes=48
RX,DUMMY,,2,26,48,1013265.016,1012762,1013265.016,1012270,1012762,,2552,1013265016	ID:1	[INFO: Metric    ] METRIC_RX type=DUMMY src=2 seq=26 send_ms=1012270 recv_ms=1012762 bytes=48
TX,REAL,5,,98,48,1013448.0,1013111,1013448.0,,,,2558,1013448000	ID:5	[INFO: Metric    ] METRIC_TX type=REAL node=5 seq=98 bytes=48 time_ms=1013111
RX,REAL,,5,98,48,1013461.304,1012958,1013461.304,1013111,1012958,13.304000000003725,2559,1013461304	ID:1	[INFO: Metric    ] METRIC_RX type=REAL src=5 seq=98 send_ms=1013111 recv_ms=1012958 bytes=48
TX,REAL,6,,102,48,1013505.0,1012566,1013505.0,,,,2561,1013505000	ID:6	[INFO: Metric    ] METRIC_TX type=REAL node=6 seq=102 bytes=48 time_ms=1012566
RX,REAL,,6,102,48,1013543.88,1013040,1013543.88,1012566,1013040,38.88000000000466,2562,1013543880	ID:1	[INFO: Metric    ] METRIC_RX type=REAL src=6 seq=102 send_ms=1012566 recv_ms=1013040 bytes=48
TX,REAL,3,,98,48,1021038.0,1020374,1021038.0,,,,2564,1021038000	ID:3	[INFO: Metric    ] METRIC_TX type=REAL node=3 seq=98 bytes=48 time_ms=1020374
TX,DUMMY,3,,26,48,1021039.0,1020375,1021039.0,,,,2565,1021039000	ID:3	[INFO: Metric    ] METRIC_TX type=DUMMY node=3 seq=26 bytes=48 time_ms=1020375
RX,REAL,,3,98,48,1021101.168,1020598,1021101.168,1020374,1020598,63.167999999946915,2566,1021101168	ID:1	[INFO: Metric    ] METRIC_RX type=REAL src=3 seq=98 send_ms=1020374 recv_ms=1020598 bytes=48
RX,DUMMY,,3,26,48,1021172.168,1020669,1021172.168,1020375,1020669,,2567,1021172168	ID:1	[INFO: Metric    ] METRIC_RX type=DUMMY src=3 seq=26 send_ms=1020375 recv_ms=1020669 bytes=48
TX,REAL,7,,100,48,1021310.0,1020991,1021310.0,,,,2572,1021310000	ID:7	[INFO: Metric    ] METRIC_TX type=REAL node=7 seq=100 bytes=48 time_ms=1020991
RX,REAL,,7,100,48,1021324.88,1020821,1021324.88,1020991,1020821,14.880000000004657,2573,1021324880	ID:1	[INFO: Metric    ] METRIC_RX type=REAL src=7 seq=100 send_ms=1020991 recv_ms=1020821 bytes=48
TX,REAL,4,,99,48,1021699.0,1021406,1021699.0,,,,2575,1021699000	ID:4	[INFO: Metric    ] METRIC_TX type=REAL node=4 seq=99 bytes=48 time_ms=1021406
RX,REAL,,4,99,48,1021739.168,1021236,1021739.168,1021406,1021236,40.167999999946915,2576,1021739168	ID:1	[INFO: Metric    ] METRIC_RX type=REAL src=4 seq=99 send_ms=1021406 recv_ms=1021236 bytes=48
TX,REAL,5,,99,48,1022449.0,1022112,1022449.0,,,,2578,1022449000	ID:5	[INFO: Metric    ] METRIC_TX type=REAL node=5 seq=99 bytes=48 time_ms=1022112
RX,REAL,,5,99,48,1022488.168,1021985,1022488.168,1022112,1021985,39.167999999946915,2579,1022488168	ID:1	[INFO: Metric    ] METRIC_RX type=REAL src=5 seq=99 send_ms=1022112 recv_ms=1021985 bytes=48
TX,REAL,6,,103,48,1023506.0,1022567,1023506.0,,,,2581,1023506000	ID:6	[INFO: Metric    ] METRIC_TX type=REAL node=6 seq=103 bytes=48 time_ms=1022567
RX,REAL,,6,103,48,1023528.88,1023025,1023528.88,1022567,1023025,22.880000000004657,2582,1023528880	ID:1	[INFO: Metric    ] METRIC_RX type=REAL src=6 seq=103 send_ms=1022567 recv_ms=1023025 bytes=48
TX,REAL,2,,99,48,1025134.0,1024271,1025134.0,,,,2584,1025134000	ID:2	[INFO: Metric    ] METRIC_TX type=REAL node=2 seq=99 bytes=48 time_ms=1024271
RX,REAL,,2,99,48,1025142.88,1024639,1025142.88,1024271,1024639,8.880000000004657,2585,1025142880	ID:1	[INFO: Metric    ] METRIC_RX type=REAL src=2 seq=99 send_ms=1024271 recv_ms=1024639 bytes=48
TX,REAL,3,,99,48,1029040.0,1028376,1029040.0,,,,2587,1029040000	ID:3	[INFO: Metric    ] METRIC_TX type=REAL node=3 seq=99 bytes=48 time_ms=1028376
RX,REAL,,3,99,48,1029078.168,1028575,1029078.168,1028376,1028575,38.167999999946915,2588,1029078168	ID:1	[INFO: Metric    ] METRIC_RX type=REAL src=3 seq=99 send_ms=1028376 recv_ms=1028575 bytes=48
TX,REAL,4,,100,48,1030700.0,1030407,1030700.0,,,,2593,1030700000	ID:4	[INFO: Metric    ] METRIC_TX type=REAL node=4 seq=100 bytes=48 time_ms=1030407
RX,REAL,,4,100,48,1030743.168,1030240,1030743.168,1030407,1030240,43.167999999946915,2594,1030743168	ID:1	[INFO: Metric    ] METRIC_RX type=REAL src=4 seq=100 send_ms=1030407 recv_ms=1030240 bytes=48
TX,REAL,7,,101,48,1032311.0,1031992,1032311.0,,,,2596,1032311000	ID:7	[INFO: Metric    ] METRIC_TX type=REAL node=7 seq=101 bytes=48 time_ms=1031992
RX,REAL,,7,101,48,1032349.88,1031846,1032349.88,1031992,1031846,38.88000000000466,2597,1032349880	ID:1	[INFO: Metric    ] METRIC_RX type=REAL src=7 seq=101 send_ms=1031992 recv_ms=1031846 bytes=48
TX,REAL,2,,100,48,1034135.0,1033272,1034135.0,,,,2601,1034135000	ID:2	[INFO: Metric    ] METRIC_TX type=REAL node=2 seq=100 bytes=48 time_ms=1033272
TX,DUMMY,2,,27,48,1034136.0,1033273,1034136.0,,,,2602,1034136000	ID:2	[INFO: Metric    ] METRIC_TX type=DUMMY node=2 seq=27 bytes=48 time_ms=1033273
RX,REAL,,2,100,48,1034162.88,1033659,1034162.88,1033272,1033659,27.880000000004657,2603,1034162880	ID:1	[INFO: Metric    ] METRIC_RX type=REAL src=2 seq=100 send_ms=1033272 recv_ms=1033659 bytes=48
RX,DUMMY,,2,27,48,1034206.88,1033703,1034206.88,1033273,1033703,,2605,1034206880	ID:1	[INFO: Metric    ] METRIC_RX type=DUMMY src=2 seq=27 send_ms=1033273 recv_ms=1033703 bytes=48
TX,REAL,5,,100,48,1034450.0,1034113,1034450.0,,,,2609,1034450000	ID:5	[INFO: Metric    ] METRIC_TX type=REAL node=5 seq=100 bytes=48 time_ms=1034113
TX,DUMMY,5,,26,48,1034451.0,1034114,1034451.0,,,,2610,1034451000	ID:5	[INFO: Metric    ] METRIC_TX type=DUMMY node=5 seq=26 bytes=48 time_ms=1034114
RX,REAL,,5,100,48,1034492.168,1033989,1034492.168,1034113,1033989,42.167999999946915,2611,1034492168	ID:1	[INFO: Metric    ] METRIC_RX type=REAL src=5 seq=100 send_ms=1034113 recv_ms=1033989 bytes=48
RX,DUMMY,,5,26,48,1034524.168,1034021,1034524.168,1034114,1034021,,2612,1034524168	ID:1	[INFO: Metric    ] METRIC_RX type=DUMMY src=5 seq=26 send_ms=1034114 recv_ms=1034021 bytes=48
TX,REAL,6,,104,48,1035507.0,1034568,1035507.0,,,,2615,1035507000	ID:6	[INFO: Metric    ] METRIC_TX type=REAL node=6 seq=104 bytes=48 time_ms=1034568
RX,REAL,,6,104,48,1035517.88,1035014,1035517.88,1034568,1035014,10.880000000004657,2616,1035517880	ID:1	[INFO: Metric    ] METRIC_RX type=REAL src=6 seq=104 send_ms=1034568 recv_ms=1035014 bytes=48
TX,REAL,3,,100,48,1039041.0,1038377,1039041.0,,,,2620,1039041000	ID:3	[INFO: Metric    ] METRIC_TX type=REAL node=3 seq=100 bytes=48 time_ms=1038377
RX,REAL,,3,100,48,1039116.168,1038613,1039116.168,1038377,1038613,75.16799999994691,2621,1039116168	ID:1	[INFO: Metric    ] METRIC_RX type=REAL src=3 seq=100 send_ms=1038377 recv_ms=1038613 bytes=48
TX,REAL,4,,101,48,1039701.0,1039408,1039701.0,,,,2623,1039701000	ID:4	[INFO: Metric    ] METRIC_TX type=REAL node=4 seq=101 bytes=48 time_ms=1039408
RX,REAL,,4,101,48,1039741.168,1039238,1039741.168,1039408,1039238,40.167999999946915,2624,1039741168	ID:1	[INFO: Metric    ] METRIC_RX type=REAL src=4 seq=101 send_ms=1039408 recv_ms=1039238 bytes=48
TX,REAL,2,,101,48,1042137.0,1041274,1042137.0,,,,2626,1042137000	ID:2	[INFO: Metric    ] METRIC_TX type=REAL node=2 seq=101 bytes=48 time_ms=1041274
RX,REAL,,2,101,48,1042159.88,1041656,1042159.88,1041274,1041656,22.880000000004657,2627,1042159880	ID:1	[INFO: Metric    ] METRIC_RX type=REAL src=2 seq=101 send_ms=1041274 recv_ms=1041656 bytes=48
TX,REAL,7,,102,48,1042312.0,1041993,1042312.0,,,,2630,1042312000	ID:7	[INFO: Metric    ] METRIC_TX type=REAL node=7 seq=102 bytes=48 time_ms=1041993
RX,REAL,,7,102,48,1042331.88,1041828,1042331.88,1041993,1041828,19.880000000004657,2631,1042331880	ID:1	[INFO: Metric    ] METRIC_RX type=REAL src=7 seq=102 send_ms=1041993 recv_ms=1041828 bytes=48
TX,REAL,5,,101,48,1042452.0,1042115,1042452.0,,,,2633,1042452000	ID:5	[INFO: Metric    ] METRIC_TX type=REAL node=5 seq=101 bytes=48 time_ms=1042115
TX,DUMMY,5,,27,48,1042453.0,1042116,1042453.0,,,,2634,1042453000	ID:5	[INFO: Metric    ] METRIC_TX type=DUMMY node=5 seq=27 bytes=48 time_ms=1042116
RX,REAL,,5,101,48,1042514.168,1042011,1042514.168,1042115,1042011,62.167999999946915,2635,1042514168	ID:1	[INFO: Metric    ] METRIC_RX type=REAL src=5 seq=101 send_ms=1042115 recv_ms=1042011 bytes=48
RX,DUMMY,,5,27,48,1042630.168,1042127,1042630.168,1042116,1042127,,2637,1042630168	ID:1	[INFO: Metric    ] METRIC_RX type=DUMMY src=5 seq=27 send_ms=1042116 recv_ms=1042127 bytes=48
TX,REAL,6,,105,48,1044508.0,1043569,1044508.0,,,,2639,1044508000	ID:6	[INFO: Metric    ] METRIC_TX type=REAL node=6 seq=105 bytes=48 time_ms=1043569
RX,REAL,,6,105,48,1044535.88,1044032,1044535.88,1043569,1044032,27.880000000004657,2640,1044535880	ID:1	[INFO: Metric    ] METRIC_RX type=REAL src=6 seq=105 send_ms=1043569 recv_ms=1044032 bytes=48
TX,REAL,3,,101,48,1051042.0,1050378,1051042.0,,,,2642,1051042000	ID:3	[INFO: Metric    ] METRIC_TX type=REAL node=3 seq=101 bytes=48 time_ms=1050378
RX,REAL,,3,101,48,1051114.168,1050611,1051114.168,1050378,1050611,72.16800000006333,2643,1051114168	ID:1	[INFO: Metric    ] METRIC_RX type=REAL src=3 seq=101 send_ms=1050378 recv_ms=1050611 bytes=48
TX,REAL,5,,102,48,1051454.0,1051117,1051454.0,,,,2645,1051454000	ID:5	[INFO: Metric    ] METRIC_TX type=REAL node=5 seq=102 bytes=48 time_ms=1051117
RX,REAL,,5,102,48,1051507.168,1051004,1051507.168,1051117,1051004,53.16800000006333,2646,1051507168	ID:1	[INFO: Metric    ] METRIC_RX type=REAL src=5 seq=102 send_ms=1051117 recv_ms=1051004 bytes=48
TX,REAL,4,,102,48,1051702.0,1051409,1051702.0,,,,2648,1051702000	ID:4	[INFO: Metric    ] METRIC_TX type=REAL node=4 seq=102 bytes=48 time_ms=1051409
RX,REAL,,4,102,48,1051758.168,1051255,1051758.168,1051409,1051255,56.16800000006333,2649,1051758168	ID:1	[INFO: Metric    ] METRIC_RX type=REAL src=4 seq=102 send_ms=1051409 recv_ms=1051255 bytes=48
TX,REAL,2,,102,48,1054138.0,1053275,1054138.0,,,,2651,1054138000	ID:2	[INFO: Metric    ] METRIC_TX type=REAL node=2 seq=102 bytes=48 time_ms=1053275
RX,REAL,,2,102,48,1054171.88,1053668,1054171.88,1053275,1053668,33.87999999988824,2652,1054171880	ID:1	[INFO: Metric    ] METRIC_RX type=REAL src=2 seq=102 send_ms=1053275 recv_ms=1053668 bytes=48
TX,REAL,7,,103,48,1054313.0,1053994,1054313.0,,,,2654,1054313000	ID:7	[INFO: Metric    ] METRIC_TX type=REAL node=7 seq=103 bytes=48 time_ms=1053994
RX,REAL,,7,103,48,1054319.88,1053816,1054319.88,1053994,1053816,6.879999999888241,2655,1054319880	ID:1	[INFO: Metric    ] METRIC_RX type=REAL src=7 seq=103 send_ms=1053994 recv_ms=1053816 bytes=48
TX,REAL,6,,106,48,1055509.0,1054570,1055509.0,,,,2657,1055509000	ID:6	[INFO: Metric    ] METRIC_TX type=REAL node=6 seq=106 bytes=48 time_ms=1054570
RX,REAL,,6,106,48,1055532.88,1055029,1055532.88,1054570,1055029,23.87999999988824,2658,1055532880	ID:1	[INFO: Metric    ] METRIC_RX type=REAL src=6 seq=106 send_ms=1054570 recv_ms=1055029 bytes=48
TX,REAL,3,,102,48,1059043.0,1058379,1059043.0,,,,2661,1059043000	ID:3	[INFO: Metric    ] METRIC_TX type=REAL node=3 seq=102 bytes=48 time_ms=1058379
TX,DUMMY,3,,27,48,1059044.0,1058380,1059044.0,,,,2662,1059044000	ID:3	[INFO: Metric    ] METRIC_TX type=DUMMY node=3 seq=27 bytes=48 time_ms=1058380
RX,REAL,,3,102,48,1059114.168,1058611,1059114.168,1058379,1058611,71.16800000006333,2663,1059114168	ID:1	[INFO: Metric    ] METRIC_RX type=REAL src=3 seq=102 send_ms=1058379 recv_ms=1058611 bytes=48
RX,DUMMY,,3,27,48,1059155.168,1058652,1059155.168,1058380,1058652,,2664,1059155168	ID:1	[INFO: Metric    ] METRIC_RX type=DUMMY src=3 seq=27 send_ms=1058380 recv_ms=1058652 bytes=48
TX,REAL,4,,103,48,1060703.0,1060410,1060703.0,,,,2667,1060703000	ID:4	[INFO: Metric    ] METRIC_TX type=REAL node=4 seq=103 bytes=48 time_ms=1060410
RX,REAL,,4,103,48,1060728.168,1060225,1060728.168,1060410,1060225,25.16800000006333,2668,1060728168	ID:1	[INFO: Metric    ] METRIC_RX type=REAL src=4 seq=103 send_ms=1060410 recv_ms=1060225 bytes=48
TX,REAL,5,,103,48,1061455.0,1061118,1061455.0,,,,2670,1061455000	ID:5	[INFO: Metric    ] METRIC_TX type=REAL node=5 seq=103 bytes=48 time_ms=1061118
RX,REAL,,5,103,48,1061530.168,1061027,1061530.168,1061118,1061027,75.16800000006333,2671,1061530168	ID:1	[INFO: Metric    ] METRIC_RX type=REAL src=5 seq=103 send_ms=1061118 recv_ms=1061027 bytes=48
TX,REAL,6,,107,48,1063510.0,1062571,1063510.0,,,,2673,1063510000	ID:6	[INFO: Metric    ] METRIC_TX type=REAL node=6 seq=107 bytes=48 time_ms=1062571
RX,REAL,,6,107,48,1063526.88,1063023,1063526.88,1062571,1063023,16.87999999988824,2674,1063526880	ID:1	[INFO: Metric    ] METRIC_RX type=REAL src=6 seq=107 send_ms=1062571 recv_ms=1063023 bytes=48
TX,REAL,2,,103,48,1065139.0,1064276,1065139.0,,,,2676,1065139000	ID:2	[INFO: Metric    ] METRIC_TX type=REAL node=2 seq=103 bytes=48 time_ms=1064276
TX,DUMMY,2,,28,48,1065140.0,1064277,1065140.0,,,,2677,1065140000	ID:2	[INFO: Metric    ] METRIC_TX type=DUMMY node=2 seq=28 bytes=48 time_ms=1064277
RX,REAL,,2,103,48,1065179.88,1064676,1065179.88,1064276,1064676,40.87999999988824,2678,1065179880	ID:1	[INFO: Metric    ] METRIC_RX type=REAL src=2 seq=103 send_ms=1064276 recv_ms=1064676 bytes=48
RX,DUMMY,,2,28,48,1065214.88,1064711,1065214.88,1064277,1064711,,2680,1065214880	ID:1	[INFO: Metric    ] METRIC_RX type=DUMMY src=2 seq=28 send_ms=1064277 recv_ms=1064711 bytes=48
TX,REAL,7,,104,48,1066314.0,1065995,1066314.0,,,,2682,1066314000	ID:7	[INFO: Metric    ] METRIC_TX type=REAL node=7 seq=104 bytes=48 time_ms=1065995
TX,DUMMY,7,,30,48,1066315.0,1065996,1066315.0,,,,2683,1066315000	ID:7	[INFO: Metric    ] METRIC_TX type=DUMMY node=7 seq=30 bytes=48 time_ms=1065996
RX,REAL,,7,104,48,1066357.88,1065854,1066357.88,1065995,1065854,43.87999999988824,2684,1066357880	ID:1	[INFO: Metric    ] METRIC_RX type=REAL src=7 seq=104 send_ms=1065995 recv_ms=1065854 bytes=48
RX,DUMMY,,7,30,48,1066392.88,1065889,1066392.88,1065996,1065889,,2685,1066392880	ID:1	[INFO: Metric    ] METRIC_RX type=DUMMY src=7 seq=30 send_ms=1065996 recv_ms=1065889 bytes=48
TX,REAL,5,,104,48,1069456.0,1069119,1069456.0,,,,2688,1069456000	ID:5	[INFO: Metric    ] METRIC_TX type=REAL node=5 seq=104 bytes=48 time_ms=1069119
RX,REAL,,5,104,48,1069488.168,1068985,1069488.168,1069119,1068985,32.16800000006333,2689,1069488168	ID:1	[INFO: Metric    ] METRIC_RX type=REAL src=5 seq=104 send_ms=1069119 recv_ms=1068985 bytes=48
TX,REAL,3,,103,48,1071045.0,1070381,1071045.0,,,,2692,1071045000	ID:3	[INFO: Metric    ] METRIC_TX type=REAL node=3 seq=103 bytes=48 time_ms=1070381
RX,REAL,,3,103,48,1071080.168,1070577,1071080.168,1070381,1070577,35.16800000006333,2693,1071080168	ID:1	[INFO: Metric    ] METRIC_RX type=REAL src=3 seq=103 send_ms=1070381 recv_ms=1070577 bytes=48
TX,REAL,4,,104,48,1071704.0,1071411,1071704.0,,,,2695,1071704000	ID:4	[INFO: Metric    ] METRIC_TX type=REAL node=4 seq=104 bytes=48 time_ms=1071411
RX,REAL,,4,104,48,1071765.168,1071262,1071765.168,1071411,1071262,61.16800000006333,2696,1071765168	ID:1	[INFO: Metric    ] METRIC_RX type=REAL src=4 seq=104 send_ms=1071411 recv_ms=1071262 bytes=48
TX,REAL,6,,108,48,1075511.0,1074572,1075511.0,,,,2698,1075511000	ID:6	[INFO: Metric    ] METRIC_TX type=REAL node=6 seq=108 bytes=48 time_ms=1074572
RX,REAL,,6,108,48,1075542.88,1075039,1075542.88,1074572,1075039,31.87999999988824,2699,1075542880	ID:1	[INFO: Metric    ] METRIC_RX type=REAL src=6 seq=108 send_ms=1074572 recv_ms=1075039 bytes=48
TX,REAL,2,,104,48,1076141.0,1075278,1076141.0,,,,2701,1076141000	ID:2	[INFO: Metric    ] METRIC_TX type=REAL node=2 seq=104 bytes=48 time_ms=1075278
RX,REAL,,2,104,48,1076153.88,1075650,1076153.88,1075278,1075650,12.879999999888241,2702,1076153880	ID:1	[INFO: Metric    ] METRIC_RX type=REAL src=2 seq=104 send_ms=1075278 recv_ms=1075650 bytes=48
TX,REAL,7,,105,48,1077316.0,1076997,1077316.0,,,,2704,1077316000	ID:7	[INFO: Metric    ] METRIC_TX type=REAL node=7 seq=105 bytes=48 time_ms=1076997
RX,REAL,,7,105,48,1077347.88,1076844,1077347.88,1076997,1076844,31.87999999988824,2705,1077347880	ID:1	[INFO: Metric    ] METRIC_RX type=REAL src=7 seq=105 send_ms=1076997 recv_ms=1076844 bytes=48
TX,REAL,5,,105,48,1079457.0,1079120,1079457.0,,,,2707,1079457000	ID:5	[INFO: Metric    ] METRIC_TX type=REAL node=5 seq=105 bytes=48 time_ms=1079120
RX,REAL,,5,105,48,1079514.168,1079011,1079514.168,1079120,1079011,57.16800000006333,2708,1079514168	ID:1	[INFO: Metric    ] METRIC_RX type=REAL src=5 seq=105 send_ms=1079120 recv_ms=1079011 bytes=48
TX,REAL,4,,105,48,1082705.0,1082412,1082705.0,,,,2710,1082705000	ID:4	[INFO: Metric    ] METRIC_TX type=REAL node=4 seq=105 bytes=48 time_ms=1082412
RX,REAL,,4,105,48,1082767.168,1082264,1082767.168,1082412,1082264,62.16800000006333,2711,1082767168	ID:1	[INFO: Metric    ] METRIC_RX type=REAL src=4 seq=105 send_ms=1082412 recv_ms=1082264 bytes=48
TX,REAL,3,,104,48,1083046.0,1082382,1083046.0,,,,2713,1083046000	ID:3	[INFO: Metric    ] METRIC_TX type=REAL node=3 seq=104 bytes=48 time_ms=1082382
RX,REAL,,3,104,48,1083095.168,1082592,1083095.168,1082382,1082592,49.16800000006333,2714,1083095168	ID:1	[INFO: Metric    ] METRIC_RX type=REAL src=3 seq=104 send_ms=1082382 recv_ms=1082592 bytes=48
TX,REAL,2,,105,48,1085142.0,1084279,1085142.0,,,,2716,1085142000	ID:2	[INFO: Metric    ] METRIC_TX type=REAL node=2 seq=105 bytes=48 time_ms=1084279
RX,REAL,,2,105,48,1085181.88,1084678,1085181.88,1084279,1084678,39.87999999988824,2717,1085181880	ID:1	[INFO: Metric    ] METRIC_RX type=REAL src=2 seq=105 send_ms=1084279 recv_ms=1084678 bytes=48
TX,REAL,7,,106,48,1087317.0,1086998,1087317.0,,,,2719,1087317000	ID:7	[INFO: Metric    ] METRIC_TX type=REAL node=7 seq=106 bytes=48 time_ms=1086998
RX,REAL,,7,106,48,1087344.88,1086841,1087344.88,1086998,1086841,27.87999999988824,2720,1087344880	ID:1	[INFO: Metric    ] METRIC_RX type=REAL src=7 seq=106 send_ms=1086998 recv_ms=1086841 bytes=48
TX,REAL,6,,109,48,1087512.0,1086573,1087512.0,,,,2723,1087512000	ID:6	[INFO: Metric    ] METRIC_TX type=REAL node=6 seq=109 bytes=48 time_ms=1086573
RX,REAL,,6,109,48,1087522.88,1087019,1087522.88,1086573,1087019,10.879999999888241,2724,1087522880	ID:1	[INFO: Metric    ] METRIC_RX type=REAL src=6 seq=109 send_ms=1086573 recv_ms=1087019 bytes=48
TX,REAL,5,,106,48,1088458.0,1088121,1088458.0,,,,2726,1088458000	ID:5	[INFO: Metric    ] METRIC_TX type=REAL node=5 seq=106 bytes=48 time_ms=1088121
RX,REAL,,5,106,48,1088471.304,1087968,1088471.304,1088121,1087968,13.304000000003725,2727,1088471304	ID:1	[INFO: Metric    ] METRIC_RX type=REAL src=5 seq=106 send_ms=1088121 recv_ms=1087968 bytes=48
TX,REAL,3,,105,48,1093047.0,1092383,1093047.0,,,,2729,1093047000	ID:3	[INFO: Metric    ] METRIC_TX type=REAL node=3 seq=105 bytes=48 time_ms=1092383
RX,REAL,,3,105,48,1093111.168,1092608,1093111.168,1092383,1092608,64.16800000006333,2730,1093111168	ID:1	[INFO: Metric    ] METRIC_RX type=REAL src=3 seq=105 send_ms=1092383 recv_ms=1092608 bytes=48
TX,REAL,2,,106,48,1094143.0,1093280,1094143.0,,,,2732,1094143000	ID:2	[INFO: Metric    ] METRIC_TX type=REAL node=2 seq=106 bytes=48 time_ms=1093280
RX,REAL,,2,106,48,1094154.88,1093651,1094154.88,1093280,1093651,11.879999999888241,2733,1094154880	ID:1	[INFO: Metric    ] METRIC_RX type=REAL src=2 seq=106 send_ms=1093280 recv_ms=1093651 bytes=48
TX,REAL,4,,106,48,1094706.0,1094413,1094706.0,,,,2735,1094706000	ID:4	[INFO: Metric    ] METRIC_TX type=REAL node=4 seq=106 bytes=48 time_ms=1094413
RX,REAL,,4,106,48,1094721.304,1094218,1094721.304,1094413,1094218,15.304000000003725,2736,1094721304	ID:1	[INFO: Metric    ] METRIC_RX type=REAL src=4 seq=106 send_ms=1094413 recv_ms=1094218 bytes=48
TX,REAL,6,,110,48,1097513.0,1096574,1097513.0,,,,2740,1097513000	ID:6	[INFO: Metric    ] METRIC_TX type=REAL node=6 seq=110 bytes=48 time_ms=1096574
RX,REAL,,6,110,48,1097546.88,1097043,1097546.88,1096574,1097043,33.87999999988824,2741,1097546880	ID:1	[INFO: Metric    ] METRIC_RX type=REAL src=6 seq=110 send_ms=1096574 recv_ms=1097043 bytes=48
TX,REAL,5,,107,48,1098459.0,1098122,1098459.0,,,,2743,1098459000	ID:5	[INFO: Metric    ] METRIC_TX type=REAL node=5 seq=107 bytes=48 time_ms=1098122
TX,DUMMY,5,,28,48,1098460.0,1098123,1098460.0,,,,2744,1098460000	ID:5	[INFO: Metric    ] METRIC_TX type=DUMMY node=5 seq=28 bytes=48 time_ms=1098123
RX,REAL,,5,107,48,1098519.168,1098016,1098519.168,1098122,1098016,60.16800000006333,2745,1098519168	ID:1	[INFO: Metric    ] METRIC_RX type=REAL src=5 seq=107 send_ms=1098122 recv_ms=1098016 bytes=48
RX,DUMMY,,5,28,48,1098595.168,1098092,1098595.168,1098123,1098092,,2746,1098595168	ID:1	[INFO: Metric    ] METRIC_RX type=DUMMY src=5 seq=28 send_ms=1098123 recv_ms=1098092 bytes=48
TX,REAL,7,,107,48,1099318.0,1098999,1099318.0,,,,2749,1099318000	ID:7	[INFO: Metric    ] METRIC_TX type=REAL node=7 seq=107 bytes=48 time_ms=1098999
RX,REAL,,7,107,48,1099335.88,1098832,1099335.88,1098999,1098832,17.87999999988824,2750,1099335880	ID:1	[INFO: Metric    ] METRIC_RX type=REAL src=7 seq=107 send_ms=1098999 recv_ms=1098832 bytes=48
TX,REAL,3,,106,48,1104048.0,1103384,1104048.0,,,,2752,1104048000	ID:3	[INFO: Metric    ] METRIC_TX type=REAL node=3 seq=106 bytes=48 time_ms=1103384
RX,REAL,,3,106,48,1104096.304,1103593,1104096.304,1103384,1103593,48.304000000003725,2753,1104096304	ID:1	[INFO: Metric    ] METRIC_RX type=REAL src=3 seq=106 send_ms=1103384 recv_ms=1103593 bytes=48
TX,REAL,4,,107,48,1104707.0,1104414,1104707.0,,,,2756,1104707000	ID:4	[INFO: Metric    ] METRIC_TX type=REAL node=4 seq=107 bytes=48 time_ms=1104414
RX,REAL,,4,107,48,1104758.168,1104255,1104758.168,1104414,1104255,51.16800000006333,2757,1104758168	ID:1	[INFO: Metric    ] METRIC_RX type=REAL src=4 seq=107 send_ms=1104414 recv_ms=1104255 bytes=48
TX,REAL,2,,107,48,1105144.0,1104281,1105144.0,,,,2759,1105144000	ID:2	[INFO: Metric    ] METRIC_TX type=REAL node=2 seq=107 bytes=48 time_ms=1104281
RX,REAL,,2,107,48,1105183.88,1104680,1105183.88,1104281,1104680,39.87999999988824,2760,1105183880	ID:1	[INFO: Metric    ] METRIC_RX type=REAL src=2 seq=107 send_ms=1104281 recv_ms=1104680 bytes=48
TX,REAL,5,,108,48,1108461.0,1108124,1108461.0,,,,2762,1108461000	ID:5	[INFO: Metric    ] METRIC_TX type=REAL node=5 seq=108 bytes=48 time_ms=1108124
TX,DUMMY,5,,29,48,1108462.0,1108125,1108462.0,,,,2763,1108462000	ID:5	[INFO: Metric    ] METRIC_TX type=DUMMY node=5 seq=29 bytes=48 time_ms=1108125
RX,REAL,,5,108,48,1108492.168,1107989,1108492.168,1108124,1107989,31.16800000006333,2764,1108492168	ID:1	[INFO: Metric    ] METRIC_RX type=REAL src=5 seq=108 send_ms=1108124 recv_ms=1107989 bytes=48
RX,DUMMY,,5,29,48,1108538.304,1108035,1108538.304,1108125,1108035,,2765,1108538304	ID:1	[INFO: Metric    ] METRIC_RX type=DUMMY src=5 seq=29 send_ms=1108125 recv_ms=1108035 bytes=48
TX,REAL,6,,111,48,1109514.0,1108575,1109514.0,,,,2768,1109514000	ID:6	[INFO: Metric    ] METRIC_TX type=REAL node=6 seq=111 bytes=48 time_ms=1108575
TX,DUMMY,6,,31,48,1109515.0,1108576,1109515.0,,,,2769,1109515000	ID:6	[INFO: Metric    ] METRIC_TX type=DUMMY node=6 seq=31 bytes=48 time_ms=1108576
RX,REAL,,6,111,48,1109520.88,1109017,1109520.88,1108575,1109017,6.879999999888241,2770,1109520880	ID:1	[INFO: Metric    ] METRIC_RX type=REAL src=6 seq=111 send_ms=1108575 recv_ms=1109017 bytes=48
RX,DUMMY,,6,31,48,1109555.88,1109052,1109555.88,1108576,1109052,,2772,1109555880	ID:1	[INFO: Metric    ] METRIC_RX type=DUMMY src=6 seq=31 send_ms=1108576 recv_ms=1109052 bytes=48
TX,REAL,7,,108,48,1110319.0,1110000,1110319.0,,,,2774,1110319000	ID:7	[INFO: Metric    ] METRIC_TX type=REAL node=7 seq=108 bytes=48 time_ms=1110000
RX,REAL,,7,108,48,1110352.88,1109849,1110352.88,1110000,1109849,33.87999999988824,2775,1110352880	ID:1	[INFO: Metric    ] METRIC_RX type=REAL src=7 seq=108 send_ms=1110000 recv_ms=1109849 bytes=48
TX,REAL,4,,108,48,1113708.0,1113415,1113708.0,,,,2777,1113708000	ID:4	[INFO: Metric    ] METRIC_TX type=REAL node=4 seq=108 bytes=48 time_ms=1113415
RX,REAL,,4,108,48,1113791.168,1113288,1113791.168,1113415,1113288,83.16800000006333,2778,1113791168	ID:1	[INFO: Metric    ] METRIC_RX type=REAL src=4 seq=108 send_ms=1113415 recv_ms=1113288 bytes=48
TX,REAL,3,,107,48,1114049.0,1113385,1114049.0,,,,2780,1114049000	ID:3	[INFO: Metric    ] METRIC_TX type=REAL node=3 seq=107 bytes=48 time_ms=1113385
RX,REAL,,3,107,48,1114097.168,1113594,1114097.168,1113385,1113594,48.16800000006333,2781,1114097168	ID:1	[INFO: Metric    ] METRIC_RX type=REAL src=3 seq=107 send_ms=1113385 recv_ms=1113594 bytes=48
TX,REAL,2,,108,48,1116145.0,1115282,1116145.0,,,,2783,1116145000	ID:2	[INFO: Metric    ] METRIC_TX type=REAL node=2 seq=108 bytes=48 time_ms=1115282
TX,DUMMY,2,,29,48,1116146.0,1115283,1116146.0,,,,2784,1116146000	ID:2	[INFO: Metric    ] METRIC_TX type=DUMMY node=2 seq=29 bytes=48 time_ms=1115283
RX,REAL,,2,108,48,1116189.88,1115686,1116189.88,1115282,1115686,44.87999999988824,2785,1116189880	ID:1	[INFO: Metric    ] METRIC_RX type=REAL src=2 seq=108 send_ms=1115282 recv_ms=1115686 bytes=48
RX,DUMMY,,2,29,48,1116218.88,1115715,1116218.88,1115283,1115715,,2787,1116218880	ID:1	[INFO: Metric    ] METRIC_RX type=DUMMY src=2 seq=29 send_ms=1115283 recv_ms=1115715 bytes=48
TX,REAL,5,,109,48,1117463.0,1117126,1117463.0,,,,2790,1117463000	ID:5	[INFO: Metric    ] METRIC_TX type=REAL node=5 seq=109 bytes=48 time_ms=1117126
RX,REAL,,5,109,48,1117502.168,1116999,1117502.168,1117126,1116999,39.16800000006333,2791,1117502168	ID:1	[INFO: Metric    ] METRIC_RX type=REAL src=5 seq=109 send_ms=1117126 recv_ms=1116999 bytes=48
TX,REAL,6,,112,48,1117516.0,1116577,1117516.0,,,,2792,1117516000	ID:6	[INFO: Metric    ] METRIC_TX type=REAL node=6 seq=112 bytes=48 time_ms=1116577
TX,DUMMY,6,,32,48,1117517.0,1116578,1117517.0,,,,2793,1117517000	ID:6	[INFO: Metric    ] METRIC_TX type=DUMMY node=6 seq=32 bytes=48 time_ms=1116578
RX,REAL,,6,112,48,1117541.88,1117038,1117541.88,1116577,1117038,25.87999999988824,2795,1117541880	ID:1	[INFO: Metric    ] METRIC_RX type=REAL src=6 seq=112 send_ms=1116577 recv_ms=1117038 bytes=48
RX,DUMMY,,6,32,48,1117570.88,1117067,1117570.88,1116578,1117067,,2796,1117570880	ID:1	[INFO: Metric    ] METRIC_RX type=DUMMY src=6 seq=32 send_ms=1116578 recv_ms=1117067 bytes=48
TX,REAL,7,,109,48,1122320.0,1122001,1122320.0,,,,2799,1122320000	ID:7	[INFO: Metric    ] METRIC_TX type=REAL node=7 seq=109 bytes=48 time_ms=1122001
RX,REAL,,7,109,48,1122326.88,1121823,1122326.88,1122001,1121823,6.879999999888241,2800,1122326880	ID:1	[INFO: Metric    ] METRIC_RX type=REAL src=7 seq=109 send_ms=1122001 recv_ms=1121823 bytes=48
TX,REAL,4,,109,48,1122709.0,1122416,1122709.0,,,,2802,1122709000	ID:4	[INFO: Metric    ] METRIC_TX type=REAL node=4 seq=109 bytes=48 time_ms=1122416
RX,REAL,,4,109,48,1122734.168,1122231,1122734.168,1122416,1122231,25.16800000006333,2803,1122734168	ID:1	[INFO: Metric    ] METRIC_RX type=REAL src=4 seq=109 send_ms=1122416 recv_ms=1122231 bytes=48
TX,REAL,3,,108,48,1125050.0,1124386,1125050.0,,,,2805,1125050000	ID:3	[INFO: Metric    ] METRIC_TX type=REAL node=3 seq=108 bytes=48 time_ms=1124386
RX,REAL,,3,108,48,1125103.168,1124600,1125103.168,1124386,1124600,53.16800000006333,2806,1125103168	ID:1	[INFO: Metric    ] METRIC_RX type=REAL src=3 seq=108 send_ms=1124386 recv_ms=1124600 bytes=48
TX,REAL,5,,110,48,1126464.0,1126127,1126464.0,,,,2810,1126464000	ID:5	[INFO: Metric    ] METRIC_TX type=REAL node=5 seq=110 bytes=48 time_ms=1126127
RX,REAL,,5,110,48,1126517.168,1126014,1126517.168,1126127,1126014,53.16800000006333,2811,1126517168	ID:1	[INFO: Metric    ] METRIC_RX type=REAL src=5 seq=110 send_ms=1126127 recv_ms=1126014 bytes=48
TX,REAL,6,,113,48,1127518.0,1126579,1127518.0,,,,2813,1127518000	ID:6	[INFO: Metric    ] METRIC_TX type=REAL node=6 seq=113 bytes=48 time_ms=1126579
TX,DUMMY,6,,33,48,1127519.0,1126580,1127519.0,,,,2814,1127519000	ID:6	[INFO: Metric    ] METRIC_TX type=DUMMY node=6 seq=33 bytes=48 time_ms=1126580
RX,REAL,,6,113,48,1127554.88,1127051,1127554.88,1126579,1127051,36.87999999988824,2815,1127554880	ID:1	[INFO: Metric    ] METRIC_RX type=REAL src=6 seq=113 send_ms=1126579 recv_ms=1127051 bytes=48
RX,DUMMY,,6,33,48,1127588.88,1127085,1127588.88,1126580,1127085,,2817,1127588880	ID:1	[INFO: Metric    ] METRIC_RX type=DUMMY src=6 seq=33 send_ms=1126580 recv_ms=1127085 bytes=48
TX,REAL,2,,109,48,1128147.0,1127284,1128147.0,,,,2820,1128147000	ID:2	[INFO: Metric    ] METRIC_TX type=REAL node=2 seq=109 bytes=48 time_ms=1127284
TX,DUMMY,2,,30,48,1128148.0,1127285,1128148.0,,,,2821,1128148000	ID:2	[INFO: Metric    ] METRIC_TX type=DUMMY node=2 seq=30 bytes=48 time_ms=1127285
RX,REAL,,2,109,48,1128167.88,1127664,1128167.88,1127284,1127664,20.87999999988824,2822,1128167880	ID:1	[INFO: Metric    ] METRIC_RX type=REAL src=2 seq=109 send_ms=1127284 recv_ms=1127664 bytes=48
RX,DUMMY,,2,30,48,1128189.88,1127686,1128189.88,1127285,1127686,,2823,1128189880	ID:1	[INFO: Metric    ] METRIC_RX type=DUMMY src=2 seq=30 send_ms=1127285 recv_ms=1127686 bytes=48
TX,REAL,4,,110,48,1131710.0,1131417,1131710.0,,,,2828,1131710000	ID:4	[INFO: Metric    ] METRIC_TX type=REAL node=4 seq=110 bytes=48 time_ms=1131417
RX,REAL,,4,110,48,1131737.304,1131234,1131737.304,1131417,1131234,27.304000000003725,2829,1131737304	ID:1	[INFO: Metric    ] METRIC_RX type=REAL src=4 seq=110 send_ms=1131417 recv_ms=1131234 bytes=48
TX,REAL,7,,110,48,1134321.0,1134002,1134321.0,,,,2833,1134321000	ID:7	[INFO: Metric    ] METRIC_TX type=REAL node=7 seq=110 bytes=48 time_ms=1134002
TX,DUMMY,7,,31,48,1134322.0,1134003,1134322.0,,,,2834,1134322000	ID:7	[INFO: Metric    ] METRIC_TX type=DUMMY node=7 seq=31 bytes=48 time_ms=1134003
RX,REAL,,7,110,48,1134335.88,1133832,1134335.88,1134002,1133832,14.879999999888241,2835,1134335880	ID:1	[INFO: Metric    ] METRIC_RX type=REAL src=7 seq=110 send_ms=1134002 recv_ms=1133832 bytes=48
RX,DUMMY,,7,31,48,1134364.76,1133861,1134364.76,1134003,1133861,,2837,1134364760	ID:1	[INFO: Metric    ] METRIC_RX type=DUMMY src=7 seq=31 send_ms=1134003 recv_ms=1133861 bytes=48
TX,REAL,2,,110,48,1136149.0,1135286,1136149.0,,,,2841,1136149000	ID:2	[INFO: Metric    ] METRIC_TX type=REAL node=2 seq=110 bytes=48 time_ms=1135286
RX,REAL,,2,110,48,1136154.88,1135651,1136154.88,1135286,1135651,5.879999999888241,2842,1136154880	ID:1	[INFO: Metric    ] METRIC_RX type=REAL src=2 seq=110 send_ms=1135286 recv_ms=1135651 bytes=48
TX,REAL,3,,109,48,1137051.0,1136387,1137051.0,,,,2844,1137051000	ID:3	[INFO: Metric    ] METRIC_TX type=REAL node=3 seq=109 bytes=48 time_ms=1136387
RX,REAL,,3,109,48,1137110.168,1136607,1137110.168,1136387,1136607,59.16800000006333,2845,1137110168	ID:1	[INFO: Metric    ] METRIC_RX type=REAL src=3 seq=109 send_ms=1136387 recv_ms=1136607 bytes=48
TX,REAL,5,,111,48,1137465.0,1137128,1137465.0,,,,2847,1137465000	ID:5	[INFO: Metric    ] METRIC_TX type=REAL node=5 seq=111 bytes=48 time_ms=1137128
TX,REAL,6,,114,48,1137520.0,1136581,1137520.0,,,,2848,1137520000	ID:6	[INFO: Metric    ] METRIC_TX type=REAL node=6 seq=114 bytes=48 time_ms=1136581
RX,REAL,,5,111,48,1137541.168,1137038,1137541.168,1137128,1137038,76.16800000006333,2849,1137541168	ID:1	[INFO: Metric    ] METRIC_RX type=REAL src=5 seq=111 send_ms=1137128 recv_ms=1137038 bytes=48
RX,REAL,,6,114,48,1137602.88,1137099,1137602.88,1136581,1137099,82.87999999988824,2851,1137602880	ID:1	[INFO: Metric    ] METRIC_RX type=REAL src=6 seq=114 send_ms=1136581 recv_ms=1137099 bytes=48
TX,REAL,4,,111,48,1140711.0,1140418,1140711.0,,,,2853,1140711000	ID:4	[INFO: Metric    ] METRIC_TX type=REAL node=4 seq=111 bytes=48 time_ms=1140418
TX,DUMMY,4,,24,48,1140712.0,1140419,1140712.0,,,,2854,1140712000	ID:4	[INFO: Metric    ] METRIC_TX type=DUMMY node=4 seq=24 bytes=48 time_ms=1140419
RX,REAL,,4,111,48,1140739.168,1140236,1140739.168,1140418,1140236,28.16800000006333,2855,1140739168	ID:1	[INFO: Metric    ] METRIC_RX type=REAL src=4 seq=111 send_ms=1140418 recv_ms=1140236 bytes=48
RX,DUMMY,,4,24,48,1140799.168,1140296,1140799.168,1140419,1140296,,2858,1140799168	ID:1	[INFO: Metric    ] METRIC_RX type=DUMMY src=4 seq=24 send_ms=1140419 recv_ms=1140296 bytes=48
TX,REAL,3,,110,48,1145052.0,1144388,1145052.0,,,,2862,1145052000	ID:3	[INFO: Metric    ] METRIC_TX type=REAL node=3 seq=110 bytes=48 time_ms=1144388
RX,REAL,,3,110,48,1145078.168,1144575,1145078.168,1144388,1144575,26.16800000006333,2863,1145078168	ID:1	[INFO: Metric    ] METRIC_RX type=REAL src=3 seq=110 send_ms=1144388 recv_ms=1144575 bytes=48
TX,REAL,5,,112,48,1145466.0,1145129,1145466.0,,,,2865,1145466000	ID:5	[INFO: Metric    ] METRIC_TX type=REAL node=5 seq=112 bytes=48 time_ms=1145129
TX,REAL,6,,115,48,1145520.072,1144582,1145520.072,,,,2866,1145520072	ID:6	[INFO: Metric    ] METRIC_TX type=REAL node=6 seq=115 bytes=48 time_ms=1144582
RX,REAL,,5,112,48,1145520.168,1145017,1145520.168,1145129,1145017,54.16800000006333,2867,1145520168	ID:1	[INFO: Metric    ] METRIC_RX type=REAL src=5 seq=112 send_ms=1145129 recv_ms=1145017 bytes=48
RX,REAL,,6,115,48,1145564.88,1145061,1145564.88,1144582,1145061,44.807999999960884,2868,1145564880	ID:1	[INFO: Metric    ] METRIC_RX type=REAL src=6 seq=115 send_ms=1144582 recv_ms=1145061 bytes=48
TX,REAL,7,,111,48,1146323.0,1146004,1146323.0,,,,2871,1146323000	ID:7	[INFO: Metric    ] METRIC_TX type=REAL node=7 seq=111 bytes=48 time_ms=1146004
RX,REAL,,7,111,48,1146333.88,1145830,1146333.88,1146004,1145830,10.879999999888241,2872,1146333880	ID:1	[INFO: Metric    ] METRIC_RX type=REAL src=7 seq=111 send_ms=1146004 recv_ms=1145830 bytes=48
TX,REAL,2,,111,48,1148150.0,1147287,1148150.0,,,,2874,1148150000	ID:2	[INFO: Metric    ] METRIC_TX type=REAL node=2 seq=111 bytes=48 time_ms=1147287
RX,REAL,,2,111,48,1148188.88,1147685,1148188.88,1147287,1147685,38.87999999988824,2875,1148188880	ID:1	[INFO: Metric    ] METRIC_RX type=REAL src=2 seq=111 send_ms=1147287 recv_ms=1147685 bytes=48
TX,REAL,4,,112,48,1150713.0,1150420,1150713.0,,,,2877,1150713000	ID:4	[INFO: Metric    ] METRIC_TX type=REAL node=4 seq=112 bytes=48 time_ms=1150420
RX,REAL,,4,112,48,1150746.304,1150243,1150746.304,1150420,1150243,33.304000000003725,2878,1150746304	ID:1	[INFO: Metric    ] METRIC_RX type=REAL src=4 seq=112 send_ms=1150420 recv_ms=1150243 bytes=48
TX,REAL,3,,111,48,1153053.0,1152389,1153053.0,,,,2880,1153053000	ID:3	[INFO: Metric    ] METRIC_TX type=REAL node=3 seq=111 bytes=48 time_ms=1152389
TX,DUMMY,3,,28,48,1153054.0,1152390,1153054.0,,,,2881,1153054000	ID:3	[INFO: Metric    ] METRIC_TX type=DUMMY node=3 seq=28 bytes=48 time_ms=1152390
RX,REAL,,3,111,48,1153067.304,1152564,1153067.304,1152389,1152564,14.304000000003725,2882,1153067304	ID:1	[INFO: Metric    ] METRIC_RX type=REAL src=3 seq=111 send_ms=1152389 recv_ms=1152564 bytes=48
RX,DUMMY,,3,28,48,1153120.168,1152617,1153120.168,1152390,1152617,,2883,1153120168	ID:1	[INFO: Metric    ] METRIC_RX type=DUMMY src=3 seq=28 send_ms=1152390 recv_ms=1152617 bytes=48
TX,REAL,5,,113,48,1156467.0,1156130,1156467.0,,,,2886,1156467000	ID:5	[INFO: Metric    ] METRIC_TX type=REAL node=5 seq=113 bytes=48 time_ms=1156130
RX,REAL,,5,113,48,1156519.168,1156016,1156519.168,1156130,1156016,52.16800000006333,2887,1156519168	ID:1	[INFO: Metric    ] METRIC_RX type=REAL src=5 seq=113 send_ms=1156130 recv_ms=1156016 bytes=48
TX,REAL,6,,116,48,1157521.0,1156582,1157521.0,,,,2890,1157521000	ID:6	[INFO: Metric    ] METRIC_TX type=REAL node=6 seq=116 bytes=48 time_ms=1156582
RX,REAL,,6,116,48,1157564.88,1157061,1157564.88,1156582,1157061,43.87999999988824,2891,1157564880	ID:1	[INFO: Metric    ] METRIC_RX type=REAL src=6 seq=116 send_ms=1156582 recv_ms=1157061 bytes=48
TX,REAL,7,,112,48,1158324.0,1158005,1158324.0,,,,2893,1158324000	ID:7	[INFO: Metric    ] METRIC_TX type=REAL node=7 seq=112 bytes=48 time_ms=1158005
TX,DUMMY,7,,32,48,1158325.0,1158006,1158325.0,,,,2894,1158325000	ID:7	[INFO: Metric    ] METRIC_TX type=DUMMY node=7 seq=32 bytes=48 time_ms=1158006
RX,REAL,,7,112,48,1158337.88,1157834,1158337.88,1158005,1157834,13.879999999888241,2895,1158337880	ID:1	[INFO: Metric    ] METRIC_RX type=REAL src=7 seq=112 send_ms=1158005 recv_ms=1157834 bytes=48
RX,DUMMY,,7,32,48,1158356.88,1157853,1158356.88,1158006,1157853,,2897,1158356880	ID:1	[INFO: Metric    ] METRIC_RX type=DUMMY src=7 seq=32 send_ms=1158006 recv_ms=1157853 bytes=48
TX,REAL,2,,112,48,1159151.0,1158288,1159151.0,,,,2899,1159151000	ID:2	[INFO: Metric    ] METRIC_TX type=REAL node=2 seq=112 bytes=48 time_ms=1158288
RX,REAL,,2,112,48,1159177.88,1158674,1159177.88,1158288,1158674,26.87999999988824,2900,1159177880	ID:1	[INFO: Metric    ] METRIC_RX type=REAL src=2 seq=112 send_ms=1158288 recv_ms=1158674 bytes=48
TX,REAL,4,,113,48,1159714.0,1159421,1159714.0,,,,2902,1159714000	ID:4	[INFO: Metric    ] METRIC_TX type=REAL node=4 seq=113 bytes=48 time_ms=1159421
RX,REAL,,4,113,48,1159753.168,1159250,1159753.168,1159421,1159250,39.16800000006333,2903,1159753168	ID:1	[INFO: Metric    ] METRIC_RX type=REAL src=4 seq=113 send_ms=1159421 recv_ms=1159250 bytes=48
TX,REAL,3,,112,48,1162055.0,1161391,1162055.0,,,,2905,1162055000	ID:3	[INFO: Metric    ] METRIC_TX type=REAL node=3 seq=112 bytes=48 time_ms=1161391
RX,REAL,,3,112,48,1162095.168,1161592,1162095.168,1161391,1161592,40.16800000006333,2906,1162095168	ID:1	[INFO: Metric    ] METRIC_RX type=REAL src=3 seq=112 send_ms=1161391 recv_ms=1161592 bytes=48
TX,REAL,5,,114,48,1168468.0,1168131,1168468.0,,,,2908,1168468000	ID:5	[INFO: Metric    ] METRIC_TX type=REAL node=5 seq=114 bytes=48 time_ms=1168131
RX,REAL,,5,114,48,1168508.168,1168005,1168508.168,1168131,1168005,40.16800000006333,2909,1168508168	ID:1	[INFO: Metric    ] METRIC_RX type=REAL src=5 seq=114 send_ms=1168131 recv_ms=1168005 bytes=48
TX,REAL,6,,117,48,1168522.0,1167583,1168522.0,,,,2910,1168522000	ID:6	[INFO: Metric    ] METRIC_TX type=REAL node=6 seq=117 bytes=48 time_ms=1167583
RX,REAL,,6,117,48,1168561.88,1168058,1168561.88,1167583,1168058,39.87999999988824,2911,1168561880	ID:1	[INFO: Metric    ] METRIC_RX type=REAL src=6 seq=117 send_ms=1167583 recv_ms=1168058 bytes=48
TX,REAL,7,,113,48,1169326.0,1169007,1169326.0,,,,2914,1169326000	ID:7	[INFO: Metric    ] METRIC_TX type=REAL node=7 seq=113 bytes=48 time_ms=1169007
TX,DUMMY,7,,33,48,1169327.0,1169008,1169327.0,,,,2915,1169327000	ID:7	[INFO: Metric    ] METRIC_TX type=DUMMY node=7 seq=33 bytes=48 time_ms=1169008
RX,REAL,,7,113,48,1169356.88,1168853,1169356.88,1169007,1168853,30.87999999988824,2916,1169356880	ID:1	[INFO: Metric    ] METRIC_RX type=REAL src=7 seq=113 send_ms=1169007 recv_ms=1168853 bytes=48
RX,DUMMY,,7,33,48,1169391.88,1168888,1169391.88,1169008,1168888,,2917,1169391880	ID:1	[INFO: Metric    ] METRIC_RX type=DUMMY src=7 seq=33 send_ms=1169008 recv_ms=1168888 bytes=48
TX,REAL,3,,113,48,1170056.0,1169392,1170056.0,,,,2921,1170056000	ID:3	[INFO: Metric    ] METRIC_TX type=REAL node=3 seq=113 bytes=48 time_ms=1169392
RX,REAL,,3,113,48,1170116.168,1169613,1170116.168,1169392,1169613,60.16800000006333,2922,1170116168	ID:1	[INFO: Metric    ] METRIC_RX type=REAL src=3 seq=113 send_ms=1169392 recv_ms=1169613 bytes=48
TX,REAL,2,,113,48,1170152.0,1169289,1170152.0,,,,2923,1170152000	ID:2	[INFO: Metric    ] METRIC_TX type=REAL node=2 seq=113 bytes=48 time_ms=1169289
RX,REAL,,2,113,48,1170189.88,1169686,1170189.88,1169289,1169686,37.87999999988824,2924,1170189880	ID:1	[INFO: Metric    ] METRIC_RX type=REAL src=2 seq=113 send_ms=1169289 recv_ms=1169686 bytes=48
TX,REAL,4,,114,48,1170715.0,1170422,1170715.0,,,,2927,1170715000	ID:4	[INFO: Metric    ] METRIC_TX type=REAL node=4 seq=114 bytes=48 time_ms=1170422
RX,REAL,,4,114,48,1170776.168,1170273,1170776.168,1170422,1170273,61.16800000006333,2928,1170776168	ID:1	[INFO: Metric    ] METRIC_RX type=REAL src=4 seq=114 send_ms=1170422 recv_ms=1170273 bytes=48
TX,REAL,5,,115,48,1176469.0,1176132,1176469.0,,,,2930,1176469000	ID:5	[INFO: Metric    ] METRIC_TX type=REAL node=5 seq=115 bytes=48 time_ms=1176132
RX,REAL,,5,115,48,1176523.168,1176020,1176523.168,1176132,1176020,54.16800000006333,2931,1176523168	ID:1	[INFO: Metric    ] METRIC_RX type=REAL src=5 seq=115 send_ms=1176132 recv_ms=1176020 bytes=48
TX,REAL,7,,114,48,1180328.0,1180009,1180328.0,,,,2933,1180328000	ID:7	[INFO: Metric    ] METRIC_TX type=REAL node=7 seq=114 bytes=48 time_ms=1180009
TX,DUMMY,7,,34,48,1180329.0,1180010,1180329.0,,,,2934,1180329000	ID:7	[INFO: Metric    ] METRIC_TX type=DUMMY node=7 seq=34 bytes=48 time_ms=1180010
RX,REAL,,7,114,48,1180361.88,1179858,1180361.88,1180009,1179858,33.87999999988824,2935,1180361880	ID:1	[INFO: Metric    ] METRIC_RX type=REAL src=7 seq=114 send_ms=1180009 recv_ms=1179858 bytes=48
RX,DUMMY,,7,34,48,1180406.88,1179903,1180406.88,1180010,1179903,,2937,1180406880	ID:1	[INFO: Metric    ] METRIC_RX type=DUMMY src=7 seq=34 send_ms=1180010 recv_ms=1179903 bytes=48
TX,REAL,6,,118,48,1180523.0,1179584,1180523.0,,,,2939,1180523000	ID:6	[INFO: Metric    ] METRIC_TX type=REAL node=6 seq=118 bytes=48 time_ms=1179584
RX,REAL,,6,118,48,1180552.88,1180049,1180552.88,1179584,1180049,29.87999999988824,2940,1180552880	ID:1	[INFO: Metric    ] METRIC_RX type=REAL src=6 seq=118 send_ms=1179584 recv_ms=1180049 bytes=48
TX,REAL,3,,114,48,1181057.0,1180393,1181057.0,,,,2942,1181057000	ID:3	[INFO: Metric    ] METRIC_TX type=REAL node=3 seq=114 bytes=48 time_ms=1180393
RX,REAL,,3,114,48,1181095.168,1180592,1181095.168,1180393,1180592,38.16800000006333,2943,1181095168	ID:1	[INFO: Metric    ] METRIC_RX type=REAL src=3 seq=114 send_ms=1180393 recv_ms=1180592 bytes=48
TX,REAL,4,,115,48,1181716.0,1181423,1181716.0,,,,2945,1181716000	ID:4	[INFO: Metric    ] METRIC_TX type=REAL node=4 seq=115 bytes=48 time_ms=1181423
RX,REAL,,4,115,48,1181765.168,1181262,1181765.168,1181423,1181262,49.16800000006333,2946,1181765168	ID:1	[INFO: Metric    ] METRIC_RX type=REAL src=4 seq=115 send_ms=1181423 recv_ms=1181262 bytes=48
TX,REAL,2,,114,48,1182153.0,1181290,1182153.0,,,,2948,1182153000	ID:2	[INFO: Metric    ] METRIC_TX type=REAL node=2 seq=114 bytes=48 time_ms=1181290
RX,REAL,,2,114,48,1182196.88,1181693,1182196.88,1181290,1181693,43.87999999988824,2949,1182196880	ID:1	[INFO: Metric    ] METRIC_RX type=REAL src=2 seq=114 send_ms=1181290 recv_ms=1181693 bytes=48
TX,REAL,5,,116,48,1188470.0,1188133,1188470.0,,,,2952,1188470000	ID:5	[INFO: Metric    ] METRIC_TX type=REAL node=5 seq=116 bytes=48 time_ms=1188133
RX,REAL,,5,116,48,1188506.168,1188003,1188506.168,1188133,1188003,36.16800000006333,2953,1188506168	ID:1	[INFO: Metric    ] METRIC_RX type=REAL src=5 seq=116 send_ms=1188133 recv_ms=1188003 bytes=48
TX,REAL,7,,115,48,1190330.0,1190011,1190330.0,,,,2955,1190330000	ID:7	[INFO: Metric    ] METRIC_TX type=REAL node=7 seq=115 bytes=48 time_ms=1190011
RX,REAL,,7,115,48,1190351.88,1189848,1190351.88,1190011,1189848,21.87999999988824,2956,1190351880	ID:1	[INFO: Metric    ] METRIC_RX type=REAL src=7 seq=115 send_ms=1190011 recv_ms=1189848 bytes=48
TX,REAL,6,,119,48,1192524.0,1191585,1192524.0,,,,2958,1192524000	ID:6	[INFO: Metric    ] METRIC_TX type=REAL node=6 seq=119 bytes=48 time_ms=1191585
RX,REAL,,6,119,48,1192555.88,1192052,1192555.88,1191585,1192052,31.87999999988824,2959,1192555880	ID:1	[INFO: Metric    ] METRIC_RX type=REAL src=6 seq=119 send_ms=1191585 recv_ms=1192052 bytes=48
TX,REAL,3,,115,48,1193058.0,1192394,1193058.0,,,,2961,1193058000	ID:3	[INFO: Metric    ] METRIC_TX type=REAL node=3 seq=115 bytes=48 time_ms=1192394
TX,DUMMY,3,,29,48,1193059.0,1192395,1193059.0,,,,2962,1193059000	ID:3	[INFO: Metric    ] METRIC_TX type=DUMMY node=3 seq=29 bytes=48 time_ms=1192395
RX,REAL,,3,115,48,1193084.304,1192581,1193084.304,1192394,1192581,26.304000000003725,2963,1193084304	ID:1	[INFO: Metric    ] METRIC_RX type=REAL src=3 seq=115 send_ms=1192394 recv_ms=1192581 bytes=48
RX,DUMMY,,3,29,48,1193160.168,1192657,1193160.168,1192395,1192657,,2964,1193160168	ID:1	[INFO: Metric    ] METRIC_RX type=DUMMY src=3 seq=29 send_ms=1192395 recv_ms=1192657 bytes=48
TX,REAL,4,,116,48,1193717.0,1193424,1193717.0,,,,2967,1193717000	ID:4	[INFO: Metric    ] METRIC_TX type=REAL node=4 seq=116 bytes=48 time_ms=1193424
TX,DUMMY,4,,25,48,1193718.0,1193425,1193718.0,,,,2968,1193718000	ID:4	[INFO: Metric    ] METRIC_TX type=DUMMY node=4 seq=25 bytes=48 time_ms=1193425
RX,REAL,,4,116,48,1193787.168,1193284,1193787.168,1193424,1193284,70.16800000006333,2969,1193787168	ID:1	[INFO: Metric    ] METRIC_RX type=REAL src=4 seq=116 send_ms=1193424 recv_ms=1193284 bytes=48
RX,DUMMY,,4,25,48,1193811.168,1193308,1193811.168,1193425,1193308,,2970,1193811168	ID:1	[INFO: Metric    ] METRIC_RX type=DUMMY src=4 seq=25 send_ms=1193425 recv_ms=1193308 bytes=48
TX,REAL,2,,115,48,1194154.0,1193291,1194154.0,,,,2973,1194154000	ID:2	[INFO: Metric    ] METRIC_TX type=REAL node=2 seq=115 bytes=48 time_ms=1193291
TX,DUMMY,2,,31,48,1194155.0,1193292,1194155.0,,,,2974,1194155000	ID:2	[INFO: Metric    ] METRIC_TX type=DUMMY node=2 seq=31 bytes=48 time_ms=1193292
RX,REAL,,2,115,48,1194167.88,1193664,1194167.88,1193291,1193664,13.879999999888241,2975,1194167880	ID:1	[INFO: Metric    ] METRIC_RX type=REAL src=2 seq=115 send_ms=1193291 recv_ms=1193664 bytes=48
RX,DUMMY,,2,31,48,1194173.88,1193670,1194173.88,1193292,1193670,,2976,1194173880	ID:1	[INFO: Metric    ] METRIC_RX type=DUMMY src=2 seq=31 send_ms=1193292 recv_ms=1193670 bytes=48
TX,REAL,7,,116,48,1198331.0,1198012,1198331.0,,,,2979,1198331000	ID:7	[INFO: Metric    ] METRIC_TX type=REAL node=7 seq=116 bytes=48 time_ms=1198012
RX,REAL,,7,116,48,1198345.88,1197842,1198345.88,1198012,1197842,14.879999999888241,2980,1198345880	ID:1	[INFO: Metric    ] METRIC_RX type=REAL src=7 seq=116 send_ms=1198012 recv_ms=1197842 bytes=48
TX,REAL,5,,117,48,1198471.0,1198134,1198471.0,,,,2983,1198471000	ID:5	[INFO: Metric    ] METRIC_TX type=REAL node=5 seq=117 bytes=48 time_ms=1198134
TX,DUMMY,5,,30,48,1198472.0,1198135,1198472.0,,,,2984,1198472000	ID:5	[INFO: Metric    ] METRIC_TX type=DUMMY node=5 seq=30 bytes=48 time_ms=1198135
RX,REAL,,5,117,48,1198508.168,1198005,1198508.168,1198134,1198005,37.16800000006333,2985,1198508168	ID:1	[INFO: Metric    ] METRIC_RX type=REAL src=5 seq=117 send_ms=1198134 recv_ms=1198005 bytes=48
RX,DUMMY,,5,30,48,1198546.168,1198043,1198546.168,1198135,1198043,,2986,1198546168	ID:1	[INFO: Metric    ] METRIC_RX type=DUMMY src=5 seq=30 send_ms=1198135 recv_ms=1198043 bytes=48
TX,REAL,4,,117,48,1201719.0,1201426,1201719.0,,,,2989,1201719000	ID:4	[INFO: Metric    ] METRIC_TX type=REAL node=4 seq=117 bytes=48 time_ms=1201426
RX,REAL,,4,117,48,1201764.168,1201261,1201764.168,1201426,1201261,45.16800000006333,2990,1201764168	ID:1	[INFO: Metric    ] METRIC_RX type=REAL src=4 seq=117 send_ms=1201426 recv_ms=1201261 bytes=48
TX,REAL,6,,120,48,1202525.0,1201586,1202525.0,,,,2994,1202525000	ID:6	[INFO: Metric    ] METRIC_TX type=REAL node=6 seq=120 bytes=48 time_ms=1201586
RX,REAL,,6,120,48,1202555.88,1202052,1202555.88,1201586,1202052,30.87999999988824,2995,1202555880	ID:1	[INFO: Metric    ] METRIC_RX type=REAL src=6 seq=120 send_ms=1201586 recv_ms=1202052 bytes=48
TX,REAL,3,,116,48,1204060.0,1203396,1204060.0,,,,2997,1204060000	ID:3	[INFO: Metric    ] METRIC_TX type=REAL node=3 seq=116 bytes=48 time_ms=1203396
TX,DUMMY,3,,30,48,1204061.0,1203397,1204061.0,,,,2998,1204061000	ID:3	[INFO: Metric    ] METRIC_TX type=DUMMY node=3 seq=30 bytes=48 time_ms=1203397
RX,REAL,,3,116,48,1204127.168,1203624,1204127.168,1203396,1203624,67.16800000006333,2999,1204127168	ID:1	[INFO: Metric    ] METRIC_RX type=REAL src=3 seq=116 send_ms=1203396 recv_ms=1203624 bytes=48
TX,REAL,2,,116,48,1204156.0,1203293,1204156.0,,,,3001,1204156000	ID:2	[INFO: Metric    ] METRIC_TX type=REAL node=2 seq=116 bytes=48 time_ms=1203293
RX,DUMMY,,3,30,48,1204183.168,1203680,1204183.168,1203397,1203680,,3002,1204183168	ID:1	[INFO: Metric    ] METRIC_RX type=DUMMY src=3 seq=30 send_ms=1203397 recv_ms=1203680 bytes=48
RX,REAL,,2,116,48,1204212.88,1203709,1204212.88,1203293,1203709,56.87999999988824,3003,1204212880	ID:1	[INFO: Metric    ] METRIC_RX type=REAL src=2 seq=116 send_ms=1203293 recv_ms=1203709 bytes=48
TX,REAL,7,,117,48,1208332.0,1208013,1208332.0,,,,3006,1208332000	ID:7	[INFO: Metric    ] METRIC_TX type=REAL node=7 seq=117 bytes=48 time_ms=1208013
RX,REAL,,7,117,48,1208360.88,1207857,1208360.88,1208013,1207857,28.87999999988824,3007,1208360880	ID:1	[INFO: Metric    ] METRIC_RX type=REAL src=7 seq=117 send_ms=1208013 recv_ms=1207857 bytes=48
TX,REAL,5,,118,48,1209473.0,1209136,1209473.0,,,,3009,1209473000	ID:5	[INFO: Metric    ] METRIC_TX type=REAL node=5 seq=118 bytes=48 time_ms=1209136
RX,REAL,,5,118,48,1209514.168,1209011,1209514.168,1209136,1209011,41.16800000006333,3010,1209514168	ID:1	[INFO: Metric    ] METRIC_RX type=REAL src=5 seq=118 send_ms=1209136 recv_ms=1209011 bytes=48
TX,REAL,4,,118,48,1209720.0,1209427,1209720.0,,,,3012,1209720000	ID:4	[INFO: Metric    ] METRIC_TX type=REAL node=4 seq=118 bytes=48 time_ms=1209427
RX,REAL,,4,118,48,1209803.168,1209300,1209803.168,1209427,1209300,83.16800000006333,3013,1209803168	ID:1	[INFO: Metric    ] METRIC_RX type=REAL src=4 seq=118 send_ms=1209427 recv_ms=1209300 bytes=48
TX,REAL,6,,121,48,1211526.0,1210587,1211526.0,,,,3016,1211526000	ID:6	[INFO: Metric    ] METRIC_TX type=REAL node=6 seq=121 bytes=48 time_ms=1210587
TX,DUMMY,6,,34,48,1211527.0,1210588,1211527.0,,,,3017,1211527000	ID:6	[INFO: Metric    ] METRIC_TX type=DUMMY node=6 seq=34 bytes=48 time_ms=1210588
RX,REAL,,6,121,48,1211538.88,1211035,1211538.88,1210587,1211035,12.879999999888241,3018,1211538880	ID:1	[INFO: Metric    ] METRIC_RX type=REAL src=6 seq=121 send_ms=1210587 recv_ms=1211035 bytes=48
RX,DUMMY,,6,34,48,1211566.76,1211063,1211566.76,1210588,1211063,,3020,1211566760	ID:1	[INFO: Metric    ] METRIC_RX type=DUMMY src=6 seq=34 send_ms=1210588 recv_ms=1211063 bytes=48
TX,REAL,2,,117,48,1213157.0,1212294,1213157.0,,,,3022,1213157000	ID:2	[INFO: Metric    ] METRIC_TX type=REAL node=2 seq=117 bytes=48 time_ms=1212294
RX,REAL,,2,117,48,1213180.88,1212677,1213180.88,1212294,1212677,23.87999999988824,3023,1213180880	ID:1	[INFO: Metric    ] METRIC_RX type=REAL src=2 seq=117 send_ms=1212294 recv_ms=1212677 bytes=48
TX,REAL,3,,117,48,1214062.0,1213398,1214062.0,,,,3025,1214062000	ID:3	[INFO: Metric    ] METRIC_TX type=REAL node=3 seq=117 bytes=48 time_ms=1213398
RX,REAL,,3,117,48,1214141.168,1213638,1214141.168,1213398,1213638,79.16800000006333,3026,1214141168	ID:1	[INFO: Metric    ] METRIC_RX type=REAL src=3 seq=117 send_ms=1213398 recv_ms=1213638 bytes=48
TX,REAL,7,,118,48,1216333.0,1216014,1216333.0,,,,3028,1216333000	ID:7	[INFO: Metric    ] METRIC_TX type=REAL node=7 seq=118 bytes=48 time_ms=1216014
RX,REAL,,7,118,48,1216367.88,1215864,1216367.88,1216014,1215864,34.87999999988824,3029,1216367880	ID:1	[INFO: Metric    ] METRIC_RX type=REAL src=7 seq=118 send_ms=1216014 recv_ms=1215864 bytes=48
TX,REAL,5,,119,48,1217474.0,1217137,1217474.0,,,,3031,1217474000	ID:5	[INFO: Metric    ] METRIC_TX type=REAL node=5 seq=119 bytes=48 time_ms=1217137
RX,REAL,,5,119,48,1217519.168,1217016,1217519.168,1217137,1217016,45.16800000006333,3032,1217519168	ID:1	[INFO: Metric    ] METRIC_RX type=REAL src=5 seq=119 send_ms=1217137 recv_ms=1217016 bytes=48
TX,REAL,4,,119,48,1217721.0,1217428,1217721.0,,,,3034,1217721000	ID:4	[INFO: Metric    ] METRIC_TX type=REAL node=4 seq=119 bytes=48 time_ms=1217428
TX,DUMMY,4,,26,48,1217722.0,1217429,1217722.0,,,,3035,1217722000	ID:4	[INFO: Metric    ] METRIC_TX type=DUMMY node=4 seq=26 bytes=48 time_ms=1217429
RX,REAL,,4,119,48,1217779.168,1217276,1217779.168,1217428,1217276,58.16800000006333,3036,1217779168	ID:1	[INFO: Metric    ] METRIC_RX type=REAL src=4 seq=119 send_ms=1217428 recv_ms=1217276 bytes=48
RX,DUMMY,,4,26,48,1217823.168,1217320,1217823.168,1217429,1217320,,3037,1217823168	ID:1	[INFO: Metric    ] METRIC_RX type=DUMMY src=4 seq=26 send_ms=1217429 recv_ms=1217320 bytes=48
TX,REAL,2,,118,48,1222158.0,1221295,1222158.0,,,,3040,1222158000	ID:2	[INFO: Metric    ] METRIC_TX type=REAL node=2 seq=118 bytes=48 time_ms=1221295
TX,DUMMY,2,,32,48,1222159.0,1221296,1222159.0,,,,3041,1222159000	ID:2	[INFO: Metric    ] METRIC_TX type=DUMMY node=2 seq=32 bytes=48 time_ms=1221296
RX,REAL,,2,118,48,1222179.88,1221676,1222179.88,1221295,1221676,21.87999999988824,3042,1222179880	ID:1	[INFO: Metric    ] METRIC_RX type=REAL src=2 seq=118 send_ms=1221295 recv_ms=1221676 bytes=48
RX,DUMMY,,2,32,48,1222212.88,1221709,1222212.88,1221296,1221709,,3044,1222212880	ID:1	[INFO: Metric    ] METRIC_RX type=DUMMY src=2 seq=32 send_ms=1221296 recv_ms=1221709 bytes=48
TX,REAL,6,,122,48,1223528.0,1222589,1223528.0,,,,3047,1223528000	ID:6	[INFO: Metric    ] METRIC_TX type=REAL node=6 seq=122 bytes=48 time_ms=1222589
RX,REAL,,6,122,48,1223558.88,1223055,1223558.88,1222589,1223055,30.87999999988824,3048,1223558880	ID:1	[INFO: Metric    ] METRIC_RX type=REAL src=6 seq=122 send_ms=1222589 recv_ms=1223055 bytes=48
TX,REAL,3,,118,48,1224063.0,1223399,1224063.0,,,,3050,1224063000	ID:3	[INFO: Metric    ] METRIC_TX type=REAL node=3 seq=118 bytes=48 time_ms=1223399
TX,DUMMY,3,,31,48,1224064.0,1223400,1224064.0,,,,3051,1224064000	ID:3	[INFO: Metric    ] METRIC_TX type=DUMMY node=3 seq=31 bytes=48 time_ms=1223400
RX,REAL,,3,118,48,1224104.168,1223601,1224104.168,1223399,1223601,41.16800000006333,3052,1224104168	ID:1	[INFO: Metric    ] METRIC_RX type=REAL src=3 seq=118 send_ms=1223399 recv_ms=1223601 bytes=48
RX,DUMMY,,3,31,48,1224129.168,1223626,1224129.168,1223400,1223626,,3053,1224129168	ID:1	[INFO: Metric    ] METRIC_RX type=DUMMY src=3 seq=31 send_ms=1223400 recv_ms=1223626 bytes=48
TX,REAL,7,,119,48,1227334.0,1227015,1227334.0,,,,3056,1227334000	ID:7	[INFO: Metric    ] METRIC_TX type=REAL node=7 seq=119 bytes=48 time_ms=1227015
RX,REAL,,7,119,48,1227339.88,1226836,1227339.88,1227015,1226836,5.879999999888241,3057,1227339880	ID:1	[INFO: Metric    ] METRIC_RX type=REAL src=7 seq=119 send_ms=1227015 recv_ms=1226836 bytes=48
TX,REAL,5,,120,48,1229475.0,1229138,1229475.0,,,,3061,1229475000	ID:5	[INFO: Metric    ] METRIC_TX type=REAL node=5 seq=120 bytes=48 time_ms=1229138
RX,REAL,,5,120,48,1229489.168,1228986,1229489.168,1229138,1228986,14.16800000006333,3062,1229489168	ID:1	[INFO: Metric    ] METRIC_RX type=REAL src=5 seq=120 send_ms=1229138 recv_ms=1228986 bytes=48
TX,REAL,4,,120,48,1229723.0,1229430,1229723.0,,,,3066,1229723000	ID:4	[INFO: Metric    ] METRIC_TX type=REAL node=4 seq=120 bytes=48 time_ms=1229430
TX,DUMMY,4,,27,48,1229724.0,1229431,1229724.0,,,,3067,1229724000	ID:4	[INFO: Metric    ] METRIC_TX type=DUMMY node=4 seq=27 bytes=48 time_ms=1229431
RX,REAL,,4,120,48,1229804.168,1229301,1229804.168,1229430,1229301,81.16800000006333,3068,1229804168	ID:1	[INFO: Metric    ] METRIC_RX type=REAL src=4 seq=120 send_ms=1229430 recv_ms=1229301 bytes=48
RX,DUMMY,,4,27,48,1229828.168,1229325,1229828.168,1229431,1229325,,3069,1229828168	ID:1	[INFO: Metric    ] METRIC_RX type=DUMMY src=4 seq=27 send_ms=1229431 recv_ms=1229325 bytes=48
TX,REAL,6,,123,48,1233529.0,1232590,1233529.0,,,,3072,1233529000	ID:6	[INFO: Metric    ] METRIC_TX type=REAL node=6 seq=123 bytes=48 time_ms=1232590
RX,REAL,,6,123,48,1233560.88,1233057,1233560.88,1232590,1233057,31.87999999988824,3073,1233560880	ID:1	[INFO: Metric    ] METRIC_RX type=REAL src=6 seq=123 send_ms=1232590 recv_ms=1233057 bytes=48
TX,REAL,2,,119,48,1234160.0,1233297,1234160.0,,,,3075,1234160000	ID:2	[INFO: Metric    ] METRIC_TX type=REAL node=2 seq=119 bytes=48 time_ms=1233297
RX,REAL,,2,119,48,1234165.88,1233662,1234165.88,1233297,1233662,5.879999999888241,3076,1234165880	ID:1	[INFO: Metric    ] METRIC_RX type=REAL src=2 seq=119 send_ms=1233297 recv_ms=1233662 bytes=48
TX,REAL,3,,119,48,1236065.0,1235401,1236065.0,,,,3078,1236065000	ID:3	[INFO: Metric    ] METRIC_TX type=REAL node=3 seq=119 bytes=48 time_ms=1235401
TX,DUMMY,3,,32,48,1236066.0,1235402,1236066.0,,,,3079,1236066000	ID:3	[INFO: Metric    ] METRIC_TX type=DUMMY node=3 seq=32 bytes=48 time_ms=1235402
RX,REAL,,3,119,48,1236139.168,1235636,1236139.168,1235401,1235636,74.16800000006333,3080,1236139168	ID:1	[INFO: Metric    ] METRIC_RX type=REAL src=3 seq=119 send_ms=1235401 recv_ms=1235636 bytes=48
RX,DUMMY,,3,32,48,1236235.168,1235732,1236235.168,1235402,1235732,,3083,1236235168	ID:1	[INFO: Metric    ] METRIC_RX type=DUMMY src=3 seq=32 send_ms=1235402 recv_ms=1235732 bytes=48
TX,REAL,7,,120,48,1238335.0,1238016,1238335.0,,,,3087,1238335000	ID:7	[INFO: Metric    ] METRIC_TX type=REAL node=7 seq=120 bytes=48 time_ms=1238016
RX,REAL,,7,120,48,1238351.88,1237848,1238351.88,1238016,1237848,16.87999999988824,3088,1238351880	ID:1	[INFO: Metric    ] METRIC_RX type=REAL src=7 seq=120 send_ms=1238016 recv_ms=1237848 bytes=48
TX,REAL,5,,121,48,1240476.0,1240139,1240476.0,,,,3090,1240476000	ID:5	[INFO: Metric    ] METRIC_TX type=REAL node=5 seq=121 bytes=48 time_ms=1240139
TX,DUMMY,5,,31,48,1240477.0,1240140,1240477.0,,,,3091,1240477000	ID:5	[INFO: Metric    ] METRIC_TX type=DUMMY node=5 seq=31 bytes=48 time_ms=1240140
RX,REAL,,5,121,48,1240560.168,1240057,1240560.168,1240139,1240057,84.16800000006333,3092,1240560168	ID:1	[INFO: Metric    ] METRIC_RX type=REAL src=5 seq=121 send_ms=1240139 recv_ms=1240057 bytes=48
RX,DUMMY,,5,31,48,1240653.168,1240150,1240653.168,1240140,1240150,,3094,1240653168	ID:1	[INFO: Metric    ] METRIC_RX type=DUMMY src=5 seq=31 send_ms=1240140 recv_ms=1240150 bytes=48
TX,REAL,4,,121,48,1240725.0,1240432,1240725.0,,,,3096,1240725000	ID:4	[INFO: Metric    ] METRIC_TX type=REAL node=4 seq=121 bytes=48 time_ms=1240432
RX,REAL,,4,121,48,1240762.168,1240259,1240762.168,1240432,1240259,37.16800000006333,3097,1240762168	ID:1	[INFO: Metric    ] METRIC_RX type=REAL src=4 seq=121 send_ms=1240432 recv_ms=1240259 bytes=48
TX,REAL,6,,124,48,1242530.0,1241591,1242530.0,,,,3099,1242530000	ID:6	[INFO: Metric    ] METRIC_TX type=REAL node=6 seq=124 bytes=48 time_ms=1241591
RX,REAL,,6,124,48,1242539.88,1242036,1242539.88,1241591,1242036,9.879999999888241,3100,1242539880	ID:1	[INFO: Metric    ] METRIC_RX type=REAL src=6 seq=124 send_ms=1241591 recv_ms=1242036 bytes=48
TX,REAL,3,,120,48,1246067.0,1245403,1246067.0,,,,3104,1246067000	ID:3	[INFO: Metric    ] METRIC_TX type=REAL node=3 seq=120 bytes=48 time_ms=1245403
RX,REAL,,3,120,48,1246106.304,1245603,1246106.304,1245403,1245603,39.304000000003725,3105,1246106304	ID:1	[INFO: Metric    ] METRIC_RX type=REAL src=3 seq=120 send_ms=1245403 recv_ms=1245603 bytes=48
TX,REAL,2,,120,48,1246161.0,1245298,1246161.0,,,,3109,1246161000	ID:2	[INFO: Metric    ] METRIC_TX type=REAL node=2 seq=120 bytes=48 time_ms=1245298
TX,DUMMY,2,,33,48,1246162.0,1245299,1246162.0,,,,3110,1246162000	ID:2	[INFO: Metric    ] METRIC_TX type=DUMMY node=2 seq=33 bytes=48 time_ms=1245299
RX,REAL,,2,120,48,1246182.88,1245679,1246182.88,1245298,1245679,21.87999999988824,3111,1246182880	ID:1	[INFO: Metric    ] METRIC_RX type=REAL src=2 seq=120 send_ms=1245298 recv_ms=1245679 bytes=48
RX,DUMMY,,2,33,48,1246202.88,1245699,1246202.88,1245299,1245699,,3112,1246202880	ID:1	[INFO: Metric    ] METRIC_RX type=DUMMY src=2 seq=33 send_ms=1245299 recv_ms=1245699 bytes=48
TX,REAL,7,,121,48,1248336.0,1248017,1248336.0,,,,3115,1248336000	ID:7	[INFO: Metric    ] METRIC_TX type=REAL node=7 seq=121 bytes=48 time_ms=1248017
RX,REAL,,7,121,48,1248345.88,1247842,1248345.88,1248017,1247842,9.879999999888241,3116,1248345880	ID:1	[INFO: Metric    ] METRIC_RX type=REAL src=7 seq=121 send_ms=1248017 recv_ms=1247842 bytes=48
TX,REAL,5,,122,48,1250478.0,1250141,1250478.0,,,,3119,1250478000	ID:5	[INFO: Metric    ] METRIC_TX type=REAL node=5 seq=122 bytes=48 time_ms=1250141
TX,REAL,6,,125,48,1250531.0,1249592,1250531.0,,,,3120,1250531000	ID:6	[INFO: Metric    ] METRIC_TX type=REAL node=6 seq=125 bytes=48 time_ms=1249592
RX,REAL,,5,122,48,1250539.168,1250036,1250539.168,1250141,1250036,61.16800000006333,3121,1250539168	ID:1	[INFO: Metric    ] METRIC_RX type=REAL src=5 seq=122 send_ms=1250141 recv_ms=1250036 bytes=48
RX,REAL,,6,125,48,1250567.88,1250064,1250567.88,1249592,1250064,36.87999999988824,3122,1250567880	ID:1	[INFO: Metric    ] METRIC_RX type=REAL src=6 seq=125 send_ms=1249592 recv_ms=1250064 bytes=48
TX,REAL,4,,122,48,1251726.0,1251433,1251726.0,,,,3125,1251726000	ID:4	[INFO: Metric    ] METRIC_TX type=REAL node=4 seq=122 bytes=48 time_ms=1251433
RX,REAL,,4,122,48,1251781.168,1251278,1251781.168,1251433,1251278,55.16800000006333,3126,1251781168	ID:1	[INFO: Metric    ] METRIC_RX type=REAL src=4 seq=122 send_ms=1251433 recv_ms=1251278 bytes=48
TX,REAL,2,,121,48,1254163.0,1253300,1254163.0,,,,3128,1254163000	ID:2	[INFO: Metric    ] METRIC_TX type=REAL node=2 seq=121 bytes=48 time_ms=1253300
RX,REAL,,2,121,48,1254179.88,1253676,1254179.88,1253300,1253676,16.87999999988824,3129,1254179880	ID:1	[INFO: Metric    ] METRIC_RX type=REAL src=2 seq=121 send_ms=1253300 recv_ms=1253676 bytes=48
TX,REAL,3,,121,48,1255068.0,1254404,1255068.0,,,,3131,1255068000	ID:3	[INFO: Metric    ] METRIC_TX type=REAL node=3 seq=121 bytes=48 time_ms=1254404
RX,REAL,,3,121,48,1255139.168,1254636,1255139.168,1254404,1254636,71.16800000006333,3132,1255139168	ID:1	[INFO: Metric    ] METRIC_RX type=REAL src=3 seq=121 send_ms=1254404 recv_ms=1254636 bytes=48
TX,REAL,7,,122,48,1257337.0,1257018,1257337.0,,,,3134,1257337000	ID:7	[INFO: Metric    ] METRIC_TX type=REAL node=7 seq=122 bytes=48 time_ms=1257018
RX,REAL,,7,122,48,1257369.88,1256866,1257369.88,1257018,1256866,32.87999999988824,3135,1257369880	ID:1	[INFO: Metric    ] METRIC_RX type=REAL src=7 seq=122 send_ms=1257018 recv_ms=1256866 bytes=48
TX,REAL,6,,126,48,1258532.0,1257593,1258532.0,,,,3137,1258532000	ID:6	[INFO: Metric    ] METRIC_TX type=REAL node=6 seq=126 bytes=48 time_ms=1257593
TX,DUMMY,6,,35,48,1258533.0,1257594,1258533.0,,,,3138,1258533000	ID:6	[INFO: Metric    ] METRIC_TX type=DUMMY node=6 seq=35 bytes=48 time_ms=1257594
RX,REAL,,6,126,48,1258565.88,1258062,1258565.88,1257593,1258062,33.87999999988824,3139,1258565880	ID:1	[INFO: Metric    ] METRIC_RX type=REAL src=6 seq=126 send_ms=1257593 recv_ms=1258062 bytes=48
RX,DUMMY,,6,35,48,1258591.88,1258088,1258591.88,1257594,1258088,,3140,1258591880	ID:1	[INFO: Metric    ] METRIC_RX type=DUMMY src=6 seq=35 send_ms=1257594 recv_ms=1258088 bytes=48
TX,REAL,5,,123,48,1260479.0,1260142,1260479.0,,,,3143,1260479000	ID:5	[INFO: Metric    ] METRIC_TX type=REAL node=5 seq=123 bytes=48 time_ms=1260142
TX,DUMMY,5,,32,48,1260480.0,1260143,1260480.0,,,,3144,1260480000	ID:5	[INFO: Metric    ] METRIC_TX type=DUMMY node=5 seq=32 bytes=48 time_ms=1260143
RX,REAL,,5,123,48,1260500.304,1259997,1260500.304,1260142,1259997,21.304000000003725,3145,1260500304	ID:1	[INFO: Metric    ] METRIC_RX type=REAL src=5 seq=123 send_ms=1260142 recv_ms=1259997 bytes=48
RX,DUMMY,,5,32,48,1260541.168,1260038,1260541.168,1260143,1260038,,3146,1260541168	ID:1	[INFO: Metric    ] METRIC_RX type=DUMMY src=5 seq=32 send_ms=1260143 recv_ms=1260038 bytes=48
TX,REAL,4,,123,48,1261727.0,1261434,1261727.0,,,,3150,1261727000	ID:4	[INFO: Metric    ] METRIC_TX type=REAL node=4 seq=123 bytes=48 time_ms=1261434
RX,REAL,,4,123,48,1261770.168,1261267,1261770.168,1261434,1261267,43.16800000006333,3151,1261770168	ID:1	[INFO: Metric    ] METRIC_RX type=REAL src=4 seq=123 send_ms=1261434 recv_ms=1261267 bytes=48
TX,REAL,2,,122,48,1263164.0,1262301,1263164.0,,,,3153,1263164000	ID:2	[INFO: Metric    ] METRIC_TX type=REAL node=2 seq=122 bytes=48 time_ms=1262301
RX,REAL,,2,122,48,1263199.88,1262696,1263199.88,1262301,1262696,35.87999999988824,3154,1263199880	ID:1	[INFO: Metric    ] METRIC_RX type=REAL src=2 seq=122 send_ms=1262301 recv_ms=1262696 bytes=48
TX,REAL,3,,122,48,1267069.0,1266405,1267069.0,,,,3156,1267069000	ID:3	[INFO: Metric    ] METRIC_TX type=REAL node=3 seq=122 bytes=48 time_ms=1266405
RX,REAL,,3,122,48,1267097.168,1266594,1267097.168,1266405,1266594,28.16800000006333,3157,1267097168	ID:1	[INFO: Metric    ] METRIC_RX type=REAL src=3 seq=122 send_ms=1266405 recv_ms=1266594 bytes=48
TX,REAL,7,,123,48,1268338.0,1268019,1268338.0,,,,3159,1268338000	ID:7	[INFO: Metric    ] METRIC_TX type=REAL node=7 seq=123 bytes=48 time_ms=1268019
RX,REAL,,7,123,48,1268378.88,1267875,1268378.88,1268019,1267875,40.87999999988824,3160,1268378880	ID:1	[INFO: Metric    ] METRIC_RX type=REAL src=7 seq=123 send_ms=1268019 recv_ms=1267875 bytes=48
TX,REAL,6,,127,48,1270534.0,1269595,1270534.0,,,,3162,1270534000	ID:6	[INFO: Metric    ] METRIC_TX type=REAL node=6 seq=127 bytes=48 time_ms=1269595
RX,REAL,,6,127,48,1270567.88,1270064,1270567.88,1269595,1270064,33.87999999988824,3163,1270567880	ID:1	[INFO: Metric    ] METRIC_RX type=REAL src=6 seq=127 send_ms=1269595 recv_ms=1270064 bytes=48
TX,REAL,2,,123,48,1271165.0,1270302,1271165.0,,,,3165,1271165000	ID:2	[INFO: Metric    ] METRIC_TX type=REAL node=2 seq=123 bytes=48 time_ms=1270302
RX,REAL,,2,123,48,1271189.88,1270686,1271189.88,1270302,1270686,24.87999999988824,3166,1271189880	ID:1	[INFO: Metric    ] METRIC_RX type=REAL src=2 seq=123 send_ms=1270302 recv_ms=1270686 bytes=48
TX,REAL,5,,124,48,1271481.0,1271144,1271481.0,,,,3168,1271481000	ID:5	[INFO: Metric    ] METRIC_TX type=REAL node=5 seq=124 bytes=48 time_ms=1271144
RX,REAL,,5,124,48,1271511.168,1271008,1271511.168,1271144,1271008,30.16800000006333,3169,1271511168	ID:1	[INFO: Metric    ] METRIC_RX type=REAL src=5 seq=124 send_ms=1271144 recv_ms=1271008 bytes=48
TX,REAL,4,,124,48,1271728.0,1271435,1271728.0,,,,3171,1271728000	ID:4	[INFO: Metric    ] METRIC_TX type=REAL node=4 seq=124 bytes=48 time_ms=1271435
RX,REAL,,4,124,48,1271790.168,1271287,1271790.168,1271435,1271287,62.16800000006333,3172,1271790168	ID:1	[INFO: Metric    ] METRIC_RX type=REAL src=4 seq=124 send_ms=1271435 recv_ms=1271287 bytes=48
TX,REAL,3,,123,48,1277070.0,1276406,1277070.0,,,,3174,1277070000	ID:3	[INFO: Metric    ] METRIC_TX type=REAL node=3 seq=123 bytes=48 time_ms=1276406
RX,REAL,,3,123,48,1277129.168,1276626,1277129.168,1276406,1276626,59.16800000006333,3175,1277129168	ID:1	[INFO: Metric    ] METRIC_RX type=REAL src=3 seq=123 send_ms=1276406 recv_ms=1276626 bytes=48
TX,REAL,7,,124,48,1278339.0,1278020,1278339.0,,,,3177,1278339000	ID:7	[INFO: Metric    ] METRIC_TX type=REAL node=7 seq=124 bytes=48 time_ms=1278020
RX,REAL,,7,124,48,1278384.88,1277881,1278384.88,1278020,1277881,45.87999999988824,3178,1278384880	ID:1	[INFO: Metric    ] METRIC_RX type=REAL src=7 seq=124 send_ms=1278020 recv_ms=1277881 bytes=48
TX,REAL,6,,128,48,1280535.0,1279596,1280535.0,,,,3181,1280535000	ID:6	[INFO: Metric    ] METRIC_TX type=REAL node=6 seq=128 bytes=48 time_ms=1279596
TX,DUMMY,6,,36,48,1280536.0,1279597,1280536.0,,,,3182,1280536000	ID:6	[INFO: Metric    ] METRIC_TX type=DUMMY node=6 seq=36 bytes=48 time_ms=1279597
RX,REAL,,6,128,48,1280563.88,1280060,1280563.88,1279596,1280060,28.87999999988824,3183,1280563880	ID:1	[INFO: Metric    ] METRIC_RX type=REAL src=6 seq=128 send_ms=1279596 recv_ms=1280060 bytes=48
RX,DUMMY,,6,36,48,1280599.88,1280096,1280599.88,1279597,1280096,,3184,1280599880	ID:1	[INFO: Metric    ] METRIC_RX type=DUMMY src=6 seq=36 send_ms=1279597 recv_ms=1280096 bytes=48
TX,REAL,5,,125,48,1282482.0,1282145,1282482.0,,,,3187,1282482000	ID:5	[INFO: Metric    ] METRIC_TX type=REAL node=5 seq=125 bytes=48 time_ms=1282145
RX,REAL,,5,125,48,1282512.168,1282009,1282512.168,1282145,1282009,30.16800000006333,3188,1282512168	ID:1	[INFO: Metric    ] METRIC_RX type=REAL src=5 seq=125 send_ms=1282145 recv_ms=1282009 bytes=48
TX,REAL,2,,124,48,1283166.0,1282303,1283166.0,,,,3190,1283166000	ID:2	[INFO: Metric    ] METRIC_TX type=REAL node=2 seq=124 bytes=48 time_ms=1282303
TX,DUMMY,2,,34,48,1283167.0,1282304,1283167.0,,,,3191,1283167000	ID:2	[INFO: Metric    ] METRIC_TX type=DUMMY node=2 seq=34 bytes=48 time_ms=1282304
RX,REAL,,2,124,48,1283194.88,1282691,1283194.88,1282303,1282691,28.87999999988824,3192,1283194880	ID:1	[INFO: Metric    ] METRIC_RX type=REAL src=2 seq=124 send_ms=1282303 recv_ms=1282691 bytes=48
RX,DUMMY,,2,34,48,1283206.88,1282703,1283206.88,1282304,1282703,,3193,1283206880	ID:1	[INFO: Metric    ] METRIC_RX type=DUMMY src=2 seq=34 send_ms=1282304 recv_ms=1282703 bytes=48
TX,REAL,4,,125,48,1283729.0,1283436,1283729.0,,,,3196,1283729000	ID:4	[INFO: Metric    ] METRIC_TX type=REAL node=4 seq=125 bytes=48 time_ms=1283436
RX,REAL,,4,125,48,1283759.304,1283256,1283759.304,1283436,1283256,30.304000000003725,3197,1283759304	ID:1	[INFO: Metric    ] METRIC_RX type=REAL src=4 seq=125 send_ms=1283436 recv_ms=1283256 bytes=48
TX,REAL,3,,124,48,1287071.0,1286407,1287071.0,,,,3199,1287071000	ID:3	[INFO: Metric    ] METRIC_TX type=REAL node=3 seq=124 bytes=48 time_ms=1286407
RX,REAL,,3,124,48,1287099.168,1286596,1287099.168,1286407,1286596,28.16800000006333,3200,1287099168	ID:1	[INFO: Metric    ] METRIC_RX type=REAL src=3 seq=124 send_ms=1286407 recv_ms=1286596 bytes=48
TX,REAL,6,,129,48,1289537.0,1288598,1289537.0,,,,3202,1289537000	ID:6	[INFO: Metric    ] METRIC_TX type=REAL node=6 seq=129 bytes=48 time_ms=1288598
RX,REAL,,6,129,48,1289557.88,1289054,1289557.88,1288598,1289054,20.87999999988824,3203,1289557880	ID:1	[INFO: Metric    ] METRIC_RX type=REAL src=6 seq=129 send_ms=1288598 recv_ms=1289054 bytes=48
TX,REAL,7,,125,48,1290340.0,1290021,1290340.0,,,,3205,1290340000	ID:7	[INFO: Metric    ] METRIC_TX type=REAL node=7 seq=125 bytes=48 time_ms=1290021
RX,REAL,,7,125,48,1290367.88,1289864,1290367.88,1290021,1289864,27.87999999988824,3206,1290367880	ID:1	[INFO: Metric    ] METRIC_RX type=REAL src=7 seq=125 send_ms=1290021 recv_ms=1289864 bytes=48
TX,REAL,2,,125,48,1293168.0,1292305,1293168.0,,,,3208,1293168000	ID:2	[INFO: Metric    ] METRIC_TX type=REAL node=2 seq=125 bytes=48 time_ms=1292305
RX,REAL,,2,125,48,1293187.88,1292684,1293187.88,1292305,1292684,19.87999999988824,3209,1293187880	ID:1	[INFO: Metric    ] METRIC_RX type=REAL src=2 seq=125 send_ms=1292305 recv_ms=1292684 bytes=48
TX,REAL,5,,126,48,1294483.0,1294146,1294483.0,,,,3212,1294483000	ID:5	[INFO: Metric    ] METRIC_TX type=REAL node=5 seq=126 bytes=48 time_ms=1294146
RX,REAL,,5,126,48,1294527.168,1294024,1294527.168,1294146,1294024,44.16800000006333,3213,1294527168	ID:1	[INFO: Metric    ] METRIC_RX type=REAL src=5 seq=126 send_ms=1294146 recv_ms=1294024 bytes=48
TX,REAL,4,,126,48,1295730.0,1295437,1295730.0,,,,3215,1295730000	ID:4	[INFO: Metric    ] METRIC_TX type=REAL node=4 seq=126 bytes=48 time_ms=1295437
RX,REAL,,4,126,48,1295812.168,1295309,1295812.168,1295437,1295309,82.16800000006333,3216,1295812168	ID:1	[INFO: Metric    ] METRIC_RX type=REAL src=4 seq=126 send_ms=1295437 recv_ms=1295309 bytes=48
TX,REAL,3,,125,48,1297072.0,1296408,1297072.0,,,,3218,1297072000	ID:3	[INFO: Metric    ] METRIC_TX type=REAL node=3 seq=125 bytes=48 time_ms=1296408
RX,REAL,,3,125,48,1297160.168,1296657,1297160.168,1296408,1296657,88.16800000006333,3219,1297160168	ID:1	[INFO: Metric    ] METRIC_RX type=REAL src=3 seq=125 send_ms=1296408 recv_ms=1296657 bytes=48
TX,REAL,6,,130,48,1298538.0,1297599,1298538.0,,,,3223,1298538000	ID:6	[INFO: Metric    ] METRIC_TX type=REAL node=6 seq=130 bytes=48 time_ms=1297599
RX,REAL,,6,130,48,1298575.88,1298072,1298575.88,1297599,1298072,37.87999999988824,3224,1298575880	ID:1	[INFO: Metric    ] METRIC_RX type=REAL src=6 seq=130 send_ms=1297599 recv_ms=1298072 bytes=48
TX,REAL,7,,126,48,1299341.0,1299022,1299341.0,,,,3226,1299341000	ID:7	[INFO: Metric    ] METRIC_TX type=REAL node=7 seq=126 bytes=48 time_ms=1299022
RX,REAL,,7,126,48,1299366.88,1298863,1299366.88,1299022,1298863,25.87999999988824,3227,1299366880	ID:1	[INFO: Metric    ] METRIC_RX type=REAL src=7 seq=126 send_ms=1299022 recv_ms=1298863 bytes=48
TX,REAL,4,,127,48,1304731.0,1304438,1304731.0,,,,3229,1304731000	ID:4	[INFO: Metric    ] METRIC_TX type=REAL node=4 seq=127 bytes=48 time_ms=1304438
RX,REAL,,4,127,48,1304747.168,1304244,1304747.168,1304438,1304244,16.16800000006333,3230,1304747168	ID:1	[INFO: Metric    ] METRIC_RX type=REAL src=4 seq=127 send_ms=1304438 recv_ms=1304244 bytes=48
TX,REAL,2,,126,48,1305169.0,1304306,1305169.0,,,,3232,1305169000	ID:2	[INFO: Metric    ] METRIC_TX type=REAL node=2 seq=126 bytes=48 time_ms=1304306
RX,REAL,,2,126,48,1305174.88,1304671,1305174.88,1304306,1304671,5.879999999888241,3233,1305174880	ID:1	[INFO: Metric    ] METRIC_RX type=REAL src=2 seq=126 send_ms=1304306 recv_ms=1304671 bytes=48
TX,REAL,5,,127,48,1306484.0,1306147,1306484.0,,,,3235,1306484000	ID:5	[INFO: Metric    ] METRIC_TX type=REAL node=5 seq=127 bytes=48 time_ms=1306147
RX,REAL,,5,127,48,1306515.168,1306012,1306515.168,1306147,1306012,31.16800000006333,3236,1306515168	ID:1	[INFO: Metric    ] METRIC_RX type=REAL src=5 seq=127 send_ms=1306147 recv_ms=1306012 bytes=48
TX,REAL,6,,131,48,1307539.0,1306600,1307539.0,,,,3238,1307539000	ID:6	[INFO: Metric    ] METRIC_TX type=REAL node=6 seq=131 bytes=48 time_ms=1306600
RX,REAL,,6,131,48,1307572.88,1307069,1307572.88,1306600,1307069,33.87999999988824,3239,1307572880	ID:1	[INFO: Metric    ] METRIC_RX type=REAL src=6 seq=131 send_ms=1306600 recv_ms=1307069 bytes=48
TX,REAL,7,,127,48,1308342.0,1308023,1308342.0,,,,3241,1308342000	ID:7	[INFO: Metric    ] METRIC_TX type=REAL node=7 seq=127 bytes=48 time_ms=1308023
RX,REAL,,7,127,48,1308376.88,1307873,1308376.88,1308023,1307873,34.87999999988824,3242,1308376880	ID:1	[INFO: Metric    ] METRIC_RX type=REAL src=7 seq=127 send_ms=1308023 recv_ms=1307873 bytes=48
TX,REAL,3,,126,48,1309073.0,1308409,1309073.0,,,,3245,1309073000	ID:3	[INFO: Metric    ] METRIC_TX type=REAL node=3 seq=126 bytes=48 time_ms=1308409
RX,REAL,,3,126,48,1309103.168,1308600,1309103.168,1308409,1308600,30.16800000006333,3246,1309103168	ID:1	[INFO: Metric    ] METRIC_RX type=REAL src=3 seq=126 send_ms=1308409 recv_ms=1308600 bytes=48
TX,REAL,4,,128,48,1312732.0,1312439,1312732.0,,,,3248,1312732000	ID:4	[INFO: Metric    ] METRIC_TX type=REAL node=4 seq=128 bytes=48 time_ms=1312439
RX,REAL,,4,128,48,1312771.304,1312268,1312771.304,1312439,1312268,39.304000000003725,3249,1312771304	ID:1	[INFO: Metric    ] METRIC_RX type=REAL src=4 seq=128 send_ms=1312439 recv_ms=1312268 bytes=48
TX,REAL,2,,127,48,1316170.0,1315307,1316170.0,,,,3251,1316170000	ID:2	[INFO: Metric    ] METRIC_TX type=REAL node=2 seq=127 bytes=48 time_ms=1315307
RX,REAL,,2,127,48,1316210.88,1315707,1316210.88,1315307,1315707,40.87999999988824,3252,1316210880	ID:1	[INFO: Metric    ] METRIC_RX type=REAL src=2 seq=127 send_ms=1315307 recv_ms=1315707 bytes=48
TX,REAL,7,,128,48,1316343.0,1316024,1316343.0,,,,3254,1316343000	ID:7	[INFO: Metric    ] METRIC_TX type=REAL node=7 seq=128 bytes=48 time_ms=1316024
RX,REAL,,7,128,48,1316367.88,1315864,1316367.88,1316024,1315864,24.87999999988824,3255,1316367880	ID:1	[INFO: Metric    ] METRIC_RX type=REAL src=7 seq=128 send_ms=1316024 recv_ms=1315864 bytes=48
TX,REAL,5,,128,48,1318485.0,1318148,1318485.0,,,,3257,1318485000	ID:5	[INFO: Metric    ] METRIC_TX type=REAL node=5 seq=128 bytes=48 time_ms=1318148
RX,REAL,,5,128,48,1318538.168,1318035,1318538.168,1318148,1318035,53.16800000006333,3258,1318538168	ID:1	[INFO: Metric    ] METRIC_RX type=REAL src=5 seq=128 send_ms=1318148 recv_ms=1318035 bytes=48
TX,REAL,6,,132,48,1318540.0,1317601,1318540.0,,,,3259,1318540000	ID:6	[INFO: Metric    ] METRIC_TX type=REAL node=6 seq=132 bytes=48 time_ms=1317601
TX,DUMMY,6,,37,48,1318541.0,1317602,1318541.0,,,,3260,1318541000	ID:6	[INFO: Metric    ] METRIC_TX type=DUMMY node=6 seq=37 bytes=48 time_ms=1317602
RX,REAL,,6,132,48,1318633.88,1318130,1318633.88,1317601,1318130,93.87999999988824,3262,1318633880	ID:1	[INFO: Metric    ] METRIC_RX type=REAL src=6 seq=132 send_ms=1317601 recv_ms=1318130 bytes=48
RX,DUMMY,,6,37,48,1318650.88,1318147,1318650.88,1317602,1318147,,3263,1318650880	ID:1	[INFO: Metric    ] METRIC_RX type=DUMMY src=6 seq=37 send_ms=1317602 recv_ms=1318147 bytes=48
TX,REAL,3,,127,48,1320074.0,1319410,1320074.0,,,,3266,1320074000	ID:3	[INFO: Metric    ] METRIC_TX type=REAL node=3 seq=127 bytes=48 time_ms=1319410
RX,REAL,,3,127,48,1320158.168,1319655,1320158.168,1319410,1319655,84.16800000006333,3267,1320158168	ID:1	[INFO: Metric    ] METRIC_RX type=REAL src=3 seq=127 send_ms=1319410 recv_ms=1319655 bytes=48
TX,REAL,4,,129,48,1323733.0,1323440,1323733.0,,,,3269,1323733000	ID:4	[INFO: Metric    ] METRIC_TX type=REAL node=4 seq=129 bytes=48 time_ms=1323440
RX,REAL,,4,129,48,1323821.168,1323318,1323821.168,1323440,1323318,88.16800000006333,3270,1323821168	ID:1	[INFO: Metric    ] METRIC_RX type=REAL src=4 seq=129 send_ms=1323440 recv_ms=1323318 bytes=48
TX,REAL,2,,128,48,1324171.0,1323308,1324171.0,,,,3272,1324171000	ID:2	[INFO: Metric    ] METRIC_TX type=REAL node=2 seq=128 bytes=48 time_ms=1323308
TX,DUMMY,2,,35,48,1324172.0,1323309,1324172.0,,,,3273,1324172000	ID:2	[INFO: Metric    ] METRIC_TX type=DUMMY node=2 seq=35 bytes=48 time_ms=1323309
RX,REAL,,2,128,48,1324179.88,1323676,1324179.88,1323308,1323676,8.879999999888241,3274,1324179880	ID:1	[INFO: Metric    ] METRIC_RX type=REAL src=2 seq=128 send_ms=1323308 recv_ms=1323676 bytes=48
RX,DUMMY,,2,35,48,1324209.88,1323706,1324209.88,1323309,1323706,,3277,1324209880	ID:1	[INFO: Metric    ] METRIC_RX type=DUMMY src=2 seq=35 send_ms=1323309 recv_ms=1323706 bytes=48
TX,REAL,7,,129,48,1326344.0,1326025,1326344.0,,,,3279,1326344000	ID:7	[INFO: Metric    ] METRIC_TX type=REAL node=7 seq=129 bytes=48 time_ms=1326025
RX,REAL,,7,129,48,1326376.88,1325873,1326376.88,1326025,1325873,32.87999999988824,3280,1326376880	ID:1	[INFO: Metric    ] METRIC_RX type=REAL src=7 seq=129 send_ms=1326025 recv_ms=1325873 bytes=48
TX,REAL,6,,133,48,1326542.0,1325603,1326542.0,,,,3282,1326542000	ID:6	[INFO: Metric    ] METRIC_TX type=REAL node=6 seq=133 bytes=48 time_ms=1325603
RX,REAL,,6,133,48,1326548.88,1326045,1326548.88,1325603,1326045,6.879999999888241,3283,1326548880	ID:1	[INFO: Metric    ] METRIC_RX type=REAL src=6 seq=133 send_ms=1325603 recv_ms=1326045 bytes=48
TX,REAL,5,,129,48,1330486.0,1330149,1330486.0,,,,3285,1330486000	ID:5	[INFO: Metric    ] METRIC_TX type=REAL node=5 seq=129 bytes=48 time_ms=1330149
RX,REAL,,5,129,48,1330528.168,1330025,1330528.168,1330149,1330025,42.16800000006333,3286,1330528168	ID:1	[INFO: Metric    ] METRIC_RX type=REAL src=5 seq=129 send_ms=1330149 recv_ms=1330025 bytes=48
TX,REAL,3,,128,48,1332075.0,1331411,1332075.0,,,,3288,1332075000	ID:3	[INFO: Metric    ] METRIC_TX type=REAL node=3 seq=128 bytes=48 time_ms=1331411
RX,REAL,,3,128,48,1332134.168,1331631,1332134.168,1331411,1331631,59.16800000006333,3289,1332134168	ID:1	[INFO: Metric    ] METRIC_RX type=REAL src=3 seq=128 send_ms=1331411 recv_ms=1331631 bytes=48
TX,REAL,2,,129,48,1334173.0,1333310,1334173.0,,,,3291,1334173000	ID:2	[INFO: Metric    ] METRIC_TX type=REAL node=2 seq=129 bytes=48 time_ms=1333310
RX,REAL,,2,129,48,1334213.88,1333710,1334213.88,1333310,1333710,40.87999999988824,3292,1334213880	ID:1	[INFO: Metric    ] METRIC_RX type=REAL src=2 seq=129 send_ms=1333310 recv_ms=1333710 bytes=48
TX,REAL,4,,130,48,1334734.0,1334441,1334734.0,,,,3296,1334734000	ID:4	[INFO: Metric    ] METRIC_TX type=REAL node=4 seq=130 bytes=48 time_ms=1334441
RX,REAL,,4,130,48,1334795.168,1334292,1334795.168,1334441,1334292,61.16800000006333,3297,1334795168	ID:1	[INFO: Metric    ] METRIC_RX type=REAL src=4 seq=130 send_ms=1334441 recv_ms=1334292 bytes=48
TX,REAL,6,,134,48,1335543.0,1334604,1335543.0,,,,3299,1335543000	ID:6	[INFO: Metric    ] METRIC_TX type=REAL node=6 seq=134 bytes=48 time_ms=1334604
RX,REAL,,6,134,48,1335561.88,1335058,1335561.88,1334604,1335058,18.87999999988824,3300,1335561880	ID:1	[INFO: Metric    ] METRIC_RX type=REAL src=6 seq=134 send_ms=1334604 recv_ms=1335058 bytes=48
TX,REAL,7,,130,48,1337345.0,1337026,1337345.0,,,,3304,1337345000	ID:7	[INFO: Metric    ] METRIC_TX type=REAL node=7 seq=130 bytes=48 time_ms=1337026
RX,REAL,,7,130,48,1337375.88,1336872,1337375.88,1337026,1336872,30.87999999988824,3305,1337375880	ID:1	[INFO: Metric    ] METRIC_RX type=REAL src=7 seq=130 send_ms=1337026 recv_ms=1336872 bytes=48
TX,REAL,3,,129,48,1340076.0,1339412,1340076.0,,,,3307,1340076000	ID:3	[INFO: Metric    ] METRIC_TX type=REAL node=3 seq=129 bytes=48 time_ms=1339412
RX,REAL,,3,129,48,1340098.168,1339595,1340098.168,1339412,1339595,22.16800000006333,3308,1340098168	ID:1	[INFO: Metric    ] METRIC_RX type=REAL src=3 seq=129 send_ms=1339412 recv_ms=1339595 bytes=48
TX,REAL,5,,130,48,1342487.0,1342150,1342487.0,,,,3313,1342487000	ID:5	[INFO: Metric    ] METRIC_TX type=REAL node=5 seq=130 bytes=48 time_ms=1342150
RX,REAL,,5,130,48,1342531.168,1342028,1342531.168,1342150,1342028,44.16800000006333,3314,1342531168	ID:1	[INFO: Metric    ] METRIC_RX type=REAL src=5 seq=130 send_ms=1342150 recv_ms=1342028 bytes=48
TX,REAL,4,,131,48,1343735.0,1343442,1343735.0,,,,3316,1343735000	ID:4	[INFO: Metric    ] METRIC_TX type=REAL node=4 seq=131 bytes=48 time_ms=1343442
RX,REAL,,4,131,48,1343780.168,1343277,1343780.168,1343442,1343277,45.16800000006333,3317,1343780168	ID:1	[INFO: Metric    ] METRIC_RX type=REAL src=4 seq=131 send_ms=1343442 recv_ms=1343277 bytes=48
TX,REAL,2,,130,48,1344174.0,1343311,1344174.0,,,,3321,1344174000	ID:2	[INFO: Metric    ] METRIC_TX type=REAL node=2 seq=130 bytes=48 time_ms=1343311
RX,REAL,,2,130,48,1344197.88,1343694,1344197.88,1343311,1343694,23.87999999988824,3322,1344197880	ID:1	[INFO: Metric    ] METRIC_RX type=REAL src=2 seq=130 send_ms=1343311 recv_ms=1343694 bytes=48
TX,REAL,6,,135,48,1347544.0,1346605,1347544.0,,,,3324,1347544000	ID:6	[INFO: Metric    ] METRIC_TX type=REAL node=6 seq=135 bytes=48 time_ms=1346605
RX,REAL,,6,135,48,1347567.88,1347064,1347567.88,1346605,1347064,23.87999999988824,3325,1347567880	ID:1	[INFO: Metric    ] METRIC_RX type=REAL src=6 seq=135 send_ms=1346605 recv_ms=1347064 bytes=48
TX,REAL,3,,130,48,1349077.0,1348413,1349077.0,,,,3329,1349077000	ID:3	[INFO: Metric    ] METRIC_TX type=REAL node=3 seq=130 bytes=48 time_ms=1348413
RX,REAL,,3,130,48,1349152.168,1348649,1349152.168,1348413,1348649,75.16800000006333,3330,1349152168	ID:1	[INFO: Metric    ] METRIC_RX type=REAL src=3 seq=130 send_ms=1348413 recv_ms=1348649 bytes=48
TX,REAL,7,,131,48,1349346.0,1349027,1349346.0,,,,3332,1349346000	ID:7	[INFO: Metric    ] METRIC_TX type=REAL node=7 seq=131 bytes=48 time_ms=1349027
RX,REAL,,7,131,48,1349391.88,1348888,1349391.88,1349027,1348888,45.87999999988824,3333,1349391880	ID:1	[INFO: Metric    ] METRIC_RX type=REAL src=7 seq=131 send_ms=1349027 recv_ms=1348888 bytes=48
TX,REAL,5,,131,48,1352488.0,1352151,1352488.0,,,,3335,1352488000	ID:5	[INFO: Metric    ] METRIC_TX type=REAL node=5 seq=131 bytes=48 time_ms=1352151
RX,REAL,,5,131,48,1352516.168,1352013,1352516.168,1352151,1352013,28.16800000006333,3336,1352516168	ID:1	[INFO: Metric    ] METRIC_RX type=REAL src=5 seq=131 send_ms=1352151 recv_ms=1352013 bytes=48
TX,REAL,2,,131,48,1353175.0,1352312,1353175.0,,,,3338,1353175000	ID:2	[INFO: Metric    ] METRIC_TX type=REAL node=2 seq=131 bytes=48 time_ms=1352312
RX,REAL,,2,131,48,1353207.88,1352704,1353207.88,1352312,1352704,32.87999999988824,3339,1353207880	ID:1	[INFO: Metric    ] METRIC_RX type=REAL src=2 seq=131 send_ms=1352312 recv_ms=1352704 bytes=48
TX,REAL,4,,132,48,1354736.0,1354443,1354736.0,,,,3341,1354736000	ID:4	[INFO: Metric    ] METRIC_TX type=REAL node=4 seq=132 bytes=48 time_ms=1354443
RX,REAL,,4,132,48,1354779.168,1354276,1354779.168,1354443,1354276,43.16800000006333,3342,1354779168	ID:1	[INFO: Metric    ] METRIC_RX type=REAL src=4 seq=132 send_ms=1354443 recv_ms=1354276 bytes=48
TX,REAL,6,,136,48,1359545.0,1358606,1359545.0,,,,3344,1359545000	ID:6	[INFO: Metric    ] METRIC_TX type=REAL node=6 seq=136 bytes=48 time_ms=1358606
RX,REAL,,6,136,48,1359558.88,1359055,1359558.88,1358606,1359055,13.879999999888241,3345,1359558880	ID:1	[INFO: Metric    ] METRIC_RX type=REAL src=6 seq=136 send_ms=1358606 recv_ms=1359055 bytes=48
TX,REAL,7,,132,48,1360347.0,1360028,1360347.0,,,,3348,1360347000	ID:7	[INFO: Metric    ] METRIC_TX type=REAL node=7 seq=132 bytes=48 time_ms=1360028
RX,REAL,,7,132,48,1360369.88,1359866,1360369.88,1360028,1359866,22.87999999988824,3349,1360369880	ID:1	[INFO: Metric    ] METRIC_RX type=REAL src=7 seq=132 send_ms=1360028 recv_ms=1359866 bytes=48
TX,REAL,3,,131,48,1361078.0,1360414,1361078.0,,,,3351,1361078000	ID:3	[INFO: Metric    ] METRIC_TX type=REAL node=3 seq=131 bytes=48 time_ms=1360414
TX,DUMMY,3,,33,48,1361079.0,1360415,1361079.0,,,,3352,1361079000	ID:3	[INFO: Metric    ] METRIC_TX type=DUMMY node=3 seq=33 bytes=48 time_ms=1360415
RX,REAL,,3,131,48,1361129.168,1360626,1361129.168,1360414,1360626,51.16800000006333,3353,1361129168	ID:1	[INFO: Metric    ] METRIC_RX type=REAL src=3 seq=131 send_ms=1360414 recv_ms=1360626 bytes=48
RX,DUMMY,,3,33,48,1361156.168,1360653,1361156.168,1360415,1360653,,3354,1361156168	ID:1	[INFO: Metric    ] METRIC_RX type=DUMMY src=3 seq=33 send_ms=1360415 recv_ms=1360653 bytes=48
TX,REAL,5,,132,48,1361489.0,1361152,1361489.0,,,,3357,1361489000	ID:5	[INFO: Metric    ] METRIC_TX type=REAL node=5 seq=132 bytes=48 time_ms=1361152
RX,REAL,,5,132,48,1361520.168,1361017,1361520.168,1361152,1361017,31.16800000006333,3358,1361520168	ID:1	[INFO: Metric    ] METRIC_RX type=REAL src=5 seq=132 send_ms=1361152 recv_ms=1361017 bytes=48
TX,REAL,2,,132,48,1363176.0,1362313,1363176.0,,,,3360,1363176000	ID:2	[INFO: Metric    ] METRIC_TX type=REAL node=2 seq=132 bytes=48 time_ms=1362313
TX,DUMMY,2,,36,48,1363177.0,1362314,1363177.0,,,,3361,1363177000	ID:2	[INFO: Metric    ] METRIC_TX type=DUMMY node=2 seq=36 bytes=48 time_ms=1362314
RX,REAL,,2,132,48,1363213.88,1362710,1363213.88,1362313,1362710,37.87999999988824,3362,1363213880	ID:1	[INFO: Metric    ] METRIC_RX type=REAL src=2 seq=132 send_ms=1362313 recv_ms=1362710 bytes=48
RX,DUMMY,,2,36,48,1363222.88,1362719,1363222.88,1362314,1362719,,3363,1363222880	ID:1	[INFO: Metric    ] METRIC_RX type=DUMMY src=2 seq=36 send_ms=1362314 recv_ms=1362719 bytes=48
TX,REAL,4,,133,48,1365737.0,1365444,1365737.0,,,,3366,1365737000	ID:4	[INFO: Metric    ] METRIC_TX type=REAL node=4 seq=133 bytes=48 time_ms=1365444
RX,REAL,,4,133,48,1365804.168,1365301,1365804.168,1365444,1365301,67.16800000006333,3367,1365804168	ID:1	[INFO: Metric    ] METRIC_RX type=REAL src=4 seq=133 send_ms=1365444 recv_ms=1365301 bytes=48
TX,REAL,5,,133,48,1370490.0,1370153,1370490.0,,,,3369,1370490000	ID:5	[INFO: Metric    ] METRIC_TX type=REAL node=5 seq=133 bytes=48 time_ms=1370153
RX,REAL,,5,133,48,1370532.304,1370029,1370532.304,1370153,1370029,42.304000000003725,3370,1370532304	ID:1	[INFO: Metric    ] METRIC_RX type=REAL src=5 seq=133 send_ms=1370153 recv_ms=1370029 bytes=48
TX,REAL,6,,137,48,1371546.0,1370607,1371546.0,,,,3372,1371546000	ID:6	[INFO: Metric    ] METRIC_TX type=REAL node=6 seq=137 bytes=48 time_ms=1370607
TX,DUMMY,6,,38,48,1371547.0,1370608,1371547.0,,,,3373,1371547000	ID:6	[INFO: Metric    ] METRIC_TX type=DUMMY node=6 seq=38 bytes=48 time_ms=1370608
RX,REAL,,6,137,48,1371572.88,1371069,1371572.88,1370607,1371069,26.87999999988824,3374,1371572880	ID:1	[INFO: Metric    ] METRIC_RX type=REAL src=6 seq=137 send_ms=1370607 recv_ms=1371069 bytes=48
RX,DUMMY,,6,38,48,1371609.88,1371106,1371609.88,1370608,1371106,,3375,1371609880	ID:1	[INFO: Metric    ] METRIC_RX type=DUMMY src=6 seq=38 send_ms=1370608 recv_ms=1371106 bytes=48
TX,REAL,7,,133,48,1372348.0,1372029,1372348.0,,,,3379,1372348000	ID:7	[INFO: Metric    ] METRIC_TX type=REAL node=7 seq=133 bytes=48 time_ms=1372029
RX,REAL,,7,133,48,1372379.88,1371876,1372379.88,1372029,1371876,31.87999999988824,3380,1372379880	ID:1	[INFO: Metric    ] METRIC_RX type=REAL src=7 seq=133 send_ms=1372029 recv_ms=1371876 bytes=48
TX,REAL,3,,132,48,1373080.0,1372416,1373080.0,,,,3382,1373080000	ID:3	[INFO: Metric    ] METRIC_TX type=REAL node=3 seq=132 bytes=48 time_ms=1372416
RX,REAL,,3,132,48,1373124.168,1372621,1373124.168,1372416,1372621,44.16800000006333,3383,1373124168	ID:1	[INFO: Metric    ] METRIC_RX type=REAL src=3 seq=132 send_ms=1372416 recv_ms=1372621 bytes=48
TX,REAL,2,,133,48,1374178.0,1373315,1374178.0,,,,3385,1374178000	ID:2	[INFO: Metric    ] METRIC_TX type=REAL node=2 seq=133 bytes=48 time_ms=1373315
RX,REAL,,2,133,48,1374222.88,1373719,1374222.88,1373315,1373719,44.87999999988824,3386,1374222880	ID:1	[INFO: Metric    ] METRIC_RX type=REAL src=2 seq=133 send_ms=1373315 recv_ms=1373719 bytes=48
TX,REAL,4,,134,48,1374738.0,1374445,1374738.0,,,,3388,1374738000	ID:4	[INFO: Metric    ] METRIC_TX type=REAL node=4 seq=134 bytes=48 time_ms=1374445
TX,DUMMY,4,,28,48,1374739.0,1374446,1374739.0,,,,3389,1374739000	ID:4	[INFO: Metric    ] METRIC_TX type=DUMMY node=4 seq=28 bytes=48 time_ms=1374446
RX,REAL,,4,134,48,1374780.168,1374277,1374780.168,1374445,1374277,42.16800000006333,3390,1374780168	ID:1	[INFO: Metric    ] METRIC_RX type=REAL src=4 seq=134 send_ms=1374445 recv_ms=1374277 bytes=48
RX,DUMMY,,4,28,48,1374852.168,1374349,1374852.168,1374446,1374349,,3392,1374852168	ID:1	[INFO: Metric    ] METRIC_RX type=DUMMY src=4 seq=28 send_ms=1374446 recv_ms=1374349 bytes=48
TX,REAL,5,,134,48,1379491.0,1379154,1379491.0,,,,3394,1379491000	ID:5	[INFO: Metric    ] METRIC_TX type=REAL node=5 seq=134 bytes=48 time_ms=1379154
TX,DUMMY,5,,33,48,1379492.0,1379155,1379492.0,,,,3395,1379492000	ID:5	[INFO: Metric    ] METRIC_TX type=DUMMY node=5 seq=33 bytes=48 time_ms=1379155
RX,REAL,,5,134,48,1379536.168,1379033,1379536.168,1379154,1379033,45.16800000006333,3396,1379536168	ID:1	[INFO: Metric    ] METRIC_RX type=REAL src=5 seq=134 send_ms=1379154 recv_ms=1379033 bytes=48
RX,DUMMY,,5,33,48,1379599.168,1379096,1379599.168,1379155,1379096,,3397,1379599168	ID:1	[INFO: Metric    ] METRIC_RX type=DUMMY src=5 seq=33 send_ms=1379155 recv_ms=1379096 bytes=48
TX,REAL,6,,138,48,1382548.0,1381609,1382548.0,,,,3400,1382548000	ID:6	[INFO: Metric    ] METRIC_TX type=REAL node=6 seq=138 bytes=48 time_ms=1381609
RX,REAL,,6,138,48,1382559.88,1382056,1382559.88,1381609,1382056,11.879999999888241,3401,1382559880	ID:1	[INFO: Metric    ] METRIC_RX type=REAL src=6 seq=138 send_ms=1381609 recv_ms=1382056 bytes=48
TX,REAL,3,,133,48,1384081.0,1383417,1384081.0,,,,3403,1384081000	ID:3	[INFO: Metric    ] METRIC_TX type=REAL node=3 seq=133 bytes=48 time_ms=1383417
RX,REAL,,3,133,48,1384118.168,1383615,1384118.168,1383417,1383615,37.16800000006333,3404,1384118168	ID:1	[INFO: Metric    ] METRIC_RX type=REAL src=3 seq=133 send_ms=1383417 recv_ms=1383615 bytes=48
TX,REAL,7,,134,48,1384349.0,1384030,1384349.0,,,,3406,1384349000	ID:7	[INFO: Metric    ] METRIC_TX type=REAL node=7 seq=134 bytes=48 time_ms=1384030
TX,DUMMY,7,,35,48,1384350.0,1384031,1384350.0,,,,3407,1384350000	ID:7	[INFO: Metric    ] METRIC_TX type=DUMMY node=7 seq=35 bytes=48 time_ms=1384031
RX,REAL,,7,134,48,1384355.88,1383852,1384355.88,1384030,1383852,6.879999999888241,3408,1384355880	ID:1	[INFO: Metric    ] METRIC_RX type=REAL src=7 seq=134 send_ms=1384030 recv_ms=1383852 bytes=48
RX,DUMMY,,7,35,48,1384383.88,1383880,1384383.88,1384031,1383880,,3411,1384383880	ID:1	[INFO: Metric    ] METRIC_RX type=DUMMY src=7 seq=35 send_ms=1384031 recv_ms=1383880 bytes=48
TX,REAL,2,,134,48,1386179.0,1385316,1386179.0,,,,3413,1386179000	ID:2	[INFO: Metric    ] METRIC_TX type=REAL node=2 seq=134 bytes=48 time_ms=1385316
RX,REAL,,2,134,48,1386223.88,1385720,1386223.88,1385316,1385720,44.87999999988824,3414,1386223880	ID:1	[INFO: Metric    ] METRIC_RX type=REAL src=2 seq=134 send_ms=1385316 recv_ms=1385720 bytes=48
TX,REAL,4,,135,48,1386740.0,1386447,1386740.0,,,,3416,1386740000	ID:4	[INFO: Metric    ] METRIC_TX type=REAL node=4 seq=135 bytes=48 time_ms=1386447
TX,DUMMY,4,,29,48,1386741.0,1386448,1386741.0,,,,3417,1386741000	ID:4	[INFO: Metric    ] METRIC_TX type=DUMMY node=4 seq=29 bytes=48 time_ms=1386448
RX,REAL,,4,135,48,1386888.168,1386385,1386888.168,1386447,1386385,148.16800000006333,3418,1386888168	ID:1	[INFO: Metric    ] METRIC_RX type=REAL src=4 seq=135 send_ms=1386447 recv_ms=1386385 bytes=48
RX,DUMMY,,4,29,48,1386895.336,1386392,1386895.336,1386448,1386392,,3419,1386895336	ID:1	[INFO: Metric    ] METRIC_RX type=DUMMY src=4 seq=29 send_ms=1386448 recv_ms=1386392 bytes=48
TX,REAL,5,,135,48,1388493.0,1388156,1388493.0,,,,3422,1388493000	ID:5	[INFO: Metric    ] METRIC_TX type=REAL node=5 seq=135 bytes=48 time_ms=1388156
RX,REAL,,5,135,48,1388534.168,1388031,1388534.168,1388156,1388031,41.16800000006333,3423,1388534168	ID:1	[INFO: Metric    ] METRIC_RX type=REAL src=5 seq=135 send_ms=1388156 recv_ms=1388031 bytes=48
TX,REAL,6,,139,48,1390549.0,1389610,1390549.0,,,,3425,1390549000	ID:6	[INFO: Metric    ] METRIC_TX type=REAL node=6 seq=139 bytes=48 time_ms=1389610
RX,REAL,,6,139,48,1390581.88,1390078,1390581.88,1389610,1390078,32.87999999988824,3426,1390581880	ID:1	[INFO: Metric    ] METRIC_RX type=REAL src=6 seq=139 send_ms=1389610 recv_ms=1390078 bytes=48
TX,REAL,3,,134,48,1393082.0,1392418,1393082.0,,,,3428,1393082000	ID:3	[INFO: Metric    ] METRIC_TX type=REAL node=3 seq=134 bytes=48 time_ms=1392418
RX,REAL,,3,134,48,1393118.168,1392615,1393118.168,1392418,1392615,36.16800000006333,3429,1393118168	ID:1	[INFO: Metric    ] METRIC_RX type=REAL src=3 seq=134 send_ms=1392418 recv_ms=1392615 bytes=48
TX,REAL,2,,135,48,1394180.0,1393317,1394180.0,,,,3431,1394180000	ID:2	[INFO: Metric    ] METRIC_TX type=REAL node=2 seq=135 bytes=48 time_ms=1393317
RX,REAL,,2,135,48,1394210.88,1393707,1394210.88,1393317,1393707,30.87999999988824,3432,1394210880	ID:1	[INFO: Metric    ] METRIC_RX type=REAL src=2 seq=135 send_ms=1393317 recv_ms=1393707 bytes=48
TX,REAL,7,,135,48,1395351.0,1395032,1395351.0,,,,3434,1395351000	ID:7	[INFO: Metric    ] METRIC_TX type=REAL node=7 seq=135 bytes=48 time_ms=1395032
RX,REAL,,7,135,48,1395387.88,1394884,1395387.88,1395032,1394884,36.87999999988824,3435,1395387880	ID:1	[INFO: Metric    ] METRIC_RX type=REAL src=7 seq=135 send_ms=1395032 recv_ms=1394884 bytes=48
TX,REAL,4,,136,48,1397742.0,1397449,1397742.0,,,,3437,1397742000	ID:4	[INFO: Metric    ] METRIC_TX type=REAL node=4 seq=136 bytes=48 time_ms=1397449
RX,REAL,,4,136,48,1397814.168,1397311,1397814.168,1397449,1397311,72.16800000006333,3438,1397814168	ID:1	[INFO: Metric    ] METRIC_RX type=REAL src=4 seq=136 send_ms=1397449 recv_ms=1397311 bytes=48
TX,REAL,5,,136,48,1398494.0,1398157,1398494.0,,,,3441,1398494000	ID:5	[INFO: Metric    ] METRIC_TX type=REAL node=5 seq=136 bytes=48 time_ms=1398157
RX,REAL,,5,136,48,1398536.304,1398033,1398536.304,1398157,1398033,42.304000000003725,3442,1398536304	ID:1	[INFO: Metric    ] METRIC_RX type=REAL src=5 seq=136 send_ms=1398157 recv_ms=1398033 bytes=48
TX,REAL,6,,140,48,1400550.0,1399611,1400550.0,,,,3446,1400550000	ID:6	[INFO: Metric    ] METRIC_TX type=REAL node=6 seq=140 bytes=48 time_ms=1399611
RX,REAL,,6,140,48,1400565.88,1400062,1400565.88,1399611,1400062,15.879999999888241,3447,1400565880	ID:1	[INFO: Metric    ] METRIC_RX type=REAL src=6 seq=140 send_ms=1399611 recv_ms=1400062 bytes=48
TX,REAL,3,,135,48,1403083.0,1402419,1403083.0,,,,3449,1403083000	ID:3	[INFO: Metric    ] METRIC_TX type=REAL node=3 seq=135 bytes=48 time_ms=1402419
TX,DUMMY,3,,34,48,1403084.0,1402420,1403084.0,,,,3450,1403084000	ID:3	[INFO: Metric    ] METRIC_TX type=DUMMY node=3 seq=34 bytes=48 time_ms=1402420
RX,REAL,,3,135,48,1403145.168,1402642,1403145.168,1402419,1402642,62.16800000006333,3451,1403145168	ID:1	[INFO: Metric    ] METRIC_RX type=REAL src=3 seq=135 send_ms=1402419 recv_ms=1402642 bytes=48
RX,DUMMY,,3,34,48,1403159.304,1402656,1403159.304,1402420,1402656,,3452,1403159304	ID:1	[INFO: Metric    ] METRIC_RX type=DUMMY src=3 seq=34 send_ms=1402420 recv_ms=1402656 bytes=48
TX,REAL,2,,136,48,1404181.0,1403318,1404181.0,,,,3455,1404181000	ID:2	[INFO: Metric    ] METRIC_TX type=REAL node=2 seq=136 bytes=48 time_ms=1403318
RX,REAL,,2,136,48,1404208.88,1403705,1404208.88,1403318,1403705,27.87999999988824,3456,1404208880	ID:1	[INFO: Metric    ] METRIC_RX type=REAL src=2 seq=136 send_ms=1403318 recv_ms=1403705 bytes=48
TX,REAL,7,,136,48,1407352.0,1407033,1407352.0,,,,3458,1407352000	ID:7	[INFO: Metric    ] METRIC_TX type=REAL node=7 seq=136 bytes=48 time_ms=1407033
RX,REAL,,7,136,48,1407378.88,1406875,1407378.88,1407033,1406875,26.87999999988824,3459,1407378880	ID:1	[INFO: Metric    ] METRIC_RX type=REAL src=7 seq=136 send_ms=1407033 recv_ms=1406875 bytes=48
TX,REAL,5,,137,48,1408495.0,1408158,1408495.0,,,,3461,1408495000	ID:5	[INFO: Metric    ] METRIC_TX type=REAL node=5 seq=137 bytes=48 time_ms=1408158
RX,REAL,,5,137,48,1408564.168,1408061,1408564.168,1408158,1408061,69.16800000006333,3462,1408564168	ID:1	[INFO: Metric    ] METRIC_RX type=REAL src=5 seq=137 send_ms=1408158 recv_ms=1408061 bytes=48
TX,REAL,4,,137,48,1409743.0,1409450,1409743.0,,,,3464,1409743000	ID:4	[INFO: Metric    ] METRIC_TX type=REAL node=4 seq=137 bytes=48 time_ms=1409450
TX,DUMMY,4,,30,48,1409744.0,1409451,1409744.0,,,,3465,1409744000	ID:4	[INFO: Metric    ] METRIC_TX type=DUMMY node=4 seq=30 bytes=48 time_ms=1409451
RX,REAL,,4,137,48,1409794.168,1409291,1409794.168,1409450,1409291,51.16800000006333,3466,1409794168	ID:1	[INFO: Metric    ] METRIC_RX type=REAL src=4 seq=137 send_ms=1409450 recv_ms=1409291 bytes=48
RX,DUMMY,,4,30,48,1409835.168,1409332,1409835.168,1409451,1409332,,3468,1409835168	ID:1	[INFO: Metric    ] METRIC_RX type=DUMMY src=4 seq=30 send_ms=1409451 recv_ms=1409332 bytes=48
TX,REAL,3,,136,48,1412085.0,1411421,1412085.0,,,,3470,1412085000	ID:3	[INFO: Metric    ] METRIC_TX type=REAL node=3 seq=136 bytes=48 time_ms=1411421
RX,REAL,,3,136,48,1412117.304,1411614,1412117.304,1411421,1411614,32.304000000003725,3471,1412117304	ID:1	[INFO: Metric    ] METRIC_RX type=REAL src=3 seq=136 send_ms=1411421 recv_ms=1411614 bytes=48
TX,REAL,6,,141,48,1412551.0,1411612,1412551.0,,,,3474,1412551000	ID:6	[INFO: Metric    ] METRIC_TX type=REAL node=6 seq=141 bytes=48 time_ms=1411612
RX,REAL,,6,141,48,1412585.88,1412082,1412585.88,1411612,1412082,34.87999999988824,3475,1412585880	ID:1	[INFO: Metric    ] METRIC_RX type=REAL src=6 seq=141 send_ms=1411612 recv_ms=1412082 bytes=48
TX,REAL,2,,137,48,1413182.0,1412319,1413182.0,,,,3477,1413182000	ID:2	[INFO: Metric    ] METRIC_TX type=REAL node=2 seq=137 bytes=48 time_ms=1412319
RX,REAL,,2,137,48,1413207.88,1412704,1413207.88,1412319,1412704,25.87999999988824,3478,1413207880	ID:1	[INFO: Metric    ] METRIC_RX type=REAL src=2 seq=137 send_ms=1412319 recv_ms=1412704 bytes=48
TX,REAL,5,,138,48,1418496.0,1418159,1418496.0,,,,3480,1418496000	ID:5	[INFO: Metric    ] METRIC_TX type=REAL node=5 seq=138 bytes=48 time_ms=1418159
TX,DUMMY,5,,34,48,1418497.0,1418160,1418497.0,,,,3481,1418497000	ID:5	[INFO: Metric    ] METRIC_TX type=DUMMY node=5 seq=34 bytes=48 time_ms=1418160
RX,REAL,,5,138,48,1418568.168,1418065,1418568.168,1418159,1418065,72.16800000006333,3482,1418568168	ID:1	[INFO: Metric    ] METRIC_RX type=REAL src=5 seq=138 send_ms=1418159 recv_ms=1418065 bytes=48
RX,DUMMY,,5,34,48,1418583.304,1418080,1418583.304,1418160,1418080,,3483,1418583304	ID:1	[INFO: Metric    ] METRIC_RX type=DUMMY src=5 seq=34 send_ms=1418160 recv_ms=1418080 bytes=48
TX,REAL,4,,138,48,1418745.0,1418452,1418745.0,,,,3486,1418745000	ID:4	[INFO: Metric    ] METRIC_TX type=REAL node=4 seq=138 bytes=48 time_ms=1418452
TX,DUMMY,4,,31,48,1418746.0,1418453,1418746.0,,,,3487,1418746000	ID:4	[INFO: Metric    ] METRIC_TX type=DUMMY node=4 seq=31 bytes=48 time_ms=1418453
RX,REAL,,4,138,48,1418799.168,1418296,1418799.168,1418452,1418296,54.16800000006333,3488,1418799168	ID:1	[INFO: Metric    ] METRIC_RX type=REAL src=4 seq=138 send_ms=1418452 recv_ms=1418296 bytes=48
RX,DUMMY,,4,31,48,1418850.168,1418347,1418850.168,1418453,1418347,,3490,1418850168	ID:1	[INFO: Metric    ] METRIC_RX type=DUMMY src=4 seq=31 send_ms=1418453 recv_ms=1418347 bytes=48
TX,REAL,7,,137,48,1419353.0,1419034,1419353.0,,,,3492,1419353000	ID:7	[INFO: Metric    ] METRIC_TX type=REAL node=7 seq=137 bytes=48 time_ms=1419034
RX,REAL,,7,137,48,1419365.88,1418862,1419365.88,1419034,1418862,12.879999999888241,3493,1419365880	ID:1	[INFO: Metric    ] METRIC_RX type=REAL src=7 seq=137 send_ms=1419034 recv_ms=1418862 bytes=48
TX,REAL,3,,137,48,1420086.0,1419422,1420086.0,,,,3495,1420086000	ID:3	[INFO: Metric    ] METRIC_TX type=REAL node=3 seq=137 bytes=48 time_ms=1419422
RX,REAL,,3,137,48,1420125.168,1419622,1420125.168,1419422,1419622,39.16800000006333,3496,1420125168	ID:1	[INFO: Metric    ] METRIC_RX type=REAL src=3 seq=137 send_ms=1419422 recv_ms=1419622 bytes=48
TX,REAL,2,,138,48,1423183.0,1422320,1423183.0,,,,3498,1423183000	ID:2	[INFO: Metric    ] METRIC_TX type=REAL node=2 seq=138 bytes=48 time_ms=1422320
RX,REAL,,2,138,48,1423220.88,1422717,1423220.88,1422320,1422717,37.87999999988824,3499,1423220880	ID:1	[INFO: Metric    ] METRIC_RX type=REAL src=2 seq=138 send_ms=1422320 recv_ms=1422717 bytes=48
TX,REAL,6,,142,48,1423552.0,1422613,1423552.0,,,,3501,1423552000	ID:6	[INFO: Metric    ] METRIC_TX type=REAL node=6 seq=142 bytes=48 time_ms=1422613
TX,DUMMY,6,,39,48,1423553.0,1422614,1423553.0,,,,3502,1423553000	ID:6	[INFO: Metric    ] METRIC_TX type=DUMMY node=6 seq=39 bytes=48 time_ms=1422614
RX,REAL,,6,142,48,1423581.88,1423078,1423581.88,1422613,1423078,29.87999999988824,3503,1423581880	ID:1	[INFO: Metric    ] METRIC_RX type=REAL src=6 seq=142 send_ms=1422613 recv_ms=1423078 bytes=48
RX,DUMMY,,6,39,48,1423610.88,1423107,1423610.88,1422614,1423107,,3505,1423610880	ID:1	[INFO: Metric    ] METRIC_RX type=DUMMY src=6 seq=39 send_ms=1422614 recv_ms=1423107 bytes=48
TX,REAL,4,,139,48,1426747.0,1426454,1426747.0,,,,3508,1426747000	ID:4	[INFO: Metric    ] METRIC_TX type=REAL node=4 seq=139 bytes=48 time_ms=1426454
RX,REAL,,4,139,48,1426803.168,1426300,1426803.168,1426454,1426300,56.16800000006333,3509,1426803168	ID:1	[INFO: Metric    ] METRIC_RX type=REAL src=4 seq=139 send_ms=1426454 recv_ms=1426300 bytes=48
TX,REAL,7,,138,48,1427354.0,1427035,1427354.0,,,,3511,1427354000	ID:7	[INFO: Metric    ] METRIC_TX type=REAL node=7 seq=138 bytes=48 time_ms=1427035
RX,REAL,,7,138,48,1427360.88,1426857,1427360.88,1427035,1426857,6.879999999888241,3512,1427360880	ID:1	[INFO: Metric    ] METRIC_RX type=REAL src=7 seq=138 send_ms=1427035 recv_ms=1426857 bytes=48
TX,REAL,3,,138,48,1430087.0,1429423,1430087.0,,,,3514,1430087000	ID:3	[INFO: Metric    ] METRIC_TX type=REAL node=3 seq=138 bytes=48 time_ms=1429423
RX,REAL,,3,138,48,1430132.168,1429629,1430132.168,1429423,1429629,45.16800000006333,3515,1430132168	ID:1	[INFO: Metric    ] METRIC_RX type=REAL src=3 seq=138 send_ms=1429423 recv_ms=1429629 bytes=48
TX,REAL,5,,139,48,1430498.0,1430161,1430498.0,,,,3517,1430498000	ID:5	[INFO: Metric    ] METRIC_TX type=REAL node=5 seq=139 bytes=48 time_ms=1430161
RX,REAL,,5,139,48,1430558.168,1430055,1430558.168,1430161,1430055,60.16800000006333,3518,1430558168	ID:1	[INFO: Metric    ] METRIC_RX type=REAL src=5 seq=139 send_ms=1430161 recv_ms=1430055 bytes=48
TX,REAL,2,,139,48,1434184.0,1433321,1434184.0,,,,3520,1434184000	ID:2	[INFO: Metric    ] METRIC_TX type=REAL node=2 seq=139 bytes=48 time_ms=1433321
RX,REAL,,2,139,48,1434190.88,1433687,1434190.88,1433321,1433687,6.879999999888241,3521,1434190880	ID:1	[INFO: Metric    ] METRIC_RX type=REAL src=2 seq=139 send_ms=1433321 recv_ms=1433687 bytes=48
TX,REAL,6,,143,48,1435554.0,1434615,1435554.0,,,,3523,1435554000	ID:6	[INFO: Metric    ] METRIC_TX type=REAL node=6 seq=143 bytes=48 time_ms=1434615
RX,REAL,,6,143,48,1435585.88,1435082,1435585.88,1434615,1435082,31.87999999988824,3524,1435585880	ID:1	[INFO: Metric    ] METRIC_RX type=REAL src=6 seq=143 send_ms=1434615 recv_ms=1435082 bytes=48
TX,REAL,4,,140,48,1435748.0,1435455,1435748.0,,,,3528,1435748000	ID:4	[INFO: Metric    ] METRIC_TX type=REAL node=4 seq=140 bytes=48 time_ms=1435455
RX,REAL,,4,140,48,1435789.168,1435286,1435789.168,1435455,1435286,41.16800000006333,3529,1435789168	ID:1	[INFO: Metric    ] METRIC_RX type=REAL src=4 seq=140 send_ms=1435455 recv_ms=1435286 bytes=48
TX,REAL,7,,139,48,1436355.0,1436036,1436355.0,,,,3531,1436355000	ID:7	[INFO: Metric    ] METRIC_TX type=REAL node=7 seq=139 bytes=48 time_ms=1436036
RX,REAL,,7,139,48,1436360.88,1435857,1436360.88,1436036,1435857,5.879999999888241,3532,1436360880	ID:1	[INFO: Metric    ] METRIC_RX type=REAL src=7 seq=139 send_ms=1436036 recv_ms=1435857 bytes=48
TX,REAL,3,,139,48,1440088.0,1439424,1440088.0,,,,3534,1440088000	ID:3	[INFO: Metric    ] METRIC_TX type=REAL node=3 seq=139 bytes=48 time_ms=1439424
RX,REAL,,3,139,48,1440171.168,1439668,1440171.168,1439424,1439668,83.16800000006333,3535,1440171168	ID:1	[INFO: Metric    ] METRIC_RX type=REAL src=3 seq=139 send_ms=1439424 recv_ms=1439668 bytes=48
TX,REAL,5,,140,48,1440499.0,1440162,1440499.0,,,,3540,1440499000	ID:5	[INFO: Metric    ] METRIC_TX type=REAL node=5 seq=140 bytes=48 time_ms=1440162
RX,REAL,,5,140,48,1440542.168,1440039,1440542.168,1440162,1440039,43.16800000006333,3541,1440542168	ID:1	[INFO: Metric    ] METRIC_RX type=REAL src=5 seq=140 send_ms=1440162 recv_ms=1440039 bytes=48
TX,REAL,2,,140,48,1444185.0,1443322,1444185.0,,,,3545,1444185000	ID:2	[INFO: Metric    ] METRIC_TX type=REAL node=2 seq=140 bytes=48 time_ms=1443322
RX,REAL,,2,140,48,1444194.88,1443691,1444194.88,1443322,1443691,9.879999999888241,3546,1444194880	ID:1	[INFO: Metric    ] METRIC_RX type=REAL src=2 seq=140 send_ms=1443322 recv_ms=1443691 bytes=48
TX,REAL,6,,144,48,1445555.0,1444616,1445555.0,,,,3548,1445555000	ID:6	[INFO: Metric    ] METRIC_TX type=REAL node=6 seq=144 bytes=48 time_ms=1444616
RX,REAL,,6,144,48,1445560.88,1445057,1445560.88,1444616,1445057,5.879999999888241,3549,1445560880	ID:1	[INFO: Metric    ] METRIC_RX type=REAL src=6 seq=144 send_ms=1444616 recv_ms=1445057 bytes=48
TX,REAL,4,,141,48,1447749.0,1447456,1447749.0,,,,3551,1447749000	ID:4	[INFO: Metric    ] METRIC_TX type=REAL node=4 seq=141 bytes=48 time_ms=1447456
TX,DUMMY,4,,32,48,1447750.0,1447457,1447750.0,,,,3552,1447750000	ID:4	[INFO: Metric    ] METRIC_TX type=DUMMY node=4 seq=32 bytes=48 time_ms=1447457
RX,REAL,,4,141,48,1447785.168,1447282,1447785.168,1447456,1447282,36.16800000006333,3553,1447785168	ID:1	[INFO: Metric    ] METRIC_RX type=REAL src=4 seq=141 send_ms=1447456 recv_ms=1447282 bytes=48
RX,DUMMY,,4,32,48,1447821.168,1447318,1447821.168,1447457,1447318,,3554,1447821168	ID:1	[INFO: Metric    ] METRIC_RX type=DUMMY src=4 seq=32 send_ms=1447457 recv_ms=1447318 bytes=48
TX,REAL,7,,140,48,1448356.0,1448037,1448356.0,,,,3559,1448356000	ID:7	[INFO: Metric    ] METRIC_TX type=REAL node=7 seq=140 bytes=48 time_ms=1448037
TX,DUMMY,7,,36,48,1448357.0,1448038,1448357.0,,,,3560,1448357000	ID:7	[INFO: Metric    ] METRIC_TX type=DUMMY node=7 seq=36 bytes=48 time_ms=1448038
RX,REAL,,7,140,48,1448365.88,1447862,1448365.88,1448037,1447862,9.879999999888241,3561,1448365880	ID:1	[INFO: Metric    ] METRIC_RX type=REAL src=7 seq=140 send_ms=1448037 recv_ms=1447862 bytes=48
RX,DUMMY,,7,36,48,1448402.88,1447899,1448402.88,1448038,1447899,,3563,1448402880	ID:1	[INFO: Metric    ] METRIC_RX type=DUMMY src=7 seq=36 send_ms=1448038 recv_ms=1447899 bytes=48
TX,REAL,3,,140,48,1449089.0,1448425,1449089.0,,,,3567,1449089000	ID:3	[INFO: Metric    ] METRIC_TX type=REAL node=3 seq=140 bytes=48 time_ms=1448425
TX,DUMMY,3,,35,48,1449090.0,1448426,1449090.0,,,,3568,1449090000	ID:3	[INFO: Metric    ] METRIC_TX type=DUMMY node=3 seq=35 bytes=48 time_ms=1448426
RX,REAL,,3,140,48,1449182.168,1448679,1449182.168,1448425,1448679,93.16800000006333,3569,1449182168	ID:1	[INFO: Metric    ] METRIC_RX type=REAL src=3 seq=140 send_ms=1448425 recv_ms=1448679 bytes=48
RX,DUMMY,,3,35,48,1449189.168,1448686,1449189.168,1448426,1448686,,3570,1449189168	ID:1	[INFO: Metric    ] METRIC_RX type=DUMMY src=3 seq=35 send_ms=1448426 recv_ms=1448686 bytes=48
TX,REAL,5,,141,48,1449500.0,1449163,1449500.0,,,,3573,1449500000	ID:5	[INFO: Metric    ] METRIC_TX type=REAL node=5 seq=141 bytes=48 time_ms=1449163
RX,REAL,,5,141,48,1449546.168,1449043,1449546.168,1449163,1449043,46.16800000006333,3574,1449546168	ID:1	[INFO: Metric    ] METRIC_RX type=REAL src=5 seq=141 send_ms=1449163 recv_ms=1449043 bytes=48
TX,REAL,2,,141,48,1455186.0,1454323,1455186.0,,,,3577,1455186000	ID:2	[INFO: Metric    ] METRIC_TX type=REAL node=2 seq=141 bytes=48 time_ms=1454323
RX,REAL,,2,141,48,1455228.88,1454725,1455228.88,1454323,1454725,42.87999999988824,3578,1455228880	ID:1	[INFO: Metric    ] METRIC_RX type=REAL src=2 seq=141 send_ms=1454323 recv_ms=1454725 bytes=48
TX,REAL,6,,145,48,1455556.0,1454617,1455556.0,,,,3580,1455556000	ID:6	[INFO: Metric    ] METRIC_TX type=REAL node=6 seq=145 bytes=48 time_ms=1454617
RX,REAL,,6,145,48,1455562.88,1455059,1455562.88,1454617,1455059,6.879999999888241,3581,1455562880	ID:1	[INFO: Metric    ] METRIC_RX type=REAL src=6 seq=145 send_ms=1454617 recv_ms=1455059 bytes=48
TX,REAL,3,,141,48,1457091.0,1456427,1457091.0,,,,3583,1457091000	ID:3	[INFO: Metric    ] METRIC_TX type=REAL node=3 seq=141 bytes=48 time_ms=1456427
RX,REAL,,3,141,48,1457171.168,1456668,1457171.168,1456427,1456668,80.16800000006333,3584,1457171168	ID:1	[INFO: Metric    ] METRIC_RX type=REAL src=3 seq=141 send_ms=1456427 recv_ms=1456668 bytes=48
TX,REAL,7,,141,48,1457358.0,1457039,1457358.0,,,,3586,1457358000	ID:7	[INFO: Metric    ] METRIC_TX type=REAL node=7 seq=141 bytes=48 time_ms=1457039
RX,REAL,,7,141,48,1457363.88,1456860,1457363.88,1457039,1456860,5.879999999888241,3587,1457363880	ID:1	[INFO: Metric    ] METRIC_RX type=REAL src=7 seq=141 send_ms=1457039 recv_ms=1456860 bytes=48
TX,REAL,4,,142,48,1457751.0,1457458,1457751.0,,,,3589,1457751000	ID:4	[INFO: Metric    ] METRIC_TX type=REAL node=4 seq=142 bytes=48 time_ms=1457458
RX,REAL,,4,142,48,1457805.168,1457302,1457805.168,1457458,1457302,54.16800000006333,3590,1457805168	ID:1	[INFO: Metric    ] METRIC_RX type=REAL src=4 seq=142 send_ms=1457458 recv_ms=1457302 bytes=48
TX,REAL,5,,142,48,1459501.0,1459164,1459501.0,,,,3592,1459501000	ID:5	[INFO: Metric    ] METRIC_TX type=REAL node=5 seq=142 bytes=48 time_ms=1459164
TX,DUMMY,5,,35,48,1459502.0,1459165,1459502.0,,,,3593,1459502000	ID:5	[INFO: Metric    ] METRIC_TX type=DUMMY node=5 seq=35 bytes=48 time_ms=1459165
RX,REAL,,5,142,48,1459515.304,1459012,1459515.304,1459164,1459012,14.304000000003725,3594,1459515304	ID:1	[INFO: Metric    ] METRIC_RX type=REAL src=5 seq=142 send_ms=1459164 recv_ms=1459012 bytes=48
RX,DUMMY,,5,35,48,1459544.168,1459041,1459544.168,1459165,1459041,,3595,1459544168	ID:1	[INFO: Metric    ] METRIC_RX type=DUMMY src=5 seq=35 send_ms=1459165 recv_ms=1459041 bytes=48
TX,REAL,2,,142,48,1463187.0,1462324,1463187.0,,,,3598,1463187000	ID:2	[INFO: Metric    ] METRIC_TX type=REAL node=2 seq=142 bytes=48 time_ms=1462324
RX,REAL,,2,142,48,1463201.88,1462698,1463201.88,1462324,1462698,14.879999999888241,3599,1463201880	ID:1	[INFO: Metric    ] METRIC_RX type=REAL src=2 seq=142 send_ms=1462324 recv_ms=1462698 bytes=48
TX,REAL,6,,146,48,1464557.0,1463618,1464557.0,,,,3601,1464557000	ID:6	[INFO: Metric    ] METRIC_TX type=REAL node=6 seq=146 bytes=48 time_ms=1463618
RX,REAL,,6,146,48,1464602.88,1464099,1464602.88,1463618,1464099,45.87999999988824,3602,1464602880	ID:1	[INFO: Metric    ] METRIC_RX type=REAL src=6 seq=146 send_ms=1463618 recv_ms=1464099 bytes=48
TX,REAL,3,,142,48,1468092.0,1467428,1468092.0,,,,3604,1468092000	ID:3	[INFO: Metric    ] METRIC_TX type=REAL node=3 seq=142 bytes=48 time_ms=1467428
TX,DUMMY,3,,36,48,1468093.0,1467429,1468093.0,,,,3605,1468093000	ID:3	[INFO: Metric    ] METRIC_TX type=DUMMY node=3 seq=36 bytes=48 time_ms=1467429
RX,REAL,,3,142,48,1468138.304,1467635,1468138.304,1467428,1467635,46.304000000003725,3606,1468138304	ID:1	[INFO: Metric    ] METRIC_RX type=REAL src=3 seq=142 send_ms=1467428 recv_ms=1467635 bytes=48
RX,DUMMY,,3,36,48,1468240.168,1467737,1468240.168,1467429,1467737,,3609,1468240168	ID:1	[INFO: Metric    ] METRIC_RX type=DUMMY src=3 seq=36 send_ms=1467429 recv_ms=1467737 bytes=48
TX,REAL,7,,142,48,1469359.0,1469040,1469359.0,,,,3611,1469359000	ID:7	[INFO: Metric    ] METRIC_TX type=REAL node=7 seq=142 bytes=48 time_ms=1469040
RX,REAL,,7,142,48,1469381.88,1468878,1469381.88,1469040,1468878,22.87999999988824,3612,1469381880	ID:1	[INFO: Metric    ] METRIC_RX type=REAL src=7 seq=142 send_ms=1469040 recv_ms=1468878 bytes=48
TX,REAL,5,,143,48,1469503.0,1469166,1469503.0,,,,3614,1469503000	ID:5	[INFO: Metric    ] METRIC_TX type=REAL node=5 seq=143 bytes=48 time_ms=1469166
TX,DUMMY,5,,36,48,1469504.0,1469167,1469504.0,,,,3615,1469504000	ID:5	[INFO: Metric    ] METRIC_TX type=DUMMY node=5 seq=36 bytes=48 time_ms=1469167
RX,REAL,,5,143,48,1469521.304,1469018,1469521.304,1469166,1469018,18.304000000003725,3616,1469521304	ID:1	[INFO: Metric    ] METRIC_RX type=REAL src=5 seq=143 send_ms=1469166 recv_ms=1469018 bytes=48
RX,DUMMY,,5,36,48,1469630.168,1469127,1469630.168,1469167,1469127,,3617,1469630168	ID:1	[INFO: Metric    ] METRIC_RX type=DUMMY src=5 seq=36 send_ms=1469167 recv_ms=1469127 bytes=48
TX,REAL,4,,143,48,1469752.0,1469459,1469752.0,,,,3620,1469752000	ID:4	[INFO: Metric    ] METRIC_TX type=REAL node=4 seq=143 bytes=48 time_ms=1469459
RX,REAL,,4,143,48,1469827.168,1469324,1469827.168,1469459,1469324,75.16800000006333,3621,1469827168	ID:1	[INFO: Metric    ] METRIC_RX type=REAL src=4 seq=143 send_ms=1469459 recv_ms=1469324 bytes=48
TX,REAL,2,,143,48,1471188.0,1470325,1471188.0,,,,3623,1471188000	ID:2	[INFO: Metric    ] METRIC_TX type=REAL node=2 seq=143 bytes=48 time_ms=1470325
RX,REAL,,2,143,48,1471213.88,1470710,1471213.88,1470325,1470710,25.87999999988824,3624,1471213880	ID:1	[INFO: Metric    ] METRIC_RX type=REAL src=2 seq=143 send_ms=1470325 recv_ms=1470710 bytes=48
TX,REAL,6,,147,48,1475558.0,1474619,1475558.0,,,,3626,1475558000	ID:6	[INFO: Metric    ] METRIC_TX type=REAL node=6 seq=147 bytes=48 time_ms=1474619
RX,REAL,,6,147,48,1475573.88,1475070,1475573.88,1474619,1475070,15.879999999888241,3627,1475573880	ID:1	[INFO: Metric    ] METRIC_RX type=REAL src=6 seq=147 send_ms=1474619 recv_ms=1475070 bytes=48
TX,REAL,3,,143,48,1478094.0,1477430,1478094.0,,,,3629,1478094000	ID:3	[INFO: Metric    ] METRIC_TX type=REAL node=3 seq=143 bytes=48 time_ms=1477430
TX,DUMMY,3,,37,48,1478095.0,1477431,1478095.0,,,,3630,1478095000	ID:3	[INFO: Metric    ] METRIC_TX type=DUMMY node=3 seq=37 bytes=48 time_ms=1477431
RX,REAL,,3,143,48,1478148.168,1477645,1478148.168,1477430,1477645,54.16800000006333,3631,1478148168	ID:1	[INFO: Metric    ] METRIC_RX type=REAL src=3 seq=143 send_ms=1477430 recv_ms=1477645 bytes=48
RX,DUMMY,,3,37,48,1478165.168,1477662,1478165.168,1477431,1477662,,3632,1478165168	ID:1	[INFO: Metric    ] METRIC_RX type=DUMMY src=3 seq=37 send_ms=1477431 recv_ms=1477662 bytes=48
TX,REAL,7,,143,48,1479360.0,1479041,1479360.0,,,,3635,1479360000	ID:7	[INFO: Metric    ] METRIC_TX type=REAL node=7 seq=143 bytes=48 time_ms=1479041
RX,REAL,,7,143,48,1479390.88,1478887,1479390.88,1479041,1478887,30.87999999988824,3636,1479390880	ID:1	[INFO: Metric    ] METRIC_RX type=REAL src=7 seq=143 send_ms=1479041 recv_ms=1478887 bytes=48
TX,REAL,4,,144,48,1479753.0,1479460,1479753.0,,,,3639,1479753000	ID:4	[INFO: Metric    ] METRIC_TX type=REAL node=4 seq=144 bytes=48 time_ms=1479460
RX,REAL,,4,144,48,1479786.168,1479283,1479786.168,1479460,1479283,33.16800000006333,3640,1479786168	ID:1	[INFO: Metric    ] METRIC_RX type=REAL src=4 seq=144 send_ms=1479460 recv_ms=1479283 bytes=48
TX,REAL,5,,144,48,1480505.0,1480168,1480505.0,,,,3642,1480505000	ID:5	[INFO: Metric    ] METRIC_TX type=REAL node=5 seq=144 bytes=48 time_ms=1480168
TX,DUMMY,5,,37,48,1480506.0,1480169,1480506.0,,,,3643,1480506000	ID:5	[INFO: Metric    ] METRIC_TX type=DUMMY node=5 seq=37 bytes=48 time_ms=1480169
RX,REAL,,5,144,48,1480537.168,1480034,1480537.168,1480168,1480034,32.16800000006333,3644,1480537168	ID:1	[INFO: Metric    ] METRIC_RX type=REAL src=5 seq=144 send_ms=1480168 recv_ms=1480034 bytes=48
RX,DUMMY,,5,37,48,1480579.592,1480076,1480579.592,1480169,1480076,,3646,1480579592	ID:1	[INFO: Metric    ] METRIC_RX type=DUMMY src=5 seq=37 send_ms=1480169 recv_ms=1480076 bytes=48
TX,REAL,2,,144,48,1483189.0,1482326,1483189.0,,,,3648,1483189000	ID:2	[INFO: Metric    ] METRIC_TX type=REAL node=2 seq=144 bytes=48 time_ms=1482326
RX,REAL,,2,144,48,1483225.88,1482722,1483225.88,1482326,1482722,36.87999999988824,3649,1483225880	ID:1	[INFO: Metric    ] METRIC_RX type=REAL src=2 seq=144 send_ms=1482326 recv_ms=1482722 bytes=48
TX,REAL,6,,148,48,1486559.0,1485620,1486559.0,,,,3651,1486559000	ID:6	[INFO: Metric    ] METRIC_TX type=REAL node=6 seq=148 bytes=48 time_ms=1485620
RX,REAL,,6,148,48,1486573.88,1486070,1486573.88,1485620,1486070,14.879999999888241,3652,1486573880	ID:1	[INFO: Metric    ] METRIC_RX type=REAL src=6 seq=148 send_ms=1485620 recv_ms=1486070 bytes=48
TX,REAL,7,,144,48,1487361.0,1487042,1487361.0,,,,3654,1487361000	ID:7	[INFO: Metric    ] METRIC_TX type=REAL node=7 seq=144 bytes=48 time_ms=1487042
RX,REAL,,7,144,48,1487371.88,1486868,1487371.88,1487042,1486868,10.879999999888241,3655,1487371880	ID:1	[INFO: Metric    ] METRIC_RX type=REAL src=7 seq=144 send_ms=1487042 recv_ms=1486868 bytes=48
TX,REAL,3,,144,48,1488096.0,1487432,1488096.0,,,,3657,1488096000	ID:3	[INFO: Metric    ] METRIC_TX type=REAL node=3 seq=144 bytes=48 time_ms=1487432
RX,REAL,,3,144,48,1488153.168,1487650,1488153.168,1487432,1487650,57.16800000006333,3658,1488153168	ID:1	[INFO: Metric    ] METRIC_RX type=REAL src=3 seq=144 send_ms=1487432 recv_ms=1487650 bytes=48
TX,REAL,4,,145,48,1488754.0,1488461,1488754.0,,,,3660,1488754000	ID:4	[INFO: Metric    ] METRIC_TX type=REAL node=4 seq=145 bytes=48 time_ms=1488461
RX,REAL,,4,145,48,1488839.168,1488336,1488839.168,1488461,1488336,85.16800000006333,3661,1488839168	ID:1	[INFO: Metric    ] METRIC_RX type=REAL src=4 seq=145 send_ms=1488461 recv_ms=1488336 bytes=48
TX,REAL,5,,145,48,1490507.0,1490170,1490507.0,,,,3663,1490507000	ID:5	[INFO: Metric    ] METRIC_TX type=REAL node=5 seq=145 bytes=48 time_ms=1490170
TX,DUMMY,5,,38,48,1490508.0,1490171,1490508.0,,,,3664,1490508000	ID:5	[INFO: Metric    ] METRIC_TX type=DUMMY node=5 seq=38 bytes=48 time_ms=1490171
RX,REAL,,5,145,48,1490545.168,1490042,1490545.168,1490170,1490042,38.16800000006333,3665,1490545168	ID:1	[INFO: Metric    ] METRIC_RX type=REAL src=5 seq=145 send_ms=1490170 recv_ms=1490042 bytes=48
RX,DUMMY,,5,38,48,1490626.168,1490123,1490626.168,1490171,1490123,,3667,1490626168	ID:1	[INFO: Metric    ] METRIC_RX type=DUMMY src=5 seq=38 send_ms=1490171 recv_ms=1490123 bytes=48
TX,REAL,2,,145,48,1492190.0,1491327,1492190.0,,,,3670,1492190000	ID:2	[INFO: Metric    ] METRIC_TX type=REAL node=2 seq=145 bytes=48 time_ms=1491327
RX,REAL,,2,145,48,1492202.88,1491699,1492202.88,1491327,1491699,12.879999999888241,3671,1492202880	ID:1	[INFO: Metric    ] METRIC_RX type=REAL src=2 seq=145 send_ms=1491327 recv_ms=1491699 bytes=48
TX,REAL,4,,146,48,1496755.0,1496462,1496755.0,,,,3673,1496755000	ID:4	[INFO: Metric    ] METRIC_TX type=REAL node=4 seq=146 bytes=48 time_ms=1496462
RX,REAL,,4,146,48,1496806.168,1496303,1496806.168,1496462,1496303,51.16800000006333,3674,1496806168	ID:1	[INFO: Metric    ] METRIC_RX type=REAL src=4 seq=146 send_ms=1496462 recv_ms=1496303 bytes=48
TX,REAL,6,,149,48,1498560.0,1497621,1498560.0,,,,3676,1498560000	ID:6	[INFO: Metric    ] METRIC_TX type=REAL node=6 seq=149 bytes=48 time_ms=1497621
RX,REAL,,6,149,48,1498600.88,1498097,1498600.88,1497621,1498097,40.87999999988824,3677,1498600880	ID:1	[INFO: Metric    ] METRIC_RX type=REAL src=6 seq=149 send_ms=1497621 recv_ms=1498097 bytes=48
TX,REAL,3,,145,48,1499097.0,1498433,1499097.0,,,,3679,1499097000	ID:3	[INFO: Metric    ] METRIC_TX type=REAL node=3 seq=145 bytes=48 time_ms=1498433
RX,REAL,,3,145,48,1499154.168,1498651,1499154.168,1498433,1498651,57.16800000006333,3680,1499154168	ID:1	[INFO: Metric    ] METRIC_RX type=REAL src=3 seq=145 send_ms=1498433 recv_ms=1498651 bytes=48
TX,REAL,7,,145,48,1499362.0,1499043,1499362.0,,,,3682,1499362000	ID:7	[INFO: Metric    ] METRIC_TX type=REAL node=7 seq=145 bytes=48 time_ms=1499043
RX,REAL,,7,145,48,1499375.88,1498872,1499375.88,1499043,1498872,13.879999999888241,3683,1499375880	ID:1	[INFO: Metric    ] METRIC_RX type=REAL src=7 seq=145 send_ms=1499043 recv_ms=1498872 bytes=48
TX,REAL,5,,146,48,1499509.0,1499172,1499509.0,,,,3685,1499509000	ID:5	[INFO: Metric    ] METRIC_TX type=REAL node=5 seq=146 bytes=48 time_ms=1499172
TX,DUMMY,5,,39,48,1499510.0,1499173,1499510.0,,,,3686,1499510000	ID:5	[INFO: Metric    ] METRIC_TX type=DUMMY node=5 seq=39 bytes=48 time_ms=1499173
RX,REAL,,5,146,48,1499565.168,1499062,1499565.168,1499172,1499062,56.16800000006333,3687,1499565168	ID:1	[INFO: Metric    ] METRIC_RX type=REAL src=5 seq=146 send_ms=1499172 recv_ms=1499062 bytes=48
RX,DUMMY,,5,39,48,1499613.168,1499110,1499613.168,1499173,1499110,,3688,1499613168	ID:1	[INFO: Metric    ] METRIC_RX type=DUMMY src=5 seq=39 send_ms=1499173 recv_ms=1499110 bytes=48
TX,REAL,2,,146,48,1501191.0,1500328,1501191.0,,,,3691,1501191000	ID:2	[INFO: Metric    ] METRIC_TX type=REAL node=2 seq=146 bytes=48 time_ms=1500328
RX,REAL,,2,146,48,1501204.88,1500701,1501204.88,1500328,1500701,13.879999999888241,3692,1501204880	ID:1	[INFO: Metric    ] METRIC_RX type=REAL src=2 seq=146 send_ms=1500328 recv_ms=1500701 bytes=48
TX,REAL,6,,150,48,1506561.0,1505622,1506561.0,,,,3696,1506561000	ID:6	[INFO: Metric    ] METRIC_TX type=REAL node=6 seq=150 bytes=48 time_ms=1505622
RX,REAL,,6,150,48,1506582.88,1506079,1506582.88,1505622,1506079,21.87999999988824,3697,1506582880	ID:1	[INFO: Metric    ] METRIC_RX type=REAL src=6 seq=150 send_ms=1505622 recv_ms=1506079 bytes=48
TX,REAL,5,,147,48,1507511.0,1507174,1507511.0,,,,3699,1507511000	ID:5	[INFO: Metric    ] METRIC_TX type=REAL node=5 seq=147 bytes=48 time_ms=1507174
RX,REAL,,5,147,48,1507579.168,1507076,1507579.168,1507174,1507076,68.16800000006333,3700,1507579168	ID:1	[INFO: Metric    ] METRIC_RX type=REAL src=5 seq=147 send_ms=1507174 recv_ms=1507076 bytes=48
TX,REAL,4,,147,48,1508756.0,1508463,1508756.0,,,,3703,1508756000	ID:4	[INFO: Metric    ] METRIC_TX type=REAL node=4 seq=147 bytes=48 time_ms=1508463
TX,DUMMY,4,,33,48,1508757.0,1508464,1508757.0,,,,3704,1508757000	ID:4	[INFO: Metric    ] METRIC_TX type=DUMMY node=4 seq=33 bytes=48 time_ms=1508464
RX,REAL,,4,147,48,1508810.168,1508307,1508810.168,1508463,1508307,54.16800000006333,3705,1508810168	ID:1	[INFO: Metric    ] METRIC_RX type=REAL src=4 seq=147 send_ms=1508463 recv_ms=1508307 bytes=48
RX,DUMMY,,4,33,48,1508875.168,1508372,1508875.168,1508464,1508372,,3706,1508875168	ID:1	[INFO: Metric    ] METRIC_RX type=DUMMY src=4 seq=33 send_ms=1508464 recv_ms=1508372 bytes=48
TX,REAL,2,,147,48,1509192.0,1508329,1509192.0,,,,3709,1509192000	ID:2	[INFO: Metric    ] METRIC_TX type=REAL node=2 seq=147 bytes=48 time_ms=1508329
TX,DUMMY,2,,37,48,1509193.0,1508330,1509193.0,,,,3710,1509193000	ID:2	[INFO: Metric    ] METRIC_TX type=DUMMY node=2 seq=37 bytes=48 time_ms=1508330
RX,REAL,,2,147,48,1509223.88,1508720,1509223.88,1508329,1508720,31.87999999988824,3711,1509223880	ID:1	[INFO: Metric    ] METRIC_RX type=REAL src=2 seq=147 send_ms=1508329 recv_ms=1508720 bytes=48
RX,DUMMY,,2,37,48,1509259.88,1508756,1509259.88,1508330,1508756,,3713,1509259880	ID:1	[INFO: Metric    ] METRIC_RX type=DUMMY src=2 seq=37 send_ms=1508330 recv_ms=1508756 bytes=48
TX,REAL,3,,146,48,1510098.0,1509434,1510098.0,,,,3715,1510098000	ID:3	[INFO: Metric    ] METRIC_TX type=REAL node=3 seq=146 bytes=48 time_ms=1509434
RX,REAL,,3,146,48,1510149.168,1509646,1510149.168,1509434,1509646,51.16800000006333,3716,1510149168	ID:1	[INFO: Metric    ] METRIC_RX type=REAL src=3 seq=146 send_ms=1509434 recv_ms=1509646 bytes=48
TX,REAL,7,,146,48,1511363.0,1511044,1511363.0,,,,3718,1511363000	ID:7	[INFO: Metric    ] METRIC_TX type=REAL node=7 seq=146 bytes=48 time_ms=1511044
RX,REAL,,7,146,48,1511389.88,1510886,1511389.88,1511044,1510886,26.87999999988824,3719,1511389880	ID:1	[INFO: Metric    ] METRIC_RX type=REAL src=7 seq=146 send_ms=1511044 recv_ms=1510886 bytes=48
TX,REAL,5,,148,48,1516512.0,1516175,1516512.0,,,,3721,1516512000	ID:5	[INFO: Metric    ] METRIC_TX type=REAL node=5 seq=148 bytes=48 time_ms=1516175
TX,REAL,6,,151,48,1516561.072,1515623,1516561.072,,,,3722,1516561072	ID:6	[INFO: Metric    ] METRIC_TX type=REAL node=6 seq=151 bytes=48 time_ms=1515623
RX,REAL,,5,148,48,1516561.168,1516058,1516561.168,1516175,1516058,49.16800000006333,3723,1516561168	ID:1	[INFO: Metric    ] METRIC_RX type=REAL src=5 seq=148 send_ms=1516175 recv_ms=1516058 bytes=48
RX,REAL,,6,151,48,1516588.88,1516085,1516588.88,1515623,1516085,27.807999999960884,3724,1516588880	ID:1	[INFO: Metric    ] METRIC_RX type=REAL src=6 seq=151 send_ms=1515623 recv_ms=1516085 bytes=48
TX,REAL,3,,147,48,1518099.0,1517435,1518099.0,,,,3727,1518099000	ID:3	[INFO: Metric    ] METRIC_TX type=REAL node=3 seq=147 bytes=48 time_ms=1517435
RX,REAL,,3,147,48,1518139.168,1517636,1518139.168,1517435,1517636,40.16800000006333,3728,1518139168	ID:1	[INFO: Metric    ] METRIC_RX type=REAL src=3 seq=147 send_ms=1517435 recv_ms=1517636 bytes=48
TX,REAL,4,,148,48,1518758.0,1518465,1518758.0,,,,3730,1518758000	ID:4	[INFO: Metric    ] METRIC_TX type=REAL node=4 seq=148 bytes=48 time_ms=1518465
RX,REAL,,4,148,48,1518825.168,1518322,1518825.168,1518465,1518322,67.16800000006333,3731,1518825168	ID:1	[INFO: Metric    ] METRIC_RX type=REAL src=4 seq=148 send_ms=1518465 recv_ms=1518322 bytes=48
TX,REAL,2,,148,48,1521194.0,1520331,1521194.0,,,,3734,1521194000	ID:2	[INFO: Metric    ] METRIC_TX type=REAL node=2 seq=148 bytes=48 time_ms=1520331
TX,DUMMY,2,,38,48,1521195.0,1520332,1521195.0,,,,3735,1521195000	ID:2	[INFO: Metric    ] METRIC_TX type=DUMMY node=2 seq=38 bytes=48 time_ms=1520332
RX,REAL,,2,148,48,1521219.88,1520716,1521219.88,1520331,1520716,25.87999999988824,3736,1521219880	ID:1	[INFO: Metric    ] METRIC_RX type=REAL src=2 seq=148 send_ms=1520331 recv_ms=1520716 bytes=48
RX,DUMMY,,2,38,48,1521260.88,1520757,1521260.88,1520332,1520757,,3738,1521260880	ID:1	[INFO: Metric    ] METRIC_RX type=DUMMY src=2 seq=38 send_ms=1520332 recv_ms=1520757 bytes=48
TX,REAL,7,,147,48,1521364.0,1521045,1521364.0,,,,3740,1521364000	ID:7	[INFO: Metric    ] METRIC_TX type=REAL node=7 seq=147 bytes=48 time_ms=1521045
RX,REAL,,7,147,48,1521408.88,1520905,1521408.88,1521045,1520905,44.87999999988824,3741,1521408880	ID:1	[INFO: Metric    ] METRIC_RX type=REAL src=7 seq=147 send_ms=1521045 recv_ms=1520905 bytes=48
TX,REAL,5,,149,48,1526513.0,1526176,1526513.0,,,,3743,1526513000	ID:5	[INFO: Metric    ] METRIC_TX type=REAL node=5 seq=149 bytes=48 time_ms=1526176
RX,REAL,,5,149,48,1526549.168,1526046,1526549.168,1526176,1526046,36.16800000006333,3744,1526549168	ID:1	[INFO: Metric    ] METRIC_RX type=REAL src=5 seq=149 send_ms=1526176 recv_ms=1526046 bytes=48
TX,REAL,4,,149,48,1526759.0,1526466,1526759.0,,,,3746,1526759000	ID:4	[INFO: Metric    ] METRIC_TX type=REAL node=4 seq=149 bytes=48 time_ms=1526466
RX,REAL,,4,149,48,1526823.168,1526320,1526823.168,1526466,1526320,64.16800000006333,3747,1526823168	ID:1	[INFO: Metric    ] METRIC_RX type=REAL src=4 seq=149 send_ms=1526466 recv_ms=1526320 bytes=48
TX,REAL,6,,152,48,1527562.0,1526623,1527562.0,,,,3749,1527562000	ID:6	[INFO: Metric    ] METRIC_TX type=REAL node=6 seq=152 bytes=48 time_ms=1526623
TX,DUMMY,6,,40,48,1527563.0,1526624,1527563.0,,,,3750,1527563000	ID:6	[INFO: Metric    ] METRIC_TX type=DUMMY node=6 seq=40 bytes=48 time_ms=1526624
RX,REAL,,6,152,48,1527605.88,1527102,1527605.88,1526623,1527102,43.87999999988824,3751,1527605880	ID:1	[INFO: Metric    ] METRIC_RX type=REAL src=6 seq=152 send_ms=1526623 recv_ms=1527102 bytes=48
RX,DUMMY,,6,40,48,1527640.88,1527137,1527640.88,1526624,1527137,,3753,1527640880	ID:1	[INFO: Metric    ] METRIC_RX type=DUMMY src=6 seq=40 send_ms=1526624 recv_ms=1527137 bytes=48
TX,REAL,3,,148,48,1528100.0,1527436,1528100.0,,,,3755,1528100000	ID:3	[INFO: Metric    ] METRIC_TX type=REAL node=3 seq=148 bytes=48 time_ms=1527436
TX,DUMMY,3,,38,48,1528101.0,1527437,1528101.0,,,,3756,1528101000	ID:3	[INFO: Metric    ] METRIC_TX type=DUMMY node=3 seq=38 bytes=48 time_ms=1527437
RX,REAL,,3,148,48,1528214.168,1527711,1528214.168,1527436,1527711,114.16800000006333,3757,1528214168	ID:1	[INFO: Metric    ] METRIC_RX type=REAL src=3 seq=148 send_ms=1527436 recv_ms=1527711 bytes=48
RX,DUMMY,,3,38,48,1528241.168,1527738,1528241.168,1527437,1527738,,3758,1528241168	ID:1	[INFO: Metric    ] METRIC_RX type=DUMMY src=3 seq=38 send_ms=1527437 recv_ms=1527738 bytes=48
TX,REAL,2,,149,48,1530196.0,1529333,1530196.0,,,,3761,1530196000	ID:2	[INFO: Metric    ] METRIC_TX type=REAL node=2 seq=149 bytes=48 time_ms=1529333
RX,REAL,,2,149,48,1530205.88,1529702,1530205.88,1529333,1529702,9.879999999888241,3762,1530205880	ID:1	[INFO: Metric    ] METRIC_RX type=REAL src=2 seq=149 send_ms=1529333 recv_ms=1529702 bytes=48
TX,REAL,7,,148,48,1531365.0,1531046,1531365.0,,,,3765,1531365000	ID:7	[INFO: Metric    ] METRIC_TX type=REAL node=7 seq=148 bytes=48 time_ms=1531046
TX,DUMMY,7,,37,48,1531366.0,1531047,1531366.0,,,,3766,1531366000	ID:7	[INFO: Metric    ] METRIC_TX type=DUMMY node=7 seq=37 bytes=48 time_ms=1531047
RX,REAL,,7,148,48,1531408.88,1530905,1531408.88,1531046,1530905,43.87999999988824,3767,1531408880	ID:1	[INFO: Metric    ] METRIC_RX type=REAL src=7 seq=148 send_ms=1531046 recv_ms=1530905 bytes=48
RX,DUMMY,,7,37,48,1531419.88,1530916,1531419.88,1531047,1530916,,3768,1531419880	ID:1	[INFO: Metric    ] METRIC_RX type=DUMMY src=7 seq=37 send_ms=1531047 recv_ms=1530916 bytes=48
TX,REAL,4,,150,48,1534760.0,1534467,1534760.0,,,,3773,1534760000	ID:4	[INFO: Metric    ] METRIC_TX type=REAL node=4 seq=150 bytes=48 time_ms=1534467
TX,DUMMY,4,,34,48,1534761.0,1534468,1534761.0,,,,3774,1534761000	ID:4	[INFO: Metric    ] METRIC_TX type=DUMMY node=4 seq=34 bytes=48 time_ms=1534468
RX,REAL,,4,150,48,1534811.168,1534308,1534811.168,1534467,1534308,51.16800000006333,3775,1534811168	ID:1	[INFO: Metric    ] METRIC_RX type=REAL src=4 seq=150 send_ms=1534467 recv_ms=1534308 bytes=48
RX,DUMMY,,4,34,48,1534823.168,1534320,1534823.168,1534468,1534320,,3776,1534823168	ID:1	[INFO: Metric    ] METRIC_RX type=DUMMY src=4 seq=34 send_ms=1534468 recv_ms=1534320 bytes=48
TX,REAL,5,,150,48,1537514.0,1537177,1537514.0,,,,3781,1537514000	ID:5	[INFO: Metric    ] METRIC_TX type=REAL node=5 seq=150 bytes=48 time_ms=1537177
RX,REAL,,5,150,48,1537557.168,1537054,1537557.168,1537177,1537054,43.16800000006333,3782,1537557168	ID:1	[INFO: Metric    ] METRIC_RX type=REAL src=5 seq=150 send_ms=1537177 recv_ms=1537054 bytes=48
TX,REAL,3,,149,48,1538102.0,1537438,1538102.0,,,,3784,1538102000	ID:3	[INFO: Metric    ] METRIC_TX type=REAL node=3 seq=149 bytes=48 time_ms=1537438
RX,REAL,,3,149,48,1538135.168,1537632,1538135.168,1537438,1537632,33.16800000006333,3785,1538135168	ID:1	[INFO: Metric    ] METRIC_RX type=REAL src=3 seq=149 send_ms=1537438 recv_ms=1537632 bytes=48
TX,REAL,2,,150,48,1538197.0,1537334,1538197.0,,,,3789,1538197000	ID:2	[INFO: Metric    ] METRIC_TX type=REAL node=2 seq=150 bytes=48 time_ms=1537334
RX,REAL,,2,150,48,1538205.88,1537702,1538205.88,1537334,1537702,8.879999999888241,3790,1538205880	ID:1	[INFO: Metric    ] METRIC_RX type=REAL src=2 seq=150 send_ms=1537334 recv_ms=1537702 bytes=48
TX,REAL,6,,153,48,1538564.0,1537625,1538564.0,,,,3792,1538564000	ID:6	[INFO: Metric    ] METRIC_TX type=REAL node=6 seq=153 bytes=48 time_ms=1537625
RX,REAL,,6,153,48,1538595.88,1538092,1538595.88,1537625,1538092,31.87999999988824,3793,1538595880	ID:1	[INFO: Metric    ] METRIC_RX type=REAL src=6 seq=153 send_ms=1537625 recv_ms=1538092 bytes=48
TX,REAL,7,,149,48,1543367.0,1543048,1543367.0,,,,3795,1543367000	ID:7	[INFO: Metric    ] METRIC_TX type=REAL node=7 seq=149 bytes=48 time_ms=1543048
RX,REAL,,7,149,48,1543388.88,1542885,1543388.88,1543048,1542885,21.87999999988824,3796,1543388880	ID:1	[INFO: Metric    ] METRIC_RX type=REAL src=7 seq=149 send_ms=1543048 recv_ms=1542885 bytes=48
TX,REAL,5,,151,48,1546515.0,1546178,1546515.0,,,,3798,1546515000	ID:5	[INFO: Metric    ] METRIC_TX type=REAL node=5 seq=151 bytes=48 time_ms=1546178
TX,DUMMY,5,,40,48,1546516.0,1546179,1546516.0,,,,3799,1546516000	ID:5	[INFO: Metric    ] METRIC_TX type=DUMMY node=5 seq=40 bytes=48 time_ms=1546179
RX,REAL,,5,151,48,1546530.168,1546027,1546530.168,1546178,1546027,15.16800000006333,3800,1546530168	ID:1	[INFO: Metric    ] METRIC_RX type=REAL src=5 seq=151 send_ms=1546178 recv_ms=1546027 bytes=48
RX,DUMMY,,5,40,48,1546585.168,1546082,1546585.168,1546179,1546082,,3803,1546585168	ID:1	[INFO: Metric    ] METRIC_RX type=DUMMY src=5 seq=40 send_ms=1546179 recv_ms=1546082 bytes=48
TX,REAL,4,,151,48,1546762.0,1546469,1546762.0,,,,3805,1546762000	ID:4	[INFO: Metric    ] METRIC_TX type=REAL node=4 seq=151 bytes=48 time_ms=1546469
RX,REAL,,4,151,48,1546830.168,1546327,1546830.168,1546469,1546327,68.16800000006333,3806,1546830168	ID:1	[INFO: Metric    ] METRIC_RX type=REAL src=4 seq=151 send_ms=1546469 recv_ms=1546327 bytes=48
TX,REAL,2,,151,48,1547198.0,1546335,1547198.0,,,,3808,1547198000	ID:2	[INFO: Metric    ] METRIC_TX type=REAL node=2 seq=151 bytes=48 time_ms=1546335
TX,DUMMY,2,,39,48,1547199.0,1546336,1547199.0,,,,3809,1547199000	ID:2	[INFO: Metric    ] METRIC_TX type=DUMMY node=2 seq=39 bytes=48 time_ms=1546336
RX,REAL,,2,151,48,1547226.88,1546723,1547226.88,1546335,1546723,28.87999999988824,3810,1547226880	ID:1	[INFO: Metric    ] METRIC_RX type=REAL src=2 seq=151 send_ms=1546335 recv_ms=1546723 bytes=48
RX,DUMMY,,2,39,48,1547245.88,1546742,1547245.88,1546336,1546742,,3811,1547245880	ID:1	[INFO: Metric    ] METRIC_RX type=DUMMY src=2 seq=39 send_ms=1546336 recv_ms=1546742 bytes=48
TX,REAL,6,,154,48,1548565.0,1547626,1548565.0,,,,3814,1548565000	ID:6	[INFO: Metric    ] METRIC_TX type=REAL node=6 seq=154 bytes=48 time_ms=1547626
TX,DUMMY,6,,41,48,1548566.0,1547627,1548566.0,,,,3815,1548566000	ID:6	[INFO: Metric    ] METRIC_TX type=DUMMY node=6 seq=41 bytes=48 time_ms=1547627
RX,REAL,,6,154,48,1548582.88,1548079,1548582.88,1547626,1548079,17.87999999988824,3816,1548582880	ID:1	[INFO: Metric    ] METRIC_RX type=REAL src=6 seq=154 send_ms=1547626 recv_ms=1548079 bytes=48
RX,DUMMY,,6,41,48,1548598.88,1548095,1548598.88,1547627,1548095,,3817,1548598880	ID:1	[INFO: Metric    ] METRIC_RX type=DUMMY src=6 seq=41 send_ms=1547627 recv_ms=1548095 bytes=48
TX,REAL,3,,150,48,1549103.0,1548439,1549103.0,,,,3822,1549103000	ID:3	[INFO: Metric    ] METRIC_TX type=REAL node=3 seq=150 bytes=48 time_ms=1548439
TX,DUMMY,3,,39,48,1549104.0,1548440,1549104.0,,,,3823,1549104000	ID:3	[INFO: Metric    ] METRIC_TX type=DUMMY node=3 seq=39 bytes=48 time_ms=1548440
RX,REAL,,3,150,48,1549144.168,1548641,1549144.168,1548439,1548641,41.16800000006333,3824,1549144168	ID:1	[INFO: Metric    ] METRIC_RX type=REAL src=3 seq=150 send_ms=1548439 recv_ms=1548641 bytes=48
RX,DUMMY,,3,39,48,1549236.168,1548733,1549236.168,1548440,1548733,,3825,1549236168	ID:1	[INFO: Metric    ] METRIC_RX type=DUMMY src=3 seq=39 send_ms=1548440 recv_ms=1548733 bytes=48
TX,REAL,2,,152,48,1555200.0,1554337,1555200.0,,,,3828,1555200000	ID:2	[INFO: Metric    ] METRIC_TX type=REAL node=2 seq=152 bytes=48 time_ms=1554337
RX,REAL,,2,152,48,1555216.88,1554713,1555216.88,1554337,1554713,16.87999999988824,3829,1555216880	ID:1	[INFO: Metric    ] METRIC_RX type=REAL src=2 seq=152 send_ms=1554337 recv_ms=1554713 bytes=48
TX,REAL,7,,150,48,1555368.0,1555049,1555368.0,,,,3833,1555368000	ID:7	[INFO: Metric    ] METRIC_TX type=REAL node=7 seq=150 bytes=48 time_ms=1555049
TX,DUMMY,7,,38,48,1555369.0,1555050,1555369.0,,,,3834,1555369000	ID:7	[INFO: Metric    ] METRIC_TX type=DUMMY node=7 seq=38 bytes=48 time_ms=1555050
RX,REAL,,7,150,48,1555375.88,1554872,1555375.88,1555049,1554872,7.879999999888241,3835,1555375880	ID:1	[INFO: Metric    ] METRIC_RX type=REAL src=7 seq=150 send_ms=1555049 recv_ms=1554872 bytes=48
RX,DUMMY,,7,38,48,1555396.88,1554893,1555396.88,1555050,1554893,,3838,1555396880	ID:1	[INFO: Metric    ] METRIC_RX type=DUMMY src=7 seq=38 send_ms=1555050 recv_ms=1554893 bytes=48
TX,REAL,5,,152,48,1557517.0,1557180,1557517.0,,,,3840,1557517000	ID:5	[INFO: Metric    ] METRIC_TX type=REAL node=5 seq=152 bytes=48 time_ms=1557180
TX,DUMMY,5,,41,48,1557518.0,1557181,1557518.0,,,,3841,1557518000	ID:5	[INFO: Metric    ] METRIC_TX type=DUMMY node=5 seq=41 bytes=48 time_ms=1557181
TX,REAL,6,,155,48,1557567.0,1556628,1557567.0,,,,3842,1557567000	ID:6	[INFO: Metric    ] METRIC_TX type=REAL node=6 seq=155 bytes=48 time_ms=1556628
RX,REAL,,5,152,48,1557583.168,1557080,1557583.168,1557180,1557080,66.16800000006333,3843,1557583168	ID:1	[INFO: Metric    ] METRIC_RX type=REAL src=5 seq=152 send_ms=1557180 recv_ms=1557080 bytes=48
RX,REAL,,6,155,48,1557602.88,1557099,1557602.88,1556628,1557099,35.87999999988824,3844,1557602880	ID:1	[INFO: Metric    ] METRIC_RX type=REAL src=6 seq=155 send_ms=1556628 recv_ms=1557099 bytes=48
RX,DUMMY,,5,41,48,1557607.048,1557104,1557607.048,1557181,1557104,,3845,1557607048	ID:1	[INFO: Metric    ] METRIC_RX type=DUMMY src=5 seq=41 send_ms=1557181 recv_ms=1557104 bytes=48
TX,REAL,4,,152,48,1557763.0,1557470,1557763.0,,,,3849,1557763000	ID:4	[INFO: Metric    ] METRIC_TX type=REAL node=4 seq=152 bytes=48 time_ms=1557470
RX,REAL,,4,152,48,1557803.304,1557300,1557803.304,1557470,1557300,40.304000000003725,3850,1557803304	ID:1	[INFO: Metric    ] METRIC_RX type=REAL src=4 seq=152 send_ms=1557470 recv_ms=1557300 bytes=48
TX,REAL,3,,151,48,1561105.0,1560441,1561105.0,,,,3852,1561105000	ID:3	[INFO: Metric    ] METRIC_TX type=REAL node=3 seq=151 bytes=48 time_ms=1560441
RX,REAL,,3,151,48,1561142.168,1560639,1561142.168,1560441,1560639,37.16800000006333,3853,1561142168	ID:1	[INFO: Metric    ] METRIC_RX type=REAL src=3 seq=151 send_ms=1560441 recv_ms=1560639 bytes=48
TX,REAL,2,,153,48,1565201.0,1564338,1565201.0,,,,3855,1565201000	ID:2	[INFO: Metric    ] METRIC_TX type=REAL node=2 seq=153 bytes=48 time_ms=1564338
RX,REAL,,2,153,48,1565233.88,1564730,1565233.88,1564338,1564730,32.87999999988824,3856,1565233880	ID:1	[INFO: Metric    ] METRIC_RX type=REAL src=2 seq=153 send_ms=1564338 recv_ms=1564730 bytes=48
TX,REAL,7,,151,48,1565370.0,1565051,1565370.0,,,,3858,1565370000	ID:7	[INFO: Metric    ] METRIC_TX type=REAL node=7 seq=151 bytes=48 time_ms=1565051
TX,DUMMY,7,,39,48,1565371.0,1565052,1565371.0,,,,3859,1565371000	ID:7	[INFO: Metric    ] METRIC_TX type=DUMMY node=7 seq=39 bytes=48 time_ms=1565052
RX,REAL,,7,151,48,1565412.88,1564909,1565412.88,1565051,1564909,42.87999999988824,3860,1565412880	ID:1	[INFO: Metric    ] METRIC_RX type=REAL src=7 seq=151 send_ms=1565051 recv_ms=1564909 bytes=48
RX,DUMMY,,7,39,48,1565418.88,1564915,1565418.88,1565052,1564915,,3861,1565418880	ID:1	[INFO: Metric    ] METRIC_RX type=DUMMY src=7 seq=39 send_ms=1565052 recv_ms=1564915 bytes=48
TX,REAL,5,,153,48,1567519.0,1567182,1567519.0,,,,3864,1567519000	ID:5	[INFO: Metric    ] METRIC_TX type=REAL node=5 seq=153 bytes=48 time_ms=1567182
TX,DUMMY,5,,42,48,1567520.0,1567183,1567520.0,,,,3865,1567520000	ID:5	[INFO: Metric    ] METRIC_TX type=DUMMY node=5 seq=42 bytes=48 time_ms=1567183
RX,REAL,,5,153,48,1567586.168,1567083,1567586.168,1567182,1567083,67.16800000006333,3866,1567586168	ID:1	[INFO: Metric    ] METRIC_RX type=REAL src=5 seq=153 send_ms=1567182 recv_ms=1567083 bytes=48
RX,DUMMY,,5,42,48,1567609.168,1567106,1567609.168,1567183,1567106,,3868,1567609168	ID:1	[INFO: Metric    ] METRIC_RX type=DUMMY src=5 seq=42 send_ms=1567183 recv_ms=1567106 bytes=48
TX,REAL,6,,156,48,1568568.0,1567629,1568568.0,,,,3871,1568568000	ID:6	[INFO: Metric    ] METRIC_TX type=REAL node=6 seq=156 bytes=48 time_ms=1567629
RX,REAL,,6,156,48,1568600.88,1568097,1568600.88,1567629,1568097,32.87999999988824,3872,1568600880	ID:1	[INFO: Metric    ] METRIC_RX type=REAL src=6 seq=156 send_ms=1567629 recv_ms=1568097 bytes=48
TX,REAL,4,,153,48,1569764.0,1569471,1569764.0,,,,3874,1569764000	ID:4	[INFO: Metric    ] METRIC_TX type=REAL node=4 seq=153 bytes=48 time_ms=1569471
RX,REAL,,4,153,48,1569803.168,1569300,1569803.168,1569471,1569300,39.16800000006333,3875,1569803168	ID:1	[INFO: Metric    ] METRIC_RX type=REAL src=4 seq=153 send_ms=1569471 recv_ms=1569300 bytes=48
TX,REAL,3,,152,48,1571106.0,1570442,1571106.0,,,,3877,1571106000	ID:3	[INFO: Metric    ] METRIC_TX type=REAL node=3 seq=152 bytes=48 time_ms=1570442
RX,REAL,,3,152,48,1571161.168,1570658,1571161.168,1570442,1570658,55.16800000006333,3878,1571161168	ID:1	[INFO: Metric    ] METRIC_RX type=REAL src=3 seq=152 send_ms=1570442 recv_ms=1570658 bytes=48
TX,REAL,2,,154,48,1573202.0,1572339,1573202.0,,,,3880,1573202000	ID:2	[INFO: Metric    ] METRIC_TX type=REAL node=2 seq=154 bytes=48 time_ms=1572339
RX,REAL,,2,154,48,1573221.88,1572718,1573221.88,1572339,1572718,19.87999999988824,3881,1573221880	ID:1	[INFO: Metric    ] METRIC_RX type=REAL src=2 seq=154 send_ms=1572339 recv_ms=1572718 bytes=48
TX,REAL,7,,152,48,1576372.0,1576053,1576372.0,,,,3883,1576372000	ID:7	[INFO: Metric    ] METRIC_TX type=REAL node=7 seq=152 bytes=48 time_ms=1576053
TX,DUMMY,7,,40,48,1576373.0,1576054,1576373.0,,,,3884,1576373000	ID:7	[INFO: Metric    ] METRIC_TX type=DUMMY node=7 seq=40 bytes=48 time_ms=1576054
RX,REAL,,7,152,48,1576415.88,1575912,1576415.88,1576053,1575912,43.87999999988824,3885,1576415880	ID:1	[INFO: Metric    ] METRIC_RX type=REAL src=7 seq=152 send_ms=1576053 recv_ms=1575912 bytes=48
RX,DUMMY,,7,40,48,1576453.88,1575950,1576453.88,1576054,1575950,,3887,1576453880	ID:1	[INFO: Metric    ] METRIC_RX type=DUMMY src=7 seq=40 send_ms=1576054 recv_ms=1575950 bytes=48
TX,REAL,5,,154,48,1576521.0,1576184,1576521.0,,,,3889,1576521000	ID:5	[INFO: Metric    ] METRIC_TX type=REAL node=5 seq=154 bytes=48 time_ms=1576184
TX,REAL,6,,157,48,1576569.0,1575630,1576569.0,,,,3890,1576569000	ID:6	[INFO: Metric    ] METRIC_TX type=REAL node=6 seq=157 bytes=48 time_ms=1575630
RX,REAL,,5,154,48,1576573.168,1576070,1576573.168,1576184,1576070,52.16800000006333,3891,1576573168	ID:1	[INFO: Metric    ] METRIC_RX type=REAL src=5 seq=154 send_ms=1576184 recv_ms=1576070 bytes=48
RX,REAL,,6,157,48,1576610.88,1576107,1576610.88,1575630,1576107,41.87999999988824,3892,1576610880	ID:1	[INFO: Metric    ] METRIC_RX type=REAL src=6 seq=157 send_ms=1575630 recv_ms=1576107 bytes=48
TX,REAL,4,,154,48,1579765.0,1579472,1579765.0,,,,3895,1579765000	ID:4	[INFO: Metric    ] METRIC_TX type=REAL node=4 seq=154 bytes=48 time_ms=1579472
TX,DUMMY,4,,35,48,1579766.0,1579473,1579766.0,,,,3896,1579766000	ID:4	[INFO: Metric    ] METRIC_TX type=DUMMY node=4 seq=35 bytes=48 time_ms=1579473
RX,REAL,,4,154,48,1579838.168,1579335,1579838.168,1579472,1579335,73.16800000006333,3897,1579838168	ID:1	[INFO: Metric    ] METRIC_RX type=REAL src=4 seq=154 send_ms=1579472 recv_ms=1579335 bytes=48
RX,DUMMY,,4,35,48,1579883.728,1579380,1579883.728,1579473,1579380,,3900,1579883728	ID:1	[INFO: Metric    ] METRIC_RX type=DUMMY src=4 seq=35 send_ms=1579473 recv_ms=1579380 bytes=48
TX,REAL,3,,153,48,1581107.0,1580443,1581107.0,,,,3902,1581107000	ID:3	[INFO: Metric    ] METRIC_TX type=REAL node=3 seq=153 bytes=48 time_ms=1580443
RX,REAL,,3,153,48,1581156.168,1580653,1581156.168,1580443,1580653,49.16800000006333,3903,1581156168	ID:1	[INFO: Metric    ] METRIC_RX type=REAL src=3 seq=153 send_ms=1580443 recv_ms=1580653 bytes=48
TX,REAL,2,,155,48,1584203.0,1583340,1584203.0,,,,3905,1584203000	ID:2	[INFO: Metric    ] METRIC_TX type=REAL node=2 seq=155 bytes=48 time_ms=1583340
RX,REAL,,2,155,48,1584245.88,1583742,1584245.88,1583340,1583742,42.87999999988824,3906,1584245880	ID:1	[INFO: Metric    ] METRIC_RX type=REAL src=2 seq=155 send_ms=1583340 recv_ms=1583742 bytes=48
TX,REAL,7,,153,48,1585374.0,1585055,1585374.0,,,,3908,1585374000	ID:7	[INFO: Metric    ] METRIC_TX type=REAL node=7 seq=153 bytes=48 time_ms=1585055
RX,REAL,,7,153,48,1585389.88,1584886,1585389.88,1585055,1584886,15.879999999888241,3909,1585389880	ID:1	[INFO: Metric    ] METRIC_RX type=REAL src=7 seq=153 send_ms=1585055 recv_ms=1584886 bytes=48
TX,REAL,5,,155,48,1585522.0,1585185,1585522.0,,,,3911,1585522000	ID:5	[INFO: Metric    ] METRIC_TX type=REAL node=5 seq=155 bytes=48 time_ms=1585185
RX,REAL,,5,155,48,1585568.168,1585065,1585568.168,1585185,1585065,46.16800000006333,3912,1585568168	ID:1	[INFO: Metric    ] METRIC_RX type=REAL src=5 seq=155 send_ms=1585185 recv_ms=1585065 bytes=48
TX,REAL,6,,158,48,1586570.0,1585631,1586570.0,,,,3914,1586570000	ID:6	[INFO: Metric    ] METRIC_TX type=REAL node=6 seq=158 bytes=48 time_ms=1585631
RX,REAL,,6,158,48,1586611.88,1586108,1586611.88,1585631,1586108,41.87999999988824,3915,1586611880	ID:1	[INFO: Metric    ] METRIC_RX type=REAL src=6 seq=158 send_ms=1585631 recv_ms=1586108 bytes=48
TX,REAL,4,,155,48,1588767.0,1588474,1588767.0,,,,3917,1588767000	ID:4	[INFO: Metric    ] METRIC_TX type=REAL node=4 seq=155 bytes=48 time_ms=1588474
RX,REAL,,4,155,48,1588837.168,1588334,1588837.168,1588474,1588334,70.16800000006333,3918,1588837168	ID:1	[INFO: Metric    ] METRIC_RX type=REAL src=4 seq=155 send_ms=1588474 recv_ms=1588334 bytes=48
TX,REAL,3,,154,48,1592108.0,1591444,1592108.0,,,,3920,1592108000	ID:3	[INFO: Metric    ] METRIC_TX type=REAL node=3 seq=154 bytes=48 time_ms=1591444
TX,DUMMY,3,,40,48,1592109.0,1591445,1592109.0,,,,3921,1592109000	ID:3	[INFO: Metric    ] METRIC_TX type=DUMMY node=3 seq=40 bytes=48 time_ms=1591445
RX,REAL,,3,154,48,1592164.168,1591661,1592164.168,1591444,1591661,56.16800000006333,3922,1592164168	ID:1	[INFO: Metric    ] METRIC_RX type=REAL src=3 seq=154 send_ms=1591444 recv_ms=1591661 bytes=48
RX,DUMMY,,3,40,48,1592238.168,1591735,1592238.168,1591445,1591735,,3924,1592238168	ID:1	[INFO: Metric    ] METRIC_RX type=DUMMY src=3 seq=40 send_ms=1591445 recv_ms=1591735 bytes=48
TX,REAL,2,,156,48,1593204.0,1592341,1593204.0,,,,3926,1593204000	ID:2	[INFO: Metric    ] METRIC_TX type=REAL node=2 seq=156 bytes=48 time_ms=1592341
TX,DUMMY,2,,40,48,1593205.0,1592342,1593205.0,,,,3927,1593205000	ID:2	[INFO: Metric    ] METRIC_TX type=DUMMY node=2 seq=40 bytes=48 time_ms=1592342
RX,REAL,,2,156,48,1593232.88,1592729,1593232.88,1592341,1592729,28.87999999988824,3928,1593232880	ID:1	[INFO: Metric    ] METRIC_RX type=REAL src=2 seq=156 send_ms=1592341 recv_ms=1592729 bytes=48
RX,DUMMY,,2,40,48,1593247.88,1592744,1593247.88,1592342,1592744,,3930,1593247880	ID:1	[INFO: Metric    ] METRIC_RX type=DUMMY src=2 seq=40 send_ms=1592342 recv_ms=1592744 bytes=48
TX,REAL,6,,159,48,1595571.0,1594632,1595571.0,,,,3933,1595571000	ID:6	[INFO: Metric    ] METRIC_TX type=REAL node=6 seq=159 bytes=48 time_ms=1594632
RX,REAL,,6,159,48,1595581.88,1595078,1595581.88,1594632,1595078,10.879999999888241,3934,1595581880	ID:1	[INFO: Metric    ] METRIC_RX type=REAL src=6 seq=159 send_ms=1594632 recv_ms=1595078 bytes=48
TX,REAL,7,,154,48,1596375.0,1596056,1596375.0,,,,3936,1596375000	ID:7	[INFO: Metric    ] METRIC_TX type=REAL node=7 seq=154 bytes=48 time_ms=1596056
RX,REAL,,7,154,48,1596411.88,1595908,1596411.88,1596056,1595908,36.87999999988824,3937,1596411880	ID:1	[INFO: Metric    ] METRIC_RX type=REAL src=7 seq=154 send_ms=1596056 recv_ms=1595908 bytes=48
TX,REAL,5,,156,48,1596523.0,1596186,1596523.0,,,,3939,1596523000	ID:5	[INFO: Metric    ] METRIC_TX type=REAL node=5 seq=156 bytes=48 time_ms=1596186
RX,REAL,,5,156,48,1596565.168,1596062,1596565.168,1596186,1596062,42.16800000006333,3940,1596565168	ID:1	[INFO: Metric    ] METRIC_RX type=REAL src=5 seq=156 send_ms=1596186 recv_ms=1596062 bytes=48
TX,REAL,4,,156,48,1596768.0,1596475,1596768.0,,,,3942,1596768000	ID:4	[INFO: Metric    ] METRIC_TX type=REAL node=4 seq=156 bytes=48 time_ms=1596475
RX,REAL,,4,156,48,1596814.168,1596311,1596814.168,1596475,1596311,46.16800000006333,3943,1596814168	ID:1	[INFO: Metric    ] METRIC_RX type=REAL src=4 seq=156 send_ms=1596475 recv_ms=1596311 bytes=48
TX,REAL,3,,155,48,1602110.0,1601446,1602110.0,,,,3945,1602110000	ID:3	[INFO: Metric    ] METRIC_TX type=REAL node=3 seq=155 bytes=48 time_ms=1601446
RX,REAL,,3,155,48,1602159.168,1601656,1602159.168,1601446,1601656,49.16800000006333,3946,1602159168	ID:1	[INFO: Metric    ] METRIC_RX type=REAL src=3 seq=155 send_ms=1601446 recv_ms=1601656 bytes=48
TX,REAL,2,,157,48,1602206.0,1601343,1602206.0,,,,3948,1602206000	ID:2	[INFO: Metric    ] METRIC_TX type=REAL node=2 seq=157 bytes=48 time_ms=1601343
RX,REAL,,2,157,48,1602226.88,1601723,1602226.88,1601343,1601723,20.87999999988824,3949,1602226880	ID:1	[INFO: Metric    ] METRIC_RX type=REAL src=2 seq=157 send_ms=1601343 recv_ms=1601723 bytes=48
TX,REAL,5,,157,48,1604524.0,1604187,1604524.0,,,,3951,1604524000	ID:5	[INFO: Metric    ] METRIC_TX type=REAL node=5 seq=157 bytes=48 time_ms=1604187
RX,REAL,,5,157,48,1604553.168,1604050,1604553.168,1604187,1604050,29.16800000006333,3952,1604553168	ID:1	[INFO: Metric    ] METRIC_RX type=REAL src=5 seq=157 send_ms=1604187 recv_ms=1604050 bytes=48
TX,REAL,4,,157,48,1604769.0,1604476,1604769.0,,,,3954,1604769000	ID:4	[INFO: Metric    ] METRIC_TX type=REAL node=4 seq=157 bytes=48 time_ms=1604476
RX,REAL,,4,157,48,1604802.168,1604299,1604802.168,1604476,1604299,33.16800000006333,3955,1604802168	ID:1	[INFO: Metric    ] METRIC_RX type=REAL src=4 seq=157 send_ms=1604476 recv_ms=1604299 bytes=48
TX,REAL,6,,160,48,1605572.0,1604633,1605572.0,,,,3959,1605572000	ID:6	[INFO: Metric    ] METRIC_TX type=REAL node=6 seq=160 bytes=48 time_ms=1604633
RX,REAL,,6,160,48,1605590.88,1605087,1605590.88,1604633,1605087,18.87999999988824,3960,1605590880	ID:1	[INFO: Metric    ] METRIC_RX type=REAL src=6 seq=160 send_ms=1604633 recv_ms=1605087 bytes=48
TX,REAL,7,,155,48,1606376.0,1606057,1606376.0,,,,3963,1606376000	ID:7	[INFO: Metric    ] METRIC_TX type=REAL node=7 seq=155 bytes=48 time_ms=1606057
TX,DUMMY,7,,41,48,1606377.0,1606058,1606377.0,,,,3964,1606377000	ID:7	[INFO: Metric    ] METRIC_TX type=DUMMY node=7 seq=41 bytes=48 time_ms=1606058
RX,REAL,,7,155,48,1606382.88,1605879,1606382.88,1606057,1605879,6.879999999888241,3965,1606382880	ID:1	[INFO: Metric    ] METRIC_RX type=REAL src=7 seq=155 send_ms=1606057 recv_ms=1605879 bytes=48
RX,DUMMY,,7,41,48,1606399.88,1605896,1606399.88,1606058,1605896,,3966,1606399880	ID:1	[INFO: Metric    ] METRIC_RX type=DUMMY src=7 seq=41 send_ms=1606058 recv_ms=1605896 bytes=48
TX,REAL,3,,156,48,1610111.0,1609447,1610111.0,,,,3969,1610111000	ID:3	[INFO: Metric    ] METRIC_TX type=REAL node=3 seq=156 bytes=48 time_ms=1609447
TX,DUMMY,3,,41,48,1610112.0,1609448,1610112.0,,,,3970,1610112000	ID:3	[INFO: Metric    ] METRIC_TX type=DUMMY node=3 seq=41 bytes=48 time_ms=1609448
RX,REAL,,3,156,48,1610179.304,1609676,1610179.304,1609447,1609676,68.30400000000373,3971,1610179304	ID:1	[INFO: Metric    ] METRIC_RX type=REAL src=3 seq=156 send_ms=1609447 recv_ms=1609676 bytes=48
RX,DUMMY,,3,41,48,1610194.168,1609691,1610194.168,1609448,1609691,,3972,1610194168	ID:1	[INFO: Metric    ] METRIC_RX type=DUMMY src=3 seq=41 send_ms=1609448 recv_ms=1609691 bytes=48
TX,REAL,2,,158,48,1610207.0,1609344,1610207.0,,,,3973,1610207000	ID:2	[INFO: Metric    ] METRIC_TX type=REAL node=2 seq=158 bytes=48 time_ms=1609344
RX,REAL,,2,158,48,1610237.88,1609734,1610237.88,1609344,1609734,30.87999999988824,3974,1610237880	ID:1	[INFO: Metric    ] METRIC_RX type=REAL src=2 seq=158 send_ms=1609344 recv_ms=1609734 bytes=48
TX,REAL,4,,158,48,1613770.0,1613477,1613770.0,,,,3978,1613770000	ID:4	[INFO: Metric    ] METRIC_TX type=REAL node=4 seq=158 bytes=48 time_ms=1613477
TX,DUMMY,4,,36,48,1613771.0,1613478,1613771.0,,,,3979,1613771000	ID:4	[INFO: Metric    ] METRIC_TX type=DUMMY node=4 seq=36 bytes=48 time_ms=1613478
RX,REAL,,4,158,48,1613810.168,1613307,1613810.168,1613477,1613307,40.16800000006333,3980,1613810168	ID:1	[INFO: Metric    ] METRIC_RX type=REAL src=4 seq=158 send_ms=1613477 recv_ms=1613307 bytes=48
RX,DUMMY,,4,36,48,1614063.168,1613560,1614063.168,1613478,1613560,,3982,1614063168	ID:1	[INFO: Metric    ] METRIC_RX type=DUMMY src=4 seq=36 send_ms=1613478 recv_ms=1613560 bytes=48
TX,REAL,5,,158,48,1614525.0,1614188,1614525.0,,,,3984,1614525000	ID:5	[INFO: Metric    ] METRIC_TX type=REAL node=5 seq=158 bytes=48 time_ms=1614188
RX,REAL,,5,158,48,1614601.168,1614098,1614601.168,1614188,1614098,76.16800000006333,3985,1614601168	ID:1	[INFO: Metric    ] METRIC_RX type=REAL src=5 seq=158 send_ms=1614188 recv_ms=1614098 bytes=48
TX,REAL,7,,156,48,1615378.0,1615059,1615378.0,,,,3987,1615378000	ID:7	[INFO: Metric    ] METRIC_TX type=REAL node=7 seq=156 bytes=48 time_ms=1615059
RX,REAL,,7,156,48,1615407.88,1614904,1615407.88,1615059,1614904,29.87999999988824,3988,1615407880	ID:1	[INFO: Metric    ] METRIC_RX type=REAL src=7 seq=156 send_ms=1615059 recv_ms=1614904 bytes=48
TX,REAL,6,,161,48,1616573.0,1615634,1616573.0,,,,3990,1616573000	ID:6	[INFO: Metric    ] METRIC_TX type=REAL node=6 seq=161 bytes=48 time_ms=1615634
RX,REAL,,6,161,48,1616597.88,1616094,1616597.88,1615634,1616094,24.87999999988824,3991,1616597880	ID:1	[INFO: Metric    ] METRIC_RX type=REAL src=6 seq=161 send_ms=1615634 recv_ms=1616094 bytes=48
TX,REAL,3,,157,48,1621113.0,1620449,1621113.0,,,,3994,1621113000	ID:3	[INFO: Metric    ] METRIC_TX type=REAL node=3 seq=157 bytes=48 time_ms=1620449
RX,REAL,,3,157,48,1621153.168,1620650,1621153.168,1620449,1620650,40.16800000006333,3995,1621153168	ID:1	[INFO: Metric    ] METRIC_RX type=REAL src=3 seq=157 send_ms=1620449 recv_ms=1620650 bytes=48
TX,REAL,2,,159,48,1622208.0,1621345,1622208.0,,,,3997,1622208000	ID:2	[INFO: Metric    ] METRIC_TX type=REAL node=2 seq=159 bytes=48 time_ms=1621345
RX,REAL,,2,159,48,1622250.88,1621747,1622250.88,1621345,1621747,42.87999999988824,3998,1622250880	ID:1	[INFO: Metric    ] METRIC_RX type=REAL src=2 seq=159 send_ms=1621345 recv_ms=1621747 bytes=48
TX,REAL,7,,157,48,1623379.0,1623060,1623379.0,,,,4000,1623379000	ID:7	[INFO: Metric    ] METRIC_TX type=REAL node=7 seq=157 bytes=48 time_ms=1623060
TX,DUMMY,7,,42,48,1623380.0,1623061,1623380.0,,,,4001,1623380000	ID:7	[INFO: Metric    ] METRIC_TX type=DUMMY node=7 seq=42 bytes=48 time_ms=1623061
RX,REAL,,7,157,48,1623385.88,1622882,1623385.88,1623060,1622882,6.879999999888241,4002,1623385880	ID:1	[INFO: Metric    ] METRIC_RX type=REAL src=7 seq=157 send_ms=1623060 recv_ms=1622882 bytes=48
RX,DUMMY,,7,42,48,1623427.88,1622924,1623427.88,1623061,1622924,,4004,1623427880	ID:1	[INFO: Metric    ] METRIC_RX type=DUMMY src=7 seq=42 send_ms=1623061 recv_ms=1622924 bytes=48
TX,REAL,5,,159,48,1624526.0,1624189,1624526.0,,,,4006,1624526000	ID:5	[INFO: Metric    ] METRIC_TX type=REAL node=5 seq=159 bytes=48 time_ms=1624189
RX,REAL,,5,159,48,1624586.168,1624083,1624586.168,1624189,1624083,60.16800000006333,4007,1624586168	ID:1	[INFO: Metric    ] METRIC_RX type=REAL src=5 seq=159 send_ms=1624189 recv_ms=1624083 bytes=48
TX,REAL,4,,159,48,1624772.0,1624479,1624772.0,,,,4009,1624772000	ID:4	[INFO: Metric    ] METRIC_TX type=REAL node=4 seq=159 bytes=48 time_ms=1624479
RX,REAL,,4,159,48,1624821.168,1624318,1624821.168,1624479,1624318,49.16800000006333,4010,1624821168	ID:1	[INFO: Metric    ] METRIC_RX type=REAL src=4 seq=159 send_ms=1624479 recv_ms=1624318 bytes=48
TX,REAL,6,,162,48,1628574.0,1627635,1628574.0,,,,4012,1628574000	ID:6	[INFO: Metric    ] METRIC_TX type=REAL node=6 seq=162 bytes=48 time_ms=1627635
RX,REAL,,6,162,48,1628592.88,1628089,1628592.88,1627635,1628089,18.87999999988824,4013,1628592880	ID:1	[INFO: Metric    ] METRIC_RX type=REAL src=6 seq=162 send_ms=1627635 recv_ms=1628089 bytes=48
TX,REAL,3,,158,48,1629114.0,1628450,1629114.0,,,,4015,1629114000	ID:3	[INFO: Metric    ] METRIC_TX type=REAL node=3 seq=158 bytes=48 time_ms=1628450
TX,DUMMY,3,,42,48,1629115.0,1628451,1629115.0,,,,4016,1629115000	ID:3	[INFO: Metric    ] METRIC_TX type=DUMMY node=3 seq=42 bytes=48 time_ms=1628451
RX,REAL,,3,158,48,1629175.168,1628672,1629175.168,1628450,1628672,61.16800000006333,4017,1629175168	ID:1	[INFO: Metric    ] METRIC_RX type=REAL src=3 seq=158 send_ms=1628450 recv_ms=1628672 bytes=48
RX,DUMMY,,3,42,48,1629203.168,1628700,1629203.168,1628451,1628700,,4018,1629203168	ID:1	[INFO: Metric    ] METRIC_RX type=DUMMY src=3 seq=42 send_ms=1628451 recv_ms=1628700 bytes=48
TX,REAL,4,,160,48,1632773.0,1632480,1632773.0,,,,4023,1632773000	ID:4	[INFO: Metric    ] METRIC_TX type=REAL node=4 seq=160 bytes=48 time_ms=1632480
RX,REAL,,4,160,48,1632827.168,1632324,1632827.168,1632480,1632324,54.16800000006333,4024,1632827168	ID:1	[INFO: Metric    ] METRIC_RX type=REAL src=4 seq=160 send_ms=1632480 recv_ms=1632324 bytes=48
TX,REAL,7,,158,48,1633381.0,1633062,1633381.0,,,,4027,1633381000	ID:7	[INFO: Metric    ] METRIC_TX type=REAL node=7 seq=158 bytes=48 time_ms=1633062
TX,DUMMY,7,,43,48,1633382.0,1633063,1633382.0,,,,4028,1633382000	ID:7	[INFO: Metric    ] METRIC_TX type=DUMMY node=7 seq=43 bytes=48 time_ms=1633063
RX,REAL,,7,158,48,1633407.88,1632904,1633407.88,1633062,1632904,26.87999999988824,4029,1633407880	ID:1	[INFO: Metric    ] METRIC_RX type=REAL src=7 seq=158 send_ms=1633062 recv_ms=1632904 bytes=48
RX,DUMMY,,7,43,48,1633428.88,1632925,1633428.88,1633063,1632925,,4030,1633428880	ID:1	[INFO: Metric    ] METRIC_RX type=DUMMY src=7 seq=43 send_ms=1633063 recv_ms=1632925 bytes=48
TX,REAL,2,,160,48,1634209.0,1633346,1634209.0,,,,4035,1634209000	ID:2	[INFO: Metric    ] METRIC_TX type=REAL node=2 seq=160 bytes=48 time_ms=1633346
RX,REAL,,2,160,48,1634248.88,1633745,1634248.88,1633346,1633745,39.87999999988824,4036,1634248880	ID:1	[INFO: Metric    ] METRIC_RX type=REAL src=2 seq=160 send_ms=1633346 recv_ms=1633745 bytes=48
TX,REAL,5,,160,48,1636527.0,1636190,1636527.0,,,,4040,1636527000	ID:5	[INFO: Metric    ] METRIC_TX type=REAL node=5 seq=160 bytes=48 time_ms=1636190
RX,REAL,,5,160,48,1636608.168,1636105,1636608.168,1636190,1636105,81.16800000006333,4041,1636608168	ID:1	[INFO: Metric    ] METRIC_RX type=REAL src=5 seq=160 send_ms=1636190 recv_ms=1636105 bytes=48
TX,REAL,6,,163,48,1637575.0,1636636,1637575.0,,,,4043,1637575000	ID:6	[INFO: Metric    ] METRIC_TX type=REAL node=6 seq=163 bytes=48 time_ms=1636636
RX,REAL,,6,163,48,1637592.88,1637089,1637592.88,1636636,1637089,17.87999999988824,4044,1637592880	ID:1	[INFO: Metric    ] METRIC_RX type=REAL src=6 seq=163 send_ms=1636636 recv_ms=1637089 bytes=48
TX,REAL,3,,159,48,1638116.0,1637452,1638116.0,,,,4046,1638116000	ID:3	[INFO: Metric    ] METRIC_TX type=REAL node=3 seq=159 bytes=48 time_ms=1637452
RX,REAL,,3,159,48,1638177.168,1637674,1638177.168,1637452,1637674,61.16800000006333,4047,1638177168	ID:1	[INFO: Metric    ] METRIC_RX type=REAL src=3 seq=159 send_ms=1637452 recv_ms=1637674 bytes=48
TX,REAL,7,,159,48,1641383.0,1641064,1641383.0,,,,4049,1641383000	ID:7	[INFO: Metric    ] METRIC_TX type=REAL node=7 seq=159 bytes=48 time_ms=1641064
TX,DUMMY,7,,44,48,1641384.0,1641065,1641384.0,,,,4050,1641384000	ID:7	[INFO: Metric    ] METRIC_TX type=DUMMY node=7 seq=44 bytes=48 time_ms=1641065
RX,REAL,,7,159,48,1641405.88,1640902,1641405.88,1641064,1640902,22.87999999988824,4051,1641405880	ID:1	[INFO: Metric    ] METRIC_RX type=REAL src=7 seq=159 send_ms=1641064 recv_ms=1640902 bytes=48
RX,DUMMY,,7,44,48,1641460.88,1640957,1641460.88,1641065,1640957,,4053,1641460880	ID:1	[INFO: Metric    ] METRIC_RX type=DUMMY src=7 seq=44 send_ms=1641065 recv_ms=1640957 bytes=48
TX,REAL,4,,161,48,1643774.0,1643481,1643774.0,,,,4055,1643774000	ID:4	[INFO: Metric    ] METRIC_TX type=REAL node=4 seq=161 bytes=48 time_ms=1643481
RX,REAL,,4,161,48,1643824.168,1643321,1643824.168,1643481,1643321,50.16800000006333,4056,1643824168	ID:1	[INFO: Metric    ] METRIC_RX type=REAL src=4 seq=161 send_ms=1643481 recv_ms=1643321 bytes=48
TX,REAL,2,,161,48,1645210.0,1644347,1645210.0,,,,4058,1645210000	ID:2	[INFO: Metric    ] METRIC_TX type=REAL node=2 seq=161 bytes=48 time_ms=1644347
RX,REAL,,2,161,48,1645242.88,1644739,1645242.88,1644347,1644739,32.87999999988824,4059,1645242880	ID:1	[INFO: Metric    ] METRIC_RX type=REAL src=2 seq=161 send_ms=1644347 recv_ms=1644739 bytes=48
TX,REAL,6,,164,48,1645576.0,1644637,1645576.0,,,,4062,1645576000	ID:6	[INFO: Metric    ] METRIC_TX type=REAL node=6 seq=164 bytes=48 time_ms=1644637
RX,REAL,,6,164,48,1645597.88,1645094,1645597.88,1644637,1645094,21.87999999988824,4063,1645597880	ID:1	[INFO: Metric    ] METRIC_RX type=REAL src=6 seq=164 send_ms=1644637 recv_ms=1645094 bytes=48
TX,REAL,3,,160,48,1648117.0,1647453,1648117.0,,,,4067,1648117000	ID:3	[INFO: Metric    ] METRIC_TX type=REAL node=3 seq=160 bytes=48 time_ms=1647453
TX,DUMMY,3,,43,48,1648118.0,1647454,1648118.0,,,,4068,1648118000	ID:3	[INFO: Metric    ] METRIC_TX type=DUMMY node=3 seq=43 bytes=48 time_ms=1647454
RX,REAL,,3,160,48,1648183.168,1647680,1648183.168,1647453,1647680,66.16800000006333,4069,1648183168	ID:1	[INFO: Metric    ] METRIC_RX type=REAL src=3 seq=160 send_ms=1647453 recv_ms=1647680 bytes=48
RX,DUMMY,,3,43,48,1648203.168,1647700,1648203.168,1647454,1647700,,4070,1648203168	ID:1	[INFO: Metric    ] METRIC_RX type=DUMMY src=3 seq=43 send_ms=1647454 recv_ms=1647700 bytes=48
TX,REAL,5,,161,48,1648528.0,1648191,1648528.0,,,,4073,1648528000	ID:5	[INFO: Metric    ] METRIC_TX type=REAL node=5 seq=161 bytes=48 time_ms=1648191
RX,REAL,,5,161,48,1648583.168,1648080,1648583.168,1648191,1648080,55.16800000006333,4074,1648583168	ID:1	[INFO: Metric    ] METRIC_RX type=REAL src=5 seq=161 send_ms=1648191 recv_ms=1648080 bytes=48
TX,REAL,7,,160,48,1652385.0,1652066,1652385.0,,,,4078,1652385000	ID:7	[INFO: Metric    ] METRIC_TX type=REAL node=7 seq=160 bytes=48 time_ms=1652066
RX,REAL,,7,160,48,1652414.88,1651911,1652414.88,1652066,1651911,29.87999999988824,4079,1652414880	ID:1	[INFO: Metric    ] METRIC_RX type=REAL src=7 seq=160 send_ms=1652066 recv_ms=1651911 bytes=48
TX,REAL,2,,162,48,1655211.0,1654348,1655211.0,,,,4081,1655211000	ID:2	[INFO: Metric    ] METRIC_TX type=REAL node=2 seq=162 bytes=48 time_ms=1654348
RX,REAL,,2,162,48,1655236.88,1654733,1655236.88,1654348,1654733,25.87999999988824,4082,1655236880	ID:1	[INFO: Metric    ] METRIC_RX type=REAL src=2 seq=162 send_ms=1654348 recv_ms=1654733 bytes=48
TX,REAL,4,,162,48,1655775.0,1655482,1655775.0,,,,4084,1655775000	ID:4	[INFO: Metric    ] METRIC_TX type=REAL node=4 seq=162 bytes=48 time_ms=1655482
RX,REAL,,4,162,48,1655820.304,1655317,1655820.304,1655482,1655317,45.304000000003725,4085,1655820304	ID:1	[INFO: Metric    ] METRIC_RX type=REAL src=4 seq=162 send_ms=1655482 recv_ms=1655317 bytes=48
TX,REAL,3,,161,48,1656119.0,1655455,1656119.0,,,,4087,1656119000	ID:3	[INFO: Metric    ] METRIC_TX type=REAL node=3 seq=161 bytes=48 time_ms=1655455
TX,DUMMY,3,,44,48,1656120.0,1655456,1656120.0,,,,4088,1656120000	ID:3	[INFO: Metric    ] METRIC_TX type=DUMMY node=3 seq=44 bytes=48 time_ms=1655456
RX,REAL,,3,161,48,1656158.168,1655655,1656158.168,1655455,1655655,39.16800000006333,4089,1656158168	ID:1	[INFO: Metric    ] METRIC_RX type=REAL src=3 seq=161 send_ms=1655455 recv_ms=1655655 bytes=48
RX,DUMMY,,3,44,48,1656213.168,1655710,1656213.168,1655456,1655710,,4090,1656213168	ID:1	[INFO: Metric    ] METRIC_RX type=DUMMY src=3 seq=44 send_ms=1655456 recv_ms=1655710 bytes=48
TX,REAL,5,,162,48,1657529.0,1657192,1657529.0,,,,4093,1657529000	ID:5	[INFO: Metric    ] METRIC_TX type=REAL node=5 seq=162 bytes=48 time_ms=1657192
RX,REAL,,5,162,48,1657565.168,1657062,1657565.168,1657192,1657062,36.16800000006333,4094,1657565168	ID:1	[INFO: Metric    ] METRIC_RX type=REAL src=5 seq=162 send_ms=1657192 recv_ms=1657062 bytes=48
TX,REAL,6,,165,48,1657577.0,1656638,1657577.0,,,,4096,1657577000	ID:6	[INFO: Metric    ] METRIC_TX type=REAL node=6 seq=165 bytes=48 time_ms=1656638
TX,DUMMY,6,,42,48,1657578.0,1656639,1657578.0,,,,4097,1657578000	ID:6	[INFO: Metric    ] METRIC_TX type=DUMMY node=6 seq=42 bytes=48 time_ms=1656639
RX,REAL,,6,165,48,1657594.88,1657091,1657594.88,1656638,1657091,17.87999999988824,4098,1657594880	ID:1	[INFO: Metric    ] METRIC_RX type=REAL src=6 seq=165 send_ms=1656638 recv_ms=1657091 bytes=48
RX,DUMMY,,6,42,48,1657674.88,1657171,1657674.88,1656639,1657171,,4101,1657674880	ID:1	[INFO: Metric    ] METRIC_RX type=DUMMY src=6 seq=42 send_ms=1656639 recv_ms=1657171 bytes=48
TX,REAL,2,,163,48,1663212.0,1662349,1663212.0,,,,4103,1663212000	ID:2	[INFO: Metric    ] METRIC_TX type=REAL node=2 seq=163 bytes=48 time_ms=1662349
RX,REAL,,2,163,48,1663217.88,1662714,1663217.88,1662349,1662714,5.879999999888241,4104,1663217880	ID:1	[INFO: Metric    ] METRIC_RX type=REAL src=2 seq=163 send_ms=1662349 recv_ms=1662714 bytes=48
TX,REAL,7,,161,48,1663386.0,1663067,1663386.0,,,,4106,1663386000	ID:7	[INFO: Metric    ] METRIC_TX type=REAL node=7 seq=161 bytes=48 time_ms=1663067
RX,REAL,,7,161,48,1663400.88,1662897,1663400.88,1663067,1662897,14.879999999888241,4107,1663400880	ID:1	[INFO: Metric    ] METRIC_RX type=REAL src=7 seq=161 send_ms=1663067 recv_ms=1662897 bytes=48
TX,REAL,4,,163,48,1663776.0,1663483,1663776.0,,,,4109,1663776000	ID:4	[INFO: Metric    ] METRIC_TX type=REAL node=4 seq=163 bytes=48 time_ms=1663483
RX,REAL,,4,163,48,1663863.168,1663360,1663863.168,1663483,1663360,87.16800000006333,4110,1663863168	ID:1	[INFO: Metric    ] METRIC_RX type=REAL src=4 seq=163 send_ms=1663483 recv_ms=1663360 bytes=48
TX,REAL,6,,166,48,1665579.0,1664640,1665579.0,,,,4112,1665579000	ID:6	[INFO: Metric    ] METRIC_TX type=REAL node=6 seq=166 bytes=48 time_ms=1664640
RX,REAL,,6,166,48,1665605.88,1665102,1665605.88,1664640,1665102,26.87999999988824,4113,1665605880	ID:1	[INFO: Metric    ] METRIC_RX type=REAL src=6 seq=166 send_ms=1664640 recv_ms=1665102 bytes=48
TX,REAL,3,,162,48,1668121.0,1667457,1668121.0,,,,4115,1668121000	ID:3	[INFO: Metric    ] METRIC_TX type=REAL node=3 seq=162 bytes=48 time_ms=1667457
RX,REAL,,3,162,48,1668176.168,1667673,1668176.168,1667457,1667673,55.16800000006333,4116,1668176168	ID:1	[INFO: Metric    ] METRIC_RX type=REAL src=3 seq=162 send_ms=1667457 recv_ms=1667673 bytes=48
TX,REAL,5,,163,48,1668530.0,1668193,1668530.0,,,,4118,1668530000	ID:5	[INFO: Metric    ] METRIC_TX type=REAL node=5 seq=163 bytes=48 time_ms=1668193
RX,REAL,,5,163,48,1668585.168,1668082,1668585.168,1668193,1668082,55.16800000006333,4119,1668585168	ID:1	[INFO: Metric    ] METRIC_RX type=REAL src=5 seq=163 send_ms=1668193 recv_ms=1668082 bytes=48
TX,REAL,7,,162,48,1673387.0,1673068,1673387.0,,,,4121,1673387000	ID:7	[INFO: Metric    ] METRIC_TX type=REAL node=7 seq=162 bytes=48 time_ms=1673068
TX,DUMMY,7,,45,48,1673388.0,1673069,1673388.0,,,,4122,1673388000	ID:7	[INFO: Metric    ] METRIC_TX type=DUMMY node=7 seq=45 bytes=48 time_ms=1673069
RX,REAL,,7,162,48,1673394.88,1672891,1673394.88,1673068,1672891,7.879999999888241,4123,1673394880	ID:1	[INFO: Metric    ] METRIC_RX type=REAL src=7 seq=162 send_ms=1673068 recv_ms=1672891 bytes=48
RX,DUMMY,,7,45,48,1673409.88,1672906,1673409.88,1673069,1672906,,4124,1673409880	ID:1	[INFO: Metric    ] METRIC_RX type=DUMMY src=7 seq=45 send_ms=1673069 recv_ms=1672906 bytes=48
TX,REAL,4,,164,48,1673777.0,1673484,1673777.0,,,,4128,1673777000	ID:4	[INFO: Metric    ] METRIC_TX type=REAL node=4 seq=164 bytes=48 time_ms=1673484
TX,DUMMY,4,,37,48,1673778.0,1673485,1673778.0,,,,4129,1673778000	ID:4	[INFO: Metric    ] METRIC_TX type=DUMMY node=4 seq=37 bytes=48 time_ms=1673485
RX,REAL,,4,164,48,1673834.168,1673331,1673834.168,1673484,1673331,57.16800000006333,4130,1673834168	ID:1	[INFO: Metric    ] METRIC_RX type=REAL src=4 seq=164 send_ms=1673484 recv_ms=1673331 bytes=48
RX,DUMMY,,4,37,48,1674016.168,1673513,1674016.168,1673485,1673513,,4132,1674016168	ID:1	[INFO: Metric    ] METRIC_RX type=DUMMY src=4 seq=37 send_ms=1673485 recv_ms=1673513 bytes=48
TX,REAL,2,,164,48,1674213.0,1673350,1674213.0,,,,4134,1674213000	ID:2	[INFO: Metric    ] METRIC_TX type=REAL node=2 seq=164 bytes=48 time_ms=1673350
TX,DUMMY,2,,41,48,1674214.0,1673351,1674214.0,,,,4135,1674214000	ID:2	[INFO: Metric    ] METRIC_TX type=DUMMY node=2 seq=41 bytes=48 time_ms=1673351
RX,REAL,,2,164,48,1674230.88,1673727,1674230.88,1673350,1673727,17.87999999988824,4136,1674230880	ID:1	[INFO: Metric    ] METRIC_RX type=REAL src=2 seq=164 send_ms=1673350 recv_ms=1673727 bytes=48
RX,DUMMY,,2,41,48,1674257.88,1673754,1674257.88,1673351,1673754,,4138,1674257880	ID:1	[INFO: Metric    ] METRIC_RX type=DUMMY src=2 seq=41 send_ms=1673351 recv_ms=1673754 bytes=48
TX,REAL,6,,167,48,1675580.0,1674641,1675580.0,,,,4140,1675580000	ID:6	[INFO: Metric    ] METRIC_TX type=REAL node=6 seq=167 bytes=48 time_ms=1674641
RX,REAL,,6,167,48,1675592.88,1675089,1675592.88,1674641,1675089,12.879999999888241,4141,1675592880	ID:1	[INFO: Metric    ] METRIC_RX type=REAL src=6 seq=167 send_ms=1674641 recv_ms=1675089 bytes=48
TX,REAL,3,,163,48,1677122.0,1676458,1677122.0,,,,4143,1677122000	ID:3	[INFO: Metric    ] METRIC_TX type=REAL node=3 seq=163 bytes=48 time_ms=1676458
TX,DUMMY,3,,45,48,1677123.0,1676459,1677123.0,,,,4144,1677123000	ID:3	[INFO: Metric    ] METRIC_TX type=DUMMY node=3 seq=45 bytes=48 time_ms=1676459
RX,REAL,,3,163,48,1677287.168,1676784,1677287.168,1676458,1676784,165.16800000006333,4145,1677287168	ID:1	[INFO: Metric    ] METRIC_RX type=REAL src=3 seq=163 send_ms=1676458 recv_ms=1676784 bytes=48
RX,DUMMY,,3,45,48,1677328.304,1676825,1677328.304,1676459,1676825,,4146,1677328304	ID:1	[INFO: Metric    ] METRIC_RX type=DUMMY src=3 seq=45 send_ms=1676459 recv_ms=1676825 bytes=48
TX,REAL,5,,164,48,1678531.0,1678194,1678531.0,,,,4149,1678531000	ID:5	[INFO: Metric    ] METRIC_TX type=REAL node=5 seq=164 bytes=48 time_ms=1678194
TX,DUMMY,5,,43,48,1678532.0,1678195,1678532.0,,,,4150,1678532000	ID:5	[INFO: Metric    ] METRIC_TX type=DUMMY node=5 seq=43 bytes=48 time_ms=1678195
RX,REAL,,5,164,48,1678584.168,1678081,1678584.168,1678194,1678081,53.16800000006333,4151,1678584168	ID:1	[INFO: Metric    ] METRIC_RX type=REAL src=5 seq=164 send_ms=1678194 recv_ms=1678081 bytes=48
RX,DUMMY,,5,43,48,1678639.168,1678136,1678639.168,1678195,1678136,,4152,1678639168	ID:1	[INFO: Metric    ] METRIC_RX type=DUMMY src=5 seq=43 send_ms=1678195 recv_ms=1678136 bytes=48
TX,REAL,2,,165,48,1682215.0,1681352,1682215.0,,,,4155,1682215000	ID:2	[INFO: Metric    ] METRIC_TX type=REAL node=2 seq=165 bytes=48 time_ms=1681352
RX,REAL,,2,165,48,1682242.88,1681739,1682242.88,1681352,1681739,27.87999999988824,4156,1682242880	ID:1	[INFO: Metric    ] METRIC_RX type=REAL src=2 seq=165 send_ms=1681352 recv_ms=1681739 bytes=48
TX,REAL,7,,163,48,1682389.0,1682070,1682389.0,,,,4159,1682389000	ID:7	[INFO: Metric    ] METRIC_TX type=REAL node=7 seq=163 bytes=48 time_ms=1682070
RX,REAL,,7,163,48,1682414.88,1681911,1682414.88,1682070,1681911,25.87999999988824,4160,1682414880	ID:1	[INFO: Metric    ] METRIC_RX type=REAL src=7 seq=163 send_ms=1682070 recv_ms=1681911 bytes=48
TX,REAL,4,,165,48,1683779.0,1683486,1683779.0,,,,4162,1683779000	ID:4	[INFO: Metric    ] METRIC_TX type=REAL node=4 seq=165 bytes=48 time_ms=1683486
RX,REAL,,4,165,48,1683832.168,1683329,1683832.168,1683486,1683329,53.16800000006333,4163,1683832168	ID:1	[INFO: Metric    ] METRIC_RX type=REAL src=4 seq=165 send_ms=1683486 recv_ms=1683329 bytes=48
TX,REAL,5,,165,48,1686533.0,1686196,1686533.0,,,,4165,1686533000	ID:5	[INFO: Metric    ] METRIC_TX type=REAL node=5 seq=165 bytes=48 time_ms=1686196
RX,REAL,,5,165,48,1686565.304,1686062,1686565.304,1686196,1686062,32.304000000003725,4166,1686565304	ID:1	[INFO: Metric    ] METRIC_RX type=REAL src=5 seq=165 send_ms=1686196 recv_ms=1686062 bytes=48
TX,REAL,6,,168,48,1686581.0,1685642,1686581.0,,,,4167,1686581000	ID:6	[INFO: Metric    ] METRIC_TX type=REAL node=6 seq=168 bytes=48 time_ms=1685642
TX,DUMMY,6,,43,48,1686582.0,1685643,1686582.0,,,,4168,1686582000	ID:6	[INFO: Metric    ] METRIC_TX type=DUMMY node=6 seq=43 bytes=48 time_ms=1685643
RX,REAL,,6,168,48,1686615.304,1686112,1686615.304,1685642,1686112,34.304000000003725,4170,1686615304	ID:1	[INFO: Metric    ] METRIC_RX type=REAL src=6 seq=168 send_ms=1685642 recv_ms=1686112 bytes=48
RX,DUMMY,,6,43,48,1686644.88,1686141,1686644.88,1685643,1686141,,4171,1686644880	ID:1	[INFO: Metric    ] METRIC_RX type=DUMMY src=6 seq=43 send_ms=1685643 recv_ms=1686141 bytes=48
TX,REAL,3,,164,48,1687124.0,1686460,1687124.0,,,,4174,1687124000	ID:3	[INFO: Metric    ] METRIC_TX type=REAL node=3 seq=164 bytes=48 time_ms=1686460
RX,REAL,,3,164,48,1687184.168,1686681,1687184.168,1686460,1686681,60.16800000006333,4175,1687184168	ID:1	[INFO: Metric    ] METRIC_RX type=REAL src=3 seq=164 send_ms=1686460 recv_ms=1686681 bytes=48
TX,REAL,7,,164,48,1690390.0,1690071,1690390.0,,,,4177,1690390000	ID:7	[INFO: Metric    ] METRIC_TX type=REAL node=7 seq=164 bytes=48 time_ms=1690071
TX,DUMMY,7,,46,48,1690391.0,1690072,1690391.0,,,,4178,1690391000	ID:7	[INFO: Metric    ] METRIC_TX type=DUMMY node=7 seq=46 bytes=48 time_ms=1690072
RX,REAL,,7,164,48,1690412.88,1689909,1690412.88,1690071,1689909,22.87999999988824,4179,1690412880	ID:1	[INFO: Metric    ] METRIC_RX type=REAL src=7 seq=164 send_ms=1690071 recv_ms=1689909 bytes=48
RX,DUMMY,,7,46,48,1690420.88,1689917,1690420.88,1690072,1689917,,4180,1690420880	ID:1	[INFO: Metric    ] METRIC_RX type=DUMMY src=7 seq=46 send_ms=1690072 recv_ms=1689917 bytes=48
TX,REAL,4,,166,48,1693780.0,1693487,1693780.0,,,,4183,1693780000	ID:4	[INFO: Metric    ] METRIC_TX type=REAL node=4 seq=166 bytes=48 time_ms=1693487
RX,REAL,,4,166,48,1693841.168,1693338,1693841.168,1693487,1693338,61.16800000006333,4184,1693841168	ID:1	[INFO: Metric    ] METRIC_RX type=REAL src=4 seq=166 send_ms=1693487 recv_ms=1693338 bytes=48
TX,REAL,2,,166,48,1694216.0,1693353,1694216.0,,,,4186,1694216000	ID:2	[INFO: Metric    ] METRIC_TX type=REAL node=2 seq=166 bytes=48 time_ms=1693353
RX,REAL,,2,166,48,1694226.88,1693723,1694226.88,1693353,1693723,10.879999999888241,4187,1694226880	ID:1	[INFO: Metric    ] METRIC_RX type=REAL src=2 seq=166 send_ms=1693353 recv_ms=1693723 bytes=48
TX,REAL,3,,165,48,1695125.0,1694461,1695125.0,,,,4190,1695125000	ID:3	[INFO: Metric    ] METRIC_TX type=REAL node=3 seq=165 bytes=48 time_ms=1694461
TX,DUMMY,3,,46,48,1695126.0,1694462,1695126.0,,,,4191,1695126000	ID:3	[INFO: Metric    ] METRIC_TX type=DUMMY node=3 seq=46 bytes=48 time_ms=1694462
RX,REAL,,3,165,48,1695202.168,1694699,1695202.168,1694461,1694699,77.16800000006333,4192,1695202168	ID:1	[INFO: Metric    ] METRIC_RX type=REAL src=3 seq=165 send_ms=1694461 recv_ms=1694699 bytes=48
RX,DUMMY,,3,46,48,1695237.168,1694734,1695237.168,1694462,1694734,,4193,1695237168	ID:1	[INFO: Metric    ] METRIC_RX type=DUMMY src=3 seq=46 send_ms=1694462 recv_ms=1694734 bytes=48
TX,REAL,5,,166,48,1696534.0,1696197,1696534.0,,,,4196,1696534000	ID:5	[INFO: Metric    ] METRIC_TX type=REAL node=5 seq=166 bytes=48 time_ms=1696197
TX,DUMMY,5,,44,48,1696535.0,1696198,1696535.0,,,,4197,1696535000	ID:5	[INFO: Metric    ] METRIC_TX type=DUMMY node=5 seq=44 bytes=48 time_ms=1696198
RX,REAL,,5,166,48,1696596.168,1696093,1696596.168,1696197,1696093,62.16800000006333,4198,1696596168	ID:1	[INFO: Metric    ] METRIC_RX type=REAL src=5 seq=166 send_ms=1696197 recv_ms=1696093 bytes=48
RX,DUMMY,,5,44,48,1696604.168,1696101,1696604.168,1696198,1696101,,4199,1696604168	ID:1	[INFO: Metric    ] METRIC_RX type=DUMMY src=5 seq=44 send_ms=1696198 recv_ms=1696101 bytes=48
TX,REAL,6,,169,48,1697583.0,1696644,1697583.0,,,,4202,1697583000	ID:6	[INFO: Metric    ] METRIC_TX type=REAL node=6 seq=169 bytes=48 time_ms=1696644
RX,REAL,,6,169,48,1697588.88,1697085,1697588.88,1696644,1697085,5.879999999888241,4203,1697588880	ID:1	[INFO: Metric    ] METRIC_RX type=REAL src=6 seq=169 send_ms=1696644 recv_ms=1697085 bytes=48
TX,REAL,7,,165,48,1698392.0,1698073,1698392.0,,,,4205,1698392000	ID:7	[INFO: Metric    ] METRIC_TX type=REAL node=7 seq=165 bytes=48 time_ms=1698073
RX,REAL,,7,165,48,1698405.88,1697902,1698405.88,1698073,1697902,13.879999999888241,4206,1698405880	ID:1	[INFO: Metric    ] METRIC_RX type=REAL src=7 seq=165 send_ms=1698073 recv_ms=1697902 bytes=48
TX,REAL,4,,167,48,1701781.0,1701488,1701781.0,,,,4208,1701781000	ID:4	[INFO: Metric    ] METRIC_TX type=REAL node=4 seq=167 bytes=48 time_ms=1701488
TX,DUMMY,4,,38,48,1701782.0,1701489,1701782.0,,,,4209,1701782000	ID:4	[INFO: Metric    ] METRIC_TX type=DUMMY node=4 seq=38 bytes=48 time_ms=1701489
RX,REAL,,4,167,48,1701935.168,1701432,1701935.168,1701488,1701432,154.16800000006333,4210,1701935168	ID:1	[INFO: Metric    ] METRIC_RX type=REAL src=4 seq=167 send_ms=1701488 recv_ms=1701432 bytes=48
RX,DUMMY,,4,38,48,1701947.168,1701444,1701947.168,1701489,1701444,,4211,1701947168	ID:1	[INFO: Metric    ] METRIC_RX type=DUMMY src=4 seq=38 send_ms=1701489 recv_ms=1701444 bytes=48
TX,REAL,3,,166,48,1703127.0,1702463,1703127.0,,,,4214,1703127000	ID:3	[INFO: Metric    ] METRIC_TX type=REAL node=3 seq=166 bytes=48 time_ms=1702463
RX,REAL,,3,166,48,1703194.168,1702691,1703194.168,1702463,1702691,67.16800000006333,4215,1703194168	ID:1	[INFO: Metric    ] METRIC_RX type=REAL src=3 seq=166 send_ms=1702463 recv_ms=1702691 bytes=48
TX,REAL,5,,167,48,1704536.0,1704199,1704536.0,,,,4217,1704536000	ID:5	[INFO: Metric    ] METRIC_TX type=REAL node=5 seq=167 bytes=48 time_ms=1704199
RX,REAL,,5,167,48,1704561.168,1704058,1704561.168,1704199,1704058,25.16800000006333,4218,1704561168	ID:1	[INFO: Metric    ] METRIC_RX type=REAL src=5 seq=167 send_ms=1704199 recv_ms=1704058 bytes=48
TX,REAL,2,,167,48,1705217.0,1704354,1705217.0,,,,4221,1705217000	ID:2	[INFO: Metric    ] METRIC_TX type=REAL node=2 seq=167 bytes=48 time_ms=1704354
TX,DUMMY,2,,42,48,1705218.0,1704355,1705218.0,,,,4222,1705218000	ID:2	[INFO: Metric    ] METRIC_TX type=DUMMY node=2 seq=42 bytes=48 time_ms=1704355
RX,REAL,,2,167,48,1705236.88,1704733,1705236.88,1704354,1704733,19.87999999988824,4223,1705236880	ID:1	[INFO: Metric    ] METRIC_RX type=REAL src=2 seq=167 send_ms=1704354 recv_ms=1704733 bytes=48
RX,DUMMY,,2,42,48,1705248.88,1704745,1705248.88,1704355,1704745,,4224,1705248880	ID:1	[INFO: Metric    ] METRIC_RX type=DUMMY src=2 seq=42 send_ms=1704355 recv_ms=1704745 bytes=48
TX,REAL,6,,170,48,1707584.0,1706645,1707584.0,,,,4229,1707584000	ID:6	[INFO: Metric    ] METRIC_TX type=REAL node=6 seq=170 bytes=48 time_ms=1706645
RX,REAL,,6,170,48,1707610.88,1707107,1707610.88,1706645,1707107,26.87999999988824,4230,1707610880	ID:1	[INFO: Metric    ] METRIC_RX type=REAL src=6 seq=170 send_ms=1706645 recv_ms=1707107 bytes=48
TX,REAL,7,,166,48,1708393.0,1708074,1708393.0,,,,4232,1708393000	ID:7	[INFO: Metric    ] METRIC_TX type=REAL node=7 seq=166 bytes=48 time_ms=1708074
RX,REAL,,7,166,48,1708438.88,1707935,1708438.88,1708074,1707935,45.87999999988824,4233,1708438880	ID:1	[INFO: Metric    ] METRIC_RX type=REAL src=7 seq=166 send_ms=1708074 recv_ms=1707935 bytes=48
TX,REAL,4,,168,48,1709783.0,1709490,1709783.0,,,,4235,1709783000	ID:4	[INFO: Metric    ] METRIC_TX type=REAL node=4 seq=168 bytes=48 time_ms=1709490
RX,REAL,,4,168,48,1709832.168,1709329,1709832.168,1709490,1709329,49.16800000006333,4236,1709832168	ID:1	[INFO: Metric    ] METRIC_RX type=REAL src=4 seq=168 send_ms=1709490 recv_ms=1709329 bytes=48
TX,REAL,2,,168,48,1713219.0,1712356,1713219.0,,,,4238,1713219000	ID:2	[INFO: Metric    ] METRIC_TX type=REAL node=2 seq=168 bytes=48 time_ms=1712356
RX,REAL,,2,168,48,1713236.88,1712733,1713236.88,1712356,1712733,17.87999999988824,4239,1713236880	ID:1	[INFO: Metric    ] METRIC_RX type=REAL src=2 seq=168 send_ms=1712356 recv_ms=1712733 bytes=48
TX,REAL,3,,167,48,1715128.0,1714464,1715128.0,,,,4241,1715128000	ID:3	[INFO: Metric    ] METRIC_TX type=REAL node=3 seq=167 bytes=48 time_ms=1714464
RX,REAL,,3,167,48,1715186.168,1714683,1715186.168,1714464,1714683,58.16800000006333,4242,1715186168	ID:1	[INFO: Metric    ] METRIC_RX type=REAL src=3 seq=167 send_ms=1714464 recv_ms=1714683 bytes=48
TX,REAL,5,,168,48,1715537.0,1715200,1715537.0,,,,4244,1715537000	ID:5	[INFO: Metric    ] METRIC_TX type=REAL node=5 seq=168 bytes=48 time_ms=1715200
RX,REAL,,5,168,48,1715593.168,1715090,1715593.168,1715200,1715090,56.16800000006333,4245,1715593168	ID:1	[INFO: Metric    ] METRIC_RX type=REAL src=5 seq=168 send_ms=1715200 recv_ms=1715090 bytes=48
TX,REAL,4,,169,48,1717784.0,1717491,1717784.0,,,,4247,1717784000	ID:4	[INFO: Metric    ] METRIC_TX type=REAL node=4 seq=169 bytes=48 time_ms=1717491
RX,REAL,,4,169,48,1717816.168,1717313,1717816.168,1717491,1717313,32.16800000006333,4248,1717816168	ID:1	[INFO: Metric    ] METRIC_RX type=REAL src=4 seq=169 send_ms=1717491 recv_ms=1717313 bytes=48
TX,REAL,6,,171,48,1718585.0,1717646,1718585.0,,,,4250,1718585000	ID:6	[INFO: Metric    ] METRIC_TX type=REAL node=6 seq=171 bytes=48 time_ms=1717646
RX,REAL,,6,171,48,1718598.88,1718095,1718598.88,1717646,1718095,13.879999999888241,4251,1718598880	ID:1	[INFO: Metric    ] METRIC_RX type=REAL src=6 seq=171 send_ms=1717646 recv_ms=1718095 bytes=48
TX,REAL,7,,167,48,1720394.0,1720075,1720394.0,,,,4254,1720394000	ID:7	[INFO: Metric    ] METRIC_TX type=REAL node=7 seq=167 bytes=48 time_ms=1720075
TX,DUMMY,7,,47,48,1720395.0,1720076,1720395.0,,,,4255,1720395000	ID:7	[INFO: Metric    ] METRIC_TX type=DUMMY node=7 seq=47 bytes=48 time_ms=1720076
RX,REAL,,7,167,48,1720435.88,1719932,1720435.88,1720075,1719932,41.87999999988824,4256,1720435880	ID:1	[INFO: Metric    ] METRIC_RX type=REAL src=7 seq=167 send_ms=1720075 recv_ms=1719932 bytes=48
RX,DUMMY,,7,47,48,1720442.88,1719939,1720442.88,1720076,1719939,,4257,1720442880	ID:1	[INFO: Metric    ] METRIC_RX type=DUMMY src=7 seq=47 send_ms=1720076 recv_ms=1719939 bytes=48
TX,REAL,3,,168,48,1723129.0,1722465,1723129.0,,,,4260,1723129000	ID:3	[INFO: Metric    ] METRIC_TX type=REAL node=3 seq=168 bytes=48 time_ms=1722465
RX,REAL,,3,168,48,1723186.168,1722683,1723186.168,1722465,1722683,57.16800000006333,4261,1723186168	ID:1	[INFO: Metric    ] METRIC_RX type=REAL src=3 seq=168 send_ms=1722465 recv_ms=1722683 bytes=48
TX,REAL,2,,169,48,1724220.0,1723357,1724220.0,,,,4263,1724220000	ID:2	[INFO: Metric    ] METRIC_TX type=REAL node=2 seq=169 bytes=48 time_ms=1723357
RX,REAL,,2,169,48,1724260.88,1723757,1724260.88,1723357,1723757,40.87999999988824,4264,1724260880	ID:1	[INFO: Metric    ] METRIC_RX type=REAL src=2 seq=169 send_ms=1723357 recv_ms=1723757 bytes=48
TX,REAL,4,,170,48,1725785.0,1725492,1725785.0,,,,4268,1725785000	ID:4	[INFO: Metric    ] METRIC_TX type=REAL node=4 seq=170 bytes=48 time_ms=1725492
RX,REAL,,4,170,48,1725843.168,1725340,1725843.168,1725492,1725340,58.16800000006333,4269,1725843168	ID:1	[INFO: Metric    ] METRIC_RX type=REAL src=4 seq=170 send_ms=1725492 recv_ms=1725340 bytes=48
TX,REAL,5,,169,48,1726538.0,1726201,1726538.0,,,,4271,1726538000	ID:5	[INFO: Metric    ] METRIC_TX type=REAL node=5 seq=169 bytes=48 time_ms=1726201
RX,REAL,,5,169,48,1726588.168,1726085,1726588.168,1726201,1726085,50.16800000006333,4272,1726588168	ID:1	[INFO: Metric    ] METRIC_RX type=REAL src=5 seq=169 send_ms=1726201 recv_ms=1726085 bytes=48
TX,REAL,6,,172,48,1728586.0,1727647,1728586.0,,,,4274,1728586000	ID:6	[INFO: Metric    ] METRIC_TX type=REAL node=6 seq=172 bytes=48 time_ms=1727647
RX,REAL,,6,172,48,1728591.88,1728088,1728591.88,1727647,1728088,5.879999999888241,4275,1728591880	ID:1	[INFO: Metric    ] METRIC_RX type=REAL src=6 seq=172 send_ms=1727647 recv_ms=1728088 bytes=48
TX,REAL,7,,168,48,1730396.0,1730077,1730396.0,,,,4277,1730396000	ID:7	[INFO: Metric    ] METRIC_TX type=REAL node=7 seq=168 bytes=48 time_ms=1730077
TX,DUMMY,7,,48,48,1730397.0,1730078,1730397.0,,,,4278,1730397000	ID:7	[INFO: Metric    ] METRIC_TX type=DUMMY node=7 seq=48 bytes=48 time_ms=1730078
RX,REAL,,7,168,48,1730417.88,1729914,1730417.88,1730077,1729914,21.87999999988824,4279,1730417880	ID:1	[INFO: Metric    ] METRIC_RX type=REAL src=7 seq=168 send_ms=1730077 recv_ms=1729914 bytes=48
RX,DUMMY,,7,48,48,1730424.88,1729921,1730424.88,1730078,1729921,,4280,1730424880	ID:1	[INFO: Metric    ] METRIC_RX type=DUMMY src=7 seq=48 send_ms=1730078 recv_ms=1729921 bytes=48
TX,REAL,4,,171,48,1733786.0,1733493,1733786.0,,,,4283,1733786000	ID:4	[INFO: Metric    ] METRIC_TX type=REAL node=4 seq=171 bytes=48 time_ms=1733493
RX,REAL,,4,171,48,1733834.168,1733331,1733834.168,1733493,1733331,48.16800000006333,4284,1733834168	ID:1	[INFO: Metric    ] METRIC_RX type=REAL src=4 seq=171 send_ms=1733493 recv_ms=1733331 bytes=48
TX,REAL,3,,169,48,1735130.0,1734466,1735130.0,,,,4287,1735130000	ID:3	[INFO: Metric    ] METRIC_TX type=REAL node=3 seq=169 bytes=48 time_ms=1734466
RX,REAL,,3,169,48,1735168.168,1734665,1735168.168,1734466,1734665,38.16800000006333,4288,1735168168	ID:1	[INFO: Metric    ] METRIC_RX type=REAL src=3 seq=169 send_ms=1734466 recv_ms=1734665 bytes=48
TX,REAL,2,,170,48,1735221.0,1734358,1735221.0,,,,4292,1735221000	ID:2	[INFO: Metric    ] METRIC_TX type=REAL node=2 seq=170 bytes=48 time_ms=1734358
TX,DUMMY,2,,43,48,1735222.0,1734359,1735222.0,,,,4293,1735222000	ID:2	[INFO: Metric    ] METRIC_TX type=DUMMY node=2 seq=43 bytes=48 time_ms=1734359
RX,REAL,,2,170,48,1735236.88,1734733,1735236.88,1734358,1734733,15.879999999888241,4294,1735236880	ID:1	[INFO: Metric    ] METRIC_RX type=REAL src=2 seq=170 send_ms=1734358 recv_ms=1734733 bytes=48
RX,DUMMY,,2,43,48,1735252.88,1734749,1735252.88,1734359,1734749,,4296,1735252880	ID:1	[INFO: Metric    ] METRIC_RX type=DUMMY src=2 seq=43 send_ms=1734359 recv_ms=1734749 bytes=48
TX,REAL,5,,170,48,1735539.0,1735202,1735539.0,,,,4300,1735539000	ID:5	[INFO: Metric    ] METRIC_TX type=REAL node=5 seq=170 bytes=48 time_ms=1735202
TX,DUMMY,5,,45,48,1735540.0,1735203,1735540.0,,,,4301,1735540000	ID:5	[INFO: Metric    ] METRIC_TX type=DUMMY node=5 seq=45 bytes=48 time_ms=1735203
RX,REAL,,5,170,48,1735584.168,1735081,1735584.168,1735202,1735081,45.16800000006333,4302,1735584168	ID:1	[INFO: Metric    ] METRIC_RX type=REAL src=5 seq=170 send_ms=1735202 recv_ms=1735081 bytes=48
RX,DUMMY,,5,45,48,1735620.168,1735117,1735620.168,1735203,1735117,,4303,1735620168	ID:1	[INFO: Metric    ] METRIC_RX type=DUMMY src=5 seq=45 send_ms=1735203 recv_ms=1735117 bytes=48
TX,REAL,6,,173,48,1738587.0,1737648,1738587.0,,,,4306,1738587000	ID:6	[INFO: Metric    ] METRIC_TX type=REAL node=6 seq=173 bytes=48 time_ms=1737648
RX,REAL,,6,173,48,1738599.88,1738096,1738599.88,1737648,1738096,12.879999999888241,4307,1738599880	ID:1	[INFO: Metric    ] METRIC_RX type=REAL src=6 seq=173 send_ms=1737648 recv_ms=1738096 bytes=48
TX,REAL,7,,169,48,1740398.0,1740079,1740398.0,,,,4309,1740398000	ID:7	[INFO: Metric    ] METRIC_TX type=REAL node=7 seq=169 bytes=48 time_ms=1740079
TX,DUMMY,7,,49,48,1740399.0,1740080,1740399.0,,,,4310,1740399000	ID:7	[INFO: Metric    ] METRIC_TX type=DUMMY node=7 seq=49 bytes=48 time_ms=1740080
RX,REAL,,7,169,48,1740410.88,1739907,1740410.88,1740079,1739907,12.879999999888241,4311,1740410880	ID:1	[INFO: Metric    ] METRIC_RX type=REAL src=7 seq=169 send_ms=1740079 recv_ms=1739907 bytes=48
RX,DUMMY,,7,49,48,1740453.88,1739950,1740453.88,1740080,1739950,,4313,1740453880	ID:1	[INFO: Metric    ] METRIC_RX type=DUMMY src=7 seq=49 send_ms=1740080 recv_ms=1739950 bytes=48
TX,REAL,4,,172,48,1743787.0,1743494,1743787.0,,,,4315,1743787000	ID:4	[INFO: Metric    ] METRIC_TX type=REAL node=4 seq=172 bytes=48 time_ms=1743494
RX,REAL,,4,172,48,1743835.168,1743332,1743835.168,1743494,1743332,48.16800000006333,4316,1743835168	ID:1	[INFO: Metric    ] METRIC_RX type=REAL src=4 seq=172 send_ms=1743494 recv_ms=1743332 bytes=48
TX,REAL,3,,170,48,1744131.0,1743467,1744131.0,,,,4320,1744131000	ID:3	[INFO: Metric    ] METRIC_TX type=REAL node=3 seq=170 bytes=48 time_ms=1743467
RX,REAL,,3,170,48,1744206.168,1743703,1744206.168,1743467,1743703,75.16800000006333,4321,1744206168	ID:1	[INFO: Metric    ] METRIC_RX type=REAL src=3 seq=170 send_ms=1743467 recv_ms=1743703 bytes=48
TX,REAL,2,,171,48,1746223.0,1745360,1746223.0,,,,4324,1746223000	ID:2	[INFO: Metric    ] METRIC_TX type=REAL node=2 seq=171 bytes=48 time_ms=1745360
RX,REAL,,2,171,48,1746268.88,1745765,1746268.88,1745360,1745765,45.87999999988824,4325,1746268880	ID:1	[INFO: Metric    ] METRIC_RX type=REAL src=2 seq=171 send_ms=1745360 recv_ms=1745765 bytes=48
TX,REAL,6,,174,48,1746588.0,1745649,1746588.0,,,,4327,1746588000	ID:6	[INFO: Metric    ] METRIC_TX type=REAL node=6 seq=174 bytes=48 time_ms=1745649
TX,DUMMY,6,,44,48,1746589.0,1745650,1746589.0,,,,4328,1746589000	ID:6	[INFO: Metric    ] METRIC_TX type=DUMMY node=6 seq=44 bytes=48 time_ms=1745650
RX,REAL,,6,174,48,1746615.88,1746112,1746615.88,1745649,1746112,27.87999999988824,4329,1746615880	ID:1	[INFO: Metric    ] METRIC_RX type=REAL src=6 seq=174 send_ms=1745649 recv_ms=1746112 bytes=48
RX,DUMMY,,6,44,48,1746622.88,1746119,1746622.88,1745650,1746119,,4330,1746622880	ID:1	[INFO: Metric    ] METRIC_RX type=DUMMY src=6 seq=44 send_ms=1745650 recv_ms=1746119 bytes=48
TX,REAL,5,,171,48,1747541.0,1747204,1747541.0,,,,4333,1747541000	ID:5	[INFO: Metric    ] METRIC_TX type=REAL node=5 seq=171 bytes=48 time_ms=1747204
RX,REAL,,5,171,48,1747600.168,1747097,1747600.168,1747204,1747097,59.16800000006333,4334,1747600168	ID:1	[INFO: Metric    ] METRIC_RX type=REAL src=5 seq=171 send_ms=1747204 recv_ms=1747097 bytes=48
TX,REAL,7,,170,48,1751400.0,1751081,1751400.0,,,,4338,1751400000	ID:7	[INFO: Metric    ] METRIC_TX type=REAL node=7 seq=170 bytes=48 time_ms=1751081
TX,DUMMY,7,,50,48,1751401.0,1751082,1751401.0,,,,4339,1751401000	ID:7	[INFO: Metric    ] METRIC_TX type=DUMMY node=7 seq=50 bytes=48 time_ms=1751082
RX,REAL,,7,170,48,1751415.88,1750912,1751415.88,1751081,1750912,15.879999999888241,4340,1751415880	ID:1	[INFO: Metric    ] METRIC_RX type=REAL src=7 seq=170 send_ms=1751081 recv_ms=1750912 bytes=48
RX,DUMMY,,7,50,48,1751448.88,1750945,1751448.88,1751082,1750945,,4341,1751448880	ID:1	[INFO: Metric    ] METRIC_RX type=DUMMY src=7 seq=50 send_ms=1751082 recv_ms=1750945 bytes=48
TX,REAL,4,,173,48,1752788.0,1752495,1752788.0,,,,4344,1752788000	ID:4	[INFO: Metric    ] METRIC_TX type=REAL node=4 seq=173 bytes=48 time_ms=1752495
RX,REAL,,4,173,48,1752878.168,1752375,1752878.168,1752495,1752375,90.16800000006333,4345,1752878168	ID:1	[INFO: Metric    ] METRIC_RX type=REAL src=4 seq=173 send_ms=1752495 recv_ms=1752375 bytes=48
TX,REAL,6,,175,48,1754590.0,1753651,1754590.0,,,,4347,1754590000	ID:6	[INFO: Metric    ] METRIC_TX type=REAL node=6 seq=175 bytes=48 time_ms=1753651
RX,REAL,,6,175,48,1754624.88,1754121,1754624.88,1753651,1754121,34.87999999988824,4348,1754624880	ID:1	[INFO: Metric    ] METRIC_RX type=REAL src=6 seq=175 send_ms=1753651 recv_ms=1754121 bytes=48
TX,REAL,3,,171,48,1755132.0,1754468,1755132.0,,,,4350,1755132000	ID:3	[INFO: Metric    ] METRIC_TX type=REAL node=3 seq=171 bytes=48 time_ms=1754468
RX,REAL,,3,171,48,1755151.168,1754648,1755151.168,1754468,1754648,19.16800000006333,4351,1755151168	ID:1	[INFO: Metric    ] METRIC_RX type=REAL src=3 seq=171 send_ms=1754468 recv_ms=1754648 bytes=48
TX,REAL,2,,172,48,1755230.424,1754367,1755230.424,,,,4353,1755230424	ID:2	[INFO: Metric    ] METRIC_TX type=REAL node=2 seq=172 bytes=48 time_ms=1754367
RX,REAL,,2,172,48,1755237.88,1754734,1755237.88,1754367,1754734,7.455999999772757,4354,1755237880	ID:1	[INFO: Metric    ] METRIC_RX type=REAL src=2 seq=172 send_ms=1754367 recv_ms=1754734 bytes=48
TX,REAL,5,,172,48,1756542.0,1756205,1756542.0,,,,4357,1756542000	ID:5	[INFO: Metric    ] METRIC_TX type=REAL node=5 seq=172 bytes=48 time_ms=1756205
RX,REAL,,5,172,48,1756612.168,1756109,1756612.168,1756205,1756109,70.16800000006333,4358,1756612168	ID:1	[INFO: Metric    ] METRIC_RX type=REAL src=5 seq=172 send_ms=1756205 recv_ms=1756109 bytes=48
TX,REAL,7,,171,48,1762402.0,1762083,1762402.0,,,,4360,1762402000	ID:7	[INFO: Metric    ] METRIC_TX type=REAL node=7 seq=171 bytes=48 time_ms=1762083
RX,REAL,,7,171,48,1762419.88,1761916,1762419.88,1762083,1761916,17.87999999988824,4361,1762419880	ID:1	[INFO: Metric    ] METRIC_RX type=REAL src=7 seq=171 send_ms=1762083 recv_ms=1761916 bytes=48
TX,REAL,3,,172,48,1763133.0,1762469,1763133.0,,,,4363,1763133000	ID:3	[INFO: Metric    ] METRIC_TX type=REAL node=3 seq=172 bytes=48 time_ms=1762469
TX,DUMMY,3,,47,48,1763134.0,1762470,1763134.0,,,,4364,1763134000	ID:3	[INFO: Metric    ] METRIC_TX type=DUMMY node=3 seq=47 bytes=48 time_ms=1762470
RX,REAL,,3,172,48,1763176.168,1762673,1763176.168,1762469,1762673,43.16800000006333,4365,1763176168	ID:1	[INFO: Metric    ] METRIC_RX type=REAL src=3 seq=172 send_ms=1762469 recv_ms=1762673 bytes=48
RX,DUMMY,,3,47,48,1763209.592,1762706,1763209.592,1762470,1762706,,4367,1763209592	ID:1	[INFO: Metric    ] METRIC_RX type=DUMMY src=3 seq=47 send_ms=1762470 recv_ms=1762706 bytes=48
TX,REAL,6,,176,48,1763591.0,1762652,1763591.0,,,,4369,1763591000	ID:6	[INFO: Metric    ] METRIC_TX type=REAL node=6 seq=176 bytes=48 time_ms=1762652
RX,REAL,,6,176,48,1763605.88,1763102,1763605.88,1762652,1763102,14.879999999888241,4370,1763605880	ID:1	[INFO: Metric    ] METRIC_RX type=REAL src=6 seq=176 send_ms=1762652 recv_ms=1763102 bytes=48
TX,REAL,4,,174,48,1764789.0,1764496,1764789.0,,,,4372,1764789000	ID:4	[INFO: Metric    ] METRIC_TX type=REAL node=4 seq=174 bytes=48 time_ms=1764496
RX,REAL,,4,174,48,1764834.168,1764331,1764834.168,1764496,1764331,45.16800000006333,4373,1764834168	ID:1	[INFO: Metric    ] METRIC_RX type=REAL src=4 seq=174 send_ms=1764496 recv_ms=1764331 bytes=48
TX,REAL,2,,173,48,1765231.0,1764368,1765231.0,,,,4375,1765231000	ID:2	[INFO: Metric    ] METRIC_TX type=REAL node=2 seq=173 bytes=48 time_ms=1764368
TX,DUMMY,2,,44,48,1765232.0,1764369,1765232.0,,,,4376,1765232000	ID:2	[INFO: Metric    ] METRIC_TX type=DUMMY node=2 seq=44 bytes=48 time_ms=1764369
RX,REAL,,2,173,48,1765274.88,1764771,1765274.88,1764368,1764771,43.87999999988824,4377,1765274880	ID:1	[INFO: Metric    ] METRIC_RX type=REAL src=2 seq=173 send_ms=1764368 recv_ms=1764771 bytes=48
RX,DUMMY,,2,44,48,1765284.88,1764781,1765284.88,1764369,1764781,,4378,1765284880	ID:1	[INFO: Metric    ] METRIC_RX type=DUMMY src=2 seq=44 send_ms=1764369 recv_ms=1764781 bytes=48
TX,REAL,5,,173,48,1768543.0,1768206,1768543.0,,,,4381,1768543000	ID:5	[INFO: Metric    ] METRIC_TX type=REAL node=5 seq=173 bytes=48 time_ms=1768206
RX,REAL,,5,173,48,1768587.168,1768084,1768587.168,1768206,1768084,44.16800000006333,4382,1768587168	ID:1	[INFO: Metric    ] METRIC_RX type=REAL src=5 seq=173 send_ms=1768206 recv_ms=1768084 bytes=48
TX,REAL,3,,173,48,1772135.0,1771471,1772135.0,,,,4384,1772135000	ID:3	[INFO: Metric    ] METRIC_TX type=REAL node=3 seq=173 bytes=48 time_ms=1771471
RX,REAL,,3,173,48,1772220.168,1771717,1772220.168,1771471,1771717,85.16800000006333,4385,1772220168	ID:1	[INFO: Metric    ] METRIC_RX type=REAL src=3 seq=173 send_ms=1771471 recv_ms=1771717 bytes=48
TX,REAL,7,,172,48,1773403.0,1773084,1773403.0,,,,4388,1773403000	ID:7	[INFO: Metric    ] METRIC_TX type=REAL node=7 seq=172 bytes=48 time_ms=1773084
RX,REAL,,7,172,48,1773423.88,1772920,1773423.88,1773084,1772920,20.87999999988824,4389,1773423880	ID:1	[INFO: Metric    ] METRIC_RX type=REAL src=7 seq=172 send_ms=1773084 recv_ms=1772920 bytes=48
TX,REAL,6,,177,48,1773592.0,1772653,1773592.0,,,,4391,1773592000	ID:6	[INFO: Metric    ] METRIC_TX type=REAL node=6 seq=177 bytes=48 time_ms=1772653
TX,DUMMY,6,,45,48,1773593.0,1772654,1773593.0,,,,4392,1773593000	ID:6	[INFO: Metric    ] METRIC_TX type=DUMMY node=6 seq=45 bytes=48 time_ms=1772654
RX,REAL,,6,177,48,1773621.88,1773118,1773621.88,1772653,1773118,29.87999999988824,4393,1773621880	ID:1	[INFO: Metric    ] METRIC_RX type=REAL src=6 seq=177 send_ms=1772653 recv_ms=1773118 bytes=48
RX,DUMMY,,6,45,48,1773643.88,1773140,1773643.88,1772654,1773140,,4395,1773643880	ID:1	[INFO: Metric    ] METRIC_RX type=DUMMY src=6 seq=45 send_ms=1772654 recv_ms=1773140 bytes=48
TX,REAL,4,,175,48,1773790.0,1773497,1773790.0,,,,4397,1773790000	ID:4	[INFO: Metric    ] METRIC_TX type=REAL node=4 seq=175 bytes=48 time_ms=1773497
RX,REAL,,4,175,48,1773841.168,1773338,1773841.168,1773497,1773338,51.16800000006333,4398,1773841168	ID:1	[INFO: Metric    ] METRIC_RX type=REAL src=4 seq=175 send_ms=1773497 recv_ms=1773338 bytes=48
TX,REAL,2,,174,48,1776233.0,1775370,1776233.0,,,,4400,1776233000	ID:2	[INFO: Metric    ] METRIC_TX type=REAL node=2 seq=174 bytes=48 time_ms=1775370
RX,REAL,,2,174,48,1776261.88,1775758,1776261.88,1775370,1775758,28.87999999988824,4401,1776261880	ID:1	[INFO: Metric    ] METRIC_RX type=REAL src=2 seq=174 send_ms=1775370 recv_ms=1775758 bytes=48
TX,REAL,5,,174,48,1780544.0,1780207,1780544.0,,,,4403,1780544000	ID:5	[INFO: Metric    ] METRIC_TX type=REAL node=5 seq=174 bytes=48 time_ms=1780207
RX,REAL,,5,174,48,1780609.168,1780106,1780609.168,1780207,1780106,65.16800000006333,4404,1780609168	ID:1	[INFO: Metric    ] METRIC_RX type=REAL src=5 seq=174 send_ms=1780207 recv_ms=1780106 bytes=48
TX,REAL,3,,174,48,1781136.0,1780472,1781136.0,,,,4406,1781136000	ID:3	[INFO: Metric    ] METRIC_TX type=REAL node=3 seq=174 bytes=48 time_ms=1780472
TX,DUMMY,3,,48,48,1781137.0,1780473,1781137.0,,,,4407,1781137000	ID:3	[INFO: Metric    ] METRIC_TX type=DUMMY node=3 seq=48 bytes=48 time_ms=1780473
RX,REAL,,3,174,48,1781200.168,1780697,1781200.168,1780472,1780697,64.16800000006333,4408,1781200168	ID:1	[INFO: Metric    ] METRIC_RX type=REAL src=3 seq=174 send_ms=1780472 recv_ms=1780697 bytes=48
RX,DUMMY,,3,48,48,1781245.168,1780742,1781245.168,1780473,1780742,,4409,1781245168	ID:1	[INFO: Metric    ] METRIC_RX type=DUMMY src=3 seq=48 send_ms=1780473 recv_ms=1780742 bytes=48
TX,REAL,6,,178,48,1782594.0,1781655,1782594.0,,,,4412,1782594000	ID:6	[INFO: Metric    ] METRIC_TX type=REAL node=6 seq=178 bytes=48 time_ms=1781655
RX,REAL,,6,178,48,1782636.88,1782133,1782636.88,1781655,1782133,42.87999999988824,4413,1782636880	ID:1	[INFO: Metric    ] METRIC_RX type=REAL src=6 seq=178 send_ms=1781655 recv_ms=1782133 bytes=48
TX,REAL,4,,176,48,1782791.0,1782498,1782791.0,,,,4415,1782791000	ID:4	[INFO: Metric    ] METRIC_TX type=REAL node=4 seq=176 bytes=48 time_ms=1782498
TX,DUMMY,4,,39,48,1782792.0,1782499,1782792.0,,,,4416,1782792000	ID:4	[INFO: Metric    ] METRIC_TX type=DUMMY node=4 seq=39 bytes=48 time_ms=1782499
RX,REAL,,4,176,48,1782840.168,1782337,1782840.168,1782498,1782337,49.16800000006333,4417,1782840168	ID:1	[INFO: Metric    ] METRIC_RX type=REAL src=4 seq=176 send_ms=1782498 recv_ms=1782337 bytes=48
RX,DUMMY,,4,39,48,1782881.168,1782378,1782881.168,1782499,1782378,,4419,1782881168	ID:1	[INFO: Metric    ] METRIC_RX type=DUMMY src=4 seq=39 send_ms=1782499 recv_ms=1782378 bytes=48
TX,REAL,7,,173,48,1783404.0,1783085,1783404.0,,,,4422,1783404000	ID:7	[INFO: Metric    ] METRIC_TX type=REAL node=7 seq=173 bytes=48 time_ms=1783085
RX,REAL,,7,173,48,1783443.88,1782940,1783443.88,1783085,1782940,39.87999999988824,4423,1783443880	ID:1	[INFO: Metric    ] METRIC_RX type=REAL src=7 seq=173 send_ms=1783085 recv_ms=1782940 bytes=48
TX,REAL,2,,175,48,1785234.0,1784371,1785234.0,,,,4425,1785234000	ID:2	[INFO: Metric    ] METRIC_TX type=REAL node=2 seq=175 bytes=48 time_ms=1784371
TX,DUMMY,2,,45,48,1785235.0,1784372,1785235.0,,,,4426,1785235000	ID:2	[INFO: Metric    ] METRIC_TX type=DUMMY node=2 seq=45 bytes=48 time_ms=1784372
RX,REAL,,2,175,48,1785261.88,1784758,1785261.88,1784371,1784758,27.87999999988824,4427,1785261880	ID:1	[INFO: Metric    ] METRIC_RX type=REAL src=2 seq=175 send_ms=1784371 recv_ms=1784758 bytes=48
RX,DUMMY,,2,45,48,1785270.88,1784767,1785270.88,1784372,1784767,,4428,1785270880	ID:1	[INFO: Metric    ] METRIC_RX type=DUMMY src=2 seq=45 send_ms=1784372 recv_ms=1784767 bytes=48
TX,REAL,5,,175,48,1790545.0,1790208,1790545.0,,,,4431,1790545000	ID:5	[INFO: Metric    ] METRIC_TX type=REAL node=5 seq=175 bytes=48 time_ms=1790208
RX,REAL,,5,175,48,1790585.168,1790082,1790585.168,1790208,1790082,40.16800000006333,4432,1790585168	ID:1	[INFO: Metric    ] METRIC_RX type=REAL src=5 seq=175 send_ms=1790208 recv_ms=1790082 bytes=48
TX,REAL,4,,177,48,1791793.0,1791500,1791793.0,,,,4434,1791793000	ID:4	[INFO: Metric    ] METRIC_TX type=REAL node=4 seq=177 bytes=48 time_ms=1791500
RX,REAL,,4,177,48,1791824.168,1791321,1791824.168,1791500,1791321,31.16800000006333,4435,1791824168	ID:1	[INFO: Metric    ] METRIC_RX type=REAL src=4 seq=177 send_ms=1791500 recv_ms=1791321 bytes=48
TX,REAL,6,,179,48,1792595.0,1791656,1792595.0,,,,4437,1792595000	ID:6	[INFO: Metric    ] METRIC_TX type=REAL node=6 seq=179 bytes=48 time_ms=1791656
TX,DUMMY,6,,46,48,1792596.0,1791657,1792596.0,,,,4438,1792596000	ID:6	[INFO: Metric    ] METRIC_TX type=DUMMY node=6 seq=46 bytes=48 time_ms=1791657
RX,REAL,,6,179,48,1792609.88,1792106,1792609.88,1791656,1792106,14.879999999888241,4439,1792609880	ID:1	[INFO: Metric    ] METRIC_RX type=REAL src=6 seq=179 send_ms=1791656 recv_ms=1792106 bytes=48
RX,DUMMY,,6,46,48,1792620.88,1792117,1792620.88,1791657,1792117,,4440,1792620880	ID:1	[INFO: Metric    ] METRIC_RX type=DUMMY src=6 seq=46 send_ms=1791657 recv_ms=1792117 bytes=48
TX,REAL,3,,175,48,1793138.0,1792474,1793138.0,,,,4443,1793138000	ID:3	[INFO: Metric    ] METRIC_TX type=REAL node=3 seq=175 bytes=48 time_ms=1792474
RX,REAL,,3,175,48,1793198.168,1792695,1793198.168,1792474,1792695,60.16800000006333,4444,1793198168	ID:1	[INFO: Metric    ] METRIC_RX type=REAL src=3 seq=175 send_ms=1792474 recv_ms=1792695 bytes=48
TX,REAL,7,,174,48,1794405.0,1794086,1794405.0,,,,4446,1794405000	ID:7	[INFO: Metric    ] METRIC_TX type=REAL node=7 seq=174 bytes=48 time_ms=1794086
TX,DUMMY,7,,51,48,1794406.0,1794087,1794406.0,,,,4447,1794406000	ID:7	[INFO: Metric    ] METRIC_TX type=DUMMY node=7 seq=51 bytes=48 time_ms=1794087
RX,REAL,,7,174,48,1794424.88,1793921,1794424.88,1794086,1793921,19.87999999988824,4448,1794424880	ID:1	[INFO: Metric    ] METRIC_RX type=REAL src=7 seq=174 send_ms=1794086 recv_ms=1793921 bytes=48
RX,DUMMY,,7,51,48,1794443.88,1793940,1794443.88,1794087,1793940,,4450,1794443880	ID:1	[INFO: Metric    ] METRIC_RX type=DUMMY src=7 seq=51 send_ms=1794087 recv_ms=1793940 bytes=48
TX,REAL,2,,176,48,1797236.0,1796373,1797236.0,,,,4453,1797236000	ID:2	[INFO: Metric    ] METRIC_TX type=REAL node=2 seq=176 bytes=48 time_ms=1796373
RX,REAL,,2,176,48,1797245.88,1796742,1797245.88,1796373,1796742,9.879999999888241,4454,1797245880	ID:1	[INFO: Metric    ] METRIC_RX type=REAL src=2 seq=176 send_ms=1796373 recv_ms=1796742 bytes=48
