{
  "split": "test",
  "model_type": "mlp",
  "accuracy": 0.3708903961636497,
  "f1_macro": 0.0994403302290165,
  "precision_macro": 0.12948519138721443,
  "recall_macro": 0.19855631374364593,
  "per_class_recall": {
    "Bathe": 0.8877314814814815,
    "Bed_Toilet_Transition": 0.1,
    "Cook": 0.0,
    "Cook_Breakfast": 0.012479652740097666,
    "Cook_Dinner": 0.0,
    "Cook_Lunch": 0.002824858757062147,
    "Dress": 0.010651629072681704,
    "Drink": 0.1111111111111111,
    "Eat": 0.4666666666666667,
    "Eat_Breakfast": 0.010101010101010102,
    "Eat_Dinner": 0.06306306306306306,
    "Eat_Lunch": 0.0,
    "Enter_Home": 0.8992248062015504,
    "Entertain_Guests": 0.0035587188612099642,
    "Evening_Meds": 0.018518518518518517,
    "Go_To_Sleep": 0.32,
    "Groom": 0.0,
    "Leave_Home": 0.17548746518105848,
    "Morning_Meds": 0.009174311926605505,
    "Personal_Hygiene": 0.002150537634408602,
    "Phone": 0.027777777777777776,
    "Read": 0.0,
    "Relax": 0.0,
    "Sleep": 0.2133850630455868,
    "Sleep_Out_Of_Bed": 0.001692047377326565,
    "Step_Out": 0.0,
    "Toilet": 0.2931726907630522,
    "Wake_Up": 0.6458333333333334,
    "Wash_Breakfast_Dishes": 0.0,
    "Wash_Dinner_Dishes": 0.7845117845117845,
    "Wash_Dishes": 0.0,
    "Wash_Lunch_Dishes": 0.0,
    "Watch_TV": 0.8584648058252428,
    "Work_At_Table": 0.8333333333333334
  },
  "confusion_matrix": [
    [
      1534,
      41,
      0,
      0,
      0,
      0,
      0,
      0,
      0,
      0,
      0,
      0,
      7,
      0,
      0,
      79,
      5,
      2,
      0,
      3,
      0,
      0,
      0,
      5,
      0,
      0,
      43,
      9,
      0,
      0,
      0,
      0,
      0,
      0
    ],
    [
      22,
      8,
      0,
      0,
      0,
      0,
      0,
      0,
      0,
      0,
      0,
      0,
      0,
      0,
      0,
      34,
      1,
      0,
      0,
      0,
      0,
      0,
      0,
      1,
      0,
      0,
      11,
      3,
      0,
      0,
      0,
      0,
      0,
      0
    ],
    [
      0,
      0,
      0,
      3,
      0,
      0,
      0,
      16,
      27,
      0,
      0,
      0,
      8,
      0,
      5,
      3,
      0,
      0,
      2,
      0,
      0,
      0,
      0,
      0,
      0,
      0,
      1,
      1,
      0,
      245,
      0,
      0,
      0,
      0
    ],
    [
      0,
      0,
      0,
      23,
      0,
      1,
      0,
      68,
      147,
      2,
      11,
      0,
      17,
      1,
      7,
      1,
      0,
      4,
      19,
      0,
      0,
      0,
      0,
      0,
      0,
      1,
      15,
      0,
      1,
      1506,
      0,
      0,
      12,
      7
    ],
    [
      0,
      1,
      0,
      1,
      0,
      1,
      0,
      46,
      87,
      1,
      8,
      0,
      10,
      2,
      9,
      1,
      0,
      2,
      8,
      0,
      0,
      0,
      0,
      0,
      0,
      0,
      3,
      0,
      0,
      463,
      0,
      0,
      3,
      2
    ],
    [
      0,
      0,
      0,
      6,
      0,
      1,
      0,
      12,
      32,
      0,
      0,
      0,
      11,
      0,
      1,
      1,
      0,
      2,
      3,
      0,
      0,
      0,
      0,
      0,
      0,
      0,
      3,
      0,
      0,
      281,
      0,
      0,
      1,
      0
    ],
    [
      14,
      85,
      0,
      0,
      0,
      0,
      17,
      4,
      12,
      0,
      1,
      0,
      49,
      2,
      0,
      262,
      3,
      20,
      0,
      0,
      3,
      0,
      0,
      252,
      0,
      0,
      89,
      777,
      0,
      0,
      0,
      0,
      3,
      3
    ],
    [
      0,
      0,
      0,
      3,
      0,
      4,
      0,
      45,
      119,
      1,
      4,
      0,
      26,
      3,
      7,
      1,
      0,
      4,
      8,
      0,
      0,
      0,
      0,
      0,
      0,
      0,
      8,
      0,
      0,
      163,
      0,
      0,
      3,
      6
    ],
    [
      0,
      0,
      0,
      0,
      0,
      0,
      0,
      3,
      21,
      0,
      2,
      0,
      1,
      0,
      0,
      0,
      0,
      0,
      1,
      0,
      0,
      0,
      0,
      0,
      0,
      0,
      1,
      0,
      0,
      3,
      0,
      0,
      13,
      0
    ],
    [
      0,
      0,
      0,
      0,
      0,
      0,
      0,
      10,
      90,
      3,
      3,
      0,
      11,
      1,
      0,
      0,
      0,
      14,
      2,
      0,
      5,
      0,
      0,
      0,
      0,
      0,
      11,
      0,
      0,
      5,
      0,
      0,
      142,
      0
    ],
    [
      0,
      0,
      0,
      0,
      0,
      0,
      0,
      3,
      37,
      0,
      7,
      0,
      1,
      0,
      0,
      0,
      0,
      1,
      1,
      0,
      0,
      0,
      0,
      0,
      0,
      0,
      0,
      0,
      0,
      1,
      0,
      0,
      60,
      0
    ],
    [
      0,
      0,
      0,
      0,
      0,
      0,
      0,
      2,
      13,
      3,
      5,
      0,
      12,
      0,
      1,
      0,
      0,
      4,
      0,
      0,
      0,
      0,
      0,
      0,
      0,
      0,
      1,
      0,
      0,
      0,
      0,
      0,
      36,
      1
    ],
    [
      0,
      3,
      0,
      0,
      0,
      0,
      0,
      0,
      5,
      0,
      0,
      0,
      232,
      2,
      0,
      2,
      0,
      7,
      0,
      0,
      0,
      0,
      0,
      0,
      0,
      0,
      7,
      0,
      0,
      0,
      0,
      0,
      0,
      0
    ],
    [
      2,
      1,
      0,
      0,
      0,
      3,
      0,
      12,
      40,
      1,
      3,
      0,
      59,
      1,
      1,
      16,
      0,
      4,
      5,
      0,
      1,
      0,
      0,
      0,
      0,
      0,
      27,
      1,
      0,
      100,
      0,
      0,
      3,
      1
    ],
    [
      0,
      0,
      0,
      2,
      0,
      0,
      0,
      20,
      89,
      0,
      6,
      0,
      15,
      1,
      6,
      1,
      0,
      3,
      7,
      0,
      0,
      0,
      0,
      0,
      0,
      0,
      5,
      0,
      0,
      154,
      0,
      0,
      10,
      5
    ],
    [
      3,
      6,
      0,
      0,
      0,
      0,
      0,
      0,
      0,
      0,
      0,
      0,
      2,
      0,
      0,
      16,
      0,
      2,
      0,
      0,
      0,
      0,
      0,
      5,
      0,
      0,
      6,
      10,
      0,
      0,
      0,
      0,
      0,
      0
    ],
    [
      87,
      11,
      0,
      0,
      0,
      0,
      3,
      0,
      0,
      0,
      0,
      0,
      1,
      0,
      0,
      50,
      0,
      1,
      0,
      1,
      0,
      0,
      0,
      1,
      0,
      0,
      19,
      7,
      0,
      0,
      0,
      0,
      2,
      1
    ],
    [
      7,
      3,
      0,
      0,
      0,
      0,
      1,
      3,
      17,
      2,
      9,
      0,
      83,
      1,
      0,
      9,
      0,
      63,
      1,
      0,
      2,
      0,
      1,
      2,
      0,
      0,
      44,
      4,
      0,
      0,
      0,
      0,
      103,
      4
    ],
    [
      0,
      0,
      0,
      3,
      0,
      1,
      0,
      24,
      99,
      0,
      1,
      0,
      33,
      0,
      4,
      0,
      0,
      7,
      3,
      0,
      0,
      1,
      0,
      0,
      0,
      1,
      1,
      0,
      0,
      146,
      0,
      0,
      2,
      1
    ],
    [
      843,
      75,
      0,
      0,
      0,
      0,
      4,
      9,
      17,
      1,
      1,
      0,
      37,
      2,
      2,
      155,
      7,
      6,
      0,
      3,
      9,
      0,
      0,
      9,
      0,
      0,
      185,
      16,
      0,
      0,
      0,
      0,
      12,
      2
    ],
    [
      1,
      1,
      0,
      0,
      0,
      0,
      0,
      2,
      21,
      3,
      1,
      0,
      34,
      0,
