{
  "split": "test",
  "model_type": "mlp",
  "accuracy": 0.35062859117812245,
  "f1_macro": 0.10654101840342037,
  "precision_macro": 0.12388183266641037,
  "recall_macro": 0.18237206034556622,
  "per_class_recall": {
    "Bathe": 0.5347222222222222,
    "Bed_Toilet_Transition": 0.4125,
    "Cook": 0.6752411575562701,
    "Cook_Breakfast": 0.017362995116657624,
    "Cook_Dinner": 0.0,
    "Cook_Lunch": 0.0,
    "Dress": 0.002506265664160401,
    "Drink": 0.12839506172839507,
    "Eat": 0.2,
    "Eat_Breakfast": 0.026936026936026935,
    "Eat_Dinner": 0.04504504504504504,
    "Eat_Lunch": 0.0,
    "Enter_Home": 0.9069767441860465,
    "Entertain_Guests": 0.010676156583629894,
    "Evening_Meds": 0.0,
    "Go_To_Sleep": 0.24,
    "Groom": 0.0,
    "Leave_Home": 0.016713091922005572,
    "Morning_Meds": 0.0672782874617737,
    "Personal_Hygiene": 0.002150537634408602,
    "Phone": 0.05,
    "Read": 0.0,
    "Relax": 0.0,
    "Sleep": 0.9097963142580019,
    "Sleep_Out_Of_Bed": 0.0,
    "Step_Out": 0.1393939393939394,
    "Toilet": 0.1934404283801874,
    "Wake_Up": 0.041666666666666664,
    "Wash_Breakfast_Dishes": 0.052941176470588235,
    "Wash_Dinner_Dishes": 0.06397306397306397,
    "Wash_Dishes": 0.0,
    "Wash_Lunch_Dishes": 0.0,
    "Watch_TV": 0.7962682038834952,
    "Work_At_Table": 0.6666666666666666
  },
  "confusion_matrix": [
    [
      924,
      637,
      0,
      0,
      0,
      0,
      0,
      1,
      0,
      0,
      0,
      0,
      4,
      0,
      0,
      48,
      0,
      0,
      0,
      3,
      1,
      0,
      0,
      33,
      0,
      0,
      77,
      0,
      0,
      0,
      0,
      0,
      0,
      0
    ],
    [
      19,
      33,
      0,
      0,
      0,
      0,
      0,
      0,
      0,
      0,
      0,
      0,
      0,
      0,
      0,
      13,
      0,
      0,
      0,
      0,
      0,
      0,
      0,
      13,
      0,
      0,
      2,
      0,
      0,
      0,
      0,
      0,
      0,
      0
    ],
    [
      0,
      0,
      210,
      3,
      0,
      0,
      0,
      17,
      17,
      0,
      0,
      0,
      6,
      1,
      0,
      0,
      0,
      0,
      6,
      0,
      2,
      0,
      0,
      0,
      0,
      1,
      4,
      0,
      24,
      18,
      0,
      2,
      0,
      0
    ],
    [
      0,
      1,
      1288,
      32,
      0,
      0,
      0,
      110,
      100,
      4,
      6,
      0,
      10,
      1,
      0,
      0,
      0,
      0,
      19,
      0,
      6,
      0,
      0,
      0,
      0,
      4,
      11,
      0,
      116,
      113,
      0,
      6,
      11,
      5
    ],
    [
      0,
      0,
      400,
      12,
      0,
      0,
      0,
      41,
      59,
      2,
      4,
      0,
      10,
      0,
      0,
      0,
      0,
      0,
      15,
      0,
      0,
      0,
      0,
      0,
      0,
      1,
      1,
      0,
      43,
      55,
      0,
      3,
      2,
      0
    ],
    [
      0,
      0,
      228,
      8,
      0,
      0,
      1,
      18,
      16,
      0,
      2,
      0,
      7,
      0,
      0,
      0,
      0,
      0,
      10,
      0,
      0,
      0,
      0,
      0,
      0,
      0,
      1,
      0,
      29,
      32,
      0,
      1,
      1,
      0
    ],
    [
      4,
      151,
      0,
      0,
      0,
      0,
      4,
      0,
      11,
      0,
      1,
      0,
      29,
      7,
      0,
      159,
      0,
      2,
      3,
      0,
      9,
      0,
      0,
      1118,
      0,
      27,
      22,
      45,
      0,
      0,
      0,
      0,
      4,
      0
    ],
    [
      0,
      0,
      159,
      3,
      0,
      0,
      1,
      52,
      71,
      1,
      8,
      0,
      17,
      3,
      0,
      0,
      0,
      1,
      16,
      0,
      2,
      0,
      0,
      2,
      0,
      6,
      3,
      0,
      23,
      28,
      0,
      1,
      5,
      3
    ],
    [
      0,
      0,
      1,
      0,
      0,
      0,
      0,
      12,
      9,
      1,
      1,
      0,
      0,
      0,
      0,
      0,
      0,
      1,
      2,
      0,
      3,
      0,
      0,
      0,
      0,
      1,
      1,
      0,
      1,
      2,
      0,
      0,
      10,
      0
    ],
    [
      0,
      1,
      8,
      1,
      0,
      0,
      0,
      23,
      62,
      8,
      8,
      0,
      4,
      1,
      0,
      0,
      0,
      4,
      11,
      0,
      8,
      0,
      0,
      0,
      0,
      7,
      2,
      0,
      4,
      4,
      0,
      1,
      140,
      0
    ],
    [
      0,
      0,
      4,
      0,
      0,
      0,
      0,
      7,
      21,
      2,
      5,
      0,
      0,
      0,
      0,
      0,
      0,
      0,
      5,
      0,
      4,
      0,
      0,
      0,
      0,
      2,
      0,
      0,
      0,
      3,
      0,
      0,
      58,
      0
    ],
    [
      0,
      0,
      0,
      0,
      0,
      0,
      0,
      4,
      13,
      0,
      3,
      0,
      6,
      0,
      0,
      0,
      0,
      0,
      4,
      0,
      2,
      0,
      0,
      0,
      0,
      3,
      0,
      0,
      1,
      0,
      0,
      0,
      41,
      1
    ],
    [
      0,
      1,
      0,
      0,
      0,
      0,
      0,
      1,
      0,
      0,
      0,
      0,
      234,
      0,
      0,
      0,
      0,
      0,
      4,
      0,
      0,
      0,
      0,
      1,
      0,
      10,
      7,
      0,
      0,
      0,
      0,
      0,
      0,
      0
    ],
    [
      0,
      7,
      86,
      2,
      0,
      0,
      2,
      24,
      20,
      0,
      2,
      0,
      42,
      3,
      0,
      4,
      0,
      5,
      17,
      0,
      2,
      0,
      0,
      15,
      0,
      9,
      17,
      0,
      5,
      11,
      0,
      1,
      7,
      0
    ],
    [
      0,
      0,
      131,
      3,
      0,
      0,
      0,
      31,
      56,
      2,
      3,
      0,
      13,
      2,
      0,
      1,
      0,
      0,
      15,
      0,
      2,
      0,
      0,
      0,
      0,
      2,
      2,
      0,
      28,
      22,
      0,
      0,
      8,
      3
    ],
    [
      2,
      11,
      0,
      0,
      0,
      0,
      0,
      0,
      0,
      0,
      0,
      0,
      3,
      0,
      0,
      12,
      0,
      1,
      0,
      0,
      1,
      0,
      0,
      17,
      0,
      0,
      1,
      2,
      0,
      0,
      0,
      0,
      0,
      0
    ],
    [
      53,
      53,
      0,
      0,
      0,
      0,
      0,
      0,
      0,
      0,
      0,
      0,
      2,
      0,
      0,
      25,
      0,
      0,
      0,
      1,
      0,
      0,
      0,
      34,
      0,
      2,
      10,
      1,
      0,
      0,
      0,
      0,
      3,
      0
    ],
    [
      2,
      10,
      0,
      0,
      0,
      0,
      0,
      4,
      15,
      3,
      11,
      2,
      77,
      1,
      0,
      4,
      0,
      6,
      7,
      0,
      26,
      1,
      0,
      14,
      0,
      43,
      36,
      0,
      0,
      0,
      0,
      0,
      94,
      3
    ],
    [
      0,
      0,
      135,
      6,
      0,
      0,
      0,
      39,
      52,
      0,
      3,
      0,
      27,
      0,
      0,
      0,
      0,
      1,
      22,
      0,
      1,
      0,
      0,
      0,
      0,
      3,
      0,
      0,
      18,
      15,
      0,
      2,
      2,
      1
    ],
    [
      496,
      499,
      2,
      0,
      0,
      0,
      1,
      7,
      20,
      2,
      4,
      0,
      27,
      3,
      0,
      73,
      0,
      11,
      4,
      3,
      13,
      0,
      0,
      73,
      0,
      6,
      139,
      3,
      0,
      0,
      0,
      0,
      8,
      1
    ],
    [
      0,
      3,
      3,
      0,
      0,
      0,
      0,
      4,
      14,
      4,
      10,
      1,
      25,
      1,
      0,
