{
  "split": "test",
  "model_type": "lstm",
  "accuracy": 0.3746921847323627,
  "f1_macro": 0.1506007641008737,
  "precision_macro": 0.19368126933635071,
  "recall_macro": 0.2304697487282796,
  "per_class_recall": {
    "Bathe": 0.7369925671812464,
    "Bed_Toilet_Transition": 0.5048543689320388,
    "Cook": 0.0,
    "Cook_Breakfast": 0.1799442896935933,
    "Cook_Dinner": 0.001564945226917058,
    "Cook_Lunch": 0.5142857142857142,
    "Dress": 0.09643080776455855,
    "Drink": 0.23113207547169812,
    "Eat": 0.41509433962264153,
    "Eat_Breakfast": 0.08284023668639054,
    "Eat_Dinner": 0.0,
    "Eat_Lunch": 0.011363636363636364,
    "Enter_Home": 0.7411764705882353,
    "Entertain_Guests": 0.051194539249146756,
    "Evening_Meds": 0.1377245508982036,
    "Go_To_Sleep": 0.4666666666666667,
    "Groom": 0.015957446808510637,
    "Leave_Home": 0.25766871165644173,
    "Morning_Meds": 0.1564102564102564,
    "Personal_Hygiene": 0.05903527717782577,
    "Phone": 0.27624309392265195,
    "Read": 0.01532033426183844,
    "Relax": 0.006012024048096192,
    "Sleep": 0.8013120899718837,
    "Sleep_Out_Of_Bed": 0.11851851851851852,
    "Step_Out": 0.19463087248322147,
    "Toilet": 0.3885180240320427,
    "Wake_Up": 0.0,
    "Wash_Breakfast_Dishes": 0.06489675516224189,
    "Wash_Dinner_Dishes": 0.0,
    "Wash_Dishes": 0.002824858757062147,
    "Wash_Lunch_Dishes": 0.0,
    "Watch_TV": 0.6709943485565908,
    "Work_At_Table": 0.6363636363636364
  },
  "confusion_matrix": [
    [
      1289,
      134,
      0,
      0,
      0,
      0,
      1,
      1,
      0,
      0,
      0,
      0,
      6,
      1,
      2,
      46,
      12,
      22,
      1,
      100,
      11,
      0,
      0,
      10,
      0,
      0,
      110,
      0,
      0,
      0,
      0,
      0,
      0,
      3
    ],
    [
      35,
      52,
      0,
      0,
      0,
      0,
      0,
      0,
      0,
      0,
      0,
      0,
      1,
      0,
      0,
      1,
      1,
      0,
      0,
      6,
      0,
      0,
      0,
      3,
      0,
      0,
      4,
      0,
      0,
      0,
      0,
      0,
      0,
      0
    ],
    [
      0,
      0,
      0,
      43,
      0,
      176,
      0,
      23,
      5,
      0,
      0,
      0,
      3,
      3,
      22,
      1,
      1,
      1,
      18,
      0,
      0,
      0,
      0,
      0,
      1,
      1,
      0,
      0,
      27,
      0,
      4,
      1,
      0,
      5
    ],
    [
      1,
      0,
      0,
      323,
      0,
      917,
      0,
      138,
      36,
      0,
      0,
      0,
      8,
      20,
      106,
      3,
      0,
      5,
      51,
      0,
      0,
      1,
      1,
      2,
      2,
      1,
      1,
      0,
      158,
      0,
      5,
      1,
      3,
      12
    ],
    [
      0,
      0,
      0,
      92,
      1,
      334,
      0,
      55,
      5,
      1,
      0,
      0,
      3,
      6,
      42,
      2,
      0,
      4,
      26,
      0,
      2,
      0,
      1,
      0,
      1,
      1,
      2,
      0,
      48,
      0,
      4,
      1,
      1,
      7
    ],
    [
      0,
      0,
      0,
      63,
      0,
      180,
      0,
      25,
      7,
      0,
      0,
      0,
      3,
      3,
      20,
      3,
      0,
      1,
      9,
      0,
      1,
      0,
      0,
      0,
      1,
      1,
      2,
      0,
      24,
      0,
      2,
      0,
      0,
      5
    ],
    [
      18,
      47,
      0,
      0,
      0,
      0,
      154,
      2,
      4,
      1,
      0,
      0,
      19,
      14,
      3,
      319,
      6,
      16,
      0,
      0,
      17,
      0,
      5,
      944,
      0,
      6,
      10,
      1,
      0,
      0,
      0,
      0,
      3,
      8
    ],
    [
      0,
      1,
      0,
      32,
      0,
      142,
      0,
      98,
      5,
      0,
      0,
      0,
      2,
      8,
      43,
      2,
      0,
      6,
      46,
      0,
      2,
      1,
      0,
      0,
      4,
      2,
      3,
      0,
      14,
      0,
      0,
      1,
      5,
      7
    ],
    [
      0,
      0,
      0,
      2,
      0,
      0,
      0,
      1,
      22,
      3,
      0,
      0,
      0,
      0,
      0,
      0,
      0,
      2,
      0,
      0,
      3,
      0,
      0,
      0,
      2,
      1,
      1,
      0,
      0,
      0,
      0,
      0,
      16,
      0
    ],
    [
      0,
      0,
      0,
      5,
      0,
      4,
      0,
      2,
      110,
      28,
      0,
      2,
      0,
      5,
      0,
      0,
      0,
      14,
      0,
      0,
      21,
      1,
      2,
      0,
      24,
      2,
      3,
      0,
      3,
      0,
      0,
      1,
      110,
      1
    ],
    [
      0,
      0,
      0,
      2,
      0,
      0,
      0,
      0,
      27,
      8,
      0,
      0,
      1,
      0,
      0,
      0,
      0,
      10,
      0,
      0,
      2,
      0,
      1,
      0,
      11,
      3,
      0,
      0,
      1,
      0,
      0,
      0,
      56,
      2
    ],
    [
      0,
      0,
      0,
      1,
      0,
      0,
      0,
      2,
      19,
      8,
      0,
      1,
      1,
      1,
      0,
      0,
      0,
      3,
      0,
      0,
      5,
      0,
      0,
      0,
      6,
      0,
      2,
      0,
      0,
      0,
      0,
      0,
      37,
      2
    ],
    [
      2,
      0,
      0,
      0,
      0,
      0,
      2,
      1,
      1,
      0,
      0,
      0,
      189,
      1,
      1,
      2,
      0,
      12,
      0,
      0,
      3,
      0,
      0,
      0,
      0,
      32,
      3,
      0,
      0,
      0,
      0,
      0,
      5,
      1
    ],
    [
      5,
      2,
      0,
      28,
      0,
      63,
      8,
      20,
      21,
      2,
      0,
      1,
      18,
      15,
      10,
      3,
      0,
      5,
      18,
      2,
      18,
      0,
      1,
      8,
      3,
      3,
      13,
      0,
      10,
      0,
      1,
      0,
      9,
      6
    ],
    [
      0,
      0,
      0,
      29,
      0,
      108,
      0,
      65,
      6,
      0,
      0,
      0,
      8,
      5,
      46,
      1,
      0,
      3,
      37,
      0,
      2,
      0,
      0,
      0,
      3,
      0,
      2,
      0,
      11,
      0,
      0,
      0,
      5,
      3
    ],
    [
      1,
      0,
      0,
      0,
      0,
      0,
      3,
      0,
      0,
      0,
      0,
      0,
      1,
      0,
      0,
      21,
      0,
      1,
      0,
      0,
      0,
      0,
      1,
      16,
      0,
      0,
      0,
      0,
      0,
      0,
      0,
      0,
      1,
      0
    ],
    [
      95,
      49,
      0,
      0,
      0,
      0,
      0,
      0,
      0,
      0,
      0,
      0,
      3,
      0,
      1,
      8,
      3,
      0,
      0,
      4,
      1,
      0,
      0,
      7,
      0,
      1,
      13,
      0,
      0,
      0,
      0,
      1,
      2,
      0
    ],
    [
      7,
      5,
      0,
      0,
      0,
      0,
      3,
      1,
      9,
      6,
      0,
      1,
      39,
      5,
      2,
      13,
      0,
      84,
      0,
      2,
      21,
      0,
      1,
      6,
      9,
      42,
      4,
      0,
      0,
      0,
      0,
      0,
      65,
      1
    ],
    [
      0,
      0,
      0,
      38,
      0,
      132,
      0,
      66,
      6,
      0,
      0,
      0,
      8,
      5,
      37,
      0,
      0,
      3,
      61,
      0,
      9,
      0,
      1,
      0,
      2,
      2,
      0,
      0,
      17,
      0,
      1,
      0,
      0,
      2
    ],
    [
      687,
      212,
      0,
      1,
      0,
      0,
      4,
      5,
      7,
      0,
      0,
      0,
      13,
      9,
      2,
      32,
      14,
      16,
      0,
      82,
      12,
      0,
      0,
      16,
      3,
      7,
      248,
      0,
      0,
      0,
      0,
      0,
      13,
      6
    ],
    [
