old_path,new_path,action,reason,size_bytes
outputs/reports/final_thesis/adaptive_ldp_ablation_overview.md,outputs/summaries/final_thesis/adaptive_ldp_ablation_overview.md,copy,Move final thesis summaries to outputs/summaries/final_thesis.,1758
outputs/reports/final_thesis/artifact_index.md,outputs/summaries/final_thesis/artifact_index.md,copy,Move final thesis summaries to outputs/summaries/final_thesis.,3009
outputs/reports/final_thesis/codex_fix_report.md,outputs/summaries/final_thesis/codex_fix_report.md,copy,Move final thesis summaries to outputs/summaries/final_thesis.,9479
outputs/reports/final_thesis/completed_experiment_checklist.md,outputs/summaries/final_thesis/completed_experiment_checklist.md,copy,Move final thesis summaries to outputs/summaries/final_thesis.,3376
outputs/reports/final_thesis/cooja/cooja_feature_importance.csv,,drop_optional,Empty Cooja optional diagnostic is not part of final delivery.,0
outputs/reports/final_thesis/cooja/cooja_limitations.md,outputs/summaries/final_thesis/cooja/cooja_limitations.md,copy,Move final thesis summaries to outputs/summaries/final_thesis.,713
outputs/reports/final_thesis/cooja/cooja_missing_outputs.json,outputs/summaries/final_thesis/cooja/cooja_missing_outputs.json,copy,Move final thesis summaries to outputs/summaries/final_thesis.,2
outputs/reports/final_thesis/cooja/cooja_overhead_summary.csv,outputs/summaries/final_thesis/cooja/cooja_overhead_summary.csv,copy,Move final thesis summaries to outputs/summaries/final_thesis.,596
outputs/reports/final_thesis/cooja/cooja_per_seed.csv,outputs/summaries/final_thesis/cooja/cooja_per_seed.csv,copy,Move final thesis summaries to outputs/summaries/final_thesis.,5618
outputs/reports/final_thesis/cooja/cooja_summary.csv,outputs/summaries/final_thesis/cooja/cooja_summary.csv,copy,Move final thesis summaries to outputs/summaries/final_thesis.,2653
outputs/reports/final_thesis/cooja/cooja_summary.json,outputs/summaries/final_thesis/cooja/cooja_summary.json,copy,Move final thesis summaries to outputs/summaries/final_thesis.,5499
outputs/reports/final_thesis/cooja/cooja_top_confusions.csv,,drop_optional,Empty Cooja optional diagnostic is not part of final delivery.,0
outputs/reports/final_thesis/cooja/cooja_traffic_metrics.csv,outputs/summaries/final_thesis/cooja/cooja_traffic_metrics.csv,copy,Move final thesis summaries to outputs/summaries/final_thesis.,2126
outputs/reports/final_thesis/figure_table_list.md,outputs/summaries/final_thesis/figure_table_list.md,copy,Move final thesis summaries to outputs/summaries/final_thesis.,10422
outputs/reports/final_thesis/final_coverage_audit.json,outputs/summaries/final_thesis/final_coverage_audit.json,copy,Move final thesis summaries to outputs/summaries/final_thesis.,4380
outputs/reports/final_thesis/final_manifest.json,outputs/summaries/final_thesis/final_manifest.json,copy,Move final thesis summaries to outputs/summaries/final_thesis.,1131
outputs/reports/final_thesis/final_missing_outputs.json,outputs/summaries/final_thesis/final_missing_outputs.json,copy,Move final thesis summaries to outputs/summaries/final_thesis.,2
outputs/reports/final_thesis/final_summary.csv,outputs/summaries/final_thesis/final_summary.csv,copy,Move final thesis summaries to outputs/summaries/final_thesis.,91411
outputs/reports/final_thesis/final_summary.json,outputs/summaries/final_thesis/final_summary.json,copy,Move final thesis summaries to outputs/summaries/final_thesis.,152716
outputs/reports/final_thesis/final_symmetry_audit.json,outputs/summaries/final_thesis/final_symmetry_audit.json,copy,Move final thesis summaries to outputs/summaries/final_thesis.,1578
outputs/reports/final_thesis/final_symmetry_audit.md,outputs/summaries/final_thesis/final_symmetry_audit.md,copy,Move final thesis summaries to outputs/summaries/final_thesis.,615
outputs/reports/final_thesis/final_thesis_summary.md,outputs/summaries/final_thesis/final_thesis_summary.md,copy,Move final thesis summaries to outputs/summaries/final_thesis.,3463
outputs/reports/final_thesis/git_history_size_note.md,outputs/summaries/final_thesis/git_history_size_note.md,copy,Move final thesis summaries to outputs/summaries/final_thesis.,1180
outputs/reports/final_thesis/legacy_outputs_note.md,outputs/summaries/final_thesis/legacy_outputs_note.md,copy,Move final thesis summaries to outputs/summaries/final_thesis.,1270
outputs/reports/final_thesis/mock/mock_adaptive_ldp_ablation_summary.csv,outputs/summaries/final_thesis/mock/mock_adaptive_ldp_ablation_summary.csv,copy,Move final thesis summaries to outputs/summaries/final_thesis.,6946
outputs/reports/final_thesis/mock/mock_adaptive_ldp_ablation_summary.md,outputs/summaries/final_thesis/mock/mock_adaptive_ldp_ablation_summary.md,copy,Move final thesis summaries to outputs/summaries/final_thesis.,987
outputs/reports/final_thesis/mock/mock_coverage_audit.json,outputs/summaries/final_thesis/mock/mock_coverage_audit.json,copy,Move final thesis summaries to outputs/summaries/final_thesis.,163
outputs/reports/final_thesis/mock/mock_parameter_scan_adaptive_ldp.csv,outputs/summaries/final_thesis/mock/mock_parameter_scan_adaptive_ldp.csv,copy,Move final thesis summaries to outputs/summaries/final_thesis.,32148
outputs/reports/final_thesis/mock/mock_parameter_scan_ldp.csv,outputs/summaries/final_thesis/mock/mock_parameter_scan_ldp.csv,copy,Move final thesis summaries to outputs/summaries/final_thesis.,21879
outputs/reports/final_thesis/mock/mock_parameter_scan_noise.csv,outputs/summaries/final_thesis/mock/mock_parameter_scan_noise.csv,copy,Move final thesis summaries to outputs/summaries/final_thesis.,18166
outputs/reports/final_thesis/mock/mock_summary.csv,outputs/summaries/final_thesis/mock/mock_summary.csv,copy,Move final thesis summaries to outputs/summaries/final_thesis.,17590
outputs/reports/final_thesis/mock/mock_summary.json,outputs/summaries/final_thesis/mock/mock_summary.json,copy,Move final thesis summaries to outputs/summaries/final_thesis.,29226
outputs/reports/final_thesis/mock/mock_top_confusions.csv,outputs/summaries/final_thesis/mock/mock_top_confusions.csv,copy,Move final thesis summaries to outputs/summaries/final_thesis.,55157
outputs/reports/final_thesis/parameter_scan_coverage_audit.json,outputs/summaries/final_thesis/parameter_scan_coverage_audit.json,copy,Move final thesis summaries to outputs/summaries/final_thesis.,3004
outputs/reports/final_thesis/parameter_scan_missing_outputs.json,outputs/summaries/final_thesis/parameter_scan_missing_outputs.json,copy,Move final thesis summaries to outputs/summaries/final_thesis.,2
outputs/reports/final_thesis/parameter_scan_run_log.json,outputs/summaries/final_thesis/parameter_scan_run_log.json,copy,Move final thesis summaries to outputs/summaries/final_thesis.,8366
outputs/reports/final_thesis/path_hygiene_remaining.json,outputs/summaries/final_thesis/path_hygiene_remaining.json,copy,Move final thesis summaries to outputs/summaries/final_thesis.,800
outputs/reports/final_thesis/real/real_adaptive_ldp_ablation_summary.csv,outputs/summaries/final_thesis/real/real_adaptive_ldp_ablation_summary.csv,copy,Move final thesis summaries to outputs/summaries/final_thesis.,20774
outputs/reports/final_thesis/real/real_adaptive_ldp_ablation_summary.md,outputs/summaries/final_thesis/real/real_adaptive_ldp_ablation_summary.md,copy,Move final thesis summaries to outputs/summaries/final_thesis.,1875
outputs/reports/final_thesis/real/real_coverage_audit.json,outputs/summaries/final_thesis/real/real_coverage_audit.json,copy,Move final thesis summaries to outputs/summaries/final_thesis.,172
outputs/reports/final_thesis/real/real_dataset_meta_summary.csv,outputs/summaries/final_thesis/real/real_dataset_meta_summary.csv,copy,Move final thesis summaries to outputs/summaries/final_thesis.,654
outputs/reports/final_thesis/real/real_missing_outputs.json,outputs/summaries/final_thesis/real/real_missing_outputs.json,copy,Move final thesis summaries to outputs/summaries/final_thesis.,2
outputs/reports/final_thesis/real/real_parameter_scan_adaptive_ldp.csv,outputs/summaries/final_thesis/real/real_parameter_scan_adaptive_ldp.csv,copy,Move final thesis summaries to outputs/summaries/final_thesis.,104053
outputs/reports/final_thesis/real/real_parameter_scan_ldp.csv,outputs/summaries/final_thesis/real/real_parameter_scan_ldp.csv,copy,Move final thesis summaries to outputs/summaries/final_thesis.,72201
outputs/reports/final_thesis/real/real_parameter_scan_noise.csv,outputs/summaries/final_thesis/real/real_parameter_scan_noise.csv,copy,Move final thesis summaries to outputs/summaries/final_thesis.,59804
outputs/reports/final_thesis/real/real_summary.csv,outputs/summaries/final_thesis/real/real_summary.csv,copy,Move final thesis summaries to outputs/summaries/final_thesis.,68501
outputs/reports/final_thesis/real/real_summary.json,outputs/summaries/final_thesis/real/real_summary.json,copy,Move final thesis summaries to outputs/summaries/final_thesis.,114391
outputs/reports/final_thesis/real/real_top_confusions.csv,outputs/summaries/final_thesis/real/real_top_confusions.csv,copy,Move final thesis summaries to outputs/summaries/final_thesis.,204544
outputs/reports/final_thesis/repository_bloat_audit.csv,outputs/summaries/final_thesis/repository_bloat_audit.csv,copy,Move final thesis summaries to outputs/summaries/final_thesis.,293897
outputs/reports/final_thesis/repository_bloat_audit.json,outputs/summaries/final_thesis/repository_bloat_audit.json,copy,Move final thesis summaries to outputs/summaries/final_thesis.,589962
outputs/reports/final_thesis/repository_bloat_audit.md,outputs/summaries/final_thesis/repository_bloat_audit.md,copy,Move final thesis summaries to outputs/summaries/final_thesis.,833
outputs/reports/final_thesis/repository_cleanup_report.json,outputs/summaries/final_thesis/repository_cleanup_report.json,copy,Move final thesis summaries to outputs/summaries/final_thesis.,2633
outputs/reports/final_thesis/repository_cleanup_report.md,outputs/summaries/final_thesis/repository_cleanup_report.md,copy,Move final thesis summaries to outputs/summaries/final_thesis.,3557
outputs/reports/final_thesis/repository_delivery_check.md,outputs/summaries/final_thesis/repository_delivery_check.md,copy,Move final thesis summaries to outputs/summaries/final_thesis.,1526
outputs/reports/final_thesis/thesis_revision_prompt.md,outputs/summaries/final_thesis/thesis_revision_prompt.md,copy,Move final thesis summaries to outputs/summaries/final_thesis.,9382
outputs/reports/final_thesis/thesis_text_sync_suggestions.md,outputs/summaries/final_thesis/thesis_text_sync_suggestions.md,copy,Move final thesis summaries to outputs/summaries/final_thesis.,1092
outputs/figures/final_thesis/adaptive_ldp_ablation_mock_accuracy.png,outputs/figures/summaries/final_thesis/adaptive_ldp_ablation_mock_accuracy.png,copy,Move final thesis figures to outputs/figures/summaries/final_thesis.,137276
outputs/figures/final_thesis/adaptive_ldp_ablation_mock_distortion.png,outputs/figures/summaries/final_thesis/adaptive_ldp_ablation_mock_distortion.png,copy,Move final thesis figures to outputs/figures/summaries/final_thesis.,111918
outputs/figures/final_thesis/adaptive_ldp_ablation_real_accuracy.png,outputs/figures/summaries/final_thesis/adaptive_ldp_ablation_real_accuracy.png,copy,Move final thesis figures to outputs/figures/summaries/final_thesis.,394776
outputs/figures/final_thesis/adaptive_ldp_ablation_real_distortion.png,outputs/figures/summaries/final_thesis/adaptive_ldp_ablation_real_distortion.png,copy,Move final thesis figures to outputs/figures/summaries/final_thesis.,324453
outputs/figures/final_thesis/confusion_casas_hh101.png,outputs/figures/summaries/final_thesis/confusion_casas_hh101.png,copy,Move final thesis figures to outputs/figures/summaries/final_thesis.,125576
outputs/figures/final_thesis/confusion_kasteren.png,outputs/figures/summaries/final_thesis/confusion_kasteren.png,copy,Move final thesis figures to outputs/figures/summaries/final_thesis.,81066
outputs/figures/final_thesis/confusion_mock.png,outputs/figures/summaries/final_thesis/confusion_mock.png,copy,Move final thesis figures to outputs/figures/summaries/final_thesis.,58374
outputs/figures/final_thesis/confusion_uci_har.png,outputs/figures/summaries/final_thesis/confusion_uci_har.png,copy,Move final thesis figures to outputs/figures/summaries/final_thesis.,74326
outputs/figures/final_thesis/cooja_mode_accuracy.png,outputs/figures/summaries/final_thesis/cooja_mode_accuracy.png,copy,Move final thesis figures to outputs/figures/summaries/final_thesis.,50476
outputs/figures/final_thesis/cooja_per_seed_accuracy.png,outputs/figures/summaries/final_thesis/cooja_per_seed_accuracy.png,copy,Move final thesis figures to outputs/figures/summaries/final_thesis.,132610
outputs/figures/final_thesis/cooja_traffic_metrics.png,outputs/figures/summaries/final_thesis/cooja_traffic_metrics.png,copy,Move final thesis figures to outputs/figures/summaries/final_thesis.,56011
outputs/figures/final_thesis/cooja_window_overhead_proxy.png,outputs/figures/summaries/final_thesis/cooja_window_overhead_proxy.png,copy,Move final thesis figures to outputs/figures/summaries/final_thesis.,37628
outputs/figures/final_thesis/mock_method_distortion.png,outputs/figures/summaries/final_thesis/mock_method_distortion.png,copy,Move final thesis figures to outputs/figures/summaries/final_thesis.,33905
outputs/figures/final_thesis/mock_model_mode_accuracy.png,outputs/figures/summaries/final_thesis/mock_model_mode_accuracy.png,copy,Move final thesis figures to outputs/figures/summaries/final_thesis.,47224
outputs/figures/final_thesis/parameter_scan_adaptive_ldp_all_models_modes.png,outputs/figures/summaries/final_thesis/parameter_scan_adaptive_ldp_all_models_modes.png,copy,Move final thesis figures to outputs/figures/summaries/final_thesis.,367748
outputs/figures/final_thesis/parameter_scan_ldp_all_models_modes.png,outputs/figures/summaries/final_thesis/parameter_scan_ldp_all_models_modes.png,copy,Move final thesis figures to outputs/figures/summaries/final_thesis.,303581
outputs/figures/final_thesis/parameter_scan_noise_all_models_modes.png,outputs/figures/summaries/final_thesis/parameter_scan_noise_all_models_modes.png,copy,Move final thesis figures to outputs/figures/summaries/final_thesis.,325171
outputs/figures/final_thesis/real_casas_hh101_model_mode_accuracy.png,outputs/figures/summaries/final_thesis/real_casas_hh101_model_mode_accuracy.png,copy,Move final thesis figures to outputs/figures/summaries/final_thesis.,48176
outputs/figures/final_thesis/real_kasteren_model_mode_accuracy.png,outputs/figures/summaries/final_thesis/real_kasteren_model_mode_accuracy.png,copy,Move final thesis figures to outputs/figures/summaries/final_thesis.,48435
outputs/figures/final_thesis/real_uci_har_model_mode_accuracy.png,outputs/figures/summaries/final_thesis/real_uci_har_model_mode_accuracy.png,copy,Move final thesis figures to outputs/figures/summaries/final_thesis.,43163
outputs/figures/final_thesis/real_uci_ldp_scan.png,outputs/figures/summaries/final_thesis/real_uci_ldp_scan.png,copy,Move final thesis figures to outputs/figures/summaries/final_thesis.,53303
outputs/figures/final_thesis/real_uci_noise_scan.png,outputs/figures/summaries/final_thesis/real_uci_noise_scan.png,copy,Move final thesis figures to outputs/figures/summaries/final_thesis.,60745
outputs/defense/full_multiseed/seed_42/adaptive_ldp/json_reports/lstm_baseline_confusion_test.json,outputs/experiments/mock/seed_42/lstm/baseline/baseline_confusion.json,copy,Normalize baseline confusion file.,1749
outputs/defense/full_multiseed/seed_42/adaptive_ldp/json_reports/lstm_baseline_confusion_test.json,outputs/experiments/mock/seed_42/lstm/baseline/baseline_metrics.json,copy,Use baseline confusion metrics as baseline metrics artifact.,1749
generated,outputs/experiments/mock/seed_42/lstm/baseline/baseline_classification_report.txt,write,Write derived baseline report from existing metrics.,0
generated,outputs/experiments/mock/seed_42/lstm/baseline/source_manifest.json,write,Write baseline source manifest.,0
outputs/defense/final_thesis/mock/seed_42/lstm/adaptive_ldp/fixed_attacker/confusion.json,outputs/experiments/mock/seed_42/lstm/adaptive_ldp/fixed_attacker/confusion.json,copy,Normalize main matrix artifact.,1743
outputs/defense/final_thesis/mock/seed_42/lstm/adaptive_ldp/fixed_attacker/classification_report.txt,outputs/experiments/mock/seed_42/lstm/adaptive_ldp/fixed_attacker/classification_report.txt,copy,Normalize main matrix artifact.,179
outputs/defense/final_thesis/mock/seed_42/lstm/adaptive_ldp/fixed_attacker/trace.json,outputs/experiments/mock/seed_42/lstm/adaptive_ldp/fixed_attacker/trace.json,copy,Normalize main matrix artifact.,386
outputs/defense/final_thesis/mock/seed_42/lstm/adaptive_ldp/fixed_attacker/defense_report.json,outputs/experiments/mock/seed_42/lstm/adaptive_ldp/fixed_attacker/defense_report.json,copy,Normalize main matrix artifact.,1524
outputs/defense/final_thesis/mock/seed_42/lstm/adaptive_ldp/fixed_attacker/confusion.json,outputs/experiments/mock/seed_42/lstm/adaptive_ldp/fixed_attacker/metrics.json,copy,Expose defended confusion metrics under standard metrics.json.,1743
generated,outputs/experiments/mock/seed_42/lstm/adaptive_ldp/fixed_attacker/source_manifest.json,write,Write main matrix source manifest.,0
outputs/defense/final_thesis/mock/seed_42/lstm/adaptive_ldp/retrain_attacker/confusion.json,outputs/experiments/mock/seed_42/lstm/adaptive_ldp/retrain_attacker/confusion.json,copy,Normalize main matrix artifact.,1761
outputs/defense/final_thesis/mock/seed_42/lstm/adaptive_ldp/retrain_attacker/classification_report.txt,outputs/experiments/mock/seed_42/lstm/adaptive_ldp/retrain_attacker/classification_report.txt,copy,Normalize main matrix artifact.,181
outputs/defense/final_thesis/mock/seed_42/lstm/adaptive_ldp/retrain_attacker/trace.json,outputs/experiments/mock/seed_42/lstm/adaptive_ldp/retrain_attacker/trace.json,copy,Normalize main matrix artifact.,390
outputs/defense/final_thesis/mock/seed_42/lstm/adaptive_ldp/retrain_attacker/defense_report.json,outputs/experiments/mock/seed_42/lstm/adaptive_ldp/retrain_attacker/defense_report.json,copy,Normalize main matrix artifact.,1524
outputs/defense/final_thesis/mock/seed_42/lstm/adaptive_ldp/retrain_attacker/confusion.json,outputs/experiments/mock/seed_42/lstm/adaptive_ldp/retrain_attacker/metrics.json,copy,Expose defended confusion metrics under standard metrics.json.,1761
generated,outputs/experiments/mock/seed_42/lstm/adaptive_ldp/retrain_attacker/source_manifest.json,write,Write main matrix source manifest.,0
outputs/defense/final_thesis/mock/seed_42/lstm/ldp/fixed_attacker/confusion.json,outputs/experiments/mock/seed_42/lstm/ldp/fixed_attacker/confusion.json,copy,Normalize main matrix artifact.,1743
outputs/defense/final_thesis/mock/seed_42/lstm/ldp/fixed_attacker/classification_report.txt,outputs/experiments/mock/seed_42/lstm/ldp/fixed_attacker/classification_report.txt,copy,Normalize main matrix artifact.,170
outputs/defense/final_thesis/mock/seed_42/lstm/ldp/fixed_attacker/trace.json,outputs/experiments/mock/seed_42/lstm/ldp/fixed_attacker/trace.json,copy,Normalize main matrix artifact.,368
outputs/defense/final_thesis/mock/seed_42/lstm/ldp/fixed_attacker/defense_report.json,outputs/experiments/mock/seed_42/lstm/ldp/fixed_attacker/defense_report.json,copy,Normalize main matrix artifact.,1514
outputs/defense/final_thesis/mock/seed_42/lstm/ldp/fixed_attacker/confusion.json,outputs/experiments/mock/seed_42/lstm/ldp/fixed_attacker/metrics.json,copy,Expose defended confusion metrics under standard metrics.json.,1743
generated,outputs/experiments/mock/seed_42/lstm/ldp/fixed_attacker/source_manifest.json,write,Write main matrix source manifest.,0
outputs/defense/final_thesis/mock/seed_42/lstm/ldp/retrain_attacker/confusion.json,outputs/experiments/mock/seed_42/lstm/ldp/retrain_attacker/confusion.json,copy,Normalize main matrix artifact.,1777
outputs/defense/final_thesis/mock/seed_42/lstm/ldp/retrain_attacker/classification_report.txt,outputs/experiments/mock/seed_42/lstm/ldp/retrain_attacker/classification_report.txt,copy,Normalize main matrix artifact.,172
outputs/defense/final_thesis/mock/seed_42/lstm/ldp/retrain_attacker/trace.json,outputs/experiments/mock/seed_42/lstm/ldp/retrain_attacker/trace.json,copy,Normalize main matrix artifact.,372
outputs/defense/final_thesis/mock/seed_42/lstm/ldp/retrain_attacker/defense_report.json,outputs/experiments/mock/seed_42/lstm/ldp/retrain_attacker/defense_report.json,copy,Normalize main matrix artifact.,1514
outputs/defense/final_thesis/mock/seed_42/lstm/ldp/retrain_attacker/confusion.json,outputs/experiments/mock/seed_42/lstm/ldp/retrain_attacker/metrics.json,copy,Expose defended confusion metrics under standard metrics.json.,1777
generated,outputs/experiments/mock/seed_42/lstm/ldp/retrain_attacker/source_manifest.json,write,Write main matrix source manifest.,0
outputs/defense/final_thesis/mock/seed_42/lstm/noise/fixed_attacker/confusion.json,outputs/experiments/mock/seed_42/lstm/noise/fixed_attacker/confusion.json,copy,Normalize main matrix artifact.,1753
outputs/defense/final_thesis/mock/seed_42/lstm/noise/fixed_attacker/classification_report.txt,outputs/experiments/mock/seed_42/lstm/noise/fixed_attacker/classification_report.txt,copy,Normalize main matrix artifact.,172
outputs/defense/final_thesis/mock/seed_42/lstm/noise/fixed_attacker/trace.json,outputs/experiments/mock/seed_42/lstm/noise/fixed_attacker/trace.json,copy,Normalize main matrix artifact.,372
outputs/defense/final_thesis/mock/seed_42/lstm/noise/fixed_attacker/defense_report.json,outputs/experiments/mock/seed_42/lstm/noise/fixed_attacker/defense_report.json,copy,Normalize main matrix artifact.,1499
outputs/defense/final_thesis/mock/seed_42/lstm/noise/fixed_attacker/confusion.json,outputs/experiments/mock/seed_42/lstm/noise/fixed_attacker/metrics.json,copy,Expose defended confusion metrics under standard metrics.json.,1753
generated,outputs/experiments/mock/seed_42/lstm/noise/fixed_attacker/source_manifest.json,write,Write main matrix source manifest.,0
outputs/defense/final_thesis/mock/seed_42/lstm/noise/retrain_attacker/confusion.json,outputs/experiments/mock/seed_42/lstm/noise/retrain_attacker/confusion.json,copy,Normalize main matrix artifact.,1776
outputs/defense/final_thesis/mock/seed_42/lstm/noise/retrain_attacker/classification_report.txt,outputs/experiments/mock/seed_42/lstm/noise/retrain_attacker/classification_report.txt,copy,Normalize main matrix artifact.,174
outputs/defense/final_thesis/mock/seed_42/lstm/noise/retrain_attacker/trace.json,outputs/experiments/mock/seed_42/lstm/noise/retrain_attacker/trace.json,copy,Normalize main matrix artifact.,376
outputs/defense/final_thesis/mock/seed_42/lstm/noise/retrain_attacker/defense_report.json,outputs/experiments/mock/seed_42/lstm/noise/retrain_attacker/defense_report.json,copy,Normalize main matrix artifact.,1499
outputs/defense/final_thesis/mock/seed_42/lstm/noise/retrain_attacker/confusion.json,outputs/experiments/mock/seed_42/lstm/noise/retrain_attacker/metrics.json,copy,Expose defended confusion metrics under standard metrics.json.,1776
generated,outputs/experiments/mock/seed_42/lstm/noise/retrain_attacker/source_manifest.json,write,Write main matrix source manifest.,0
outputs/defense/full_multiseed/seed_42/adaptive_ldp/json_reports/mlp_baseline_confusion_test.json,outputs/experiments/mock/seed_42/mlp/baseline/baseline_confusion.json,copy,Normalize baseline confusion file.,1743
outputs/defense/full_multiseed/seed_42/adaptive_ldp/json_reports/mlp_baseline_confusion_test.json,outputs/experiments/mock/seed_42/mlp/baseline/baseline_metrics.json,copy,Use baseline confusion metrics as baseline metrics artifact.,1743
generated,outputs/experiments/mock/seed_42/mlp/baseline/baseline_classification_report.txt,write,Write derived baseline report from existing metrics.,0
generated,outputs/experiments/mock/seed_42/mlp/baseline/source_manifest.json,write,Write baseline source manifest.,0
outputs/defense/final_thesis/mock/seed_42/mlp/adaptive_ldp/fixed_attacker/confusion.json,outputs/experiments/mock/seed_42/mlp/adaptive_ldp/fixed_attacker/confusion.json,copy,Normalize main matrix artifact.,1448
outputs/defense/final_thesis/mock/seed_42/mlp/adaptive_ldp/fixed_attacker/classification_report.txt,outputs/experiments/mock/seed_42/mlp/adaptive_ldp/fixed_attacker/classification_report.txt,copy,Normalize main matrix artifact.,178
outputs/defense/final_thesis/mock/seed_42/mlp/adaptive_ldp/fixed_attacker/trace.json,outputs/experiments/mock/seed_42/mlp/adaptive_ldp/fixed_attacker/trace.json,copy,Normalize main matrix artifact.,385
outputs/defense/final_thesis/mock/seed_42/mlp/adaptive_ldp/fixed_attacker/defense_report.json,outputs/experiments/mock/seed_42/mlp/adaptive_ldp/fixed_attacker/defense_report.json,copy,Normalize main matrix artifact.,1524
outputs/defense/final_thesis/mock/seed_42/mlp/adaptive_ldp/fixed_attacker/confusion.json,outputs/experiments/mock/seed_42/mlp/adaptive_ldp/fixed_attacker/metrics.json,copy,Expose defended confusion metrics under standard metrics.json.,1448
generated,outputs/experiments/mock/seed_42/mlp/adaptive_ldp/fixed_attacker/source_manifest.json,write,Write main matrix source manifest.,0
outputs/defense/final_thesis/mock/seed_42/mlp/adaptive_ldp/retrain_attacker/confusion.json,outputs/experiments/mock/seed_42/mlp/adaptive_ldp/retrain_attacker/confusion.json,copy,Normalize main matrix artifact.,1754
outputs/defense/final_thesis/mock/seed_42/mlp/adaptive_ldp/retrain_attacker/classification_report.txt,outputs/experiments/mock/seed_42/mlp/adaptive_ldp/retrain_attacker/classification_report.txt,copy,Normalize main matrix artifact.,180
outputs/defense/final_thesis/mock/seed_42/mlp/adaptive_ldp/retrain_attacker/trace.json,outputs/experiments/mock/seed_42/mlp/adaptive_ldp/retrain_attacker/trace.json,copy,Normalize main matrix artifact.,389
outputs/defense/final_thesis/mock/seed_42/mlp/adaptive_ldp/retrain_attacker/defense_report.json,outputs/experiments/mock/seed_42/mlp/adaptive_ldp/retrain_attacker/defense_report.json,copy,Normalize main matrix artifact.,1524
outputs/defense/final_thesis/mock/seed_42/mlp/adaptive_ldp/retrain_attacker/confusion.json,outputs/experiments/mock/seed_42/mlp/adaptive_ldp/retrain_attacker/metrics.json,copy,Expose defended confusion metrics under standard metrics.json.,1754
generated,outputs/experiments/mock/seed_42/mlp/adaptive_ldp/retrain_attacker/source_manifest.json,write,Write main matrix source manifest.,0
outputs/defense/final_thesis/mock/seed_42/mlp/ldp/fixed_attacker/confusion.json,outputs/experiments/mock/seed_42/mlp/ldp/fixed_attacker/confusion.json,copy,Normalize main matrix artifact.,1156
outputs/defense/final_thesis/mock/seed_42/mlp/ldp/fixed_attacker/classification_report.txt,outputs/experiments/mock/seed_42/mlp/ldp/fixed_attacker/classification_report.txt,copy,Normalize main matrix artifact.,169
outputs/defense/final_thesis/mock/seed_42/mlp/ldp/fixed_attacker/trace.json,outputs/experiments/mock/seed_42/mlp/ldp/fixed_attacker/trace.json,copy,Normalize main matrix artifact.,367
outputs/defense/final_thesis/mock/seed_42/mlp/ldp/fixed_attacker/defense_report.json,outputs/experiments/mock/seed_42/mlp/ldp/fixed_attacker/defense_report.json,copy,Normalize main matrix artifact.,1514
outputs/defense/final_thesis/mock/seed_42/mlp/ldp/fixed_attacker/confusion.json,outputs/experiments/mock/seed_42/mlp/ldp/fixed_attacker/metrics.json,copy,Expose defended confusion metrics under standard metrics.json.,1156
generated,outputs/experiments/mock/seed_42/mlp/ldp/fixed_attacker/source_manifest.json,write,Write main matrix source manifest.,0
outputs/defense/final_thesis/mock/seed_42/mlp/ldp/retrain_attacker/confusion.json,outputs/experiments/mock/seed_42/mlp/ldp/retrain_attacker/confusion.json,copy,Normalize main matrix artifact.,1768
outputs/defense/final_thesis/mock/seed_42/mlp/ldp/retrain_attacker/classification_report.txt,outputs/experiments/mock/seed_42/mlp/ldp/retrain_attacker/classification_report.txt,copy,Normalize main matrix artifact.,171
outputs/defense/final_thesis/mock/seed_42/mlp/ldp/retrain_attacker/trace.json,outputs/experiments/mock/seed_42/mlp/ldp/retrain_attacker/trace.json,copy,Normalize main matrix artifact.,371
outputs/defense/final_thesis/mock/seed_42/mlp/ldp/retrain_attacker/defense_report.json,outputs/experiments/mock/seed_42/mlp/ldp/retrain_attacker/defense_report.json,copy,Normalize main matrix artifact.,1514
outputs/defense/final_thesis/mock/seed_42/mlp/ldp/retrain_attacker/confusion.json,outputs/experiments/mock/seed_42/mlp/ldp/retrain_attacker/metrics.json,copy,Expose defended confusion metrics under standard metrics.json.,1768
generated,outputs/experiments/mock/seed_42/mlp/ldp/retrain_attacker/source_manifest.json,write,Write main matrix source manifest.,0
outputs/defense/final_thesis/mock/seed_42/mlp/noise/fixed_attacker/confusion.json,outputs/experiments/mock/seed_42/mlp/noise/fixed_attacker/confusion.json,copy,Normalize main matrix artifact.,1738
outputs/defense/final_thesis/mock/seed_42/mlp/noise/fixed_attacker/classification_report.txt,outputs/experiments/mock/seed_42/mlp/noise/fixed_attacker/classification_report.txt,copy,Normalize main matrix artifact.,171
outputs/defense/final_thesis/mock/seed_42/mlp/noise/fixed_attacker/trace.json,outputs/experiments/mock/seed_42/mlp/noise/fixed_attacker/trace.json,copy,Normalize main matrix artifact.,371
outputs/defense/final_thesis/mock/seed_42/mlp/noise/fixed_attacker/defense_report.json,outputs/experiments/mock/seed_42/mlp/noise/fixed_attacker/defense_report.json,copy,Normalize main matrix artifact.,1499
outputs/defense/final_thesis/mock/seed_42/mlp/noise/fixed_attacker/confusion.json,outputs/experiments/mock/seed_42/mlp/noise/fixed_attacker/metrics.json,copy,Expose defended confusion metrics under standard metrics.json.,1738
generated,outputs/experiments/mock/seed_42/mlp/noise/fixed_attacker/source_manifest.json,write,Write main matrix source manifest.,0
outputs/defense/final_thesis/mock/seed_42/mlp/noise/retrain_attacker/confusion.json,outputs/experiments/mock/seed_42/mlp/noise/retrain_attacker/confusion.json,copy,Normalize main matrix artifact.,1751
outputs/defense/final_thesis/mock/seed_42/mlp/noise/retrain_attacker/classification_report.txt,outputs/experiments/mock/seed_42/mlp/noise/retrain_attacker/classification_report.txt,copy,Normalize main matrix artifact.,173
outputs/defense/final_thesis/mock/seed_42/mlp/noise/retrain_attacker/trace.json,outputs/experiments/mock/seed_42/mlp/noise/retrain_attacker/trace.json,copy,Normalize main matrix artifact.,375
outputs/defense/final_thesis/mock/seed_42/mlp/noise/retrain_attacker/defense_report.json,outputs/experiments/mock/seed_42/mlp/noise/retrain_attacker/defense_report.json,copy,Normalize main matrix artifact.,1499
outputs/defense/final_thesis/mock/seed_42/mlp/noise/retrain_attacker/confusion.json,outputs/experiments/mock/seed_42/mlp/noise/retrain_attacker/metrics.json,copy,Expose defended confusion metrics under standard metrics.json.,1751
generated,outputs/experiments/mock/seed_42/mlp/noise/retrain_attacker/source_manifest.json,write,Write main matrix source manifest.,0
outputs/defense/full_multiseed/seed_123/adaptive_ldp/json_reports/lstm_baseline_confusion_test.json,outputs/experiments/mock/seed_123/lstm/baseline/baseline_confusion.json,copy,Normalize baseline confusion file.,1740
outputs/defense/full_multiseed/seed_123/adaptive_ldp/json_reports/lstm_baseline_confusion_test.json,outputs/experiments/mock/seed_123/lstm/baseline/baseline_metrics.json,copy,Use baseline confusion metrics as baseline metrics artifact.,1740
generated,outputs/experiments/mock/seed_123/lstm/baseline/baseline_classification_report.txt,write,Write derived baseline report from existing metrics.,0
generated,outputs/experiments/mock/seed_123/lstm/baseline/source_manifest.json,write,Write baseline source manifest.,0
outputs/defense/final_thesis/mock/seed_123/lstm/adaptive_ldp/fixed_attacker/confusion.json,outputs/experiments/mock/seed_123/lstm/adaptive_ldp/fixed_attacker/confusion.json,copy,Normalize main matrix artifact.,1751
outputs/defense/final_thesis/mock/seed_123/lstm/adaptive_ldp/fixed_attacker/classification_report.txt,outputs/experiments/mock/seed_123/lstm/adaptive_ldp/fixed_attacker/classification_report.txt,copy,Normalize main matrix artifact.,180
outputs/defense/final_thesis/mock/seed_123/lstm/adaptive_ldp/fixed_attacker/trace.json,outputs/experiments/mock/seed_123/lstm/adaptive_ldp/fixed_attacker/trace.json,copy,Normalize main matrix artifact.,388
outputs/defense/final_thesis/mock/seed_123/lstm/adaptive_ldp/fixed_attacker/defense_report.json,outputs/experiments/mock/seed_123/lstm/adaptive_ldp/fixed_attacker/defense_report.json,copy,Normalize main matrix artifact.,1532
outputs/defense/final_thesis/mock/seed_123/lstm/adaptive_ldp/fixed_attacker/confusion.json,outputs/experiments/mock/seed_123/lstm/adaptive_ldp/fixed_attacker/metrics.json,copy,Expose defended confusion metrics under standard metrics.json.,1751
generated,outputs/experiments/mock/seed_123/lstm/adaptive_ldp/fixed_attacker/source_manifest.json,write,Write main matrix source manifest.,0
outputs/defense/final_thesis/mock/seed_123/lstm/adaptive_ldp/retrain_attacker/confusion.json,outputs/experiments/mock/seed_123/lstm/adaptive_ldp/retrain_attacker/confusion.json,copy,Normalize main matrix artifact.,1764
outputs/defense/final_thesis/mock/seed_123/lstm/adaptive_ldp/retrain_attacker/classification_report.txt,outputs/experiments/mock/seed_123/lstm/adaptive_ldp/retrain_attacker/classification_report.txt,copy,Normalize main matrix artifact.,182
outputs/defense/final_thesis/mock/seed_123/lstm/adaptive_ldp/retrain_attacker/trace.json,outputs/experiments/mock/seed_123/lstm/adaptive_ldp/retrain_attacker/trace.json,copy,Normalize main matrix artifact.,392
outputs/defense/final_thesis/mock/seed_123/lstm/adaptive_ldp/retrain_attacker/defense_report.json,outputs/experiments/mock/seed_123/lstm/adaptive_ldp/retrain_attacker/defense_report.json,copy,Normalize main matrix artifact.,1532
outputs/defense/final_thesis/mock/seed_123/lstm/adaptive_ldp/retrain_attacker/confusion.json,outputs/experiments/mock/seed_123/lstm/adaptive_ldp/retrain_attacker/metrics.json,copy,Expose defended confusion metrics under standard metrics.json.,1764
generated,outputs/experiments/mock/seed_123/lstm/adaptive_ldp/retrain_attacker/source_manifest.json,write,Write main matrix source manifest.,0
outputs/defense/final_thesis/mock/seed_123/lstm/ldp/fixed_attacker/confusion.json,outputs/experiments/mock/seed_123/lstm/ldp/fixed_attacker/confusion.json,copy,Normalize main matrix artifact.,1754
outputs/defense/final_thesis/mock/seed_123/lstm/ldp/fixed_attacker/classification_report.txt,outputs/experiments/mock/seed_123/lstm/ldp/fixed_attacker/classification_report.txt,copy,Normalize main matrix artifact.,171
outputs/defense/final_thesis/mock/seed_123/lstm/ldp/fixed_attacker/trace.json,outputs/experiments/mock/seed_123/lstm/ldp/fixed_attacker/trace.json,copy,Normalize main matrix artifact.,370
outputs/defense/final_thesis/mock/seed_123/lstm/ldp/fixed_attacker/defense_report.json,outputs/experiments/mock/seed_123/lstm/ldp/fixed_attacker/defense_report.json,copy,Normalize main matrix artifact.,1526
outputs/defense/final_thesis/mock/seed_123/lstm/ldp/fixed_attacker/confusion.json,outputs/experiments/mock/seed_123/lstm/ldp/fixed_attacker/metrics.json,copy,Expose defended confusion metrics under standard metrics.json.,1754
generated,outputs/experiments/mock/seed_123/lstm/ldp/fixed_attacker/source_manifest.json,write,Write main matrix source manifest.,0
outputs/defense/final_thesis/mock/seed_123/lstm/ldp/retrain_attacker/confusion.json,outputs/experiments/mock/seed_123/lstm/ldp/retrain_attacker/confusion.json,copy,Normalize main matrix artifact.,1793
outputs/defense/final_thesis/mock/seed_123/lstm/ldp/retrain_attacker/classification_report.txt,outputs/experiments/mock/seed_123/lstm/ldp/retrain_attacker/classification_report.txt,copy,Normalize main matrix artifact.,173
outputs/defense/final_thesis/mock/seed_123/lstm/ldp/retrain_attacker/trace.json,outputs/experiments/mock/seed_123/lstm/ldp/retrain_attacker/trace.json,copy,Normalize main matrix artifact.,374
outputs/defense/final_thesis/mock/seed_123/lstm/ldp/retrain_attacker/defense_report.json,outputs/experiments/mock/seed_123/lstm/ldp/retrain_attacker/defense_report.json,copy,Normalize main matrix artifact.,1526
outputs/defense/final_thesis/mock/seed_123/lstm/ldp/retrain_attacker/confusion.json,outputs/experiments/mock/seed_123/lstm/ldp/retrain_attacker/metrics.json,copy,Expose defended confusion metrics under standard metrics.json.,1793
generated,outputs/experiments/mock/seed_123/lstm/ldp/retrain_attacker/source_manifest.json,write,Write main matrix source manifest.,0
outputs/defense/final_thesis/mock/seed_123/lstm/noise/fixed_attacker/confusion.json,outputs/experiments/mock/seed_123/lstm/noise/fixed_attacker/confusion.json,copy,Normalize main matrix artifact.,1769
outputs/defense/final_thesis/mock/seed_123/lstm/noise/fixed_attacker/classification_report.txt,outputs/experiments/mock/seed_123/lstm/noise/fixed_attacker/classification_report.txt,copy,Normalize main matrix artifact.,173
outputs/defense/final_thesis/mock/seed_123/lstm/noise/fixed_attacker/trace.json,outputs/experiments/mock/seed_123/lstm/noise/fixed_attacker/trace.json,copy,Normalize main matrix artifact.,374
outputs/defense/final_thesis/mock/seed_123/lstm/noise/fixed_attacker/defense_report.json,outputs/experiments/mock/seed_123/lstm/noise/fixed_attacker/defense_report.json,copy,Normalize main matrix artifact.,1529
outputs/defense/final_thesis/mock/seed_123/lstm/noise/fixed_attacker/confusion.json,outputs/experiments/mock/seed_123/lstm/noise/fixed_attacker/metrics.json,copy,Expose defended confusion metrics under standard metrics.json.,1769
generated,outputs/experiments/mock/seed_123/lstm/noise/fixed_attacker/source_manifest.json,write,Write main matrix source manifest.,0
outputs/defense/final_thesis/mock/seed_123/lstm/noise/retrain_attacker/confusion.json,outputs/experiments/mock/seed_123/lstm/noise/retrain_attacker/confusion.json,copy,Normalize main matrix artifact.,1781
outputs/defense/final_thesis/mock/seed_123/lstm/noise/retrain_attacker/classification_report.txt,outputs/experiments/mock/seed_123/lstm/noise/retrain_attacker/classification_report.txt,copy,Normalize main matrix artifact.,175
outputs/defense/final_thesis/mock/seed_123/lstm/noise/retrain_attacker/trace.json,outputs/experiments/mock/seed_123/lstm/noise/retrain_attacker/trace.json,copy,Normalize main matrix artifact.,378
outputs/defense/final_thesis/mock/seed_123/lstm/noise/retrain_attacker/defense_report.json,outputs/experiments/mock/seed_123/lstm/noise/retrain_attacker/defense_report.json,copy,Normalize main matrix artifact.,1529
outputs/defense/final_thesis/mock/seed_123/lstm/noise/retrain_attacker/confusion.json,outputs/experiments/mock/seed_123/lstm/noise/retrain_attacker/metrics.json,copy,Expose defended confusion metrics under standard metrics.json.,1781
generated,outputs/experiments/mock/seed_123/lstm/noise/retrain_attacker/source_manifest.json,write,Write main matrix source manifest.,0
outputs/defense/full_multiseed/seed_123/adaptive_ldp/json_reports/mlp_baseline_confusion_test.json,outputs/experiments/mock/seed_123/mlp/baseline/baseline_confusion.json,copy,Normalize baseline confusion file.,1753
outputs/defense/full_multiseed/seed_123/adaptive_ldp/json_reports/mlp_baseline_confusion_test.json,outputs/experiments/mock/seed_123/mlp/baseline/baseline_metrics.json,copy,Use baseline confusion metrics as baseline metrics artifact.,1753
generated,outputs/experiments/mock/seed_123/mlp/baseline/baseline_classification_report.txt,write,Write derived baseline report from existing metrics.,0
generated,outputs/experiments/mock/seed_123/mlp/baseline/source_manifest.json,write,Write baseline source manifest.,0
outputs/defense/final_thesis/mock/seed_123/mlp/adaptive_ldp/fixed_attacker/confusion.json,outputs/experiments/mock/seed_123/mlp/adaptive_ldp/fixed_attacker/confusion.json,copy,Normalize main matrix artifact.,1150
outputs/defense/final_thesis/mock/seed_123/mlp/adaptive_ldp/fixed_attacker/classification_report.txt,outputs/experiments/mock/seed_123/mlp/adaptive_ldp/fixed_attacker/classification_report.txt,copy,Normalize main matrix artifact.,179
outputs/defense/final_thesis/mock/seed_123/mlp/adaptive_ldp/fixed_attacker/trace.json,outputs/experiments/mock/seed_123/mlp/adaptive_ldp/fixed_attacker/trace.json,copy,Normalize main matrix artifact.,387
outputs/defense/final_thesis/mock/seed_123/mlp/adaptive_ldp/fixed_attacker/defense_report.json,outputs/experiments/mock/seed_123/mlp/adaptive_ldp/fixed_attacker/defense_report.json,copy,Normalize main matrix artifact.,1532
outputs/defense/final_thesis/mock/seed_123/mlp/adaptive_ldp/fixed_attacker/confusion.json,outputs/experiments/mock/seed_123/mlp/adaptive_ldp/fixed_attacker/metrics.json,copy,Expose defended confusion metrics under standard metrics.json.,1150
generated,outputs/experiments/mock/seed_123/mlp/adaptive_ldp/fixed_attacker/source_manifest.json,write,Write main matrix source manifest.,0
outputs/defense/final_thesis/mock/seed_123/mlp/adaptive_ldp/retrain_attacker/confusion.json,outputs/experiments/mock/seed_123/mlp/adaptive_ldp/retrain_attacker/confusion.json,copy,Normalize main matrix artifact.,1760
outputs/defense/final_thesis/mock/seed_123/mlp/adaptive_ldp/retrain_attacker/classification_report.txt,outputs/experiments/mock/seed_123/mlp/adaptive_ldp/retrain_attacker/classification_report.txt,copy,Normalize main matrix artifact.,181
outputs/defense/final_thesis/mock/seed_123/mlp/adaptive_ldp/retrain_attacker/trace.json,outputs/experiments/mock/seed_123/mlp/adaptive_ldp/retrain_attacker/trace.json,copy,Normalize main matrix artifact.,391
outputs/defense/final_thesis/mock/seed_123/mlp/adaptive_ldp/retrain_attacker/defense_report.json,outputs/experiments/mock/seed_123/mlp/adaptive_ldp/retrain_attacker/defense_report.json,copy,Normalize main matrix artifact.,1532
outputs/defense/final_thesis/mock/seed_123/mlp/adaptive_ldp/retrain_attacker/confusion.json,outputs/experiments/mock/seed_123/mlp/adaptive_ldp/retrain_attacker/metrics.json,copy,Expose defended confusion metrics under standard metrics.json.,1760
generated,outputs/experiments/mock/seed_123/mlp/adaptive_ldp/retrain_attacker/source_manifest.json,write,Write main matrix source manifest.,0
outputs/defense/final_thesis/mock/seed_123/mlp/ldp/fixed_attacker/confusion.json,outputs/experiments/mock/seed_123/mlp/ldp/fixed_attacker/confusion.json,copy,Normalize main matrix artifact.,1150
outputs/defense/final_thesis/mock/seed_123/mlp/ldp/fixed_attacker/classification_report.txt,outputs/experiments/mock/seed_123/mlp/ldp/fixed_attacker/classification_report.txt,copy,Normalize main matrix artifact.,170
outputs/defense/final_thesis/mock/seed_123/mlp/ldp/fixed_attacker/trace.json,outputs/experiments/mock/seed_123/mlp/ldp/fixed_attacker/trace.json,copy,Normalize main matrix artifact.,369
outputs/defense/final_thesis/mock/seed_123/mlp/ldp/fixed_attacker/defense_report.json,outputs/experiments/mock/seed_123/mlp/ldp/fixed_attacker/defense_report.json,copy,Normalize main matrix artifact.,1526
outputs/defense/final_thesis/mock/seed_123/mlp/ldp/fixed_attacker/confusion.json,outputs/experiments/mock/seed_123/mlp/ldp/fixed_attacker/metrics.json,copy,Expose defended confusion metrics under standard metrics.json.,1150
generated,outputs/experiments/mock/seed_123/mlp/ldp/fixed_attacker/source_manifest.json,write,Write main matrix source manifest.,0
outputs/defense/final_thesis/mock/seed_123/mlp/ldp/retrain_attacker/confusion.json,outputs/experiments/mock/seed_123/mlp/ldp/retrain_attacker/confusion.json,copy,Normalize main matrix artifact.,1787
outputs/defense/final_thesis/mock/seed_123/mlp/ldp/retrain_attacker/classification_report.txt,outputs/experiments/mock/seed_123/mlp/ldp/retrain_attacker/classification_report.txt,copy,Normalize main matrix artifact.,172
outputs/defense/final_thesis/mock/seed_123/mlp/ldp/retrain_attacker/trace.json,outputs/experiments/mock/seed_123/mlp/ldp/retrain_attacker/trace.json,copy,Normalize main matrix artifact.,373
outputs/defense/final_thesis/mock/seed_123/mlp/ldp/retrain_attacker/defense_report.json,outputs/experiments/mock/seed_123/mlp/ldp/retrain_attacker/defense_report.json,copy,Normalize main matrix artifact.,1526
outputs/defense/final_thesis/mock/seed_123/mlp/ldp/retrain_attacker/confusion.json,outputs/experiments/mock/seed_123/mlp/ldp/retrain_attacker/metrics.json,copy,Expose defended confusion metrics under standard metrics.json.,1787
generated,outputs/experiments/mock/seed_123/mlp/ldp/retrain_attacker/source_manifest.json,write,Write main matrix source manifest.,0
outputs/defense/final_thesis/mock/seed_123/mlp/noise/fixed_attacker/confusion.json,outputs/experiments/mock/seed_123/mlp/noise/fixed_attacker/confusion.json,copy,Normalize main matrix artifact.,1745
outputs/defense/final_thesis/mock/seed_123/mlp/noise/fixed_attacker/classification_report.txt,outputs/experiments/mock/seed_123/mlp/noise/fixed_attacker/classification_report.txt,copy,Normalize main matrix artifact.,172
outputs/defense/final_thesis/mock/seed_123/mlp/noise/fixed_attacker/trace.json,outputs/experiments/mock/seed_123/mlp/noise/fixed_attacker/trace.json,copy,Normalize main matrix artifact.,373
outputs/defense/final_thesis/mock/seed_123/mlp/noise/fixed_attacker/defense_report.json,outputs/experiments/mock/seed_123/mlp/noise/fixed_attacker/defense_report.json,copy,Normalize main matrix artifact.,1529
outputs/defense/final_thesis/mock/seed_123/mlp/noise/fixed_attacker/confusion.json,outputs/experiments/mock/seed_123/mlp/noise/fixed_attacker/metrics.json,copy,Expose defended confusion metrics under standard metrics.json.,1745
generated,outputs/experiments/mock/seed_123/mlp/noise/fixed_attacker/source_manifest.json,write,Write main matrix source manifest.,0
outputs/defense/final_thesis/mock/seed_123/mlp/noise/retrain_attacker/confusion.json,outputs/experiments/mock/seed_123/mlp/noise/retrain_attacker/confusion.json,copy,Normalize main matrix artifact.,1789
outputs/defense/final_thesis/mock/seed_123/mlp/noise/retrain_attacker/classification_report.txt,outputs/experiments/mock/seed_123/mlp/noise/retrain_attacker/classification_report.txt,copy,Normalize main matrix artifact.,174
outputs/defense/final_thesis/mock/seed_123/mlp/noise/retrain_attacker/trace.json,outputs/experiments/mock/seed_123/mlp/noise/retrain_attacker/trace.json,copy,Normalize main matrix artifact.,377
outputs/defense/final_thesis/mock/seed_123/mlp/noise/retrain_attacker/defense_report.json,outputs/experiments/mock/seed_123/mlp/noise/retrain_attacker/defense_report.json,copy,Normalize main matrix artifact.,1529
outputs/defense/final_thesis/mock/seed_123/mlp/noise/retrain_attacker/confusion.json,outputs/experiments/mock/seed_123/mlp/noise/retrain_attacker/metrics.json,copy,Expose defended confusion metrics under standard metrics.json.,1789
generated,outputs/experiments/mock/seed_123/mlp/noise/retrain_attacker/source_manifest.json,write,Write main matrix source manifest.,0
outputs/defense/full_multiseed/seed_2026/adaptive_ldp/json_reports/lstm_baseline_confusion_test.json,outputs/experiments/mock/seed_2026/lstm/baseline/baseline_confusion.json,copy,Normalize baseline confusion file.,1725
outputs/defense/full_multiseed/seed_2026/adaptive_ldp/json_reports/lstm_baseline_confusion_test.json,outputs/experiments/mock/seed_2026/lstm/baseline/baseline_metrics.json,copy,Use baseline confusion metrics as baseline metrics artifact.,1725
generated,outputs/experiments/mock/seed_2026/lstm/baseline/baseline_classification_report.txt,write,Write derived baseline report from existing metrics.,0
generated,outputs/experiments/mock/seed_2026/lstm/baseline/source_manifest.json,write,Write baseline source manifest.,0
outputs/defense/final_thesis/mock/seed_2026/lstm/adaptive_ldp/fixed_attacker/confusion.json,outputs/experiments/mock/seed_2026/lstm/adaptive_ldp/fixed_attacker/confusion.json,copy,Normalize main matrix artifact.,1755
outputs/defense/final_thesis/mock/seed_2026/lstm/adaptive_ldp/fixed_attacker/classification_report.txt,outputs/experiments/mock/seed_2026/lstm/adaptive_ldp/fixed_attacker/classification_report.txt,copy,Normalize main matrix artifact.,181
outputs/defense/final_thesis/mock/seed_2026/lstm/adaptive_ldp/fixed_attacker/trace.json,outputs/experiments/mock/seed_2026/lstm/adaptive_ldp/fixed_attacker/trace.json,copy,Normalize main matrix artifact.,390
outputs/defense/final_thesis/mock/seed_2026/lstm/adaptive_ldp/fixed_attacker/defense_report.json,outputs/experiments/mock/seed_2026/lstm/adaptive_ldp/fixed_attacker/defense_report.json,copy,Normalize main matrix artifact.,1534
outputs/defense/final_thesis/mock/seed_2026/lstm/adaptive_ldp/fixed_attacker/confusion.json,outputs/experiments/mock/seed_2026/lstm/adaptive_ldp/fixed_attacker/metrics.json,copy,Expose defended confusion metrics under standard metrics.json.,1755
generated,outputs/experiments/mock/seed_2026/lstm/adaptive_ldp/fixed_attacker/source_manifest.json,write,Write main matrix source manifest.,0
outputs/defense/final_thesis/mock/seed_2026/lstm/adaptive_ldp/retrain_attacker/confusion.json,outputs/experiments/mock/seed_2026/lstm/adaptive_ldp/retrain_attacker/confusion.json,copy,Normalize main matrix artifact.,1763
outputs/defense/final_thesis/mock/seed_2026/lstm/adaptive_ldp/retrain_attacker/classification_report.txt,outputs/experiments/mock/seed_2026/lstm/adaptive_ldp/retrain_attacker/classification_report.txt,copy,Normalize main matrix artifact.,183
outputs/defense/final_thesis/mock/seed_2026/lstm/adaptive_ldp/retrain_attacker/trace.json,outputs/experiments/mock/seed_2026/lstm/adaptive_ldp/retrain_attacker/trace.json,copy,Normalize main matrix artifact.,394
outputs/defense/final_thesis/mock/seed_2026/lstm/adaptive_ldp/retrain_attacker/defense_report.json,outputs/experiments/mock/seed_2026/lstm/adaptive_ldp/retrain_attacker/defense_report.json,copy,Normalize main matrix artifact.,1534
outputs/defense/final_thesis/mock/seed_2026/lstm/adaptive_ldp/retrain_attacker/confusion.json,outputs/experiments/mock/seed_2026/lstm/adaptive_ldp/retrain_attacker/metrics.json,copy,Expose defended confusion metrics under standard metrics.json.,1763
generated,outputs/experiments/mock/seed_2026/lstm/adaptive_ldp/retrain_attacker/source_manifest.json,write,Write main matrix source manifest.,0
outputs/defense/final_thesis/mock/seed_2026/lstm/ldp/fixed_attacker/confusion.json,outputs/experiments/mock/seed_2026/lstm/ldp/fixed_attacker/confusion.json,copy,Normalize main matrix artifact.,1755
outputs/defense/final_thesis/mock/seed_2026/lstm/ldp/fixed_attacker/classification_report.txt,outputs/experiments/mock/seed_2026/lstm/ldp/fixed_attacker/classification_report.txt,copy,Normalize main matrix artifact.,172
outputs/defense/final_thesis/mock/seed_2026/lstm/ldp/fixed_attacker/trace.json,outputs/experiments/mock/seed_2026/lstm/ldp/fixed_attacker/trace.json,copy,Normalize main matrix artifact.,372
outputs/defense/final_thesis/mock/seed_2026/lstm/ldp/fixed_attacker/defense_report.json,outputs/experiments/mock/seed_2026/lstm/ldp/fixed_attacker/defense_report.json,copy,Normalize main matrix artifact.,1511
outputs/defense/final_thesis/mock/seed_2026/lstm/ldp/fixed_attacker/confusion.json,outputs/experiments/mock/seed_2026/lstm/ldp/fixed_attacker/metrics.json,copy,Expose defended confusion metrics under standard metrics.json.,1755
generated,outputs/experiments/mock/seed_2026/lstm/ldp/fixed_attacker/source_manifest.json,write,Write main matrix source manifest.,0
outputs/defense/final_thesis/mock/seed_2026/lstm/ldp/retrain_attacker/confusion.json,outputs/experiments/mock/seed_2026/lstm/ldp/retrain_attacker/confusion.json,copy,Normalize main matrix artifact.,1789
outputs/defense/final_thesis/mock/seed_2026/lstm/ldp/retrain_attacker/classification_report.txt,outputs/experiments/mock/seed_2026/lstm/ldp/retrain_attacker/classification_report.txt,copy,Normalize main matrix artifact.,174
outputs/defense/final_thesis/mock/seed_2026/lstm/ldp/retrain_attacker/trace.json,outputs/experiments/mock/seed_2026/lstm/ldp/retrain_attacker/trace.json,copy,Normalize main matrix artifact.,376
outputs/defense/final_thesis/mock/seed_2026/lstm/ldp/retrain_attacker/defense_report.json,outputs/experiments/mock/seed_2026/lstm/ldp/retrain_attacker/defense_report.json,copy,Normalize main matrix artifact.,1511
outputs/defense/final_thesis/mock/seed_2026/lstm/ldp/retrain_attacker/confusion.json,outputs/experiments/mock/seed_2026/lstm/ldp/retrain_attacker/metrics.json,copy,Expose defended confusion metrics under standard metrics.json.,1789
generated,outputs/experiments/mock/seed_2026/lstm/ldp/retrain_attacker/source_manifest.json,write,Write main matrix source manifest.,0
outputs/defense/final_thesis/mock/seed_2026/lstm/noise/fixed_attacker/confusion.json,outputs/experiments/mock/seed_2026/lstm/noise/fixed_attacker/confusion.json,copy,Normalize main matrix artifact.,1767
outputs/defense/final_thesis/mock/seed_2026/lstm/noise/fixed_attacker/classification_report.txt,outputs/experiments/mock/seed_2026/lstm/noise/fixed_attacker/classification_report.txt,copy,Normalize main matrix artifact.,174
outputs/defense/final_thesis/mock/seed_2026/lstm/noise/fixed_attacker/trace.json,outputs/experiments/mock/seed_2026/lstm/noise/fixed_attacker/trace.json,copy,Normalize main matrix artifact.,376
outputs/defense/final_thesis/mock/seed_2026/lstm/noise/fixed_attacker/defense_report.json,outputs/experiments/mock/seed_2026/lstm/noise/fixed_attacker/defense_report.json,copy,Normalize main matrix artifact.,1526
outputs/defense/final_thesis/mock/seed_2026/lstm/noise/fixed_attacker/confusion.json,outputs/experiments/mock/seed_2026/lstm/noise/fixed_attacker/metrics.json,copy,Expose defended confusion metrics under standard metrics.json.,1767
generated,outputs/experiments/mock/seed_2026/lstm/noise/fixed_attacker/source_manifest.json,write,Write main matrix source manifest.,0
outputs/defense/final_thesis/mock/seed_2026/lstm/noise/retrain_attacker/confusion.json,outputs/experiments/mock/seed_2026/lstm/noise/retrain_attacker/confusion.json,copy,Normalize main matrix artifact.,1757
outputs/defense/final_thesis/mock/seed_2026/lstm/noise/retrain_attacker/classification_report.txt,outputs/experiments/mock/seed_2026/lstm/noise/retrain_attacker/classification_report.txt,copy,Normalize main matrix artifact.,176
outputs/defense/final_thesis/mock/seed_2026/lstm/noise/retrain_attacker/trace.json,outputs/experiments/mock/seed_2026/lstm/noise/retrain_attacker/trace.json,copy,Normalize main matrix artifact.,380
outputs/defense/final_thesis/mock/seed_2026/lstm/noise/retrain_attacker/defense_report.json,outputs/experiments/mock/seed_2026/lstm/noise/retrain_attacker/defense_report.json,copy,Normalize main matrix artifact.,1526
outputs/defense/final_thesis/mock/seed_2026/lstm/noise/retrain_attacker/confusion.json,outputs/experiments/mock/seed_2026/lstm/noise/retrain_attacker/metrics.json,copy,Expose defended confusion metrics under standard metrics.json.,1757
generated,outputs/experiments/mock/seed_2026/lstm/noise/retrain_attacker/source_manifest.json,write,Write main matrix source manifest.,0
outputs/defense/full_multiseed/seed_2026/adaptive_ldp/json_reports/mlp_baseline_confusion_test.json,outputs/experiments/mock/seed_2026/mlp/baseline/baseline_confusion.json,copy,Normalize baseline confusion file.,1748
outputs/defense/full_multiseed/seed_2026/adaptive_ldp/json_reports/mlp_baseline_confusion_test.json,outputs/experiments/mock/seed_2026/mlp/baseline/baseline_metrics.json,copy,Use baseline confusion metrics as baseline metrics artifact.,1748
generated,outputs/experiments/mock/seed_2026/mlp/baseline/baseline_classification_report.txt,write,Write derived baseline report from existing metrics.,0
generated,outputs/experiments/mock/seed_2026/mlp/baseline/source_manifest.json,write,Write baseline source manifest.,0
outputs/defense/final_thesis/mock/seed_2026/mlp/adaptive_ldp/fixed_attacker/confusion.json,outputs/experiments/mock/seed_2026/mlp/adaptive_ldp/fixed_attacker/confusion.json,copy,Normalize main matrix artifact.,1153
outputs/defense/final_thesis/mock/seed_2026/mlp/adaptive_ldp/fixed_attacker/classification_report.txt,outputs/experiments/mock/seed_2026/mlp/adaptive_ldp/fixed_attacker/classification_report.txt,copy,Normalize main matrix artifact.,180
outputs/defense/final_thesis/mock/seed_2026/mlp/adaptive_ldp/fixed_attacker/trace.json,outputs/experiments/mock/seed_2026/mlp/adaptive_ldp/fixed_attacker/trace.json,copy,Normalize main matrix artifact.,389
outputs/defense/final_thesis/mock/seed_2026/mlp/adaptive_ldp/fixed_attacker/defense_report.json,outputs/experiments/mock/seed_2026/mlp/adaptive_ldp/fixed_attacker/defense_report.json,copy,Normalize main matrix artifact.,1534
outputs/defense/final_thesis/mock/seed_2026/mlp/adaptive_ldp/fixed_attacker/confusion.json,outputs/experiments/mock/seed_2026/mlp/adaptive_ldp/fixed_attacker/metrics.json,copy,Expose defended confusion metrics under standard metrics.json.,1153
generated,outputs/experiments/mock/seed_2026/mlp/adaptive_ldp/fixed_attacker/source_manifest.json,write,Write main matrix source manifest.,0
outputs/defense/final_thesis/mock/seed_2026/mlp/adaptive_ldp/retrain_attacker/confusion.json,outputs/experiments/mock/seed_2026/mlp/adaptive_ldp/retrain_attacker/confusion.json,copy,Normalize main matrix artifact.,1732
outputs/defense/final_thesis/mock/seed_2026/mlp/adaptive_ldp/retrain_attacker/classification_report.txt,outputs/experiments/mock/seed_2026/mlp/adaptive_ldp/retrain_attacker/classification_report.txt,copy,Normalize main matrix artifact.,182
outputs/defense/final_thesis/mock/seed_2026/mlp/adaptive_ldp/retrain_attacker/trace.json,outputs/experiments/mock/seed_2026/mlp/adaptive_ldp/retrain_attacker/trace.json,copy,Normalize main matrix artifact.,393
outputs/defense/final_thesis/mock/seed_2026/mlp/adaptive_ldp/retrain_attacker/defense_report.json,outputs/experiments/mock/seed_2026/mlp/adaptive_ldp/retrain_attacker/defense_report.json,copy,Normalize main matrix artifact.,1534
outputs/defense/final_thesis/mock/seed_2026/mlp/adaptive_ldp/retrain_attacker/confusion.json,outputs/experiments/mock/seed_2026/mlp/adaptive_ldp/retrain_attacker/metrics.json,copy,Expose defended confusion metrics under standard metrics.json.,1732
generated,outputs/experiments/mock/seed_2026/mlp/adaptive_ldp/retrain_attacker/source_manifest.json,write,Write main matrix source manifest.,0
outputs/defense/final_thesis/mock/seed_2026/mlp/ldp/fixed_attacker/confusion.json,outputs/experiments/mock/seed_2026/mlp/ldp/fixed_attacker/confusion.json,copy,Normalize main matrix artifact.,1153
outputs/defense/final_thesis/mock/seed_2026/mlp/ldp/fixed_attacker/classification_report.txt,outputs/experiments/mock/seed_2026/mlp/ldp/fixed_attacker/classification_report.txt,copy,Normalize main matrix artifact.,171
outputs/defense/final_thesis/mock/seed_2026/mlp/ldp/fixed_attacker/trace.json,outputs/experiments/mock/seed_2026/mlp/ldp/fixed_attacker/trace.json,copy,Normalize main matrix artifact.,371
outputs/defense/final_thesis/mock/seed_2026/mlp/ldp/fixed_attacker/defense_report.json,outputs/experiments/mock/seed_2026/mlp/ldp/fixed_attacker/defense_report.json,copy,Normalize main matrix artifact.,1511
outputs/defense/final_thesis/mock/seed_2026/mlp/ldp/fixed_attacker/confusion.json,outputs/experiments/mock/seed_2026/mlp/ldp/fixed_attacker/metrics.json,copy,Expose defended confusion metrics under standard metrics.json.,1153
generated,outputs/experiments/mock/seed_2026/mlp/ldp/fixed_attacker/source_manifest.json,write,Write main matrix source manifest.,0
outputs/defense/final_thesis/mock/seed_2026/mlp/ldp/retrain_attacker/confusion.json,outputs/experiments/mock/seed_2026/mlp/ldp/retrain_attacker/confusion.json,copy,Normalize main matrix artifact.,1773
outputs/defense/final_thesis/mock/seed_2026/mlp/ldp/retrain_attacker/classification_report.txt,outputs/experiments/mock/seed_2026/mlp/ldp/retrain_attacker/classification_report.txt,copy,Normalize main matrix artifact.,173
outputs/defense/final_thesis/mock/seed_2026/mlp/ldp/retrain_attacker/trace.json,outputs/experiments/mock/seed_2026/mlp/ldp/retrain_attacker/trace.json,copy,Normalize main matrix artifact.,375
outputs/defense/final_thesis/mock/seed_2026/mlp/ldp/retrain_attacker/defense_report.json,outputs/experiments/mock/seed_2026/mlp/ldp/retrain_attacker/defense_report.json,copy,Normalize main matrix artifact.,1511
outputs/defense/final_thesis/mock/seed_2026/mlp/ldp/retrain_attacker/confusion.json,outputs/experiments/mock/seed_2026/mlp/ldp/retrain_attacker/metrics.json,copy,Expose defended confusion metrics under standard metrics.json.,1773
generated,outputs/experiments/mock/seed_2026/mlp/ldp/retrain_attacker/source_manifest.json,write,Write main matrix source manifest.,0
outputs/defense/final_thesis/mock/seed_2026/mlp/noise/fixed_attacker/confusion.json,outputs/experiments/mock/seed_2026/mlp/noise/fixed_attacker/confusion.json,copy,Normalize main matrix artifact.,1643
outputs/defense/final_thesis/mock/seed_2026/mlp/noise/fixed_attacker/classification_report.txt,outputs/experiments/mock/seed_2026/mlp/noise/fixed_attacker/classification_report.txt,copy,Normalize main matrix artifact.,173
outputs/defense/final_thesis/mock/seed_2026/mlp/noise/fixed_attacker/trace.json,outputs/experiments/mock/seed_2026/mlp/noise/fixed_attacker/trace.json,copy,Normalize main matrix artifact.,375
outputs/defense/final_thesis/mock/seed_2026/mlp/noise/fixed_attacker/defense_report.json,outputs/experiments/mock/seed_2026/mlp/noise/fixed_attacker/defense_report.json,copy,Normalize main matrix artifact.,1526
outputs/defense/final_thesis/mock/seed_2026/mlp/noise/fixed_attacker/confusion.json,outputs/experiments/mock/seed_2026/mlp/noise/fixed_attacker/metrics.json,copy,Expose defended confusion metrics under standard metrics.json.,1643
generated,outputs/experiments/mock/seed_2026/mlp/noise/fixed_attacker/source_manifest.json,write,Write main matrix source manifest.,0
outputs/defense/final_thesis/mock/seed_2026/mlp/noise/retrain_attacker/confusion.json,outputs/experiments/mock/seed_2026/mlp/noise/retrain_attacker/confusion.json,copy,Normalize main matrix artifact.,1791
outputs/defense/final_thesis/mock/seed_2026/mlp/noise/retrain_attacker/classification_report.txt,outputs/experiments/mock/seed_2026/mlp/noise/retrain_attacker/classification_report.txt,copy,Normalize main matrix artifact.,175
outputs/defense/final_thesis/mock/seed_2026/mlp/noise/retrain_attacker/trace.json,outputs/experiments/mock/seed_2026/mlp/noise/retrain_attacker/trace.json,copy,Normalize main matrix artifact.,379
outputs/defense/final_thesis/mock/seed_2026/mlp/noise/retrain_attacker/defense_report.json,outputs/experiments/mock/seed_2026/mlp/noise/retrain_attacker/defense_report.json,copy,Normalize main matrix artifact.,1526
outputs/defense/final_thesis/mock/seed_2026/mlp/noise/retrain_attacker/confusion.json,outputs/experiments/mock/seed_2026/mlp/noise/retrain_attacker/metrics.json,copy,Expose defended confusion metrics under standard metrics.json.,1791
generated,outputs/experiments/mock/seed_2026/mlp/noise/retrain_attacker/source_manifest.json,write,Write main matrix source manifest.,0
outputs/defense/real_public_benchmark/uci_har/seed_42/adaptive_ldp/json_reports/lstm_baseline_confusion_test.json,outputs/experiments/uci_har/seed_42/lstm/baseline/baseline_confusion.json,copy,Normalize baseline confusion file.,2072
outputs/defense/real_public_benchmark/uci_har/seed_42/adaptive_ldp/json_reports/lstm_baseline_confusion_test.json,outputs/experiments/uci_har/seed_42/lstm/baseline/baseline_metrics.json,copy,Use baseline confusion metrics as baseline metrics artifact.,2072
generated,outputs/experiments/uci_har/seed_42/lstm/baseline/baseline_classification_report.txt,write,Write derived baseline report from existing metrics.,0
generated,outputs/experiments/uci_har/seed_42/lstm/baseline/source_manifest.json,write,Write baseline source manifest.,0
outputs/defense/final_thesis/real/uci_har/seed_42/lstm/adaptive_ldp/fixed_attacker/confusion.json,outputs/experiments/uci_har/seed_42/lstm/adaptive_ldp/fixed_attacker/confusion.json,copy,Normalize main matrix artifact.,2012
outputs/defense/final_thesis/real/uci_har/seed_42/lstm/adaptive_ldp/fixed_attacker/classification_report.txt,outputs/experiments/uci_har/seed_42/lstm/adaptive_ldp/fixed_attacker/classification_report.txt,copy,Normalize main matrix artifact.,182
outputs/defense/final_thesis/real/uci_har/seed_42/lstm/adaptive_ldp/fixed_attacker/trace.json,outputs/experiments/uci_har/seed_42/lstm/adaptive_ldp/fixed_attacker/trace.json,copy,Normalize main matrix artifact.,389
outputs/defense/final_thesis/real/uci_har/seed_42/lstm/adaptive_ldp/fixed_attacker/defense_report.json,outputs/experiments/uci_har/seed_42/lstm/adaptive_ldp/fixed_attacker/defense_report.json,copy,Normalize main matrix artifact.,2109
outputs/defense/final_thesis/real/uci_har/seed_42/lstm/adaptive_ldp/fixed_attacker/confusion.json,outputs/experiments/uci_har/seed_42/lstm/adaptive_ldp/fixed_attacker/metrics.json,copy,Expose defended confusion metrics under standard metrics.json.,2012
generated,outputs/experiments/uci_har/seed_42/lstm/adaptive_ldp/fixed_attacker/source_manifest.json,write,Write main matrix source manifest.,0
outputs/defense/final_thesis/real/uci_har/seed_42/lstm/adaptive_ldp/retrain_attacker/confusion.json,outputs/experiments/uci_har/seed_42/lstm/adaptive_ldp/retrain_attacker/confusion.json,copy,Normalize main matrix artifact.,2054
outputs/defense/final_thesis/real/uci_har/seed_42/lstm/adaptive_ldp/retrain_attacker/classification_report.txt,outputs/experiments/uci_har/seed_42/lstm/adaptive_ldp/retrain_attacker/classification_report.txt,copy,Normalize main matrix artifact.,184
outputs/defense/final_thesis/real/uci_har/seed_42/lstm/adaptive_ldp/retrain_attacker/trace.json,outputs/experiments/uci_har/seed_42/lstm/adaptive_ldp/retrain_attacker/trace.json,copy,Normalize main matrix artifact.,393
outputs/defense/final_thesis/real/uci_har/seed_42/lstm/adaptive_ldp/retrain_attacker/defense_report.json,outputs/experiments/uci_har/seed_42/lstm/adaptive_ldp/retrain_attacker/defense_report.json,copy,Normalize main matrix artifact.,2109
outputs/defense/final_thesis/real/uci_har/seed_42/lstm/adaptive_ldp/retrain_attacker/confusion.json,outputs/experiments/uci_har/seed_42/lstm/adaptive_ldp/retrain_attacker/metrics.json,copy,Expose defended confusion metrics under standard metrics.json.,2054
generated,outputs/experiments/uci_har/seed_42/lstm/adaptive_ldp/retrain_attacker/source_manifest.json,write,Write main matrix source manifest.,0
outputs/defense/final_thesis/real/uci_har/seed_42/lstm/ldp/fixed_attacker/confusion.json,outputs/experiments/uci_har/seed_42/lstm/ldp/fixed_attacker/confusion.json,copy,Normalize main matrix artifact.,1859
outputs/defense/final_thesis/real/uci_har/seed_42/lstm/ldp/fixed_attacker/classification_report.txt,outputs/experiments/uci_har/seed_42/lstm/ldp/fixed_attacker/classification_report.txt,copy,Normalize main matrix artifact.,173
outputs/defense/final_thesis/real/uci_har/seed_42/lstm/ldp/fixed_attacker/trace.json,outputs/experiments/uci_har/seed_42/lstm/ldp/fixed_attacker/trace.json,copy,Normalize main matrix artifact.,371
outputs/defense/final_thesis/real/uci_har/seed_42/lstm/ldp/fixed_attacker/defense_report.json,outputs/experiments/uci_har/seed_42/lstm/ldp/fixed_attacker/defense_report.json,copy,Normalize main matrix artifact.,2100
outputs/defense/final_thesis/real/uci_har/seed_42/lstm/ldp/fixed_attacker/confusion.json,outputs/experiments/uci_har/seed_42/lstm/ldp/fixed_attacker/metrics.json,copy,Expose defended confusion metrics under standard metrics.json.,1859
generated,outputs/experiments/uci_har/seed_42/lstm/ldp/fixed_attacker/source_manifest.json,write,Write main matrix source manifest.,0
outputs/defense/final_thesis/real/uci_har/seed_42/lstm/ldp/retrain_attacker/confusion.json,outputs/experiments/uci_har/seed_42/lstm/ldp/retrain_attacker/confusion.json,copy,Normalize main matrix artifact.,2044
outputs/defense/final_thesis/real/uci_har/seed_42/lstm/ldp/retrain_attacker/classification_report.txt,outputs/experiments/uci_har/seed_42/lstm/ldp/retrain_attacker/classification_report.txt,copy,Normalize main matrix artifact.,175
outputs/defense/final_thesis/real/uci_har/seed_42/lstm/ldp/retrain_attacker/trace.json,outputs/experiments/uci_har/seed_42/lstm/ldp/retrain_attacker/trace.json,copy,Normalize main matrix artifact.,375
outputs/defense/final_thesis/real/uci_har/seed_42/lstm/ldp/retrain_attacker/defense_report.json,outputs/experiments/uci_har/seed_42/lstm/ldp/retrain_attacker/defense_report.json,copy,Normalize main matrix artifact.,2100
outputs/defense/final_thesis/real/uci_har/seed_42/lstm/ldp/retrain_attacker/confusion.json,outputs/experiments/uci_har/seed_42/lstm/ldp/retrain_attacker/metrics.json,copy,Expose defended confusion metrics under standard metrics.json.,2044
generated,outputs/experiments/uci_har/seed_42/lstm/ldp/retrain_attacker/source_manifest.json,write,Write main matrix source manifest.,0
outputs/defense/final_thesis/real/uci_har/seed_42/lstm/noise/fixed_attacker/confusion.json,outputs/experiments/uci_har/seed_42/lstm/noise/fixed_attacker/confusion.json,copy,Normalize main matrix artifact.,2097
outputs/defense/final_thesis/real/uci_har/seed_42/lstm/noise/fixed_attacker/classification_report.txt,outputs/experiments/uci_har/seed_42/lstm/noise/fixed_attacker/classification_report.txt,copy,Normalize main matrix artifact.,175
outputs/defense/final_thesis/real/uci_har/seed_42/lstm/noise/fixed_attacker/trace.json,outputs/experiments/uci_har/seed_42/lstm/noise/fixed_attacker/trace.json,copy,Normalize main matrix artifact.,375
outputs/defense/final_thesis/real/uci_har/seed_42/lstm/noise/fixed_attacker/defense_report.json,outputs/experiments/uci_har/seed_42/lstm/noise/fixed_attacker/defense_report.json,copy,Normalize main matrix artifact.,2074
outputs/defense/final_thesis/real/uci_har/seed_42/lstm/noise/fixed_attacker/confusion.json,outputs/experiments/uci_har/seed_42/lstm/noise/fixed_attacker/metrics.json,copy,Expose defended confusion metrics under standard metrics.json.,2097
generated,outputs/experiments/uci_har/seed_42/lstm/noise/fixed_attacker/source_manifest.json,write,Write main matrix source manifest.,0
outputs/defense/final_thesis/real/uci_har/seed_42/lstm/noise/retrain_attacker/confusion.json,outputs/experiments/uci_har/seed_42/lstm/noise/retrain_attacker/confusion.json,copy,Normalize main matrix artifact.,2080
outputs/defense/final_thesis/real/uci_har/seed_42/lstm/noise/retrain_attacker/classification_report.txt,outputs/experiments/uci_har/seed_42/lstm/noise/retrain_attacker/classification_report.txt,copy,Normalize main matrix artifact.,177
outputs/defense/final_thesis/real/uci_har/seed_42/lstm/noise/retrain_attacker/trace.json,outputs/experiments/uci_har/seed_42/lstm/noise/retrain_attacker/trace.json,copy,Normalize main matrix artifact.,379
outputs/defense/final_thesis/real/uci_har/seed_42/lstm/noise/retrain_attacker/defense_report.json,outputs/experiments/uci_har/seed_42/lstm/noise/retrain_attacker/defense_report.json,copy,Normalize main matrix artifact.,2074
outputs/defense/final_thesis/real/uci_har/seed_42/lstm/noise/retrain_attacker/confusion.json,outputs/experiments/uci_har/seed_42/lstm/noise/retrain_attacker/metrics.json,copy,Expose defended confusion metrics under standard metrics.json.,2080
generated,outputs/experiments/uci_har/seed_42/lstm/noise/retrain_attacker/source_manifest.json,write,Write main matrix source manifest.,0
outputs/defense/real_public_benchmark/uci_har/seed_42/adaptive_ldp/json_reports/mlp_baseline_confusion_test.json,outputs/experiments/uci_har/seed_42/mlp/baseline/baseline_confusion.json,copy,Normalize baseline confusion file.,2072
outputs/defense/real_public_benchmark/uci_har/seed_42/adaptive_ldp/json_reports/mlp_baseline_confusion_test.json,outputs/experiments/uci_har/seed_42/mlp/baseline/baseline_metrics.json,copy,Use baseline confusion metrics as baseline metrics artifact.,2072
generated,outputs/experiments/uci_har/seed_42/mlp/baseline/baseline_classification_report.txt,write,Write derived baseline report from existing metrics.,0
generated,outputs/experiments/uci_har/seed_42/mlp/baseline/source_manifest.json,write,Write baseline source manifest.,0
outputs/defense/final_thesis/real/uci_har/seed_42/mlp/adaptive_ldp/fixed_attacker/confusion.json,outputs/experiments/uci_har/seed_42/mlp/adaptive_ldp/fixed_attacker/confusion.json,copy,Normalize main matrix artifact.,2034
outputs/defense/final_thesis/real/uci_har/seed_42/mlp/adaptive_ldp/fixed_attacker/classification_report.txt,outputs/experiments/uci_har/seed_42/mlp/adaptive_ldp/fixed_attacker/classification_report.txt,copy,Normalize main matrix artifact.,181
outputs/defense/final_thesis/real/uci_har/seed_42/mlp/adaptive_ldp/fixed_attacker/trace.json,outputs/experiments/uci_har/seed_42/mlp/adaptive_ldp/fixed_attacker/trace.json,copy,Normalize main matrix artifact.,388
outputs/defense/final_thesis/real/uci_har/seed_42/mlp/adaptive_ldp/fixed_attacker/defense_report.json,outputs/experiments/uci_har/seed_42/mlp/adaptive_ldp/fixed_attacker/defense_report.json,copy,Normalize main matrix artifact.,2109
outputs/defense/final_thesis/real/uci_har/seed_42/mlp/adaptive_ldp/fixed_attacker/confusion.json,outputs/experiments/uci_har/seed_42/mlp/adaptive_ldp/fixed_attacker/metrics.json,copy,Expose defended confusion metrics under standard metrics.json.,2034
generated,outputs/experiments/uci_har/seed_42/mlp/adaptive_ldp/fixed_attacker/source_manifest.json,write,Write main matrix source manifest.,0
outputs/defense/final_thesis/real/uci_har/seed_42/mlp/adaptive_ldp/retrain_attacker/confusion.json,outputs/experiments/uci_har/seed_42/mlp/adaptive_ldp/retrain_attacker/confusion.json,copy,Normalize main matrix artifact.,2063
outputs/defense/final_thesis/real/uci_har/seed_42/mlp/adaptive_ldp/retrain_attacker/classification_report.txt,outputs/experiments/uci_har/seed_42/mlp/adaptive_ldp/retrain_attacker/classification_report.txt,copy,Normalize main matrix artifact.,183
outputs/defense/final_thesis/real/uci_har/seed_42/mlp/adaptive_ldp/retrain_attacker/trace.json,outputs/experiments/uci_har/seed_42/mlp/adaptive_ldp/retrain_attacker/trace.json,copy,Normalize main matrix artifact.,392
outputs/defense/final_thesis/real/uci_har/seed_42/mlp/adaptive_ldp/retrain_attacker/defense_report.json,outputs/experiments/uci_har/seed_42/mlp/adaptive_ldp/retrain_attacker/defense_report.json,copy,Normalize main matrix artifact.,2109
outputs/defense/final_thesis/real/uci_har/seed_42/mlp/adaptive_ldp/retrain_attacker/confusion.json,outputs/experiments/uci_har/seed_42/mlp/adaptive_ldp/retrain_attacker/metrics.json,copy,Expose defended confusion metrics under standard metrics.json.,2063
generated,outputs/experiments/uci_har/seed_42/mlp/adaptive_ldp/retrain_attacker/source_manifest.json,write,Write main matrix source manifest.,0
outputs/defense/final_thesis/real/uci_har/seed_42/mlp/ldp/fixed_attacker/confusion.json,outputs/experiments/uci_har/seed_42/mlp/ldp/fixed_attacker/confusion.json,copy,Normalize main matrix artifact.,2025
outputs/defense/final_thesis/real/uci_har/seed_42/mlp/ldp/fixed_attacker/classification_report.txt,outputs/experiments/uci_har/seed_42/mlp/ldp/fixed_attacker/classification_report.txt,copy,Normalize main matrix artifact.,172
outputs/defense/final_thesis/real/uci_har/seed_42/mlp/ldp/fixed_attacker/trace.json,outputs/experiments/uci_har/seed_42/mlp/ldp/fixed_attacker/trace.json,copy,Normalize main matrix artifact.,370
outputs/defense/final_thesis/real/uci_har/seed_42/mlp/ldp/fixed_attacker/defense_report.json,outputs/experiments/uci_har/seed_42/mlp/ldp/fixed_attacker/defense_report.json,copy,Normalize main matrix artifact.,2100
outputs/defense/final_thesis/real/uci_har/seed_42/mlp/ldp/fixed_attacker/confusion.json,outputs/experiments/uci_har/seed_42/mlp/ldp/fixed_attacker/metrics.json,copy,Expose defended confusion metrics under standard metrics.json.,2025
generated,outputs/experiments/uci_har/seed_42/mlp/ldp/fixed_attacker/source_manifest.json,write,Write main matrix source manifest.,0
outputs/defense/final_thesis/real/uci_har/seed_42/mlp/ldp/retrain_attacker/confusion.json,outputs/experiments/uci_har/seed_42/mlp/ldp/retrain_attacker/confusion.json,copy,Normalize main matrix artifact.,2075
outputs/defense/final_thesis/real/uci_har/seed_42/mlp/ldp/retrain_attacker/classification_report.txt,outputs/experiments/uci_har/seed_42/mlp/ldp/retrain_attacker/classification_report.txt,copy,Normalize main matrix artifact.,174
outputs/defense/final_thesis/real/uci_har/seed_42/mlp/ldp/retrain_attacker/trace.json,outputs/experiments/uci_har/seed_42/mlp/ldp/retrain_attacker/trace.json,copy,Normalize main matrix artifact.,374
outputs/defense/final_thesis/real/uci_har/seed_42/mlp/ldp/retrain_attacker/defense_report.json,outputs/experiments/uci_har/seed_42/mlp/ldp/retrain_attacker/defense_report.json,copy,Normalize main matrix artifact.,2100
outputs/defense/final_thesis/real/uci_har/seed_42/mlp/ldp/retrain_attacker/confusion.json,outputs/experiments/uci_har/seed_42/mlp/ldp/retrain_attacker/metrics.json,copy,Expose defended confusion metrics under standard metrics.json.,2075
generated,outputs/experiments/uci_har/seed_42/mlp/ldp/retrain_attacker/source_manifest.json,write,Write main matrix source manifest.,0
outputs/defense/final_thesis/real/uci_har/seed_42/mlp/noise/fixed_attacker/confusion.json,outputs/experiments/uci_har/seed_42/mlp/noise/fixed_attacker/confusion.json,copy,Normalize main matrix artifact.,1643
outputs/defense/final_thesis/real/uci_har/seed_42/mlp/noise/fixed_attacker/classification_report.txt,outputs/experiments/uci_har/seed_42/mlp/noise/fixed_attacker/classification_report.txt,copy,Normalize main matrix artifact.,174
outputs/defense/final_thesis/real/uci_har/seed_42/mlp/noise/fixed_attacker/trace.json,outputs/experiments/uci_har/seed_42/mlp/noise/fixed_attacker/trace.json,copy,Normalize main matrix artifact.,374
outputs/defense/final_thesis/real/uci_har/seed_42/mlp/noise/fixed_attacker/defense_report.json,outputs/experiments/uci_har/seed_42/mlp/noise/fixed_attacker/defense_report.json,copy,Normalize main matrix artifact.,2074
outputs/defense/final_thesis/real/uci_har/seed_42/mlp/noise/fixed_attacker/confusion.json,outputs/experiments/uci_har/seed_42/mlp/noise/fixed_attacker/metrics.json,copy,Expose defended confusion metrics under standard metrics.json.,1643
generated,outputs/experiments/uci_har/seed_42/mlp/noise/fixed_attacker/source_manifest.json,write,Write main matrix source manifest.,0
outputs/defense/final_thesis/real/uci_har/seed_42/mlp/noise/retrain_attacker/confusion.json,outputs/experiments/uci_har/seed_42/mlp/noise/retrain_attacker/confusion.json,copy,Normalize main matrix artifact.,2077
outputs/defense/final_thesis/real/uci_har/seed_42/mlp/noise/retrain_attacker/classification_report.txt,outputs/experiments/uci_har/seed_42/mlp/noise/retrain_attacker/classification_report.txt,copy,Normalize main matrix artifact.,176
outputs/defense/final_thesis/real/uci_har/seed_42/mlp/noise/retrain_attacker/trace.json,outputs/experiments/uci_har/seed_42/mlp/noise/retrain_attacker/trace.json,copy,Normalize main matrix artifact.,378
outputs/defense/final_thesis/real/uci_har/seed_42/mlp/noise/retrain_attacker/defense_report.json,outputs/experiments/uci_har/seed_42/mlp/noise/retrain_attacker/defense_report.json,copy,Normalize main matrix artifact.,2074
outputs/defense/final_thesis/real/uci_har/seed_42/mlp/noise/retrain_attacker/confusion.json,outputs/experiments/uci_har/seed_42/mlp/noise/retrain_attacker/metrics.json,copy,Expose defended confusion metrics under standard metrics.json.,2077
generated,outputs/experiments/uci_har/seed_42/mlp/noise/retrain_attacker/source_manifest.json,write,Write main matrix source manifest.,0
outputs/defense/real_public_benchmark/uci_har/seed_123/adaptive_ldp/json_reports/lstm_baseline_confusion_test.json,outputs/experiments/uci_har/seed_123/lstm/baseline/baseline_confusion.json,copy,Normalize baseline confusion file.,2079
outputs/defense/real_public_benchmark/uci_har/seed_123/adaptive_ldp/json_reports/lstm_baseline_confusion_test.json,outputs/experiments/uci_har/seed_123/lstm/baseline/baseline_metrics.json,copy,Use baseline confusion metrics as baseline metrics artifact.,2079
generated,outputs/experiments/uci_har/seed_123/lstm/baseline/baseline_classification_report.txt,write,Write derived baseline report from existing metrics.,0
generated,outputs/experiments/uci_har/seed_123/lstm/baseline/source_manifest.json,write,Write baseline source manifest.,0
outputs/defense/final_thesis/real/uci_har/seed_123/lstm/adaptive_ldp/fixed_attacker/confusion.json,outputs/experiments/uci_har/seed_123/lstm/adaptive_ldp/fixed_attacker/confusion.json,copy,Normalize main matrix artifact.,2087
outputs/defense/final_thesis/real/uci_har/seed_123/lstm/adaptive_ldp/fixed_attacker/classification_report.txt,outputs/experiments/uci_har/seed_123/lstm/adaptive_ldp/fixed_attacker/classification_report.txt,copy,Normalize main matrix artifact.,183
outputs/defense/final_thesis/real/uci_har/seed_123/lstm/adaptive_ldp/fixed_attacker/trace.json,outputs/experiments/uci_har/seed_123/lstm/adaptive_ldp/fixed_attacker/trace.json,copy,Normalize main matrix artifact.,391
outputs/defense/final_thesis/real/uci_har/seed_123/lstm/adaptive_ldp/fixed_attacker/defense_report.json,outputs/experiments/uci_har/seed_123/lstm/adaptive_ldp/fixed_attacker/defense_report.json,copy,Normalize main matrix artifact.,2110
outputs/defense/final_thesis/real/uci_har/seed_123/lstm/adaptive_ldp/fixed_attacker/confusion.json,outputs/experiments/uci_har/seed_123/lstm/adaptive_ldp/fixed_attacker/metrics.json,copy,Expose defended confusion metrics under standard metrics.json.,2087
generated,outputs/experiments/uci_har/seed_123/lstm/adaptive_ldp/fixed_attacker/source_manifest.json,write,Write main matrix source manifest.,0
outputs/defense/final_thesis/real/uci_har/seed_123/lstm/adaptive_ldp/retrain_attacker/confusion.json,outputs/experiments/uci_har/seed_123/lstm/adaptive_ldp/retrain_attacker/confusion.json,copy,Normalize main matrix artifact.,2053
outputs/defense/final_thesis/real/uci_har/seed_123/lstm/adaptive_ldp/retrain_attacker/classification_report.txt,outputs/experiments/uci_har/seed_123/lstm/adaptive_ldp/retrain_attacker/classification_report.txt,copy,Normalize main matrix artifact.,185
outputs/defense/final_thesis/real/uci_har/seed_123/lstm/adaptive_ldp/retrain_attacker/trace.json,outputs/experiments/uci_har/seed_123/lstm/adaptive_ldp/retrain_attacker/trace.json,copy,Normalize main matrix artifact.,395
outputs/defense/final_thesis/real/uci_har/seed_123/lstm/adaptive_ldp/retrain_attacker/defense_report.json,outputs/experiments/uci_har/seed_123/lstm/adaptive_ldp/retrain_attacker/defense_report.json,copy,Normalize main matrix artifact.,2110
outputs/defense/final_thesis/real/uci_har/seed_123/lstm/adaptive_ldp/retrain_attacker/confusion.json,outputs/experiments/uci_har/seed_123/lstm/adaptive_ldp/retrain_attacker/metrics.json,copy,Expose defended confusion metrics under standard metrics.json.,2053
generated,outputs/experiments/uci_har/seed_123/lstm/adaptive_ldp/retrain_attacker/source_manifest.json,write,Write main matrix source manifest.,0
outputs/defense/final_thesis/real/uci_har/seed_123/lstm/ldp/fixed_attacker/confusion.json,outputs/experiments/uci_har/seed_123/lstm/ldp/fixed_attacker/confusion.json,copy,Normalize main matrix artifact.,2097
outputs/defense/final_thesis/real/uci_har/seed_123/lstm/ldp/fixed_attacker/classification_report.txt,outputs/experiments/uci_har/seed_123/lstm/ldp/fixed_attacker/classification_report.txt,copy,Normalize main matrix artifact.,174
outputs/defense/final_thesis/real/uci_har/seed_123/lstm/ldp/fixed_attacker/trace.json,outputs/experiments/uci_har/seed_123/lstm/ldp/fixed_attacker/trace.json,copy,Normalize main matrix artifact.,373
outputs/defense/final_thesis/real/uci_har/seed_123/lstm/ldp/fixed_attacker/defense_report.json,outputs/experiments/uci_har/seed_123/lstm/ldp/fixed_attacker/defense_report.json,copy,Normalize main matrix artifact.,2054
outputs/defense/final_thesis/real/uci_har/seed_123/lstm/ldp/fixed_attacker/confusion.json,outputs/experiments/uci_har/seed_123/lstm/ldp/fixed_attacker/metrics.json,copy,Expose defended confusion metrics under standard metrics.json.,2097
generated,outputs/experiments/uci_har/seed_123/lstm/ldp/fixed_attacker/source_manifest.json,write,Write main matrix source manifest.,0
outputs/defense/final_thesis/real/uci_har/seed_123/lstm/ldp/retrain_attacker/confusion.json,outputs/experiments/uci_har/seed_123/lstm/ldp/retrain_attacker/confusion.json,copy,Normalize main matrix artifact.,1989
outputs/defense/final_thesis/real/uci_har/seed_123/lstm/ldp/retrain_attacker/classification_report.txt,outputs/experiments/uci_har/seed_123/lstm/ldp/retrain_attacker/classification_report.txt,copy,Normalize main matrix artifact.,176
outputs/defense/final_thesis/real/uci_har/seed_123/lstm/ldp/retrain_attacker/trace.json,outputs/experiments/uci_har/seed_123/lstm/ldp/retrain_attacker/trace.json,copy,Normalize main matrix artifact.,377
outputs/defense/final_thesis/real/uci_har/seed_123/lstm/ldp/retrain_attacker/defense_report.json,outputs/experiments/uci_har/seed_123/lstm/ldp/retrain_attacker/defense_report.json,copy,Normalize main matrix artifact.,2054
outputs/defense/final_thesis/real/uci_har/seed_123/lstm/ldp/retrain_attacker/confusion.json,outputs/experiments/uci_har/seed_123/lstm/ldp/retrain_attacker/metrics.json,copy,Expose defended confusion metrics under standard metrics.json.,1989
generated,outputs/experiments/uci_har/seed_123/lstm/ldp/retrain_attacker/source_manifest.json,write,Write main matrix source manifest.,0
outputs/defense/final_thesis/real/uci_har/seed_123/lstm/noise/fixed_attacker/confusion.json,outputs/experiments/uci_har/seed_123/lstm/noise/fixed_attacker/confusion.json,copy,Normalize main matrix artifact.,2090
outputs/defense/final_thesis/real/uci_har/seed_123/lstm/noise/fixed_attacker/classification_report.txt,outputs/experiments/uci_har/seed_123/lstm/noise/fixed_attacker/classification_report.txt,copy,Normalize main matrix artifact.,176
outputs/defense/final_thesis/real/uci_har/seed_123/lstm/noise/fixed_attacker/trace.json,outputs/experiments/uci_har/seed_123/lstm/noise/fixed_attacker/trace.json,copy,Normalize main matrix artifact.,377
outputs/defense/final_thesis/real/uci_har/seed_123/lstm/noise/fixed_attacker/defense_report.json,outputs/experiments/uci_har/seed_123/lstm/noise/fixed_attacker/defense_report.json,copy,Normalize main matrix artifact.,2068
outputs/defense/final_thesis/real/uci_har/seed_123/lstm/noise/fixed_attacker/confusion.json,outputs/experiments/uci_har/seed_123/lstm/noise/fixed_attacker/metrics.json,copy,Expose defended confusion metrics under standard metrics.json.,2090
generated,outputs/experiments/uci_har/seed_123/lstm/noise/fixed_attacker/source_manifest.json,write,Write main matrix source manifest.,0
outputs/defense/final_thesis/real/uci_har/seed_123/lstm/noise/retrain_attacker/confusion.json,outputs/experiments/uci_har/seed_123/lstm/noise/retrain_attacker/confusion.json,copy,Normalize main matrix artifact.,2070
outputs/defense/final_thesis/real/uci_har/seed_123/lstm/noise/retrain_attacker/classification_report.txt,outputs/experiments/uci_har/seed_123/lstm/noise/retrain_attacker/classification_report.txt,copy,Normalize main matrix artifact.,178
outputs/defense/final_thesis/real/uci_har/seed_123/lstm/noise/retrain_attacker/trace.json,outputs/experiments/uci_har/seed_123/lstm/noise/retrain_attacker/trace.json,copy,Normalize main matrix artifact.,381
outputs/defense/final_thesis/real/uci_har/seed_123/lstm/noise/retrain_attacker/defense_report.json,outputs/experiments/uci_har/seed_123/lstm/noise/retrain_attacker/defense_report.json,copy,Normalize main matrix artifact.,2068
outputs/defense/final_thesis/real/uci_har/seed_123/lstm/noise/retrain_attacker/confusion.json,outputs/experiments/uci_har/seed_123/lstm/noise/retrain_attacker/metrics.json,copy,Expose defended confusion metrics under standard metrics.json.,2070
generated,outputs/experiments/uci_har/seed_123/lstm/noise/retrain_attacker/source_manifest.json,write,Write main matrix source manifest.,0
outputs/defense/real_public_benchmark/uci_har/seed_123/adaptive_ldp/json_reports/mlp_baseline_confusion_test.json,outputs/experiments/uci_har/seed_123/mlp/baseline/baseline_confusion.json,copy,Normalize baseline confusion file.,2066
outputs/defense/real_public_benchmark/uci_har/seed_123/adaptive_ldp/json_reports/mlp_baseline_confusion_test.json,outputs/experiments/uci_har/seed_123/mlp/baseline/baseline_metrics.json,copy,Use baseline confusion metrics as baseline metrics artifact.,2066
generated,outputs/experiments/uci_har/seed_123/mlp/baseline/baseline_classification_report.txt,write,Write derived baseline report from existing metrics.,0
generated,outputs/experiments/uci_har/seed_123/mlp/baseline/source_manifest.json,write,Write baseline source manifest.,0
outputs/defense/final_thesis/real/uci_har/seed_123/mlp/adaptive_ldp/fixed_attacker/confusion.json,outputs/experiments/uci_har/seed_123/mlp/adaptive_ldp/fixed_attacker/confusion.json,copy,Normalize main matrix artifact.,2042
outputs/defense/final_thesis/real/uci_har/seed_123/mlp/adaptive_ldp/fixed_attacker/classification_report.txt,outputs/experiments/uci_har/seed_123/mlp/adaptive_ldp/fixed_attacker/classification_report.txt,copy,Normalize main matrix artifact.,182
outputs/defense/final_thesis/real/uci_har/seed_123/mlp/adaptive_ldp/fixed_attacker/trace.json,outputs/experiments/uci_har/seed_123/mlp/adaptive_ldp/fixed_attacker/trace.json,copy,Normalize main matrix artifact.,390
outputs/defense/final_thesis/real/uci_har/seed_123/mlp/adaptive_ldp/fixed_attacker/defense_report.json,outputs/experiments/uci_har/seed_123/mlp/adaptive_ldp/fixed_attacker/defense_report.json,copy,Normalize main matrix artifact.,2110
outputs/defense/final_thesis/real/uci_har/seed_123/mlp/adaptive_ldp/fixed_attacker/confusion.json,outputs/experiments/uci_har/seed_123/mlp/adaptive_ldp/fixed_attacker/metrics.json,copy,Expose defended confusion metrics under standard metrics.json.,2042
generated,outputs/experiments/uci_har/seed_123/mlp/adaptive_ldp/fixed_attacker/source_manifest.json,write,Write main matrix source manifest.,0
outputs/defense/final_thesis/real/uci_har/seed_123/mlp/adaptive_ldp/retrain_attacker/confusion.json,outputs/experiments/uci_har/seed_123/mlp/adaptive_ldp/retrain_attacker/confusion.json,copy,Normalize main matrix artifact.,2070
outputs/defense/final_thesis/real/uci_har/seed_123/mlp/adaptive_ldp/retrain_attacker/classification_report.txt,outputs/experiments/uci_har/seed_123/mlp/adaptive_ldp/retrain_attacker/classification_report.txt,copy,Normalize main matrix artifact.,184
outputs/defense/final_thesis/real/uci_har/seed_123/mlp/adaptive_ldp/retrain_attacker/trace.json,outputs/experiments/uci_har/seed_123/mlp/adaptive_ldp/retrain_attacker/trace.json,copy,Normalize main matrix artifact.,394
outputs/defense/final_thesis/real/uci_har/seed_123/mlp/adaptive_ldp/retrain_attacker/defense_report.json,outputs/experiments/uci_har/seed_123/mlp/adaptive_ldp/retrain_attacker/defense_report.json,copy,Normalize main matrix artifact.,2110
outputs/defense/final_thesis/real/uci_har/seed_123/mlp/adaptive_ldp/retrain_attacker/confusion.json,outputs/experiments/uci_har/seed_123/mlp/adaptive_ldp/retrain_attacker/metrics.json,copy,Expose defended confusion metrics under standard metrics.json.,2070
generated,outputs/experiments/uci_har/seed_123/mlp/adaptive_ldp/retrain_attacker/source_manifest.json,write,Write main matrix source manifest.,0
outputs/defense/final_thesis/real/uci_har/seed_123/mlp/ldp/fixed_attacker/confusion.json,outputs/experiments/uci_har/seed_123/mlp/ldp/fixed_attacker/confusion.json,copy,Normalize main matrix artifact.,1585
outputs/defense/final_thesis/real/uci_har/seed_123/mlp/ldp/fixed_attacker/classification_report.txt,outputs/experiments/uci_har/seed_123/mlp/ldp/fixed_attacker/classification_report.txt,copy,Normalize main matrix artifact.,173
outputs/defense/final_thesis/real/uci_har/seed_123/mlp/ldp/fixed_attacker/trace.json,outputs/experiments/uci_har/seed_123/mlp/ldp/fixed_attacker/trace.json,copy,Normalize main matrix artifact.,372
outputs/defense/final_thesis/real/uci_har/seed_123/mlp/ldp/fixed_attacker/defense_report.json,outputs/experiments/uci_har/seed_123/mlp/ldp/fixed_attacker/defense_report.json,copy,Normalize main matrix artifact.,2054
outputs/defense/final_thesis/real/uci_har/seed_123/mlp/ldp/fixed_attacker/confusion.json,outputs/experiments/uci_har/seed_123/mlp/ldp/fixed_attacker/metrics.json,copy,Expose defended confusion metrics under standard metrics.json.,1585
generated,outputs/experiments/uci_har/seed_123/mlp/ldp/fixed_attacker/source_manifest.json,write,Write main matrix source manifest.,0
outputs/defense/final_thesis/real/uci_har/seed_123/mlp/ldp/retrain_attacker/confusion.json,outputs/experiments/uci_har/seed_123/mlp/ldp/retrain_attacker/confusion.json,copy,Normalize main matrix artifact.,2095
outputs/defense/final_thesis/real/uci_har/seed_123/mlp/ldp/retrain_attacker/classification_report.txt,outputs/experiments/uci_har/seed_123/mlp/ldp/retrain_attacker/classification_report.txt,copy,Normalize main matrix artifact.,175
outputs/defense/final_thesis/real/uci_har/seed_123/mlp/ldp/retrain_attacker/trace.json,outputs/experiments/uci_har/seed_123/mlp/ldp/retrain_attacker/trace.json,copy,Normalize main matrix artifact.,376
outputs/defense/final_thesis/real/uci_har/seed_123/mlp/ldp/retrain_attacker/defense_report.json,outputs/experiments/uci_har/seed_123/mlp/ldp/retrain_attacker/defense_report.json,copy,Normalize main matrix artifact.,2054
outputs/defense/final_thesis/real/uci_har/seed_123/mlp/ldp/retrain_attacker/confusion.json,outputs/experiments/uci_har/seed_123/mlp/ldp/retrain_attacker/metrics.json,copy,Expose defended confusion metrics under standard metrics.json.,2095
generated,outputs/experiments/uci_har/seed_123/mlp/ldp/retrain_attacker/source_manifest.json,write,Write main matrix source manifest.,0
outputs/defense/final_thesis/real/uci_har/seed_123/mlp/noise/fixed_attacker/confusion.json,outputs/experiments/uci_har/seed_123/mlp/noise/fixed_attacker/confusion.json,copy,Normalize main matrix artifact.,1643
outputs/defense/final_thesis/real/uci_har/seed_123/mlp/noise/fixed_attacker/classification_report.txt,outputs/experiments/uci_har/seed_123/mlp/noise/fixed_attacker/classification_report.txt,copy,Normalize main matrix artifact.,175
outputs/defense/final_thesis/real/uci_har/seed_123/mlp/noise/fixed_attacker/trace.json,outputs/experiments/uci_har/seed_123/mlp/noise/fixed_attacker/trace.json,copy,Normalize main matrix artifact.,376
outputs/defense/final_thesis/real/uci_har/seed_123/mlp/noise/fixed_attacker/defense_report.json,outputs/experiments/uci_har/seed_123/mlp/noise/fixed_attacker/defense_report.json,copy,Normalize main matrix artifact.,2068
outputs/defense/final_thesis/real/uci_har/seed_123/mlp/noise/fixed_attacker/confusion.json,outputs/experiments/uci_har/seed_123/mlp/noise/fixed_attacker/metrics.json,copy,Expose defended confusion metrics under standard metrics.json.,1643
generated,outputs/experiments/uci_har/seed_123/mlp/noise/fixed_attacker/source_manifest.json,write,Write main matrix source manifest.,0
outputs/defense/final_thesis/real/uci_har/seed_123/mlp/noise/retrain_attacker/confusion.json,outputs/experiments/uci_har/seed_123/mlp/noise/retrain_attacker/confusion.json,copy,Normalize main matrix artifact.,2060
outputs/defense/final_thesis/real/uci_har/seed_123/mlp/noise/retrain_attacker/classification_report.txt,outputs/experiments/uci_har/seed_123/mlp/noise/retrain_attacker/classification_report.txt,copy,Normalize main matrix artifact.,177
outputs/defense/final_thesis/real/uci_har/seed_123/mlp/noise/retrain_attacker/trace.json,outputs/experiments/uci_har/seed_123/mlp/noise/retrain_attacker/trace.json,copy,Normalize main matrix artifact.,380
outputs/defense/final_thesis/real/uci_har/seed_123/mlp/noise/retrain_attacker/defense_report.json,outputs/experiments/uci_har/seed_123/mlp/noise/retrain_attacker/defense_report.json,copy,Normalize main matrix artifact.,2068
outputs/defense/final_thesis/real/uci_har/seed_123/mlp/noise/retrain_attacker/confusion.json,outputs/experiments/uci_har/seed_123/mlp/noise/retrain_attacker/metrics.json,copy,Expose defended confusion metrics under standard metrics.json.,2060
generated,outputs/experiments/uci_har/seed_123/mlp/noise/retrain_attacker/source_manifest.json,write,Write main matrix source manifest.,0
outputs/defense/real_public_benchmark/uci_har/seed_2026/adaptive_ldp/json_reports/lstm_baseline_confusion_test.json,outputs/experiments/uci_har/seed_2026/lstm/baseline/baseline_confusion.json,copy,Normalize baseline confusion file.,2047
outputs/defense/real_public_benchmark/uci_har/seed_2026/adaptive_ldp/json_reports/lstm_baseline_confusion_test.json,outputs/experiments/uci_har/seed_2026/lstm/baseline/baseline_metrics.json,copy,Use baseline confusion metrics as baseline metrics artifact.,2047
generated,outputs/experiments/uci_har/seed_2026/lstm/baseline/baseline_classification_report.txt,write,Write derived baseline report from existing metrics.,0
generated,outputs/experiments/uci_har/seed_2026/lstm/baseline/source_manifest.json,write,Write baseline source manifest.,0
outputs/defense/final_thesis/real/uci_har/seed_2026/lstm/adaptive_ldp/fixed_attacker/confusion.json,outputs/experiments/uci_har/seed_2026/lstm/adaptive_ldp/fixed_attacker/confusion.json,copy,Normalize main matrix artifact.,2075
outputs/defense/final_thesis/real/uci_har/seed_2026/lstm/adaptive_ldp/fixed_attacker/classification_report.txt,outputs/experiments/uci_har/seed_2026/lstm/adaptive_ldp/fixed_attacker/classification_report.txt,copy,Normalize main matrix artifact.,184
outputs/defense/final_thesis/real/uci_har/seed_2026/lstm/adaptive_ldp/fixed_attacker/trace.json,outputs/experiments/uci_har/seed_2026/lstm/adaptive_ldp/fixed_attacker/trace.json,copy,Normalize main matrix artifact.,393
outputs/defense/final_thesis/real/uci_har/seed_2026/lstm/adaptive_ldp/fixed_attacker/defense_report.json,outputs/experiments/uci_har/seed_2026/lstm/adaptive_ldp/fixed_attacker/defense_report.json,copy,Normalize main matrix artifact.,2083
outputs/defense/final_thesis/real/uci_har/seed_2026/lstm/adaptive_ldp/fixed_attacker/confusion.json,outputs/experiments/uci_har/seed_2026/lstm/adaptive_ldp/fixed_attacker/metrics.json,copy,Expose defended confusion metrics under standard metrics.json.,2075
generated,outputs/experiments/uci_har/seed_2026/lstm/adaptive_ldp/fixed_attacker/source_manifest.json,write,Write main matrix source manifest.,0
outputs/defense/final_thesis/real/uci_har/seed_2026/lstm/adaptive_ldp/retrain_attacker/confusion.json,outputs/experiments/uci_har/seed_2026/lstm/adaptive_ldp/retrain_attacker/confusion.json,copy,Normalize main matrix artifact.,2079
outputs/defense/final_thesis/real/uci_har/seed_2026/lstm/adaptive_ldp/retrain_attacker/classification_report.txt,outputs/experiments/uci_har/seed_2026/lstm/adaptive_ldp/retrain_attacker/classification_report.txt,copy,Normalize main matrix artifact.,186
outputs/defense/final_thesis/real/uci_har/seed_2026/lstm/adaptive_ldp/retrain_attacker/trace.json,outputs/experiments/uci_har/seed_2026/lstm/adaptive_ldp/retrain_attacker/trace.json,copy,Normalize main matrix artifact.,397
outputs/defense/final_thesis/real/uci_har/seed_2026/lstm/adaptive_ldp/retrain_attacker/defense_report.json,outputs/experiments/uci_har/seed_2026/lstm/adaptive_ldp/retrain_attacker/defense_report.json,copy,Normalize main matrix artifact.,2083
outputs/defense/final_thesis/real/uci_har/seed_2026/lstm/adaptive_ldp/retrain_attacker/confusion.json,outputs/experiments/uci_har/seed_2026/lstm/adaptive_ldp/retrain_attacker/metrics.json,copy,Expose defended confusion metrics under standard metrics.json.,2079
generated,outputs/experiments/uci_har/seed_2026/lstm/adaptive_ldp/retrain_attacker/source_manifest.json,write,Write main matrix source manifest.,0
outputs/defense/final_thesis/real/uci_har/seed_2026/lstm/ldp/fixed_attacker/confusion.json,outputs/experiments/uci_har/seed_2026/lstm/ldp/fixed_attacker/confusion.json,copy,Normalize main matrix artifact.,2049
outputs/defense/final_thesis/real/uci_har/seed_2026/lstm/ldp/fixed_attacker/classification_report.txt,outputs/experiments/uci_har/seed_2026/lstm/ldp/fixed_attacker/classification_report.txt,copy,Normalize main matrix artifact.,175
outputs/defense/final_thesis/real/uci_har/seed_2026/lstm/ldp/fixed_attacker/trace.json,outputs/experiments/uci_har/seed_2026/lstm/ldp/fixed_attacker/trace.json,copy,Normalize main matrix artifact.,375
outputs/defense/final_thesis/real/uci_har/seed_2026/lstm/ldp/fixed_attacker/defense_report.json,outputs/experiments/uci_har/seed_2026/lstm/ldp/fixed_attacker/defense_report.json,copy,Normalize main matrix artifact.,2054
outputs/defense/final_thesis/real/uci_har/seed_2026/lstm/ldp/fixed_attacker/confusion.json,outputs/experiments/uci_har/seed_2026/lstm/ldp/fixed_attacker/metrics.json,copy,Expose defended confusion metrics under standard metrics.json.,2049
generated,outputs/experiments/uci_har/seed_2026/lstm/ldp/fixed_attacker/source_manifest.json,write,Write main matrix source manifest.,0
outputs/defense/final_thesis/real/uci_har/seed_2026/lstm/ldp/retrain_attacker/confusion.json,outputs/experiments/uci_har/seed_2026/lstm/ldp/retrain_attacker/confusion.json,copy,Normalize main matrix artifact.,2052
outputs/defense/final_thesis/real/uci_har/seed_2026/lstm/ldp/retrain_attacker/classification_report.txt,outputs/experiments/uci_har/seed_2026/lstm/ldp/retrain_attacker/classification_report.txt,copy,Normalize main matrix artifact.,177
outputs/defense/final_thesis/real/uci_har/seed_2026/lstm/ldp/retrain_attacker/trace.json,outputs/experiments/uci_har/seed_2026/lstm/ldp/retrain_attacker/trace.json,copy,Normalize main matrix artifact.,379
outputs/defense/final_thesis/real/uci_har/seed_2026/lstm/ldp/retrain_attacker/defense_report.json,outputs/experiments/uci_har/seed_2026/lstm/ldp/retrain_attacker/defense_report.json,copy,Normalize main matrix artifact.,2054
outputs/defense/final_thesis/real/uci_har/seed_2026/lstm/ldp/retrain_attacker/confusion.json,outputs/experiments/uci_har/seed_2026/lstm/ldp/retrain_attacker/metrics.json,copy,Expose defended confusion metrics under standard metrics.json.,2052
generated,outputs/experiments/uci_har/seed_2026/lstm/ldp/retrain_attacker/source_manifest.json,write,Write main matrix source manifest.,0
outputs/defense/final_thesis/real/uci_har/seed_2026/lstm/noise/fixed_attacker/confusion.json,outputs/experiments/uci_har/seed_2026/lstm/noise/fixed_attacker/confusion.json,copy,Normalize main matrix artifact.,2013
outputs/defense/final_thesis/real/uci_har/seed_2026/lstm/noise/fixed_attacker/classification_report.txt,outputs/experiments/uci_har/seed_2026/lstm/noise/fixed_attacker/classification_report.txt,copy,Normalize main matrix artifact.,177
outputs/defense/final_thesis/real/uci_har/seed_2026/lstm/noise/fixed_attacker/trace.json,outputs/experiments/uci_har/seed_2026/lstm/noise/fixed_attacker/trace.json,copy,Normalize main matrix artifact.,379
outputs/defense/final_thesis/real/uci_har/seed_2026/lstm/noise/fixed_attacker/defense_report.json,outputs/experiments/uci_har/seed_2026/lstm/noise/fixed_attacker/defense_report.json,copy,Normalize main matrix artifact.,2091
outputs/defense/final_thesis/real/uci_har/seed_2026/lstm/noise/fixed_attacker/confusion.json,outputs/experiments/uci_har/seed_2026/lstm/noise/fixed_attacker/metrics.json,copy,Expose defended confusion metrics under standard metrics.json.,2013
generated,outputs/experiments/uci_har/seed_2026/lstm/noise/fixed_attacker/source_manifest.json,write,Write main matrix source manifest.,0
outputs/defense/final_thesis/real/uci_har/seed_2026/lstm/noise/retrain_attacker/confusion.json,outputs/experiments/uci_har/seed_2026/lstm/noise/retrain_attacker/confusion.json,copy,Normalize main matrix artifact.,2075
outputs/defense/final_thesis/real/uci_har/seed_2026/lstm/noise/retrain_attacker/classification_report.txt,outputs/experiments/uci_har/seed_2026/lstm/noise/retrain_attacker/classification_report.txt,copy,Normalize main matrix artifact.,179
outputs/defense/final_thesis/real/uci_har/seed_2026/lstm/noise/retrain_attacker/trace.json,outputs/experiments/uci_har/seed_2026/lstm/noise/retrain_attacker/trace.json,copy,Normalize main matrix artifact.,383
outputs/defense/final_thesis/real/uci_har/seed_2026/lstm/noise/retrain_attacker/defense_report.json,outputs/experiments/uci_har/seed_2026/lstm/noise/retrain_attacker/defense_report.json,copy,Normalize main matrix artifact.,2091
outputs/defense/final_thesis/real/uci_har/seed_2026/lstm/noise/retrain_attacker/confusion.json,outputs/experiments/uci_har/seed_2026/lstm/noise/retrain_attacker/metrics.json,copy,Expose defended confusion metrics under standard metrics.json.,2075
generated,outputs/experiments/uci_har/seed_2026/lstm/noise/retrain_attacker/source_manifest.json,write,Write main matrix source manifest.,0
outputs/defense/real_public_benchmark/uci_har/seed_2026/adaptive_ldp/json_reports/mlp_baseline_confusion_test.json,outputs/experiments/uci_har/seed_2026/mlp/baseline/baseline_confusion.json,copy,Normalize baseline confusion file.,2069
outputs/defense/real_public_benchmark/uci_har/seed_2026/adaptive_ldp/json_reports/mlp_baseline_confusion_test.json,outputs/experiments/uci_har/seed_2026/mlp/baseline/baseline_metrics.json,copy,Use baseline confusion metrics as baseline metrics artifact.,2069
generated,outputs/experiments/uci_har/seed_2026/mlp/baseline/baseline_classification_report.txt,write,Write derived baseline report from existing metrics.,0
generated,outputs/experiments/uci_har/seed_2026/mlp/baseline/source_manifest.json,write,Write baseline source manifest.,0
outputs/defense/final_thesis/real/uci_har/seed_2026/mlp/adaptive_ldp/fixed_attacker/confusion.json,outputs/experiments/uci_har/seed_2026/mlp/adaptive_ldp/fixed_attacker/confusion.json,copy,Normalize main matrix artifact.,1505
outputs/defense/final_thesis/real/uci_har/seed_2026/mlp/adaptive_ldp/fixed_attacker/classification_report.txt,outputs/experiments/uci_har/seed_2026/mlp/adaptive_ldp/fixed_attacker/classification_report.txt,copy,Normalize main matrix artifact.,183
outputs/defense/final_thesis/real/uci_har/seed_2026/mlp/adaptive_ldp/fixed_attacker/trace.json,outputs/experiments/uci_har/seed_2026/mlp/adaptive_ldp/fixed_attacker/trace.json,copy,Normalize main matrix artifact.,392
outputs/defense/final_thesis/real/uci_har/seed_2026/mlp/adaptive_ldp/fixed_attacker/defense_report.json,outputs/experiments/uci_har/seed_2026/mlp/adaptive_ldp/fixed_attacker/defense_report.json,copy,Normalize main matrix artifact.,2083
outputs/defense/final_thesis/real/uci_har/seed_2026/mlp/adaptive_ldp/fixed_attacker/confusion.json,outputs/experiments/uci_har/seed_2026/mlp/adaptive_ldp/fixed_attacker/metrics.json,copy,Expose defended confusion metrics under standard metrics.json.,1505
generated,outputs/experiments/uci_har/seed_2026/mlp/adaptive_ldp/fixed_attacker/source_manifest.json,write,Write main matrix source manifest.,0
outputs/defense/final_thesis/real/uci_har/seed_2026/mlp/adaptive_ldp/retrain_attacker/confusion.json,outputs/experiments/uci_har/seed_2026/mlp/adaptive_ldp/retrain_attacker/confusion.json,copy,Normalize main matrix artifact.,2076
outputs/defense/final_thesis/real/uci_har/seed_2026/mlp/adaptive_ldp/retrain_attacker/classification_report.txt,outputs/experiments/uci_har/seed_2026/mlp/adaptive_ldp/retrain_attacker/classification_report.txt,copy,Normalize main matrix artifact.,185
outputs/defense/final_thesis/real/uci_har/seed_2026/mlp/adaptive_ldp/retrain_attacker/trace.json,outputs/experiments/uci_har/seed_2026/mlp/adaptive_ldp/retrain_attacker/trace.json,copy,Normalize main matrix artifact.,396
outputs/defense/final_thesis/real/uci_har/seed_2026/mlp/adaptive_ldp/retrain_attacker/defense_report.json,outputs/experiments/uci_har/seed_2026/mlp/adaptive_ldp/retrain_attacker/defense_report.json,copy,Normalize main matrix artifact.,2083
outputs/defense/final_thesis/real/uci_har/seed_2026/mlp/adaptive_ldp/retrain_attacker/confusion.json,outputs/experiments/uci_har/seed_2026/mlp/adaptive_ldp/retrain_attacker/metrics.json,copy,Expose defended confusion metrics under standard metrics.json.,2076
generated,outputs/experiments/uci_har/seed_2026/mlp/adaptive_ldp/retrain_attacker/source_manifest.json,write,Write main matrix source manifest.,0
outputs/defense/final_thesis/real/uci_har/seed_2026/mlp/ldp/fixed_attacker/confusion.json,outputs/experiments/uci_har/seed_2026/mlp/ldp/fixed_attacker/confusion.json,copy,Normalize main matrix artifact.,1486
outputs/defense/final_thesis/real/uci_har/seed_2026/mlp/ldp/fixed_attacker/classification_report.txt,outputs/experiments/uci_har/seed_2026/mlp/ldp/fixed_attacker/classification_report.txt,copy,Normalize main matrix artifact.,174
outputs/defense/final_thesis/real/uci_har/seed_2026/mlp/ldp/fixed_attacker/trace.json,outputs/experiments/uci_har/seed_2026/mlp/ldp/fixed_attacker/trace.json,copy,Normalize main matrix artifact.,374
outputs/defense/final_thesis/real/uci_har/seed_2026/mlp/ldp/fixed_attacker/defense_report.json,outputs/experiments/uci_har/seed_2026/mlp/ldp/fixed_attacker/defense_report.json,copy,Normalize main matrix artifact.,2054
outputs/defense/final_thesis/real/uci_har/seed_2026/mlp/ldp/fixed_attacker/confusion.json,outputs/experiments/uci_har/seed_2026/mlp/ldp/fixed_attacker/metrics.json,copy,Expose defended confusion metrics under standard metrics.json.,1486
generated,outputs/experiments/uci_har/seed_2026/mlp/ldp/fixed_attacker/source_manifest.json,write,Write main matrix source manifest.,0
outputs/defense/final_thesis/real/uci_har/seed_2026/mlp/ldp/retrain_attacker/confusion.json,outputs/experiments/uci_har/seed_2026/mlp/ldp/retrain_attacker/confusion.json,copy,Normalize main matrix artifact.,2087
outputs/defense/final_thesis/real/uci_har/seed_2026/mlp/ldp/retrain_attacker/classification_report.txt,outputs/experiments/uci_har/seed_2026/mlp/ldp/retrain_attacker/classification_report.txt,copy,Normalize main matrix artifact.,176
outputs/defense/final_thesis/real/uci_har/seed_2026/mlp/ldp/retrain_attacker/trace.json,outputs/experiments/uci_har/seed_2026/mlp/ldp/retrain_attacker/trace.json,copy,Normalize main matrix artifact.,378
outputs/defense/final_thesis/real/uci_har/seed_2026/mlp/ldp/retrain_attacker/defense_report.json,outputs/experiments/uci_har/seed_2026/mlp/ldp/retrain_attacker/defense_report.json,copy,Normalize main matrix artifact.,2054
outputs/defense/final_thesis/real/uci_har/seed_2026/mlp/ldp/retrain_attacker/confusion.json,outputs/experiments/uci_har/seed_2026/mlp/ldp/retrain_attacker/metrics.json,copy,Expose defended confusion metrics under standard metrics.json.,2087
generated,outputs/experiments/uci_har/seed_2026/mlp/ldp/retrain_attacker/source_manifest.json,write,Write main matrix source manifest.,0
outputs/defense/final_thesis/real/uci_har/seed_2026/mlp/noise/fixed_attacker/confusion.json,outputs/experiments/uci_har/seed_2026/mlp/noise/fixed_attacker/confusion.json,copy,Normalize main matrix artifact.,1659
outputs/defense/final_thesis/real/uci_har/seed_2026/mlp/noise/fixed_attacker/classification_report.txt,outputs/experiments/uci_har/seed_2026/mlp/noise/fixed_attacker/classification_report.txt,copy,Normalize main matrix artifact.,176
outputs/defense/final_thesis/real/uci_har/seed_2026/mlp/noise/fixed_attacker/trace.json,outputs/experiments/uci_har/seed_2026/mlp/noise/fixed_attacker/trace.json,copy,Normalize main matrix artifact.,378
outputs/defense/final_thesis/real/uci_har/seed_2026/mlp/noise/fixed_attacker/defense_report.json,outputs/experiments/uci_har/seed_2026/mlp/noise/fixed_attacker/defense_report.json,copy,Normalize main matrix artifact.,2091
outputs/defense/final_thesis/real/uci_har/seed_2026/mlp/noise/fixed_attacker/confusion.json,outputs/experiments/uci_har/seed_2026/mlp/noise/fixed_attacker/metrics.json,copy,Expose defended confusion metrics under standard metrics.json.,1659
generated,outputs/experiments/uci_har/seed_2026/mlp/noise/fixed_attacker/source_manifest.json,write,Write main matrix source manifest.,0
outputs/defense/final_thesis/real/uci_har/seed_2026/mlp/noise/retrain_attacker/confusion.json,outputs/experiments/uci_har/seed_2026/mlp/noise/retrain_attacker/confusion.json,copy,Normalize main matrix artifact.,2060
outputs/defense/final_thesis/real/uci_har/seed_2026/mlp/noise/retrain_attacker/classification_report.txt,outputs/experiments/uci_har/seed_2026/mlp/noise/retrain_attacker/classification_report.txt,copy,Normalize main matrix artifact.,178
outputs/defense/final_thesis/real/uci_har/seed_2026/mlp/noise/retrain_attacker/trace.json,outputs/experiments/uci_har/seed_2026/mlp/noise/retrain_attacker/trace.json,copy,Normalize main matrix artifact.,382
outputs/defense/final_thesis/real/uci_har/seed_2026/mlp/noise/retrain_attacker/defense_report.json,outputs/experiments/uci_har/seed_2026/mlp/noise/retrain_attacker/defense_report.json,copy,Normalize main matrix artifact.,2091
outputs/defense/final_thesis/real/uci_har/seed_2026/mlp/noise/retrain_attacker/confusion.json,outputs/experiments/uci_har/seed_2026/mlp/noise/retrain_attacker/metrics.json,copy,Expose defended confusion metrics under standard metrics.json.,2060
generated,outputs/experiments/uci_har/seed_2026/mlp/noise/retrain_attacker/source_manifest.json,write,Write main matrix source manifest.,0
outputs/defense/real_public_benchmark/kasteren/seed_42/adaptive_ldp/json_reports/lstm_baseline_confusion_test.json,outputs/experiments/kasteren/seed_42/lstm/baseline/baseline_confusion.json,copy,Normalize baseline confusion file.,33090
outputs/defense/real_public_benchmark/kasteren/seed_42/adaptive_ldp/json_reports/lstm_baseline_confusion_test.json,outputs/experiments/kasteren/seed_42/lstm/baseline/baseline_metrics.json,copy,Use baseline confusion metrics as baseline metrics artifact.,33090
generated,outputs/experiments/kasteren/seed_42/lstm/baseline/baseline_classification_report.txt,write,Write derived baseline report from existing metrics.,0
generated,outputs/experiments/kasteren/seed_42/lstm/baseline/source_manifest.json,write,Write baseline source manifest.,0
outputs/defense/final_thesis/real/kasteren/seed_42/lstm/adaptive_ldp/fixed_attacker/confusion.json,outputs/experiments/kasteren/seed_42/lstm/adaptive_ldp/fixed_attacker/confusion.json,copy,Normalize main matrix artifact.,33051
outputs/defense/final_thesis/real/kasteren/seed_42/lstm/adaptive_ldp/fixed_attacker/classification_report.txt,outputs/experiments/kasteren/seed_42/lstm/adaptive_ldp/fixed_attacker/classification_report.txt,copy,Normalize main matrix artifact.,183
outputs/defense/final_thesis/real/kasteren/seed_42/lstm/adaptive_ldp/fixed_attacker/trace.json,outputs/experiments/kasteren/seed_42/lstm/adaptive_ldp/fixed_attacker/trace.json,copy,Normalize main matrix artifact.,391
outputs/defense/final_thesis/real/kasteren/seed_42/lstm/adaptive_ldp/fixed_attacker/defense_report.json,outputs/experiments/kasteren/seed_42/lstm/adaptive_ldp/fixed_attacker/defense_report.json,copy,Normalize main matrix artifact.,5495
outputs/defense/final_thesis/real/kasteren/seed_42/lstm/adaptive_ldp/fixed_attacker/confusion.json,outputs/experiments/kasteren/seed_42/lstm/adaptive_ldp/fixed_attacker/metrics.json,copy,Expose defended confusion metrics under standard metrics.json.,33051
generated,outputs/experiments/kasteren/seed_42/lstm/adaptive_ldp/fixed_attacker/source_manifest.json,write,Write main matrix source manifest.,0
outputs/defense/final_thesis/real/kasteren/seed_42/lstm/adaptive_ldp/retrain_attacker/confusion.json,outputs/experiments/kasteren/seed_42/lstm/adaptive_ldp/retrain_attacker/confusion.json,copy,Normalize main matrix artifact.,33005
outputs/defense/final_thesis/real/kasteren/seed_42/lstm/adaptive_ldp/retrain_attacker/classification_report.txt,outputs/experiments/kasteren/seed_42/lstm/adaptive_ldp/retrain_attacker/classification_report.txt,copy,Normalize main matrix artifact.,185
outputs/defense/final_thesis/real/kasteren/seed_42/lstm/adaptive_ldp/retrain_attacker/trace.json,outputs/experiments/kasteren/seed_42/lstm/adaptive_ldp/retrain_attacker/trace.json,copy,Normalize main matrix artifact.,395
outputs/defense/final_thesis/real/kasteren/seed_42/lstm/adaptive_ldp/retrain_attacker/defense_report.json,outputs/experiments/kasteren/seed_42/lstm/adaptive_ldp/retrain_attacker/defense_report.json,copy,Normalize main matrix artifact.,5495
outputs/defense/final_thesis/real/kasteren/seed_42/lstm/adaptive_ldp/retrain_attacker/confusion.json,outputs/experiments/kasteren/seed_42/lstm/adaptive_ldp/retrain_attacker/metrics.json,copy,Expose defended confusion metrics under standard metrics.json.,33005
generated,outputs/experiments/kasteren/seed_42/lstm/adaptive_ldp/retrain_attacker/source_manifest.json,write,Write main matrix source manifest.,0
outputs/defense/final_thesis/real/kasteren/seed_42/lstm/ldp/fixed_attacker/confusion.json,outputs/experiments/kasteren/seed_42/lstm/ldp/fixed_attacker/confusion.json,copy,Normalize main matrix artifact.,32984
outputs/defense/final_thesis/real/kasteren/seed_42/lstm/ldp/fixed_attacker/classification_report.txt,outputs/experiments/kasteren/seed_42/lstm/ldp/fixed_attacker/classification_report.txt,copy,Normalize main matrix artifact.,174
outputs/defense/final_thesis/real/kasteren/seed_42/lstm/ldp/fixed_attacker/trace.json,outputs/experiments/kasteren/seed_42/lstm/ldp/fixed_attacker/trace.json,copy,Normalize main matrix artifact.,373
outputs/defense/final_thesis/real/kasteren/seed_42/lstm/ldp/fixed_attacker/defense_report.json,outputs/experiments/kasteren/seed_42/lstm/ldp/fixed_attacker/defense_report.json,copy,Normalize main matrix artifact.,5377
outputs/defense/final_thesis/real/kasteren/seed_42/lstm/ldp/fixed_attacker/confusion.json,outputs/experiments/kasteren/seed_42/lstm/ldp/fixed_attacker/metrics.json,copy,Expose defended confusion metrics under standard metrics.json.,32984
generated,outputs/experiments/kasteren/seed_42/lstm/ldp/fixed_attacker/source_manifest.json,write,Write main matrix source manifest.,0
outputs/defense/final_thesis/real/kasteren/seed_42/lstm/ldp/retrain_attacker/confusion.json,outputs/experiments/kasteren/seed_42/lstm/ldp/retrain_attacker/confusion.json,copy,Normalize main matrix artifact.,32978
outputs/defense/final_thesis/real/kasteren/seed_42/lstm/ldp/retrain_attacker/classification_report.txt,outputs/experiments/kasteren/seed_42/lstm/ldp/retrain_attacker/classification_report.txt,copy,Normalize main matrix artifact.,176
outputs/defense/final_thesis/real/kasteren/seed_42/lstm/ldp/retrain_attacker/trace.json,outputs/experiments/kasteren/seed_42/lstm/ldp/retrain_attacker/trace.json,copy,Normalize main matrix artifact.,377
outputs/defense/final_thesis/real/kasteren/seed_42/lstm/ldp/retrain_attacker/defense_report.json,outputs/experiments/kasteren/seed_42/lstm/ldp/retrain_attacker/defense_report.json,copy,Normalize main matrix artifact.,5377
outputs/defense/final_thesis/real/kasteren/seed_42/lstm/ldp/retrain_attacker/confusion.json,outputs/experiments/kasteren/seed_42/lstm/ldp/retrain_attacker/metrics.json,copy,Expose defended confusion metrics under standard metrics.json.,32978
generated,outputs/experiments/kasteren/seed_42/lstm/ldp/retrain_attacker/source_manifest.json,write,Write main matrix source manifest.,0
outputs/defense/final_thesis/real/kasteren/seed_42/lstm/noise/fixed_attacker/confusion.json,outputs/experiments/kasteren/seed_42/lstm/noise/fixed_attacker/confusion.json,copy,Normalize main matrix artifact.,33027
outputs/defense/final_thesis/real/kasteren/seed_42/lstm/noise/fixed_attacker/classification_report.txt,outputs/experiments/kasteren/seed_42/lstm/noise/fixed_attacker/classification_report.txt,copy,Normalize main matrix artifact.,176
outputs/defense/final_thesis/real/kasteren/seed_42/lstm/noise/fixed_attacker/trace.json,outputs/experiments/kasteren/seed_42/lstm/noise/fixed_attacker/trace.json,copy,Normalize main matrix artifact.,377
outputs/defense/final_thesis/real/kasteren/seed_42/lstm/noise/fixed_attacker/defense_report.json,outputs/experiments/kasteren/seed_42/lstm/noise/fixed_attacker/defense_report.json,copy,Normalize main matrix artifact.,5460
outputs/defense/final_thesis/real/kasteren/seed_42/lstm/noise/fixed_attacker/confusion.json,outputs/experiments/kasteren/seed_42/lstm/noise/fixed_attacker/metrics.json,copy,Expose defended confusion metrics under standard metrics.json.,33027
generated,outputs/experiments/kasteren/seed_42/lstm/noise/fixed_attacker/source_manifest.json,write,Write main matrix source manifest.,0
outputs/defense/final_thesis/real/kasteren/seed_42/lstm/noise/retrain_attacker/confusion.json,outputs/experiments/kasteren/seed_42/lstm/noise/retrain_attacker/confusion.json,copy,Normalize main matrix artifact.,32965
outputs/defense/final_thesis/real/kasteren/seed_42/lstm/noise/retrain_attacker/classification_report.txt,outputs/experiments/kasteren/seed_42/lstm/noise/retrain_attacker/classification_report.txt,copy,Normalize main matrix artifact.,178
outputs/defense/final_thesis/real/kasteren/seed_42/lstm/noise/retrain_attacker/trace.json,outputs/experiments/kasteren/seed_42/lstm/noise/retrain_attacker/trace.json,copy,Normalize main matrix artifact.,381
outputs/defense/final_thesis/real/kasteren/seed_42/lstm/noise/retrain_attacker/defense_report.json,outputs/experiments/kasteren/seed_42/lstm/noise/retrain_attacker/defense_report.json,copy,Normalize main matrix artifact.,5460
outputs/defense/final_thesis/real/kasteren/seed_42/lstm/noise/retrain_attacker/confusion.json,outputs/experiments/kasteren/seed_42/lstm/noise/retrain_attacker/metrics.json,copy,Expose defended confusion metrics under standard metrics.json.,32965
generated,outputs/experiments/kasteren/seed_42/lstm/noise/retrain_attacker/source_manifest.json,write,Write main matrix source manifest.,0
outputs/defense/real_public_benchmark/kasteren/seed_42/adaptive_ldp/json_reports/mlp_baseline_confusion_test.json,outputs/experiments/kasteren/seed_42/mlp/baseline/baseline_confusion.json,copy,Normalize baseline confusion file.,33040
outputs/defense/real_public_benchmark/kasteren/seed_42/adaptive_ldp/json_reports/mlp_baseline_confusion_test.json,outputs/experiments/kasteren/seed_42/mlp/baseline/baseline_metrics.json,copy,Use baseline confusion metrics as baseline metrics artifact.,33040
generated,outputs/experiments/kasteren/seed_42/mlp/baseline/baseline_classification_report.txt,write,Write derived baseline report from existing metrics.,0
generated,outputs/experiments/kasteren/seed_42/mlp/baseline/source_manifest.json,write,Write baseline source manifest.,0
outputs/defense/final_thesis/real/kasteren/seed_42/mlp/adaptive_ldp/fixed_attacker/confusion.json,outputs/experiments/kasteren/seed_42/mlp/adaptive_ldp/fixed_attacker/confusion.json,copy,Normalize main matrix artifact.,32976
outputs/defense/final_thesis/real/kasteren/seed_42/mlp/adaptive_ldp/fixed_attacker/classification_report.txt,outputs/experiments/kasteren/seed_42/mlp/adaptive_ldp/fixed_attacker/classification_report.txt,copy,Normalize main matrix artifact.,182
outputs/defense/final_thesis/real/kasteren/seed_42/mlp/adaptive_ldp/fixed_attacker/trace.json,outputs/experiments/kasteren/seed_42/mlp/adaptive_ldp/fixed_attacker/trace.json,copy,Normalize main matrix artifact.,390
outputs/defense/final_thesis/real/kasteren/seed_42/mlp/adaptive_ldp/fixed_attacker/defense_report.json,outputs/experiments/kasteren/seed_42/mlp/adaptive_ldp/fixed_attacker/defense_report.json,copy,Normalize main matrix artifact.,5495
outputs/defense/final_thesis/real/kasteren/seed_42/mlp/adaptive_ldp/fixed_attacker/confusion.json,outputs/experiments/kasteren/seed_42/mlp/adaptive_ldp/fixed_attacker/metrics.json,copy,Expose defended confusion metrics under standard metrics.json.,32976
generated,outputs/experiments/kasteren/seed_42/mlp/adaptive_ldp/fixed_attacker/source_manifest.json,write,Write main matrix source manifest.,0
outputs/defense/final_thesis/real/kasteren/seed_42/mlp/adaptive_ldp/retrain_attacker/confusion.json,outputs/experiments/kasteren/seed_42/mlp/adaptive_ldp/retrain_attacker/confusion.json,copy,Normalize main matrix artifact.,32964
outputs/defense/final_thesis/real/kasteren/seed_42/mlp/adaptive_ldp/retrain_attacker/classification_report.txt,outputs/experiments/kasteren/seed_42/mlp/adaptive_ldp/retrain_attacker/classification_report.txt,copy,Normalize main matrix artifact.,184
outputs/defense/final_thesis/real/kasteren/seed_42/mlp/adaptive_ldp/retrain_attacker/trace.json,outputs/experiments/kasteren/seed_42/mlp/adaptive_ldp/retrain_attacker/trace.json,copy,Normalize main matrix artifact.,394
outputs/defense/final_thesis/real/kasteren/seed_42/mlp/adaptive_ldp/retrain_attacker/defense_report.json,outputs/experiments/kasteren/seed_42/mlp/adaptive_ldp/retrain_attacker/defense_report.json,copy,Normalize main matrix artifact.,5495
outputs/defense/final_thesis/real/kasteren/seed_42/mlp/adaptive_ldp/retrain_attacker/confusion.json,outputs/experiments/kasteren/seed_42/mlp/adaptive_ldp/retrain_attacker/metrics.json,copy,Expose defended confusion metrics under standard metrics.json.,32964
generated,outputs/experiments/kasteren/seed_42/mlp/adaptive_ldp/retrain_attacker/source_manifest.json,write,Write main matrix source manifest.,0
outputs/defense/final_thesis/real/kasteren/seed_42/mlp/ldp/fixed_attacker/confusion.json,outputs/experiments/kasteren/seed_42/mlp/ldp/fixed_attacker/confusion.json,copy,Normalize main matrix artifact.,32894
outputs/defense/final_thesis/real/kasteren/seed_42/mlp/ldp/fixed_attacker/classification_report.txt,outputs/experiments/kasteren/seed_42/mlp/ldp/fixed_attacker/classification_report.txt,copy,Normalize main matrix artifact.,173
outputs/defense/final_thesis/real/kasteren/seed_42/mlp/ldp/fixed_attacker/trace.json,outputs/experiments/kasteren/seed_42/mlp/ldp/fixed_attacker/trace.json,copy,Normalize main matrix artifact.,372
outputs/defense/final_thesis/real/kasteren/seed_42/mlp/ldp/fixed_attacker/defense_report.json,outputs/experiments/kasteren/seed_42/mlp/ldp/fixed_attacker/defense_report.json,copy,Normalize main matrix artifact.,5377
outputs/defense/final_thesis/real/kasteren/seed_42/mlp/ldp/fixed_attacker/confusion.json,outputs/experiments/kasteren/seed_42/mlp/ldp/fixed_attacker/metrics.json,copy,Expose defended confusion metrics under standard metrics.json.,32894
generated,outputs/experiments/kasteren/seed_42/mlp/ldp/fixed_attacker/source_manifest.json,write,Write main matrix source manifest.,0
outputs/defense/final_thesis/real/kasteren/seed_42/mlp/ldp/retrain_attacker/confusion.json,outputs/experiments/kasteren/seed_42/mlp/ldp/retrain_attacker/confusion.json,copy,Normalize main matrix artifact.,32971
outputs/defense/final_thesis/real/kasteren/seed_42/mlp/ldp/retrain_attacker/classification_report.txt,outputs/experiments/kasteren/seed_42/mlp/ldp/retrain_attacker/classification_report.txt,copy,Normalize main matrix artifact.,175
outputs/defense/final_thesis/real/kasteren/seed_42/mlp/ldp/retrain_attacker/trace.json,outputs/experiments/kasteren/seed_42/mlp/ldp/retrain_attacker/trace.json,copy,Normalize main matrix artifact.,376
outputs/defense/final_thesis/real/kasteren/seed_42/mlp/ldp/retrain_attacker/defense_report.json,outputs/experiments/kasteren/seed_42/mlp/ldp/retrain_attacker/defense_report.json,copy,Normalize main matrix artifact.,5377
outputs/defense/final_thesis/real/kasteren/seed_42/mlp/ldp/retrain_attacker/confusion.json,outputs/experiments/kasteren/seed_42/mlp/ldp/retrain_attacker/metrics.json,copy,Expose defended confusion metrics under standard metrics.json.,32971
generated,outputs/experiments/kasteren/seed_42/mlp/ldp/retrain_attacker/source_manifest.json,write,Write main matrix source manifest.,0
outputs/defense/final_thesis/real/kasteren/seed_42/mlp/noise/fixed_attacker/confusion.json,outputs/experiments/kasteren/seed_42/mlp/noise/fixed_attacker/confusion.json,copy,Normalize main matrix artifact.,32955
outputs/defense/final_thesis/real/kasteren/seed_42/mlp/noise/fixed_attacker/classification_report.txt,outputs/experiments/kasteren/seed_42/mlp/noise/fixed_attacker/classification_report.txt,copy,Normalize main matrix artifact.,175
outputs/defense/final_thesis/real/kasteren/seed_42/mlp/noise/fixed_attacker/trace.json,outputs/experiments/kasteren/seed_42/mlp/noise/fixed_attacker/trace.json,copy,Normalize main matrix artifact.,376
outputs/defense/final_thesis/real/kasteren/seed_42/mlp/noise/fixed_attacker/defense_report.json,outputs/experiments/kasteren/seed_42/mlp/noise/fixed_attacker/defense_report.json,copy,Normalize main matrix artifact.,5460
outputs/defense/final_thesis/real/kasteren/seed_42/mlp/noise/fixed_attacker/confusion.json,outputs/experiments/kasteren/seed_42/mlp/noise/fixed_attacker/metrics.json,copy,Expose defended confusion metrics under standard metrics.json.,32955
generated,outputs/experiments/kasteren/seed_42/mlp/noise/fixed_attacker/source_manifest.json,write,Write main matrix source manifest.,0
outputs/defense/final_thesis/real/kasteren/seed_42/mlp/noise/retrain_attacker/confusion.json,outputs/experiments/kasteren/seed_42/mlp/noise/retrain_attacker/confusion.json,copy,Normalize main matrix artifact.,32989
outputs/defense/final_thesis/real/kasteren/seed_42/mlp/noise/retrain_attacker/classification_report.txt,outputs/experiments/kasteren/seed_42/mlp/noise/retrain_attacker/classification_report.txt,copy,Normalize main matrix artifact.,177
outputs/defense/final_thesis/real/kasteren/seed_42/mlp/noise/retrain_attacker/trace.json,outputs/experiments/kasteren/seed_42/mlp/noise/retrain_attacker/trace.json,copy,Normalize main matrix artifact.,380
outputs/defense/final_thesis/real/kasteren/seed_42/mlp/noise/retrain_attacker/defense_report.json,outputs/experiments/kasteren/seed_42/mlp/noise/retrain_attacker/defense_report.json,copy,Normalize main matrix artifact.,5460
outputs/defense/final_thesis/real/kasteren/seed_42/mlp/noise/retrain_attacker/confusion.json,outputs/experiments/kasteren/seed_42/mlp/noise/retrain_attacker/metrics.json,copy,Expose defended confusion metrics under standard metrics.json.,32989
generated,outputs/experiments/kasteren/seed_42/mlp/noise/retrain_attacker/source_manifest.json,write,Write main matrix source manifest.,0
outputs/defense/real_public_benchmark/kasteren/seed_123/adaptive_ldp/json_reports/lstm_baseline_confusion_test.json,outputs/experiments/kasteren/seed_123/lstm/baseline/baseline_confusion.json,copy,Normalize baseline confusion file.,33141
outputs/defense/real_public_benchmark/kasteren/seed_123/adaptive_ldp/json_reports/lstm_baseline_confusion_test.json,outputs/experiments/kasteren/seed_123/lstm/baseline/baseline_metrics.json,copy,Use baseline confusion metrics as baseline metrics artifact.,33141
generated,outputs/experiments/kasteren/seed_123/lstm/baseline/baseline_classification_report.txt,write,Write derived baseline report from existing metrics.,0
generated,outputs/experiments/kasteren/seed_123/lstm/baseline/source_manifest.json,write,Write baseline source manifest.,0
outputs/defense/final_thesis/real/kasteren/seed_123/lstm/adaptive_ldp/fixed_attacker/confusion.json,outputs/experiments/kasteren/seed_123/lstm/adaptive_ldp/fixed_attacker/confusion.json,copy,Normalize main matrix artifact.,33010
outputs/defense/final_thesis/real/kasteren/seed_123/lstm/adaptive_ldp/fixed_attacker/classification_report.txt,outputs/experiments/kasteren/seed_123/lstm/adaptive_ldp/fixed_attacker/classification_report.txt,copy,Normalize main matrix artifact.,184
outputs/defense/final_thesis/real/kasteren/seed_123/lstm/adaptive_ldp/fixed_attacker/trace.json,outputs/experiments/kasteren/seed_123/lstm/adaptive_ldp/fixed_attacker/trace.json,copy,Normalize main matrix artifact.,393
outputs/defense/final_thesis/real/kasteren/seed_123/lstm/adaptive_ldp/fixed_attacker/defense_report.json,outputs/experiments/kasteren/seed_123/lstm/adaptive_ldp/fixed_attacker/defense_report.json,copy,Normalize main matrix artifact.,5434
outputs/defense/final_thesis/real/kasteren/seed_123/lstm/adaptive_ldp/fixed_attacker/confusion.json,outputs/experiments/kasteren/seed_123/lstm/adaptive_ldp/fixed_attacker/metrics.json,copy,Expose defended confusion metrics under standard metrics.json.,33010
generated,outputs/experiments/kasteren/seed_123/lstm/adaptive_ldp/fixed_attacker/source_manifest.json,write,Write main matrix source manifest.,0
outputs/defense/final_thesis/real/kasteren/seed_123/lstm/adaptive_ldp/retrain_attacker/confusion.json,outputs/experiments/kasteren/seed_123/lstm/adaptive_ldp/retrain_attacker/confusion.json,copy,Normalize main matrix artifact.,33038
outputs/defense/final_thesis/real/kasteren/seed_123/lstm/adaptive_ldp/retrain_attacker/classification_report.txt,outputs/experiments/kasteren/seed_123/lstm/adaptive_ldp/retrain_attacker/classification_report.txt,copy,Normalize main matrix artifact.,186
outputs/defense/final_thesis/real/kasteren/seed_123/lstm/adaptive_ldp/retrain_attacker/trace.json,outputs/experiments/kasteren/seed_123/lstm/adaptive_ldp/retrain_attacker/trace.json,copy,Normalize main matrix artifact.,397
outputs/defense/final_thesis/real/kasteren/seed_123/lstm/adaptive_ldp/retrain_attacker/defense_report.json,outputs/experiments/kasteren/seed_123/lstm/adaptive_ldp/retrain_attacker/defense_report.json,copy,Normalize main matrix artifact.,5434
outputs/defense/final_thesis/real/kasteren/seed_123/lstm/adaptive_ldp/retrain_attacker/confusion.json,outputs/experiments/kasteren/seed_123/lstm/adaptive_ldp/retrain_attacker/metrics.json,copy,Expose defended confusion metrics under standard metrics.json.,33038
generated,outputs/experiments/kasteren/seed_123/lstm/adaptive_ldp/retrain_attacker/source_manifest.json,write,Write main matrix source manifest.,0
outputs/defense/final_thesis/real/kasteren/seed_123/lstm/ldp/fixed_attacker/confusion.json,outputs/experiments/kasteren/seed_123/lstm/ldp/fixed_attacker/confusion.json,copy,Normalize main matrix artifact.,32983
outputs/defense/final_thesis/real/kasteren/seed_123/lstm/ldp/fixed_attacker/classification_report.txt,outputs/experiments/kasteren/seed_123/lstm/ldp/fixed_attacker/classification_report.txt,copy,Normalize main matrix artifact.,175
outputs/defense/final_thesis/real/kasteren/seed_123/lstm/ldp/fixed_attacker/trace.json,outputs/experiments/kasteren/seed_123/lstm/ldp/fixed_attacker/trace.json,copy,Normalize main matrix artifact.,375
outputs/defense/final_thesis/real/kasteren/seed_123/lstm/ldp/fixed_attacker/defense_report.json,outputs/experiments/kasteren/seed_123/lstm/ldp/fixed_attacker/defense_report.json,copy,Normalize main matrix artifact.,5424
outputs/defense/final_thesis/real/kasteren/seed_123/lstm/ldp/fixed_attacker/confusion.json,outputs/experiments/kasteren/seed_123/lstm/ldp/fixed_attacker/metrics.json,copy,Expose defended confusion metrics under standard metrics.json.,32983
generated,outputs/experiments/kasteren/seed_123/lstm/ldp/fixed_attacker/source_manifest.json,write,Write main matrix source manifest.,0
outputs/defense/final_thesis/real/kasteren/seed_123/lstm/ldp/retrain_attacker/confusion.json,outputs/experiments/kasteren/seed_123/lstm/ldp/retrain_attacker/confusion.json,copy,Normalize main matrix artifact.,33024
outputs/defense/final_thesis/real/kasteren/seed_123/lstm/ldp/retrain_attacker/classification_report.txt,outputs/experiments/kasteren/seed_123/lstm/ldp/retrain_attacker/classification_report.txt,copy,Normalize main matrix artifact.,177
outputs/defense/final_thesis/real/kasteren/seed_123/lstm/ldp/retrain_attacker/trace.json,outputs/experiments/kasteren/seed_123/lstm/ldp/retrain_attacker/trace.json,copy,Normalize main matrix artifact.,379
outputs/defense/final_thesis/real/kasteren/seed_123/lstm/ldp/retrain_attacker/defense_report.json,outputs/experiments/kasteren/seed_123/lstm/ldp/retrain_attacker/defense_report.json,copy,Normalize main matrix artifact.,5424
outputs/defense/final_thesis/real/kasteren/seed_123/lstm/ldp/retrain_attacker/confusion.json,outputs/experiments/kasteren/seed_123/lstm/ldp/retrain_attacker/metrics.json,copy,Expose defended confusion metrics under standard metrics.json.,33024
generated,outputs/experiments/kasteren/seed_123/lstm/ldp/retrain_attacker/source_manifest.json,write,Write main matrix source manifest.,0
outputs/defense/final_thesis/real/kasteren/seed_123/lstm/noise/fixed_attacker/confusion.json,outputs/experiments/kasteren/seed_123/lstm/noise/fixed_attacker/confusion.json,copy,Normalize main matrix artifact.,33110
outputs/defense/final_thesis/real/kasteren/seed_123/lstm/noise/fixed_attacker/classification_report.txt,outputs/experiments/kasteren/seed_123/lstm/noise/fixed_attacker/classification_report.txt,copy,Normalize main matrix artifact.,177
outputs/defense/final_thesis/real/kasteren/seed_123/lstm/noise/fixed_attacker/trace.json,outputs/experiments/kasteren/seed_123/lstm/noise/fixed_attacker/trace.json,copy,Normalize main matrix artifact.,379
outputs/defense/final_thesis/real/kasteren/seed_123/lstm/noise/fixed_attacker/defense_report.json,outputs/experiments/kasteren/seed_123/lstm/noise/fixed_attacker/defense_report.json,copy,Normalize main matrix artifact.,5427
outputs/defense/final_thesis/real/kasteren/seed_123/lstm/noise/fixed_attacker/confusion.json,outputs/experiments/kasteren/seed_123/lstm/noise/fixed_attacker/metrics.json,copy,Expose defended confusion metrics under standard metrics.json.,33110
generated,outputs/experiments/kasteren/seed_123/lstm/noise/fixed_attacker/source_manifest.json,write,Write main matrix source manifest.,0
outputs/defense/final_thesis/real/kasteren/seed_123/lstm/noise/retrain_attacker/confusion.json,outputs/experiments/kasteren/seed_123/lstm/noise/retrain_attacker/confusion.json,copy,Normalize main matrix artifact.,33063
outputs/defense/final_thesis/real/kasteren/seed_123/lstm/noise/retrain_attacker/classification_report.txt,outputs/experiments/kasteren/seed_123/lstm/noise/retrain_attacker/classification_report.txt,copy,Normalize main matrix artifact.,179
outputs/defense/final_thesis/real/kasteren/seed_123/lstm/noise/retrain_attacker/trace.json,outputs/experiments/kasteren/seed_123/lstm/noise/retrain_attacker/trace.json,copy,Normalize main matrix artifact.,383
outputs/defense/final_thesis/real/kasteren/seed_123/lstm/noise/retrain_attacker/defense_report.json,outputs/experiments/kasteren/seed_123/lstm/noise/retrain_attacker/defense_report.json,copy,Normalize main matrix artifact.,5427
outputs/defense/final_thesis/real/kasteren/seed_123/lstm/noise/retrain_attacker/confusion.json,outputs/experiments/kasteren/seed_123/lstm/noise/retrain_attacker/metrics.json,copy,Expose defended confusion metrics under standard metrics.json.,33063
generated,outputs/experiments/kasteren/seed_123/lstm/noise/retrain_attacker/source_manifest.json,write,Write main matrix source manifest.,0
outputs/defense/real_public_benchmark/kasteren/seed_123/adaptive_ldp/json_reports/mlp_baseline_confusion_test.json,outputs/experiments/kasteren/seed_123/mlp/baseline/baseline_confusion.json,copy,Normalize baseline confusion file.,33032
outputs/defense/real_public_benchmark/kasteren/seed_123/adaptive_ldp/json_reports/mlp_baseline_confusion_test.json,outputs/experiments/kasteren/seed_123/mlp/baseline/baseline_metrics.json,copy,Use baseline confusion metrics as baseline metrics artifact.,33032
generated,outputs/experiments/kasteren/seed_123/mlp/baseline/baseline_classification_report.txt,write,Write derived baseline report from existing metrics.,0
generated,outputs/experiments/kasteren/seed_123/mlp/baseline/source_manifest.json,write,Write baseline source manifest.,0
outputs/defense/final_thesis/real/kasteren/seed_123/mlp/adaptive_ldp/fixed_attacker/confusion.json,outputs/experiments/kasteren/seed_123/mlp/adaptive_ldp/fixed_attacker/confusion.json,copy,Normalize main matrix artifact.,32962
outputs/defense/final_thesis/real/kasteren/seed_123/mlp/adaptive_ldp/fixed_attacker/classification_report.txt,outputs/experiments/kasteren/seed_123/mlp/adaptive_ldp/fixed_attacker/classification_report.txt,copy,Normalize main matrix artifact.,183
outputs/defense/final_thesis/real/kasteren/seed_123/mlp/adaptive_ldp/fixed_attacker/trace.json,outputs/experiments/kasteren/seed_123/mlp/adaptive_ldp/fixed_attacker/trace.json,copy,Normalize main matrix artifact.,392
outputs/defense/final_thesis/real/kasteren/seed_123/mlp/adaptive_ldp/fixed_attacker/defense_report.json,outputs/experiments/kasteren/seed_123/mlp/adaptive_ldp/fixed_attacker/defense_report.json,copy,Normalize main matrix artifact.,5434
outputs/defense/final_thesis/real/kasteren/seed_123/mlp/adaptive_ldp/fixed_attacker/confusion.json,outputs/experiments/kasteren/seed_123/mlp/adaptive_ldp/fixed_attacker/metrics.json,copy,Expose defended confusion metrics under standard metrics.json.,32962
generated,outputs/experiments/kasteren/seed_123/mlp/adaptive_ldp/fixed_attacker/source_manifest.json,write,Write main matrix source manifest.,0
outputs/defense/final_thesis/real/kasteren/seed_123/mlp/adaptive_ldp/retrain_attacker/confusion.json,outputs/experiments/kasteren/seed_123/mlp/adaptive_ldp/retrain_attacker/confusion.json,copy,Normalize main matrix artifact.,32991
outputs/defense/final_thesis/real/kasteren/seed_123/mlp/adaptive_ldp/retrain_attacker/classification_report.txt,outputs/experiments/kasteren/seed_123/mlp/adaptive_ldp/retrain_attacker/classification_report.txt,copy,Normalize main matrix artifact.,185
outputs/defense/final_thesis/real/kasteren/seed_123/mlp/adaptive_ldp/retrain_attacker/trace.json,outputs/experiments/kasteren/seed_123/mlp/adaptive_ldp/retrain_attacker/trace.json,copy,Normalize main matrix artifact.,396
outputs/defense/final_thesis/real/kasteren/seed_123/mlp/adaptive_ldp/retrain_attacker/defense_report.json,outputs/experiments/kasteren/seed_123/mlp/adaptive_ldp/retrain_attacker/defense_report.json,copy,Normalize main matrix artifact.,5434
outputs/defense/final_thesis/real/kasteren/seed_123/mlp/adaptive_ldp/retrain_attacker/confusion.json,outputs/experiments/kasteren/seed_123/mlp/adaptive_ldp/retrain_attacker/metrics.json,copy,Expose defended confusion metrics under standard metrics.json.,32991
generated,outputs/experiments/kasteren/seed_123/mlp/adaptive_ldp/retrain_attacker/source_manifest.json,write,Write main matrix source manifest.,0
outputs/defense/final_thesis/real/kasteren/seed_123/mlp/ldp/fixed_attacker/confusion.json,outputs/experiments/kasteren/seed_123/mlp/ldp/fixed_attacker/confusion.json,copy,Normalize main matrix artifact.,32966
outputs/defense/final_thesis/real/kasteren/seed_123/mlp/ldp/fixed_attacker/classification_report.txt,outputs/experiments/kasteren/seed_123/mlp/ldp/fixed_attacker/classification_report.txt,copy,Normalize main matrix artifact.,174
outputs/defense/final_thesis/real/kasteren/seed_123/mlp/ldp/fixed_attacker/trace.json,outputs/experiments/kasteren/seed_123/mlp/ldp/fixed_attacker/trace.json,copy,Normalize main matrix artifact.,374
outputs/defense/final_thesis/real/kasteren/seed_123/mlp/ldp/fixed_attacker/defense_report.json,outputs/experiments/kasteren/seed_123/mlp/ldp/fixed_attacker/defense_report.json,copy,Normalize main matrix artifact.,5424
outputs/defense/final_thesis/real/kasteren/seed_123/mlp/ldp/fixed_attacker/confusion.json,outputs/experiments/kasteren/seed_123/mlp/ldp/fixed_attacker/metrics.json,copy,Expose defended confusion metrics under standard metrics.json.,32966
generated,outputs/experiments/kasteren/seed_123/mlp/ldp/fixed_attacker/source_manifest.json,write,Write main matrix source manifest.,0
outputs/defense/final_thesis/real/kasteren/seed_123/mlp/ldp/retrain_attacker/confusion.json,outputs/experiments/kasteren/seed_123/mlp/ldp/retrain_attacker/confusion.json,copy,Normalize main matrix artifact.,32973
outputs/defense/final_thesis/real/kasteren/seed_123/mlp/ldp/retrain_attacker/classification_report.txt,outputs/experiments/kasteren/seed_123/mlp/ldp/retrain_attacker/classification_report.txt,copy,Normalize main matrix artifact.,176
outputs/defense/final_thesis/real/kasteren/seed_123/mlp/ldp/retrain_attacker/trace.json,outputs/experiments/kasteren/seed_123/mlp/ldp/retrain_attacker/trace.json,copy,Normalize main matrix artifact.,378
outputs/defense/final_thesis/real/kasteren/seed_123/mlp/ldp/retrain_attacker/defense_report.json,outputs/experiments/kasteren/seed_123/mlp/ldp/retrain_attacker/defense_report.json,copy,Normalize main matrix artifact.,5424
outputs/defense/final_thesis/real/kasteren/seed_123/mlp/ldp/retrain_attacker/confusion.json,outputs/experiments/kasteren/seed_123/mlp/ldp/retrain_attacker/metrics.json,copy,Expose defended confusion metrics under standard metrics.json.,32973
generated,outputs/experiments/kasteren/seed_123/mlp/ldp/retrain_attacker/source_manifest.json,write,Write main matrix source manifest.,0
outputs/defense/final_thesis/real/kasteren/seed_123/mlp/noise/fixed_attacker/confusion.json,outputs/experiments/kasteren/seed_123/mlp/noise/fixed_attacker/confusion.json,copy,Normalize main matrix artifact.,32959
outputs/defense/final_thesis/real/kasteren/seed_123/mlp/noise/fixed_attacker/classification_report.txt,outputs/experiments/kasteren/seed_123/mlp/noise/fixed_attacker/classification_report.txt,copy,Normalize main matrix artifact.,176
outputs/defense/final_thesis/real/kasteren/seed_123/mlp/noise/fixed_attacker/trace.json,outputs/experiments/kasteren/seed_123/mlp/noise/fixed_attacker/trace.json,copy,Normalize main matrix artifact.,378
outputs/defense/final_thesis/real/kasteren/seed_123/mlp/noise/fixed_attacker/defense_report.json,outputs/experiments/kasteren/seed_123/mlp/noise/fixed_attacker/defense_report.json,copy,Normalize main matrix artifact.,5427
outputs/defense/final_thesis/real/kasteren/seed_123/mlp/noise/fixed_attacker/confusion.json,outputs/experiments/kasteren/seed_123/mlp/noise/fixed_attacker/metrics.json,copy,Expose defended confusion metrics under standard metrics.json.,32959
generated,outputs/experiments/kasteren/seed_123/mlp/noise/fixed_attacker/source_manifest.json,write,Write main matrix source manifest.,0
outputs/defense/final_thesis/real/kasteren/seed_123/mlp/noise/retrain_attacker/confusion.json,outputs/experiments/kasteren/seed_123/mlp/noise/retrain_attacker/confusion.json,copy,Normalize main matrix artifact.,32982
outputs/defense/final_thesis/real/kasteren/seed_123/mlp/noise/retrain_attacker/classification_report.txt,outputs/experiments/kasteren/seed_123/mlp/noise/retrain_attacker/classification_report.txt,copy,Normalize main matrix artifact.,178
outputs/defense/final_thesis/real/kasteren/seed_123/mlp/noise/retrain_attacker/trace.json,outputs/experiments/kasteren/seed_123/mlp/noise/retrain_attacker/trace.json,copy,Normalize main matrix artifact.,382
outputs/defense/final_thesis/real/kasteren/seed_123/mlp/noise/retrain_attacker/defense_report.json,outputs/experiments/kasteren/seed_123/mlp/noise/retrain_attacker/defense_report.json,copy,Normalize main matrix artifact.,5427
outputs/defense/final_thesis/real/kasteren/seed_123/mlp/noise/retrain_attacker/confusion.json,outputs/experiments/kasteren/seed_123/mlp/noise/retrain_attacker/metrics.json,copy,Expose defended confusion metrics under standard metrics.json.,32982
generated,outputs/experiments/kasteren/seed_123/mlp/noise/retrain_attacker/source_manifest.json,write,Write main matrix source manifest.,0
outputs/defense/real_public_benchmark/kasteren/seed_2026/adaptive_ldp/json_reports/lstm_baseline_confusion_test.json,outputs/experiments/kasteren/seed_2026/lstm/baseline/baseline_confusion.json,copy,Normalize baseline confusion file.,33103
outputs/defense/real_public_benchmark/kasteren/seed_2026/adaptive_ldp/json_reports/lstm_baseline_confusion_test.json,outputs/experiments/kasteren/seed_2026/lstm/baseline/baseline_metrics.json,copy,Use baseline confusion metrics as baseline metrics artifact.,33103
generated,outputs/experiments/kasteren/seed_2026/lstm/baseline/baseline_classification_report.txt,write,Write derived baseline report from existing metrics.,0
generated,outputs/experiments/kasteren/seed_2026/lstm/baseline/source_manifest.json,write,Write baseline source manifest.,0
outputs/defense/final_thesis/real/kasteren/seed_2026/lstm/adaptive_ldp/fixed_attacker/confusion.json,outputs/experiments/kasteren/seed_2026/lstm/adaptive_ldp/fixed_attacker/confusion.json,copy,Normalize main matrix artifact.,32985
outputs/defense/final_thesis/real/kasteren/seed_2026/lstm/adaptive_ldp/fixed_attacker/classification_report.txt,outputs/experiments/kasteren/seed_2026/lstm/adaptive_ldp/fixed_attacker/classification_report.txt,copy,Normalize main matrix artifact.,185
outputs/defense/final_thesis/real/kasteren/seed_2026/lstm/adaptive_ldp/fixed_attacker/trace.json,outputs/experiments/kasteren/seed_2026/lstm/adaptive_ldp/fixed_attacker/trace.json,copy,Normalize main matrix artifact.,395
outputs/defense/final_thesis/real/kasteren/seed_2026/lstm/adaptive_ldp/fixed_attacker/defense_report.json,outputs/experiments/kasteren/seed_2026/lstm/adaptive_ldp/fixed_attacker/defense_report.json,copy,Normalize main matrix artifact.,5464
outputs/defense/final_thesis/real/kasteren/seed_2026/lstm/adaptive_ldp/fixed_attacker/confusion.json,outputs/experiments/kasteren/seed_2026/lstm/adaptive_ldp/fixed_attacker/metrics.json,copy,Expose defended confusion metrics under standard metrics.json.,32985
generated,outputs/experiments/kasteren/seed_2026/lstm/adaptive_ldp/fixed_attacker/source_manifest.json,write,Write main matrix source manifest.,0
outputs/defense/final_thesis/real/kasteren/seed_2026/lstm/adaptive_ldp/retrain_attacker/confusion.json,outputs/experiments/kasteren/seed_2026/lstm/adaptive_ldp/retrain_attacker/confusion.json,copy,Normalize main matrix artifact.,32993
outputs/defense/final_thesis/real/kasteren/seed_2026/lstm/adaptive_ldp/retrain_attacker/classification_report.txt,outputs/experiments/kasteren/seed_2026/lstm/adaptive_ldp/retrain_attacker/classification_report.txt,copy,Normalize main matrix artifact.,187
outputs/defense/final_thesis/real/kasteren/seed_2026/lstm/adaptive_ldp/retrain_attacker/trace.json,outputs/experiments/kasteren/seed_2026/lstm/adaptive_ldp/retrain_attacker/trace.json,copy,Normalize main matrix artifact.,399
outputs/defense/final_thesis/real/kasteren/seed_2026/lstm/adaptive_ldp/retrain_attacker/defense_report.json,outputs/experiments/kasteren/seed_2026/lstm/adaptive_ldp/retrain_attacker/defense_report.json,copy,Normalize main matrix artifact.,5464
outputs/defense/final_thesis/real/kasteren/seed_2026/lstm/adaptive_ldp/retrain_attacker/confusion.json,outputs/experiments/kasteren/seed_2026/lstm/adaptive_ldp/retrain_attacker/metrics.json,copy,Expose defended confusion metrics under standard metrics.json.,32993
generated,outputs/experiments/kasteren/seed_2026/lstm/adaptive_ldp/retrain_attacker/source_manifest.json,write,Write main matrix source manifest.,0
outputs/defense/final_thesis/real/kasteren/seed_2026/lstm/ldp/fixed_attacker/confusion.json,outputs/experiments/kasteren/seed_2026/lstm/ldp/fixed_attacker/confusion.json,copy,Normalize main matrix artifact.,32990
outputs/defense/final_thesis/real/kasteren/seed_2026/lstm/ldp/fixed_attacker/classification_report.txt,outputs/experiments/kasteren/seed_2026/lstm/ldp/fixed_attacker/classification_report.txt,copy,Normalize main matrix artifact.,176
outputs/defense/final_thesis/real/kasteren/seed_2026/lstm/ldp/fixed_attacker/trace.json,outputs/experiments/kasteren/seed_2026/lstm/ldp/fixed_attacker/trace.json,copy,Normalize main matrix artifact.,377
outputs/defense/final_thesis/real/kasteren/seed_2026/lstm/ldp/fixed_attacker/defense_report.json,outputs/experiments/kasteren/seed_2026/lstm/ldp/fixed_attacker/defense_report.json,copy,Normalize main matrix artifact.,5470
outputs/defense/final_thesis/real/kasteren/seed_2026/lstm/ldp/fixed_attacker/confusion.json,outputs/experiments/kasteren/seed_2026/lstm/ldp/fixed_attacker/metrics.json,copy,Expose defended confusion metrics under standard metrics.json.,32990
generated,outputs/experiments/kasteren/seed_2026/lstm/ldp/fixed_attacker/source_manifest.json,write,Write main matrix source manifest.,0
outputs/defense/final_thesis/real/kasteren/seed_2026/lstm/ldp/retrain_attacker/confusion.json,outputs/experiments/kasteren/seed_2026/lstm/ldp/retrain_attacker/confusion.json,copy,Normalize main matrix artifact.,32989
outputs/defense/final_thesis/real/kasteren/seed_2026/lstm/ldp/retrain_attacker/classification_report.txt,outputs/experiments/kasteren/seed_2026/lstm/ldp/retrain_attacker/classification_report.txt,copy,Normalize main matrix artifact.,178
outputs/defense/final_thesis/real/kasteren/seed_2026/lstm/ldp/retrain_attacker/trace.json,outputs/experiments/kasteren/seed_2026/lstm/ldp/retrain_attacker/trace.json,copy,Normalize main matrix artifact.,381
outputs/defense/final_thesis/real/kasteren/seed_2026/lstm/ldp/retrain_attacker/defense_report.json,outputs/experiments/kasteren/seed_2026/lstm/ldp/retrain_attacker/defense_report.json,copy,Normalize main matrix artifact.,5470
outputs/defense/final_thesis/real/kasteren/seed_2026/lstm/ldp/retrain_attacker/confusion.json,outputs/experiments/kasteren/seed_2026/lstm/ldp/retrain_attacker/metrics.json,copy,Expose defended confusion metrics under standard metrics.json.,32989
generated,outputs/experiments/kasteren/seed_2026/lstm/ldp/retrain_attacker/source_manifest.json,write,Write main matrix source manifest.,0
outputs/defense/final_thesis/real/kasteren/seed_2026/lstm/noise/fixed_attacker/confusion.json,outputs/experiments/kasteren/seed_2026/lstm/noise/fixed_attacker/confusion.json,copy,Normalize main matrix artifact.,33035
outputs/defense/final_thesis/real/kasteren/seed_2026/lstm/noise/fixed_attacker/classification_report.txt,outputs/experiments/kasteren/seed_2026/lstm/noise/fixed_attacker/classification_report.txt,copy,Normalize main matrix artifact.,178
outputs/defense/final_thesis/real/kasteren/seed_2026/lstm/noise/fixed_attacker/trace.json,outputs/experiments/kasteren/seed_2026/lstm/noise/fixed_attacker/trace.json,copy,Normalize main matrix artifact.,381
outputs/defense/final_thesis/real/kasteren/seed_2026/lstm/noise/fixed_attacker/defense_report.json,outputs/experiments/kasteren/seed_2026/lstm/noise/fixed_attacker/defense_report.json,copy,Normalize main matrix artifact.,5455
outputs/defense/final_thesis/real/kasteren/seed_2026/lstm/noise/fixed_attacker/confusion.json,outputs/experiments/kasteren/seed_2026/lstm/noise/fixed_attacker/metrics.json,copy,Expose defended confusion metrics under standard metrics.json.,33035
generated,outputs/experiments/kasteren/seed_2026/lstm/noise/fixed_attacker/source_manifest.json,write,Write main matrix source manifest.,0
outputs/defense/final_thesis/real/kasteren/seed_2026/lstm/noise/retrain_attacker/confusion.json,outputs/experiments/kasteren/seed_2026/lstm/noise/retrain_attacker/confusion.json,copy,Normalize main matrix artifact.,32989
outputs/defense/final_thesis/real/kasteren/seed_2026/lstm/noise/retrain_attacker/classification_report.txt,outputs/experiments/kasteren/seed_2026/lstm/noise/retrain_attacker/classification_report.txt,copy,Normalize main matrix artifact.,180
outputs/defense/final_thesis/real/kasteren/seed_2026/lstm/noise/retrain_attacker/trace.json,outputs/experiments/kasteren/seed_2026/lstm/noise/retrain_attacker/trace.json,copy,Normalize main matrix artifact.,385
outputs/defense/final_thesis/real/kasteren/seed_2026/lstm/noise/retrain_attacker/defense_report.json,outputs/experiments/kasteren/seed_2026/lstm/noise/retrain_attacker/defense_report.json,copy,Normalize main matrix artifact.,5455
outputs/defense/final_thesis/real/kasteren/seed_2026/lstm/noise/retrain_attacker/confusion.json,outputs/experiments/kasteren/seed_2026/lstm/noise/retrain_attacker/metrics.json,copy,Expose defended confusion metrics under standard metrics.json.,32989
generated,outputs/experiments/kasteren/seed_2026/lstm/noise/retrain_attacker/source_manifest.json,write,Write main matrix source manifest.,0
outputs/defense/real_public_benchmark/kasteren/seed_2026/adaptive_ldp/json_reports/mlp_baseline_confusion_test.json,outputs/experiments/kasteren/seed_2026/mlp/baseline/baseline_confusion.json,copy,Normalize baseline confusion file.,33046
outputs/defense/real_public_benchmark/kasteren/seed_2026/adaptive_ldp/json_reports/mlp_baseline_confusion_test.json,outputs/experiments/kasteren/seed_2026/mlp/baseline/baseline_metrics.json,copy,Use baseline confusion metrics as baseline metrics artifact.,33046
generated,outputs/experiments/kasteren/seed_2026/mlp/baseline/baseline_classification_report.txt,write,Write derived baseline report from existing metrics.,0
generated,outputs/experiments/kasteren/seed_2026/mlp/baseline/source_manifest.json,write,Write baseline source manifest.,0
outputs/defense/final_thesis/real/kasteren/seed_2026/mlp/adaptive_ldp/fixed_attacker/confusion.json,outputs/experiments/kasteren/seed_2026/mlp/adaptive_ldp/fixed_attacker/confusion.json,copy,Normalize main matrix artifact.,32980
outputs/defense/final_thesis/real/kasteren/seed_2026/mlp/adaptive_ldp/fixed_attacker/classification_report.txt,outputs/experiments/kasteren/seed_2026/mlp/adaptive_ldp/fixed_attacker/classification_report.txt,copy,Normalize main matrix artifact.,184
outputs/defense/final_thesis/real/kasteren/seed_2026/mlp/adaptive_ldp/fixed_attacker/trace.json,outputs/experiments/kasteren/seed_2026/mlp/adaptive_ldp/fixed_attacker/trace.json,copy,Normalize main matrix artifact.,394
outputs/defense/final_thesis/real/kasteren/seed_2026/mlp/adaptive_ldp/fixed_attacker/defense_report.json,outputs/experiments/kasteren/seed_2026/mlp/adaptive_ldp/fixed_attacker/defense_report.json,copy,Normalize main matrix artifact.,5464
outputs/defense/final_thesis/real/kasteren/seed_2026/mlp/adaptive_ldp/fixed_attacker/confusion.json,outputs/experiments/kasteren/seed_2026/mlp/adaptive_ldp/fixed_attacker/metrics.json,copy,Expose defended confusion metrics under standard metrics.json.,32980
generated,outputs/experiments/kasteren/seed_2026/mlp/adaptive_ldp/fixed_attacker/source_manifest.json,write,Write main matrix source manifest.,0
outputs/defense/final_thesis/real/kasteren/seed_2026/mlp/adaptive_ldp/retrain_attacker/confusion.json,outputs/experiments/kasteren/seed_2026/mlp/adaptive_ldp/retrain_attacker/confusion.json,copy,Normalize main matrix artifact.,32944
outputs/defense/final_thesis/real/kasteren/seed_2026/mlp/adaptive_ldp/retrain_attacker/classification_report.txt,outputs/experiments/kasteren/seed_2026/mlp/adaptive_ldp/retrain_attacker/classification_report.txt,copy,Normalize main matrix artifact.,186
outputs/defense/final_thesis/real/kasteren/seed_2026/mlp/adaptive_ldp/retrain_attacker/trace.json,outputs/experiments/kasteren/seed_2026/mlp/adaptive_ldp/retrain_attacker/trace.json,copy,Normalize main matrix artifact.,398
outputs/defense/final_thesis/real/kasteren/seed_2026/mlp/adaptive_ldp/retrain_attacker/defense_report.json,outputs/experiments/kasteren/seed_2026/mlp/adaptive_ldp/retrain_attacker/defense_report.json,copy,Normalize main matrix artifact.,5464
outputs/defense/final_thesis/real/kasteren/seed_2026/mlp/adaptive_ldp/retrain_attacker/confusion.json,outputs/experiments/kasteren/seed_2026/mlp/adaptive_ldp/retrain_attacker/metrics.json,copy,Expose defended confusion metrics under standard metrics.json.,32944
generated,outputs/experiments/kasteren/seed_2026/mlp/adaptive_ldp/retrain_attacker/source_manifest.json,write,Write main matrix source manifest.,0
outputs/defense/final_thesis/real/kasteren/seed_2026/mlp/ldp/fixed_attacker/confusion.json,outputs/experiments/kasteren/seed_2026/mlp/ldp/fixed_attacker/confusion.json,copy,Normalize main matrix artifact.,32978
outputs/defense/final_thesis/real/kasteren/seed_2026/mlp/ldp/fixed_attacker/classification_report.txt,outputs/experiments/kasteren/seed_2026/mlp/ldp/fixed_attacker/classification_report.txt,copy,Normalize main matrix artifact.,175
outputs/defense/final_thesis/real/kasteren/seed_2026/mlp/ldp/fixed_attacker/trace.json,outputs/experiments/kasteren/seed_2026/mlp/ldp/fixed_attacker/trace.json,copy,Normalize main matrix artifact.,376
outputs/defense/final_thesis/real/kasteren/seed_2026/mlp/ldp/fixed_attacker/defense_report.json,outputs/experiments/kasteren/seed_2026/mlp/ldp/fixed_attacker/defense_report.json,copy,Normalize main matrix artifact.,5470
outputs/defense/final_thesis/real/kasteren/seed_2026/mlp/ldp/fixed_attacker/confusion.json,outputs/experiments/kasteren/seed_2026/mlp/ldp/fixed_attacker/metrics.json,copy,Expose defended confusion metrics under standard metrics.json.,32978
generated,outputs/experiments/kasteren/seed_2026/mlp/ldp/fixed_attacker/source_manifest.json,write,Write main matrix source manifest.,0
outputs/defense/final_thesis/real/kasteren/seed_2026/mlp/ldp/retrain_attacker/confusion.json,outputs/experiments/kasteren/seed_2026/mlp/ldp/retrain_attacker/confusion.json,copy,Normalize main matrix artifact.,32964
outputs/defense/final_thesis/real/kasteren/seed_2026/mlp/ldp/retrain_attacker/classification_report.txt,outputs/experiments/kasteren/seed_2026/mlp/ldp/retrain_attacker/classification_report.txt,copy,Normalize main matrix artifact.,177
outputs/defense/final_thesis/real/kasteren/seed_2026/mlp/ldp/retrain_attacker/trace.json,outputs/experiments/kasteren/seed_2026/mlp/ldp/retrain_attacker/trace.json,copy,Normalize main matrix artifact.,380
outputs/defense/final_thesis/real/kasteren/seed_2026/mlp/ldp/retrain_attacker/defense_report.json,outputs/experiments/kasteren/seed_2026/mlp/ldp/retrain_attacker/defense_report.json,copy,Normalize main matrix artifact.,5470
outputs/defense/final_thesis/real/kasteren/seed_2026/mlp/ldp/retrain_attacker/confusion.json,outputs/experiments/kasteren/seed_2026/mlp/ldp/retrain_attacker/metrics.json,copy,Expose defended confusion metrics under standard metrics.json.,32964
generated,outputs/experiments/kasteren/seed_2026/mlp/ldp/retrain_attacker/source_manifest.json,write,Write main matrix source manifest.,0
outputs/defense/final_thesis/real/kasteren/seed_2026/mlp/noise/fixed_attacker/confusion.json,outputs/experiments/kasteren/seed_2026/mlp/noise/fixed_attacker/confusion.json,copy,Normalize main matrix artifact.,32992
outputs/defense/final_thesis/real/kasteren/seed_2026/mlp/noise/fixed_attacker/classification_report.txt,outputs/experiments/kasteren/seed_2026/mlp/noise/fixed_attacker/classification_report.txt,copy,Normalize main matrix artifact.,177
outputs/defense/final_thesis/real/kasteren/seed_2026/mlp/noise/fixed_attacker/trace.json,outputs/experiments/kasteren/seed_2026/mlp/noise/fixed_attacker/trace.json,copy,Normalize main matrix artifact.,380
outputs/defense/final_thesis/real/kasteren/seed_2026/mlp/noise/fixed_attacker/defense_report.json,outputs/experiments/kasteren/seed_2026/mlp/noise/fixed_attacker/defense_report.json,copy,Normalize main matrix artifact.,5455
outputs/defense/final_thesis/real/kasteren/seed_2026/mlp/noise/fixed_attacker/confusion.json,outputs/experiments/kasteren/seed_2026/mlp/noise/fixed_attacker/metrics.json,copy,Expose defended confusion metrics under standard metrics.json.,32992
generated,outputs/experiments/kasteren/seed_2026/mlp/noise/fixed_attacker/source_manifest.json,write,Write main matrix source manifest.,0
outputs/defense/final_thesis/real/kasteren/seed_2026/mlp/noise/retrain_attacker/confusion.json,outputs/experiments/kasteren/seed_2026/mlp/noise/retrain_attacker/confusion.json,copy,Normalize main matrix artifact.,32975
outputs/defense/final_thesis/real/kasteren/seed_2026/mlp/noise/retrain_attacker/classification_report.txt,outputs/experiments/kasteren/seed_2026/mlp/noise/retrain_attacker/classification_report.txt,copy,Normalize main matrix artifact.,179
outputs/defense/final_thesis/real/kasteren/seed_2026/mlp/noise/retrain_attacker/trace.json,outputs/experiments/kasteren/seed_2026/mlp/noise/retrain_attacker/trace.json,copy,Normalize main matrix artifact.,384
outputs/defense/final_thesis/real/kasteren/seed_2026/mlp/noise/retrain_attacker/defense_report.json,outputs/experiments/kasteren/seed_2026/mlp/noise/retrain_attacker/defense_report.json,copy,Normalize main matrix artifact.,5455
outputs/defense/final_thesis/real/kasteren/seed_2026/mlp/noise/retrain_attacker/confusion.json,outputs/experiments/kasteren/seed_2026/mlp/noise/retrain_attacker/metrics.json,copy,Expose defended confusion metrics under standard metrics.json.,32975
generated,outputs/experiments/kasteren/seed_2026/mlp/noise/retrain_attacker/source_manifest.json,write,Write main matrix source manifest.,0
outputs/defense/real_public_benchmark/casas_hh101/seed_42/adaptive_ldp/json_reports/lstm_baseline_confusion_test.json,outputs/experiments/casas_hh101/seed_42/lstm/baseline/baseline_confusion.json,copy,Normalize baseline confusion file.,15351
outputs/defense/real_public_benchmark/casas_hh101/seed_42/adaptive_ldp/json_reports/lstm_baseline_confusion_test.json,outputs/experiments/casas_hh101/seed_42/lstm/baseline/baseline_metrics.json,copy,Use baseline confusion metrics as baseline metrics artifact.,15351
generated,outputs/experiments/casas_hh101/seed_42/lstm/baseline/baseline_classification_report.txt,write,Write derived baseline report from existing metrics.,0
generated,outputs/experiments/casas_hh101/seed_42/lstm/baseline/source_manifest.json,write,Write baseline source manifest.,0
outputs/defense/final_thesis/real/casas_hh101/seed_42/lstm/adaptive_ldp/fixed_attacker/confusion.json,outputs/experiments/casas_hh101/seed_42/lstm/adaptive_ldp/fixed_attacker/confusion.json,copy,Normalize main matrix artifact.,15515
outputs/defense/final_thesis/real/casas_hh101/seed_42/lstm/adaptive_ldp/fixed_attacker/classification_report.txt,outputs/experiments/casas_hh101/seed_42/lstm/adaptive_ldp/fixed_attacker/classification_report.txt,copy,Normalize main matrix artifact.,186
outputs/defense/final_thesis/real/casas_hh101/seed_42/lstm/adaptive_ldp/fixed_attacker/trace.json,outputs/experiments/casas_hh101/seed_42/lstm/adaptive_ldp/fixed_attacker/trace.json,copy,Normalize main matrix artifact.,397
outputs/defense/final_thesis/real/casas_hh101/seed_42/lstm/adaptive_ldp/fixed_attacker/defense_report.json,outputs/experiments/casas_hh101/seed_42/lstm/adaptive_ldp/fixed_attacker/defense_report.json,copy,Normalize main matrix artifact.,5293
outputs/defense/final_thesis/real/casas_hh101/seed_42/lstm/adaptive_ldp/fixed_attacker/confusion.json,outputs/experiments/casas_hh101/seed_42/lstm/adaptive_ldp/fixed_attacker/metrics.json,copy,Expose defended confusion metrics under standard metrics.json.,15515
generated,outputs/experiments/casas_hh101/seed_42/lstm/adaptive_ldp/fixed_attacker/source_manifest.json,write,Write main matrix source manifest.,0
outputs/defense/final_thesis/real/casas_hh101/seed_42/lstm/adaptive_ldp/retrain_attacker/confusion.json,outputs/experiments/casas_hh101/seed_42/lstm/adaptive_ldp/retrain_attacker/confusion.json,copy,Normalize main matrix artifact.,15373
outputs/defense/final_thesis/real/casas_hh101/seed_42/lstm/adaptive_ldp/retrain_attacker/classification_report.txt,outputs/experiments/casas_hh101/seed_42/lstm/adaptive_ldp/retrain_attacker/classification_report.txt,copy,Normalize main matrix artifact.,188
outputs/defense/final_thesis/real/casas_hh101/seed_42/lstm/adaptive_ldp/retrain_attacker/trace.json,outputs/experiments/casas_hh101/seed_42/lstm/adaptive_ldp/retrain_attacker/trace.json,copy,Normalize main matrix artifact.,401
outputs/defense/final_thesis/real/casas_hh101/seed_42/lstm/adaptive_ldp/retrain_attacker/defense_report.json,outputs/experiments/casas_hh101/seed_42/lstm/adaptive_ldp/retrain_attacker/defense_report.json,copy,Normalize main matrix artifact.,5293
outputs/defense/final_thesis/real/casas_hh101/seed_42/lstm/adaptive_ldp/retrain_attacker/confusion.json,outputs/experiments/casas_hh101/seed_42/lstm/adaptive_ldp/retrain_attacker/metrics.json,copy,Expose defended confusion metrics under standard metrics.json.,15373
generated,outputs/experiments/casas_hh101/seed_42/lstm/adaptive_ldp/retrain_attacker/source_manifest.json,write,Write main matrix source manifest.,0
outputs/defense/final_thesis/real/casas_hh101/seed_42/lstm/ldp/fixed_attacker/confusion.json,outputs/experiments/casas_hh101/seed_42/lstm/ldp/fixed_attacker/confusion.json,copy,Normalize main matrix artifact.,15353
outputs/defense/final_thesis/real/casas_hh101/seed_42/lstm/ldp/fixed_attacker/classification_report.txt,outputs/experiments/casas_hh101/seed_42/lstm/ldp/fixed_attacker/classification_report.txt,copy,Normalize main matrix artifact.,177
outputs/defense/final_thesis/real/casas_hh101/seed_42/lstm/ldp/fixed_attacker/trace.json,outputs/experiments/casas_hh101/seed_42/lstm/ldp/fixed_attacker/trace.json,copy,Normalize main matrix artifact.,379
outputs/defense/final_thesis/real/casas_hh101/seed_42/lstm/ldp/fixed_attacker/defense_report.json,outputs/experiments/casas_hh101/seed_42/lstm/ldp/fixed_attacker/defense_report.json,copy,Normalize main matrix artifact.,5314
outputs/defense/final_thesis/real/casas_hh101/seed_42/lstm/ldp/fixed_attacker/confusion.json,outputs/experiments/casas_hh101/seed_42/lstm/ldp/fixed_attacker/metrics.json,copy,Expose defended confusion metrics under standard metrics.json.,15353
generated,outputs/experiments/casas_hh101/seed_42/lstm/ldp/fixed_attacker/source_manifest.json,write,Write main matrix source manifest.,0
outputs/defense/final_thesis/real/casas_hh101/seed_42/lstm/ldp/retrain_attacker/confusion.json,outputs/experiments/casas_hh101/seed_42/lstm/ldp/retrain_attacker/confusion.json,copy,Normalize main matrix artifact.,15426
outputs/defense/final_thesis/real/casas_hh101/seed_42/lstm/ldp/retrain_attacker/classification_report.txt,outputs/experiments/casas_hh101/seed_42/lstm/ldp/retrain_attacker/classification_report.txt,copy,Normalize main matrix artifact.,179
outputs/defense/final_thesis/real/casas_hh101/seed_42/lstm/ldp/retrain_attacker/trace.json,outputs/experiments/casas_hh101/seed_42/lstm/ldp/retrain_attacker/trace.json,copy,Normalize main matrix artifact.,383
outputs/defense/final_thesis/real/casas_hh101/seed_42/lstm/ldp/retrain_attacker/defense_report.json,outputs/experiments/casas_hh101/seed_42/lstm/ldp/retrain_attacker/defense_report.json,copy,Normalize main matrix artifact.,5314
outputs/defense/final_thesis/real/casas_hh101/seed_42/lstm/ldp/retrain_attacker/confusion.json,outputs/experiments/casas_hh101/seed_42/lstm/ldp/retrain_attacker/metrics.json,copy,Expose defended confusion metrics under standard metrics.json.,15426
generated,outputs/experiments/casas_hh101/seed_42/lstm/ldp/retrain_attacker/source_manifest.json,write,Write main matrix source manifest.,0
outputs/defense/final_thesis/real/casas_hh101/seed_42/lstm/noise/fixed_attacker/confusion.json,outputs/experiments/casas_hh101/seed_42/lstm/noise/fixed_attacker/confusion.json,copy,Normalize main matrix artifact.,15496
outputs/defense/final_thesis/real/casas_hh101/seed_42/lstm/noise/fixed_attacker/classification_report.txt,outputs/experiments/casas_hh101/seed_42/lstm/noise/fixed_attacker/classification_report.txt,copy,Normalize main matrix artifact.,179
outputs/defense/final_thesis/real/casas_hh101/seed_42/lstm/noise/fixed_attacker/trace.json,outputs/experiments/casas_hh101/seed_42/lstm/noise/fixed_attacker/trace.json,copy,Normalize main matrix artifact.,383
outputs/defense/final_thesis/real/casas_hh101/seed_42/lstm/noise/fixed_attacker/defense_report.json,outputs/experiments/casas_hh101/seed_42/lstm/noise/fixed_attacker/defense_report.json,copy,Normalize main matrix artifact.,5260
outputs/defense/final_thesis/real/casas_hh101/seed_42/lstm/noise/fixed_attacker/confusion.json,outputs/experiments/casas_hh101/seed_42/lstm/noise/fixed_attacker/metrics.json,copy,Expose defended confusion metrics under standard metrics.json.,15496
generated,outputs/experiments/casas_hh101/seed_42/lstm/noise/fixed_attacker/source_manifest.json,write,Write main matrix source manifest.,0
outputs/defense/final_thesis/real/casas_hh101/seed_42/lstm/noise/retrain_attacker/confusion.json,outputs/experiments/casas_hh101/seed_42/lstm/noise/retrain_attacker/confusion.json,copy,Normalize main matrix artifact.,15402
outputs/defense/final_thesis/real/casas_hh101/seed_42/lstm/noise/retrain_attacker/classification_report.txt,outputs/experiments/casas_hh101/seed_42/lstm/noise/retrain_attacker/classification_report.txt,copy,Normalize main matrix artifact.,181
outputs/defense/final_thesis/real/casas_hh101/seed_42/lstm/noise/retrain_attacker/trace.json,outputs/experiments/casas_hh101/seed_42/lstm/noise/retrain_attacker/trace.json,copy,Normalize main matrix artifact.,387
outputs/defense/final_thesis/real/casas_hh101/seed_42/lstm/noise/retrain_attacker/defense_report.json,outputs/experiments/casas_hh101/seed_42/lstm/noise/retrain_attacker/defense_report.json,copy,Normalize main matrix artifact.,5260
outputs/defense/final_thesis/real/casas_hh101/seed_42/lstm/noise/retrain_attacker/confusion.json,outputs/experiments/casas_hh101/seed_42/lstm/noise/retrain_attacker/metrics.json,copy,Expose defended confusion metrics under standard metrics.json.,15402
generated,outputs/experiments/casas_hh101/seed_42/lstm/noise/retrain_attacker/source_manifest.json,write,Write main matrix source manifest.,0
outputs/defense/real_public_benchmark/casas_hh101/seed_42/adaptive_ldp/json_reports/mlp_baseline_confusion_test.json,outputs/experiments/casas_hh101/seed_42/mlp/baseline/baseline_confusion.json,copy,Normalize baseline confusion file.,15449
outputs/defense/real_public_benchmark/casas_hh101/seed_42/adaptive_ldp/json_reports/mlp_baseline_confusion_test.json,outputs/experiments/casas_hh101/seed_42/mlp/baseline/baseline_metrics.json,copy,Use baseline confusion metrics as baseline metrics artifact.,15449
generated,outputs/experiments/casas_hh101/seed_42/mlp/baseline/baseline_classification_report.txt,write,Write derived baseline report from existing metrics.,0
generated,outputs/experiments/casas_hh101/seed_42/mlp/baseline/source_manifest.json,write,Write baseline source manifest.,0
outputs/defense/final_thesis/real/casas_hh101/seed_42/mlp/adaptive_ldp/fixed_attacker/confusion.json,outputs/experiments/casas_hh101/seed_42/mlp/adaptive_ldp/fixed_attacker/confusion.json,copy,Normalize main matrix artifact.,14952
outputs/defense/final_thesis/real/casas_hh101/seed_42/mlp/adaptive_ldp/fixed_attacker/classification_report.txt,outputs/experiments/casas_hh101/seed_42/mlp/adaptive_ldp/fixed_attacker/classification_report.txt,copy,Normalize main matrix artifact.,185
outputs/defense/final_thesis/real/casas_hh101/seed_42/mlp/adaptive_ldp/fixed_attacker/trace.json,outputs/experiments/casas_hh101/seed_42/mlp/adaptive_ldp/fixed_attacker/trace.json,copy,Normalize main matrix artifact.,396
outputs/defense/final_thesis/real/casas_hh101/seed_42/mlp/adaptive_ldp/fixed_attacker/defense_report.json,outputs/experiments/casas_hh101/seed_42/mlp/adaptive_ldp/fixed_attacker/defense_report.json,copy,Normalize main matrix artifact.,5293
outputs/defense/final_thesis/real/casas_hh101/seed_42/mlp/adaptive_ldp/fixed_attacker/confusion.json,outputs/experiments/casas_hh101/seed_42/mlp/adaptive_ldp/fixed_attacker/metrics.json,copy,Expose defended confusion metrics under standard metrics.json.,14952
generated,outputs/experiments/casas_hh101/seed_42/mlp/adaptive_ldp/fixed_attacker/source_manifest.json,write,Write main matrix source manifest.,0
outputs/defense/final_thesis/real/casas_hh101/seed_42/mlp/adaptive_ldp/retrain_attacker/confusion.json,outputs/experiments/casas_hh101/seed_42/mlp/adaptive_ldp/retrain_attacker/confusion.json,copy,Normalize main matrix artifact.,15317
outputs/defense/final_thesis/real/casas_hh101/seed_42/mlp/adaptive_ldp/retrain_attacker/classification_report.txt,outputs/experiments/casas_hh101/seed_42/mlp/adaptive_ldp/retrain_attacker/classification_report.txt,copy,Normalize main matrix artifact.,187
outputs/defense/final_thesis/real/casas_hh101/seed_42/mlp/adaptive_ldp/retrain_attacker/trace.json,outputs/experiments/casas_hh101/seed_42/mlp/adaptive_ldp/retrain_attacker/trace.json,copy,Normalize main matrix artifact.,400
outputs/defense/final_thesis/real/casas_hh101/seed_42/mlp/adaptive_ldp/retrain_attacker/defense_report.json,outputs/experiments/casas_hh101/seed_42/mlp/adaptive_ldp/retrain_attacker/defense_report.json,copy,Normalize main matrix artifact.,5293
outputs/defense/final_thesis/real/casas_hh101/seed_42/mlp/adaptive_ldp/retrain_attacker/confusion.json,outputs/experiments/casas_hh101/seed_42/mlp/adaptive_ldp/retrain_attacker/metrics.json,copy,Expose defended confusion metrics under standard metrics.json.,15317
generated,outputs/experiments/casas_hh101/seed_42/mlp/adaptive_ldp/retrain_attacker/source_manifest.json,write,Write main matrix source manifest.,0
outputs/defense/final_thesis/real/casas_hh101/seed_42/mlp/ldp/fixed_attacker/confusion.json,outputs/experiments/casas_hh101/seed_42/mlp/ldp/fixed_attacker/confusion.json,copy,Normalize main matrix artifact.,14981
outputs/defense/final_thesis/real/casas_hh101/seed_42/mlp/ldp/fixed_attacker/classification_report.txt,outputs/experiments/casas_hh101/seed_42/mlp/ldp/fixed_attacker/classification_report.txt,copy,Normalize main matrix artifact.,176
outputs/defense/final_thesis/real/casas_hh101/seed_42/mlp/ldp/fixed_attacker/trace.json,outputs/experiments/casas_hh101/seed_42/mlp/ldp/fixed_attacker/trace.json,copy,Normalize main matrix artifact.,378
outputs/defense/final_thesis/real/casas_hh101/seed_42/mlp/ldp/fixed_attacker/defense_report.json,outputs/experiments/casas_hh101/seed_42/mlp/ldp/fixed_attacker/defense_report.json,copy,Normalize main matrix artifact.,5314
outputs/defense/final_thesis/real/casas_hh101/seed_42/mlp/ldp/fixed_attacker/confusion.json,outputs/experiments/casas_hh101/seed_42/mlp/ldp/fixed_attacker/metrics.json,copy,Expose defended confusion metrics under standard metrics.json.,14981
generated,outputs/experiments/casas_hh101/seed_42/mlp/ldp/fixed_attacker/source_manifest.json,write,Write main matrix source manifest.,0
outputs/defense/final_thesis/real/casas_hh101/seed_42/mlp/ldp/retrain_attacker/confusion.json,outputs/experiments/casas_hh101/seed_42/mlp/ldp/retrain_attacker/confusion.json,copy,Normalize main matrix artifact.,15332
outputs/defense/final_thesis/real/casas_hh101/seed_42/mlp/ldp/retrain_attacker/classification_report.txt,outputs/experiments/casas_hh101/seed_42/mlp/ldp/retrain_attacker/classification_report.txt,copy,Normalize main matrix artifact.,178
outputs/defense/final_thesis/real/casas_hh101/seed_42/mlp/ldp/retrain_attacker/trace.json,outputs/experiments/casas_hh101/seed_42/mlp/ldp/retrain_attacker/trace.json,copy,Normalize main matrix artifact.,382
outputs/defense/final_thesis/real/casas_hh101/seed_42/mlp/ldp/retrain_attacker/defense_report.json,outputs/experiments/casas_hh101/seed_42/mlp/ldp/retrain_attacker/defense_report.json,copy,Normalize main matrix artifact.,5314
outputs/defense/final_thesis/real/casas_hh101/seed_42/mlp/ldp/retrain_attacker/confusion.json,outputs/experiments/casas_hh101/seed_42/mlp/ldp/retrain_attacker/metrics.json,copy,Expose defended confusion metrics under standard metrics.json.,15332
generated,outputs/experiments/casas_hh101/seed_42/mlp/ldp/retrain_attacker/source_manifest.json,write,Write main matrix source manifest.,0
outputs/defense/final_thesis/real/casas_hh101/seed_42/mlp/noise/fixed_attacker/confusion.json,outputs/experiments/casas_hh101/seed_42/mlp/noise/fixed_attacker/confusion.json,copy,Normalize main matrix artifact.,14905
outputs/defense/final_thesis/real/casas_hh101/seed_42/mlp/noise/fixed_attacker/classification_report.txt,outputs/experiments/casas_hh101/seed_42/mlp/noise/fixed_attacker/classification_report.txt,copy,Normalize main matrix artifact.,178
outputs/defense/final_thesis/real/casas_hh101/seed_42/mlp/noise/fixed_attacker/trace.json,outputs/experiments/casas_hh101/seed_42/mlp/noise/fixed_attacker/trace.json,copy,Normalize main matrix artifact.,382
outputs/defense/final_thesis/real/casas_hh101/seed_42/mlp/noise/fixed_attacker/defense_report.json,outputs/experiments/casas_hh101/seed_42/mlp/noise/fixed_attacker/defense_report.json,copy,Normalize main matrix artifact.,5260
outputs/defense/final_thesis/real/casas_hh101/seed_42/mlp/noise/fixed_attacker/confusion.json,outputs/experiments/casas_hh101/seed_42/mlp/noise/fixed_attacker/metrics.json,copy,Expose defended confusion metrics under standard metrics.json.,14905
generated,outputs/experiments/casas_hh101/seed_42/mlp/noise/fixed_attacker/source_manifest.json,write,Write main matrix source manifest.,0
outputs/defense/final_thesis/real/casas_hh101/seed_42/mlp/noise/retrain_attacker/confusion.json,outputs/experiments/casas_hh101/seed_42/mlp/noise/retrain_attacker/confusion.json,copy,Normalize main matrix artifact.,15379
outputs/defense/final_thesis/real/casas_hh101/seed_42/mlp/noise/retrain_attacker/classification_report.txt,outputs/experiments/casas_hh101/seed_42/mlp/noise/retrain_attacker/classification_report.txt,copy,Normalize main matrix artifact.,180
outputs/defense/final_thesis/real/casas_hh101/seed_42/mlp/noise/retrain_attacker/trace.json,outputs/experiments/casas_hh101/seed_42/mlp/noise/retrain_attacker/trace.json,copy,Normalize main matrix artifact.,386
outputs/defense/final_thesis/real/casas_hh101/seed_42/mlp/noise/retrain_attacker/defense_report.json,outputs/experiments/casas_hh101/seed_42/mlp/noise/retrain_attacker/defense_report.json,copy,Normalize main matrix artifact.,5260
outputs/defense/final_thesis/real/casas_hh101/seed_42/mlp/noise/retrain_attacker/confusion.json,outputs/experiments/casas_hh101/seed_42/mlp/noise/retrain_attacker/metrics.json,copy,Expose defended confusion metrics under standard metrics.json.,15379
generated,outputs/experiments/casas_hh101/seed_42/mlp/noise/retrain_attacker/source_manifest.json,write,Write main matrix source manifest.,0
outputs/defense/real_public_benchmark/casas_hh101/seed_123/adaptive_ldp/json_reports/lstm_baseline_confusion_test.json,outputs/experiments/casas_hh101/seed_123/lstm/baseline/baseline_confusion.json,copy,Normalize baseline confusion file.,15414
outputs/defense/real_public_benchmark/casas_hh101/seed_123/adaptive_ldp/json_reports/lstm_baseline_confusion_test.json,outputs/experiments/casas_hh101/seed_123/lstm/baseline/baseline_metrics.json,copy,Use baseline confusion metrics as baseline metrics artifact.,15414
generated,outputs/experiments/casas_hh101/seed_123/lstm/baseline/baseline_classification_report.txt,write,Write derived baseline report from existing metrics.,0
generated,outputs/experiments/casas_hh101/seed_123/lstm/baseline/source_manifest.json,write,Write baseline source manifest.,0
outputs/defense/final_thesis/real/casas_hh101/seed_123/lstm/adaptive_ldp/fixed_attacker/confusion.json,outputs/experiments/casas_hh101/seed_123/lstm/adaptive_ldp/fixed_attacker/confusion.json,copy,Normalize main matrix artifact.,15474
outputs/defense/final_thesis/real/casas_hh101/seed_123/lstm/adaptive_ldp/fixed_attacker/classification_report.txt,outputs/experiments/casas_hh101/seed_123/lstm/adaptive_ldp/fixed_attacker/classification_report.txt,copy,Normalize main matrix artifact.,187
outputs/defense/final_thesis/real/casas_hh101/seed_123/lstm/adaptive_ldp/fixed_attacker/trace.json,outputs/experiments/casas_hh101/seed_123/lstm/adaptive_ldp/fixed_attacker/trace.json,copy,Normalize main matrix artifact.,399
outputs/defense/final_thesis/real/casas_hh101/seed_123/lstm/adaptive_ldp/fixed_attacker/defense_report.json,outputs/experiments/casas_hh101/seed_123/lstm/adaptive_ldp/fixed_attacker/defense_report.json,copy,Normalize main matrix artifact.,5288
outputs/defense/final_thesis/real/casas_hh101/seed_123/lstm/adaptive_ldp/fixed_attacker/confusion.json,outputs/experiments/casas_hh101/seed_123/lstm/adaptive_ldp/fixed_attacker/metrics.json,copy,Expose defended confusion metrics under standard metrics.json.,15474
generated,outputs/experiments/casas_hh101/seed_123/lstm/adaptive_ldp/fixed_attacker/source_manifest.json,write,Write main matrix source manifest.,0
outputs/defense/final_thesis/real/casas_hh101/seed_123/lstm/adaptive_ldp/retrain_attacker/confusion.json,outputs/experiments/casas_hh101/seed_123/lstm/adaptive_ldp/retrain_attacker/confusion.json,copy,Normalize main matrix artifact.,15376
outputs/defense/final_thesis/real/casas_hh101/seed_123/lstm/adaptive_ldp/retrain_attacker/classification_report.txt,outputs/experiments/casas_hh101/seed_123/lstm/adaptive_ldp/retrain_attacker/classification_report.txt,copy,Normalize main matrix artifact.,189
outputs/defense/final_thesis/real/casas_hh101/seed_123/lstm/adaptive_ldp/retrain_attacker/trace.json,outputs/experiments/casas_hh101/seed_123/lstm/adaptive_ldp/retrain_attacker/trace.json,copy,Normalize main matrix artifact.,403
outputs/defense/final_thesis/real/casas_hh101/seed_123/lstm/adaptive_ldp/retrain_attacker/defense_report.json,outputs/experiments/casas_hh101/seed_123/lstm/adaptive_ldp/retrain_attacker/defense_report.json,copy,Normalize main matrix artifact.,5288
outputs/defense/final_thesis/real/casas_hh101/seed_123/lstm/adaptive_ldp/retrain_attacker/confusion.json,outputs/experiments/casas_hh101/seed_123/lstm/adaptive_ldp/retrain_attacker/metrics.json,copy,Expose defended confusion metrics under standard metrics.json.,15376
generated,outputs/experiments/casas_hh101/seed_123/lstm/adaptive_ldp/retrain_attacker/source_manifest.json,write,Write main matrix source manifest.,0
outputs/defense/final_thesis/real/casas_hh101/seed_123/lstm/ldp/fixed_attacker/confusion.json,outputs/experiments/casas_hh101/seed_123/lstm/ldp/fixed_attacker/confusion.json,copy,Normalize main matrix artifact.,15244
outputs/defense/final_thesis/real/casas_hh101/seed_123/lstm/ldp/fixed_attacker/classification_report.txt,outputs/experiments/casas_hh101/seed_123/lstm/ldp/fixed_attacker/classification_report.txt,copy,Normalize main matrix artifact.,178
outputs/defense/final_thesis/real/casas_hh101/seed_123/lstm/ldp/fixed_attacker/trace.json,outputs/experiments/casas_hh101/seed_123/lstm/ldp/fixed_attacker/trace.json,copy,Normalize main matrix artifact.,381
outputs/defense/final_thesis/real/casas_hh101/seed_123/lstm/ldp/fixed_attacker/defense_report.json,outputs/experiments/casas_hh101/seed_123/lstm/ldp/fixed_attacker/defense_report.json,copy,Normalize main matrix artifact.,5282
outputs/defense/final_thesis/real/casas_hh101/seed_123/lstm/ldp/fixed_attacker/confusion.json,outputs/experiments/casas_hh101/seed_123/lstm/ldp/fixed_attacker/metrics.json,copy,Expose defended confusion metrics under standard metrics.json.,15244
generated,outputs/experiments/casas_hh101/seed_123/lstm/ldp/fixed_attacker/source_manifest.json,write,Write main matrix source manifest.,0
outputs/defense/final_thesis/real/casas_hh101/seed_123/lstm/ldp/retrain_attacker/confusion.json,outputs/experiments/casas_hh101/seed_123/lstm/ldp/retrain_attacker/confusion.json,copy,Normalize main matrix artifact.,15402
outputs/defense/final_thesis/real/casas_hh101/seed_123/lstm/ldp/retrain_attacker/classification_report.txt,outputs/experiments/casas_hh101/seed_123/lstm/ldp/retrain_attacker/classification_report.txt,copy,Normalize main matrix artifact.,180
outputs/defense/final_thesis/real/casas_hh101/seed_123/lstm/ldp/retrain_attacker/trace.json,outputs/experiments/casas_hh101/seed_123/lstm/ldp/retrain_attacker/trace.json,copy,Normalize main matrix artifact.,385
outputs/defense/final_thesis/real/casas_hh101/seed_123/lstm/ldp/retrain_attacker/defense_report.json,outputs/experiments/casas_hh101/seed_123/lstm/ldp/retrain_attacker/defense_report.json,copy,Normalize main matrix artifact.,5282
outputs/defense/final_thesis/real/casas_hh101/seed_123/lstm/ldp/retrain_attacker/confusion.json,outputs/experiments/casas_hh101/seed_123/lstm/ldp/retrain_attacker/metrics.json,copy,Expose defended confusion metrics under standard metrics.json.,15402
generated,outputs/experiments/casas_hh101/seed_123/lstm/ldp/retrain_attacker/source_manifest.json,write,Write main matrix source manifest.,0
outputs/defense/final_thesis/real/casas_hh101/seed_123/lstm/noise/fixed_attacker/confusion.json,outputs/experiments/casas_hh101/seed_123/lstm/noise/fixed_attacker/confusion.json,copy,Normalize main matrix artifact.,15446
outputs/defense/final_thesis/real/casas_hh101/seed_123/lstm/noise/fixed_attacker/classification_report.txt,outputs/experiments/casas_hh101/seed_123/lstm/noise/fixed_attacker/classification_report.txt,copy,Normalize main matrix artifact.,180
outputs/defense/final_thesis/real/casas_hh101/seed_123/lstm/noise/fixed_attacker/trace.json,outputs/experiments/casas_hh101/seed_123/lstm/noise/fixed_attacker/trace.json,copy,Normalize main matrix artifact.,385
outputs/defense/final_thesis/real/casas_hh101/seed_123/lstm/noise/fixed_attacker/defense_report.json,outputs/experiments/casas_hh101/seed_123/lstm/noise/fixed_attacker/defense_report.json,copy,Normalize main matrix artifact.,3736
outputs/defense/final_thesis/real/casas_hh101/seed_123/lstm/noise/fixed_attacker/confusion.json,outputs/experiments/casas_hh101/seed_123/lstm/noise/fixed_attacker/metrics.json,copy,Expose defended confusion metrics under standard metrics.json.,15446
generated,outputs/experiments/casas_hh101/seed_123/lstm/noise/fixed_attacker/source_manifest.json,write,Write main matrix source manifest.,0
outputs/defense/final_thesis/real/casas_hh101/seed_123/lstm/noise/retrain_attacker/confusion.json,outputs/experiments/casas_hh101/seed_123/lstm/noise/retrain_attacker/confusion.json,copy,Normalize main matrix artifact.,15366
outputs/defense/final_thesis/real/casas_hh101/seed_123/lstm/noise/retrain_attacker/classification_report.txt,outputs/experiments/casas_hh101/seed_123/lstm/noise/retrain_attacker/classification_report.txt,copy,Normalize main matrix artifact.,182
outputs/defense/final_thesis/real/casas_hh101/seed_123/lstm/noise/retrain_attacker/trace.json,outputs/experiments/casas_hh101/seed_123/lstm/noise/retrain_attacker/trace.json,copy,Normalize main matrix artifact.,389
outputs/defense/final_thesis/real/casas_hh101/seed_123/lstm/noise/retrain_attacker/defense_report.json,outputs/experiments/casas_hh101/seed_123/lstm/noise/retrain_attacker/defense_report.json,copy,Normalize main matrix artifact.,3736
outputs/defense/final_thesis/real/casas_hh101/seed_123/lstm/noise/retrain_attacker/confusion.json,outputs/experiments/casas_hh101/seed_123/lstm/noise/retrain_attacker/metrics.json,copy,Expose defended confusion metrics under standard metrics.json.,15366
generated,outputs/experiments/casas_hh101/seed_123/lstm/noise/retrain_attacker/source_manifest.json,write,Write main matrix source manifest.,0
outputs/defense/real_public_benchmark/casas_hh101/seed_123/adaptive_ldp/json_reports/mlp_baseline_confusion_test.json,outputs/experiments/casas_hh101/seed_123/mlp/baseline/baseline_confusion.json,copy,Normalize baseline confusion file.,15488
outputs/defense/real_public_benchmark/casas_hh101/seed_123/adaptive_ldp/json_reports/mlp_baseline_confusion_test.json,outputs/experiments/casas_hh101/seed_123/mlp/baseline/baseline_metrics.json,copy,Use baseline confusion metrics as baseline metrics artifact.,15488
generated,outputs/experiments/casas_hh101/seed_123/mlp/baseline/baseline_classification_report.txt,write,Write derived baseline report from existing metrics.,0
generated,outputs/experiments/casas_hh101/seed_123/mlp/baseline/source_manifest.json,write,Write baseline source manifest.,0
outputs/defense/final_thesis/real/casas_hh101/seed_123/mlp/adaptive_ldp/fixed_attacker/confusion.json,outputs/experiments/casas_hh101/seed_123/mlp/adaptive_ldp/fixed_attacker/confusion.json,copy,Normalize main matrix artifact.,14950
outputs/defense/final_thesis/real/casas_hh101/seed_123/mlp/adaptive_ldp/fixed_attacker/classification_report.txt,outputs/experiments/casas_hh101/seed_123/mlp/adaptive_ldp/fixed_attacker/classification_report.txt,copy,Normalize main matrix artifact.,186
outputs/defense/final_thesis/real/casas_hh101/seed_123/mlp/adaptive_ldp/fixed_attacker/trace.json,outputs/experiments/casas_hh101/seed_123/mlp/adaptive_ldp/fixed_attacker/trace.json,copy,Normalize main matrix artifact.,398
outputs/defense/final_thesis/real/casas_hh101/seed_123/mlp/adaptive_ldp/fixed_attacker/defense_report.json,outputs/experiments/casas_hh101/seed_123/mlp/adaptive_ldp/fixed_attacker/defense_report.json,copy,Normalize main matrix artifact.,5288
outputs/defense/final_thesis/real/casas_hh101/seed_123/mlp/adaptive_ldp/fixed_attacker/confusion.json,outputs/experiments/casas_hh101/seed_123/mlp/adaptive_ldp/fixed_attacker/metrics.json,copy,Expose defended confusion metrics under standard metrics.json.,14950
generated,outputs/experiments/casas_hh101/seed_123/mlp/adaptive_ldp/fixed_attacker/source_manifest.json,write,Write main matrix source manifest.,0
outputs/defense/final_thesis/real/casas_hh101/seed_123/mlp/adaptive_ldp/retrain_attacker/confusion.json,outputs/experiments/casas_hh101/seed_123/mlp/adaptive_ldp/retrain_attacker/confusion.json,copy,Normalize main matrix artifact.,15285
outputs/defense/final_thesis/real/casas_hh101/seed_123/mlp/adaptive_ldp/retrain_attacker/classification_report.txt,outputs/experiments/casas_hh101/seed_123/mlp/adaptive_ldp/retrain_attacker/classification_report.txt,copy,Normalize main matrix artifact.,188
outputs/defense/final_thesis/real/casas_hh101/seed_123/mlp/adaptive_ldp/retrain_attacker/trace.json,outputs/experiments/casas_hh101/seed_123/mlp/adaptive_ldp/retrain_attacker/trace.json,copy,Normalize main matrix artifact.,402
outputs/defense/final_thesis/real/casas_hh101/seed_123/mlp/adaptive_ldp/retrain_attacker/defense_report.json,outputs/experiments/casas_hh101/seed_123/mlp/adaptive_ldp/retrain_attacker/defense_report.json,copy,Normalize main matrix artifact.,5288
outputs/defense/final_thesis/real/casas_hh101/seed_123/mlp/adaptive_ldp/retrain_attacker/confusion.json,outputs/experiments/casas_hh101/seed_123/mlp/adaptive_ldp/retrain_attacker/metrics.json,copy,Expose defended confusion metrics under standard metrics.json.,15285
generated,outputs/experiments/casas_hh101/seed_123/mlp/adaptive_ldp/retrain_attacker/source_manifest.json,write,Write main matrix source manifest.,0
outputs/defense/final_thesis/real/casas_hh101/seed_123/mlp/ldp/fixed_attacker/confusion.json,outputs/experiments/casas_hh101/seed_123/mlp/ldp/fixed_attacker/confusion.json,copy,Normalize main matrix artifact.,14988
outputs/defense/final_thesis/real/casas_hh101/seed_123/mlp/ldp/fixed_attacker/classification_report.txt,outputs/experiments/casas_hh101/seed_123/mlp/ldp/fixed_attacker/classification_report.txt,copy,Normalize main matrix artifact.,177
outputs/defense/final_thesis/real/casas_hh101/seed_123/mlp/ldp/fixed_attacker/trace.json,outputs/experiments/casas_hh101/seed_123/mlp/ldp/fixed_attacker/trace.json,copy,Normalize main matrix artifact.,380
outputs/defense/final_thesis/real/casas_hh101/seed_123/mlp/ldp/fixed_attacker/defense_report.json,outputs/experiments/casas_hh101/seed_123/mlp/ldp/fixed_attacker/defense_report.json,copy,Normalize main matrix artifact.,5282
outputs/defense/final_thesis/real/casas_hh101/seed_123/mlp/ldp/fixed_attacker/confusion.json,outputs/experiments/casas_hh101/seed_123/mlp/ldp/fixed_attacker/metrics.json,copy,Expose defended confusion metrics under standard metrics.json.,14988
generated,outputs/experiments/casas_hh101/seed_123/mlp/ldp/fixed_attacker/source_manifest.json,write,Write main matrix source manifest.,0
outputs/defense/final_thesis/real/casas_hh101/seed_123/mlp/ldp/retrain_attacker/confusion.json,outputs/experiments/casas_hh101/seed_123/mlp/ldp/retrain_attacker/confusion.json,copy,Normalize main matrix artifact.,15340
outputs/defense/final_thesis/real/casas_hh101/seed_123/mlp/ldp/retrain_attacker/classification_report.txt,outputs/experiments/casas_hh101/seed_123/mlp/ldp/retrain_attacker/classification_report.txt,copy,Normalize main matrix artifact.,179
outputs/defense/final_thesis/real/casas_hh101/seed_123/mlp/ldp/retrain_attacker/trace.json,outputs/experiments/casas_hh101/seed_123/mlp/ldp/retrain_attacker/trace.json,copy,Normalize main matrix artifact.,384
outputs/defense/final_thesis/real/casas_hh101/seed_123/mlp/ldp/retrain_attacker/defense_report.json,outputs/experiments/casas_hh101/seed_123/mlp/ldp/retrain_attacker/defense_report.json,copy,Normalize main matrix artifact.,5282
outputs/defense/final_thesis/real/casas_hh101/seed_123/mlp/ldp/retrain_attacker/confusion.json,outputs/experiments/casas_hh101/seed_123/mlp/ldp/retrain_attacker/metrics.json,copy,Expose defended confusion metrics under standard metrics.json.,15340
generated,outputs/experiments/casas_hh101/seed_123/mlp/ldp/retrain_attacker/source_manifest.json,write,Write main matrix source manifest.,0
outputs/defense/final_thesis/real/casas_hh101/seed_123/mlp/noise/fixed_attacker/confusion.json,outputs/experiments/casas_hh101/seed_123/mlp/noise/fixed_attacker/confusion.json,copy,Normalize main matrix artifact.,14905
outputs/defense/final_thesis/real/casas_hh101/seed_123/mlp/noise/fixed_attacker/classification_report.txt,outputs/experiments/casas_hh101/seed_123/mlp/noise/fixed_attacker/classification_report.txt,copy,Normalize main matrix artifact.,179
outputs/defense/final_thesis/real/casas_hh101/seed_123/mlp/noise/fixed_attacker/trace.json,outputs/experiments/casas_hh101/seed_123/mlp/noise/fixed_attacker/trace.json,copy,Normalize main matrix artifact.,384
outputs/defense/final_thesis/real/casas_hh101/seed_123/mlp/noise/fixed_attacker/defense_report.json,outputs/experiments/casas_hh101/seed_123/mlp/noise/fixed_attacker/defense_report.json,copy,Normalize main matrix artifact.,3736
outputs/defense/final_thesis/real/casas_hh101/seed_123/mlp/noise/fixed_attacker/confusion.json,outputs/experiments/casas_hh101/seed_123/mlp/noise/fixed_attacker/metrics.json,copy,Expose defended confusion metrics under standard metrics.json.,14905
generated,outputs/experiments/casas_hh101/seed_123/mlp/noise/fixed_attacker/source_manifest.json,write,Write main matrix source manifest.,0
outputs/defense/final_thesis/real/casas_hh101/seed_123/mlp/noise/retrain_attacker/confusion.json,outputs/experiments/casas_hh101/seed_123/mlp/noise/retrain_attacker/confusion.json,copy,Normalize main matrix artifact.,15329
outputs/defense/final_thesis/real/casas_hh101/seed_123/mlp/noise/retrain_attacker/classification_report.txt,outputs/experiments/casas_hh101/seed_123/mlp/noise/retrain_attacker/classification_report.txt,copy,Normalize main matrix artifact.,181
outputs/defense/final_thesis/real/casas_hh101/seed_123/mlp/noise/retrain_attacker/trace.json,outputs/experiments/casas_hh101/seed_123/mlp/noise/retrain_attacker/trace.json,copy,Normalize main matrix artifact.,388
outputs/defense/final_thesis/real/casas_hh101/seed_123/mlp/noise/retrain_attacker/defense_report.json,outputs/experiments/casas_hh101/seed_123/mlp/noise/retrain_attacker/defense_report.json,copy,Normalize main matrix artifact.,3736
outputs/defense/final_thesis/real/casas_hh101/seed_123/mlp/noise/retrain_attacker/confusion.json,outputs/experiments/casas_hh101/seed_123/mlp/noise/retrain_attacker/metrics.json,copy,Expose defended confusion metrics under standard metrics.json.,15329
generated,outputs/experiments/casas_hh101/seed_123/mlp/noise/retrain_attacker/source_manifest.json,write,Write main matrix source manifest.,0
outputs/defense/real_public_benchmark/casas_hh101/seed_2026/adaptive_ldp/json_reports/lstm_baseline_confusion_test.json,outputs/experiments/casas_hh101/seed_2026/lstm/baseline/baseline_confusion.json,copy,Normalize baseline confusion file.,15446
outputs/defense/real_public_benchmark/casas_hh101/seed_2026/adaptive_ldp/json_reports/lstm_baseline_confusion_test.json,outputs/experiments/casas_hh101/seed_2026/lstm/baseline/baseline_metrics.json,copy,Use baseline confusion metrics as baseline metrics artifact.,15446
generated,outputs/experiments/casas_hh101/seed_2026/lstm/baseline/baseline_classification_report.txt,write,Write derived baseline report from existing metrics.,0
generated,outputs/experiments/casas_hh101/seed_2026/lstm/baseline/source_manifest.json,write,Write baseline source manifest.,0
outputs/defense/final_thesis/real/casas_hh101/seed_2026/lstm/adaptive_ldp/fixed_attacker/confusion.json,outputs/experiments/casas_hh101/seed_2026/lstm/adaptive_ldp/fixed_attacker/confusion.json,copy,Normalize main matrix artifact.,15540
outputs/defense/final_thesis/real/casas_hh101/seed_2026/lstm/adaptive_ldp/fixed_attacker/classification_report.txt,outputs/experiments/casas_hh101/seed_2026/lstm/adaptive_ldp/fixed_attacker/classification_report.txt,copy,Normalize main matrix artifact.,188
outputs/defense/final_thesis/real/casas_hh101/seed_2026/lstm/adaptive_ldp/fixed_attacker/trace.json,outputs/experiments/casas_hh101/seed_2026/lstm/adaptive_ldp/fixed_attacker/trace.json,copy,Normalize main matrix artifact.,401
outputs/defense/final_thesis/real/casas_hh101/seed_2026/lstm/adaptive_ldp/fixed_attacker/defense_report.json,outputs/experiments/casas_hh101/seed_2026/lstm/adaptive_ldp/fixed_attacker/defense_report.json,copy,Normalize main matrix artifact.,3816
outputs/defense/final_thesis/real/casas_hh101/seed_2026/lstm/adaptive_ldp/fixed_attacker/confusion.json,outputs/experiments/casas_hh101/seed_2026/lstm/adaptive_ldp/fixed_attacker/metrics.json,copy,Expose defended confusion metrics under standard metrics.json.,15540
generated,outputs/experiments/casas_hh101/seed_2026/lstm/adaptive_ldp/fixed_attacker/source_manifest.json,write,Write main matrix source manifest.,0
outputs/defense/final_thesis/real/casas_hh101/seed_2026/lstm/adaptive_ldp/retrain_attacker/confusion.json,outputs/experiments/casas_hh101/seed_2026/lstm/adaptive_ldp/retrain_attacker/confusion.json,copy,Normalize main matrix artifact.,15435
outputs/defense/final_thesis/real/casas_hh101/seed_2026/lstm/adaptive_ldp/retrain_attacker/classification_report.txt,outputs/experiments/casas_hh101/seed_2026/lstm/adaptive_ldp/retrain_attacker/classification_report.txt,copy,Normalize main matrix artifact.,190
outputs/defense/final_thesis/real/casas_hh101/seed_2026/lstm/adaptive_ldp/retrain_attacker/trace.json,outputs/experiments/casas_hh101/seed_2026/lstm/adaptive_ldp/retrain_attacker/trace.json,copy,Normalize main matrix artifact.,405
outputs/defense/final_thesis/real/casas_hh101/seed_2026/lstm/adaptive_ldp/retrain_attacker/defense_report.json,outputs/experiments/casas_hh101/seed_2026/lstm/adaptive_ldp/retrain_attacker/defense_report.json,copy,Normalize main matrix artifact.,3816
outputs/defense/final_thesis/real/casas_hh101/seed_2026/lstm/adaptive_ldp/retrain_attacker/confusion.json,outputs/experiments/casas_hh101/seed_2026/lstm/adaptive_ldp/retrain_attacker/metrics.json,copy,Expose defended confusion metrics under standard metrics.json.,15435
generated,outputs/experiments/casas_hh101/seed_2026/lstm/adaptive_ldp/retrain_attacker/source_manifest.json,write,Write main matrix source manifest.,0
outputs/defense/final_thesis/real/casas_hh101/seed_2026/lstm/ldp/fixed_attacker/confusion.json,outputs/experiments/casas_hh101/seed_2026/lstm/ldp/fixed_attacker/confusion.json,copy,Normalize main matrix artifact.,15399
outputs/defense/final_thesis/real/casas_hh101/seed_2026/lstm/ldp/fixed_attacker/classification_report.txt,outputs/experiments/casas_hh101/seed_2026/lstm/ldp/fixed_attacker/classification_report.txt,copy,Normalize main matrix artifact.,179
outputs/defense/final_thesis/real/casas_hh101/seed_2026/lstm/ldp/fixed_attacker/trace.json,outputs/experiments/casas_hh101/seed_2026/lstm/ldp/fixed_attacker/trace.json,copy,Normalize main matrix artifact.,383
outputs/defense/final_thesis/real/casas_hh101/seed_2026/lstm/ldp/fixed_attacker/defense_report.json,outputs/experiments/casas_hh101/seed_2026/lstm/ldp/fixed_attacker/defense_report.json,copy,Normalize main matrix artifact.,3771
outputs/defense/final_thesis/real/casas_hh101/seed_2026/lstm/ldp/fixed_attacker/confusion.json,outputs/experiments/casas_hh101/seed_2026/lstm/ldp/fixed_attacker/metrics.json,copy,Expose defended confusion metrics under standard metrics.json.,15399
generated,outputs/experiments/casas_hh101/seed_2026/lstm/ldp/fixed_attacker/source_manifest.json,write,Write main matrix source manifest.,0
outputs/defense/final_thesis/real/casas_hh101/seed_2026/lstm/ldp/retrain_attacker/confusion.json,outputs/experiments/casas_hh101/seed_2026/lstm/ldp/retrain_attacker/confusion.json,copy,Normalize main matrix artifact.,15406
outputs/defense/final_thesis/real/casas_hh101/seed_2026/lstm/ldp/retrain_attacker/classification_report.txt,outputs/experiments/casas_hh101/seed_2026/lstm/ldp/retrain_attacker/classification_report.txt,copy,Normalize main matrix artifact.,181
outputs/defense/final_thesis/real/casas_hh101/seed_2026/lstm/ldp/retrain_attacker/trace.json,outputs/experiments/casas_hh101/seed_2026/lstm/ldp/retrain_attacker/trace.json,copy,Normalize main matrix artifact.,387
outputs/defense/final_thesis/real/casas_hh101/seed_2026/lstm/ldp/retrain_attacker/defense_report.json,outputs/experiments/casas_hh101/seed_2026/lstm/ldp/retrain_attacker/defense_report.json,copy,Normalize main matrix artifact.,3771
outputs/defense/final_thesis/real/casas_hh101/seed_2026/lstm/ldp/retrain_attacker/confusion.json,outputs/experiments/casas_hh101/seed_2026/lstm/ldp/retrain_attacker/metrics.json,copy,Expose defended confusion metrics under standard metrics.json.,15406
generated,outputs/experiments/casas_hh101/seed_2026/lstm/ldp/retrain_attacker/source_manifest.json,write,Write main matrix source manifest.,0
outputs/defense/final_thesis/real/casas_hh101/seed_2026/lstm/noise/fixed_attacker/confusion.json,outputs/experiments/casas_hh101/seed_2026/lstm/noise/fixed_attacker/confusion.json,copy,Normalize main matrix artifact.,15531
outputs/defense/final_thesis/real/casas_hh101/seed_2026/lstm/noise/fixed_attacker/classification_report.txt,outputs/experiments/casas_hh101/seed_2026/lstm/noise/fixed_attacker/classification_report.txt,copy,Normalize main matrix artifact.,181
outputs/defense/final_thesis/real/casas_hh101/seed_2026/lstm/noise/fixed_attacker/trace.json,outputs/experiments/casas_hh101/seed_2026/lstm/noise/fixed_attacker/trace.json,copy,Normalize main matrix artifact.,387
outputs/defense/final_thesis/real/casas_hh101/seed_2026/lstm/noise/fixed_attacker/defense_report.json,outputs/experiments/casas_hh101/seed_2026/lstm/noise/fixed_attacker/defense_report.json,copy,Normalize main matrix artifact.,3777
outputs/defense/final_thesis/real/casas_hh101/seed_2026/lstm/noise/fixed_attacker/confusion.json,outputs/experiments/casas_hh101/seed_2026/lstm/noise/fixed_attacker/metrics.json,copy,Expose defended confusion metrics under standard metrics.json.,15531
generated,outputs/experiments/casas_hh101/seed_2026/lstm/noise/fixed_attacker/source_manifest.json,write,Write main matrix source manifest.,0
outputs/defense/final_thesis/real/casas_hh101/seed_2026/lstm/noise/retrain_attacker/confusion.json,outputs/experiments/casas_hh101/seed_2026/lstm/noise/retrain_attacker/confusion.json,copy,Normalize main matrix artifact.,15391
outputs/defense/final_thesis/real/casas_hh101/seed_2026/lstm/noise/retrain_attacker/classification_report.txt,outputs/experiments/casas_hh101/seed_2026/lstm/noise/retrain_attacker/classification_report.txt,copy,Normalize main matrix artifact.,183
outputs/defense/final_thesis/real/casas_hh101/seed_2026/lstm/noise/retrain_attacker/trace.json,outputs/experiments/casas_hh101/seed_2026/lstm/noise/retrain_attacker/trace.json,copy,Normalize main matrix artifact.,391
outputs/defense/final_thesis/real/casas_hh101/seed_2026/lstm/noise/retrain_attacker/defense_report.json,outputs/experiments/casas_hh101/seed_2026/lstm/noise/retrain_attacker/defense_report.json,copy,Normalize main matrix artifact.,3777
outputs/defense/final_thesis/real/casas_hh101/seed_2026/lstm/noise/retrain_attacker/confusion.json,outputs/experiments/casas_hh101/seed_2026/lstm/noise/retrain_attacker/metrics.json,copy,Expose defended confusion metrics under standard metrics.json.,15391
generated,outputs/experiments/casas_hh101/seed_2026/lstm/noise/retrain_attacker/source_manifest.json,write,Write main matrix source manifest.,0
outputs/defense/real_public_benchmark/casas_hh101/seed_2026/adaptive_ldp/json_reports/mlp_baseline_confusion_test.json,outputs/experiments/casas_hh101/seed_2026/mlp/baseline/baseline_confusion.json,copy,Normalize baseline confusion file.,15472
outputs/defense/real_public_benchmark/casas_hh101/seed_2026/adaptive_ldp/json_reports/mlp_baseline_confusion_test.json,outputs/experiments/casas_hh101/seed_2026/mlp/baseline/baseline_metrics.json,copy,Use baseline confusion metrics as baseline metrics artifact.,15472
generated,outputs/experiments/casas_hh101/seed_2026/mlp/baseline/baseline_classification_report.txt,write,Write derived baseline report from existing metrics.,0
generated,outputs/experiments/casas_hh101/seed_2026/mlp/baseline/source_manifest.json,write,Write baseline source manifest.,0
outputs/defense/final_thesis/real/casas_hh101/seed_2026/mlp/adaptive_ldp/fixed_attacker/confusion.json,outputs/experiments/casas_hh101/seed_2026/mlp/adaptive_ldp/fixed_attacker/confusion.json,copy,Normalize main matrix artifact.,15009
outputs/defense/final_thesis/real/casas_hh101/seed_2026/mlp/adaptive_ldp/fixed_attacker/classification_report.txt,outputs/experiments/casas_hh101/seed_2026/mlp/adaptive_ldp/fixed_attacker/classification_report.txt,copy,Normalize main matrix artifact.,187
outputs/defense/final_thesis/real/casas_hh101/seed_2026/mlp/adaptive_ldp/fixed_attacker/trace.json,outputs/experiments/casas_hh101/seed_2026/mlp/adaptive_ldp/fixed_attacker/trace.json,copy,Normalize main matrix artifact.,400
outputs/defense/final_thesis/real/casas_hh101/seed_2026/mlp/adaptive_ldp/fixed_attacker/defense_report.json,outputs/experiments/casas_hh101/seed_2026/mlp/adaptive_ldp/fixed_attacker/defense_report.json,copy,Normalize main matrix artifact.,3816
outputs/defense/final_thesis/real/casas_hh101/seed_2026/mlp/adaptive_ldp/fixed_attacker/confusion.json,outputs/experiments/casas_hh101/seed_2026/mlp/adaptive_ldp/fixed_attacker/metrics.json,copy,Expose defended confusion metrics under standard metrics.json.,15009
generated,outputs/experiments/casas_hh101/seed_2026/mlp/adaptive_ldp/fixed_attacker/source_manifest.json,write,Write main matrix source manifest.,0
outputs/defense/final_thesis/real/casas_hh101/seed_2026/mlp/adaptive_ldp/retrain_attacker/confusion.json,outputs/experiments/casas_hh101/seed_2026/mlp/adaptive_ldp/retrain_attacker/confusion.json,copy,Normalize main matrix artifact.,15355
outputs/defense/final_thesis/real/casas_hh101/seed_2026/mlp/adaptive_ldp/retrain_attacker/classification_report.txt,outputs/experiments/casas_hh101/seed_2026/mlp/adaptive_ldp/retrain_attacker/classification_report.txt,copy,Normalize main matrix artifact.,189
outputs/defense/final_thesis/real/casas_hh101/seed_2026/mlp/adaptive_ldp/retrain_attacker/trace.json,outputs/experiments/casas_hh101/seed_2026/mlp/adaptive_ldp/retrain_attacker/trace.json,copy,Normalize main matrix artifact.,404
outputs/defense/final_thesis/real/casas_hh101/seed_2026/mlp/adaptive_ldp/retrain_attacker/defense_report.json,outputs/experiments/casas_hh101/seed_2026/mlp/adaptive_ldp/retrain_attacker/defense_report.json,copy,Normalize main matrix artifact.,3816
outputs/defense/final_thesis/real/casas_hh101/seed_2026/mlp/adaptive_ldp/retrain_attacker/confusion.json,outputs/experiments/casas_hh101/seed_2026/mlp/adaptive_ldp/retrain_attacker/metrics.json,copy,Expose defended confusion metrics under standard metrics.json.,15355
generated,outputs/experiments/casas_hh101/seed_2026/mlp/adaptive_ldp/retrain_attacker/source_manifest.json,write,Write main matrix source manifest.,0
outputs/defense/final_thesis/real/casas_hh101/seed_2026/mlp/ldp/fixed_attacker/confusion.json,outputs/experiments/casas_hh101/seed_2026/mlp/ldp/fixed_attacker/confusion.json,copy,Normalize main matrix artifact.,15087
outputs/defense/final_thesis/real/casas_hh101/seed_2026/mlp/ldp/fixed_attacker/classification_report.txt,outputs/experiments/casas_hh101/seed_2026/mlp/ldp/fixed_attacker/classification_report.txt,copy,Normalize main matrix artifact.,178
outputs/defense/final_thesis/real/casas_hh101/seed_2026/mlp/ldp/fixed_attacker/trace.json,outputs/experiments/casas_hh101/seed_2026/mlp/ldp/fixed_attacker/trace.json,copy,Normalize main matrix artifact.,382
outputs/defense/final_thesis/real/casas_hh101/seed_2026/mlp/ldp/fixed_attacker/defense_report.json,outputs/experiments/casas_hh101/seed_2026/mlp/ldp/fixed_attacker/defense_report.json,copy,Normalize main matrix artifact.,3771
outputs/defense/final_thesis/real/casas_hh101/seed_2026/mlp/ldp/fixed_attacker/confusion.json,outputs/experiments/casas_hh101/seed_2026/mlp/ldp/fixed_attacker/metrics.json,copy,Expose defended confusion metrics under standard metrics.json.,15087
generated,outputs/experiments/casas_hh101/seed_2026/mlp/ldp/fixed_attacker/source_manifest.json,write,Write main matrix source manifest.,0
outputs/defense/final_thesis/real/casas_hh101/seed_2026/mlp/ldp/retrain_attacker/confusion.json,outputs/experiments/casas_hh101/seed_2026/mlp/ldp/retrain_attacker/confusion.json,copy,Normalize main matrix artifact.,15393
outputs/defense/final_thesis/real/casas_hh101/seed_2026/mlp/ldp/retrain_attacker/classification_report.txt,outputs/experiments/casas_hh101/seed_2026/mlp/ldp/retrain_attacker/classification_report.txt,copy,Normalize main matrix artifact.,180
outputs/defense/final_thesis/real/casas_hh101/seed_2026/mlp/ldp/retrain_attacker/trace.json,outputs/experiments/casas_hh101/seed_2026/mlp/ldp/retrain_attacker/trace.json,copy,Normalize main matrix artifact.,386
outputs/defense/final_thesis/real/casas_hh101/seed_2026/mlp/ldp/retrain_attacker/defense_report.json,outputs/experiments/casas_hh101/seed_2026/mlp/ldp/retrain_attacker/defense_report.json,copy,Normalize main matrix artifact.,3771
outputs/defense/final_thesis/real/casas_hh101/seed_2026/mlp/ldp/retrain_attacker/confusion.json,outputs/experiments/casas_hh101/seed_2026/mlp/ldp/retrain_attacker/metrics.json,copy,Expose defended confusion metrics under standard metrics.json.,15393
generated,outputs/experiments/casas_hh101/seed_2026/mlp/ldp/retrain_attacker/source_manifest.json,write,Write main matrix source manifest.,0
outputs/defense/final_thesis/real/casas_hh101/seed_2026/mlp/noise/fixed_attacker/confusion.json,outputs/experiments/casas_hh101/seed_2026/mlp/noise/fixed_attacker/confusion.json,copy,Normalize main matrix artifact.,14887
outputs/defense/final_thesis/real/casas_hh101/seed_2026/mlp/noise/fixed_attacker/classification_report.txt,outputs/experiments/casas_hh101/seed_2026/mlp/noise/fixed_attacker/classification_report.txt,copy,Normalize main matrix artifact.,180
outputs/defense/final_thesis/real/casas_hh101/seed_2026/mlp/noise/fixed_attacker/trace.json,outputs/experiments/casas_hh101/seed_2026/mlp/noise/fixed_attacker/trace.json,copy,Normalize main matrix artifact.,386
outputs/defense/final_thesis/real/casas_hh101/seed_2026/mlp/noise/fixed_attacker/defense_report.json,outputs/experiments/casas_hh101/seed_2026/mlp/noise/fixed_attacker/defense_report.json,copy,Normalize main matrix artifact.,3777
outputs/defense/final_thesis/real/casas_hh101/seed_2026/mlp/noise/fixed_attacker/confusion.json,outputs/experiments/casas_hh101/seed_2026/mlp/noise/fixed_attacker/metrics.json,copy,Expose defended confusion metrics under standard metrics.json.,14887
generated,outputs/experiments/casas_hh101/seed_2026/mlp/noise/fixed_attacker/source_manifest.json,write,Write main matrix source manifest.,0
outputs/defense/final_thesis/real/casas_hh101/seed_2026/mlp/noise/retrain_attacker/confusion.json,outputs/experiments/casas_hh101/seed_2026/mlp/noise/retrain_attacker/confusion.json,copy,Normalize main matrix artifact.,15356
outputs/defense/final_thesis/real/casas_hh101/seed_2026/mlp/noise/retrain_attacker/classification_report.txt,outputs/experiments/casas_hh101/seed_2026/mlp/noise/retrain_attacker/classification_report.txt,copy,Normalize main matrix artifact.,182
outputs/defense/final_thesis/real/casas_hh101/seed_2026/mlp/noise/retrain_attacker/trace.json,outputs/experiments/casas_hh101/seed_2026/mlp/noise/retrain_attacker/trace.json,copy,Normalize main matrix artifact.,390
outputs/defense/final_thesis/real/casas_hh101/seed_2026/mlp/noise/retrain_attacker/defense_report.json,outputs/experiments/casas_hh101/seed_2026/mlp/noise/retrain_attacker/defense_report.json,copy,Normalize main matrix artifact.,3777
outputs/defense/final_thesis/real/casas_hh101/seed_2026/mlp/noise/retrain_attacker/confusion.json,outputs/experiments/casas_hh101/seed_2026/mlp/noise/retrain_attacker/metrics.json,copy,Expose defended confusion metrics under standard metrics.json.,15356
generated,outputs/experiments/casas_hh101/seed_2026/mlp/noise/retrain_attacker/source_manifest.json,write,Write main matrix source manifest.,0
outputs/defense/full_multiseed/seed_42/adaptive_ldp/comparisons/lstm_fixed_attacker_comparison_results.csv,outputs/experiments/mock/seed_42/lstm/adaptive_ldp/fixed_attacker/parameter_scan/comparison_results.csv,copy,Move parameter scan CSV to matching experiment combination.,2635
generated,outputs/experiments/mock/seed_42/lstm/adaptive_ldp/fixed_attacker/parameter_scan/scan_summary.json,write,Write parameter scan summary.,0
generated,outputs/experiments/mock/seed_42/lstm/adaptive_ldp/fixed_attacker/parameter_scan/scan_trace.json,write,Write parameter scan trace.,0
generated,outputs/experiments/mock/seed_42/lstm/adaptive_ldp/fixed_attacker/parameter_scan/profile_config.json,write,Write adaptive profile scan configuration.,0
outputs/defense/full_multiseed/seed_42/adaptive_ldp/comparisons/lstm_fixed_attacker_adaptive_ldp_accuracy.png,outputs/experiments/mock/seed_42/lstm/adaptive_ldp/fixed_attacker/parameter_scan/plot_accuracy.png,copy,Move parameter scan plot into parameter_scan directory.,60182
outputs/defense/full_multiseed/seed_42/adaptive_ldp/comparisons/lstm_fixed_attacker_adaptive_ldp_accuracy.png,outputs/figures/experiments/mock/seed_42/lstm/adaptive_ldp/fixed_attacker/plot_accuracy.png,copy,Move experiment diagnostic plot into figures/experiments.,60182
outputs/defense/full_multiseed/seed_42/adaptive_ldp/comparisons/lstm_fixed_attacker_adaptive_ldp_distortion.png,outputs/experiments/mock/seed_42/lstm/adaptive_ldp/fixed_attacker/parameter_scan/plot_distortion.png,copy,Move parameter scan plot into parameter_scan directory.,52864
outputs/defense/full_multiseed/seed_42/adaptive_ldp/comparisons/lstm_fixed_attacker_adaptive_ldp_distortion.png,outputs/figures/experiments/mock/seed_42/lstm/adaptive_ldp/fixed_attacker/plot_distortion.png,copy,Move experiment diagnostic plot into figures/experiments.,52864
outputs/defense/full_multiseed/seed_42/adaptive_ldp/comparisons/lstm_retrain_attacker_comparison_results.csv,outputs/experiments/mock/seed_42/lstm/adaptive_ldp/retrain_attacker/parameter_scan/comparison_results.csv,copy,Move parameter scan CSV to matching experiment combination.,3233
generated,outputs/experiments/mock/seed_42/lstm/adaptive_ldp/retrain_attacker/parameter_scan/scan_summary.json,write,Write parameter scan summary.,0
generated,outputs/experiments/mock/seed_42/lstm/adaptive_ldp/retrain_attacker/parameter_scan/scan_trace.json,write,Write parameter scan trace.,0
generated,outputs/experiments/mock/seed_42/lstm/adaptive_ldp/retrain_attacker/parameter_scan/profile_config.json,write,Write adaptive profile scan configuration.,0
outputs/defense/full_multiseed/seed_42/adaptive_ldp/comparisons/lstm_retrain_attacker_adaptive_ldp_accuracy.png,outputs/experiments/mock/seed_42/lstm/adaptive_ldp/retrain_attacker/parameter_scan/plot_accuracy.png,copy,Move parameter scan plot into parameter_scan directory.,66579
outputs/defense/full_multiseed/seed_42/adaptive_ldp/comparisons/lstm_retrain_attacker_adaptive_ldp_accuracy.png,outputs/figures/experiments/mock/seed_42/lstm/adaptive_ldp/retrain_attacker/plot_accuracy.png,copy,Move experiment diagnostic plot into figures/experiments.,66579
outputs/defense/full_multiseed/seed_42/adaptive_ldp/comparisons/lstm_retrain_attacker_adaptive_ldp_distortion.png,outputs/experiments/mock/seed_42/lstm/adaptive_ldp/retrain_attacker/parameter_scan/plot_distortion.png,copy,Move parameter scan plot into parameter_scan directory.,52864
outputs/defense/full_multiseed/seed_42/adaptive_ldp/comparisons/lstm_retrain_attacker_adaptive_ldp_distortion.png,outputs/figures/experiments/mock/seed_42/lstm/adaptive_ldp/retrain_attacker/plot_distortion.png,copy,Move experiment diagnostic plot into figures/experiments.,52864
outputs/defense/full_multiseed/seed_42/adaptive_ldp/comparisons/mlp_fixed_attacker_comparison_results.csv,outputs/experiments/mock/seed_42/mlp/adaptive_ldp/fixed_attacker/parameter_scan/comparison_results.csv,copy,Move parameter scan CSV to matching experiment combination.,2622
generated,outputs/experiments/mock/seed_42/mlp/adaptive_ldp/fixed_attacker/parameter_scan/scan_summary.json,write,Write parameter scan summary.,0
generated,outputs/experiments/mock/seed_42/mlp/adaptive_ldp/fixed_attacker/parameter_scan/scan_trace.json,write,Write parameter scan trace.,0
generated,outputs/experiments/mock/seed_42/mlp/adaptive_ldp/fixed_attacker/parameter_scan/profile_config.json,write,Write adaptive profile scan configuration.,0
outputs/defense/full_multiseed/seed_42/adaptive_ldp/comparisons/mlp_fixed_attacker_adaptive_ldp_accuracy.png,outputs/experiments/mock/seed_42/mlp/adaptive_ldp/fixed_attacker/parameter_scan/plot_accuracy.png,copy,Move parameter scan plot into parameter_scan directory.,66115
outputs/defense/full_multiseed/seed_42/adaptive_ldp/comparisons/mlp_fixed_attacker_adaptive_ldp_accuracy.png,outputs/figures/experiments/mock/seed_42/mlp/adaptive_ldp/fixed_attacker/plot_accuracy.png,copy,Move experiment diagnostic plot into figures/experiments.,66115
outputs/defense/full_multiseed/seed_42/adaptive_ldp/comparisons/mlp_fixed_attacker_adaptive_ldp_distortion.png,outputs/experiments/mock/seed_42/mlp/adaptive_ldp/fixed_attacker/parameter_scan/plot_distortion.png,copy,Move parameter scan plot into parameter_scan directory.,52864
outputs/defense/full_multiseed/seed_42/adaptive_ldp/comparisons/mlp_fixed_attacker_adaptive_ldp_distortion.png,outputs/figures/experiments/mock/seed_42/mlp/adaptive_ldp/fixed_attacker/plot_distortion.png,copy,Move experiment diagnostic plot into figures/experiments.,52864
outputs/defense/full_multiseed/seed_42/adaptive_ldp/comparisons/mlp_retrain_attacker_comparison_results.csv,outputs/experiments/mock/seed_42/mlp/adaptive_ldp/retrain_attacker/parameter_scan/comparison_results.csv,copy,Move parameter scan CSV to matching experiment combination.,3210
generated,outputs/experiments/mock/seed_42/mlp/adaptive_ldp/retrain_attacker/parameter_scan/scan_summary.json,write,Write parameter scan summary.,0
generated,outputs/experiments/mock/seed_42/mlp/adaptive_ldp/retrain_attacker/parameter_scan/scan_trace.json,write,Write parameter scan trace.,0
generated,outputs/experiments/mock/seed_42/mlp/adaptive_ldp/retrain_attacker/parameter_scan/profile_config.json,write,Write adaptive profile scan configuration.,0
outputs/defense/full_multiseed/seed_42/adaptive_ldp/comparisons/mlp_retrain_attacker_adaptive_ldp_accuracy.png,outputs/experiments/mock/seed_42/mlp/adaptive_ldp/retrain_attacker/parameter_scan/plot_accuracy.png,copy,Move parameter scan plot into parameter_scan directory.,65846
outputs/defense/full_multiseed/seed_42/adaptive_ldp/comparisons/mlp_retrain_attacker_adaptive_ldp_accuracy.png,outputs/figures/experiments/mock/seed_42/mlp/adaptive_ldp/retrain_attacker/plot_accuracy.png,copy,Move experiment diagnostic plot into figures/experiments.,65846
outputs/defense/full_multiseed/seed_42/adaptive_ldp/comparisons/mlp_retrain_attacker_adaptive_ldp_distortion.png,outputs/experiments/mock/seed_42/mlp/adaptive_ldp/retrain_attacker/parameter_scan/plot_distortion.png,copy,Move parameter scan plot into parameter_scan directory.,52864
outputs/defense/full_multiseed/seed_42/adaptive_ldp/comparisons/mlp_retrain_attacker_adaptive_ldp_distortion.png,outputs/figures/experiments/mock/seed_42/mlp/adaptive_ldp/retrain_attacker/plot_distortion.png,copy,Move experiment diagnostic plot into figures/experiments.,52864
outputs/defense/full_multiseed/seed_42/ldp/comparisons/lstm_fixed_attacker_comparison_results.csv,outputs/experiments/mock/seed_42/lstm/ldp/fixed_attacker/parameter_scan/comparison_results.csv,copy,Move parameter scan CSV to matching experiment combination.,1716
generated,outputs/experiments/mock/seed_42/lstm/ldp/fixed_attacker/parameter_scan/scan_summary.json,write,Write parameter scan summary.,0
generated,outputs/experiments/mock/seed_42/lstm/ldp/fixed_attacker/parameter_scan/scan_trace.json,write,Write parameter scan trace.,0
outputs/defense/full_multiseed/seed_42/ldp/comparisons/epsilon_vs_accuracy.png,outputs/experiments/mock/seed_42/lstm/ldp/fixed_attacker/parameter_scan/plot_accuracy.png,copy,Move parameter scan plot into parameter_scan directory.,42705
outputs/defense/full_multiseed/seed_42/ldp/comparisons/epsilon_vs_accuracy.png,outputs/figures/experiments/mock/seed_42/lstm/ldp/fixed_attacker/plot_accuracy.png,copy,Move experiment diagnostic plot into figures/experiments.,42705
outputs/defense/full_multiseed/seed_42/ldp/comparisons/epsilon_vs_distortion.png,outputs/experiments/mock/seed_42/lstm/ldp/fixed_attacker/parameter_scan/plot_distortion.png,copy,Move parameter scan plot into parameter_scan directory.,27493
outputs/defense/full_multiseed/seed_42/ldp/comparisons/epsilon_vs_distortion.png,outputs/figures/experiments/mock/seed_42/lstm/ldp/fixed_attacker/plot_distortion.png,copy,Move experiment diagnostic plot into figures/experiments.,27493
outputs/defense/full_multiseed/seed_42/ldp/comparisons/lstm_retrain_attacker_comparison_results.csv,outputs/experiments/mock/seed_42/lstm/ldp/retrain_attacker/parameter_scan/comparison_results.csv,copy,Move parameter scan CSV to matching experiment combination.,2321
generated,outputs/experiments/mock/seed_42/lstm/ldp/retrain_attacker/parameter_scan/scan_summary.json,write,Write parameter scan summary.,0
generated,outputs/experiments/mock/seed_42/lstm/ldp/retrain_attacker/parameter_scan/scan_trace.json,write,Write parameter scan trace.,0
outputs/defense/full_multiseed/seed_42/ldp/comparisons/lstm_retrain_attacker_ldp_accuracy.png,outputs/experiments/mock/seed_42/lstm/ldp/retrain_attacker/parameter_scan/plot_accuracy.png,copy,Move parameter scan plot into parameter_scan directory.,36415
outputs/defense/full_multiseed/seed_42/ldp/comparisons/lstm_retrain_attacker_ldp_accuracy.png,outputs/figures/experiments/mock/seed_42/lstm/ldp/retrain_attacker/plot_accuracy.png,copy,Move experiment diagnostic plot into figures/experiments.,36415
outputs/defense/full_multiseed/seed_42/ldp/comparisons/lstm_retrain_attacker_ldp_distortion.png,outputs/experiments/mock/seed_42/lstm/ldp/retrain_attacker/parameter_scan/plot_distortion.png,copy,Move parameter scan plot into parameter_scan directory.,28973
outputs/defense/full_multiseed/seed_42/ldp/comparisons/lstm_retrain_attacker_ldp_distortion.png,outputs/figures/experiments/mock/seed_42/lstm/ldp/retrain_attacker/plot_distortion.png,copy,Move experiment diagnostic plot into figures/experiments.,28973
outputs/defense/full_multiseed/seed_42/ldp/comparisons/mlp_fixed_attacker_comparison_results.csv,outputs/experiments/mock/seed_42/mlp/ldp/fixed_attacker/parameter_scan/comparison_results.csv,copy,Move parameter scan CSV to matching experiment combination.,1959
generated,outputs/experiments/mock/seed_42/mlp/ldp/fixed_attacker/parameter_scan/scan_summary.json,write,Write parameter scan summary.,0
generated,outputs/experiments/mock/seed_42/mlp/ldp/fixed_attacker/parameter_scan/scan_trace.json,write,Write parameter scan trace.,0
outputs/defense/full_multiseed/seed_42/ldp/comparisons/mlp_fixed_attacker_ldp_accuracy.png,outputs/experiments/mock/seed_42/mlp/ldp/fixed_attacker/parameter_scan/plot_accuracy.png,copy,Move parameter scan plot into parameter_scan directory.,31070
outputs/defense/full_multiseed/seed_42/ldp/comparisons/mlp_fixed_attacker_ldp_accuracy.png,outputs/figures/experiments/mock/seed_42/mlp/ldp/fixed_attacker/plot_accuracy.png,copy,Move experiment diagnostic plot into figures/experiments.,31070
outputs/defense/full_multiseed/seed_42/ldp/comparisons/mlp_fixed_attacker_ldp_distortion.png,outputs/experiments/mock/seed_42/mlp/ldp/fixed_attacker/parameter_scan/plot_distortion.png,copy,Move parameter scan plot into parameter_scan directory.,28973
outputs/defense/full_multiseed/seed_42/ldp/comparisons/mlp_fixed_attacker_ldp_distortion.png,outputs/figures/experiments/mock/seed_42/mlp/ldp/fixed_attacker/plot_distortion.png,copy,Move experiment diagnostic plot into figures/experiments.,28973
outputs/defense/full_multiseed/seed_42/ldp/comparisons/mlp_retrain_attacker_comparison_results.csv,outputs/experiments/mock/seed_42/mlp/ldp/retrain_attacker/parameter_scan/comparison_results.csv,copy,Move parameter scan CSV to matching experiment combination.,2291
generated,outputs/experiments/mock/seed_42/mlp/ldp/retrain_attacker/parameter_scan/scan_summary.json,write,Write parameter scan summary.,0
generated,outputs/experiments/mock/seed_42/mlp/ldp/retrain_attacker/parameter_scan/scan_trace.json,write,Write parameter scan trace.,0
outputs/defense/full_multiseed/seed_42/ldp/comparisons/mlp_retrain_attacker_ldp_accuracy.png,outputs/experiments/mock/seed_42/mlp/ldp/retrain_attacker/parameter_scan/plot_accuracy.png,copy,Move parameter scan plot into parameter_scan directory.,39884
outputs/defense/full_multiseed/seed_42/ldp/comparisons/mlp_retrain_attacker_ldp_accuracy.png,outputs/figures/experiments/mock/seed_42/mlp/ldp/retrain_attacker/plot_accuracy.png,copy,Move experiment diagnostic plot into figures/experiments.,39884
outputs/defense/full_multiseed/seed_42/ldp/comparisons/mlp_retrain_attacker_ldp_distortion.png,outputs/experiments/mock/seed_42/mlp/ldp/retrain_attacker/parameter_scan/plot_distortion.png,copy,Move parameter scan plot into parameter_scan directory.,28973
outputs/defense/full_multiseed/seed_42/ldp/comparisons/mlp_retrain_attacker_ldp_distortion.png,outputs/figures/experiments/mock/seed_42/mlp/ldp/retrain_attacker/plot_distortion.png,copy,Move experiment diagnostic plot into figures/experiments.,28973
outputs/defense/full_multiseed/seed_42/noise/comparisons/lstm_fixed_attacker_comparison_results.csv,outputs/experiments/mock/seed_42/lstm/noise/fixed_attacker/parameter_scan/comparison_results.csv,copy,Move parameter scan CSV to matching experiment combination.,1461
generated,outputs/experiments/mock/seed_42/lstm/noise/fixed_attacker/parameter_scan/scan_summary.json,write,Write parameter scan summary.,0
generated,outputs/experiments/mock/seed_42/lstm/noise/fixed_attacker/parameter_scan/scan_trace.json,write,Write parameter scan trace.,0
outputs/defense/full_multiseed/seed_42/noise/comparisons/distortion_vs_noise.png,outputs/experiments/mock/seed_42/lstm/noise/fixed_attacker/parameter_scan/plot_distortion.png,copy,Move parameter scan plot into parameter_scan directory.,59547
outputs/defense/full_multiseed/seed_42/noise/comparisons/distortion_vs_noise.png,outputs/figures/experiments/mock/seed_42/lstm/noise/fixed_attacker/plot_distortion.png,copy,Move experiment diagnostic plot into figures/experiments.,59547
outputs/defense/full_multiseed/seed_42/noise/comparisons/lstm_retrain_attacker_comparison_results.csv,outputs/experiments/mock/seed_42/lstm/noise/retrain_attacker/parameter_scan/comparison_results.csv,copy,Move parameter scan CSV to matching experiment combination.,1975
generated,outputs/experiments/mock/seed_42/lstm/noise/retrain_attacker/parameter_scan/scan_summary.json,write,Write parameter scan summary.,0
generated,outputs/experiments/mock/seed_42/lstm/noise/retrain_attacker/parameter_scan/scan_trace.json,write,Write parameter scan trace.,0
outputs/defense/full_multiseed/seed_42/noise/comparisons/lstm_retrain_attacker_noise_accuracy.png,outputs/experiments/mock/seed_42/lstm/noise/retrain_attacker/parameter_scan/plot_accuracy.png,copy,Move parameter scan plot into parameter_scan directory.,39871
outputs/defense/full_multiseed/seed_42/noise/comparisons/lstm_retrain_attacker_noise_accuracy.png,outputs/figures/experiments/mock/seed_42/lstm/noise/retrain_attacker/plot_accuracy.png,copy,Move experiment diagnostic plot into figures/experiments.,39871
outputs/defense/full_multiseed/seed_42/noise/comparisons/lstm_retrain_attacker_noise_distortion.png,outputs/experiments/mock/seed_42/lstm/noise/retrain_attacker/parameter_scan/plot_distortion.png,copy,Move parameter scan plot into parameter_scan directory.,37618
outputs/defense/full_multiseed/seed_42/noise/comparisons/lstm_retrain_attacker_noise_distortion.png,outputs/figures/experiments/mock/seed_42/lstm/noise/retrain_attacker/plot_distortion.png,copy,Move experiment diagnostic plot into figures/experiments.,37618
outputs/defense/full_multiseed/seed_42/noise/comparisons/mlp_fixed_attacker_comparison_results.csv,outputs/experiments/mock/seed_42/mlp/noise/fixed_attacker/parameter_scan/comparison_results.csv,copy,Move parameter scan CSV to matching experiment combination.,1652
generated,outputs/experiments/mock/seed_42/mlp/noise/fixed_attacker/parameter_scan/scan_summary.json,write,Write parameter scan summary.,0
generated,outputs/experiments/mock/seed_42/mlp/noise/fixed_attacker/parameter_scan/scan_trace.json,write,Write parameter scan trace.,0
outputs/defense/full_multiseed/seed_42/noise/comparisons/mlp_fixed_attacker_noise_accuracy.png,outputs/experiments/mock/seed_42/mlp/noise/fixed_attacker/parameter_scan/plot_accuracy.png,copy,Move parameter scan plot into parameter_scan directory.,36916
outputs/defense/full_multiseed/seed_42/noise/comparisons/mlp_fixed_attacker_noise_accuracy.png,outputs/figures/experiments/mock/seed_42/mlp/noise/fixed_attacker/plot_accuracy.png,copy,Move experiment diagnostic plot into figures/experiments.,36916
outputs/defense/full_multiseed/seed_42/noise/comparisons/mlp_fixed_attacker_noise_distortion.png,outputs/experiments/mock/seed_42/mlp/noise/fixed_attacker/parameter_scan/plot_distortion.png,copy,Move parameter scan plot into parameter_scan directory.,37618
outputs/defense/full_multiseed/seed_42/noise/comparisons/mlp_fixed_attacker_noise_distortion.png,outputs/figures/experiments/mock/seed_42/mlp/noise/fixed_attacker/plot_distortion.png,copy,Move experiment diagnostic plot into figures/experiments.,37618
outputs/defense/full_multiseed/seed_42/noise/comparisons/mlp_retrain_attacker_comparison_results.csv,outputs/experiments/mock/seed_42/mlp/noise/retrain_attacker/parameter_scan/comparison_results.csv,copy,Move parameter scan CSV to matching experiment combination.,1965
generated,outputs/experiments/mock/seed_42/mlp/noise/retrain_attacker/parameter_scan/scan_summary.json,write,Write parameter scan summary.,0
generated,outputs/experiments/mock/seed_42/mlp/noise/retrain_attacker/parameter_scan/scan_trace.json,write,Write parameter scan trace.,0
outputs/defense/full_multiseed/seed_42/noise/comparisons/mlp_retrain_attacker_noise_accuracy.png,outputs/experiments/mock/seed_42/mlp/noise/retrain_attacker/parameter_scan/plot_accuracy.png,copy,Move parameter scan plot into parameter_scan directory.,40283
outputs/defense/full_multiseed/seed_42/noise/comparisons/mlp_retrain_attacker_noise_accuracy.png,outputs/figures/experiments/mock/seed_42/mlp/noise/retrain_attacker/plot_accuracy.png,copy,Move experiment diagnostic plot into figures/experiments.,40283
outputs/defense/full_multiseed/seed_42/noise/comparisons/mlp_retrain_attacker_noise_distortion.png,outputs/experiments/mock/seed_42/mlp/noise/retrain_attacker/parameter_scan/plot_distortion.png,copy,Move parameter scan plot into parameter_scan directory.,37618
outputs/defense/full_multiseed/seed_42/noise/comparisons/mlp_retrain_attacker_noise_distortion.png,outputs/figures/experiments/mock/seed_42/mlp/noise/retrain_attacker/plot_distortion.png,copy,Move experiment diagnostic plot into figures/experiments.,37618
outputs/defense/full_multiseed/seed_123/adaptive_ldp/comparisons/lstm_fixed_attacker_comparison_results.csv,outputs/experiments/mock/seed_123/lstm/adaptive_ldp/fixed_attacker/parameter_scan/comparison_results.csv,copy,Move parameter scan CSV to matching experiment combination.,2649
generated,outputs/experiments/mock/seed_123/lstm/adaptive_ldp/fixed_attacker/parameter_scan/scan_summary.json,write,Write parameter scan summary.,0
generated,outputs/experiments/mock/seed_123/lstm/adaptive_ldp/fixed_attacker/parameter_scan/scan_trace.json,write,Write parameter scan trace.,0
generated,outputs/experiments/mock/seed_123/lstm/adaptive_ldp/fixed_attacker/parameter_scan/profile_config.json,write,Write adaptive profile scan configuration.,0
outputs/defense/full_multiseed/seed_123/adaptive_ldp/comparisons/lstm_fixed_attacker_adaptive_ldp_accuracy.png,outputs/experiments/mock/seed_123/lstm/adaptive_ldp/fixed_attacker/parameter_scan/plot_accuracy.png,copy,Move parameter scan plot into parameter_scan directory.,59800
outputs/defense/full_multiseed/seed_123/adaptive_ldp/comparisons/lstm_fixed_attacker_adaptive_ldp_accuracy.png,outputs/figures/experiments/mock/seed_123/lstm/adaptive_ldp/fixed_attacker/plot_accuracy.png,copy,Move experiment diagnostic plot into figures/experiments.,59800
outputs/defense/full_multiseed/seed_123/adaptive_ldp/comparisons/lstm_fixed_attacker_adaptive_ldp_distortion.png,outputs/experiments/mock/seed_123/lstm/adaptive_ldp/fixed_attacker/parameter_scan/plot_distortion.png,copy,Move parameter scan plot into parameter_scan directory.,53164
outputs/defense/full_multiseed/seed_123/adaptive_ldp/comparisons/lstm_fixed_attacker_adaptive_ldp_distortion.png,outputs/figures/experiments/mock/seed_123/lstm/adaptive_ldp/fixed_attacker/plot_distortion.png,copy,Move experiment diagnostic plot into figures/experiments.,53164
outputs/defense/full_multiseed/seed_123/adaptive_ldp/comparisons/lstm_retrain_attacker_comparison_results.csv,outputs/experiments/mock/seed_123/lstm/adaptive_ldp/retrain_attacker/parameter_scan/comparison_results.csv,copy,Move parameter scan CSV to matching experiment combination.,3248
generated,outputs/experiments/mock/seed_123/lstm/adaptive_ldp/retrain_attacker/parameter_scan/scan_summary.json,write,Write parameter scan summary.,0
generated,outputs/experiments/mock/seed_123/lstm/adaptive_ldp/retrain_attacker/parameter_scan/scan_trace.json,write,Write parameter scan trace.,0
generated,outputs/experiments/mock/seed_123/lstm/adaptive_ldp/retrain_attacker/parameter_scan/profile_config.json,write,Write adaptive profile scan configuration.,0
outputs/defense/full_multiseed/seed_123/adaptive_ldp/comparisons/lstm_retrain_attacker_adaptive_ldp_accuracy.png,outputs/experiments/mock/seed_123/lstm/adaptive_ldp/retrain_attacker/parameter_scan/plot_accuracy.png,copy,Move parameter scan plot into parameter_scan directory.,61457
outputs/defense/full_multiseed/seed_123/adaptive_ldp/comparisons/lstm_retrain_attacker_adaptive_ldp_accuracy.png,outputs/figures/experiments/mock/seed_123/lstm/adaptive_ldp/retrain_attacker/plot_accuracy.png,copy,Move experiment diagnostic plot into figures/experiments.,61457
outputs/defense/full_multiseed/seed_123/adaptive_ldp/comparisons/lstm_retrain_attacker_adaptive_ldp_distortion.png,outputs/experiments/mock/seed_123/lstm/adaptive_ldp/retrain_attacker/parameter_scan/plot_distortion.png,copy,Move parameter scan plot into parameter_scan directory.,53164
outputs/defense/full_multiseed/seed_123/adaptive_ldp/comparisons/lstm_retrain_attacker_adaptive_ldp_distortion.png,outputs/figures/experiments/mock/seed_123/lstm/adaptive_ldp/retrain_attacker/plot_distortion.png,copy,Move experiment diagnostic plot into figures/experiments.,53164
outputs/defense/full_multiseed/seed_123/adaptive_ldp/comparisons/mlp_fixed_attacker_comparison_results.csv,outputs/experiments/mock/seed_123/mlp/adaptive_ldp/fixed_attacker/parameter_scan/comparison_results.csv,copy,Move parameter scan CSV to matching experiment combination.,2640
generated,outputs/experiments/mock/seed_123/mlp/adaptive_ldp/fixed_attacker/parameter_scan/scan_summary.json,write,Write parameter scan summary.,0
generated,outputs/experiments/mock/seed_123/mlp/adaptive_ldp/fixed_attacker/parameter_scan/scan_trace.json,write,Write parameter scan trace.,0
generated,outputs/experiments/mock/seed_123/mlp/adaptive_ldp/fixed_attacker/parameter_scan/profile_config.json,write,Write adaptive profile scan configuration.,0
outputs/defense/full_multiseed/seed_123/adaptive_ldp/comparisons/mlp_fixed_attacker_adaptive_ldp_accuracy.png,outputs/experiments/mock/seed_123/mlp/adaptive_ldp/fixed_attacker/parameter_scan/plot_accuracy.png,copy,Move parameter scan plot into parameter_scan directory.,46304
outputs/defense/full_multiseed/seed_123/adaptive_ldp/comparisons/mlp_fixed_attacker_adaptive_ldp_accuracy.png,outputs/figures/experiments/mock/seed_123/mlp/adaptive_ldp/fixed_attacker/plot_accuracy.png,copy,Move experiment diagnostic plot into figures/experiments.,46304
outputs/defense/full_multiseed/seed_123/adaptive_ldp/comparisons/mlp_fixed_attacker_adaptive_ldp_distortion.png,outputs/experiments/mock/seed_123/mlp/adaptive_ldp/fixed_attacker/parameter_scan/plot_distortion.png,copy,Move parameter scan plot into parameter_scan directory.,53164
outputs/defense/full_multiseed/seed_123/adaptive_ldp/comparisons/mlp_fixed_attacker_adaptive_ldp_distortion.png,outputs/figures/experiments/mock/seed_123/mlp/adaptive_ldp/fixed_attacker/plot_distortion.png,copy,Move experiment diagnostic plot into figures/experiments.,53164
outputs/defense/full_multiseed/seed_123/adaptive_ldp/comparisons/mlp_retrain_attacker_comparison_results.csv,outputs/experiments/mock/seed_123/mlp/adaptive_ldp/retrain_attacker/parameter_scan/comparison_results.csv,copy,Move parameter scan CSV to matching experiment combination.,3225
generated,outputs/experiments/mock/seed_123/mlp/adaptive_ldp/retrain_attacker/parameter_scan/scan_summary.json,write,Write parameter scan summary.,0
generated,outputs/experiments/mock/seed_123/mlp/adaptive_ldp/retrain_attacker/parameter_scan/scan_trace.json,write,Write parameter scan trace.,0
generated,outputs/experiments/mock/seed_123/mlp/adaptive_ldp/retrain_attacker/parameter_scan/profile_config.json,write,Write adaptive profile scan configuration.,0
outputs/defense/full_multiseed/seed_123/adaptive_ldp/comparisons/mlp_retrain_attacker_adaptive_ldp_accuracy.png,outputs/experiments/mock/seed_123/mlp/adaptive_ldp/retrain_attacker/parameter_scan/plot_accuracy.png,copy,Move parameter scan plot into parameter_scan directory.,65638
outputs/defense/full_multiseed/seed_123/adaptive_ldp/comparisons/mlp_retrain_attacker_adaptive_ldp_accuracy.png,outputs/figures/experiments/mock/seed_123/mlp/adaptive_ldp/retrain_attacker/plot_accuracy.png,copy,Move experiment diagnostic plot into figures/experiments.,65638
outputs/defense/full_multiseed/seed_123/adaptive_ldp/comparisons/mlp_retrain_attacker_adaptive_ldp_distortion.png,outputs/experiments/mock/seed_123/mlp/adaptive_ldp/retrain_attacker/parameter_scan/plot_distortion.png,copy,Move parameter scan plot into parameter_scan directory.,53164
outputs/defense/full_multiseed/seed_123/adaptive_ldp/comparisons/mlp_retrain_attacker_adaptive_ldp_distortion.png,outputs/figures/experiments/mock/seed_123/mlp/adaptive_ldp/retrain_attacker/plot_distortion.png,copy,Move experiment diagnostic plot into figures/experiments.,53164
outputs/defense/full_multiseed/seed_123/ldp/comparisons/lstm_fixed_attacker_comparison_results.csv,outputs/experiments/mock/seed_123/lstm/ldp/fixed_attacker/parameter_scan/comparison_results.csv,copy,Move parameter scan CSV to matching experiment combination.,1726
generated,outputs/experiments/mock/seed_123/lstm/ldp/fixed_attacker/parameter_scan/scan_summary.json,write,Write parameter scan summary.,0
generated,outputs/experiments/mock/seed_123/lstm/ldp/fixed_attacker/parameter_scan/scan_trace.json,write,Write parameter scan trace.,0
outputs/defense/full_multiseed/seed_123/ldp/comparisons/epsilon_vs_accuracy.png,outputs/experiments/mock/seed_123/lstm/ldp/fixed_attacker/parameter_scan/plot_accuracy.png,copy,Move parameter scan plot into parameter_scan directory.,47157
outputs/defense/full_multiseed/seed_123/ldp/comparisons/epsilon_vs_accuracy.png,outputs/figures/experiments/mock/seed_123/lstm/ldp/fixed_attacker/plot_accuracy.png,copy,Move experiment diagnostic plot into figures/experiments.,47157
outputs/defense/full_multiseed/seed_123/ldp/comparisons/epsilon_vs_distortion.png,outputs/experiments/mock/seed_123/lstm/ldp/fixed_attacker/parameter_scan/plot_distortion.png,copy,Move parameter scan plot into parameter_scan directory.,27475
outputs/defense/full_multiseed/seed_123/ldp/comparisons/epsilon_vs_distortion.png,outputs/figures/experiments/mock/seed_123/lstm/ldp/fixed_attacker/plot_distortion.png,copy,Move experiment diagnostic plot into figures/experiments.,27475
outputs/defense/full_multiseed/seed_123/ldp/comparisons/lstm_retrain_attacker_comparison_results.csv,outputs/experiments/mock/seed_123/lstm/ldp/retrain_attacker/parameter_scan/comparison_results.csv,copy,Move parameter scan CSV to matching experiment combination.,2332
generated,outputs/experiments/mock/seed_123/lstm/ldp/retrain_attacker/parameter_scan/scan_summary.json,write,Write parameter scan summary.,0
generated,outputs/experiments/mock/seed_123/lstm/ldp/retrain_attacker/parameter_scan/scan_trace.json,write,Write parameter scan trace.,0
outputs/defense/full_multiseed/seed_123/ldp/comparisons/lstm_retrain_attacker_ldp_accuracy.png,outputs/experiments/mock/seed_123/lstm/ldp/retrain_attacker/parameter_scan/plot_accuracy.png,copy,Move parameter scan plot into parameter_scan directory.,41563
outputs/defense/full_multiseed/seed_123/ldp/comparisons/lstm_retrain_attacker_ldp_accuracy.png,outputs/figures/experiments/mock/seed_123/lstm/ldp/retrain_attacker/plot_accuracy.png,copy,Move experiment diagnostic plot into figures/experiments.,41563
outputs/defense/full_multiseed/seed_123/ldp/comparisons/lstm_retrain_attacker_ldp_distortion.png,outputs/experiments/mock/seed_123/lstm/ldp/retrain_attacker/parameter_scan/plot_distortion.png,copy,Move parameter scan plot into parameter_scan directory.,28981
outputs/defense/full_multiseed/seed_123/ldp/comparisons/lstm_retrain_attacker_ldp_distortion.png,outputs/figures/experiments/mock/seed_123/lstm/ldp/retrain_attacker/plot_distortion.png,copy,Move experiment diagnostic plot into figures/experiments.,28981
outputs/defense/full_multiseed/seed_123/ldp/comparisons/mlp_fixed_attacker_comparison_results.csv,outputs/experiments/mock/seed_123/mlp/ldp/fixed_attacker/parameter_scan/comparison_results.csv,copy,Move parameter scan CSV to matching experiment combination.,1975
generated,outputs/experiments/mock/seed_123/mlp/ldp/fixed_attacker/parameter_scan/scan_summary.json,write,Write parameter scan summary.,0
generated,outputs/experiments/mock/seed_123/mlp/ldp/fixed_attacker/parameter_scan/scan_trace.json,write,Write parameter scan trace.,0
outputs/defense/full_multiseed/seed_123/ldp/comparisons/mlp_fixed_attacker_ldp_accuracy.png,outputs/experiments/mock/seed_123/mlp/ldp/fixed_attacker/parameter_scan/plot_accuracy.png,copy,Move parameter scan plot into parameter_scan directory.,24220
outputs/defense/full_multiseed/seed_123/ldp/comparisons/mlp_fixed_attacker_ldp_accuracy.png,outputs/figures/experiments/mock/seed_123/mlp/ldp/fixed_attacker/plot_accuracy.png,copy,Move experiment diagnostic plot into figures/experiments.,24220
outputs/defense/full_multiseed/seed_123/ldp/comparisons/mlp_fixed_attacker_ldp_distortion.png,outputs/experiments/mock/seed_123/mlp/ldp/fixed_attacker/parameter_scan/plot_distortion.png,copy,Move parameter scan plot into parameter_scan directory.,28981
outputs/defense/full_multiseed/seed_123/ldp/comparisons/mlp_fixed_attacker_ldp_distortion.png,outputs/figures/experiments/mock/seed_123/mlp/ldp/fixed_attacker/plot_distortion.png,copy,Move experiment diagnostic plot into figures/experiments.,28981
outputs/defense/full_multiseed/seed_123/ldp/comparisons/mlp_retrain_attacker_comparison_results.csv,outputs/experiments/mock/seed_123/mlp/ldp/retrain_attacker/parameter_scan/comparison_results.csv,copy,Move parameter scan CSV to matching experiment combination.,2308
generated,outputs/experiments/mock/seed_123/mlp/ldp/retrain_attacker/parameter_scan/scan_summary.json,write,Write parameter scan summary.,0
generated,outputs/experiments/mock/seed_123/mlp/ldp/retrain_attacker/parameter_scan/scan_trace.json,write,Write parameter scan trace.,0
outputs/defense/full_multiseed/seed_123/ldp/comparisons/mlp_retrain_attacker_ldp_accuracy.png,outputs/experiments/mock/seed_123/mlp/ldp/retrain_attacker/parameter_scan/plot_accuracy.png,copy,Move parameter scan plot into parameter_scan directory.,31981
outputs/defense/full_multiseed/seed_123/ldp/comparisons/mlp_retrain_attacker_ldp_accuracy.png,outputs/figures/experiments/mock/seed_123/mlp/ldp/retrain_attacker/plot_accuracy.png,copy,Move experiment diagnostic plot into figures/experiments.,31981
outputs/defense/full_multiseed/seed_123/ldp/comparisons/mlp_retrain_attacker_ldp_distortion.png,outputs/experiments/mock/seed_123/mlp/ldp/retrain_attacker/parameter_scan/plot_distortion.png,copy,Move parameter scan plot into parameter_scan directory.,28981
outputs/defense/full_multiseed/seed_123/ldp/comparisons/mlp_retrain_attacker_ldp_distortion.png,outputs/figures/experiments/mock/seed_123/mlp/ldp/retrain_attacker/plot_distortion.png,copy,Move experiment diagnostic plot into figures/experiments.,28981
outputs/defense/full_multiseed/seed_123/noise/comparisons/lstm_fixed_attacker_comparison_results.csv,outputs/experiments/mock/seed_123/lstm/noise/fixed_attacker/parameter_scan/comparison_results.csv,copy,Move parameter scan CSV to matching experiment combination.,1474
generated,outputs/experiments/mock/seed_123/lstm/noise/fixed_attacker/parameter_scan/scan_summary.json,write,Write parameter scan summary.,0
generated,outputs/experiments/mock/seed_123/lstm/noise/fixed_attacker/parameter_scan/scan_trace.json,write,Write parameter scan trace.,0
outputs/defense/full_multiseed/seed_123/noise/comparisons/distortion_vs_noise.png,outputs/experiments/mock/seed_123/lstm/noise/fixed_attacker/parameter_scan/plot_distortion.png,copy,Move parameter scan plot into parameter_scan directory.,60808
outputs/defense/full_multiseed/seed_123/noise/comparisons/distortion_vs_noise.png,outputs/figures/experiments/mock/seed_123/lstm/noise/fixed_attacker/plot_distortion.png,copy,Move experiment diagnostic plot into figures/experiments.,60808
outputs/defense/full_multiseed/seed_123/noise/comparisons/lstm_retrain_attacker_comparison_results.csv,outputs/experiments/mock/seed_123/lstm/noise/retrain_attacker/parameter_scan/comparison_results.csv,copy,Move parameter scan CSV to matching experiment combination.,1996
generated,outputs/experiments/mock/seed_123/lstm/noise/retrain_attacker/parameter_scan/scan_summary.json,write,Write parameter scan summary.,0
generated,outputs/experiments/mock/seed_123/lstm/noise/retrain_attacker/parameter_scan/scan_trace.json,write,Write parameter scan trace.,0
outputs/defense/full_multiseed/seed_123/noise/comparisons/lstm_retrain_attacker_noise_accuracy.png,outputs/experiments/mock/seed_123/lstm/noise/retrain_attacker/parameter_scan/plot_accuracy.png,copy,Move parameter scan plot into parameter_scan directory.,43593
outputs/defense/full_multiseed/seed_123/noise/comparisons/lstm_retrain_attacker_noise_accuracy.png,outputs/figures/experiments/mock/seed_123/lstm/noise/retrain_attacker/plot_accuracy.png,copy,Move experiment diagnostic plot into figures/experiments.,43593
outputs/defense/full_multiseed/seed_123/noise/comparisons/lstm_retrain_attacker_noise_distortion.png,outputs/experiments/mock/seed_123/lstm/noise/retrain_attacker/parameter_scan/plot_distortion.png,copy,Move parameter scan plot into parameter_scan directory.,37696
outputs/defense/full_multiseed/seed_123/noise/comparisons/lstm_retrain_attacker_noise_distortion.png,outputs/figures/experiments/mock/seed_123/lstm/noise/retrain_attacker/plot_distortion.png,copy,Move experiment diagnostic plot into figures/experiments.,37696
outputs/defense/full_multiseed/seed_123/noise/comparisons/mlp_fixed_attacker_comparison_results.csv,outputs/experiments/mock/seed_123/mlp/noise/fixed_attacker/parameter_scan/comparison_results.csv,copy,Move parameter scan CSV to matching experiment combination.,1673
generated,outputs/experiments/mock/seed_123/mlp/noise/fixed_attacker/parameter_scan/scan_summary.json,write,Write parameter scan summary.,0
generated,outputs/experiments/mock/seed_123/mlp/noise/fixed_attacker/parameter_scan/scan_trace.json,write,Write parameter scan trace.,0
outputs/defense/full_multiseed/seed_123/noise/comparisons/mlp_fixed_attacker_noise_accuracy.png,outputs/experiments/mock/seed_123/mlp/noise/fixed_attacker/parameter_scan/plot_accuracy.png,copy,Move parameter scan plot into parameter_scan directory.,38855
outputs/defense/full_multiseed/seed_123/noise/comparisons/mlp_fixed_attacker_noise_accuracy.png,outputs/figures/experiments/mock/seed_123/mlp/noise/fixed_attacker/plot_accuracy.png,copy,Move experiment diagnostic plot into figures/experiments.,38855
outputs/defense/full_multiseed/seed_123/noise/comparisons/mlp_fixed_attacker_noise_distortion.png,outputs/experiments/mock/seed_123/mlp/noise/fixed_attacker/parameter_scan/plot_distortion.png,copy,Move parameter scan plot into parameter_scan directory.,37696
outputs/defense/full_multiseed/seed_123/noise/comparisons/mlp_fixed_attacker_noise_distortion.png,outputs/figures/experiments/mock/seed_123/mlp/noise/fixed_attacker/plot_distortion.png,copy,Move experiment diagnostic plot into figures/experiments.,37696
outputs/defense/full_multiseed/seed_123/noise/comparisons/mlp_retrain_attacker_comparison_results.csv,outputs/experiments/mock/seed_123/mlp/noise/retrain_attacker/parameter_scan/comparison_results.csv,copy,Move parameter scan CSV to matching experiment combination.,1982
generated,outputs/experiments/mock/seed_123/mlp/noise/retrain_attacker/parameter_scan/scan_summary.json,write,Write parameter scan summary.,0
generated,outputs/experiments/mock/seed_123/mlp/noise/retrain_attacker/parameter_scan/scan_trace.json,write,Write parameter scan trace.,0
outputs/defense/full_multiseed/seed_123/noise/comparisons/mlp_retrain_attacker_noise_accuracy.png,outputs/experiments/mock/seed_123/mlp/noise/retrain_attacker/parameter_scan/plot_accuracy.png,copy,Move parameter scan plot into parameter_scan directory.,46671
outputs/defense/full_multiseed/seed_123/noise/comparisons/mlp_retrain_attacker_noise_accuracy.png,outputs/figures/experiments/mock/seed_123/mlp/noise/retrain_attacker/plot_accuracy.png,copy,Move experiment diagnostic plot into figures/experiments.,46671
outputs/defense/full_multiseed/seed_123/noise/comparisons/mlp_retrain_attacker_noise_distortion.png,outputs/experiments/mock/seed_123/mlp/noise/retrain_attacker/parameter_scan/plot_distortion.png,copy,Move parameter scan plot into parameter_scan directory.,37696
outputs/defense/full_multiseed/seed_123/noise/comparisons/mlp_retrain_attacker_noise_distortion.png,outputs/figures/experiments/mock/seed_123/mlp/noise/retrain_attacker/plot_distortion.png,copy,Move experiment diagnostic plot into figures/experiments.,37696
outputs/defense/full_multiseed/seed_2026/adaptive_ldp/comparisons/lstm_fixed_attacker_comparison_results.csv,outputs/experiments/mock/seed_2026/lstm/adaptive_ldp/fixed_attacker/parameter_scan/comparison_results.csv,copy,Move parameter scan CSV to matching experiment combination.,2663
generated,outputs/experiments/mock/seed_2026/lstm/adaptive_ldp/fixed_attacker/parameter_scan/scan_summary.json,write,Write parameter scan summary.,0
generated,outputs/experiments/mock/seed_2026/lstm/adaptive_ldp/fixed_attacker/parameter_scan/scan_trace.json,write,Write parameter scan trace.,0
generated,outputs/experiments/mock/seed_2026/lstm/adaptive_ldp/fixed_attacker/parameter_scan/profile_config.json,write,Write adaptive profile scan configuration.,0
outputs/defense/full_multiseed/seed_2026/adaptive_ldp/comparisons/lstm_fixed_attacker_adaptive_ldp_accuracy.png,outputs/experiments/mock/seed_2026/lstm/adaptive_ldp/fixed_attacker/parameter_scan/plot_accuracy.png,copy,Move parameter scan plot into parameter_scan directory.,62363
outputs/defense/full_multiseed/seed_2026/adaptive_ldp/comparisons/lstm_fixed_attacker_adaptive_ldp_accuracy.png,outputs/figures/experiments/mock/seed_2026/lstm/adaptive_ldp/fixed_attacker/plot_accuracy.png,copy,Move experiment diagnostic plot into figures/experiments.,62363
outputs/defense/full_multiseed/seed_2026/adaptive_ldp/comparisons/lstm_fixed_attacker_adaptive_ldp_distortion.png,outputs/experiments/mock/seed_2026/lstm/adaptive_ldp/fixed_attacker/parameter_scan/plot_distortion.png,copy,Move parameter scan plot into parameter_scan directory.,52991
outputs/defense/full_multiseed/seed_2026/adaptive_ldp/comparisons/lstm_fixed_attacker_adaptive_ldp_distortion.png,outputs/figures/experiments/mock/seed_2026/lstm/adaptive_ldp/fixed_attacker/plot_distortion.png,copy,Move experiment diagnostic plot into figures/experiments.,52991
outputs/defense/full_multiseed/seed_2026/adaptive_ldp/comparisons/lstm_retrain_attacker_comparison_results.csv,outputs/experiments/mock/seed_2026/lstm/adaptive_ldp/retrain_attacker/parameter_scan/comparison_results.csv,copy,Move parameter scan CSV to matching experiment combination.,3268
generated,outputs/experiments/mock/seed_2026/lstm/adaptive_ldp/retrain_attacker/parameter_scan/scan_summary.json,write,Write parameter scan summary.,0
generated,outputs/experiments/mock/seed_2026/lstm/adaptive_ldp/retrain_attacker/parameter_scan/scan_trace.json,write,Write parameter scan trace.,0
generated,outputs/experiments/mock/seed_2026/lstm/adaptive_ldp/retrain_attacker/parameter_scan/profile_config.json,write,Write adaptive profile scan configuration.,0
outputs/defense/full_multiseed/seed_2026/adaptive_ldp/comparisons/lstm_retrain_attacker_adaptive_ldp_accuracy.png,outputs/experiments/mock/seed_2026/lstm/adaptive_ldp/retrain_attacker/parameter_scan/plot_accuracy.png,copy,Move parameter scan plot into parameter_scan directory.,61856
outputs/defense/full_multiseed/seed_2026/adaptive_ldp/comparisons/lstm_retrain_attacker_adaptive_ldp_accuracy.png,outputs/figures/experiments/mock/seed_2026/lstm/adaptive_ldp/retrain_attacker/plot_accuracy.png,copy,Move experiment diagnostic plot into figures/experiments.,61856
outputs/defense/full_multiseed/seed_2026/adaptive_ldp/comparisons/lstm_retrain_attacker_adaptive_ldp_distortion.png,outputs/experiments/mock/seed_2026/lstm/adaptive_ldp/retrain_attacker/parameter_scan/plot_distortion.png,copy,Move parameter scan plot into parameter_scan directory.,52991
outputs/defense/full_multiseed/seed_2026/adaptive_ldp/comparisons/lstm_retrain_attacker_adaptive_ldp_distortion.png,outputs/figures/experiments/mock/seed_2026/lstm/adaptive_ldp/retrain_attacker/plot_distortion.png,copy,Move experiment diagnostic plot into figures/experiments.,52991
outputs/defense/full_multiseed/seed_2026/adaptive_ldp/comparisons/mlp_fixed_attacker_comparison_results.csv,outputs/experiments/mock/seed_2026/mlp/adaptive_ldp/fixed_attacker/parameter_scan/comparison_results.csv,copy,Move parameter scan CSV to matching experiment combination.,2660
generated,outputs/experiments/mock/seed_2026/mlp/adaptive_ldp/fixed_attacker/parameter_scan/scan_summary.json,write,Write parameter scan summary.,0
generated,outputs/experiments/mock/seed_2026/mlp/adaptive_ldp/fixed_attacker/parameter_scan/scan_trace.json,write,Write parameter scan trace.,0
generated,outputs/experiments/mock/seed_2026/mlp/adaptive_ldp/fixed_attacker/parameter_scan/profile_config.json,write,Write adaptive profile scan configuration.,0
outputs/defense/full_multiseed/seed_2026/adaptive_ldp/comparisons/mlp_fixed_attacker_adaptive_ldp_accuracy.png,outputs/experiments/mock/seed_2026/mlp/adaptive_ldp/fixed_attacker/parameter_scan/plot_accuracy.png,copy,Move parameter scan plot into parameter_scan directory.,45587
outputs/defense/full_multiseed/seed_2026/adaptive_ldp/comparisons/mlp_fixed_attacker_adaptive_ldp_accuracy.png,outputs/figures/experiments/mock/seed_2026/mlp/adaptive_ldp/fixed_attacker/plot_accuracy.png,copy,Move experiment diagnostic plot into figures/experiments.,45587
outputs/defense/full_multiseed/seed_2026/adaptive_ldp/comparisons/mlp_fixed_attacker_adaptive_ldp_distortion.png,outputs/experiments/mock/seed_2026/mlp/adaptive_ldp/fixed_attacker/parameter_scan/plot_distortion.png,copy,Move parameter scan plot into parameter_scan directory.,52991
outputs/defense/full_multiseed/seed_2026/adaptive_ldp/comparisons/mlp_fixed_attacker_adaptive_ldp_distortion.png,outputs/figures/experiments/mock/seed_2026/mlp/adaptive_ldp/fixed_attacker/plot_distortion.png,copy,Move experiment diagnostic plot into figures/experiments.,52991
outputs/defense/full_multiseed/seed_2026/adaptive_ldp/comparisons/mlp_retrain_attacker_comparison_results.csv,outputs/experiments/mock/seed_2026/mlp/adaptive_ldp/retrain_attacker/parameter_scan/comparison_results.csv,copy,Move parameter scan CSV to matching experiment combination.,3243
generated,outputs/experiments/mock/seed_2026/mlp/adaptive_ldp/retrain_attacker/parameter_scan/scan_summary.json,write,Write parameter scan summary.,0
generated,outputs/experiments/mock/seed_2026/mlp/adaptive_ldp/retrain_attacker/parameter_scan/scan_trace.json,write,Write parameter scan trace.,0
generated,outputs/experiments/mock/seed_2026/mlp/adaptive_ldp/retrain_attacker/parameter_scan/profile_config.json,write,Write adaptive profile scan configuration.,0
outputs/defense/full_multiseed/seed_2026/adaptive_ldp/comparisons/mlp_retrain_attacker_adaptive_ldp_accuracy.png,outputs/experiments/mock/seed_2026/mlp/adaptive_ldp/retrain_attacker/parameter_scan/plot_accuracy.png,copy,Move parameter scan plot into parameter_scan directory.,61959
outputs/defense/full_multiseed/seed_2026/adaptive_ldp/comparisons/mlp_retrain_attacker_adaptive_ldp_accuracy.png,outputs/figures/experiments/mock/seed_2026/mlp/adaptive_ldp/retrain_attacker/plot_accuracy.png,copy,Move experiment diagnostic plot into figures/experiments.,61959
outputs/defense/full_multiseed/seed_2026/adaptive_ldp/comparisons/mlp_retrain_attacker_adaptive_ldp_distortion.png,outputs/experiments/mock/seed_2026/mlp/adaptive_ldp/retrain_attacker/parameter_scan/plot_distortion.png,copy,Move parameter scan plot into parameter_scan directory.,52991
outputs/defense/full_multiseed/seed_2026/adaptive_ldp/comparisons/mlp_retrain_attacker_adaptive_ldp_distortion.png,outputs/figures/experiments/mock/seed_2026/mlp/adaptive_ldp/retrain_attacker/plot_distortion.png,copy,Move experiment diagnostic plot into figures/experiments.,52991
outputs/defense/full_multiseed/seed_2026/ldp/comparisons/lstm_fixed_attacker_comparison_results.csv,outputs/experiments/mock/seed_2026/lstm/ldp/fixed_attacker/parameter_scan/comparison_results.csv,copy,Move parameter scan CSV to matching experiment combination.,1732
generated,outputs/experiments/mock/seed_2026/lstm/ldp/fixed_attacker/parameter_scan/scan_summary.json,write,Write parameter scan summary.,0
generated,outputs/experiments/mock/seed_2026/lstm/ldp/fixed_attacker/parameter_scan/scan_trace.json,write,Write parameter scan trace.,0
outputs/defense/full_multiseed/seed_2026/ldp/comparisons/epsilon_vs_accuracy.png,outputs/experiments/mock/seed_2026/lstm/ldp/fixed_attacker/parameter_scan/plot_accuracy.png,copy,Move parameter scan plot into parameter_scan directory.,47643
outputs/defense/full_multiseed/seed_2026/ldp/comparisons/epsilon_vs_accuracy.png,outputs/figures/experiments/mock/seed_2026/lstm/ldp/fixed_attacker/plot_accuracy.png,copy,Move experiment diagnostic plot into figures/experiments.,47643
outputs/defense/full_multiseed/seed_2026/ldp/comparisons/epsilon_vs_distortion.png,outputs/experiments/mock/seed_2026/lstm/ldp/fixed_attacker/parameter_scan/plot_distortion.png,copy,Move parameter scan plot into parameter_scan directory.,27447
outputs/defense/full_multiseed/seed_2026/ldp/comparisons/epsilon_vs_distortion.png,outputs/figures/experiments/mock/seed_2026/lstm/ldp/fixed_attacker/plot_distortion.png,copy,Move experiment diagnostic plot into figures/experiments.,27447
outputs/defense/full_multiseed/seed_2026/ldp/comparisons/lstm_retrain_attacker_comparison_results.csv,outputs/experiments/mock/seed_2026/lstm/ldp/retrain_attacker/parameter_scan/comparison_results.csv,copy,Move parameter scan CSV to matching experiment combination.,2352
generated,outputs/experiments/mock/seed_2026/lstm/ldp/retrain_attacker/parameter_scan/scan_summary.json,write,Write parameter scan summary.,0
generated,outputs/experiments/mock/seed_2026/lstm/ldp/retrain_attacker/parameter_scan/scan_trace.json,write,Write parameter scan trace.,0
outputs/defense/full_multiseed/seed_2026/ldp/comparisons/lstm_retrain_attacker_ldp_accuracy.png,outputs/experiments/mock/seed_2026/lstm/ldp/retrain_attacker/parameter_scan/plot_accuracy.png,copy,Move parameter scan plot into parameter_scan directory.,37788
outputs/defense/full_multiseed/seed_2026/ldp/comparisons/lstm_retrain_attacker_ldp_accuracy.png,outputs/figures/experiments/mock/seed_2026/lstm/ldp/retrain_attacker/plot_accuracy.png,copy,Move experiment diagnostic plot into figures/experiments.,37788
outputs/defense/full_multiseed/seed_2026/ldp/comparisons/lstm_retrain_attacker_ldp_distortion.png,outputs/experiments/mock/seed_2026/lstm/ldp/retrain_attacker/parameter_scan/plot_distortion.png,copy,Move parameter scan plot into parameter_scan directory.,29072
outputs/defense/full_multiseed/seed_2026/ldp/comparisons/lstm_retrain_attacker_ldp_distortion.png,outputs/figures/experiments/mock/seed_2026/lstm/ldp/retrain_attacker/plot_distortion.png,copy,Move experiment diagnostic plot into figures/experiments.,29072
outputs/defense/full_multiseed/seed_2026/ldp/comparisons/mlp_fixed_attacker_comparison_results.csv,outputs/experiments/mock/seed_2026/mlp/ldp/fixed_attacker/parameter_scan/comparison_results.csv,copy,Move parameter scan CSV to matching experiment combination.,1990
generated,outputs/experiments/mock/seed_2026/mlp/ldp/fixed_attacker/parameter_scan/scan_summary.json,write,Write parameter scan summary.,0
generated,outputs/experiments/mock/seed_2026/mlp/ldp/fixed_attacker/parameter_scan/scan_trace.json,write,Write parameter scan trace.,0
outputs/defense/full_multiseed/seed_2026/ldp/comparisons/mlp_fixed_attacker_ldp_accuracy.png,outputs/experiments/mock/seed_2026/mlp/ldp/fixed_attacker/parameter_scan/plot_accuracy.png,copy,Move parameter scan plot into parameter_scan directory.,23550
outputs/defense/full_multiseed/seed_2026/ldp/comparisons/mlp_fixed_attacker_ldp_accuracy.png,outputs/figures/experiments/mock/seed_2026/mlp/ldp/fixed_attacker/plot_accuracy.png,copy,Move experiment diagnostic plot into figures/experiments.,23550
outputs/defense/full_multiseed/seed_2026/ldp/comparisons/mlp_fixed_attacker_ldp_distortion.png,outputs/experiments/mock/seed_2026/mlp/ldp/fixed_attacker/parameter_scan/plot_distortion.png,copy,Move parameter scan plot into parameter_scan directory.,29072
outputs/defense/full_multiseed/seed_2026/ldp/comparisons/mlp_fixed_attacker_ldp_distortion.png,outputs/figures/experiments/mock/seed_2026/mlp/ldp/fixed_attacker/plot_distortion.png,copy,Move experiment diagnostic plot into figures/experiments.,29072
outputs/defense/full_multiseed/seed_2026/ldp/comparisons/mlp_retrain_attacker_comparison_results.csv,outputs/experiments/mock/seed_2026/mlp/ldp/retrain_attacker/parameter_scan/comparison_results.csv,copy,Move parameter scan CSV to matching experiment combination.,2325
generated,outputs/experiments/mock/seed_2026/mlp/ldp/retrain_attacker/parameter_scan/scan_summary.json,write,Write parameter scan summary.,0
generated,outputs/experiments/mock/seed_2026/mlp/ldp/retrain_attacker/parameter_scan/scan_trace.json,write,Write parameter scan trace.,0
outputs/defense/full_multiseed/seed_2026/ldp/comparisons/mlp_retrain_attacker_ldp_accuracy.png,outputs/experiments/mock/seed_2026/mlp/ldp/retrain_attacker/parameter_scan/plot_accuracy.png,copy,Move parameter scan plot into parameter_scan directory.,41374
outputs/defense/full_multiseed/seed_2026/ldp/comparisons/mlp_retrain_attacker_ldp_accuracy.png,outputs/figures/experiments/mock/seed_2026/mlp/ldp/retrain_attacker/plot_accuracy.png,copy,Move experiment diagnostic plot into figures/experiments.,41374
outputs/defense/full_multiseed/seed_2026/ldp/comparisons/mlp_retrain_attacker_ldp_distortion.png,outputs/experiments/mock/seed_2026/mlp/ldp/retrain_attacker/parameter_scan/plot_distortion.png,copy,Move parameter scan plot into parameter_scan directory.,29072
outputs/defense/full_multiseed/seed_2026/ldp/comparisons/mlp_retrain_attacker_ldp_distortion.png,outputs/figures/experiments/mock/seed_2026/mlp/ldp/retrain_attacker/plot_distortion.png,copy,Move experiment diagnostic plot into figures/experiments.,29072
outputs/defense/full_multiseed/seed_2026/noise/comparisons/lstm_fixed_attacker_comparison_results.csv,outputs/experiments/mock/seed_2026/lstm/noise/fixed_attacker/parameter_scan/comparison_results.csv,copy,Move parameter scan CSV to matching experiment combination.,1474
generated,outputs/experiments/mock/seed_2026/lstm/noise/fixed_attacker/parameter_scan/scan_summary.json,write,Write parameter scan summary.,0
generated,outputs/experiments/mock/seed_2026/lstm/noise/fixed_attacker/parameter_scan/scan_trace.json,write,Write parameter scan trace.,0
outputs/defense/full_multiseed/seed_2026/noise/comparisons/distortion_vs_noise.png,outputs/experiments/mock/seed_2026/lstm/noise/fixed_attacker/parameter_scan/plot_distortion.png,copy,Move parameter scan plot into parameter_scan directory.,61930
outputs/defense/full_multiseed/seed_2026/noise/comparisons/distortion_vs_noise.png,outputs/figures/experiments/mock/seed_2026/lstm/noise/fixed_attacker/plot_distortion.png,copy,Move experiment diagnostic plot into figures/experiments.,61930
outputs/defense/full_multiseed/seed_2026/noise/comparisons/lstm_retrain_attacker_comparison_results.csv,outputs/experiments/mock/seed_2026/lstm/noise/retrain_attacker/parameter_scan/comparison_results.csv,copy,Move parameter scan CSV to matching experiment combination.,1999
generated,outputs/experiments/mock/seed_2026/lstm/noise/retrain_attacker/parameter_scan/scan_summary.json,write,Write parameter scan summary.,0
generated,outputs/experiments/mock/seed_2026/lstm/noise/retrain_attacker/parameter_scan/scan_trace.json,write,Write parameter scan trace.,0
outputs/defense/full_multiseed/seed_2026/noise/comparisons/lstm_retrain_attacker_noise_accuracy.png,outputs/experiments/mock/seed_2026/lstm/noise/retrain_attacker/parameter_scan/plot_accuracy.png,copy,Move parameter scan plot into parameter_scan directory.,39028
outputs/defense/full_multiseed/seed_2026/noise/comparisons/lstm_retrain_attacker_noise_accuracy.png,outputs/figures/experiments/mock/seed_2026/lstm/noise/retrain_attacker/plot_accuracy.png,copy,Move experiment diagnostic plot into figures/experiments.,39028
outputs/defense/full_multiseed/seed_2026/noise/comparisons/lstm_retrain_attacker_noise_distortion.png,outputs/experiments/mock/seed_2026/lstm/noise/retrain_attacker/parameter_scan/plot_distortion.png,copy,Move parameter scan plot into parameter_scan directory.,37698
outputs/defense/full_multiseed/seed_2026/noise/comparisons/lstm_retrain_attacker_noise_distortion.png,outputs/figures/experiments/mock/seed_2026/lstm/noise/retrain_attacker/plot_distortion.png,copy,Move experiment diagnostic plot into figures/experiments.,37698
outputs/defense/full_multiseed/seed_2026/noise/comparisons/mlp_fixed_attacker_comparison_results.csv,outputs/experiments/mock/seed_2026/mlp/noise/fixed_attacker/parameter_scan/comparison_results.csv,copy,Move parameter scan CSV to matching experiment combination.,1674
generated,outputs/experiments/mock/seed_2026/mlp/noise/fixed_attacker/parameter_scan/scan_summary.json,write,Write parameter scan summary.,0
generated,outputs/experiments/mock/seed_2026/mlp/noise/fixed_attacker/parameter_scan/scan_trace.json,write,Write parameter scan trace.,0
outputs/defense/full_multiseed/seed_2026/noise/comparisons/mlp_fixed_attacker_noise_accuracy.png,outputs/experiments/mock/seed_2026/mlp/noise/fixed_attacker/parameter_scan/plot_accuracy.png,copy,Move parameter scan plot into parameter_scan directory.,38427
outputs/defense/full_multiseed/seed_2026/noise/comparisons/mlp_fixed_attacker_noise_accuracy.png,outputs/figures/experiments/mock/seed_2026/mlp/noise/fixed_attacker/plot_accuracy.png,copy,Move experiment diagnostic plot into figures/experiments.,38427
outputs/defense/full_multiseed/seed_2026/noise/comparisons/mlp_fixed_attacker_noise_distortion.png,outputs/experiments/mock/seed_2026/mlp/noise/fixed_attacker/parameter_scan/plot_distortion.png,copy,Move parameter scan plot into parameter_scan directory.,37698
outputs/defense/full_multiseed/seed_2026/noise/comparisons/mlp_fixed_attacker_noise_distortion.png,outputs/figures/experiments/mock/seed_2026/mlp/noise/fixed_attacker/plot_distortion.png,copy,Move experiment diagnostic plot into figures/experiments.,37698
outputs/defense/full_multiseed/seed_2026/noise/comparisons/mlp_retrain_attacker_comparison_results.csv,outputs/experiments/mock/seed_2026/mlp/noise/retrain_attacker/parameter_scan/comparison_results.csv,copy,Move parameter scan CSV to matching experiment combination.,1989
generated,outputs/experiments/mock/seed_2026/mlp/noise/retrain_attacker/parameter_scan/scan_summary.json,write,Write parameter scan summary.,0
generated,outputs/experiments/mock/seed_2026/mlp/noise/retrain_attacker/parameter_scan/scan_trace.json,write,Write parameter scan trace.,0
outputs/defense/full_multiseed/seed_2026/noise/comparisons/mlp_retrain_attacker_noise_accuracy.png,outputs/experiments/mock/seed_2026/mlp/noise/retrain_attacker/parameter_scan/plot_accuracy.png,copy,Move parameter scan plot into parameter_scan directory.,45548
outputs/defense/full_multiseed/seed_2026/noise/comparisons/mlp_retrain_attacker_noise_accuracy.png,outputs/figures/experiments/mock/seed_2026/mlp/noise/retrain_attacker/plot_accuracy.png,copy,Move experiment diagnostic plot into figures/experiments.,45548
outputs/defense/full_multiseed/seed_2026/noise/comparisons/mlp_retrain_attacker_noise_distortion.png,outputs/experiments/mock/seed_2026/mlp/noise/retrain_attacker/parameter_scan/plot_distortion.png,copy,Move parameter scan plot into parameter_scan directory.,37698
outputs/defense/full_multiseed/seed_2026/noise/comparisons/mlp_retrain_attacker_noise_distortion.png,outputs/figures/experiments/mock/seed_2026/mlp/noise/retrain_attacker/plot_distortion.png,copy,Move experiment diagnostic plot into figures/experiments.,37698
outputs/defense/real_public_benchmark/uci_har/seed_42/adaptive_ldp/comparisons/lstm_fixed_attacker_comparison_results.csv,outputs/experiments/uci_har/seed_42/lstm/adaptive_ldp/fixed_attacker/parameter_scan/comparison_results.csv,copy,Move parameter scan CSV to matching experiment combination.,2816
generated,outputs/experiments/uci_har/seed_42/lstm/adaptive_ldp/fixed_attacker/parameter_scan/scan_summary.json,write,Write parameter scan summary.,0
generated,outputs/experiments/uci_har/seed_42/lstm/adaptive_ldp/fixed_attacker/parameter_scan/scan_trace.json,write,Write parameter scan trace.,0
generated,outputs/experiments/uci_har/seed_42/lstm/adaptive_ldp/fixed_attacker/parameter_scan/profile_config.json,write,Write adaptive profile scan configuration.,0
outputs/defense/real_public_benchmark/uci_har/seed_42/adaptive_ldp/comparisons/lstm_fixed_attacker_adaptive_ldp_accuracy.png,outputs/experiments/uci_har/seed_42/lstm/adaptive_ldp/fixed_attacker/parameter_scan/plot_accuracy.png,copy,Move parameter scan plot into parameter_scan directory.,61788
outputs/defense/real_public_benchmark/uci_har/seed_42/adaptive_ldp/comparisons/lstm_fixed_attacker_adaptive_ldp_accuracy.png,outputs/figures/experiments/uci_har/seed_42/lstm/adaptive_ldp/fixed_attacker/plot_accuracy.png,copy,Move experiment diagnostic plot into figures/experiments.,61788
outputs/defense/real_public_benchmark/uci_har/seed_42/adaptive_ldp/comparisons/lstm_fixed_attacker_adaptive_ldp_distortion.png,outputs/experiments/uci_har/seed_42/lstm/adaptive_ldp/fixed_attacker/parameter_scan/plot_distortion.png,copy,Move parameter scan plot into parameter_scan directory.,52000
outputs/defense/real_public_benchmark/uci_har/seed_42/adaptive_ldp/comparisons/lstm_fixed_attacker_adaptive_ldp_distortion.png,outputs/figures/experiments/uci_har/seed_42/lstm/adaptive_ldp/fixed_attacker/plot_distortion.png,copy,Move experiment diagnostic plot into figures/experiments.,52000
outputs/defense/real_public_benchmark/uci_har/seed_42/adaptive_ldp/comparisons/lstm_retrain_attacker_comparison_results.csv,outputs/experiments/uci_har/seed_42/lstm/adaptive_ldp/retrain_attacker/parameter_scan/comparison_results.csv,copy,Move parameter scan CSV to matching experiment combination.,3419
generated,outputs/experiments/uci_har/seed_42/lstm/adaptive_ldp/retrain_attacker/parameter_scan/scan_summary.json,write,Write parameter scan summary.,0
generated,outputs/experiments/uci_har/seed_42/lstm/adaptive_ldp/retrain_attacker/parameter_scan/scan_trace.json,write,Write parameter scan trace.,0
generated,outputs/experiments/uci_har/seed_42/lstm/adaptive_ldp/retrain_attacker/parameter_scan/profile_config.json,write,Write adaptive profile scan configuration.,0
outputs/defense/real_public_benchmark/uci_har/seed_42/adaptive_ldp/comparisons/lstm_retrain_attacker_adaptive_ldp_accuracy.png,outputs/experiments/uci_har/seed_42/lstm/adaptive_ldp/retrain_attacker/parameter_scan/plot_accuracy.png,copy,Move parameter scan plot into parameter_scan directory.,62834
outputs/defense/real_public_benchmark/uci_har/seed_42/adaptive_ldp/comparisons/lstm_retrain_attacker_adaptive_ldp_accuracy.png,outputs/figures/experiments/uci_har/seed_42/lstm/adaptive_ldp/retrain_attacker/plot_accuracy.png,copy,Move experiment diagnostic plot into figures/experiments.,62834
outputs/defense/real_public_benchmark/uci_har/seed_42/adaptive_ldp/comparisons/lstm_retrain_attacker_adaptive_ldp_distortion.png,outputs/experiments/uci_har/seed_42/lstm/adaptive_ldp/retrain_attacker/parameter_scan/plot_distortion.png,copy,Move parameter scan plot into parameter_scan directory.,52000
outputs/defense/real_public_benchmark/uci_har/seed_42/adaptive_ldp/comparisons/lstm_retrain_attacker_adaptive_ldp_distortion.png,outputs/figures/experiments/uci_har/seed_42/lstm/adaptive_ldp/retrain_attacker/plot_distortion.png,copy,Move experiment diagnostic plot into figures/experiments.,52000
outputs/defense/real_public_benchmark/uci_har/seed_42/adaptive_ldp/comparisons/mlp_fixed_attacker_comparison_results.csv,outputs/experiments/uci_har/seed_42/mlp/adaptive_ldp/fixed_attacker/parameter_scan/comparison_results.csv,copy,Move parameter scan CSV to matching experiment combination.,2806
generated,outputs/experiments/uci_har/seed_42/mlp/adaptive_ldp/fixed_attacker/parameter_scan/scan_summary.json,write,Write parameter scan summary.,0
generated,outputs/experiments/uci_har/seed_42/mlp/adaptive_ldp/fixed_attacker/parameter_scan/scan_trace.json,write,Write parameter scan trace.,0
generated,outputs/experiments/uci_har/seed_42/mlp/adaptive_ldp/fixed_attacker/parameter_scan/profile_config.json,write,Write adaptive profile scan configuration.,0
outputs/defense/real_public_benchmark/uci_har/seed_42/adaptive_ldp/comparisons/mlp_fixed_attacker_adaptive_ldp_accuracy.png,outputs/experiments/uci_har/seed_42/mlp/adaptive_ldp/fixed_attacker/parameter_scan/plot_accuracy.png,copy,Move parameter scan plot into parameter_scan directory.,62772
outputs/defense/real_public_benchmark/uci_har/seed_42/adaptive_ldp/comparisons/mlp_fixed_attacker_adaptive_ldp_accuracy.png,outputs/figures/experiments/uci_har/seed_42/mlp/adaptive_ldp/fixed_attacker/plot_accuracy.png,copy,Move experiment diagnostic plot into figures/experiments.,62772
outputs/defense/real_public_benchmark/uci_har/seed_42/adaptive_ldp/comparisons/mlp_fixed_attacker_adaptive_ldp_distortion.png,outputs/experiments/uci_har/seed_42/mlp/adaptive_ldp/fixed_attacker/parameter_scan/plot_distortion.png,copy,Move parameter scan plot into parameter_scan directory.,52000
outputs/defense/real_public_benchmark/uci_har/seed_42/adaptive_ldp/comparisons/mlp_fixed_attacker_adaptive_ldp_distortion.png,outputs/figures/experiments/uci_har/seed_42/mlp/adaptive_ldp/fixed_attacker/plot_distortion.png,copy,Move experiment diagnostic plot into figures/experiments.,52000
outputs/defense/real_public_benchmark/uci_har/seed_42/adaptive_ldp/comparisons/mlp_retrain_attacker_comparison_results.csv,outputs/experiments/uci_har/seed_42/mlp/adaptive_ldp/retrain_attacker/parameter_scan/comparison_results.csv,copy,Move parameter scan CSV to matching experiment combination.,3391
generated,outputs/experiments/uci_har/seed_42/mlp/adaptive_ldp/retrain_attacker/parameter_scan/scan_summary.json,write,Write parameter scan summary.,0
generated,outputs/experiments/uci_har/seed_42/mlp/adaptive_ldp/retrain_attacker/parameter_scan/scan_trace.json,write,Write parameter scan trace.,0
generated,outputs/experiments/uci_har/seed_42/mlp/adaptive_ldp/retrain_attacker/parameter_scan/profile_config.json,write,Write adaptive profile scan configuration.,0
outputs/defense/real_public_benchmark/uci_har/seed_42/adaptive_ldp/comparisons/mlp_retrain_attacker_adaptive_ldp_accuracy.png,outputs/experiments/uci_har/seed_42/mlp/adaptive_ldp/retrain_attacker/parameter_scan/plot_accuracy.png,copy,Move parameter scan plot into parameter_scan directory.,62870
outputs/defense/real_public_benchmark/uci_har/seed_42/adaptive_ldp/comparisons/mlp_retrain_attacker_adaptive_ldp_accuracy.png,outputs/figures/experiments/uci_har/seed_42/mlp/adaptive_ldp/retrain_attacker/plot_accuracy.png,copy,Move experiment diagnostic plot into figures/experiments.,62870
outputs/defense/real_public_benchmark/uci_har/seed_42/adaptive_ldp/comparisons/mlp_retrain_attacker_adaptive_ldp_distortion.png,outputs/experiments/uci_har/seed_42/mlp/adaptive_ldp/retrain_attacker/parameter_scan/plot_distortion.png,copy,Move parameter scan plot into parameter_scan directory.,52000
outputs/defense/real_public_benchmark/uci_har/seed_42/adaptive_ldp/comparisons/mlp_retrain_attacker_adaptive_ldp_distortion.png,outputs/figures/experiments/uci_har/seed_42/mlp/adaptive_ldp/retrain_attacker/plot_distortion.png,copy,Move experiment diagnostic plot into figures/experiments.,52000
outputs/defense/real_public_benchmark/uci_har/seed_42/ldp/comparisons/lstm_fixed_attacker_comparison_results.csv,outputs/experiments/uci_har/seed_42/lstm/ldp/fixed_attacker/parameter_scan/comparison_results.csv,copy,Move parameter scan CSV to matching experiment combination.,1402
generated,outputs/experiments/uci_har/seed_42/lstm/ldp/fixed_attacker/parameter_scan/scan_summary.json,write,Write parameter scan summary.,0
generated,outputs/experiments/uci_har/seed_42/lstm/ldp/fixed_attacker/parameter_scan/scan_trace.json,write,Write parameter scan trace.,0
outputs/defense/real_public_benchmark/uci_har/seed_42/ldp/comparisons/lstm_fixed_attacker_ldp_accuracy.png,outputs/experiments/uci_har/seed_42/lstm/ldp/fixed_attacker/parameter_scan/plot_accuracy.png,copy,Move parameter scan plot into parameter_scan directory.,33371
outputs/defense/real_public_benchmark/uci_har/seed_42/ldp/comparisons/lstm_fixed_attacker_ldp_accuracy.png,outputs/figures/experiments/uci_har/seed_42/lstm/ldp/fixed_attacker/plot_accuracy.png,copy,Move experiment diagnostic plot into figures/experiments.,33371
outputs/defense/real_public_benchmark/uci_har/seed_42/ldp/comparisons/epsilon_vs_distortion.png,outputs/experiments/uci_har/seed_42/lstm/ldp/fixed_attacker/parameter_scan/plot_distortion.png,copy,Move parameter scan plot into parameter_scan directory.,27572
outputs/defense/real_public_benchmark/uci_har/seed_42/ldp/comparisons/epsilon_vs_distortion.png,outputs/figures/experiments/uci_har/seed_42/lstm/ldp/fixed_attacker/plot_distortion.png,copy,Move experiment diagnostic plot into figures/experiments.,27572
outputs/defense/real_public_benchmark/uci_har/seed_42/ldp/comparisons/lstm_retrain_attacker_comparison_results.csv,outputs/experiments/uci_har/seed_42/lstm/ldp/retrain_attacker/parameter_scan/comparison_results.csv,copy,Move parameter scan CSV to matching experiment combination.,1749
generated,outputs/experiments/uci_har/seed_42/lstm/ldp/retrain_attacker/parameter_scan/scan_summary.json,write,Write parameter scan summary.,0
generated,outputs/experiments/uci_har/seed_42/lstm/ldp/retrain_attacker/parameter_scan/scan_trace.json,write,Write parameter scan trace.,0
outputs/defense/real_public_benchmark/uci_har/seed_42/ldp/comparisons/lstm_retrain_attacker_ldp_accuracy.png,outputs/experiments/uci_har/seed_42/lstm/ldp/retrain_attacker/parameter_scan/plot_accuracy.png,copy,Move parameter scan plot into parameter_scan directory.,43341
outputs/defense/real_public_benchmark/uci_har/seed_42/ldp/comparisons/lstm_retrain_attacker_ldp_accuracy.png,outputs/figures/experiments/uci_har/seed_42/lstm/ldp/retrain_attacker/plot_accuracy.png,copy,Move experiment diagnostic plot into figures/experiments.,43341
outputs/defense/real_public_benchmark/uci_har/seed_42/ldp/comparisons/epsilon_vs_distortion.png,outputs/experiments/uci_har/seed_42/lstm/ldp/retrain_attacker/parameter_scan/plot_distortion.png,copy,Move parameter scan plot into parameter_scan directory.,27572
outputs/defense/real_public_benchmark/uci_har/seed_42/ldp/comparisons/epsilon_vs_distortion.png,outputs/figures/experiments/uci_har/seed_42/lstm/ldp/retrain_attacker/plot_distortion.png,copy,Move experiment diagnostic plot into figures/experiments.,27572
outputs/defense/real_public_benchmark/uci_har/seed_42/ldp/comparisons/mlp_fixed_attacker_comparison_results.csv,outputs/experiments/uci_har/seed_42/mlp/ldp/fixed_attacker/parameter_scan/comparison_results.csv,copy,Move parameter scan CSV to matching experiment combination.,1394
generated,outputs/experiments/uci_har/seed_42/mlp/ldp/fixed_attacker/parameter_scan/scan_summary.json,write,Write parameter scan summary.,0
generated,outputs/experiments/uci_har/seed_42/mlp/ldp/fixed_attacker/parameter_scan/scan_trace.json,write,Write parameter scan trace.,0
outputs/defense/real_public_benchmark/uci_har/seed_42/ldp/comparisons/mlp_fixed_attacker_ldp_accuracy.png,outputs/experiments/uci_har/seed_42/mlp/ldp/fixed_attacker/parameter_scan/plot_accuracy.png,copy,Move parameter scan plot into parameter_scan directory.,33476
outputs/defense/real_public_benchmark/uci_har/seed_42/ldp/comparisons/mlp_fixed_attacker_ldp_accuracy.png,outputs/figures/experiments/uci_har/seed_42/mlp/ldp/fixed_attacker/plot_accuracy.png,copy,Move experiment diagnostic plot into figures/experiments.,33476
outputs/defense/real_public_benchmark/uci_har/seed_42/ldp/comparisons/epsilon_vs_distortion.png,outputs/experiments/uci_har/seed_42/mlp/ldp/fixed_attacker/parameter_scan/plot_distortion.png,copy,Move parameter scan plot into parameter_scan directory.,27572
outputs/defense/real_public_benchmark/uci_har/seed_42/ldp/comparisons/epsilon_vs_distortion.png,outputs/figures/experiments/uci_har/seed_42/mlp/ldp/fixed_attacker/plot_distortion.png,copy,Move experiment diagnostic plot into figures/experiments.,27572
outputs/defense/real_public_benchmark/uci_har/seed_42/ldp/comparisons/mlp_retrain_attacker_comparison_results.csv,outputs/experiments/uci_har/seed_42/mlp/ldp/retrain_attacker/parameter_scan/comparison_results.csv,copy,Move parameter scan CSV to matching experiment combination.,1733
generated,outputs/experiments/uci_har/seed_42/mlp/ldp/retrain_attacker/parameter_scan/scan_summary.json,write,Write parameter scan summary.,0
generated,outputs/experiments/uci_har/seed_42/mlp/ldp/retrain_attacker/parameter_scan/scan_trace.json,write,Write parameter scan trace.,0
outputs/defense/real_public_benchmark/uci_har/seed_42/ldp/comparisons/mlp_retrain_attacker_ldp_accuracy.png,outputs/experiments/uci_har/seed_42/mlp/ldp/retrain_attacker/parameter_scan/plot_accuracy.png,copy,Move parameter scan plot into parameter_scan directory.,37072
outputs/defense/real_public_benchmark/uci_har/seed_42/ldp/comparisons/mlp_retrain_attacker_ldp_accuracy.png,outputs/figures/experiments/uci_har/seed_42/mlp/ldp/retrain_attacker/plot_accuracy.png,copy,Move experiment diagnostic plot into figures/experiments.,37072
outputs/defense/real_public_benchmark/uci_har/seed_42/ldp/comparisons/epsilon_vs_distortion.png,outputs/experiments/uci_har/seed_42/mlp/ldp/retrain_attacker/parameter_scan/plot_distortion.png,copy,Move parameter scan plot into parameter_scan directory.,27572
outputs/defense/real_public_benchmark/uci_har/seed_42/ldp/comparisons/epsilon_vs_distortion.png,outputs/figures/experiments/uci_har/seed_42/mlp/ldp/retrain_attacker/plot_distortion.png,copy,Move experiment diagnostic plot into figures/experiments.,27572
outputs/defense/real_public_benchmark/uci_har/seed_42/noise/comparisons/lstm_fixed_attacker_comparison_results.csv,outputs/experiments/uci_har/seed_42/lstm/noise/fixed_attacker/parameter_scan/comparison_results.csv,copy,Move parameter scan CSV to matching experiment combination.,1176
generated,outputs/experiments/uci_har/seed_42/lstm/noise/fixed_attacker/parameter_scan/scan_summary.json,write,Write parameter scan summary.,0
generated,outputs/experiments/uci_har/seed_42/lstm/noise/fixed_attacker/parameter_scan/scan_trace.json,write,Write parameter scan trace.,0
outputs/defense/real_public_benchmark/uci_har/seed_42/noise/comparisons/lstm_fixed_attacker_noise_accuracy.png,outputs/experiments/uci_har/seed_42/lstm/noise/fixed_attacker/parameter_scan/plot_accuracy.png,copy,Move parameter scan plot into parameter_scan directory.,44297
outputs/defense/real_public_benchmark/uci_har/seed_42/noise/comparisons/lstm_fixed_attacker_noise_accuracy.png,outputs/figures/experiments/uci_har/seed_42/lstm/noise/fixed_attacker/plot_accuracy.png,copy,Move experiment diagnostic plot into figures/experiments.,44297
outputs/defense/real_public_benchmark/uci_har/seed_42/noise/comparisons/distortion_vs_noise.png,outputs/experiments/uci_har/seed_42/lstm/noise/fixed_attacker/parameter_scan/plot_distortion.png,copy,Move parameter scan plot into parameter_scan directory.,57305
outputs/defense/real_public_benchmark/uci_har/seed_42/noise/comparisons/distortion_vs_noise.png,outputs/figures/experiments/uci_har/seed_42/lstm/noise/fixed_attacker/plot_distortion.png,copy,Move experiment diagnostic plot into figures/experiments.,57305
outputs/defense/real_public_benchmark/uci_har/seed_42/noise/comparisons/lstm_retrain_attacker_comparison_results.csv,outputs/experiments/uci_har/seed_42/lstm/noise/retrain_attacker/parameter_scan/comparison_results.csv,copy,Move parameter scan CSV to matching experiment combination.,1495
generated,outputs/experiments/uci_har/seed_42/lstm/noise/retrain_attacker/parameter_scan/scan_summary.json,write,Write parameter scan summary.,0
generated,outputs/experiments/uci_har/seed_42/lstm/noise/retrain_attacker/parameter_scan/scan_trace.json,write,Write parameter scan trace.,0
outputs/defense/real_public_benchmark/uci_har/seed_42/noise/comparisons/lstm_retrain_attacker_noise_accuracy.png,outputs/experiments/uci_har/seed_42/lstm/noise/retrain_attacker/parameter_scan/plot_accuracy.png,copy,Move parameter scan plot into parameter_scan directory.,48028
outputs/defense/real_public_benchmark/uci_har/seed_42/noise/comparisons/lstm_retrain_attacker_noise_accuracy.png,outputs/figures/experiments/uci_har/seed_42/lstm/noise/retrain_attacker/plot_accuracy.png,copy,Move experiment diagnostic plot into figures/experiments.,48028
outputs/defense/real_public_benchmark/uci_har/seed_42/noise/comparisons/distortion_vs_noise.png,outputs/experiments/uci_har/seed_42/lstm/noise/retrain_attacker/parameter_scan/plot_distortion.png,copy,Move parameter scan plot into parameter_scan directory.,57305
outputs/defense/real_public_benchmark/uci_har/seed_42/noise/comparisons/distortion_vs_noise.png,outputs/figures/experiments/uci_har/seed_42/lstm/noise/retrain_attacker/plot_distortion.png,copy,Move experiment diagnostic plot into figures/experiments.,57305
outputs/defense/real_public_benchmark/uci_har/seed_42/noise/comparisons/mlp_fixed_attacker_comparison_results.csv,outputs/experiments/uci_har/seed_42/mlp/noise/fixed_attacker/parameter_scan/comparison_results.csv,copy,Move parameter scan CSV to matching experiment combination.,1170
generated,outputs/experiments/uci_har/seed_42/mlp/noise/fixed_attacker/parameter_scan/scan_summary.json,write,Write parameter scan summary.,0
generated,outputs/experiments/uci_har/seed_42/mlp/noise/fixed_attacker/parameter_scan/scan_trace.json,write,Write parameter scan trace.,0
outputs/defense/real_public_benchmark/uci_har/seed_42/noise/comparisons/mlp_fixed_attacker_noise_accuracy.png,outputs/experiments/uci_har/seed_42/mlp/noise/fixed_attacker/parameter_scan/plot_accuracy.png,copy,Move parameter scan plot into parameter_scan directory.,39541
outputs/defense/real_public_benchmark/uci_har/seed_42/noise/comparisons/mlp_fixed_attacker_noise_accuracy.png,outputs/figures/experiments/uci_har/seed_42/mlp/noise/fixed_attacker/plot_accuracy.png,copy,Move experiment diagnostic plot into figures/experiments.,39541
outputs/defense/real_public_benchmark/uci_har/seed_42/noise/comparisons/distortion_vs_noise.png,outputs/experiments/uci_har/seed_42/mlp/noise/fixed_attacker/parameter_scan/plot_distortion.png,copy,Move parameter scan plot into parameter_scan directory.,57305
outputs/defense/real_public_benchmark/uci_har/seed_42/noise/comparisons/distortion_vs_noise.png,outputs/figures/experiments/uci_har/seed_42/mlp/noise/fixed_attacker/plot_distortion.png,copy,Move experiment diagnostic plot into figures/experiments.,57305
outputs/defense/real_public_benchmark/uci_har/seed_42/noise/comparisons/mlp_retrain_attacker_comparison_results.csv,outputs/experiments/uci_har/seed_42/mlp/noise/retrain_attacker/parameter_scan/comparison_results.csv,copy,Move parameter scan CSV to matching experiment combination.,1484
generated,outputs/experiments/uci_har/seed_42/mlp/noise/retrain_attacker/parameter_scan/scan_summary.json,write,Write parameter scan summary.,0
generated,outputs/experiments/uci_har/seed_42/mlp/noise/retrain_attacker/parameter_scan/scan_trace.json,write,Write parameter scan trace.,0
outputs/defense/real_public_benchmark/uci_har/seed_42/noise/comparisons/mlp_retrain_attacker_noise_accuracy.png,outputs/experiments/uci_har/seed_42/mlp/noise/retrain_attacker/parameter_scan/plot_accuracy.png,copy,Move parameter scan plot into parameter_scan directory.,44736
outputs/defense/real_public_benchmark/uci_har/seed_42/noise/comparisons/mlp_retrain_attacker_noise_accuracy.png,outputs/figures/experiments/uci_har/seed_42/mlp/noise/retrain_attacker/plot_accuracy.png,copy,Move experiment diagnostic plot into figures/experiments.,44736
outputs/defense/real_public_benchmark/uci_har/seed_42/noise/comparisons/distortion_vs_noise.png,outputs/experiments/uci_har/seed_42/mlp/noise/retrain_attacker/parameter_scan/plot_distortion.png,copy,Move parameter scan plot into parameter_scan directory.,57305
outputs/defense/real_public_benchmark/uci_har/seed_42/noise/comparisons/distortion_vs_noise.png,outputs/figures/experiments/uci_har/seed_42/mlp/noise/retrain_attacker/plot_distortion.png,copy,Move experiment diagnostic plot into figures/experiments.,57305
outputs/defense/real_public_benchmark/uci_har/seed_123/adaptive_ldp/comparisons/lstm_fixed_attacker_comparison_results.csv,outputs/experiments/uci_har/seed_123/lstm/adaptive_ldp/fixed_attacker/parameter_scan/comparison_results.csv,copy,Move parameter scan CSV to matching experiment combination.,2842
generated,outputs/experiments/uci_har/seed_123/lstm/adaptive_ldp/fixed_attacker/parameter_scan/scan_summary.json,write,Write parameter scan summary.,0
generated,outputs/experiments/uci_har/seed_123/lstm/adaptive_ldp/fixed_attacker/parameter_scan/scan_trace.json,write,Write parameter scan trace.,0
generated,outputs/experiments/uci_har/seed_123/lstm/adaptive_ldp/fixed_attacker/parameter_scan/profile_config.json,write,Write adaptive profile scan configuration.,0
outputs/defense/real_public_benchmark/uci_har/seed_123/adaptive_ldp/comparisons/lstm_fixed_attacker_adaptive_ldp_accuracy.png,outputs/experiments/uci_har/seed_123/lstm/adaptive_ldp/fixed_attacker/parameter_scan/plot_accuracy.png,copy,Move parameter scan plot into parameter_scan directory.,60148
outputs/defense/real_public_benchmark/uci_har/seed_123/adaptive_ldp/comparisons/lstm_fixed_attacker_adaptive_ldp_accuracy.png,outputs/figures/experiments/uci_har/seed_123/lstm/adaptive_ldp/fixed_attacker/plot_accuracy.png,copy,Move experiment diagnostic plot into figures/experiments.,60148
outputs/defense/real_public_benchmark/uci_har/seed_123/adaptive_ldp/comparisons/lstm_fixed_attacker_adaptive_ldp_distortion.png,outputs/experiments/uci_har/seed_123/lstm/adaptive_ldp/fixed_attacker/parameter_scan/plot_distortion.png,copy,Move parameter scan plot into parameter_scan directory.,51966
outputs/defense/real_public_benchmark/uci_har/seed_123/adaptive_ldp/comparisons/lstm_fixed_attacker_adaptive_ldp_distortion.png,outputs/figures/experiments/uci_har/seed_123/lstm/adaptive_ldp/fixed_attacker/plot_distortion.png,copy,Move experiment diagnostic plot into figures/experiments.,51966
outputs/defense/real_public_benchmark/uci_har/seed_123/adaptive_ldp/comparisons/lstm_retrain_attacker_comparison_results.csv,outputs/experiments/uci_har/seed_123/lstm/adaptive_ldp/retrain_attacker/parameter_scan/comparison_results.csv,copy,Move parameter scan CSV to matching experiment combination.,3440
generated,outputs/experiments/uci_har/seed_123/lstm/adaptive_ldp/retrain_attacker/parameter_scan/scan_summary.json,write,Write parameter scan summary.,0
generated,outputs/experiments/uci_har/seed_123/lstm/adaptive_ldp/retrain_attacker/parameter_scan/scan_trace.json,write,Write parameter scan trace.,0
generated,outputs/experiments/uci_har/seed_123/lstm/adaptive_ldp/retrain_attacker/parameter_scan/profile_config.json,write,Write adaptive profile scan configuration.,0
outputs/defense/real_public_benchmark/uci_har/seed_123/adaptive_ldp/comparisons/lstm_retrain_attacker_adaptive_ldp_accuracy.png,outputs/experiments/uci_har/seed_123/lstm/adaptive_ldp/retrain_attacker/parameter_scan/plot_accuracy.png,copy,Move parameter scan plot into parameter_scan directory.,60854
outputs/defense/real_public_benchmark/uci_har/seed_123/adaptive_ldp/comparisons/lstm_retrain_attacker_adaptive_ldp_accuracy.png,outputs/figures/experiments/uci_har/seed_123/lstm/adaptive_ldp/retrain_attacker/plot_accuracy.png,copy,Move experiment diagnostic plot into figures/experiments.,60854
outputs/defense/real_public_benchmark/uci_har/seed_123/adaptive_ldp/comparisons/lstm_retrain_attacker_adaptive_ldp_distortion.png,outputs/experiments/uci_har/seed_123/lstm/adaptive_ldp/retrain_attacker/parameter_scan/plot_distortion.png,copy,Move parameter scan plot into parameter_scan directory.,51966
outputs/defense/real_public_benchmark/uci_har/seed_123/adaptive_ldp/comparisons/lstm_retrain_attacker_adaptive_ldp_distortion.png,outputs/figures/experiments/uci_har/seed_123/lstm/adaptive_ldp/retrain_attacker/plot_distortion.png,copy,Move experiment diagnostic plot into figures/experiments.,51966
outputs/defense/real_public_benchmark/uci_har/seed_123/adaptive_ldp/comparisons/mlp_fixed_attacker_comparison_results.csv,outputs/experiments/uci_har/seed_123/mlp/adaptive_ldp/fixed_attacker/parameter_scan/comparison_results.csv,copy,Move parameter scan CSV to matching experiment combination.,2832
generated,outputs/experiments/uci_har/seed_123/mlp/adaptive_ldp/fixed_attacker/parameter_scan/scan_summary.json,write,Write parameter scan summary.,0
generated,outputs/experiments/uci_har/seed_123/mlp/adaptive_ldp/fixed_attacker/parameter_scan/scan_trace.json,write,Write parameter scan trace.,0
generated,outputs/experiments/uci_har/seed_123/mlp/adaptive_ldp/fixed_attacker/parameter_scan/profile_config.json,write,Write adaptive profile scan configuration.,0
outputs/defense/real_public_benchmark/uci_har/seed_123/adaptive_ldp/comparisons/mlp_fixed_attacker_adaptive_ldp_accuracy.png,outputs/experiments/uci_har/seed_123/mlp/adaptive_ldp/fixed_attacker/parameter_scan/plot_accuracy.png,copy,Move parameter scan plot into parameter_scan directory.,62262
outputs/defense/real_public_benchmark/uci_har/seed_123/adaptive_ldp/comparisons/mlp_fixed_attacker_adaptive_ldp_accuracy.png,outputs/figures/experiments/uci_har/seed_123/mlp/adaptive_ldp/fixed_attacker/plot_accuracy.png,copy,Move experiment diagnostic plot into figures/experiments.,62262
outputs/defense/real_public_benchmark/uci_har/seed_123/adaptive_ldp/comparisons/mlp_fixed_attacker_adaptive_ldp_distortion.png,outputs/experiments/uci_har/seed_123/mlp/adaptive_ldp/fixed_attacker/parameter_scan/plot_distortion.png,copy,Move parameter scan plot into parameter_scan directory.,51966
outputs/defense/real_public_benchmark/uci_har/seed_123/adaptive_ldp/comparisons/mlp_fixed_attacker_adaptive_ldp_distortion.png,outputs/figures/experiments/uci_har/seed_123/mlp/adaptive_ldp/fixed_attacker/plot_distortion.png,copy,Move experiment diagnostic plot into figures/experiments.,51966
outputs/defense/real_public_benchmark/uci_har/seed_123/adaptive_ldp/comparisons/mlp_retrain_attacker_comparison_results.csv,outputs/experiments/uci_har/seed_123/mlp/adaptive_ldp/retrain_attacker/parameter_scan/comparison_results.csv,copy,Move parameter scan CSV to matching experiment combination.,3417
generated,outputs/experiments/uci_har/seed_123/mlp/adaptive_ldp/retrain_attacker/parameter_scan/scan_summary.json,write,Write parameter scan summary.,0
generated,outputs/experiments/uci_har/seed_123/mlp/adaptive_ldp/retrain_attacker/parameter_scan/scan_trace.json,write,Write parameter scan trace.,0
generated,outputs/experiments/uci_har/seed_123/mlp/adaptive_ldp/retrain_attacker/parameter_scan/profile_config.json,write,Write adaptive profile scan configuration.,0
outputs/defense/real_public_benchmark/uci_har/seed_123/adaptive_ldp/comparisons/mlp_retrain_attacker_adaptive_ldp_accuracy.png,outputs/experiments/uci_har/seed_123/mlp/adaptive_ldp/retrain_attacker/parameter_scan/plot_accuracy.png,copy,Move parameter scan plot into parameter_scan directory.,63280
outputs/defense/real_public_benchmark/uci_har/seed_123/adaptive_ldp/comparisons/mlp_retrain_attacker_adaptive_ldp_accuracy.png,outputs/figures/experiments/uci_har/seed_123/mlp/adaptive_ldp/retrain_attacker/plot_accuracy.png,copy,Move experiment diagnostic plot into figures/experiments.,63280
outputs/defense/real_public_benchmark/uci_har/seed_123/adaptive_ldp/comparisons/mlp_retrain_attacker_adaptive_ldp_distortion.png,outputs/experiments/uci_har/seed_123/mlp/adaptive_ldp/retrain_attacker/parameter_scan/plot_distortion.png,copy,Move parameter scan plot into parameter_scan directory.,51966
outputs/defense/real_public_benchmark/uci_har/seed_123/adaptive_ldp/comparisons/mlp_retrain_attacker_adaptive_ldp_distortion.png,outputs/figures/experiments/uci_har/seed_123/mlp/adaptive_ldp/retrain_attacker/plot_distortion.png,copy,Move experiment diagnostic plot into figures/experiments.,51966
outputs/defense/real_public_benchmark/uci_har/seed_123/ldp/comparisons/lstm_fixed_attacker_comparison_results.csv,outputs/experiments/uci_har/seed_123/lstm/ldp/fixed_attacker/parameter_scan/comparison_results.csv,copy,Move parameter scan CSV to matching experiment combination.,1402
generated,outputs/experiments/uci_har/seed_123/lstm/ldp/fixed_attacker/parameter_scan/scan_summary.json,write,Write parameter scan summary.,0
generated,outputs/experiments/uci_har/seed_123/lstm/ldp/fixed_attacker/parameter_scan/scan_trace.json,write,Write parameter scan trace.,0
outputs/defense/real_public_benchmark/uci_har/seed_123/ldp/comparisons/lstm_fixed_attacker_ldp_accuracy.png,outputs/experiments/uci_har/seed_123/lstm/ldp/fixed_attacker/parameter_scan/plot_accuracy.png,copy,Move parameter scan plot into parameter_scan directory.,36624
outputs/defense/real_public_benchmark/uci_har/seed_123/ldp/comparisons/lstm_fixed_attacker_ldp_accuracy.png,outputs/figures/experiments/uci_har/seed_123/lstm/ldp/fixed_attacker/plot_accuracy.png,copy,Move experiment diagnostic plot into figures/experiments.,36624
outputs/defense/real_public_benchmark/uci_har/seed_123/ldp/comparisons/epsilon_vs_distortion.png,outputs/experiments/uci_har/seed_123/lstm/ldp/fixed_attacker/parameter_scan/plot_distortion.png,copy,Move parameter scan plot into parameter_scan directory.,27572
outputs/defense/real_public_benchmark/uci_har/seed_123/ldp/comparisons/epsilon_vs_distortion.png,outputs/figures/experiments/uci_har/seed_123/lstm/ldp/fixed_attacker/plot_distortion.png,copy,Move experiment diagnostic plot into figures/experiments.,27572
outputs/defense/real_public_benchmark/uci_har/seed_123/ldp/comparisons/lstm_retrain_attacker_comparison_results.csv,outputs/experiments/uci_har/seed_123/lstm/ldp/retrain_attacker/parameter_scan/comparison_results.csv,copy,Move parameter scan CSV to matching experiment combination.,1766
generated,outputs/experiments/uci_har/seed_123/lstm/ldp/retrain_attacker/parameter_scan/scan_summary.json,write,Write parameter scan summary.,0
generated,outputs/experiments/uci_har/seed_123/lstm/ldp/retrain_attacker/parameter_scan/scan_trace.json,write,Write parameter scan trace.,0
outputs/defense/real_public_benchmark/uci_har/seed_123/ldp/comparisons/lstm_retrain_attacker_ldp_accuracy.png,outputs/experiments/uci_har/seed_123/lstm/ldp/retrain_attacker/parameter_scan/plot_accuracy.png,copy,Move parameter scan plot into parameter_scan directory.,42235
outputs/defense/real_public_benchmark/uci_har/seed_123/ldp/comparisons/lstm_retrain_attacker_ldp_accuracy.png,outputs/figures/experiments/uci_har/seed_123/lstm/ldp/retrain_attacker/plot_accuracy.png,copy,Move experiment diagnostic plot into figures/experiments.,42235
outputs/defense/real_public_benchmark/uci_har/seed_123/ldp/comparisons/epsilon_vs_distortion.png,outputs/experiments/uci_har/seed_123/lstm/ldp/retrain_attacker/parameter_scan/plot_distortion.png,copy,Move parameter scan plot into parameter_scan directory.,27572
outputs/defense/real_public_benchmark/uci_har/seed_123/ldp/comparisons/epsilon_vs_distortion.png,outputs/figures/experiments/uci_har/seed_123/lstm/ldp/retrain_attacker/plot_distortion.png,copy,Move experiment diagnostic plot into figures/experiments.,27572
outputs/defense/real_public_benchmark/uci_har/seed_123/ldp/comparisons/mlp_fixed_attacker_comparison_results.csv,outputs/experiments/uci_har/seed_123/mlp/ldp/fixed_attacker/parameter_scan/comparison_results.csv,copy,Move parameter scan CSV to matching experiment combination.,1402
generated,outputs/experiments/uci_har/seed_123/mlp/ldp/fixed_attacker/parameter_scan/scan_summary.json,write,Write parameter scan summary.,0
generated,outputs/experiments/uci_har/seed_123/mlp/ldp/fixed_attacker/parameter_scan/scan_trace.json,write,Write parameter scan trace.,0
outputs/defense/real_public_benchmark/uci_har/seed_123/ldp/comparisons/mlp_fixed_attacker_ldp_accuracy.png,outputs/experiments/uci_har/seed_123/mlp/ldp/fixed_attacker/parameter_scan/plot_accuracy.png,copy,Move parameter scan plot into parameter_scan directory.,34239
outputs/defense/real_public_benchmark/uci_har/seed_123/ldp/comparisons/mlp_fixed_attacker_ldp_accuracy.png,outputs/figures/experiments/uci_har/seed_123/mlp/ldp/fixed_attacker/plot_accuracy.png,copy,Move experiment diagnostic plot into figures/experiments.,34239
outputs/defense/real_public_benchmark/uci_har/seed_123/ldp/comparisons/epsilon_vs_distortion.png,outputs/experiments/uci_har/seed_123/mlp/ldp/fixed_attacker/parameter_scan/plot_distortion.png,copy,Move parameter scan plot into parameter_scan directory.,27572
outputs/defense/real_public_benchmark/uci_har/seed_123/ldp/comparisons/epsilon_vs_distortion.png,outputs/figures/experiments/uci_har/seed_123/mlp/ldp/fixed_attacker/plot_distortion.png,copy,Move experiment diagnostic plot into figures/experiments.,27572
outputs/defense/real_public_benchmark/uci_har/seed_123/ldp/comparisons/mlp_retrain_attacker_comparison_results.csv,outputs/experiments/uci_har/seed_123/mlp/ldp/retrain_attacker/parameter_scan/comparison_results.csv,copy,Move parameter scan CSV to matching experiment combination.,1727
generated,outputs/experiments/uci_har/seed_123/mlp/ldp/retrain_attacker/parameter_scan/scan_summary.json,write,Write parameter scan summary.,0
generated,outputs/experiments/uci_har/seed_123/mlp/ldp/retrain_attacker/parameter_scan/scan_trace.json,write,Write parameter scan trace.,0
outputs/defense/real_public_benchmark/uci_har/seed_123/ldp/comparisons/mlp_retrain_attacker_ldp_accuracy.png,outputs/experiments/uci_har/seed_123/mlp/ldp/retrain_attacker/parameter_scan/plot_accuracy.png,copy,Move parameter scan plot into parameter_scan directory.,37598
outputs/defense/real_public_benchmark/uci_har/seed_123/ldp/comparisons/mlp_retrain_attacker_ldp_accuracy.png,outputs/figures/experiments/uci_har/seed_123/mlp/ldp/retrain_attacker/plot_accuracy.png,copy,Move experiment diagnostic plot into figures/experiments.,37598
outputs/defense/real_public_benchmark/uci_har/seed_123/ldp/comparisons/epsilon_vs_distortion.png,outputs/experiments/uci_har/seed_123/mlp/ldp/retrain_attacker/parameter_scan/plot_distortion.png,copy,Move parameter scan plot into parameter_scan directory.,27572
outputs/defense/real_public_benchmark/uci_har/seed_123/ldp/comparisons/epsilon_vs_distortion.png,outputs/figures/experiments/uci_har/seed_123/mlp/ldp/retrain_attacker/plot_distortion.png,copy,Move experiment diagnostic plot into figures/experiments.,27572
outputs/defense/real_public_benchmark/uci_har/seed_123/noise/comparisons/lstm_fixed_attacker_comparison_results.csv,outputs/experiments/uci_har/seed_123/lstm/noise/fixed_attacker/parameter_scan/comparison_results.csv,copy,Move parameter scan CSV to matching experiment combination.,1181
generated,outputs/experiments/uci_har/seed_123/lstm/noise/fixed_attacker/parameter_scan/scan_summary.json,write,Write parameter scan summary.,0
generated,outputs/experiments/uci_har/seed_123/lstm/noise/fixed_attacker/parameter_scan/scan_trace.json,write,Write parameter scan trace.,0
outputs/defense/real_public_benchmark/uci_har/seed_123/noise/comparisons/lstm_fixed_attacker_noise_accuracy.png,outputs/experiments/uci_har/seed_123/lstm/noise/fixed_attacker/parameter_scan/plot_accuracy.png,copy,Move parameter scan plot into parameter_scan directory.,43878
outputs/defense/real_public_benchmark/uci_har/seed_123/noise/comparisons/lstm_fixed_attacker_noise_accuracy.png,outputs/figures/experiments/uci_har/seed_123/lstm/noise/fixed_attacker/plot_accuracy.png,copy,Move experiment diagnostic plot into figures/experiments.,43878
outputs/defense/real_public_benchmark/uci_har/seed_123/noise/comparisons/distortion_vs_noise.png,outputs/experiments/uci_har/seed_123/lstm/noise/fixed_attacker/parameter_scan/plot_distortion.png,copy,Move parameter scan plot into parameter_scan directory.,57615
outputs/defense/real_public_benchmark/uci_har/seed_123/noise/comparisons/distortion_vs_noise.png,outputs/figures/experiments/uci_har/seed_123/lstm/noise/fixed_attacker/plot_distortion.png,copy,Move experiment diagnostic plot into figures/experiments.,57615
outputs/defense/real_public_benchmark/uci_har/seed_123/noise/comparisons/lstm_retrain_attacker_comparison_results.csv,outputs/experiments/uci_har/seed_123/lstm/noise/retrain_attacker/parameter_scan/comparison_results.csv,copy,Move parameter scan CSV to matching experiment combination.,1512
generated,outputs/experiments/uci_har/seed_123/lstm/noise/retrain_attacker/parameter_scan/scan_summary.json,write,Write parameter scan summary.,0
generated,outputs/experiments/uci_har/seed_123/lstm/noise/retrain_attacker/parameter_scan/scan_trace.json,write,Write parameter scan trace.,0
outputs/defense/real_public_benchmark/uci_har/seed_123/noise/comparisons/lstm_retrain_attacker_noise_accuracy.png,outputs/experiments/uci_har/seed_123/lstm/noise/retrain_attacker/parameter_scan/plot_accuracy.png,copy,Move parameter scan plot into parameter_scan directory.,46497
outputs/defense/real_public_benchmark/uci_har/seed_123/noise/comparisons/lstm_retrain_attacker_noise_accuracy.png,outputs/figures/experiments/uci_har/seed_123/lstm/noise/retrain_attacker/plot_accuracy.png,copy,Move experiment diagnostic plot into figures/experiments.,46497
outputs/defense/real_public_benchmark/uci_har/seed_123/noise/comparisons/distortion_vs_noise.png,outputs/experiments/uci_har/seed_123/lstm/noise/retrain_attacker/parameter_scan/plot_distortion.png,copy,Move parameter scan plot into parameter_scan directory.,57615
outputs/defense/real_public_benchmark/uci_har/seed_123/noise/comparisons/distortion_vs_noise.png,outputs/figures/experiments/uci_har/seed_123/lstm/noise/retrain_attacker/plot_distortion.png,copy,Move experiment diagnostic plot into figures/experiments.,57615
outputs/defense/real_public_benchmark/uci_har/seed_123/noise/comparisons/mlp_fixed_attacker_comparison_results.csv,outputs/experiments/uci_har/seed_123/mlp/noise/fixed_attacker/parameter_scan/comparison_results.csv,copy,Move parameter scan CSV to matching experiment combination.,1183
generated,outputs/experiments/uci_har/seed_123/mlp/noise/fixed_attacker/parameter_scan/scan_summary.json,write,Write parameter scan summary.,0
generated,outputs/experiments/uci_har/seed_123/mlp/noise/fixed_attacker/parameter_scan/scan_trace.json,write,Write parameter scan trace.,0
outputs/defense/real_public_benchmark/uci_har/seed_123/noise/comparisons/mlp_fixed_attacker_noise_accuracy.png,outputs/experiments/uci_har/seed_123/mlp/noise/fixed_attacker/parameter_scan/plot_accuracy.png,copy,Move parameter scan plot into parameter_scan directory.,38614
outputs/defense/real_public_benchmark/uci_har/seed_123/noise/comparisons/mlp_fixed_attacker_noise_accuracy.png,outputs/figures/experiments/uci_har/seed_123/mlp/noise/fixed_attacker/plot_accuracy.png,copy,Move experiment diagnostic plot into figures/experiments.,38614
outputs/defense/real_public_benchmark/uci_har/seed_123/noise/comparisons/distortion_vs_noise.png,outputs/experiments/uci_har/seed_123/mlp/noise/fixed_attacker/parameter_scan/plot_distortion.png,copy,Move parameter scan plot into parameter_scan directory.,57615
outputs/defense/real_public_benchmark/uci_har/seed_123/noise/comparisons/distortion_vs_noise.png,outputs/figures/experiments/uci_har/seed_123/mlp/noise/fixed_attacker/plot_distortion.png,copy,Move experiment diagnostic plot into figures/experiments.,57615
outputs/defense/real_public_benchmark/uci_har/seed_123/noise/comparisons/mlp_retrain_attacker_comparison_results.csv,outputs/experiments/uci_har/seed_123/mlp/noise/retrain_attacker/parameter_scan/comparison_results.csv,copy,Move parameter scan CSV to matching experiment combination.,1496
generated,outputs/experiments/uci_har/seed_123/mlp/noise/retrain_attacker/parameter_scan/scan_summary.json,write,Write parameter scan summary.,0
generated,outputs/experiments/uci_har/seed_123/mlp/noise/retrain_attacker/parameter_scan/scan_trace.json,write,Write parameter scan trace.,0
outputs/defense/real_public_benchmark/uci_har/seed_123/noise/comparisons/mlp_retrain_attacker_noise_accuracy.png,outputs/experiments/uci_har/seed_123/mlp/noise/retrain_attacker/parameter_scan/plot_accuracy.png,copy,Move parameter scan plot into parameter_scan directory.,45565
outputs/defense/real_public_benchmark/uci_har/seed_123/noise/comparisons/mlp_retrain_attacker_noise_accuracy.png,outputs/figures/experiments/uci_har/seed_123/mlp/noise/retrain_attacker/plot_accuracy.png,copy,Move experiment diagnostic plot into figures/experiments.,45565
outputs/defense/real_public_benchmark/uci_har/seed_123/noise/comparisons/distortion_vs_noise.png,outputs/experiments/uci_har/seed_123/mlp/noise/retrain_attacker/parameter_scan/plot_distortion.png,copy,Move parameter scan plot into parameter_scan directory.,57615
outputs/defense/real_public_benchmark/uci_har/seed_123/noise/comparisons/distortion_vs_noise.png,outputs/figures/experiments/uci_har/seed_123/mlp/noise/retrain_attacker/plot_distortion.png,copy,Move experiment diagnostic plot into figures/experiments.,57615
outputs/defense/real_public_benchmark/uci_har/seed_2026/adaptive_ldp/comparisons/lstm_fixed_attacker_comparison_results.csv,outputs/experiments/uci_har/seed_2026/lstm/adaptive_ldp/fixed_attacker/parameter_scan/comparison_results.csv,copy,Move parameter scan CSV to matching experiment combination.,2872
generated,outputs/experiments/uci_har/seed_2026/lstm/adaptive_ldp/fixed_attacker/parameter_scan/scan_summary.json,write,Write parameter scan summary.,0
generated,outputs/experiments/uci_har/seed_2026/lstm/adaptive_ldp/fixed_attacker/parameter_scan/scan_trace.json,write,Write parameter scan trace.,0
generated,outputs/experiments/uci_har/seed_2026/lstm/adaptive_ldp/fixed_attacker/parameter_scan/profile_config.json,write,Write adaptive profile scan configuration.,0
outputs/defense/real_public_benchmark/uci_har/seed_2026/adaptive_ldp/comparisons/lstm_fixed_attacker_adaptive_ldp_accuracy.png,outputs/experiments/uci_har/seed_2026/lstm/adaptive_ldp/fixed_attacker/parameter_scan/plot_accuracy.png,copy,Move parameter scan plot into parameter_scan directory.,60257
outputs/defense/real_public_benchmark/uci_har/seed_2026/adaptive_ldp/comparisons/lstm_fixed_attacker_adaptive_ldp_accuracy.png,outputs/figures/experiments/uci_har/seed_2026/lstm/adaptive_ldp/fixed_attacker/plot_accuracy.png,copy,Move experiment diagnostic plot into figures/experiments.,60257
outputs/defense/real_public_benchmark/uci_har/seed_2026/adaptive_ldp/comparisons/lstm_fixed_attacker_adaptive_ldp_distortion.png,outputs/experiments/uci_har/seed_2026/lstm/adaptive_ldp/fixed_attacker/parameter_scan/plot_distortion.png,copy,Move parameter scan plot into parameter_scan directory.,51983
outputs/defense/real_public_benchmark/uci_har/seed_2026/adaptive_ldp/comparisons/lstm_fixed_attacker_adaptive_ldp_distortion.png,outputs/figures/experiments/uci_har/seed_2026/lstm/adaptive_ldp/fixed_attacker/plot_distortion.png,copy,Move experiment diagnostic plot into figures/experiments.,51983
outputs/defense/real_public_benchmark/uci_har/seed_2026/adaptive_ldp/comparisons/lstm_retrain_attacker_comparison_results.csv,outputs/experiments/uci_har/seed_2026/lstm/adaptive_ldp/retrain_attacker/parameter_scan/comparison_results.csv,copy,Move parameter scan CSV to matching experiment combination.,3457
generated,outputs/experiments/uci_har/seed_2026/lstm/adaptive_ldp/retrain_attacker/parameter_scan/scan_summary.json,write,Write parameter scan summary.,0
generated,outputs/experiments/uci_har/seed_2026/lstm/adaptive_ldp/retrain_attacker/parameter_scan/scan_trace.json,write,Write parameter scan trace.,0
generated,outputs/experiments/uci_har/seed_2026/lstm/adaptive_ldp/retrain_attacker/parameter_scan/profile_config.json,write,Write adaptive profile scan configuration.,0
outputs/defense/real_public_benchmark/uci_har/seed_2026/adaptive_ldp/comparisons/lstm_retrain_attacker_adaptive_ldp_accuracy.png,outputs/experiments/uci_har/seed_2026/lstm/adaptive_ldp/retrain_attacker/parameter_scan/plot_accuracy.png,copy,Move parameter scan plot into parameter_scan directory.,69398
outputs/defense/real_public_benchmark/uci_har/seed_2026/adaptive_ldp/comparisons/lstm_retrain_attacker_adaptive_ldp_accuracy.png,outputs/figures/experiments/uci_har/seed_2026/lstm/adaptive_ldp/retrain_attacker/plot_accuracy.png,copy,Move experiment diagnostic plot into figures/experiments.,69398
outputs/defense/real_public_benchmark/uci_har/seed_2026/adaptive_ldp/comparisons/lstm_retrain_attacker_adaptive_ldp_distortion.png,outputs/experiments/uci_har/seed_2026/lstm/adaptive_ldp/retrain_attacker/parameter_scan/plot_distortion.png,copy,Move parameter scan plot into parameter_scan directory.,51983
outputs/defense/real_public_benchmark/uci_har/seed_2026/adaptive_ldp/comparisons/lstm_retrain_attacker_adaptive_ldp_distortion.png,outputs/figures/experiments/uci_har/seed_2026/lstm/adaptive_ldp/retrain_attacker/plot_distortion.png,copy,Move experiment diagnostic plot into figures/experiments.,51983
outputs/defense/real_public_benchmark/uci_har/seed_2026/adaptive_ldp/comparisons/mlp_fixed_attacker_comparison_results.csv,outputs/experiments/uci_har/seed_2026/mlp/adaptive_ldp/fixed_attacker/parameter_scan/comparison_results.csv,copy,Move parameter scan CSV to matching experiment combination.,2848
generated,outputs/experiments/uci_har/seed_2026/mlp/adaptive_ldp/fixed_attacker/parameter_scan/scan_summary.json,write,Write parameter scan summary.,0
generated,outputs/experiments/uci_har/seed_2026/mlp/adaptive_ldp/fixed_attacker/parameter_scan/scan_trace.json,write,Write parameter scan trace.,0
generated,outputs/experiments/uci_har/seed_2026/mlp/adaptive_ldp/fixed_attacker/parameter_scan/profile_config.json,write,Write adaptive profile scan configuration.,0
outputs/defense/real_public_benchmark/uci_har/seed_2026/adaptive_ldp/comparisons/mlp_fixed_attacker_adaptive_ldp_accuracy.png,outputs/experiments/uci_har/seed_2026/mlp/adaptive_ldp/fixed_attacker/parameter_scan/plot_accuracy.png,copy,Move parameter scan plot into parameter_scan directory.,63310
outputs/defense/real_public_benchmark/uci_har/seed_2026/adaptive_ldp/comparisons/mlp_fixed_attacker_adaptive_ldp_accuracy.png,outputs/figures/experiments/uci_har/seed_2026/mlp/adaptive_ldp/fixed_attacker/plot_accuracy.png,copy,Move experiment diagnostic plot into figures/experiments.,63310
outputs/defense/real_public_benchmark/uci_har/seed_2026/adaptive_ldp/comparisons/mlp_fixed_attacker_adaptive_ldp_distortion.png,outputs/experiments/uci_har/seed_2026/mlp/adaptive_ldp/fixed_attacker/parameter_scan/plot_distortion.png,copy,Move parameter scan plot into parameter_scan directory.,51983
outputs/defense/real_public_benchmark/uci_har/seed_2026/adaptive_ldp/comparisons/mlp_fixed_attacker_adaptive_ldp_distortion.png,outputs/figures/experiments/uci_har/seed_2026/mlp/adaptive_ldp/fixed_attacker/plot_distortion.png,copy,Move experiment diagnostic plot into figures/experiments.,51983
outputs/defense/real_public_benchmark/uci_har/seed_2026/adaptive_ldp/comparisons/mlp_retrain_attacker_comparison_results.csv,outputs/experiments/uci_har/seed_2026/mlp/adaptive_ldp/retrain_attacker/parameter_scan/comparison_results.csv,copy,Move parameter scan CSV to matching experiment combination.,3426
generated,outputs/experiments/uci_har/seed_2026/mlp/adaptive_ldp/retrain_attacker/parameter_scan/scan_summary.json,write,Write parameter scan summary.,0
generated,outputs/experiments/uci_har/seed_2026/mlp/adaptive_ldp/retrain_attacker/parameter_scan/scan_trace.json,write,Write parameter scan trace.,0
generated,outputs/experiments/uci_har/seed_2026/mlp/adaptive_ldp/retrain_attacker/parameter_scan/profile_config.json,write,Write adaptive profile scan configuration.,0
outputs/defense/real_public_benchmark/uci_har/seed_2026/adaptive_ldp/comparisons/mlp_retrain_attacker_adaptive_ldp_accuracy.png,outputs/experiments/uci_har/seed_2026/mlp/adaptive_ldp/retrain_attacker/parameter_scan/plot_accuracy.png,copy,Move parameter scan plot into parameter_scan directory.,63039
outputs/defense/real_public_benchmark/uci_har/seed_2026/adaptive_ldp/comparisons/mlp_retrain_attacker_adaptive_ldp_accuracy.png,outputs/figures/experiments/uci_har/seed_2026/mlp/adaptive_ldp/retrain_attacker/plot_accuracy.png,copy,Move experiment diagnostic plot into figures/experiments.,63039
outputs/defense/real_public_benchmark/uci_har/seed_2026/adaptive_ldp/comparisons/mlp_retrain_attacker_adaptive_ldp_distortion.png,outputs/experiments/uci_har/seed_2026/mlp/adaptive_ldp/retrain_attacker/parameter_scan/plot_distortion.png,copy,Move parameter scan plot into parameter_scan directory.,51983
outputs/defense/real_public_benchmark/uci_har/seed_2026/adaptive_ldp/comparisons/mlp_retrain_attacker_adaptive_ldp_distortion.png,outputs/figures/experiments/uci_har/seed_2026/mlp/adaptive_ldp/retrain_attacker/plot_distortion.png,copy,Move experiment diagnostic plot into figures/experiments.,51983
outputs/defense/real_public_benchmark/uci_har/seed_2026/ldp/comparisons/lstm_fixed_attacker_comparison_results.csv,outputs/experiments/uci_har/seed_2026/lstm/ldp/fixed_attacker/parameter_scan/comparison_results.csv,copy,Move parameter scan CSV to matching experiment combination.,1429
generated,outputs/experiments/uci_har/seed_2026/lstm/ldp/fixed_attacker/parameter_scan/scan_summary.json,write,Write parameter scan summary.,0
generated,outputs/experiments/uci_har/seed_2026/lstm/ldp/fixed_attacker/parameter_scan/scan_trace.json,write,Write parameter scan trace.,0
outputs/defense/real_public_benchmark/uci_har/seed_2026/ldp/comparisons/lstm_fixed_attacker_ldp_accuracy.png,outputs/experiments/uci_har/seed_2026/lstm/ldp/fixed_attacker/parameter_scan/plot_accuracy.png,copy,Move parameter scan plot into parameter_scan directory.,36977
outputs/defense/real_public_benchmark/uci_har/seed_2026/ldp/comparisons/lstm_fixed_attacker_ldp_accuracy.png,outputs/figures/experiments/uci_har/seed_2026/lstm/ldp/fixed_attacker/plot_accuracy.png,copy,Move experiment diagnostic plot into figures/experiments.,36977
outputs/defense/real_public_benchmark/uci_har/seed_2026/ldp/comparisons/epsilon_vs_distortion.png,outputs/experiments/uci_har/seed_2026/lstm/ldp/fixed_attacker/parameter_scan/plot_distortion.png,copy,Move parameter scan plot into parameter_scan directory.,27564
outputs/defense/real_public_benchmark/uci_har/seed_2026/ldp/comparisons/epsilon_vs_distortion.png,outputs/figures/experiments/uci_har/seed_2026/lstm/ldp/fixed_attacker/plot_distortion.png,copy,Move experiment diagnostic plot into figures/experiments.,27564
outputs/defense/real_public_benchmark/uci_har/seed_2026/ldp/comparisons/lstm_retrain_attacker_comparison_results.csv,outputs/experiments/uci_har/seed_2026/lstm/ldp/retrain_attacker/parameter_scan/comparison_results.csv,copy,Move parameter scan CSV to matching experiment combination.,1772
generated,outputs/experiments/uci_har/seed_2026/lstm/ldp/retrain_attacker/parameter_scan/scan_summary.json,write,Write parameter scan summary.,0
generated,outputs/experiments/uci_har/seed_2026/lstm/ldp/retrain_attacker/parameter_scan/scan_trace.json,write,Write parameter scan trace.,0
outputs/defense/real_public_benchmark/uci_har/seed_2026/ldp/comparisons/lstm_retrain_attacker_ldp_accuracy.png,outputs/experiments/uci_har/seed_2026/lstm/ldp/retrain_attacker/parameter_scan/plot_accuracy.png,copy,Move parameter scan plot into parameter_scan directory.,41637
outputs/defense/real_public_benchmark/uci_har/seed_2026/ldp/comparisons/lstm_retrain_attacker_ldp_accuracy.png,outputs/figures/experiments/uci_har/seed_2026/lstm/ldp/retrain_attacker/plot_accuracy.png,copy,Move experiment diagnostic plot into figures/experiments.,41637
outputs/defense/real_public_benchmark/uci_har/seed_2026/ldp/comparisons/epsilon_vs_distortion.png,outputs/experiments/uci_har/seed_2026/lstm/ldp/retrain_attacker/parameter_scan/plot_distortion.png,copy,Move parameter scan plot into parameter_scan directory.,27564
outputs/defense/real_public_benchmark/uci_har/seed_2026/ldp/comparisons/epsilon_vs_distortion.png,outputs/figures/experiments/uci_har/seed_2026/lstm/ldp/retrain_attacker/plot_distortion.png,copy,Move experiment diagnostic plot into figures/experiments.,27564
outputs/defense/real_public_benchmark/uci_har/seed_2026/ldp/comparisons/mlp_fixed_attacker_comparison_results.csv,outputs/experiments/uci_har/seed_2026/mlp/ldp/fixed_attacker/parameter_scan/comparison_results.csv,copy,Move parameter scan CSV to matching experiment combination.,1414
generated,outputs/experiments/uci_har/seed_2026/mlp/ldp/fixed_attacker/parameter_scan/scan_summary.json,write,Write parameter scan summary.,0
generated,outputs/experiments/uci_har/seed_2026/mlp/ldp/fixed_attacker/parameter_scan/scan_trace.json,write,Write parameter scan trace.,0
outputs/defense/real_public_benchmark/uci_har/seed_2026/ldp/comparisons/mlp_fixed_attacker_ldp_accuracy.png,outputs/experiments/uci_har/seed_2026/mlp/ldp/fixed_attacker/parameter_scan/plot_accuracy.png,copy,Move parameter scan plot into parameter_scan directory.,32968
outputs/defense/real_public_benchmark/uci_har/seed_2026/ldp/comparisons/mlp_fixed_attacker_ldp_accuracy.png,outputs/figures/experiments/uci_har/seed_2026/mlp/ldp/fixed_attacker/plot_accuracy.png,copy,Move experiment diagnostic plot into figures/experiments.,32968
outputs/defense/real_public_benchmark/uci_har/seed_2026/ldp/comparisons/epsilon_vs_distortion.png,outputs/experiments/uci_har/seed_2026/mlp/ldp/fixed_attacker/parameter_scan/plot_distortion.png,copy,Move parameter scan plot into parameter_scan directory.,27564
outputs/defense/real_public_benchmark/uci_har/seed_2026/ldp/comparisons/epsilon_vs_distortion.png,outputs/figures/experiments/uci_har/seed_2026/mlp/ldp/fixed_attacker/plot_distortion.png,copy,Move experiment diagnostic plot into figures/experiments.,27564
outputs/defense/real_public_benchmark/uci_har/seed_2026/ldp/comparisons/mlp_retrain_attacker_comparison_results.csv,outputs/experiments/uci_har/seed_2026/mlp/ldp/retrain_attacker/parameter_scan/comparison_results.csv,copy,Move parameter scan CSV to matching experiment combination.,1758
generated,outputs/experiments/uci_har/seed_2026/mlp/ldp/retrain_attacker/parameter_scan/scan_summary.json,write,Write parameter scan summary.,0
generated,outputs/experiments/uci_har/seed_2026/mlp/ldp/retrain_attacker/parameter_scan/scan_trace.json,write,Write parameter scan trace.,0
outputs/defense/real_public_benchmark/uci_har/seed_2026/ldp/comparisons/mlp_retrain_attacker_ldp_accuracy.png,outputs/experiments/uci_har/seed_2026/mlp/ldp/retrain_attacker/parameter_scan/plot_accuracy.png,copy,Move parameter scan plot into parameter_scan directory.,37542
outputs/defense/real_public_benchmark/uci_har/seed_2026/ldp/comparisons/mlp_retrain_attacker_ldp_accuracy.png,outputs/figures/experiments/uci_har/seed_2026/mlp/ldp/retrain_attacker/plot_accuracy.png,copy,Move experiment diagnostic plot into figures/experiments.,37542
outputs/defense/real_public_benchmark/uci_har/seed_2026/ldp/comparisons/epsilon_vs_distortion.png,outputs/experiments/uci_har/seed_2026/mlp/ldp/retrain_attacker/parameter_scan/plot_distortion.png,copy,Move parameter scan plot into parameter_scan directory.,27564
outputs/defense/real_public_benchmark/uci_har/seed_2026/ldp/comparisons/epsilon_vs_distortion.png,outputs/figures/experiments/uci_har/seed_2026/mlp/ldp/retrain_attacker/plot_distortion.png,copy,Move experiment diagnostic plot into figures/experiments.,27564
outputs/defense/real_public_benchmark/uci_har/seed_2026/noise/comparisons/lstm_fixed_attacker_comparison_results.csv,outputs/experiments/uci_har/seed_2026/lstm/noise/fixed_attacker/parameter_scan/comparison_results.csv,copy,Move parameter scan CSV to matching experiment combination.,1193
generated,outputs/experiments/uci_har/seed_2026/lstm/noise/fixed_attacker/parameter_scan/scan_summary.json,write,Write parameter scan summary.,0
generated,outputs/experiments/uci_har/seed_2026/lstm/noise/fixed_attacker/parameter_scan/scan_trace.json,write,Write parameter scan trace.,0
outputs/defense/real_public_benchmark/uci_har/seed_2026/noise/comparisons/lstm_fixed_attacker_noise_accuracy.png,outputs/experiments/uci_har/seed_2026/lstm/noise/fixed_attacker/parameter_scan/plot_accuracy.png,copy,Move parameter scan plot into parameter_scan directory.,45782
outputs/defense/real_public_benchmark/uci_har/seed_2026/noise/comparisons/lstm_fixed_attacker_noise_accuracy.png,outputs/figures/experiments/uci_har/seed_2026/lstm/noise/fixed_attacker/plot_accuracy.png,copy,Move experiment diagnostic plot into figures/experiments.,45782
outputs/defense/real_public_benchmark/uci_har/seed_2026/noise/comparisons/distortion_vs_noise.png,outputs/experiments/uci_har/seed_2026/lstm/noise/fixed_attacker/parameter_scan/plot_distortion.png,copy,Move parameter scan plot into parameter_scan directory.,59991
outputs/defense/real_public_benchmark/uci_har/seed_2026/noise/comparisons/distortion_vs_noise.png,outputs/figures/experiments/uci_har/seed_2026/lstm/noise/fixed_attacker/plot_distortion.png,copy,Move experiment diagnostic plot into figures/experiments.,59991
outputs/defense/real_public_benchmark/uci_har/seed_2026/noise/comparisons/lstm_retrain_attacker_comparison_results.csv,outputs/experiments/uci_har/seed_2026/lstm/noise/retrain_attacker/parameter_scan/comparison_results.csv,copy,Move parameter scan CSV to matching experiment combination.,1521
generated,outputs/experiments/uci_har/seed_2026/lstm/noise/retrain_attacker/parameter_scan/scan_summary.json,write,Write parameter scan summary.,0
generated,outputs/experiments/uci_har/seed_2026/lstm/noise/retrain_attacker/parameter_scan/scan_trace.json,write,Write parameter scan trace.,0
outputs/defense/real_public_benchmark/uci_har/seed_2026/noise/comparisons/lstm_retrain_attacker_noise_accuracy.png,outputs/experiments/uci_har/seed_2026/lstm/noise/retrain_attacker/parameter_scan/plot_accuracy.png,copy,Move parameter scan plot into parameter_scan directory.,51945
outputs/defense/real_public_benchmark/uci_har/seed_2026/noise/comparisons/lstm_retrain_attacker_noise_accuracy.png,outputs/figures/experiments/uci_har/seed_2026/lstm/noise/retrain_attacker/plot_accuracy.png,copy,Move experiment diagnostic plot into figures/experiments.,51945
outputs/defense/real_public_benchmark/uci_har/seed_2026/noise/comparisons/distortion_vs_noise.png,outputs/experiments/uci_har/seed_2026/lstm/noise/retrain_attacker/parameter_scan/plot_distortion.png,copy,Move parameter scan plot into parameter_scan directory.,59991
outputs/defense/real_public_benchmark/uci_har/seed_2026/noise/comparisons/distortion_vs_noise.png,outputs/figures/experiments/uci_har/seed_2026/lstm/noise/retrain_attacker/plot_distortion.png,copy,Move experiment diagnostic plot into figures/experiments.,59991
outputs/defense/real_public_benchmark/uci_har/seed_2026/noise/comparisons/mlp_fixed_attacker_comparison_results.csv,outputs/experiments/uci_har/seed_2026/mlp/noise/fixed_attacker/parameter_scan/comparison_results.csv,copy,Move parameter scan CSV to matching experiment combination.,1182
generated,outputs/experiments/uci_har/seed_2026/mlp/noise/fixed_attacker/parameter_scan/scan_summary.json,write,Write parameter scan summary.,0
generated,outputs/experiments/uci_har/seed_2026/mlp/noise/fixed_attacker/parameter_scan/scan_trace.json,write,Write parameter scan trace.,0
outputs/defense/real_public_benchmark/uci_har/seed_2026/noise/comparisons/mlp_fixed_attacker_noise_accuracy.png,outputs/experiments/uci_har/seed_2026/mlp/noise/fixed_attacker/parameter_scan/plot_accuracy.png,copy,Move parameter scan plot into parameter_scan directory.,39071
outputs/defense/real_public_benchmark/uci_har/seed_2026/noise/comparisons/mlp_fixed_attacker_noise_accuracy.png,outputs/figures/experiments/uci_har/seed_2026/mlp/noise/fixed_attacker/plot_accuracy.png,copy,Move experiment diagnostic plot into figures/experiments.,39071
outputs/defense/real_public_benchmark/uci_har/seed_2026/noise/comparisons/distortion_vs_noise.png,outputs/experiments/uci_har/seed_2026/mlp/noise/fixed_attacker/parameter_scan/plot_distortion.png,copy,Move parameter scan plot into parameter_scan directory.,59991
outputs/defense/real_public_benchmark/uci_har/seed_2026/noise/comparisons/distortion_vs_noise.png,outputs/figures/experiments/uci_har/seed_2026/mlp/noise/fixed_attacker/plot_distortion.png,copy,Move experiment diagnostic plot into figures/experiments.,59991
outputs/defense/real_public_benchmark/uci_har/seed_2026/noise/comparisons/mlp_retrain_attacker_comparison_results.csv,outputs/experiments/uci_har/seed_2026/mlp/noise/retrain_attacker/parameter_scan/comparison_results.csv,copy,Move parameter scan CSV to matching experiment combination.,1507
generated,outputs/experiments/uci_har/seed_2026/mlp/noise/retrain_attacker/parameter_scan/scan_summary.json,write,Write parameter scan summary.,0
generated,outputs/experiments/uci_har/seed_2026/mlp/noise/retrain_attacker/parameter_scan/scan_trace.json,write,Write parameter scan trace.,0
outputs/defense/real_public_benchmark/uci_har/seed_2026/noise/comparisons/mlp_retrain_attacker_noise_accuracy.png,outputs/experiments/uci_har/seed_2026/mlp/noise/retrain_attacker/parameter_scan/plot_accuracy.png,copy,Move parameter scan plot into parameter_scan directory.,44995
outputs/defense/real_public_benchmark/uci_har/seed_2026/noise/comparisons/mlp_retrain_attacker_noise_accuracy.png,outputs/figures/experiments/uci_har/seed_2026/mlp/noise/retrain_attacker/plot_accuracy.png,copy,Move experiment diagnostic plot into figures/experiments.,44995
outputs/defense/real_public_benchmark/uci_har/seed_2026/noise/comparisons/distortion_vs_noise.png,outputs/experiments/uci_har/seed_2026/mlp/noise/retrain_attacker/parameter_scan/plot_distortion.png,copy,Move parameter scan plot into parameter_scan directory.,59991
outputs/defense/real_public_benchmark/uci_har/seed_2026/noise/comparisons/distortion_vs_noise.png,outputs/figures/experiments/uci_har/seed_2026/mlp/noise/retrain_attacker/plot_distortion.png,copy,Move experiment diagnostic plot into figures/experiments.,59991
outputs/defense/real_public_benchmark/kasteren/seed_42/adaptive_ldp/comparisons/lstm_fixed_attacker_comparison_results.csv,outputs/experiments/kasteren/seed_42/lstm/adaptive_ldp/fixed_attacker/parameter_scan/comparison_results.csv,copy,Move parameter scan CSV to matching experiment combination.,2857
generated,outputs/experiments/kasteren/seed_42/lstm/adaptive_ldp/fixed_attacker/parameter_scan/scan_summary.json,write,Write parameter scan summary.,0
generated,outputs/experiments/kasteren/seed_42/lstm/adaptive_ldp/fixed_attacker/parameter_scan/scan_trace.json,write,Write parameter scan trace.,0
generated,outputs/experiments/kasteren/seed_42/lstm/adaptive_ldp/fixed_attacker/parameter_scan/profile_config.json,write,Write adaptive profile scan configuration.,0
outputs/defense/real_public_benchmark/kasteren/seed_42/adaptive_ldp/comparisons/lstm_fixed_attacker_adaptive_ldp_accuracy.png,outputs/experiments/kasteren/seed_42/lstm/adaptive_ldp/fixed_attacker/parameter_scan/plot_accuracy.png,copy,Move parameter scan plot into parameter_scan directory.,62776
outputs/defense/real_public_benchmark/kasteren/seed_42/adaptive_ldp/comparisons/lstm_fixed_attacker_adaptive_ldp_accuracy.png,outputs/figures/experiments/kasteren/seed_42/lstm/adaptive_ldp/fixed_attacker/plot_accuracy.png,copy,Move experiment diagnostic plot into figures/experiments.,62776
outputs/defense/real_public_benchmark/kasteren/seed_42/adaptive_ldp/comparisons/lstm_fixed_attacker_adaptive_ldp_distortion.png,outputs/experiments/kasteren/seed_42/lstm/adaptive_ldp/fixed_attacker/parameter_scan/plot_distortion.png,copy,Move parameter scan plot into parameter_scan directory.,53166
outputs/defense/real_public_benchmark/kasteren/seed_42/adaptive_ldp/comparisons/lstm_fixed_attacker_adaptive_ldp_distortion.png,outputs/figures/experiments/kasteren/seed_42/lstm/adaptive_ldp/fixed_attacker/plot_distortion.png,copy,Move experiment diagnostic plot into figures/experiments.,53166
outputs/defense/real_public_benchmark/kasteren/seed_42/adaptive_ldp/comparisons/lstm_retrain_attacker_comparison_results.csv,outputs/experiments/kasteren/seed_42/lstm/adaptive_ldp/retrain_attacker/parameter_scan/comparison_results.csv,copy,Move parameter scan CSV to matching experiment combination.,3455
generated,outputs/experiments/kasteren/seed_42/lstm/adaptive_ldp/retrain_attacker/parameter_scan/scan_summary.json,write,Write parameter scan summary.,0
generated,outputs/experiments/kasteren/seed_42/lstm/adaptive_ldp/retrain_attacker/parameter_scan/scan_trace.json,write,Write parameter scan trace.,0
generated,outputs/experiments/kasteren/seed_42/lstm/adaptive_ldp/retrain_attacker/parameter_scan/profile_config.json,write,Write adaptive profile scan configuration.,0
outputs/defense/real_public_benchmark/kasteren/seed_42/adaptive_ldp/comparisons/lstm_retrain_attacker_adaptive_ldp_accuracy.png,outputs/experiments/kasteren/seed_42/lstm/adaptive_ldp/retrain_attacker/parameter_scan/plot_accuracy.png,copy,Move parameter scan plot into parameter_scan directory.,60639
outputs/defense/real_public_benchmark/kasteren/seed_42/adaptive_ldp/comparisons/lstm_retrain_attacker_adaptive_ldp_accuracy.png,outputs/figures/experiments/kasteren/seed_42/lstm/adaptive_ldp/retrain_attacker/plot_accuracy.png,copy,Move experiment diagnostic plot into figures/experiments.,60639
outputs/defense/real_public_benchmark/kasteren/seed_42/adaptive_ldp/comparisons/lstm_retrain_attacker_adaptive_ldp_distortion.png,outputs/experiments/kasteren/seed_42/lstm/adaptive_ldp/retrain_attacker/parameter_scan/plot_distortion.png,copy,Move parameter scan plot into parameter_scan directory.,53166
outputs/defense/real_public_benchmark/kasteren/seed_42/adaptive_ldp/comparisons/lstm_retrain_attacker_adaptive_ldp_distortion.png,outputs/figures/experiments/kasteren/seed_42/lstm/adaptive_ldp/retrain_attacker/plot_distortion.png,copy,Move experiment diagnostic plot into figures/experiments.,53166
outputs/defense/real_public_benchmark/kasteren/seed_42/adaptive_ldp/comparisons/mlp_fixed_attacker_comparison_results.csv,outputs/experiments/kasteren/seed_42/mlp/adaptive_ldp/fixed_attacker/parameter_scan/comparison_results.csv,copy,Move parameter scan CSV to matching experiment combination.,2811
generated,outputs/experiments/kasteren/seed_42/mlp/adaptive_ldp/fixed_attacker/parameter_scan/scan_summary.json,write,Write parameter scan summary.,0
generated,outputs/experiments/kasteren/seed_42/mlp/adaptive_ldp/fixed_attacker/parameter_scan/scan_trace.json,write,Write parameter scan trace.,0
generated,outputs/experiments/kasteren/seed_42/mlp/adaptive_ldp/fixed_attacker/parameter_scan/profile_config.json,write,Write adaptive profile scan configuration.,0
outputs/defense/real_public_benchmark/kasteren/seed_42/adaptive_ldp/comparisons/mlp_fixed_attacker_adaptive_ldp_accuracy.png,outputs/experiments/kasteren/seed_42/mlp/adaptive_ldp/fixed_attacker/parameter_scan/plot_accuracy.png,copy,Move parameter scan plot into parameter_scan directory.,57813
outputs/defense/real_public_benchmark/kasteren/seed_42/adaptive_ldp/comparisons/mlp_fixed_attacker_adaptive_ldp_accuracy.png,outputs/figures/experiments/kasteren/seed_42/mlp/adaptive_ldp/fixed_attacker/plot_accuracy.png,copy,Move experiment diagnostic plot into figures/experiments.,57813
outputs/defense/real_public_benchmark/kasteren/seed_42/adaptive_ldp/comparisons/mlp_fixed_attacker_adaptive_ldp_distortion.png,outputs/experiments/kasteren/seed_42/mlp/adaptive_ldp/fixed_attacker/parameter_scan/plot_distortion.png,copy,Move parameter scan plot into parameter_scan directory.,53166
outputs/defense/real_public_benchmark/kasteren/seed_42/adaptive_ldp/comparisons/mlp_fixed_attacker_adaptive_ldp_distortion.png,outputs/figures/experiments/kasteren/seed_42/mlp/adaptive_ldp/fixed_attacker/plot_distortion.png,copy,Move experiment diagnostic plot into figures/experiments.,53166
outputs/defense/real_public_benchmark/kasteren/seed_42/adaptive_ldp/comparisons/mlp_retrain_attacker_comparison_results.csv,outputs/experiments/kasteren/seed_42/mlp/adaptive_ldp/retrain_attacker/parameter_scan/comparison_results.csv,copy,Move parameter scan CSV to matching experiment combination.,3453
generated,outputs/experiments/kasteren/seed_42/mlp/adaptive_ldp/retrain_attacker/parameter_scan/scan_summary.json,write,Write parameter scan summary.,0
generated,outputs/experiments/kasteren/seed_42/mlp/adaptive_ldp/retrain_attacker/parameter_scan/scan_trace.json,write,Write parameter scan trace.,0
generated,outputs/experiments/kasteren/seed_42/mlp/adaptive_ldp/retrain_attacker/parameter_scan/profile_config.json,write,Write adaptive profile scan configuration.,0
outputs/defense/real_public_benchmark/kasteren/seed_42/adaptive_ldp/comparisons/mlp_retrain_attacker_adaptive_ldp_accuracy.png,outputs/experiments/kasteren/seed_42/mlp/adaptive_ldp/retrain_attacker/parameter_scan/plot_accuracy.png,copy,Move parameter scan plot into parameter_scan directory.,56923
outputs/defense/real_public_benchmark/kasteren/seed_42/adaptive_ldp/comparisons/mlp_retrain_attacker_adaptive_ldp_accuracy.png,outputs/figures/experiments/kasteren/seed_42/mlp/adaptive_ldp/retrain_attacker/plot_accuracy.png,copy,Move experiment diagnostic plot into figures/experiments.,56923
outputs/defense/real_public_benchmark/kasteren/seed_42/adaptive_ldp/comparisons/mlp_retrain_attacker_adaptive_ldp_distortion.png,outputs/experiments/kasteren/seed_42/mlp/adaptive_ldp/retrain_attacker/parameter_scan/plot_distortion.png,copy,Move parameter scan plot into parameter_scan directory.,53166
outputs/defense/real_public_benchmark/kasteren/seed_42/adaptive_ldp/comparisons/mlp_retrain_attacker_adaptive_ldp_distortion.png,outputs/figures/experiments/kasteren/seed_42/mlp/adaptive_ldp/retrain_attacker/plot_distortion.png,copy,Move experiment diagnostic plot into figures/experiments.,53166
outputs/defense/real_public_benchmark/kasteren/seed_42/ldp/comparisons/lstm_fixed_attacker_comparison_results.csv,outputs/experiments/kasteren/seed_42/lstm/ldp/fixed_attacker/parameter_scan/comparison_results.csv,copy,Move parameter scan CSV to matching experiment combination.,1832
generated,outputs/experiments/kasteren/seed_42/lstm/ldp/fixed_attacker/parameter_scan/scan_summary.json,write,Write parameter scan summary.,0
generated,outputs/experiments/kasteren/seed_42/lstm/ldp/fixed_attacker/parameter_scan/scan_trace.json,write,Write parameter scan trace.,0
outputs/defense/real_public_benchmark/kasteren/seed_42/ldp/comparisons/epsilon_vs_accuracy.png,outputs/experiments/kasteren/seed_42/lstm/ldp/fixed_attacker/parameter_scan/plot_accuracy.png,copy,Move parameter scan plot into parameter_scan directory.,51612
outputs/defense/real_public_benchmark/kasteren/seed_42/ldp/comparisons/epsilon_vs_accuracy.png,outputs/figures/experiments/kasteren/seed_42/lstm/ldp/fixed_attacker/plot_accuracy.png,copy,Move experiment diagnostic plot into figures/experiments.,51612
outputs/defense/real_public_benchmark/kasteren/seed_42/ldp/comparisons/epsilon_vs_distortion.png,outputs/experiments/kasteren/seed_42/lstm/ldp/fixed_attacker/parameter_scan/plot_distortion.png,copy,Move parameter scan plot into parameter_scan directory.,27619
outputs/defense/real_public_benchmark/kasteren/seed_42/ldp/comparisons/epsilon_vs_distortion.png,outputs/figures/experiments/kasteren/seed_42/lstm/ldp/fixed_attacker/plot_distortion.png,copy,Move experiment diagnostic plot into figures/experiments.,27619
outputs/defense/real_public_benchmark/kasteren/seed_42/ldp/comparisons/lstm_retrain_attacker_comparison_results.csv,outputs/experiments/kasteren/seed_42/lstm/ldp/retrain_attacker/parameter_scan/comparison_results.csv,copy,Move parameter scan CSV to matching experiment combination.,2506
generated,outputs/experiments/kasteren/seed_42/lstm/ldp/retrain_attacker/parameter_scan/scan_summary.json,write,Write parameter scan summary.,0
generated,outputs/experiments/kasteren/seed_42/lstm/ldp/retrain_attacker/parameter_scan/scan_trace.json,write,Write parameter scan trace.,0
outputs/defense/real_public_benchmark/kasteren/seed_42/ldp/comparisons/lstm_retrain_attacker_ldp_accuracy.png,outputs/experiments/kasteren/seed_42/lstm/ldp/retrain_attacker/parameter_scan/plot_accuracy.png,copy,Move parameter scan plot into parameter_scan directory.,34367
outputs/defense/real_public_benchmark/kasteren/seed_42/ldp/comparisons/lstm_retrain_attacker_ldp_accuracy.png,outputs/figures/experiments/kasteren/seed_42/lstm/ldp/retrain_attacker/plot_accuracy.png,copy,Move experiment diagnostic plot into figures/experiments.,34367
outputs/defense/real_public_benchmark/kasteren/seed_42/ldp/comparisons/lstm_retrain_attacker_ldp_distortion.png,outputs/experiments/kasteren/seed_42/lstm/ldp/retrain_attacker/parameter_scan/plot_distortion.png,copy,Move parameter scan plot into parameter_scan directory.,29988
outputs/defense/real_public_benchmark/kasteren/seed_42/ldp/comparisons/lstm_retrain_attacker_ldp_distortion.png,outputs/figures/experiments/kasteren/seed_42/lstm/ldp/retrain_attacker/plot_distortion.png,copy,Move experiment diagnostic plot into figures/experiments.,29988
outputs/defense/real_public_benchmark/kasteren/seed_42/ldp/comparisons/mlp_fixed_attacker_comparison_results.csv,outputs/experiments/kasteren/seed_42/mlp/ldp/fixed_attacker/parameter_scan/comparison_results.csv,copy,Move parameter scan CSV to matching experiment combination.,2083
generated,outputs/experiments/kasteren/seed_42/mlp/ldp/fixed_attacker/parameter_scan/scan_summary.json,write,Write parameter scan summary.,0
generated,outputs/experiments/kasteren/seed_42/mlp/ldp/fixed_attacker/parameter_scan/scan_trace.json,write,Write parameter scan trace.,0
outputs/defense/real_public_benchmark/kasteren/seed_42/ldp/comparisons/mlp_fixed_attacker_ldp_accuracy.png,outputs/experiments/kasteren/seed_42/mlp/ldp/fixed_attacker/parameter_scan/plot_accuracy.png,copy,Move parameter scan plot into parameter_scan directory.,37459
outputs/defense/real_public_benchmark/kasteren/seed_42/ldp/comparisons/mlp_fixed_attacker_ldp_accuracy.png,outputs/figures/experiments/kasteren/seed_42/mlp/ldp/fixed_attacker/plot_accuracy.png,copy,Move experiment diagnostic plot into figures/experiments.,37459
outputs/defense/real_public_benchmark/kasteren/seed_42/ldp/comparisons/mlp_fixed_attacker_ldp_distortion.png,outputs/experiments/kasteren/seed_42/mlp/ldp/fixed_attacker/parameter_scan/plot_distortion.png,copy,Move parameter scan plot into parameter_scan directory.,29988
outputs/defense/real_public_benchmark/kasteren/seed_42/ldp/comparisons/mlp_fixed_attacker_ldp_distortion.png,outputs/figures/experiments/kasteren/seed_42/mlp/ldp/fixed_attacker/plot_distortion.png,copy,Move experiment diagnostic plot into figures/experiments.,29988
outputs/defense/real_public_benchmark/kasteren/seed_42/ldp/comparisons/mlp_retrain_attacker_comparison_results.csv,outputs/experiments/kasteren/seed_42/mlp/ldp/retrain_attacker/parameter_scan/comparison_results.csv,copy,Move parameter scan CSV to matching experiment combination.,2479
generated,outputs/experiments/kasteren/seed_42/mlp/ldp/retrain_attacker/parameter_scan/scan_summary.json,write,Write parameter scan summary.,0
generated,outputs/experiments/kasteren/seed_42/mlp/ldp/retrain_attacker/parameter_scan/scan_trace.json,write,Write parameter scan trace.,0
outputs/defense/real_public_benchmark/kasteren/seed_42/ldp/comparisons/mlp_retrain_attacker_ldp_accuracy.png,outputs/experiments/kasteren/seed_42/mlp/ldp/retrain_attacker/parameter_scan/plot_accuracy.png,copy,Move parameter scan plot into parameter_scan directory.,33074
outputs/defense/real_public_benchmark/kasteren/seed_42/ldp/comparisons/mlp_retrain_attacker_ldp_accuracy.png,outputs/figures/experiments/kasteren/seed_42/mlp/ldp/retrain_attacker/plot_accuracy.png,copy,Move experiment diagnostic plot into figures/experiments.,33074
outputs/defense/real_public_benchmark/kasteren/seed_42/ldp/comparisons/mlp_retrain_attacker_ldp_distortion.png,outputs/experiments/kasteren/seed_42/mlp/ldp/retrain_attacker/parameter_scan/plot_distortion.png,copy,Move parameter scan plot into parameter_scan directory.,29988
outputs/defense/real_public_benchmark/kasteren/seed_42/ldp/comparisons/mlp_retrain_attacker_ldp_distortion.png,outputs/figures/experiments/kasteren/seed_42/mlp/ldp/retrain_attacker/plot_distortion.png,copy,Move experiment diagnostic plot into figures/experiments.,29988
outputs/defense/real_public_benchmark/kasteren/seed_42/noise/comparisons/lstm_fixed_attacker_comparison_results.csv,outputs/experiments/kasteren/seed_42/lstm/noise/fixed_attacker/parameter_scan/comparison_results.csv,copy,Move parameter scan CSV to matching experiment combination.,1553
generated,outputs/experiments/kasteren/seed_42/lstm/noise/fixed_attacker/parameter_scan/scan_summary.json,write,Write parameter scan summary.,0
generated,outputs/experiments/kasteren/seed_42/lstm/noise/fixed_attacker/parameter_scan/scan_trace.json,write,Write parameter scan trace.,0
outputs/defense/real_public_benchmark/kasteren/seed_42/noise/comparisons/distortion_vs_noise.png,outputs/experiments/kasteren/seed_42/lstm/noise/fixed_attacker/parameter_scan/plot_distortion.png,copy,Move parameter scan plot into parameter_scan directory.,59678
outputs/defense/real_public_benchmark/kasteren/seed_42/noise/comparisons/distortion_vs_noise.png,outputs/figures/experiments/kasteren/seed_42/lstm/noise/fixed_attacker/plot_distortion.png,copy,Move experiment diagnostic plot into figures/experiments.,59678
outputs/defense/real_public_benchmark/kasteren/seed_42/noise/comparisons/lstm_retrain_attacker_comparison_results.csv,outputs/experiments/kasteren/seed_42/lstm/noise/retrain_attacker/parameter_scan/comparison_results.csv,copy,Move parameter scan CSV to matching experiment combination.,2135
generated,outputs/experiments/kasteren/seed_42/lstm/noise/retrain_attacker/parameter_scan/scan_summary.json,write,Write parameter scan summary.,0
generated,outputs/experiments/kasteren/seed_42/lstm/noise/retrain_attacker/parameter_scan/scan_trace.json,write,Write parameter scan trace.,0
outputs/defense/real_public_benchmark/kasteren/seed_42/noise/comparisons/lstm_retrain_attacker_noise_accuracy.png,outputs/experiments/kasteren/seed_42/lstm/noise/retrain_attacker/parameter_scan/plot_accuracy.png,copy,Move parameter scan plot into parameter_scan directory.,38316
outputs/defense/real_public_benchmark/kasteren/seed_42/noise/comparisons/lstm_retrain_attacker_noise_accuracy.png,outputs/figures/experiments/kasteren/seed_42/lstm/noise/retrain_attacker/plot_accuracy.png,copy,Move experiment diagnostic plot into figures/experiments.,38316
outputs/defense/real_public_benchmark/kasteren/seed_42/noise/comparisons/lstm_retrain_attacker_noise_distortion.png,outputs/experiments/kasteren/seed_42/lstm/noise/retrain_attacker/parameter_scan/plot_distortion.png,copy,Move parameter scan plot into parameter_scan directory.,38330
outputs/defense/real_public_benchmark/kasteren/seed_42/noise/comparisons/lstm_retrain_attacker_noise_distortion.png,outputs/figures/experiments/kasteren/seed_42/lstm/noise/retrain_attacker/plot_distortion.png,copy,Move experiment diagnostic plot into figures/experiments.,38330
outputs/defense/real_public_benchmark/kasteren/seed_42/noise/comparisons/mlp_fixed_attacker_comparison_results.csv,outputs/experiments/kasteren/seed_42/mlp/noise/fixed_attacker/parameter_scan/comparison_results.csv,copy,Move parameter scan CSV to matching experiment combination.,1811
generated,outputs/experiments/kasteren/seed_42/mlp/noise/fixed_attacker/parameter_scan/scan_summary.json,write,Write parameter scan summary.,0
generated,outputs/experiments/kasteren/seed_42/mlp/noise/fixed_attacker/parameter_scan/scan_trace.json,write,Write parameter scan trace.,0
outputs/defense/real_public_benchmark/kasteren/seed_42/noise/comparisons/mlp_fixed_attacker_noise_accuracy.png,outputs/experiments/kasteren/seed_42/mlp/noise/fixed_attacker/parameter_scan/plot_accuracy.png,copy,Move parameter scan plot into parameter_scan directory.,25816
outputs/defense/real_public_benchmark/kasteren/seed_42/noise/comparisons/mlp_fixed_attacker_noise_accuracy.png,outputs/figures/experiments/kasteren/seed_42/mlp/noise/fixed_attacker/plot_accuracy.png,copy,Move experiment diagnostic plot into figures/experiments.,25816
outputs/defense/real_public_benchmark/kasteren/seed_42/noise/comparisons/mlp_fixed_attacker_noise_distortion.png,outputs/experiments/kasteren/seed_42/mlp/noise/fixed_attacker/parameter_scan/plot_distortion.png,copy,Move parameter scan plot into parameter_scan directory.,38330
outputs/defense/real_public_benchmark/kasteren/seed_42/noise/comparisons/mlp_fixed_attacker_noise_distortion.png,outputs/figures/experiments/kasteren/seed_42/mlp/noise/fixed_attacker/plot_distortion.png,copy,Move experiment diagnostic plot into figures/experiments.,38330
outputs/defense/real_public_benchmark/kasteren/seed_42/noise/comparisons/mlp_retrain_attacker_comparison_results.csv,outputs/experiments/kasteren/seed_42/mlp/noise/retrain_attacker/parameter_scan/comparison_results.csv,copy,Move parameter scan CSV to matching experiment combination.,2096
generated,outputs/experiments/kasteren/seed_42/mlp/noise/retrain_attacker/parameter_scan/scan_summary.json,write,Write parameter scan summary.,0
generated,outputs/experiments/kasteren/seed_42/mlp/noise/retrain_attacker/parameter_scan/scan_trace.json,write,Write parameter scan trace.,0
outputs/defense/real_public_benchmark/kasteren/seed_42/noise/comparisons/mlp_retrain_attacker_noise_accuracy.png,outputs/experiments/kasteren/seed_42/mlp/noise/retrain_attacker/parameter_scan/plot_accuracy.png,copy,Move parameter scan plot into parameter_scan directory.,46436
outputs/defense/real_public_benchmark/kasteren/seed_42/noise/comparisons/mlp_retrain_attacker_noise_accuracy.png,outputs/figures/experiments/kasteren/seed_42/mlp/noise/retrain_attacker/plot_accuracy.png,copy,Move experiment diagnostic plot into figures/experiments.,46436
outputs/defense/real_public_benchmark/kasteren/seed_42/noise/comparisons/mlp_retrain_attacker_noise_distortion.png,outputs/experiments/kasteren/seed_42/mlp/noise/retrain_attacker/parameter_scan/plot_distortion.png,copy,Move parameter scan plot into parameter_scan directory.,38330
outputs/defense/real_public_benchmark/kasteren/seed_42/noise/comparisons/mlp_retrain_attacker_noise_distortion.png,outputs/figures/experiments/kasteren/seed_42/mlp/noise/retrain_attacker/plot_distortion.png,copy,Move experiment diagnostic plot into figures/experiments.,38330
outputs/defense/real_public_benchmark/kasteren/seed_123/adaptive_ldp/comparisons/lstm_fixed_attacker_comparison_results.csv,outputs/experiments/kasteren/seed_123/lstm/adaptive_ldp/fixed_attacker/parameter_scan/comparison_results.csv,copy,Move parameter scan CSV to matching experiment combination.,2878
generated,outputs/experiments/kasteren/seed_123/lstm/adaptive_ldp/fixed_attacker/parameter_scan/scan_summary.json,write,Write parameter scan summary.,0
generated,outputs/experiments/kasteren/seed_123/lstm/adaptive_ldp/fixed_attacker/parameter_scan/scan_trace.json,write,Write parameter scan trace.,0
generated,outputs/experiments/kasteren/seed_123/lstm/adaptive_ldp/fixed_attacker/parameter_scan/profile_config.json,write,Write adaptive profile scan configuration.,0
outputs/defense/real_public_benchmark/kasteren/seed_123/adaptive_ldp/comparisons/lstm_fixed_attacker_adaptive_ldp_accuracy.png,outputs/experiments/kasteren/seed_123/lstm/adaptive_ldp/fixed_attacker/parameter_scan/plot_accuracy.png,copy,Move parameter scan plot into parameter_scan directory.,58886
outputs/defense/real_public_benchmark/kasteren/seed_123/adaptive_ldp/comparisons/lstm_fixed_attacker_adaptive_ldp_accuracy.png,outputs/figures/experiments/kasteren/seed_123/lstm/adaptive_ldp/fixed_attacker/plot_accuracy.png,copy,Move experiment diagnostic plot into figures/experiments.,58886
outputs/defense/real_public_benchmark/kasteren/seed_123/adaptive_ldp/comparisons/lstm_fixed_attacker_adaptive_ldp_distortion.png,outputs/experiments/kasteren/seed_123/lstm/adaptive_ldp/fixed_attacker/parameter_scan/plot_distortion.png,copy,Move parameter scan plot into parameter_scan directory.,53099
outputs/defense/real_public_benchmark/kasteren/seed_123/adaptive_ldp/comparisons/lstm_fixed_attacker_adaptive_ldp_distortion.png,outputs/figures/experiments/kasteren/seed_123/lstm/adaptive_ldp/fixed_attacker/plot_distortion.png,copy,Move experiment diagnostic plot into figures/experiments.,53099
outputs/defense/real_public_benchmark/kasteren/seed_123/adaptive_ldp/comparisons/lstm_retrain_attacker_comparison_results.csv,outputs/experiments/kasteren/seed_123/lstm/adaptive_ldp/retrain_attacker/parameter_scan/comparison_results.csv,copy,Move parameter scan CSV to matching experiment combination.,3471
generated,outputs/experiments/kasteren/seed_123/lstm/adaptive_ldp/retrain_attacker/parameter_scan/scan_summary.json,write,Write parameter scan summary.,0
generated,outputs/experiments/kasteren/seed_123/lstm/adaptive_ldp/retrain_attacker/parameter_scan/scan_trace.json,write,Write parameter scan trace.,0
generated,outputs/experiments/kasteren/seed_123/lstm/adaptive_ldp/retrain_attacker/parameter_scan/profile_config.json,write,Write adaptive profile scan configuration.,0
outputs/defense/real_public_benchmark/kasteren/seed_123/adaptive_ldp/comparisons/lstm_retrain_attacker_adaptive_ldp_accuracy.png,outputs/experiments/kasteren/seed_123/lstm/adaptive_ldp/retrain_attacker/parameter_scan/plot_accuracy.png,copy,Move parameter scan plot into parameter_scan directory.,58718
outputs/defense/real_public_benchmark/kasteren/seed_123/adaptive_ldp/comparisons/lstm_retrain_attacker_adaptive_ldp_accuracy.png,outputs/figures/experiments/kasteren/seed_123/lstm/adaptive_ldp/retrain_attacker/plot_accuracy.png,copy,Move experiment diagnostic plot into figures/experiments.,58718
outputs/defense/real_public_benchmark/kasteren/seed_123/adaptive_ldp/comparisons/lstm_retrain_attacker_adaptive_ldp_distortion.png,outputs/experiments/kasteren/seed_123/lstm/adaptive_ldp/retrain_attacker/parameter_scan/plot_distortion.png,copy,Move parameter scan plot into parameter_scan directory.,53099
outputs/defense/real_public_benchmark/kasteren/seed_123/adaptive_ldp/comparisons/lstm_retrain_attacker_adaptive_ldp_distortion.png,outputs/figures/experiments/kasteren/seed_123/lstm/adaptive_ldp/retrain_attacker/plot_distortion.png,copy,Move experiment diagnostic plot into figures/experiments.,53099
outputs/defense/real_public_benchmark/kasteren/seed_123/adaptive_ldp/comparisons/mlp_fixed_attacker_comparison_results.csv,outputs/experiments/kasteren/seed_123/mlp/adaptive_ldp/fixed_attacker/parameter_scan/comparison_results.csv,copy,Move parameter scan CSV to matching experiment combination.,2873
generated,outputs/experiments/kasteren/seed_123/mlp/adaptive_ldp/fixed_attacker/parameter_scan/scan_summary.json,write,Write parameter scan summary.,0
generated,outputs/experiments/kasteren/seed_123/mlp/adaptive_ldp/fixed_attacker/parameter_scan/scan_trace.json,write,Write parameter scan trace.,0
generated,outputs/experiments/kasteren/seed_123/mlp/adaptive_ldp/fixed_attacker/parameter_scan/profile_config.json,write,Write adaptive profile scan configuration.,0
outputs/defense/real_public_benchmark/kasteren/seed_123/adaptive_ldp/comparisons/mlp_fixed_attacker_adaptive_ldp_accuracy.png,outputs/experiments/kasteren/seed_123/mlp/adaptive_ldp/fixed_attacker/parameter_scan/plot_accuracy.png,copy,Move parameter scan plot into parameter_scan directory.,62663
outputs/defense/real_public_benchmark/kasteren/seed_123/adaptive_ldp/comparisons/mlp_fixed_attacker_adaptive_ldp_accuracy.png,outputs/figures/experiments/kasteren/seed_123/mlp/adaptive_ldp/fixed_attacker/plot_accuracy.png,copy,Move experiment diagnostic plot into figures/experiments.,62663
outputs/defense/real_public_benchmark/kasteren/seed_123/adaptive_ldp/comparisons/mlp_fixed_attacker_adaptive_ldp_distortion.png,outputs/experiments/kasteren/seed_123/mlp/adaptive_ldp/fixed_attacker/parameter_scan/plot_distortion.png,copy,Move parameter scan plot into parameter_scan directory.,53099
outputs/defense/real_public_benchmark/kasteren/seed_123/adaptive_ldp/comparisons/mlp_fixed_attacker_adaptive_ldp_distortion.png,outputs/figures/experiments/kasteren/seed_123/mlp/adaptive_ldp/fixed_attacker/plot_distortion.png,copy,Move experiment diagnostic plot into figures/experiments.,53099
outputs/defense/real_public_benchmark/kasteren/seed_123/adaptive_ldp/comparisons/mlp_retrain_attacker_comparison_results.csv,outputs/experiments/kasteren/seed_123/mlp/adaptive_ldp/retrain_attacker/parameter_scan/comparison_results.csv,copy,Move parameter scan CSV to matching experiment combination.,3460
generated,outputs/experiments/kasteren/seed_123/mlp/adaptive_ldp/retrain_attacker/parameter_scan/scan_summary.json,write,Write parameter scan summary.,0
generated,outputs/experiments/kasteren/seed_123/mlp/adaptive_ldp/retrain_attacker/parameter_scan/scan_trace.json,write,Write parameter scan trace.,0
generated,outputs/experiments/kasteren/seed_123/mlp/adaptive_ldp/retrain_attacker/parameter_scan/profile_config.json,write,Write adaptive profile scan configuration.,0
outputs/defense/real_public_benchmark/kasteren/seed_123/adaptive_ldp/comparisons/mlp_retrain_attacker_adaptive_ldp_accuracy.png,outputs/experiments/kasteren/seed_123/mlp/adaptive_ldp/retrain_attacker/parameter_scan/plot_accuracy.png,copy,Move parameter scan plot into parameter_scan directory.,56057
outputs/defense/real_public_benchmark/kasteren/seed_123/adaptive_ldp/comparisons/mlp_retrain_attacker_adaptive_ldp_accuracy.png,outputs/figures/experiments/kasteren/seed_123/mlp/adaptive_ldp/retrain_attacker/plot_accuracy.png,copy,Move experiment diagnostic plot into figures/experiments.,56057
outputs/defense/real_public_benchmark/kasteren/seed_123/adaptive_ldp/comparisons/mlp_retrain_attacker_adaptive_ldp_distortion.png,outputs/experiments/kasteren/seed_123/mlp/adaptive_ldp/retrain_attacker/parameter_scan/plot_distortion.png,copy,Move parameter scan plot into parameter_scan directory.,53099
outputs/defense/real_public_benchmark/kasteren/seed_123/adaptive_ldp/comparisons/mlp_retrain_attacker_adaptive_ldp_distortion.png,outputs/figures/experiments/kasteren/seed_123/mlp/adaptive_ldp/retrain_attacker/plot_distortion.png,copy,Move experiment diagnostic plot into figures/experiments.,53099
outputs/defense/real_public_benchmark/kasteren/seed_123/ldp/comparisons/lstm_fixed_attacker_comparison_results.csv,outputs/experiments/kasteren/seed_123/lstm/ldp/fixed_attacker/parameter_scan/comparison_results.csv,copy,Move parameter scan CSV to matching experiment combination.,1838
generated,outputs/experiments/kasteren/seed_123/lstm/ldp/fixed_attacker/parameter_scan/scan_summary.json,write,Write parameter scan summary.,0
generated,outputs/experiments/kasteren/seed_123/lstm/ldp/fixed_attacker/parameter_scan/scan_trace.json,write,Write parameter scan trace.,0
outputs/defense/real_public_benchmark/kasteren/seed_123/ldp/comparisons/epsilon_vs_accuracy.png,outputs/experiments/kasteren/seed_123/lstm/ldp/fixed_attacker/parameter_scan/plot_accuracy.png,copy,Move parameter scan plot into parameter_scan directory.,48309
outputs/defense/real_public_benchmark/kasteren/seed_123/ldp/comparisons/epsilon_vs_accuracy.png,outputs/figures/experiments/kasteren/seed_123/lstm/ldp/fixed_attacker/plot_accuracy.png,copy,Move experiment diagnostic plot into figures/experiments.,48309
outputs/defense/real_public_benchmark/kasteren/seed_123/ldp/comparisons/epsilon_vs_distortion.png,outputs/experiments/kasteren/seed_123/lstm/ldp/fixed_attacker/parameter_scan/plot_distortion.png,copy,Move parameter scan plot into parameter_scan directory.,27616
outputs/defense/real_public_benchmark/kasteren/seed_123/ldp/comparisons/epsilon_vs_distortion.png,outputs/figures/experiments/kasteren/seed_123/lstm/ldp/fixed_attacker/plot_distortion.png,copy,Move experiment diagnostic plot into figures/experiments.,27616
outputs/defense/real_public_benchmark/kasteren/seed_123/ldp/comparisons/lstm_retrain_attacker_comparison_results.csv,outputs/experiments/kasteren/seed_123/lstm/ldp/retrain_attacker/parameter_scan/comparison_results.csv,copy,Move parameter scan CSV to matching experiment combination.,2533
generated,outputs/experiments/kasteren/seed_123/lstm/ldp/retrain_attacker/parameter_scan/scan_summary.json,write,Write parameter scan summary.,0
generated,outputs/experiments/kasteren/seed_123/lstm/ldp/retrain_attacker/parameter_scan/scan_trace.json,write,Write parameter scan trace.,0
outputs/defense/real_public_benchmark/kasteren/seed_123/ldp/comparisons/lstm_retrain_attacker_ldp_accuracy.png,outputs/experiments/kasteren/seed_123/lstm/ldp/retrain_attacker/parameter_scan/plot_accuracy.png,copy,Move parameter scan plot into parameter_scan directory.,32530
outputs/defense/real_public_benchmark/kasteren/seed_123/ldp/comparisons/lstm_retrain_attacker_ldp_accuracy.png,outputs/figures/experiments/kasteren/seed_123/lstm/ldp/retrain_attacker/plot_accuracy.png,copy,Move experiment diagnostic plot into figures/experiments.,32530
outputs/defense/real_public_benchmark/kasteren/seed_123/ldp/comparisons/lstm_retrain_attacker_ldp_distortion.png,outputs/experiments/kasteren/seed_123/lstm/ldp/retrain_attacker/parameter_scan/plot_distortion.png,copy,Move parameter scan plot into parameter_scan directory.,30021
outputs/defense/real_public_benchmark/kasteren/seed_123/ldp/comparisons/lstm_retrain_attacker_ldp_distortion.png,outputs/figures/experiments/kasteren/seed_123/lstm/ldp/retrain_attacker/plot_distortion.png,copy,Move experiment diagnostic plot into figures/experiments.,30021
outputs/defense/real_public_benchmark/kasteren/seed_123/ldp/comparisons/mlp_fixed_attacker_comparison_results.csv,outputs/experiments/kasteren/seed_123/mlp/ldp/fixed_attacker/parameter_scan/comparison_results.csv,copy,Move parameter scan CSV to matching experiment combination.,2172
generated,outputs/experiments/kasteren/seed_123/mlp/ldp/fixed_attacker/parameter_scan/scan_summary.json,write,Write parameter scan summary.,0
generated,outputs/experiments/kasteren/seed_123/mlp/ldp/fixed_attacker/parameter_scan/scan_trace.json,write,Write parameter scan trace.,0
outputs/defense/real_public_benchmark/kasteren/seed_123/ldp/comparisons/mlp_fixed_attacker_ldp_accuracy.png,outputs/experiments/kasteren/seed_123/mlp/ldp/fixed_attacker/parameter_scan/plot_accuracy.png,copy,Move parameter scan plot into parameter_scan directory.,40800
outputs/defense/real_public_benchmark/kasteren/seed_123/ldp/comparisons/mlp_fixed_attacker_ldp_accuracy.png,outputs/figures/experiments/kasteren/seed_123/mlp/ldp/fixed_attacker/plot_accuracy.png,copy,Move experiment diagnostic plot into figures/experiments.,40800
outputs/defense/real_public_benchmark/kasteren/seed_123/ldp/comparisons/mlp_fixed_attacker_ldp_distortion.png,outputs/experiments/kasteren/seed_123/mlp/ldp/fixed_attacker/parameter_scan/plot_distortion.png,copy,Move parameter scan plot into parameter_scan directory.,30021
outputs/defense/real_public_benchmark/kasteren/seed_123/ldp/comparisons/mlp_fixed_attacker_ldp_distortion.png,outputs/figures/experiments/kasteren/seed_123/mlp/ldp/fixed_attacker/plot_distortion.png,copy,Move experiment diagnostic plot into figures/experiments.,30021
outputs/defense/real_public_benchmark/kasteren/seed_123/ldp/comparisons/mlp_retrain_attacker_comparison_results.csv,outputs/experiments/kasteren/seed_123/mlp/ldp/retrain_attacker/parameter_scan/comparison_results.csv,copy,Move parameter scan CSV to matching experiment combination.,2490
generated,outputs/experiments/kasteren/seed_123/mlp/ldp/retrain_attacker/parameter_scan/scan_summary.json,write,Write parameter scan summary.,0
generated,outputs/experiments/kasteren/seed_123/mlp/ldp/retrain_attacker/parameter_scan/scan_trace.json,write,Write parameter scan trace.,0
outputs/defense/real_public_benchmark/kasteren/seed_123/ldp/comparisons/mlp_retrain_attacker_ldp_accuracy.png,outputs/experiments/kasteren/seed_123/mlp/ldp/retrain_attacker/parameter_scan/plot_accuracy.png,copy,Move parameter scan plot into parameter_scan directory.,37204
outputs/defense/real_public_benchmark/kasteren/seed_123/ldp/comparisons/mlp_retrain_attacker_ldp_accuracy.png,outputs/figures/experiments/kasteren/seed_123/mlp/ldp/retrain_attacker/plot_accuracy.png,copy,Move experiment diagnostic plot into figures/experiments.,37204
outputs/defense/real_public_benchmark/kasteren/seed_123/ldp/comparisons/mlp_retrain_attacker_ldp_distortion.png,outputs/experiments/kasteren/seed_123/mlp/ldp/retrain_attacker/parameter_scan/plot_distortion.png,copy,Move parameter scan plot into parameter_scan directory.,30021
outputs/defense/real_public_benchmark/kasteren/seed_123/ldp/comparisons/mlp_retrain_attacker_ldp_distortion.png,outputs/figures/experiments/kasteren/seed_123/mlp/ldp/retrain_attacker/plot_distortion.png,copy,Move experiment diagnostic plot into figures/experiments.,30021
outputs/defense/real_public_benchmark/kasteren/seed_123/noise/comparisons/lstm_fixed_attacker_comparison_results.csv,outputs/experiments/kasteren/seed_123/lstm/noise/fixed_attacker/parameter_scan/comparison_results.csv,copy,Move parameter scan CSV to matching experiment combination.,1555
generated,outputs/experiments/kasteren/seed_123/lstm/noise/fixed_attacker/parameter_scan/scan_summary.json,write,Write parameter scan summary.,0
generated,outputs/experiments/kasteren/seed_123/lstm/noise/fixed_attacker/parameter_scan/scan_trace.json,write,Write parameter scan trace.,0
outputs/defense/real_public_benchmark/kasteren/seed_123/noise/comparisons/distortion_vs_noise.png,outputs/experiments/kasteren/seed_123/lstm/noise/fixed_attacker/parameter_scan/plot_distortion.png,copy,Move parameter scan plot into parameter_scan directory.,59669
outputs/defense/real_public_benchmark/kasteren/seed_123/noise/comparisons/distortion_vs_noise.png,outputs/figures/experiments/kasteren/seed_123/lstm/noise/fixed_attacker/plot_distortion.png,copy,Move experiment diagnostic plot into figures/experiments.,59669
outputs/defense/real_public_benchmark/kasteren/seed_123/noise/comparisons/lstm_retrain_attacker_comparison_results.csv,outputs/experiments/kasteren/seed_123/lstm/noise/retrain_attacker/parameter_scan/comparison_results.csv,copy,Move parameter scan CSV to matching experiment combination.,2144
generated,outputs/experiments/kasteren/seed_123/lstm/noise/retrain_attacker/parameter_scan/scan_summary.json,write,Write parameter scan summary.,0
generated,outputs/experiments/kasteren/seed_123/lstm/noise/retrain_attacker/parameter_scan/scan_trace.json,write,Write parameter scan trace.,0
outputs/defense/real_public_benchmark/kasteren/seed_123/noise/comparisons/lstm_retrain_attacker_noise_accuracy.png,outputs/experiments/kasteren/seed_123/lstm/noise/retrain_attacker/parameter_scan/plot_accuracy.png,copy,Move parameter scan plot into parameter_scan directory.,39219
outputs/defense/real_public_benchmark/kasteren/seed_123/noise/comparisons/lstm_retrain_attacker_noise_accuracy.png,outputs/figures/experiments/kasteren/seed_123/lstm/noise/retrain_attacker/plot_accuracy.png,copy,Move experiment diagnostic plot into figures/experiments.,39219
outputs/defense/real_public_benchmark/kasteren/seed_123/noise/comparisons/lstm_retrain_attacker_noise_distortion.png,outputs/experiments/kasteren/seed_123/lstm/noise/retrain_attacker/parameter_scan/plot_distortion.png,copy,Move parameter scan plot into parameter_scan directory.,38443
outputs/defense/real_public_benchmark/kasteren/seed_123/noise/comparisons/lstm_retrain_attacker_noise_distortion.png,outputs/figures/experiments/kasteren/seed_123/lstm/noise/retrain_attacker/plot_distortion.png,copy,Move experiment diagnostic plot into figures/experiments.,38443
outputs/defense/real_public_benchmark/kasteren/seed_123/noise/comparisons/mlp_fixed_attacker_comparison_results.csv,outputs/experiments/kasteren/seed_123/mlp/noise/fixed_attacker/parameter_scan/comparison_results.csv,copy,Move parameter scan CSV to matching experiment combination.,1829
generated,outputs/experiments/kasteren/seed_123/mlp/noise/fixed_attacker/parameter_scan/scan_summary.json,write,Write parameter scan summary.,0
generated,outputs/experiments/kasteren/seed_123/mlp/noise/fixed_attacker/parameter_scan/scan_trace.json,write,Write parameter scan trace.,0
outputs/defense/real_public_benchmark/kasteren/seed_123/noise/comparisons/mlp_fixed_attacker_noise_accuracy.png,outputs/experiments/kasteren/seed_123/mlp/noise/fixed_attacker/parameter_scan/plot_accuracy.png,copy,Move parameter scan plot into parameter_scan directory.,31752
outputs/defense/real_public_benchmark/kasteren/seed_123/noise/comparisons/mlp_fixed_attacker_noise_accuracy.png,outputs/figures/experiments/kasteren/seed_123/mlp/noise/fixed_attacker/plot_accuracy.png,copy,Move experiment diagnostic plot into figures/experiments.,31752
outputs/defense/real_public_benchmark/kasteren/seed_123/noise/comparisons/mlp_fixed_attacker_noise_distortion.png,outputs/experiments/kasteren/seed_123/mlp/noise/fixed_attacker/parameter_scan/plot_distortion.png,copy,Move parameter scan plot into parameter_scan directory.,38443
outputs/defense/real_public_benchmark/kasteren/seed_123/noise/comparisons/mlp_fixed_attacker_noise_distortion.png,outputs/figures/experiments/kasteren/seed_123/mlp/noise/fixed_attacker/plot_distortion.png,copy,Move experiment diagnostic plot into figures/experiments.,38443
outputs/defense/real_public_benchmark/kasteren/seed_123/noise/comparisons/mlp_retrain_attacker_comparison_results.csv,outputs/experiments/kasteren/seed_123/mlp/noise/retrain_attacker/parameter_scan/comparison_results.csv,copy,Move parameter scan CSV to matching experiment combination.,2138
generated,outputs/experiments/kasteren/seed_123/mlp/noise/retrain_attacker/parameter_scan/scan_summary.json,write,Write parameter scan summary.,0
generated,outputs/experiments/kasteren/seed_123/mlp/noise/retrain_attacker/parameter_scan/scan_trace.json,write,Write parameter scan trace.,0
outputs/defense/real_public_benchmark/kasteren/seed_123/noise/comparisons/mlp_retrain_attacker_noise_accuracy.png,outputs/experiments/kasteren/seed_123/mlp/noise/retrain_attacker/parameter_scan/plot_accuracy.png,copy,Move parameter scan plot into parameter_scan directory.,44785
outputs/defense/real_public_benchmark/kasteren/seed_123/noise/comparisons/mlp_retrain_attacker_noise_accuracy.png,outputs/figures/experiments/kasteren/seed_123/mlp/noise/retrain_attacker/plot_accuracy.png,copy,Move experiment diagnostic plot into figures/experiments.,44785
outputs/defense/real_public_benchmark/kasteren/seed_123/noise/comparisons/mlp_retrain_attacker_noise_distortion.png,outputs/experiments/kasteren/seed_123/mlp/noise/retrain_attacker/parameter_scan/plot_distortion.png,copy,Move parameter scan plot into parameter_scan directory.,38443
outputs/defense/real_public_benchmark/kasteren/seed_123/noise/comparisons/mlp_retrain_attacker_noise_distortion.png,outputs/figures/experiments/kasteren/seed_123/mlp/noise/retrain_attacker/plot_distortion.png,copy,Move experiment diagnostic plot into figures/experiments.,38443
outputs/defense/real_public_benchmark/kasteren/seed_2026/adaptive_ldp/comparisons/lstm_fixed_attacker_comparison_results.csv,outputs/experiments/kasteren/seed_2026/lstm/adaptive_ldp/fixed_attacker/parameter_scan/comparison_results.csv,copy,Move parameter scan CSV to matching experiment combination.,2902
generated,outputs/experiments/kasteren/seed_2026/lstm/adaptive_ldp/fixed_attacker/parameter_scan/scan_summary.json,write,Write parameter scan summary.,0
generated,outputs/experiments/kasteren/seed_2026/lstm/adaptive_ldp/fixed_attacker/parameter_scan/scan_trace.json,write,Write parameter scan trace.,0
generated,outputs/experiments/kasteren/seed_2026/lstm/adaptive_ldp/fixed_attacker/parameter_scan/profile_config.json,write,Write adaptive profile scan configuration.,0
outputs/defense/real_public_benchmark/kasteren/seed_2026/adaptive_ldp/comparisons/lstm_fixed_attacker_adaptive_ldp_accuracy.png,outputs/experiments/kasteren/seed_2026/lstm/adaptive_ldp/fixed_attacker/parameter_scan/plot_accuracy.png,copy,Move parameter scan plot into parameter_scan directory.,60185
outputs/defense/real_public_benchmark/kasteren/seed_2026/adaptive_ldp/comparisons/lstm_fixed_attacker_adaptive_ldp_accuracy.png,outputs/figures/experiments/kasteren/seed_2026/lstm/adaptive_ldp/fixed_attacker/plot_accuracy.png,copy,Move experiment diagnostic plot into figures/experiments.,60185
outputs/defense/real_public_benchmark/kasteren/seed_2026/adaptive_ldp/comparisons/lstm_fixed_attacker_adaptive_ldp_distortion.png,outputs/experiments/kasteren/seed_2026/lstm/adaptive_ldp/fixed_attacker/parameter_scan/plot_distortion.png,copy,Move parameter scan plot into parameter_scan directory.,53059
outputs/defense/real_public_benchmark/kasteren/seed_2026/adaptive_ldp/comparisons/lstm_fixed_attacker_adaptive_ldp_distortion.png,outputs/figures/experiments/kasteren/seed_2026/lstm/adaptive_ldp/fixed_attacker/plot_distortion.png,copy,Move experiment diagnostic plot into figures/experiments.,53059
outputs/defense/real_public_benchmark/kasteren/seed_2026/adaptive_ldp/comparisons/lstm_retrain_attacker_comparison_results.csv,outputs/experiments/kasteren/seed_2026/lstm/adaptive_ldp/retrain_attacker/parameter_scan/comparison_results.csv,copy,Move parameter scan CSV to matching experiment combination.,3488
generated,outputs/experiments/kasteren/seed_2026/lstm/adaptive_ldp/retrain_attacker/parameter_scan/scan_summary.json,write,Write parameter scan summary.,0
generated,outputs/experiments/kasteren/seed_2026/lstm/adaptive_ldp/retrain_attacker/parameter_scan/scan_trace.json,write,Write parameter scan trace.,0
generated,outputs/experiments/kasteren/seed_2026/lstm/adaptive_ldp/retrain_attacker/parameter_scan/profile_config.json,write,Write adaptive profile scan configuration.,0
outputs/defense/real_public_benchmark/kasteren/seed_2026/adaptive_ldp/comparisons/lstm_retrain_attacker_adaptive_ldp_accuracy.png,outputs/experiments/kasteren/seed_2026/lstm/adaptive_ldp/retrain_attacker/parameter_scan/plot_accuracy.png,copy,Move parameter scan plot into parameter_scan directory.,62938
outputs/defense/real_public_benchmark/kasteren/seed_2026/adaptive_ldp/comparisons/lstm_retrain_attacker_adaptive_ldp_accuracy.png,outputs/figures/experiments/kasteren/seed_2026/lstm/adaptive_ldp/retrain_attacker/plot_accuracy.png,copy,Move experiment diagnostic plot into figures/experiments.,62938
outputs/defense/real_public_benchmark/kasteren/seed_2026/adaptive_ldp/comparisons/lstm_retrain_attacker_adaptive_ldp_distortion.png,outputs/experiments/kasteren/seed_2026/lstm/adaptive_ldp/retrain_attacker/parameter_scan/plot_distortion.png,copy,Move parameter scan plot into parameter_scan directory.,53059
outputs/defense/real_public_benchmark/kasteren/seed_2026/adaptive_ldp/comparisons/lstm_retrain_attacker_adaptive_ldp_distortion.png,outputs/figures/experiments/kasteren/seed_2026/lstm/adaptive_ldp/retrain_attacker/plot_distortion.png,copy,Move experiment diagnostic plot into figures/experiments.,53059
outputs/defense/real_public_benchmark/kasteren/seed_2026/adaptive_ldp/comparisons/mlp_fixed_attacker_comparison_results.csv,outputs/experiments/kasteren/seed_2026/mlp/adaptive_ldp/fixed_attacker/parameter_scan/comparison_results.csv,copy,Move parameter scan CSV to matching experiment combination.,2898
generated,outputs/experiments/kasteren/seed_2026/mlp/adaptive_ldp/fixed_attacker/parameter_scan/scan_summary.json,write,Write parameter scan summary.,0
generated,outputs/experiments/kasteren/seed_2026/mlp/adaptive_ldp/fixed_attacker/parameter_scan/scan_trace.json,write,Write parameter scan trace.,0
generated,outputs/experiments/kasteren/seed_2026/mlp/adaptive_ldp/fixed_attacker/parameter_scan/profile_config.json,write,Write adaptive profile scan configuration.,0
outputs/defense/real_public_benchmark/kasteren/seed_2026/adaptive_ldp/comparisons/mlp_fixed_attacker_adaptive_ldp_accuracy.png,outputs/experiments/kasteren/seed_2026/mlp/adaptive_ldp/fixed_attacker/parameter_scan/plot_accuracy.png,copy,Move parameter scan plot into parameter_scan directory.,58759
outputs/defense/real_public_benchmark/kasteren/seed_2026/adaptive_ldp/comparisons/mlp_fixed_attacker_adaptive_ldp_accuracy.png,outputs/figures/experiments/kasteren/seed_2026/mlp/adaptive_ldp/fixed_attacker/plot_accuracy.png,copy,Move experiment diagnostic plot into figures/experiments.,58759
outputs/defense/real_public_benchmark/kasteren/seed_2026/adaptive_ldp/comparisons/mlp_fixed_attacker_adaptive_ldp_distortion.png,outputs/experiments/kasteren/seed_2026/mlp/adaptive_ldp/fixed_attacker/parameter_scan/plot_distortion.png,copy,Move parameter scan plot into parameter_scan directory.,53059
outputs/defense/real_public_benchmark/kasteren/seed_2026/adaptive_ldp/comparisons/mlp_fixed_attacker_adaptive_ldp_distortion.png,outputs/figures/experiments/kasteren/seed_2026/mlp/adaptive_ldp/fixed_attacker/plot_distortion.png,copy,Move experiment diagnostic plot into figures/experiments.,53059
outputs/defense/real_public_benchmark/kasteren/seed_2026/adaptive_ldp/comparisons/mlp_retrain_attacker_comparison_results.csv,outputs/experiments/kasteren/seed_2026/mlp/adaptive_ldp/retrain_attacker/parameter_scan/comparison_results.csv,copy,Move parameter scan CSV to matching experiment combination.,3439
generated,outputs/experiments/kasteren/seed_2026/mlp/adaptive_ldp/retrain_attacker/parameter_scan/scan_summary.json,write,Write parameter scan summary.,0
generated,outputs/experiments/kasteren/seed_2026/mlp/adaptive_ldp/retrain_attacker/parameter_scan/scan_trace.json,write,Write parameter scan trace.,0
generated,outputs/experiments/kasteren/seed_2026/mlp/adaptive_ldp/retrain_attacker/parameter_scan/profile_config.json,write,Write adaptive profile scan configuration.,0
outputs/defense/real_public_benchmark/kasteren/seed_2026/adaptive_ldp/comparisons/mlp_retrain_attacker_adaptive_ldp_accuracy.png,outputs/experiments/kasteren/seed_2026/mlp/adaptive_ldp/retrain_attacker/parameter_scan/plot_accuracy.png,copy,Move parameter scan plot into parameter_scan directory.,43340
outputs/defense/real_public_benchmark/kasteren/seed_2026/adaptive_ldp/comparisons/mlp_retrain_attacker_adaptive_ldp_accuracy.png,outputs/figures/experiments/kasteren/seed_2026/mlp/adaptive_ldp/retrain_attacker/plot_accuracy.png,copy,Move experiment diagnostic plot into figures/experiments.,43340
outputs/defense/real_public_benchmark/kasteren/seed_2026/adaptive_ldp/comparisons/mlp_retrain_attacker_adaptive_ldp_distortion.png,outputs/experiments/kasteren/seed_2026/mlp/adaptive_ldp/retrain_attacker/parameter_scan/plot_distortion.png,copy,Move parameter scan plot into parameter_scan directory.,53059
outputs/defense/real_public_benchmark/kasteren/seed_2026/adaptive_ldp/comparisons/mlp_retrain_attacker_adaptive_ldp_distortion.png,outputs/figures/experiments/kasteren/seed_2026/mlp/adaptive_ldp/retrain_attacker/plot_distortion.png,copy,Move experiment diagnostic plot into figures/experiments.,53059
outputs/defense/real_public_benchmark/kasteren/seed_2026/ldp/comparisons/lstm_fixed_attacker_comparison_results.csv,outputs/experiments/kasteren/seed_2026/lstm/ldp/fixed_attacker/parameter_scan/comparison_results.csv,copy,Move parameter scan CSV to matching experiment combination.,1853
generated,outputs/experiments/kasteren/seed_2026/lstm/ldp/fixed_attacker/parameter_scan/scan_summary.json,write,Write parameter scan summary.,0
generated,outputs/experiments/kasteren/seed_2026/lstm/ldp/fixed_attacker/parameter_scan/scan_trace.json,write,Write parameter scan trace.,0
outputs/defense/real_public_benchmark/kasteren/seed_2026/ldp/comparisons/epsilon_vs_accuracy.png,outputs/experiments/kasteren/seed_2026/lstm/ldp/fixed_attacker/parameter_scan/plot_accuracy.png,copy,Move parameter scan plot into parameter_scan directory.,50721
outputs/defense/real_public_benchmark/kasteren/seed_2026/ldp/comparisons/epsilon_vs_accuracy.png,outputs/figures/experiments/kasteren/seed_2026/lstm/ldp/fixed_attacker/plot_accuracy.png,copy,Move experiment diagnostic plot into figures/experiments.,50721
outputs/defense/real_public_benchmark/kasteren/seed_2026/ldp/comparisons/epsilon_vs_distortion.png,outputs/experiments/kasteren/seed_2026/lstm/ldp/fixed_attacker/parameter_scan/plot_distortion.png,copy,Move parameter scan plot into parameter_scan directory.,27583
outputs/defense/real_public_benchmark/kasteren/seed_2026/ldp/comparisons/epsilon_vs_distortion.png,outputs/figures/experiments/kasteren/seed_2026/lstm/ldp/fixed_attacker/plot_distortion.png,copy,Move experiment diagnostic plot into figures/experiments.,27583
outputs/defense/real_public_benchmark/kasteren/seed_2026/ldp/comparisons/lstm_retrain_attacker_comparison_results.csv,outputs/experiments/kasteren/seed_2026/lstm/ldp/retrain_attacker/parameter_scan/comparison_results.csv,copy,Move parameter scan CSV to matching experiment combination.,2554
generated,outputs/experiments/kasteren/seed_2026/lstm/ldp/retrain_attacker/parameter_scan/scan_summary.json,write,Write parameter scan summary.,0
generated,outputs/experiments/kasteren/seed_2026/lstm/ldp/retrain_attacker/parameter_scan/scan_trace.json,write,Write parameter scan trace.,0
outputs/defense/real_public_benchmark/kasteren/seed_2026/ldp/comparisons/lstm_retrain_attacker_ldp_accuracy.png,outputs/experiments/kasteren/seed_2026/lstm/ldp/retrain_attacker/parameter_scan/plot_accuracy.png,copy,Move parameter scan plot into parameter_scan directory.,37977
outputs/defense/real_public_benchmark/kasteren/seed_2026/ldp/comparisons/lstm_retrain_attacker_ldp_accuracy.png,outputs/figures/experiments/kasteren/seed_2026/lstm/ldp/retrain_attacker/plot_accuracy.png,copy,Move experiment diagnostic plot into figures/experiments.,37977
outputs/defense/real_public_benchmark/kasteren/seed_2026/ldp/comparisons/lstm_retrain_attacker_ldp_distortion.png,outputs/experiments/kasteren/seed_2026/lstm/ldp/retrain_attacker/parameter_scan/plot_distortion.png,copy,Move parameter scan plot into parameter_scan directory.,29981
outputs/defense/real_public_benchmark/kasteren/seed_2026/ldp/comparisons/lstm_retrain_attacker_ldp_distortion.png,outputs/figures/experiments/kasteren/seed_2026/lstm/ldp/retrain_attacker/plot_distortion.png,copy,Move experiment diagnostic plot into figures/experiments.,29981
outputs/defense/real_public_benchmark/kasteren/seed_2026/ldp/comparisons/mlp_fixed_attacker_comparison_results.csv,outputs/experiments/kasteren/seed_2026/mlp/ldp/fixed_attacker/parameter_scan/comparison_results.csv,copy,Move parameter scan CSV to matching experiment combination.,2186
generated,outputs/experiments/kasteren/seed_2026/mlp/ldp/fixed_attacker/parameter_scan/scan_summary.json,write,Write parameter scan summary.,0
generated,outputs/experiments/kasteren/seed_2026/mlp/ldp/fixed_attacker/parameter_scan/scan_trace.json,write,Write parameter scan trace.,0
outputs/defense/real_public_benchmark/kasteren/seed_2026/ldp/comparisons/mlp_fixed_attacker_ldp_accuracy.png,outputs/experiments/kasteren/seed_2026/mlp/ldp/fixed_attacker/parameter_scan/plot_accuracy.png,copy,Move parameter scan plot into parameter_scan directory.,36104
outputs/defense/real_public_benchmark/kasteren/seed_2026/ldp/comparisons/mlp_fixed_attacker_ldp_accuracy.png,outputs/figures/experiments/kasteren/seed_2026/mlp/ldp/fixed_attacker/plot_accuracy.png,copy,Move experiment diagnostic plot into figures/experiments.,36104
outputs/defense/real_public_benchmark/kasteren/seed_2026/ldp/comparisons/mlp_fixed_attacker_ldp_distortion.png,outputs/experiments/kasteren/seed_2026/mlp/ldp/fixed_attacker/parameter_scan/plot_distortion.png,copy,Move parameter scan plot into parameter_scan directory.,29981
outputs/defense/real_public_benchmark/kasteren/seed_2026/ldp/comparisons/mlp_fixed_attacker_ldp_distortion.png,outputs/figures/experiments/kasteren/seed_2026/mlp/ldp/fixed_attacker/plot_distortion.png,copy,Move experiment diagnostic plot into figures/experiments.,29981
outputs/defense/real_public_benchmark/kasteren/seed_2026/ldp/comparisons/mlp_retrain_attacker_comparison_results.csv,outputs/experiments/kasteren/seed_2026/mlp/ldp/retrain_attacker/parameter_scan/comparison_results.csv,copy,Move parameter scan CSV to matching experiment combination.,2469
generated,outputs/experiments/kasteren/seed_2026/mlp/ldp/retrain_attacker/parameter_scan/scan_summary.json,write,Write parameter scan summary.,0
generated,outputs/experiments/kasteren/seed_2026/mlp/ldp/retrain_attacker/parameter_scan/scan_trace.json,write,Write parameter scan trace.,0
outputs/defense/real_public_benchmark/kasteren/seed_2026/ldp/comparisons/mlp_retrain_attacker_ldp_accuracy.png,outputs/experiments/kasteren/seed_2026/mlp/ldp/retrain_attacker/parameter_scan/plot_accuracy.png,copy,Move parameter scan plot into parameter_scan directory.,38077
outputs/defense/real_public_benchmark/kasteren/seed_2026/ldp/comparisons/mlp_retrain_attacker_ldp_accuracy.png,outputs/figures/experiments/kasteren/seed_2026/mlp/ldp/retrain_attacker/plot_accuracy.png,copy,Move experiment diagnostic plot into figures/experiments.,38077
outputs/defense/real_public_benchmark/kasteren/seed_2026/ldp/comparisons/mlp_retrain_attacker_ldp_distortion.png,outputs/experiments/kasteren/seed_2026/mlp/ldp/retrain_attacker/parameter_scan/plot_distortion.png,copy,Move parameter scan plot into parameter_scan directory.,29981
outputs/defense/real_public_benchmark/kasteren/seed_2026/ldp/comparisons/mlp_retrain_attacker_ldp_distortion.png,outputs/figures/experiments/kasteren/seed_2026/mlp/ldp/retrain_attacker/plot_distortion.png,copy,Move experiment diagnostic plot into figures/experiments.,29981
outputs/defense/real_public_benchmark/kasteren/seed_2026/noise/comparisons/lstm_fixed_attacker_comparison_results.csv,outputs/experiments/kasteren/seed_2026/lstm/noise/fixed_attacker/parameter_scan/comparison_results.csv,copy,Move parameter scan CSV to matching experiment combination.,1571
generated,outputs/experiments/kasteren/seed_2026/lstm/noise/fixed_attacker/parameter_scan/scan_summary.json,write,Write parameter scan summary.,0
generated,outputs/experiments/kasteren/seed_2026/lstm/noise/fixed_attacker/parameter_scan/scan_trace.json,write,Write parameter scan trace.,0
outputs/defense/real_public_benchmark/kasteren/seed_2026/noise/comparisons/distortion_vs_noise.png,outputs/experiments/kasteren/seed_2026/lstm/noise/fixed_attacker/parameter_scan/plot_distortion.png,copy,Move parameter scan plot into parameter_scan directory.,57847
outputs/defense/real_public_benchmark/kasteren/seed_2026/noise/comparisons/distortion_vs_noise.png,outputs/figures/experiments/kasteren/seed_2026/lstm/noise/fixed_attacker/plot_distortion.png,copy,Move experiment diagnostic plot into figures/experiments.,57847
outputs/defense/real_public_benchmark/kasteren/seed_2026/noise/comparisons/lstm_retrain_attacker_comparison_results.csv,outputs/experiments/kasteren/seed_2026/lstm/noise/retrain_attacker/parameter_scan/comparison_results.csv,copy,Move parameter scan CSV to matching experiment combination.,2158
generated,outputs/experiments/kasteren/seed_2026/lstm/noise/retrain_attacker/parameter_scan/scan_summary.json,write,Write parameter scan summary.,0
generated,outputs/experiments/kasteren/seed_2026/lstm/noise/retrain_attacker/parameter_scan/scan_trace.json,write,Write parameter scan trace.,0
outputs/defense/real_public_benchmark/kasteren/seed_2026/noise/comparisons/lstm_retrain_attacker_noise_accuracy.png,outputs/experiments/kasteren/seed_2026/lstm/noise/retrain_attacker/parameter_scan/plot_accuracy.png,copy,Move parameter scan plot into parameter_scan directory.,38531
outputs/defense/real_public_benchmark/kasteren/seed_2026/noise/comparisons/lstm_retrain_attacker_noise_accuracy.png,outputs/figures/experiments/kasteren/seed_2026/lstm/noise/retrain_attacker/plot_accuracy.png,copy,Move experiment diagnostic plot into figures/experiments.,38531
outputs/defense/real_public_benchmark/kasteren/seed_2026/noise/comparisons/lstm_retrain_attacker_noise_distortion.png,outputs/experiments/kasteren/seed_2026/lstm/noise/retrain_attacker/parameter_scan/plot_distortion.png,copy,Move parameter scan plot into parameter_scan directory.,38406
outputs/defense/real_public_benchmark/kasteren/seed_2026/noise/comparisons/lstm_retrain_attacker_noise_distortion.png,outputs/figures/experiments/kasteren/seed_2026/lstm/noise/retrain_attacker/plot_distortion.png,copy,Move experiment diagnostic plot into figures/experiments.,38406
outputs/defense/real_public_benchmark/kasteren/seed_2026/noise/comparisons/mlp_fixed_attacker_comparison_results.csv,outputs/experiments/kasteren/seed_2026/mlp/noise/fixed_attacker/parameter_scan/comparison_results.csv,copy,Move parameter scan CSV to matching experiment combination.,1834
generated,outputs/experiments/kasteren/seed_2026/mlp/noise/fixed_attacker/parameter_scan/scan_summary.json,write,Write parameter scan summary.,0
generated,outputs/experiments/kasteren/seed_2026/mlp/noise/fixed_attacker/parameter_scan/scan_trace.json,write,Write parameter scan trace.,0
outputs/defense/real_public_benchmark/kasteren/seed_2026/noise/comparisons/mlp_fixed_attacker_noise_accuracy.png,outputs/experiments/kasteren/seed_2026/mlp/noise/fixed_attacker/parameter_scan/plot_accuracy.png,copy,Move parameter scan plot into parameter_scan directory.,47478
outputs/defense/real_public_benchmark/kasteren/seed_2026/noise/comparisons/mlp_fixed_attacker_noise_accuracy.png,outputs/figures/experiments/kasteren/seed_2026/mlp/noise/fixed_attacker/plot_accuracy.png,copy,Move experiment diagnostic plot into figures/experiments.,47478
outputs/defense/real_public_benchmark/kasteren/seed_2026/noise/comparisons/mlp_fixed_attacker_noise_distortion.png,outputs/experiments/kasteren/seed_2026/mlp/noise/fixed_attacker/parameter_scan/plot_distortion.png,copy,Move parameter scan plot into parameter_scan directory.,38406
outputs/defense/real_public_benchmark/kasteren/seed_2026/noise/comparisons/mlp_fixed_attacker_noise_distortion.png,outputs/figures/experiments/kasteren/seed_2026/mlp/noise/fixed_attacker/plot_distortion.png,copy,Move experiment diagnostic plot into figures/experiments.,38406
outputs/defense/real_public_benchmark/kasteren/seed_2026/noise/comparisons/mlp_retrain_attacker_comparison_results.csv,outputs/experiments/kasteren/seed_2026/mlp/noise/retrain_attacker/parameter_scan/comparison_results.csv,copy,Move parameter scan CSV to matching experiment combination.,2137
generated,outputs/experiments/kasteren/seed_2026/mlp/noise/retrain_attacker/parameter_scan/scan_summary.json,write,Write parameter scan summary.,0
generated,outputs/experiments/kasteren/seed_2026/mlp/noise/retrain_attacker/parameter_scan/scan_trace.json,write,Write parameter scan trace.,0
outputs/defense/real_public_benchmark/kasteren/seed_2026/noise/comparisons/mlp_retrain_attacker_noise_accuracy.png,outputs/experiments/kasteren/seed_2026/mlp/noise/retrain_attacker/parameter_scan/plot_accuracy.png,copy,Move parameter scan plot into parameter_scan directory.,43746
outputs/defense/real_public_benchmark/kasteren/seed_2026/noise/comparisons/mlp_retrain_attacker_noise_accuracy.png,outputs/figures/experiments/kasteren/seed_2026/mlp/noise/retrain_attacker/plot_accuracy.png,copy,Move experiment diagnostic plot into figures/experiments.,43746
outputs/defense/real_public_benchmark/kasteren/seed_2026/noise/comparisons/mlp_retrain_attacker_noise_distortion.png,outputs/experiments/kasteren/seed_2026/mlp/noise/retrain_attacker/parameter_scan/plot_distortion.png,copy,Move parameter scan plot into parameter_scan directory.,38406
outputs/defense/real_public_benchmark/kasteren/seed_2026/noise/comparisons/mlp_retrain_attacker_noise_distortion.png,outputs/figures/experiments/kasteren/seed_2026/mlp/noise/retrain_attacker/plot_distortion.png,copy,Move experiment diagnostic plot into figures/experiments.,38406
outputs/defense/real_public_benchmark/casas_hh101/seed_42/adaptive_ldp/comparisons/lstm_fixed_attacker_comparison_results.csv,outputs/experiments/casas_hh101/seed_42/lstm/adaptive_ldp/fixed_attacker/parameter_scan/comparison_results.csv,copy,Move parameter scan CSV to matching experiment combination.,2903
generated,outputs/experiments/casas_hh101/seed_42/lstm/adaptive_ldp/fixed_attacker/parameter_scan/scan_summary.json,write,Write parameter scan summary.,0
generated,outputs/experiments/casas_hh101/seed_42/lstm/adaptive_ldp/fixed_attacker/parameter_scan/scan_trace.json,write,Write parameter scan trace.,0
generated,outputs/experiments/casas_hh101/seed_42/lstm/adaptive_ldp/fixed_attacker/parameter_scan/profile_config.json,write,Write adaptive profile scan configuration.,0
outputs/defense/real_public_benchmark/casas_hh101/seed_42/adaptive_ldp/comparisons/lstm_fixed_attacker_adaptive_ldp_accuracy.png,outputs/experiments/casas_hh101/seed_42/lstm/adaptive_ldp/fixed_attacker/parameter_scan/plot_accuracy.png,copy,Move parameter scan plot into parameter_scan directory.,65089
outputs/defense/real_public_benchmark/casas_hh101/seed_42/adaptive_ldp/comparisons/lstm_fixed_attacker_adaptive_ldp_accuracy.png,outputs/figures/experiments/casas_hh101/seed_42/lstm/adaptive_ldp/fixed_attacker/plot_accuracy.png,copy,Move experiment diagnostic plot into figures/experiments.,65089
outputs/defense/real_public_benchmark/casas_hh101/seed_42/adaptive_ldp/comparisons/lstm_fixed_attacker_adaptive_ldp_distortion.png,outputs/experiments/casas_hh101/seed_42/lstm/adaptive_ldp/fixed_attacker/parameter_scan/plot_distortion.png,copy,Move parameter scan plot into parameter_scan directory.,59891
outputs/defense/real_public_benchmark/casas_hh101/seed_42/adaptive_ldp/comparisons/lstm_fixed_attacker_adaptive_ldp_distortion.png,outputs/figures/experiments/casas_hh101/seed_42/lstm/adaptive_ldp/fixed_attacker/plot_distortion.png,copy,Move experiment diagnostic plot into figures/experiments.,59891
outputs/defense/real_public_benchmark/casas_hh101/seed_42/adaptive_ldp/comparisons/lstm_retrain_attacker_comparison_results.csv,outputs/experiments/casas_hh101/seed_42/lstm/adaptive_ldp/retrain_attacker/parameter_scan/comparison_results.csv,copy,Move parameter scan CSV to matching experiment combination.,3497
generated,outputs/experiments/casas_hh101/seed_42/lstm/adaptive_ldp/retrain_attacker/parameter_scan/scan_summary.json,write,Write parameter scan summary.,0
generated,outputs/experiments/casas_hh101/seed_42/lstm/adaptive_ldp/retrain_attacker/parameter_scan/scan_trace.json,write,Write parameter scan trace.,0
generated,outputs/experiments/casas_hh101/seed_42/lstm/adaptive_ldp/retrain_attacker/parameter_scan/profile_config.json,write,Write adaptive profile scan configuration.,0
outputs/defense/real_public_benchmark/casas_hh101/seed_42/adaptive_ldp/comparisons/lstm_retrain_attacker_adaptive_ldp_accuracy.png,outputs/experiments/casas_hh101/seed_42/lstm/adaptive_ldp/retrain_attacker/parameter_scan/plot_accuracy.png,copy,Move parameter scan plot into parameter_scan directory.,72511
outputs/defense/real_public_benchmark/casas_hh101/seed_42/adaptive_ldp/comparisons/lstm_retrain_attacker_adaptive_ldp_accuracy.png,outputs/figures/experiments/casas_hh101/seed_42/lstm/adaptive_ldp/retrain_attacker/plot_accuracy.png,copy,Move experiment diagnostic plot into figures/experiments.,72511
outputs/defense/real_public_benchmark/casas_hh101/seed_42/adaptive_ldp/comparisons/lstm_retrain_attacker_adaptive_ldp_distortion.png,outputs/experiments/casas_hh101/seed_42/lstm/adaptive_ldp/retrain_attacker/parameter_scan/plot_distortion.png,copy,Move parameter scan plot into parameter_scan directory.,59891
outputs/defense/real_public_benchmark/casas_hh101/seed_42/adaptive_ldp/comparisons/lstm_retrain_attacker_adaptive_ldp_distortion.png,outputs/figures/experiments/casas_hh101/seed_42/lstm/adaptive_ldp/retrain_attacker/plot_distortion.png,copy,Move experiment diagnostic plot into figures/experiments.,59891
outputs/defense/real_public_benchmark/casas_hh101/seed_42/adaptive_ldp/comparisons/mlp_fixed_attacker_comparison_results.csv,outputs/experiments/casas_hh101/seed_42/mlp/adaptive_ldp/fixed_attacker/parameter_scan/comparison_results.csv,copy,Move parameter scan CSV to matching experiment combination.,2896
generated,outputs/experiments/casas_hh101/seed_42/mlp/adaptive_ldp/fixed_attacker/parameter_scan/scan_summary.json,write,Write parameter scan summary.,0
generated,outputs/experiments/casas_hh101/seed_42/mlp/adaptive_ldp/fixed_attacker/parameter_scan/scan_trace.json,write,Write parameter scan trace.,0
generated,outputs/experiments/casas_hh101/seed_42/mlp/adaptive_ldp/fixed_attacker/parameter_scan/profile_config.json,write,Write adaptive profile scan configuration.,0
outputs/defense/real_public_benchmark/casas_hh101/seed_42/adaptive_ldp/comparisons/mlp_fixed_attacker_adaptive_ldp_accuracy.png,outputs/experiments/casas_hh101/seed_42/mlp/adaptive_ldp/fixed_attacker/parameter_scan/plot_accuracy.png,copy,Move parameter scan plot into parameter_scan directory.,65425
outputs/defense/real_public_benchmark/casas_hh101/seed_42/adaptive_ldp/comparisons/mlp_fixed_attacker_adaptive_ldp_accuracy.png,outputs/figures/experiments/casas_hh101/seed_42/mlp/adaptive_ldp/fixed_attacker/plot_accuracy.png,copy,Move experiment diagnostic plot into figures/experiments.,65425
outputs/defense/real_public_benchmark/casas_hh101/seed_42/adaptive_ldp/comparisons/mlp_fixed_attacker_adaptive_ldp_distortion.png,outputs/experiments/casas_hh101/seed_42/mlp/adaptive_ldp/fixed_attacker/parameter_scan/plot_distortion.png,copy,Move parameter scan plot into parameter_scan directory.,59891
outputs/defense/real_public_benchmark/casas_hh101/seed_42/adaptive_ldp/comparisons/mlp_fixed_attacker_adaptive_ldp_distortion.png,outputs/figures/experiments/casas_hh101/seed_42/mlp/adaptive_ldp/fixed_attacker/plot_distortion.png,copy,Move experiment diagnostic plot into figures/experiments.,59891
outputs/defense/real_public_benchmark/casas_hh101/seed_42/adaptive_ldp/comparisons/mlp_retrain_attacker_comparison_results.csv,outputs/experiments/casas_hh101/seed_42/mlp/adaptive_ldp/retrain_attacker/parameter_scan/comparison_results.csv,copy,Move parameter scan CSV to matching experiment combination.,3454
generated,outputs/experiments/casas_hh101/seed_42/mlp/adaptive_ldp/retrain_attacker/parameter_scan/scan_summary.json,write,Write parameter scan summary.,0
generated,outputs/experiments/casas_hh101/seed_42/mlp/adaptive_ldp/retrain_attacker/parameter_scan/scan_trace.json,write,Write parameter scan trace.,0
generated,outputs/experiments/casas_hh101/seed_42/mlp/adaptive_ldp/retrain_attacker/parameter_scan/profile_config.json,write,Write adaptive profile scan configuration.,0
outputs/defense/real_public_benchmark/casas_hh101/seed_42/adaptive_ldp/comparisons/mlp_retrain_attacker_adaptive_ldp_accuracy.png,outputs/experiments/casas_hh101/seed_42/mlp/adaptive_ldp/retrain_attacker/parameter_scan/plot_accuracy.png,copy,Move parameter scan plot into parameter_scan directory.,67827
outputs/defense/real_public_benchmark/casas_hh101/seed_42/adaptive_ldp/comparisons/mlp_retrain_attacker_adaptive_ldp_accuracy.png,outputs/figures/experiments/casas_hh101/seed_42/mlp/adaptive_ldp/retrain_attacker/plot_accuracy.png,copy,Move experiment diagnostic plot into figures/experiments.,67827
outputs/defense/real_public_benchmark/casas_hh101/seed_42/adaptive_ldp/comparisons/mlp_retrain_attacker_adaptive_ldp_distortion.png,outputs/experiments/casas_hh101/seed_42/mlp/adaptive_ldp/retrain_attacker/parameter_scan/plot_distortion.png,copy,Move parameter scan plot into parameter_scan directory.,59891
outputs/defense/real_public_benchmark/casas_hh101/seed_42/adaptive_ldp/comparisons/mlp_retrain_attacker_adaptive_ldp_distortion.png,outputs/figures/experiments/casas_hh101/seed_42/mlp/adaptive_ldp/retrain_attacker/plot_distortion.png,copy,Move experiment diagnostic plot into figures/experiments.,59891
outputs/defense/real_public_benchmark/casas_hh101/seed_42/ldp/comparisons/lstm_fixed_attacker_comparison_results.csv,outputs/experiments/casas_hh101/seed_42/lstm/ldp/fixed_attacker/parameter_scan/comparison_results.csv,copy,Move parameter scan CSV to matching experiment combination.,1850
generated,outputs/experiments/casas_hh101/seed_42/lstm/ldp/fixed_attacker/parameter_scan/scan_summary.json,write,Write parameter scan summary.,0
generated,outputs/experiments/casas_hh101/seed_42/lstm/ldp/fixed_attacker/parameter_scan/scan_trace.json,write,Write parameter scan trace.,0
outputs/defense/real_public_benchmark/casas_hh101/seed_42/ldp/comparisons/epsilon_vs_accuracy.png,outputs/experiments/casas_hh101/seed_42/lstm/ldp/fixed_attacker/parameter_scan/plot_accuracy.png,copy,Move parameter scan plot into parameter_scan directory.,45971
outputs/defense/real_public_benchmark/casas_hh101/seed_42/ldp/comparisons/epsilon_vs_accuracy.png,outputs/figures/experiments/casas_hh101/seed_42/lstm/ldp/fixed_attacker/plot_accuracy.png,copy,Move experiment diagnostic plot into figures/experiments.,45971
outputs/defense/real_public_benchmark/casas_hh101/seed_42/ldp/comparisons/epsilon_vs_distortion.png,outputs/experiments/casas_hh101/seed_42/lstm/ldp/fixed_attacker/parameter_scan/plot_distortion.png,copy,Move parameter scan plot into parameter_scan directory.,27529
outputs/defense/real_public_benchmark/casas_hh101/seed_42/ldp/comparisons/epsilon_vs_distortion.png,outputs/figures/experiments/casas_hh101/seed_42/lstm/ldp/fixed_attacker/plot_distortion.png,copy,Move experiment diagnostic plot into figures/experiments.,27529
outputs/defense/real_public_benchmark/casas_hh101/seed_42/ldp/comparisons/lstm_retrain_attacker_comparison_results.csv,outputs/experiments/casas_hh101/seed_42/lstm/ldp/retrain_attacker/parameter_scan/comparison_results.csv,copy,Move parameter scan CSV to matching experiment combination.,2549
generated,outputs/experiments/casas_hh101/seed_42/lstm/ldp/retrain_attacker/parameter_scan/scan_summary.json,write,Write parameter scan summary.,0
generated,outputs/experiments/casas_hh101/seed_42/lstm/ldp/retrain_attacker/parameter_scan/scan_trace.json,write,Write parameter scan trace.,0
outputs/defense/real_public_benchmark/casas_hh101/seed_42/ldp/comparisons/lstm_retrain_attacker_ldp_accuracy.png,outputs/experiments/casas_hh101/seed_42/lstm/ldp/retrain_attacker/parameter_scan/plot_accuracy.png,copy,Move parameter scan plot into parameter_scan directory.,40142
outputs/defense/real_public_benchmark/casas_hh101/seed_42/ldp/comparisons/lstm_retrain_attacker_ldp_accuracy.png,outputs/figures/experiments/casas_hh101/seed_42/lstm/ldp/retrain_attacker/plot_accuracy.png,copy,Move experiment diagnostic plot into figures/experiments.,40142
outputs/defense/real_public_benchmark/casas_hh101/seed_42/ldp/comparisons/lstm_retrain_attacker_ldp_distortion.png,outputs/experiments/casas_hh101/seed_42/lstm/ldp/retrain_attacker/parameter_scan/plot_distortion.png,copy,Move parameter scan plot into parameter_scan directory.,30052
outputs/defense/real_public_benchmark/casas_hh101/seed_42/ldp/comparisons/lstm_retrain_attacker_ldp_distortion.png,outputs/figures/experiments/casas_hh101/seed_42/lstm/ldp/retrain_attacker/plot_distortion.png,copy,Move experiment diagnostic plot into figures/experiments.,30052
outputs/defense/real_public_benchmark/casas_hh101/seed_42/ldp/comparisons/mlp_fixed_attacker_comparison_results.csv,outputs/experiments/casas_hh101/seed_42/mlp/ldp/fixed_attacker/parameter_scan/comparison_results.csv,copy,Move parameter scan CSV to matching experiment combination.,2190
generated,outputs/experiments/casas_hh101/seed_42/mlp/ldp/fixed_attacker/parameter_scan/scan_summary.json,write,Write parameter scan summary.,0
generated,outputs/experiments/casas_hh101/seed_42/mlp/ldp/fixed_attacker/parameter_scan/scan_trace.json,write,Write parameter scan trace.,0
outputs/defense/real_public_benchmark/casas_hh101/seed_42/ldp/comparisons/mlp_fixed_attacker_ldp_accuracy.png,outputs/experiments/casas_hh101/seed_42/mlp/ldp/fixed_attacker/parameter_scan/plot_accuracy.png,copy,Move parameter scan plot into parameter_scan directory.,36681
outputs/defense/real_public_benchmark/casas_hh101/seed_42/ldp/comparisons/mlp_fixed_attacker_ldp_accuracy.png,outputs/figures/experiments/casas_hh101/seed_42/mlp/ldp/fixed_attacker/plot_accuracy.png,copy,Move experiment diagnostic plot into figures/experiments.,36681
outputs/defense/real_public_benchmark/casas_hh101/seed_42/ldp/comparisons/mlp_fixed_attacker_ldp_distortion.png,outputs/experiments/casas_hh101/seed_42/mlp/ldp/fixed_attacker/parameter_scan/plot_distortion.png,copy,Move parameter scan plot into parameter_scan directory.,30052
outputs/defense/real_public_benchmark/casas_hh101/seed_42/ldp/comparisons/mlp_fixed_attacker_ldp_distortion.png,outputs/figures/experiments/casas_hh101/seed_42/mlp/ldp/fixed_attacker/plot_distortion.png,copy,Move experiment diagnostic plot into figures/experiments.,30052
outputs/defense/real_public_benchmark/casas_hh101/seed_42/ldp/comparisons/mlp_retrain_attacker_comparison_results.csv,outputs/experiments/casas_hh101/seed_42/mlp/ldp/retrain_attacker/parameter_scan/comparison_results.csv,copy,Move parameter scan CSV to matching experiment combination.,2502
generated,outputs/experiments/casas_hh101/seed_42/mlp/ldp/retrain_attacker/parameter_scan/scan_summary.json,write,Write parameter scan summary.,0
generated,outputs/experiments/casas_hh101/seed_42/mlp/ldp/retrain_attacker/parameter_scan/scan_trace.json,write,Write parameter scan trace.,0
outputs/defense/real_public_benchmark/casas_hh101/seed_42/ldp/comparisons/mlp_retrain_attacker_ldp_accuracy.png,outputs/experiments/casas_hh101/seed_42/mlp/ldp/retrain_attacker/parameter_scan/plot_accuracy.png,copy,Move parameter scan plot into parameter_scan directory.,34257
outputs/defense/real_public_benchmark/casas_hh101/seed_42/ldp/comparisons/mlp_retrain_attacker_ldp_accuracy.png,outputs/figures/experiments/casas_hh101/seed_42/mlp/ldp/retrain_attacker/plot_accuracy.png,copy,Move experiment diagnostic plot into figures/experiments.,34257
outputs/defense/real_public_benchmark/casas_hh101/seed_42/ldp/comparisons/mlp_retrain_attacker_ldp_distortion.png,outputs/experiments/casas_hh101/seed_42/mlp/ldp/retrain_attacker/parameter_scan/plot_distortion.png,copy,Move parameter scan plot into parameter_scan directory.,30052
outputs/defense/real_public_benchmark/casas_hh101/seed_42/ldp/comparisons/mlp_retrain_attacker_ldp_distortion.png,outputs/figures/experiments/casas_hh101/seed_42/mlp/ldp/retrain_attacker/plot_distortion.png,copy,Move experiment diagnostic plot into figures/experiments.,30052
outputs/defense/real_public_benchmark/casas_hh101/seed_42/noise/comparisons/lstm_fixed_attacker_comparison_results.csv,outputs/experiments/casas_hh101/seed_42/lstm/noise/fixed_attacker/parameter_scan/comparison_results.csv,copy,Move parameter scan CSV to matching experiment combination.,1575
generated,outputs/experiments/casas_hh101/seed_42/lstm/noise/fixed_attacker/parameter_scan/scan_summary.json,write,Write parameter scan summary.,0
generated,outputs/experiments/casas_hh101/seed_42/lstm/noise/fixed_attacker/parameter_scan/scan_trace.json,write,Write parameter scan trace.,0
outputs/defense/real_public_benchmark/casas_hh101/seed_42/noise/comparisons/distortion_vs_noise.png,outputs/experiments/casas_hh101/seed_42/lstm/noise/fixed_attacker/parameter_scan/plot_distortion.png,copy,Move parameter scan plot into parameter_scan directory.,55490
outputs/defense/real_public_benchmark/casas_hh101/seed_42/noise/comparisons/distortion_vs_noise.png,outputs/figures/experiments/casas_hh101/seed_42/lstm/noise/fixed_attacker/plot_distortion.png,copy,Move experiment diagnostic plot into figures/experiments.,55490
outputs/defense/real_public_benchmark/casas_hh101/seed_42/noise/comparisons/lstm_retrain_attacker_comparison_results.csv,outputs/experiments/casas_hh101/seed_42/lstm/noise/retrain_attacker/parameter_scan/comparison_results.csv,copy,Move parameter scan CSV to matching experiment combination.,2166
generated,outputs/experiments/casas_hh101/seed_42/lstm/noise/retrain_attacker/parameter_scan/scan_summary.json,write,Write parameter scan summary.,0
generated,outputs/experiments/casas_hh101/seed_42/lstm/noise/retrain_attacker/parameter_scan/scan_trace.json,write,Write parameter scan trace.,0
outputs/defense/real_public_benchmark/casas_hh101/seed_42/noise/comparisons/lstm_retrain_attacker_noise_accuracy.png,outputs/experiments/casas_hh101/seed_42/lstm/noise/retrain_attacker/parameter_scan/plot_accuracy.png,copy,Move parameter scan plot into parameter_scan directory.,40733
outputs/defense/real_public_benchmark/casas_hh101/seed_42/noise/comparisons/lstm_retrain_attacker_noise_accuracy.png,outputs/figures/experiments/casas_hh101/seed_42/lstm/noise/retrain_attacker/plot_accuracy.png,copy,Move experiment diagnostic plot into figures/experiments.,40733
outputs/defense/real_public_benchmark/casas_hh101/seed_42/noise/comparisons/lstm_retrain_attacker_noise_distortion.png,outputs/experiments/casas_hh101/seed_42/lstm/noise/retrain_attacker/parameter_scan/plot_distortion.png,copy,Move parameter scan plot into parameter_scan directory.,38893
outputs/defense/real_public_benchmark/casas_hh101/seed_42/noise/comparisons/lstm_retrain_attacker_noise_distortion.png,outputs/figures/experiments/casas_hh101/seed_42/lstm/noise/retrain_attacker/plot_distortion.png,copy,Move experiment diagnostic plot into figures/experiments.,38893
outputs/defense/real_public_benchmark/casas_hh101/seed_42/noise/comparisons/mlp_fixed_attacker_comparison_results.csv,outputs/experiments/casas_hh101/seed_42/mlp/noise/fixed_attacker/parameter_scan/comparison_results.csv,copy,Move parameter scan CSV to matching experiment combination.,1850
generated,outputs/experiments/casas_hh101/seed_42/mlp/noise/fixed_attacker/parameter_scan/scan_summary.json,write,Write parameter scan summary.,0
generated,outputs/experiments/casas_hh101/seed_42/mlp/noise/fixed_attacker/parameter_scan/scan_trace.json,write,Write parameter scan trace.,0
outputs/defense/real_public_benchmark/casas_hh101/seed_42/noise/comparisons/mlp_fixed_attacker_noise_accuracy.png,outputs/experiments/casas_hh101/seed_42/mlp/noise/fixed_attacker/parameter_scan/plot_accuracy.png,copy,Move parameter scan plot into parameter_scan directory.,42001
outputs/defense/real_public_benchmark/casas_hh101/seed_42/noise/comparisons/mlp_fixed_attacker_noise_accuracy.png,outputs/figures/experiments/casas_hh101/seed_42/mlp/noise/fixed_attacker/plot_accuracy.png,copy,Move experiment diagnostic plot into figures/experiments.,42001
outputs/defense/real_public_benchmark/casas_hh101/seed_42/noise/comparisons/mlp_fixed_attacker_noise_distortion.png,outputs/experiments/casas_hh101/seed_42/mlp/noise/fixed_attacker/parameter_scan/plot_distortion.png,copy,Move parameter scan plot into parameter_scan directory.,38893
outputs/defense/real_public_benchmark/casas_hh101/seed_42/noise/comparisons/mlp_fixed_attacker_noise_distortion.png,outputs/figures/experiments/casas_hh101/seed_42/mlp/noise/fixed_attacker/plot_distortion.png,copy,Move experiment diagnostic plot into figures/experiments.,38893
outputs/defense/real_public_benchmark/casas_hh101/seed_42/noise/comparisons/mlp_retrain_attacker_comparison_results.csv,outputs/experiments/casas_hh101/seed_42/mlp/noise/retrain_attacker/parameter_scan/comparison_results.csv,copy,Move parameter scan CSV to matching experiment combination.,2148
generated,outputs/experiments/casas_hh101/seed_42/mlp/noise/retrain_attacker/parameter_scan/scan_summary.json,write,Write parameter scan summary.,0
generated,outputs/experiments/casas_hh101/seed_42/mlp/noise/retrain_attacker/parameter_scan/scan_trace.json,write,Write parameter scan trace.,0
outputs/defense/real_public_benchmark/casas_hh101/seed_42/noise/comparisons/mlp_retrain_attacker_noise_accuracy.png,outputs/experiments/casas_hh101/seed_42/mlp/noise/retrain_attacker/parameter_scan/plot_accuracy.png,copy,Move parameter scan plot into parameter_scan directory.,50874
outputs/defense/real_public_benchmark/casas_hh101/seed_42/noise/comparisons/mlp_retrain_attacker_noise_accuracy.png,outputs/figures/experiments/casas_hh101/seed_42/mlp/noise/retrain_attacker/plot_accuracy.png,copy,Move experiment diagnostic plot into figures/experiments.,50874
outputs/defense/real_public_benchmark/casas_hh101/seed_42/noise/comparisons/mlp_retrain_attacker_noise_distortion.png,outputs/experiments/casas_hh101/seed_42/mlp/noise/retrain_attacker/parameter_scan/plot_distortion.png,copy,Move parameter scan plot into parameter_scan directory.,38893
outputs/defense/real_public_benchmark/casas_hh101/seed_42/noise/comparisons/mlp_retrain_attacker_noise_distortion.png,outputs/figures/experiments/casas_hh101/seed_42/mlp/noise/retrain_attacker/plot_distortion.png,copy,Move experiment diagnostic plot into figures/experiments.,38893
outputs/defense/real_public_benchmark/casas_hh101/seed_123/adaptive_ldp/comparisons/lstm_fixed_attacker_comparison_results.csv,outputs/experiments/casas_hh101/seed_123/lstm/adaptive_ldp/fixed_attacker/parameter_scan/comparison_results.csv,copy,Move parameter scan CSV to matching experiment combination.,2924
generated,outputs/experiments/casas_hh101/seed_123/lstm/adaptive_ldp/fixed_attacker/parameter_scan/scan_summary.json,write,Write parameter scan summary.,0
generated,outputs/experiments/casas_hh101/seed_123/lstm/adaptive_ldp/fixed_attacker/parameter_scan/scan_trace.json,write,Write parameter scan trace.,0
generated,outputs/experiments/casas_hh101/seed_123/lstm/adaptive_ldp/fixed_attacker/parameter_scan/profile_config.json,write,Write adaptive profile scan configuration.,0
outputs/defense/real_public_benchmark/casas_hh101/seed_123/adaptive_ldp/comparisons/lstm_fixed_attacker_adaptive_ldp_accuracy.png,outputs/experiments/casas_hh101/seed_123/lstm/adaptive_ldp/fixed_attacker/parameter_scan/plot_accuracy.png,copy,Move parameter scan plot into parameter_scan directory.,64878
outputs/defense/real_public_benchmark/casas_hh101/seed_123/adaptive_ldp/comparisons/lstm_fixed_attacker_adaptive_ldp_accuracy.png,outputs/figures/experiments/casas_hh101/seed_123/lstm/adaptive_ldp/fixed_attacker/plot_accuracy.png,copy,Move experiment diagnostic plot into figures/experiments.,64878
outputs/defense/real_public_benchmark/casas_hh101/seed_123/adaptive_ldp/comparisons/lstm_fixed_attacker_adaptive_ldp_distortion.png,outputs/experiments/casas_hh101/seed_123/lstm/adaptive_ldp/fixed_attacker/parameter_scan/plot_distortion.png,copy,Move parameter scan plot into parameter_scan directory.,60040
outputs/defense/real_public_benchmark/casas_hh101/seed_123/adaptive_ldp/comparisons/lstm_fixed_attacker_adaptive_ldp_distortion.png,outputs/figures/experiments/casas_hh101/seed_123/lstm/adaptive_ldp/fixed_attacker/plot_distortion.png,copy,Move experiment diagnostic plot into figures/experiments.,60040
outputs/defense/real_public_benchmark/casas_hh101/seed_123/adaptive_ldp/comparisons/lstm_retrain_attacker_comparison_results.csv,outputs/experiments/casas_hh101/seed_123/lstm/adaptive_ldp/retrain_attacker/parameter_scan/comparison_results.csv,copy,Move parameter scan CSV to matching experiment combination.,3518
generated,outputs/experiments/casas_hh101/seed_123/lstm/adaptive_ldp/retrain_attacker/parameter_scan/scan_summary.json,write,Write parameter scan summary.,0
generated,outputs/experiments/casas_hh101/seed_123/lstm/adaptive_ldp/retrain_attacker/parameter_scan/scan_trace.json,write,Write parameter scan trace.,0
generated,outputs/experiments/casas_hh101/seed_123/lstm/adaptive_ldp/retrain_attacker/parameter_scan/profile_config.json,write,Write adaptive profile scan configuration.,0
outputs/defense/real_public_benchmark/casas_hh101/seed_123/adaptive_ldp/comparisons/lstm_retrain_attacker_adaptive_ldp_accuracy.png,outputs/experiments/casas_hh101/seed_123/lstm/adaptive_ldp/retrain_attacker/parameter_scan/plot_accuracy.png,copy,Move parameter scan plot into parameter_scan directory.,67298
outputs/defense/real_public_benchmark/casas_hh101/seed_123/adaptive_ldp/comparisons/lstm_retrain_attacker_adaptive_ldp_accuracy.png,outputs/figures/experiments/casas_hh101/seed_123/lstm/adaptive_ldp/retrain_attacker/plot_accuracy.png,copy,Move experiment diagnostic plot into figures/experiments.,67298
outputs/defense/real_public_benchmark/casas_hh101/seed_123/adaptive_ldp/comparisons/lstm_retrain_attacker_adaptive_ldp_distortion.png,outputs/experiments/casas_hh101/seed_123/lstm/adaptive_ldp/retrain_attacker/parameter_scan/plot_distortion.png,copy,Move parameter scan plot into parameter_scan directory.,60040
outputs/defense/real_public_benchmark/casas_hh101/seed_123/adaptive_ldp/comparisons/lstm_retrain_attacker_adaptive_ldp_distortion.png,outputs/figures/experiments/casas_hh101/seed_123/lstm/adaptive_ldp/retrain_attacker/plot_distortion.png,copy,Move experiment diagnostic plot into figures/experiments.,60040
outputs/defense/real_public_benchmark/casas_hh101/seed_123/adaptive_ldp/comparisons/mlp_fixed_attacker_comparison_results.csv,outputs/experiments/casas_hh101/seed_123/mlp/adaptive_ldp/fixed_attacker/parameter_scan/comparison_results.csv,copy,Move parameter scan CSV to matching experiment combination.,2909
generated,outputs/experiments/casas_hh101/seed_123/mlp/adaptive_ldp/fixed_attacker/parameter_scan/scan_summary.json,write,Write parameter scan summary.,0
generated,outputs/experiments/casas_hh101/seed_123/mlp/adaptive_ldp/fixed_attacker/parameter_scan/scan_trace.json,write,Write parameter scan trace.,0
generated,outputs/experiments/casas_hh101/seed_123/mlp/adaptive_ldp/fixed_attacker/parameter_scan/profile_config.json,write,Write adaptive profile scan configuration.,0
outputs/defense/real_public_benchmark/casas_hh101/seed_123/adaptive_ldp/comparisons/mlp_fixed_attacker_adaptive_ldp_accuracy.png,outputs/experiments/casas_hh101/seed_123/mlp/adaptive_ldp/fixed_attacker/parameter_scan/plot_accuracy.png,copy,Move parameter scan plot into parameter_scan directory.,68289
outputs/defense/real_public_benchmark/casas_hh101/seed_123/adaptive_ldp/comparisons/mlp_fixed_attacker_adaptive_ldp_accuracy.png,outputs/figures/experiments/casas_hh101/seed_123/mlp/adaptive_ldp/fixed_attacker/plot_accuracy.png,copy,Move experiment diagnostic plot into figures/experiments.,68289
outputs/defense/real_public_benchmark/casas_hh101/seed_123/adaptive_ldp/comparisons/mlp_fixed_attacker_adaptive_ldp_distortion.png,outputs/experiments/casas_hh101/seed_123/mlp/adaptive_ldp/fixed_attacker/parameter_scan/plot_distortion.png,copy,Move parameter scan plot into parameter_scan directory.,60040
outputs/defense/real_public_benchmark/casas_hh101/seed_123/adaptive_ldp/comparisons/mlp_fixed_attacker_adaptive_ldp_distortion.png,outputs/figures/experiments/casas_hh101/seed_123/mlp/adaptive_ldp/fixed_attacker/plot_distortion.png,copy,Move experiment diagnostic plot into figures/experiments.,60040
outputs/defense/real_public_benchmark/casas_hh101/seed_123/adaptive_ldp/comparisons/mlp_retrain_attacker_comparison_results.csv,outputs/experiments/casas_hh101/seed_123/mlp/adaptive_ldp/retrain_attacker/parameter_scan/comparison_results.csv,copy,Move parameter scan CSV to matching experiment combination.,3490
generated,outputs/experiments/casas_hh101/seed_123/mlp/adaptive_ldp/retrain_attacker/parameter_scan/scan_summary.json,write,Write parameter scan summary.,0
generated,outputs/experiments/casas_hh101/seed_123/mlp/adaptive_ldp/retrain_attacker/parameter_scan/scan_trace.json,write,Write parameter scan trace.,0
generated,outputs/experiments/casas_hh101/seed_123/mlp/adaptive_ldp/retrain_attacker/parameter_scan/profile_config.json,write,Write adaptive profile scan configuration.,0
outputs/defense/real_public_benchmark/casas_hh101/seed_123/adaptive_ldp/comparisons/mlp_retrain_attacker_adaptive_ldp_accuracy.png,outputs/experiments/casas_hh101/seed_123/mlp/adaptive_ldp/retrain_attacker/parameter_scan/plot_accuracy.png,copy,Move parameter scan plot into parameter_scan directory.,66355
outputs/defense/real_public_benchmark/casas_hh101/seed_123/adaptive_ldp/comparisons/mlp_retrain_attacker_adaptive_ldp_accuracy.png,outputs/figures/experiments/casas_hh101/seed_123/mlp/adaptive_ldp/retrain_attacker/plot_accuracy.png,copy,Move experiment diagnostic plot into figures/experiments.,66355
outputs/defense/real_public_benchmark/casas_hh101/seed_123/adaptive_ldp/comparisons/mlp_retrain_attacker_adaptive_ldp_distortion.png,outputs/experiments/casas_hh101/seed_123/mlp/adaptive_ldp/retrain_attacker/parameter_scan/plot_distortion.png,copy,Move parameter scan plot into parameter_scan directory.,60040
outputs/defense/real_public_benchmark/casas_hh101/seed_123/adaptive_ldp/comparisons/mlp_retrain_attacker_adaptive_ldp_distortion.png,outputs/figures/experiments/casas_hh101/seed_123/mlp/adaptive_ldp/retrain_attacker/plot_distortion.png,copy,Move experiment diagnostic plot into figures/experiments.,60040
outputs/defense/real_public_benchmark/casas_hh101/seed_123/ldp/comparisons/lstm_fixed_attacker_comparison_results.csv,outputs/experiments/casas_hh101/seed_123/lstm/ldp/fixed_attacker/parameter_scan/comparison_results.csv,copy,Move parameter scan CSV to matching experiment combination.,1866
generated,outputs/experiments/casas_hh101/seed_123/lstm/ldp/fixed_attacker/parameter_scan/scan_summary.json,write,Write parameter scan summary.,0
generated,outputs/experiments/casas_hh101/seed_123/lstm/ldp/fixed_attacker/parameter_scan/scan_trace.json,write,Write parameter scan trace.,0
outputs/defense/real_public_benchmark/casas_hh101/seed_123/ldp/comparisons/epsilon_vs_accuracy.png,outputs/experiments/casas_hh101/seed_123/lstm/ldp/fixed_attacker/parameter_scan/plot_accuracy.png,copy,Move parameter scan plot into parameter_scan directory.,46848
outputs/defense/real_public_benchmark/casas_hh101/seed_123/ldp/comparisons/epsilon_vs_accuracy.png,outputs/figures/experiments/casas_hh101/seed_123/lstm/ldp/fixed_attacker/plot_accuracy.png,copy,Move experiment diagnostic plot into figures/experiments.,46848
outputs/defense/real_public_benchmark/casas_hh101/seed_123/ldp/comparisons/epsilon_vs_distortion.png,outputs/experiments/casas_hh101/seed_123/lstm/ldp/fixed_attacker/parameter_scan/plot_distortion.png,copy,Move parameter scan plot into parameter_scan directory.,27523
outputs/defense/real_public_benchmark/casas_hh101/seed_123/ldp/comparisons/epsilon_vs_distortion.png,outputs/figures/experiments/casas_hh101/seed_123/lstm/ldp/fixed_attacker/plot_distortion.png,copy,Move experiment diagnostic plot into figures/experiments.,27523
outputs/defense/real_public_benchmark/casas_hh101/seed_123/ldp/comparisons/lstm_retrain_attacker_comparison_results.csv,outputs/experiments/casas_hh101/seed_123/lstm/ldp/retrain_attacker/parameter_scan/comparison_results.csv,copy,Move parameter scan CSV to matching experiment combination.,2562
generated,outputs/experiments/casas_hh101/seed_123/lstm/ldp/retrain_attacker/parameter_scan/scan_summary.json,write,Write parameter scan summary.,0
generated,outputs/experiments/casas_hh101/seed_123/lstm/ldp/retrain_attacker/parameter_scan/scan_trace.json,write,Write parameter scan trace.,0
outputs/defense/real_public_benchmark/casas_hh101/seed_123/ldp/comparisons/lstm_retrain_attacker_ldp_accuracy.png,outputs/experiments/casas_hh101/seed_123/lstm/ldp/retrain_attacker/parameter_scan/plot_accuracy.png,copy,Move parameter scan plot into parameter_scan directory.,37756
outputs/defense/real_public_benchmark/casas_hh101/seed_123/ldp/comparisons/lstm_retrain_attacker_ldp_accuracy.png,outputs/figures/experiments/casas_hh101/seed_123/lstm/ldp/retrain_attacker/plot_accuracy.png,copy,Move experiment diagnostic plot into figures/experiments.,37756
outputs/defense/real_public_benchmark/casas_hh101/seed_123/ldp/comparisons/lstm_retrain_attacker_ldp_distortion.png,outputs/experiments/casas_hh101/seed_123/lstm/ldp/retrain_attacker/parameter_scan/plot_distortion.png,copy,Move parameter scan plot into parameter_scan directory.,30052
outputs/defense/real_public_benchmark/casas_hh101/seed_123/ldp/comparisons/lstm_retrain_attacker_ldp_distortion.png,outputs/figures/experiments/casas_hh101/seed_123/lstm/ldp/retrain_attacker/plot_distortion.png,copy,Move experiment diagnostic plot into figures/experiments.,30052
outputs/defense/real_public_benchmark/casas_hh101/seed_123/ldp/comparisons/mlp_fixed_attacker_comparison_results.csv,outputs/experiments/casas_hh101/seed_123/mlp/ldp/fixed_attacker/parameter_scan/comparison_results.csv,copy,Move parameter scan CSV to matching experiment combination.,2201
generated,outputs/experiments/casas_hh101/seed_123/mlp/ldp/fixed_attacker/parameter_scan/scan_summary.json,write,Write parameter scan summary.,0
generated,outputs/experiments/casas_hh101/seed_123/mlp/ldp/fixed_attacker/parameter_scan/scan_trace.json,write,Write parameter scan trace.,0
outputs/defense/real_public_benchmark/casas_hh101/seed_123/ldp/comparisons/mlp_fixed_attacker_ldp_accuracy.png,outputs/experiments/casas_hh101/seed_123/mlp/ldp/fixed_attacker/parameter_scan/plot_accuracy.png,copy,Move parameter scan plot into parameter_scan directory.,43761
outputs/defense/real_public_benchmark/casas_hh101/seed_123/ldp/comparisons/mlp_fixed_attacker_ldp_accuracy.png,outputs/figures/experiments/casas_hh101/seed_123/mlp/ldp/fixed_attacker/plot_accuracy.png,copy,Move experiment diagnostic plot into figures/experiments.,43761
outputs/defense/real_public_benchmark/casas_hh101/seed_123/ldp/comparisons/mlp_fixed_attacker_ldp_distortion.png,outputs/experiments/casas_hh101/seed_123/mlp/ldp/fixed_attacker/parameter_scan/plot_distortion.png,copy,Move parameter scan plot into parameter_scan directory.,30052
outputs/defense/real_public_benchmark/casas_hh101/seed_123/ldp/comparisons/mlp_fixed_attacker_ldp_distortion.png,outputs/figures/experiments/casas_hh101/seed_123/mlp/ldp/fixed_attacker/plot_distortion.png,copy,Move experiment diagnostic plot into figures/experiments.,30052
outputs/defense/real_public_benchmark/casas_hh101/seed_123/ldp/comparisons/mlp_retrain_attacker_comparison_results.csv,outputs/experiments/casas_hh101/seed_123/mlp/ldp/retrain_attacker/parameter_scan/comparison_results.csv,copy,Move parameter scan CSV to matching experiment combination.,2526
generated,outputs/experiments/casas_hh101/seed_123/mlp/ldp/retrain_attacker/parameter_scan/scan_summary.json,write,Write parameter scan summary.,0
generated,outputs/experiments/casas_hh101/seed_123/mlp/ldp/retrain_attacker/parameter_scan/scan_trace.json,write,Write parameter scan trace.,0
outputs/defense/real_public_benchmark/casas_hh101/seed_123/ldp/comparisons/mlp_retrain_attacker_ldp_accuracy.png,outputs/experiments/casas_hh101/seed_123/mlp/ldp/retrain_attacker/parameter_scan/plot_accuracy.png,copy,Move parameter scan plot into parameter_scan directory.,35564
outputs/defense/real_public_benchmark/casas_hh101/seed_123/ldp/comparisons/mlp_retrain_attacker_ldp_accuracy.png,outputs/figures/experiments/casas_hh101/seed_123/mlp/ldp/retrain_attacker/plot_accuracy.png,copy,Move experiment diagnostic plot into figures/experiments.,35564
outputs/defense/real_public_benchmark/casas_hh101/seed_123/ldp/comparisons/mlp_retrain_attacker_ldp_distortion.png,outputs/experiments/casas_hh101/seed_123/mlp/ldp/retrain_attacker/parameter_scan/plot_distortion.png,copy,Move parameter scan plot into parameter_scan directory.,30052
outputs/defense/real_public_benchmark/casas_hh101/seed_123/ldp/comparisons/mlp_retrain_attacker_ldp_distortion.png,outputs/figures/experiments/casas_hh101/seed_123/mlp/ldp/retrain_attacker/plot_distortion.png,copy,Move experiment diagnostic plot into figures/experiments.,30052
outputs/defense/real_public_benchmark/casas_hh101/seed_123/noise/comparisons/lstm_fixed_attacker_comparison_results.csv,outputs/experiments/casas_hh101/seed_123/lstm/noise/fixed_attacker/parameter_scan/comparison_results.csv,copy,Move parameter scan CSV to matching experiment combination.,1572
generated,outputs/experiments/casas_hh101/seed_123/lstm/noise/fixed_attacker/parameter_scan/scan_summary.json,write,Write parameter scan summary.,0
generated,outputs/experiments/casas_hh101/seed_123/lstm/noise/fixed_attacker/parameter_scan/scan_trace.json,write,Write parameter scan trace.,0
outputs/defense/real_public_benchmark/casas_hh101/seed_123/noise/comparisons/distortion_vs_noise.png,outputs/experiments/casas_hh101/seed_123/lstm/noise/fixed_attacker/parameter_scan/plot_distortion.png,copy,Move parameter scan plot into parameter_scan directory.,54568
outputs/defense/real_public_benchmark/casas_hh101/seed_123/noise/comparisons/distortion_vs_noise.png,outputs/figures/experiments/casas_hh101/seed_123/lstm/noise/fixed_attacker/plot_distortion.png,copy,Move experiment diagnostic plot into figures/experiments.,54568
outputs/defense/real_public_benchmark/casas_hh101/seed_123/noise/comparisons/lstm_retrain_attacker_comparison_results.csv,outputs/experiments/casas_hh101/seed_123/lstm/noise/retrain_attacker/parameter_scan/comparison_results.csv,copy,Move parameter scan CSV to matching experiment combination.,2166
generated,outputs/experiments/casas_hh101/seed_123/lstm/noise/retrain_attacker/parameter_scan/scan_summary.json,write,Write parameter scan summary.,0
generated,outputs/experiments/casas_hh101/seed_123/lstm/noise/retrain_attacker/parameter_scan/scan_trace.json,write,Write parameter scan trace.,0
outputs/defense/real_public_benchmark/casas_hh101/seed_123/noise/comparisons/lstm_retrain_attacker_noise_accuracy.png,outputs/experiments/casas_hh101/seed_123/lstm/noise/retrain_attacker/parameter_scan/plot_accuracy.png,copy,Move parameter scan plot into parameter_scan directory.,42741
outputs/defense/real_public_benchmark/casas_hh101/seed_123/noise/comparisons/lstm_retrain_attacker_noise_accuracy.png,outputs/figures/experiments/casas_hh101/seed_123/lstm/noise/retrain_attacker/plot_accuracy.png,copy,Move experiment diagnostic plot into figures/experiments.,42741
outputs/defense/real_public_benchmark/casas_hh101/seed_123/noise/comparisons/lstm_retrain_attacker_noise_distortion.png,outputs/experiments/casas_hh101/seed_123/lstm/noise/retrain_attacker/parameter_scan/plot_distortion.png,copy,Move parameter scan plot into parameter_scan directory.,38950
outputs/defense/real_public_benchmark/casas_hh101/seed_123/noise/comparisons/lstm_retrain_attacker_noise_distortion.png,outputs/figures/experiments/casas_hh101/seed_123/lstm/noise/retrain_attacker/plot_distortion.png,copy,Move experiment diagnostic plot into figures/experiments.,38950
outputs/defense/real_public_benchmark/casas_hh101/seed_123/noise/comparisons/mlp_fixed_attacker_comparison_results.csv,outputs/experiments/casas_hh101/seed_123/mlp/noise/fixed_attacker/parameter_scan/comparison_results.csv,copy,Move parameter scan CSV to matching experiment combination.,1851
generated,outputs/experiments/casas_hh101/seed_123/mlp/noise/fixed_attacker/parameter_scan/scan_summary.json,write,Write parameter scan summary.,0
generated,outputs/experiments/casas_hh101/seed_123/mlp/noise/fixed_attacker/parameter_scan/scan_trace.json,write,Write parameter scan trace.,0
outputs/defense/real_public_benchmark/casas_hh101/seed_123/noise/comparisons/mlp_fixed_attacker_noise_accuracy.png,outputs/experiments/casas_hh101/seed_123/mlp/noise/fixed_attacker/parameter_scan/plot_accuracy.png,copy,Move parameter scan plot into parameter_scan directory.,40323
outputs/defense/real_public_benchmark/casas_hh101/seed_123/noise/comparisons/mlp_fixed_attacker_noise_accuracy.png,outputs/figures/experiments/casas_hh101/seed_123/mlp/noise/fixed_attacker/plot_accuracy.png,copy,Move experiment diagnostic plot into figures/experiments.,40323
outputs/defense/real_public_benchmark/casas_hh101/seed_123/noise/comparisons/mlp_fixed_attacker_noise_distortion.png,outputs/experiments/casas_hh101/seed_123/mlp/noise/fixed_attacker/parameter_scan/plot_distortion.png,copy,Move parameter scan plot into parameter_scan directory.,38950
outputs/defense/real_public_benchmark/casas_hh101/seed_123/noise/comparisons/mlp_fixed_attacker_noise_distortion.png,outputs/figures/experiments/casas_hh101/seed_123/mlp/noise/fixed_attacker/plot_distortion.png,copy,Move experiment diagnostic plot into figures/experiments.,38950
outputs/defense/real_public_benchmark/casas_hh101/seed_123/noise/comparisons/mlp_retrain_attacker_comparison_results.csv,outputs/experiments/casas_hh101/seed_123/mlp/noise/retrain_attacker/parameter_scan/comparison_results.csv,copy,Move parameter scan CSV to matching experiment combination.,2158
generated,outputs/experiments/casas_hh101/seed_123/mlp/noise/retrain_attacker/parameter_scan/scan_summary.json,write,Write parameter scan summary.,0
generated,outputs/experiments/casas_hh101/seed_123/mlp/noise/retrain_attacker/parameter_scan/scan_trace.json,write,Write parameter scan trace.,0
outputs/defense/real_public_benchmark/casas_hh101/seed_123/noise/comparisons/mlp_retrain_attacker_noise_accuracy.png,outputs/experiments/casas_hh101/seed_123/mlp/noise/retrain_attacker/parameter_scan/plot_accuracy.png,copy,Move parameter scan plot into parameter_scan directory.,43492
outputs/defense/real_public_benchmark/casas_hh101/seed_123/noise/comparisons/mlp_retrain_attacker_noise_accuracy.png,outputs/figures/experiments/casas_hh101/seed_123/mlp/noise/retrain_attacker/plot_accuracy.png,copy,Move experiment diagnostic plot into figures/experiments.,43492
outputs/defense/real_public_benchmark/casas_hh101/seed_123/noise/comparisons/mlp_retrain_attacker_noise_distortion.png,outputs/experiments/casas_hh101/seed_123/mlp/noise/retrain_attacker/parameter_scan/plot_distortion.png,copy,Move parameter scan plot into parameter_scan directory.,38950
outputs/defense/real_public_benchmark/casas_hh101/seed_123/noise/comparisons/mlp_retrain_attacker_noise_distortion.png,outputs/figures/experiments/casas_hh101/seed_123/mlp/noise/retrain_attacker/plot_distortion.png,copy,Move experiment diagnostic plot into figures/experiments.,38950
outputs/defense/real_public_benchmark/casas_hh101/seed_2026/adaptive_ldp/comparisons/lstm_fixed_attacker_comparison_results.csv,outputs/experiments/casas_hh101/seed_2026/lstm/adaptive_ldp/fixed_attacker/parameter_scan/comparison_results.csv,copy,Move parameter scan CSV to matching experiment combination.,2941
generated,outputs/experiments/casas_hh101/seed_2026/lstm/adaptive_ldp/fixed_attacker/parameter_scan/scan_summary.json,write,Write parameter scan summary.,0
generated,outputs/experiments/casas_hh101/seed_2026/lstm/adaptive_ldp/fixed_attacker/parameter_scan/scan_trace.json,write,Write parameter scan trace.,0
generated,outputs/experiments/casas_hh101/seed_2026/lstm/adaptive_ldp/fixed_attacker/parameter_scan/profile_config.json,write,Write adaptive profile scan configuration.,0
outputs/defense/real_public_benchmark/casas_hh101/seed_2026/adaptive_ldp/comparisons/lstm_fixed_attacker_adaptive_ldp_accuracy.png,outputs/experiments/casas_hh101/seed_2026/lstm/adaptive_ldp/fixed_attacker/parameter_scan/plot_accuracy.png,copy,Move parameter scan plot into parameter_scan directory.,61962
outputs/defense/real_public_benchmark/casas_hh101/seed_2026/adaptive_ldp/comparisons/lstm_fixed_attacker_adaptive_ldp_accuracy.png,outputs/figures/experiments/casas_hh101/seed_2026/lstm/adaptive_ldp/fixed_attacker/plot_accuracy.png,copy,Move experiment diagnostic plot into figures/experiments.,61962
outputs/defense/real_public_benchmark/casas_hh101/seed_2026/adaptive_ldp/comparisons/lstm_fixed_attacker_adaptive_ldp_distortion.png,outputs/experiments/casas_hh101/seed_2026/lstm/adaptive_ldp/fixed_attacker/parameter_scan/plot_distortion.png,copy,Move parameter scan plot into parameter_scan directory.,60019
outputs/defense/real_public_benchmark/casas_hh101/seed_2026/adaptive_ldp/comparisons/lstm_fixed_attacker_adaptive_ldp_distortion.png,outputs/figures/experiments/casas_hh101/seed_2026/lstm/adaptive_ldp/fixed_attacker/plot_distortion.png,copy,Move experiment diagnostic plot into figures/experiments.,60019
outputs/defense/real_public_benchmark/casas_hh101/seed_2026/adaptive_ldp/comparisons/lstm_retrain_attacker_comparison_results.csv,outputs/experiments/casas_hh101/seed_2026/lstm/adaptive_ldp/retrain_attacker/parameter_scan/comparison_results.csv,copy,Move parameter scan CSV to matching experiment combination.,3533
generated,outputs/experiments/casas_hh101/seed_2026/lstm/adaptive_ldp/retrain_attacker/parameter_scan/scan_summary.json,write,Write parameter scan summary.,0
generated,outputs/experiments/casas_hh101/seed_2026/lstm/adaptive_ldp/retrain_attacker/parameter_scan/scan_trace.json,write,Write parameter scan trace.,0
generated,outputs/experiments/casas_hh101/seed_2026/lstm/adaptive_ldp/retrain_attacker/parameter_scan/profile_config.json,write,Write adaptive profile scan configuration.,0
outputs/defense/real_public_benchmark/casas_hh101/seed_2026/adaptive_ldp/comparisons/lstm_retrain_attacker_adaptive_ldp_accuracy.png,outputs/experiments/casas_hh101/seed_2026/lstm/adaptive_ldp/retrain_attacker/parameter_scan/plot_accuracy.png,copy,Move parameter scan plot into parameter_scan directory.,67204
outputs/defense/real_public_benchmark/casas_hh101/seed_2026/adaptive_ldp/comparisons/lstm_retrain_attacker_adaptive_ldp_accuracy.png,outputs/figures/experiments/casas_hh101/seed_2026/lstm/adaptive_ldp/retrain_attacker/plot_accuracy.png,copy,Move experiment diagnostic plot into figures/experiments.,67204
outputs/defense/real_public_benchmark/casas_hh101/seed_2026/adaptive_ldp/comparisons/lstm_retrain_attacker_adaptive_ldp_distortion.png,outputs/experiments/casas_hh101/seed_2026/lstm/adaptive_ldp/retrain_attacker/parameter_scan/plot_distortion.png,copy,Move parameter scan plot into parameter_scan directory.,60019
outputs/defense/real_public_benchmark/casas_hh101/seed_2026/adaptive_ldp/comparisons/lstm_retrain_attacker_adaptive_ldp_distortion.png,outputs/figures/experiments/casas_hh101/seed_2026/lstm/adaptive_ldp/retrain_attacker/plot_distortion.png,copy,Move experiment diagnostic plot into figures/experiments.,60019
outputs/defense/real_public_benchmark/casas_hh101/seed_2026/adaptive_ldp/comparisons/mlp_fixed_attacker_comparison_results.csv,outputs/experiments/casas_hh101/seed_2026/mlp/adaptive_ldp/fixed_attacker/parameter_scan/comparison_results.csv,copy,Move parameter scan CSV to matching experiment combination.,2933
generated,outputs/experiments/casas_hh101/seed_2026/mlp/adaptive_ldp/fixed_attacker/parameter_scan/scan_summary.json,write,Write parameter scan summary.,0
generated,outputs/experiments/casas_hh101/seed_2026/mlp/adaptive_ldp/fixed_attacker/parameter_scan/scan_trace.json,write,Write parameter scan trace.,0
generated,outputs/experiments/casas_hh101/seed_2026/mlp/adaptive_ldp/fixed_attacker/parameter_scan/profile_config.json,write,Write adaptive profile scan configuration.,0
outputs/defense/real_public_benchmark/casas_hh101/seed_2026/adaptive_ldp/comparisons/mlp_fixed_attacker_adaptive_ldp_accuracy.png,outputs/experiments/casas_hh101/seed_2026/mlp/adaptive_ldp/fixed_attacker/parameter_scan/plot_accuracy.png,copy,Move parameter scan plot into parameter_scan directory.,66589
outputs/defense/real_public_benchmark/casas_hh101/seed_2026/adaptive_ldp/comparisons/mlp_fixed_attacker_adaptive_ldp_accuracy.png,outputs/figures/experiments/casas_hh101/seed_2026/mlp/adaptive_ldp/fixed_attacker/plot_accuracy.png,copy,Move experiment diagnostic plot into figures/experiments.,66589
outputs/defense/real_public_benchmark/casas_hh101/seed_2026/adaptive_ldp/comparisons/mlp_fixed_attacker_adaptive_ldp_distortion.png,outputs/experiments/casas_hh101/seed_2026/mlp/adaptive_ldp/fixed_attacker/parameter_scan/plot_distortion.png,copy,Move parameter scan plot into parameter_scan directory.,60019
outputs/defense/real_public_benchmark/casas_hh101/seed_2026/adaptive_ldp/comparisons/mlp_fixed_attacker_adaptive_ldp_distortion.png,outputs/figures/experiments/casas_hh101/seed_2026/mlp/adaptive_ldp/fixed_attacker/plot_distortion.png,copy,Move experiment diagnostic plot into figures/experiments.,60019
outputs/defense/real_public_benchmark/casas_hh101/seed_2026/adaptive_ldp/comparisons/mlp_retrain_attacker_comparison_results.csv,outputs/experiments/casas_hh101/seed_2026/mlp/adaptive_ldp/retrain_attacker/parameter_scan/comparison_results.csv,copy,Move parameter scan CSV to matching experiment combination.,3516
generated,outputs/experiments/casas_hh101/seed_2026/mlp/adaptive_ldp/retrain_attacker/parameter_scan/scan_summary.json,write,Write parameter scan summary.,0
generated,outputs/experiments/casas_hh101/seed_2026/mlp/adaptive_ldp/retrain_attacker/parameter_scan/scan_trace.json,write,Write parameter scan trace.,0
generated,outputs/experiments/casas_hh101/seed_2026/mlp/adaptive_ldp/retrain_attacker/parameter_scan/profile_config.json,write,Write adaptive profile scan configuration.,0
outputs/defense/real_public_benchmark/casas_hh101/seed_2026/adaptive_ldp/comparisons/mlp_retrain_attacker_adaptive_ldp_accuracy.png,outputs/experiments/casas_hh101/seed_2026/mlp/adaptive_ldp/retrain_attacker/parameter_scan/plot_accuracy.png,copy,Move parameter scan plot into parameter_scan directory.,63105
outputs/defense/real_public_benchmark/casas_hh101/seed_2026/adaptive_ldp/comparisons/mlp_retrain_attacker_adaptive_ldp_accuracy.png,outputs/figures/experiments/casas_hh101/seed_2026/mlp/adaptive_ldp/retrain_attacker/plot_accuracy.png,copy,Move experiment diagnostic plot into figures/experiments.,63105
outputs/defense/real_public_benchmark/casas_hh101/seed_2026/adaptive_ldp/comparisons/mlp_retrain_attacker_adaptive_ldp_distortion.png,outputs/experiments/casas_hh101/seed_2026/mlp/adaptive_ldp/retrain_attacker/parameter_scan/plot_distortion.png,copy,Move parameter scan plot into parameter_scan directory.,60019
outputs/defense/real_public_benchmark/casas_hh101/seed_2026/adaptive_ldp/comparisons/mlp_retrain_attacker_adaptive_ldp_distortion.png,outputs/figures/experiments/casas_hh101/seed_2026/mlp/adaptive_ldp/retrain_attacker/plot_distortion.png,copy,Move experiment diagnostic plot into figures/experiments.,60019
outputs/defense/real_public_benchmark/casas_hh101/seed_2026/ldp/comparisons/lstm_fixed_attacker_comparison_results.csv,outputs/experiments/casas_hh101/seed_2026/lstm/ldp/fixed_attacker/parameter_scan/comparison_results.csv,copy,Move parameter scan CSV to matching experiment combination.,1872
generated,outputs/experiments/casas_hh101/seed_2026/lstm/ldp/fixed_attacker/parameter_scan/scan_summary.json,write,Write parameter scan summary.,0
generated,outputs/experiments/casas_hh101/seed_2026/lstm/ldp/fixed_attacker/parameter_scan/scan_trace.json,write,Write parameter scan trace.,0
outputs/defense/real_public_benchmark/casas_hh101/seed_2026/ldp/comparisons/epsilon_vs_accuracy.png,outputs/experiments/casas_hh101/seed_2026/lstm/ldp/fixed_attacker/parameter_scan/plot_accuracy.png,copy,Move parameter scan plot into parameter_scan directory.,45510
outputs/defense/real_public_benchmark/casas_hh101/seed_2026/ldp/comparisons/epsilon_vs_accuracy.png,outputs/figures/experiments/casas_hh101/seed_2026/lstm/ldp/fixed_attacker/plot_accuracy.png,copy,Move experiment diagnostic plot into figures/experiments.,45510
outputs/defense/real_public_benchmark/casas_hh101/seed_2026/ldp/comparisons/epsilon_vs_distortion.png,outputs/experiments/casas_hh101/seed_2026/lstm/ldp/fixed_attacker/parameter_scan/plot_distortion.png,copy,Move parameter scan plot into parameter_scan directory.,27529
outputs/defense/real_public_benchmark/casas_hh101/seed_2026/ldp/comparisons/epsilon_vs_distortion.png,outputs/figures/experiments/casas_hh101/seed_2026/lstm/ldp/fixed_attacker/plot_distortion.png,copy,Move experiment diagnostic plot into figures/experiments.,27529
outputs/defense/real_public_benchmark/casas_hh101/seed_2026/ldp/comparisons/lstm_retrain_attacker_comparison_results.csv,outputs/experiments/casas_hh101/seed_2026/lstm/ldp/retrain_attacker/parameter_scan/comparison_results.csv,copy,Move parameter scan CSV to matching experiment combination.,2580
generated,outputs/experiments/casas_hh101/seed_2026/lstm/ldp/retrain_attacker/parameter_scan/scan_summary.json,write,Write parameter scan summary.,0
generated,outputs/experiments/casas_hh101/seed_2026/lstm/ldp/retrain_attacker/parameter_scan/scan_trace.json,write,Write parameter scan trace.,0
outputs/defense/real_public_benchmark/casas_hh101/seed_2026/ldp/comparisons/lstm_retrain_attacker_ldp_accuracy.png,outputs/experiments/casas_hh101/seed_2026/lstm/ldp/retrain_attacker/parameter_scan/plot_accuracy.png,copy,Move parameter scan plot into parameter_scan directory.,42391
outputs/defense/real_public_benchmark/casas_hh101/seed_2026/ldp/comparisons/lstm_retrain_attacker_ldp_accuracy.png,outputs/figures/experiments/casas_hh101/seed_2026/lstm/ldp/retrain_attacker/plot_accuracy.png,copy,Move experiment diagnostic plot into figures/experiments.,42391
outputs/defense/real_public_benchmark/casas_hh101/seed_2026/ldp/comparisons/lstm_retrain_attacker_ldp_distortion.png,outputs/experiments/casas_hh101/seed_2026/lstm/ldp/retrain_attacker/parameter_scan/plot_distortion.png,copy,Move parameter scan plot into parameter_scan directory.,30052
outputs/defense/real_public_benchmark/casas_hh101/seed_2026/ldp/comparisons/lstm_retrain_attacker_ldp_distortion.png,outputs/figures/experiments/casas_hh101/seed_2026/lstm/ldp/retrain_attacker/plot_distortion.png,copy,Move experiment diagnostic plot into figures/experiments.,30052
outputs/defense/real_public_benchmark/casas_hh101/seed_2026/ldp/comparisons/mlp_fixed_attacker_comparison_results.csv,outputs/experiments/casas_hh101/seed_2026/mlp/ldp/fixed_attacker/parameter_scan/comparison_results.csv,copy,Move parameter scan CSV to matching experiment combination.,2225
generated,outputs/experiments/casas_hh101/seed_2026/mlp/ldp/fixed_attacker/parameter_scan/scan_summary.json,write,Write parameter scan summary.,0
generated,outputs/experiments/casas_hh101/seed_2026/mlp/ldp/fixed_attacker/parameter_scan/scan_trace.json,write,Write parameter scan trace.,0
outputs/defense/real_public_benchmark/casas_hh101/seed_2026/ldp/comparisons/mlp_fixed_attacker_ldp_accuracy.png,outputs/experiments/casas_hh101/seed_2026/mlp/ldp/fixed_attacker/parameter_scan/plot_accuracy.png,copy,Move parameter scan plot into parameter_scan directory.,36605
outputs/defense/real_public_benchmark/casas_hh101/seed_2026/ldp/comparisons/mlp_fixed_attacker_ldp_accuracy.png,outputs/figures/experiments/casas_hh101/seed_2026/mlp/ldp/fixed_attacker/plot_accuracy.png,copy,Move experiment diagnostic plot into figures/experiments.,36605
outputs/defense/real_public_benchmark/casas_hh101/seed_2026/ldp/comparisons/mlp_fixed_attacker_ldp_distortion.png,outputs/experiments/casas_hh101/seed_2026/mlp/ldp/fixed_attacker/parameter_scan/plot_distortion.png,copy,Move parameter scan plot into parameter_scan directory.,30052
outputs/defense/real_public_benchmark/casas_hh101/seed_2026/ldp/comparisons/mlp_fixed_attacker_ldp_distortion.png,outputs/figures/experiments/casas_hh101/seed_2026/mlp/ldp/fixed_attacker/plot_distortion.png,copy,Move experiment diagnostic plot into figures/experiments.,30052
outputs/defense/real_public_benchmark/casas_hh101/seed_2026/ldp/comparisons/mlp_retrain_attacker_comparison_results.csv,outputs/experiments/casas_hh101/seed_2026/mlp/ldp/retrain_attacker/parameter_scan/comparison_results.csv,copy,Move parameter scan CSV to matching experiment combination.,2533
generated,outputs/experiments/casas_hh101/seed_2026/mlp/ldp/retrain_attacker/parameter_scan/scan_summary.json,write,Write parameter scan summary.,0
generated,outputs/experiments/casas_hh101/seed_2026/mlp/ldp/retrain_attacker/parameter_scan/scan_trace.json,write,Write parameter scan trace.,0
outputs/defense/real_public_benchmark/casas_hh101/seed_2026/ldp/comparisons/mlp_retrain_attacker_ldp_accuracy.png,outputs/experiments/casas_hh101/seed_2026/mlp/ldp/retrain_attacker/parameter_scan/plot_accuracy.png,copy,Move parameter scan plot into parameter_scan directory.,34363
outputs/defense/real_public_benchmark/casas_hh101/seed_2026/ldp/comparisons/mlp_retrain_attacker_ldp_accuracy.png,outputs/figures/experiments/casas_hh101/seed_2026/mlp/ldp/retrain_attacker/plot_accuracy.png,copy,Move experiment diagnostic plot into figures/experiments.,34363
outputs/defense/real_public_benchmark/casas_hh101/seed_2026/ldp/comparisons/mlp_retrain_attacker_ldp_distortion.png,outputs/experiments/casas_hh101/seed_2026/mlp/ldp/retrain_attacker/parameter_scan/plot_distortion.png,copy,Move parameter scan plot into parameter_scan directory.,30052
outputs/defense/real_public_benchmark/casas_hh101/seed_2026/ldp/comparisons/mlp_retrain_attacker_ldp_distortion.png,outputs/figures/experiments/casas_hh101/seed_2026/mlp/ldp/retrain_attacker/plot_distortion.png,copy,Move experiment diagnostic plot into figures/experiments.,30052
outputs/defense/real_public_benchmark/casas_hh101/seed_2026/noise/comparisons/lstm_fixed_attacker_comparison_results.csv,outputs/experiments/casas_hh101/seed_2026/lstm/noise/fixed_attacker/parameter_scan/comparison_results.csv,copy,Move parameter scan CSV to matching experiment combination.,1586
generated,outputs/experiments/casas_hh101/seed_2026/lstm/noise/fixed_attacker/parameter_scan/scan_summary.json,write,Write parameter scan summary.,0
generated,outputs/experiments/casas_hh101/seed_2026/lstm/noise/fixed_attacker/parameter_scan/scan_trace.json,write,Write parameter scan trace.,0
outputs/defense/real_public_benchmark/casas_hh101/seed_2026/noise/comparisons/distortion_vs_noise.png,outputs/experiments/casas_hh101/seed_2026/lstm/noise/fixed_attacker/parameter_scan/plot_distortion.png,copy,Move parameter scan plot into parameter_scan directory.,56152
outputs/defense/real_public_benchmark/casas_hh101/seed_2026/noise/comparisons/distortion_vs_noise.png,outputs/figures/experiments/casas_hh101/seed_2026/lstm/noise/fixed_attacker/plot_distortion.png,copy,Move experiment diagnostic plot into figures/experiments.,56152
outputs/defense/real_public_benchmark/casas_hh101/seed_2026/noise/comparisons/lstm_retrain_attacker_comparison_results.csv,outputs/experiments/casas_hh101/seed_2026/lstm/noise/retrain_attacker/parameter_scan/comparison_results.csv,copy,Move parameter scan CSV to matching experiment combination.,2188
generated,outputs/experiments/casas_hh101/seed_2026/lstm/noise/retrain_attacker/parameter_scan/scan_summary.json,write,Write parameter scan summary.,0
generated,outputs/experiments/casas_hh101/seed_2026/lstm/noise/retrain_attacker/parameter_scan/scan_trace.json,write,Write parameter scan trace.,0
outputs/defense/real_public_benchmark/casas_hh101/seed_2026/noise/comparisons/lstm_retrain_attacker_noise_accuracy.png,outputs/experiments/casas_hh101/seed_2026/lstm/noise/retrain_attacker/parameter_scan/plot_accuracy.png,copy,Move parameter scan plot into parameter_scan directory.,44810
outputs/defense/real_public_benchmark/casas_hh101/seed_2026/noise/comparisons/lstm_retrain_attacker_noise_accuracy.png,outputs/figures/experiments/casas_hh101/seed_2026/lstm/noise/retrain_attacker/plot_accuracy.png,copy,Move experiment diagnostic plot into figures/experiments.,44810
outputs/defense/real_public_benchmark/casas_hh101/seed_2026/noise/comparisons/lstm_retrain_attacker_noise_distortion.png,outputs/experiments/casas_hh101/seed_2026/lstm/noise/retrain_attacker/parameter_scan/plot_distortion.png,copy,Move parameter scan plot into parameter_scan directory.,38950
outputs/defense/real_public_benchmark/casas_hh101/seed_2026/noise/comparisons/lstm_retrain_attacker_noise_distortion.png,outputs/figures/experiments/casas_hh101/seed_2026/lstm/noise/retrain_attacker/plot_distortion.png,copy,Move experiment diagnostic plot into figures/experiments.,38950
outputs/defense/real_public_benchmark/casas_hh101/seed_2026/noise/comparisons/mlp_fixed_attacker_comparison_results.csv,outputs/experiments/casas_hh101/seed_2026/mlp/noise/fixed_attacker/parameter_scan/comparison_results.csv,copy,Move parameter scan CSV to matching experiment combination.,1874
generated,outputs/experiments/casas_hh101/seed_2026/mlp/noise/fixed_attacker/parameter_scan/scan_summary.json,write,Write parameter scan summary.,0
generated,outputs/experiments/casas_hh101/seed_2026/mlp/noise/fixed_attacker/parameter_scan/scan_trace.json,write,Write parameter scan trace.,0
outputs/defense/real_public_benchmark/casas_hh101/seed_2026/noise/comparisons/mlp_fixed_attacker_noise_accuracy.png,outputs/experiments/casas_hh101/seed_2026/mlp/noise/fixed_attacker/parameter_scan/plot_accuracy.png,copy,Move parameter scan plot into parameter_scan directory.,30453
outputs/defense/real_public_benchmark/casas_hh101/seed_2026/noise/comparisons/mlp_fixed_attacker_noise_accuracy.png,outputs/figures/experiments/casas_hh101/seed_2026/mlp/noise/fixed_attacker/plot_accuracy.png,copy,Move experiment diagnostic plot into figures/experiments.,30453
outputs/defense/real_public_benchmark/casas_hh101/seed_2026/noise/comparisons/mlp_fixed_attacker_noise_distortion.png,outputs/experiments/casas_hh101/seed_2026/mlp/noise/fixed_attacker/parameter_scan/plot_distortion.png,copy,Move parameter scan plot into parameter_scan directory.,38950
outputs/defense/real_public_benchmark/casas_hh101/seed_2026/noise/comparisons/mlp_fixed_attacker_noise_distortion.png,outputs/figures/experiments/casas_hh101/seed_2026/mlp/noise/fixed_attacker/plot_distortion.png,copy,Move experiment diagnostic plot into figures/experiments.,38950
outputs/defense/real_public_benchmark/casas_hh101/seed_2026/noise/comparisons/mlp_retrain_attacker_comparison_results.csv,outputs/experiments/casas_hh101/seed_2026/mlp/noise/retrain_attacker/parameter_scan/comparison_results.csv,copy,Move parameter scan CSV to matching experiment combination.,2169
generated,outputs/experiments/casas_hh101/seed_2026/mlp/noise/retrain_attacker/parameter_scan/scan_summary.json,write,Write parameter scan summary.,0
generated,outputs/experiments/casas_hh101/seed_2026/mlp/noise/retrain_attacker/parameter_scan/scan_trace.json,write,Write parameter scan trace.,0
outputs/defense/real_public_benchmark/casas_hh101/seed_2026/noise/comparisons/mlp_retrain_attacker_noise_accuracy.png,outputs/experiments/casas_hh101/seed_2026/mlp/noise/retrain_attacker/parameter_scan/plot_accuracy.png,copy,Move parameter scan plot into parameter_scan directory.,47625
outputs/defense/real_public_benchmark/casas_hh101/seed_2026/noise/comparisons/mlp_retrain_attacker_noise_accuracy.png,outputs/figures/experiments/casas_hh101/seed_2026/mlp/noise/retrain_attacker/plot_accuracy.png,copy,Move experiment diagnostic plot into figures/experiments.,47625
outputs/defense/real_public_benchmark/casas_hh101/seed_2026/noise/comparisons/mlp_retrain_attacker_noise_distortion.png,outputs/experiments/casas_hh101/seed_2026/mlp/noise/retrain_attacker/parameter_scan/plot_distortion.png,copy,Move parameter scan plot into parameter_scan directory.,38950
outputs/defense/real_public_benchmark/casas_hh101/seed_2026/noise/comparisons/mlp_retrain_attacker_noise_distortion.png,outputs/figures/experiments/casas_hh101/seed_2026/mlp/noise/retrain_attacker/plot_distortion.png,copy,Move experiment diagnostic plot into figures/experiments.,38950
outputs/defense/final_thesis/cooja/eval/defense_eval_report.json,outputs/experiments/cooja/eval/defense_eval_report.json,copy,Move Cooja evaluation report into canonical experiments tree.,44165
generated,outputs/experiments/cooja/seed_42/random_forest/dummy_noise/fixed_attacker/metrics.json,write,Write Cooja per-seed metrics from existing summary.,0
generated,outputs/experiments/cooja/seed_42/random_forest/dummy_noise/fixed_attacker/source_manifest.json,write,Write Cooja source manifest without fabricating unavailable metrics.,0
generated,outputs/experiments/cooja/seed_42/random_forest/dummy_noise/retrain_attacker/metrics.json,write,Write Cooja per-seed metrics from existing summary.,0
generated,outputs/experiments/cooja/seed_42/random_forest/dummy_noise/retrain_attacker/source_manifest.json,write,Write Cooja source manifest without fabricating unavailable metrics.,0
generated,outputs/experiments/cooja/seed_123/random_forest/dummy_noise/fixed_attacker/metrics.json,write,Write Cooja per-seed metrics from existing summary.,0
generated,outputs/experiments/cooja/seed_123/random_forest/dummy_noise/fixed_attacker/source_manifest.json,write,Write Cooja source manifest without fabricating unavailable metrics.,0
generated,outputs/experiments/cooja/seed_123/random_forest/dummy_noise/retrain_attacker/metrics.json,write,Write Cooja per-seed metrics from existing summary.,0
generated,outputs/experiments/cooja/seed_123/random_forest/dummy_noise/retrain_attacker/source_manifest.json,write,Write Cooja source manifest without fabricating unavailable metrics.,0
generated,outputs/experiments/cooja/seed_2026/random_forest/dummy_noise/fixed_attacker/metrics.json,write,Write Cooja per-seed metrics from existing summary.,0
generated,outputs/experiments/cooja/seed_2026/random_forest/dummy_noise/fixed_attacker/source_manifest.json,write,Write Cooja source manifest without fabricating unavailable metrics.,0
generated,outputs/experiments/cooja/seed_2026/random_forest/dummy_noise/retrain_attacker/metrics.json,write,Write Cooja per-seed metrics from existing summary.,0
generated,outputs/experiments/cooja/seed_2026/random_forest/dummy_noise/retrain_attacker/source_manifest.json,write,Write Cooja source manifest without fabricating unavailable metrics.,0
generated,outputs/experiments/cooja/seed_42/random_forest/dummy_ldp/fixed_attacker/metrics.json,write,Write Cooja per-seed metrics from existing summary.,0
generated,outputs/experiments/cooja/seed_42/random_forest/dummy_ldp/fixed_attacker/source_manifest.json,write,Write Cooja source manifest without fabricating unavailable metrics.,0
generated,outputs/experiments/cooja/seed_42/random_forest/dummy_ldp/retrain_attacker/metrics.json,write,Write Cooja per-seed metrics from existing summary.,0
generated,outputs/experiments/cooja/seed_42/random_forest/dummy_ldp/retrain_attacker/source_manifest.json,write,Write Cooja source manifest without fabricating unavailable metrics.,0
generated,outputs/experiments/cooja/seed_123/random_forest/dummy_ldp/fixed_attacker/metrics.json,write,Write Cooja per-seed metrics from existing summary.,0
generated,outputs/experiments/cooja/seed_123/random_forest/dummy_ldp/fixed_attacker/source_manifest.json,write,Write Cooja source manifest without fabricating unavailable metrics.,0
generated,outputs/experiments/cooja/seed_123/random_forest/dummy_ldp/retrain_attacker/metrics.json,write,Write Cooja per-seed metrics from existing summary.,0
generated,outputs/experiments/cooja/seed_123/random_forest/dummy_ldp/retrain_attacker/source_manifest.json,write,Write Cooja source manifest without fabricating unavailable metrics.,0
generated,outputs/experiments/cooja/seed_2026/random_forest/dummy_ldp/fixed_attacker/metrics.json,write,Write Cooja per-seed metrics from existing summary.,0
generated,outputs/experiments/cooja/seed_2026/random_forest/dummy_ldp/fixed_attacker/source_manifest.json,write,Write Cooja source manifest without fabricating unavailable metrics.,0
generated,outputs/experiments/cooja/seed_2026/random_forest/dummy_ldp/retrain_attacker/metrics.json,write,Write Cooja per-seed metrics from existing summary.,0
generated,outputs/experiments/cooja/seed_2026/random_forest/dummy_ldp/retrain_attacker/source_manifest.json,write,Write Cooja source manifest without fabricating unavailable metrics.,0
generated,outputs/experiments/cooja/seed_42/random_forest/dummy_adaptive_ldp/fixed_attacker/metrics.json,write,Write Cooja per-seed metrics from existing summary.,0
generated,outputs/experiments/cooja/seed_42/random_forest/dummy_adaptive_ldp/fixed_attacker/source_manifest.json,write,Write Cooja source manifest without fabricating unavailable metrics.,0
generated,outputs/experiments/cooja/seed_42/random_forest/dummy_adaptive_ldp/retrain_attacker/metrics.json,write,Write Cooja per-seed metrics from existing summary.,0
generated,outputs/experiments/cooja/seed_42/random_forest/dummy_adaptive_ldp/retrain_attacker/source_manifest.json,write,Write Cooja source manifest without fabricating unavailable metrics.,0
generated,outputs/experiments/cooja/seed_123/random_forest/dummy_adaptive_ldp/fixed_attacker/metrics.json,write,Write Cooja per-seed metrics from existing summary.,0
generated,outputs/experiments/cooja/seed_123/random_forest/dummy_adaptive_ldp/fixed_attacker/source_manifest.json,write,Write Cooja source manifest without fabricating unavailable metrics.,0
generated,outputs/experiments/cooja/seed_123/random_forest/dummy_adaptive_ldp/retrain_attacker/metrics.json,write,Write Cooja per-seed metrics from existing summary.,0
generated,outputs/experiments/cooja/seed_123/random_forest/dummy_adaptive_ldp/retrain_attacker/source_manifest.json,write,Write Cooja source manifest without fabricating unavailable metrics.,0
generated,outputs/experiments/cooja/seed_2026/random_forest/dummy_adaptive_ldp/fixed_attacker/metrics.json,write,Write Cooja per-seed metrics from existing summary.,0
generated,outputs/experiments/cooja/seed_2026/random_forest/dummy_adaptive_ldp/fixed_attacker/source_manifest.json,write,Write Cooja source manifest without fabricating unavailable metrics.,0
generated,outputs/experiments/cooja/seed_2026/random_forest/dummy_adaptive_ldp/retrain_attacker/metrics.json,write,Write Cooja per-seed metrics from existing summary.,0
generated,outputs/experiments/cooja/seed_2026/random_forest/dummy_adaptive_ldp/retrain_attacker/source_manifest.json,write,Write Cooja source manifest without fabricating unavailable metrics.,0
data/processed/full_multiseed/seed_42/meta.json,data/processed/mock/seed_42/meta.json,move,Move mock processed data by dataset/seed.,494
data/processed/full_multiseed/seed_42/mlp_features.npz,data/processed/mock/seed_42/mlp_features.npz,move,Move mock processed data by dataset/seed.,114926
data/processed/full_multiseed/seed_42/sequences.npz,data/processed/mock/seed_42/sequences.npz,move,Move mock processed data by dataset/seed.,159237
data/defended/full_multiseed/seed_42/adaptive_ldp/defended_mlp_features.npz,data/defended/mock/seed_42/adaptive_ldp/defended_mlp_features.npz,move,Move mock defended data by dataset/seed/method.,475955
data/defended/full_multiseed/seed_42/adaptive_ldp/defended_sequences.npz,data/defended/mock/seed_42/adaptive_ldp/defended_sequences.npz,move,Move mock defended data by dataset/seed/method.,884313
data/defended/full_multiseed/seed_42/adaptive_ldp/defended_test.npz,data/defended/mock/seed_42/adaptive_ldp/defended_test.npz,move,Move mock defended data by dataset/seed/method.,132964
data/defended/full_multiseed/seed_42/adaptive_ldp/defended_train.npz,data/defended/mock/seed_42/adaptive_ldp/defended_train.npz,move,Move mock defended data by dataset/seed/method.,618664
data/defended/full_multiseed/seed_42/adaptive_ldp/defended_val.npz,data/defended/mock/seed_42/adaptive_ldp/defended_val.npz,move,Move mock defended data by dataset/seed/method.,132669
data/defended/full_multiseed/seed_42/adaptive_ldp/defense_artifact.json,data/defended/mock/seed_42/adaptive_ldp/defense_artifact.json,move,Move mock defended data by dataset/seed/method.,974
data/defended/full_multiseed/seed_42/adaptive_ldp/defense_summary.json,data/defended/mock/seed_42/adaptive_ldp/defense_summary.json,move,Move mock defended data by dataset/seed/method.,1309
data/defended/full_multiseed/seed_42/ldp/defended_mlp_features.npz,data/defended/mock/seed_42/ldp/defended_mlp_features.npz,move,Move mock defended data by dataset/seed/method.,477743
data/defended/full_multiseed/seed_42/ldp/defended_sequences.npz,data/defended/mock/seed_42/ldp/defended_sequences.npz,move,Move mock defended data by dataset/seed/method.,903471
data/defended/full_multiseed/seed_42/ldp/defended_test.npz,data/defended/mock/seed_42/ldp/defended_test.npz,move,Move mock defended data by dataset/seed/method.,135846
data/defended/full_multiseed/seed_42/ldp/defended_train.npz,data/defended/mock/seed_42/ldp/defended_train.npz,move,Move mock defended data by dataset/seed/method.,632149
data/defended/full_multiseed/seed_42/ldp/defended_val.npz,data/defended/mock/seed_42/ldp/defended_val.npz,move,Move mock defended data by dataset/seed/method.,135460
data/defended/full_multiseed/seed_42/ldp/defense_artifact.json,data/defended/mock/seed_42/ldp/defense_artifact.json,move,Move mock defended data by dataset/seed/method.,649
data/defended/full_multiseed/seed_42/ldp/defense_summary.json,data/defended/mock/seed_42/ldp/defense_summary.json,move,Move mock defended data by dataset/seed/method.,1282
data/defended/full_multiseed/seed_42/noise/defended_mlp_features.npz,data/defended/mock/seed_42/noise/defended_mlp_features.npz,move,Move mock defended data by dataset/seed/method.,566413
data/defended/full_multiseed/seed_42/noise/defended_sequences.npz,data/defended/mock/seed_42/noise/defended_sequences.npz,move,Move mock defended data by dataset/seed/method.,1443126
data/defended/full_multiseed/seed_42/noise/defended_test.npz,data/defended/mock/seed_42/noise/defended_test.npz,move,Move mock defended data by dataset/seed/method.,217107
data/defended/full_multiseed/seed_42/noise/defended_train.npz,data/defended/mock/seed_42/noise/defended_train.npz,move,Move mock defended data by dataset/seed/method.,1009339
data/defended/full_multiseed/seed_42/noise/defended_val.npz,data/defended/mock/seed_42/noise/defended_val.npz,move,Move mock defended data by dataset/seed/method.,216664
data/defended/full_multiseed/seed_42/noise/defense_artifact.json,data/defended/mock/seed_42/noise/defense_artifact.json,move,Move mock defended data by dataset/seed/method.,653
data/defended/full_multiseed/seed_42/noise/defense_summary.json,data/defended/mock/seed_42/noise/defense_summary.json,move,Move mock defended data by dataset/seed/method.,1288
data/processed/full_multiseed/seed_123/meta.json,data/processed/mock/seed_123/meta.json,move,Move mock processed data by dataset/seed.,494
data/processed/full_multiseed/seed_123/mlp_features.npz,data/processed/mock/seed_123/mlp_features.npz,move,Move mock processed data by dataset/seed.,114693
data/processed/full_multiseed/seed_123/sequences.npz,data/processed/mock/seed_123/sequences.npz,move,Move mock processed data by dataset/seed.,156674
data/defended/full_multiseed/seed_123/adaptive_ldp/defended_mlp_features.npz,data/defended/mock/seed_123/adaptive_ldp/defended_mlp_features.npz,move,Move mock defended data by dataset/seed/method.,475656
data/defended/full_multiseed/seed_123/adaptive_ldp/defended_sequences.npz,data/defended/mock/seed_123/adaptive_ldp/defended_sequences.npz,move,Move mock defended data by dataset/seed/method.,883373
data/defended/full_multiseed/seed_123/adaptive_ldp/defended_test.npz,data/defended/mock/seed_123/adaptive_ldp/defended_test.npz,move,Move mock defended data by dataset/seed/method.,132883
data/defended/full_multiseed/seed_123/adaptive_ldp/defended_train.npz,data/defended/mock/seed_123/adaptive_ldp/defended_train.npz,move,Move mock defended data by dataset/seed/method.,617918
data/defended/full_multiseed/seed_123/adaptive_ldp/defended_val.npz,data/defended/mock/seed_123/adaptive_ldp/defended_val.npz,move,Move mock defended data by dataset/seed/method.,132556
data/defended/full_multiseed/seed_123/adaptive_ldp/defense_artifact.json,data/defended/mock/seed_123/adaptive_ldp/defense_artifact.json,move,Move mock defended data by dataset/seed/method.,975
data/defended/full_multiseed/seed_123/adaptive_ldp/defense_summary.json,data/defended/mock/seed_123/adaptive_ldp/defense_summary.json,move,Move mock defended data by dataset/seed/method.,1311
data/defended/full_multiseed/seed_123/ldp/defended_mlp_features.npz,data/defended/mock/seed_123/ldp/defended_mlp_features.npz,move,Move mock defended data by dataset/seed/method.,477973
data/defended/full_multiseed/seed_123/ldp/defended_sequences.npz,data/defended/mock/seed_123/ldp/defended_sequences.npz,move,Move mock defended data by dataset/seed/method.,903026
data/defended/full_multiseed/seed_123/ldp/defended_test.npz,data/defended/mock/seed_123/ldp/defended_test.npz,move,Move mock defended data by dataset/seed/method.,135881
data/defended/full_multiseed/seed_123/ldp/defended_train.npz,data/defended/mock/seed_123/ldp/defended_train.npz,move,Move mock defended data by dataset/seed/method.,631428
data/defended/full_multiseed/seed_123/ldp/defended_val.npz,data/defended/mock/seed_123/ldp/defended_val.npz,move,Move mock defended data by dataset/seed/method.,135701
data/defended/full_multiseed/seed_123/ldp/defense_artifact.json,data/defended/mock/seed_123/ldp/defense_artifact.json,move,Move mock defended data by dataset/seed/method.,650
data/defended/full_multiseed/seed_123/ldp/defense_summary.json,data/defended/mock/seed_123/ldp/defense_summary.json,move,Move mock defended data by dataset/seed/method.,1283
data/defended/full_multiseed/seed_123/noise/defended_mlp_features.npz,data/defended/mock/seed_123/noise/defended_mlp_features.npz,move,Move mock defended data by dataset/seed/method.,566634
data/defended/full_multiseed/seed_123/noise/defended_sequences.npz,data/defended/mock/seed_123/noise/defended_sequences.npz,move,Move mock defended data by dataset/seed/method.,1443598
data/defended/full_multiseed/seed_123/noise/defended_test.npz,data/defended/mock/seed_123/noise/defended_test.npz,move,Move mock defended data by dataset/seed/method.,217099
data/defended/full_multiseed/seed_123/noise/defended_train.npz,data/defended/mock/seed_123/noise/defended_train.npz,move,Move mock defended data by dataset/seed/method.,1009798
data/defended/full_multiseed/seed_123/noise/defended_val.npz,data/defended/mock/seed_123/noise/defended_val.npz,move,Move mock defended data by dataset/seed/method.,216685
data/defended/full_multiseed/seed_123/noise/defense_artifact.json,data/defended/mock/seed_123/noise/defense_artifact.json,move,Move mock defended data by dataset/seed/method.,654
data/defended/full_multiseed/seed_123/noise/defense_summary.json,data/defended/mock/seed_123/noise/defense_summary.json,move,Move mock defended data by dataset/seed/method.,1290
data/processed/full_multiseed/seed_2026/meta.json,data/processed/mock/seed_2026/meta.json,move,Move mock processed data by dataset/seed.,494
data/processed/full_multiseed/seed_2026/mlp_features.npz,data/processed/mock/seed_2026/mlp_features.npz,move,Move mock processed data by dataset/seed.,114662
data/processed/full_multiseed/seed_2026/sequences.npz,data/processed/mock/seed_2026/sequences.npz,move,Move mock processed data by dataset/seed.,157362
data/defended/full_multiseed/seed_2026/adaptive_ldp/defended_mlp_features.npz,data/defended/mock/seed_2026/adaptive_ldp/defended_mlp_features.npz,move,Move mock defended data by dataset/seed/method.,475711
data/defended/full_multiseed/seed_2026/adaptive_ldp/defended_sequences.npz,data/defended/mock/seed_2026/adaptive_ldp/defended_sequences.npz,move,Move mock defended data by dataset/seed/method.,881364
data/defended/full_multiseed/seed_2026/adaptive_ldp/defended_test.npz,data/defended/mock/seed_2026/adaptive_ldp/defended_test.npz,move,Move mock defended data by dataset/seed/method.,133061
data/defended/full_multiseed/seed_2026/adaptive_ldp/defended_train.npz,data/defended/mock/seed_2026/adaptive_ldp/defended_train.npz,move,Move mock defended data by dataset/seed/method.,615521
data/defended/full_multiseed/seed_2026/adaptive_ldp/defended_val.npz,data/defended/mock/seed_2026/adaptive_ldp/defended_val.npz,move,Move mock defended data by dataset/seed/method.,132766
data/defended/full_multiseed/seed_2026/adaptive_ldp/defense_artifact.json,data/defended/mock/seed_2026/adaptive_ldp/defense_artifact.json,move,Move mock defended data by dataset/seed/method.,976
data/defended/full_multiseed/seed_2026/adaptive_ldp/defense_summary.json,data/defended/mock/seed_2026/adaptive_ldp/defense_summary.json,move,Move mock defended data by dataset/seed/method.,1312
data/defended/full_multiseed/seed_2026/ldp/defended_mlp_features.npz,data/defended/mock/seed_2026/ldp/defended_mlp_features.npz,move,Move mock defended data by dataset/seed/method.,477530
data/defended/full_multiseed/seed_2026/ldp/defended_sequences.npz,data/defended/mock/seed_2026/ldp/defended_sequences.npz,move,Move mock defended data by dataset/seed/method.,899918
data/defended/full_multiseed/seed_2026/ldp/defended_test.npz,data/defended/mock/seed_2026/ldp/defended_test.npz,move,Move mock defended data by dataset/seed/method.,136422
data/defended/full_multiseed/seed_2026/ldp/defended_train.npz,data/defended/mock/seed_2026/ldp/defended_train.npz,move,Move mock defended data by dataset/seed/method.,627936
data/defended/full_multiseed/seed_2026/ldp/defended_val.npz,data/defended/mock/seed_2026/ldp/defended_val.npz,move,Move mock defended data by dataset/seed/method.,135544
data/defended/full_multiseed/seed_2026/ldp/defense_artifact.json,data/defended/mock/seed_2026/ldp/defense_artifact.json,move,Move mock defended data by dataset/seed/method.,651
data/defended/full_multiseed/seed_2026/ldp/defense_summary.json,data/defended/mock/seed_2026/ldp/defense_summary.json,move,Move mock defended data by dataset/seed/method.,1286
data/defended/full_multiseed/seed_2026/noise/defended_mlp_features.npz,data/defended/mock/seed_2026/noise/defended_mlp_features.npz,move,Move mock defended data by dataset/seed/method.,566410
data/defended/full_multiseed/seed_2026/noise/defended_sequences.npz,data/defended/mock/seed_2026/noise/defended_sequences.npz,move,Move mock defended data by dataset/seed/method.,1443388
data/defended/full_multiseed/seed_2026/noise/defended_test.npz,data/defended/mock/seed_2026/noise/defended_test.npz,move,Move mock defended data by dataset/seed/method.,217077
data/defended/full_multiseed/seed_2026/noise/defended_train.npz,data/defended/mock/seed_2026/noise/defended_train.npz,move,Move mock defended data by dataset/seed/method.,1009627
data/defended/full_multiseed/seed_2026/noise/defended_val.npz,data/defended/mock/seed_2026/noise/defended_val.npz,move,Move mock defended data by dataset/seed/method.,216668
data/defended/full_multiseed/seed_2026/noise/defense_artifact.json,data/defended/mock/seed_2026/noise/defense_artifact.json,move,Move mock defended data by dataset/seed/method.,655
data/defended/full_multiseed/seed_2026/noise/defense_summary.json,data/defended/mock/seed_2026/noise/defense_summary.json,move,Move mock defended data by dataset/seed/method.,1287
data/processed/real_public_benchmark/uci_har/seed_42/meta.json,data/processed/uci_har/seed_42/meta.json,move,Move real processed data by dataset/seed.,686
data/processed/real_public_benchmark/uci_har/seed_42/mlp_features.npz,data/processed/uci_har/seed_42/mlp_features.npz,move,Move real processed data by dataset/seed.,1653691
data/processed/real_public_benchmark/uci_har/seed_42/sequences.npz,data/processed/uci_har/seed_42/sequences.npz,move,Move real processed data by dataset/seed.,38955278
data/defended/real_public_benchmark/uci_har/seed_42/adaptive_ldp/defended_mlp_features.npz,data/defended/uci_har/seed_42/adaptive_ldp/defended_mlp_features.npz,move,Move real defended data by dataset/seed/method.,1453430
data/defended/real_public_benchmark/uci_har/seed_42/adaptive_ldp/defended_sequences.npz,data/defended/uci_har/seed_42/adaptive_ldp/defended_sequences.npz,move,Move real defended data by dataset/seed/method.,27937084
data/defended/real_public_benchmark/uci_har/seed_42/adaptive_ldp/defended_test.npz,data/defended/uci_har/seed_42/adaptive_ldp/defended_test.npz,move,Move real defended data by dataset/seed/method.,7953331
data/defended/real_public_benchmark/uci_har/seed_42/adaptive_ldp/defended_train.npz,data/defended/uci_har/seed_42/adaptive_ldp/defended_train.npz,move,Move real defended data by dataset/seed/method.,15980333
data/defended/real_public_benchmark/uci_har/seed_42/adaptive_ldp/defended_val.npz,data/defended/uci_har/seed_42/adaptive_ldp/defended_val.npz,move,Move real defended data by dataset/seed/method.,4003404
data/defended/real_public_benchmark/uci_har/seed_42/adaptive_ldp/defense_artifact.json,data/defended/uci_har/seed_42/adaptive_ldp/defense_artifact.json,move,Move real defended data by dataset/seed/method.,977
data/defended/real_public_benchmark/uci_har/seed_42/adaptive_ldp/defense_summary.json,data/defended/uci_har/seed_42/adaptive_ldp/defense_summary.json,move,Move real defended data by dataset/seed/method.,1333
data/defended/real_public_benchmark/uci_har/seed_42/ldp/defended_mlp_features.npz,data/defended/uci_har/seed_42/ldp/defended_mlp_features.npz,move,Move real defended data by dataset/seed/method.,1471050
data/defended/real_public_benchmark/uci_har/seed_42/ldp/defended_sequences.npz,data/defended/uci_har/seed_42/ldp/defended_sequences.npz,move,Move real defended data by dataset/seed/method.,27865858
data/defended/real_public_benchmark/uci_har/seed_42/ldp/defended_test.npz,data/defended/uci_har/seed_42/ldp/defended_test.npz,move,Move real defended data by dataset/seed/method.,7956187
data/defended/real_public_benchmark/uci_har/seed_42/ldp/defended_train.npz,data/defended/uci_har/seed_42/ldp/defended_train.npz,move,Move real defended data by dataset/seed/method.,15922272
data/defended/real_public_benchmark/uci_har/seed_42/ldp/defended_val.npz,data/defended/uci_har/seed_42/ldp/defended_val.npz,move,Move real defended data by dataset/seed/method.,3987383
data/defended/real_public_benchmark/uci_har/seed_42/ldp/defense_artifact.json,data/defended/uci_har/seed_42/ldp/defense_artifact.json,move,Move real defended data by dataset/seed/method.,652
data/defended/real_public_benchmark/uci_har/seed_42/ldp/defense_summary.json,data/defended/uci_har/seed_42/ldp/defense_summary.json,move,Move real defended data by dataset/seed/method.,1307
data/defended/real_public_benchmark/uci_har/seed_42/noise/defended_mlp_features.npz,data/defended/uci_har/seed_42/noise/defended_mlp_features.npz,move,Move real defended data by dataset/seed/method.,1655804
data/defended/real_public_benchmark/uci_har/seed_42/noise/defended_sequences.npz,data/defended/uci_har/seed_42/noise/defended_sequences.npz,move,Move real defended data by dataset/seed/method.,44182020
data/defended/real_public_benchmark/uci_har/seed_42/noise/defended_test.npz,data/defended/uci_har/seed_42/noise/defended_test.npz,move,Move real defended data by dataset/seed/method.,12640927
data/defended/real_public_benchmark/uci_har/seed_42/noise/defended_train.npz,data/defended/uci_har/seed_42/noise/defended_train.npz,move,Move real defended data by dataset/seed/method.,25229757
data/defended/real_public_benchmark/uci_har/seed_42/noise/defended_val.npz,data/defended/uci_har/seed_42/noise/defended_val.npz,move,Move real defended data by dataset/seed/method.,6311320
data/defended/real_public_benchmark/uci_har/seed_42/noise/defense_artifact.json,data/defended/uci_har/seed_42/noise/defense_artifact.json,move,Move real defended data by dataset/seed/method.,656
data/defended/real_public_benchmark/uci_har/seed_42/noise/defense_summary.json,data/defended/uci_har/seed_42/noise/defense_summary.json,move,Move real defended data by dataset/seed/method.,1309
data/processed/real_public_benchmark/uci_har/seed_123/meta.json,data/processed/uci_har/seed_123/meta.json,move,Move real processed data by dataset/seed.,686
data/processed/real_public_benchmark/uci_har/seed_123/mlp_features.npz,data/processed/uci_har/seed_123/mlp_features.npz,move,Move real processed data by dataset/seed.,1654295
data/processed/real_public_benchmark/uci_har/seed_123/sequences.npz,data/processed/uci_har/seed_123/sequences.npz,move,Move real processed data by dataset/seed.,38934710
data/defended/real_public_benchmark/uci_har/seed_123/adaptive_ldp/defended_mlp_features.npz,data/defended/uci_har/seed_123/adaptive_ldp/defended_mlp_features.npz,move,Move real defended data by dataset/seed/method.,1453098
data/defended/real_public_benchmark/uci_har/seed_123/adaptive_ldp/defended_sequences.npz,data/defended/uci_har/seed_123/adaptive_ldp/defended_sequences.npz,move,Move real defended data by dataset/seed/method.,27949347
data/defended/real_public_benchmark/uci_har/seed_123/adaptive_ldp/defended_test.npz,data/defended/uci_har/seed_123/adaptive_ldp/defended_test.npz,move,Move real defended data by dataset/seed/method.,7958579
data/defended/real_public_benchmark/uci_har/seed_123/adaptive_ldp/defended_train.npz,data/defended/uci_har/seed_123/adaptive_ldp/defended_train.npz,move,Move real defended data by dataset/seed/method.,15985912
data/defended/real_public_benchmark/uci_har/seed_123/adaptive_ldp/defended_val.npz,data/defended/uci_har/seed_123/adaptive_ldp/defended_val.npz,move,Move real defended data by dataset/seed/method.,4004840
data/defended/real_public_benchmark/uci_har/seed_123/adaptive_ldp/defense_artifact.json,data/defended/uci_har/seed_123/adaptive_ldp/defense_artifact.json,move,Move real defended data by dataset/seed/method.,978
data/defended/real_public_benchmark/uci_har/seed_123/adaptive_ldp/defense_summary.json,data/defended/uci_har/seed_123/adaptive_ldp/defense_summary.json,move,Move real defended data by dataset/seed/method.,1332
data/defended/real_public_benchmark/uci_har/seed_123/ldp/defended_mlp_features.npz,data/defended/uci_har/seed_123/ldp/defended_mlp_features.npz,move,Move real defended data by dataset/seed/method.,1471019
data/defended/real_public_benchmark/uci_har/seed_123/ldp/defended_sequences.npz,data/defended/uci_har/seed_123/ldp/defended_sequences.npz,move,Move real defended data by dataset/seed/method.,27869166
data/defended/real_public_benchmark/uci_har/seed_123/ldp/defended_test.npz,data/defended/uci_har/seed_123/ldp/defended_test.npz,move,Move real defended data by dataset/seed/method.,7957530
data/defended/real_public_benchmark/uci_har/seed_123/ldp/defended_train.npz,data/defended/uci_har/seed_123/ldp/defended_train.npz,move,Move real defended data by dataset/seed/method.,15921779
data/defended/real_public_benchmark/uci_har/seed_123/ldp/defended_val.npz,data/defended/uci_har/seed_123/ldp/defended_val.npz,move,Move real defended data by dataset/seed/method.,3989841
data/defended/real_public_benchmark/uci_har/seed_123/ldp/defense_artifact.json,data/defended/uci_har/seed_123/ldp/defense_artifact.json,move,Move real defended data by dataset/seed/method.,653
data/defended/real_public_benchmark/uci_har/seed_123/ldp/defense_summary.json,data/defended/uci_har/seed_123/ldp/defense_summary.json,move,Move real defended data by dataset/seed/method.,1307
data/defended/real_public_benchmark/uci_har/seed_123/noise/defended_mlp_features.npz,data/defended/uci_har/seed_123/noise/defended_mlp_features.npz,move,Move real defended data by dataset/seed/method.,1655835
data/defended/real_public_benchmark/uci_har/seed_123/noise/defended_sequences.npz,data/defended/uci_har/seed_123/noise/defended_sequences.npz,move,Move real defended data by dataset/seed/method.,44183739
data/defended/real_public_benchmark/uci_har/seed_123/noise/defended_test.npz,data/defended/uci_har/seed_123/noise/defended_test.npz,move,Move real defended data by dataset/seed/method.,12641497
data/defended/real_public_benchmark/uci_har/seed_123/noise/defended_train.npz,data/defended/uci_har/seed_123/noise/defended_train.npz,move,Move real defended data by dataset/seed/method.,25230663
data/defended/real_public_benchmark/uci_har/seed_123/noise/defended_val.npz,data/defended/uci_har/seed_123/noise/defended_val.npz,move,Move real defended data by dataset/seed/method.,6311563
data/defended/real_public_benchmark/uci_har/seed_123/noise/defense_artifact.json,data/defended/uci_har/seed_123/noise/defense_artifact.json,move,Move real defended data by dataset/seed/method.,657
data/defended/real_public_benchmark/uci_har/seed_123/noise/defense_summary.json,data/defended/uci_har/seed_123/noise/defense_summary.json,move,Move real defended data by dataset/seed/method.,1312
data/processed/real_public_benchmark/uci_har/seed_2026/meta.json,data/processed/uci_har/seed_2026/meta.json,move,Move real processed data by dataset/seed.,686
data/processed/real_public_benchmark/uci_har/seed_2026/mlp_features.npz,data/processed/uci_har/seed_2026/mlp_features.npz,move,Move real processed data by dataset/seed.,1653999
data/processed/real_public_benchmark/uci_har/seed_2026/sequences.npz,data/processed/uci_har/seed_2026/sequences.npz,move,Move real processed data by dataset/seed.,38933506
data/defended/real_public_benchmark/uci_har/seed_2026/adaptive_ldp/defended_mlp_features.npz,data/defended/uci_har/seed_2026/adaptive_ldp/defended_mlp_features.npz,move,Move real defended data by dataset/seed/method.,1453062
data/defended/real_public_benchmark/uci_har/seed_2026/adaptive_ldp/defended_sequences.npz,data/defended/uci_har/seed_2026/adaptive_ldp/defended_sequences.npz,move,Move real defended data by dataset/seed/method.,27949494
data/defended/real_public_benchmark/uci_har/seed_2026/adaptive_ldp/defended_test.npz,data/defended/uci_har/seed_2026/adaptive_ldp/defended_test.npz,move,Move real defended data by dataset/seed/method.,7957306
data/defended/real_public_benchmark/uci_har/seed_2026/adaptive_ldp/defended_train.npz,data/defended/uci_har/seed_2026/adaptive_ldp/defended_train.npz,move,Move real defended data by dataset/seed/method.,15985628
data/defended/real_public_benchmark/uci_har/seed_2026/adaptive_ldp/defended_val.npz,data/defended/uci_har/seed_2026/adaptive_ldp/defended_val.npz,move,Move real defended data by dataset/seed/method.,4006544
data/defended/real_public_benchmark/uci_har/seed_2026/adaptive_ldp/defense_artifact.json,data/defended/uci_har/seed_2026/adaptive_ldp/defense_artifact.json,move,Move real defended data by dataset/seed/method.,979
data/defended/real_public_benchmark/uci_har/seed_2026/adaptive_ldp/defense_summary.json,data/defended/uci_har/seed_2026/adaptive_ldp/defense_summary.json,move,Move real defended data by dataset/seed/method.,1334
data/defended/real_public_benchmark/uci_har/seed_2026/ldp/defended_mlp_features.npz,data/defended/uci_har/seed_2026/ldp/defended_mlp_features.npz,move,Move real defended data by dataset/seed/method.,1469769
data/defended/real_public_benchmark/uci_har/seed_2026/ldp/defended_sequences.npz,data/defended/uci_har/seed_2026/ldp/defended_sequences.npz,move,Move real defended data by dataset/seed/method.,27866693
data/defended/real_public_benchmark/uci_har/seed_2026/ldp/defended_test.npz,data/defended/uci_har/seed_2026/ldp/defended_test.npz,move,Move real defended data by dataset/seed/method.,7957322
data/defended/real_public_benchmark/uci_har/seed_2026/ldp/defended_train.npz,data/defended/uci_har/seed_2026/ldp/defended_train.npz,move,Move real defended data by dataset/seed/method.,15921406
data/defended/real_public_benchmark/uci_har/seed_2026/ldp/defended_val.npz,data/defended/uci_har/seed_2026/ldp/defended_val.npz,move,Move real defended data by dataset/seed/method.,3987949
data/defended/real_public_benchmark/uci_har/seed_2026/ldp/defense_artifact.json,data/defended/uci_har/seed_2026/ldp/defense_artifact.json,move,Move real defended data by dataset/seed/method.,654
data/defended/real_public_benchmark/uci_har/seed_2026/ldp/defense_summary.json,data/defended/uci_har/seed_2026/ldp/defense_summary.json,move,Move real defended data by dataset/seed/method.,1309
data/defended/real_public_benchmark/uci_har/seed_2026/noise/defended_mlp_features.npz,data/defended/uci_har/seed_2026/noise/defended_mlp_features.npz,move,Move real defended data by dataset/seed/method.,1655973
data/defended/real_public_benchmark/uci_har/seed_2026/noise/defended_sequences.npz,data/defended/uci_har/seed_2026/noise/defended_sequences.npz,move,Move real defended data by dataset/seed/method.,44182125
data/defended/real_public_benchmark/uci_har/seed_2026/noise/defended_test.npz,data/defended/uci_har/seed_2026/noise/defended_test.npz,move,Move real defended data by dataset/seed/method.,12641744
data/defended/real_public_benchmark/uci_har/seed_2026/noise/defended_train.npz,data/defended/uci_har/seed_2026/noise/defended_train.npz,move,Move real defended data by dataset/seed/method.,25229268
data/defended/real_public_benchmark/uci_har/seed_2026/noise/defended_val.npz,data/defended/uci_har/seed_2026/noise/defended_val.npz,move,Move real defended data by dataset/seed/method.,6311097
data/defended/real_public_benchmark/uci_har/seed_2026/noise/defense_artifact.json,data/defended/uci_har/seed_2026/noise/defense_artifact.json,move,Move real defended data by dataset/seed/method.,658
data/defended/real_public_benchmark/uci_har/seed_2026/noise/defense_summary.json,data/defended/uci_har/seed_2026/noise/defense_summary.json,move,Move real defended data by dataset/seed/method.,1310
data/processed/real_public_benchmark/kasteren/seed_42/meta.json,data/processed/kasteren/seed_42/meta.json,move,Move real processed data by dataset/seed.,1517
data/processed/real_public_benchmark/kasteren/seed_42/mlp_features.npz,data/processed/kasteren/seed_42/mlp_features.npz,move,Move real processed data by dataset/seed.,59781
data/processed/real_public_benchmark/kasteren/seed_42/sequences.npz,data/processed/kasteren/seed_42/sequences.npz,move,Move real processed data by dataset/seed.,43166
data/defended/real_public_benchmark/kasteren/seed_42/adaptive_ldp/defended_mlp_features.npz,data/defended/kasteren/seed_42/adaptive_ldp/defended_mlp_features.npz,move,Move real defended data by dataset/seed/method.,257233
data/defended/real_public_benchmark/kasteren/seed_42/adaptive_ldp/defended_sequences.npz,data/defended/kasteren/seed_42/adaptive_ldp/defended_sequences.npz,move,Move real defended data by dataset/seed/method.,1247098
data/defended/real_public_benchmark/kasteren/seed_42/adaptive_ldp/defended_test.npz,data/defended/kasteren/seed_42/adaptive_ldp/defended_test.npz,move,Move real defended data by dataset/seed/method.,187364
data/defended/real_public_benchmark/kasteren/seed_42/adaptive_ldp/defended_train.npz,data/defended/kasteren/seed_42/adaptive_ldp/defended_train.npz,move,Move real defended data by dataset/seed/method.,872874
data/defended/real_public_benchmark/kasteren/seed_42/adaptive_ldp/defended_val.npz,data/defended/kasteren/seed_42/adaptive_ldp/defended_val.npz,move,Move real defended data by dataset/seed/method.,186844
data/defended/real_public_benchmark/kasteren/seed_42/adaptive_ldp/defense_artifact.json,data/defended/kasteren/seed_42/adaptive_ldp/defense_artifact.json,move,Move real defended data by dataset/seed/method.,1092
data/defended/real_public_benchmark/kasteren/seed_42/adaptive_ldp/defense_summary.json,data/defended/kasteren/seed_42/adaptive_ldp/defense_summary.json,move,Move real defended data by dataset/seed/method.,1327
data/defended/real_public_benchmark/kasteren/seed_42/ldp/defended_mlp_features.npz,data/defended/kasteren/seed_42/ldp/defended_mlp_features.npz,move,Move real defended data by dataset/seed/method.,257750
data/defended/real_public_benchmark/kasteren/seed_42/ldp/defended_sequences.npz,data/defended/kasteren/seed_42/ldp/defended_sequences.npz,move,Move real defended data by dataset/seed/method.,1259684
data/defended/real_public_benchmark/kasteren/seed_42/ldp/defended_test.npz,data/defended/kasteren/seed_42/ldp/defended_test.npz,move,Move real defended data by dataset/seed/method.,188878
data/defended/real_public_benchmark/kasteren/seed_42/ldp/defended_train.npz,data/defended/kasteren/seed_42/ldp/defended_train.npz,move,Move real defended data by dataset/seed/method.,882112
data/defended/real_public_benchmark/kasteren/seed_42/ldp/defended_val.npz,data/defended/kasteren/seed_42/ldp/defended_val.npz,move,Move real defended data by dataset/seed/method.,188678
data/defended/real_public_benchmark/kasteren/seed_42/ldp/defense_artifact.json,data/defended/kasteren/seed_42/ldp/defense_artifact.json,move,Move real defended data by dataset/seed/method.,767
data/defended/real_public_benchmark/kasteren/seed_42/ldp/defense_summary.json,data/defended/kasteren/seed_42/ldp/defense_summary.json,move,Move real defended data by dataset/seed/method.,1302
data/defended/real_public_benchmark/kasteren/seed_42/noise/defended_mlp_features.npz,data/defended/kasteren/seed_42/noise/defended_mlp_features.npz,move,Move real defended data by dataset/seed/method.,309605
data/defended/real_public_benchmark/kasteren/seed_42/noise/defended_sequences.npz,data/defended/kasteren/seed_42/noise/defended_sequences.npz,move,Move real defended data by dataset/seed/method.,2023520
data/defended/real_public_benchmark/kasteren/seed_42/noise/defended_test.npz,data/defended/kasteren/seed_42/noise/defended_test.npz,move,Move real defended data by dataset/seed/method.,303075
data/defended/real_public_benchmark/kasteren/seed_42/noise/defended_train.npz,data/defended/kasteren/seed_42/noise/defended_train.npz,move,Move real defended data by dataset/seed/method.,1415834
data/defended/real_public_benchmark/kasteren/seed_42/noise/defended_val.npz,data/defended/kasteren/seed_42/noise/defended_val.npz,move,Move real defended data by dataset/seed/method.,304595
data/defended/real_public_benchmark/kasteren/seed_42/noise/defense_artifact.json,data/defended/kasteren/seed_42/noise/defense_artifact.json,move,Move real defended data by dataset/seed/method.,771
data/defended/real_public_benchmark/kasteren/seed_42/noise/defense_summary.json,data/defended/kasteren/seed_42/noise/defense_summary.json,move,Move real defended data by dataset/seed/method.,1306
data/processed/real_public_benchmark/kasteren/seed_123/meta.json,data/processed/kasteren/seed_123/meta.json,move,Move real processed data by dataset/seed.,1517
data/processed/real_public_benchmark/kasteren/seed_123/mlp_features.npz,data/processed/kasteren/seed_123/mlp_features.npz,move,Move real processed data by dataset/seed.,59191
data/processed/real_public_benchmark/kasteren/seed_123/sequences.npz,data/processed/kasteren/seed_123/sequences.npz,move,Move real processed data by dataset/seed.,43164
data/defended/real_public_benchmark/kasteren/seed_123/adaptive_ldp/defended_mlp_features.npz,data/defended/kasteren/seed_123/adaptive_ldp/defended_mlp_features.npz,move,Move real defended data by dataset/seed/method.,257036
data/defended/real_public_benchmark/kasteren/seed_123/adaptive_ldp/defended_sequences.npz,data/defended/kasteren/seed_123/adaptive_ldp/defended_sequences.npz,move,Move real defended data by dataset/seed/method.,1248402
data/defended/real_public_benchmark/kasteren/seed_123/adaptive_ldp/defended_test.npz,data/defended/kasteren/seed_123/adaptive_ldp/defended_test.npz,move,Move real defended data by dataset/seed/method.,187771
data/defended/real_public_benchmark/kasteren/seed_123/adaptive_ldp/defended_train.npz,data/defended/kasteren/seed_123/adaptive_ldp/defended_train.npz,move,Move real defended data by dataset/seed/method.,872901
data/defended/real_public_benchmark/kasteren/seed_123/adaptive_ldp/defended_val.npz,data/defended/kasteren/seed_123/adaptive_ldp/defended_val.npz,move,Move real defended data by dataset/seed/method.,187714
data/defended/real_public_benchmark/kasteren/seed_123/adaptive_ldp/defense_artifact.json,data/defended/kasteren/seed_123/adaptive_ldp/defense_artifact.json,move,Move real defended data by dataset/seed/method.,1093
data/defended/real_public_benchmark/kasteren/seed_123/adaptive_ldp/defense_summary.json,data/defended/kasteren/seed_123/adaptive_ldp/defense_summary.json,move,Move real defended data by dataset/seed/method.,1330
data/defended/real_public_benchmark/kasteren/seed_123/ldp/defended_mlp_features.npz,data/defended/kasteren/seed_123/ldp/defended_mlp_features.npz,move,Move real defended data by dataset/seed/method.,257715
data/defended/real_public_benchmark/kasteren/seed_123/ldp/defended_sequences.npz,data/defended/kasteren/seed_123/ldp/defended_sequences.npz,move,Move real defended data by dataset/seed/method.,1260001
data/defended/real_public_benchmark/kasteren/seed_123/ldp/defended_test.npz,data/defended/kasteren/seed_123/ldp/defended_test.npz,move,Move real defended data by dataset/seed/method.,189294
data/defended/real_public_benchmark/kasteren/seed_123/ldp/defended_train.npz,data/defended/kasteren/seed_123/ldp/defended_train.npz,move,Move real defended data by dataset/seed/method.,881322
data/defended/real_public_benchmark/kasteren/seed_123/ldp/defended_val.npz,data/defended/kasteren/seed_123/ldp/defended_val.npz,move,Move real defended data by dataset/seed/method.,189369
data/defended/real_public_benchmark/kasteren/seed_123/ldp/defense_artifact.json,data/defended/kasteren/seed_123/ldp/defense_artifact.json,move,Move real defended data by dataset/seed/method.,768
data/defended/real_public_benchmark/kasteren/seed_123/ldp/defense_summary.json,data/defended/kasteren/seed_123/ldp/defense_summary.json,move,Move real defended data by dataset/seed/method.,1303
data/defended/real_public_benchmark/kasteren/seed_123/noise/defended_mlp_features.npz,data/defended/kasteren/seed_123/noise/defended_mlp_features.npz,move,Move real defended data by dataset/seed/method.,309778
data/defended/real_public_benchmark/kasteren/seed_123/noise/defended_sequences.npz,data/defended/kasteren/seed_123/noise/defended_sequences.npz,move,Move real defended data by dataset/seed/method.,2023788
data/defended/real_public_benchmark/kasteren/seed_123/noise/defended_test.npz,data/defended/kasteren/seed_123/noise/defended_test.npz,move,Move real defended data by dataset/seed/method.,303043
data/defended/real_public_benchmark/kasteren/seed_123/noise/defended_train.npz,data/defended/kasteren/seed_123/noise/defended_train.npz,move,Move real defended data by dataset/seed/method.,1416157
data/defended/real_public_benchmark/kasteren/seed_123/noise/defended_val.npz,data/defended/kasteren/seed_123/noise/defended_val.npz,move,Move real defended data by dataset/seed/method.,304572
data/defended/real_public_benchmark/kasteren/seed_123/noise/defense_artifact.json,data/defended/kasteren/seed_123/noise/defense_artifact.json,move,Move real defended data by dataset/seed/method.,772
data/defended/real_public_benchmark/kasteren/seed_123/noise/defense_summary.json,data/defended/kasteren/seed_123/noise/defense_summary.json,move,Move real defended data by dataset/seed/method.,1305
data/processed/real_public_benchmark/kasteren/seed_2026/meta.json,data/processed/kasteren/seed_2026/meta.json,move,Move real processed data by dataset/seed.,1517
data/processed/real_public_benchmark/kasteren/seed_2026/mlp_features.npz,data/processed/kasteren/seed_2026/mlp_features.npz,move,Move real processed data by dataset/seed.,58970
data/processed/real_public_benchmark/kasteren/seed_2026/sequences.npz,data/processed/kasteren/seed_2026/sequences.npz,move,Move real processed data by dataset/seed.,43238
data/defended/real_public_benchmark/kasteren/seed_2026/adaptive_ldp/defended_mlp_features.npz,data/defended/kasteren/seed_2026/adaptive_ldp/defended_mlp_features.npz,move,Move real defended data by dataset/seed/method.,257304
data/defended/real_public_benchmark/kasteren/seed_2026/adaptive_ldp/defended_sequences.npz,data/defended/kasteren/seed_2026/adaptive_ldp/defended_sequences.npz,move,Move real defended data by dataset/seed/method.,1244529
data/defended/real_public_benchmark/kasteren/seed_2026/adaptive_ldp/defended_test.npz,data/defended/kasteren/seed_2026/adaptive_ldp/defended_test.npz,move,Move real defended data by dataset/seed/method.,186704
data/defended/real_public_benchmark/kasteren/seed_2026/adaptive_ldp/defended_train.npz,data/defended/kasteren/seed_2026/adaptive_ldp/defended_train.npz,move,Move real defended data by dataset/seed/method.,870197
data/defended/real_public_benchmark/kasteren/seed_2026/adaptive_ldp/defended_val.npz,data/defended/kasteren/seed_2026/adaptive_ldp/defended_val.npz,move,Move real defended data by dataset/seed/method.,187612
data/defended/real_public_benchmark/kasteren/seed_2026/adaptive_ldp/defense_artifact.json,data/defended/kasteren/seed_2026/adaptive_ldp/defense_artifact.json,move,Move real defended data by dataset/seed/method.,1094
data/defended/real_public_benchmark/kasteren/seed_2026/adaptive_ldp/defense_summary.json,data/defended/kasteren/seed_2026/adaptive_ldp/defense_summary.json,move,Move real defended data by dataset/seed/method.,1331
data/defended/real_public_benchmark/kasteren/seed_2026/ldp/defended_mlp_features.npz,data/defended/kasteren/seed_2026/ldp/defended_mlp_features.npz,move,Move real defended data by dataset/seed/method.,257900
data/defended/real_public_benchmark/kasteren/seed_2026/ldp/defended_sequences.npz,data/defended/kasteren/seed_2026/ldp/defended_sequences.npz,move,Move real defended data by dataset/seed/method.,1257905
data/defended/real_public_benchmark/kasteren/seed_2026/ldp/defended_test.npz,data/defended/kasteren/seed_2026/ldp/defended_test.npz,move,Move real defended data by dataset/seed/method.,188783
data/defended/real_public_benchmark/kasteren/seed_2026/ldp/defended_train.npz,data/defended/kasteren/seed_2026/ldp/defended_train.npz,move,Move real defended data by dataset/seed/method.,879869
data/defended/real_public_benchmark/kasteren/seed_2026/ldp/defended_val.npz,data/defended/kasteren/seed_2026/ldp/defended_val.npz,move,Move real defended data by dataset/seed/method.,189237
data/defended/real_public_benchmark/kasteren/seed_2026/ldp/defense_artifact.json,data/defended/kasteren/seed_2026/ldp/defense_artifact.json,move,Move real defended data by dataset/seed/method.,769
data/defended/real_public_benchmark/kasteren/seed_2026/ldp/defense_summary.json,data/defended/kasteren/seed_2026/ldp/defense_summary.json,move,Move real defended data by dataset/seed/method.,1304
data/defended/real_public_benchmark/kasteren/seed_2026/noise/defended_mlp_features.npz,data/defended/kasteren/seed_2026/noise/defended_mlp_features.npz,move,Move real defended data by dataset/seed/method.,309581
data/defended/real_public_benchmark/kasteren/seed_2026/noise/defended_sequences.npz,data/defended/kasteren/seed_2026/noise/defended_sequences.npz,move,Move real defended data by dataset/seed/method.,2023623
data/defended/real_public_benchmark/kasteren/seed_2026/noise/defended_test.npz,data/defended/kasteren/seed_2026/noise/defended_test.npz,move,Move real defended data by dataset/seed/method.,303040
data/defended/real_public_benchmark/kasteren/seed_2026/noise/defended_train.npz,data/defended/kasteren/seed_2026/noise/defended_train.npz,move,Move real defended data by dataset/seed/method.,1415925
data/defended/real_public_benchmark/kasteren/seed_2026/noise/defended_val.npz,data/defended/kasteren/seed_2026/noise/defended_val.npz,move,Move real defended data by dataset/seed/method.,304642
data/defended/real_public_benchmark/kasteren/seed_2026/noise/defense_artifact.json,data/defended/kasteren/seed_2026/noise/defense_artifact.json,move,Move real defended data by dataset/seed/method.,773
data/defended/real_public_benchmark/kasteren/seed_2026/noise/defense_summary.json,data/defended/kasteren/seed_2026/noise/defense_summary.json,move,Move real defended data by dataset/seed/method.,1307
data/processed/real_public_benchmark/casas_hh101/seed_42/meta.json,data/processed/casas_hh101/seed_42/meta.json,move,Move real processed data by dataset/seed.,1139
data/processed/real_public_benchmark/casas_hh101/seed_42/mlp_features.npz,data/processed/casas_hh101/seed_42/mlp_features.npz,move,Move real processed data by dataset/seed.,1373924
data/processed/real_public_benchmark/casas_hh101/seed_42/sequences.npz,data/processed/casas_hh101/seed_42/sequences.npz,move,Move real processed data by dataset/seed.,1069571
data/defended/real_public_benchmark/casas_hh101/seed_42/adaptive_ldp/defended_mlp_features.npz,data/defended/casas_hh101/seed_42/adaptive_ldp/defended_mlp_features.npz,move,Move real defended data by dataset/seed/method.,14897955
data/defended/real_public_benchmark/casas_hh101/seed_42/adaptive_ldp/defended_sequences.npz,data/defended/casas_hh101/seed_42/adaptive_ldp/defended_sequences.npz,move,Move real defended data by dataset/seed/method.,68217543
data/defended/real_public_benchmark/casas_hh101/seed_42/adaptive_ldp/defended_test.npz,data/defended/casas_hh101/seed_42/adaptive_ldp/defended_test.npz,move,Move real defended data by dataset/seed/method.,10233382
data/defended/real_public_benchmark/casas_hh101/seed_42/adaptive_ldp/defended_train.npz,data/defended/casas_hh101/seed_42/adaptive_ldp/defended_train.npz,move,Move real defended data by dataset/seed/method.,47749867
data/defended/real_public_benchmark/casas_hh101/seed_42/adaptive_ldp/defended_val.npz,data/defended/casas_hh101/seed_42/adaptive_ldp/defended_val.npz,move,Move real defended data by dataset/seed/method.,10234278
data/defended/real_public_benchmark/casas_hh101/seed_42/adaptive_ldp/defense_artifact.json,data/defended/casas_hh101/seed_42/adaptive_ldp/defense_artifact.json,move,Move real defended data by dataset/seed/method.,907
data/defended/real_public_benchmark/casas_hh101/seed_42/adaptive_ldp/defense_summary.json,data/defended/casas_hh101/seed_42/adaptive_ldp/defense_summary.json,move,Move real defended data by dataset/seed/method.,1342
data/defended/real_public_benchmark/casas_hh101/seed_42/ldp/defended_mlp_features.npz,data/defended/casas_hh101/seed_42/ldp/defended_mlp_features.npz,move,Move real defended data by dataset/seed/method.,15103073
data/defended/real_public_benchmark/casas_hh101/seed_42/ldp/defended_sequences.npz,data/defended/casas_hh101/seed_42/ldp/defended_sequences.npz,move,Move real defended data by dataset/seed/method.,68977203
data/defended/real_public_benchmark/casas_hh101/seed_42/ldp/defended_test.npz,data/defended/casas_hh101/seed_42/ldp/defended_test.npz,move,Move real defended data by dataset/seed/method.,10347129
data/defended/real_public_benchmark/casas_hh101/seed_42/ldp/defended_train.npz,data/defended/casas_hh101/seed_42/ldp/defended_train.npz,move,Move real defended data by dataset/seed/method.,48283662
data/defended/real_public_benchmark/casas_hh101/seed_42/ldp/defended_val.npz,data/defended/casas_hh101/seed_42/ldp/defended_val.npz,move,Move real defended data by dataset/seed/method.,10346396
data/defended/real_public_benchmark/casas_hh101/seed_42/ldp/defense_artifact.json,data/defended/casas_hh101/seed_42/ldp/defense_artifact.json,move,Move real defended data by dataset/seed/method.,582
data/defended/real_public_benchmark/casas_hh101/seed_42/ldp/defense_summary.json,data/defended/casas_hh101/seed_42/ldp/defense_summary.json,move,Move real defended data by dataset/seed/method.,1317
data/defended/real_public_benchmark/casas_hh101/seed_42/noise/defended_mlp_features.npz,data/defended/casas_hh101/seed_42/noise/defended_mlp_features.npz,move,Move real defended data by dataset/seed/method.,17009671
data/defended/real_public_benchmark/casas_hh101/seed_42/noise/defended_sequences.npz,data/defended/casas_hh101/seed_42/noise/defended_sequences.npz,move,Move real defended data by dataset/seed/method.,103644535
data/defended/real_public_benchmark/casas_hh101/seed_42/noise/defended_test.npz,data/defended/casas_hh101/seed_42/noise/defended_test.npz,move,Move real defended data by dataset/seed/method.,15547317
data/defended/real_public_benchmark/casas_hh101/seed_42/noise/defended_train.npz,data/defended/casas_hh101/seed_42/noise/defended_train.npz,move,Move real defended data by dataset/seed/method.,72550130
data/defended/real_public_benchmark/casas_hh101/seed_42/noise/defended_val.npz,data/defended/casas_hh101/seed_42/noise/defended_val.npz,move,Move real defended data by dataset/seed/method.,15547072
data/defended/real_public_benchmark/casas_hh101/seed_42/noise/defense_artifact.json,data/defended/casas_hh101/seed_42/noise/defense_artifact.json,move,Move real defended data by dataset/seed/method.,586
data/defended/real_public_benchmark/casas_hh101/seed_42/noise/defense_summary.json,data/defended/casas_hh101/seed_42/noise/defense_summary.json,move,Move real defended data by dataset/seed/method.,1321
data/processed/real_public_benchmark/casas_hh101/seed_123/meta.json,data/processed/casas_hh101/seed_123/meta.json,move,Move real processed data by dataset/seed.,1139
data/processed/real_public_benchmark/casas_hh101/seed_123/mlp_features.npz,data/processed/casas_hh101/seed_123/mlp_features.npz,move,Move real processed data by dataset/seed.,1375052
data/processed/real_public_benchmark/casas_hh101/seed_123/sequences.npz,data/processed/casas_hh101/seed_123/sequences.npz,move,Move real processed data by dataset/seed.,1070427
data/defended/real_public_benchmark/casas_hh101/seed_123/adaptive_ldp/defended_mlp_features.npz,data/defended/casas_hh101/seed_123/adaptive_ldp/defended_mlp_features.npz,move,Move real defended data by dataset/seed/method.,14898049
data/defended/real_public_benchmark/casas_hh101/seed_123/adaptive_ldp/defended_sequences.npz,data/defended/casas_hh101/seed_123/adaptive_ldp/defended_sequences.npz,move,Move real defended data by dataset/seed/method.,68228593
data/defended/real_public_benchmark/casas_hh101/seed_123/adaptive_ldp/defended_test.npz,data/defended/casas_hh101/seed_123/adaptive_ldp/defended_test.npz,move,Move real defended data by dataset/seed/method.,10237567
data/defended/real_public_benchmark/casas_hh101/seed_123/adaptive_ldp/defended_train.npz,data/defended/casas_hh101/seed_123/adaptive_ldp/defended_train.npz,move,Move real defended data by dataset/seed/method.,47762937
data/defended/real_public_benchmark/casas_hh101/seed_123/adaptive_ldp/defended_val.npz,data/defended/casas_hh101/seed_123/adaptive_ldp/defended_val.npz,move,Move real defended data by dataset/seed/method.,10228073
data/defended/real_public_benchmark/casas_hh101/seed_123/adaptive_ldp/defense_artifact.json,data/defended/casas_hh101/seed_123/adaptive_ldp/defense_artifact.json,move,Move real defended data by dataset/seed/method.,908
data/defended/real_public_benchmark/casas_hh101/seed_123/adaptive_ldp/defense_summary.json,data/defended/casas_hh101/seed_123/adaptive_ldp/defense_summary.json,move,Move real defended data by dataset/seed/method.,1344
data/defended/real_public_benchmark/casas_hh101/seed_123/ldp/defended_mlp_features.npz,data/defended/casas_hh101/seed_123/ldp/defended_mlp_features.npz,move,Move real defended data by dataset/seed/method.,15103754
data/defended/real_public_benchmark/casas_hh101/seed_123/ldp/defended_sequences.npz,data/defended/casas_hh101/seed_123/ldp/defended_sequences.npz,move,Move real defended data by dataset/seed/method.,68985550
data/defended/real_public_benchmark/casas_hh101/seed_123/ldp/defended_test.npz,data/defended/casas_hh101/seed_123/ldp/defended_test.npz,move,Move real defended data by dataset/seed/method.,10350188
data/defended/real_public_benchmark/casas_hh101/seed_123/ldp/defended_train.npz,data/defended/casas_hh101/seed_123/ldp/defended_train.npz,move,Move real defended data by dataset/seed/method.,48292307
data/defended/real_public_benchmark/casas_hh101/seed_123/ldp/defended_val.npz,data/defended/casas_hh101/seed_123/ldp/defended_val.npz,move,Move real defended data by dataset/seed/method.,10343039
data/defended/real_public_benchmark/casas_hh101/seed_123/ldp/defense_artifact.json,data/defended/casas_hh101/seed_123/ldp/defense_artifact.json,move,Move real defended data by dataset/seed/method.,583
data/defended/real_public_benchmark/casas_hh101/seed_123/ldp/defense_summary.json,data/defended/casas_hh101/seed_123/ldp/defense_summary.json,move,Move real defended data by dataset/seed/method.,1317
data/defended/real_public_benchmark/casas_hh101/seed_123/noise/defended_mlp_features.npz,data/defended/casas_hh101/seed_123/noise/defended_mlp_features.npz,move,Move real defended data by dataset/seed/method.,17010180
data/defended/real_public_benchmark/casas_hh101/seed_123/noise/defended_sequences.npz,data/defended/casas_hh101/seed_123/noise/defended_sequences.npz,move,Move real defended data by dataset/seed/method.,103644943
data/defended/real_public_benchmark/casas_hh101/seed_123/noise/defended_test.npz,data/defended/casas_hh101/seed_123/noise/defended_test.npz,move,Move real defended data by dataset/seed/method.,15547687
data/defended/real_public_benchmark/casas_hh101/seed_123/noise/defended_train.npz,data/defended/casas_hh101/seed_123/noise/defended_train.npz,move,Move real defended data by dataset/seed/method.,72549634
data/defended/real_public_benchmark/casas_hh101/seed_123/noise/defended_val.npz,data/defended/casas_hh101/seed_123/noise/defended_val.npz,move,Move real defended data by dataset/seed/method.,15547606
data/defended/real_public_benchmark/casas_hh101/seed_123/noise/defense_artifact.json,data/defended/casas_hh101/seed_123/noise/defense_artifact.json,move,Move real defended data by dataset/seed/method.,587
data/defended/real_public_benchmark/casas_hh101/seed_123/noise/defense_summary.json,data/defended/casas_hh101/seed_123/noise/defense_summary.json,move,Move real defended data by dataset/seed/method.,1320
data/processed/real_public_benchmark/casas_hh101/seed_2026/meta.json,data/processed/casas_hh101/seed_2026/meta.json,move,Move real processed data by dataset/seed.,1139
data/processed/real_public_benchmark/casas_hh101/seed_2026/mlp_features.npz,data/processed/casas_hh101/seed_2026/mlp_features.npz,move,Move real processed data by dataset/seed.,1375847
data/processed/real_public_benchmark/casas_hh101/seed_2026/sequences.npz,data/processed/casas_hh101/seed_2026/sequences.npz,move,Move real processed data by dataset/seed.,1069592
data/defended/real_public_benchmark/casas_hh101/seed_2026/adaptive_ldp/defended_mlp_features.npz,data/defended/casas_hh101/seed_2026/adaptive_ldp/defended_mlp_features.npz,move,Move real defended data by dataset/seed/method.,14898844
data/defended/real_public_benchmark/casas_hh101/seed_2026/adaptive_ldp/defended_sequences.npz,data/defended/casas_hh101/seed_2026/adaptive_ldp/defended_sequences.npz,move,Move real defended data by dataset/seed/method.,68231910
data/defended/real_public_benchmark/casas_hh101/seed_2026/adaptive_ldp/defended_test.npz,data/defended/casas_hh101/seed_2026/adaptive_ldp/defended_test.npz,move,Move real defended data by dataset/seed/method.,10242350
data/defended/real_public_benchmark/casas_hh101/seed_2026/adaptive_ldp/defended_train.npz,data/defended/casas_hh101/seed_2026/adaptive_ldp/defended_train.npz,move,Move real defended data by dataset/seed/method.,47757903
data/defended/real_public_benchmark/casas_hh101/seed_2026/adaptive_ldp/defended_val.npz,data/defended/casas_hh101/seed_2026/adaptive_ldp/defended_val.npz,move,Move real defended data by dataset/seed/method.,10231641
data/defended/real_public_benchmark/casas_hh101/seed_2026/adaptive_ldp/defense_artifact.json,data/defended/casas_hh101/seed_2026/adaptive_ldp/defense_artifact.json,move,Move real defended data by dataset/seed/method.,909
data/defended/real_public_benchmark/casas_hh101/seed_2026/adaptive_ldp/defense_summary.json,data/defended/casas_hh101/seed_2026/adaptive_ldp/defense_summary.json,move,Move real defended data by dataset/seed/method.,1342
data/defended/real_public_benchmark/casas_hh101/seed_2026/ldp/defended_mlp_features.npz,data/defended/casas_hh101/seed_2026/ldp/defended_mlp_features.npz,move,Move real defended data by dataset/seed/method.,15103718
data/defended/real_public_benchmark/casas_hh101/seed_2026/ldp/defended_sequences.npz,data/defended/casas_hh101/seed_2026/ldp/defended_sequences.npz,move,Move real defended data by dataset/seed/method.,68988995
data/defended/real_public_benchmark/casas_hh101/seed_2026/ldp/defended_test.npz,data/defended/casas_hh101/seed_2026/ldp/defended_test.npz,move,Move real defended data by dataset/seed/method.,10354568
data/defended/real_public_benchmark/casas_hh101/seed_2026/ldp/defended_train.npz,data/defended/casas_hh101/seed_2026/ldp/defended_train.npz,move,Move real defended data by dataset/seed/method.,48286201
data/defended/real_public_benchmark/casas_hh101/seed_2026/ldp/defended_val.npz,data/defended/casas_hh101/seed_2026/ldp/defended_val.npz,move,Move real defended data by dataset/seed/method.,10348210
data/defended/real_public_benchmark/casas_hh101/seed_2026/ldp/defense_artifact.json,data/defended/casas_hh101/seed_2026/ldp/defense_artifact.json,move,Move real defended data by dataset/seed/method.,584
data/defended/real_public_benchmark/casas_hh101/seed_2026/ldp/defense_summary.json,data/defended/casas_hh101/seed_2026/ldp/defense_summary.json,move,Move real defended data by dataset/seed/method.,1317
data/defended/real_public_benchmark/casas_hh101/seed_2026/noise/defended_mlp_features.npz,data/defended/casas_hh101/seed_2026/noise/defended_mlp_features.npz,move,Move real defended data by dataset/seed/method.,17009624
data/defended/real_public_benchmark/casas_hh101/seed_2026/noise/defended_sequences.npz,data/defended/casas_hh101/seed_2026/noise/defended_sequences.npz,move,Move real defended data by dataset/seed/method.,103645922
data/defended/real_public_benchmark/casas_hh101/seed_2026/noise/defended_test.npz,data/defended/casas_hh101/seed_2026/noise/defended_test.npz,move,Move real defended data by dataset/seed/method.,15547221
data/defended/real_public_benchmark/casas_hh101/seed_2026/noise/defended_train.npz,data/defended/casas_hh101/seed_2026/noise/defended_train.npz,move,Move real defended data by dataset/seed/method.,72551416
data/defended/real_public_benchmark/casas_hh101/seed_2026/noise/defended_val.npz,data/defended/casas_hh101/seed_2026/noise/defended_val.npz,move,Move real defended data by dataset/seed/method.,15547269
data/defended/real_public_benchmark/casas_hh101/seed_2026/noise/defense_artifact.json,data/defended/casas_hh101/seed_2026/noise/defense_artifact.json,move,Move real defended data by dataset/seed/method.,588
data/defended/real_public_benchmark/casas_hh101/seed_2026/noise/defense_summary.json,data/defended/casas_hh101/seed_2026/noise/defense_summary.json,move,Move real defended data by dataset/seed/method.,1321
outputs/models/full_multiseed/seed_123/best_lstm.pt,outputs/models/mock/seed_123/lstm/baseline/best_lstm.pt,move,Move model artifact to dataset/seed/model layout.,818053
outputs/models/full_multiseed/seed_123/best_lstm_adaptive_ldp_defended_retrain.pt,outputs/models/mock/seed_123/lstm/adaptive_ldp/retrain_attacker/best_lstm_adaptive_ldp_defended_retrain.pt,move,Move model artifact to dataset/seed/model layout.,818053
outputs/models/full_multiseed/seed_123/best_lstm_ldp_defended_retrain.pt,outputs/models/mock/seed_123/lstm/ldp/retrain_attacker/best_lstm_ldp_defended_retrain.pt,move,Move model artifact to dataset/seed/model layout.,818053
outputs/models/full_multiseed/seed_123/best_lstm_noise_defended_retrain.pt,outputs/models/mock/seed_123/lstm/noise/retrain_attacker/best_lstm_noise_defended_retrain.pt,move,Move model artifact to dataset/seed/model layout.,818053
outputs/models/full_multiseed/seed_123/best_mlp.pt,outputs/models/mock/seed_123/mlp/baseline/best_mlp.pt,move,Move model artifact to dataset/seed/model layout.,192213
outputs/models/full_multiseed/seed_123/best_mlp_adaptive_ldp_defended_retrain.pt,outputs/models/mock/seed_123/mlp/adaptive_ldp/retrain_attacker/best_mlp_adaptive_ldp_defended_retrain.pt,move,Move model artifact to dataset/seed/model layout.,192213
outputs/models/full_multiseed/seed_123/best_mlp_ldp_defended_retrain.pt,outputs/models/mock/seed_123/mlp/ldp/retrain_attacker/best_mlp_ldp_defended_retrain.pt,move,Move model artifact to dataset/seed/model layout.,192213
outputs/models/full_multiseed/seed_123/best_mlp_noise_defended_retrain.pt,outputs/models/mock/seed_123/mlp/noise/retrain_attacker/best_mlp_noise_defended_retrain.pt,move,Move model artifact to dataset/seed/model layout.,192213
outputs/models/full_multiseed/seed_123/parameter_scans/adaptive_ldp/lstm/retrain_attacker/best_lstm_adaptive_ldp_adaptive_default_retrain.pt,outputs/models/mock/seed_123/lstm/adaptive_ldp/parameter_scan/lstm/retrain_attacker/best_lstm_adaptive_ldp_adaptive_default_retrain.pt,move,Move parameter scan model artifact to canonical model tree.,818053
outputs/models/full_multiseed/seed_123/parameter_scans/adaptive_ldp/lstm/retrain_attacker/best_lstm_adaptive_ldp_adaptive_edge_cap_on_retrain.pt,outputs/models/mock/seed_123/lstm/adaptive_ldp/parameter_scan/lstm/retrain_attacker/best_lstm_adaptive_ldp_adaptive_edge_cap_on_retrain.pt,move,Move parameter scan model artifact to canonical model tree.,818053
outputs/models/full_multiseed/seed_123/parameter_scans/adaptive_ldp/lstm/retrain_attacker/best_lstm_adaptive_ldp_adaptive_sensitivity_only_retrain.pt,outputs/models/mock/seed_123/lstm/adaptive_ldp/parameter_scan/lstm/retrain_attacker/best_lstm_adaptive_ldp_adaptive_sensitivity_only_retrain.pt,move,Move parameter scan model artifact to canonical model tree.,818053
outputs/models/full_multiseed/seed_123/parameter_scans/adaptive_ldp/lstm/retrain_attacker/best_lstm_adaptive_ldp_adaptive_strong_privacy_retrain.pt,outputs/models/mock/seed_123/lstm/adaptive_ldp/parameter_scan/lstm/retrain_attacker/best_lstm_adaptive_ldp_adaptive_strong_privacy_retrain.pt,move,Move parameter scan model artifact to canonical model tree.,818053
outputs/models/full_multiseed/seed_123/parameter_scans/adaptive_ldp/lstm/retrain_attacker/best_lstm_adaptive_ldp_adaptive_traffic_only_retrain.pt,outputs/models/mock/seed_123/lstm/adaptive_ldp/parameter_scan/lstm/retrain_attacker/best_lstm_adaptive_ldp_adaptive_traffic_only_retrain.pt,move,Move parameter scan model artifact to canonical model tree.,818053
outputs/models/full_multiseed/seed_123/parameter_scans/adaptive_ldp/lstm/retrain_attacker/best_lstm_adaptive_ldp_adaptive_weak_privacy_retrain.pt,outputs/models/mock/seed_123/lstm/adaptive_ldp/parameter_scan/lstm/retrain_attacker/best_lstm_adaptive_ldp_adaptive_weak_privacy_retrain.pt,move,Move parameter scan model artifact to canonical model tree.,818053
outputs/models/full_multiseed/seed_123/parameter_scans/adaptive_ldp/mlp/retrain_attacker/best_mlp_adaptive_ldp_adaptive_default_retrain.pt,outputs/models/mock/seed_123/mlp/adaptive_ldp/parameter_scan/mlp/retrain_attacker/best_mlp_adaptive_ldp_adaptive_default_retrain.pt,move,Move parameter scan model artifact to canonical model tree.,192213
outputs/models/full_multiseed/seed_123/parameter_scans/adaptive_ldp/mlp/retrain_attacker/best_mlp_adaptive_ldp_adaptive_edge_cap_on_retrain.pt,outputs/models/mock/seed_123/mlp/adaptive_ldp/parameter_scan/mlp/retrain_attacker/best_mlp_adaptive_ldp_adaptive_edge_cap_on_retrain.pt,move,Move parameter scan model artifact to canonical model tree.,192213
outputs/models/full_multiseed/seed_123/parameter_scans/adaptive_ldp/mlp/retrain_attacker/best_mlp_adaptive_ldp_adaptive_sensitivity_only_retrain.pt,outputs/models/mock/seed_123/mlp/adaptive_ldp/parameter_scan/mlp/retrain_attacker/best_mlp_adaptive_ldp_adaptive_sensitivity_only_retrain.pt,move,Move parameter scan model artifact to canonical model tree.,192213
outputs/models/full_multiseed/seed_123/parameter_scans/adaptive_ldp/mlp/retrain_attacker/best_mlp_adaptive_ldp_adaptive_strong_privacy_retrain.pt,outputs/models/mock/seed_123/mlp/adaptive_ldp/parameter_scan/mlp/retrain_attacker/best_mlp_adaptive_ldp_adaptive_strong_privacy_retrain.pt,move,Move parameter scan model artifact to canonical model tree.,192213
outputs/models/full_multiseed/seed_123/parameter_scans/adaptive_ldp/mlp/retrain_attacker/best_mlp_adaptive_ldp_adaptive_traffic_only_retrain.pt,outputs/models/mock/seed_123/mlp/adaptive_ldp/parameter_scan/mlp/retrain_attacker/best_mlp_adaptive_ldp_adaptive_traffic_only_retrain.pt,move,Move parameter scan model artifact to canonical model tree.,192213
outputs/models/full_multiseed/seed_123/parameter_scans/adaptive_ldp/mlp/retrain_attacker/best_mlp_adaptive_ldp_adaptive_weak_privacy_retrain.pt,outputs/models/mock/seed_123/mlp/adaptive_ldp/parameter_scan/mlp/retrain_attacker/best_mlp_adaptive_ldp_adaptive_weak_privacy_retrain.pt,move,Move parameter scan model artifact to canonical model tree.,192213
outputs/models/full_multiseed/seed_123/parameter_scans/ldp/lstm/retrain_attacker/best_lstm_ldp_epsilon_0p1_retrain.pt,outputs/models/mock/seed_123/lstm/ldp/parameter_scan/lstm/retrain_attacker/best_lstm_ldp_epsilon_0p1_retrain.pt,move,Move parameter scan model artifact to canonical model tree.,818053
outputs/models/full_multiseed/seed_123/parameter_scans/ldp/lstm/retrain_attacker/best_lstm_ldp_epsilon_0p5_retrain.pt,outputs/models/mock/seed_123/lstm/ldp/parameter_scan/lstm/retrain_attacker/best_lstm_ldp_epsilon_0p5_retrain.pt,move,Move parameter scan model artifact to canonical model tree.,818053
outputs/models/full_multiseed/seed_123/parameter_scans/ldp/lstm/retrain_attacker/best_lstm_ldp_epsilon_1p0_retrain.pt,outputs/models/mock/seed_123/lstm/ldp/parameter_scan/lstm/retrain_attacker/best_lstm_ldp_epsilon_1p0_retrain.pt,move,Move parameter scan model artifact to canonical model tree.,818053
outputs/models/full_multiseed/seed_123/parameter_scans/ldp/lstm/retrain_attacker/best_lstm_ldp_epsilon_2p0_retrain.pt,outputs/models/mock/seed_123/lstm/ldp/parameter_scan/lstm/retrain_attacker/best_lstm_ldp_epsilon_2p0_retrain.pt,move,Move parameter scan model artifact to canonical model tree.,818053
outputs/models/full_multiseed/seed_123/parameter_scans/ldp/lstm/retrain_attacker/best_lstm_ldp_epsilon_5p0_retrain.pt,outputs/models/mock/seed_123/lstm/ldp/parameter_scan/lstm/retrain_attacker/best_lstm_ldp_epsilon_5p0_retrain.pt,move,Move parameter scan model artifact to canonical model tree.,818053
outputs/models/full_multiseed/seed_123/parameter_scans/ldp/mlp/retrain_attacker/best_mlp_ldp_epsilon_0p1_retrain.pt,outputs/models/mock/seed_123/mlp/ldp/parameter_scan/mlp/retrain_attacker/best_mlp_ldp_epsilon_0p1_retrain.pt,move,Move parameter scan model artifact to canonical model tree.,192213
outputs/models/full_multiseed/seed_123/parameter_scans/ldp/mlp/retrain_attacker/best_mlp_ldp_epsilon_0p5_retrain.pt,outputs/models/mock/seed_123/mlp/ldp/parameter_scan/mlp/retrain_attacker/best_mlp_ldp_epsilon_0p5_retrain.pt,move,Move parameter scan model artifact to canonical model tree.,192213
outputs/models/full_multiseed/seed_123/parameter_scans/ldp/mlp/retrain_attacker/best_mlp_ldp_epsilon_1p0_retrain.pt,outputs/models/mock/seed_123/mlp/ldp/parameter_scan/mlp/retrain_attacker/best_mlp_ldp_epsilon_1p0_retrain.pt,move,Move parameter scan model artifact to canonical model tree.,192213
outputs/models/full_multiseed/seed_123/parameter_scans/ldp/mlp/retrain_attacker/best_mlp_ldp_epsilon_2p0_retrain.pt,outputs/models/mock/seed_123/mlp/ldp/parameter_scan/mlp/retrain_attacker/best_mlp_ldp_epsilon_2p0_retrain.pt,move,Move parameter scan model artifact to canonical model tree.,192213
outputs/models/full_multiseed/seed_123/parameter_scans/ldp/mlp/retrain_attacker/best_mlp_ldp_epsilon_5p0_retrain.pt,outputs/models/mock/seed_123/mlp/ldp/parameter_scan/mlp/retrain_attacker/best_mlp_ldp_epsilon_5p0_retrain.pt,move,Move parameter scan model artifact to canonical model tree.,192213
outputs/models/full_multiseed/seed_123/parameter_scans/noise/lstm/retrain_attacker/best_lstm_noise_noise_scale_0p1_retrain.pt,outputs/models/mock/seed_123/lstm/noise/parameter_scan/lstm/retrain_attacker/best_lstm_noise_noise_scale_0p1_retrain.pt,move,Move parameter scan model artifact to canonical model tree.,818053
outputs/models/full_multiseed/seed_123/parameter_scans/noise/lstm/retrain_attacker/best_lstm_noise_noise_scale_0p3_retrain.pt,outputs/models/mock/seed_123/lstm/noise/parameter_scan/lstm/retrain_attacker/best_lstm_noise_noise_scale_0p3_retrain.pt,move,Move parameter scan model artifact to canonical model tree.,818053
outputs/models/full_multiseed/seed_123/parameter_scans/noise/lstm/retrain_attacker/best_lstm_noise_noise_scale_0p5_retrain.pt,outputs/models/mock/seed_123/lstm/noise/parameter_scan/lstm/retrain_attacker/best_lstm_noise_noise_scale_0p5_retrain.pt,move,Move parameter scan model artifact to canonical model tree.,818053
outputs/models/full_multiseed/seed_123/parameter_scans/noise/lstm/retrain_attacker/best_lstm_noise_noise_scale_1p0_retrain.pt,outputs/models/mock/seed_123/lstm/noise/parameter_scan/lstm/retrain_attacker/best_lstm_noise_noise_scale_1p0_retrain.pt,move,Move parameter scan model artifact to canonical model tree.,818053
outputs/models/full_multiseed/seed_123/parameter_scans/noise/mlp/retrain_attacker/best_mlp_noise_noise_scale_0p1_retrain.pt,outputs/models/mock/seed_123/mlp/noise/parameter_scan/mlp/retrain_attacker/best_mlp_noise_noise_scale_0p1_retrain.pt,move,Move parameter scan model artifact to canonical model tree.,192213
outputs/models/full_multiseed/seed_123/parameter_scans/noise/mlp/retrain_attacker/best_mlp_noise_noise_scale_0p3_retrain.pt,outputs/models/mock/seed_123/mlp/noise/parameter_scan/mlp/retrain_attacker/best_mlp_noise_noise_scale_0p3_retrain.pt,move,Move parameter scan model artifact to canonical model tree.,192213
outputs/models/full_multiseed/seed_123/parameter_scans/noise/mlp/retrain_attacker/best_mlp_noise_noise_scale_0p5_retrain.pt,outputs/models/mock/seed_123/mlp/noise/parameter_scan/mlp/retrain_attacker/best_mlp_noise_noise_scale_0p5_retrain.pt,move,Move parameter scan model artifact to canonical model tree.,192213
outputs/models/full_multiseed/seed_123/parameter_scans/noise/mlp/retrain_attacker/best_mlp_noise_noise_scale_1p0_retrain.pt,outputs/models/mock/seed_123/mlp/noise/parameter_scan/mlp/retrain_attacker/best_mlp_noise_noise_scale_1p0_retrain.pt,move,Move parameter scan model artifact to canonical model tree.,192213
outputs/models/full_multiseed/seed_2026/best_lstm.pt,outputs/models/mock/seed_2026/lstm/baseline/best_lstm.pt,move,Move model artifact to dataset/seed/model layout.,818053
outputs/models/full_multiseed/seed_2026/best_lstm_adaptive_ldp_defended_retrain.pt,outputs/models/mock/seed_2026/lstm/adaptive_ldp/retrain_attacker/best_lstm_adaptive_ldp_defended_retrain.pt,move,Move model artifact to dataset/seed/model layout.,818053
outputs/models/full_multiseed/seed_2026/best_lstm_ldp_defended_retrain.pt,outputs/models/mock/seed_2026/lstm/ldp/retrain_attacker/best_lstm_ldp_defended_retrain.pt,move,Move model artifact to dataset/seed/model layout.,818053
outputs/models/full_multiseed/seed_2026/best_lstm_noise_defended_retrain.pt,outputs/models/mock/seed_2026/lstm/noise/retrain_attacker/best_lstm_noise_defended_retrain.pt,move,Move model artifact to dataset/seed/model layout.,818053
outputs/models/full_multiseed/seed_2026/best_mlp.pt,outputs/models/mock/seed_2026/mlp/baseline/best_mlp.pt,move,Move model artifact to dataset/seed/model layout.,192213
outputs/models/full_multiseed/seed_2026/best_mlp_adaptive_ldp_defended_retrain.pt,outputs/models/mock/seed_2026/mlp/adaptive_ldp/retrain_attacker/best_mlp_adaptive_ldp_defended_retrain.pt,move,Move model artifact to dataset/seed/model layout.,192213
outputs/models/full_multiseed/seed_2026/best_mlp_ldp_defended_retrain.pt,outputs/models/mock/seed_2026/mlp/ldp/retrain_attacker/best_mlp_ldp_defended_retrain.pt,move,Move model artifact to dataset/seed/model layout.,192213
outputs/models/full_multiseed/seed_2026/best_mlp_noise_defended_retrain.pt,outputs/models/mock/seed_2026/mlp/noise/retrain_attacker/best_mlp_noise_defended_retrain.pt,move,Move model artifact to dataset/seed/model layout.,192213
outputs/models/full_multiseed/seed_2026/parameter_scans/adaptive_ldp/lstm/retrain_attacker/best_lstm_adaptive_ldp_adaptive_default_retrain.pt,outputs/models/mock/seed_2026/lstm/adaptive_ldp/parameter_scan/lstm/retrain_attacker/best_lstm_adaptive_ldp_adaptive_default_retrain.pt,move,Move parameter scan model artifact to canonical model tree.,818053
outputs/models/full_multiseed/seed_2026/parameter_scans/adaptive_ldp/lstm/retrain_attacker/best_lstm_adaptive_ldp_adaptive_edge_cap_on_retrain.pt,outputs/models/mock/seed_2026/lstm/adaptive_ldp/parameter_scan/lstm/retrain_attacker/best_lstm_adaptive_ldp_adaptive_edge_cap_on_retrain.pt,move,Move parameter scan model artifact to canonical model tree.,818053
outputs/models/full_multiseed/seed_2026/parameter_scans/adaptive_ldp/lstm/retrain_attacker/best_lstm_adaptive_ldp_adaptive_sensitivity_only_retrain.pt,outputs/models/mock/seed_2026/lstm/adaptive_ldp/parameter_scan/lstm/retrain_attacker/best_lstm_adaptive_ldp_adaptive_sensitivity_only_retrain.pt,move,Move parameter scan model artifact to canonical model tree.,818053
outputs/models/full_multiseed/seed_2026/parameter_scans/adaptive_ldp/lstm/retrain_attacker/best_lstm_adaptive_ldp_adaptive_strong_privacy_retrain.pt,outputs/models/mock/seed_2026/lstm/adaptive_ldp/parameter_scan/lstm/retrain_attacker/best_lstm_adaptive_ldp_adaptive_strong_privacy_retrain.pt,move,Move parameter scan model artifact to canonical model tree.,818053
outputs/models/full_multiseed/seed_2026/parameter_scans/adaptive_ldp/lstm/retrain_attacker/best_lstm_adaptive_ldp_adaptive_traffic_only_retrain.pt,outputs/models/mock/seed_2026/lstm/adaptive_ldp/parameter_scan/lstm/retrain_attacker/best_lstm_adaptive_ldp_adaptive_traffic_only_retrain.pt,move,Move parameter scan model artifact to canonical model tree.,818053
outputs/models/full_multiseed/seed_2026/parameter_scans/adaptive_ldp/lstm/retrain_attacker/best_lstm_adaptive_ldp_adaptive_weak_privacy_retrain.pt,outputs/models/mock/seed_2026/lstm/adaptive_ldp/parameter_scan/lstm/retrain_attacker/best_lstm_adaptive_ldp_adaptive_weak_privacy_retrain.pt,move,Move parameter scan model artifact to canonical model tree.,818053
outputs/models/full_multiseed/seed_2026/parameter_scans/adaptive_ldp/mlp/retrain_attacker/best_mlp_adaptive_ldp_adaptive_default_retrain.pt,outputs/models/mock/seed_2026/mlp/adaptive_ldp/parameter_scan/mlp/retrain_attacker/best_mlp_adaptive_ldp_adaptive_default_retrain.pt,move,Move parameter scan model artifact to canonical model tree.,192213
outputs/models/full_multiseed/seed_2026/parameter_scans/adaptive_ldp/mlp/retrain_attacker/best_mlp_adaptive_ldp_adaptive_edge_cap_on_retrain.pt,outputs/models/mock/seed_2026/mlp/adaptive_ldp/parameter_scan/mlp/retrain_attacker/best_mlp_adaptive_ldp_adaptive_edge_cap_on_retrain.pt,move,Move parameter scan model artifact to canonical model tree.,192213
outputs/models/full_multiseed/seed_2026/parameter_scans/adaptive_ldp/mlp/retrain_attacker/best_mlp_adaptive_ldp_adaptive_sensitivity_only_retrain.pt,outputs/models/mock/seed_2026/mlp/adaptive_ldp/parameter_scan/mlp/retrain_attacker/best_mlp_adaptive_ldp_adaptive_sensitivity_only_retrain.pt,move,Move parameter scan model artifact to canonical model tree.,192213
outputs/models/full_multiseed/seed_2026/parameter_scans/adaptive_ldp/mlp/retrain_attacker/best_mlp_adaptive_ldp_adaptive_strong_privacy_retrain.pt,outputs/models/mock/seed_2026/mlp/adaptive_ldp/parameter_scan/mlp/retrain_attacker/best_mlp_adaptive_ldp_adaptive_strong_privacy_retrain.pt,move,Move parameter scan model artifact to canonical model tree.,192213
outputs/models/full_multiseed/seed_2026/parameter_scans/adaptive_ldp/mlp/retrain_attacker/best_mlp_adaptive_ldp_adaptive_traffic_only_retrain.pt,outputs/models/mock/seed_2026/mlp/adaptive_ldp/parameter_scan/mlp/retrain_attacker/best_mlp_adaptive_ldp_adaptive_traffic_only_retrain.pt,move,Move parameter scan model artifact to canonical model tree.,192213
outputs/models/full_multiseed/seed_2026/parameter_scans/adaptive_ldp/mlp/retrain_attacker/best_mlp_adaptive_ldp_adaptive_weak_privacy_retrain.pt,outputs/models/mock/seed_2026/mlp/adaptive_ldp/parameter_scan/mlp/retrain_attacker/best_mlp_adaptive_ldp_adaptive_weak_privacy_retrain.pt,move,Move parameter scan model artifact to canonical model tree.,192213
outputs/models/full_multiseed/seed_2026/parameter_scans/ldp/lstm/retrain_attacker/best_lstm_ldp_epsilon_0p1_retrain.pt,outputs/models/mock/seed_2026/lstm/ldp/parameter_scan/lstm/retrain_attacker/best_lstm_ldp_epsilon_0p1_retrain.pt,move,Move parameter scan model artifact to canonical model tree.,818053
outputs/models/full_multiseed/seed_2026/parameter_scans/ldp/lstm/retrain_attacker/best_lstm_ldp_epsilon_0p5_retrain.pt,outputs/models/mock/seed_2026/lstm/ldp/parameter_scan/lstm/retrain_attacker/best_lstm_ldp_epsilon_0p5_retrain.pt,move,Move parameter scan model artifact to canonical model tree.,818053
outputs/models/full_multiseed/seed_2026/parameter_scans/ldp/lstm/retrain_attacker/best_lstm_ldp_epsilon_1p0_retrain.pt,outputs/models/mock/seed_2026/lstm/ldp/parameter_scan/lstm/retrain_attacker/best_lstm_ldp_epsilon_1p0_retrain.pt,move,Move parameter scan model artifact to canonical model tree.,818053
outputs/models/full_multiseed/seed_2026/parameter_scans/ldp/lstm/retrain_attacker/best_lstm_ldp_epsilon_2p0_retrain.pt,outputs/models/mock/seed_2026/lstm/ldp/parameter_scan/lstm/retrain_attacker/best_lstm_ldp_epsilon_2p0_retrain.pt,move,Move parameter scan model artifact to canonical model tree.,818053
outputs/models/full_multiseed/seed_2026/parameter_scans/ldp/lstm/retrain_attacker/best_lstm_ldp_epsilon_5p0_retrain.pt,outputs/models/mock/seed_2026/lstm/ldp/parameter_scan/lstm/retrain_attacker/best_lstm_ldp_epsilon_5p0_retrain.pt,move,Move parameter scan model artifact to canonical model tree.,818053
outputs/models/full_multiseed/seed_2026/parameter_scans/ldp/mlp/retrain_attacker/best_mlp_ldp_epsilon_0p1_retrain.pt,outputs/models/mock/seed_2026/mlp/ldp/parameter_scan/mlp/retrain_attacker/best_mlp_ldp_epsilon_0p1_retrain.pt,move,Move parameter scan model artifact to canonical model tree.,192213
outputs/models/full_multiseed/seed_2026/parameter_scans/ldp/mlp/retrain_attacker/best_mlp_ldp_epsilon_0p5_retrain.pt,outputs/models/mock/seed_2026/mlp/ldp/parameter_scan/mlp/retrain_attacker/best_mlp_ldp_epsilon_0p5_retrain.pt,move,Move parameter scan model artifact to canonical model tree.,192213
outputs/models/full_multiseed/seed_2026/parameter_scans/ldp/mlp/retrain_attacker/best_mlp_ldp_epsilon_1p0_retrain.pt,outputs/models/mock/seed_2026/mlp/ldp/parameter_scan/mlp/retrain_attacker/best_mlp_ldp_epsilon_1p0_retrain.pt,move,Move parameter scan model artifact to canonical model tree.,192213
outputs/models/full_multiseed/seed_2026/parameter_scans/ldp/mlp/retrain_attacker/best_mlp_ldp_epsilon_2p0_retrain.pt,outputs/models/mock/seed_2026/mlp/ldp/parameter_scan/mlp/retrain_attacker/best_mlp_ldp_epsilon_2p0_retrain.pt,move,Move parameter scan model artifact to canonical model tree.,192213
outputs/models/full_multiseed/seed_2026/parameter_scans/ldp/mlp/retrain_attacker/best_mlp_ldp_epsilon_5p0_retrain.pt,outputs/models/mock/seed_2026/mlp/ldp/parameter_scan/mlp/retrain_attacker/best_mlp_ldp_epsilon_5p0_retrain.pt,move,Move parameter scan model artifact to canonical model tree.,192213
outputs/models/full_multiseed/seed_2026/parameter_scans/noise/lstm/retrain_attacker/best_lstm_noise_noise_scale_0p1_retrain.pt,outputs/models/mock/seed_2026/lstm/noise/parameter_scan/lstm/retrain_attacker/best_lstm_noise_noise_scale_0p1_retrain.pt,move,Move parameter scan model artifact to canonical model tree.,818053
outputs/models/full_multiseed/seed_2026/parameter_scans/noise/lstm/retrain_attacker/best_lstm_noise_noise_scale_0p3_retrain.pt,outputs/models/mock/seed_2026/lstm/noise/parameter_scan/lstm/retrain_attacker/best_lstm_noise_noise_scale_0p3_retrain.pt,move,Move parameter scan model artifact to canonical model tree.,818053
outputs/models/full_multiseed/seed_2026/parameter_scans/noise/lstm/retrain_attacker/best_lstm_noise_noise_scale_0p5_retrain.pt,outputs/models/mock/seed_2026/lstm/noise/parameter_scan/lstm/retrain_attacker/best_lstm_noise_noise_scale_0p5_retrain.pt,move,Move parameter scan model artifact to canonical model tree.,818053
outputs/models/full_multiseed/seed_2026/parameter_scans/noise/lstm/retrain_attacker/best_lstm_noise_noise_scale_1p0_retrain.pt,outputs/models/mock/seed_2026/lstm/noise/parameter_scan/lstm/retrain_attacker/best_lstm_noise_noise_scale_1p0_retrain.pt,move,Move parameter scan model artifact to canonical model tree.,818053
outputs/models/full_multiseed/seed_2026/parameter_scans/noise/mlp/retrain_attacker/best_mlp_noise_noise_scale_0p1_retrain.pt,outputs/models/mock/seed_2026/mlp/noise/parameter_scan/mlp/retrain_attacker/best_mlp_noise_noise_scale_0p1_retrain.pt,move,Move parameter scan model artifact to canonical model tree.,192213
outputs/models/full_multiseed/seed_2026/parameter_scans/noise/mlp/retrain_attacker/best_mlp_noise_noise_scale_0p3_retrain.pt,outputs/models/mock/seed_2026/mlp/noise/parameter_scan/mlp/retrain_attacker/best_mlp_noise_noise_scale_0p3_retrain.pt,move,Move parameter scan model artifact to canonical model tree.,192213
outputs/models/full_multiseed/seed_2026/parameter_scans/noise/mlp/retrain_attacker/best_mlp_noise_noise_scale_0p5_retrain.pt,outputs/models/mock/seed_2026/mlp/noise/parameter_scan/mlp/retrain_attacker/best_mlp_noise_noise_scale_0p5_retrain.pt,move,Move parameter scan model artifact to canonical model tree.,192213
outputs/models/full_multiseed/seed_2026/parameter_scans/noise/mlp/retrain_attacker/best_mlp_noise_noise_scale_1p0_retrain.pt,outputs/models/mock/seed_2026/mlp/noise/parameter_scan/mlp/retrain_attacker/best_mlp_noise_noise_scale_1p0_retrain.pt,move,Move parameter scan model artifact to canonical model tree.,192213
outputs/models/full_multiseed/seed_42/best_lstm.pt,outputs/models/mock/seed_42/lstm/baseline/best_lstm.pt,move,Move model artifact to dataset/seed/model layout.,818053
outputs/models/full_multiseed/seed_42/best_lstm_adaptive_ldp_defended_retrain.pt,outputs/models/mock/seed_42/lstm/adaptive_ldp/retrain_attacker/best_lstm_adaptive_ldp_defended_retrain.pt,move,Move model artifact to dataset/seed/model layout.,818053
outputs/models/full_multiseed/seed_42/best_lstm_ldp_defended_retrain.pt,outputs/models/mock/seed_42/lstm/ldp/retrain_attacker/best_lstm_ldp_defended_retrain.pt,move,Move model artifact to dataset/seed/model layout.,818053
outputs/models/full_multiseed/seed_42/best_lstm_noise_defended_retrain.pt,outputs/models/mock/seed_42/lstm/noise/retrain_attacker/best_lstm_noise_defended_retrain.pt,move,Move model artifact to dataset/seed/model layout.,818053
outputs/models/full_multiseed/seed_42/best_mlp.pt,outputs/models/mock/seed_42/mlp/baseline/best_mlp.pt,move,Move model artifact to dataset/seed/model layout.,192213
outputs/models/full_multiseed/seed_42/best_mlp_adaptive_ldp_defended_retrain.pt,outputs/models/mock/seed_42/mlp/adaptive_ldp/retrain_attacker/best_mlp_adaptive_ldp_defended_retrain.pt,move,Move model artifact to dataset/seed/model layout.,192213
outputs/models/full_multiseed/seed_42/best_mlp_ldp_defended_retrain.pt,outputs/models/mock/seed_42/mlp/ldp/retrain_attacker/best_mlp_ldp_defended_retrain.pt,move,Move model artifact to dataset/seed/model layout.,192213
outputs/models/full_multiseed/seed_42/best_mlp_noise_defended_retrain.pt,outputs/models/mock/seed_42/mlp/noise/retrain_attacker/best_mlp_noise_defended_retrain.pt,move,Move model artifact to dataset/seed/model layout.,192213
outputs/models/full_multiseed/seed_42/parameter_scans/adaptive_ldp/lstm/retrain_attacker/best_lstm_adaptive_ldp_adaptive_default_retrain.pt,outputs/models/mock/seed_42/lstm/adaptive_ldp/parameter_scan/lstm/retrain_attacker/best_lstm_adaptive_ldp_adaptive_default_retrain.pt,move,Move parameter scan model artifact to canonical model tree.,818053
outputs/models/full_multiseed/seed_42/parameter_scans/adaptive_ldp/lstm/retrain_attacker/best_lstm_adaptive_ldp_adaptive_edge_cap_on_retrain.pt,outputs/models/mock/seed_42/lstm/adaptive_ldp/parameter_scan/lstm/retrain_attacker/best_lstm_adaptive_ldp_adaptive_edge_cap_on_retrain.pt,move,Move parameter scan model artifact to canonical model tree.,818053
outputs/models/full_multiseed/seed_42/parameter_scans/adaptive_ldp/lstm/retrain_attacker/best_lstm_adaptive_ldp_adaptive_sensitivity_only_retrain.pt,outputs/models/mock/seed_42/lstm/adaptive_ldp/parameter_scan/lstm/retrain_attacker/best_lstm_adaptive_ldp_adaptive_sensitivity_only_retrain.pt,move,Move parameter scan model artifact to canonical model tree.,818053
outputs/models/full_multiseed/seed_42/parameter_scans/adaptive_ldp/lstm/retrain_attacker/best_lstm_adaptive_ldp_adaptive_strong_privacy_retrain.pt,outputs/models/mock/seed_42/lstm/adaptive_ldp/parameter_scan/lstm/retrain_attacker/best_lstm_adaptive_ldp_adaptive_strong_privacy_retrain.pt,move,Move parameter scan model artifact to canonical model tree.,818053
outputs/models/full_multiseed/seed_42/parameter_scans/adaptive_ldp/lstm/retrain_attacker/best_lstm_adaptive_ldp_adaptive_traffic_only_retrain.pt,outputs/models/mock/seed_42/lstm/adaptive_ldp/parameter_scan/lstm/retrain_attacker/best_lstm_adaptive_ldp_adaptive_traffic_only_retrain.pt,move,Move parameter scan model artifact to canonical model tree.,818053
outputs/models/full_multiseed/seed_42/parameter_scans/adaptive_ldp/lstm/retrain_attacker/best_lstm_adaptive_ldp_adaptive_weak_privacy_retrain.pt,outputs/models/mock/seed_42/lstm/adaptive_ldp/parameter_scan/lstm/retrain_attacker/best_lstm_adaptive_ldp_adaptive_weak_privacy_retrain.pt,move,Move parameter scan model artifact to canonical model tree.,818053
outputs/models/full_multiseed/seed_42/parameter_scans/adaptive_ldp/mlp/retrain_attacker/best_mlp_adaptive_ldp_adaptive_default_retrain.pt,outputs/models/mock/seed_42/mlp/adaptive_ldp/parameter_scan/mlp/retrain_attacker/best_mlp_adaptive_ldp_adaptive_default_retrain.pt,move,Move parameter scan model artifact to canonical model tree.,192213
outputs/models/full_multiseed/seed_42/parameter_scans/adaptive_ldp/mlp/retrain_attacker/best_mlp_adaptive_ldp_adaptive_edge_cap_on_retrain.pt,outputs/models/mock/seed_42/mlp/adaptive_ldp/parameter_scan/mlp/retrain_attacker/best_mlp_adaptive_ldp_adaptive_edge_cap_on_retrain.pt,move,Move parameter scan model artifact to canonical model tree.,192213
outputs/models/full_multiseed/seed_42/parameter_scans/adaptive_ldp/mlp/retrain_attacker/best_mlp_adaptive_ldp_adaptive_sensitivity_only_retrain.pt,outputs/models/mock/seed_42/mlp/adaptive_ldp/parameter_scan/mlp/retrain_attacker/best_mlp_adaptive_ldp_adaptive_sensitivity_only_retrain.pt,move,Move parameter scan model artifact to canonical model tree.,192213
outputs/models/full_multiseed/seed_42/parameter_scans/adaptive_ldp/mlp/retrain_attacker/best_mlp_adaptive_ldp_adaptive_strong_privacy_retrain.pt,outputs/models/mock/seed_42/mlp/adaptive_ldp/parameter_scan/mlp/retrain_attacker/best_mlp_adaptive_ldp_adaptive_strong_privacy_retrain.pt,move,Move parameter scan model artifact to canonical model tree.,192213
outputs/models/full_multiseed/seed_42/parameter_scans/adaptive_ldp/mlp/retrain_attacker/best_mlp_adaptive_ldp_adaptive_traffic_only_retrain.pt,outputs/models/mock/seed_42/mlp/adaptive_ldp/parameter_scan/mlp/retrain_attacker/best_mlp_adaptive_ldp_adaptive_traffic_only_retrain.pt,move,Move parameter scan model artifact to canonical model tree.,192213
outputs/models/full_multiseed/seed_42/parameter_scans/adaptive_ldp/mlp/retrain_attacker/best_mlp_adaptive_ldp_adaptive_weak_privacy_retrain.pt,outputs/models/mock/seed_42/mlp/adaptive_ldp/parameter_scan/mlp/retrain_attacker/best_mlp_adaptive_ldp_adaptive_weak_privacy_retrain.pt,move,Move parameter scan model artifact to canonical model tree.,192213
outputs/models/full_multiseed/seed_42/parameter_scans/ldp/lstm/retrain_attacker/best_lstm_ldp_epsilon_0p1_retrain.pt,outputs/models/mock/seed_42/lstm/ldp/parameter_scan/lstm/retrain_attacker/best_lstm_ldp_epsilon_0p1_retrain.pt,move,Move parameter scan model artifact to canonical model tree.,818053
outputs/models/full_multiseed/seed_42/parameter_scans/ldp/lstm/retrain_attacker/best_lstm_ldp_epsilon_0p5_retrain.pt,outputs/models/mock/seed_42/lstm/ldp/parameter_scan/lstm/retrain_attacker/best_lstm_ldp_epsilon_0p5_retrain.pt,move,Move parameter scan model artifact to canonical model tree.,818053
outputs/models/full_multiseed/seed_42/parameter_scans/ldp/lstm/retrain_attacker/best_lstm_ldp_epsilon_1p0_retrain.pt,outputs/models/mock/seed_42/lstm/ldp/parameter_scan/lstm/retrain_attacker/best_lstm_ldp_epsilon_1p0_retrain.pt,move,Move parameter scan model artifact to canonical model tree.,818053
outputs/models/full_multiseed/seed_42/parameter_scans/ldp/lstm/retrain_attacker/best_lstm_ldp_epsilon_2p0_retrain.pt,outputs/models/mock/seed_42/lstm/ldp/parameter_scan/lstm/retrain_attacker/best_lstm_ldp_epsilon_2p0_retrain.pt,move,Move parameter scan model artifact to canonical model tree.,818053
outputs/models/full_multiseed/seed_42/parameter_scans/ldp/lstm/retrain_attacker/best_lstm_ldp_epsilon_5p0_retrain.pt,outputs/models/mock/seed_42/lstm/ldp/parameter_scan/lstm/retrain_attacker/best_lstm_ldp_epsilon_5p0_retrain.pt,move,Move parameter scan model artifact to canonical model tree.,818053
outputs/models/full_multiseed/seed_42/parameter_scans/ldp/mlp/retrain_attacker/best_mlp_ldp_epsilon_0p1_retrain.pt,outputs/models/mock/seed_42/mlp/ldp/parameter_scan/mlp/retrain_attacker/best_mlp_ldp_epsilon_0p1_retrain.pt,move,Move parameter scan model artifact to canonical model tree.,192213
outputs/models/full_multiseed/seed_42/parameter_scans/ldp/mlp/retrain_attacker/best_mlp_ldp_epsilon_0p5_retrain.pt,outputs/models/mock/seed_42/mlp/ldp/parameter_scan/mlp/retrain_attacker/best_mlp_ldp_epsilon_0p5_retrain.pt,move,Move parameter scan model artifact to canonical model tree.,192213
outputs/models/full_multiseed/seed_42/parameter_scans/ldp/mlp/retrain_attacker/best_mlp_ldp_epsilon_1p0_retrain.pt,outputs/models/mock/seed_42/mlp/ldp/parameter_scan/mlp/retrain_attacker/best_mlp_ldp_epsilon_1p0_retrain.pt,move,Move parameter scan model artifact to canonical model tree.,192213
outputs/models/full_multiseed/seed_42/parameter_scans/ldp/mlp/retrain_attacker/best_mlp_ldp_epsilon_2p0_retrain.pt,outputs/models/mock/seed_42/mlp/ldp/parameter_scan/mlp/retrain_attacker/best_mlp_ldp_epsilon_2p0_retrain.pt,move,Move parameter scan model artifact to canonical model tree.,192213
outputs/models/full_multiseed/seed_42/parameter_scans/ldp/mlp/retrain_attacker/best_mlp_ldp_epsilon_5p0_retrain.pt,outputs/models/mock/seed_42/mlp/ldp/parameter_scan/mlp/retrain_attacker/best_mlp_ldp_epsilon_5p0_retrain.pt,move,Move parameter scan model artifact to canonical model tree.,192213
outputs/models/full_multiseed/seed_42/parameter_scans/noise/lstm/retrain_attacker/best_lstm_noise_noise_scale_0p1_retrain.pt,outputs/models/mock/seed_42/lstm/noise/parameter_scan/lstm/retrain_attacker/best_lstm_noise_noise_scale_0p1_retrain.pt,move,Move parameter scan model artifact to canonical model tree.,818053
outputs/models/full_multiseed/seed_42/parameter_scans/noise/lstm/retrain_attacker/best_lstm_noise_noise_scale_0p3_retrain.pt,outputs/models/mock/seed_42/lstm/noise/parameter_scan/lstm/retrain_attacker/best_lstm_noise_noise_scale_0p3_retrain.pt,move,Move parameter scan model artifact to canonical model tree.,818053
outputs/models/full_multiseed/seed_42/parameter_scans/noise/lstm/retrain_attacker/best_lstm_noise_noise_scale_0p5_retrain.pt,outputs/models/mock/seed_42/lstm/noise/parameter_scan/lstm/retrain_attacker/best_lstm_noise_noise_scale_0p5_retrain.pt,move,Move parameter scan model artifact to canonical model tree.,818053
outputs/models/full_multiseed/seed_42/parameter_scans/noise/lstm/retrain_attacker/best_lstm_noise_noise_scale_1p0_retrain.pt,outputs/models/mock/seed_42/lstm/noise/parameter_scan/lstm/retrain_attacker/best_lstm_noise_noise_scale_1p0_retrain.pt,move,Move parameter scan model artifact to canonical model tree.,818053
outputs/models/full_multiseed/seed_42/parameter_scans/noise/mlp/retrain_attacker/best_mlp_noise_noise_scale_0p1_retrain.pt,outputs/models/mock/seed_42/mlp/noise/parameter_scan/mlp/retrain_attacker/best_mlp_noise_noise_scale_0p1_retrain.pt,move,Move parameter scan model artifact to canonical model tree.,192213
outputs/models/full_multiseed/seed_42/parameter_scans/noise/mlp/retrain_attacker/best_mlp_noise_noise_scale_0p3_retrain.pt,outputs/models/mock/seed_42/mlp/noise/parameter_scan/mlp/retrain_attacker/best_mlp_noise_noise_scale_0p3_retrain.pt,move,Move parameter scan model artifact to canonical model tree.,192213
outputs/models/full_multiseed/seed_42/parameter_scans/noise/mlp/retrain_attacker/best_mlp_noise_noise_scale_0p5_retrain.pt,outputs/models/mock/seed_42/mlp/noise/parameter_scan/mlp/retrain_attacker/best_mlp_noise_noise_scale_0p5_retrain.pt,move,Move parameter scan model artifact to canonical model tree.,192213
outputs/models/full_multiseed/seed_42/parameter_scans/noise/mlp/retrain_attacker/best_mlp_noise_noise_scale_1p0_retrain.pt,outputs/models/mock/seed_42/mlp/noise/parameter_scan/mlp/retrain_attacker/best_mlp_noise_noise_scale_1p0_retrain.pt,move,Move parameter scan model artifact to canonical model tree.,192213
outputs/models/real_public_benchmark/uci_har/seed_123/best_lstm.pt,outputs/models/uci_har/seed_123/lstm/baseline/best_lstm.pt,move,Move model artifact to dataset/seed/model layout.,820805
outputs/models/real_public_benchmark/uci_har/seed_123/best_lstm_uci_har_adaptive_ldp_defended_retrain.pt,outputs/models/uci_har/seed_123/lstm/adaptive_ldp/retrain_attacker/best_lstm_uci_har_adaptive_ldp_defended_retrain.pt,move,Move model artifact to dataset/seed/model layout.,820805
outputs/models/real_public_benchmark/uci_har/seed_123/best_lstm_uci_har_ldp_defended_retrain.pt,outputs/models/uci_har/seed_123/lstm/ldp/retrain_attacker/best_lstm_uci_har_ldp_defended_retrain.pt,move,Move model artifact to dataset/seed/model layout.,820805
outputs/models/real_public_benchmark/uci_har/seed_123/best_lstm_uci_har_noise_defended_retrain.pt,outputs/models/uci_har/seed_123/lstm/noise/retrain_attacker/best_lstm_uci_har_noise_defended_retrain.pt,move,Move model artifact to dataset/seed/model layout.,820805
outputs/models/real_public_benchmark/uci_har/seed_123/best_mlp.pt,outputs/models/uci_har/seed_123/mlp/baseline/best_mlp.pt,move,Move model artifact to dataset/seed/model layout.,199061
outputs/models/real_public_benchmark/uci_har/seed_123/best_mlp_uci_har_adaptive_ldp_defended_retrain.pt,outputs/models/uci_har/seed_123/mlp/adaptive_ldp/retrain_attacker/best_mlp_uci_har_adaptive_ldp_defended_retrain.pt,move,Move model artifact to dataset/seed/model layout.,199061
outputs/models/real_public_benchmark/uci_har/seed_123/best_mlp_uci_har_ldp_defended_retrain.pt,outputs/models/uci_har/seed_123/mlp/ldp/retrain_attacker/best_mlp_uci_har_ldp_defended_retrain.pt,move,Move model artifact to dataset/seed/model layout.,199061
outputs/models/real_public_benchmark/uci_har/seed_123/best_mlp_uci_har_noise_defended_retrain.pt,outputs/models/uci_har/seed_123/mlp/noise/retrain_attacker/best_mlp_uci_har_noise_defended_retrain.pt,move,Move model artifact to dataset/seed/model layout.,199061
outputs/models/real_public_benchmark/uci_har/seed_123/parameter_scans/adaptive_ldp/lstm/retrain_attacker/best_lstm_adaptive_ldp_adaptive_default_retrain.pt,outputs/models/uci_har/seed_123/lstm/adaptive_ldp/parameter_scan/lstm/retrain_attacker/best_lstm_adaptive_ldp_adaptive_default_retrain.pt,move,Move parameter scan model artifact to canonical model tree.,820805
outputs/models/real_public_benchmark/uci_har/seed_123/parameter_scans/adaptive_ldp/lstm/retrain_attacker/best_lstm_adaptive_ldp_adaptive_edge_cap_on_retrain.pt,outputs/models/uci_har/seed_123/lstm/adaptive_ldp/parameter_scan/lstm/retrain_attacker/best_lstm_adaptive_ldp_adaptive_edge_cap_on_retrain.pt,move,Move parameter scan model artifact to canonical model tree.,820805
outputs/models/real_public_benchmark/uci_har/seed_123/parameter_scans/adaptive_ldp/lstm/retrain_attacker/best_lstm_adaptive_ldp_adaptive_sensitivity_only_retrain.pt,outputs/models/uci_har/seed_123/lstm/adaptive_ldp/parameter_scan/lstm/retrain_attacker/best_lstm_adaptive_ldp_adaptive_sensitivity_only_retrain.pt,move,Move parameter scan model artifact to canonical model tree.,820805
outputs/models/real_public_benchmark/uci_har/seed_123/parameter_scans/adaptive_ldp/lstm/retrain_attacker/best_lstm_adaptive_ldp_adaptive_strong_privacy_retrain.pt,outputs/models/uci_har/seed_123/lstm/adaptive_ldp/parameter_scan/lstm/retrain_attacker/best_lstm_adaptive_ldp_adaptive_strong_privacy_retrain.pt,move,Move parameter scan model artifact to canonical model tree.,820805
outputs/models/real_public_benchmark/uci_har/seed_123/parameter_scans/adaptive_ldp/lstm/retrain_attacker/best_lstm_adaptive_ldp_adaptive_traffic_only_retrain.pt,outputs/models/uci_har/seed_123/lstm/adaptive_ldp/parameter_scan/lstm/retrain_attacker/best_lstm_adaptive_ldp_adaptive_traffic_only_retrain.pt,move,Move parameter scan model artifact to canonical model tree.,820805
outputs/models/real_public_benchmark/uci_har/seed_123/parameter_scans/adaptive_ldp/lstm/retrain_attacker/best_lstm_adaptive_ldp_adaptive_weak_privacy_retrain.pt,outputs/models/uci_har/seed_123/lstm/adaptive_ldp/parameter_scan/lstm/retrain_attacker/best_lstm_adaptive_ldp_adaptive_weak_privacy_retrain.pt,move,Move parameter scan model artifact to canonical model tree.,820805
outputs/models/real_public_benchmark/uci_har/seed_123/parameter_scans/adaptive_ldp/mlp/retrain_attacker/best_mlp_adaptive_ldp_adaptive_default_retrain.pt,outputs/models/uci_har/seed_123/mlp/adaptive_ldp/parameter_scan/mlp/retrain_attacker/best_mlp_adaptive_ldp_adaptive_default_retrain.pt,move,Move parameter scan model artifact to canonical model tree.,199061
outputs/models/real_public_benchmark/uci_har/seed_123/parameter_scans/adaptive_ldp/mlp/retrain_attacker/best_mlp_adaptive_ldp_adaptive_edge_cap_on_retrain.pt,outputs/models/uci_har/seed_123/mlp/adaptive_ldp/parameter_scan/mlp/retrain_attacker/best_mlp_adaptive_ldp_adaptive_edge_cap_on_retrain.pt,move,Move parameter scan model artifact to canonical model tree.,199061
outputs/models/real_public_benchmark/uci_har/seed_123/parameter_scans/adaptive_ldp/mlp/retrain_attacker/best_mlp_adaptive_ldp_adaptive_sensitivity_only_retrain.pt,outputs/models/uci_har/seed_123/mlp/adaptive_ldp/parameter_scan/mlp/retrain_attacker/best_mlp_adaptive_ldp_adaptive_sensitivity_only_retrain.pt,move,Move parameter scan model artifact to canonical model tree.,199061
outputs/models/real_public_benchmark/uci_har/seed_123/parameter_scans/adaptive_ldp/mlp/retrain_attacker/best_mlp_adaptive_ldp_adaptive_strong_privacy_retrain.pt,outputs/models/uci_har/seed_123/mlp/adaptive_ldp/parameter_scan/mlp/retrain_attacker/best_mlp_adaptive_ldp_adaptive_strong_privacy_retrain.pt,move,Move parameter scan model artifact to canonical model tree.,199061
outputs/models/real_public_benchmark/uci_har/seed_123/parameter_scans/adaptive_ldp/mlp/retrain_attacker/best_mlp_adaptive_ldp_adaptive_traffic_only_retrain.pt,outputs/models/uci_har/seed_123/mlp/adaptive_ldp/parameter_scan/mlp/retrain_attacker/best_mlp_adaptive_ldp_adaptive_traffic_only_retrain.pt,move,Move parameter scan model artifact to canonical model tree.,199061
outputs/models/real_public_benchmark/uci_har/seed_123/parameter_scans/adaptive_ldp/mlp/retrain_attacker/best_mlp_adaptive_ldp_adaptive_weak_privacy_retrain.pt,outputs/models/uci_har/seed_123/mlp/adaptive_ldp/parameter_scan/mlp/retrain_attacker/best_mlp_adaptive_ldp_adaptive_weak_privacy_retrain.pt,move,Move parameter scan model artifact to canonical model tree.,199061
outputs/models/real_public_benchmark/uci_har/seed_123/parameter_scans/ldp/seed_123/lstm/epsilon/best_lstm_ldp_epsilon_0p1_retrain.pt,outputs/models/uci_har/seed_123/lstm/ldp/parameter_scan/seed_123/lstm/epsilon/best_lstm_ldp_epsilon_0p1_retrain.pt,move,Move parameter scan model artifact to canonical model tree.,820805
outputs/models/real_public_benchmark/uci_har/seed_123/parameter_scans/ldp/seed_123/lstm/epsilon/best_lstm_ldp_epsilon_0p5_retrain.pt,outputs/models/uci_har/seed_123/lstm/ldp/parameter_scan/seed_123/lstm/epsilon/best_lstm_ldp_epsilon_0p5_retrain.pt,move,Move parameter scan model artifact to canonical model tree.,820805
outputs/models/real_public_benchmark/uci_har/seed_123/parameter_scans/ldp/seed_123/lstm/epsilon/best_lstm_ldp_epsilon_1p0_retrain.pt,outputs/models/uci_har/seed_123/lstm/ldp/parameter_scan/seed_123/lstm/epsilon/best_lstm_ldp_epsilon_1p0_retrain.pt,move,Move parameter scan model artifact to canonical model tree.,820805
outputs/models/real_public_benchmark/uci_har/seed_123/parameter_scans/ldp/seed_123/lstm/epsilon/best_lstm_ldp_epsilon_2p0_retrain.pt,outputs/models/uci_har/seed_123/lstm/ldp/parameter_scan/seed_123/lstm/epsilon/best_lstm_ldp_epsilon_2p0_retrain.pt,move,Move parameter scan model artifact to canonical model tree.,820805
outputs/models/real_public_benchmark/uci_har/seed_123/parameter_scans/ldp/seed_123/lstm/epsilon/best_lstm_ldp_epsilon_5p0_retrain.pt,outputs/models/uci_har/seed_123/lstm/ldp/parameter_scan/seed_123/lstm/epsilon/best_lstm_ldp_epsilon_5p0_retrain.pt,move,Move parameter scan model artifact to canonical model tree.,820805
outputs/models/real_public_benchmark/uci_har/seed_123/parameter_scans/ldp/seed_123/mlp/epsilon/best_mlp_ldp_epsilon_0p1_retrain.pt,outputs/models/uci_har/seed_123/mlp/ldp/parameter_scan/seed_123/mlp/epsilon/best_mlp_ldp_epsilon_0p1_retrain.pt,move,Move parameter scan model artifact to canonical model tree.,199061
outputs/models/real_public_benchmark/uci_har/seed_123/parameter_scans/ldp/seed_123/mlp/epsilon/best_mlp_ldp_epsilon_0p5_retrain.pt,outputs/models/uci_har/seed_123/mlp/ldp/parameter_scan/seed_123/mlp/epsilon/best_mlp_ldp_epsilon_0p5_retrain.pt,move,Move parameter scan model artifact to canonical model tree.,199061
outputs/models/real_public_benchmark/uci_har/seed_123/parameter_scans/ldp/seed_123/mlp/epsilon/best_mlp_ldp_epsilon_1p0_retrain.pt,outputs/models/uci_har/seed_123/mlp/ldp/parameter_scan/seed_123/mlp/epsilon/best_mlp_ldp_epsilon_1p0_retrain.pt,move,Move parameter scan model artifact to canonical model tree.,199061
outputs/models/real_public_benchmark/uci_har/seed_123/parameter_scans/ldp/seed_123/mlp/epsilon/best_mlp_ldp_epsilon_2p0_retrain.pt,outputs/models/uci_har/seed_123/mlp/ldp/parameter_scan/seed_123/mlp/epsilon/best_mlp_ldp_epsilon_2p0_retrain.pt,move,Move parameter scan model artifact to canonical model tree.,199061
outputs/models/real_public_benchmark/uci_har/seed_123/parameter_scans/ldp/seed_123/mlp/epsilon/best_mlp_ldp_epsilon_5p0_retrain.pt,outputs/models/uci_har/seed_123/mlp/ldp/parameter_scan/seed_123/mlp/epsilon/best_mlp_ldp_epsilon_5p0_retrain.pt,move,Move parameter scan model artifact to canonical model tree.,199061
outputs/models/real_public_benchmark/uci_har/seed_123/parameter_scans/noise/seed_123/lstm/noise_scale/best_lstm_noise_noise_scale_0p1_retrain.pt,outputs/models/uci_har/seed_123/lstm/noise/parameter_scan/seed_123/lstm/noise_scale/best_lstm_noise_noise_scale_0p1_retrain.pt,move,Move parameter scan model artifact to canonical model tree.,820805
outputs/models/real_public_benchmark/uci_har/seed_123/parameter_scans/noise/seed_123/lstm/noise_scale/best_lstm_noise_noise_scale_0p3_retrain.pt,outputs/models/uci_har/seed_123/lstm/noise/parameter_scan/seed_123/lstm/noise_scale/best_lstm_noise_noise_scale_0p3_retrain.pt,move,Move parameter scan model artifact to canonical model tree.,820805
outputs/models/real_public_benchmark/uci_har/seed_123/parameter_scans/noise/seed_123/lstm/noise_scale/best_lstm_noise_noise_scale_0p5_retrain.pt,outputs/models/uci_har/seed_123/lstm/noise/parameter_scan/seed_123/lstm/noise_scale/best_lstm_noise_noise_scale_0p5_retrain.pt,move,Move parameter scan model artifact to canonical model tree.,820805
outputs/models/real_public_benchmark/uci_har/seed_123/parameter_scans/noise/seed_123/lstm/noise_scale/best_lstm_noise_noise_scale_1p0_retrain.pt,outputs/models/uci_har/seed_123/lstm/noise/parameter_scan/seed_123/lstm/noise_scale/best_lstm_noise_noise_scale_1p0_retrain.pt,move,Move parameter scan model artifact to canonical model tree.,820805
outputs/models/real_public_benchmark/uci_har/seed_123/parameter_scans/noise/seed_123/mlp/noise_scale/best_mlp_noise_noise_scale_0p1_retrain.pt,outputs/models/uci_har/seed_123/mlp/noise/parameter_scan/seed_123/mlp/noise_scale/best_mlp_noise_noise_scale_0p1_retrain.pt,move,Move parameter scan model artifact to canonical model tree.,199061
outputs/models/real_public_benchmark/uci_har/seed_123/parameter_scans/noise/seed_123/mlp/noise_scale/best_mlp_noise_noise_scale_0p3_retrain.pt,outputs/models/uci_har/seed_123/mlp/noise/parameter_scan/seed_123/mlp/noise_scale/best_mlp_noise_noise_scale_0p3_retrain.pt,move,Move parameter scan model artifact to canonical model tree.,199061
outputs/models/real_public_benchmark/uci_har/seed_123/parameter_scans/noise/seed_123/mlp/noise_scale/best_mlp_noise_noise_scale_0p5_retrain.pt,outputs/models/uci_har/seed_123/mlp/noise/parameter_scan/seed_123/mlp/noise_scale/best_mlp_noise_noise_scale_0p5_retrain.pt,move,Move parameter scan model artifact to canonical model tree.,199061
outputs/models/real_public_benchmark/uci_har/seed_123/parameter_scans/noise/seed_123/mlp/noise_scale/best_mlp_noise_noise_scale_1p0_retrain.pt,outputs/models/uci_har/seed_123/mlp/noise/parameter_scan/seed_123/mlp/noise_scale/best_mlp_noise_noise_scale_1p0_retrain.pt,move,Move parameter scan model artifact to canonical model tree.,199061
outputs/models/real_public_benchmark/uci_har/seed_2026/best_lstm.pt,outputs/models/uci_har/seed_2026/lstm/baseline/best_lstm.pt,move,Move model artifact to dataset/seed/model layout.,820805
outputs/models/real_public_benchmark/uci_har/seed_2026/best_lstm_uci_har_adaptive_ldp_defended_retrain.pt,outputs/models/uci_har/seed_2026/lstm/adaptive_ldp/retrain_attacker/best_lstm_uci_har_adaptive_ldp_defended_retrain.pt,move,Move model artifact to dataset/seed/model layout.,820805
outputs/models/real_public_benchmark/uci_har/seed_2026/best_lstm_uci_har_ldp_defended_retrain.pt,outputs/models/uci_har/seed_2026/lstm/ldp/retrain_attacker/best_lstm_uci_har_ldp_defended_retrain.pt,move,Move model artifact to dataset/seed/model layout.,820805
outputs/models/real_public_benchmark/uci_har/seed_2026/best_lstm_uci_har_noise_defended_retrain.pt,outputs/models/uci_har/seed_2026/lstm/noise/retrain_attacker/best_lstm_uci_har_noise_defended_retrain.pt,move,Move model artifact to dataset/seed/model layout.,820805
outputs/models/real_public_benchmark/uci_har/seed_2026/best_mlp.pt,outputs/models/uci_har/seed_2026/mlp/baseline/best_mlp.pt,move,Move model artifact to dataset/seed/model layout.,199061
outputs/models/real_public_benchmark/uci_har/seed_2026/best_mlp_uci_har_adaptive_ldp_defended_retrain.pt,outputs/models/uci_har/seed_2026/mlp/adaptive_ldp/retrain_attacker/best_mlp_uci_har_adaptive_ldp_defended_retrain.pt,move,Move model artifact to dataset/seed/model layout.,199061
outputs/models/real_public_benchmark/uci_har/seed_2026/best_mlp_uci_har_ldp_defended_retrain.pt,outputs/models/uci_har/seed_2026/mlp/ldp/retrain_attacker/best_mlp_uci_har_ldp_defended_retrain.pt,move,Move model artifact to dataset/seed/model layout.,199061
outputs/models/real_public_benchmark/uci_har/seed_2026/best_mlp_uci_har_noise_defended_retrain.pt,outputs/models/uci_har/seed_2026/mlp/noise/retrain_attacker/best_mlp_uci_har_noise_defended_retrain.pt,move,Move model artifact to dataset/seed/model layout.,199061
outputs/models/real_public_benchmark/uci_har/seed_2026/parameter_scans/adaptive_ldp/lstm/retrain_attacker/best_lstm_adaptive_ldp_adaptive_default_retrain.pt,outputs/models/uci_har/seed_2026/lstm/adaptive_ldp/parameter_scan/lstm/retrain_attacker/best_lstm_adaptive_ldp_adaptive_default_retrain.pt,move,Move parameter scan model artifact to canonical model tree.,820805
outputs/models/real_public_benchmark/uci_har/seed_2026/parameter_scans/adaptive_ldp/lstm/retrain_attacker/best_lstm_adaptive_ldp_adaptive_edge_cap_on_retrain.pt,outputs/models/uci_har/seed_2026/lstm/adaptive_ldp/parameter_scan/lstm/retrain_attacker/best_lstm_adaptive_ldp_adaptive_edge_cap_on_retrain.pt,move,Move parameter scan model artifact to canonical model tree.,820805
outputs/models/real_public_benchmark/uci_har/seed_2026/parameter_scans/adaptive_ldp/lstm/retrain_attacker/best_lstm_adaptive_ldp_adaptive_sensitivity_only_retrain.pt,outputs/models/uci_har/seed_2026/lstm/adaptive_ldp/parameter_scan/lstm/retrain_attacker/best_lstm_adaptive_ldp_adaptive_sensitivity_only_retrain.pt,move,Move parameter scan model artifact to canonical model tree.,820805
outputs/models/real_public_benchmark/uci_har/seed_2026/parameter_scans/adaptive_ldp/lstm/retrain_attacker/best_lstm_adaptive_ldp_adaptive_strong_privacy_retrain.pt,outputs/models/uci_har/seed_2026/lstm/adaptive_ldp/parameter_scan/lstm/retrain_attacker/best_lstm_adaptive_ldp_adaptive_strong_privacy_retrain.pt,move,Move parameter scan model artifact to canonical model tree.,820805
outputs/models/real_public_benchmark/uci_har/seed_2026/parameter_scans/adaptive_ldp/lstm/retrain_attacker/best_lstm_adaptive_ldp_adaptive_traffic_only_retrain.pt,outputs/models/uci_har/seed_2026/lstm/adaptive_ldp/parameter_scan/lstm/retrain_attacker/best_lstm_adaptive_ldp_adaptive_traffic_only_retrain.pt,move,Move parameter scan model artifact to canonical model tree.,820805
outputs/models/real_public_benchmark/uci_har/seed_2026/parameter_scans/adaptive_ldp/lstm/retrain_attacker/best_lstm_adaptive_ldp_adaptive_weak_privacy_retrain.pt,outputs/models/uci_har/seed_2026/lstm/adaptive_ldp/parameter_scan/lstm/retrain_attacker/best_lstm_adaptive_ldp_adaptive_weak_privacy_retrain.pt,move,Move parameter scan model artifact to canonical model tree.,820805
outputs/models/real_public_benchmark/uci_har/seed_2026/parameter_scans/adaptive_ldp/mlp/retrain_attacker/best_mlp_adaptive_ldp_adaptive_default_retrain.pt,outputs/models/uci_har/seed_2026/mlp/adaptive_ldp/parameter_scan/mlp/retrain_attacker/best_mlp_adaptive_ldp_adaptive_default_retrain.pt,move,Move parameter scan model artifact to canonical model tree.,199061
outputs/models/real_public_benchmark/uci_har/seed_2026/parameter_scans/adaptive_ldp/mlp/retrain_attacker/best_mlp_adaptive_ldp_adaptive_edge_cap_on_retrain.pt,outputs/models/uci_har/seed_2026/mlp/adaptive_ldp/parameter_scan/mlp/retrain_attacker/best_mlp_adaptive_ldp_adaptive_edge_cap_on_retrain.pt,move,Move parameter scan model artifact to canonical model tree.,199061
outputs/models/real_public_benchmark/uci_har/seed_2026/parameter_scans/adaptive_ldp/mlp/retrain_attacker/best_mlp_adaptive_ldp_adaptive_sensitivity_only_retrain.pt,outputs/models/uci_har/seed_2026/mlp/adaptive_ldp/parameter_scan/mlp/retrain_attacker/best_mlp_adaptive_ldp_adaptive_sensitivity_only_retrain.pt,move,Move parameter scan model artifact to canonical model tree.,199061
outputs/models/real_public_benchmark/uci_har/seed_2026/parameter_scans/adaptive_ldp/mlp/retrain_attacker/best_mlp_adaptive_ldp_adaptive_strong_privacy_retrain.pt,outputs/models/uci_har/seed_2026/mlp/adaptive_ldp/parameter_scan/mlp/retrain_attacker/best_mlp_adaptive_ldp_adaptive_strong_privacy_retrain.pt,move,Move parameter scan model artifact to canonical model tree.,199061
outputs/models/real_public_benchmark/uci_har/seed_2026/parameter_scans/adaptive_ldp/mlp/retrain_attacker/best_mlp_adaptive_ldp_adaptive_traffic_only_retrain.pt,outputs/models/uci_har/seed_2026/mlp/adaptive_ldp/parameter_scan/mlp/retrain_attacker/best_mlp_adaptive_ldp_adaptive_traffic_only_retrain.pt,move,Move parameter scan model artifact to canonical model tree.,199061
outputs/models/real_public_benchmark/uci_har/seed_2026/parameter_scans/adaptive_ldp/mlp/retrain_attacker/best_mlp_adaptive_ldp_adaptive_weak_privacy_retrain.pt,outputs/models/uci_har/seed_2026/mlp/adaptive_ldp/parameter_scan/mlp/retrain_attacker/best_mlp_adaptive_ldp_adaptive_weak_privacy_retrain.pt,move,Move parameter scan model artifact to canonical model tree.,199061
outputs/models/real_public_benchmark/uci_har/seed_2026/parameter_scans/ldp/seed_2026/lstm/epsilon/best_lstm_ldp_epsilon_0p1_retrain.pt,outputs/models/uci_har/seed_2026/lstm/ldp/parameter_scan/seed_2026/lstm/epsilon/best_lstm_ldp_epsilon_0p1_retrain.pt,move,Move parameter scan model artifact to canonical model tree.,820805
outputs/models/real_public_benchmark/uci_har/seed_2026/parameter_scans/ldp/seed_2026/lstm/epsilon/best_lstm_ldp_epsilon_0p5_retrain.pt,outputs/models/uci_har/seed_2026/lstm/ldp/parameter_scan/seed_2026/lstm/epsilon/best_lstm_ldp_epsilon_0p5_retrain.pt,move,Move parameter scan model artifact to canonical model tree.,820805
outputs/models/real_public_benchmark/uci_har/seed_2026/parameter_scans/ldp/seed_2026/lstm/epsilon/best_lstm_ldp_epsilon_1p0_retrain.pt,outputs/models/uci_har/seed_2026/lstm/ldp/parameter_scan/seed_2026/lstm/epsilon/best_lstm_ldp_epsilon_1p0_retrain.pt,move,Move parameter scan model artifact to canonical model tree.,820805
outputs/models/real_public_benchmark/uci_har/seed_2026/parameter_scans/ldp/seed_2026/lstm/epsilon/best_lstm_ldp_epsilon_2p0_retrain.pt,outputs/models/uci_har/seed_2026/lstm/ldp/parameter_scan/seed_2026/lstm/epsilon/best_lstm_ldp_epsilon_2p0_retrain.pt,move,Move parameter scan model artifact to canonical model tree.,820805
outputs/models/real_public_benchmark/uci_har/seed_2026/parameter_scans/ldp/seed_2026/lstm/epsilon/best_lstm_ldp_epsilon_5p0_retrain.pt,outputs/models/uci_har/seed_2026/lstm/ldp/parameter_scan/seed_2026/lstm/epsilon/best_lstm_ldp_epsilon_5p0_retrain.pt,move,Move parameter scan model artifact to canonical model tree.,820805
outputs/models/real_public_benchmark/uci_har/seed_2026/parameter_scans/ldp/seed_2026/mlp/epsilon/best_mlp_ldp_epsilon_0p1_retrain.pt,outputs/models/uci_har/seed_2026/mlp/ldp/parameter_scan/seed_2026/mlp/epsilon/best_mlp_ldp_epsilon_0p1_retrain.pt,move,Move parameter scan model artifact to canonical model tree.,199061
outputs/models/real_public_benchmark/uci_har/seed_2026/parameter_scans/ldp/seed_2026/mlp/epsilon/best_mlp_ldp_epsilon_0p5_retrain.pt,outputs/models/uci_har/seed_2026/mlp/ldp/parameter_scan/seed_2026/mlp/epsilon/best_mlp_ldp_epsilon_0p5_retrain.pt,move,Move parameter scan model artifact to canonical model tree.,199061
outputs/models/real_public_benchmark/uci_har/seed_2026/parameter_scans/ldp/seed_2026/mlp/epsilon/best_mlp_ldp_epsilon_1p0_retrain.pt,outputs/models/uci_har/seed_2026/mlp/ldp/parameter_scan/seed_2026/mlp/epsilon/best_mlp_ldp_epsilon_1p0_retrain.pt,move,Move parameter scan model artifact to canonical model tree.,199061
outputs/models/real_public_benchmark/uci_har/seed_2026/parameter_scans/ldp/seed_2026/mlp/epsilon/best_mlp_ldp_epsilon_2p0_retrain.pt,outputs/models/uci_har/seed_2026/mlp/ldp/parameter_scan/seed_2026/mlp/epsilon/best_mlp_ldp_epsilon_2p0_retrain.pt,move,Move parameter scan model artifact to canonical model tree.,199061
outputs/models/real_public_benchmark/uci_har/seed_2026/parameter_scans/ldp/seed_2026/mlp/epsilon/best_mlp_ldp_epsilon_5p0_retrain.pt,outputs/models/uci_har/seed_2026/mlp/ldp/parameter_scan/seed_2026/mlp/epsilon/best_mlp_ldp_epsilon_5p0_retrain.pt,move,Move parameter scan model artifact to canonical model tree.,199061
outputs/models/real_public_benchmark/uci_har/seed_2026/parameter_scans/noise/seed_2026/lstm/noise_scale/best_lstm_noise_noise_scale_0p1_retrain.pt,outputs/models/uci_har/seed_2026/lstm/noise/parameter_scan/seed_2026/lstm/noise_scale/best_lstm_noise_noise_scale_0p1_retrain.pt,move,Move parameter scan model artifact to canonical model tree.,820805
outputs/models/real_public_benchmark/uci_har/seed_2026/parameter_scans/noise/seed_2026/lstm/noise_scale/best_lstm_noise_noise_scale_0p3_retrain.pt,outputs/models/uci_har/seed_2026/lstm/noise/parameter_scan/seed_2026/lstm/noise_scale/best_lstm_noise_noise_scale_0p3_retrain.pt,move,Move parameter scan model artifact to canonical model tree.,820805
outputs/models/real_public_benchmark/uci_har/seed_2026/parameter_scans/noise/seed_2026/lstm/noise_scale/best_lstm_noise_noise_scale_0p5_retrain.pt,outputs/models/uci_har/seed_2026/lstm/noise/parameter_scan/seed_2026/lstm/noise_scale/best_lstm_noise_noise_scale_0p5_retrain.pt,move,Move parameter scan model artifact to canonical model tree.,820805
outputs/models/real_public_benchmark/uci_har/seed_2026/parameter_scans/noise/seed_2026/lstm/noise_scale/best_lstm_noise_noise_scale_1p0_retrain.pt,outputs/models/uci_har/seed_2026/lstm/noise/parameter_scan/seed_2026/lstm/noise_scale/best_lstm_noise_noise_scale_1p0_retrain.pt,move,Move parameter scan model artifact to canonical model tree.,820805
outputs/models/real_public_benchmark/uci_har/seed_2026/parameter_scans/noise/seed_2026/mlp/noise_scale/best_mlp_noise_noise_scale_0p1_retrain.pt,outputs/models/uci_har/seed_2026/mlp/noise/parameter_scan/seed_2026/mlp/noise_scale/best_mlp_noise_noise_scale_0p1_retrain.pt,move,Move parameter scan model artifact to canonical model tree.,199061
outputs/models/real_public_benchmark/uci_har/seed_2026/parameter_scans/noise/seed_2026/mlp/noise_scale/best_mlp_noise_noise_scale_0p3_retrain.pt,outputs/models/uci_har/seed_2026/mlp/noise/parameter_scan/seed_2026/mlp/noise_scale/best_mlp_noise_noise_scale_0p3_retrain.pt,move,Move parameter scan model artifact to canonical model tree.,199061
outputs/models/real_public_benchmark/uci_har/seed_2026/parameter_scans/noise/seed_2026/mlp/noise_scale/best_mlp_noise_noise_scale_0p5_retrain.pt,outputs/models/uci_har/seed_2026/mlp/noise/parameter_scan/seed_2026/mlp/noise_scale/best_mlp_noise_noise_scale_0p5_retrain.pt,move,Move parameter scan model artifact to canonical model tree.,199061
outputs/models/real_public_benchmark/uci_har/seed_2026/parameter_scans/noise/seed_2026/mlp/noise_scale/best_mlp_noise_noise_scale_1p0_retrain.pt,outputs/models/uci_har/seed_2026/mlp/noise/parameter_scan/seed_2026/mlp/noise_scale/best_mlp_noise_noise_scale_1p0_retrain.pt,move,Move parameter scan model artifact to canonical model tree.,199061
outputs/models/real_public_benchmark/uci_har/seed_42/best_lstm.pt,outputs/models/uci_har/seed_42/lstm/baseline/best_lstm.pt,move,Move model artifact to dataset/seed/model layout.,820805
outputs/models/real_public_benchmark/uci_har/seed_42/best_lstm_uci_har_adaptive_ldp_defended_retrain.pt,outputs/models/uci_har/seed_42/lstm/adaptive_ldp/retrain_attacker/best_lstm_uci_har_adaptive_ldp_defended_retrain.pt,move,Move model artifact to dataset/seed/model layout.,820805
outputs/models/real_public_benchmark/uci_har/seed_42/best_lstm_uci_har_ldp_defended_retrain.pt,outputs/models/uci_har/seed_42/lstm/ldp/retrain_attacker/best_lstm_uci_har_ldp_defended_retrain.pt,move,Move model artifact to dataset/seed/model layout.,820805
outputs/models/real_public_benchmark/uci_har/seed_42/best_lstm_uci_har_noise_defended_retrain.pt,outputs/models/uci_har/seed_42/lstm/noise/retrain_attacker/best_lstm_uci_har_noise_defended_retrain.pt,move,Move model artifact to dataset/seed/model layout.,820805
outputs/models/real_public_benchmark/uci_har/seed_42/best_mlp.pt,outputs/models/uci_har/seed_42/mlp/baseline/best_mlp.pt,move,Move model artifact to dataset/seed/model layout.,199061
outputs/models/real_public_benchmark/uci_har/seed_42/best_mlp_uci_har_adaptive_ldp_defended_retrain.pt,outputs/models/uci_har/seed_42/mlp/adaptive_ldp/retrain_attacker/best_mlp_uci_har_adaptive_ldp_defended_retrain.pt,move,Move model artifact to dataset/seed/model layout.,199061
outputs/models/real_public_benchmark/uci_har/seed_42/best_mlp_uci_har_ldp_defended_retrain.pt,outputs/models/uci_har/seed_42/mlp/ldp/retrain_attacker/best_mlp_uci_har_ldp_defended_retrain.pt,move,Move model artifact to dataset/seed/model layout.,199061
outputs/models/real_public_benchmark/uci_har/seed_42/best_mlp_uci_har_noise_defended_retrain.pt,outputs/models/uci_har/seed_42/mlp/noise/retrain_attacker/best_mlp_uci_har_noise_defended_retrain.pt,move,Move model artifact to dataset/seed/model layout.,199061
outputs/models/real_public_benchmark/uci_har/seed_42/parameter_scans/adaptive_ldp/lstm/retrain_attacker/best_lstm_adaptive_ldp_adaptive_default_retrain.pt,outputs/models/uci_har/seed_42/lstm/adaptive_ldp/parameter_scan/lstm/retrain_attacker/best_lstm_adaptive_ldp_adaptive_default_retrain.pt,move,Move parameter scan model artifact to canonical model tree.,820805
outputs/models/real_public_benchmark/uci_har/seed_42/parameter_scans/adaptive_ldp/lstm/retrain_attacker/best_lstm_adaptive_ldp_adaptive_edge_cap_on_retrain.pt,outputs/models/uci_har/seed_42/lstm/adaptive_ldp/parameter_scan/lstm/retrain_attacker/best_lstm_adaptive_ldp_adaptive_edge_cap_on_retrain.pt,move,Move parameter scan model artifact to canonical model tree.,820805
outputs/models/real_public_benchmark/uci_har/seed_42/parameter_scans/adaptive_ldp/lstm/retrain_attacker/best_lstm_adaptive_ldp_adaptive_sensitivity_only_retrain.pt,outputs/models/uci_har/seed_42/lstm/adaptive_ldp/parameter_scan/lstm/retrain_attacker/best_lstm_adaptive_ldp_adaptive_sensitivity_only_retrain.pt,move,Move parameter scan model artifact to canonical model tree.,820805
outputs/models/real_public_benchmark/uci_har/seed_42/parameter_scans/adaptive_ldp/lstm/retrain_attacker/best_lstm_adaptive_ldp_adaptive_strong_privacy_retrain.pt,outputs/models/uci_har/seed_42/lstm/adaptive_ldp/parameter_scan/lstm/retrain_attacker/best_lstm_adaptive_ldp_adaptive_strong_privacy_retrain.pt,move,Move parameter scan model artifact to canonical model tree.,820805
outputs/models/real_public_benchmark/uci_har/seed_42/parameter_scans/adaptive_ldp/lstm/retrain_attacker/best_lstm_adaptive_ldp_adaptive_traffic_only_retrain.pt,outputs/models/uci_har/seed_42/lstm/adaptive_ldp/parameter_scan/lstm/retrain_attacker/best_lstm_adaptive_ldp_adaptive_traffic_only_retrain.pt,move,Move parameter scan model artifact to canonical model tree.,820805
outputs/models/real_public_benchmark/uci_har/seed_42/parameter_scans/adaptive_ldp/lstm/retrain_attacker/best_lstm_adaptive_ldp_adaptive_weak_privacy_retrain.pt,outputs/models/uci_har/seed_42/lstm/adaptive_ldp/parameter_scan/lstm/retrain_attacker/best_lstm_adaptive_ldp_adaptive_weak_privacy_retrain.pt,move,Move parameter scan model artifact to canonical model tree.,820805
outputs/models/real_public_benchmark/uci_har/seed_42/parameter_scans/adaptive_ldp/mlp/retrain_attacker/best_mlp_adaptive_ldp_adaptive_default_retrain.pt,outputs/models/uci_har/seed_42/mlp/adaptive_ldp/parameter_scan/mlp/retrain_attacker/best_mlp_adaptive_ldp_adaptive_default_retrain.pt,move,Move parameter scan model artifact to canonical model tree.,199061
outputs/models/real_public_benchmark/uci_har/seed_42/parameter_scans/adaptive_ldp/mlp/retrain_attacker/best_mlp_adaptive_ldp_adaptive_edge_cap_on_retrain.pt,outputs/models/uci_har/seed_42/mlp/adaptive_ldp/parameter_scan/mlp/retrain_attacker/best_mlp_adaptive_ldp_adaptive_edge_cap_on_retrain.pt,move,Move parameter scan model artifact to canonical model tree.,199061
outputs/models/real_public_benchmark/uci_har/seed_42/parameter_scans/adaptive_ldp/mlp/retrain_attacker/best_mlp_adaptive_ldp_adaptive_sensitivity_only_retrain.pt,outputs/models/uci_har/seed_42/mlp/adaptive_ldp/parameter_scan/mlp/retrain_attacker/best_mlp_adaptive_ldp_adaptive_sensitivity_only_retrain.pt,move,Move parameter scan model artifact to canonical model tree.,199061
outputs/models/real_public_benchmark/uci_har/seed_42/parameter_scans/adaptive_ldp/mlp/retrain_attacker/best_mlp_adaptive_ldp_adaptive_strong_privacy_retrain.pt,outputs/models/uci_har/seed_42/mlp/adaptive_ldp/parameter_scan/mlp/retrain_attacker/best_mlp_adaptive_ldp_adaptive_strong_privacy_retrain.pt,move,Move parameter scan model artifact to canonical model tree.,199061
outputs/models/real_public_benchmark/uci_har/seed_42/parameter_scans/adaptive_ldp/mlp/retrain_attacker/best_mlp_adaptive_ldp_adaptive_traffic_only_retrain.pt,outputs/models/uci_har/seed_42/mlp/adaptive_ldp/parameter_scan/mlp/retrain_attacker/best_mlp_adaptive_ldp_adaptive_traffic_only_retrain.pt,move,Move parameter scan model artifact to canonical model tree.,199061
outputs/models/real_public_benchmark/uci_har/seed_42/parameter_scans/adaptive_ldp/mlp/retrain_attacker/best_mlp_adaptive_ldp_adaptive_weak_privacy_retrain.pt,outputs/models/uci_har/seed_42/mlp/adaptive_ldp/parameter_scan/mlp/retrain_attacker/best_mlp_adaptive_ldp_adaptive_weak_privacy_retrain.pt,move,Move parameter scan model artifact to canonical model tree.,199061
outputs/models/real_public_benchmark/uci_har/seed_42/parameter_scans/ldp/seed_42/lstm/epsilon/best_lstm_ldp_epsilon_0p1_retrain.pt,outputs/models/uci_har/seed_42/lstm/ldp/parameter_scan/seed_42/lstm/epsilon/best_lstm_ldp_epsilon_0p1_retrain.pt,move,Move parameter scan model artifact to canonical model tree.,820805
outputs/models/real_public_benchmark/uci_har/seed_42/parameter_scans/ldp/seed_42/lstm/epsilon/best_lstm_ldp_epsilon_0p5_retrain.pt,outputs/models/uci_har/seed_42/lstm/ldp/parameter_scan/seed_42/lstm/epsilon/best_lstm_ldp_epsilon_0p5_retrain.pt,move,Move parameter scan model artifact to canonical model tree.,820805
outputs/models/real_public_benchmark/uci_har/seed_42/parameter_scans/ldp/seed_42/lstm/epsilon/best_lstm_ldp_epsilon_1p0_retrain.pt,outputs/models/uci_har/seed_42/lstm/ldp/parameter_scan/seed_42/lstm/epsilon/best_lstm_ldp_epsilon_1p0_retrain.pt,move,Move parameter scan model artifact to canonical model tree.,820805
outputs/models/real_public_benchmark/uci_har/seed_42/parameter_scans/ldp/seed_42/lstm/epsilon/best_lstm_ldp_epsilon_2p0_retrain.pt,outputs/models/uci_har/seed_42/lstm/ldp/parameter_scan/seed_42/lstm/epsilon/best_lstm_ldp_epsilon_2p0_retrain.pt,move,Move parameter scan model artifact to canonical model tree.,820805
outputs/models/real_public_benchmark/uci_har/seed_42/parameter_scans/ldp/seed_42/lstm/epsilon/best_lstm_ldp_epsilon_5p0_retrain.pt,outputs/models/uci_har/seed_42/lstm/ldp/parameter_scan/seed_42/lstm/epsilon/best_lstm_ldp_epsilon_5p0_retrain.pt,move,Move parameter scan model artifact to canonical model tree.,820805
outputs/models/real_public_benchmark/uci_har/seed_42/parameter_scans/ldp/seed_42/mlp/epsilon/best_mlp_ldp_epsilon_0p1_retrain.pt,outputs/models/uci_har/seed_42/mlp/ldp/parameter_scan/seed_42/mlp/epsilon/best_mlp_ldp_epsilon_0p1_retrain.pt,move,Move parameter scan model artifact to canonical model tree.,199061
outputs/models/real_public_benchmark/uci_har/seed_42/parameter_scans/ldp/seed_42/mlp/epsilon/best_mlp_ldp_epsilon_0p5_retrain.pt,outputs/models/uci_har/seed_42/mlp/ldp/parameter_scan/seed_42/mlp/epsilon/best_mlp_ldp_epsilon_0p5_retrain.pt,move,Move parameter scan model artifact to canonical model tree.,199061
outputs/models/real_public_benchmark/uci_har/seed_42/parameter_scans/ldp/seed_42/mlp/epsilon/best_mlp_ldp_epsilon_1p0_retrain.pt,outputs/models/uci_har/seed_42/mlp/ldp/parameter_scan/seed_42/mlp/epsilon/best_mlp_ldp_epsilon_1p0_retrain.pt,move,Move parameter scan model artifact to canonical model tree.,199061
outputs/models/real_public_benchmark/uci_har/seed_42/parameter_scans/ldp/seed_42/mlp/epsilon/best_mlp_ldp_epsilon_2p0_retrain.pt,outputs/models/uci_har/seed_42/mlp/ldp/parameter_scan/seed_42/mlp/epsilon/best_mlp_ldp_epsilon_2p0_retrain.pt,move,Move parameter scan model artifact to canonical model tree.,199061
outputs/models/real_public_benchmark/uci_har/seed_42/parameter_scans/ldp/seed_42/mlp/epsilon/best_mlp_ldp_epsilon_5p0_retrain.pt,outputs/models/uci_har/seed_42/mlp/ldp/parameter_scan/seed_42/mlp/epsilon/best_mlp_ldp_epsilon_5p0_retrain.pt,move,Move parameter scan model artifact to canonical model tree.,199061
outputs/models/real_public_benchmark/uci_har/seed_42/parameter_scans/noise/seed_42/lstm/noise_scale/best_lstm_noise_noise_scale_0p1_retrain.pt,outputs/models/uci_har/seed_42/lstm/noise/parameter_scan/seed_42/lstm/noise_scale/best_lstm_noise_noise_scale_0p1_retrain.pt,move,Move parameter scan model artifact to canonical model tree.,820805
outputs/models/real_public_benchmark/uci_har/seed_42/parameter_scans/noise/seed_42/lstm/noise_scale/best_lstm_noise_noise_scale_0p3_retrain.pt,outputs/models/uci_har/seed_42/lstm/noise/parameter_scan/seed_42/lstm/noise_scale/best_lstm_noise_noise_scale_0p3_retrain.pt,move,Move parameter scan model artifact to canonical model tree.,820805
outputs/models/real_public_benchmark/uci_har/seed_42/parameter_scans/noise/seed_42/lstm/noise_scale/best_lstm_noise_noise_scale_0p5_retrain.pt,outputs/models/uci_har/seed_42/lstm/noise/parameter_scan/seed_42/lstm/noise_scale/best_lstm_noise_noise_scale_0p5_retrain.pt,move,Move parameter scan model artifact to canonical model tree.,820805
outputs/models/real_public_benchmark/uci_har/seed_42/parameter_scans/noise/seed_42/lstm/noise_scale/best_lstm_noise_noise_scale_1p0_retrain.pt,outputs/models/uci_har/seed_42/lstm/noise/parameter_scan/seed_42/lstm/noise_scale/best_lstm_noise_noise_scale_1p0_retrain.pt,move,Move parameter scan model artifact to canonical model tree.,820805
outputs/models/real_public_benchmark/uci_har/seed_42/parameter_scans/noise/seed_42/mlp/noise_scale/best_mlp_noise_noise_scale_0p1_retrain.pt,outputs/models/uci_har/seed_42/mlp/noise/parameter_scan/seed_42/mlp/noise_scale/best_mlp_noise_noise_scale_0p1_retrain.pt,move,Move parameter scan model artifact to canonical model tree.,199061
outputs/models/real_public_benchmark/uci_har/seed_42/parameter_scans/noise/seed_42/mlp/noise_scale/best_mlp_noise_noise_scale_0p3_retrain.pt,outputs/models/uci_har/seed_42/mlp/noise/parameter_scan/seed_42/mlp/noise_scale/best_mlp_noise_noise_scale_0p3_retrain.pt,move,Move parameter scan model artifact to canonical model tree.,199061
outputs/models/real_public_benchmark/uci_har/seed_42/parameter_scans/noise/seed_42/mlp/noise_scale/best_mlp_noise_noise_scale_0p5_retrain.pt,outputs/models/uci_har/seed_42/mlp/noise/parameter_scan/seed_42/mlp/noise_scale/best_mlp_noise_noise_scale_0p5_retrain.pt,move,Move parameter scan model artifact to canonical model tree.,199061
outputs/models/real_public_benchmark/uci_har/seed_42/parameter_scans/noise/seed_42/mlp/noise_scale/best_mlp_noise_noise_scale_1p0_retrain.pt,outputs/models/uci_har/seed_42/mlp/noise/parameter_scan/seed_42/mlp/noise_scale/best_mlp_noise_noise_scale_1p0_retrain.pt,move,Move parameter scan model artifact to canonical model tree.,199061
outputs/models/real_public_benchmark/kasteren/seed_123/best_lstm.pt,outputs/models/kasteren/seed_123/lstm/baseline/best_lstm.pt,move,Move model artifact to dataset/seed/model layout.,856645
outputs/models/real_public_benchmark/kasteren/seed_123/best_lstm_kasteren_adaptive_ldp_defended_retrain.pt,outputs/models/kasteren/seed_123/lstm/adaptive_ldp/retrain_attacker/best_lstm_kasteren_adaptive_ldp_defended_retrain.pt,move,Move model artifact to dataset/seed/model layout.,856645
outputs/models/real_public_benchmark/kasteren/seed_123/best_lstm_kasteren_ldp_defended_retrain.pt,outputs/models/kasteren/seed_123/lstm/ldp/retrain_attacker/best_lstm_kasteren_ldp_defended_retrain.pt,move,Move model artifact to dataset/seed/model layout.,856645
outputs/models/real_public_benchmark/kasteren/seed_123/best_lstm_kasteren_noise_defended_retrain.pt,outputs/models/kasteren/seed_123/lstm/noise/retrain_attacker/best_lstm_kasteren_noise_defended_retrain.pt,move,Move model artifact to dataset/seed/model layout.,856645
outputs/models/real_public_benchmark/kasteren/seed_123/best_mlp.pt,outputs/models/kasteren/seed_123/mlp/baseline/best_mlp.pt,move,Move model artifact to dataset/seed/model layout.,255381
outputs/models/real_public_benchmark/kasteren/seed_123/best_mlp_kasteren_adaptive_ldp_defended_retrain.pt,outputs/models/kasteren/seed_123/mlp/adaptive_ldp/retrain_attacker/best_mlp_kasteren_adaptive_ldp_defended_retrain.pt,move,Move model artifact to dataset/seed/model layout.,255381
outputs/models/real_public_benchmark/kasteren/seed_123/best_mlp_kasteren_ldp_defended_retrain.pt,outputs/models/kasteren/seed_123/mlp/ldp/retrain_attacker/best_mlp_kasteren_ldp_defended_retrain.pt,move,Move model artifact to dataset/seed/model layout.,255381
outputs/models/real_public_benchmark/kasteren/seed_123/best_mlp_kasteren_noise_defended_retrain.pt,outputs/models/kasteren/seed_123/mlp/noise/retrain_attacker/best_mlp_kasteren_noise_defended_retrain.pt,move,Move model artifact to dataset/seed/model layout.,255381
outputs/models/real_public_benchmark/kasteren/seed_123/parameter_scans/adaptive_ldp/lstm/retrain_attacker/best_lstm_adaptive_ldp_adaptive_default_retrain.pt,outputs/models/kasteren/seed_123/lstm/adaptive_ldp/parameter_scan/lstm/retrain_attacker/best_lstm_adaptive_ldp_adaptive_default_retrain.pt,move,Move parameter scan model artifact to canonical model tree.,856645
outputs/models/real_public_benchmark/kasteren/seed_123/parameter_scans/adaptive_ldp/lstm/retrain_attacker/best_lstm_adaptive_ldp_adaptive_edge_cap_on_retrain.pt,outputs/models/kasteren/seed_123/lstm/adaptive_ldp/parameter_scan/lstm/retrain_attacker/best_lstm_adaptive_ldp_adaptive_edge_cap_on_retrain.pt,move,Move parameter scan model artifact to canonical model tree.,856645
outputs/models/real_public_benchmark/kasteren/seed_123/parameter_scans/adaptive_ldp/lstm/retrain_attacker/best_lstm_adaptive_ldp_adaptive_sensitivity_only_retrain.pt,outputs/models/kasteren/seed_123/lstm/adaptive_ldp/parameter_scan/lstm/retrain_attacker/best_lstm_adaptive_ldp_adaptive_sensitivity_only_retrain.pt,move,Move parameter scan model artifact to canonical model tree.,856645
outputs/models/real_public_benchmark/kasteren/seed_123/parameter_scans/adaptive_ldp/lstm/retrain_attacker/best_lstm_adaptive_ldp_adaptive_strong_privacy_retrain.pt,outputs/models/kasteren/seed_123/lstm/adaptive_ldp/parameter_scan/lstm/retrain_attacker/best_lstm_adaptive_ldp_adaptive_strong_privacy_retrain.pt,move,Move parameter scan model artifact to canonical model tree.,856645
outputs/models/real_public_benchmark/kasteren/seed_123/parameter_scans/adaptive_ldp/lstm/retrain_attacker/best_lstm_adaptive_ldp_adaptive_traffic_only_retrain.pt,outputs/models/kasteren/seed_123/lstm/adaptive_ldp/parameter_scan/lstm/retrain_attacker/best_lstm_adaptive_ldp_adaptive_traffic_only_retrain.pt,move,Move parameter scan model artifact to canonical model tree.,856645
outputs/models/real_public_benchmark/kasteren/seed_123/parameter_scans/adaptive_ldp/lstm/retrain_attacker/best_lstm_adaptive_ldp_adaptive_weak_privacy_retrain.pt,outputs/models/kasteren/seed_123/lstm/adaptive_ldp/parameter_scan/lstm/retrain_attacker/best_lstm_adaptive_ldp_adaptive_weak_privacy_retrain.pt,move,Move parameter scan model artifact to canonical model tree.,856645
outputs/models/real_public_benchmark/kasteren/seed_123/parameter_scans/adaptive_ldp/mlp/retrain_attacker/best_mlp_adaptive_ldp_adaptive_default_retrain.pt,outputs/models/kasteren/seed_123/mlp/adaptive_ldp/parameter_scan/mlp/retrain_attacker/best_mlp_adaptive_ldp_adaptive_default_retrain.pt,move,Move parameter scan model artifact to canonical model tree.,255381
outputs/models/real_public_benchmark/kasteren/seed_123/parameter_scans/adaptive_ldp/mlp/retrain_attacker/best_mlp_adaptive_ldp_adaptive_edge_cap_on_retrain.pt,outputs/models/kasteren/seed_123/mlp/adaptive_ldp/parameter_scan/mlp/retrain_attacker/best_mlp_adaptive_ldp_adaptive_edge_cap_on_retrain.pt,move,Move parameter scan model artifact to canonical model tree.,255381
outputs/models/real_public_benchmark/kasteren/seed_123/parameter_scans/adaptive_ldp/mlp/retrain_attacker/best_mlp_adaptive_ldp_adaptive_sensitivity_only_retrain.pt,outputs/models/kasteren/seed_123/mlp/adaptive_ldp/parameter_scan/mlp/retrain_attacker/best_mlp_adaptive_ldp_adaptive_sensitivity_only_retrain.pt,move,Move parameter scan model artifact to canonical model tree.,255381
outputs/models/real_public_benchmark/kasteren/seed_123/parameter_scans/adaptive_ldp/mlp/retrain_attacker/best_mlp_adaptive_ldp_adaptive_strong_privacy_retrain.pt,outputs/models/kasteren/seed_123/mlp/adaptive_ldp/parameter_scan/mlp/retrain_attacker/best_mlp_adaptive_ldp_adaptive_strong_privacy_retrain.pt,move,Move parameter scan model artifact to canonical model tree.,255381
outputs/models/real_public_benchmark/kasteren/seed_123/parameter_scans/adaptive_ldp/mlp/retrain_attacker/best_mlp_adaptive_ldp_adaptive_traffic_only_retrain.pt,outputs/models/kasteren/seed_123/mlp/adaptive_ldp/parameter_scan/mlp/retrain_attacker/best_mlp_adaptive_ldp_adaptive_traffic_only_retrain.pt,move,Move parameter scan model artifact to canonical model tree.,255381
outputs/models/real_public_benchmark/kasteren/seed_123/parameter_scans/adaptive_ldp/mlp/retrain_attacker/best_mlp_adaptive_ldp_adaptive_weak_privacy_retrain.pt,outputs/models/kasteren/seed_123/mlp/adaptive_ldp/parameter_scan/mlp/retrain_attacker/best_mlp_adaptive_ldp_adaptive_weak_privacy_retrain.pt,move,Move parameter scan model artifact to canonical model tree.,255381
outputs/models/real_public_benchmark/kasteren/seed_123/parameter_scans/ldp/lstm/retrain_attacker/best_lstm_ldp_epsilon_0p1_retrain.pt,outputs/models/kasteren/seed_123/lstm/ldp/parameter_scan/lstm/retrain_attacker/best_lstm_ldp_epsilon_0p1_retrain.pt,move,Move parameter scan model artifact to canonical model tree.,856645
outputs/models/real_public_benchmark/kasteren/seed_123/parameter_scans/ldp/lstm/retrain_attacker/best_lstm_ldp_epsilon_0p5_retrain.pt,outputs/models/kasteren/seed_123/lstm/ldp/parameter_scan/lstm/retrain_attacker/best_lstm_ldp_epsilon_0p5_retrain.pt,move,Move parameter scan model artifact to canonical model tree.,856645
outputs/models/real_public_benchmark/kasteren/seed_123/parameter_scans/ldp/lstm/retrain_attacker/best_lstm_ldp_epsilon_1p0_retrain.pt,outputs/models/kasteren/seed_123/lstm/ldp/parameter_scan/lstm/retrain_attacker/best_lstm_ldp_epsilon_1p0_retrain.pt,move,Move parameter scan model artifact to canonical model tree.,856645
outputs/models/real_public_benchmark/kasteren/seed_123/parameter_scans/ldp/lstm/retrain_attacker/best_lstm_ldp_epsilon_2p0_retrain.pt,outputs/models/kasteren/seed_123/lstm/ldp/parameter_scan/lstm/retrain_attacker/best_lstm_ldp_epsilon_2p0_retrain.pt,move,Move parameter scan model artifact to canonical model tree.,856645
outputs/models/real_public_benchmark/kasteren/seed_123/parameter_scans/ldp/lstm/retrain_attacker/best_lstm_ldp_epsilon_5p0_retrain.pt,outputs/models/kasteren/seed_123/lstm/ldp/parameter_scan/lstm/retrain_attacker/best_lstm_ldp_epsilon_5p0_retrain.pt,move,Move parameter scan model artifact to canonical model tree.,856645
outputs/models/real_public_benchmark/kasteren/seed_123/parameter_scans/ldp/mlp/retrain_attacker/best_mlp_ldp_epsilon_0p1_retrain.pt,outputs/models/kasteren/seed_123/mlp/ldp/parameter_scan/mlp/retrain_attacker/best_mlp_ldp_epsilon_0p1_retrain.pt,move,Move parameter scan model artifact to canonical model tree.,255381
outputs/models/real_public_benchmark/kasteren/seed_123/parameter_scans/ldp/mlp/retrain_attacker/best_mlp_ldp_epsilon_0p5_retrain.pt,outputs/models/kasteren/seed_123/mlp/ldp/parameter_scan/mlp/retrain_attacker/best_mlp_ldp_epsilon_0p5_retrain.pt,move,Move parameter scan model artifact to canonical model tree.,255381
outputs/models/real_public_benchmark/kasteren/seed_123/parameter_scans/ldp/mlp/retrain_attacker/best_mlp_ldp_epsilon_1p0_retrain.pt,outputs/models/kasteren/seed_123/mlp/ldp/parameter_scan/mlp/retrain_attacker/best_mlp_ldp_epsilon_1p0_retrain.pt,move,Move parameter scan model artifact to canonical model tree.,255381
outputs/models/real_public_benchmark/kasteren/seed_123/parameter_scans/ldp/mlp/retrain_attacker/best_mlp_ldp_epsilon_2p0_retrain.pt,outputs/models/kasteren/seed_123/mlp/ldp/parameter_scan/mlp/retrain_attacker/best_mlp_ldp_epsilon_2p0_retrain.pt,move,Move parameter scan model artifact to canonical model tree.,255381
outputs/models/real_public_benchmark/kasteren/seed_123/parameter_scans/ldp/mlp/retrain_attacker/best_mlp_ldp_epsilon_5p0_retrain.pt,outputs/models/kasteren/seed_123/mlp/ldp/parameter_scan/mlp/retrain_attacker/best_mlp_ldp_epsilon_5p0_retrain.pt,move,Move parameter scan model artifact to canonical model tree.,255381
outputs/models/real_public_benchmark/kasteren/seed_123/parameter_scans/noise/lstm/retrain_attacker/best_lstm_noise_noise_scale_0p1_retrain.pt,outputs/models/kasteren/seed_123/lstm/noise/parameter_scan/lstm/retrain_attacker/best_lstm_noise_noise_scale_0p1_retrain.pt,move,Move parameter scan model artifact to canonical model tree.,856645
outputs/models/real_public_benchmark/kasteren/seed_123/parameter_scans/noise/lstm/retrain_attacker/best_lstm_noise_noise_scale_0p3_retrain.pt,outputs/models/kasteren/seed_123/lstm/noise/parameter_scan/lstm/retrain_attacker/best_lstm_noise_noise_scale_0p3_retrain.pt,move,Move parameter scan model artifact to canonical model tree.,856645
outputs/models/real_public_benchmark/kasteren/seed_123/parameter_scans/noise/lstm/retrain_attacker/best_lstm_noise_noise_scale_0p5_retrain.pt,outputs/models/kasteren/seed_123/lstm/noise/parameter_scan/lstm/retrain_attacker/best_lstm_noise_noise_scale_0p5_retrain.pt,move,Move parameter scan model artifact to canonical model tree.,856645
outputs/models/real_public_benchmark/kasteren/seed_123/parameter_scans/noise/lstm/retrain_attacker/best_lstm_noise_noise_scale_1p0_retrain.pt,outputs/models/kasteren/seed_123/lstm/noise/parameter_scan/lstm/retrain_attacker/best_lstm_noise_noise_scale_1p0_retrain.pt,move,Move parameter scan model artifact to canonical model tree.,856645
outputs/models/real_public_benchmark/kasteren/seed_123/parameter_scans/noise/mlp/retrain_attacker/best_mlp_noise_noise_scale_0p1_retrain.pt,outputs/models/kasteren/seed_123/mlp/noise/parameter_scan/mlp/retrain_attacker/best_mlp_noise_noise_scale_0p1_retrain.pt,move,Move parameter scan model artifact to canonical model tree.,255381
outputs/models/real_public_benchmark/kasteren/seed_123/parameter_scans/noise/mlp/retrain_attacker/best_mlp_noise_noise_scale_0p3_retrain.pt,outputs/models/kasteren/seed_123/mlp/noise/parameter_scan/mlp/retrain_attacker/best_mlp_noise_noise_scale_0p3_retrain.pt,move,Move parameter scan model artifact to canonical model tree.,255381
outputs/models/real_public_benchmark/kasteren/seed_123/parameter_scans/noise/mlp/retrain_attacker/best_mlp_noise_noise_scale_0p5_retrain.pt,outputs/models/kasteren/seed_123/mlp/noise/parameter_scan/mlp/retrain_attacker/best_mlp_noise_noise_scale_0p5_retrain.pt,move,Move parameter scan model artifact to canonical model tree.,255381
outputs/models/real_public_benchmark/kasteren/seed_123/parameter_scans/noise/mlp/retrain_attacker/best_mlp_noise_noise_scale_1p0_retrain.pt,outputs/models/kasteren/seed_123/mlp/noise/parameter_scan/mlp/retrain_attacker/best_mlp_noise_noise_scale_1p0_retrain.pt,move,Move parameter scan model artifact to canonical model tree.,255381
outputs/models/real_public_benchmark/kasteren/seed_2026/best_lstm.pt,outputs/models/kasteren/seed_2026/lstm/baseline/best_lstm.pt,move,Move model artifact to dataset/seed/model layout.,856645
outputs/models/real_public_benchmark/kasteren/seed_2026/best_lstm_kasteren_adaptive_ldp_defended_retrain.pt,outputs/models/kasteren/seed_2026/lstm/adaptive_ldp/retrain_attacker/best_lstm_kasteren_adaptive_ldp_defended_retrain.pt,move,Move model artifact to dataset/seed/model layout.,856645
outputs/models/real_public_benchmark/kasteren/seed_2026/best_lstm_kasteren_ldp_defended_retrain.pt,outputs/models/kasteren/seed_2026/lstm/ldp/retrain_attacker/best_lstm_kasteren_ldp_defended_retrain.pt,move,Move model artifact to dataset/seed/model layout.,856645
outputs/models/real_public_benchmark/kasteren/seed_2026/best_lstm_kasteren_noise_defended_retrain.pt,outputs/models/kasteren/seed_2026/lstm/noise/retrain_attacker/best_lstm_kasteren_noise_defended_retrain.pt,move,Move model artifact to dataset/seed/model layout.,856645
outputs/models/real_public_benchmark/kasteren/seed_2026/best_mlp.pt,outputs/models/kasteren/seed_2026/mlp/baseline/best_mlp.pt,move,Move model artifact to dataset/seed/model layout.,255381
outputs/models/real_public_benchmark/kasteren/seed_2026/best_mlp_kasteren_adaptive_ldp_defended_retrain.pt,outputs/models/kasteren/seed_2026/mlp/adaptive_ldp/retrain_attacker/best_mlp_kasteren_adaptive_ldp_defended_retrain.pt,move,Move model artifact to dataset/seed/model layout.,255381
outputs/models/real_public_benchmark/kasteren/seed_2026/best_mlp_kasteren_ldp_defended_retrain.pt,outputs/models/kasteren/seed_2026/mlp/ldp/retrain_attacker/best_mlp_kasteren_ldp_defended_retrain.pt,move,Move model artifact to dataset/seed/model layout.,255381
outputs/models/real_public_benchmark/kasteren/seed_2026/best_mlp_kasteren_noise_defended_retrain.pt,outputs/models/kasteren/seed_2026/mlp/noise/retrain_attacker/best_mlp_kasteren_noise_defended_retrain.pt,move,Move model artifact to dataset/seed/model layout.,255381
outputs/models/real_public_benchmark/kasteren/seed_2026/parameter_scans/adaptive_ldp/lstm/retrain_attacker/best_lstm_adaptive_ldp_adaptive_default_retrain.pt,outputs/models/kasteren/seed_2026/lstm/adaptive_ldp/parameter_scan/lstm/retrain_attacker/best_lstm_adaptive_ldp_adaptive_default_retrain.pt,move,Move parameter scan model artifact to canonical model tree.,856645
outputs/models/real_public_benchmark/kasteren/seed_2026/parameter_scans/adaptive_ldp/lstm/retrain_attacker/best_lstm_adaptive_ldp_adaptive_edge_cap_on_retrain.pt,outputs/models/kasteren/seed_2026/lstm/adaptive_ldp/parameter_scan/lstm/retrain_attacker/best_lstm_adaptive_ldp_adaptive_edge_cap_on_retrain.pt,move,Move parameter scan model artifact to canonical model tree.,856645
outputs/models/real_public_benchmark/kasteren/seed_2026/parameter_scans/adaptive_ldp/lstm/retrain_attacker/best_lstm_adaptive_ldp_adaptive_sensitivity_only_retrain.pt,outputs/models/kasteren/seed_2026/lstm/adaptive_ldp/parameter_scan/lstm/retrain_attacker/best_lstm_adaptive_ldp_adaptive_sensitivity_only_retrain.pt,move,Move parameter scan model artifact to canonical model tree.,856645
outputs/models/real_public_benchmark/kasteren/seed_2026/parameter_scans/adaptive_ldp/lstm/retrain_attacker/best_lstm_adaptive_ldp_adaptive_strong_privacy_retrain.pt,outputs/models/kasteren/seed_2026/lstm/adaptive_ldp/parameter_scan/lstm/retrain_attacker/best_lstm_adaptive_ldp_adaptive_strong_privacy_retrain.pt,move,Move parameter scan model artifact to canonical model tree.,856645
outputs/models/real_public_benchmark/kasteren/seed_2026/parameter_scans/adaptive_ldp/lstm/retrain_attacker/best_lstm_adaptive_ldp_adaptive_traffic_only_retrain.pt,outputs/models/kasteren/seed_2026/lstm/adaptive_ldp/parameter_scan/lstm/retrain_attacker/best_lstm_adaptive_ldp_adaptive_traffic_only_retrain.pt,move,Move parameter scan model artifact to canonical model tree.,856645
outputs/models/real_public_benchmark/kasteren/seed_2026/parameter_scans/adaptive_ldp/lstm/retrain_attacker/best_lstm_adaptive_ldp_adaptive_weak_privacy_retrain.pt,outputs/models/kasteren/seed_2026/lstm/adaptive_ldp/parameter_scan/lstm/retrain_attacker/best_lstm_adaptive_ldp_adaptive_weak_privacy_retrain.pt,move,Move parameter scan model artifact to canonical model tree.,856645
outputs/models/real_public_benchmark/kasteren/seed_2026/parameter_scans/adaptive_ldp/mlp/retrain_attacker/best_mlp_adaptive_ldp_adaptive_default_retrain.pt,outputs/models/kasteren/seed_2026/mlp/adaptive_ldp/parameter_scan/mlp/retrain_attacker/best_mlp_adaptive_ldp_adaptive_default_retrain.pt,move,Move parameter scan model artifact to canonical model tree.,255381
outputs/models/real_public_benchmark/kasteren/seed_2026/parameter_scans/adaptive_ldp/mlp/retrain_attacker/best_mlp_adaptive_ldp_adaptive_edge_cap_on_retrain.pt,outputs/models/kasteren/seed_2026/mlp/adaptive_ldp/parameter_scan/mlp/retrain_attacker/best_mlp_adaptive_ldp_adaptive_edge_cap_on_retrain.pt,move,Move parameter scan model artifact to canonical model tree.,255381
outputs/models/real_public_benchmark/kasteren/seed_2026/parameter_scans/adaptive_ldp/mlp/retrain_attacker/best_mlp_adaptive_ldp_adaptive_sensitivity_only_retrain.pt,outputs/models/kasteren/seed_2026/mlp/adaptive_ldp/parameter_scan/mlp/retrain_attacker/best_mlp_adaptive_ldp_adaptive_sensitivity_only_retrain.pt,move,Move parameter scan model artifact to canonical model tree.,255381
outputs/models/real_public_benchmark/kasteren/seed_2026/parameter_scans/adaptive_ldp/mlp/retrain_attacker/best_mlp_adaptive_ldp_adaptive_strong_privacy_retrain.pt,outputs/models/kasteren/seed_2026/mlp/adaptive_ldp/parameter_scan/mlp/retrain_attacker/best_mlp_adaptive_ldp_adaptive_strong_privacy_retrain.pt,move,Move parameter scan model artifact to canonical model tree.,255381
outputs/models/real_public_benchmark/kasteren/seed_2026/parameter_scans/adaptive_ldp/mlp/retrain_attacker/best_mlp_adaptive_ldp_adaptive_traffic_only_retrain.pt,outputs/models/kasteren/seed_2026/mlp/adaptive_ldp/parameter_scan/mlp/retrain_attacker/best_mlp_adaptive_ldp_adaptive_traffic_only_retrain.pt,move,Move parameter scan model artifact to canonical model tree.,255381
outputs/models/real_public_benchmark/kasteren/seed_2026/parameter_scans/adaptive_ldp/mlp/retrain_attacker/best_mlp_adaptive_ldp_adaptive_weak_privacy_retrain.pt,outputs/models/kasteren/seed_2026/mlp/adaptive_ldp/parameter_scan/mlp/retrain_attacker/best_mlp_adaptive_ldp_adaptive_weak_privacy_retrain.pt,move,Move parameter scan model artifact to canonical model tree.,255381
outputs/models/real_public_benchmark/kasteren/seed_2026/parameter_scans/ldp/lstm/retrain_attacker/best_lstm_ldp_epsilon_0p1_retrain.pt,outputs/models/kasteren/seed_2026/lstm/ldp/parameter_scan/lstm/retrain_attacker/best_lstm_ldp_epsilon_0p1_retrain.pt,move,Move parameter scan model artifact to canonical model tree.,856645
outputs/models/real_public_benchmark/kasteren/seed_2026/parameter_scans/ldp/lstm/retrain_attacker/best_lstm_ldp_epsilon_0p5_retrain.pt,outputs/models/kasteren/seed_2026/lstm/ldp/parameter_scan/lstm/retrain_attacker/best_lstm_ldp_epsilon_0p5_retrain.pt,move,Move parameter scan model artifact to canonical model tree.,856645
outputs/models/real_public_benchmark/kasteren/seed_2026/parameter_scans/ldp/lstm/retrain_attacker/best_lstm_ldp_epsilon_1p0_retrain.pt,outputs/models/kasteren/seed_2026/lstm/ldp/parameter_scan/lstm/retrain_attacker/best_lstm_ldp_epsilon_1p0_retrain.pt,move,Move parameter scan model artifact to canonical model tree.,856645
outputs/models/real_public_benchmark/kasteren/seed_2026/parameter_scans/ldp/lstm/retrain_attacker/best_lstm_ldp_epsilon_2p0_retrain.pt,outputs/models/kasteren/seed_2026/lstm/ldp/parameter_scan/lstm/retrain_attacker/best_lstm_ldp_epsilon_2p0_retrain.pt,move,Move parameter scan model artifact to canonical model tree.,856645
outputs/models/real_public_benchmark/kasteren/seed_2026/parameter_scans/ldp/lstm/retrain_attacker/best_lstm_ldp_epsilon_5p0_retrain.pt,outputs/models/kasteren/seed_2026/lstm/ldp/parameter_scan/lstm/retrain_attacker/best_lstm_ldp_epsilon_5p0_retrain.pt,move,Move parameter scan model artifact to canonical model tree.,856645
outputs/models/real_public_benchmark/kasteren/seed_2026/parameter_scans/ldp/mlp/retrain_attacker/best_mlp_ldp_epsilon_0p1_retrain.pt,outputs/models/kasteren/seed_2026/mlp/ldp/parameter_scan/mlp/retrain_attacker/best_mlp_ldp_epsilon_0p1_retrain.pt,move,Move parameter scan model artifact to canonical model tree.,255381
outputs/models/real_public_benchmark/kasteren/seed_2026/parameter_scans/ldp/mlp/retrain_attacker/best_mlp_ldp_epsilon_0p5_retrain.pt,outputs/models/kasteren/seed_2026/mlp/ldp/parameter_scan/mlp/retrain_attacker/best_mlp_ldp_epsilon_0p5_retrain.pt,move,Move parameter scan model artifact to canonical model tree.,255381
outputs/models/real_public_benchmark/kasteren/seed_2026/parameter_scans/ldp/mlp/retrain_attacker/best_mlp_ldp_epsilon_1p0_retrain.pt,outputs/models/kasteren/seed_2026/mlp/ldp/parameter_scan/mlp/retrain_attacker/best_mlp_ldp_epsilon_1p0_retrain.pt,move,Move parameter scan model artifact to canonical model tree.,255381
outputs/models/real_public_benchmark/kasteren/seed_2026/parameter_scans/ldp/mlp/retrain_attacker/best_mlp_ldp_epsilon_2p0_retrain.pt,outputs/models/kasteren/seed_2026/mlp/ldp/parameter_scan/mlp/retrain_attacker/best_mlp_ldp_epsilon_2p0_retrain.pt,move,Move parameter scan model artifact to canonical model tree.,255381
outputs/models/real_public_benchmark/kasteren/seed_2026/parameter_scans/ldp/mlp/retrain_attacker/best_mlp_ldp_epsilon_5p0_retrain.pt,outputs/models/kasteren/seed_2026/mlp/ldp/parameter_scan/mlp/retrain_attacker/best_mlp_ldp_epsilon_5p0_retrain.pt,move,Move parameter scan model artifact to canonical model tree.,255381
outputs/models/real_public_benchmark/kasteren/seed_2026/parameter_scans/noise/lstm/retrain_attacker/best_lstm_noise_noise_scale_0p1_retrain.pt,outputs/models/kasteren/seed_2026/lstm/noise/parameter_scan/lstm/retrain_attacker/best_lstm_noise_noise_scale_0p1_retrain.pt,move,Move parameter scan model artifact to canonical model tree.,856645
outputs/models/real_public_benchmark/kasteren/seed_2026/parameter_scans/noise/lstm/retrain_attacker/best_lstm_noise_noise_scale_0p3_retrain.pt,outputs/models/kasteren/seed_2026/lstm/noise/parameter_scan/lstm/retrain_attacker/best_lstm_noise_noise_scale_0p3_retrain.pt,move,Move parameter scan model artifact to canonical model tree.,856645
outputs/models/real_public_benchmark/kasteren/seed_2026/parameter_scans/noise/lstm/retrain_attacker/best_lstm_noise_noise_scale_0p5_retrain.pt,outputs/models/kasteren/seed_2026/lstm/noise/parameter_scan/lstm/retrain_attacker/best_lstm_noise_noise_scale_0p5_retrain.pt,move,Move parameter scan model artifact to canonical model tree.,856645
outputs/models/real_public_benchmark/kasteren/seed_2026/parameter_scans/noise/lstm/retrain_attacker/best_lstm_noise_noise_scale_1p0_retrain.pt,outputs/models/kasteren/seed_2026/lstm/noise/parameter_scan/lstm/retrain_attacker/best_lstm_noise_noise_scale_1p0_retrain.pt,move,Move parameter scan model artifact to canonical model tree.,856645
outputs/models/real_public_benchmark/kasteren/seed_2026/parameter_scans/noise/mlp/retrain_attacker/best_mlp_noise_noise_scale_0p1_retrain.pt,outputs/models/kasteren/seed_2026/mlp/noise/parameter_scan/mlp/retrain_attacker/best_mlp_noise_noise_scale_0p1_retrain.pt,move,Move parameter scan model artifact to canonical model tree.,255381
outputs/models/real_public_benchmark/kasteren/seed_2026/parameter_scans/noise/mlp/retrain_attacker/best_mlp_noise_noise_scale_0p3_retrain.pt,outputs/models/kasteren/seed_2026/mlp/noise/parameter_scan/mlp/retrain_attacker/best_mlp_noise_noise_scale_0p3_retrain.pt,move,Move parameter scan model artifact to canonical model tree.,255381
outputs/models/real_public_benchmark/kasteren/seed_2026/parameter_scans/noise/mlp/retrain_attacker/best_mlp_noise_noise_scale_0p5_retrain.pt,outputs/models/kasteren/seed_2026/mlp/noise/parameter_scan/mlp/retrain_attacker/best_mlp_noise_noise_scale_0p5_retrain.pt,move,Move parameter scan model artifact to canonical model tree.,255381
outputs/models/real_public_benchmark/kasteren/seed_2026/parameter_scans/noise/mlp/retrain_attacker/best_mlp_noise_noise_scale_1p0_retrain.pt,outputs/models/kasteren/seed_2026/mlp/noise/parameter_scan/mlp/retrain_attacker/best_mlp_noise_noise_scale_1p0_retrain.pt,move,Move parameter scan model artifact to canonical model tree.,255381
outputs/models/real_public_benchmark/kasteren/seed_42/best_lstm.pt,outputs/models/kasteren/seed_42/lstm/baseline/best_lstm.pt,move,Move model artifact to dataset/seed/model layout.,856645
outputs/models/real_public_benchmark/kasteren/seed_42/best_lstm_kasteren_adaptive_ldp_defended_retrain.pt,outputs/models/kasteren/seed_42/lstm/adaptive_ldp/retrain_attacker/best_lstm_kasteren_adaptive_ldp_defended_retrain.pt,move,Move model artifact to dataset/seed/model layout.,856645
outputs/models/real_public_benchmark/kasteren/seed_42/best_lstm_kasteren_ldp_defended_retrain.pt,outputs/models/kasteren/seed_42/lstm/ldp/retrain_attacker/best_lstm_kasteren_ldp_defended_retrain.pt,move,Move model artifact to dataset/seed/model layout.,856645
outputs/models/real_public_benchmark/kasteren/seed_42/best_lstm_kasteren_noise_defended_retrain.pt,outputs/models/kasteren/seed_42/lstm/noise/retrain_attacker/best_lstm_kasteren_noise_defended_retrain.pt,move,Move model artifact to dataset/seed/model layout.,856645
outputs/models/real_public_benchmark/kasteren/seed_42/best_mlp.pt,outputs/models/kasteren/seed_42/mlp/baseline/best_mlp.pt,move,Move model artifact to dataset/seed/model layout.,255381
outputs/models/real_public_benchmark/kasteren/seed_42/best_mlp_kasteren_adaptive_ldp_defended_retrain.pt,outputs/models/kasteren/seed_42/mlp/adaptive_ldp/retrain_attacker/best_mlp_kasteren_adaptive_ldp_defended_retrain.pt,move,Move model artifact to dataset/seed/model layout.,255381
outputs/models/real_public_benchmark/kasteren/seed_42/best_mlp_kasteren_ldp_defended_retrain.pt,outputs/models/kasteren/seed_42/mlp/ldp/retrain_attacker/best_mlp_kasteren_ldp_defended_retrain.pt,move,Move model artifact to dataset/seed/model layout.,255381
outputs/models/real_public_benchmark/kasteren/seed_42/best_mlp_kasteren_noise_defended_retrain.pt,outputs/models/kasteren/seed_42/mlp/noise/retrain_attacker/best_mlp_kasteren_noise_defended_retrain.pt,move,Move model artifact to dataset/seed/model layout.,255381
outputs/models/real_public_benchmark/kasteren/seed_42/parameter_scans/adaptive_ldp/lstm/retrain_attacker/best_lstm_adaptive_ldp_adaptive_default_retrain.pt,outputs/models/kasteren/seed_42/lstm/adaptive_ldp/parameter_scan/lstm/retrain_attacker/best_lstm_adaptive_ldp_adaptive_default_retrain.pt,move,Move parameter scan model artifact to canonical model tree.,856645
outputs/models/real_public_benchmark/kasteren/seed_42/parameter_scans/adaptive_ldp/lstm/retrain_attacker/best_lstm_adaptive_ldp_adaptive_edge_cap_on_retrain.pt,outputs/models/kasteren/seed_42/lstm/adaptive_ldp/parameter_scan/lstm/retrain_attacker/best_lstm_adaptive_ldp_adaptive_edge_cap_on_retrain.pt,move,Move parameter scan model artifact to canonical model tree.,856645
outputs/models/real_public_benchmark/kasteren/seed_42/parameter_scans/adaptive_ldp/lstm/retrain_attacker/best_lstm_adaptive_ldp_adaptive_sensitivity_only_retrain.pt,outputs/models/kasteren/seed_42/lstm/adaptive_ldp/parameter_scan/lstm/retrain_attacker/best_lstm_adaptive_ldp_adaptive_sensitivity_only_retrain.pt,move,Move parameter scan model artifact to canonical model tree.,856645
outputs/models/real_public_benchmark/kasteren/seed_42/parameter_scans/adaptive_ldp/lstm/retrain_attacker/best_lstm_adaptive_ldp_adaptive_strong_privacy_retrain.pt,outputs/models/kasteren/seed_42/lstm/adaptive_ldp/parameter_scan/lstm/retrain_attacker/best_lstm_adaptive_ldp_adaptive_strong_privacy_retrain.pt,move,Move parameter scan model artifact to canonical model tree.,856645
outputs/models/real_public_benchmark/kasteren/seed_42/parameter_scans/adaptive_ldp/lstm/retrain_attacker/best_lstm_adaptive_ldp_adaptive_traffic_only_retrain.pt,outputs/models/kasteren/seed_42/lstm/adaptive_ldp/parameter_scan/lstm/retrain_attacker/best_lstm_adaptive_ldp_adaptive_traffic_only_retrain.pt,move,Move parameter scan model artifact to canonical model tree.,856645
outputs/models/real_public_benchmark/kasteren/seed_42/parameter_scans/adaptive_ldp/lstm/retrain_attacker/best_lstm_adaptive_ldp_adaptive_weak_privacy_retrain.pt,outputs/models/kasteren/seed_42/lstm/adaptive_ldp/parameter_scan/lstm/retrain_attacker/best_lstm_adaptive_ldp_adaptive_weak_privacy_retrain.pt,move,Move parameter scan model artifact to canonical model tree.,856645
outputs/models/real_public_benchmark/kasteren/seed_42/parameter_scans/adaptive_ldp/mlp/retrain_attacker/best_mlp_adaptive_ldp_adaptive_default_retrain.pt,outputs/models/kasteren/seed_42/mlp/adaptive_ldp/parameter_scan/mlp/retrain_attacker/best_mlp_adaptive_ldp_adaptive_default_retrain.pt,move,Move parameter scan model artifact to canonical model tree.,255381
outputs/models/real_public_benchmark/kasteren/seed_42/parameter_scans/adaptive_ldp/mlp/retrain_attacker/best_mlp_adaptive_ldp_adaptive_edge_cap_on_retrain.pt,outputs/models/kasteren/seed_42/mlp/adaptive_ldp/parameter_scan/mlp/retrain_attacker/best_mlp_adaptive_ldp_adaptive_edge_cap_on_retrain.pt,move,Move parameter scan model artifact to canonical model tree.,255381
outputs/models/real_public_benchmark/kasteren/seed_42/parameter_scans/adaptive_ldp/mlp/retrain_attacker/best_mlp_adaptive_ldp_adaptive_sensitivity_only_retrain.pt,outputs/models/kasteren/seed_42/mlp/adaptive_ldp/parameter_scan/mlp/retrain_attacker/best_mlp_adaptive_ldp_adaptive_sensitivity_only_retrain.pt,move,Move parameter scan model artifact to canonical model tree.,255381
outputs/models/real_public_benchmark/kasteren/seed_42/parameter_scans/adaptive_ldp/mlp/retrain_attacker/best_mlp_adaptive_ldp_adaptive_strong_privacy_retrain.pt,outputs/models/kasteren/seed_42/mlp/adaptive_ldp/parameter_scan/mlp/retrain_attacker/best_mlp_adaptive_ldp_adaptive_strong_privacy_retrain.pt,move,Move parameter scan model artifact to canonical model tree.,255381
outputs/models/real_public_benchmark/kasteren/seed_42/parameter_scans/adaptive_ldp/mlp/retrain_attacker/best_mlp_adaptive_ldp_adaptive_traffic_only_retrain.pt,outputs/models/kasteren/seed_42/mlp/adaptive_ldp/parameter_scan/mlp/retrain_attacker/best_mlp_adaptive_ldp_adaptive_traffic_only_retrain.pt,move,Move parameter scan model artifact to canonical model tree.,255381
outputs/models/real_public_benchmark/kasteren/seed_42/parameter_scans/adaptive_ldp/mlp/retrain_attacker/best_mlp_adaptive_ldp_adaptive_weak_privacy_retrain.pt,outputs/models/kasteren/seed_42/mlp/adaptive_ldp/parameter_scan/mlp/retrain_attacker/best_mlp_adaptive_ldp_adaptive_weak_privacy_retrain.pt,move,Move parameter scan model artifact to canonical model tree.,255381
outputs/models/real_public_benchmark/kasteren/seed_42/parameter_scans/ldp/lstm/retrain_attacker/best_lstm_ldp_epsilon_0p1_retrain.pt,outputs/models/kasteren/seed_42/lstm/ldp/parameter_scan/lstm/retrain_attacker/best_lstm_ldp_epsilon_0p1_retrain.pt,move,Move parameter scan model artifact to canonical model tree.,856645
outputs/models/real_public_benchmark/kasteren/seed_42/parameter_scans/ldp/lstm/retrain_attacker/best_lstm_ldp_epsilon_0p5_retrain.pt,outputs/models/kasteren/seed_42/lstm/ldp/parameter_scan/lstm/retrain_attacker/best_lstm_ldp_epsilon_0p5_retrain.pt,move,Move parameter scan model artifact to canonical model tree.,856645
outputs/models/real_public_benchmark/kasteren/seed_42/parameter_scans/ldp/lstm/retrain_attacker/best_lstm_ldp_epsilon_1p0_retrain.pt,outputs/models/kasteren/seed_42/lstm/ldp/parameter_scan/lstm/retrain_attacker/best_lstm_ldp_epsilon_1p0_retrain.pt,move,Move parameter scan model artifact to canonical model tree.,856645
outputs/models/real_public_benchmark/kasteren/seed_42/parameter_scans/ldp/lstm/retrain_attacker/best_lstm_ldp_epsilon_2p0_retrain.pt,outputs/models/kasteren/seed_42/lstm/ldp/parameter_scan/lstm/retrain_attacker/best_lstm_ldp_epsilon_2p0_retrain.pt,move,Move parameter scan model artifact to canonical model tree.,856645
outputs/models/real_public_benchmark/kasteren/seed_42/parameter_scans/ldp/lstm/retrain_attacker/best_lstm_ldp_epsilon_5p0_retrain.pt,outputs/models/kasteren/seed_42/lstm/ldp/parameter_scan/lstm/retrain_attacker/best_lstm_ldp_epsilon_5p0_retrain.pt,move,Move parameter scan model artifact to canonical model tree.,856645
outputs/models/real_public_benchmark/kasteren/seed_42/parameter_scans/ldp/mlp/retrain_attacker/best_mlp_ldp_epsilon_0p1_retrain.pt,outputs/models/kasteren/seed_42/mlp/ldp/parameter_scan/mlp/retrain_attacker/best_mlp_ldp_epsilon_0p1_retrain.pt,move,Move parameter scan model artifact to canonical model tree.,255381
outputs/models/real_public_benchmark/kasteren/seed_42/parameter_scans/ldp/mlp/retrain_attacker/best_mlp_ldp_epsilon_0p5_retrain.pt,outputs/models/kasteren/seed_42/mlp/ldp/parameter_scan/mlp/retrain_attacker/best_mlp_ldp_epsilon_0p5_retrain.pt,move,Move parameter scan model artifact to canonical model tree.,255381
outputs/models/real_public_benchmark/kasteren/seed_42/parameter_scans/ldp/mlp/retrain_attacker/best_mlp_ldp_epsilon_1p0_retrain.pt,outputs/models/kasteren/seed_42/mlp/ldp/parameter_scan/mlp/retrain_attacker/best_mlp_ldp_epsilon_1p0_retrain.pt,move,Move parameter scan model artifact to canonical model tree.,255381
outputs/models/real_public_benchmark/kasteren/seed_42/parameter_scans/ldp/mlp/retrain_attacker/best_mlp_ldp_epsilon_2p0_retrain.pt,outputs/models/kasteren/seed_42/mlp/ldp/parameter_scan/mlp/retrain_attacker/best_mlp_ldp_epsilon_2p0_retrain.pt,move,Move parameter scan model artifact to canonical model tree.,255381
outputs/models/real_public_benchmark/kasteren/seed_42/parameter_scans/ldp/mlp/retrain_attacker/best_mlp_ldp_epsilon_5p0_retrain.pt,outputs/models/kasteren/seed_42/mlp/ldp/parameter_scan/mlp/retrain_attacker/best_mlp_ldp_epsilon_5p0_retrain.pt,move,Move parameter scan model artifact to canonical model tree.,255381
outputs/models/real_public_benchmark/kasteren/seed_42/parameter_scans/noise/lstm/retrain_attacker/best_lstm_noise_noise_scale_0p1_retrain.pt,outputs/models/kasteren/seed_42/lstm/noise/parameter_scan/lstm/retrain_attacker/best_lstm_noise_noise_scale_0p1_retrain.pt,move,Move parameter scan model artifact to canonical model tree.,856645
outputs/models/real_public_benchmark/kasteren/seed_42/parameter_scans/noise/lstm/retrain_attacker/best_lstm_noise_noise_scale_0p3_retrain.pt,outputs/models/kasteren/seed_42/lstm/noise/parameter_scan/lstm/retrain_attacker/best_lstm_noise_noise_scale_0p3_retrain.pt,move,Move parameter scan model artifact to canonical model tree.,856645
outputs/models/real_public_benchmark/kasteren/seed_42/parameter_scans/noise/lstm/retrain_attacker/best_lstm_noise_noise_scale_0p5_retrain.pt,outputs/models/kasteren/seed_42/lstm/noise/parameter_scan/lstm/retrain_attacker/best_lstm_noise_noise_scale_0p5_retrain.pt,move,Move parameter scan model artifact to canonical model tree.,856645
outputs/models/real_public_benchmark/kasteren/seed_42/parameter_scans/noise/lstm/retrain_attacker/best_lstm_noise_noise_scale_1p0_retrain.pt,outputs/models/kasteren/seed_42/lstm/noise/parameter_scan/lstm/retrain_attacker/best_lstm_noise_noise_scale_1p0_retrain.pt,move,Move parameter scan model artifact to canonical model tree.,856645
outputs/models/real_public_benchmark/kasteren/seed_42/parameter_scans/noise/mlp/retrain_attacker/best_mlp_noise_noise_scale_0p1_retrain.pt,outputs/models/kasteren/seed_42/mlp/noise/parameter_scan/mlp/retrain_attacker/best_mlp_noise_noise_scale_0p1_retrain.pt,move,Move parameter scan model artifact to canonical model tree.,255381
outputs/models/real_public_benchmark/kasteren/seed_42/parameter_scans/noise/mlp/retrain_attacker/best_mlp_noise_noise_scale_0p3_retrain.pt,outputs/models/kasteren/seed_42/mlp/noise/parameter_scan/mlp/retrain_attacker/best_mlp_noise_noise_scale_0p3_retrain.pt,move,Move parameter scan model artifact to canonical model tree.,255381
outputs/models/real_public_benchmark/kasteren/seed_42/parameter_scans/noise/mlp/retrain_attacker/best_mlp_noise_noise_scale_0p5_retrain.pt,outputs/models/kasteren/seed_42/mlp/noise/parameter_scan/mlp/retrain_attacker/best_mlp_noise_noise_scale_0p5_retrain.pt,move,Move parameter scan model artifact to canonical model tree.,255381
outputs/models/real_public_benchmark/kasteren/seed_42/parameter_scans/noise/mlp/retrain_attacker/best_mlp_noise_noise_scale_1p0_retrain.pt,outputs/models/kasteren/seed_42/mlp/noise/parameter_scan/mlp/retrain_attacker/best_mlp_noise_noise_scale_1p0_retrain.pt,move,Move parameter scan model artifact to canonical model tree.,255381
outputs/models/real_public_benchmark/casas_hh101/seed_123/best_lstm.pt,outputs/models/casas_hh101/seed_123/lstm/baseline/best_lstm.pt,move,Move model artifact to dataset/seed/model layout.,829637
outputs/models/real_public_benchmark/casas_hh101/seed_123/best_lstm_casas_hh101_adaptive_ldp_defended_retrain.pt,outputs/models/casas_hh101/seed_123/lstm/adaptive_ldp/retrain_attacker/best_lstm_casas_hh101_adaptive_ldp_defended_retrain.pt,move,Move model artifact to dataset/seed/model layout.,829637
outputs/models/real_public_benchmark/casas_hh101/seed_123/best_lstm_casas_hh101_ldp_defended_retrain.pt,outputs/models/casas_hh101/seed_123/lstm/ldp/retrain_attacker/best_lstm_casas_hh101_ldp_defended_retrain.pt,move,Move model artifact to dataset/seed/model layout.,829637
outputs/models/real_public_benchmark/casas_hh101/seed_123/best_lstm_casas_hh101_noise_defended_retrain.pt,outputs/models/casas_hh101/seed_123/lstm/noise/retrain_attacker/best_lstm_casas_hh101_noise_defended_retrain.pt,move,Move model artifact to dataset/seed/model layout.,829637
outputs/models/real_public_benchmark/casas_hh101/seed_123/best_mlp.pt,outputs/models/casas_hh101/seed_123/mlp/baseline/best_mlp.pt,move,Move model artifact to dataset/seed/model layout.,195541
outputs/models/real_public_benchmark/casas_hh101/seed_123/best_mlp_casas_hh101_adaptive_ldp_defended_retrain.pt,outputs/models/casas_hh101/seed_123/mlp/adaptive_ldp/retrain_attacker/best_mlp_casas_hh101_adaptive_ldp_defended_retrain.pt,move,Move model artifact to dataset/seed/model layout.,195541
outputs/models/real_public_benchmark/casas_hh101/seed_123/best_mlp_casas_hh101_ldp_defended_retrain.pt,outputs/models/casas_hh101/seed_123/mlp/ldp/retrain_attacker/best_mlp_casas_hh101_ldp_defended_retrain.pt,move,Move model artifact to dataset/seed/model layout.,195541
outputs/models/real_public_benchmark/casas_hh101/seed_123/best_mlp_casas_hh101_noise_defended_retrain.pt,outputs/models/casas_hh101/seed_123/mlp/noise/retrain_attacker/best_mlp_casas_hh101_noise_defended_retrain.pt,move,Move model artifact to dataset/seed/model layout.,195541
outputs/models/real_public_benchmark/casas_hh101/seed_123/parameter_scans/adaptive_ldp/lstm/retrain_attacker/best_lstm_adaptive_ldp_adaptive_default_retrain.pt,outputs/models/casas_hh101/seed_123/lstm/adaptive_ldp/parameter_scan/lstm/retrain_attacker/best_lstm_adaptive_ldp_adaptive_default_retrain.pt,move,Move parameter scan model artifact to canonical model tree.,829637
outputs/models/real_public_benchmark/casas_hh101/seed_123/parameter_scans/adaptive_ldp/lstm/retrain_attacker/best_lstm_adaptive_ldp_adaptive_edge_cap_on_retrain.pt,outputs/models/casas_hh101/seed_123/lstm/adaptive_ldp/parameter_scan/lstm/retrain_attacker/best_lstm_adaptive_ldp_adaptive_edge_cap_on_retrain.pt,move,Move parameter scan model artifact to canonical model tree.,829637
outputs/models/real_public_benchmark/casas_hh101/seed_123/parameter_scans/adaptive_ldp/lstm/retrain_attacker/best_lstm_adaptive_ldp_adaptive_sensitivity_only_retrain.pt,outputs/models/casas_hh101/seed_123/lstm/adaptive_ldp/parameter_scan/lstm/retrain_attacker/best_lstm_adaptive_ldp_adaptive_sensitivity_only_retrain.pt,move,Move parameter scan model artifact to canonical model tree.,829637
outputs/models/real_public_benchmark/casas_hh101/seed_123/parameter_scans/adaptive_ldp/lstm/retrain_attacker/best_lstm_adaptive_ldp_adaptive_strong_privacy_retrain.pt,outputs/models/casas_hh101/seed_123/lstm/adaptive_ldp/parameter_scan/lstm/retrain_attacker/best_lstm_adaptive_ldp_adaptive_strong_privacy_retrain.pt,move,Move parameter scan model artifact to canonical model tree.,829637
outputs/models/real_public_benchmark/casas_hh101/seed_123/parameter_scans/adaptive_ldp/lstm/retrain_attacker/best_lstm_adaptive_ldp_adaptive_traffic_only_retrain.pt,outputs/models/casas_hh101/seed_123/lstm/adaptive_ldp/parameter_scan/lstm/retrain_attacker/best_lstm_adaptive_ldp_adaptive_traffic_only_retrain.pt,move,Move parameter scan model artifact to canonical model tree.,829637
outputs/models/real_public_benchmark/casas_hh101/seed_123/parameter_scans/adaptive_ldp/lstm/retrain_attacker/best_lstm_adaptive_ldp_adaptive_weak_privacy_retrain.pt,outputs/models/casas_hh101/seed_123/lstm/adaptive_ldp/parameter_scan/lstm/retrain_attacker/best_lstm_adaptive_ldp_adaptive_weak_privacy_retrain.pt,move,Move parameter scan model artifact to canonical model tree.,829637
outputs/models/real_public_benchmark/casas_hh101/seed_123/parameter_scans/adaptive_ldp/mlp/retrain_attacker/best_mlp_adaptive_ldp_adaptive_default_retrain.pt,outputs/models/casas_hh101/seed_123/mlp/adaptive_ldp/parameter_scan/mlp/retrain_attacker/best_mlp_adaptive_ldp_adaptive_default_retrain.pt,move,Move parameter scan model artifact to canonical model tree.,195541
outputs/models/real_public_benchmark/casas_hh101/seed_123/parameter_scans/adaptive_ldp/mlp/retrain_attacker/best_mlp_adaptive_ldp_adaptive_edge_cap_on_retrain.pt,outputs/models/casas_hh101/seed_123/mlp/adaptive_ldp/parameter_scan/mlp/retrain_attacker/best_mlp_adaptive_ldp_adaptive_edge_cap_on_retrain.pt,move,Move parameter scan model artifact to canonical model tree.,195541
outputs/models/real_public_benchmark/casas_hh101/seed_123/parameter_scans/adaptive_ldp/mlp/retrain_attacker/best_mlp_adaptive_ldp_adaptive_sensitivity_only_retrain.pt,outputs/models/casas_hh101/seed_123/mlp/adaptive_ldp/parameter_scan/mlp/retrain_attacker/best_mlp_adaptive_ldp_adaptive_sensitivity_only_retrain.pt,move,Move parameter scan model artifact to canonical model tree.,195541
outputs/models/real_public_benchmark/casas_hh101/seed_123/parameter_scans/adaptive_ldp/mlp/retrain_attacker/best_mlp_adaptive_ldp_adaptive_strong_privacy_retrain.pt,outputs/models/casas_hh101/seed_123/mlp/adaptive_ldp/parameter_scan/mlp/retrain_attacker/best_mlp_adaptive_ldp_adaptive_strong_privacy_retrain.pt,move,Move parameter scan model artifact to canonical model tree.,195541
outputs/models/real_public_benchmark/casas_hh101/seed_123/parameter_scans/adaptive_ldp/mlp/retrain_attacker/best_mlp_adaptive_ldp_adaptive_traffic_only_retrain.pt,outputs/models/casas_hh101/seed_123/mlp/adaptive_ldp/parameter_scan/mlp/retrain_attacker/best_mlp_adaptive_ldp_adaptive_traffic_only_retrain.pt,move,Move parameter scan model artifact to canonical model tree.,195541
outputs/models/real_public_benchmark/casas_hh101/seed_123/parameter_scans/adaptive_ldp/mlp/retrain_attacker/best_mlp_adaptive_ldp_adaptive_weak_privacy_retrain.pt,outputs/models/casas_hh101/seed_123/mlp/adaptive_ldp/parameter_scan/mlp/retrain_attacker/best_mlp_adaptive_ldp_adaptive_weak_privacy_retrain.pt,move,Move parameter scan model artifact to canonical model tree.,195541
outputs/models/real_public_benchmark/casas_hh101/seed_123/parameter_scans/ldp/lstm/retrain_attacker/best_lstm_ldp_epsilon_0p1_retrain.pt,outputs/models/casas_hh101/seed_123/lstm/ldp/parameter_scan/lstm/retrain_attacker/best_lstm_ldp_epsilon_0p1_retrain.pt,move,Move parameter scan model artifact to canonical model tree.,829637
outputs/models/real_public_benchmark/casas_hh101/seed_123/parameter_scans/ldp/lstm/retrain_attacker/best_lstm_ldp_epsilon_0p5_retrain.pt,outputs/models/casas_hh101/seed_123/lstm/ldp/parameter_scan/lstm/retrain_attacker/best_lstm_ldp_epsilon_0p5_retrain.pt,move,Move parameter scan model artifact to canonical model tree.,829637
outputs/models/real_public_benchmark/casas_hh101/seed_123/parameter_scans/ldp/lstm/retrain_attacker/best_lstm_ldp_epsilon_1p0_retrain.pt,outputs/models/casas_hh101/seed_123/lstm/ldp/parameter_scan/lstm/retrain_attacker/best_lstm_ldp_epsilon_1p0_retrain.pt,move,Move parameter scan model artifact to canonical model tree.,829637
outputs/models/real_public_benchmark/casas_hh101/seed_123/parameter_scans/ldp/lstm/retrain_attacker/best_lstm_ldp_epsilon_2p0_retrain.pt,outputs/models/casas_hh101/seed_123/lstm/ldp/parameter_scan/lstm/retrain_attacker/best_lstm_ldp_epsilon_2p0_retrain.pt,move,Move parameter scan model artifact to canonical model tree.,829637
outputs/models/real_public_benchmark/casas_hh101/seed_123/parameter_scans/ldp/lstm/retrain_attacker/best_lstm_ldp_epsilon_5p0_retrain.pt,outputs/models/casas_hh101/seed_123/lstm/ldp/parameter_scan/lstm/retrain_attacker/best_lstm_ldp_epsilon_5p0_retrain.pt,move,Move parameter scan model artifact to canonical model tree.,829637
outputs/models/real_public_benchmark/casas_hh101/seed_123/parameter_scans/ldp/mlp/retrain_attacker/best_mlp_ldp_epsilon_0p1_retrain.pt,outputs/models/casas_hh101/seed_123/mlp/ldp/parameter_scan/mlp/retrain_attacker/best_mlp_ldp_epsilon_0p1_retrain.pt,move,Move parameter scan model artifact to canonical model tree.,195541
outputs/models/real_public_benchmark/casas_hh101/seed_123/parameter_scans/ldp/mlp/retrain_attacker/best_mlp_ldp_epsilon_0p5_retrain.pt,outputs/models/casas_hh101/seed_123/mlp/ldp/parameter_scan/mlp/retrain_attacker/best_mlp_ldp_epsilon_0p5_retrain.pt,move,Move parameter scan model artifact to canonical model tree.,195541
outputs/models/real_public_benchmark/casas_hh101/seed_123/parameter_scans/ldp/mlp/retrain_attacker/best_mlp_ldp_epsilon_1p0_retrain.pt,outputs/models/casas_hh101/seed_123/mlp/ldp/parameter_scan/mlp/retrain_attacker/best_mlp_ldp_epsilon_1p0_retrain.pt,move,Move parameter scan model artifact to canonical model tree.,195541
outputs/models/real_public_benchmark/casas_hh101/seed_123/parameter_scans/ldp/mlp/retrain_attacker/best_mlp_ldp_epsilon_2p0_retrain.pt,outputs/models/casas_hh101/seed_123/mlp/ldp/parameter_scan/mlp/retrain_attacker/best_mlp_ldp_epsilon_2p0_retrain.pt,move,Move parameter scan model artifact to canonical model tree.,195541
outputs/models/real_public_benchmark/casas_hh101/seed_123/parameter_scans/ldp/mlp/retrain_attacker/best_mlp_ldp_epsilon_5p0_retrain.pt,outputs/models/casas_hh101/seed_123/mlp/ldp/parameter_scan/mlp/retrain_attacker/best_mlp_ldp_epsilon_5p0_retrain.pt,move,Move parameter scan model artifact to canonical model tree.,195541
outputs/models/real_public_benchmark/casas_hh101/seed_123/parameter_scans/noise/lstm/retrain_attacker/best_lstm_noise_noise_scale_0p1_retrain.pt,outputs/models/casas_hh101/seed_123/lstm/noise/parameter_scan/lstm/retrain_attacker/best_lstm_noise_noise_scale_0p1_retrain.pt,move,Move parameter scan model artifact to canonical model tree.,829637
outputs/models/real_public_benchmark/casas_hh101/seed_123/parameter_scans/noise/lstm/retrain_attacker/best_lstm_noise_noise_scale_0p3_retrain.pt,outputs/models/casas_hh101/seed_123/lstm/noise/parameter_scan/lstm/retrain_attacker/best_lstm_noise_noise_scale_0p3_retrain.pt,move,Move parameter scan model artifact to canonical model tree.,829637
outputs/models/real_public_benchmark/casas_hh101/seed_123/parameter_scans/noise/lstm/retrain_attacker/best_lstm_noise_noise_scale_0p5_retrain.pt,outputs/models/casas_hh101/seed_123/lstm/noise/parameter_scan/lstm/retrain_attacker/best_lstm_noise_noise_scale_0p5_retrain.pt,move,Move parameter scan model artifact to canonical model tree.,829637
outputs/models/real_public_benchmark/casas_hh101/seed_123/parameter_scans/noise/lstm/retrain_attacker/best_lstm_noise_noise_scale_1p0_retrain.pt,outputs/models/casas_hh101/seed_123/lstm/noise/parameter_scan/lstm/retrain_attacker/best_lstm_noise_noise_scale_1p0_retrain.pt,move,Move parameter scan model artifact to canonical model tree.,829637
outputs/models/real_public_benchmark/casas_hh101/seed_123/parameter_scans/noise/mlp/retrain_attacker/best_mlp_noise_noise_scale_0p1_retrain.pt,outputs/models/casas_hh101/seed_123/mlp/noise/parameter_scan/mlp/retrain_attacker/best_mlp_noise_noise_scale_0p1_retrain.pt,move,Move parameter scan model artifact to canonical model tree.,195541
outputs/models/real_public_benchmark/casas_hh101/seed_123/parameter_scans/noise/mlp/retrain_attacker/best_mlp_noise_noise_scale_0p3_retrain.pt,outputs/models/casas_hh101/seed_123/mlp/noise/parameter_scan/mlp/retrain_attacker/best_mlp_noise_noise_scale_0p3_retrain.pt,move,Move parameter scan model artifact to canonical model tree.,195541
outputs/models/real_public_benchmark/casas_hh101/seed_123/parameter_scans/noise/mlp/retrain_attacker/best_mlp_noise_noise_scale_0p5_retrain.pt,outputs/models/casas_hh101/seed_123/mlp/noise/parameter_scan/mlp/retrain_attacker/best_mlp_noise_noise_scale_0p5_retrain.pt,move,Move parameter scan model artifact to canonical model tree.,195541
outputs/models/real_public_benchmark/casas_hh101/seed_123/parameter_scans/noise/mlp/retrain_attacker/best_mlp_noise_noise_scale_1p0_retrain.pt,outputs/models/casas_hh101/seed_123/mlp/noise/parameter_scan/mlp/retrain_attacker/best_mlp_noise_noise_scale_1p0_retrain.pt,move,Move parameter scan model artifact to canonical model tree.,195541
outputs/models/real_public_benchmark/casas_hh101/seed_2026/best_lstm.pt,outputs/models/casas_hh101/seed_2026/lstm/baseline/best_lstm.pt,move,Move model artifact to dataset/seed/model layout.,829637
outputs/models/real_public_benchmark/casas_hh101/seed_2026/best_lstm_casas_hh101_adaptive_ldp_defended_retrain.pt,outputs/models/casas_hh101/seed_2026/lstm/adaptive_ldp/retrain_attacker/best_lstm_casas_hh101_adaptive_ldp_defended_retrain.pt,move,Move model artifact to dataset/seed/model layout.,829637
outputs/models/real_public_benchmark/casas_hh101/seed_2026/best_lstm_casas_hh101_ldp_defended_retrain.pt,outputs/models/casas_hh101/seed_2026/lstm/ldp/retrain_attacker/best_lstm_casas_hh101_ldp_defended_retrain.pt,move,Move model artifact to dataset/seed/model layout.,829637
outputs/models/real_public_benchmark/casas_hh101/seed_2026/best_lstm_casas_hh101_noise_defended_retrain.pt,outputs/models/casas_hh101/seed_2026/lstm/noise/retrain_attacker/best_lstm_casas_hh101_noise_defended_retrain.pt,move,Move model artifact to dataset/seed/model layout.,829637
outputs/models/real_public_benchmark/casas_hh101/seed_2026/best_mlp.pt,outputs/models/casas_hh101/seed_2026/mlp/baseline/best_mlp.pt,move,Move model artifact to dataset/seed/model layout.,195541
outputs/models/real_public_benchmark/casas_hh101/seed_2026/best_mlp_casas_hh101_adaptive_ldp_defended_retrain.pt,outputs/models/casas_hh101/seed_2026/mlp/adaptive_ldp/retrain_attacker/best_mlp_casas_hh101_adaptive_ldp_defended_retrain.pt,move,Move model artifact to dataset/seed/model layout.,195541
outputs/models/real_public_benchmark/casas_hh101/seed_2026/best_mlp_casas_hh101_ldp_defended_retrain.pt,outputs/models/casas_hh101/seed_2026/mlp/ldp/retrain_attacker/best_mlp_casas_hh101_ldp_defended_retrain.pt,move,Move model artifact to dataset/seed/model layout.,195541
outputs/models/real_public_benchmark/casas_hh101/seed_2026/best_mlp_casas_hh101_noise_defended_retrain.pt,outputs/models/casas_hh101/seed_2026/mlp/noise/retrain_attacker/best_mlp_casas_hh101_noise_defended_retrain.pt,move,Move model artifact to dataset/seed/model layout.,195541
outputs/models/real_public_benchmark/casas_hh101/seed_2026/parameter_scans/adaptive_ldp/lstm/retrain_attacker/best_lstm_adaptive_ldp_adaptive_default_retrain.pt,outputs/models/casas_hh101/seed_2026/lstm/adaptive_ldp/parameter_scan/lstm/retrain_attacker/best_lstm_adaptive_ldp_adaptive_default_retrain.pt,move,Move parameter scan model artifact to canonical model tree.,829637
outputs/models/real_public_benchmark/casas_hh101/seed_2026/parameter_scans/adaptive_ldp/lstm/retrain_attacker/best_lstm_adaptive_ldp_adaptive_edge_cap_on_retrain.pt,outputs/models/casas_hh101/seed_2026/lstm/adaptive_ldp/parameter_scan/lstm/retrain_attacker/best_lstm_adaptive_ldp_adaptive_edge_cap_on_retrain.pt,move,Move parameter scan model artifact to canonical model tree.,829637
outputs/models/real_public_benchmark/casas_hh101/seed_2026/parameter_scans/adaptive_ldp/lstm/retrain_attacker/best_lstm_adaptive_ldp_adaptive_sensitivity_only_retrain.pt,outputs/models/casas_hh101/seed_2026/lstm/adaptive_ldp/parameter_scan/lstm/retrain_attacker/best_lstm_adaptive_ldp_adaptive_sensitivity_only_retrain.pt,move,Move parameter scan model artifact to canonical model tree.,829637
outputs/models/real_public_benchmark/casas_hh101/seed_2026/parameter_scans/adaptive_ldp/lstm/retrain_attacker/best_lstm_adaptive_ldp_adaptive_strong_privacy_retrain.pt,outputs/models/casas_hh101/seed_2026/lstm/adaptive_ldp/parameter_scan/lstm/retrain_attacker/best_lstm_adaptive_ldp_adaptive_strong_privacy_retrain.pt,move,Move parameter scan model artifact to canonical model tree.,829637
outputs/models/real_public_benchmark/casas_hh101/seed_2026/parameter_scans/adaptive_ldp/lstm/retrain_attacker/best_lstm_adaptive_ldp_adaptive_traffic_only_retrain.pt,outputs/models/casas_hh101/seed_2026/lstm/adaptive_ldp/parameter_scan/lstm/retrain_attacker/best_lstm_adaptive_ldp_adaptive_traffic_only_retrain.pt,move,Move parameter scan model artifact to canonical model tree.,829637
outputs/models/real_public_benchmark/casas_hh101/seed_2026/parameter_scans/adaptive_ldp/lstm/retrain_attacker/best_lstm_adaptive_ldp_adaptive_weak_privacy_retrain.pt,outputs/models/casas_hh101/seed_2026/lstm/adaptive_ldp/parameter_scan/lstm/retrain_attacker/best_lstm_adaptive_ldp_adaptive_weak_privacy_retrain.pt,move,Move parameter scan model artifact to canonical model tree.,829637
outputs/models/real_public_benchmark/casas_hh101/seed_2026/parameter_scans/adaptive_ldp/mlp/retrain_attacker/best_mlp_adaptive_ldp_adaptive_default_retrain.pt,outputs/models/casas_hh101/seed_2026/mlp/adaptive_ldp/parameter_scan/mlp/retrain_attacker/best_mlp_adaptive_ldp_adaptive_default_retrain.pt,move,Move parameter scan model artifact to canonical model tree.,195541
outputs/models/real_public_benchmark/casas_hh101/seed_2026/parameter_scans/adaptive_ldp/mlp/retrain_attacker/best_mlp_adaptive_ldp_adaptive_edge_cap_on_retrain.pt,outputs/models/casas_hh101/seed_2026/mlp/adaptive_ldp/parameter_scan/mlp/retrain_attacker/best_mlp_adaptive_ldp_adaptive_edge_cap_on_retrain.pt,move,Move parameter scan model artifact to canonical model tree.,195541
outputs/models/real_public_benchmark/casas_hh101/seed_2026/parameter_scans/adaptive_ldp/mlp/retrain_attacker/best_mlp_adaptive_ldp_adaptive_sensitivity_only_retrain.pt,outputs/models/casas_hh101/seed_2026/mlp/adaptive_ldp/parameter_scan/mlp/retrain_attacker/best_mlp_adaptive_ldp_adaptive_sensitivity_only_retrain.pt,move,Move parameter scan model artifact to canonical model tree.,195541
outputs/models/real_public_benchmark/casas_hh101/seed_2026/parameter_scans/adaptive_ldp/mlp/retrain_attacker/best_mlp_adaptive_ldp_adaptive_strong_privacy_retrain.pt,outputs/models/casas_hh101/seed_2026/mlp/adaptive_ldp/parameter_scan/mlp/retrain_attacker/best_mlp_adaptive_ldp_adaptive_strong_privacy_retrain.pt,move,Move parameter scan model artifact to canonical model tree.,195541
outputs/models/real_public_benchmark/casas_hh101/seed_2026/parameter_scans/adaptive_ldp/mlp/retrain_attacker/best_mlp_adaptive_ldp_adaptive_traffic_only_retrain.pt,outputs/models/casas_hh101/seed_2026/mlp/adaptive_ldp/parameter_scan/mlp/retrain_attacker/best_mlp_adaptive_ldp_adaptive_traffic_only_retrain.pt,move,Move parameter scan model artifact to canonical model tree.,195541
outputs/models/real_public_benchmark/casas_hh101/seed_2026/parameter_scans/adaptive_ldp/mlp/retrain_attacker/best_mlp_adaptive_ldp_adaptive_weak_privacy_retrain.pt,outputs/models/casas_hh101/seed_2026/mlp/adaptive_ldp/parameter_scan/mlp/retrain_attacker/best_mlp_adaptive_ldp_adaptive_weak_privacy_retrain.pt,move,Move parameter scan model artifact to canonical model tree.,195541
outputs/models/real_public_benchmark/casas_hh101/seed_2026/parameter_scans/ldp/lstm/retrain_attacker/best_lstm_ldp_epsilon_0p1_retrain.pt,outputs/models/casas_hh101/seed_2026/lstm/ldp/parameter_scan/lstm/retrain_attacker/best_lstm_ldp_epsilon_0p1_retrain.pt,move,Move parameter scan model artifact to canonical model tree.,829637
outputs/models/real_public_benchmark/casas_hh101/seed_2026/parameter_scans/ldp/lstm/retrain_attacker/best_lstm_ldp_epsilon_0p5_retrain.pt,outputs/models/casas_hh101/seed_2026/lstm/ldp/parameter_scan/lstm/retrain_attacker/best_lstm_ldp_epsilon_0p5_retrain.pt,move,Move parameter scan model artifact to canonical model tree.,829637
outputs/models/real_public_benchmark/casas_hh101/seed_2026/parameter_scans/ldp/lstm/retrain_attacker/best_lstm_ldp_epsilon_1p0_retrain.pt,outputs/models/casas_hh101/seed_2026/lstm/ldp/parameter_scan/lstm/retrain_attacker/best_lstm_ldp_epsilon_1p0_retrain.pt,move,Move parameter scan model artifact to canonical model tree.,829637
outputs/models/real_public_benchmark/casas_hh101/seed_2026/parameter_scans/ldp/lstm/retrain_attacker/best_lstm_ldp_epsilon_2p0_retrain.pt,outputs/models/casas_hh101/seed_2026/lstm/ldp/parameter_scan/lstm/retrain_attacker/best_lstm_ldp_epsilon_2p0_retrain.pt,move,Move parameter scan model artifact to canonical model tree.,829637
outputs/models/real_public_benchmark/casas_hh101/seed_2026/parameter_scans/ldp/lstm/retrain_attacker/best_lstm_ldp_epsilon_5p0_retrain.pt,outputs/models/casas_hh101/seed_2026/lstm/ldp/parameter_scan/lstm/retrain_attacker/best_lstm_ldp_epsilon_5p0_retrain.pt,move,Move parameter scan model artifact to canonical model tree.,829637
outputs/models/real_public_benchmark/casas_hh101/seed_2026/parameter_scans/ldp/mlp/retrain_attacker/best_mlp_ldp_epsilon_0p1_retrain.pt,outputs/models/casas_hh101/seed_2026/mlp/ldp/parameter_scan/mlp/retrain_attacker/best_mlp_ldp_epsilon_0p1_retrain.pt,move,Move parameter scan model artifact to canonical model tree.,195541
outputs/models/real_public_benchmark/casas_hh101/seed_2026/parameter_scans/ldp/mlp/retrain_attacker/best_mlp_ldp_epsilon_0p5_retrain.pt,outputs/models/casas_hh101/seed_2026/mlp/ldp/parameter_scan/mlp/retrain_attacker/best_mlp_ldp_epsilon_0p5_retrain.pt,move,Move parameter scan model artifact to canonical model tree.,195541
outputs/models/real_public_benchmark/casas_hh101/seed_2026/parameter_scans/ldp/mlp/retrain_attacker/best_mlp_ldp_epsilon_1p0_retrain.pt,outputs/models/casas_hh101/seed_2026/mlp/ldp/parameter_scan/mlp/retrain_attacker/best_mlp_ldp_epsilon_1p0_retrain.pt,move,Move parameter scan model artifact to canonical model tree.,195541
outputs/models/real_public_benchmark/casas_hh101/seed_2026/parameter_scans/ldp/mlp/retrain_attacker/best_mlp_ldp_epsilon_2p0_retrain.pt,outputs/models/casas_hh101/seed_2026/mlp/ldp/parameter_scan/mlp/retrain_attacker/best_mlp_ldp_epsilon_2p0_retrain.pt,move,Move parameter scan model artifact to canonical model tree.,195541
outputs/models/real_public_benchmark/casas_hh101/seed_2026/parameter_scans/ldp/mlp/retrain_attacker/best_mlp_ldp_epsilon_5p0_retrain.pt,outputs/models/casas_hh101/seed_2026/mlp/ldp/parameter_scan/mlp/retrain_attacker/best_mlp_ldp_epsilon_5p0_retrain.pt,move,Move parameter scan model artifact to canonical model tree.,195541
outputs/models/real_public_benchmark/casas_hh101/seed_2026/parameter_scans/noise/lstm/retrain_attacker/best_lstm_noise_noise_scale_0p1_retrain.pt,outputs/models/casas_hh101/seed_2026/lstm/noise/parameter_scan/lstm/retrain_attacker/best_lstm_noise_noise_scale_0p1_retrain.pt,move,Move parameter scan model artifact to canonical model tree.,829637
outputs/models/real_public_benchmark/casas_hh101/seed_2026/parameter_scans/noise/lstm/retrain_attacker/best_lstm_noise_noise_scale_0p3_retrain.pt,outputs/models/casas_hh101/seed_2026/lstm/noise/parameter_scan/lstm/retrain_attacker/best_lstm_noise_noise_scale_0p3_retrain.pt,move,Move parameter scan model artifact to canonical model tree.,829637
outputs/models/real_public_benchmark/casas_hh101/seed_2026/parameter_scans/noise/lstm/retrain_attacker/best_lstm_noise_noise_scale_0p5_retrain.pt,outputs/models/casas_hh101/seed_2026/lstm/noise/parameter_scan/lstm/retrain_attacker/best_lstm_noise_noise_scale_0p5_retrain.pt,move,Move parameter scan model artifact to canonical model tree.,829637
outputs/models/real_public_benchmark/casas_hh101/seed_2026/parameter_scans/noise/lstm/retrain_attacker/best_lstm_noise_noise_scale_1p0_retrain.pt,outputs/models/casas_hh101/seed_2026/lstm/noise/parameter_scan/lstm/retrain_attacker/best_lstm_noise_noise_scale_1p0_retrain.pt,move,Move parameter scan model artifact to canonical model tree.,829637
outputs/models/real_public_benchmark/casas_hh101/seed_2026/parameter_scans/noise/mlp/retrain_attacker/best_mlp_noise_noise_scale_0p1_retrain.pt,outputs/models/casas_hh101/seed_2026/mlp/noise/parameter_scan/mlp/retrain_attacker/best_mlp_noise_noise_scale_0p1_retrain.pt,move,Move parameter scan model artifact to canonical model tree.,195541
outputs/models/real_public_benchmark/casas_hh101/seed_2026/parameter_scans/noise/mlp/retrain_attacker/best_mlp_noise_noise_scale_0p3_retrain.pt,outputs/models/casas_hh101/seed_2026/mlp/noise/parameter_scan/mlp/retrain_attacker/best_mlp_noise_noise_scale_0p3_retrain.pt,move,Move parameter scan model artifact to canonical model tree.,195541
outputs/models/real_public_benchmark/casas_hh101/seed_2026/parameter_scans/noise/mlp/retrain_attacker/best_mlp_noise_noise_scale_0p5_retrain.pt,outputs/models/casas_hh101/seed_2026/mlp/noise/parameter_scan/mlp/retrain_attacker/best_mlp_noise_noise_scale_0p5_retrain.pt,move,Move parameter scan model artifact to canonical model tree.,195541
outputs/models/real_public_benchmark/casas_hh101/seed_2026/parameter_scans/noise/mlp/retrain_attacker/best_mlp_noise_noise_scale_1p0_retrain.pt,outputs/models/casas_hh101/seed_2026/mlp/noise/parameter_scan/mlp/retrain_attacker/best_mlp_noise_noise_scale_1p0_retrain.pt,move,Move parameter scan model artifact to canonical model tree.,195541
outputs/models/real_public_benchmark/casas_hh101/seed_42/best_lstm.pt,outputs/models/casas_hh101/seed_42/lstm/baseline/best_lstm.pt,move,Move model artifact to dataset/seed/model layout.,829637
outputs/models/real_public_benchmark/casas_hh101/seed_42/best_lstm_casas_hh101_adaptive_ldp_defended_retrain.pt,outputs/models/casas_hh101/seed_42/lstm/adaptive_ldp/retrain_attacker/best_lstm_casas_hh101_adaptive_ldp_defended_retrain.pt,move,Move model artifact to dataset/seed/model layout.,829637
outputs/models/real_public_benchmark/casas_hh101/seed_42/best_lstm_casas_hh101_ldp_defended_retrain.pt,outputs/models/casas_hh101/seed_42/lstm/ldp/retrain_attacker/best_lstm_casas_hh101_ldp_defended_retrain.pt,move,Move model artifact to dataset/seed/model layout.,829637
outputs/models/real_public_benchmark/casas_hh101/seed_42/best_lstm_casas_hh101_noise_defended_retrain.pt,outputs/models/casas_hh101/seed_42/lstm/noise/retrain_attacker/best_lstm_casas_hh101_noise_defended_retrain.pt,move,Move model artifact to dataset/seed/model layout.,829637
outputs/models/real_public_benchmark/casas_hh101/seed_42/best_mlp.pt,outputs/models/casas_hh101/seed_42/mlp/baseline/best_mlp.pt,move,Move model artifact to dataset/seed/model layout.,195541
outputs/models/real_public_benchmark/casas_hh101/seed_42/best_mlp_casas_hh101_adaptive_ldp_defended_retrain.pt,outputs/models/casas_hh101/seed_42/mlp/adaptive_ldp/retrain_attacker/best_mlp_casas_hh101_adaptive_ldp_defended_retrain.pt,move,Move model artifact to dataset/seed/model layout.,195541
outputs/models/real_public_benchmark/casas_hh101/seed_42/best_mlp_casas_hh101_ldp_defended_retrain.pt,outputs/models/casas_hh101/seed_42/mlp/ldp/retrain_attacker/best_mlp_casas_hh101_ldp_defended_retrain.pt,move,Move model artifact to dataset/seed/model layout.,195541
outputs/models/real_public_benchmark/casas_hh101/seed_42/best_mlp_casas_hh101_noise_defended_retrain.pt,outputs/models/casas_hh101/seed_42/mlp/noise/retrain_attacker/best_mlp_casas_hh101_noise_defended_retrain.pt,move,Move model artifact to dataset/seed/model layout.,195541
outputs/models/real_public_benchmark/casas_hh101/seed_42/parameter_scans/adaptive_ldp/lstm/retrain_attacker/best_lstm_adaptive_ldp_adaptive_default_retrain.pt,outputs/models/casas_hh101/seed_42/lstm/adaptive_ldp/parameter_scan/lstm/retrain_attacker/best_lstm_adaptive_ldp_adaptive_default_retrain.pt,move,Move parameter scan model artifact to canonical model tree.,829637
outputs/models/real_public_benchmark/casas_hh101/seed_42/parameter_scans/adaptive_ldp/lstm/retrain_attacker/best_lstm_adaptive_ldp_adaptive_edge_cap_on_retrain.pt,outputs/models/casas_hh101/seed_42/lstm/adaptive_ldp/parameter_scan/lstm/retrain_attacker/best_lstm_adaptive_ldp_adaptive_edge_cap_on_retrain.pt,move,Move parameter scan model artifact to canonical model tree.,829637
outputs/models/real_public_benchmark/casas_hh101/seed_42/parameter_scans/adaptive_ldp/lstm/retrain_attacker/best_lstm_adaptive_ldp_adaptive_sensitivity_only_retrain.pt,outputs/models/casas_hh101/seed_42/lstm/adaptive_ldp/parameter_scan/lstm/retrain_attacker/best_lstm_adaptive_ldp_adaptive_sensitivity_only_retrain.pt,move,Move parameter scan model artifact to canonical model tree.,829637
outputs/models/real_public_benchmark/casas_hh101/seed_42/parameter_scans/adaptive_ldp/lstm/retrain_attacker/best_lstm_adaptive_ldp_adaptive_strong_privacy_retrain.pt,outputs/models/casas_hh101/seed_42/lstm/adaptive_ldp/parameter_scan/lstm/retrain_attacker/best_lstm_adaptive_ldp_adaptive_strong_privacy_retrain.pt,move,Move parameter scan model artifact to canonical model tree.,829637
outputs/models/real_public_benchmark/casas_hh101/seed_42/parameter_scans/adaptive_ldp/lstm/retrain_attacker/best_lstm_adaptive_ldp_adaptive_traffic_only_retrain.pt,outputs/models/casas_hh101/seed_42/lstm/adaptive_ldp/parameter_scan/lstm/retrain_attacker/best_lstm_adaptive_ldp_adaptive_traffic_only_retrain.pt,move,Move parameter scan model artifact to canonical model tree.,829637
outputs/models/real_public_benchmark/casas_hh101/seed_42/parameter_scans/adaptive_ldp/lstm/retrain_attacker/best_lstm_adaptive_ldp_adaptive_weak_privacy_retrain.pt,outputs/models/casas_hh101/seed_42/lstm/adaptive_ldp/parameter_scan/lstm/retrain_attacker/best_lstm_adaptive_ldp_adaptive_weak_privacy_retrain.pt,move,Move parameter scan model artifact to canonical model tree.,829637
outputs/models/real_public_benchmark/casas_hh101/seed_42/parameter_scans/adaptive_ldp/mlp/retrain_attacker/best_mlp_adaptive_ldp_adaptive_default_retrain.pt,outputs/models/casas_hh101/seed_42/mlp/adaptive_ldp/parameter_scan/mlp/retrain_attacker/best_mlp_adaptive_ldp_adaptive_default_retrain.pt,move,Move parameter scan model artifact to canonical model tree.,195541
outputs/models/real_public_benchmark/casas_hh101/seed_42/parameter_scans/adaptive_ldp/mlp/retrain_attacker/best_mlp_adaptive_ldp_adaptive_edge_cap_on_retrain.pt,outputs/models/casas_hh101/seed_42/mlp/adaptive_ldp/parameter_scan/mlp/retrain_attacker/best_mlp_adaptive_ldp_adaptive_edge_cap_on_retrain.pt,move,Move parameter scan model artifact to canonical model tree.,195541
outputs/models/real_public_benchmark/casas_hh101/seed_42/parameter_scans/adaptive_ldp/mlp/retrain_attacker/best_mlp_adaptive_ldp_adaptive_sensitivity_only_retrain.pt,outputs/models/casas_hh101/seed_42/mlp/adaptive_ldp/parameter_scan/mlp/retrain_attacker/best_mlp_adaptive_ldp_adaptive_sensitivity_only_retrain.pt,move,Move parameter scan model artifact to canonical model tree.,195541
outputs/models/real_public_benchmark/casas_hh101/seed_42/parameter_scans/adaptive_ldp/mlp/retrain_attacker/best_mlp_adaptive_ldp_adaptive_strong_privacy_retrain.pt,outputs/models/casas_hh101/seed_42/mlp/adaptive_ldp/parameter_scan/mlp/retrain_attacker/best_mlp_adaptive_ldp_adaptive_strong_privacy_retrain.pt,move,Move parameter scan model artifact to canonical model tree.,195541
outputs/models/real_public_benchmark/casas_hh101/seed_42/parameter_scans/adaptive_ldp/mlp/retrain_attacker/best_mlp_adaptive_ldp_adaptive_traffic_only_retrain.pt,outputs/models/casas_hh101/seed_42/mlp/adaptive_ldp/parameter_scan/mlp/retrain_attacker/best_mlp_adaptive_ldp_adaptive_traffic_only_retrain.pt,move,Move parameter scan model artifact to canonical model tree.,195541
outputs/models/real_public_benchmark/casas_hh101/seed_42/parameter_scans/adaptive_ldp/mlp/retrain_attacker/best_mlp_adaptive_ldp_adaptive_weak_privacy_retrain.pt,outputs/models/casas_hh101/seed_42/mlp/adaptive_ldp/parameter_scan/mlp/retrain_attacker/best_mlp_adaptive_ldp_adaptive_weak_privacy_retrain.pt,move,Move parameter scan model artifact to canonical model tree.,195541
outputs/models/real_public_benchmark/casas_hh101/seed_42/parameter_scans/ldp/lstm/retrain_attacker/best_lstm_ldp_epsilon_0p1_retrain.pt,outputs/models/casas_hh101/seed_42/lstm/ldp/parameter_scan/lstm/retrain_attacker/best_lstm_ldp_epsilon_0p1_retrain.pt,move,Move parameter scan model artifact to canonical model tree.,829637
outputs/models/real_public_benchmark/casas_hh101/seed_42/parameter_scans/ldp/lstm/retrain_attacker/best_lstm_ldp_epsilon_0p5_retrain.pt,outputs/models/casas_hh101/seed_42/lstm/ldp/parameter_scan/lstm/retrain_attacker/best_lstm_ldp_epsilon_0p5_retrain.pt,move,Move parameter scan model artifact to canonical model tree.,829637
outputs/models/real_public_benchmark/casas_hh101/seed_42/parameter_scans/ldp/lstm/retrain_attacker/best_lstm_ldp_epsilon_1p0_retrain.pt,outputs/models/casas_hh101/seed_42/lstm/ldp/parameter_scan/lstm/retrain_attacker/best_lstm_ldp_epsilon_1p0_retrain.pt,move,Move parameter scan model artifact to canonical model tree.,829637
outputs/models/real_public_benchmark/casas_hh101/seed_42/parameter_scans/ldp/lstm/retrain_attacker/best_lstm_ldp_epsilon_2p0_retrain.pt,outputs/models/casas_hh101/seed_42/lstm/ldp/parameter_scan/lstm/retrain_attacker/best_lstm_ldp_epsilon_2p0_retrain.pt,move,Move parameter scan model artifact to canonical model tree.,829637
outputs/models/real_public_benchmark/casas_hh101/seed_42/parameter_scans/ldp/lstm/retrain_attacker/best_lstm_ldp_epsilon_5p0_retrain.pt,outputs/models/casas_hh101/seed_42/lstm/ldp/parameter_scan/lstm/retrain_attacker/best_lstm_ldp_epsilon_5p0_retrain.pt,move,Move parameter scan model artifact to canonical model tree.,829637
outputs/models/real_public_benchmark/casas_hh101/seed_42/parameter_scans/ldp/mlp/retrain_attacker/best_mlp_ldp_epsilon_0p1_retrain.pt,outputs/models/casas_hh101/seed_42/mlp/ldp/parameter_scan/mlp/retrain_attacker/best_mlp_ldp_epsilon_0p1_retrain.pt,move,Move parameter scan model artifact to canonical model tree.,195541
outputs/models/real_public_benchmark/casas_hh101/seed_42/parameter_scans/ldp/mlp/retrain_attacker/best_mlp_ldp_epsilon_0p5_retrain.pt,outputs/models/casas_hh101/seed_42/mlp/ldp/parameter_scan/mlp/retrain_attacker/best_mlp_ldp_epsilon_0p5_retrain.pt,move,Move parameter scan model artifact to canonical model tree.,195541
outputs/models/real_public_benchmark/casas_hh101/seed_42/parameter_scans/ldp/mlp/retrain_attacker/best_mlp_ldp_epsilon_1p0_retrain.pt,outputs/models/casas_hh101/seed_42/mlp/ldp/parameter_scan/mlp/retrain_attacker/best_mlp_ldp_epsilon_1p0_retrain.pt,move,Move parameter scan model artifact to canonical model tree.,195541
outputs/models/real_public_benchmark/casas_hh101/seed_42/parameter_scans/ldp/mlp/retrain_attacker/best_mlp_ldp_epsilon_2p0_retrain.pt,outputs/models/casas_hh101/seed_42/mlp/ldp/parameter_scan/mlp/retrain_attacker/best_mlp_ldp_epsilon_2p0_retrain.pt,move,Move parameter scan model artifact to canonical model tree.,195541
outputs/models/real_public_benchmark/casas_hh101/seed_42/parameter_scans/ldp/mlp/retrain_attacker/best_mlp_ldp_epsilon_5p0_retrain.pt,outputs/models/casas_hh101/seed_42/mlp/ldp/parameter_scan/mlp/retrain_attacker/best_mlp_ldp_epsilon_5p0_retrain.pt,move,Move parameter scan model artifact to canonical model tree.,195541
outputs/models/real_public_benchmark/casas_hh101/seed_42/parameter_scans/noise/lstm/retrain_attacker/best_lstm_noise_noise_scale_0p1_retrain.pt,outputs/models/casas_hh101/seed_42/lstm/noise/parameter_scan/lstm/retrain_attacker/best_lstm_noise_noise_scale_0p1_retrain.pt,move,Move parameter scan model artifact to canonical model tree.,829637
outputs/models/real_public_benchmark/casas_hh101/seed_42/parameter_scans/noise/lstm/retrain_attacker/best_lstm_noise_noise_scale_0p3_retrain.pt,outputs/models/casas_hh101/seed_42/lstm/noise/parameter_scan/lstm/retrain_attacker/best_lstm_noise_noise_scale_0p3_retrain.pt,move,Move parameter scan model artifact to canonical model tree.,829637
outputs/models/real_public_benchmark/casas_hh101/seed_42/parameter_scans/noise/lstm/retrain_attacker/best_lstm_noise_noise_scale_0p5_retrain.pt,outputs/models/casas_hh101/seed_42/lstm/noise/parameter_scan/lstm/retrain_attacker/best_lstm_noise_noise_scale_0p5_retrain.pt,move,Move parameter scan model artifact to canonical model tree.,829637
outputs/models/real_public_benchmark/casas_hh101/seed_42/parameter_scans/noise/lstm/retrain_attacker/best_lstm_noise_noise_scale_1p0_retrain.pt,outputs/models/casas_hh101/seed_42/lstm/noise/parameter_scan/lstm/retrain_attacker/best_lstm_noise_noise_scale_1p0_retrain.pt,move,Move parameter scan model artifact to canonical model tree.,829637
outputs/models/real_public_benchmark/casas_hh101/seed_42/parameter_scans/noise/mlp/retrain_attacker/best_mlp_noise_noise_scale_0p1_retrain.pt,outputs/models/casas_hh101/seed_42/mlp/noise/parameter_scan/mlp/retrain_attacker/best_mlp_noise_noise_scale_0p1_retrain.pt,move,Move parameter scan model artifact to canonical model tree.,195541
outputs/models/real_public_benchmark/casas_hh101/seed_42/parameter_scans/noise/mlp/retrain_attacker/best_mlp_noise_noise_scale_0p3_retrain.pt,outputs/models/casas_hh101/seed_42/mlp/noise/parameter_scan/mlp/retrain_attacker/best_mlp_noise_noise_scale_0p3_retrain.pt,move,Move parameter scan model artifact to canonical model tree.,195541
outputs/models/real_public_benchmark/casas_hh101/seed_42/parameter_scans/noise/mlp/retrain_attacker/best_mlp_noise_noise_scale_0p5_retrain.pt,outputs/models/casas_hh101/seed_42/mlp/noise/parameter_scan/mlp/retrain_attacker/best_mlp_noise_noise_scale_0p5_retrain.pt,move,Move parameter scan model artifact to canonical model tree.,195541
outputs/models/real_public_benchmark/casas_hh101/seed_42/parameter_scans/noise/mlp/retrain_attacker/best_mlp_noise_noise_scale_1p0_retrain.pt,outputs/models/casas_hh101/seed_42/mlp/noise/parameter_scan/mlp/retrain_attacker/best_mlp_noise_noise_scale_1p0_retrain.pt,move,Move parameter scan model artifact to canonical model tree.,195541
configs/generated_all_methods/default.seed_123.adaptive_ldp.lstm.retrain.yaml,configs/generated/mock/seed_123/lstm/adaptive_ldp/retrain_attacker.yaml,copy,Move mock generated config to canonical path.,3176
configs/generated_all_methods/default.seed_123.adaptive_ldp.mlp.retrain.yaml,configs/generated/mock/seed_123/mlp/adaptive_ldp/retrain_attacker.yaml,copy,Move mock generated config to canonical path.,3174
configs/generated_all_methods/default.seed_123.adaptive_ldp.yaml,configs/generated/mock/seed_123/lstm/adaptive_ldp/fixed_attacker.yaml,copy,Move mock generated config to canonical path.,3163
configs/generated_all_methods/default.seed_123.adaptive_ldp.yaml,configs/generated/mock/seed_123/mlp/adaptive_ldp/fixed_attacker.yaml,copy,Move mock generated config to canonical path.,3163
configs/generated_all_methods/default.seed_123.base.yaml,configs/generated/mock/seed_123/lstm/baseline.yaml,copy,Move mock generated config to canonical path.,3163
configs/generated_all_methods/default.seed_123.base.yaml,configs/generated/mock/seed_123/mlp/baseline.yaml,copy,Move mock generated config to canonical path.,3163
configs/generated_all_methods/default.seed_123.ldp.lstm.retrain.yaml,configs/generated/mock/seed_123/lstm/ldp/retrain_attacker.yaml,copy,Move mock generated config to canonical path.,3140
configs/generated_all_methods/default.seed_123.ldp.mlp.retrain.yaml,configs/generated/mock/seed_123/mlp/ldp/retrain_attacker.yaml,copy,Move mock generated config to canonical path.,3138
configs/generated_all_methods/default.seed_123.ldp.yaml,configs/generated/mock/seed_123/lstm/ldp/fixed_attacker.yaml,copy,Move mock generated config to canonical path.,3136
configs/generated_all_methods/default.seed_123.ldp.yaml,configs/generated/mock/seed_123/mlp/ldp/fixed_attacker.yaml,copy,Move mock generated config to canonical path.,3136
configs/generated_all_methods/default.seed_123.noise.lstm.retrain.yaml,configs/generated/mock/seed_123/lstm/noise/retrain_attacker.yaml,copy,Move mock generated config to canonical path.,3148
configs/generated_all_methods/default.seed_123.noise.mlp.retrain.yaml,configs/generated/mock/seed_123/mlp/noise/retrain_attacker.yaml,copy,Move mock generated config to canonical path.,3146
configs/generated_all_methods/default.seed_123.noise.yaml,configs/generated/mock/seed_123/lstm/noise/fixed_attacker.yaml,copy,Move mock generated config to canonical path.,3142
configs/generated_all_methods/default.seed_123.noise.yaml,configs/generated/mock/seed_123/mlp/noise/fixed_attacker.yaml,copy,Move mock generated config to canonical path.,3142
configs/generated_all_methods/default.seed_2026.adaptive_ldp.lstm.retrain.yaml,configs/generated/mock/seed_2026/lstm/adaptive_ldp/retrain_attacker.yaml,copy,Move mock generated config to canonical path.,3184
configs/generated_all_methods/default.seed_2026.adaptive_ldp.mlp.retrain.yaml,configs/generated/mock/seed_2026/mlp/adaptive_ldp/retrain_attacker.yaml,copy,Move mock generated config to canonical path.,3182
configs/generated_all_methods/default.seed_2026.adaptive_ldp.yaml,configs/generated/mock/seed_2026/lstm/adaptive_ldp/fixed_attacker.yaml,copy,Move mock generated config to canonical path.,3171
configs/generated_all_methods/default.seed_2026.adaptive_ldp.yaml,configs/generated/mock/seed_2026/mlp/adaptive_ldp/fixed_attacker.yaml,copy,Move mock generated config to canonical path.,3171
configs/generated_all_methods/default.seed_2026.base.yaml,configs/generated/mock/seed_2026/lstm/baseline.yaml,copy,Move mock generated config to canonical path.,3171
configs/generated_all_methods/default.seed_2026.base.yaml,configs/generated/mock/seed_2026/mlp/baseline.yaml,copy,Move mock generated config to canonical path.,3171
configs/generated_all_methods/default.seed_2026.ldp.lstm.retrain.yaml,configs/generated/mock/seed_2026/lstm/ldp/retrain_attacker.yaml,copy,Move mock generated config to canonical path.,3148
configs/generated_all_methods/default.seed_2026.ldp.mlp.retrain.yaml,configs/generated/mock/seed_2026/mlp/ldp/retrain_attacker.yaml,copy,Move mock generated config to canonical path.,3146
configs/generated_all_methods/default.seed_2026.ldp.yaml,configs/generated/mock/seed_2026/lstm/ldp/fixed_attacker.yaml,copy,Move mock generated config to canonical path.,3144
configs/generated_all_methods/default.seed_2026.ldp.yaml,configs/generated/mock/seed_2026/mlp/ldp/fixed_attacker.yaml,copy,Move mock generated config to canonical path.,3144
configs/generated_all_methods/default.seed_2026.noise.lstm.retrain.yaml,configs/generated/mock/seed_2026/lstm/noise/retrain_attacker.yaml,copy,Move mock generated config to canonical path.,3156
configs/generated_all_methods/default.seed_2026.noise.mlp.retrain.yaml,configs/generated/mock/seed_2026/mlp/noise/retrain_attacker.yaml,copy,Move mock generated config to canonical path.,3154
configs/generated_all_methods/default.seed_2026.noise.yaml,configs/generated/mock/seed_2026/lstm/noise/fixed_attacker.yaml,copy,Move mock generated config to canonical path.,3150
configs/generated_all_methods/default.seed_2026.noise.yaml,configs/generated/mock/seed_2026/mlp/noise/fixed_attacker.yaml,copy,Move mock generated config to canonical path.,3150
configs/generated_all_methods/default.seed_42.adaptive_ldp.lstm.retrain.yaml,configs/generated/mock/seed_42/lstm/adaptive_ldp/retrain_attacker.yaml,copy,Move mock generated config to canonical path.,3168
configs/generated_all_methods/default.seed_42.adaptive_ldp.mlp.retrain.yaml,configs/generated/mock/seed_42/mlp/adaptive_ldp/retrain_attacker.yaml,copy,Move mock generated config to canonical path.,3166
configs/generated_all_methods/default.seed_42.adaptive_ldp.yaml,configs/generated/mock/seed_42/lstm/adaptive_ldp/fixed_attacker.yaml,copy,Move mock generated config to canonical path.,3155
configs/generated_all_methods/default.seed_42.adaptive_ldp.yaml,configs/generated/mock/seed_42/mlp/adaptive_ldp/fixed_attacker.yaml,copy,Move mock generated config to canonical path.,3155
configs/generated_all_methods/default.seed_42.base.yaml,configs/generated/mock/seed_42/lstm/baseline.yaml,copy,Move mock generated config to canonical path.,3155
configs/generated_all_methods/default.seed_42.base.yaml,configs/generated/mock/seed_42/mlp/baseline.yaml,copy,Move mock generated config to canonical path.,3155
configs/generated_all_methods/default.seed_42.ldp.lstm.retrain.yaml,configs/generated/mock/seed_42/lstm/ldp/retrain_attacker.yaml,copy,Move mock generated config to canonical path.,3132
configs/generated_all_methods/default.seed_42.ldp.mlp.retrain.yaml,configs/generated/mock/seed_42/mlp/ldp/retrain_attacker.yaml,copy,Move mock generated config to canonical path.,3130
configs/generated_all_methods/default.seed_42.ldp.yaml,configs/generated/mock/seed_42/lstm/ldp/fixed_attacker.yaml,copy,Move mock generated config to canonical path.,3128
configs/generated_all_methods/default.seed_42.ldp.yaml,configs/generated/mock/seed_42/mlp/ldp/fixed_attacker.yaml,copy,Move mock generated config to canonical path.,3128
configs/generated_all_methods/default.seed_42.noise.lstm.retrain.yaml,configs/generated/mock/seed_42/lstm/noise/retrain_attacker.yaml,copy,Move mock generated config to canonical path.,3140
configs/generated_all_methods/default.seed_42.noise.mlp.retrain.yaml,configs/generated/mock/seed_42/mlp/noise/retrain_attacker.yaml,copy,Move mock generated config to canonical path.,3138
configs/generated_all_methods/default.seed_42.noise.yaml,configs/generated/mock/seed_42/lstm/noise/fixed_attacker.yaml,copy,Move mock generated config to canonical path.,3134
configs/generated_all_methods/default.seed_42.noise.yaml,configs/generated/mock/seed_42/mlp/noise/fixed_attacker.yaml,copy,Move mock generated config to canonical path.,3134
configs/generated_all_methods/import.casas_hh101.yaml,configs/generated/imports/casas_hh101.yaml,copy,Move import helper config under generated/imports.,3088
configs/generated_all_methods/import.kasteren.yaml,configs/generated/imports/kasteren.yaml,copy,Move import helper config under generated/imports.,3070
configs/generated_all_methods/import.uci_har.yaml,configs/generated/imports/uci_har.yaml,copy,Move import helper config under generated/imports.,3064
configs/generated_real_public/casas_hh101.seed_123.adaptive_ldp.lstm.retrain.yaml,configs/generated/casas_hh101/seed_123/lstm/adaptive_ldp/retrain_attacker.yaml,copy,Move real generated config to canonical path.,3277
configs/generated_real_public/casas_hh101.seed_123.adaptive_ldp.mlp.retrain.yaml,configs/generated/casas_hh101/seed_123/mlp/adaptive_ldp/retrain_attacker.yaml,copy,Move real generated config to canonical path.,3275
configs/generated_real_public/casas_hh101.seed_123.adaptive_ldp.yaml,configs/generated/casas_hh101/seed_123/lstm/adaptive_ldp/fixed_attacker.yaml,copy,Move real generated config to canonical path.,3252
configs/generated_real_public/casas_hh101.seed_123.adaptive_ldp.yaml,configs/generated/casas_hh101/seed_123/mlp/adaptive_ldp/fixed_attacker.yaml,copy,Move real generated config to canonical path.,3252
configs/generated_real_public/casas_hh101.seed_123.base.yaml,configs/generated/casas_hh101/seed_123/lstm/baseline.yaml,copy,Move real generated config to canonical path.,3252
configs/generated_real_public/casas_hh101.seed_123.base.yaml,configs/generated/casas_hh101/seed_123/mlp/baseline.yaml,copy,Move real generated config to canonical path.,3252
configs/generated_real_public/casas_hh101.seed_123.ldp.lstm.retrain.yaml,configs/generated/casas_hh101/seed_123/lstm/ldp/retrain_attacker.yaml,copy,Move real generated config to canonical path.,3241
configs/generated_real_public/casas_hh101.seed_123.ldp.mlp.retrain.yaml,configs/generated/casas_hh101/seed_123/mlp/ldp/retrain_attacker.yaml,copy,Move real generated config to canonical path.,3239
configs/generated_real_public/casas_hh101.seed_123.ldp.yaml,configs/generated/casas_hh101/seed_123/lstm/ldp/fixed_attacker.yaml,copy,Move real generated config to canonical path.,3225
configs/generated_real_public/casas_hh101.seed_123.ldp.yaml,configs/generated/casas_hh101/seed_123/mlp/ldp/fixed_attacker.yaml,copy,Move real generated config to canonical path.,3225
configs/generated_real_public/casas_hh101.seed_123.noise.lstm.retrain.yaml,configs/generated/casas_hh101/seed_123/lstm/noise/retrain_attacker.yaml,copy,Move real generated config to canonical path.,3249
configs/generated_real_public/casas_hh101.seed_123.noise.mlp.retrain.yaml,configs/generated/casas_hh101/seed_123/mlp/noise/retrain_attacker.yaml,copy,Move real generated config to canonical path.,3247
configs/generated_real_public/casas_hh101.seed_123.noise.yaml,configs/generated/casas_hh101/seed_123/lstm/noise/fixed_attacker.yaml,copy,Move real generated config to canonical path.,3231
configs/generated_real_public/casas_hh101.seed_123.noise.yaml,configs/generated/casas_hh101/seed_123/mlp/noise/fixed_attacker.yaml,copy,Move real generated config to canonical path.,3231
configs/generated_real_public/casas_hh101.seed_2026.adaptive_ldp.lstm.retrain.yaml,configs/generated/casas_hh101/seed_2026/lstm/adaptive_ldp/retrain_attacker.yaml,copy,Move real generated config to canonical path.,3284
configs/generated_real_public/casas_hh101.seed_2026.adaptive_ldp.mlp.retrain.yaml,configs/generated/casas_hh101/seed_2026/mlp/adaptive_ldp/retrain_attacker.yaml,copy,Move real generated config to canonical path.,3282
configs/generated_real_public/casas_hh101.seed_2026.adaptive_ldp.yaml,configs/generated/casas_hh101/seed_2026/lstm/adaptive_ldp/fixed_attacker.yaml,copy,Move real generated config to canonical path.,3259
configs/generated_real_public/casas_hh101.seed_2026.adaptive_ldp.yaml,configs/generated/casas_hh101/seed_2026/mlp/adaptive_ldp/fixed_attacker.yaml,copy,Move real generated config to canonical path.,3259
configs/generated_real_public/casas_hh101.seed_2026.base.yaml,configs/generated/casas_hh101/seed_2026/lstm/baseline.yaml,copy,Move real generated config to canonical path.,3259
configs/generated_real_public/casas_hh101.seed_2026.base.yaml,configs/generated/casas_hh101/seed_2026/mlp/baseline.yaml,copy,Move real generated config to canonical path.,3259
configs/generated_real_public/casas_hh101.seed_2026.ldp.lstm.retrain.yaml,configs/generated/casas_hh101/seed_2026/lstm/ldp/retrain_attacker.yaml,copy,Move real generated config to canonical path.,3248
configs/generated_real_public/casas_hh101.seed_2026.ldp.mlp.retrain.yaml,configs/generated/casas_hh101/seed_2026/mlp/ldp/retrain_attacker.yaml,copy,Move real generated config to canonical path.,3246
configs/generated_real_public/casas_hh101.seed_2026.ldp.yaml,configs/generated/casas_hh101/seed_2026/lstm/ldp/fixed_attacker.yaml,copy,Move real generated config to canonical path.,3232
configs/generated_real_public/casas_hh101.seed_2026.ldp.yaml,configs/generated/casas_hh101/seed_2026/mlp/ldp/fixed_attacker.yaml,copy,Move real generated config to canonical path.,3232
configs/generated_real_public/casas_hh101.seed_2026.noise.lstm.retrain.yaml,configs/generated/casas_hh101/seed_2026/lstm/noise/retrain_attacker.yaml,copy,Move real generated config to canonical path.,3256
configs/generated_real_public/casas_hh101.seed_2026.noise.mlp.retrain.yaml,configs/generated/casas_hh101/seed_2026/mlp/noise/retrain_attacker.yaml,copy,Move real generated config to canonical path.,3254
configs/generated_real_public/casas_hh101.seed_2026.noise.yaml,configs/generated/casas_hh101/seed_2026/lstm/noise/fixed_attacker.yaml,copy,Move real generated config to canonical path.,3238
configs/generated_real_public/casas_hh101.seed_2026.noise.yaml,configs/generated/casas_hh101/seed_2026/mlp/noise/fixed_attacker.yaml,copy,Move real generated config to canonical path.,3238
configs/generated_real_public/casas_hh101.seed_42.adaptive_ldp.lstm.retrain.yaml,configs/generated/casas_hh101/seed_42/lstm/adaptive_ldp/retrain_attacker.yaml,copy,Move real generated config to canonical path.,3270
configs/generated_real_public/casas_hh101.seed_42.adaptive_ldp.mlp.retrain.yaml,configs/generated/casas_hh101/seed_42/mlp/adaptive_ldp/retrain_attacker.yaml,copy,Move real generated config to canonical path.,3268
configs/generated_real_public/casas_hh101.seed_42.adaptive_ldp.yaml,configs/generated/casas_hh101/seed_42/lstm/adaptive_ldp/fixed_attacker.yaml,copy,Move real generated config to canonical path.,3245
configs/generated_real_public/casas_hh101.seed_42.adaptive_ldp.yaml,configs/generated/casas_hh101/seed_42/mlp/adaptive_ldp/fixed_attacker.yaml,copy,Move real generated config to canonical path.,3245
configs/generated_real_public/casas_hh101.seed_42.base.yaml,configs/generated/casas_hh101/seed_42/lstm/baseline.yaml,copy,Move real generated config to canonical path.,3245
configs/generated_real_public/casas_hh101.seed_42.base.yaml,configs/generated/casas_hh101/seed_42/mlp/baseline.yaml,copy,Move real generated config to canonical path.,3245
configs/generated_real_public/casas_hh101.seed_42.ldp.lstm.retrain.yaml,configs/generated/casas_hh101/seed_42/lstm/ldp/retrain_attacker.yaml,copy,Move real generated config to canonical path.,3234
configs/generated_real_public/casas_hh101.seed_42.ldp.mlp.retrain.yaml,configs/generated/casas_hh101/seed_42/mlp/ldp/retrain_attacker.yaml,copy,Move real generated config to canonical path.,3232
configs/generated_real_public/casas_hh101.seed_42.ldp.yaml,configs/generated/casas_hh101/seed_42/lstm/ldp/fixed_attacker.yaml,copy,Move real generated config to canonical path.,3218
configs/generated_real_public/casas_hh101.seed_42.ldp.yaml,configs/generated/casas_hh101/seed_42/mlp/ldp/fixed_attacker.yaml,copy,Move real generated config to canonical path.,3218
configs/generated_real_public/casas_hh101.seed_42.noise.lstm.retrain.yaml,configs/generated/casas_hh101/seed_42/lstm/noise/retrain_attacker.yaml,copy,Move real generated config to canonical path.,3242
configs/generated_real_public/casas_hh101.seed_42.noise.mlp.retrain.yaml,configs/generated/casas_hh101/seed_42/mlp/noise/retrain_attacker.yaml,copy,Move real generated config to canonical path.,3240
configs/generated_real_public/casas_hh101.seed_42.noise.yaml,configs/generated/casas_hh101/seed_42/lstm/noise/fixed_attacker.yaml,copy,Move real generated config to canonical path.,3224
configs/generated_real_public/casas_hh101.seed_42.noise.yaml,configs/generated/casas_hh101/seed_42/mlp/noise/fixed_attacker.yaml,copy,Move real generated config to canonical path.,3224
configs/generated_real_public/kasteren.seed_123.adaptive_ldp.lstm.retrain.yaml,configs/generated/kasteren/seed_123/lstm/adaptive_ldp/retrain_attacker.yaml,copy,Move real generated config to canonical path.,3256
configs/generated_real_public/kasteren.seed_123.adaptive_ldp.mlp.retrain.yaml,configs/generated/kasteren/seed_123/mlp/adaptive_ldp/retrain_attacker.yaml,copy,Move real generated config to canonical path.,3254
configs/generated_real_public/kasteren.seed_123.adaptive_ldp.yaml,configs/generated/kasteren/seed_123/lstm/adaptive_ldp/fixed_attacker.yaml,copy,Move real generated config to canonical path.,3234
configs/generated_real_public/kasteren.seed_123.adaptive_ldp.yaml,configs/generated/kasteren/seed_123/mlp/adaptive_ldp/fixed_attacker.yaml,copy,Move real generated config to canonical path.,3234
configs/generated_real_public/kasteren.seed_123.base.yaml,configs/generated/kasteren/seed_123/lstm/baseline.yaml,copy,Move real generated config to canonical path.,3234
configs/generated_real_public/kasteren.seed_123.base.yaml,configs/generated/kasteren/seed_123/mlp/baseline.yaml,copy,Move real generated config to canonical path.,3234
configs/generated_real_public/kasteren.seed_123.ldp.lstm.retrain.yaml,configs/generated/kasteren/seed_123/lstm/ldp/retrain_attacker.yaml,copy,Move real generated config to canonical path.,3220
configs/generated_real_public/kasteren.seed_123.ldp.mlp.retrain.yaml,configs/generated/kasteren/seed_123/mlp/ldp/retrain_attacker.yaml,copy,Move real generated config to canonical path.,3218
configs/generated_real_public/kasteren.seed_123.ldp.yaml,configs/generated/kasteren/seed_123/lstm/ldp/fixed_attacker.yaml,copy,Move real generated config to canonical path.,3207
configs/generated_real_public/kasteren.seed_123.ldp.yaml,configs/generated/kasteren/seed_123/mlp/ldp/fixed_attacker.yaml,copy,Move real generated config to canonical path.,3207
configs/generated_real_public/kasteren.seed_123.noise.lstm.retrain.yaml,configs/generated/kasteren/seed_123/lstm/noise/retrain_attacker.yaml,copy,Move real generated config to canonical path.,3228
configs/generated_real_public/kasteren.seed_123.noise.mlp.retrain.yaml,configs/generated/kasteren/seed_123/mlp/noise/retrain_attacker.yaml,copy,Move real generated config to canonical path.,3226
configs/generated_real_public/kasteren.seed_123.noise.yaml,configs/generated/kasteren/seed_123/lstm/noise/fixed_attacker.yaml,copy,Move real generated config to canonical path.,3213
configs/generated_real_public/kasteren.seed_123.noise.yaml,configs/generated/kasteren/seed_123/mlp/noise/fixed_attacker.yaml,copy,Move real generated config to canonical path.,3213
configs/generated_real_public/kasteren.seed_2026.adaptive_ldp.lstm.retrain.yaml,configs/generated/kasteren/seed_2026/lstm/adaptive_ldp/retrain_attacker.yaml,copy,Move real generated config to canonical path.,3263
configs/generated_real_public/kasteren.seed_2026.adaptive_ldp.mlp.retrain.yaml,configs/generated/kasteren/seed_2026/mlp/adaptive_ldp/retrain_attacker.yaml,copy,Move real generated config to canonical path.,3261
configs/generated_real_public/kasteren.seed_2026.adaptive_ldp.yaml,configs/generated/kasteren/seed_2026/lstm/adaptive_ldp/fixed_attacker.yaml,copy,Move real generated config to canonical path.,3241
configs/generated_real_public/kasteren.seed_2026.adaptive_ldp.yaml,configs/generated/kasteren/seed_2026/mlp/adaptive_ldp/fixed_attacker.yaml,copy,Move real generated config to canonical path.,3241
configs/generated_real_public/kasteren.seed_2026.base.yaml,configs/generated/kasteren/seed_2026/lstm/baseline.yaml,copy,Move real generated config to canonical path.,3241
configs/generated_real_public/kasteren.seed_2026.base.yaml,configs/generated/kasteren/seed_2026/mlp/baseline.yaml,copy,Move real generated config to canonical path.,3241
configs/generated_real_public/kasteren.seed_2026.ldp.lstm.retrain.yaml,configs/generated/kasteren/seed_2026/lstm/ldp/retrain_attacker.yaml,copy,Move real generated config to canonical path.,3227
configs/generated_real_public/kasteren.seed_2026.ldp.mlp.retrain.yaml,configs/generated/kasteren/seed_2026/mlp/ldp/retrain_attacker.yaml,copy,Move real generated config to canonical path.,3225
configs/generated_real_public/kasteren.seed_2026.ldp.yaml,configs/generated/kasteren/seed_2026/lstm/ldp/fixed_attacker.yaml,copy,Move real generated config to canonical path.,3214
configs/generated_real_public/kasteren.seed_2026.ldp.yaml,configs/generated/kasteren/seed_2026/mlp/ldp/fixed_attacker.yaml,copy,Move real generated config to canonical path.,3214
configs/generated_real_public/kasteren.seed_2026.noise.lstm.retrain.yaml,configs/generated/kasteren/seed_2026/lstm/noise/retrain_attacker.yaml,copy,Move real generated config to canonical path.,3235
configs/generated_real_public/kasteren.seed_2026.noise.mlp.retrain.yaml,configs/generated/kasteren/seed_2026/mlp/noise/retrain_attacker.yaml,copy,Move real generated config to canonical path.,3233
configs/generated_real_public/kasteren.seed_2026.noise.yaml,configs/generated/kasteren/seed_2026/lstm/noise/fixed_attacker.yaml,copy,Move real generated config to canonical path.,3220
configs/generated_real_public/kasteren.seed_2026.noise.yaml,configs/generated/kasteren/seed_2026/mlp/noise/fixed_attacker.yaml,copy,Move real generated config to canonical path.,3220
configs/generated_real_public/kasteren.seed_42.adaptive_ldp.lstm.retrain.yaml,configs/generated/kasteren/seed_42/lstm/adaptive_ldp/retrain_attacker.yaml,copy,Move real generated config to canonical path.,3249
configs/generated_real_public/kasteren.seed_42.adaptive_ldp.mlp.retrain.yaml,configs/generated/kasteren/seed_42/mlp/adaptive_ldp/retrain_attacker.yaml,copy,Move real generated config to canonical path.,3247
configs/generated_real_public/kasteren.seed_42.adaptive_ldp.yaml,configs/generated/kasteren/seed_42/lstm/adaptive_ldp/fixed_attacker.yaml,copy,Move real generated config to canonical path.,3227
configs/generated_real_public/kasteren.seed_42.adaptive_ldp.yaml,configs/generated/kasteren/seed_42/mlp/adaptive_ldp/fixed_attacker.yaml,copy,Move real generated config to canonical path.,3227
configs/generated_real_public/kasteren.seed_42.base.yaml,configs/generated/kasteren/seed_42/lstm/baseline.yaml,copy,Move real generated config to canonical path.,3227
configs/generated_real_public/kasteren.seed_42.base.yaml,configs/generated/kasteren/seed_42/mlp/baseline.yaml,copy,Move real generated config to canonical path.,3227
configs/generated_real_public/kasteren.seed_42.ldp.lstm.retrain.yaml,configs/generated/kasteren/seed_42/lstm/ldp/retrain_attacker.yaml,copy,Move real generated config to canonical path.,3213
configs/generated_real_public/kasteren.seed_42.ldp.mlp.retrain.yaml,configs/generated/kasteren/seed_42/mlp/ldp/retrain_attacker.yaml,copy,Move real generated config to canonical path.,3211
configs/generated_real_public/kasteren.seed_42.ldp.yaml,configs/generated/kasteren/seed_42/lstm/ldp/fixed_attacker.yaml,copy,Move real generated config to canonical path.,3200
configs/generated_real_public/kasteren.seed_42.ldp.yaml,configs/generated/kasteren/seed_42/mlp/ldp/fixed_attacker.yaml,copy,Move real generated config to canonical path.,3200
configs/generated_real_public/kasteren.seed_42.noise.lstm.retrain.yaml,configs/generated/kasteren/seed_42/lstm/noise/retrain_attacker.yaml,copy,Move real generated config to canonical path.,3221
configs/generated_real_public/kasteren.seed_42.noise.mlp.retrain.yaml,configs/generated/kasteren/seed_42/mlp/noise/retrain_attacker.yaml,copy,Move real generated config to canonical path.,3219
configs/generated_real_public/kasteren.seed_42.noise.yaml,configs/generated/kasteren/seed_42/lstm/noise/fixed_attacker.yaml,copy,Move real generated config to canonical path.,3206
configs/generated_real_public/kasteren.seed_42.noise.yaml,configs/generated/kasteren/seed_42/mlp/noise/fixed_attacker.yaml,copy,Move real generated config to canonical path.,3206
configs/generated_real_public/uci_har.seed_123.adaptive_ldp.lstm.retrain.yaml,configs/generated/uci_har/seed_123/lstm/adaptive_ldp/retrain_attacker.yaml,copy,Move real generated config to canonical path.,3249
configs/generated_real_public/uci_har.seed_123.adaptive_ldp.mlp.retrain.yaml,configs/generated/uci_har/seed_123/mlp/adaptive_ldp/retrain_attacker.yaml,copy,Move real generated config to canonical path.,3247
configs/generated_real_public/uci_har.seed_123.adaptive_ldp.yaml,configs/generated/uci_har/seed_123/lstm/adaptive_ldp/fixed_attacker.yaml,copy,Move real generated config to canonical path.,3228
configs/generated_real_public/uci_har.seed_123.adaptive_ldp.yaml,configs/generated/uci_har/seed_123/mlp/adaptive_ldp/fixed_attacker.yaml,copy,Move real generated config to canonical path.,3228
configs/generated_real_public/uci_har.seed_123.base.yaml,configs/generated/uci_har/seed_123/lstm/baseline.yaml,copy,Move real generated config to canonical path.,3228
configs/generated_real_public/uci_har.seed_123.base.yaml,configs/generated/uci_har/seed_123/mlp/baseline.yaml,copy,Move real generated config to canonical path.,3228
configs/generated_real_public/uci_har.seed_123.ldp.lstm.retrain.yaml,configs/generated/uci_har/seed_123/lstm/ldp/retrain_attacker.yaml,copy,Move real generated config to canonical path.,3213
configs/generated_real_public/uci_har.seed_123.ldp.mlp.retrain.yaml,configs/generated/uci_har/seed_123/mlp/ldp/retrain_attacker.yaml,copy,Move real generated config to canonical path.,3211
configs/generated_real_public/uci_har.seed_123.ldp.yaml,configs/generated/uci_har/seed_123/lstm/ldp/fixed_attacker.yaml,copy,Move real generated config to canonical path.,3201
configs/generated_real_public/uci_har.seed_123.ldp.yaml,configs/generated/uci_har/seed_123/mlp/ldp/fixed_attacker.yaml,copy,Move real generated config to canonical path.,3201
configs/generated_real_public/uci_har.seed_123.noise.lstm.retrain.yaml,configs/generated/uci_har/seed_123/lstm/noise/retrain_attacker.yaml,copy,Move real generated config to canonical path.,3221
configs/generated_real_public/uci_har.seed_123.noise.mlp.retrain.yaml,configs/generated/uci_har/seed_123/mlp/noise/retrain_attacker.yaml,copy,Move real generated config to canonical path.,3219
configs/generated_real_public/uci_har.seed_123.noise.yaml,configs/generated/uci_har/seed_123/lstm/noise/fixed_attacker.yaml,copy,Move real generated config to canonical path.,3207
configs/generated_real_public/uci_har.seed_123.noise.yaml,configs/generated/uci_har/seed_123/mlp/noise/fixed_attacker.yaml,copy,Move real generated config to canonical path.,3207
configs/generated_real_public/uci_har.seed_2026.adaptive_ldp.lstm.retrain.yaml,configs/generated/uci_har/seed_2026/lstm/adaptive_ldp/retrain_attacker.yaml,copy,Move real generated config to canonical path.,3256
configs/generated_real_public/uci_har.seed_2026.adaptive_ldp.mlp.retrain.yaml,configs/generated/uci_har/seed_2026/mlp/adaptive_ldp/retrain_attacker.yaml,copy,Move real generated config to canonical path.,3254
configs/generated_real_public/uci_har.seed_2026.adaptive_ldp.yaml,configs/generated/uci_har/seed_2026/lstm/adaptive_ldp/fixed_attacker.yaml,copy,Move real generated config to canonical path.,3235
configs/generated_real_public/uci_har.seed_2026.adaptive_ldp.yaml,configs/generated/uci_har/seed_2026/mlp/adaptive_ldp/fixed_attacker.yaml,copy,Move real generated config to canonical path.,3235
configs/generated_real_public/uci_har.seed_2026.base.yaml,configs/generated/uci_har/seed_2026/lstm/baseline.yaml,copy,Move real generated config to canonical path.,3235
configs/generated_real_public/uci_har.seed_2026.base.yaml,configs/generated/uci_har/seed_2026/mlp/baseline.yaml,copy,Move real generated config to canonical path.,3235
configs/generated_real_public/uci_har.seed_2026.ldp.lstm.retrain.yaml,configs/generated/uci_har/seed_2026/lstm/ldp/retrain_attacker.yaml,copy,Move real generated config to canonical path.,3220
configs/generated_real_public/uci_har.seed_2026.ldp.mlp.retrain.yaml,configs/generated/uci_har/seed_2026/mlp/ldp/retrain_attacker.yaml,copy,Move real generated config to canonical path.,3218
configs/generated_real_public/uci_har.seed_2026.ldp.yaml,configs/generated/uci_har/seed_2026/lstm/ldp/fixed_attacker.yaml,copy,Move real generated config to canonical path.,3208
configs/generated_real_public/uci_har.seed_2026.ldp.yaml,configs/generated/uci_har/seed_2026/mlp/ldp/fixed_attacker.yaml,copy,Move real generated config to canonical path.,3208
configs/generated_real_public/uci_har.seed_2026.noise.lstm.retrain.yaml,configs/generated/uci_har/seed_2026/lstm/noise/retrain_attacker.yaml,copy,Move real generated config to canonical path.,3228
configs/generated_real_public/uci_har.seed_2026.noise.mlp.retrain.yaml,configs/generated/uci_har/seed_2026/mlp/noise/retrain_attacker.yaml,copy,Move real generated config to canonical path.,3226
configs/generated_real_public/uci_har.seed_2026.noise.yaml,configs/generated/uci_har/seed_2026/lstm/noise/fixed_attacker.yaml,copy,Move real generated config to canonical path.,3214
configs/generated_real_public/uci_har.seed_2026.noise.yaml,configs/generated/uci_har/seed_2026/mlp/noise/fixed_attacker.yaml,copy,Move real generated config to canonical path.,3214
configs/generated_real_public/uci_har.seed_42.adaptive_ldp.lstm.retrain.yaml,configs/generated/uci_har/seed_42/lstm/adaptive_ldp/retrain_attacker.yaml,copy,Move real generated config to canonical path.,3242
configs/generated_real_public/uci_har.seed_42.adaptive_ldp.mlp.retrain.yaml,configs/generated/uci_har/seed_42/mlp/adaptive_ldp/retrain_attacker.yaml,copy,Move real generated config to canonical path.,3240
configs/generated_real_public/uci_har.seed_42.adaptive_ldp.yaml,configs/generated/uci_har/seed_42/lstm/adaptive_ldp/fixed_attacker.yaml,copy,Move real generated config to canonical path.,3221
configs/generated_real_public/uci_har.seed_42.adaptive_ldp.yaml,configs/generated/uci_har/seed_42/mlp/adaptive_ldp/fixed_attacker.yaml,copy,Move real generated config to canonical path.,3221
configs/generated_real_public/uci_har.seed_42.base.yaml,configs/generated/uci_har/seed_42/lstm/baseline.yaml,copy,Move real generated config to canonical path.,3221
configs/generated_real_public/uci_har.seed_42.base.yaml,configs/generated/uci_har/seed_42/mlp/baseline.yaml,copy,Move real generated config to canonical path.,3221
configs/generated_real_public/uci_har.seed_42.ldp.lstm.retrain.yaml,configs/generated/uci_har/seed_42/lstm/ldp/retrain_attacker.yaml,copy,Move real generated config to canonical path.,3206
configs/generated_real_public/uci_har.seed_42.ldp.mlp.retrain.yaml,configs/generated/uci_har/seed_42/mlp/ldp/retrain_attacker.yaml,copy,Move real generated config to canonical path.,3204
configs/generated_real_public/uci_har.seed_42.ldp.yaml,configs/generated/uci_har/seed_42/lstm/ldp/fixed_attacker.yaml,copy,Move real generated config to canonical path.,3194
configs/generated_real_public/uci_har.seed_42.ldp.yaml,configs/generated/uci_har/seed_42/mlp/ldp/fixed_attacker.yaml,copy,Move real generated config to canonical path.,3194
configs/generated_real_public/uci_har.seed_42.noise.lstm.retrain.yaml,configs/generated/uci_har/seed_42/lstm/noise/retrain_attacker.yaml,copy,Move real generated config to canonical path.,3214
configs/generated_real_public/uci_har.seed_42.noise.mlp.retrain.yaml,configs/generated/uci_har/seed_42/mlp/noise/retrain_attacker.yaml,copy,Move real generated config to canonical path.,3212
configs/generated_real_public/uci_har.seed_42.noise.yaml,configs/generated/uci_har/seed_42/lstm/noise/fixed_attacker.yaml,copy,Move real generated config to canonical path.,3200
configs/generated_real_public/uci_har.seed_42.noise.yaml,configs/generated/uci_har/seed_42/mlp/noise/fixed_attacker.yaml,copy,Move real generated config to canonical path.,3200
configs/generated/default.seed_123.yaml,configs/generated/mock/seed_123.yaml,copy,Move legacy generated seed config under mock.,3102
configs/generated/default.seed_2026.yaml,configs/generated/mock/seed_2026.yaml,copy,Move legacy generated seed config under mock.,3110
configs/generated/default.seed_42.yaml,configs/generated/mock/seed_42.yaml,copy,Move legacy generated seed config under mock.,3094
configs/cooja_defense_dummy_logs.json,configs/generated/cooja/cooja_defense_dummy_logs.json,copy,Copy Cooja config/template into generated/cooja index.,1027
configs/cooja_defense_dummy_logs.template.json,configs/generated/cooja/cooja_defense_dummy_logs.template.json,copy,Copy Cooja config/template into generated/cooja index.,668
configs/cooja_defense_logs.json,configs/generated/cooja/cooja_defense_logs.json,copy,Copy Cooja config/template into generated/cooja index.,1535
configs/cooja_defense_logs.template.json,configs/generated/cooja/cooja_defense_logs.template.json,copy,Copy Cooja config/template into generated/cooja index.,981
configs/cooja_defense_postprocess.json,configs/generated/cooja/cooja_defense_postprocess.json,copy,Copy Cooja config/template into generated/cooja index.,786
outputs/defense/full_multiseed,,delete,Legacy batch-name path migrated to canonical layout.,15963015
outputs/defense/real_public_benchmark,,delete,Legacy batch-name path migrated to canonical layout.,58625837
outputs/defense/final_thesis,,delete,Legacy batch-name path migrated to canonical layout.,2540637
outputs/reports/full_multiseed,,delete,Legacy batch-name path migrated to canonical layout.,2616
outputs/reports/real_public_benchmark,,delete,Legacy batch-name path migrated to canonical layout.,48454
outputs/reports/final_thesis,,delete,Legacy batch-name path migrated to canonical layout.,2047284
outputs/figures/final_thesis,,delete,Legacy batch-name path migrated to canonical layout.,2915941
data/processed/full_multiseed,,delete,Legacy batch-name path migrated to canonical layout.,0
data/processed/real_public_benchmark,,delete,Legacy batch-name path migrated to canonical layout.,0
data/defended/full_multiseed,,delete,Legacy batch-name path migrated to canonical layout.,0
data/defended/real_public_benchmark,,delete,Legacy batch-name path migrated to canonical layout.,0
outputs/models/real_public_benchmark,,delete,Legacy batch-name path migrated to canonical layout.,0
configs/generated_all_methods,,delete,Legacy batch-name path migrated to canonical layout.,103800
configs/generated_real_public,,delete,Legacy batch-name path migrated to canonical layout.,291006
scripts/__pycache__,,delete,Temporary/cache artifact.,233544
