{
  "split": "test",
  "model_type": "lstm",
  "accuracy": 0.4034216097118417,
  "f1_macro": 0.18616108278858032,
  "precision_macro": 0.2215011565206914,
  "recall_macro": 0.29107011806676014,
  "per_class_recall": {
    "Bathe": 0.8234953703703703,
    "Bed_Toilet_Transition": 0.65,
    "Cook": 0.5176848874598071,
    "Cook_Breakfast": 0.0,
    "Cook_Dinner": 0.015432098765432098,
    "Cook_Lunch": 0.00847457627118644,
    "Dress": 0.13471177944862156,
    "Drink": 0.1259259259259259,
    "Eat": 0.6888888888888889,
    "Eat_Breakfast": 0.030303030303030304,
    "Eat_Dinner": 0.0,
    "Eat_Lunch": 0.038461538461538464,
    "Enter_Home": 0.751937984496124,
    "Entertain_Guests": 0.20284697508896798,
    "Evening_Meds": 0.037037037037037035,
    "Go_To_Sleep": 0.52,
    "Groom": 0.09782608695652174,
    "Leave_Home": 0.28969359331476324,
    "Morning_Meds": 0.36085626911314983,
    "Personal_Hygiene": 0.012903225806451613,
    "Phone": 0.5166666666666667,
    "Read": 0.003978779840848806,
    "Relax": 0.08316831683168317,
    "Sleep": 0.8884578079534433,
    "Sleep_Out_Of_Bed": 0.01015228426395939,
    "Step_Out": 0.40606060606060607,
    "Toilet": 0.5160642570281124,
    "Wake_Up": 0.0,
    "Wash_Breakfast_Dishes": 0.0,
    "Wash_Dinner_Dishes": 0.026936026936026935,
    "Wash_Dishes": 0.0,
    "Wash_Lunch_Dishes": 0.5113636363636364,
    "Watch_TV": 0.7381674757281553,
    "Work_At_Table": 0.8888888888888888
  },
  "confusion_matrix": [
    [
      1423,
      233,
      0,
      0,
      0,
      0,
      1,
      0,
      0,
      0,
      0,
      0,
      0,
      7,
      0,
      2,
      19,
      0,
      0,
      18,
      3,
      0,
      1,
      4,
      0,
      0,
      17,
      0,
      0,
      0,
      0,
      0,
      0,
      0
    ],
    [
      16,
      52,
      0,
      0,
      0,
      0,
      0,
      0,
      0,
      0,
      0,
      0,
      0,
      0,
      0,
      0,
      7,
      0,
      0,
      2,
      0,
      0,
      0,
      0,
      0,
      0,
      3,
      0,
      0,
      0,
      0,
      0,
      0,
      0
    ],
    [
      0,
      0,
      161,
      0,
      0,
      4,
      0,
      13,
      0,
      0,
      0,
      0,
      0,
      1,
      13,
      0,
      0,
      0,
      11,
      0,
      1,
      0,
      0,
      0,
      0,
      1,
      0,
      0,
      0,
      4,
      0,
      102,
      0,
      0
    ],
    [
      0,
      0,
      955,
      0,
      4,
      12,
      0,
      74,
      1,
      0,
      0,
      0,
      1,
      11,
      20,
      0,
      0,
      3,
      85,
      0,
      1,
      0,
      0,
      0,
      0,
      1,
      1,
      0,
      0,
      36,
      1,
      635,
      1,
      1
    ],
    [
      0,
      0,
      268,
      0,
      10,
      2,
      1,
      27,
      1,
      0,
      0,
      0,
      0,
      6,
      9,
      0,
      0,
      2,
      65,
      0,
      0,
      0,
      0,
      0,
      0,
      0,
      1,
      0,
      0,
      6,
      0,
      248,
      0,
      2
    ],
    [
      0,
      0,
      185,
      0,
      2,
      3,
      0,
      11,
      0,
      0,
      0,
      0,
      1,
      4,
      3,
      0,
      0,
      1,
      14,
      0,
      1,
      0,
      0,
      0,
      0,
      0,
      0,
      0,
      0,
      5,
      0,
      124,
      0,
      0
    ],
    [
      1,
      3,
      0,
      0,
      0,
      0,
      215,
      0,
      1,
      0,
      0,
      1,
      3,
      27,
      0,
      298,
      0,
      15,
      0,
      0,
      2,
      0,
      0,
      1022,
      0,
      1,
      6,
      0,
      0,
      0,
      0,
      1,
      0,
      0
    ],
    [
      0,
      0,
      91,
      0,
      6,
      4,
      0,
      51,
      3,
      0,
      0,
      0,
      0,
      10,
      16,
      0,
      0,
      3,
      75,
      0,
      0,
      0,
      0,
      0,
      0,
      1,
      0,
      0,
      1,
      2,
      0,
      136,
      0,
      6
    ],
    [
      0,
      0,
      0,
      0,
      0,
      0,
      0,
      0,
      31,
      0,
      0,
      0,
      0,
      0,
      0,
      0,
      0,
      0,
      0,
      0,
      3,
      0,
      0,
      0,
      0,
      0,
      0,
      0,
      0,
      0,
      0,
      0,
      11,
      0
    ],
    [
      0,
      0,
      0,
      0,
      0,
      0,
      0,
      0,
      126,
      9,
      0,
      0,
      0,
      3,
      0,
      0,
      0,
      2,
      0,
      0,
      21,
      1,
      23,
      0,
      0,
      2,
      0,
      0,
      0,
      0,
      0,
      0,
      109,
      1
    ],
    [
      0,
      0,
      0,
      0,
      0,
      0,
      0,
      0,
      46,
      5,
      0,
      0,
      0,
      2,
      0,
      0,
      0,
      2,
      0,
      0,
      1,
      0,
      10,
      0,
      0,
      0,
      0,
      0,
      0,
      1,
      0,
      0,
      44,
      0
    ],
    [
      0,
      0,
      0,
      0,
      0,
      0,
      0,
      0,
      29,
      4,
      0,
      3,
      0,
      1,
      0,
      0,
      0,
      0,
      0,
      0,
      10,
      0,
      3,
      0,
      0,
      1,
      0,
      0,
      0,
      0,
      0,
      0,
      26,
      1
    ],
    [
      0,
      0,
      0,
      0,
      0,
      0,
      0,
      1,
      0,
      0,
      0,
      0,
      194,
      5,
      0,
      1,
      0,
      12,
      0,
      0,
      7,
      0,
      0,
      0,
      0,
      29,
      7,
      0,
      0,
      0,
      0,
      0,
      0,
      2
    ],
    [
      0,
      4,
      56,
      0,
      3,
      2,
      7,
      5,
      23,
      0,
      0,
      1,
      8,
      57,
      3,
      0,
      0,
      17,
      11,
      0,
      15,
      0,
      1,
      3,
      0,
      12,
      11,
      0,
      0,
      4,
      0,
      37,
      0,
      1
    ],
    [
      0,
      0,
      90,
      0,
      1,
      3,
      0,
      28,
      2,
      0,
      0,
      0,
      0,
      5,
      12,
      0,
      0,
      0,
      58,
      0,
      2,
      0,
      0,
      0,
      0,
      1,
      1,
      0,
      0,
      4,
      0,
      113,
      1,
      3
    ],
    [
      0,
      0,
      0,
      0,
      0,
      0,
      5,
      0,
      0,
      0,
      0,
      0,
      0,
      2,
      0,
      26,
      0,
      0,
      0,
      0,
      0,
      0,
      0,
      14,
      0,
      1,
      0,
      0,
      0,
      0,
      0,
      1,
      0,
      1
    ],
    [
      76,
      62,
      0,
      0,
      0,
      0,
      0,
      0,
      0,
      0,
      0,
      0,
      0,
      1,
      0,
      0,
      18,
      1,
      0,
      3,
      0,
      0,
      0,
      1,
      0,
      1,
      21,
      0,
      0,
      0,
      0,
      0,
      0,
      0
    ],
    [
      1,
      1,
      0,
      0,
      0,
      0,
      3,
      0,
      15,
      1,
      0,
      4,
      18,
      3,
      0,
      1,
      0,
      104,
      1,
      0,
      33,
      0,
      7,
      2,
      1,
      125,
      5,
      0,
      0,
      0,
      0,
      1,
      33,
      0
    ],
    [
      0,
      0,
      80,
      0,
      0,
      0,
      0,
      25,
      0,
      0,
      0,
      0,
      0,
      2,
      4,
      1,
      0,
      0,
      118,
      0,
      0,
      0,
      0,
      0,
      0,
      2,
      0,
      0,
      0,
      4,
      0,
      91,
      0,
      0
    ],
    [
      712,
      358,
      0,
      0,
      0,
      0,
      1,
      0,
      5,
      0,
      0,
      1,
      1,
      9,
      0,
      1,
      36,
      5,
      0,
      18,
      3,
      0,
      1,
      6,
      1,
      3,
      232,
      0,
      0,
      0,
      0,
      0,
      1,
      1
    ],
    [
      0,
      0,
      0,
      0,
      0,
      0,
