{
  "split": "test",
  "model_type": "lstm",
  "accuracy": 0.3381863740441526,
  "f1_macro": 0.14288134740748654,
  "precision_macro": 0.16094059248862302,
  "recall_macro": 0.22610945468464602,
  "per_class_recall": {
    "Bathe": 0.7575231481481481,
    "Bed_Toilet_Transition": 0.575,
    "Cook": 0.006430868167202572,
    "Cook_Breakfast": 0.10851871947911014,
    "Cook_Dinner": 0.39197530864197533,
    "Cook_Lunch": 0.04519774011299435,
    "Dress": 0.09774436090225563,
    "Drink": 0.09876543209876543,
    "Eat": 0.5777777777777777,
    "Eat_Breakfast": 0.0,
    "Eat_Dinner": 0.04504504504504504,
    "Eat_Lunch": 0.02564102564102564,
    "Enter_Home": 0.8217054263565892,
    "Entertain_Guests": 0.05338078291814947,
    "Evening_Meds": 0.06481481481481481,
    "Go_To_Sleep": 0.32,
    "Groom": 0.0,
    "Leave_Home": 0.3008356545961003,
    "Morning_Meds": 0.26605504587155965,
    "Personal_Hygiene": 0.03727598566308244,
    "Phone": 0.3611111111111111,
    "Read": 0.0,
    "Relax": 0.0039603960396039604,
    "Sleep": 0.8069835111542192,
    "Sleep_Out_Of_Bed": 0.14720812182741116,
    "Step_Out": 0.07272727272727272,
    "Toilet": 0.3688085676037483,
    "Wake_Up": 0.0,
    "Wash_Breakfast_Dishes": 0.0,
    "Wash_Dinner_Dishes": 0.07744107744107744,
    "Wash_Dishes": 0.0918918918918919,
    "Wash_Lunch_Dishes": 0.0,
    "Watch_TV": 0.5527912621359223,
    "Work_At_Table": 0.6111111111111112
  },
  "confusion_matrix": [
    [
      1309,
      238,
      0,
      0,
      0,
      0,
      0,
      1,
      0,
      0,
      0,
      0,
      3,
      0,
      0,
      18,
      0,
      12,
      1,
      72,
      9,
      0,
      0,
      9,
      1,
      0,
      54,
      0,
      0,
      0,
      0,
      0,
      0,
      1
    ],
    [
      21,
      46,
      0,
      0,
      0,
      0,
      0,
      0,
      0,
      0,
      0,
      0,
      0,
      1,
      0,
      0,
      0,
      0,
      0,
      2,
      1,
      0,
      0,
      4,
      0,
      0,
      5,
      0,
      0,
      0,
      0,
      0,
      0,
      0
    ],
    [
      0,
      2,
      2,
      38,
      126,
      22,
      0,
      17,
      11,
      0,
      0,
      0,
      0,
      6,
      6,
      1,
      0,
      2,
      17,
      0,
      1,
      0,
      0,
      2,
      0,
      0,
      0,
      0,
      0,
      31,
      26,
      0,
      0,
      1
    ],
    [
      4,
      3,
      8,
      200,
      800,
      96,
      1,
      73,
      43,
      0,
      2,
      0,
      10,
      19,
      33,
      1,
      0,
      10,
      110,
      1,
      6,
      0,
      0,
      3,
      5,
      3,
      8,
      0,
      0,
      176,
      204,
      5,
      6,
      13
    ],
    [
      2,
      0,
      1,
      74,
      254,
      35,
      0,
      36,
      13,
      0,
      1,
      1,
      5,
      9,
      25,
      1,
      0,
      4,
      59,
      0,
      1,
      0,
      0,
      0,
      2,
      0,
      4,
      0,
      0,
      53,
      59,
      3,
      1,
      5
    ],
    [
      0,
      0,
      1,
      38,
      147,
      16,
      0,
      16,
      11,
      0,
      0,
      0,
      3,
      5,
      8,
      0,
      0,
      3,
      19,
      0,
      1,
      0,
      0,
      2,
      0,
      0,
      5,
      0,
      1,
      44,
      31,
      0,
      1,
      2
    ],
    [
      26,
      66,
      0,
      0,
      0,
      0,
      156,
      0,
      0,
      0,
      0,
      0,
      13,
      20,
      2,
      278,
      0,
      24,
      0,
      2,
      8,
      0,
      2,
      962,
      3,
      4,
      15,
      12,
      0,
      0,
      0,
      1,
      2,
      0
    ],
    [
      2,
      2,
      0,
      38,
      99,
      12,
      0,
      40,
      4,
      0,
      2,
      1,
      3,
      8,
      34,
      0,
      0,
      6,
      89,
      1,
      6,
      0,
      0,
      1,
      3,
      0,
      4,
      0,
      0,
      17,
      21,
      2,
      3,
      7
    ],
    [
      0,
      0,
      0,
      0,
      1,
      0,
      0,
      0,
      26,
      0,
      1,
      1,
      0,
      1,
      0,
      0,
      0,
      2,
      0,
      0,
      4,
      0,
      0,
      0,
      2,
      0,
      1,
      0,
      0,
      0,
      0,
      0,
      6,
      0
    ],
    [
      1,
      0,
      0,
      0,
      2,
      3,
      0,
      0,
      95,
      0,
      20,
      5,
      4,
      2,
      0,
      3,
      0,
      12,
      0,
      0,
      19,
      0,
      0,
      0,
      34,
      2,
      1,
      0,
      0,
      2,
      0,
      0,
      91,
      1
    ],
    [
      0,
      0,
      0,
      0,
      0,
      0,
      0,
      0,
      38,
      0,
      5,
      3,
      3,
      0,
      1,
      0,
      0,
      5,
      1,
      0,
      5,
      0,
      0,
      0,
      7,
      2,
      2,
      0,
      0,
      1,
      0,
      1,
      35,
      2
    ],
    [
      0,
      0,
      0,
      0,
      0,
      0,
      0,
      1,
      21,
      0,
      8,
      2,
      1,
      0,
      0,
      0,
      0,
      3,
      0,
      0,
      9,
      0,
      0,
      0,
      11,
      1,
      1,
      0,
      0,
      0,
      0,
      0,
      19,
      1
    ],
    [
      1,
      0,
      0,
      0,
      0,
      0,
      1,
      3,
      0,
      0,
      0,
      0,
      212,
      3,
      2,
      2,
      0,
      12,
      0,
      0,
      3,
      0,
      0,
      0,
      0,
      9,
      5,
      2,
      0,
      0,
      0,
      0,
      3,
      0
    ],
    [
      4,
      4,
      0,
      13,
      60,
      10,
      5,
      8,
      23,
      0,
      0,
      2,
      24,
      15,
      1,
      5,
      0,
      14,
      18,
      3,
      17,
      0,
      0,
      10,
      3,
      1,
      17,
      2,
      0,
      5,
      11,
      0,
      4,
      2
    ],
    [
      1,
      1,
      0,
      26,
      94,
      11,
      0,
      24,
      7,
      0,
      0,
      2,
      3,
      4,
      21,
      1,
      1,
      1,
      70,
      1,
      3,
      0,
      0,
      2,
      1,
      1,
      2,
      0,
      0,
      13,
      25,
      2,
      6,
      1
    ],
    [
      7,
      2,
      0,
      0,
      0,
      0,
      6,
      0,
      0,
      0,
      0,
      0,
      0,
      0,
      0,
      16,
      0,
      1,
      0,
      0,
      1,
      0,
      0,
      13,
      2,
      0,
      2,
      0,
      0,
      0,
      0,
      0,
      0,
      0
    ],
    [
      69,
      66,
      0,
      0,
      0,
      0,
      1,
      1,
      0,
      0,
      0,
      0,
      0,
      0,
      0,
      3,
      0,
      5,
      0,
      6,
      1,
      0,
      0,
      10,
      0,
      0,
      19,
      1,
      0,
      0,
      0,
      0,
      2,
      0
    ],
    [
      7,
      8,
      0,
      0,
      0,
      0,
      2,
      4,
      14,
      0,
      3,
      5,
      48,
      8,
      0,
      5,
      0,
      108,
      3,
      3,
      29,
      0,
      0,
      3,
      22,
      23,
      8,
      2,
      0,
      0,
      0,
      0,
      53,
      1
    ],
    [
      0,
      1,
      0,
      24,
      98,
      6,
      1,
      31,
      2,
      0,
      0,
      0,
      5,
      4,
      13,
      0,
      0,
      2,
      87,
      0,
      6,
      0,
      0,
      0,
      3,
      0,
      5,
      0,
      0,
      15,
      19,
      1,
      0,
      4
    ],
    [
      713,
      329,
      0,
      0,
      0,
      1,
      0,
      0,
      3,
      0,
      1,
      0,
      13,
      5,
      2,
      11,
      0,
      9,
      0,
      52,
      7,
      0,
      0,
      24,
      3,
      5,
      210,
      1,
      0,
      0,
      0,
      0,
      4,
      2
    ],
    [
      1,
      2,
      0,
      0,
