{
  "mode": "fixed_attacker",
  "distortion": {
    "mse": 0.2148091916906182,
    "mae": 0.2410784214080203,
    "pearson_r": 0.4485420250207629,
    "mean_relative_abs_error": 21050109.198886555
  },
  "defense_config": {
    "enabled": true,
    "method": "adaptive_ldp",
    "mode": "fixed_attacker",
    "epsilon": 1.0,
    "ldp_sensitivity": 1.0,
    "noise_type": "laplace",
    "noise_scale": 0.5,
    "apply_to": "all",
    "selected_features": [
      "kitchen_light",
      "office_pc",
      "bedroom_motion"
    ],
    "binary_threshold": 0.5,
    "binary_features": [],
    "numeric_features": null
  },
  "attack_metrics": {
    "baseline": {
      "accuracy": 0.17616580310880828,
      "precision_macro": 0.13772130647130645,
      "recall_macro": 0.23087044534412954,
      "f1_macro": 0.14627317127317127,
      "per_class_recall": {
        "Other_Activity": 0.0,
        "Pat_0": 0.0,
        "Pat_1": 0.0,
        "Pat_10": 0.0,
        "Pat_101": 1.0,
        "Pat_103": 0.0,
        "Pat_11": 0.5,
        "Pat_12": 0.4,
        "Pat_14": 0.0,
        "Pat_15": 0.5,
        "Pat_16": 0.16666666666666666,
        "Pat_18": 0.0,
        "Pat_19": 0.0,
        "Pat_2": 0.0,
        "Pat_20": 0.0,
        "Pat_21": 0.6666666666666666,
        "Pat_25": 0.0,
        "Pat_26": 0.3333333333333333,
        "Pat_3": 0.0,
        "Pat_30": 0.0,
        "Pat_31": 0.5,
        "Pat_32": 1.0,
        "Pat_35": 0.0,
        "Pat_36": 0.25,
        "Pat_37": 0.0,
        "Pat_38": 0.0,
        "Pat_39": 0.0,
        "Pat_4": 0.0,
        "Pat_40": 1.0,
        "Pat_42": 0.0,
        "Pat_44": 0.0,
        "Pat_46": 0.0,
        "Pat_47": 0.0,
        "Pat_5": 0.0,
        "Pat_52": 0.5,
        "Pat_53": 0.0,
        "Pat_55": 0.0,
        "Pat_6": 0.0,
        "Pat_60": 0.0,
        "Pat_67": 0.0,
        "Pat_7": 0.10526315789473684,
        "Pat_71": 0.0,
        "Pat_74": 1.0,
        "Pat_75": 0.3333333333333333,
        "Pat_77": 1.0,
        "Pat_78": 0.0,
        "Pat_8": 0.0,
        "Pat_82": 0.0,
        "Pat_89": 1.0,
        "Pat_9": 0.0,
        "Pat_90": 0.0,
        "Pat_91": 1.0,
        "Pat_96": 0.0,
        "Pat_99": 0.75
      }
    },
    "defended_fixed_attacker": {
      "accuracy": 0.010362694300518135,
      "precision_macro": 0.021884057971014493,
      "recall_macro": 0.016304347826086956,
      "f1_macro": 0.008981693363844395,
      "per_class_recall": {
        "Other_Activity": 0.0,
        "Pat_0": 0.0,
        "Pat_1": 0.0,
        "Pat_10": 0.0,
        "Pat_101": 0.0,
        "Pat_103": 0.0,
        "Pat_11": 0.0,
        "Pat_12": 0.0,
        "Pat_14": 0.0,
        "Pat_15": 0.0,
        "Pat_16": 0.0,
        "Pat_18": 0.25,
        "Pat_19": 0.0,
        "Pat_2": 0.0,
        "Pat_20": 0.0,
        "Pat_21": 0.0,
        "Pat_25": 0.0,
        "Pat_26": 0.0,
        "Pat_3": 0.0,
        "Pat_30": 0.0,
        "Pat_31": 0.0,
        "Pat_32": 0.0,
        "Pat_35": 0.0,
        "Pat_36": 0.0,
        "Pat_37": 0.0,
        "Pat_38": 0.0,
        "Pat_39": 0.0,
        "Pat_4": 0.0,
        "Pat_40": 0.0,
        "Pat_42": 0.0,
        "Pat_44": 0.0,
        "Pat_46": 0.0,
        "Pat_47": 0.0,
        "Pat_5": 0.0,
        "Pat_52": 0.5,
        "Pat_53": 0.0,
        "Pat_55": 0.0,
        "Pat_6": 0.0,
        "Pat_60": 0.0,
        "Pat_67": 0.0,
        "Pat_7": 0.0,
        "Pat_71": 0.0,
        "Pat_74": 0.0,
        "Pat_75": 0.0,
        "Pat_77": 0.0,
        "Pat_78": 0.0,
        "Pat_8": 0.0,
        "Pat_82": 0.0,
        "Pat_89": 0.0,
        "Pat_9": 0.0,
        "Pat_90": 0.0,
        "Pat_91": 0.0,
        "Pat_96": 0.0,
        "Pat_99": 0.0
      }
    },
    "defense_effect": {
      "accuracy_drop": 0.16580310880829013,
      "relative_accuracy_drop_percent": 94.11764705882352,
      "macro_f1_drop": 0.1372914779093269,
      "per_class_recall_drop": {
        "Other_Activity": 0.0,
        "Pat_0": 0.0,
        "Pat_1": 0.0,
        "Pat_10": 0.0,
        "Pat_101": 1.0,
        "Pat_103": 0.0,
        "Pat_11": 0.5,
        "Pat_12": 0.4,
        "Pat_14": 0.0,
        "Pat_15": 0.5,
        "Pat_16": 0.16666666666666666,
        "Pat_18": -0.25,
        "Pat_19": 0.0,
        "Pat_2": 0.0,
        "Pat_20": 0.0,
        "Pat_21": 0.6666666666666666,
        "Pat_25": 0.0,
        "Pat_26": 0.3333333333333333,
        "Pat_3": 0.0,
        "Pat_30": 0.0,
        "Pat_31": 0.5,
        "Pat_32": 1.0,
        "Pat_35": 0.0,
        "Pat_36": 0.25,
        "Pat_37": 0.0,
        "Pat_38": 0.0,
        "Pat_39": 0.0,
        "Pat_4": 0.0,
        "Pat_40": 1.0,
        "Pat_42": 0.0,
        "Pat_44": 0.0,
        "Pat_46": 0.0,
        "Pat_47": 0.0,
        "Pat_5": 0.0,
        "Pat_52": 0.0,
        "Pat_53": 0.0,
        "Pat_55": 0.0,
        "Pat_6": 0.0,
        "Pat_60": 0.0,
        "Pat_67": 0.0,
        "Pat_7": 0.10526315789473684,
        "Pat_71": 0.0,
        "Pat_74": 1.0,
        "Pat_75": 0.3333333333333333,
        "Pat_77": 1.0,
        "Pat_78": 0.0,
        "Pat_8": 0.0,
        "Pat_82": 0.0,
        "Pat_89": 1.0,
        "Pat_9": 0.0,
        "Pat_90": 0.0,
        "Pat_91": 1.0,
        "Pat_96": 0.0,
        "Pat_99": 0.75
      }
    }
  }
}