{
  "split": "test",
  "model_type": "mlp",
  "accuracy": 0.270747829092323,
  "f1_macro": 0.11070174197061741,
  "precision_macro": 0.13466029501772644,
  "recall_macro": 0.18969395187641733,
  "per_class_recall": {
    "Bathe": 0.888641425389755,
    "Bed_Toilet_Transition": 0.0392156862745098,
    "Cook": 0.0,
    "Cook_Breakfast": 0.34750566893424034,
    "Cook_Dinner": 0.013628620102214651,
    "Cook_Lunch": 0.46685082872928174,
    "Dress": 0.04876543209876543,
    "Drink": 0.02336448598130841,
    "Eat": 0.3018867924528302,
    "Eat_Breakfast": 0.015015015015015015,
    "Eat_Dinner": 0.0,
    "Eat_Lunch": 0.0,
    "Enter_Home": 0.8830188679245283,
    "Entertain_Guests": 0.003484320557491289,
    "Evening_Meds": 0.013966480446927373,
    "Go_To_Sleep": 0.46153846153846156,
    "Groom": 0.0,
    "Leave_Home": 0.04126984126984127,
    "Morning_Meds": 0.19946091644204852,
    "Personal_Hygiene": 0.0,
    "Phone": 0.026881720430107527,
    "Read": 0.2503364737550471,
    "Relax": 0.18446601941747573,
    "Sleep": 0.8921078921078921,
    "Sleep_Out_Of_Bed": 0.0052173913043478265,
    "Step_Out": 0.14965986394557823,
    "Toilet": 0.24234354194407456,
    "Wake_Up": 0.0,
    "Wash_Breakfast_Dishes": 0.005698005698005698,
    "Wash_Dinner_Dishes": 0.0,
    "Wash_Dishes": 0.0,
    "Wash_Lunch_Dishes": 0.0,
    "Watch_TV": 0.2786039453717754,
    "Work_At_Table": 0.6666666666666666
  },
  "confusion_matrix": [
    [
      1596,
      17,
      0,
      0,
      0,
      0,
      9,
      0,
      0,
      0,
      0,
      0,
      2,
      0,
      0,
      113,
      2,
      0,
      0,
      0,
      0,
      0,
      0,
      17,
      0,
      1,
      39,
      0,
      0,
      0,
      0,
      0,
      0,
      0
    ],
    [
      34,
      4,
      0,
      0,
      0,
      0,
      4,
      0,
      0,
      0,
      0,
      0,
      1,
      0,
      0,
      48,
      1,
      0,
      0,
      0,
      0,
      0,
      0,
      7,
      0,
      0,
      3,
      0,
      0,
      0,
      0,
      0,
      0,
      0
    ],
    [
      0,
      0,
      0,
      109,
      3,
      137,
      0,
      2,
      7,
      0,
      0,
      0,
      6,
      0,
      3,
      1,
      0,
      0,
      25,
      0,
      0,
      0,
      0,
      1,
      0,
      3,
      1,
      0,
      0,
      0,
      0,
      0,
      0,
      2
    ],
    [
      0,
      1,
      0,
      613,
      21,
      847,
      0,
      13,
      79,
      0,
      1,
      0,
      16,
      1,
      24,
      5,
      0,
      1,
      92,
      0,
      1,
      0,
      2,
      0,
      0,
      11,
      6,
      0,
      12,
      0,
      0,
      0,
      10,
      8
    ],
    [
      0,
      0,
      0,
      151,
      8,
      263,
      0,
      7,
      46,
      2,
      0,
      0,
      12,
      0,
      16,
      1,
      0,
      0,
      63,
      0,
      1,
      0,
      0,
      0,
      0,
      6,
      1,
      0,
      4,
      0,
      0,
      0,
      1,
      5
    ],
    [
      0,
      0,
      0,
      124,
      1,
      169,
      0,
      3,
      12,
      0,
      0,
      0,
      3,
      0,
      6,
      2,
      0,
      0,
      31,
      0,
      0,
      0,
      0,
      0,
      0,
      4,
      2,
      0,
      4,
      0,
      0,
      0,
      1,
      0
    ],
    [
      19,
      9,
      0,
      0,
      0,
      0,
      79,
      0,
      12,
      0,
      0,
      0,
      34,
      0,
      1,
      310,
      0,
      2,
      5,
      0,
      0,
      0,
      0,
      1088,
      0,
      15,
      32,
      4,
      0,
      0,
      0,
      0,
      4,
      6
    ],
    [
      0,
      0,
      0,
      80,
      3,
      98,
      0,
      10,
      74,
      0,
      0,
      1,
      28,
      0,
      12,
      3,
      0,
      0,
      77,
      0,
      0,
      2,
      3,
      0,
      0,
      17,
      5,
      0,
      1,
      0,
      0,
      0,
      3,
      11
    ],
    [
      0,
      0,
      0,
      1,
      2,
      0,
      0,
      2,
      16,
      0,
      0,
      0,
      1,
      0,
      0,
      0,
      0,
      0,
      15,
      0,
      0,
      2,
      6,
      0,
      0,
      2,
      2,
      0,
      0,
      0,
      0,
      0,
      2,
      2
    ],
    [
      1,
      0,
      0,
      1,
      1,
      3,
      0,
      4,
      70,
      5,
      1,
      0,
      12,
      0,
      3,
      1,
      0,
      7,
      45,
      0,
      1,
      53,
      45,
      0,
      1,
      10,
      11,
      0,
      1,
      0,
      0,
      0,
      54,
      3
    ],
    [
      0,
      0,
      0,
      2,
      1,
      0,
      0,
      3,
      23,
      1,
      0,
      0,
      2,
      0,
      3,
      0,
      0,
      2,
      19,
      0,
      0,
      11,
      14,
      0,
      1,
      4,
      3,
      0,
      0,
      0,
      0,
      0,
      23,
      1
    ],
    [
      0,
      0,
      0,
      0,
      0,
      1,
      0,
      1,
      22,
      0,
      1,
      0,
      8,
      0,
      0,
      0,
      0,
      1,
      9,
      0,
      0,
      13,
      11,
      0,
      0,
      2,
      0,
      0,
      0,
      0,
      0,
      0,
      14,
      1
    ],
    [
      0,
      0,
      0,
      0,
      0,
      0,
      2,
      0,
      1,
      0,
      0,
      0,
      234,
      0,
      0,
      1,
      0,
      3,
      2,
      0,
      0,
      0,
      0,
      2,
      0,
      12,
      7,
      0,
      0,
      0,
      0,
      0,
      0,
      1
    ],
    [
      4,
      0,
      0,
      37,
      3,
      50,
      5,
      0,
      28,
      0,
      0,
      0,
      44,
      1,
      4,
      19,
      0,
      2,
      38,
      0,
      1,
      1,
      0,
      3,
      0,
      8,
      31,
      0,
      2,
      0,
      0,
      0,
      3,
      3
    ],
    [
      0,
      0,
      0,
      71,
      3,
      112,
      1,
      10,
      44,
      1,
      0,
      1,
      15,
      0,
      5,
      3,
      0,
      1,
      55,
      0,
      1,
      2,
      2,
      0,
      1,
      8,
      7,
      0,
      3,
      0,
      0,
      0,
      4,
      8
    ],
    [
      3,
      1,
      0,
      0,
      0,
      0,
      2,
      0,
      0,
      0,
      0,
      0,
      0,
      0,
      0,
      18,
      0,
      0,
      0,
      0,
      0,
      0,
      0,
      11,
      0,
      2,
      1,
      0,
      0,
      0,
      0,
      0,
      1,
      0
    ],
    [
      114,
      4,
      0,
      0,
      0,
      0,
      7,
      0,
      0,
      0,
      0,
      0,
      0,
      0,
      0,
      33,
      0,
      0,
      0,
      0,
      0,
      0,
      0,
      13,
      1,
      2,
      12,
      0,
      0,
      0,
      0,
      0,
      1,
      0
    ],
    [
      4,
      0,
      0,
      0,
      0,
      0,
      7,
      0,
      26,
      2,
      0,
      0,
      82,
      0,
      1,
      18,
      0,
      13,
      8,
      0,
      3,
      22,
      14,
      5,
      1,
      41,
      26,
      0,
      0,
      0,
      0,
      0,
      41,
      1
    ],
    [
      0,
      0,
      0,
      58,
      2,
      90,
      0,
      8,
      59,
      0,
      0,
      1,
      37,
      0,
      16,
      1,
      0,
      2,
      74,
      0,
      0,
      0,
      0,
      0,
      0,
      12,
      2,
      0,
      2,
      0,
      0,
      0,
      1,
      6
    ],
    [
      819,
      29,
      0,
      0,
      0,
      0,
      15,
      2,
      18,
      0,
      0,
      0,
      34,
      0,
      1,
      218,
      5,
      4,
      9,
      0,
      7,
      1,
      1,
      28,
      1,
      7,
      125,
      2,
      0,
      0,
      0,
      0,
      5,
      6
    ],
    [
      1,
      0,
      0,
      1,
      1,
      1,
      1,
