{
  "epoch": [
    1,
    2,
    3,
    4,
    5,
    6,
    7,
    8,
    9,
    10,
    11,
    12,
    13,
    14,
    15,
    16,
    17,
    18,
    19,
    20,
    21,
    22,
    23,
    24,
    25,
    26,
    27,
    28,
    29,
    30,
    31,
    32
  ],
  "train_loss": [
    1.710236557680576,
    1.6173939313461532,
    1.6110814242135911,
    1.6059970387178868,
    1.6030763937550907,
    1.6057157206382833,
    1.598747777955788,
    1.596263412812456,
    1.6008777931893896,
    1.599712755125977,
    1.5919287935079374,
    1.5961222232616616,
    1.5903033313805446,
    1.5930249291950707,
    1.5839989980061848,
    1.5945965259229367,
    1.5838230081543316,
    1.5835742431069912,
    1.585084006899879,
    1.5795896818388755,
    1.5770235844512484,
    1.5817186916306583,
    1.575552015840033,
    1.579655055128774,
    1.5725182409225495,
    1.5738801017414192,
    1.5666771342589996,
    1.5754398285453,
    1.577557125494848,
    1.5757600753630996,
    1.5638842378513307,
    1.5741079160314804
  ],
  "val_loss": [
    1.614146030364345,
    1.6085234611583983,
    1.6087238270647293,
    1.601209803204829,
    1.6074844749017339,
    1.603533968798952,
    1.5942126235756313,
    1.5926046163881595,
    1.5974741604790759,
    1.5978466721118783,
    1.5945803854200575,
    1.5920750292181771,
    1.596098431307285,
    1.5961264630850671,
    1.5925092301756194,
    1.5954155498871558,
    1.5989516032473563,
    1.594128806594988,
    1.589234790201013,
    1.590145085186112,
    1.588664973157753,
    1.58704284747837,
    1.5879528336659394,
    1.5958245887882871,
    1.5929591436291215,
    1.5895262584955143,
    1.5916704726258717,
    1.591383087298961,
    1.5940546649407787,
    1.5951782107155517,
    1.5906847909117614,
    1.5887828231055543
  ],
  "val_acc": [
    0.11774461028192372,
    0.18407960199004975,
    0.1310116086235489,
    0.19734660033167495,
    0.0912106135986733,
    0.37645107794361526,
    0.24378109452736318,
    0.2620232172470978,
    0.2669983416252073,
    0.15091210613598674,
    0.27860696517412936,
    0.20729684908789386,
    0.175787728026534,
    0.2703150912106136,
    0.417910447761194,
    0.2736318407960199,
    0.4228855721393035,
    0.208955223880597,
    0.2935323383084577,
    0.208955223880597,
    0.22553897180762852,
    0.2222222222222222,
    0.20398009950248755,
    0.29850746268656714,
    0.3416252072968491,
    0.22719734660033167,
    0.22056384742951907,
    0.22719734660033167,
    0.2603648424543947,
    0.2885572139303483,
    0.29850746268656714,
    0.20563847429519072
  ]
}