{
  "epoch": [
    1,
    2,
    3,
    4,
    5,
    6,
    7,
    8,
    9,
    10,
    11,
    12,
    13,
    14,
    15,
    16
  ],
  "train_loss": [
    1.6098434250661475,
    1.5947353667880766,
    1.5864031773216773,
    1.582689566737638,
    1.5852141610764408,
    1.5778041983125222,
    1.571745666613711,
    1.5706810303080057,
    1.5705545203602729,
    1.5612062159038724,
    1.551578274413721,
    1.5492102799893441,
    1.5451117435413297,
    1.5366579496699524,
    1.5330041138602217,
    1.528559537838771
  ],
  "val_loss": [
    1.603742099915373,
    1.6047194877864908,
    1.5934026964861363,
    1.5926876030553434,
    1.5924704454431486,
    1.590830107628805,
    1.5967429328716018,
    1.5959002554515502,
    1.5930281167797387,
    1.5926139222251043,
    1.5954170824085698,
    1.6097865450639235,
    1.6023966894418644,
    1.6114964010703623,
    1.6083501340144903,
    1.6127487373589284
  ],
  "val_acc": [
    0.3018242122719735,
    0.36650082918739635,
    0.2669983416252073,
    0.3466003316749585,
    0.22553897180762852,
    0.3101160862354892,
    0.2537313432835821,
    0.26533996683250416,
    0.3200663349917081,
    0.296849087893864,
    0.2736318407960199,
    0.24543946932006633,
    0.2935323383084577,
    0.29850746268656714,
    0.26865671641791045,
    0.2669983416252073
  ]
}