{
  "split": "test",
  "model_type": "lstm",
  "accuracy": 0.09742083207327083,
  "f1_macro": 0.09181549243756841,
  "precision_macro": 0.17119492083738858,
  "recall_macro": 0.13997796411321514,
  "per_class_recall": {
    "Bathe": 0.05846325167037862,
    "Bed_Toilet_Transition": 0.20588235294117646,
    "Cook": 0.0,
    "Cook_Breakfast": 0.01020408163265306,
    "Cook_Dinner": 0.03577512776831346,
    "Cook_Lunch": 0.11602209944751381,
    "Dress": 0.09012345679012346,
    "Drink": 0.10514018691588785,
    "Eat": 0.05660377358490566,
    "Eat_Breakfast": 0.018018018018018018,
    "Eat_Dinner": 0.02654867256637168,
    "Eat_Lunch": 0.047619047619047616,
    "Enter_Home": 0.5132075471698113,
    "Entertain_Guests": 0.7560975609756098,
    "Evening_Meds": 0.027932960893854747,
    "Go_To_Sleep": 0.05128205128205128,
    "Groom": 0.10695187165775401,
    "Leave_Home": 0.28253968253968254,
    "Morning_Meds": 0.03773584905660377,
    "Personal_Hygiene": 0.14734480179506357,
    "Phone": 0.13440860215053763,
    "Read": 0.005383580080753701,
    "Relax": 0.038834951456310676,
    "Sleep": 0.12087912087912088,
    "Sleep_Out_Of_Bed": 0.2573913043478261,
    "Step_Out": 0.07482993197278912,
    "Toilet": 0.49201065246338216,
    "Wake_Up": 0.1388888888888889,
    "Wash_Breakfast_Dishes": 0.09116809116809117,
    "Wash_Dinner_Dishes": 0.0,
    "Wash_Dishes": 0.008287292817679558,
    "Wash_Lunch_Dishes": 0.03260869565217391,
    "Watch_TV": 0.004400606980273141,
    "Work_At_Table": 0.6666666666666666
  },
  "confusion_matrix": [
    [
      105,
      313,
      6,
      0,
      0,
      2,
      2,
      6,
      0,
      0,
      0,
      0,
      0,
      362,
      1,
      29,
      172,
      73,
      0,
      310,
      0,
      0,
      0,
      1,
      0,
      0,
      408,
      0,
      2,
      0,
      2,
      0,
      0,
      2
    ],
    [
      2,
      21,
      0,
      0,
      0,
      0,
      0,
      0,
      0,
      0,
      0,
      0,
      0,
      23,
      0,
      0,
      4,
      1,
      0,
      13,
      0,
      0,
      0,
      0,
      0,
      0,
      38,
      0,
      0,
      0,
      0,
      0,
      0,
      0
    ],
    [
      0,
      2,
      0,
      2,
      4,
      35,
      0,
      14,
      0,
      0,
      0,
      0,
      0,
      205,
      1,
      0,
      0,
      0,
      1,
      3,
      0,
      0,
      0,
      0,
      0,
      0,
      2,
      0,
      18,
      0,
      0,
      13,
      0,
      0
    ],
    [
      0,
      8,
      4,
      18,
      44,
      230,
      2,
      73,
      2,
      0,
      0,
      0,
      3,
      1135,
      4,
      0,
      0,
      2,
      10,
      1,
      1,
      0,
      0,
      5,
      1,
      4,
      25,
      0,
      95,
      1,
      8,
      84,
      0,
      4
    ],
    [
      0,
      4,
      0,
      3,
      21,
      65,
      2,
      30,
      0,
      0,
      0,
      0,
      1,
      368,
      1,
      1,
      0,
      2,
      1,
      0,
      0,
      0,
      0,
      6,
      1,
      0,
      9,
      1,
      40,
      0,
      4,
      27,
      0,
      0
    ],
    [
      0,
      6,
      2,
      6,
      15,
      42,
      3,
      18,
      0,
      0,
      0,
      0,
      0,
      216,
      2,
      0,
      0,
      0,
      0,
      0,
      0,
      0,
      0,
      2,
      0,
      0,
      5,
      0,
      20,
      0,
      1,
      22,
      0,
      2
    ],
    [
      0,
      25,
      2,
      0,
      20,
      3,
      146,
      11,
      0,
      0,
      0,
      0,
      4,
      990,
      0,
      64,
      1,
      22,
      0,
      2,
      0,
      0,
      0,
      163,
      0,
      11,
      22,
      119,
      8,
      0,
      0,
      0,
      0,
      7
    ],
    [
      0,
      3,
      2,
      2,
      21,
      36,
      1,
      45,
      0,
      0,
      0,
      0,
      2,
      248,
      6,
      0,
      0,
      1,
      2,
      1,
      0,
      0,
      0,
      2,
      4,
      0,
      7,
      0,
      30,
      0,
      7,
      8,
      0,
      0
    ],
    [
      0,
      0,
      0,
      0,
      0,
      0,
      1,
      0,
      3,
      1,
      1,
      1,
      0,
      26,
      0,
      0,
      0,
      2,
      0,
      0,
      3,
      0,
      2,
      0,
      9,
      2,
      1,
      0,
      0,
      0,
      0,
      0,
      0,
      1
    ],
    [
      0,
      0,
      0,
      0,
      1,
      0,
      2,
      2,
      12,
      6,
      7,
      16,
      0,
      153,
      0,
      0,
      0,
      30,
      0,
      0,
      12,
      5,
      10,
      0,
      65,
      4,
      6,
      0,
      0,
      0,
      0,
      0,
      0,
      2
    ],
    [
      0,
      0,
      1,
      0,
      0,
      0,
      1,
      0,
      4,
      1,
      3,
      4,
      0,
      52,
      0,
      0,
      0,
      7,
      0,
      0,
      7,
      0,
      3,
      0,
      23,
      1,
      4,
      0,
      0,
      0,
      0,
      0,
      0,
      2
    ],
    [
      0,
      0,
      0,
      0,
      0,
      0,
      0,
      0,
      1,
      1,
      1,
      4,
      0,
      35,
      0,
      0,
      0,
      4,
      0,
      0,
      4,
      2,
      4,
      0,
      22,
      0,
      5,
      0,
      0,
      0,
      0,
      0,
      0,
      1
    ],
    [
      0,
      0,
      0,
      0,
      0,
      0,
      1,
      0,
      0,
      0,
      0,
      0,
      136,
      57,
      0,
      0,
      0,
      40,
      0,
      0,
      2,
      0,
      0,
      0,
      0,
      12,
      17,
      0,
      0,
      0,
      0,
      0,
      0,
      0
    ],
    [
      0,
      0,
      0,
      0,
      3,
      12,
      2,
      4,
      2,
      0,
      0,
      1,
      3,
      217,
      0,
      0,
      1,
      9,
      1,
      0,
      0,
      0,
      0,
      0,
      2,
      2,
      14,
      0,
      9,
      0,
      0,
      5,
      0,
      0
    ],
    [
      0,
      0,
      2,
      2,
      14,
      29,
      2,
      32,
      0,
      0,
      0,
      0,
      1,
      211,
      10,
      0,
      0,
      2,
      1,
      1,
      0,
      0,
      0,
      0,
      1,
      0,
      11,
      0,
      28,
      0,
      2,
      9,
      0,
      0
    ],
    [
      0,
      0,
      0,
      0,
      0,
      0,
      2,
      1,
      0,
      0,
      0,
      0,
      1,
      28,
      0,
      2,
      0,
      0,
      0,
      0,
      0,
      0,
      0,
      4,
      0,
      0,
      0,
      1,
      0,
      0,
      0,
      0,
      0,
      0
    ],
    [
      5,
      29,
      0,
      0,
      0,
      0,
      1,
      0,
      0,
      0,
      0,
      0,
      0,
      39,
      0,
      2,
      20,
      4,
      0,
      34,
      0,
      0,
      0,
      0,
      0,
      0,
      53,
      0,
      0,
      0,
      0,
      0,
      0,
      0
    ],
    [
      0,
      0,
      0,
      0,
      0,
      1,
      3,
      2,
      1,
      0,
      0,
      0,
      21,
      130,
      0,
      1,
      0,
      89,
      0,
      0,
      10,
      0,
      5,
      1,
      16,
      19,
      14,
      1,
      0,
      0,
      0,
      0,
      0,
      1
    ],
    [
      0,
      1,
      1,
      2,
      15,
      31,
      1,
      18,
      0,
      0,
      0,
      0,
      1,
      233,
      5,
      0,
      0,
      1,
      14,
      0,
      0,
      0,
      0,
      2,
      0,
      1,
      5,
      0,
      23,
      0,
      2,
      15,
      0,
      0
    ],
    [
      52,
      210,
      2,
      0,
      0,
      0,
      5,
      2,
      0,
      0,
      0,
      0,
      0,
      250,
      1,
      20,
      109,
      38,
      0,
      197,
      0,
      0,
      0,
      1,
      0,
      0,
      443,
      0,
      4,
