{
  "mode": "retrain_attacker",
  "distortion": {
    "mse": 0.500244089453987,
    "mae": 0.5000974200760557,
    "pearson_r": 0.4662592574597787,
    "mean_relative_abs_error": 41677601.14442597
  },
  "defense_config": {
    "enabled": true,
    "method": "noise",
    "mode": "fixed_attacker",
    "epsilon": 1.0,
    "ldp_sensitivity": 1.0,
    "noise_type": "laplace",
    "noise_scale": 0.5,
    "apply_to": "all",
    "selected_features": [
      "kitchen_light",
      "office_pc",
      "bedroom_motion"
    ],
    "binary_threshold": 0.5,
    "binary_features": [],
    "numeric_features": null
  },
  "attack_metrics": {
    "note": "重训后模型在干净测试集上的表现通常下降（分布偏移），在防御后测试集上为自适应攻击者的主指标。",
    "retrained_on_defended": {
      "accuracy_on_defended_test": 0.3711496090206074,
      "f1_macro_on_defended_test": 0.10580457338054959,
      "per_class_recall_on_defended_test": {
        "Bathe": 0.5857461024498887,
        "Bed_Toilet_Transition": 0.0,
        "Cook": 0.25333333333333335,
        "Cook_Breakfast": 0.5697278911564626,
        "Cook_Dinner": 0.02385008517887564,
        "Cook_Lunch": 0.06077348066298342,
        "Dress": 0.005555555555555556,
        "Drink": 0.07710280373831775,
        "Eat": 0.24528301886792453,
        "Eat_Breakfast": 0.04504504504504504,
        "Eat_Dinner": 0.017699115044247787,
        "Eat_Lunch": 0.0,
        "Enter_Home": 0.8981132075471698,
        "Entertain_Guests": 0.013937282229965157,
        "Evening_Meds": 0.0,
        "Go_To_Sleep": 0.6153846153846154,
        "Groom": 0.053475935828877004,
        "Leave_Home": 0.08571428571428572,
        "Morning_Meds": 0.04043126684636118,
        "Personal_Hygiene": 0.013462976813762155,
        "Phone": 0.026881720430107527,
        "Read": 0.0,
        "Relax": 0.007766990291262136,
        "Sleep": 0.003996003996003996,
        "Sleep_Out_Of_Bed": 0.0,
        "Step_Out": 0.12244897959183673,
        "Toilet": 0.2237017310252996,
        "Wake_Up": 0.9722222222222222,
        "Wash_Breakfast_Dishes": 0.0,
        "Wash_Dinner_Dishes": 0.0,
        "Wash_Dishes": 0.0,
        "Wash_Lunch_Dishes": 0.0,
        "Watch_TV": 0.8493171471927162,
        "Work_At_Table": 0.625
      }
    },
    "same_retrained_model_on_clean_test": {
      "accuracy": 0.4313301939776213,
      "f1_macro": 0.09948700041373419,
      "per_class_recall": {
        "Bathe": 0.9320712694877505,
        "Bed_Toilet_Transition": 0.0,
        "Cook": 0.0033333333333333335,
        "Cook_Breakfast": 0.921201814058957,
        "Cook_Dinner": 0.015332197614991482,
        "Cook_Lunch": 0.0,
        "Dress": 0.0,
        "Drink": 0.009345794392523364,
        "Eat": 0.0,
        "Eat_Breakfast": 0.024024024024024024,
        "Eat_Dinner": 0.0,
        "Eat_Lunch": 0.0,
        "Enter_Home": 0.32075471698113206,
        "Entertain_Guests": 0.0,
        "Evening_Meds": 0.0,
        "Go_To_Sleep": 0.3076923076923077,
        "Groom": 0.0,
        "Leave_Home": 0.02857142857142857,
        "Morning_Meds": 0.0026954177897574125,
        "Personal_Hygiene": 0.0,
        "Phone": 0.010752688172043012,
        "Read": 0.0,
        "Relax": 0.015533980582524271,
        "Sleep": 0.0,
        "Sleep_Out_Of_Bed": 0.02434782608695652,
        "Step_Out": 0.10204081632653061,
        "Toilet": 0.0559254327563249,
        "Wake_Up": 1.0,
        "Wash_Breakfast_Dishes": 0.011396011396011397,
        "Wash_Dinner_Dishes": 0.0,
        "Wash_Dishes": 0.0,
        "Wash_Lunch_Dishes": 0.0,
        "Watch_TV": 0.9678300455235205,
        "Work_At_Table": 0.625
      }
    }
  }
}