{
  "epoch": [
    1,
    2,
    3,
    4,
    5,
    6,
    7,
    8,
    9,
    10,
    11,
    12,
    13,
    14,
    15,
    16,
    17,
    18,
    19,
    20,
    21,
    22,
    23,
    24,
    25
  ],
  "train_loss": [
    2.180999997054977,
    1.2175641821327106,
    0.9537863842971956,
    0.8049926343590117,
    0.7361830091358873,
    0.6925083154359859,
    0.6699690657840904,
    0.6415425104625451,
    0.6024663347945369,
    0.5754160368205373,
    0.5795988550327643,
    0.5348542281314844,
    0.5313248960131833,
    0.5230504162020473,
    0.5083007606554347,
    0.49588491356792425,
    0.4789283003526933,
    0.4751383193069079,
    0.44403097782992845,
    0.4365058404423108,
    0.4342637582156472,
    0.43667027306098594,
    0.42763047148593125,
    0.4080403239887966,
    0.4256426277482536
  ],
  "val_loss": [
    1.2547533392176833,
    0.9771197460525949,
    0.7504867782485801,
    0.7285696880336038,
    0.6059878474186262,
    0.5640330697143264,
    0.5678466421499453,
    0.5382201192656153,
    0.5047535552288058,
    0.5542803587028561,
    0.4610679083985589,
    0.44263118039500055,
    0.4365163332017241,
    0.4116001690349799,
    0.440833891698246,
    0.42607092658813756,
    0.43094037460032814,
    0.38221894272487233,
    0.3592114199350514,
    0.4176783724596191,
    0.33803746203513957,
    0.3316866284645309,
    0.3212372075530804,
    0.33055412753109703,
    0.35849460092310514
  ],
  "val_acc": [
    0.5248130523453433,
    0.5554044867437118,
    0.7165193745751189,
    0.6777702243371856,
    0.7409925220938137,
    0.7743031951053705,
    0.778382053025153,
    0.787899388171312,
    0.7709041468388851,
    0.7729435757987764,
    0.8157715839564922,
    0.8259687287559483,
    0.8239292997960571,
    0.8436437797416724,
    0.8348062542488104,
    0.8212100611828688,
    0.8089734874235214,
    0.8511216859279401,
    0.8599592114208022,
    0.822569680489463,
    0.8694765465669613,
    0.86743711760707,
    0.86743711760707,
    0.8558803535010198,
    0.8552005438477226
  ]
}