{
  "epoch": [
    1,
    2,
    3,
    4,
    5,
    6,
    7,
    8,
    9,
    10,
    11,
    12,
    13,
    14
  ],
  "train_loss": [
    3.9956358553695255,
    3.9862691138933926,
    3.979818331442798,
    3.972083358669598,
    3.9595048784021523,
    3.9197133530017942,
    3.8822056169921773,
    3.791476063026014,
    3.71290367755911,
    3.6484613518910285,
    3.514942069914386,
    3.3804737011327566,
    3.298354343454439,
    3.2503015485448827
  ],
  "val_loss": [
    3.9849910023286172,
    3.982992005102413,
    3.97411237549536,
    3.967523070954785,
    3.9528953832449374,
    3.9481833349798143,
    3.958544743429754,
    3.9225871956225524,
    3.8752112069080784,
    3.9575003520729615,
    4.065437968244257,
    3.9837646115686476,
    4.090807568166674,
    3.9177485421760796
  ],
  "val_acc": [
    0.02577319587628866,
    0.015463917525773196,
    0.005154639175257732,
    0.0,
    0.015463917525773196,
    0.015463917525773196,
    0.005154639175257732,
    0.02577319587628866,
    0.015463917525773196,
    0.020618556701030927,
    0.010309278350515464,
    0.015463917525773196,
    0.005154639175257732,
    0.015463917525773196
  ]
}