{
  "epoch": [
    1,
    2,
    3,
    4,
    5,
    6,
    7,
    8
  ],
  "train_loss": [
    5.160474243882223,
    4.088731673864827,
    4.006235528229875,
    3.992587619709678,
    4.014591688597585,
    4.011044206017275,
    3.9985842921277084,
    4.002667161713407
  ],
  "val_loss": [
    3.9958121014624526,
    3.9846884516096606,
    3.984302960720259,
    3.9869940010542724,
    3.9881378965279493,
    3.985875441855991,
    3.985912350035205,
    3.986226411209893
  ],
  "val_acc": [
    0.020618556701030927,
    0.05154639175257732,
    0.015463917525773196,
    0.005154639175257732,
    0.010309278350515464,
    0.005154639175257732,
    0.005154639175257732,
    0.005154639175257732
  ]
}