{
  "split": "test",
  "model_type": "lstm",
  "accuracy": 0.4537953082472891,
  "f1_macro": 0.21294805956757445,
  "precision_macro": 0.22951903313153332,
  "recall_macro": 0.2971257615248065,
  "per_class_recall": {
    "Bathe": 0.871380846325167,
    "Bed_Toilet_Transition": 0.5980392156862745,
    "Cook": 0.023333333333333334,
    "Cook_Breakfast": 0.5742630385487528,
    "Cook_Dinner": 0.013628620102214651,
    "Cook_Lunch": 0.20165745856353592,
    "Dress": 0.1259259259259259,
    "Drink": 0.38317757009345793,
    "Eat": 0.6226415094339622,
    "Eat_Breakfast": 0.03303303303303303,
    "Eat_Dinner": 0.07079646017699115,
    "Eat_Lunch": 0.05952380952380952,
    "Enter_Home": 0.8830188679245283,
    "Entertain_Guests": 0.24738675958188153,
    "Evening_Meds": 0.04189944134078212,
    "Go_To_Sleep": 0.6410256410256411,
    "Groom": 0.1443850267379679,
    "Leave_Home": 0.5873015873015873,
    "Morning_Meds": 0.24797843665768193,
    "Personal_Hygiene": 0.0037397157816005983,
    "Phone": 0.3387096774193548,
    "Read": 0.04845222072678331,
    "Relax": 0.0,
    "Sleep": 0.6953046953046953,
    "Sleep_Out_Of_Bed": 0.09913043478260869,
    "Step_Out": 0.09523809523809523,
    "Toilet": 0.521970705725699,
    "Wake_Up": 0.19444444444444445,
    "Wash_Breakfast_Dishes": 0.011396011396011397,
    "Wash_Dinner_Dishes": 0.003105590062111801,
    "Wash_Dishes": 0.0,
    "Wash_Lunch_Dishes": 0.043478260869565216,
    "Watch_TV": 0.7602427921092565,
    "Work_At_Table": 0.9166666666666666
  },
  "confusion_matrix": [
    [
      1565,
      148,
      0,
      0,
      0,
      0,
      0,
      0,
      0,
      0,
      0,
      0,
      0,
      6,
      0,
      2,
      47,
      1,
      0,
      7,
      0,
      0,
      0,
      0,
      0,
      0,
      20,
      0,
      0,
      0,
      0,
      0,
      0,
      0
    ],
    [
      25,
      61,
      0,
      0,
      0,
      0,
      0,
      0,
      0,
      0,
      0,
      0,
      0,
      1,
      0,
      1,
      11,
      0,
      0,
      2,
      0,
      0,
      0,
      0,
      0,
      0,
      0,
      1,
      0,
      0,
      0,
      0,
      0,
      0
    ],
    [
      0,
      0,
      7,
      155,
      4,
      76,
      0,
      46,
      0,
      0,
      0,
      0,
      0,
      0,
      7,
      0,
      0,
      0,
      4,
      0,
      0,
      0,
      0,
      0,
      0,
      0,
      0,
      0,
      0,
      0,
      0,
      1,
      0,
      0
    ],
    [
      0,
      0,
      30,
      1013,
      14,
      377,
      0,
      222,
      0,
      0,
      0,
      0,
      1,
      10,
      33,
      0,
      0,
      3,
      32,
      0,
      1,
      0,
      0,
      0,
      0,
      0,
      0,
      0,
      2,
      4,
      3,
      11,
      1,
      7
    ],
    [
      0,
      0,
      8,
      295,
      8,
      101,
      0,
      121,
      0,
      0,
      1,
      0,
      1,
      10,
      16,
      0,
      0,
      0,
      13,
      0,
      0,
      0,
      0,
      0,
      0,
      0,
      0,
      0,
      5,
      2,
      0,
      4,
      0,
      2
    ],
    [
      0,
      0,
      3,
      208,
      5,
      73,
      0,
      58,
      0,
      0,
      0,
      0,
      0,
      3,
      2,
      1,
      0,
      0,
      4,
      0,
      0,
      0,
      0,
      0,
      0,
      0,
      0,
      0,
      1,
      1,
      1,
      2,
      0,
      0
    ],
    [
      3,
      7,
      0,
      0,
      0,
      0,
      204,
      0,
      0,
      0,
      1,
      1,
      3,
      5,
      0,
      453,
      5,
      20,
      0,
      0,
      1,
      0,
      0,
      876,
      0,
      2,
      7,
      32,
      0,
      0,
      0,
      0,
      0,
      0
    ],
    [
      0,
      0,
      9,
      118,
      2,
      48,
      0,
      164,
      0,
      1,
      0,
      2,
      0,
      8,
      27,
      0,
      0,
      1,
      29,
      0,
      2,
      0,
      0,
      0,
      0,
      0,
      0,
      0,
      4,
      0,
      2,
      9,
      1,
      1
    ],
    [
      0,
      0,
      0,
      0,
      0,
      0,
      0,
      0,
      33,
      1,
      3,
      2,
      0,
      2,
      0,
      0,
      0,
      2,
      0,
      0,
      2,
      0,
      0,
      0,
      0,
      0,
      0,
      0,
      0,
      0,
      0,
      0,
      8,
      0
    ],
    [
      0,
      0,
      0,
      0,
      0,
      0,
      0,
      0,
      113,
      11,
      25,
      18,
      0,
      9,
      0,
      0,
      0,
      4,
      0,
      0,
      24,
      11,
      1,
      0,
      6,
      0,
      0,
      0,
      0,
      0,
      0,
      0,
      111,
      0
    ],
    [
      0,
      0,
      0,
      0,
      0,
      0,
      0,
      1,
      41,
      4,
      8,
      5,
      0,
      2,
      0,
      0,
      0,
      1,
      0,
      0,
      2,
      3,
      0,
      0,
      1,
      0,
      1,
      0,
      0,
      0,
      0,
      0,
      44,
      0
    ],
    [
      0,
      0,
      0,
      0,
      1,
      0,
      0,
      0,
      23,
      0,
      8,
      5,
      2,
      2,
      0,
      0,
      0,
      1,
      0,
      0,
      5,
      0,
      0,
      0,
      2,
      0,
      0,
      0,
      0,
      0,
      0,
      0,
      35,
      0
    ],
    [
      0,
      0,
      0,
      0,
      0,
      0,
      0,
      1,
      0,
      1,
      0,
      0,
      234,
      3,
      0,
      0,
      0,
      12,
      0,
      0,
      1,
      0,
      0,
      0,
      3,
      7,
      3,
      0,
      0,
      0,
      0,
      0,
      0,
      0
    ],
    [
      0,
      0,
      4,
      56,
      7,
      25,
      4,
      36,
      12,
      1,
      0,
      6,
      8,
      71,
      2,
      3,
      0,
      17,
      5,
      0,
      4,
      0,
      0,
      1,
      2,
      6,
      12,
      1,
      1,
      0,
      0,
      1,
      1,
      1
    ],
    [
      0,
      0,
      14,
      130,
      5,
      44,
      0,
      105,
      0,
      0,
      0,
      0,
      1,
      2,
      15,
      0,
      1,
      4,
      17,
      0,
      0,
      0,
      0,
      1,
      0,
      0,
      0,
      0,
      5,
      0,
      0,
      10,
      1,
      3
    ],
    [
      1,
      0,
      0,
      0,
      0,
      0,
      2,
      0,
      0,
      0,
      0,
      0,
      0,
      0,
      0,
      25,
      0,
      2,
      0,
      0,
      0,
      0,
      0,
      8,
      0,
      0,
      0,
      1,
      0,
      0,
      0,
      0,
      0,
      0
    ],
    [
      103,
      42,
      0,
      0,
      0,
      0,
      0,
      0,
      0,
      0,
      0,
      0,
      0,
      1,
      0,
      0,
      27,
      1,
      0,
      0,
      0,
      0,
      0,
      1,
      0,
      0,
      12,
      0,
      0,
      0,
      0,
      0,
      0,
      0
    ],
    [
      1,
      1,
      0,
      0,
      0,
      0,
      0,
      0,
      8,
      3,
      1,
      2,
      27,
      6,
      0,
      1,
      1,
      185,
      0,
      0,
      27,
      0,
      0,
      0,
      2,
      9,
      2,
      0,
      0,
      0,
      0,
      0,
      39,
      0
    ],
    [
      0,
      0,
      1,
      90,
      5,
      42,
      0,
      120,
      0,
      0,
      0,
      0,
      1,
      1,
      11,
      0,
      0,
      0,
      92,
      0,
      0,
      0,
      0,
      0,
      1,
      0,
      0,
      0,
      3,
      2,
      0,
      2,
      0,
      0
    ],
    [
      736,
      249,
      0,
      0,
      0,
      0,
      0,
      0,
      1,
      0,
      0,
      1,
      1,
      7,
      0,
      2,
      83,
      0,
      0,
      5,
      0,
      0,
      0,
      0,
      1,
      3,
      247,
      1,
      0,
      0,
      0,
      0,
      0,
