{
  "mode": "retrain_attacker",
  "distortion": {
    "mse": 0.20599970240155802,
    "mae": 0.22904223018519984,
    "pearson_r": 0.5944773259572188,
    "mean_relative_abs_error": 16650157.18715773
  },
  "defense_config": {
    "enabled": true,
    "method": "adaptive_ldp",
    "mode": "fixed_attacker",
    "epsilon": 1.0,
    "ldp_sensitivity": 1.0,
    "noise_type": "laplace",
    "noise_scale": 0.5,
    "apply_to": "all",
    "selected_features": [
      "kitchen_light",
      "office_pc",
      "bedroom_motion"
    ],
    "binary_threshold": 0.5,
    "binary_features": [],
    "numeric_features": null
  },
  "attack_metrics": {
    "note": "重训后模型在干净测试集上的表现通常下降（分布偏移），在防御后测试集上为自适应攻击者的主指标。",
    "retrained_on_defended": {
      "accuracy_on_defended_test": 0.270747829092323,
      "f1_macro_on_defended_test": 0.11070174197061741,
      "per_class_recall_on_defended_test": {
        "Bathe": 0.888641425389755,
        "Bed_Toilet_Transition": 0.0392156862745098,
        "Cook": 0.0,
        "Cook_Breakfast": 0.34750566893424034,
        "Cook_Dinner": 0.013628620102214651,
        "Cook_Lunch": 0.46685082872928174,
        "Dress": 0.04876543209876543,
        "Drink": 0.02336448598130841,
        "Eat": 0.3018867924528302,
        "Eat_Breakfast": 0.015015015015015015,
        "Eat_Dinner": 0.0,
        "Eat_Lunch": 0.0,
        "Enter_Home": 0.8830188679245283,
        "Entertain_Guests": 0.003484320557491289,
        "Evening_Meds": 0.013966480446927373,
        "Go_To_Sleep": 0.46153846153846156,
        "Groom": 0.0,
        "Leave_Home": 0.04126984126984127,
        "Morning_Meds": 0.19946091644204852,
        "Personal_Hygiene": 0.0,
        "Phone": 0.026881720430107527,
        "Read": 0.2503364737550471,
        "Relax": 0.18446601941747573,
        "Sleep": 0.8921078921078921,
        "Sleep_Out_Of_Bed": 0.0052173913043478265,
        "Step_Out": 0.14965986394557823,
        "Toilet": 0.24234354194407456,
        "Wake_Up": 0.0,
        "Wash_Breakfast_Dishes": 0.005698005698005698,
        "Wash_Dinner_Dishes": 0.0,
        "Wash_Dishes": 0.0,
        "Wash_Lunch_Dishes": 0.0,
        "Watch_TV": 0.2786039453717754,
        "Work_At_Table": 0.6666666666666666
      }
    },
    "same_retrained_model_on_clean_test": {
      "accuracy": 0.17902967987212165,
      "f1_macro": 0.08514718631172968,
      "per_class_recall": {
        "Bathe": 0.9537861915367484,
        "Bed_Toilet_Transition": 0.0,
        "Cook": 0.0,
        "Cook_Breakfast": 0.0005668934240362812,
        "Cook_Dinner": 0.04599659284497445,
        "Cook_Lunch": 0.9005524861878453,
        "Dress": 0.8228395061728395,
        "Drink": 0.0,
        "Eat": 0.0,
        "Eat_Breakfast": 0.17717717717717718,
        "Eat_Dinner": 0.0,
        "Eat_Lunch": 0.0,
        "Enter_Home": 0.38113207547169814,
        "Entertain_Guests": 0.0,
        "Evening_Meds": 0.0,
        "Go_To_Sleep": 0.0,
        "Groom": 0.0053475935828877,
        "Leave_Home": 0.009523809523809525,
        "Morning_Meds": 0.008086253369272238,
        "Personal_Hygiene": 0.0,
        "Phone": 0.0,
        "Read": 0.013458950201884253,
        "Relax": 0.7922330097087379,
        "Sleep": 0.006993006993006993,
        "Sleep_Out_Of_Bed": 0.019130434782608695,
        "Step_Out": 0.07482993197278912,
        "Toilet": 0.07190412782956059,
        "Wake_Up": 0.0,
        "Wash_Breakfast_Dishes": 0.011396011396011397,
        "Wash_Dinner_Dishes": 0.0,
        "Wash_Dishes": 0.0,
        "Wash_Lunch_Dishes": 0.0,
        "Watch_TV": 0.0004552352048558422,
        "Work_At_Table": 0.625
      }
    }
  }
}