event,packet_type,node,src,seq,bytes,time_ms,payload_time_ms,sim_time_ms,send_ms,recv_ms,delay_ms,line_number,raw_line
TX,REAL,2,,0,48,16367.0,15974,16367.0,,,,76,16367000	ID:2	[INFO: Metric    ] METRIC_TX type=REAL node=2 seq=0 bytes=48 time_ms=15974
RX,REAL,,2,0,48,16384.88,15953,16384.88,15974,15953,17.88000000000102,77,16384880	ID:1	[INFO: Metric    ] METRIC_RX type=REAL src=2 seq=0 send_ms=15974 recv_ms=15953 bytes=48
TX,REAL,7,,0,48,20056.0,20034,20056.0,,,,81,20056000	ID:7	[INFO: Metric    ] METRIC_TX type=REAL node=7 seq=0 bytes=48 time_ms=20034
RX,REAL,,7,0,48,20076.88,19645,20076.88,20034,19645,20.88000000000102,82,20076880	ID:1	[INFO: Metric    ] METRIC_RX type=REAL src=7 seq=0 send_ms=20034 recv_ms=19645 bytes=48
TX,REAL,6,,0,48,21826.0,21738,21826.0,,,,87,21826000	ID:6	[INFO: Metric    ] METRIC_TX type=REAL node=6 seq=0 bytes=48 time_ms=21738
RX,REAL,,6,0,48,21833.88,21402,21833.88,21738,21402,7.880000000001019,88,21833880	ID:1	[INFO: Metric    ] METRIC_RX type=REAL src=6 seq=0 send_ms=21738 recv_ms=21402 bytes=48
TX,REAL,2,,1,48,27368.0,26975,27368.0,,,,92,27368000	ID:2	[INFO: Metric    ] METRIC_TX type=REAL node=2 seq=1 bytes=48 time_ms=26975
RX,REAL,,2,1,48,27391.88,26960,27391.88,26975,26960,23.88000000000102,93,27391880	ID:1	[INFO: Metric    ] METRIC_RX type=REAL src=2 seq=1 send_ms=26975 recv_ms=26960 bytes=48
TX,REAL,7,,1,48,31057.0,31035,31057.0,,,,95,31057000	ID:7	[INFO: Metric    ] METRIC_TX type=REAL node=7 seq=1 bytes=48 time_ms=31035
TX,DUMMY,7,,0,48,31058.0,31036,31058.0,,,,96,31058000	ID:7	[INFO: Metric    ] METRIC_TX type=DUMMY node=7 seq=0 bytes=48 time_ms=31036
RX,REAL,,7,1,48,31074.88,30643,31074.88,31035,30643,17.88000000000102,97,31074880	ID:1	[INFO: Metric    ] METRIC_RX type=REAL src=7 seq=1 send_ms=31035 recv_ms=30643 bytes=48
RX,DUMMY,,7,0,48,31097.88,30666,31097.88,31036,30666,,98,31097880	ID:1	[INFO: Metric    ] METRIC_RX type=DUMMY src=7 seq=0 send_ms=31036 recv_ms=30666 bytes=48
TX,REAL,6,,1,48,31827.0,31739,31827.0,,,,101,31827000	ID:6	[INFO: Metric    ] METRIC_TX type=REAL node=6 seq=1 bytes=48 time_ms=31739
TX,DUMMY,6,,0,48,31828.0,31740,31828.0,,,,102,31828000	ID:6	[INFO: Metric    ] METRIC_TX type=DUMMY node=6 seq=0 bytes=48 time_ms=31740
RX,REAL,,6,1,48,31852.88,31421,31852.88,31739,31421,25.88000000000102,103,31852880	ID:1	[INFO: Metric    ] METRIC_RX type=REAL src=6 seq=1 send_ms=31739 recv_ms=31421 bytes=48
RX,DUMMY,,6,0,48,31888.88,31457,31888.88,31740,31457,,104,31888880	ID:1	[INFO: Metric    ] METRIC_RX type=DUMMY src=6 seq=0 send_ms=31740 recv_ms=31457 bytes=48
TX,REAL,3,,0,48,34976.0,34764,34976.0,,,,110,34976000	ID:3	[INFO: Metric    ] METRIC_TX type=REAL node=3 seq=0 bytes=48 time_ms=34764
RX,REAL,,3,0,48,35009.168,34578,35009.168,34764,34578,33.167999999997846,111,35009168	ID:1	[INFO: Metric    ] METRIC_RX type=REAL src=3 seq=0 send_ms=34764 recv_ms=34578 bytes=48
TX,REAL,5,,0,48,35055.0,34085,35055.0,,,,114,35055000	ID:5	[INFO: Metric    ] METRIC_TX type=REAL node=5 seq=0 bytes=48 time_ms=34085
RX,REAL,,5,0,48,35087.592,34656,35087.592,34085,34656,32.591999999996915,116,35087592	ID:1	[INFO: Metric    ] METRIC_RX type=REAL src=5 seq=0 send_ms=34085 recv_ms=34656 bytes=48
TX,REAL,2,,2,48,37369.0,36976,37369.0,,,,119,37369000	ID:2	[INFO: Metric    ] METRIC_TX type=REAL node=2 seq=2 bytes=48 time_ms=36976
RX,REAL,,2,2,48,37410.88,36979,37410.88,36976,36979,41.87999999999738,120,37410880	ID:1	[INFO: Metric    ] METRIC_RX type=REAL src=2 seq=2 send_ms=36976 recv_ms=36979 bytes=48
TX,REAL,7,,2,48,40059.0,40037,40059.0,,,,122,40059000	ID:7	[INFO: Metric    ] METRIC_TX type=REAL node=7 seq=2 bytes=48 time_ms=40037
RX,REAL,,7,2,48,40083.88,39652,40083.88,40037,39652,24.87999999999738,123,40083880	ID:1	[INFO: Metric    ] METRIC_RX type=REAL src=7 seq=2 send_ms=40037 recv_ms=39652 bytes=48
TX,REAL,6,,2,48,42829.0,42741,42829.0,,,,125,42829000	ID:6	[INFO: Metric    ] METRIC_TX type=REAL node=6 seq=2 bytes=48 time_ms=42741
RX,REAL,,6,2,48,42838.88,42407,42838.88,42741,42407,9.87999999999738,126,42838880	ID:1	[INFO: Metric    ] METRIC_RX type=REAL src=6 seq=2 send_ms=42741 recv_ms=42407 bytes=48
TX,REAL,4,,0,48,43075.0,42126,43075.0,,,,130,43075000	ID:4	[INFO: Metric    ] METRIC_TX type=REAL node=4 seq=0 bytes=48 time_ms=42126
RX,REAL,,4,0,48,43125.168,42694,43125.168,42126,42694,50.167999999997846,131,43125168	ID:1	[INFO: Metric    ] METRIC_RX type=REAL src=4 seq=0 send_ms=42126 recv_ms=42694 bytes=48
TX,REAL,3,,1,48,43977.0,43765,43977.0,,,,133,43977000	ID:3	[INFO: Metric    ] METRIC_TX type=REAL node=3 seq=1 bytes=48 time_ms=43765
RX,REAL,,3,1,48,44022.304,43591,44022.304,43765,43591,45.30399999999645,134,44022304	ID:1	[INFO: Metric    ] METRIC_RX type=REAL src=3 seq=1 send_ms=43765 recv_ms=43591 bytes=48
TX,REAL,5,,1,48,44056.0,43086,44056.0,,,,135,44056000	ID:5	[INFO: Metric    ] METRIC_TX type=REAL node=5 seq=1 bytes=48 time_ms=43086
RX,REAL,,5,1,48,44141.304,43710,44141.304,43086,43710,85.30399999999645,137,44141304	ID:1	[INFO: Metric    ] METRIC_RX type=REAL src=5 seq=1 send_ms=43086 recv_ms=43710 bytes=48
TX,REAL,2,,3,48,47370.0,46977,47370.0,,,,139,47370000	ID:2	[INFO: Metric    ] METRIC_TX type=REAL node=2 seq=3 bytes=48 time_ms=46977
RX,REAL,,2,3,48,47400.88,46969,47400.88,46977,46969,30.87999999999738,140,47400880	ID:1	[INFO: Metric    ] METRIC_RX type=REAL src=2 seq=3 send_ms=46977 recv_ms=46969 bytes=48
TX,REAL,7,,3,48,49060.0,49038,49060.0,,,,142,49060000	ID:7	[INFO: Metric    ] METRIC_TX type=REAL node=7 seq=3 bytes=48 time_ms=49038
RX,REAL,,7,3,48,49099.88,48668,49099.88,49038,48668,39.87999999999738,143,49099880	ID:1	[INFO: Metric    ] METRIC_RX type=REAL src=7 seq=3 send_ms=49038 recv_ms=48668 bytes=48
TX,REAL,3,,2,48,52978.0,52766,52978.0,,,,145,52978000	ID:3	[INFO: Metric    ] METRIC_TX type=REAL node=3 seq=2 bytes=48 time_ms=52766
RX,REAL,,3,2,48,53055.168,52624,53055.168,52766,52624,77.16799999999785,146,53055168	ID:1	[INFO: Metric    ] METRIC_RX type=REAL src=3 seq=2 send_ms=52766 recv_ms=52624 bytes=48
TX,REAL,5,,2,48,53057.0,52087,53057.0,,,,147,53057000	ID:5	[INFO: Metric    ] METRIC_TX type=REAL node=5 seq=2 bytes=48 time_ms=52087
TX,REAL,4,,1,48,53075.04,52127,53075.04,,,,148,53075040	ID:4	[INFO: Metric    ] METRIC_TX type=REAL node=4 seq=1 bytes=48 time_ms=52127
TX,DUMMY,4,,0,48,53076.04,52127,53076.04,,,,149,53076040	ID:4	[INFO: Metric    ] METRIC_TX type=DUMMY node=4 seq=0 bytes=48 time_ms=52127
RX,REAL,,4,1,48,53171.168,52740,53171.168,52127,52740,96.12799999999697,150,53171168	ID:1	[INFO: Metric    ] METRIC_RX type=REAL src=4 seq=1 send_ms=52127 recv_ms=52740 bytes=48
RX,REAL,,5,2,48,53181.168,52750,53181.168,52087,52750,124.16799999999785,152,53181168	ID:1	[INFO: Metric    ] METRIC_RX type=REAL src=5 seq=2 send_ms=52087 recv_ms=52750 bytes=48
RX,DUMMY,,4,0,48,53314.168,52883,53314.168,52127,52883,,154,53314168	ID:1	[INFO: Metric    ] METRIC_RX type=DUMMY src=4 seq=0 send_ms=52127 recv_ms=52883 bytes=48
TX,REAL,6,,3,48,53830.0,53742,53830.0,,,,158,53830000	ID:6	[INFO: Metric    ] METRIC_TX type=REAL node=6 seq=3 bytes=48 time_ms=53742
TX,DUMMY,6,,1,48,53831.0,53743,53831.0,,,,159,53831000	ID:6	[INFO: Metric    ] METRIC_TX type=DUMMY node=6 seq=1 bytes=48 time_ms=53743
RX,REAL,,6,3,48,53865.88,53434,53865.88,53742,53434,35.87999999999738,160,53865880	ID:1	[INFO: Metric    ] METRIC_RX type=REAL src=6 seq=3 send_ms=53742 recv_ms=53434 bytes=48
RX,DUMMY,,6,1,48,53900.88,53469,53900.88,53743,53469,,162,53900880	ID:1	[INFO: Metric    ] METRIC_RX type=DUMMY src=6 seq=1 send_ms=53743 recv_ms=53469 bytes=48
TX,REAL,7,,4,48,58061.0,58039,58061.0,,,,164,58061000	ID:7	[INFO: Metric    ] METRIC_TX type=REAL node=7 seq=4 bytes=48 time_ms=58039
RX,REAL,,7,4,48,58067.88,57636,58067.88,58039,57636,6.879999999997381,165,58067880	ID:1	[INFO: Metric    ] METRIC_RX type=REAL src=7 seq=4 send_ms=58039 recv_ms=57636 bytes=48
TX,REAL,2,,4,48,58371.0,57978,58371.0,,,,167,58371000	ID:2	[INFO: Metric    ] METRIC_TX type=REAL node=2 seq=4 bytes=48 time_ms=57978
RX,REAL,,2,4,48,58383.88,57952,58383.88,57978,57952,12.87999999999738,168,58383880	ID:1	[INFO: Metric    ] METRIC_RX type=REAL src=2 seq=4 send_ms=57978 recv_ms=57952 bytes=48
TX,REAL,3,,3,48,61979.0,61767,61979.0,,,,170,61979000	ID:3	[INFO: Metric    ] METRIC_TX type=REAL node=3 seq=3 bytes=48 time_ms=61767
RX,REAL,,3,3,48,62029.168,61598,62029.168,61767,61598,50.167999999997846,171,62029168	ID:1	[INFO: Metric    ] METRIC_RX type=REAL src=3 seq=3 send_ms=61767 recv_ms=61598 bytes=48
TX,REAL,5,,3,48,62058.0,61088,62058.0,,,,172,62058000	ID:5	[INFO: Metric    ] METRIC_TX type=REAL node=5 seq=3 bytes=48 time_ms=61088
TX,DUMMY,5,,0,48,62059.0,61089,62059.0,,,,173,62059000	ID:5	[INFO: Metric    ] METRIC_TX type=DUMMY node=5 seq=0 bytes=48 time_ms=61089
RX,REAL,,5,3,48,62145.168,61714,62145.168,61088,61714,87.16799999999785,175,62145168	ID:1	[INFO: Metric    ] METRIC_RX type=REAL src=5 seq=3 send_ms=61088 recv_ms=61714 bytes=48
RX,DUMMY,,5,0,48,62195.304,61764,62195.304,61089,61764,,177,62195304	ID:1	[INFO: Metric    ] METRIC_RX type=DUMMY src=5 seq=0 send_ms=61089 recv_ms=61764 bytes=48
TX,REAL,4,,2,48,63077.0,62128,63077.0,,,,179,63077000	ID:4	[INFO: Metric    ] METRIC_TX type=REAL node=4 seq=2 bytes=48 time_ms=62128
RX,REAL,,4,2,48,63125.168,62694,63125.168,62128,62694,48.167999999997846,180,63125168	ID:1	[INFO: Metric    ] METRIC_RX type=REAL src=4 seq=2 send_ms=62128 recv_ms=62694 bytes=48
TX,REAL,6,,4,48,64832.0,64744,64832.0,,,,183,64832000	ID:6	[INFO: Metric    ] METRIC_TX type=REAL node=6 seq=4 bytes=48 time_ms=64744
RX,REAL,,6,4,48,64858.88,64427,64858.88,64744,64427,26.87999999999738,184,64858880	ID:1	[INFO: Metric    ] METRIC_RX type=REAL src=6 seq=4 send_ms=64744 recv_ms=64427 bytes=48
TX,REAL,2,,5,48,67372.0,66979,67372.0,,,,186,67372000	ID:2	[INFO: Metric    ] METRIC_TX type=REAL node=2 seq=5 bytes=48 time_ms=66979
RX,REAL,,2,5,48,67385.88,66954,67385.88,66979,66954,13.880000000004657,187,67385880	ID:1	[INFO: Metric    ] METRIC_RX type=REAL src=2 seq=5 send_ms=66979 recv_ms=66954 bytes=48
TX,REAL,7,,5,48,69062.0,69040,69062.0,,,,189,69062000	ID:7	[INFO: Metric    ] METRIC_TX type=REAL node=7 seq=5 bytes=48 time_ms=69040
RX,REAL,,7,5,48,69082.88,68651,69082.88,69040,68651,20.880000000004657,190,69082880	ID:1	[INFO: Metric    ] METRIC_RX type=REAL src=7 seq=5 send_ms=69040 recv_ms=68651 bytes=48
TX,REAL,3,,4,48,72980.0,72768,72980.0,,,,192,72980000	ID:3	[INFO: Metric    ] METRIC_TX type=REAL node=3 seq=4 bytes=48 time_ms=72768
RX,REAL,,3,4,48,73022.168,72591,73022.168,72768,72591,42.16800000000512,193,73022168	ID:1	[INFO: Metric    ] METRIC_RX type=REAL src=3 seq=4 send_ms=72768 recv_ms=72591 bytes=48
TX,REAL,5,,4,48,73060.0,72090,73060.0,,,,195,73060000	ID:5	[INFO: Metric    ] METRIC_TX type=REAL node=5 seq=4 bytes=48 time_ms=72090
TX,REAL,4,,3,48,73078.0,72129,73078.0,,,,196,73078000	ID:4	[INFO: Metric    ] METRIC_TX type=REAL node=4 seq=3 bytes=48 time_ms=72129
TX,DUMMY,4,,1,48,73079.0,72130,73079.0,,,,197,73079000	ID:4	[INFO: Metric    ] METRIC_TX type=DUMMY node=4 seq=1 bytes=48 time_ms=72130
RX,REAL,,5,4,48,73133.168,72702,73133.168,72090,72702,73.16800000000512,198,73133168	ID:1	[INFO: Metric    ] METRIC_RX type=REAL src=5 seq=4 send_ms=72090 recv_ms=72702 bytes=48
RX,REAL,,4,3,48,73149.168,72718,73149.168,72129,72718,71.16800000000512,199,73149168	ID:1	[INFO: Metric    ] METRIC_RX type=REAL src=4 seq=3 send_ms=72129 recv_ms=72718 bytes=48
RX,DUMMY,,4,1,48,73283.168,72852,73283.168,72130,72852,,202,73283168	ID:1	[INFO: Metric    ] METRIC_RX type=DUMMY src=4 seq=1 send_ms=72130 recv_ms=72852 bytes=48
TX,REAL,6,,5,48,75833.0,75745,75833.0,,,,204,75833000	ID:6	[INFO: Metric    ] METRIC_TX type=REAL node=6 seq=5 bytes=48 time_ms=75745
RX,REAL,,6,5,48,75860.88,75429,75860.88,75745,75429,27.880000000004657,205,75860880	ID:1	[INFO: Metric    ] METRIC_RX type=REAL src=6 seq=5 send_ms=75745 recv_ms=75429 bytes=48
TX,REAL,7,,6,48,78063.0,78041,78063.0,,,,207,78063000	ID:7	[INFO: Metric    ] METRIC_TX type=REAL node=7 seq=6 bytes=48 time_ms=78041
RX,REAL,,7,6,48,78078.88,77647,78078.88,78041,77647,15.880000000004657,208,78078880	ID:1	[INFO: Metric    ] METRIC_RX type=REAL src=7 seq=6 send_ms=78041 recv_ms=77647 bytes=48
TX,REAL,2,,6,48,78373.0,77980,78373.0,,,,210,78373000	ID:2	[INFO: Metric    ] METRIC_TX type=REAL node=2 seq=6 bytes=48 time_ms=77980
TX,DUMMY,2,,0,48,78374.0,77981,78374.0,,,,211,78374000	ID:2	[INFO: Metric    ] METRIC_TX type=DUMMY node=2 seq=0 bytes=48 time_ms=77981
RX,REAL,,2,6,48,78386.88,77955,78386.88,77980,77955,13.880000000004657,212,78386880	ID:1	[INFO: Metric    ] METRIC_RX type=REAL src=2 seq=6 send_ms=77980 recv_ms=77955 bytes=48
RX,DUMMY,,2,0,48,78393.76,77962,78393.76,77981,77962,,214,78393760	ID:1	[INFO: Metric    ] METRIC_RX type=DUMMY src=2 seq=0 send_ms=77981 recv_ms=77962 bytes=48
TX,REAL,5,,5,48,82061.0,81091,82061.0,,,,217,82061000	ID:5	[INFO: Metric    ] METRIC_TX type=REAL node=5 seq=5 bytes=48 time_ms=81091
TX,DUMMY,5,,1,48,82062.0,81092,82062.0,,,,218,82062000	ID:5	[INFO: Metric    ] METRIC_TX type=DUMMY node=5 seq=1 bytes=48 time_ms=81092
RX,REAL,,5,5,48,82117.168,81686,82117.168,81091,81686,56.16800000000512,219,82117168	ID:1	[INFO: Metric    ] METRIC_RX type=REAL src=5 seq=5 send_ms=81091 recv_ms=81686 bytes=48
RX,DUMMY,,5,1,48,82164.168,81733,82164.168,81092,81733,,221,82164168	ID:1	[INFO: Metric    ] METRIC_RX type=DUMMY src=5 seq=1 send_ms=81092 recv_ms=81733 bytes=48
TX,REAL,3,,5,48,82981.0,82769,82981.0,,,,223,82981000	ID:3	[INFO: Metric    ] METRIC_TX type=REAL node=3 seq=5 bytes=48 time_ms=82769
RX,REAL,,3,5,48,83041.168,82610,83041.168,82769,82610,60.16800000000512,224,83041168	ID:1	[INFO: Metric    ] METRIC_RX type=REAL src=3 seq=5 send_ms=82769 recv_ms=82610 bytes=48
TX,REAL,4,,4,48,83080.0,82131,83080.0,,,,225,83080000	ID:4	[INFO: Metric    ] METRIC_TX type=REAL node=4 seq=4 bytes=48 time_ms=82131
RX,REAL,,4,4,48,83130.168,82699,83130.168,82131,82699,50.16800000000512,227,83130168	ID:1	[INFO: Metric    ] METRIC_RX type=REAL src=4 seq=4 send_ms=82131 recv_ms=82699 bytes=48
TX,REAL,6,,6,48,84834.0,84746,84834.0,,,,229,84834000	ID:6	[INFO: Metric    ] METRIC_TX type=REAL node=6 seq=6 bytes=48 time_ms=84746
RX,REAL,,6,6,48,84915.88,84484,84915.88,84746,84484,81.88000000000466,230,84915880	ID:1	[INFO: Metric    ] METRIC_RX type=REAL src=6 seq=6 send_ms=84746 recv_ms=84484 bytes=48
TX,REAL,2,,7,48,87375.0,86982,87375.0,,,,232,87375000	ID:2	[INFO: Metric    ] METRIC_TX type=REAL node=2 seq=7 bytes=48 time_ms=86982
TX,DUMMY,2,,1,48,87376.0,86983,87376.0,,,,233,87376000	ID:2	[INFO: Metric    ] METRIC_TX type=DUMMY node=2 seq=1 bytes=48 time_ms=86983
RX,REAL,,2,7,48,87391.88,86960,87391.88,86982,86960,16.880000000004657,234,87391880	ID:1	[INFO: Metric    ] METRIC_RX type=REAL src=2 seq=7 send_ms=86982 recv_ms=86960 bytes=48
RX,DUMMY,,2,1,48,87467.88,87036,87467.88,86983,87036,,236,87467880	ID:1	[INFO: Metric    ] METRIC_RX type=DUMMY src=2 seq=1 send_ms=86983 recv_ms=87036 bytes=48
TX,REAL,7,,7,48,89064.0,89042,89064.0,,,,238,89064000	ID:7	[INFO: Metric    ] METRIC_TX type=REAL node=7 seq=7 bytes=48 time_ms=89042
RX,REAL,,7,7,48,89069.88,88638,89069.88,89042,88638,5.880000000004657,239,89069880	ID:1	[INFO: Metric    ] METRIC_RX type=REAL src=7 seq=7 send_ms=89042 recv_ms=88638 bytes=48
TX,REAL,3,,6,48,91982.0,91770,91982.0,,,,241,91982000	ID:3	[INFO: Metric    ] METRIC_TX type=REAL node=3 seq=6 bytes=48 time_ms=91770
RX,REAL,,3,6,48,92038.168,91607,92038.168,91770,91607,56.16800000000512,242,92038168	ID:1	[INFO: Metric    ] METRIC_RX type=REAL src=3 seq=6 send_ms=91770 recv_ms=91607 bytes=48
TX,REAL,5,,6,48,92063.0,91093,92063.0,,,,244,92063000	ID:5	[INFO: Metric    ] METRIC_TX type=REAL node=5 seq=6 bytes=48 time_ms=91093
TX,REAL,4,,5,48,92081.0,91132,92081.0,,,,245,92081000	ID:4	[INFO: Metric    ] METRIC_TX type=REAL node=4 seq=5 bytes=48 time_ms=91132
RX,REAL,,5,6,48,92086.168,91655,92086.168,91093,91655,23.168000000005122,246,92086168	ID:1	[INFO: Metric    ] METRIC_RX type=REAL src=5 seq=6 send_ms=91093 recv_ms=91655 bytes=48
RX,REAL,,4,5,48,92179.168,91748,92179.168,91132,91748,98.16800000000512,249,92179168	ID:1	[INFO: Metric    ] METRIC_RX type=REAL src=4 seq=5 send_ms=91132 recv_ms=91748 bytes=48
TX,REAL,6,,7,48,93835.0,93747,93835.0,,,,251,93835000	ID:6	[INFO: Metric    ] METRIC_TX type=REAL node=6 seq=7 bytes=48 time_ms=93747
RX,REAL,,6,7,48,93876.88,93445,93876.88,93747,93445,41.88000000000466,252,93876880	ID:1	[INFO: Metric    ] METRIC_RX type=REAL src=6 seq=7 send_ms=93747 recv_ms=93445 bytes=48
TX,REAL,2,,8,48,97377.0,96984,97377.0,,,,254,97377000	ID:2	[INFO: Metric    ] METRIC_TX type=REAL node=2 seq=8 bytes=48 time_ms=96984
TX,DUMMY,2,,2,48,97378.0,96985,97378.0,,,,255,97378000	ID:2	[INFO: Metric    ] METRIC_TX type=DUMMY node=2 seq=2 bytes=48 time_ms=96985
RX,REAL,,2,8,48,97415.88,96984,97415.88,96984,96984,38.88000000000466,256,97415880	ID:1	[INFO: Metric    ] METRIC_RX type=REAL src=2 seq=8 send_ms=96984 recv_ms=96984 bytes=48
RX,DUMMY,,2,2,48,97431.88,97000,97431.88,96985,97000,,257,97431880	ID:1	[INFO: Metric    ] METRIC_RX type=DUMMY src=2 seq=2 send_ms=96985 recv_ms=97000 bytes=48
TX,REAL,7,,8,48,100065.0,100043,100065.0,,,,260,100065000	ID:7	[INFO: Metric    ] METRIC_TX type=REAL node=7 seq=8 bytes=48 time_ms=100043
RX,REAL,,7,8,48,100104.88,99673,100104.88,100043,99673,39.88000000000466,261,100104880	ID:1	[INFO: Metric    ] METRIC_RX type=REAL src=7 seq=8 send_ms=100043 recv_ms=99673 bytes=48
TX,REAL,3,,7,48,101983.0,101771,101983.0,,,,263,101983000	ID:3	[INFO: Metric    ] METRIC_TX type=REAL node=3 seq=7 bytes=48 time_ms=101771
RX,REAL,,3,7,48,102038.168,101607,102038.168,101771,101607,55.16800000000512,264,102038168	ID:1	[INFO: Metric    ] METRIC_RX type=REAL src=3 seq=7 send_ms=101771 recv_ms=101607 bytes=48
TX,REAL,4,,6,48,102081.424,101133,102081.424,,,,266,102081424	ID:4	[INFO: Metric    ] METRIC_TX type=REAL node=4 seq=6 bytes=48 time_ms=101133
RX,REAL,,4,6,48,102121.168,101690,102121.168,101133,101690,39.744000000006054,267,102121168	ID:1	[INFO: Metric    ] METRIC_RX type=REAL src=4 seq=6 send_ms=101133 recv_ms=101690 bytes=48
TX,REAL,5,,7,48,103064.0,102094,103064.0,,,,269,103064000	ID:5	[INFO: Metric    ] METRIC_TX type=REAL node=5 seq=7 bytes=48 time_ms=102094
RX,REAL,,5,7,48,103108.168,102677,103108.168,102094,102677,44.16800000000512,270,103108168	ID:1	[INFO: Metric    ] METRIC_RX type=REAL src=5 seq=7 send_ms=102094 recv_ms=102677 bytes=48
TX,REAL,6,,8,48,104836.0,104748,104836.0,,,,272,104836000	ID:6	[INFO: Metric    ] METRIC_TX type=REAL node=6 seq=8 bytes=48 time_ms=104748
TX,DUMMY,6,,2,48,104837.0,104749,104837.0,,,,273,104837000	ID:6	[INFO: Metric    ] METRIC_TX type=DUMMY node=6 seq=2 bytes=48 time_ms=104749
RX,REAL,,6,8,48,104874.88,104443,104874.88,104748,104443,38.88000000000466,274,104874880	ID:1	[INFO: Metric    ] METRIC_RX type=REAL src=6 seq=8 send_ms=104748 recv_ms=104443 bytes=48
RX,DUMMY,,6,2,48,104903.88,104472,104903.88,104749,104472,,277,104903880	ID:1	[INFO: Metric    ] METRIC_RX type=DUMMY src=6 seq=2 send_ms=104749 recv_ms=104472 bytes=48
TX,REAL,2,,9,48,107379.0,106986,107379.0,,,,279,107379000	ID:2	[INFO: Metric    ] METRIC_TX type=REAL node=2 seq=9 bytes=48 time_ms=106986
RX,REAL,,2,9,48,107417.88,106986,107417.88,106986,106986,38.88000000000466,280,107417880	ID:1	[INFO: Metric    ] METRIC_RX type=REAL src=2 seq=9 send_ms=106986 recv_ms=106986 bytes=48
TX,REAL,7,,9,48,109066.0,109044,109066.0,,,,282,109066000	ID:7	[INFO: Metric    ] METRIC_TX type=REAL node=7 seq=9 bytes=48 time_ms=109044
RX,REAL,,7,9,48,109105.88,108674,109105.88,109044,108674,39.88000000000466,283,109105880	ID:1	[INFO: Metric    ] METRIC_RX type=REAL src=7 seq=9 send_ms=109044 recv_ms=108674 bytes=48
TX,REAL,4,,7,48,111082.0,110133,111082.0,,,,285,111082000	ID:4	[INFO: Metric    ] METRIC_TX type=REAL node=4 seq=7 bytes=48 time_ms=110133
RX,REAL,,4,7,48,111148.168,110717,111148.168,110133,110717,66.16800000000512,286,111148168	ID:1	[INFO: Metric    ] METRIC_RX type=REAL src=4 seq=7 send_ms=110133 recv_ms=110717 bytes=48
TX,REAL,3,,8,48,112984.0,112772,112984.0,,,,288,112984000	ID:3	[INFO: Metric    ] METRIC_TX type=REAL node=3 seq=8 bytes=48 time_ms=112772
RX,REAL,,3,8,48,113015.168,112584,113015.168,112772,112584,31.168000000005122,289,113015168	ID:1	[INFO: Metric    ] METRIC_RX type=REAL src=3 seq=8 send_ms=112772 recv_ms=112584 bytes=48
TX,REAL,5,,8,48,114065.0,113095,114065.0,,,,291,114065000	ID:5	[INFO: Metric    ] METRIC_TX type=REAL node=5 seq=8 bytes=48 time_ms=113095
RX,REAL,,5,8,48,114107.168,113676,114107.168,113095,113676,42.16800000000512,292,114107168	ID:1	[INFO: Metric    ] METRIC_RX type=REAL src=5 seq=8 send_ms=113095 recv_ms=113676 bytes=48
TX,REAL,6,,9,48,115838.0,115750,115838.0,,,,294,115838000	ID:6	[INFO: Metric    ] METRIC_TX type=REAL node=6 seq=9 bytes=48 time_ms=115750
RX,REAL,,6,9,48,115851.88,115420,115851.88,115750,115420,13.880000000004657,295,115851880	ID:1	[INFO: Metric    ] METRIC_RX type=REAL src=6 seq=9 send_ms=115750 recv_ms=115420 bytes=48
TX,REAL,2,,10,48,118380.0,117987,118380.0,,,,299,118380000	ID:2	[INFO: Metric    ] METRIC_TX type=REAL node=2 seq=10 bytes=48 time_ms=117987
RX,REAL,,2,10,48,118413.88,117982,118413.88,117987,117982,33.88000000000466,300,118413880	ID:1	[INFO: Metric    ] METRIC_RX type=REAL src=2 seq=10 send_ms=117987 recv_ms=117982 bytes=48
TX,REAL,7,,10,48,120067.0,120045,120067.0,,,,304,120067000	ID:7	[INFO: Metric    ] METRIC_TX type=REAL node=7 seq=10 bytes=48 time_ms=120045
RX,REAL,,7,10,48,120097.88,119666,120097.88,120045,119666,30.880000000004657,305,120097880	ID:1	[INFO: Metric    ] METRIC_RX type=REAL src=7 seq=10 send_ms=120045 recv_ms=119666 bytes=48
TX,REAL,4,,8,48,121083.0,120134,121083.0,,,,307,121083000	ID:4	[INFO: Metric    ] METRIC_TX type=REAL node=4 seq=8 bytes=48 time_ms=120134
RX,REAL,,4,8,48,121143.168,120712,121143.168,120134,120712,60.16800000000512,308,121143168	ID:1	[INFO: Metric    ] METRIC_RX type=REAL src=4 seq=8 send_ms=120134 recv_ms=120712 bytes=48
TX,REAL,3,,9,48,122985.0,122773,122985.0,,,,311,122985000	ID:3	[INFO: Metric    ] METRIC_TX type=REAL node=3 seq=9 bytes=48 time_ms=122773
RX,REAL,,3,9,48,123038.168,122607,123038.168,122773,122607,53.16800000000512,312,123038168	ID:1	[INFO: Metric    ] METRIC_RX type=REAL src=3 seq=9 send_ms=122773 recv_ms=122607 bytes=48
TX,REAL,5,,9,48,125066.0,124096,125066.0,,,,314,125066000	ID:5	[INFO: Metric    ] METRIC_TX type=REAL node=5 seq=9 bytes=48 time_ms=124096
TX,DUMMY,5,,2,48,125067.0,124097,125067.0,,,,315,125067000	ID:5	[INFO: Metric    ] METRIC_TX type=DUMMY node=5 seq=2 bytes=48 time_ms=124097
RX,REAL,,5,9,48,125092.168,124661,125092.168,124096,124661,26.168000000005122,316,125092168	ID:1	[INFO: Metric    ] METRIC_RX type=REAL src=5 seq=9 send_ms=124096 recv_ms=124661 bytes=48
RX,DUMMY,,5,2,48,125178.592,124747,125178.592,124097,124747,,318,125178592	ID:1	[INFO: Metric    ] METRIC_RX type=DUMMY src=5 seq=2 send_ms=124097 recv_ms=124747 bytes=48
TX,REAL,6,,10,48,126839.0,126751,126839.0,,,,322,126839000	ID:6	[INFO: Metric    ] METRIC_TX type=REAL node=6 seq=10 bytes=48 time_ms=126751
TX,DUMMY,6,,3,48,126840.0,126752,126840.0,,,,323,126840000	ID:6	[INFO: Metric    ] METRIC_TX type=DUMMY node=6 seq=3 bytes=48 time_ms=126752
RX,REAL,,6,10,48,126871.88,126440,126871.88,126751,126440,32.88000000000466,324,126871880	ID:1	[INFO: Metric    ] METRIC_RX type=REAL src=6 seq=10 send_ms=126751 recv_ms=126440 bytes=48
RX,DUMMY,,6,3,48,126895.88,126464,126895.88,126752,126464,,325,126895880	ID:1	[INFO: Metric    ] METRIC_RX type=DUMMY src=6 seq=3 send_ms=126752 recv_ms=126464 bytes=48
TX,REAL,7,,11,48,129068.0,129046,129068.0,,,,328,129068000	ID:7	[INFO: Metric    ] METRIC_TX type=REAL node=7 seq=11 bytes=48 time_ms=129046
RX,REAL,,7,11,48,129105.88,128674,129105.88,129046,128674,37.88000000000466,329,129105880	ID:1	[INFO: Metric    ] METRIC_RX type=REAL src=7 seq=11 send_ms=129046 recv_ms=128674 bytes=48
TX,REAL,2,,11,48,129381.0,128988,129381.0,,,,331,129381000	ID:2	[INFO: Metric    ] METRIC_TX type=REAL node=2 seq=11 bytes=48 time_ms=128988
RX,REAL,,2,11,48,129387.88,128956,129387.88,128988,128956,6.880000000004657,332,129387880	ID:1	[INFO: Metric    ] METRIC_RX type=REAL src=2 seq=11 send_ms=128988 recv_ms=128956 bytes=48
TX,REAL,4,,9,48,132084.0,131135,132084.0,,,,334,132084000	ID:4	[INFO: Metric    ] METRIC_TX type=REAL node=4 seq=9 bytes=48 time_ms=131135
RX,REAL,,4,9,48,132142.168,131711,132142.168,131135,131711,58.16800000000512,335,132142168	ID:1	[INFO: Metric    ] METRIC_RX type=REAL src=4 seq=9 send_ms=131135 recv_ms=131711 bytes=48
TX,REAL,3,,10,48,132986.0,132774,132986.0,,,,339,132986000	ID:3	[INFO: Metric    ] METRIC_TX type=REAL node=3 seq=10 bytes=48 time_ms=132774
RX,REAL,,3,10,48,133041.168,132610,133041.168,132774,132610,55.16800000000512,340,133041168	ID:1	[INFO: Metric    ] METRIC_RX type=REAL src=3 seq=10 send_ms=132774 recv_ms=132610 bytes=48
TX,REAL,5,,10,48,134068.0,133098,134068.0,,,,344,134068000	ID:5	[INFO: Metric    ] METRIC_TX type=REAL node=5 seq=10 bytes=48 time_ms=133098
RX,REAL,,5,10,48,134110.168,133679,134110.168,133098,133679,42.16800000000512,345,134110168	ID:1	[INFO: Metric    ] METRIC_RX type=REAL src=5 seq=10 send_ms=133098 recv_ms=133679 bytes=48
TX,REAL,6,,11,48,135841.0,135753,135841.0,,,,348,135841000	ID:6	[INFO: Metric    ] METRIC_TX type=REAL node=6 seq=11 bytes=48 time_ms=135753
RX,REAL,,6,11,48,135867.88,135436,135867.88,135753,135436,26.880000000004657,349,135867880	ID:1	[INFO: Metric    ] METRIC_RX type=REAL src=6 seq=11 send_ms=135753 recv_ms=135436 bytes=48
TX,REAL,7,,12,48,138069.0,138047,138069.0,,,,351,138069000	ID:7	[INFO: Metric    ] METRIC_TX type=REAL node=7 seq=12 bytes=48 time_ms=138047
RX,REAL,,7,12,48,138112.88,137681,138112.88,138047,137681,43.88000000000466,352,138112880	ID:1	[INFO: Metric    ] METRIC_RX type=REAL src=7 seq=12 send_ms=138047 recv_ms=137681 bytes=48
TX,REAL,2,,12,48,139382.0,138989,139382.0,,,,354,139382000	ID:2	[INFO: Metric    ] METRIC_TX type=REAL node=2 seq=12 bytes=48 time_ms=138989
RX,REAL,,2,12,48,139395.88,138964,139395.88,138989,138964,13.880000000004657,355,139395880	ID:1	[INFO: Metric    ] METRIC_RX type=REAL src=2 seq=12 send_ms=138989 recv_ms=138964 bytes=48
TX,REAL,3,,11,48,141987.0,141775,141987.0,,,,357,141987000	ID:3	[INFO: Metric    ] METRIC_TX type=REAL node=3 seq=11 bytes=48 time_ms=141775
RX,REAL,,3,11,48,142039.304,141608,142039.304,141775,141608,52.304000000003725,358,142039304	ID:1	[INFO: Metric    ] METRIC_RX type=REAL src=3 seq=11 send_ms=141775 recv_ms=141608 bytes=48
TX,REAL,5,,11,48,143069.0,142099,143069.0,,,,360,143069000	ID:5	[INFO: Metric    ] METRIC_TX type=REAL node=5 seq=11 bytes=48 time_ms=142099
TX,DUMMY,5,,3,48,143070.0,142100,143070.0,,,,361,143070000	ID:5	[INFO: Metric    ] METRIC_TX type=DUMMY node=5 seq=3 bytes=48 time_ms=142100
TX,REAL,4,,10,48,143085.0,142136,143085.0,,,,364,143085000	ID:4	[INFO: Metric    ] METRIC_TX type=REAL node=4 seq=10 bytes=48 time_ms=142136
RX,REAL,,5,11,48,143125.168,142694,143125.168,142099,142694,56.16800000000512,365,143125168	ID:1	[INFO: Metric    ] METRIC_RX type=REAL src=5 seq=11 send_ms=142099 recv_ms=142694 bytes=48
RX,REAL,,4,10,48,143183.168,142752,143183.168,142136,142752,98.16800000000512,367,143183168	ID:1	[INFO: Metric    ] METRIC_RX type=REAL src=4 seq=10 send_ms=142136 recv_ms=142752 bytes=48
RX,DUMMY,,5,3,48,143187.336,142756,143187.336,142100,142756,,368,143187336	ID:1	[INFO: Metric    ] METRIC_RX type=DUMMY src=5 seq=3 send_ms=142100 recv_ms=142756 bytes=48
TX,REAL,6,,12,48,144842.0,144754,144842.0,,,,371,144842000	ID:6	[INFO: Metric    ] METRIC_TX type=REAL node=6 seq=12 bytes=48 time_ms=144754
RX,REAL,,6,12,48,144867.88,144436,144867.88,144754,144436,25.880000000004657,372,144867880	ID:1	[INFO: Metric    ] METRIC_RX type=REAL src=6 seq=12 send_ms=144754 recv_ms=144436 bytes=48
TX,REAL,7,,13,48,147070.0,147048,147070.0,,,,374,147070000	ID:7	[INFO: Metric    ] METRIC_TX type=REAL node=7 seq=13 bytes=48 time_ms=147048
RX,REAL,,7,13,48,147091.88,146660,147091.88,147048,146660,21.880000000004657,375,147091880	ID:1	[INFO: Metric    ] METRIC_RX type=REAL src=7 seq=13 send_ms=147048 recv_ms=146660 bytes=48
TX,REAL,2,,13,48,150383.0,149990,150383.0,,,,377,150383000	ID:2	[INFO: Metric    ] METRIC_TX type=REAL node=2 seq=13 bytes=48 time_ms=149990
RX,REAL,,2,13,48,150401.88,149970,150401.88,149990,149970,18.880000000004657,378,150401880	ID:1	[INFO: Metric    ] METRIC_RX type=REAL src=2 seq=13 send_ms=149990 recv_ms=149970 bytes=48
TX,REAL,3,,12,48,150988.0,150776,150988.0,,,,381,150988000	ID:3	[INFO: Metric    ] METRIC_TX type=REAL node=3 seq=12 bytes=48 time_ms=150776
RX,REAL,,3,12,48,151010.168,150579,151010.168,150776,150579,22.168000000005122,382,151010168	ID:1	[INFO: Metric    ] METRIC_RX type=REAL src=3 seq=12 send_ms=150776 recv_ms=150579 bytes=48
TX,REAL,6,,13,48,153843.0,153755,153843.0,,,,384,153843000	ID:6	[INFO: Metric    ] METRIC_TX type=REAL node=6 seq=13 bytes=48 time_ms=153755
TX,DUMMY,6,,4,48,153844.0,153756,153844.0,,,,385,153844000	ID:6	[INFO: Metric    ] METRIC_TX type=DUMMY node=6 seq=4 bytes=48 time_ms=153756
RX,REAL,,6,13,48,153888.88,153457,153888.88,153755,153457,45.88000000000466,386,153888880	ID:1	[INFO: Metric    ] METRIC_RX type=REAL src=6 seq=13 send_ms=153755 recv_ms=153457 bytes=48
RX,DUMMY,,6,4,48,153911.88,153480,153911.88,153756,153480,,387,153911880	ID:1	[INFO: Metric    ] METRIC_RX type=DUMMY src=6 seq=4 send_ms=153756 recv_ms=153480 bytes=48
TX,REAL,5,,12,48,154071.0,153101,154071.0,,,,390,154071000	ID:5	[INFO: Metric    ] METRIC_TX type=REAL node=5 seq=12 bytes=48 time_ms=153101
TX,DUMMY,5,,4,48,154072.0,153102,154072.0,,,,391,154072000	ID:5	[INFO: Metric    ] METRIC_TX type=DUMMY node=5 seq=4 bytes=48 time_ms=153102
TX,REAL,4,,11,48,154086.0,153137,154086.0,,,,392,154086000	ID:4	[INFO: Metric    ] METRIC_TX type=REAL node=4 seq=11 bytes=48 time_ms=153137
RX,REAL,,4,11,48,154115.168,153684,154115.168,153137,153684,29.168000000005122,393,154115168	ID:1	[INFO: Metric    ] METRIC_RX type=REAL src=4 seq=11 send_ms=153137 recv_ms=153684 bytes=48
RX,REAL,,5,12,48,154208.168,153777,154208.168,153101,153777,137.16800000000512,395,154208168	ID:1	[INFO: Metric    ] METRIC_RX type=REAL src=5 seq=12 send_ms=153101 recv_ms=153777 bytes=48
RX,DUMMY,,5,4,48,154215.168,153784,154215.168,153102,153784,,396,154215168	ID:1	[INFO: Metric    ] METRIC_RX type=DUMMY src=5 seq=4 send_ms=153102 recv_ms=153784 bytes=48
TX,REAL,7,,14,48,156071.0,156049,156071.0,,,,399,156071000	ID:7	[INFO: Metric    ] METRIC_TX type=REAL node=7 seq=14 bytes=48 time_ms=156049
RX,REAL,,7,14,48,156110.88,155679,156110.88,156049,155679,39.88000000000466,400,156110880	ID:1	[INFO: Metric    ] METRIC_RX type=REAL src=7 seq=14 send_ms=156049 recv_ms=155679 bytes=48
TX,REAL,2,,14,48,159384.0,158991,159384.0,,,,402,159384000	ID:2	[INFO: Metric    ] METRIC_TX type=REAL node=2 seq=14 bytes=48 time_ms=158991
RX,REAL,,2,14,48,159395.88,158964,159395.88,158991,158964,11.880000000004657,403,159395880	ID:1	[INFO: Metric    ] METRIC_RX type=REAL src=2 seq=14 send_ms=158991 recv_ms=158964 bytes=48
TX,REAL,3,,13,48,159989.0,159777,159989.0,,,,405,159989000	ID:3	[INFO: Metric    ] METRIC_TX type=REAL node=3 seq=13 bytes=48 time_ms=159777
RX,REAL,,3,13,48,160063.168,159632,160063.168,159777,159632,74.16800000000512,406,160063168	ID:1	[INFO: Metric    ] METRIC_RX type=REAL src=3 seq=13 send_ms=159777 recv_ms=159632 bytes=48
TX,REAL,6,,14,48,163845.0,163757,163845.0,,,,408,163845000	ID:6	[INFO: Metric    ] METRIC_TX type=REAL node=6 seq=14 bytes=48 time_ms=163757
RX,REAL,,6,14,48,163868.88,163437,163868.88,163757,163437,23.880000000004657,409,163868880	ID:1	[INFO: Metric    ] METRIC_RX type=REAL src=6 seq=14 send_ms=163757 recv_ms=163437 bytes=48
TX,REAL,4,,12,48,164087.0,163138,164087.0,,,,412,164087000	ID:4	[INFO: Metric    ] METRIC_TX type=REAL node=4 seq=12 bytes=48 time_ms=163138
RX,REAL,,4,12,48,164130.168,163699,164130.168,163138,163699,43.16800000000512,413,164130168	ID:1	[INFO: Metric    ] METRIC_RX type=REAL src=4 seq=12 send_ms=163138 recv_ms=163699 bytes=48
TX,REAL,7,,15,48,165072.0,165050,165072.0,,,,415,165072000	ID:7	[INFO: Metric    ] METRIC_TX type=REAL node=7 seq=15 bytes=48 time_ms=165050
TX,REAL,5,,13,48,165073.0,164103,165073.0,,,,416,165073000	ID:5	[INFO: Metric    ] METRIC_TX type=REAL node=5 seq=13 bytes=48 time_ms=164103
RX,REAL,,7,15,48,165106.88,164675,165106.88,165050,164675,34.88000000000466,417,165106880	ID:1	[INFO: Metric    ] METRIC_RX type=REAL src=7 seq=15 send_ms=165050 recv_ms=164675 bytes=48
RX,REAL,,5,13,48,165161.168,164730,165161.168,164103,164730,88.16800000000512,419,165161168	ID:1	[INFO: Metric    ] METRIC_RX type=REAL src=5 seq=13 send_ms=164103 recv_ms=164730 bytes=48
TX,REAL,3,,14,48,168990.0,168778,168990.0,,,,421,168990000	ID:3	[INFO: Metric    ] METRIC_TX type=REAL node=3 seq=14 bytes=48 time_ms=168778
RX,REAL,,3,14,48,169040.168,168609,169040.168,168778,168609,50.16800000000512,422,169040168	ID:1	[INFO: Metric    ] METRIC_RX type=REAL src=3 seq=14 send_ms=168778 recv_ms=168609 bytes=48
TX,REAL,2,,15,48,169385.0,168992,169385.0,,,,424,169385000	ID:2	[INFO: Metric    ] METRIC_TX type=REAL node=2 seq=15 bytes=48 time_ms=168992
RX,REAL,,2,15,48,169419.88,168988,169419.88,168992,168988,34.88000000000466,425,169419880	ID:1	[INFO: Metric    ] METRIC_RX type=REAL src=2 seq=15 send_ms=168992 recv_ms=168988 bytes=48
TX,REAL,4,,13,48,173088.0,172139,173088.0,,,,427,173088000	ID:4	[INFO: Metric    ] METRIC_TX type=REAL node=4 seq=13 bytes=48 time_ms=172139
RX,REAL,,4,13,48,173150.168,172719,173150.168,172139,172719,62.16800000000512,428,173150168	ID:1	[INFO: Metric    ] METRIC_RX type=REAL src=4 seq=13 send_ms=172139 recv_ms=172719 bytes=48
TX,REAL,6,,15,48,173846.0,173758,173846.0,,,,430,173846000	ID:6	[INFO: Metric    ] METRIC_TX type=REAL node=6 seq=15 bytes=48 time_ms=173758
RX,REAL,,6,15,48,173876.88,173445,173876.88,173758,173445,30.880000000004657,431,173876880	ID:1	[INFO: Metric    ] METRIC_RX type=REAL src=6 seq=15 send_ms=173758 recv_ms=173445 bytes=48
TX,REAL,7,,16,48,176073.0,176051,176073.0,,,,433,176073000	ID:7	[INFO: Metric    ] METRIC_TX type=REAL node=7 seq=16 bytes=48 time_ms=176051
TX,REAL,5,,14,48,176074.0,175104,176074.0,,,,434,176074000	ID:5	[INFO: Metric    ] METRIC_TX type=REAL node=5 seq=14 bytes=48 time_ms=175104
RX,REAL,,5,14,48,176098.168,175667,176098.168,175104,175667,24.168000000005122,435,176098168	ID:1	[INFO: Metric    ] METRIC_RX type=REAL src=5 seq=14 send_ms=175104 recv_ms=175667 bytes=48
RX,REAL,,7,16,48,176104.88,175673,176104.88,176051,175673,31.880000000004657,436,176104880	ID:1	[INFO: Metric    ] METRIC_RX type=REAL src=7 seq=16 send_ms=176051 recv_ms=175673 bytes=48
TX,REAL,3,,15,48,178991.0,178779,178991.0,,,,439,178991000	ID:3	[INFO: Metric    ] METRIC_TX type=REAL node=3 seq=15 bytes=48 time_ms=178779
RX,REAL,,3,15,48,179020.304,178589,179020.304,178779,178589,29.304000000003725,440,179020304	ID:1	[INFO: Metric    ] METRIC_RX type=REAL src=3 seq=15 send_ms=178779 recv_ms=178589 bytes=48
TX,REAL,2,,16,48,179386.0,178993,179386.0,,,,443,179386000	ID:2	[INFO: Metric    ] METRIC_TX type=REAL node=2 seq=16 bytes=48 time_ms=178993
RX,REAL,,2,16,48,179410.88,178979,179410.88,178993,178979,24.880000000004657,444,179410880	ID:1	[INFO: Metric    ] METRIC_RX type=REAL src=2 seq=16 send_ms=178993 recv_ms=178979 bytes=48
TX,REAL,4,,14,48,183089.0,182140,183089.0,,,,446,183089000	ID:4	[INFO: Metric    ] METRIC_TX type=REAL node=4 seq=14 bytes=48 time_ms=182140
RX,REAL,,4,14,48,183136.168,182705,183136.168,182140,182705,47.16800000000512,447,183136168	ID:1	[INFO: Metric    ] METRIC_RX type=REAL src=4 seq=14 send_ms=182140 recv_ms=182705 bytes=48
TX,REAL,6,,16,48,183847.0,183759,183847.0,,,,449,183847000	ID:6	[INFO: Metric    ] METRIC_TX type=REAL node=6 seq=16 bytes=48 time_ms=183759
TX,DUMMY,6,,5,48,183848.0,183760,183848.0,,,,450,183848000	ID:6	[INFO: Metric    ] METRIC_TX type=DUMMY node=6 seq=5 bytes=48 time_ms=183760
RX,REAL,,6,16,48,183891.88,183460,183891.88,183759,183460,44.88000000000466,451,183891880	ID:1	[INFO: Metric    ] METRIC_RX type=REAL src=6 seq=16 send_ms=183759 recv_ms=183460 bytes=48
RX,DUMMY,,6,5,48,183935.88,183504,183935.88,183760,183504,,453,183935880	ID:1	[INFO: Metric    ] METRIC_RX type=DUMMY src=6 seq=5 send_ms=183760 recv_ms=183504 bytes=48
TX,REAL,5,,15,48,185075.0,184105,185075.0,,,,455,185075000	ID:5	[INFO: Metric    ] METRIC_TX type=REAL node=5 seq=15 bytes=48 time_ms=184105
RX,REAL,,5,15,48,185143.168,184712,185143.168,184105,184712,68.16800000000512,456,185143168	ID:1	[INFO: Metric    ] METRIC_RX type=REAL src=5 seq=15 send_ms=184105 recv_ms=184712 bytes=48
TX,REAL,7,,17,48,187074.0,187052,187074.0,,,,458,187074000	ID:7	[INFO: Metric    ] METRIC_TX type=REAL node=7 seq=17 bytes=48 time_ms=187052
RX,REAL,,7,17,48,187084.88,186653,187084.88,187052,186653,10.880000000004657,459,187084880	ID:1	[INFO: Metric    ] METRIC_RX type=REAL src=7 seq=17 send_ms=187052 recv_ms=186653 bytes=48
TX,REAL,3,,16,48,187992.0,187780,187992.0,,,,461,187992000	ID:3	[INFO: Metric    ] METRIC_TX type=REAL node=3 seq=16 bytes=48 time_ms=187780
TX,DUMMY,3,,0,48,187993.0,187781,187993.0,,,,462,187993000	ID:3	[INFO: Metric    ] METRIC_TX type=DUMMY node=3 seq=0 bytes=48 time_ms=187781
RX,REAL,,3,16,48,188026.168,187595,188026.168,187780,187595,34.16800000000512,463,188026168	ID:1	[INFO: Metric    ] METRIC_RX type=REAL src=3 seq=16 send_ms=187780 recv_ms=187595 bytes=48
RX,DUMMY,,3,0,48,188060.168,187629,188060.168,187781,187629,,464,188060168	ID:1	[INFO: Metric    ] METRIC_RX type=DUMMY src=3 seq=0 send_ms=187781 recv_ms=187629 bytes=48
TX,REAL,2,,17,48,188387.0,187994,188387.0,,,,467,188387000	ID:2	[INFO: Metric    ] METRIC_TX type=REAL node=2 seq=17 bytes=48 time_ms=187994
RX,REAL,,2,17,48,188419.88,187988,188419.88,187994,187988,32.88000000000466,468,188419880	ID:1	[INFO: Metric    ] METRIC_RX type=REAL src=2 seq=17 send_ms=187994 recv_ms=187988 bytes=48
TX,REAL,6,,17,48,192849.0,192761,192849.0,,,,470,192849000	ID:6	[INFO: Metric    ] METRIC_TX type=REAL node=6 seq=17 bytes=48 time_ms=192761
RX,REAL,,6,17,48,192886.88,192455,192886.88,192761,192455,37.88000000000466,471,192886880	ID:1	[INFO: Metric    ] METRIC_RX type=REAL src=6 seq=17 send_ms=192761 recv_ms=192455 bytes=48
TX,REAL,5,,16,48,194076.0,193106,194076.0,,,,474,194076000	ID:5	[INFO: Metric    ] METRIC_TX type=REAL node=5 seq=16 bytes=48 time_ms=193106
TX,REAL,4,,15,48,194089.136,193141,194089.136,,,,475,194089136	ID:4	[INFO: Metric    ] METRIC_TX type=REAL node=4 seq=15 bytes=48 time_ms=193141
TX,DUMMY,4,,2,48,194090.136,193141,194090.136,,,,476,194090136	ID:4	[INFO: Metric    ] METRIC_TX type=DUMMY node=4 seq=2 bytes=48 time_ms=193141
RX,REAL,,4,15,48,194164.304,193733,194164.304,193141,193733,75.16800000000512,477,194164304	ID:1	[INFO: Metric    ] METRIC_RX type=REAL src=4 seq=15 send_ms=193141 recv_ms=193733 bytes=48
RX,DUMMY,,4,2,48,194208.168,193777,194208.168,193141,193777,,478,194208168	ID:1	[INFO: Metric    ] METRIC_RX type=DUMMY src=4 seq=2 send_ms=193141 recv_ms=193777 bytes=48
RX,REAL,,5,16,48,194254.168,193823,194254.168,193106,193823,178.16800000000512,480,194254168	ID:1	[INFO: Metric    ] METRIC_RX type=REAL src=5 seq=16 send_ms=193106 recv_ms=193823 bytes=48
TX,REAL,7,,18,48,196075.0,196053,196075.0,,,,483,196075000	ID:7	[INFO: Metric    ] METRIC_TX type=REAL node=7 seq=18 bytes=48 time_ms=196053
RX,REAL,,7,18,48,196120.88,195689,196120.88,196053,195689,45.88000000000466,484,196120880	ID:1	[INFO: Metric    ] METRIC_RX type=REAL src=7 seq=18 send_ms=196053 recv_ms=195689 bytes=48
TX,REAL,3,,17,48,196994.0,196782,196994.0,,,,486,196994000	ID:3	[INFO: Metric    ] METRIC_TX type=REAL node=3 seq=17 bytes=48 time_ms=196782
RX,REAL,,3,17,48,197062.168,196631,197062.168,196782,196631,68.16800000000512,487,197062168	ID:1	[INFO: Metric    ] METRIC_RX type=REAL src=3 seq=17 send_ms=196782 recv_ms=196631 bytes=48
TX,REAL,2,,18,48,199388.0,198995,199388.0,,,,489,199388000	ID:2	[INFO: Metric    ] METRIC_TX type=REAL node=2 seq=18 bytes=48 time_ms=198995
RX,REAL,,2,18,48,199432.88,199001,199432.88,198995,199001,44.88000000000466,490,199432880	ID:1	[INFO: Metric    ] METRIC_RX type=REAL src=2 seq=18 send_ms=198995 recv_ms=199001 bytes=48
TX,REAL,6,,18,48,202850.0,202762,202850.0,,,,492,202850000	ID:6	[INFO: Metric    ] METRIC_TX type=REAL node=6 seq=18 bytes=48 time_ms=202762
TX,DUMMY,6,,6,48,202851.0,202763,202851.0,,,,493,202851000	ID:6	[INFO: Metric    ] METRIC_TX type=DUMMY node=6 seq=6 bytes=48 time_ms=202763
RX,REAL,,6,18,48,202856.88,202425,202856.88,202762,202425,6.880000000004657,494,202856880	ID:1	[INFO: Metric    ] METRIC_RX type=REAL src=6 seq=18 send_ms=202762 recv_ms=202425 bytes=48
RX,DUMMY,,6,6,48,202863.88,202432,202863.88,202763,202432,,495,202863880	ID:1	[INFO: Metric    ] METRIC_RX type=DUMMY src=6 seq=6 send_ms=202763 recv_ms=202432 bytes=48
TX,REAL,5,,17,48,203077.0,202107,203077.0,,,,498,203077000	ID:5	[INFO: Metric    ] METRIC_TX type=REAL node=5 seq=17 bytes=48 time_ms=202107
TX,DUMMY,5,,5,48,203078.0,202108,203078.0,,,,499,203078000	ID:5	[INFO: Metric    ] METRIC_TX type=DUMMY node=5 seq=5 bytes=48 time_ms=202108
RX,REAL,,5,17,48,203136.168,202705,203136.168,202107,202705,59.16800000000512,500,203136168	ID:1	[INFO: Metric    ] METRIC_RX type=REAL src=5 seq=17 send_ms=202107 recv_ms=202705 bytes=48
RX,DUMMY,,5,5,48,203213.168,202782,203213.168,202108,202782,,502,203213168	ID:1	[INFO: Metric    ] METRIC_RX type=DUMMY src=5 seq=5 send_ms=202108 recv_ms=202782 bytes=48
TX,REAL,4,,16,48,205091.0,204142,205091.0,,,,505,205091000	ID:4	[INFO: Metric    ] METRIC_TX type=REAL node=4 seq=16 bytes=48 time_ms=204142
RX,REAL,,4,16,48,205121.168,204690,205121.168,204142,204690,30.168000000005122,506,205121168	ID:1	[INFO: Metric    ] METRIC_RX type=REAL src=4 seq=16 send_ms=204142 recv_ms=204690 bytes=48
TX,REAL,3,,18,48,205995.0,205783,205995.0,,,,508,205995000	ID:3	[INFO: Metric    ] METRIC_TX type=REAL node=3 seq=18 bytes=48 time_ms=205783
TX,DUMMY,3,,1,48,205996.0,205784,205996.0,,,,509,205996000	ID:3	[INFO: Metric    ] METRIC_TX type=DUMMY node=3 seq=1 bytes=48 time_ms=205784
RX,REAL,,3,18,48,206067.168,205636,206067.168,205783,205636,72.16800000000512,510,206067168	ID:1	[INFO: Metric    ] METRIC_RX type=REAL src=3 seq=18 send_ms=205783 recv_ms=205636 bytes=48
RX,DUMMY,,3,1,48,206111.168,205680,206111.168,205784,205680,,512,206111168	ID:1	[INFO: Metric    ] METRIC_RX type=DUMMY src=3 seq=1 send_ms=205784 recv_ms=205680 bytes=48
TX,REAL,7,,19,48,207076.0,207054,207076.0,,,,514,207076000	ID:7	[INFO: Metric    ] METRIC_TX type=REAL node=7 seq=19 bytes=48 time_ms=207054
RX,REAL,,7,19,48,207104.88,206673,207104.88,207054,206673,28.880000000004657,515,207104880	ID:1	[INFO: Metric    ] METRIC_RX type=REAL src=7 seq=19 send_ms=207054 recv_ms=206673 bytes=48
TX,REAL,2,,19,48,208389.0,207996,208389.0,,,,517,208389000	ID:2	[INFO: Metric    ] METRIC_TX type=REAL node=2 seq=19 bytes=48 time_ms=207996
RX,REAL,,2,19,48,208426.88,207995,208426.88,207996,207995,37.88000000000466,518,208426880	ID:1	[INFO: Metric    ] METRIC_RX type=REAL src=2 seq=19 send_ms=207996 recv_ms=207995 bytes=48
TX,REAL,5,,18,48,213079.0,212109,213079.0,,,,520,213079000	ID:5	[INFO: Metric    ] METRIC_TX type=REAL node=5 seq=18 bytes=48 time_ms=212109
RX,REAL,,5,18,48,213133.168,212702,213133.168,212109,212702,54.16800000000512,521,213133168	ID:1	[INFO: Metric    ] METRIC_RX type=REAL src=5 seq=18 send_ms=212109 recv_ms=212702 bytes=48
TX,REAL,6,,19,48,213852.0,213764,213852.0,,,,523,213852000	ID:6	[INFO: Metric    ] METRIC_TX type=REAL node=6 seq=19 bytes=48 time_ms=213764
TX,DUMMY,6,,7,48,213853.0,213765,213853.0,,,,524,213853000	ID:6	[INFO: Metric    ] METRIC_TX type=DUMMY node=6 seq=7 bytes=48 time_ms=213765
RX,REAL,,6,19,48,213858.88,213427,213858.88,213764,213427,6.880000000004657,525,213858880	ID:1	[INFO: Metric    ] METRIC_RX type=REAL src=6 seq=19 send_ms=213764 recv_ms=213427 bytes=48
RX,DUMMY,,6,7,48,213878.88,213447,213878.88,213765,213447,,526,213878880	ID:1	[INFO: Metric    ] METRIC_RX type=DUMMY src=6 seq=7 send_ms=213765 recv_ms=213447 bytes=48
TX,REAL,4,,17,48,214092.0,213143,214092.0,,,,529,214092000	ID:4	[INFO: Metric    ] METRIC_TX type=REAL node=4 seq=17 bytes=48 time_ms=213143
RX,REAL,,4,17,48,214145.168,213714,214145.168,213143,213714,53.16800000000512,530,214145168	ID:1	[INFO: Metric    ] METRIC_RX type=REAL src=4 seq=17 send_ms=213143 recv_ms=213714 bytes=48
TX,REAL,3,,19,48,216997.0,216785,216997.0,,,,532,216997000	ID:3	[INFO: Metric    ] METRIC_TX type=REAL node=3 seq=19 bytes=48 time_ms=216785
RX,REAL,,3,19,48,217068.168,216637,217068.168,216785,216637,71.16800000000512,533,217068168	ID:1	[INFO: Metric    ] METRIC_RX type=REAL src=3 seq=19 send_ms=216785 recv_ms=216637 bytes=48
TX,REAL,2,,20,48,217390.0,216997,217390.0,,,,538,217390000	ID:2	[INFO: Metric    ] METRIC_TX type=REAL node=2 seq=20 bytes=48 time_ms=216997
RX,REAL,,2,20,48,217396.88,216965,217396.88,216997,216965,6.880000000004657,539,217396880	ID:1	[INFO: Metric    ] METRIC_RX type=REAL src=2 seq=20 send_ms=216997 recv_ms=216965 bytes=48
TX,REAL,7,,20,48,218077.0,218055,218077.0,,,,543,218077000	ID:7	[INFO: Metric    ] METRIC_TX type=REAL node=7 seq=20 bytes=48 time_ms=218055
TX,DUMMY,7,,1,48,218078.0,218056,218078.0,,,,544,218078000	ID:7	[INFO: Metric    ] METRIC_TX type=DUMMY node=7 seq=1 bytes=48 time_ms=218056
RX,REAL,,7,20,48,218108.88,217677,218108.88,218055,217677,31.880000000004657,545,218108880	ID:1	[INFO: Metric    ] METRIC_RX type=REAL src=7 seq=20 send_ms=218055 recv_ms=217677 bytes=48
RX,DUMMY,,7,1,48,218153.88,217722,218153.88,218056,217722,,547,218153880	ID:1	[INFO: Metric    ] METRIC_RX type=DUMMY src=7 seq=1 send_ms=218056 recv_ms=217722 bytes=48
TX,REAL,6,,20,48,222854.0,222766,222854.0,,,,551,222854000	ID:6	[INFO: Metric    ] METRIC_TX type=REAL node=6 seq=20 bytes=48 time_ms=222766
RX,REAL,,6,20,48,222863.88,222432,222863.88,222766,222432,9.880000000004657,552,222863880	ID:1	[INFO: Metric    ] METRIC_RX type=REAL src=6 seq=20 send_ms=222766 recv_ms=222432 bytes=48
TX,REAL,5,,19,48,223080.0,222110,223080.0,,,,554,223080000	ID:5	[INFO: Metric    ] METRIC_TX type=REAL node=5 seq=19 bytes=48 time_ms=222110
RX,REAL,,5,19,48,223110.168,222679,223110.168,222110,222679,30.168000000005122,555,223110168	ID:1	[INFO: Metric    ] METRIC_RX type=REAL src=5 seq=19 send_ms=222110 recv_ms=222679 bytes=48
TX,REAL,4,,18,48,225093.0,224144,225093.0,,,,557,225093000	ID:4	[INFO: Metric    ] METRIC_TX type=REAL node=4 seq=18 bytes=48 time_ms=224144
RX,REAL,,4,18,48,225150.168,224719,225150.168,224144,224719,57.16800000000512,558,225150168	ID:1	[INFO: Metric    ] METRIC_RX type=REAL src=4 seq=18 send_ms=224144 recv_ms=224719 bytes=48
TX,REAL,2,,21,48,226391.0,225998,226391.0,,,,560,226391000	ID:2	[INFO: Metric    ] METRIC_TX type=REAL node=2 seq=21 bytes=48 time_ms=225998
RX,REAL,,2,21,48,226416.88,225985,226416.88,225998,225985,25.880000000004657,561,226416880	ID:1	[INFO: Metric    ] METRIC_RX type=REAL src=2 seq=21 send_ms=225998 recv_ms=225985 bytes=48
TX,REAL,7,,21,48,227079.0,227057,227079.0,,,,563,227079000	ID:7	[INFO: Metric    ] METRIC_TX type=REAL node=7 seq=21 bytes=48 time_ms=227057
TX,DUMMY,7,,2,48,227080.0,227058,227080.0,,,,564,227080000	ID:7	[INFO: Metric    ] METRIC_TX type=DUMMY node=7 seq=2 bytes=48 time_ms=227058
RX,REAL,,7,21,48,227092.88,226661,227092.88,227057,226661,13.880000000004657,565,227092880	ID:1	[INFO: Metric    ] METRIC_RX type=REAL src=7 seq=21 send_ms=227057 recv_ms=226661 bytes=48
RX,DUMMY,,7,2,48,227115.88,226684,227115.88,227058,226684,,567,227115880	ID:1	[INFO: Metric    ] METRIC_RX type=DUMMY src=7 seq=2 send_ms=227058 recv_ms=226684 bytes=48
TX,REAL,3,,20,48,227998.0,227786,227998.0,,,,571,227998000	ID:3	[INFO: Metric    ] METRIC_TX type=REAL node=3 seq=20 bytes=48 time_ms=227786
RX,REAL,,3,20,48,228059.168,227628,228059.168,227786,227628,61.16800000000512,572,228059168	ID:1	[INFO: Metric    ] METRIC_RX type=REAL src=3 seq=20 send_ms=227786 recv_ms=227628 bytes=48
TX,REAL,6,,21,48,233855.0,233767,233855.0,,,,575,233855000	ID:6	[INFO: Metric    ] METRIC_TX type=REAL node=6 seq=21 bytes=48 time_ms=233767
TX,DUMMY,6,,8,48,233856.0,233768,233856.0,,,,576,233856000	ID:6	[INFO: Metric    ] METRIC_TX type=DUMMY node=6 seq=8 bytes=48 time_ms=233768
RX,REAL,,6,21,48,233866.88,233435,233866.88,233767,233435,11.880000000004657,577,233866880	ID:1	[INFO: Metric    ] METRIC_RX type=REAL src=6 seq=21 send_ms=233767 recv_ms=233435 bytes=48
RX,DUMMY,,6,8,48,233905.88,233474,233905.88,233768,233474,,578,233905880	ID:1	[INFO: Metric    ] METRIC_RX type=DUMMY src=6 seq=8 send_ms=233768 recv_ms=233474 bytes=48
TX,REAL,5,,20,48,234081.0,233111,234081.0,,,,583,234081000	ID:5	[INFO: Metric    ] METRIC_TX type=REAL node=5 seq=20 bytes=48 time_ms=233111
RX,REAL,,5,20,48,234155.168,233724,234155.168,233111,233724,74.16800000000512,584,234155168	ID:1	[INFO: Metric    ] METRIC_RX type=REAL src=5 seq=20 send_ms=233111 recv_ms=233724 bytes=48
TX,REAL,4,,19,48,236094.0,235145,236094.0,,,,586,236094000	ID:4	[INFO: Metric    ] METRIC_TX type=REAL node=4 seq=19 bytes=48 time_ms=235145
RX,REAL,,4,19,48,236125.168,235694,236125.168,235145,235694,31.168000000005122,587,236125168	ID:1	[INFO: Metric    ] METRIC_RX type=REAL src=4 seq=19 send_ms=235145 recv_ms=235694 bytes=48
TX,REAL,7,,22,48,237081.0,237059,237081.0,,,,589,237081000	ID:7	[INFO: Metric    ] METRIC_TX type=REAL node=7 seq=22 bytes=48 time_ms=237059
RX,REAL,,7,22,48,237109.88,236678,237109.88,237059,236678,28.880000000004657,590,237109880	ID:1	[INFO: Metric    ] METRIC_RX type=REAL src=7 seq=22 send_ms=237059 recv_ms=236678 bytes=48
TX,REAL,2,,22,48,237392.0,236999,237392.0,,,,592,237392000	ID:2	[INFO: Metric    ] METRIC_TX type=REAL node=2 seq=22 bytes=48 time_ms=236999
TX,DUMMY,2,,3,48,237393.0,237000,237393.0,,,,593,237393000	ID:2	[INFO: Metric    ] METRIC_TX type=DUMMY node=2 seq=3 bytes=48 time_ms=237000
RX,REAL,,2,22,48,237409.88,236978,237409.88,236999,236978,17.880000000004657,594,237409880	ID:1	[INFO: Metric    ] METRIC_RX type=REAL src=2 seq=22 send_ms=236999 recv_ms=236978 bytes=48
RX,DUMMY,,2,3,48,237442.88,237011,237442.88,237000,237011,,596,237442880	ID:1	[INFO: Metric    ] METRIC_RX type=DUMMY src=2 seq=3 send_ms=237000 recv_ms=237011 bytes=48
TX,REAL,3,,21,48,237999.0,237787,237999.0,,,,598,237999000	ID:3	[INFO: Metric    ] METRIC_TX type=REAL node=3 seq=21 bytes=48 time_ms=237787
RX,REAL,,3,21,48,238023.168,237592,238023.168,237787,237592,24.168000000005122,599,238023168	ID:1	[INFO: Metric    ] METRIC_RX type=REAL src=3 seq=21 send_ms=237787 recv_ms=237592 bytes=48
TX,REAL,6,,22,48,243857.0,243769,243857.0,,,,601,243857000	ID:6	[INFO: Metric    ] METRIC_TX type=REAL node=6 seq=22 bytes=48 time_ms=243769
RX,REAL,,6,22,48,243896.88,243465,243896.88,243769,243465,39.88000000000466,602,243896880	ID:1	[INFO: Metric    ] METRIC_RX type=REAL src=6 seq=22 send_ms=243769 recv_ms=243465 bytes=48
TX,REAL,5,,21,48,244082.0,243112,244082.0,,,,604,244082000	ID:5	[INFO: Metric    ] METRIC_TX type=REAL node=5 seq=21 bytes=48 time_ms=243112
TX,DUMMY,5,,6,48,244083.0,243113,244083.0,,,,605,244083000	ID:5	[INFO: Metric    ] METRIC_TX type=DUMMY node=5 seq=6 bytes=48 time_ms=243113
RX,REAL,,5,21,48,244137.168,243706,244137.168,243112,243706,55.16800000000512,606,244137168	ID:1	[INFO: Metric    ] METRIC_RX type=REAL src=5 seq=21 send_ms=243112 recv_ms=243706 bytes=48
RX,DUMMY,,5,6,48,244152.168,243721,244152.168,243113,243721,,608,244152168	ID:1	[INFO: Metric    ] METRIC_RX type=DUMMY src=5 seq=6 send_ms=243113 recv_ms=243721 bytes=48
TX,REAL,4,,20,48,245095.0,244146,245095.0,,,,613,245095000	ID:4	[INFO: Metric    ] METRIC_TX type=REAL node=4 seq=20 bytes=48 time_ms=244146
TX,DUMMY,4,,3,48,245096.0,244147,245096.0,,,,614,245096000	ID:4	[INFO: Metric    ] METRIC_TX type=DUMMY node=4 seq=3 bytes=48 time_ms=244147
RX,REAL,,4,20,48,245132.168,244701,245132.168,244146,244701,37.16800000000512,615,245132168	ID:1	[INFO: Metric    ] METRIC_RX type=REAL src=4 seq=20 send_ms=244146 recv_ms=244701 bytes=48
RX,DUMMY,,4,3,48,245147.168,244716,245147.168,244147,244716,,616,245147168	ID:1	[INFO: Metric    ] METRIC_RX type=DUMMY src=4 seq=3 send_ms=244147 recv_ms=244716 bytes=48
TX,REAL,7,,23,48,246082.0,246060,246082.0,,,,619,246082000	ID:7	[INFO: Metric    ] METRIC_TX type=REAL node=7 seq=23 bytes=48 time_ms=246060
RX,REAL,,7,23,48,246090.88,245659,246090.88,246060,245659,8.880000000004657,620,246090880	ID:1	[INFO: Metric    ] METRIC_RX type=REAL src=7 seq=23 send_ms=246060 recv_ms=245659 bytes=48
TX,REAL,2,,23,48,246394.0,246001,246394.0,,,,622,246394000	ID:2	[INFO: Metric    ] METRIC_TX type=REAL node=2 seq=23 bytes=48 time_ms=246001
RX,REAL,,2,23,48,246430.88,245999,246430.88,246001,245999,36.88000000000466,623,246430880	ID:1	[INFO: Metric    ] METRIC_RX type=REAL src=2 seq=23 send_ms=246001 recv_ms=245999 bytes=48
TX,REAL,3,,22,48,249000.0,248788,249000.0,,,,625,249000000	ID:3	[INFO: Metric    ] METRIC_TX type=REAL node=3 seq=22 bytes=48 time_ms=248788
RX,REAL,,3,22,48,249089.168,248658,249089.168,248788,248658,89.16800000000512,626,249089168	ID:1	[INFO: Metric    ] METRIC_RX type=REAL src=3 seq=22 send_ms=248788 recv_ms=248658 bytes=48
TX,REAL,6,,23,48,253858.0,253770,253858.0,,,,628,253858000	ID:6	[INFO: Metric    ] METRIC_TX type=REAL node=6 seq=23 bytes=48 time_ms=253770
RX,REAL,,6,23,48,253872.88,253441,253872.88,253770,253441,14.880000000004657,629,253872880	ID:1	[INFO: Metric    ] METRIC_RX type=REAL src=6 seq=23 send_ms=253770 recv_ms=253441 bytes=48
TX,REAL,7,,24,48,255083.0,255061,255083.0,,,,631,255083000	ID:7	[INFO: Metric    ] METRIC_TX type=REAL node=7 seq=24 bytes=48 time_ms=255061
TX,REAL,5,,22,48,255084.0,254114,255084.0,,,,632,255084000	ID:5	[INFO: Metric    ] METRIC_TX type=REAL node=5 seq=22 bytes=48 time_ms=254114
TX,REAL,4,,21,48,255097.0,254148,255097.0,,,,633,255097000	ID:4	[INFO: Metric    ] METRIC_TX type=REAL node=4 seq=21 bytes=48 time_ms=254148
TX,DUMMY,4,,4,48,255098.0,254149,255098.0,,,,634,255098000	ID:4	[INFO: Metric    ] METRIC_TX type=DUMMY node=4 seq=4 bytes=48 time_ms=254149
RX,REAL,,7,24,48,255118.96,254687,255118.96,255061,254687,35.95999999999185,635,255118960	ID:1	[INFO: Metric    ] METRIC_RX type=REAL src=7 seq=24 send_ms=255061 recv_ms=254687 bytes=48
RX,REAL,,4,21,48,255150.208,254719,255150.208,254148,254719,53.20800000001327,636,255150208	ID:1	[INFO: Metric    ] METRIC_RX type=REAL src=4 seq=21 send_ms=254148 recv_ms=254719 bytes=48
RX,REAL,,5,22,48,255264.168,254833,255264.168,254114,254833,180.16800000000512,639,255264168	ID:1	[INFO: Metric    ] METRIC_RX type=REAL src=5 seq=22 send_ms=254114 recv_ms=254833 bytes=48
RX,DUMMY,,4,4,48,255293.168,254862,255293.168,254149,254862,,642,255293168	ID:1	[INFO: Metric    ] METRIC_RX type=DUMMY src=4 seq=4 send_ms=254149 recv_ms=254862 bytes=48
TX,REAL,2,,24,48,257395.0,257002,257395.0,,,,644,257395000	ID:2	[INFO: Metric    ] METRIC_TX type=REAL node=2 seq=24 bytes=48 time_ms=257002
RX,REAL,,2,24,48,257437.88,257006,257437.88,257002,257006,42.88000000000466,645,257437880	ID:1	[INFO: Metric    ] METRIC_RX type=REAL src=2 seq=24 send_ms=257002 recv_ms=257006 bytes=48
TX,REAL,3,,23,48,259001.0,258789,259001.0,,,,647,259001000	ID:3	[INFO: Metric    ] METRIC_TX type=REAL node=3 seq=23 bytes=48 time_ms=258789
RX,REAL,,3,23,48,259035.168,258604,259035.168,258789,258604,34.16800000000512,648,259035168	ID:1	[INFO: Metric    ] METRIC_RX type=REAL src=3 seq=23 send_ms=258789 recv_ms=258604 bytes=48
TX,REAL,5,,23,48,264085.0,263115,264085.0,,,,650,264085000	ID:5	[INFO: Metric    ] METRIC_TX type=REAL node=5 seq=23 bytes=48 time_ms=263115
RX,REAL,,5,23,48,264122.168,263691,264122.168,263115,263691,37.16800000000512,651,264122168	ID:1	[INFO: Metric    ] METRIC_RX type=REAL src=5 seq=23 send_ms=263115 recv_ms=263691 bytes=48
TX,REAL,6,,24,48,264859.0,264771,264859.0,,,,653,264859000	ID:6	[INFO: Metric    ] METRIC_TX type=REAL node=6 seq=24 bytes=48 time_ms=264771
RX,REAL,,6,24,48,264864.88,264433,264864.88,264771,264433,5.880000000004657,654,264864880	ID:1	[INFO: Metric    ] METRIC_RX type=REAL src=6 seq=24 send_ms=264771 recv_ms=264433 bytes=48
TX,REAL,4,,22,48,265099.0,264150,265099.0,,,,656,265099000	ID:4	[INFO: Metric    ] METRIC_TX type=REAL node=4 seq=22 bytes=48 time_ms=264150
RX,REAL,,4,22,48,265142.168,264711,265142.168,264150,264711,43.16800000000512,657,265142168	ID:1	[INFO: Metric    ] METRIC_RX type=REAL src=4 seq=22 send_ms=264150 recv_ms=264711 bytes=48
TX,REAL,7,,25,48,266084.0,266062,266084.0,,,,659,266084000	ID:7	[INFO: Metric    ] METRIC_TX type=REAL node=7 seq=25 bytes=48 time_ms=266062
RX,REAL,,7,25,48,266117.88,265686,266117.88,266062,265686,33.88000000000466,660,266117880	ID:1	[INFO: Metric    ] METRIC_RX type=REAL src=7 seq=25 send_ms=266062 recv_ms=265686 bytes=48
TX,REAL,2,,25,48,267396.0,267003,267396.0,,,,662,267396000	ID:2	[INFO: Metric    ] METRIC_TX type=REAL node=2 seq=25 bytes=48 time_ms=267003
TX,DUMMY,2,,4,48,267397.0,267004,267397.0,,,,663,267397000	ID:2	[INFO: Metric    ] METRIC_TX type=DUMMY node=2 seq=4 bytes=48 time_ms=267004
RX,REAL,,2,25,48,267416.88,266985,267416.88,267003,266985,20.880000000004657,664,267416880	ID:1	[INFO: Metric    ] METRIC_RX type=REAL src=2 seq=25 send_ms=267003 recv_ms=266985 bytes=48
RX,DUMMY,,2,4,48,267444.88,267013,267444.88,267004,267013,,666,267444880	ID:1	[INFO: Metric    ] METRIC_RX type=DUMMY src=2 seq=4 send_ms=267004 recv_ms=267013 bytes=48
TX,REAL,3,,24,48,269002.0,268790,269002.0,,,,668,269002000	ID:3	[INFO: Metric    ] METRIC_TX type=REAL node=3 seq=24 bytes=48 time_ms=268790
RX,REAL,,3,24,48,269045.168,268614,269045.168,268790,268614,43.16800000000512,669,269045168	ID:1	[INFO: Metric    ] METRIC_RX type=REAL src=3 seq=24 send_ms=268790 recv_ms=268614 bytes=48
TX,REAL,5,,24,48,274086.0,273116,274086.0,,,,672,274086000	ID:5	[INFO: Metric    ] METRIC_TX type=REAL node=5 seq=24 bytes=48 time_ms=273116
RX,REAL,,5,24,48,274142.168,273711,274142.168,273116,273711,56.16800000000512,673,274142168	ID:1	[INFO: Metric    ] METRIC_RX type=REAL src=5 seq=24 send_ms=273116 recv_ms=273711 bytes=48
TX,REAL,6,,25,48,275860.0,275772,275860.0,,,,675,275860000	ID:6	[INFO: Metric    ] METRIC_TX type=REAL node=6 seq=25 bytes=48 time_ms=275772
RX,REAL,,6,25,48,275879.88,275448,275879.88,275772,275448,19.880000000004657,676,275879880	ID:1	[INFO: Metric    ] METRIC_RX type=REAL src=6 seq=25 send_ms=275772 recv_ms=275448 bytes=48
TX,REAL,7,,26,48,276085.0,276063,276085.0,,,,678,276085000	ID:7	[INFO: Metric    ] METRIC_TX type=REAL node=7 seq=26 bytes=48 time_ms=276063
TX,DUMMY,7,,3,48,276086.0,276064,276086.0,,,,679,276086000	ID:7	[INFO: Metric    ] METRIC_TX type=DUMMY node=7 seq=3 bytes=48 time_ms=276064
TX,REAL,4,,23,48,276100.0,275151,276100.0,,,,680,276100000	ID:4	[INFO: Metric    ] METRIC_TX type=REAL node=4 seq=23 bytes=48 time_ms=275151
RX,REAL,,7,26,48,276108.88,275677,276108.88,276063,275677,23.880000000004657,681,276108880	ID:1	[INFO: Metric    ] METRIC_RX type=REAL src=7 seq=26 send_ms=276063 recv_ms=275677 bytes=48
RX,REAL,,4,23,48,276219.168,275788,276219.168,275151,275788,119.16800000000512,683,276219168	ID:1	[INFO: Metric    ] METRIC_RX type=REAL src=4 seq=23 send_ms=275151 recv_ms=275788 bytes=48
RX,DUMMY,,7,3,48,276243.88,275812,276243.88,276064,275812,,684,276243880	ID:1	[INFO: Metric    ] METRIC_RX type=DUMMY src=7 seq=3 send_ms=276064 recv_ms=275812 bytes=48
TX,REAL,2,,26,48,278398.0,278005,278398.0,,,,687,278398000	ID:2	[INFO: Metric    ] METRIC_TX type=REAL node=2 seq=26 bytes=48 time_ms=278005
TX,DUMMY,2,,5,48,278399.0,278006,278399.0,,,,688,278399000	ID:2	[INFO: Metric    ] METRIC_TX type=DUMMY node=2 seq=5 bytes=48 time_ms=278006
RX,REAL,,2,26,48,278436.88,278005,278436.88,278005,278005,38.88000000000466,689,278436880	ID:1	[INFO: Metric    ] METRIC_RX type=REAL src=2 seq=26 send_ms=278005 recv_ms=278005 bytes=48
RX,DUMMY,,2,5,48,278445.88,278014,278445.88,278006,278014,,690,278445880	ID:1	[INFO: Metric    ] METRIC_RX type=DUMMY src=2 seq=5 send_ms=278006 recv_ms=278014 bytes=48
TX,REAL,3,,25,48,280003.0,279791,280003.0,,,,693,280003000	ID:3	[INFO: Metric    ] METRIC_TX type=REAL node=3 seq=25 bytes=48 time_ms=279791
RX,REAL,,3,25,48,280072.168,279641,280072.168,279791,279641,69.16800000000512,694,280072168	ID:1	[INFO: Metric    ] METRIC_RX type=REAL src=3 seq=25 send_ms=279791 recv_ms=279641 bytes=48
TX,REAL,5,,25,48,283087.0,282117,283087.0,,,,696,283087000	ID:5	[INFO: Metric    ] METRIC_TX type=REAL node=5 seq=25 bytes=48 time_ms=282117
RX,REAL,,5,25,48,283151.168,282720,283151.168,282117,282720,64.16800000000512,697,283151168	ID:1	[INFO: Metric    ] METRIC_RX type=REAL src=5 seq=25 send_ms=282117 recv_ms=282720 bytes=48
TX,REAL,7,,27,48,286087.0,286065,286087.0,,,,699,286087000	ID:7	[INFO: Metric    ] METRIC_TX type=REAL node=7 seq=27 bytes=48 time_ms=286065
RX,REAL,,7,27,48,286094.88,285663,286094.88,286065,285663,7.880000000004657,700,286094880	ID:1	[INFO: Metric    ] METRIC_RX type=REAL src=7 seq=27 send_ms=286065 recv_ms=285663 bytes=48
TX,REAL,4,,24,48,286101.0,285152,286101.0,,,,702,286101000	ID:4	[INFO: Metric    ] METRIC_TX type=REAL node=4 seq=24 bytes=48 time_ms=285152
TX,DUMMY,4,,5,48,286102.0,285153,286102.0,,,,703,286102000	ID:4	[INFO: Metric    ] METRIC_TX type=DUMMY node=4 seq=5 bytes=48 time_ms=285153
RX,REAL,,4,24,48,286145.168,285714,286145.168,285152,285714,44.16800000000512,705,286145168	ID:1	[INFO: Metric    ] METRIC_RX type=REAL src=4 seq=24 send_ms=285152 recv_ms=285714 bytes=48
RX,DUMMY,,4,5,48,286287.168,285856,286287.168,285153,285856,,707,286287168	ID:1	[INFO: Metric    ] METRIC_RX type=DUMMY src=4 seq=5 send_ms=285153 recv_ms=285856 bytes=48
TX,REAL,6,,26,48,286861.0,286773,286861.0,,,,709,286861000	ID:6	[INFO: Metric    ] METRIC_TX type=REAL node=6 seq=26 bytes=48 time_ms=286773
RX,REAL,,6,26,48,286874.88,286443,286874.88,286773,286443,13.880000000004657,710,286874880	ID:1	[INFO: Metric    ] METRIC_RX type=REAL src=6 seq=26 send_ms=286773 recv_ms=286443 bytes=48
TX,REAL,2,,27,48,288400.0,288007,288400.0,,,,712,288400000	ID:2	[INFO: Metric    ] METRIC_TX type=REAL node=2 seq=27 bytes=48 time_ms=288007
TX,DUMMY,2,,6,48,288401.0,288008,288401.0,,,,713,288401000	ID:2	[INFO: Metric    ] METRIC_TX type=DUMMY node=2 seq=6 bytes=48 time_ms=288008
RX,REAL,,2,27,48,288420.88,287989,288420.88,288007,287989,20.880000000004657,714,288420880	ID:1	[INFO: Metric    ] METRIC_RX type=REAL src=2 seq=27 send_ms=288007 recv_ms=287989 bytes=48
RX,DUMMY,,2,6,48,288465.88,288034,288465.88,288008,288034,,716,288465880	ID:1	[INFO: Metric    ] METRIC_RX type=DUMMY src=2 seq=6 send_ms=288008 recv_ms=288034 bytes=48
TX,REAL,3,,26,48,291004.0,290792,291004.0,,,,718,291004000	ID:3	[INFO: Metric    ] METRIC_TX type=REAL node=3 seq=26 bytes=48 time_ms=290792
RX,REAL,,3,26,48,291052.168,290621,291052.168,290792,290621,48.16800000000512,719,291052168	ID:1	[INFO: Metric    ] METRIC_RX type=REAL src=3 seq=26 send_ms=290792 recv_ms=290621 bytes=48
TX,REAL,5,,26,48,294088.0,293118,294088.0,,,,721,294088000	ID:5	[INFO: Metric    ] METRIC_TX type=REAL node=5 seq=26 bytes=48 time_ms=293118
RX,REAL,,5,26,48,294130.168,293699,294130.168,293118,293699,42.16800000000512,722,294130168	ID:1	[INFO: Metric    ] METRIC_RX type=REAL src=5 seq=26 send_ms=293118 recv_ms=293699 bytes=48
TX,REAL,6,,27,48,295862.0,295774,295862.0,,,,724,295862000	ID:6	[INFO: Metric    ] METRIC_TX type=REAL node=6 seq=27 bytes=48 time_ms=295774
TX,DUMMY,6,,9,48,295863.0,295775,295863.0,,,,725,295863000	ID:6	[INFO: Metric    ] METRIC_TX type=DUMMY node=6 seq=9 bytes=48 time_ms=295775
RX,REAL,,6,27,48,295907.88,295476,295907.88,295774,295476,45.88000000000466,726,295907880	ID:1	[INFO: Metric    ] METRIC_RX type=REAL src=6 seq=27 send_ms=295774 recv_ms=295476 bytes=48
RX,DUMMY,,6,9,48,295917.88,295486,295917.88,295775,295486,,727,295917880	ID:1	[INFO: Metric    ] METRIC_RX type=DUMMY src=6 seq=9 send_ms=295775 recv_ms=295486 bytes=48
TX,REAL,7,,28,48,296088.0,296066,296088.0,,,,730,296088000	ID:7	[INFO: Metric    ] METRIC_TX type=REAL node=7 seq=28 bytes=48 time_ms=296066
RX,REAL,,7,28,48,296098.88,295667,296098.88,296066,295667,10.880000000004657,731,296098880	ID:1	[INFO: Metric    ] METRIC_RX type=REAL src=7 seq=28 send_ms=296066 recv_ms=295667 bytes=48
TX,REAL,4,,25,48,296103.0,295154,296103.0,,,,733,296103000	ID:4	[INFO: Metric    ] METRIC_TX type=REAL node=4 seq=25 bytes=48 time_ms=295154
RX,REAL,,4,25,48,296164.168,295733,296164.168,295154,295733,61.16800000000512,735,296164168	ID:1	[INFO: Metric    ] METRIC_RX type=REAL src=4 seq=25 send_ms=295154 recv_ms=295733 bytes=48
TX,REAL,2,,28,48,298402.0,298009,298402.0,,,,737,298402000	ID:2	[INFO: Metric    ] METRIC_TX type=REAL node=2 seq=28 bytes=48 time_ms=298009
RX,REAL,,2,28,48,298437.88,298006,298437.88,298009,298006,35.88000000000466,738,298437880	ID:1	[INFO: Metric    ] METRIC_RX type=REAL src=2 seq=28 send_ms=298009 recv_ms=298006 bytes=48
TX,REAL,3,,27,48,301005.0,300793,301005.0,,,,740,301005000	ID:3	[INFO: Metric    ] METRIC_TX type=REAL node=3 seq=27 bytes=48 time_ms=300793
RX,REAL,,3,27,48,301049.168,300618,301049.168,300793,300618,44.16800000000512,741,301049168	ID:1	[INFO: Metric    ] METRIC_RX type=REAL src=3 seq=27 send_ms=300793 recv_ms=300618 bytes=48
TX,REAL,5,,27,48,303089.0,302119,303089.0,,,,743,303089000	ID:5	[INFO: Metric    ] METRIC_TX type=REAL node=5 seq=27 bytes=48 time_ms=302119
TX,DUMMY,5,,7,48,303090.0,302120,303090.0,,,,744,303090000	ID:5	[INFO: Metric    ] METRIC_TX type=DUMMY node=5 seq=7 bytes=48 time_ms=302120
RX,REAL,,5,27,48,303142.168,302711,303142.168,302119,302711,53.16800000000512,745,303142168	ID:1	[INFO: Metric    ] METRIC_RX type=REAL src=5 seq=27 send_ms=302119 recv_ms=302711 bytes=48
RX,DUMMY,,5,7,48,303233.168,302802,303233.168,302120,302802,,747,303233168	ID:1	[INFO: Metric    ] METRIC_RX type=DUMMY src=5 seq=7 send_ms=302120 recv_ms=302802 bytes=48
TX,REAL,7,,29,48,306089.0,306067,306089.0,,,,749,306089000	ID:7	[INFO: Metric    ] METRIC_TX type=REAL node=7 seq=29 bytes=48 time_ms=306067
TX,REAL,4,,26,48,306104.0,305155,306104.0,,,,750,306104000	ID:4	[INFO: Metric    ] METRIC_TX type=REAL node=4 seq=26 bytes=48 time_ms=305155
RX,REAL,,7,29,48,306111.88,305680,306111.88,306067,305680,22.880000000004657,751,306111880	ID:1	[INFO: Metric    ] METRIC_RX type=REAL src=7 seq=29 send_ms=306067 recv_ms=305680 bytes=48
RX,REAL,,4,26,48,306150.168,305719,306150.168,305155,305719,46.16800000000512,752,306150168	ID:1	[INFO: Metric    ] METRIC_RX type=REAL src=4 seq=26 send_ms=305155 recv_ms=305719 bytes=48
TX,REAL,6,,28,48,306864.0,306776,306864.0,,,,755,306864000	ID:6	[INFO: Metric    ] METRIC_TX type=REAL node=6 seq=28 bytes=48 time_ms=306776
RX,REAL,,6,28,48,306900.88,306469,306900.88,306776,306469,36.88000000000466,756,306900880	ID:1	[INFO: Metric    ] METRIC_RX type=REAL src=6 seq=28 send_ms=306776 recv_ms=306469 bytes=48
TX,REAL,2,,29,48,307403.0,307010,307403.0,,,,758,307403000	ID:2	[INFO: Metric    ] METRIC_TX type=REAL node=2 seq=29 bytes=48 time_ms=307010
RX,REAL,,2,29,48,307414.88,306983,307414.88,307010,306983,11.880000000004657,759,307414880	ID:1	[INFO: Metric    ] METRIC_RX type=REAL src=2 seq=29 send_ms=307010 recv_ms=306983 bytes=48
TX,REAL,3,,28,48,312006.0,311794,312006.0,,,,761,312006000	ID:3	[INFO: Metric    ] METRIC_TX type=REAL node=3 seq=28 bytes=48 time_ms=311794
RX,REAL,,3,28,48,312055.168,311624,312055.168,311794,311624,49.16800000000512,762,312055168	ID:1	[INFO: Metric    ] METRIC_RX type=REAL src=3 seq=28 send_ms=311794 recv_ms=311624 bytes=48
TX,REAL,5,,28,48,313091.0,312121,313091.0,,,,765,313091000	ID:5	[INFO: Metric    ] METRIC_TX type=REAL node=5 seq=28 bytes=48 time_ms=312121
RX,REAL,,5,28,48,313163.168,312732,313163.168,312121,312732,72.16800000000512,766,313163168	ID:1	[INFO: Metric    ] METRIC_RX type=REAL src=5 seq=28 send_ms=312121 recv_ms=312732 bytes=48
TX,REAL,4,,27,48,315105.0,314156,315105.0,,,,768,315105000	ID:4	[INFO: Metric    ] METRIC_TX type=REAL node=4 seq=27 bytes=48 time_ms=314156
RX,REAL,,4,27,48,315173.168,314742,315173.168,314156,314742,68.16800000000512,769,315173168	ID:1	[INFO: Metric    ] METRIC_RX type=REAL src=4 seq=27 send_ms=314156 recv_ms=314742 bytes=48
TX,REAL,7,,30,48,316090.0,316068,316090.0,,,,773,316090000	ID:7	[INFO: Metric    ] METRIC_TX type=REAL node=7 seq=30 bytes=48 time_ms=316068
RX,REAL,,7,30,48,316124.88,315693,316124.88,316068,315693,34.88000000000466,774,316124880	ID:1	[INFO: Metric    ] METRIC_RX type=REAL src=7 seq=30 send_ms=316068 recv_ms=315693 bytes=48
TX,REAL,6,,29,48,316865.0,316777,316865.0,,,,776,316865000	ID:6	[INFO: Metric    ] METRIC_TX type=REAL node=6 seq=29 bytes=48 time_ms=316777
RX,REAL,,6,29,48,316871.88,316440,316871.88,316777,316440,6.880000000004657,777,316871880	ID:1	[INFO: Metric    ] METRIC_RX type=REAL src=6 seq=29 send_ms=316777 recv_ms=316440 bytes=48
TX,REAL,2,,30,48,317404.0,317011,317404.0,,,,781,317404000	ID:2	[INFO: Metric    ] METRIC_TX type=REAL node=2 seq=30 bytes=48 time_ms=317011
RX,REAL,,2,30,48,317434.88,317003,317434.88,317011,317003,30.880000000004657,782,317434880	ID:1	[INFO: Metric    ] METRIC_RX type=REAL src=2 seq=30 send_ms=317011 recv_ms=317003 bytes=48
TX,REAL,3,,29,48,323007.0,322795,323007.0,,,,784,323007000	ID:3	[INFO: Metric    ] METRIC_TX type=REAL node=3 seq=29 bytes=48 time_ms=322795
TX,DUMMY,3,,2,48,323008.0,322796,323008.0,,,,785,323008000	ID:3	[INFO: Metric    ] METRIC_TX type=DUMMY node=3 seq=2 bytes=48 time_ms=322796
RX,REAL,,3,29,48,323055.168,322624,323055.168,322795,322624,48.16800000000512,786,323055168	ID:1	[INFO: Metric    ] METRIC_RX type=REAL src=3 seq=29 send_ms=322795 recv_ms=322624 bytes=48
RX,DUMMY,,3,2,48,323176.168,322745,323176.168,322796,322745,,788,323176168	ID:1	[INFO: Metric    ] METRIC_RX type=DUMMY src=3 seq=2 send_ms=322796 recv_ms=322745 bytes=48
TX,REAL,5,,29,48,324092.0,323122,324092.0,,,,790,324092000	ID:5	[INFO: Metric    ] METRIC_TX type=REAL node=5 seq=29 bytes=48 time_ms=323122
TX,REAL,4,,28,48,324106.0,323157,324106.0,,,,791,324106000	ID:4	[INFO: Metric    ] METRIC_TX type=REAL node=4 seq=28 bytes=48 time_ms=323157
RX,REAL,,5,29,48,324224.168,323793,324224.168,323122,323793,132.16800000000512,792,324224168	ID:1	[INFO: Metric    ] METRIC_RX type=REAL src=5 seq=29 send_ms=323122 recv_ms=323793 bytes=48
RX,REAL,,4,28,48,324244.168,323813,324244.168,323157,323813,138.16800000000512,793,324244168	ID:1	[INFO: Metric    ] METRIC_RX type=REAL src=4 seq=28 send_ms=323157 recv_ms=323813 bytes=48
TX,REAL,7,,31,48,326091.0,326069,326091.0,,,,796,326091000	ID:7	[INFO: Metric    ] METRIC_TX type=REAL node=7 seq=31 bytes=48 time_ms=326069
RX,REAL,,7,31,48,326124.88,325693,326124.88,326069,325693,33.88000000000466,797,326124880	ID:1	[INFO: Metric    ] METRIC_RX type=REAL src=7 seq=31 send_ms=326069 recv_ms=325693 bytes=48
TX,REAL,6,,30,48,326866.0,326778,326866.0,,,,802,326866000	ID:6	[INFO: Metric    ] METRIC_TX type=REAL node=6 seq=30 bytes=48 time_ms=326778
RX,REAL,,6,30,48,326901.88,326470,326901.88,326778,326470,35.88000000000466,803,326901880	ID:1	[INFO: Metric    ] METRIC_RX type=REAL src=6 seq=30 send_ms=326778 recv_ms=326470 bytes=48
TX,REAL,2,,31,48,328405.0,328012,328405.0,,,,805,328405000	ID:2	[INFO: Metric    ] METRIC_TX type=REAL node=2 seq=31 bytes=48 time_ms=328012
RX,REAL,,2,31,48,328432.88,328001,328432.88,328012,328001,27.880000000004657,806,328432880	ID:1	[INFO: Metric    ] METRIC_RX type=REAL src=2 seq=31 send_ms=328012 recv_ms=328001 bytes=48
TX,REAL,4,,29,48,333107.0,332158,333107.0,,,,808,333107000	ID:4	[INFO: Metric    ] METRIC_TX type=REAL node=4 seq=29 bytes=48 time_ms=332158
RX,REAL,,4,29,48,333172.168,332741,333172.168,332158,332741,65.16800000000512,809,333172168	ID:1	[INFO: Metric    ] METRIC_RX type=REAL src=4 seq=29 send_ms=332158 recv_ms=332741 bytes=48
TX,REAL,3,,30,48,334009.0,333797,334009.0,,,,813,334009000	ID:3	[INFO: Metric    ] METRIC_TX type=REAL node=3 seq=30 bytes=48 time_ms=333797
TX,DUMMY,3,,3,48,334010.0,333798,334010.0,,,,814,334010000	ID:3	[INFO: Metric    ] METRIC_TX type=DUMMY node=3 seq=3 bytes=48 time_ms=333798
RX,REAL,,3,30,48,334090.168,333659,334090.168,333797,333659,81.16800000000512,815,334090168	ID:1	[INFO: Metric    ] METRIC_RX type=REAL src=3 seq=30 send_ms=333797 recv_ms=333659 bytes=48
RX,DUMMY,,3,3,48,334102.168,333671,334102.168,333798,333671,,816,334102168	ID:1	[INFO: Metric    ] METRIC_RX type=DUMMY src=3 seq=3 send_ms=333798 recv_ms=333671 bytes=48
TX,REAL,5,,30,48,335093.0,334123,335093.0,,,,821,335093000	ID:5	[INFO: Metric    ] METRIC_TX type=REAL node=5 seq=30 bytes=48 time_ms=334123
TX,DUMMY,5,,8,48,335094.0,334124,335094.0,,,,822,335094000	ID:5	[INFO: Metric    ] METRIC_TX type=DUMMY node=5 seq=8 bytes=48 time_ms=334124
RX,REAL,,5,30,48,335151.168,334720,335151.168,334123,334720,58.16800000000512,823,335151168	ID:1	[INFO: Metric    ] METRIC_RX type=REAL src=5 seq=30 send_ms=334123 recv_ms=334720 bytes=48
RX,DUMMY,,5,8,48,335179.304,334748,335179.304,334124,334748,,824,335179304	ID:1	[INFO: Metric    ] METRIC_RX type=DUMMY src=5 seq=8 send_ms=334124 recv_ms=334748 bytes=48
TX,REAL,7,,32,48,336092.0,336070,336092.0,,,,827,336092000	ID:7	[INFO: Metric    ] METRIC_TX type=REAL node=7 seq=32 bytes=48 time_ms=336070
RX,REAL,,7,32,48,336132.88,335701,336132.88,336070,335701,40.88000000000466,828,336132880	ID:1	[INFO: Metric    ] METRIC_RX type=REAL src=7 seq=32 send_ms=336070 recv_ms=335701 bytes=48
TX,REAL,6,,31,48,337867.0,337779,337867.0,,,,830,337867000	ID:6	[INFO: Metric    ] METRIC_TX type=REAL node=6 seq=31 bytes=48 time_ms=337779
RX,REAL,,6,31,48,337905.88,337474,337905.88,337779,337474,38.88000000000466,831,337905880	ID:1	[INFO: Metric    ] METRIC_RX type=REAL src=6 seq=31 send_ms=337779 recv_ms=337474 bytes=48
TX,REAL,2,,32,48,338406.0,338013,338406.0,,,,833,338406000	ID:2	[INFO: Metric    ] METRIC_TX type=REAL node=2 seq=32 bytes=48 time_ms=338013
RX,REAL,,2,32,48,338428.88,337997,338428.88,338013,337997,22.880000000004657,834,338428880	ID:1	[INFO: Metric    ] METRIC_RX type=REAL src=2 seq=32 send_ms=338013 recv_ms=337997 bytes=48
TX,REAL,3,,31,48,344011.0,343799,344011.0,,,,837,344011000	ID:3	[INFO: Metric    ] METRIC_TX type=REAL node=3 seq=31 bytes=48 time_ms=343799
RX,REAL,,3,31,48,344093.168,343662,344093.168,343799,343662,82.16800000000512,838,344093168	ID:1	[INFO: Metric    ] METRIC_RX type=REAL src=3 seq=31 send_ms=343799 recv_ms=343662 bytes=48
TX,REAL,4,,30,48,344107.04,343159,344107.04,,,,841,344107040	ID:4	[INFO: Metric    ] METRIC_TX type=REAL node=4 seq=30 bytes=48 time_ms=343159
RX,REAL,,4,30,48,344151.168,343720,344151.168,343159,343720,44.12800000002608,843,344151168	ID:1	[INFO: Metric    ] METRIC_RX type=REAL src=4 seq=30 send_ms=343159 recv_ms=343720 bytes=48
TX,REAL,7,,33,48,345093.0,345071,345093.0,,,,845,345093000	ID:7	[INFO: Metric    ] METRIC_TX type=REAL node=7 seq=33 bytes=48 time_ms=345071
TX,REAL,5,,31,48,345095.0,344125,345095.0,,,,846,345095000	ID:5	[INFO: Metric    ] METRIC_TX type=REAL node=5 seq=31 bytes=48 time_ms=344125
RX,REAL,,5,31,48,345160.168,344729,345160.168,344125,344729,65.16800000000512,847,345160168	ID:1	[INFO: Metric    ] METRIC_RX type=REAL src=5 seq=31 send_ms=344125 recv_ms=344729 bytes=48
RX,REAL,,7,33,48,345254.88,344823,345254.88,345071,344823,161.88000000000466,849,345254880	ID:1	[INFO: Metric    ] METRIC_RX type=REAL src=7 seq=33 send_ms=345071 recv_ms=344823 bytes=48
TX,REAL,6,,32,48,347868.0,347780,347868.0,,,,851,347868000	ID:6	[INFO: Metric    ] METRIC_TX type=REAL node=6 seq=32 bytes=48 time_ms=347780
RX,REAL,,6,32,48,347890.88,347459,347890.88,347780,347459,22.880000000004657,852,347890880	ID:1	[INFO: Metric    ] METRIC_RX type=REAL src=6 seq=32 send_ms=347780 recv_ms=347459 bytes=48
TX,REAL,2,,33,48,349407.0,349014,349407.0,,,,854,349407000	ID:2	[INFO: Metric    ] METRIC_TX type=REAL node=2 seq=33 bytes=48 time_ms=349014
TX,DUMMY,2,,7,48,349408.0,349015,349408.0,,,,855,349408000	ID:2	[INFO: Metric    ] METRIC_TX type=DUMMY node=2 seq=7 bytes=48 time_ms=349015
RX,REAL,,2,33,48,349415.88,348984,349415.88,349014,348984,8.880000000004657,856,349415880	ID:1	[INFO: Metric    ] METRIC_RX type=REAL src=2 seq=33 send_ms=349014 recv_ms=348984 bytes=48
RX,DUMMY,,2,7,48,349442.88,349011,349442.88,349015,349011,,858,349442880	ID:1	[INFO: Metric    ] METRIC_RX type=DUMMY src=2 seq=7 send_ms=349015 recv_ms=349011 bytes=48
TX,REAL,3,,32,48,353012.0,352800,353012.0,,,,860,353012000	ID:3	[INFO: Metric    ] METRIC_TX type=REAL node=3 seq=32 bytes=48 time_ms=352800
RX,REAL,,3,32,48,353075.168,352644,353075.168,352800,352644,63.16800000000512,861,353075168	ID:1	[INFO: Metric    ] METRIC_RX type=REAL src=3 seq=32 send_ms=352800 recv_ms=352644 bytes=48
TX,REAL,4,,31,48,353108.0,352159,353108.0,,,,862,353108000	ID:4	[INFO: Metric    ] METRIC_TX type=REAL node=4 seq=31 bytes=48 time_ms=352159
RX,REAL,,4,31,48,353184.168,352753,353184.168,352159,352753,76.16800000000512,864,353184168	ID:1	[INFO: Metric    ] METRIC_RX type=REAL src=4 seq=31 send_ms=352159 recv_ms=352753 bytes=48
TX,REAL,7,,34,48,354094.0,354072,354094.0,,,,866,354094000	ID:7	[INFO: Metric    ] METRIC_TX type=REAL node=7 seq=34 bytes=48 time_ms=354072
TX,REAL,5,,32,48,354096.0,353126,354096.0,,,,867,354096000	ID:5	[INFO: Metric    ] METRIC_TX type=REAL node=5 seq=32 bytes=48 time_ms=353126
RX,REAL,,7,34,48,354114.88,353683,354114.88,354072,353683,20.880000000004657,868,354114880	ID:1	[INFO: Metric    ] METRIC_RX type=REAL src=7 seq=34 send_ms=354072 recv_ms=353683 bytes=48
RX,REAL,,5,32,48,354146.168,353715,354146.168,353126,353715,50.16800000000512,871,354146168	ID:1	[INFO: Metric    ] METRIC_RX type=REAL src=5 seq=32 send_ms=353126 recv_ms=353715 bytes=48
TX,REAL,6,,33,48,357869.0,357781,357869.0,,,,873,357869000	ID:6	[INFO: Metric    ] METRIC_TX type=REAL node=6 seq=33 bytes=48 time_ms=357781
RX,REAL,,6,33,48,357899.88,357468,357899.88,357781,357468,30.880000000004657,874,357899880	ID:1	[INFO: Metric    ] METRIC_RX type=REAL src=6 seq=33 send_ms=357781 recv_ms=357468 bytes=48
TX,REAL,2,,34,48,360409.0,360016,360409.0,,,,876,360409000	ID:2	[INFO: Metric    ] METRIC_TX type=REAL node=2 seq=34 bytes=48 time_ms=360016
RX,REAL,,2,34,48,360414.88,359983,360414.88,360016,359983,5.880000000004657,877,360414880	ID:1	[INFO: Metric    ] METRIC_RX type=REAL src=2 seq=34 send_ms=360016 recv_ms=359983 bytes=48
TX,REAL,3,,33,48,363013.0,362801,363013.0,,,,879,363013000	ID:3	[INFO: Metric    ] METRIC_TX type=REAL node=3 seq=33 bytes=48 time_ms=362801
TX,REAL,7,,35,48,363095.0,363073,363095.0,,,,880,363095000	ID:7	[INFO: Metric    ] METRIC_TX type=REAL node=7 seq=35 bytes=48 time_ms=363073
RX,REAL,,3,33,48,363097.168,362666,363097.168,362801,362666,84.16800000000512,881,363097168	ID:1	[INFO: Metric    ] METRIC_RX type=REAL src=3 seq=33 send_ms=362801 recv_ms=362666 bytes=48
RX,REAL,,7,35,48,363113.88,362682,363113.88,363073,362682,18.880000000004657,882,363113880	ID:1	[INFO: Metric    ] METRIC_RX type=REAL src=7 seq=35 send_ms=363073 recv_ms=362682 bytes=48
TX,REAL,4,,32,48,364109.0,363160,364109.0,,,,885,364109000	ID:4	[INFO: Metric    ] METRIC_TX type=REAL node=4 seq=32 bytes=48 time_ms=363160
RX,REAL,,4,32,48,364179.168,363748,364179.168,363160,363748,70.16800000000512,886,364179168	ID:1	[INFO: Metric    ] METRIC_RX type=REAL src=4 seq=32 send_ms=363160 recv_ms=363748 bytes=48
TX,REAL,5,,33,48,365097.0,364127,365097.0,,,,888,365097000	ID:5	[INFO: Metric    ] METRIC_TX type=REAL node=5 seq=33 bytes=48 time_ms=364127
TX,DUMMY,5,,9,48,365098.0,364128,365098.0,,,,889,365098000	ID:5	[INFO: Metric    ] METRIC_TX type=DUMMY node=5 seq=9 bytes=48 time_ms=364128
RX,REAL,,5,33,48,365161.168,364730,365161.168,364127,364730,64.16800000000512,890,365161168	ID:1	[INFO: Metric    ] METRIC_RX type=REAL src=5 seq=33 send_ms=364127 recv_ms=364730 bytes=48
RX,DUMMY,,5,9,48,365200.168,364769,365200.168,364128,364769,,891,365200168	ID:1	[INFO: Metric    ] METRIC_RX type=DUMMY src=5 seq=9 send_ms=364128 recv_ms=364769 bytes=48
TX,REAL,6,,34,48,368870.0,368782,368870.0,,,,894,368870000	ID:6	[INFO: Metric    ] METRIC_TX type=REAL node=6 seq=34 bytes=48 time_ms=368782
RX,REAL,,6,34,48,368897.88,368466,368897.88,368782,368466,27.880000000004657,895,368897880	ID:1	[INFO: Metric    ] METRIC_RX type=REAL src=6 seq=34 send_ms=368782 recv_ms=368466 bytes=48
TX,REAL,2,,35,48,370410.0,370017,370410.0,,,,897,370410000	ID:2	[INFO: Metric    ] METRIC_TX type=REAL node=2 seq=35 bytes=48 time_ms=370017
RX,REAL,,2,35,48,370422.88,369991,370422.88,370017,369991,12.880000000004657,898,370422880	ID:1	[INFO: Metric    ] METRIC_RX type=REAL src=2 seq=35 send_ms=370017 recv_ms=369991 bytes=48
TX,REAL,7,,36,48,372096.0,372074,372096.0,,,,901,372096000	ID:7	[INFO: Metric    ] METRIC_TX type=REAL node=7 seq=36 bytes=48 time_ms=372074
RX,REAL,,7,36,48,372140.88,371709,372140.88,372074,371709,44.88000000000466,902,372140880	ID:1	[INFO: Metric    ] METRIC_RX type=REAL src=7 seq=36 send_ms=372074 recv_ms=371709 bytes=48
TX,REAL,3,,34,48,373014.0,372802,373014.0,,,,904,373014000	ID:3	[INFO: Metric    ] METRIC_TX type=REAL node=3 seq=34 bytes=48 time_ms=372802
RX,REAL,,3,34,48,373055.168,372624,373055.168,372802,372624,41.16800000000512,905,373055168	ID:1	[INFO: Metric    ] METRIC_RX type=REAL src=3 seq=34 send_ms=372802 recv_ms=372624 bytes=48
TX,REAL,5,,34,48,374099.0,373129,374099.0,,,,907,374099000	ID:5	[INFO: Metric    ] METRIC_TX type=REAL node=5 seq=34 bytes=48 time_ms=373129
TX,REAL,4,,33,48,374110.0,373161,374110.0,,,,908,374110000	ID:4	[INFO: Metric    ] METRIC_TX type=REAL node=4 seq=33 bytes=48 time_ms=373161
RX,REAL,,5,34,48,374136.168,373705,374136.168,373129,373705,37.16800000000512,909,374136168	ID:1	[INFO: Metric    ] METRIC_RX type=REAL src=5 seq=34 send_ms=373129 recv_ms=373705 bytes=48
RX,REAL,,4,33,48,374197.168,373766,374197.168,373161,373766,87.16800000000512,911,374197168	ID:1	[INFO: Metric    ] METRIC_RX type=REAL src=4 seq=33 send_ms=373161 recv_ms=373766 bytes=48
TX,REAL,2,,36,48,379411.0,379018,379411.0,,,,913,379411000	ID:2	[INFO: Metric    ] METRIC_TX type=REAL node=2 seq=36 bytes=48 time_ms=379018
RX,REAL,,2,36,48,379453.88,379022,379453.88,379018,379022,42.88000000000466,914,379453880	ID:1	[INFO: Metric    ] METRIC_RX type=REAL src=2 seq=36 send_ms=379018 recv_ms=379022 bytes=48
TX,REAL,6,,35,48,379871.0,379783,379871.0,,,,916,379871000	ID:6	[INFO: Metric    ] METRIC_TX type=REAL node=6 seq=35 bytes=48 time_ms=379783
RX,REAL,,6,35,48,379893.88,379462,379893.88,379783,379462,22.880000000004657,917,379893880	ID:1	[INFO: Metric    ] METRIC_RX type=REAL src=6 seq=35 send_ms=379783 recv_ms=379462 bytes=48
TX,REAL,7,,37,48,381097.0,381075,381097.0,,,,919,381097000	ID:7	[INFO: Metric    ] METRIC_TX type=REAL node=7 seq=37 bytes=48 time_ms=381075
RX,REAL,,7,37,48,381107.88,380676,381107.88,381075,380676,10.880000000004657,920,381107880	ID:1	[INFO: Metric    ] METRIC_RX type=REAL src=7 seq=37 send_ms=381075 recv_ms=380676 bytes=48
TX,REAL,3,,35,48,382015.0,381803,382015.0,,,,922,382015000	ID:3	[INFO: Metric    ] METRIC_TX type=REAL node=3 seq=35 bytes=48 time_ms=381803
RX,REAL,,3,35,48,382046.168,381615,382046.168,381803,381615,31.168000000005122,923,382046168	ID:1	[INFO: Metric    ] METRIC_RX type=REAL src=3 seq=35 send_ms=381803 recv_ms=381615 bytes=48
TX,REAL,5,,35,48,383100.0,382130,383100.0,,,,925,383100000	ID:5	[INFO: Metric    ] METRIC_TX type=REAL node=5 seq=35 bytes=48 time_ms=382130
RX,REAL,,5,35,48,383161.168,382730,383161.168,382130,382730,61.16800000000512,926,383161168	ID:1	[INFO: Metric    ] METRIC_RX type=REAL src=5 seq=35 send_ms=382130 recv_ms=382730 bytes=48
TX,REAL,4,,34,48,385111.0,384162,385111.0,,,,928,385111000	ID:4	[INFO: Metric    ] METRIC_TX type=REAL node=4 seq=34 bytes=48 time_ms=384162
RX,REAL,,4,34,48,385135.168,384704,385135.168,384162,384704,24.168000000005122,929,385135168	ID:1	[INFO: Metric    ] METRIC_RX type=REAL src=4 seq=34 send_ms=384162 recv_ms=384704 bytes=48
TX,REAL,2,,37,48,388412.0,388019,388412.0,,,,932,388412000	ID:2	[INFO: Metric    ] METRIC_TX type=REAL node=2 seq=37 bytes=48 time_ms=388019
RX,REAL,,2,37,48,388422.88,387991,388422.88,388019,387991,10.880000000004657,933,388422880	ID:1	[INFO: Metric    ] METRIC_RX type=REAL src=2 seq=37 send_ms=388019 recv_ms=387991 bytes=48
TX,REAL,6,,36,48,390872.0,390784,390872.0,,,,935,390872000	ID:6	[INFO: Metric    ] METRIC_TX type=REAL node=6 seq=36 bytes=48 time_ms=390784
RX,REAL,,6,36,48,390888.88,390457,390888.88,390784,390457,16.880000000004657,936,390888880	ID:1	[INFO: Metric    ] METRIC_RX type=REAL src=6 seq=36 send_ms=390784 recv_ms=390457 bytes=48
TX,REAL,3,,36,48,392016.0,391804,392016.0,,,,938,392016000	ID:3	[INFO: Metric    ] METRIC_TX type=REAL node=3 seq=36 bytes=48 time_ms=391804
RX,REAL,,3,36,48,392081.168,391650,392081.168,391804,391650,65.16800000000512,939,392081168	ID:1	[INFO: Metric    ] METRIC_RX type=REAL src=3 seq=36 send_ms=391804 recv_ms=391650 bytes=48
TX,REAL,7,,38,48,392098.0,392076,392098.0,,,,940,392098000	ID:7	[INFO: Metric    ] METRIC_TX type=REAL node=7 seq=38 bytes=48 time_ms=392076
TX,DUMMY,7,,4,48,392099.0,392077,392099.0,,,,941,392099000	ID:7	[INFO: Metric    ] METRIC_TX type=DUMMY node=7 seq=4 bytes=48 time_ms=392077
RX,REAL,,7,38,48,392176.88,391745,392176.88,392076,391745,78.88000000000466,943,392176880	ID:1	[INFO: Metric    ] METRIC_RX type=REAL src=7 seq=38 send_ms=392076 recv_ms=391745 bytes=48
RX,DUMMY,,7,4,48,392245.88,391814,392245.88,392077,391814,,945,392245880	ID:1	[INFO: Metric    ] METRIC_RX type=DUMMY src=7 seq=4 send_ms=392077 recv_ms=391814 bytes=48
TX,REAL,5,,36,48,394101.0,393131,394101.0,,,,947,394101000	ID:5	[INFO: Metric    ] METRIC_TX type=REAL node=5 seq=36 bytes=48 time_ms=393131
RX,REAL,,5,36,48,394146.168,393715,394146.168,393131,393715,45.16800000000512,948,394146168	ID:1	[INFO: Metric    ] METRIC_RX type=REAL src=5 seq=36 send_ms=393131 recv_ms=393715 bytes=48
TX,REAL,4,,35,48,395112.0,394163,395112.0,,,,950,395112000	ID:4	[INFO: Metric    ] METRIC_TX type=REAL node=4 seq=35 bytes=48 time_ms=394163
RX,REAL,,4,35,48,395190.168,394759,395190.168,394163,394759,78.16800000000512,951,395190168	ID:1	[INFO: Metric    ] METRIC_RX type=REAL src=4 seq=35 send_ms=394163 recv_ms=394759 bytes=48
TX,REAL,2,,38,48,398413.0,398020,398413.0,,,,953,398413000	ID:2	[INFO: Metric    ] METRIC_TX type=REAL node=2 seq=38 bytes=48 time_ms=398020
RX,REAL,,2,38,48,398446.88,398015,398446.88,398020,398015,33.88000000000466,954,398446880	ID:1	[INFO: Metric    ] METRIC_RX type=REAL src=2 seq=38 send_ms=398020 recv_ms=398015 bytes=48
TX,REAL,6,,37,48,399873.0,399785,399873.0,,,,956,399873000	ID:6	[INFO: Metric    ] METRIC_TX type=REAL node=6 seq=37 bytes=48 time_ms=399785
RX,REAL,,6,37,48,399881.88,399450,399881.88,399785,399450,8.880000000004657,957,399881880	ID:1	[INFO: Metric    ] METRIC_RX type=REAL src=6 seq=37 send_ms=399785 recv_ms=399450 bytes=48
TX,REAL,7,,39,48,401100.0,401078,401100.0,,,,959,401100000	ID:7	[INFO: Metric    ] METRIC_TX type=REAL node=7 seq=39 bytes=48 time_ms=401078
RX,REAL,,7,39,48,401136.88,400705,401136.88,401078,400705,36.88000000000466,960,401136880	ID:1	[INFO: Metric    ] METRIC_RX type=REAL src=7 seq=39 send_ms=401078 recv_ms=400705 bytes=48
TX,REAL,3,,37,48,402017.0,401805,402017.0,,,,963,402017000	ID:3	[INFO: Metric    ] METRIC_TX type=REAL node=3 seq=37 bytes=48 time_ms=401805
RX,REAL,,3,37,48,402034.168,401603,402034.168,401805,401603,17.168000000005122,964,402034168	ID:1	[INFO: Metric    ] METRIC_RX type=REAL src=3 seq=37 send_ms=401805 recv_ms=401603 bytes=48
TX,REAL,5,,37,48,405102.0,404132,405102.0,,,,966,405102000	ID:5	[INFO: Metric    ] METRIC_TX type=REAL node=5 seq=37 bytes=48 time_ms=404132
TX,DUMMY,5,,10,48,405103.0,404133,405103.0,,,,967,405103000	ID:5	[INFO: Metric    ] METRIC_TX type=DUMMY node=5 seq=10 bytes=48 time_ms=404133
TX,REAL,4,,36,48,405113.0,404164,405113.0,,,,968,405113000	ID:4	[INFO: Metric    ] METRIC_TX type=REAL node=4 seq=36 bytes=48 time_ms=404164
RX,REAL,,4,36,48,405167.168,404736,405167.168,404164,404736,54.16800000000512,969,405167168	ID:1	[INFO: Metric    ] METRIC_RX type=REAL src=4 seq=36 send_ms=404164 recv_ms=404736 bytes=48
RX,REAL,,5,37,48,405227.072,404796,405227.072,404132,404796,125.07199999998556,970,405227072	ID:1	[INFO: Metric    ] METRIC_RX type=REAL src=5 seq=37 send_ms=404132 recv_ms=404796 bytes=48
RX,DUMMY,,5,10,48,405293.728,404862,405293.728,404133,404862,,973,405293728	ID:1	[INFO: Metric    ] METRIC_RX type=DUMMY src=5 seq=10 send_ms=404133 recv_ms=404862 bytes=48
TX,REAL,2,,39,48,407414.0,407021,407414.0,,,,975,407414000	ID:2	[INFO: Metric    ] METRIC_TX type=REAL node=2 seq=39 bytes=48 time_ms=407021
TX,DUMMY,2,,8,48,407415.0,407022,407415.0,,,,976,407415000	ID:2	[INFO: Metric    ] METRIC_TX type=DUMMY node=2 seq=8 bytes=48 time_ms=407022
RX,REAL,,2,39,48,407458.88,407027,407458.88,407021,407027,44.88000000000466,977,407458880	ID:1	[INFO: Metric    ] METRIC_RX type=REAL src=2 seq=39 send_ms=407021 recv_ms=407027 bytes=48
RX,DUMMY,,2,8,48,407474.88,407043,407474.88,407022,407043,,979,407474880	ID:1	[INFO: Metric    ] METRIC_RX type=DUMMY src=2 seq=8 send_ms=407022 recv_ms=407043 bytes=48
TX,REAL,6,,38,48,410874.0,410786,410874.0,,,,981,410874000	ID:6	[INFO: Metric    ] METRIC_TX type=REAL node=6 seq=38 bytes=48 time_ms=410786
RX,REAL,,6,38,48,410902.88,410471,410902.88,410786,410471,28.880000000004657,982,410902880	ID:1	[INFO: Metric    ] METRIC_RX type=REAL src=6 seq=38 send_ms=410786 recv_ms=410471 bytes=48
TX,REAL,3,,38,48,411018.0,410806,411018.0,,,,984,411018000	ID:3	[INFO: Metric    ] METRIC_TX type=REAL node=3 seq=38 bytes=48 time_ms=410806
RX,REAL,,3,38,48,411051.168,410620,411051.168,410806,410620,33.16800000000512,985,411051168	ID:1	[INFO: Metric    ] METRIC_RX type=REAL src=3 seq=38 send_ms=410806 recv_ms=410620 bytes=48
TX,REAL,7,,40,48,412101.0,412079,412101.0,,,,989,412101000	ID:7	[INFO: Metric    ] METRIC_TX type=REAL node=7 seq=40 bytes=48 time_ms=412079
RX,REAL,,7,40,48,412122.88,411691,412122.88,412079,411691,21.880000000004657,990,412122880	ID:1	[INFO: Metric    ] METRIC_RX type=REAL src=7 seq=40 send_ms=412079 recv_ms=411691 bytes=48
TX,REAL,5,,38,48,415104.0,414134,415104.0,,,,992,415104000	ID:5	[INFO: Metric    ] METRIC_TX type=REAL node=5 seq=38 bytes=48 time_ms=414134
TX,REAL,4,,37,48,415114.0,414165,415114.0,,,,993,415114000	ID:4	[INFO: Metric    ] METRIC_TX type=REAL node=4 seq=37 bytes=48 time_ms=414165
RX,REAL,,4,37,48,415131.248,414700,415131.248,414165,414700,17.24800000002142,994,415131248	ID:1	[INFO: Metric    ] METRIC_RX type=REAL src=4 seq=37 send_ms=414165 recv_ms=414700 bytes=48
RX,REAL,,5,38,48,415293.168,414862,415293.168,414134,414862,189.16800000000512,997,415293168	ID:1	[INFO: Metric    ] METRIC_RX type=REAL src=5 seq=38 send_ms=414134 recv_ms=414862 bytes=48
TX,REAL,2,,40,48,418416.0,418023,418416.0,,,,1001,418416000	ID:2	[INFO: Metric    ] METRIC_TX type=REAL node=2 seq=40 bytes=48 time_ms=418023
TX,DUMMY,2,,9,48,418417.0,418024,418417.0,,,,1002,418417000	ID:2	[INFO: Metric    ] METRIC_TX type=DUMMY node=2 seq=9 bytes=48 time_ms=418024
RX,REAL,,2,40,48,418452.88,418021,418452.88,418023,418021,36.88000000000466,1003,418452880	ID:1	[INFO: Metric    ] METRIC_RX type=REAL src=2 seq=40 send_ms=418023 recv_ms=418021 bytes=48
RX,DUMMY,,2,9,48,418486.88,418055,418486.88,418024,418055,,1004,418486880	ID:1	[INFO: Metric    ] METRIC_RX type=DUMMY src=2 seq=9 send_ms=418024 recv_ms=418055 bytes=48
TX,REAL,3,,39,48,421019.0,420807,421019.0,,,,1007,421019000	ID:3	[INFO: Metric    ] METRIC_TX type=REAL node=3 seq=39 bytes=48 time_ms=420807
TX,DUMMY,3,,4,48,421020.0,420808,421020.0,,,,1008,421020000	ID:3	[INFO: Metric    ] METRIC_TX type=DUMMY node=3 seq=4 bytes=48 time_ms=420808
TX,REAL,7,,41,48,421102.0,421080,421102.0,,,,1009,421102000	ID:7	[INFO: Metric    ] METRIC_TX type=REAL node=7 seq=41 bytes=48 time_ms=421080
RX,REAL,,7,41,48,421145.88,420714,421145.88,421080,420714,43.88000000000466,1010,421145880	ID:1	[INFO: Metric    ] METRIC_RX type=REAL src=7 seq=41 send_ms=421080 recv_ms=420714 bytes=48
RX,REAL,,3,39,48,421161.168,420730,421161.168,420807,420730,142.16800000000512,1011,421161168	ID:1	[INFO: Metric    ] METRIC_RX type=REAL src=3 seq=39 send_ms=420807 recv_ms=420730 bytes=48
RX,DUMMY,,3,4,48,421260.168,420829,421260.168,420808,420829,,1014,421260168	ID:1	[INFO: Metric    ] METRIC_RX type=DUMMY src=3 seq=4 send_ms=420808 recv_ms=420829 bytes=48
TX,REAL,6,,39,48,421875.0,421787,421875.0,,,,1016,421875000	ID:6	[INFO: Metric    ] METRIC_TX type=REAL node=6 seq=39 bytes=48 time_ms=421787
RX,REAL,,6,39,48,421884.88,421453,421884.88,421787,421453,9.880000000004657,1017,421884880	ID:1	[INFO: Metric    ] METRIC_RX type=REAL src=6 seq=39 send_ms=421787 recv_ms=421453 bytes=48
TX,REAL,5,,39,48,425105.0,424135,425105.0,,,,1019,425105000	ID:5	[INFO: Metric    ] METRIC_TX type=REAL node=5 seq=39 bytes=48 time_ms=424135
TX,DUMMY,5,,11,48,425106.0,424136,425106.0,,,,1020,425106000	ID:5	[INFO: Metric    ] METRIC_TX type=DUMMY node=5 seq=11 bytes=48 time_ms=424136
RX,REAL,,5,39,48,425132.168,424701,425132.168,424135,424701,27.168000000005122,1021,425132168	ID:1	[INFO: Metric    ] METRIC_RX type=REAL src=5 seq=39 send_ms=424135 recv_ms=424701 bytes=48
RX,DUMMY,,5,11,48,425170.168,424739,425170.168,424136,424739,,1022,425170168	ID:1	[INFO: Metric    ] METRIC_RX type=DUMMY src=5 seq=11 send_ms=424136 recv_ms=424739 bytes=48
TX,REAL,4,,38,48,426115.0,425166,426115.0,,,,1025,426115000	ID:4	[INFO: Metric    ] METRIC_TX type=REAL node=4 seq=38 bytes=48 time_ms=425166
TX,DUMMY,4,,6,48,426116.0,425167,426116.0,,,,1026,426116000	ID:4	[INFO: Metric    ] METRIC_TX type=DUMMY node=4 seq=6 bytes=48 time_ms=425167
RX,REAL,,4,38,48,426179.168,425748,426179.168,425166,425748,64.16800000000512,1027,426179168	ID:1	[INFO: Metric    ] METRIC_RX type=REAL src=4 seq=38 send_ms=425166 recv_ms=425748 bytes=48
RX,DUMMY,,4,6,48,426233.168,425802,426233.168,425167,425802,,1030,426233168	ID:1	[INFO: Metric    ] METRIC_RX type=DUMMY src=4 seq=6 send_ms=425167 recv_ms=425802 bytes=48
TX,REAL,2,,41,48,429418.0,429025,429418.0,,,,1032,429418000	ID:2	[INFO: Metric    ] METRIC_TX type=REAL node=2 seq=41 bytes=48 time_ms=429025
RX,REAL,,2,41,48,429436.88,429005,429436.88,429025,429005,18.880000000004657,1033,429436880	ID:1	[INFO: Metric    ] METRIC_RX type=REAL src=2 seq=41 send_ms=429025 recv_ms=429005 bytes=48
TX,REAL,3,,40,48,430021.0,429809,430021.0,,,,1037,430021000	ID:3	[INFO: Metric    ] METRIC_TX type=REAL node=3 seq=40 bytes=48 time_ms=429809
RX,REAL,,3,40,48,430098.168,429667,430098.168,429809,429667,77.16800000000512,1038,430098168	ID:1	[INFO: Metric    ] METRIC_RX type=REAL src=3 seq=40 send_ms=429809 recv_ms=429667 bytes=48
TX,REAL,6,,40,48,430876.0,430788,430876.0,,,,1042,430876000	ID:6	[INFO: Metric    ] METRIC_TX type=REAL node=6 seq=40 bytes=48 time_ms=430788
RX,REAL,,6,40,48,430891.88,430460,430891.88,430788,430460,15.880000000004657,1043,430891880	ID:1	[INFO: Metric    ] METRIC_RX type=REAL src=6 seq=40 send_ms=430788 recv_ms=430460 bytes=48
TX,REAL,7,,42,48,432103.0,432081,432103.0,,,,1045,432103000	ID:7	[INFO: Metric    ] METRIC_TX type=REAL node=7 seq=42 bytes=48 time_ms=432081
RX,REAL,,7,42,48,432127.88,431696,432127.88,432081,431696,24.880000000004657,1046,432127880	ID:1	[INFO: Metric    ] METRIC_RX type=REAL src=7 seq=42 send_ms=432081 recv_ms=431696 bytes=48
TX,REAL,5,,40,48,436107.0,435137,436107.0,,,,1050,436107000	ID:5	[INFO: Metric    ] METRIC_TX type=REAL node=5 seq=40 bytes=48 time_ms=435137
RX,REAL,,5,40,48,436141.168,435710,436141.168,435137,435710,34.16800000000512,1051,436141168	ID:1	[INFO: Metric    ] METRIC_RX type=REAL src=5 seq=40 send_ms=435137 recv_ms=435710 bytes=48
TX,REAL,4,,39,48,437117.0,436168,437117.0,,,,1053,437117000	ID:4	[INFO: Metric    ] METRIC_TX type=REAL node=4 seq=39 bytes=48 time_ms=436168
RX,REAL,,4,39,48,437170.168,436739,437170.168,436168,436739,53.16800000000512,1054,437170168	ID:1	[INFO: Metric    ] METRIC_RX type=REAL src=4 seq=39 send_ms=436168 recv_ms=436739 bytes=48
TX,REAL,2,,42,48,439419.0,439026,439419.0,,,,1056,439419000	ID:2	[INFO: Metric    ] METRIC_TX type=REAL node=2 seq=42 bytes=48 time_ms=439026
RX,REAL,,2,42,48,439428.88,438997,439428.88,439026,438997,9.880000000004657,1057,439428880	ID:1	[INFO: Metric    ] METRIC_RX type=REAL src=2 seq=42 send_ms=439026 recv_ms=438997 bytes=48
TX,REAL,3,,41,48,440022.0,439810,440022.0,,,,1059,440022000	ID:3	[INFO: Metric    ] METRIC_TX type=REAL node=3 seq=41 bytes=48 time_ms=439810
RX,REAL,,3,41,48,440089.168,439658,440089.168,439810,439658,67.16800000000512,1060,440089168	ID:1	[INFO: Metric    ] METRIC_RX type=REAL src=3 seq=41 send_ms=439810 recv_ms=439658 bytes=48
TX,REAL,6,,41,48,441877.0,441789,441877.0,,,,1062,441877000	ID:6	[INFO: Metric    ] METRIC_TX type=REAL node=6 seq=41 bytes=48 time_ms=441789
RX,REAL,,6,41,48,441913.88,441482,441913.88,441789,441482,36.88000000000466,1063,441913880	ID:1	[INFO: Metric    ] METRIC_RX type=REAL src=6 seq=41 send_ms=441789 recv_ms=441482 bytes=48
TX,REAL,7,,43,48,442104.0,442082,442104.0,,,,1066,442104000	ID:7	[INFO: Metric    ] METRIC_TX type=REAL node=7 seq=43 bytes=48 time_ms=442082
RX,REAL,,7,43,48,442115.88,441684,442115.88,442082,441684,11.880000000004657,1067,442115880	ID:1	[INFO: Metric    ] METRIC_RX type=REAL src=7 seq=43 send_ms=442082 recv_ms=441684 bytes=48
TX,REAL,5,,41,48,445108.0,444138,445108.0,,,,1069,445108000	ID:5	[INFO: Metric    ] METRIC_TX type=REAL node=5 seq=41 bytes=48 time_ms=444138
RX,REAL,,5,41,48,445153.168,444722,445153.168,444138,444722,45.16800000000512,1070,445153168	ID:1	[INFO: Metric    ] METRIC_RX type=REAL src=5 seq=41 send_ms=444138 recv_ms=444722 bytes=48
TX,REAL,4,,40,48,446118.0,445169,446118.0,,,,1074,446118000	ID:4	[INFO: Metric    ] METRIC_TX type=REAL node=4 seq=40 bytes=48 time_ms=445169
RX,REAL,,4,40,48,446148.168,445717,446148.168,445169,445717,30.168000000005122,1075,446148168	ID:1	[INFO: Metric    ] METRIC_RX type=REAL src=4 seq=40 send_ms=445169 recv_ms=445717 bytes=48
TX,REAL,3,,42,48,449023.0,448811,449023.0,,,,1077,449023000	ID:3	[INFO: Metric    ] METRIC_TX type=REAL node=3 seq=42 bytes=48 time_ms=448811
RX,REAL,,3,42,48,449073.168,448642,449073.168,448811,448642,50.16800000000512,1078,449073168	ID:1	[INFO: Metric    ] METRIC_RX type=REAL src=3 seq=42 send_ms=448811 recv_ms=448642 bytes=48
TX,REAL,2,,43,48,450420.0,450027,450420.0,,,,1080,450420000	ID:2	[INFO: Metric    ] METRIC_TX type=REAL node=2 seq=43 bytes=48 time_ms=450027
RX,REAL,,2,43,48,450460.88,450029,450460.88,450027,450029,40.88000000000466,1081,450460880	ID:1	[INFO: Metric    ] METRIC_RX type=REAL src=2 seq=43 send_ms=450027 recv_ms=450029 bytes=48
TX,REAL,6,,42,48,452878.0,452790,452878.0,,,,1083,452878000	ID:6	[INFO: Metric    ] METRIC_TX type=REAL node=6 seq=42 bytes=48 time_ms=452790
RX,REAL,,6,42,48,452887.88,452456,452887.88,452790,452456,9.880000000004657,1084,452887880	ID:1	[INFO: Metric    ] METRIC_RX type=REAL src=6 seq=42 send_ms=452790 recv_ms=452456 bytes=48
TX,REAL,7,,44,48,453105.0,453083,453105.0,,,,1086,453105000	ID:7	[INFO: Metric    ] METRIC_TX type=REAL node=7 seq=44 bytes=48 time_ms=453083
RX,REAL,,7,44,48,453120.88,452689,453120.88,453083,452689,15.880000000004657,1087,453120880	ID:1	[INFO: Metric    ] METRIC_RX type=REAL src=7 seq=44 send_ms=453083 recv_ms=452689 bytes=48
TX,REAL,5,,42,48,456109.0,455139,456109.0,,,,1089,456109000	ID:5	[INFO: Metric    ] METRIC_TX type=REAL node=5 seq=42 bytes=48 time_ms=455139
TX,DUMMY,5,,12,48,456110.0,455140,456110.0,,,,1090,456110000	ID:5	[INFO: Metric    ] METRIC_TX type=DUMMY node=5 seq=12 bytes=48 time_ms=455140
TX,REAL,4,,41,48,456119.0,455170,456119.0,,,,1091,456119000	ID:4	[INFO: Metric    ] METRIC_TX type=REAL node=4 seq=41 bytes=48 time_ms=455170
TX,DUMMY,4,,7,48,456120.0,455171,456120.0,,,,1092,456120000	ID:4	[INFO: Metric    ] METRIC_TX type=DUMMY node=4 seq=7 bytes=48 time_ms=455171
RX,REAL,,4,41,48,456185.168,455754,456185.168,455170,455754,66.16800000000512,1093,456185168	ID:1	[INFO: Metric    ] METRIC_RX type=REAL src=4 seq=41 send_ms=455170 recv_ms=455754 bytes=48
RX,REAL,,5,42,48,456214.304,455783,456214.304,455139,455783,105.30400000000373,1094,456214304	ID:1	[INFO: Metric    ] METRIC_RX type=REAL src=5 seq=42 send_ms=455139 recv_ms=455783 bytes=48
RX,DUMMY,,4,7,48,456252.168,455821,456252.168,455171,455821,,1096,456252168	ID:1	[INFO: Metric    ] METRIC_RX type=DUMMY src=4 seq=7 send_ms=455171 recv_ms=455821 bytes=48
RX,DUMMY,,5,12,48,456319.592,455888,456319.592,455140,455888,,1099,456319592	ID:1	[INFO: Metric    ] METRIC_RX type=DUMMY src=5 seq=12 send_ms=455140 recv_ms=455888 bytes=48
TX,REAL,3,,43,48,458024.0,457812,458024.0,,,,1102,458024000	ID:3	[INFO: Metric    ] METRIC_TX type=REAL node=3 seq=43 bytes=48 time_ms=457812
RX,REAL,,3,43,48,458101.168,457670,458101.168,457812,457670,77.16800000000512,1103,458101168	ID:1	[INFO: Metric    ] METRIC_RX type=REAL src=3 seq=43 send_ms=457812 recv_ms=457670 bytes=48
TX,REAL,2,,44,48,461421.0,461028,461421.0,,,,1105,461421000	ID:2	[INFO: Metric    ] METRIC_TX type=REAL node=2 seq=44 bytes=48 time_ms=461028
RX,REAL,,2,44,48,461429.88,460998,461429.88,461028,460998,8.880000000004657,1106,461429880	ID:1	[INFO: Metric    ] METRIC_RX type=REAL src=2 seq=44 send_ms=461028 recv_ms=460998 bytes=48
TX,REAL,7,,45,48,462106.0,462084,462106.0,,,,1108,462106000	ID:7	[INFO: Metric    ] METRIC_TX type=REAL node=7 seq=45 bytes=48 time_ms=462084
TX,DUMMY,7,,5,48,462107.0,462085,462107.0,,,,1109,462107000	ID:7	[INFO: Metric    ] METRIC_TX type=DUMMY node=7 seq=5 bytes=48 time_ms=462085
RX,REAL,,7,45,48,462128.88,461697,462128.88,462084,461697,22.880000000004657,1110,462128880	ID:1	[INFO: Metric    ] METRIC_RX type=REAL src=7 seq=45 send_ms=462084 recv_ms=461697 bytes=48
RX,DUMMY,,7,5,48,462146.88,461715,462146.88,462085,461715,,1112,462146880	ID:1	[INFO: Metric    ] METRIC_RX type=DUMMY src=7 seq=5 send_ms=462085 recv_ms=461715 bytes=48
TX,REAL,6,,43,48,462879.0,462791,462879.0,,,,1114,462879000	ID:6	[INFO: Metric    ] METRIC_TX type=REAL node=6 seq=43 bytes=48 time_ms=462791
RX,REAL,,6,43,48,462894.88,462463,462894.88,462791,462463,15.880000000004657,1115,462894880	ID:1	[INFO: Metric    ] METRIC_RX type=REAL src=6 seq=43 send_ms=462791 recv_ms=462463 bytes=48
TX,REAL,5,,43,48,467111.0,466141,467111.0,,,,1117,467111000	ID:5	[INFO: Metric    ] METRIC_TX type=REAL node=5 seq=43 bytes=48 time_ms=466141
TX,REAL,4,,42,48,467121.0,466172,467121.0,,,,1118,467121000	ID:4	[INFO: Metric    ] METRIC_TX type=REAL node=4 seq=42 bytes=48 time_ms=466172
RX,REAL,,5,43,48,467147.168,466716,467147.168,466141,466716,36.16800000000512,1119,467147168	ID:1	[INFO: Metric    ] METRIC_RX type=REAL src=5 seq=43 send_ms=466141 recv_ms=466716 bytes=48
RX,REAL,,4,42,48,467161.168,466730,467161.168,466172,466730,40.16800000000512,1120,467161168	ID:1	[INFO: Metric    ] METRIC_RX type=REAL src=4 seq=42 send_ms=466172 recv_ms=466730 bytes=48
TX,REAL,3,,44,48,469025.0,468813,469025.0,,,,1123,469025000	ID:3	[INFO: Metric    ] METRIC_TX type=REAL node=3 seq=44 bytes=48 time_ms=468813
RX,REAL,,3,44,48,469074.168,468643,469074.168,468813,468643,49.16800000000512,1124,469074168	ID:1	[INFO: Metric    ] METRIC_RX type=REAL src=3 seq=44 send_ms=468813 recv_ms=468643 bytes=48
TX,REAL,7,,46,48,471108.0,471086,471108.0,,,,1126,471108000	ID:7	[INFO: Metric    ] METRIC_TX type=REAL node=7 seq=46 bytes=48 time_ms=471086
TX,DUMMY,7,,6,48,471109.0,471087,471109.0,,,,1127,471109000	ID:7	[INFO: Metric    ] METRIC_TX type=DUMMY node=7 seq=6 bytes=48 time_ms=471087
RX,REAL,,7,46,48,471126.88,470695,471126.88,471086,470695,18.880000000004657,1128,471126880	ID:1	[INFO: Metric    ] METRIC_RX type=REAL src=7 seq=46 send_ms=471086 recv_ms=470695 bytes=48
RX,DUMMY,,7,6,48,471143.88,470712,471143.88,471087,470712,,1130,471143880	ID:1	[INFO: Metric    ] METRIC_RX type=DUMMY src=7 seq=6 send_ms=471087 recv_ms=470712 bytes=48
TX,REAL,6,,44,48,471880.0,471792,471880.0,,,,1133,471880000	ID:6	[INFO: Metric    ] METRIC_TX type=REAL node=6 seq=44 bytes=48 time_ms=471792
RX,REAL,,6,44,48,471905.88,471474,471905.88,471792,471474,25.880000000004657,1134,471905880	ID:1	[INFO: Metric    ] METRIC_RX type=REAL src=6 seq=44 send_ms=471792 recv_ms=471474 bytes=48
TX,REAL,2,,45,48,472422.0,472029,472422.0,,,,1136,472422000	ID:2	[INFO: Metric    ] METRIC_TX type=REAL node=2 seq=45 bytes=48 time_ms=472029
RX,REAL,,2,45,48,472444.88,472013,472444.88,472029,472013,22.880000000004657,1137,472444880	ID:1	[INFO: Metric    ] METRIC_RX type=REAL src=2 seq=45 send_ms=472029 recv_ms=472013 bytes=48
TX,REAL,5,,44,48,476112.0,475142,476112.0,,,,1139,476112000	ID:5	[INFO: Metric    ] METRIC_TX type=REAL node=5 seq=44 bytes=48 time_ms=475142
TX,REAL,4,,43,48,476122.0,475173,476122.0,,,,1140,476122000	ID:4	[INFO: Metric    ] METRIC_TX type=REAL node=4 seq=43 bytes=48 time_ms=475173
RX,REAL,,5,44,48,476165.072,475734,476165.072,475142,475734,53.071999999985565,1141,476165072	ID:1	[INFO: Metric    ] METRIC_RX type=REAL src=5 seq=44 send_ms=475142 recv_ms=475734 bytes=48
RX,REAL,,4,43,48,476169.24,475738,476169.24,475173,475738,47.23999999999069,1142,476169240	ID:1	[INFO: Metric    ] METRIC_RX type=REAL src=4 seq=43 send_ms=475173 recv_ms=475738 bytes=48
TX,REAL,3,,45,48,478026.0,477814,478026.0,,,,1145,478026000	ID:3	[INFO: Metric    ] METRIC_TX type=REAL node=3 seq=45 bytes=48 time_ms=477814
RX,REAL,,3,45,48,478094.168,477663,478094.168,477814,477663,68.16800000000512,1146,478094168	ID:1	[INFO: Metric    ] METRIC_RX type=REAL src=3 seq=45 send_ms=477814 recv_ms=477663 bytes=48
TX,REAL,6,,45,48,480881.0,480793,480881.0,,,,1148,480881000	ID:6	[INFO: Metric    ] METRIC_TX type=REAL node=6 seq=45 bytes=48 time_ms=480793
TX,DUMMY,6,,10,48,480882.0,480794,480882.0,,,,1149,480882000	ID:6	[INFO: Metric    ] METRIC_TX type=DUMMY node=6 seq=10 bytes=48 time_ms=480794
RX,REAL,,6,45,48,480905.88,480474,480905.88,480793,480474,24.880000000004657,1150,480905880	ID:1	[INFO: Metric    ] METRIC_RX type=REAL src=6 seq=45 send_ms=480793 recv_ms=480474 bytes=48
RX,DUMMY,,6,10,48,480951.88,480520,480951.88,480794,480520,,1152,480951880	ID:1	[INFO: Metric    ] METRIC_RX type=DUMMY src=6 seq=10 send_ms=480794 recv_ms=480520 bytes=48
TX,REAL,7,,47,48,482110.0,482088,482110.0,,,,1154,482110000	ID:7	[INFO: Metric    ] METRIC_TX type=REAL node=7 seq=47 bytes=48 time_ms=482088
RX,REAL,,7,47,48,482152.88,481721,482152.88,482088,481721,42.88000000000466,1155,482152880	ID:1	[INFO: Metric    ] METRIC_RX type=REAL src=7 seq=47 send_ms=482088 recv_ms=481721 bytes=48
TX,REAL,2,,46,48,482423.0,482030,482423.0,,,,1157,482423000	ID:2	[INFO: Metric    ] METRIC_TX type=REAL node=2 seq=46 bytes=48 time_ms=482030
RX,REAL,,2,46,48,482441.88,482010,482441.88,482030,482010,18.880000000004657,1158,482441880	ID:1	[INFO: Metric    ] METRIC_RX type=REAL src=2 seq=46 send_ms=482030 recv_ms=482010 bytes=48
TX,REAL,3,,46,48,487027.0,486815,487027.0,,,,1161,487027000	ID:3	[INFO: Metric    ] METRIC_TX type=REAL node=3 seq=46 bytes=48 time_ms=486815
RX,REAL,,3,46,48,487097.168,486666,487097.168,486815,486666,70.16800000000512,1162,487097168	ID:1	[INFO: Metric    ] METRIC_RX type=REAL src=3 seq=46 send_ms=486815 recv_ms=486666 bytes=48
TX,REAL,5,,45,48,487113.0,486143,487113.0,,,,1163,487113000	ID:5	[INFO: Metric    ] METRIC_TX type=REAL node=5 seq=45 bytes=48 time_ms=486143
TX,REAL,4,,44,48,487123.0,486174,487123.0,,,,1164,487123000	ID:4	[INFO: Metric    ] METRIC_TX type=REAL node=4 seq=44 bytes=48 time_ms=486174
RX,REAL,,4,44,48,487169.304,486738,487169.304,486174,486738,46.304000000003725,1166,487169304	ID:1	[INFO: Metric    ] METRIC_RX type=REAL src=4 seq=44 send_ms=486174 recv_ms=486738 bytes=48
RX,REAL,,5,45,48,487202.168,486771,487202.168,486143,486771,89.16800000000512,1167,487202168	ID:1	[INFO: Metric    ] METRIC_RX type=REAL src=5 seq=45 send_ms=486143 recv_ms=486771 bytes=48
TX,REAL,6,,46,48,490883.0,490795,490883.0,,,,1170,490883000	ID:6	[INFO: Metric    ] METRIC_TX type=REAL node=6 seq=46 bytes=48 time_ms=490795
RX,REAL,,6,46,48,490913.88,490482,490913.88,490795,490482,30.880000000004657,1171,490913880	ID:1	[INFO: Metric    ] METRIC_RX type=REAL src=6 seq=46 send_ms=490795 recv_ms=490482 bytes=48
TX,REAL,2,,47,48,492424.0,492031,492424.0,,,,1173,492424000	ID:2	[INFO: Metric    ] METRIC_TX type=REAL node=2 seq=47 bytes=48 time_ms=492031
RX,REAL,,2,47,48,492458.88,492027,492458.88,492031,492027,34.88000000000466,1174,492458880	ID:1	[INFO: Metric    ] METRIC_RX type=REAL src=2 seq=47 send_ms=492031 recv_ms=492027 bytes=48
TX,REAL,7,,48,48,493111.0,493089,493111.0,,,,1176,493111000	ID:7	[INFO: Metric    ] METRIC_TX type=REAL node=7 seq=48 bytes=48 time_ms=493089
TX,DUMMY,7,,7,48,493112.0,493090,493112.0,,,,1177,493112000	ID:7	[INFO: Metric    ] METRIC_TX type=DUMMY node=7 seq=7 bytes=48 time_ms=493090
RX,REAL,,7,48,48,493143.88,492712,493143.88,493089,492712,32.88000000000466,1178,493143880	ID:1	[INFO: Metric    ] METRIC_RX type=REAL src=7 seq=48 send_ms=493089 recv_ms=492712 bytes=48
RX,DUMMY,,7,7,48,493160.88,492729,493160.88,493090,492729,,1179,493160880	ID:1	[INFO: Metric    ] METRIC_RX type=DUMMY src=7 seq=7 send_ms=493090 recv_ms=492729 bytes=48
TX,REAL,3,,47,48,496028.0,495816,496028.0,,,,1182,496028000	ID:3	[INFO: Metric    ] METRIC_TX type=REAL node=3 seq=47 bytes=48 time_ms=495816
RX,REAL,,3,47,48,496097.168,495666,496097.168,495816,495666,69.16800000000512,1183,496097168	ID:1	[INFO: Metric    ] METRIC_RX type=REAL src=3 seq=47 send_ms=495816 recv_ms=495666 bytes=48
TX,REAL,4,,45,48,496124.0,495175,496124.0,,,,1184,496124000	ID:4	[INFO: Metric    ] METRIC_TX type=REAL node=4 seq=45 bytes=48 time_ms=495175
RX,REAL,,4,45,48,496175.168,495744,496175.168,495175,495744,51.16800000000512,1185,496175168	ID:1	[INFO: Metric    ] METRIC_RX type=REAL src=4 seq=45 send_ms=495175 recv_ms=495744 bytes=48
TX,REAL,5,,46,48,498114.0,497144,498114.0,,,,1188,498114000	ID:5	[INFO: Metric    ] METRIC_TX type=REAL node=5 seq=46 bytes=48 time_ms=497144
RX,REAL,,5,46,48,498161.168,497730,498161.168,497144,497730,47.16800000000512,1189,498161168	ID:1	[INFO: Metric    ] METRIC_RX type=REAL src=5 seq=46 send_ms=497144 recv_ms=497730 bytes=48
TX,REAL,6,,47,48,500884.0,500796,500884.0,,,,1192,500884000	ID:6	[INFO: Metric    ] METRIC_TX type=REAL node=6 seq=47 bytes=48 time_ms=500796
RX,REAL,,6,47,48,500908.88,500477,500908.88,500796,500477,24.880000000004657,1193,500908880	ID:1	[INFO: Metric    ] METRIC_RX type=REAL src=6 seq=47 send_ms=500796 recv_ms=500477 bytes=48
TX,REAL,2,,48,48,502425.0,502032,502425.0,,,,1195,502425000	ID:2	[INFO: Metric    ] METRIC_TX type=REAL node=2 seq=48 bytes=48 time_ms=502032
RX,REAL,,2,48,48,502438.88,502007,502438.88,502032,502007,13.880000000004657,1196,502438880	ID:1	[INFO: Metric    ] METRIC_RX type=REAL src=2 seq=48 send_ms=502032 recv_ms=502007 bytes=48
TX,REAL,7,,49,48,504113.0,504091,504113.0,,,,1198,504113000	ID:7	[INFO: Metric    ] METRIC_TX type=REAL node=7 seq=49 bytes=48 time_ms=504091
RX,REAL,,7,49,48,504146.88,503715,504146.88,504091,503715,33.88000000000466,1199,504146880	ID:1	[INFO: Metric    ] METRIC_RX type=REAL src=7 seq=49 send_ms=504091 recv_ms=503715 bytes=48
TX,REAL,3,,48,48,505029.0,504817,505029.0,,,,1201,505029000	ID:3	[INFO: Metric    ] METRIC_TX type=REAL node=3 seq=48 bytes=48 time_ms=504817
RX,REAL,,3,48,48,505073.168,504642,505073.168,504817,504642,44.16800000000512,1202,505073168	ID:1	[INFO: Metric    ] METRIC_RX type=REAL src=3 seq=48 send_ms=504817 recv_ms=504642 bytes=48
TX,REAL,4,,46,48,506125.0,505176,506125.0,,,,1204,506125000	ID:4	[INFO: Metric    ] METRIC_TX type=REAL node=4 seq=46 bytes=48 time_ms=505176
RX,REAL,,4,46,48,506183.168,505752,506183.168,505176,505752,58.16800000000512,1205,506183168	ID:1	[INFO: Metric    ] METRIC_RX type=REAL src=4 seq=46 send_ms=505176 recv_ms=505752 bytes=48
TX,REAL,5,,47,48,509115.0,508145,509115.0,,,,1207,509115000	ID:5	[INFO: Metric    ] METRIC_TX type=REAL node=5 seq=47 bytes=48 time_ms=508145
RX,REAL,,5,47,48,509170.168,508739,509170.168,508145,508739,55.16800000000512,1208,509170168	ID:1	[INFO: Metric    ] METRIC_RX type=REAL src=5 seq=47 send_ms=508145 recv_ms=508739 bytes=48
TX,REAL,6,,48,48,510885.0,510797,510885.0,,,,1210,510885000	ID:6	[INFO: Metric    ] METRIC_TX type=REAL node=6 seq=48 bytes=48 time_ms=510797
TX,DUMMY,6,,11,48,510886.0,510798,510886.0,,,,1211,510886000	ID:6	[INFO: Metric    ] METRIC_TX type=DUMMY node=6 seq=11 bytes=48 time_ms=510798
RX,REAL,,6,48,48,510904.88,510473,510904.88,510797,510473,19.880000000004657,1212,510904880	ID:1	[INFO: Metric    ] METRIC_RX type=REAL src=6 seq=48 send_ms=510797 recv_ms=510473 bytes=48
RX,DUMMY,,6,11,48,510934.88,510503,510934.88,510798,510503,,1214,510934880	ID:1	[INFO: Metric    ] METRIC_RX type=DUMMY src=6 seq=11 send_ms=510798 recv_ms=510503 bytes=48
TX,REAL,2,,49,48,512426.0,512033,512426.0,,,,1216,512426000	ID:2	[INFO: Metric    ] METRIC_TX type=REAL node=2 seq=49 bytes=48 time_ms=512033
TX,DUMMY,2,,10,48,512427.0,512034,512427.0,,,,1217,512427000	ID:2	[INFO: Metric    ] METRIC_TX type=DUMMY node=2 seq=10 bytes=48 time_ms=512034
RX,REAL,,2,49,48,512466.88,512035,512466.88,512033,512035,40.88000000000466,1218,512466880	ID:1	[INFO: Metric    ] METRIC_RX type=REAL src=2 seq=49 send_ms=512033 recv_ms=512035 bytes=48
RX,DUMMY,,2,10,48,512481.88,512050,512481.88,512034,512050,,1219,512481880	ID:1	[INFO: Metric    ] METRIC_RX type=DUMMY src=2 seq=10 send_ms=512034 recv_ms=512050 bytes=48
TX,REAL,7,,50,48,513114.0,513092,513114.0,,,,1225,513114000	ID:7	[INFO: Metric    ] METRIC_TX type=REAL node=7 seq=50 bytes=48 time_ms=513092
TX,DUMMY,7,,8,48,513115.0,513093,513115.0,,,,1226,513115000	ID:7	[INFO: Metric    ] METRIC_TX type=DUMMY node=7 seq=8 bytes=48 time_ms=513093
RX,REAL,,7,50,48,513136.88,512705,513136.88,513092,512705,22.880000000004657,1227,513136880	ID:1	[INFO: Metric    ] METRIC_RX type=REAL src=7 seq=50 send_ms=513092 recv_ms=512705 bytes=48
RX,DUMMY,,7,8,48,513156.88,512725,513156.88,513093,512725,,1228,513156880	ID:1	[INFO: Metric    ] METRIC_RX type=DUMMY src=7 seq=8 send_ms=513093 recv_ms=512725 bytes=48
TX,REAL,3,,49,48,515030.0,514818,515030.0,,,,1231,515030000	ID:3	[INFO: Metric    ] METRIC_TX type=REAL node=3 seq=49 bytes=48 time_ms=514818
TX,DUMMY,3,,5,48,515031.0,514819,515031.0,,,,1232,515031000	ID:3	[INFO: Metric    ] METRIC_TX type=DUMMY node=3 seq=5 bytes=48 time_ms=514819
RX,REAL,,3,49,48,515057.168,514626,515057.168,514818,514626,27.168000000005122,1233,515057168	ID:1	[INFO: Metric    ] METRIC_RX type=REAL src=3 seq=49 send_ms=514818 recv_ms=514626 bytes=48
RX,DUMMY,,3,5,48,515112.168,514681,515112.168,514819,514681,,1235,515112168	ID:1	[INFO: Metric    ] METRIC_RX type=DUMMY src=3 seq=5 send_ms=514819 recv_ms=514681 bytes=48
TX,REAL,4,,47,48,516126.0,515177,516126.0,,,,1237,516126000	ID:4	[INFO: Metric    ] METRIC_TX type=REAL node=4 seq=47 bytes=48 time_ms=515177
RX,REAL,,4,47,48,516167.168,515736,516167.168,515177,515736,41.16800000000512,1238,516167168	ID:1	[INFO: Metric    ] METRIC_RX type=REAL src=4 seq=47 send_ms=515177 recv_ms=515736 bytes=48
TX,REAL,5,,48,48,518116.0,517146,518116.0,,,,1240,518116000	ID:5	[INFO: Metric    ] METRIC_TX type=REAL node=5 seq=48 bytes=48 time_ms=517146
RX,REAL,,5,48,48,518190.168,517759,518190.168,517146,517759,74.16800000000512,1241,518190168	ID:1	[INFO: Metric    ] METRIC_RX type=REAL src=5 seq=48 send_ms=517146 recv_ms=517759 bytes=48
TX,REAL,6,,49,48,520887.0,520799,520887.0,,,,1243,520887000	ID:6	[INFO: Metric    ] METRIC_TX type=REAL node=6 seq=49 bytes=48 time_ms=520799
TX,DUMMY,6,,12,48,520888.0,520800,520888.0,,,,1244,520888000	ID:6	[INFO: Metric    ] METRIC_TX type=DUMMY node=6 seq=12 bytes=48 time_ms=520800
RX,REAL,,6,49,48,520913.88,520482,520913.88,520799,520482,26.880000000004657,1245,520913880	ID:1	[INFO: Metric    ] METRIC_RX type=REAL src=6 seq=49 send_ms=520799 recv_ms=520482 bytes=48
RX,DUMMY,,6,12,48,520934.88,520503,520934.88,520800,520503,,1246,520934880	ID:1	[INFO: Metric    ] METRIC_RX type=DUMMY src=6 seq=12 send_ms=520800 recv_ms=520503 bytes=48
TX,REAL,2,,50,48,521428.0,521035,521428.0,,,,1251,521428000	ID:2	[INFO: Metric    ] METRIC_TX type=REAL node=2 seq=50 bytes=48 time_ms=521035
RX,REAL,,2,50,48,521437.88,521006,521437.88,521035,521006,9.880000000004657,1252,521437880	ID:1	[INFO: Metric    ] METRIC_RX type=REAL src=2 seq=50 send_ms=521035 recv_ms=521006 bytes=48
TX,REAL,7,,51,48,522116.0,522094,522116.0,,,,1254,522116000	ID:7	[INFO: Metric    ] METRIC_TX type=REAL node=7 seq=51 bytes=48 time_ms=522094
RX,REAL,,7,51,48,522133.88,521702,522133.88,522094,521702,17.880000000004657,1255,522133880	ID:1	[INFO: Metric    ] METRIC_RX type=REAL src=7 seq=51 send_ms=522094 recv_ms=521702 bytes=48
TX,REAL,3,,50,48,524032.0,523820,524032.0,,,,1260,524032000	ID:3	[INFO: Metric    ] METRIC_TX type=REAL node=3 seq=50 bytes=48 time_ms=523820
RX,REAL,,3,50,48,524084.168,523653,524084.168,523820,523653,52.16800000000512,1261,524084168	ID:1	[INFO: Metric    ] METRIC_RX type=REAL src=3 seq=50 send_ms=523820 recv_ms=523653 bytes=48
TX,REAL,4,,48,48,527127.0,526178,527127.0,,,,1263,527127000	ID:4	[INFO: Metric    ] METRIC_TX type=REAL node=4 seq=48 bytes=48 time_ms=526178
RX,REAL,,4,48,48,527214.168,526783,527214.168,526178,526783,87.16799999994691,1264,527214168	ID:1	[INFO: Metric    ] METRIC_RX type=REAL src=4 seq=48 send_ms=526178 recv_ms=526783 bytes=48
TX,REAL,5,,49,48,529117.0,528147,529117.0,,,,1266,529117000	ID:5	[INFO: Metric    ] METRIC_TX type=REAL node=5 seq=49 bytes=48 time_ms=528147
RX,REAL,,5,49,48,529170.168,528739,529170.168,528147,528739,53.167999999946915,1267,529170168	ID:1	[INFO: Metric    ] METRIC_RX type=REAL src=5 seq=49 send_ms=528147 recv_ms=528739 bytes=48
TX,REAL,6,,50,48,530889.0,530801,530889.0,,,,1271,530889000	ID:6	[INFO: Metric    ] METRIC_TX type=REAL node=6 seq=50 bytes=48 time_ms=530801
TX,DUMMY,6,,13,48,530890.0,530802,530890.0,,,,1272,530890000	ID:6	[INFO: Metric    ] METRIC_TX type=DUMMY node=6 seq=13 bytes=48 time_ms=530802
RX,REAL,,6,50,48,530921.88,530490,530921.88,530801,530490,32.88000000000466,1273,530921880	ID:1	[INFO: Metric    ] METRIC_RX type=REAL src=6 seq=50 send_ms=530801 recv_ms=530490 bytes=48
RX,DUMMY,,6,13,48,530967.88,530536,530967.88,530802,530536,,1274,530967880	ID:1	[INFO: Metric    ] METRIC_RX type=DUMMY src=6 seq=13 send_ms=530802 recv_ms=530536 bytes=48
TX,REAL,2,,51,48,532429.0,532036,532429.0,,,,1277,532429000	ID:2	[INFO: Metric    ] METRIC_TX type=REAL node=2 seq=51 bytes=48 time_ms=532036
RX,REAL,,2,51,48,532437.88,532006,532437.88,532036,532006,8.880000000004657,1278,532437880	ID:1	[INFO: Metric    ] METRIC_RX type=REAL src=2 seq=51 send_ms=532036 recv_ms=532006 bytes=48
TX,REAL,7,,52,48,533117.0,533095,533117.0,,,,1280,533117000	ID:7	[INFO: Metric    ] METRIC_TX type=REAL node=7 seq=52 bytes=48 time_ms=533095
RX,REAL,,7,52,48,533156.88,532725,533156.88,533095,532725,39.88000000000466,1281,533156880	ID:1	[INFO: Metric    ] METRIC_RX type=REAL src=7 seq=52 send_ms=533095 recv_ms=532725 bytes=48
TX,REAL,3,,51,48,535033.0,534821,535033.0,,,,1283,535033000	ID:3	[INFO: Metric    ] METRIC_TX type=REAL node=3 seq=51 bytes=48 time_ms=534821
TX,DUMMY,3,,6,48,535034.0,534822,535034.0,,,,1284,535034000	ID:3	[INFO: Metric    ] METRIC_TX type=DUMMY node=3 seq=6 bytes=48 time_ms=534822
RX,REAL,,3,51,48,535102.168,534671,535102.168,534821,534671,69.16799999994691,1285,535102168	ID:1	[INFO: Metric    ] METRIC_RX type=REAL src=3 seq=51 send_ms=534821 recv_ms=534671 bytes=48
RX,DUMMY,,3,6,48,535239.168,534808,535239.168,534822,534808,,1287,535239168	ID:1	[INFO: Metric    ] METRIC_RX type=DUMMY src=3 seq=6 send_ms=534822 recv_ms=534808 bytes=48
TX,REAL,4,,49,48,536128.0,535179,536128.0,,,,1289,536128000	ID:4	[INFO: Metric    ] METRIC_TX type=REAL node=4 seq=49 bytes=48 time_ms=535179
RX,REAL,,4,49,48,536178.168,535747,536178.168,535179,535747,50.167999999946915,1290,536178168	ID:1	[INFO: Metric    ] METRIC_RX type=REAL src=4 seq=49 send_ms=535179 recv_ms=535747 bytes=48
TX,REAL,5,,50,48,539118.0,538148,539118.0,,,,1295,539118000	ID:5	[INFO: Metric    ] METRIC_TX type=REAL node=5 seq=50 bytes=48 time_ms=538148
TX,DUMMY,5,,13,48,539119.0,538149,539119.0,,,,1296,539119000	ID:5	[INFO: Metric    ] METRIC_TX type=DUMMY node=5 seq=13 bytes=48 time_ms=538149
RX,REAL,,5,50,48,539156.168,538725,539156.168,538148,538725,38.167999999946915,1297,539156168	ID:1	[INFO: Metric    ] METRIC_RX type=REAL src=5 seq=50 send_ms=538148 recv_ms=538725 bytes=48
RX,DUMMY,,5,13,48,539189.168,538758,539189.168,538149,538758,,1298,539189168	ID:1	[INFO: Metric    ] METRIC_RX type=DUMMY src=5 seq=13 send_ms=538149 recv_ms=538758 bytes=48
TX,REAL,2,,52,48,541430.0,541037,541430.0,,,,1301,541430000	ID:2	[INFO: Metric    ] METRIC_TX type=REAL node=2 seq=52 bytes=48 time_ms=541037
RX,REAL,,2,52,48,541435.88,541004,541435.88,541037,541004,5.880000000004657,1302,541435880	ID:1	[INFO: Metric    ] METRIC_RX type=REAL src=2 seq=52 send_ms=541037 recv_ms=541004 bytes=48
TX,REAL,6,,51,48,541891.0,541803,541891.0,,,,1304,541891000	ID:6	[INFO: Metric    ] METRIC_TX type=REAL node=6 seq=51 bytes=48 time_ms=541803
RX,REAL,,6,51,48,541935.88,541504,541935.88,541803,541504,44.88000000000466,1305,541935880	ID:1	[INFO: Metric    ] METRIC_RX type=REAL src=6 seq=51 send_ms=541803 recv_ms=541504 bytes=48
TX,REAL,7,,53,48,542118.0,542096,542118.0,,,,1307,542118000	ID:7	[INFO: Metric    ] METRIC_TX type=REAL node=7 seq=53 bytes=48 time_ms=542096
RX,REAL,,7,53,48,542127.88,541696,542127.88,542096,541696,9.880000000004657,1308,542127880	ID:1	[INFO: Metric    ] METRIC_RX type=REAL src=7 seq=53 send_ms=542096 recv_ms=541696 bytes=48
TX,REAL,4,,50,48,545129.0,544180,545129.0,,,,1312,545129000	ID:4	[INFO: Metric    ] METRIC_TX type=REAL node=4 seq=50 bytes=48 time_ms=544180
RX,REAL,,4,50,48,545199.168,544768,545199.168,544180,544768,70.16799999994691,1313,545199168	ID:1	[INFO: Metric    ] METRIC_RX type=REAL src=4 seq=50 send_ms=544180 recv_ms=544768 bytes=48
TX,REAL,3,,52,48,546035.0,545823,546035.0,,,,1315,546035000	ID:3	[INFO: Metric    ] METRIC_TX type=REAL node=3 seq=52 bytes=48 time_ms=545823
RX,REAL,,3,52,48,546061.168,545630,546061.168,545823,545630,26.167999999946915,1316,546061168	ID:1	[INFO: Metric    ] METRIC_RX type=REAL src=3 seq=52 send_ms=545823 recv_ms=545630 bytes=48
TX,REAL,5,,51,48,549120.0,548150,549120.0,,,,1318,549120000	ID:5	[INFO: Metric    ] METRIC_TX type=REAL node=5 seq=51 bytes=48 time_ms=548150
RX,REAL,,5,51,48,549186.168,548755,549186.168,548150,548755,66.16799999994691,1319,549186168	ID:1	[INFO: Metric    ] METRIC_RX type=REAL src=5 seq=51 send_ms=548150 recv_ms=548755 bytes=48
TX,REAL,2,,53,48,552431.0,552038,552431.0,,,,1321,552431000	ID:2	[INFO: Metric    ] METRIC_TX type=REAL node=2 seq=53 bytes=48 time_ms=552038
RX,REAL,,2,53,48,552443.88,552012,552443.88,552038,552012,12.880000000004657,1322,552443880	ID:1	[INFO: Metric    ] METRIC_RX type=REAL src=2 seq=53 send_ms=552038 recv_ms=552012 bytes=48
TX,REAL,6,,52,48,552892.0,552804,552892.0,,,,1324,552892000	ID:6	[INFO: Metric    ] METRIC_TX type=REAL node=6 seq=52 bytes=48 time_ms=552804
TX,DUMMY,6,,14,48,552893.0,552805,552893.0,,,,1325,552893000	ID:6	[INFO: Metric    ] METRIC_TX type=DUMMY node=6 seq=14 bytes=48 time_ms=552805
RX,REAL,,6,52,48,552898.88,552467,552898.88,552804,552467,6.880000000004657,1326,552898880	ID:1	[INFO: Metric    ] METRIC_RX type=REAL src=6 seq=52 send_ms=552804 recv_ms=552467 bytes=48
RX,DUMMY,,6,14,48,552905.88,552474,552905.88,552805,552474,,1328,552905880	ID:1	[INFO: Metric    ] METRIC_RX type=DUMMY src=6 seq=14 send_ms=552805 recv_ms=552474 bytes=48
TX,REAL,7,,54,48,553119.0,553097,553119.0,,,,1331,553119000	ID:7	[INFO: Metric    ] METRIC_TX type=REAL node=7 seq=54 bytes=48 time_ms=553097
RX,REAL,,7,54,48,553128.88,552697,553128.88,553097,552697,9.880000000004657,1332,553128880	ID:1	[INFO: Metric    ] METRIC_RX type=REAL src=7 seq=54 send_ms=553097 recv_ms=552697 bytes=48
TX,REAL,4,,51,48,555130.0,554181,555130.0,,,,1334,555130000	ID:4	[INFO: Metric    ] METRIC_TX type=REAL node=4 seq=51 bytes=48 time_ms=554181
RX,REAL,,4,51,48,555195.168,554764,555195.168,554181,554764,65.16799999994691,1335,555195168	ID:1	[INFO: Metric    ] METRIC_RX type=REAL src=4 seq=51 send_ms=554181 recv_ms=554764 bytes=48
TX,REAL,3,,53,48,557036.0,556824,557036.0,,,,1337,557036000	ID:3	[INFO: Metric    ] METRIC_TX type=REAL node=3 seq=53 bytes=48 time_ms=556824
RX,REAL,,3,53,48,557114.168,556683,557114.168,556824,556683,78.16799999994691,1338,557114168	ID:1	[INFO: Metric    ] METRIC_RX type=REAL src=3 seq=53 send_ms=556824 recv_ms=556683 bytes=48
TX,REAL,5,,52,48,560121.0,559151,560121.0,,,,1340,560121000	ID:5	[INFO: Metric    ] METRIC_TX type=REAL node=5 seq=52 bytes=48 time_ms=559151
RX,REAL,,5,52,48,560161.168,559730,560161.168,559151,559730,40.167999999946915,1341,560161168	ID:1	[INFO: Metric    ] METRIC_RX type=REAL src=5 seq=52 send_ms=559151 recv_ms=559730 bytes=48
TX,REAL,6,,53,48,562894.0,562806,562894.0,,,,1343,562894000	ID:6	[INFO: Metric    ] METRIC_TX type=REAL node=6 seq=53 bytes=48 time_ms=562806
RX,REAL,,6,53,48,562927.88,562496,562927.88,562806,562496,33.88000000000466,1344,562927880	ID:1	[INFO: Metric    ] METRIC_RX type=REAL src=6 seq=53 send_ms=562806 recv_ms=562496 bytes=48
TX,REAL,7,,55,48,563120.0,563098,563120.0,,,,1346,563120000	ID:7	[INFO: Metric    ] METRIC_TX type=REAL node=7 seq=55 bytes=48 time_ms=563098
TX,DUMMY,7,,9,48,563121.0,563099,563121.0,,,,1347,563121000	ID:7	[INFO: Metric    ] METRIC_TX type=DUMMY node=7 seq=9 bytes=48 time_ms=563099
RX,REAL,,7,55,48,563132.88,562701,563132.88,563098,562701,12.880000000004657,1348,563132880	ID:1	[INFO: Metric    ] METRIC_RX type=REAL src=7 seq=55 send_ms=563098 recv_ms=562701 bytes=48
RX,DUMMY,,7,9,48,563169.88,562738,563169.88,563099,562738,,1349,563169880	ID:1	[INFO: Metric    ] METRIC_RX type=DUMMY src=7 seq=9 send_ms=563099 recv_ms=562738 bytes=48
TX,REAL,2,,54,48,563432.0,563039,563432.0,,,,1352,563432000	ID:2	[INFO: Metric    ] METRIC_TX type=REAL node=2 seq=54 bytes=48 time_ms=563039
RX,REAL,,2,54,48,563445.88,563014,563445.88,563039,563014,13.880000000004657,1353,563445880	ID:1	[INFO: Metric    ] METRIC_RX type=REAL src=2 seq=54 send_ms=563039 recv_ms=563014 bytes=48
TX,REAL,4,,52,48,565131.0,564182,565131.0,,,,1355,565131000	ID:4	[INFO: Metric    ] METRIC_TX type=REAL node=4 seq=52 bytes=48 time_ms=564182
RX,REAL,,4,52,48,565185.168,564754,565185.168,564182,564754,54.167999999946915,1356,565185168	ID:1	[INFO: Metric    ] METRIC_RX type=REAL src=4 seq=52 send_ms=564182 recv_ms=564754 bytes=48
TX,REAL,3,,54,48,566037.0,565825,566037.0,,,,1359,566037000	ID:3	[INFO: Metric    ] METRIC_TX type=REAL node=3 seq=54 bytes=48 time_ms=565825
TX,DUMMY,3,,7,48,566038.0,565826,566038.0,,,,1360,566038000	ID:3	[INFO: Metric    ] METRIC_TX type=DUMMY node=3 seq=7 bytes=48 time_ms=565826
RX,REAL,,3,54,48,566092.168,565661,566092.168,565825,565661,55.167999999946915,1361,566092168	ID:1	[INFO: Metric    ] METRIC_RX type=REAL src=3 seq=54 send_ms=565825 recv_ms=565661 bytes=48
RX,DUMMY,,3,7,48,566183.168,565752,566183.168,565826,565752,,1363,566183168	ID:1	[INFO: Metric    ] METRIC_RX type=DUMMY src=3 seq=7 send_ms=565826 recv_ms=565752 bytes=48
TX,REAL,5,,53,48,571122.0,570152,571122.0,,,,1365,571122000	ID:5	[INFO: Metric    ] METRIC_TX type=REAL node=5 seq=53 bytes=48 time_ms=570152
RX,REAL,,5,53,48,571155.168,570724,571155.168,570152,570724,33.167999999946915,1366,571155168	ID:1	[INFO: Metric    ] METRIC_RX type=REAL src=5 seq=53 send_ms=570152 recv_ms=570724 bytes=48
TX,REAL,6,,54,48,571895.0,571807,571895.0,,,,1368,571895000	ID:6	[INFO: Metric    ] METRIC_TX type=REAL node=6 seq=54 bytes=48 time_ms=571807
TX,DUMMY,6,,15,48,571896.0,571808,571896.0,,,,1369,571896000	ID:6	[INFO: Metric    ] METRIC_TX type=DUMMY node=6 seq=15 bytes=48 time_ms=571808
RX,REAL,,6,54,48,571927.88,571496,571927.88,571807,571496,32.88000000000466,1370,571927880	ID:1	[INFO: Metric    ] METRIC_RX type=REAL src=6 seq=54 send_ms=571807 recv_ms=571496 bytes=48
RX,DUMMY,,6,15,48,571953.88,571522,571953.88,571808,571522,,1372,571953880	ID:1	[INFO: Metric    ] METRIC_RX type=DUMMY src=6 seq=15 send_ms=571808 recv_ms=571522 bytes=48
TX,REAL,7,,56,48,573122.0,573100,573122.0,,,,1374,573122000	ID:7	[INFO: Metric    ] METRIC_TX type=REAL node=7 seq=56 bytes=48 time_ms=573100
RX,REAL,,7,56,48,573149.88,572718,573149.88,573100,572718,27.880000000004657,1375,573149880	ID:1	[INFO: Metric    ] METRIC_RX type=REAL src=7 seq=56 send_ms=573100 recv_ms=572718 bytes=48
TX,REAL,4,,53,48,574132.0,573183,574132.0,,,,1377,574132000	ID:4	[INFO: Metric    ] METRIC_TX type=REAL node=4 seq=53 bytes=48 time_ms=573183
RX,REAL,,4,53,48,574181.168,573750,574181.168,573183,573750,49.167999999946915,1378,574181168	ID:1	[INFO: Metric    ] METRIC_RX type=REAL src=4 seq=53 send_ms=573183 recv_ms=573750 bytes=48
TX,REAL,2,,55,48,574433.0,574040,574433.0,,,,1380,574433000	ID:2	[INFO: Metric    ] METRIC_TX type=REAL node=2 seq=55 bytes=48 time_ms=574040
TX,DUMMY,2,,11,48,574434.0,574041,574434.0,,,,1381,574434000	ID:2	[INFO: Metric    ] METRIC_TX type=DUMMY node=2 seq=11 bytes=48 time_ms=574041
RX,REAL,,2,55,48,574457.88,574026,574457.88,574040,574026,24.880000000004657,1382,574457880	ID:1	[INFO: Metric    ] METRIC_RX type=REAL src=2 seq=55 send_ms=574040 recv_ms=574026 bytes=48
RX,DUMMY,,2,11,48,574474.88,574043,574474.88,574041,574043,,1384,574474880	ID:1	[INFO: Metric    ] METRIC_RX type=DUMMY src=2 seq=11 send_ms=574041 recv_ms=574043 bytes=48
TX,REAL,3,,55,48,576039.0,575827,576039.0,,,,1386,576039000	ID:3	[INFO: Metric    ] METRIC_TX type=REAL node=3 seq=55 bytes=48 time_ms=575827
RX,REAL,,3,55,48,576073.168,575642,576073.168,575827,575642,34.167999999946915,1387,576073168	ID:1	[INFO: Metric    ] METRIC_RX type=REAL src=3 seq=55 send_ms=575827 recv_ms=575642 bytes=48
TX,REAL,7,,57,48,582123.0,582101,582123.0,,,,1390,582123000	ID:7	[INFO: Metric    ] METRIC_TX type=REAL node=7 seq=57 bytes=48 time_ms=582101
TX,REAL,5,,54,48,582123.0,581153,582123.0,,,,1391,582123000	ID:5	[INFO: Metric    ] METRIC_TX type=REAL node=5 seq=54 bytes=48 time_ms=581153
RX,REAL,,7,57,48,582139.88,581708,582139.88,582101,581708,16.880000000004657,1392,582139880	ID:1	[INFO: Metric    ] METRIC_RX type=REAL src=7 seq=57 send_ms=582101 recv_ms=581708 bytes=48
RX,REAL,,5,54,48,582169.168,581738,582169.168,581153,581738,46.167999999946915,1393,582169168	ID:1	[INFO: Metric    ] METRIC_RX type=REAL src=5 seq=54 send_ms=581153 recv_ms=581738 bytes=48
TX,REAL,6,,55,48,582897.0,582809,582897.0,,,,1396,582897000	ID:6	[INFO: Metric    ] METRIC_TX type=REAL node=6 seq=55 bytes=48 time_ms=582809
TX,DUMMY,6,,16,48,582898.0,582810,582898.0,,,,1397,582898000	ID:6	[INFO: Metric    ] METRIC_TX type=DUMMY node=6 seq=16 bytes=48 time_ms=582810
RX,REAL,,6,55,48,582925.88,582494,582925.88,582809,582494,28.880000000004657,1398,582925880	ID:1	[INFO: Metric    ] METRIC_RX type=REAL src=6 seq=55 send_ms=582809 recv_ms=582494 bytes=48
RX,DUMMY,,6,16,48,583013.88,582582,583013.88,582810,582582,,1400,583013880	ID:1	[INFO: Metric    ] METRIC_RX type=DUMMY src=6 seq=16 send_ms=582810 recv_ms=582582 bytes=48
TX,REAL,4,,54,48,583133.0,582184,583133.0,,,,1402,583133000	ID:4	[INFO: Metric    ] METRIC_TX type=REAL node=4 seq=54 bytes=48 time_ms=582184
RX,REAL,,4,54,48,583184.168,582753,583184.168,582184,582753,51.167999999946915,1403,583184168	ID:1	[INFO: Metric    ] METRIC_RX type=REAL src=4 seq=54 send_ms=582184 recv_ms=582753 bytes=48
TX,REAL,2,,56,48,583435.0,583042,583435.0,,,,1405,583435000	ID:2	[INFO: Metric    ] METRIC_TX type=REAL node=2 seq=56 bytes=48 time_ms=583042
TX,DUMMY,2,,12,48,583436.0,583043,583436.0,,,,1406,583436000	ID:2	[INFO: Metric    ] METRIC_TX type=DUMMY node=2 seq=12 bytes=48 time_ms=583043
RX,REAL,,2,56,48,583471.88,583040,583471.88,583042,583040,36.88000000000466,1407,583471880	ID:1	[INFO: Metric    ] METRIC_RX type=REAL src=2 seq=56 send_ms=583042 recv_ms=583040 bytes=48
RX,DUMMY,,2,12,48,583510.88,583079,583510.88,583043,583079,,1409,583510880	ID:1	[INFO: Metric    ] METRIC_RX type=DUMMY src=2 seq=12 send_ms=583043 recv_ms=583079 bytes=48
TX,REAL,3,,56,48,587040.0,586828,587040.0,,,,1411,587040000	ID:3	[INFO: Metric    ] METRIC_TX type=REAL node=3 seq=56 bytes=48 time_ms=586828
RX,REAL,,3,56,48,587083.168,586652,587083.168,586828,586652,43.167999999946915,1412,587083168	ID:1	[INFO: Metric    ] METRIC_RX type=REAL src=3 seq=56 send_ms=586828 recv_ms=586652 bytes=48
TX,REAL,7,,58,48,592124.0,592102,592124.0,,,,1414,592124000	ID:7	[INFO: Metric    ] METRIC_TX type=REAL node=7 seq=58 bytes=48 time_ms=592102
RX,REAL,,7,58,48,592162.88,591731,592162.88,592102,591731,38.88000000000466,1415,592162880	ID:1	[INFO: Metric    ] METRIC_RX type=REAL src=7 seq=58 send_ms=592102 recv_ms=591731 bytes=48
TX,REAL,5,,55,48,593124.0,592154,593124.0,,,,1417,593124000	ID:5	[INFO: Metric    ] METRIC_TX type=REAL node=5 seq=55 bytes=48 time_ms=592154
TX,REAL,4,,55,48,593134.0,592185,593134.0,,,,1418,593134000	ID:4	[INFO: Metric    ] METRIC_TX type=REAL node=4 seq=55 bytes=48 time_ms=592185
RX,REAL,,5,55,48,593208.072,592777,593208.072,592154,592777,84.07200000004377,1419,593208072	ID:1	[INFO: Metric    ] METRIC_RX type=REAL src=5 seq=55 send_ms=592154 recv_ms=592777 bytes=48
RX,REAL,,4,55,48,593212.24,592781,593212.24,592185,592781,78.23999999999069,1421,593212240	ID:1	[INFO: Metric    ] METRIC_RX type=REAL src=4 seq=55 send_ms=592185 recv_ms=592781 bytes=48
TX,REAL,2,,57,48,593437.0,593044,593437.0,,,,1424,593437000	ID:2	[INFO: Metric    ] METRIC_TX type=REAL node=2 seq=57 bytes=48 time_ms=593044
RX,REAL,,2,57,48,593457.88,593026,593457.88,593044,593026,20.880000000004657,1425,593457880	ID:1	[INFO: Metric    ] METRIC_RX type=REAL src=2 seq=57 send_ms=593044 recv_ms=593026 bytes=48
TX,REAL,6,,56,48,593899.0,593811,593899.0,,,,1427,593899000	ID:6	[INFO: Metric    ] METRIC_TX type=REAL node=6 seq=56 bytes=48 time_ms=593811
TX,DUMMY,6,,17,48,593900.0,593812,593900.0,,,,1428,593900000	ID:6	[INFO: Metric    ] METRIC_TX type=DUMMY node=6 seq=17 bytes=48 time_ms=593812
RX,REAL,,6,56,48,593913.88,593482,593913.88,593811,593482,14.880000000004657,1429,593913880	ID:1	[INFO: Metric    ] METRIC_RX type=REAL src=6 seq=56 send_ms=593811 recv_ms=593482 bytes=48
RX,DUMMY,,6,17,48,593921.88,593490,593921.88,593812,593490,,1430,593921880	ID:1	[INFO: Metric    ] METRIC_RX type=DUMMY src=6 seq=17 send_ms=593812 recv_ms=593490 bytes=48
TX,REAL,3,,57,48,597041.0,596829,597041.0,,,,1433,597041000	ID:3	[INFO: Metric    ] METRIC_TX type=REAL node=3 seq=57 bytes=48 time_ms=596829
TX,DUMMY,3,,8,48,597042.0,596830,597042.0,,,,1434,597042000	ID:3	[INFO: Metric    ] METRIC_TX type=DUMMY node=3 seq=8 bytes=48 time_ms=596830
RX,REAL,,3,57,48,597060.168,596629,597060.168,596829,596629,19.167999999946915,1435,597060168	ID:1	[INFO: Metric    ] METRIC_RX type=REAL src=3 seq=57 send_ms=596829 recv_ms=596629 bytes=48
RX,DUMMY,,3,8,48,597127.168,596696,597127.168,596830,596696,,1436,597127168	ID:1	[INFO: Metric    ] METRIC_RX type=DUMMY src=3 seq=8 send_ms=596830 recv_ms=596696 bytes=48
TX,REAL,2,,58,48,602438.0,602045,602438.0,,,,1439,602438000	ID:2	[INFO: Metric    ] METRIC_TX type=REAL node=2 seq=58 bytes=48 time_ms=602045
RX,REAL,,2,58,48,602482.88,602051,602482.88,602045,602051,44.88000000000466,1440,602482880	ID:1	[INFO: Metric    ] METRIC_RX type=REAL src=2 seq=58 send_ms=602045 recv_ms=602051 bytes=48
TX,REAL,7,,59,48,603125.0,603103,603125.0,,,,1442,603125000	ID:7	[INFO: Metric    ] METRIC_TX type=REAL node=7 seq=59 bytes=48 time_ms=603103
RX,REAL,,7,59,48,603141.88,602710,603141.88,603103,602710,16.880000000004657,1443,603141880	ID:1	[INFO: Metric    ] METRIC_RX type=REAL src=7 seq=59 send_ms=603103 recv_ms=602710 bytes=48
TX,REAL,6,,57,48,603901.0,603813,603901.0,,,,1445,603901000	ID:6	[INFO: Metric    ] METRIC_TX type=REAL node=6 seq=57 bytes=48 time_ms=603813
RX,REAL,,6,57,48,603920.88,603489,603920.88,603813,603489,19.880000000004657,1446,603920880	ID:1	[INFO: Metric    ] METRIC_RX type=REAL src=6 seq=57 send_ms=603813 recv_ms=603489 bytes=48
TX,REAL,5,,56,48,604125.0,603155,604125.0,,,,1448,604125000	ID:5	[INFO: Metric    ] METRIC_TX type=REAL node=5 seq=56 bytes=48 time_ms=603155
TX,REAL,4,,56,48,604135.0,603186,604135.0,,,,1449,604135000	ID:4	[INFO: Metric    ] METRIC_TX type=REAL node=4 seq=56 bytes=48 time_ms=603186
RX,REAL,,5,56,48,604171.168,603740,604171.168,603155,603740,46.167999999946915,1450,604171168	ID:1	[INFO: Metric    ] METRIC_RX type=REAL src=5 seq=56 send_ms=603155 recv_ms=603740 bytes=48
RX,REAL,,4,56,48,604199.168,603768,604199.168,603186,603768,64.16799999994691,1452,604199168	ID:1	[INFO: Metric    ] METRIC_RX type=REAL src=4 seq=56 send_ms=603186 recv_ms=603768 bytes=48
TX,REAL,3,,58,48,607043.0,606831,607043.0,,,,1455,607043000	ID:3	[INFO: Metric    ] METRIC_TX type=REAL node=3 seq=58 bytes=48 time_ms=606831
RX,REAL,,3,58,48,607102.168,606671,607102.168,606831,606671,59.167999999946915,1456,607102168	ID:1	[INFO: Metric    ] METRIC_RX type=REAL src=3 seq=58 send_ms=606831 recv_ms=606671 bytes=48
TX,REAL,2,,59,48,612439.0,612046,612439.0,,,,1458,612439000	ID:2	[INFO: Metric    ] METRIC_TX type=REAL node=2 seq=59 bytes=48 time_ms=612046
RX,REAL,,2,59,48,612474.88,612043,612474.88,612046,612043,35.88000000000466,1459,612474880	ID:1	[INFO: Metric    ] METRIC_RX type=REAL src=2 seq=59 send_ms=612046 recv_ms=612043 bytes=48
TX,REAL,6,,58,48,612902.0,612814,612902.0,,,,1461,612902000	ID:6	[INFO: Metric    ] METRIC_TX type=REAL node=6 seq=58 bytes=48 time_ms=612814
TX,DUMMY,6,,18,48,612903.0,612815,612903.0,,,,1462,612903000	ID:6	[INFO: Metric    ] METRIC_TX type=DUMMY node=6 seq=18 bytes=48 time_ms=612815
RX,REAL,,6,58,48,612915.88,612484,612915.88,612814,612484,13.880000000004657,1463,612915880	ID:1	[INFO: Metric    ] METRIC_RX type=REAL src=6 seq=58 send_ms=612814 recv_ms=612484 bytes=48
RX,DUMMY,,6,18,48,612943.88,612512,612943.88,612815,612512,,1465,612943880	ID:1	[INFO: Metric    ] METRIC_RX type=DUMMY src=6 seq=18 send_ms=612815 recv_ms=612512 bytes=48
TX,REAL,5,,57,48,613126.0,612156,613126.0,,,,1467,613126000	ID:5	[INFO: Metric    ] METRIC_TX type=REAL node=5 seq=57 bytes=48 time_ms=612156
RX,REAL,,5,57,48,613203.168,612772,613203.168,612156,612772,77.16799999994691,1468,613203168	ID:1	[INFO: Metric    ] METRIC_RX type=REAL src=5 seq=57 send_ms=612156 recv_ms=612772 bytes=48
TX,REAL,7,,60,48,614126.0,614104,614126.0,,,,1472,614126000	ID:7	[INFO: Metric    ] METRIC_TX type=REAL node=7 seq=60 bytes=48 time_ms=614104
TX,REAL,4,,57,48,614136.0,613187,614136.0,,,,1473,614136000	ID:4	[INFO: Metric    ] METRIC_TX type=REAL node=4 seq=57 bytes=48 time_ms=613187
RX,REAL,,7,60,48,614138.88,613707,614138.88,614104,613707,12.880000000004657,1474,614138880	ID:1	[INFO: Metric    ] METRIC_RX type=REAL src=7 seq=60 send_ms=614104 recv_ms=613707 bytes=48
RX,REAL,,4,57,48,614188.168,613757,614188.168,613187,613757,52.167999999946915,1476,614188168	ID:1	[INFO: Metric    ] METRIC_RX type=REAL src=4 seq=57 send_ms=613187 recv_ms=613757 bytes=48
TX,REAL,3,,59,48,618044.0,617832,618044.0,,,,1478,618044000	ID:3	[INFO: Metric    ] METRIC_TX type=REAL node=3 seq=59 bytes=48 time_ms=617832
RX,REAL,,3,59,48,618088.168,617657,618088.168,617832,617657,44.167999999946915,1479,618088168	ID:1	[INFO: Metric    ] METRIC_RX type=REAL src=3 seq=59 send_ms=617832 recv_ms=617657 bytes=48
TX,REAL,5,,58,48,622127.0,621157,622127.0,,,,1481,622127000	ID:5	[INFO: Metric    ] METRIC_TX type=REAL node=5 seq=58 bytes=48 time_ms=621157
RX,REAL,,5,58,48,622190.168,621759,622190.168,621157,621759,63.167999999946915,1482,622190168	ID:1	[INFO: Metric    ] METRIC_RX type=REAL src=5 seq=58 send_ms=621157 recv_ms=621759 bytes=48
TX,REAL,6,,59,48,622904.0,622816,622904.0,,,,1485,622904000	ID:6	[INFO: Metric    ] METRIC_TX type=REAL node=6 seq=59 bytes=48 time_ms=622816
RX,REAL,,6,59,48,622927.88,622496,622927.88,622816,622496,23.880000000004657,1486,622927880	ID:1	[INFO: Metric    ] METRIC_RX type=REAL src=6 seq=59 send_ms=622816 recv_ms=622496 bytes=48
TX,REAL,2,,60,48,623440.0,623047,623440.0,,,,1490,623440000	ID:2	[INFO: Metric    ] METRIC_TX type=REAL node=2 seq=60 bytes=48 time_ms=623047
RX,REAL,,2,60,48,623478.88,623047,623478.88,623047,623047,38.88000000000466,1491,623478880	ID:1	[INFO: Metric    ] METRIC_RX type=REAL src=2 seq=60 send_ms=623047 recv_ms=623047 bytes=48
TX,REAL,7,,61,48,624127.0,624105,624127.0,,,,1493,624127000	ID:7	[INFO: Metric    ] METRIC_TX type=REAL node=7 seq=61 bytes=48 time_ms=624105
RX,REAL,,7,61,48,624159.88,623728,624159.88,624105,623728,32.88000000000466,1494,624159880	ID:1	[INFO: Metric    ] METRIC_RX type=REAL src=7 seq=61 send_ms=624105 recv_ms=623728 bytes=48
TX,REAL,4,,58,48,625137.0,624188,625137.0,,,,1496,625137000	ID:4	[INFO: Metric    ] METRIC_TX type=REAL node=4 seq=58 bytes=48 time_ms=624188
RX,REAL,,4,58,48,625184.168,624753,625184.168,624188,624753,47.167999999946915,1497,625184168	ID:1	[INFO: Metric    ] METRIC_RX type=REAL src=4 seq=58 send_ms=624188 recv_ms=624753 bytes=48
TX,REAL,3,,60,48,628045.0,627833,628045.0,,,,1501,628045000	ID:3	[INFO: Metric    ] METRIC_TX type=REAL node=3 seq=60 bytes=48 time_ms=627833
RX,REAL,,3,60,48,628095.304,627664,628095.304,627833,627664,50.304000000003725,1502,628095304	ID:1	[INFO: Metric    ] METRIC_RX type=REAL src=3 seq=60 send_ms=627833 recv_ms=627664 bytes=48
TX,REAL,6,,60,48,631905.0,631817,631905.0,,,,1506,631905000	ID:6	[INFO: Metric    ] METRIC_TX type=REAL node=6 seq=60 bytes=48 time_ms=631817
TX,DUMMY,6,,19,48,631906.0,631818,631906.0,,,,1507,631906000	ID:6	[INFO: Metric    ] METRIC_TX type=DUMMY node=6 seq=19 bytes=48 time_ms=631818
RX,REAL,,6,60,48,631917.88,631486,631917.88,631817,631486,12.880000000004657,1508,631917880	ID:1	[INFO: Metric    ] METRIC_RX type=REAL src=6 seq=60 send_ms=631817 recv_ms=631486 bytes=48
RX,DUMMY,,6,19,48,631941.88,631510,631941.88,631818,631510,,1509,631941880	ID:1	[INFO: Metric    ] METRIC_RX type=DUMMY src=6 seq=19 send_ms=631818 recv_ms=631510 bytes=48
TX,REAL,5,,59,48,633128.0,632158,633128.0,,,,1512,633128000	ID:5	[INFO: Metric    ] METRIC_TX type=REAL node=5 seq=59 bytes=48 time_ms=632158
TX,REAL,7,,62,48,633128.0,633106,633128.0,,,,1513,633128000	ID:7	[INFO: Metric    ] METRIC_TX type=REAL node=7 seq=62 bytes=48 time_ms=633106
RX,REAL,,7,62,48,633197.88,632766,633197.88,633106,632766,69.88000000000466,1514,633197880	ID:1	[INFO: Metric    ] METRIC_RX type=REAL src=7 seq=62 send_ms=633106 recv_ms=632766 bytes=48
RX,REAL,,5,59,48,633221.168,632790,633221.168,632158,632790,93.16799999994691,1515,633221168	ID:1	[INFO: Metric    ] METRIC_RX type=REAL src=5 seq=59 send_ms=632158 recv_ms=632790 bytes=48
TX,REAL,2,,61,48,633441.0,633048,633441.0,,,,1518,633441000	ID:2	[INFO: Metric    ] METRIC_TX type=REAL node=2 seq=61 bytes=48 time_ms=633048
RX,REAL,,2,61,48,633465.88,633034,633465.88,633048,633034,24.880000000004657,1519,633465880	ID:1	[INFO: Metric    ] METRIC_RX type=REAL src=2 seq=61 send_ms=633048 recv_ms=633034 bytes=48
TX,REAL,4,,59,48,636138.0,635189,636138.0,,,,1522,636138000	ID:4	[INFO: Metric    ] METRIC_TX type=REAL node=4 seq=59 bytes=48 time_ms=635189
RX,REAL,,4,59,48,636187.168,635756,636187.168,635189,635756,49.167999999946915,1523,636187168	ID:1	[INFO: Metric    ] METRIC_RX type=REAL src=4 seq=59 send_ms=635189 recv_ms=635756 bytes=48
TX,REAL,3,,61,48,638046.0,637834,638046.0,,,,1525,638046000	ID:3	[INFO: Metric    ] METRIC_TX type=REAL node=3 seq=61 bytes=48 time_ms=637834
RX,REAL,,3,61,48,638133.168,637702,638133.168,637834,637702,87.16799999994691,1526,638133168	ID:1	[INFO: Metric    ] METRIC_RX type=REAL src=3 seq=61 send_ms=637834 recv_ms=637702 bytes=48
TX,REAL,5,,60,48,642129.0,641159,642129.0,,,,1530,642129000	ID:5	[INFO: Metric    ] METRIC_TX type=REAL node=5 seq=60 bytes=48 time_ms=641159
RX,REAL,,5,60,48,642152.168,641721,642152.168,641159,641721,23.167999999946915,1531,642152168	ID:1	[INFO: Metric    ] METRIC_RX type=REAL src=5 seq=60 send_ms=641159 recv_ms=641721 bytes=48
TX,REAL,6,,61,48,642907.0,642819,642907.0,,,,1533,642907000	ID:6	[INFO: Metric    ] METRIC_TX type=REAL node=6 seq=61 bytes=48 time_ms=642819
RX,REAL,,6,61,48,642952.88,642521,642952.88,642819,642521,45.88000000000466,1534,642952880	ID:1	[INFO: Metric    ] METRIC_RX type=REAL src=6 seq=61 send_ms=642819 recv_ms=642521 bytes=48
TX,REAL,7,,63,48,643129.0,643107,643129.0,,,,1536,643129000	ID:7	[INFO: Metric    ] METRIC_TX type=REAL node=7 seq=63 bytes=48 time_ms=643107
RX,REAL,,7,63,48,643156.88,642725,643156.88,643107,642725,27.880000000004657,1537,643156880	ID:1	[INFO: Metric    ] METRIC_RX type=REAL src=7 seq=63 send_ms=643107 recv_ms=642725 bytes=48
TX,REAL,2,,62,48,644442.0,644049,644442.0,,,,1539,644442000	ID:2	[INFO: Metric    ] METRIC_TX type=REAL node=2 seq=62 bytes=48 time_ms=644049
RX,REAL,,2,62,48,644454.88,644023,644454.88,644049,644023,12.880000000004657,1540,644454880	ID:1	[INFO: Metric    ] METRIC_RX type=REAL src=2 seq=62 send_ms=644049 recv_ms=644023 bytes=48
TX,REAL,4,,60,48,646139.0,645190,646139.0,,,,1544,646139000	ID:4	[INFO: Metric    ] METRIC_TX type=REAL node=4 seq=60 bytes=48 time_ms=645190
RX,REAL,,4,60,48,646174.168,645743,646174.168,645190,645743,35.167999999946915,1545,646174168	ID:1	[INFO: Metric    ] METRIC_RX type=REAL src=4 seq=60 send_ms=645190 recv_ms=645743 bytes=48
TX,REAL,3,,62,48,649047.0,648835,649047.0,,,,1547,649047000	ID:3	[INFO: Metric    ] METRIC_TX type=REAL node=3 seq=62 bytes=48 time_ms=648835
TX,DUMMY,3,,9,48,649048.0,648836,649048.0,,,,1548,649048000	ID:3	[INFO: Metric    ] METRIC_TX type=DUMMY node=3 seq=9 bytes=48 time_ms=648836
RX,REAL,,3,62,48,649118.168,648687,649118.168,648835,648687,71.16799999994691,1549,649118168	ID:1	[INFO: Metric    ] METRIC_RX type=REAL src=3 seq=62 send_ms=648835 recv_ms=648687 bytes=48
RX,DUMMY,,3,9,48,649148.168,648717,649148.168,648836,648717,,1550,649148168	ID:1	[INFO: Metric    ] METRIC_RX type=DUMMY src=3 seq=9 send_ms=648836 recv_ms=648717 bytes=48
TX,REAL,5,,61,48,651130.0,650160,651130.0,,,,1553,651130000	ID:5	[INFO: Metric    ] METRIC_TX type=REAL node=5 seq=61 bytes=48 time_ms=650160
RX,REAL,,5,61,48,651177.168,650746,651177.168,650160,650746,47.167999999946915,1554,651177168	ID:1	[INFO: Metric    ] METRIC_RX type=REAL src=5 seq=61 send_ms=650160 recv_ms=650746 bytes=48
TX,REAL,6,,62,48,651908.0,651820,651908.0,,,,1557,651908000	ID:6	[INFO: Metric    ] METRIC_TX type=REAL node=6 seq=62 bytes=48 time_ms=651820
RX,REAL,,6,62,48,651935.88,651504,651935.88,651820,651504,27.880000000004657,1558,651935880	ID:1	[INFO: Metric    ] METRIC_RX type=REAL src=6 seq=62 send_ms=651820 recv_ms=651504 bytes=48
TX,REAL,7,,64,48,652130.0,652108,652130.0,,,,1560,652130000	ID:7	[INFO: Metric    ] METRIC_TX type=REAL node=7 seq=64 bytes=48 time_ms=652108
RX,REAL,,7,64,48,652145.88,651714,652145.88,652108,651714,15.880000000004657,1561,652145880	ID:1	[INFO: Metric    ] METRIC_RX type=REAL src=7 seq=64 send_ms=652108 recv_ms=651714 bytes=48
TX,REAL,2,,63,48,654443.0,654050,654443.0,,,,1563,654443000	ID:2	[INFO: Metric    ] METRIC_TX type=REAL node=2 seq=63 bytes=48 time_ms=654050
RX,REAL,,2,63,48,654484.88,654053,654484.88,654050,654053,41.88000000000466,1564,654484880	ID:1	[INFO: Metric    ] METRIC_RX type=REAL src=2 seq=63 send_ms=654050 recv_ms=654053 bytes=48
TX,REAL,4,,61,48,655140.0,654191,655140.0,,,,1566,655140000	ID:4	[INFO: Metric    ] METRIC_TX type=REAL node=4 seq=61 bytes=48 time_ms=654191
RX,REAL,,4,61,48,655167.168,654736,655167.168,654191,654736,27.167999999946915,1567,655167168	ID:1	[INFO: Metric    ] METRIC_RX type=REAL src=4 seq=61 send_ms=654191 recv_ms=654736 bytes=48
TX,REAL,3,,63,48,658049.0,657837,658049.0,,,,1569,658049000	ID:3	[INFO: Metric    ] METRIC_TX type=REAL node=3 seq=63 bytes=48 time_ms=657837
RX,REAL,,3,63,48,658125.168,657694,658125.168,657837,657694,76.16799999994691,1570,658125168	ID:1	[INFO: Metric    ] METRIC_RX type=REAL src=3 seq=63 send_ms=657837 recv_ms=657694 bytes=48
TX,REAL,6,,63,48,660909.0,660821,660909.0,,,,1572,660909000	ID:6	[INFO: Metric    ] METRIC_TX type=REAL node=6 seq=63 bytes=48 time_ms=660821
RX,REAL,,6,63,48,660923.88,660492,660923.88,660821,660492,14.880000000004657,1573,660923880	ID:1	[INFO: Metric    ] METRIC_RX type=REAL src=6 seq=63 send_ms=660821 recv_ms=660492 bytes=48
TX,REAL,5,,62,48,662131.0,661161,662131.0,,,,1575,662131000	ID:5	[INFO: Metric    ] METRIC_TX type=REAL node=5 seq=62 bytes=48 time_ms=661161
RX,REAL,,5,62,48,662194.168,661763,662194.168,661161,661763,63.167999999946915,1576,662194168	ID:1	[INFO: Metric    ] METRIC_RX type=REAL src=5 seq=62 send_ms=661161 recv_ms=661763 bytes=48
TX,REAL,7,,65,48,663131.0,663109,663131.0,,,,1578,663131000	ID:7	[INFO: Metric    ] METRIC_TX type=REAL node=7 seq=65 bytes=48 time_ms=663109
RX,REAL,,7,65,48,663147.88,662716,663147.88,663109,662716,16.880000000004657,1579,663147880	ID:1	[INFO: Metric    ] METRIC_RX type=REAL src=7 seq=65 send_ms=663109 recv_ms=662716 bytes=48
TX,REAL,2,,64,48,663444.0,663051,663444.0,,,,1581,663444000	ID:2	[INFO: Metric    ] METRIC_TX type=REAL node=2 seq=64 bytes=48 time_ms=663051
RX,REAL,,2,64,48,663451.88,663020,663451.88,663051,663020,7.880000000004657,1582,663451880	ID:1	[INFO: Metric    ] METRIC_RX type=REAL src=2 seq=64 send_ms=663051 recv_ms=663020 bytes=48
TX,REAL,4,,62,48,666141.0,665192,666141.0,,,,1584,666141000	ID:4	[INFO: Metric    ] METRIC_TX type=REAL node=4 seq=62 bytes=48 time_ms=665192
RX,REAL,,4,62,48,666203.168,665772,666203.168,665192,665772,62.167999999946915,1585,666203168	ID:1	[INFO: Metric    ] METRIC_RX type=REAL src=4 seq=62 send_ms=665192 recv_ms=665772 bytes=48
TX,REAL,3,,64,48,669050.0,668838,669050.0,,,,1588,669050000	ID:3	[INFO: Metric    ] METRIC_TX type=REAL node=3 seq=64 bytes=48 time_ms=668838
RX,REAL,,3,64,48,669119.168,668688,669119.168,668838,668688,69.16799999994691,1589,669119168	ID:1	[INFO: Metric    ] METRIC_RX type=REAL src=3 seq=64 send_ms=668838 recv_ms=668688 bytes=48
TX,REAL,5,,63,48,671132.0,670162,671132.0,,,,1591,671132000	ID:5	[INFO: Metric    ] METRIC_TX type=REAL node=5 seq=63 bytes=48 time_ms=670162
TX,DUMMY,5,,14,48,671133.0,670163,671133.0,,,,1592,671133000	ID:5	[INFO: Metric    ] METRIC_TX type=DUMMY node=5 seq=14 bytes=48 time_ms=670163
RX,REAL,,5,63,48,671209.168,670778,671209.168,670162,670778,77.16799999994691,1593,671209168	ID:1	[INFO: Metric    ] METRIC_RX type=REAL src=5 seq=63 send_ms=670162 recv_ms=670778 bytes=48
RX,DUMMY,,5,14,48,671253.304,670822,671253.304,670163,670822,,1594,671253304	ID:1	[INFO: Metric    ] METRIC_RX type=DUMMY src=5 seq=14 send_ms=670163 recv_ms=670822 bytes=48
TX,REAL,6,,64,48,671910.0,671822,671910.0,,,,1597,671910000	ID:6	[INFO: Metric    ] METRIC_TX type=REAL node=6 seq=64 bytes=48 time_ms=671822
RX,REAL,,6,64,48,671925.88,671494,671925.88,671822,671494,15.880000000004657,1598,671925880	ID:1	[INFO: Metric    ] METRIC_RX type=REAL src=6 seq=64 send_ms=671822 recv_ms=671494 bytes=48
TX,REAL,7,,66,48,674132.0,674110,674132.0,,,,1600,674132000	ID:7	[INFO: Metric    ] METRIC_TX type=REAL node=7 seq=66 bytes=48 time_ms=674110
RX,REAL,,7,66,48,674153.88,673722,674153.88,674110,673722,21.880000000004657,1601,674153880	ID:1	[INFO: Metric    ] METRIC_RX type=REAL src=7 seq=66 send_ms=674110 recv_ms=673722 bytes=48
TX,REAL,2,,65,48,674445.0,674052,674445.0,,,,1603,674445000	ID:2	[INFO: Metric    ] METRIC_TX type=REAL node=2 seq=65 bytes=48 time_ms=674052
RX,REAL,,2,65,48,674472.88,674041,674472.88,674052,674041,27.880000000004657,1604,674472880	ID:1	[INFO: Metric    ] METRIC_RX type=REAL src=2 seq=65 send_ms=674052 recv_ms=674041 bytes=48
TX,REAL,4,,63,48,677142.0,676193,677142.0,,,,1606,677142000	ID:4	[INFO: Metric    ] METRIC_TX type=REAL node=4 seq=63 bytes=48 time_ms=676193
RX,REAL,,4,63,48,677178.168,676747,677178.168,676193,676747,36.167999999946915,1607,677178168	ID:1	[INFO: Metric    ] METRIC_RX type=REAL src=4 seq=63 send_ms=676193 recv_ms=676747 bytes=48
TX,REAL,3,,65,48,679051.0,678839,679051.0,,,,1609,679051000	ID:3	[INFO: Metric    ] METRIC_TX type=REAL node=3 seq=65 bytes=48 time_ms=678839
RX,REAL,,3,65,48,679098.168,678667,679098.168,678839,678667,47.167999999946915,1610,679098168	ID:1	[INFO: Metric    ] METRIC_RX type=REAL src=3 seq=65 send_ms=678839 recv_ms=678667 bytes=48
TX,REAL,5,,64,48,681134.0,680164,681134.0,,,,1612,681134000	ID:5	[INFO: Metric    ] METRIC_TX type=REAL node=5 seq=64 bytes=48 time_ms=680164
RX,REAL,,5,64,48,681203.168,680772,681203.168,680164,680772,69.16799999994691,1613,681203168	ID:1	[INFO: Metric    ] METRIC_RX type=REAL src=5 seq=64 send_ms=680164 recv_ms=680772 bytes=48
TX,REAL,6,,65,48,681911.0,681823,681911.0,,,,1615,681911000	ID:6	[INFO: Metric    ] METRIC_TX type=REAL node=6 seq=65 bytes=48 time_ms=681823
RX,REAL,,6,65,48,681932.88,681501,681932.88,681823,681501,21.880000000004657,1616,681932880	ID:1	[INFO: Metric    ] METRIC_RX type=REAL src=6 seq=65 send_ms=681823 recv_ms=681501 bytes=48
TX,REAL,7,,67,48,683133.0,683111,683133.0,,,,1619,683133000	ID:7	[INFO: Metric    ] METRIC_TX type=REAL node=7 seq=67 bytes=48 time_ms=683111
RX,REAL,,7,67,48,683174.88,682743,683174.88,683111,682743,41.88000000000466,1620,683174880	ID:1	[INFO: Metric    ] METRIC_RX type=REAL src=7 seq=67 send_ms=683111 recv_ms=682743 bytes=48
TX,REAL,2,,66,48,685446.0,685053,685446.0,,,,1622,685446000	ID:2	[INFO: Metric    ] METRIC_TX type=REAL node=2 seq=66 bytes=48 time_ms=685053
RX,REAL,,2,66,48,685478.88,685047,685478.88,685053,685047,32.88000000000466,1623,685478880	ID:1	[INFO: Metric    ] METRIC_RX type=REAL src=2 seq=66 send_ms=685053 recv_ms=685047 bytes=48
TX,REAL,4,,64,48,687143.0,686194,687143.0,,,,1625,687143000	ID:4	[INFO: Metric    ] METRIC_TX type=REAL node=4 seq=64 bytes=48 time_ms=686194
RX,REAL,,4,64,48,687226.168,686795,687226.168,686194,686795,83.16799999994691,1626,687226168	ID:1	[INFO: Metric    ] METRIC_RX type=REAL src=4 seq=64 send_ms=686194 recv_ms=686795 bytes=48
TX,REAL,3,,66,48,688052.0,687840,688052.0,,,,1628,688052000	ID:3	[INFO: Metric    ] METRIC_TX type=REAL node=3 seq=66 bytes=48 time_ms=687840
RX,REAL,,3,66,48,688107.168,687676,688107.168,687840,687676,55.167999999946915,1629,688107168	ID:1	[INFO: Metric    ] METRIC_RX type=REAL src=3 seq=66 send_ms=687840 recv_ms=687676 bytes=48
TX,REAL,5,,65,48,692135.0,691165,692135.0,,,,1631,692135000	ID:5	[INFO: Metric    ] METRIC_TX type=REAL node=5 seq=65 bytes=48 time_ms=691165
RX,REAL,,5,65,48,692170.168,691739,692170.168,691165,691739,35.167999999946915,1632,692170168	ID:1	[INFO: Metric    ] METRIC_RX type=REAL src=5 seq=65 send_ms=691165 recv_ms=691739 bytes=48
TX,REAL,6,,66,48,692912.0,692824,692912.0,,,,1634,692912000	ID:6	[INFO: Metric    ] METRIC_TX type=REAL node=6 seq=66 bytes=48 time_ms=692824
RX,REAL,,6,66,48,692918.88,692487,692918.88,692824,692487,6.880000000004657,1635,692918880	ID:1	[INFO: Metric    ] METRIC_RX type=REAL src=6 seq=66 send_ms=692824 recv_ms=692487 bytes=48
TX,REAL,7,,68,48,693134.0,693112,693134.0,,,,1637,693134000	ID:7	[INFO: Metric    ] METRIC_TX type=REAL node=7 seq=68 bytes=48 time_ms=693112
RX,REAL,,7,68,48,693175.88,692744,693175.88,693112,692744,41.88000000000466,1638,693175880	ID:1	[INFO: Metric    ] METRIC_RX type=REAL src=7 seq=68 send_ms=693112 recv_ms=692744 bytes=48
TX,REAL,2,,67,48,695447.0,695054,695447.0,,,,1640,695447000	ID:2	[INFO: Metric    ] METRIC_TX type=REAL node=2 seq=67 bytes=48 time_ms=695054
TX,DUMMY,2,,13,48,695448.0,695055,695448.0,,,,1641,695448000	ID:2	[INFO: Metric    ] METRIC_TX type=DUMMY node=2 seq=13 bytes=48 time_ms=695055
RX,REAL,,2,67,48,695473.88,695042,695473.88,695054,695042,26.880000000004657,1642,695473880	ID:1	[INFO: Metric    ] METRIC_RX type=REAL src=2 seq=67 send_ms=695054 recv_ms=695042 bytes=48
RX,DUMMY,,2,13,48,695501.88,695070,695501.88,695055,695070,,1644,695501880	ID:1	[INFO: Metric    ] METRIC_RX type=DUMMY src=2 seq=13 send_ms=695055 recv_ms=695070 bytes=48
TX,REAL,4,,65,48,696144.0,695195,696144.0,,,,1646,696144000	ID:4	[INFO: Metric    ] METRIC_TX type=REAL node=4 seq=65 bytes=48 time_ms=695195
RX,REAL,,4,65,48,696218.168,695787,696218.168,695195,695787,74.16799999994691,1647,696218168	ID:1	[INFO: Metric    ] METRIC_RX type=REAL src=4 seq=65 send_ms=695195 recv_ms=695787 bytes=48
TX,REAL,3,,67,48,697053.0,696841,697053.0,,,,1650,697053000	ID:3	[INFO: Metric    ] METRIC_TX type=REAL node=3 seq=67 bytes=48 time_ms=696841
RX,REAL,,3,67,48,697112.168,696681,697112.168,696841,696681,59.167999999946915,1651,697112168	ID:1	[INFO: Metric    ] METRIC_RX type=REAL src=3 seq=67 send_ms=696841 recv_ms=696681 bytes=48
TX,REAL,6,,67,48,702913.0,702825,702913.0,,,,1653,702913000	ID:6	[INFO: Metric    ] METRIC_TX type=REAL node=6 seq=67 bytes=48 time_ms=702825
RX,REAL,,6,67,48,702923.88,702492,702923.88,702825,702492,10.880000000004657,1654,702923880	ID:1	[INFO: Metric    ] METRIC_RX type=REAL src=6 seq=67 send_ms=702825 recv_ms=702492 bytes=48
TX,REAL,5,,66,48,703136.0,702166,703136.0,,,,1656,703136000	ID:5	[INFO: Metric    ] METRIC_TX type=REAL node=5 seq=66 bytes=48 time_ms=702166
RX,REAL,,5,66,48,703201.168,702770,703201.168,702166,702770,65.16799999994691,1657,703201168	ID:1	[INFO: Metric    ] METRIC_RX type=REAL src=5 seq=66 send_ms=702166 recv_ms=702770 bytes=48
TX,REAL,7,,69,48,704135.0,704113,704135.0,,,,1659,704135000	ID:7	[INFO: Metric    ] METRIC_TX type=REAL node=7 seq=69 bytes=48 time_ms=704113
RX,REAL,,7,69,48,704164.88,703733,704164.88,704113,703733,29.880000000004657,1660,704164880	ID:1	[INFO: Metric    ] METRIC_RX type=REAL src=7 seq=69 send_ms=704113 recv_ms=703733 bytes=48
TX,REAL,4,,66,48,705145.0,704196,705145.0,,,,1662,705145000	ID:4	[INFO: Metric    ] METRIC_TX type=REAL node=4 seq=66 bytes=48 time_ms=704196
RX,REAL,,4,66,48,705177.168,704746,705177.168,704196,704746,32.167999999946915,1663,705177168	ID:1	[INFO: Metric    ] METRIC_RX type=REAL src=4 seq=66 send_ms=704196 recv_ms=704746 bytes=48
TX,REAL,3,,68,48,706054.0,705842,706054.0,,,,1665,706054000	ID:3	[INFO: Metric    ] METRIC_TX type=REAL node=3 seq=68 bytes=48 time_ms=705842
RX,REAL,,3,68,48,706089.168,705658,706089.168,705842,705658,35.167999999946915,1666,706089168	ID:1	[INFO: Metric    ] METRIC_RX type=REAL src=3 seq=68 send_ms=705842 recv_ms=705658 bytes=48
TX,REAL,2,,68,48,706449.0,706056,706449.0,,,,1668,706449000	ID:2	[INFO: Metric    ] METRIC_TX type=REAL node=2 seq=68 bytes=48 time_ms=706056
RX,REAL,,2,68,48,706483.88,706052,706483.88,706056,706052,34.88000000000466,1669,706483880	ID:1	[INFO: Metric    ] METRIC_RX type=REAL src=2 seq=68 send_ms=706056 recv_ms=706052 bytes=48
TX,REAL,7,,70,48,713136.0,713114,713136.0,,,,1673,713136000	ID:7	[INFO: Metric    ] METRIC_TX type=REAL node=7 seq=70 bytes=48 time_ms=713114
RX,REAL,,7,70,48,713162.88,712731,713162.88,713114,712731,26.880000000004657,1674,713162880	ID:1	[INFO: Metric    ] METRIC_RX type=REAL src=7 seq=70 send_ms=713114 recv_ms=712731 bytes=48
TX,REAL,6,,68,48,713914.0,713826,713914.0,,,,1676,713914000	ID:6	[INFO: Metric    ] METRIC_TX type=REAL node=6 seq=68 bytes=48 time_ms=713826
RX,REAL,,6,68,48,713921.88,713490,713921.88,713826,713490,7.880000000004657,1677,713921880	ID:1	[INFO: Metric    ] METRIC_RX type=REAL src=6 seq=68 send_ms=713826 recv_ms=713490 bytes=48
TX,REAL,5,,67,48,714137.0,713167,714137.0,,,,1679,714137000	ID:5	[INFO: Metric    ] METRIC_TX type=REAL node=5 seq=67 bytes=48 time_ms=713167
TX,DUMMY,5,,15,48,714138.0,713168,714138.0,,,,1680,714138000	ID:5	[INFO: Metric    ] METRIC_TX type=DUMMY node=5 seq=15 bytes=48 time_ms=713168
RX,REAL,,5,67,48,714204.168,713773,714204.168,713167,713773,67.16799999994691,1681,714204168	ID:1	[INFO: Metric    ] METRIC_RX type=REAL src=5 seq=67 send_ms=713167 recv_ms=713773 bytes=48
RX,DUMMY,,5,15,48,714228.168,713797,714228.168,713168,713797,,1683,714228168	ID:1	[INFO: Metric    ] METRIC_RX type=DUMMY src=5 seq=15 send_ms=713168 recv_ms=713797 bytes=48
TX,REAL,3,,69,48,715055.0,714843,715055.0,,,,1686,715055000	ID:3	[INFO: Metric    ] METRIC_TX type=REAL node=3 seq=69 bytes=48 time_ms=714843
RX,REAL,,3,69,48,715116.168,714685,715116.168,714843,714685,61.167999999946915,1687,715116168	ID:1	[INFO: Metric    ] METRIC_RX type=REAL src=3 seq=69 send_ms=714843 recv_ms=714685 bytes=48
TX,REAL,4,,67,48,715146.0,714197,715146.0,,,,1688,715146000	ID:4	[INFO: Metric    ] METRIC_TX type=REAL node=4 seq=67 bytes=48 time_ms=714197
RX,REAL,,4,67,48,715196.168,714765,715196.168,714197,714765,50.167999999946915,1690,715196168	ID:1	[INFO: Metric    ] METRIC_RX type=REAL src=4 seq=67 send_ms=714197 recv_ms=714765 bytes=48
TX,REAL,2,,69,48,717450.0,717057,717450.0,,,,1692,717450000	ID:2	[INFO: Metric    ] METRIC_TX type=REAL node=2 seq=69 bytes=48 time_ms=717057
RX,REAL,,2,69,48,717469.88,717038,717469.88,717057,717038,19.880000000004657,1693,717469880	ID:1	[INFO: Metric    ] METRIC_RX type=REAL src=2 seq=69 send_ms=717057 recv_ms=717038 bytes=48
TX,REAL,7,,71,48,723137.0,723115,723137.0,,,,1695,723137000	ID:7	[INFO: Metric    ] METRIC_TX type=REAL node=7 seq=71 bytes=48 time_ms=723115
RX,REAL,,7,71,48,723177.88,722746,723177.88,723115,722746,40.88000000000466,1696,723177880	ID:1	[INFO: Metric    ] METRIC_RX type=REAL src=7 seq=71 send_ms=723115 recv_ms=722746 bytes=48
TX,REAL,6,,69,48,723915.0,723827,723915.0,,,,1698,723915000	ID:6	[INFO: Metric    ] METRIC_TX type=REAL node=6 seq=69 bytes=48 time_ms=723827
TX,DUMMY,6,,20,48,723916.0,723828,723916.0,,,,1699,723916000	ID:6	[INFO: Metric    ] METRIC_TX type=DUMMY node=6 seq=20 bytes=48 time_ms=723828
RX,REAL,,6,69,48,723924.88,723493,723924.88,723827,723493,9.880000000004657,1700,723924880	ID:1	[INFO: Metric    ] METRIC_RX type=REAL src=6 seq=69 send_ms=723827 recv_ms=723493 bytes=48
RX,DUMMY,,6,20,48,723945.88,723514,723945.88,723828,723514,,1701,723945880	ID:1	[INFO: Metric    ] METRIC_RX type=DUMMY src=6 seq=20 send_ms=723828 recv_ms=723514 bytes=48
TX,REAL,3,,70,48,724056.0,723844,724056.0,,,,1706,724056000	ID:3	[INFO: Metric    ] METRIC_TX type=REAL node=3 seq=70 bytes=48 time_ms=723844
RX,REAL,,3,70,48,724085.168,723654,724085.168,723844,723654,29.167999999946915,1707,724085168	ID:1	[INFO: Metric    ] METRIC_RX type=REAL src=3 seq=70 send_ms=723844 recv_ms=723654 bytes=48
TX,REAL,5,,68,48,724139.0,723169,724139.0,,,,1709,724139000	ID:5	[INFO: Metric    ] METRIC_TX type=REAL node=5 seq=68 bytes=48 time_ms=723169
TX,DUMMY,5,,16,48,724140.0,723170,724140.0,,,,1710,724140000	ID:5	[INFO: Metric    ] METRIC_TX type=DUMMY node=5 seq=16 bytes=48 time_ms=723170
TX,REAL,4,,68,48,724147.0,723198,724147.0,,,,1711,724147000	ID:4	[INFO: Metric    ] METRIC_TX type=REAL node=4 seq=68 bytes=48 time_ms=723198
RX,REAL,,5,68,48,724193.168,723762,724193.168,723169,723762,54.167999999946915,1712,724193168	ID:1	[INFO: Metric    ] METRIC_RX type=REAL src=5 seq=68 send_ms=723169 recv_ms=723762 bytes=48
RX,REAL,,4,68,48,724208.168,723777,724208.168,723198,723777,61.167999999946915,1713,724208168	ID:1	[INFO: Metric    ] METRIC_RX type=REAL src=4 seq=68 send_ms=723198 recv_ms=723777 bytes=48
RX,DUMMY,,5,16,48,724278.592,723847,724278.592,723170,723847,,1716,724278592	ID:1	[INFO: Metric    ] METRIC_RX type=DUMMY src=5 seq=16 send_ms=723170 recv_ms=723847 bytes=48
TX,REAL,2,,70,48,727451.0,727058,727451.0,,,,1721,727451000	ID:2	[INFO: Metric    ] METRIC_TX type=REAL node=2 seq=70 bytes=48 time_ms=727058
RX,REAL,,2,70,48,727477.88,727046,727477.88,727058,727046,26.880000000004657,1722,727477880	ID:1	[INFO: Metric    ] METRIC_RX type=REAL src=2 seq=70 send_ms=727058 recv_ms=727046 bytes=48
TX,REAL,6,,70,48,733917.0,733829,733917.0,,,,1726,733917000	ID:6	[INFO: Metric    ] METRIC_TX type=REAL node=6 seq=70 bytes=48 time_ms=733829
TX,DUMMY,6,,21,48,733918.0,733830,733918.0,,,,1727,733918000	ID:6	[INFO: Metric    ] METRIC_TX type=DUMMY node=6 seq=21 bytes=48 time_ms=733830
RX,REAL,,6,70,48,733945.88,733514,733945.88,733829,733514,28.880000000004657,1728,733945880	ID:1	[INFO: Metric    ] METRIC_RX type=REAL src=6 seq=70 send_ms=733829 recv_ms=733514 bytes=48
RX,DUMMY,,6,21,48,733951.88,733520,733951.88,733830,733520,,1729,733951880	ID:1	[INFO: Metric    ] METRIC_RX type=DUMMY src=6 seq=21 send_ms=733830 recv_ms=733520 bytes=48
TX,REAL,3,,71,48,734057.0,733845,734057.0,,,,1732,734057000	ID:3	[INFO: Metric    ] METRIC_TX type=REAL node=3 seq=71 bytes=48 time_ms=733845
RX,REAL,,3,71,48,734118.168,733687,734118.168,733845,733687,61.167999999946915,1733,734118168	ID:1	[INFO: Metric    ] METRIC_RX type=REAL src=3 seq=71 send_ms=733845 recv_ms=733687 bytes=48
TX,REAL,7,,72,48,734138.0,734116,734138.0,,,,1734,734138000	ID:7	[INFO: Metric    ] METRIC_TX type=REAL node=7 seq=72 bytes=48 time_ms=734116
TX,REAL,4,,69,48,734148.0,733199,734148.0,,,,1736,734148000	ID:4	[INFO: Metric    ] METRIC_TX type=REAL node=4 seq=69 bytes=48 time_ms=733199
RX,REAL,,4,69,48,734175.072,733744,734175.072,733199,733744,27.072000000043772,1737,734175072	ID:1	[INFO: Metric    ] METRIC_RX type=REAL src=4 seq=69 send_ms=733199 recv_ms=733744 bytes=48
RX,REAL,,7,72,48,734178.952,733747,734178.952,734116,733747,40.95200000004843,1738,734178952	ID:1	[INFO: Metric    ] METRIC_RX type=REAL src=7 seq=72 send_ms=734116 recv_ms=733747 bytes=48
TX,REAL,5,,69,48,735141.0,734171,735141.0,,,,1741,735141000	ID:5	[INFO: Metric    ] METRIC_TX type=REAL node=5 seq=69 bytes=48 time_ms=734171
RX,REAL,,5,69,48,735210.168,734779,735210.168,734171,734779,69.16799999994691,1742,735210168	ID:1	[INFO: Metric    ] METRIC_RX type=REAL src=5 seq=69 send_ms=734171 recv_ms=734779 bytes=48
TX,REAL,2,,71,48,737452.0,737059,737452.0,,,,1744,737452000	ID:2	[INFO: Metric    ] METRIC_TX type=REAL node=2 seq=71 bytes=48 time_ms=737059
RX,REAL,,2,71,48,737487.88,737056,737487.88,737059,737056,35.88000000000466,1745,737487880	ID:1	[INFO: Metric    ] METRIC_RX type=REAL src=2 seq=71 send_ms=737059 recv_ms=737056 bytes=48
TX,REAL,7,,73,48,743139.0,743117,743139.0,,,,1747,743139000	ID:7	[INFO: Metric    ] METRIC_TX type=REAL node=7 seq=73 bytes=48 time_ms=743117
RX,REAL,,7,73,48,743180.88,742749,743180.88,743117,742749,41.88000000000466,1748,743180880	ID:1	[INFO: Metric    ] METRIC_RX type=REAL src=7 seq=73 send_ms=743117 recv_ms=742749 bytes=48
TX,REAL,6,,71,48,743919.0,743831,743919.0,,,,1751,743919000	ID:6	[INFO: Metric    ] METRIC_TX type=REAL node=6 seq=71 bytes=48 time_ms=743831
RX,REAL,,6,71,48,743950.88,743519,743950.88,743831,743519,31.880000000004657,1752,743950880	ID:1	[INFO: Metric    ] METRIC_RX type=REAL src=6 seq=71 send_ms=743831 recv_ms=743519 bytes=48
TX,REAL,4,,70,48,744149.0,743200,744149.0,,,,1756,744149000	ID:4	[INFO: Metric    ] METRIC_TX type=REAL node=4 seq=70 bytes=48 time_ms=743200
RX,REAL,,4,70,48,744192.168,743761,744192.168,743200,743761,43.167999999946915,1757,744192168	ID:1	[INFO: Metric    ] METRIC_RX type=REAL src=4 seq=70 send_ms=743200 recv_ms=743761 bytes=48
TX,REAL,3,,72,48,745058.0,744846,745058.0,,,,1759,745058000	ID:3	[INFO: Metric    ] METRIC_TX type=REAL node=3 seq=72 bytes=48 time_ms=744846
RX,REAL,,3,72,48,745106.168,744675,745106.168,744846,744675,48.167999999946915,1760,745106168	ID:1	[INFO: Metric    ] METRIC_RX type=REAL src=3 seq=72 send_ms=744846 recv_ms=744675 bytes=48
TX,REAL,5,,70,48,746142.0,745172,746142.0,,,,1764,746142000	ID:5	[INFO: Metric    ] METRIC_TX type=REAL node=5 seq=70 bytes=48 time_ms=745172
RX,REAL,,5,70,48,746173.168,745742,746173.168,745172,745742,31.167999999946915,1765,746173168	ID:1	[INFO: Metric    ] METRIC_RX type=REAL src=5 seq=70 send_ms=745172 recv_ms=745742 bytes=48
TX,REAL,2,,72,48,746453.0,746060,746453.0,,,,1767,746453000	ID:2	[INFO: Metric    ] METRIC_TX type=REAL node=2 seq=72 bytes=48 time_ms=746060
RX,REAL,,2,72,48,746480.88,746049,746480.88,746060,746049,27.880000000004657,1768,746480880	ID:1	[INFO: Metric    ] METRIC_RX type=REAL src=2 seq=72 send_ms=746060 recv_ms=746049 bytes=48
TX,REAL,6,,72,48,752920.0,752832,752920.0,,,,1770,752920000	ID:6	[INFO: Metric    ] METRIC_TX type=REAL node=6 seq=72 bytes=48 time_ms=752832
RX,REAL,,6,72,48,752936.88,752505,752936.88,752832,752505,16.880000000004657,1771,752936880	ID:1	[INFO: Metric    ] METRIC_RX type=REAL src=6 seq=72 send_ms=752832 recv_ms=752505 bytes=48
TX,REAL,3,,73,48,754059.0,753847,754059.0,,,,1773,754059000	ID:3	[INFO: Metric    ] METRIC_TX type=REAL node=3 seq=73 bytes=48 time_ms=753847
RX,REAL,,3,73,48,754129.168,753698,754129.168,753847,753698,70.16799999994691,1774,754129168	ID:1	[INFO: Metric    ] METRIC_RX type=REAL src=3 seq=73 send_ms=753847 recv_ms=753698 bytes=48
TX,REAL,7,,74,48,754140.0,754118,754140.0,,,,1775,754140000	ID:7	[INFO: Metric    ] METRIC_TX type=REAL node=7 seq=74 bytes=48 time_ms=754118
RX,REAL,,7,74,48,754180.88,753749,754180.88,754118,753749,40.88000000000466,1776,754180880	ID:1	[INFO: Metric    ] METRIC_RX type=REAL src=7 seq=74 send_ms=754118 recv_ms=753749 bytes=48
TX,REAL,4,,71,48,755150.0,754201,755150.0,,,,1779,755150000	ID:4	[INFO: Metric    ] METRIC_TX type=REAL node=4 seq=71 bytes=48 time_ms=754201
RX,REAL,,4,71,48,755216.168,754785,755216.168,754201,754785,66.16799999994691,1780,755216168	ID:1	[INFO: Metric    ] METRIC_RX type=REAL src=4 seq=71 send_ms=754201 recv_ms=754785 bytes=48
TX,REAL,5,,71,48,756143.0,755173,756143.0,,,,1782,756143000	ID:5	[INFO: Metric    ] METRIC_TX type=REAL node=5 seq=71 bytes=48 time_ms=755173
RX,REAL,,5,71,48,756207.168,755776,756207.168,755173,755776,64.16799999994691,1783,756207168	ID:1	[INFO: Metric    ] METRIC_RX type=REAL src=5 seq=71 send_ms=755173 recv_ms=755776 bytes=48
TX,REAL,2,,73,48,757454.0,757061,757454.0,,,,1786,757454000	ID:2	[INFO: Metric    ] METRIC_TX type=REAL node=2 seq=73 bytes=48 time_ms=757061
RX,REAL,,2,73,48,757474.88,757043,757474.88,757061,757043,20.880000000004657,1787,757474880	ID:1	[INFO: Metric    ] METRIC_RX type=REAL src=2 seq=73 send_ms=757061 recv_ms=757043 bytes=48
TX,REAL,6,,73,48,761921.0,761833,761921.0,,,,1789,761921000	ID:6	[INFO: Metric    ] METRIC_TX type=REAL node=6 seq=73 bytes=48 time_ms=761833
RX,REAL,,6,73,48,761927.88,761496,761927.88,761833,761496,6.880000000004657,1790,761927880	ID:1	[INFO: Metric    ] METRIC_RX type=REAL src=6 seq=73 send_ms=761833 recv_ms=761496 bytes=48
TX,REAL,3,,74,48,763060.0,762848,763060.0,,,,1792,763060000	ID:3	[INFO: Metric    ] METRIC_TX type=REAL node=3 seq=74 bytes=48 time_ms=762848
RX,REAL,,3,74,48,763119.168,762688,763119.168,762848,762688,59.167999999946915,1793,763119168	ID:1	[INFO: Metric    ] METRIC_RX type=REAL src=3 seq=74 send_ms=762848 recv_ms=762688 bytes=48
TX,REAL,7,,75,48,764141.0,764119,764141.0,,,,1795,764141000	ID:7	[INFO: Metric    ] METRIC_TX type=REAL node=7 seq=75 bytes=48 time_ms=764119
RX,REAL,,7,75,48,764163.88,763732,764163.88,764119,763732,22.880000000004657,1796,764163880	ID:1	[INFO: Metric    ] METRIC_RX type=REAL src=7 seq=75 send_ms=764119 recv_ms=763732 bytes=48
TX,REAL,5,,72,48,765144.0,764174,765144.0,,,,1798,765144000	ID:5	[INFO: Metric    ] METRIC_TX type=REAL node=5 seq=72 bytes=48 time_ms=764174
RX,REAL,,5,72,48,765215.168,764784,765215.168,764174,764784,71.16799999994691,1799,765215168	ID:1	[INFO: Metric    ] METRIC_RX type=REAL src=5 seq=72 send_ms=764174 recv_ms=764784 bytes=48
TX,REAL,4,,72,48,766151.0,765202,766151.0,,,,1801,766151000	ID:4	[INFO: Metric    ] METRIC_TX type=REAL node=4 seq=72 bytes=48 time_ms=765202
RX,REAL,,4,72,48,766201.168,765770,766201.168,765202,765770,50.167999999946915,1802,766201168	ID:1	[INFO: Metric    ] METRIC_RX type=REAL src=4 seq=72 send_ms=765202 recv_ms=765770 bytes=48
TX,REAL,2,,74,48,768455.0,768062,768455.0,,,,1804,768455000	ID:2	[INFO: Metric    ] METRIC_TX type=REAL node=2 seq=74 bytes=48 time_ms=768062
RX,REAL,,2,74,48,768462.88,768031,768462.88,768062,768031,7.880000000004657,1805,768462880	ID:1	[INFO: Metric    ] METRIC_RX type=REAL src=2 seq=74 send_ms=768062 recv_ms=768031 bytes=48
TX,REAL,6,,74,48,770922.0,770834,770922.0,,,,1807,770922000	ID:6	[INFO: Metric    ] METRIC_TX type=REAL node=6 seq=74 bytes=48 time_ms=770834
RX,REAL,,6,74,48,770958.88,770527,770958.88,770834,770527,36.88000000000466,1808,770958880	ID:1	[INFO: Metric    ] METRIC_RX type=REAL src=6 seq=74 send_ms=770834 recv_ms=770527 bytes=48
TX,REAL,3,,75,48,774061.0,773849,774061.0,,,,1810,774061000	ID:3	[INFO: Metric    ] METRIC_TX type=REAL node=3 seq=75 bytes=48 time_ms=773849
RX,REAL,,3,75,48,774108.168,773677,774108.168,773849,773677,47.167999999946915,1811,774108168	ID:1	[INFO: Metric    ] METRIC_RX type=REAL src=3 seq=75 send_ms=773849 recv_ms=773677 bytes=48
TX,REAL,7,,76,48,774142.0,774120,774142.0,,,,1812,774142000	ID:7	[INFO: Metric    ] METRIC_TX type=REAL node=7 seq=76 bytes=48 time_ms=774120
TX,DUMMY,7,,10,48,774143.0,774121,774143.0,,,,1813,774143000	ID:7	[INFO: Metric    ] METRIC_TX type=DUMMY node=7 seq=10 bytes=48 time_ms=774121
RX,REAL,,7,76,48,774219.88,773788,774219.88,774120,773788,77.88000000000466,1815,774219880	ID:1	[INFO: Metric    ] METRIC_RX type=REAL src=7 seq=76 send_ms=774120 recv_ms=773788 bytes=48
RX,DUMMY,,7,10,48,774258.88,773827,774258.88,774121,773827,,1818,774258880	ID:1	[INFO: Metric    ] METRIC_RX type=DUMMY src=7 seq=10 send_ms=774121 recv_ms=773827 bytes=48
TX,REAL,4,,73,48,775152.0,774203,775152.0,,,,1820,775152000	ID:4	[INFO: Metric    ] METRIC_TX type=REAL node=4 seq=73 bytes=48 time_ms=774203
RX,REAL,,4,73,48,775180.168,774749,775180.168,774203,774749,28.167999999946915,1821,775180168	ID:1	[INFO: Metric    ] METRIC_RX type=REAL src=4 seq=73 send_ms=774203 recv_ms=774749 bytes=48
TX,REAL,5,,73,48,776145.0,775175,776145.0,,,,1823,776145000	ID:5	[INFO: Metric    ] METRIC_TX type=REAL node=5 seq=73 bytes=48 time_ms=775175
RX,REAL,,5,73,48,776218.168,775787,776218.168,775175,775787,73.16799999994691,1824,776218168	ID:1	[INFO: Metric    ] METRIC_RX type=REAL src=5 seq=73 send_ms=775175 recv_ms=775787 bytes=48
TX,REAL,2,,75,48,778456.0,778063,778456.0,,,,1826,778456000	ID:2	[INFO: Metric    ] METRIC_TX type=REAL node=2 seq=75 bytes=48 time_ms=778063
RX,REAL,,2,75,48,778491.88,778060,778491.88,778063,778060,35.88000000000466,1827,778491880	ID:1	[INFO: Metric    ] METRIC_RX type=REAL src=2 seq=75 send_ms=778063 recv_ms=778060 bytes=48
TX,REAL,6,,75,48,779923.0,779835,779923.0,,,,1829,779923000	ID:6	[INFO: Metric    ] METRIC_TX type=REAL node=6 seq=75 bytes=48 time_ms=779835
RX,REAL,,6,75,48,779954.88,779523,779954.88,779835,779523,31.880000000004657,1830,779954880	ID:1	[INFO: Metric    ] METRIC_RX type=REAL src=6 seq=75 send_ms=779835 recv_ms=779523 bytes=48
TX,REAL,3,,76,48,783062.0,782850,783062.0,,,,1832,783062000	ID:3	[INFO: Metric    ] METRIC_TX type=REAL node=3 seq=76 bytes=48 time_ms=782850
RX,REAL,,3,76,48,783128.168,782697,783128.168,782850,782697,66.16799999994691,1833,783128168	ID:1	[INFO: Metric    ] METRIC_RX type=REAL src=3 seq=76 send_ms=782850 recv_ms=782697 bytes=48
TX,REAL,7,,77,48,784144.0,784122,784144.0,,,,1835,784144000	ID:7	[INFO: Metric    ] METRIC_TX type=REAL node=7 seq=77 bytes=48 time_ms=784122
RX,REAL,,7,77,48,784188.88,783757,784188.88,784122,783757,44.88000000000466,1836,784188880	ID:1	[INFO: Metric    ] METRIC_RX type=REAL src=7 seq=77 send_ms=784122 recv_ms=783757 bytes=48
TX,REAL,4,,74,48,786153.0,785204,786153.0,,,,1838,786153000	ID:4	[INFO: Metric    ] METRIC_TX type=REAL node=4 seq=74 bytes=48 time_ms=785204
TX,DUMMY,4,,8,48,786154.0,785205,786154.0,,,,1839,786154000	ID:4	[INFO: Metric    ] METRIC_TX type=DUMMY node=4 seq=8 bytes=48 time_ms=785205
RX,REAL,,4,74,48,786223.168,785792,786223.168,785204,785792,70.16799999994691,1840,786223168	ID:1	[INFO: Metric    ] METRIC_RX type=REAL src=4 seq=74 send_ms=785204 recv_ms=785792 bytes=48
RX,DUMMY,,4,8,48,786272.728,785841,786272.728,785205,785841,,1842,786272728	ID:1	[INFO: Metric    ] METRIC_RX type=DUMMY src=4 seq=8 send_ms=785205 recv_ms=785841 bytes=48
TX,REAL,5,,74,48,787146.0,786176,787146.0,,,,1844,787146000	ID:5	[INFO: Metric    ] METRIC_TX type=REAL node=5 seq=74 bytes=48 time_ms=786176
RX,REAL,,5,74,48,787219.168,786788,787219.168,786176,786788,73.16799999994691,1845,787219168	ID:1	[INFO: Metric    ] METRIC_RX type=REAL src=5 seq=74 send_ms=786176 recv_ms=786788 bytes=48
TX,REAL,2,,76,48,788457.0,788064,788457.0,,,,1848,788457000	ID:2	[INFO: Metric    ] METRIC_TX type=REAL node=2 seq=76 bytes=48 time_ms=788064
TX,DUMMY,2,,14,48,788458.0,788065,788458.0,,,,1849,788458000	ID:2	[INFO: Metric    ] METRIC_TX type=DUMMY node=2 seq=14 bytes=48 time_ms=788065
RX,REAL,,2,76,48,788463.88,788032,788463.88,788064,788032,6.880000000004657,1850,788463880	ID:1	[INFO: Metric    ] METRIC_RX type=REAL src=2 seq=76 send_ms=788064 recv_ms=788032 bytes=48
RX,DUMMY,,2,14,48,788492.88,788061,788492.88,788065,788061,,1851,788492880	ID:1	[INFO: Metric    ] METRIC_RX type=DUMMY src=2 seq=14 send_ms=788065 recv_ms=788061 bytes=48
TX,REAL,6,,76,48,789924.0,789836,789924.0,,,,1854,789924000	ID:6	[INFO: Metric    ] METRIC_TX type=REAL node=6 seq=76 bytes=48 time_ms=789836
RX,REAL,,6,76,48,789956.88,789525,789956.88,789836,789525,32.88000000000466,1855,789956880	ID:1	[INFO: Metric    ] METRIC_RX type=REAL src=6 seq=76 send_ms=789836 recv_ms=789525 bytes=48
TX,REAL,3,,77,48,792063.0,791851,792063.0,,,,1857,792063000	ID:3	[INFO: Metric    ] METRIC_TX type=REAL node=3 seq=77 bytes=48 time_ms=791851
TX,DUMMY,3,,10,48,792064.0,791852,792064.0,,,,1858,792064000	ID:3	[INFO: Metric    ] METRIC_TX type=DUMMY node=3 seq=10 bytes=48 time_ms=791852
RX,REAL,,3,77,48,792236.168,791805,792236.168,791851,791805,173.16799999994691,1859,792236168	ID:1	[INFO: Metric    ] METRIC_RX type=REAL src=3 seq=77 send_ms=791851 recv_ms=791805 bytes=48
RX,DUMMY,,3,10,48,792253.168,791822,792253.168,791852,791822,,1860,792253168	ID:1	[INFO: Metric    ] METRIC_RX type=DUMMY src=3 seq=10 send_ms=791852 recv_ms=791822 bytes=48
TX,REAL,7,,78,48,794145.0,794123,794145.0,,,,1863,794145000	ID:7	[INFO: Metric    ] METRIC_TX type=REAL node=7 seq=78 bytes=48 time_ms=794123
RX,REAL,,7,78,48,794173.88,793742,794173.88,794123,793742,28.880000000004657,1864,794173880	ID:1	[INFO: Metric    ] METRIC_RX type=REAL src=7 seq=78 send_ms=794123 recv_ms=793742 bytes=48
TX,REAL,5,,75,48,796147.0,795177,796147.0,,,,1866,796147000	ID:5	[INFO: Metric    ] METRIC_TX type=REAL node=5 seq=75 bytes=48 time_ms=795177
TX,REAL,4,,75,48,796155.0,795206,796155.0,,,,1867,796155000	ID:4	[INFO: Metric    ] METRIC_TX type=REAL node=4 seq=75 bytes=48 time_ms=795206
RX,REAL,,5,75,48,796212.072,795781,796212.072,795177,795781,65.07200000004377,1868,796212072	ID:1	[INFO: Metric    ] METRIC_RX type=REAL src=5 seq=75 send_ms=795177 recv_ms=795781 bytes=48
RX,REAL,,4,75,48,796216.24,795785,796216.24,795206,795785,61.23999999999069,1869,796216240	ID:1	[INFO: Metric    ] METRIC_RX type=REAL src=4 seq=75 send_ms=795206 recv_ms=795785 bytes=48
TX,REAL,2,,77,48,798459.0,798066,798459.0,,,,1872,798459000	ID:2	[INFO: Metric    ] METRIC_TX type=REAL node=2 seq=77 bytes=48 time_ms=798066
RX,REAL,,2,77,48,798476.88,798045,798476.88,798066,798045,17.880000000004657,1873,798476880	ID:1	[INFO: Metric    ] METRIC_RX type=REAL src=2 seq=77 send_ms=798066 recv_ms=798045 bytes=48
TX,REAL,6,,77,48,799925.0,799837,799925.0,,,,1875,799925000	ID:6	[INFO: Metric    ] METRIC_TX type=REAL node=6 seq=77 bytes=48 time_ms=799837
TX,DUMMY,6,,22,48,799926.0,799838,799926.0,,,,1876,799926000	ID:6	[INFO: Metric    ] METRIC_TX type=DUMMY node=6 seq=22 bytes=48 time_ms=799838
RX,REAL,,6,77,48,799964.88,799533,799964.88,799837,799533,39.88000000000466,1877,799964880	ID:1	[INFO: Metric    ] METRIC_RX type=REAL src=6 seq=77 send_ms=799837 recv_ms=799533 bytes=48
RX,DUMMY,,6,22,48,800004.88,799573,800004.88,799838,799573,,1880,800004880	ID:1	[INFO: Metric    ] METRIC_RX type=DUMMY src=6 seq=22 send_ms=799838 recv_ms=799573 bytes=48
TX,REAL,3,,78,48,801065.0,800853,801065.0,,,,1882,801065000	ID:3	[INFO: Metric    ] METRIC_TX type=REAL node=3 seq=78 bytes=48 time_ms=800853
RX,REAL,,3,78,48,801098.168,800667,801098.168,800853,800667,33.167999999946915,1883,801098168	ID:1	[INFO: Metric    ] METRIC_RX type=REAL src=3 seq=78 send_ms=800853 recv_ms=800667 bytes=48
TX,REAL,7,,79,48,803146.0,803124,803146.0,,,,1885,803146000	ID:7	[INFO: Metric    ] METRIC_TX type=REAL node=7 seq=79 bytes=48 time_ms=803124
RX,REAL,,7,79,48,803161.88,802730,803161.88,803124,802730,15.880000000004657,1886,803161880	ID:1	[INFO: Metric    ] METRIC_RX type=REAL src=7 seq=79 send_ms=803124 recv_ms=802730 bytes=48
TX,REAL,5,,76,48,807148.0,806178,807148.0,,,,1888,807148000	ID:5	[INFO: Metric    ] METRIC_TX type=REAL node=5 seq=76 bytes=48 time_ms=806178
TX,REAL,4,,76,48,807156.0,806207,807156.0,,,,1889,807156000	ID:4	[INFO: Metric    ] METRIC_TX type=REAL node=4 seq=76 bytes=48 time_ms=806207
RX,REAL,,4,76,48,807231.072,806800,807231.072,806207,806800,75.07200000004377,1890,807231072	ID:1	[INFO: Metric    ] METRIC_RX type=REAL src=4 seq=76 send_ms=806207 recv_ms=806800 bytes=48
RX,REAL,,5,76,48,807235.24,806804,807235.24,806178,806804,87.23999999999069,1891,807235240	ID:1	[INFO: Metric    ] METRIC_RX type=REAL src=5 seq=76 send_ms=806178 recv_ms=806804 bytes=48
TX,REAL,2,,78,48,809460.0,809067,809460.0,,,,1894,809460000	ID:2	[INFO: Metric    ] METRIC_TX type=REAL node=2 seq=78 bytes=48 time_ms=809067
TX,DUMMY,2,,15,48,809461.0,809068,809461.0,,,,1895,809461000	ID:2	[INFO: Metric    ] METRIC_TX type=DUMMY node=2 seq=15 bytes=48 time_ms=809068
RX,REAL,,2,78,48,809482.88,809051,809482.88,809067,809051,22.880000000004657,1896,809482880	ID:1	[INFO: Metric    ] METRIC_RX type=REAL src=2 seq=78 send_ms=809067 recv_ms=809051 bytes=48
RX,DUMMY,,2,15,48,809502.88,809071,809502.88,809068,809071,,1897,809502880	ID:1	[INFO: Metric    ] METRIC_RX type=DUMMY src=2 seq=15 send_ms=809068 recv_ms=809071 bytes=48
TX,REAL,6,,78,48,809927.0,809839,809927.0,,,,1900,809927000	ID:6	[INFO: Metric    ] METRIC_TX type=REAL node=6 seq=78 bytes=48 time_ms=809839
RX,REAL,,6,78,48,809938.88,809507,809938.88,809839,809507,11.880000000004657,1901,809938880	ID:1	[INFO: Metric    ] METRIC_RX type=REAL src=6 seq=78 send_ms=809839 recv_ms=809507 bytes=48
TX,REAL,3,,79,48,810066.0,809854,810066.0,,,,1903,810066000	ID:3	[INFO: Metric    ] METRIC_TX type=REAL node=3 seq=79 bytes=48 time_ms=809854
RX,REAL,,3,79,48,810096.168,809665,810096.168,809854,809665,30.167999999946915,1904,810096168	ID:1	[INFO: Metric    ] METRIC_RX type=REAL src=3 seq=79 send_ms=809854 recv_ms=809665 bytes=48
TX,REAL,7,,80,48,813147.0,813125,813147.0,,,,1908,813147000	ID:7	[INFO: Metric    ] METRIC_TX type=REAL node=7 seq=80 bytes=48 time_ms=813125
RX,REAL,,7,80,48,813180.88,812749,813180.88,813125,812749,33.88000000000466,1909,813180880	ID:1	[INFO: Metric    ] METRIC_RX type=REAL src=7 seq=80 send_ms=813125 recv_ms=812749 bytes=48
TX,REAL,5,,77,48,817149.0,816179,817149.0,,,,1912,817149000	ID:5	[INFO: Metric    ] METRIC_TX type=REAL node=5 seq=77 bytes=48 time_ms=816179
TX,DUMMY,5,,17,48,817150.0,816180,817150.0,,,,1913,817150000	ID:5	[INFO: Metric    ] METRIC_TX type=DUMMY node=5 seq=17 bytes=48 time_ms=816180
RX,REAL,,5,77,48,817222.168,816791,817222.168,816179,816791,73.16799999994691,1914,817222168	ID:1	[INFO: Metric    ] METRIC_RX type=REAL src=5 seq=77 send_ms=816179 recv_ms=816791 bytes=48
RX,DUMMY,,5,17,48,817253.168,816822,817253.168,816180,816822,,1915,817253168	ID:1	[INFO: Metric    ] METRIC_RX type=DUMMY src=5 seq=17 send_ms=816180 recv_ms=816822 bytes=48
TX,REAL,4,,77,48,818157.0,817208,818157.0,,,,1918,818157000	ID:4	[INFO: Metric    ] METRIC_TX type=REAL node=4 seq=77 bytes=48 time_ms=817208
RX,REAL,,4,77,48,818208.168,817777,818208.168,817208,817777,51.167999999946915,1919,818208168	ID:1	[INFO: Metric    ] METRIC_RX type=REAL src=4 seq=77 send_ms=817208 recv_ms=817777 bytes=48
TX,REAL,2,,79,48,818462.0,818069,818462.0,,,,1921,818462000	ID:2	[INFO: Metric    ] METRIC_TX type=REAL node=2 seq=79 bytes=48 time_ms=818069
RX,REAL,,2,79,48,818491.88,818060,818491.88,818069,818060,29.880000000004657,1922,818491880	ID:1	[INFO: Metric    ] METRIC_RX type=REAL src=2 seq=79 send_ms=818069 recv_ms=818060 bytes=48
TX,REAL,3,,80,48,820067.0,819855,820067.0,,,,1926,820067000	ID:3	[INFO: Metric    ] METRIC_TX type=REAL node=3 seq=80 bytes=48 time_ms=819855
TX,DUMMY,3,,11,48,820068.0,819856,820068.0,,,,1927,820068000	ID:3	[INFO: Metric    ] METRIC_TX type=DUMMY node=3 seq=11 bytes=48 time_ms=819856
RX,REAL,,3,80,48,820137.168,819706,820137.168,819855,819706,70.16799999994691,1928,820137168	ID:1	[INFO: Metric    ] METRIC_RX type=REAL src=3 seq=80 send_ms=819855 recv_ms=819706 bytes=48
RX,DUMMY,,3,11,48,820169.168,819738,820169.168,819856,819738,,1929,820169168	ID:1	[INFO: Metric    ] METRIC_RX type=DUMMY src=3 seq=11 send_ms=819856 recv_ms=819738 bytes=48
TX,REAL,6,,79,48,820928.0,820840,820928.0,,,,1932,820928000	ID:6	[INFO: Metric    ] METRIC_TX type=REAL node=6 seq=79 bytes=48 time_ms=820840
RX,REAL,,6,79,48,820971.88,820540,820971.88,820840,820540,43.88000000000466,1933,820971880	ID:1	[INFO: Metric    ] METRIC_RX type=REAL src=6 seq=79 send_ms=820840 recv_ms=820540 bytes=48
TX,REAL,7,,81,48,824148.0,824126,824148.0,,,,1935,824148000	ID:7	[INFO: Metric    ] METRIC_TX type=REAL node=7 seq=81 bytes=48 time_ms=824126
RX,REAL,,7,81,48,824188.88,823757,824188.88,824126,823757,40.88000000000466,1936,824188880	ID:1	[INFO: Metric    ] METRIC_RX type=REAL src=7 seq=81 send_ms=824126 recv_ms=823757 bytes=48
TX,REAL,5,,78,48,828151.0,827181,828151.0,,,,1938,828151000	ID:5	[INFO: Metric    ] METRIC_TX type=REAL node=5 seq=78 bytes=48 time_ms=827181
RX,REAL,,5,78,48,828189.168,827758,828189.168,827181,827758,38.167999999946915,1939,828189168	ID:1	[INFO: Metric    ] METRIC_RX type=REAL src=5 seq=78 send_ms=827181 recv_ms=827758 bytes=48
TX,REAL,4,,78,48,829158.0,828209,829158.0,,,,1941,829158000	ID:4	[INFO: Metric    ] METRIC_TX type=REAL node=4 seq=78 bytes=48 time_ms=828209
RX,REAL,,4,78,48,829206.168,828775,829206.168,828209,828775,48.167999999946915,1942,829206168	ID:1	[INFO: Metric    ] METRIC_RX type=REAL src=4 seq=78 send_ms=828209 recv_ms=828775 bytes=48
TX,REAL,2,,80,48,829463.0,829070,829463.0,,,,1947,829463000	ID:2	[INFO: Metric    ] METRIC_TX type=REAL node=2 seq=80 bytes=48 time_ms=829070
RX,REAL,,2,80,48,829475.88,829044,829475.88,829070,829044,12.880000000004657,1948,829475880	ID:1	[INFO: Metric    ] METRIC_RX type=REAL src=2 seq=80 send_ms=829070 recv_ms=829044 bytes=48
TX,REAL,6,,80,48,829929.0,829841,829929.0,,,,1952,829929000	ID:6	[INFO: Metric    ] METRIC_TX type=REAL node=6 seq=80 bytes=48 time_ms=829841
RX,REAL,,6,80,48,829973.88,829542,829973.88,829841,829542,44.88000000000466,1953,829973880	ID:1	[INFO: Metric    ] METRIC_RX type=REAL src=6 seq=80 send_ms=829841 recv_ms=829542 bytes=48
TX,REAL,3,,81,48,831069.0,830857,831069.0,,,,1955,831069000	ID:3	[INFO: Metric    ] METRIC_TX type=REAL node=3 seq=81 bytes=48 time_ms=830857
RX,REAL,,3,81,48,831151.168,830720,831151.168,830857,830720,82.16799999994691,1956,831151168	ID:1	[INFO: Metric    ] METRIC_RX type=REAL src=3 seq=81 send_ms=830857 recv_ms=830720 bytes=48
TX,REAL,7,,82,48,835149.0,835127,835149.0,,,,1958,835149000	ID:7	[INFO: Metric    ] METRIC_TX type=REAL node=7 seq=82 bytes=48 time_ms=835127
TX,DUMMY,7,,11,48,835150.0,835128,835150.0,,,,1959,835150000	ID:7	[INFO: Metric    ] METRIC_TX type=DUMMY node=7 seq=11 bytes=48 time_ms=835128
RX,REAL,,7,82,48,835183.88,834752,835183.88,835127,834752,34.88000000000466,1960,835183880	ID:1	[INFO: Metric    ] METRIC_RX type=REAL src=7 seq=82 send_ms=835127 recv_ms=834752 bytes=48
RX,DUMMY,,7,11,48,835223.88,834792,835223.88,835128,834792,,1962,835223880	ID:1	[INFO: Metric    ] METRIC_RX type=DUMMY src=7 seq=11 send_ms=835128 recv_ms=834792 bytes=48
TX,REAL,5,,79,48,837152.0,836182,837152.0,,,,1964,837152000	ID:5	[INFO: Metric    ] METRIC_TX type=REAL node=5 seq=79 bytes=48 time_ms=836182
RX,REAL,,5,79,48,837211.168,836780,837211.168,836182,836780,59.167999999946915,1965,837211168	ID:1	[INFO: Metric    ] METRIC_RX type=REAL src=5 seq=79 send_ms=836182 recv_ms=836780 bytes=48
TX,REAL,2,,81,48,838464.0,838071,838464.0,,,,1967,838464000	ID:2	[INFO: Metric    ] METRIC_TX type=REAL node=2 seq=81 bytes=48 time_ms=838071
RX,REAL,,2,81,48,838502.88,838071,838502.88,838071,838071,38.88000000000466,1968,838502880	ID:1	[INFO: Metric    ] METRIC_RX type=REAL src=2 seq=81 send_ms=838071 recv_ms=838071 bytes=48
TX,REAL,4,,79,48,839159.0,838210,839159.0,,,,1970,839159000	ID:4	[INFO: Metric    ] METRIC_TX type=REAL node=4 seq=79 bytes=48 time_ms=838210
RX,REAL,,4,79,48,839206.168,838775,839206.168,838210,838775,47.167999999946915,1971,839206168	ID:1	[INFO: Metric    ] METRIC_RX type=REAL src=4 seq=79 send_ms=838210 recv_ms=838775 bytes=48
TX,REAL,6,,81,48,839930.0,839842,839930.0,,,,1973,839930000	ID:6	[INFO: Metric    ] METRIC_TX type=REAL node=6 seq=81 bytes=48 time_ms=839842
RX,REAL,,6,81,48,839944.88,839513,839944.88,839842,839513,14.880000000004657,1974,839944880	ID:1	[INFO: Metric    ] METRIC_RX type=REAL src=6 seq=81 send_ms=839842 recv_ms=839513 bytes=48
TX,REAL,3,,82,48,842070.0,841858,842070.0,,,,1976,842070000	ID:3	[INFO: Metric    ] METRIC_TX type=REAL node=3 seq=82 bytes=48 time_ms=841858
RX,REAL,,3,82,48,842100.168,841669,842100.168,841858,841669,30.167999999946915,1977,842100168	ID:1	[INFO: Metric    ] METRIC_RX type=REAL src=3 seq=82 send_ms=841858 recv_ms=841669 bytes=48
TX,REAL,7,,83,48,844151.0,844129,844151.0,,,,1980,844151000	ID:7	[INFO: Metric    ] METRIC_TX type=REAL node=7 seq=83 bytes=48 time_ms=844129
TX,DUMMY,7,,12,48,844152.0,844130,844152.0,,,,1981,844152000	ID:7	[INFO: Metric    ] METRIC_TX type=DUMMY node=7 seq=12 bytes=48 time_ms=844130
RX,REAL,,7,83,48,844182.88,843751,844182.88,844129,843751,31.880000000004657,1982,844182880	ID:1	[INFO: Metric    ] METRIC_RX type=REAL src=7 seq=83 send_ms=844129 recv_ms=843751 bytes=48
RX,DUMMY,,7,12,48,844190.88,843759,844190.88,844130,843759,,1983,844190880	ID:1	[INFO: Metric    ] METRIC_RX type=DUMMY src=7 seq=12 send_ms=844130 recv_ms=843759 bytes=48
TX,REAL,5,,80,48,846153.0,845183,846153.0,,,,1988,846153000	ID:5	[INFO: Metric    ] METRIC_TX type=REAL node=5 seq=80 bytes=48 time_ms=845183
TX,DUMMY,5,,18,48,846154.0,845184,846154.0,,,,1989,846154000	ID:5	[INFO: Metric    ] METRIC_TX type=DUMMY node=5 seq=18 bytes=48 time_ms=845184
RX,REAL,,5,80,48,846189.168,845758,846189.168,845183,845758,36.167999999946915,1990,846189168	ID:1	[INFO: Metric    ] METRIC_RX type=REAL src=5 seq=80 send_ms=845183 recv_ms=845758 bytes=48
RX,DUMMY,,5,18,48,846219.168,845788,846219.168,845184,845788,,1991,846219168	ID:1	[INFO: Metric    ] METRIC_RX type=DUMMY src=5 seq=18 send_ms=845184 recv_ms=845788 bytes=48
TX,REAL,2,,82,48,849465.0,849072,849465.0,,,,1994,849465000	ID:2	[INFO: Metric    ] METRIC_TX type=REAL node=2 seq=82 bytes=48 time_ms=849072
RX,REAL,,2,82,48,849499.88,849068,849499.88,849072,849068,34.88000000000466,1995,849499880	ID:1	[INFO: Metric    ] METRIC_RX type=REAL src=2 seq=82 send_ms=849072 recv_ms=849068 bytes=48
TX,REAL,4,,80,48,850160.0,849211,850160.0,,,,1999,850160000	ID:4	[INFO: Metric    ] METRIC_TX type=REAL node=4 seq=80 bytes=48 time_ms=849211
RX,REAL,,4,80,48,850205.168,849774,850205.168,849211,849774,45.167999999946915,2000,850205168	ID:1	[INFO: Metric    ] METRIC_RX type=REAL src=4 seq=80 send_ms=849211 recv_ms=849774 bytes=48
TX,REAL,6,,82,48,850931.0,850843,850931.0,,,,2002,850931000	ID:6	[INFO: Metric    ] METRIC_TX type=REAL node=6 seq=82 bytes=48 time_ms=850843
RX,REAL,,6,82,48,850951.88,850520,850951.88,850843,850520,20.880000000004657,2003,850951880	ID:1	[INFO: Metric    ] METRIC_RX type=REAL src=6 seq=82 send_ms=850843 recv_ms=850520 bytes=48
TX,REAL,3,,83,48,851071.0,850859,851071.0,,,,2005,851071000	ID:3	[INFO: Metric    ] METRIC_TX type=REAL node=3 seq=83 bytes=48 time_ms=850859
TX,DUMMY,3,,12,48,851072.0,850860,851072.0,,,,2006,851072000	ID:3	[INFO: Metric    ] METRIC_TX type=DUMMY node=3 seq=12 bytes=48 time_ms=850860
RX,REAL,,3,83,48,851137.168,850706,851137.168,850859,850706,66.16799999994691,2007,851137168	ID:1	[INFO: Metric    ] METRIC_RX type=REAL src=3 seq=83 send_ms=850859 recv_ms=850706 bytes=48
RX,DUMMY,,3,12,48,851146.168,850715,851146.168,850860,850715,,2008,851146168	ID:1	[INFO: Metric    ] METRIC_RX type=DUMMY src=3 seq=12 send_ms=850860 recv_ms=850715 bytes=48
TX,REAL,7,,84,48,855153.0,855131,855153.0,,,,2011,855153000	ID:7	[INFO: Metric    ] METRIC_TX type=REAL node=7 seq=84 bytes=48 time_ms=855131
RX,REAL,,7,84,48,855167.88,854736,855167.88,855131,854736,14.880000000004657,2012,855167880	ID:1	[INFO: Metric    ] METRIC_RX type=REAL src=7 seq=84 send_ms=855131 recv_ms=854736 bytes=48
TX,REAL,5,,81,48,856155.0,855185,856155.0,,,,2015,856155000	ID:5	[INFO: Metric    ] METRIC_TX type=REAL node=5 seq=81 bytes=48 time_ms=855185
RX,REAL,,5,81,48,856188.304,855757,856188.304,855185,855757,33.304000000003725,2016,856188304	ID:1	[INFO: Metric    ] METRIC_RX type=REAL src=5 seq=81 send_ms=855185 recv_ms=855757 bytes=48
TX,REAL,2,,83,48,858466.0,858073,858466.0,,,,2018,858466000	ID:2	[INFO: Metric    ] METRIC_TX type=REAL node=2 seq=83 bytes=48 time_ms=858073
RX,REAL,,2,83,48,858475.88,858044,858475.88,858073,858044,9.880000000004657,2019,858475880	ID:1	[INFO: Metric    ] METRIC_RX type=REAL src=2 seq=83 send_ms=858073 recv_ms=858044 bytes=48
TX,REAL,4,,81,48,860161.0,859212,860161.0,,,,2021,860161000	ID:4	[INFO: Metric    ] METRIC_TX type=REAL node=4 seq=81 bytes=48 time_ms=859212
RX,REAL,,4,81,48,860211.168,859780,860211.168,859212,859780,50.167999999946915,2022,860211168	ID:1	[INFO: Metric    ] METRIC_RX type=REAL src=4 seq=81 send_ms=859212 recv_ms=859780 bytes=48
TX,REAL,6,,83,48,861932.0,861844,861932.0,,,,2024,861932000	ID:6	[INFO: Metric    ] METRIC_TX type=REAL node=6 seq=83 bytes=48 time_ms=861844
RX,REAL,,6,83,48,861973.88,861542,861973.88,861844,861542,41.88000000000466,2025,861973880	ID:1	[INFO: Metric    ] METRIC_RX type=REAL src=6 seq=83 send_ms=861844 recv_ms=861542 bytes=48
TX,REAL,3,,84,48,862073.0,861861,862073.0,,,,2027,862073000	ID:3	[INFO: Metric    ] METRIC_TX type=REAL node=3 seq=84 bytes=48 time_ms=861861
RX,REAL,,3,84,48,862104.168,861673,862104.168,861861,861673,31.167999999946915,2028,862104168	ID:1	[INFO: Metric    ] METRIC_RX type=REAL src=3 seq=84 send_ms=861861 recv_ms=861673 bytes=48
TX,REAL,7,,85,48,864154.0,864132,864154.0,,,,2030,864154000	ID:7	[INFO: Metric    ] METRIC_TX type=REAL node=7 seq=85 bytes=48 time_ms=864132
RX,REAL,,7,85,48,864191.88,863760,864191.88,864132,863760,37.88000000000466,2031,864191880	ID:1	[INFO: Metric    ] METRIC_RX type=REAL src=7 seq=85 send_ms=864132 recv_ms=863760 bytes=48
TX,REAL,5,,82,48,867156.0,866186,867156.0,,,,2033,867156000	ID:5	[INFO: Metric    ] METRIC_TX type=REAL node=5 seq=82 bytes=48 time_ms=866186
RX,REAL,,5,82,48,867239.168,866808,867239.168,866186,866808,83.16799999994691,2034,867239168	ID:1	[INFO: Metric    ] METRIC_RX type=REAL src=5 seq=82 send_ms=866186 recv_ms=866808 bytes=48
TX,REAL,2,,84,48,869467.0,869074,869467.0,,,,2036,869467000	ID:2	[INFO: Metric    ] METRIC_TX type=REAL node=2 seq=84 bytes=48 time_ms=869074
RX,REAL,,2,84,48,869472.88,869041,869472.88,869074,869041,5.880000000004657,2037,869472880	ID:1	[INFO: Metric    ] METRIC_RX type=REAL src=2 seq=84 send_ms=869074 recv_ms=869041 bytes=48
TX,REAL,6,,84,48,870933.0,870845,870933.0,,,,2039,870933000	ID:6	[INFO: Metric    ] METRIC_TX type=REAL node=6 seq=84 bytes=48 time_ms=870845
RX,REAL,,6,84,48,870948.88,870517,870948.88,870845,870517,15.880000000004657,2040,870948880	ID:1	[INFO: Metric    ] METRIC_RX type=REAL src=6 seq=84 send_ms=870845 recv_ms=870517 bytes=48
TX,REAL,4,,82,48,871162.0,870213,871162.0,,,,2042,871162000	ID:4	[INFO: Metric    ] METRIC_TX type=REAL node=4 seq=82 bytes=48 time_ms=870213
RX,REAL,,4,82,48,871208.168,870777,871208.168,870213,870777,46.167999999946915,2043,871208168	ID:1	[INFO: Metric    ] METRIC_RX type=REAL src=4 seq=82 send_ms=870213 recv_ms=870777 bytes=48
TX,REAL,3,,85,48,872074.0,871862,872074.0,,,,2046,872074000	ID:3	[INFO: Metric    ] METRIC_TX type=REAL node=3 seq=85 bytes=48 time_ms=871862
RX,REAL,,3,85,48,872122.168,871691,872122.168,871862,871691,48.167999999946915,2047,872122168	ID:1	[INFO: Metric    ] METRIC_RX type=REAL src=3 seq=85 send_ms=871862 recv_ms=871691 bytes=48
TX,REAL,7,,86,48,873155.0,873133,873155.0,,,,2049,873155000	ID:7	[INFO: Metric    ] METRIC_TX type=REAL node=7 seq=86 bytes=48 time_ms=873133
TX,DUMMY,7,,13,48,873156.0,873134,873156.0,,,,2050,873156000	ID:7	[INFO: Metric    ] METRIC_TX type=DUMMY node=7 seq=13 bytes=48 time_ms=873134
RX,REAL,,7,86,48,873186.88,872755,873186.88,873133,872755,31.880000000004657,2051,873186880	ID:1	[INFO: Metric    ] METRIC_RX type=REAL src=7 seq=86 send_ms=873133 recv_ms=872755 bytes=48
RX,DUMMY,,7,13,48,873219.88,872788,873219.88,873134,872788,,2053,873219880	ID:1	[INFO: Metric    ] METRIC_RX type=DUMMY src=7 seq=13 send_ms=873134 recv_ms=872788 bytes=48
TX,REAL,5,,83,48,878157.0,877187,878157.0,,,,2055,878157000	ID:5	[INFO: Metric    ] METRIC_TX type=REAL node=5 seq=83 bytes=48 time_ms=877187
RX,REAL,,5,83,48,878216.168,877785,878216.168,877187,877785,59.167999999946915,2056,878216168	ID:1	[INFO: Metric    ] METRIC_RX type=REAL src=5 seq=83 send_ms=877187 recv_ms=877785 bytes=48
TX,REAL,2,,85,48,879468.0,879075,879468.0,,,,2058,879468000	ID:2	[INFO: Metric    ] METRIC_TX type=REAL node=2 seq=85 bytes=48 time_ms=879075
TX,DUMMY,2,,16,48,879469.0,879076,879469.0,,,,2059,879469000	ID:2	[INFO: Metric    ] METRIC_TX type=DUMMY node=2 seq=16 bytes=48 time_ms=879076
RX,REAL,,2,85,48,879507.88,879076,879507.88,879075,879076,39.88000000000466,2060,879507880	ID:1	[INFO: Metric    ] METRIC_RX type=REAL src=2 seq=85 send_ms=879075 recv_ms=879076 bytes=48
RX,DUMMY,,2,16,48,879549.88,879118,879549.88,879076,879118,,2061,879549880	ID:1	[INFO: Metric    ] METRIC_RX type=DUMMY src=2 seq=16 send_ms=879076 recv_ms=879118 bytes=48
TX,REAL,6,,85,48,879934.0,879846,879934.0,,,,2064,879934000	ID:6	[INFO: Metric    ] METRIC_TX type=REAL node=6 seq=85 bytes=48 time_ms=879846
TX,DUMMY,6,,23,48,879935.0,879847,879935.0,,,,2065,879935000	ID:6	[INFO: Metric    ] METRIC_TX type=DUMMY node=6 seq=23 bytes=48 time_ms=879847
RX,REAL,,6,85,48,879956.88,879525,879956.88,879846,879525,22.880000000004657,2066,879956880	ID:1	[INFO: Metric    ] METRIC_RX type=REAL src=6 seq=85 send_ms=879846 recv_ms=879525 bytes=48
RX,DUMMY,,6,23,48,879970.88,879539,879970.88,879847,879539,,2067,879970880	ID:1	[INFO: Metric    ] METRIC_RX type=DUMMY src=6 seq=23 send_ms=879847 recv_ms=879539 bytes=48
TX,REAL,4,,83,48,881163.0,880214,881163.0,,,,2070,881163000	ID:4	[INFO: Metric    ] METRIC_TX type=REAL node=4 seq=83 bytes=48 time_ms=880214
RX,REAL,,4,83,48,881205.168,880774,881205.168,880214,880774,42.167999999946915,2071,881205168	ID:1	[INFO: Metric    ] METRIC_RX type=REAL src=4 seq=83 send_ms=880214 recv_ms=880774 bytes=48
TX,REAL,7,,87,48,882157.0,882135,882157.0,,,,2073,882157000	ID:7	[INFO: Metric    ] METRIC_TX type=REAL node=7 seq=87 bytes=48 time_ms=882135
RX,REAL,,7,87,48,882185.88,881754,882185.88,882135,881754,28.880000000004657,2074,882185880	ID:1	[INFO: Metric    ] METRIC_RX type=REAL src=7 seq=87 send_ms=882135 recv_ms=881754 bytes=48
TX,REAL,3,,86,48,883075.0,882863,883075.0,,,,2077,883075000	ID:3	[INFO: Metric    ] METRIC_TX type=REAL node=3 seq=86 bytes=48 time_ms=882863
RX,REAL,,3,86,48,883143.168,882712,883143.168,882863,882712,68.16799999994691,2078,883143168	ID:1	[INFO: Metric    ] METRIC_RX type=REAL src=3 seq=86 send_ms=882863 recv_ms=882712 bytes=48
TX,REAL,5,,84,48,888158.0,887188,888158.0,,,,2080,888158000	ID:5	[INFO: Metric    ] METRIC_TX type=REAL node=5 seq=84 bytes=48 time_ms=887188
RX,REAL,,5,84,48,888192.168,887761,888192.168,887188,887761,34.167999999946915,2081,888192168	ID:1	[INFO: Metric    ] METRIC_RX type=REAL src=5 seq=84 send_ms=887188 recv_ms=887761 bytes=48
TX,REAL,6,,86,48,889936.0,889848,889936.0,,,,2083,889936000	ID:6	[INFO: Metric    ] METRIC_TX type=REAL node=6 seq=86 bytes=48 time_ms=889848
TX,DUMMY,6,,24,48,889937.0,889849,889937.0,,,,2084,889937000	ID:6	[INFO: Metric    ] METRIC_TX type=DUMMY node=6 seq=24 bytes=48 time_ms=889849
RX,REAL,,6,86,48,889974.88,889543,889974.88,889848,889543,38.88000000000466,2085,889974880	ID:1	[INFO: Metric    ] METRIC_RX type=REAL src=6 seq=86 send_ms=889848 recv_ms=889543 bytes=48
RX,DUMMY,,6,24,48,890004.76,889573,890004.76,889849,889573,,2087,890004760	ID:1	[INFO: Metric    ] METRIC_RX type=DUMMY src=6 seq=24 send_ms=889849 recv_ms=889573 bytes=48
TX,REAL,4,,84,48,890164.0,889215,890164.0,,,,2089,890164000	ID:4	[INFO: Metric    ] METRIC_TX type=REAL node=4 seq=84 bytes=48 time_ms=889215
RX,REAL,,4,84,48,890228.168,889797,890228.168,889215,889797,64.16799999994691,2090,890228168	ID:1	[INFO: Metric    ] METRIC_RX type=REAL src=4 seq=84 send_ms=889215 recv_ms=889797 bytes=48
TX,REAL,2,,86,48,890470.0,890077,890470.0,,,,2092,890470000	ID:2	[INFO: Metric    ] METRIC_TX type=REAL node=2 seq=86 bytes=48 time_ms=890077
RX,REAL,,2,86,48,890492.88,890061,890492.88,890077,890061,22.880000000004657,2093,890492880	ID:1	[INFO: Metric    ] METRIC_RX type=REAL src=2 seq=86 send_ms=890077 recv_ms=890061 bytes=48
TX,REAL,3,,87,48,893076.0,892864,893076.0,,,,2095,893076000	ID:3	[INFO: Metric    ] METRIC_TX type=REAL node=3 seq=87 bytes=48 time_ms=892864
TX,DUMMY,3,,13,48,893077.0,892865,893077.0,,,,2096,893077000	ID:3	[INFO: Metric    ] METRIC_TX type=DUMMY node=3 seq=13 bytes=48 time_ms=892865
RX,REAL,,3,87,48,893130.168,892699,893130.168,892864,892699,54.167999999946915,2097,893130168	ID:1	[INFO: Metric    ] METRIC_RX type=REAL src=3 seq=87 send_ms=892864 recv_ms=892699 bytes=48
TX,REAL,7,,88,48,893158.0,893136,893158.0,,,,2098,893158000	ID:7	[INFO: Metric    ] METRIC_TX type=REAL node=7 seq=88 bytes=48 time_ms=893136
RX,REAL,,7,88,48,893180.88,892749,893180.88,893136,892749,22.880000000004657,2100,893180880	ID:1	[INFO: Metric    ] METRIC_RX type=REAL src=7 seq=88 send_ms=893136 recv_ms=892749 bytes=48
RX,DUMMY,,3,13,48,893209.168,892778,893209.168,892865,892778,,2102,893209168	ID:1	[INFO: Metric    ] METRIC_RX type=DUMMY src=3 seq=13 send_ms=892865 recv_ms=892778 bytes=48
TX,REAL,5,,85,48,898159.0,897189,898159.0,,,,2104,898159000	ID:5	[INFO: Metric    ] METRIC_TX type=REAL node=5 seq=85 bytes=48 time_ms=897189
RX,REAL,,5,85,48,898235.168,897804,898235.168,897189,897804,76.16799999994691,2105,898235168	ID:1	[INFO: Metric    ] METRIC_RX type=REAL src=5 seq=85 send_ms=897189 recv_ms=897804 bytes=48
TX,REAL,4,,85,48,899165.0,898216,899165.0,,,,2108,899165000	ID:4	[INFO: Metric    ] METRIC_TX type=REAL node=4 seq=85 bytes=48 time_ms=898216
RX,REAL,,4,85,48,899218.168,898787,899218.168,898216,898787,53.167999999946915,2109,899218168	ID:1	[INFO: Metric    ] METRIC_RX type=REAL src=4 seq=85 send_ms=898216 recv_ms=898787 bytes=48
TX,REAL,6,,87,48,900938.0,900850,900938.0,,,,2111,900938000	ID:6	[INFO: Metric    ] METRIC_TX type=REAL node=6 seq=87 bytes=48 time_ms=900850
RX,REAL,,6,87,48,900956.88,900525,900956.88,900850,900525,18.880000000004657,2112,900956880	ID:1	[INFO: Metric    ] METRIC_RX type=REAL src=6 seq=87 send_ms=900850 recv_ms=900525 bytes=48
TX,REAL,2,,87,48,901471.0,901078,901471.0,,,,2114,901471000	ID:2	[INFO: Metric    ] METRIC_TX type=REAL node=2 seq=87 bytes=48 time_ms=901078
RX,REAL,,2,87,48,901503.88,901072,901503.88,901078,901072,32.88000000000466,2115,901503880	ID:1	[INFO: Metric    ] METRIC_RX type=REAL src=2 seq=87 send_ms=901078 recv_ms=901072 bytes=48
TX,REAL,7,,89,48,902159.0,902137,902159.0,,,,2117,902159000	ID:7	[INFO: Metric    ] METRIC_TX type=REAL node=7 seq=89 bytes=48 time_ms=902137
RX,REAL,,7,89,48,902194.88,901763,902194.88,902137,901763,35.88000000000466,2118,902194880	ID:1	[INFO: Metric    ] METRIC_RX type=REAL src=7 seq=89 send_ms=902137 recv_ms=901763 bytes=48
TX,REAL,3,,88,48,903078.0,902866,903078.0,,,,2120,903078000	ID:3	[INFO: Metric    ] METRIC_TX type=REAL node=3 seq=88 bytes=48 time_ms=902866
TX,DUMMY,3,,14,48,903079.0,902867,903079.0,,,,2121,903079000	ID:3	[INFO: Metric    ] METRIC_TX type=DUMMY node=3 seq=14 bytes=48 time_ms=902867
RX,REAL,,3,88,48,903124.168,902693,903124.168,902866,902693,46.167999999946915,2122,903124168	ID:1	[INFO: Metric    ] METRIC_RX type=REAL src=3 seq=88 send_ms=902866 recv_ms=902693 bytes=48
RX,DUMMY,,3,14,48,903153.168,902722,903153.168,902867,902722,,2123,903153168	ID:1	[INFO: Metric    ] METRIC_RX type=DUMMY src=3 seq=14 send_ms=902867 recv_ms=902722 bytes=48
TX,REAL,5,,86,48,908160.0,907190,908160.0,,,,2126,908160000	ID:5	[INFO: Metric    ] METRIC_TX type=REAL node=5 seq=86 bytes=48 time_ms=907190
TX,REAL,4,,86,48,908166.0,907217,908166.0,,,,2127,908166000	ID:4	[INFO: Metric    ] METRIC_TX type=REAL node=4 seq=86 bytes=48 time_ms=907217
RX,REAL,,5,86,48,908195.168,907764,908195.168,907190,907764,35.167999999946915,2128,908195168	ID:1	[INFO: Metric    ] METRIC_RX type=REAL src=5 seq=86 send_ms=907190 recv_ms=907764 bytes=48
RX,REAL,,4,86,48,908239.168,907808,908239.168,907217,907808,73.16799999994691,2129,908239168	ID:1	[INFO: Metric    ] METRIC_RX type=REAL src=4 seq=86 send_ms=907217 recv_ms=907808 bytes=48
TX,REAL,6,,88,48,910939.0,910851,910939.0,,,,2132,910939000	ID:6	[INFO: Metric    ] METRIC_TX type=REAL node=6 seq=88 bytes=48 time_ms=910851
RX,REAL,,6,88,48,910983.88,910552,910983.88,910851,910552,44.88000000000466,2133,910983880	ID:1	[INFO: Metric    ] METRIC_RX type=REAL src=6 seq=88 send_ms=910851 recv_ms=910552 bytes=48
TX,REAL,7,,90,48,911160.0,911138,911160.0,,,,2137,911160000	ID:7	[INFO: Metric    ] METRIC_TX type=REAL node=7 seq=90 bytes=48 time_ms=911138
RX,REAL,,7,90,48,911196.88,910765,911196.88,911138,910765,36.88000000000466,2138,911196880	ID:1	[INFO: Metric    ] METRIC_RX type=REAL src=7 seq=90 send_ms=911138 recv_ms=910765 bytes=48
TX,REAL,3,,89,48,912080.0,911868,912080.0,,,,2141,912080000	ID:3	[INFO: Metric    ] METRIC_TX type=REAL node=3 seq=89 bytes=48 time_ms=911868
RX,REAL,,3,89,48,912133.168,911702,912133.168,911868,911702,53.167999999946915,2142,912133168	ID:1	[INFO: Metric    ] METRIC_RX type=REAL src=3 seq=89 send_ms=911868 recv_ms=911702 bytes=48
TX,REAL,2,,88,48,912472.0,912079,912472.0,,,,2144,912472000	ID:2	[INFO: Metric    ] METRIC_TX type=REAL node=2 seq=88 bytes=48 time_ms=912079
RX,REAL,,2,88,48,912510.88,912079,912510.88,912079,912079,38.88000000000466,2145,912510880	ID:1	[INFO: Metric    ] METRIC_RX type=REAL src=2 seq=88 send_ms=912079 recv_ms=912079 bytes=48
TX,REAL,5,,87,48,917161.0,916191,917161.0,,,,2147,917161000	ID:5	[INFO: Metric    ] METRIC_TX type=REAL node=5 seq=87 bytes=48 time_ms=916191
RX,REAL,,5,87,48,917249.168,916818,917249.168,916191,916818,88.16799999994691,2148,917249168	ID:1	[INFO: Metric    ] METRIC_RX type=REAL src=5 seq=87 send_ms=916191 recv_ms=916818 bytes=48
TX,REAL,4,,87,48,918167.0,917218,918167.0,,,,2150,918167000	ID:4	[INFO: Metric    ] METRIC_TX type=REAL node=4 seq=87 bytes=48 time_ms=917218
RX,REAL,,4,87,48,918187.168,917756,918187.168,917218,917756,20.167999999946915,2151,918187168	ID:1	[INFO: Metric    ] METRIC_RX type=REAL src=4 seq=87 send_ms=917218 recv_ms=917756 bytes=48
TX,REAL,6,,89,48,920940.0,920852,920940.0,,,,2153,920940000	ID:6	[INFO: Metric    ] METRIC_TX type=REAL node=6 seq=89 bytes=48 time_ms=920852
RX,REAL,,6,89,48,920948.88,920517,920948.88,920852,920517,8.880000000004657,2154,920948880	ID:1	[INFO: Metric    ] METRIC_RX type=REAL src=6 seq=89 send_ms=920852 recv_ms=920517 bytes=48
TX,REAL,3,,90,48,921081.0,920869,921081.0,,,,2158,921081000	ID:3	[INFO: Metric    ] METRIC_TX type=REAL node=3 seq=90 bytes=48 time_ms=920869
RX,REAL,,3,90,48,921130.168,920699,921130.168,920869,920699,49.167999999946915,2159,921130168	ID:1	[INFO: Metric    ] METRIC_RX type=REAL src=3 seq=90 send_ms=920869 recv_ms=920699 bytes=48
TX,REAL,7,,91,48,921161.0,921139,921161.0,,,,2160,921161000	ID:7	[INFO: Metric    ] METRIC_TX type=REAL node=7 seq=91 bytes=48 time_ms=921139
RX,REAL,,7,91,48,921227.88,920796,921227.88,921139,920796,66.88000000000466,2162,921227880	ID:1	[INFO: Metric    ] METRIC_RX type=REAL src=7 seq=91 send_ms=921139 recv_ms=920796 bytes=48
TX,REAL,2,,89,48,923473.0,923080,923473.0,,,,2164,923473000	ID:2	[INFO: Metric    ] METRIC_TX type=REAL node=2 seq=89 bytes=48 time_ms=923080
RX,REAL,,2,89,48,923503.88,923072,923503.88,923080,923072,30.880000000004657,2165,923503880	ID:1	[INFO: Metric    ] METRIC_RX type=REAL src=2 seq=89 send_ms=923080 recv_ms=923072 bytes=48
TX,REAL,5,,88,48,928162.0,927192,928162.0,,,,2167,928162000	ID:5	[INFO: Metric    ] METRIC_TX type=REAL node=5 seq=88 bytes=48 time_ms=927192
TX,DUMMY,5,,19,48,928163.0,927193,928163.0,,,,2168,928163000	ID:5	[INFO: Metric    ] METRIC_TX type=DUMMY node=5 seq=19 bytes=48 time_ms=927193
TX,REAL,4,,88,48,928168.0,927219,928168.0,,,,2169,928168000	ID:4	[INFO: Metric    ] METRIC_TX type=REAL node=4 seq=88 bytes=48 time_ms=927219
RX,REAL,,5,88,48,928224.168,927793,928224.168,927192,927793,62.167999999946915,2170,928224168	ID:1	[INFO: Metric    ] METRIC_RX type=REAL src=5 seq=88 send_ms=927192 recv_ms=927793 bytes=48
RX,REAL,,4,88,48,928228.336,927797,928228.336,927219,927797,60.336000000010245,2171,928228336	ID:1	[INFO: Metric    ] METRIC_RX type=REAL src=4 seq=88 send_ms=927219 recv_ms=927797 bytes=48
RX,DUMMY,,5,19,48,928260.168,927829,928260.168,927193,927829,,2173,928260168	ID:1	[INFO: Metric    ] METRIC_RX type=DUMMY src=5 seq=19 send_ms=927193 recv_ms=927829 bytes=48
TX,REAL,3,,91,48,930082.0,929870,930082.0,,,,2177,930082000	ID:3	[INFO: Metric    ] METRIC_TX type=REAL node=3 seq=91 bytes=48 time_ms=929870
RX,REAL,,3,91,48,930137.168,929706,930137.168,929870,929706,55.167999999946915,2178,930137168	ID:1	[INFO: Metric    ] METRIC_RX type=REAL src=3 seq=91 send_ms=929870 recv_ms=929706 bytes=48
TX,REAL,7,,92,48,930162.0,930140,930162.0,,,,2179,930162000	ID:7	[INFO: Metric    ] METRIC_TX type=REAL node=7 seq=92 bytes=48 time_ms=930140
TX,DUMMY,7,,14,48,930163.0,930141,930163.0,,,,2180,930163000	ID:7	[INFO: Metric    ] METRIC_TX type=DUMMY node=7 seq=14 bytes=48 time_ms=930141
RX,REAL,,7,92,48,930175.88,929744,930175.88,930140,929744,13.880000000004657,2181,930175880	ID:1	[INFO: Metric    ] METRIC_RX type=REAL src=7 seq=92 send_ms=930140 recv_ms=929744 bytes=48
RX,DUMMY,,7,14,48,930256.88,929825,930256.88,930141,929825,,2184,930256880	ID:1	[INFO: Metric    ] METRIC_RX type=DUMMY src=7 seq=14 send_ms=930141 recv_ms=929825 bytes=48
TX,REAL,6,,90,48,931941.0,931853,931941.0,,,,2188,931941000	ID:6	[INFO: Metric    ] METRIC_TX type=REAL node=6 seq=90 bytes=48 time_ms=931853
RX,REAL,,6,90,48,931952.88,931521,931952.88,931853,931521,11.880000000004657,2189,931952880	ID:1	[INFO: Metric    ] METRIC_RX type=REAL src=6 seq=90 send_ms=931853 recv_ms=931521 bytes=48
TX,REAL,2,,90,48,934474.0,934081,934474.0,,,,2193,934474000	ID:2	[INFO: Metric    ] METRIC_TX type=REAL node=2 seq=90 bytes=48 time_ms=934081
RX,REAL,,2,90,48,934507.88,934076,934507.88,934081,934076,33.88000000000466,2194,934507880	ID:1	[INFO: Metric    ] METRIC_RX type=REAL src=2 seq=90 send_ms=934081 recv_ms=934076 bytes=48
TX,REAL,5,,89,48,939164.0,938194,939164.0,,,,2196,939164000	ID:5	[INFO: Metric    ] METRIC_TX type=REAL node=5 seq=89 bytes=48 time_ms=938194
TX,DUMMY,5,,20,48,939165.0,938195,939165.0,,,,2197,939165000	ID:5	[INFO: Metric    ] METRIC_TX type=DUMMY node=5 seq=20 bytes=48 time_ms=938195
TX,REAL,4,,89,48,939169.0,938220,939169.0,,,,2198,939169000	ID:4	[INFO: Metric    ] METRIC_TX type=REAL node=4 seq=89 bytes=48 time_ms=938220
RX,REAL,,4,89,48,939227.168,938796,939227.168,938220,938796,58.167999999946915,2199,939227168	ID:1	[INFO: Metric    ] METRIC_RX type=REAL src=4 seq=89 send_ms=938220 recv_ms=938796 bytes=48
RX,REAL,,5,89,48,939308.168,938877,939308.168,938194,938877,144.16799999994691,2201,939308168	ID:1	[INFO: Metric    ] METRIC_RX type=REAL src=5 seq=89 send_ms=938194 recv_ms=938877 bytes=48
RX,DUMMY,,5,20,48,939325.304,938894,939325.304,938195,938894,,2202,939325304	ID:1	[INFO: Metric    ] METRIC_RX type=DUMMY src=5 seq=20 send_ms=938195 recv_ms=938894 bytes=48
TX,REAL,3,,92,48,940083.0,939871,940083.0,,,,2205,940083000	ID:3	[INFO: Metric    ] METRIC_TX type=REAL node=3 seq=92 bytes=48 time_ms=939871
RX,REAL,,3,92,48,940144.168,939713,940144.168,939871,939713,61.167999999946915,2206,940144168	ID:1	[INFO: Metric    ] METRIC_RX type=REAL src=3 seq=92 send_ms=939871 recv_ms=939713 bytes=48
TX,REAL,7,,93,48,940164.0,940142,940164.0,,,,2208,940164000	ID:7	[INFO: Metric    ] METRIC_TX type=REAL node=7 seq=93 bytes=48 time_ms=940142
RX,REAL,,7,93,48,940196.88,939765,940196.88,940142,939765,32.88000000000466,2209,940196880	ID:1	[INFO: Metric    ] METRIC_RX type=REAL src=7 seq=93 send_ms=940142 recv_ms=939765 bytes=48
TX,REAL,6,,91,48,940942.0,940854,940942.0,,,,2212,940942000	ID:6	[INFO: Metric    ] METRIC_TX type=REAL node=6 seq=91 bytes=48 time_ms=940854
RX,REAL,,6,91,48,940962.88,940531,940962.88,940854,940531,20.880000000004657,2213,940962880	ID:1	[INFO: Metric    ] METRIC_RX type=REAL src=6 seq=91 send_ms=940854 recv_ms=940531 bytes=48
TX,REAL,2,,91,48,943475.0,943082,943475.0,,,,2215,943475000	ID:2	[INFO: Metric    ] METRIC_TX type=REAL node=2 seq=91 bytes=48 time_ms=943082
RX,REAL,,2,91,48,943508.88,943077,943508.88,943082,943077,33.88000000000466,2216,943508880	ID:1	[INFO: Metric    ] METRIC_RX type=REAL src=2 seq=91 send_ms=943082 recv_ms=943077 bytes=48
TX,REAL,6,,92,48,949943.0,949855,949943.0,,,,2218,949943000	ID:6	[INFO: Metric    ] METRIC_TX type=REAL node=6 seq=92 bytes=48 time_ms=949855
RX,REAL,,6,92,48,949953.88,949522,949953.88,949855,949522,10.880000000004657,2219,949953880	ID:1	[INFO: Metric    ] METRIC_RX type=REAL src=6 seq=92 send_ms=949855 recv_ms=949522 bytes=48
TX,REAL,7,,94,48,950165.0,950143,950165.0,,,,2223,950165000	ID:7	[INFO: Metric    ] METRIC_TX type=REAL node=7 seq=94 bytes=48 time_ms=950143
TX,REAL,5,,90,48,950166.0,949196,950166.0,,,,2224,950166000	ID:5	[INFO: Metric    ] METRIC_TX type=REAL node=5 seq=90 bytes=48 time_ms=949196
TX,REAL,4,,90,48,950170.0,949221,950170.0,,,,2227,950170000	ID:4	[INFO: Metric    ] METRIC_TX type=REAL node=4 seq=90 bytes=48 time_ms=949221
TX,DUMMY,4,,9,48,950171.0,949222,950171.0,,,,2228,950171000	ID:4	[INFO: Metric    ] METRIC_TX type=DUMMY node=4 seq=9 bytes=48 time_ms=949222
RX,REAL,,7,94,48,950204.952,949773,950204.952,950143,949773,39.95200000004843,2229,950204952	ID:1	[INFO: Metric    ] METRIC_RX type=REAL src=7 seq=94 send_ms=950143 recv_ms=949773 bytes=48
RX,REAL,,5,90,48,950259.168,949828,950259.168,949196,949828,93.16799999994691,2231,950259168	ID:1	[INFO: Metric    ] METRIC_RX type=REAL src=5 seq=90 send_ms=949196 recv_ms=949828 bytes=48
RX,REAL,,4,90,48,950272.168,949841,950272.168,949221,949841,102.16799999994691,2232,950272168	ID:1	[INFO: Metric    ] METRIC_RX type=REAL src=4 seq=90 send_ms=949221 recv_ms=949841 bytes=48
RX,DUMMY,,4,9,48,950352.92,949921,950352.92,949222,949921,,2234,950352920	ID:1	[INFO: Metric    ] METRIC_RX type=DUMMY src=4 seq=9 send_ms=949222 recv_ms=949921 bytes=48
TX,REAL,3,,93,48,951084.0,950872,951084.0,,,,2237,951084000	ID:3	[INFO: Metric    ] METRIC_TX type=REAL node=3 seq=93 bytes=48 time_ms=950872
TX,DUMMY,3,,15,48,951085.0,950873,951085.0,,,,2238,951085000	ID:3	[INFO: Metric    ] METRIC_TX type=DUMMY node=3 seq=15 bytes=48 time_ms=950873
RX,REAL,,3,93,48,951120.168,950689,951120.168,950872,950689,36.167999999946915,2239,951120168	ID:1	[INFO: Metric    ] METRIC_RX type=REAL src=3 seq=93 send_ms=950872 recv_ms=950689 bytes=48
RX,DUMMY,,3,15,48,951155.168,950724,951155.168,950873,950724,,2240,951155168	ID:1	[INFO: Metric    ] METRIC_RX type=DUMMY src=3 seq=15 send_ms=950873 recv_ms=950724 bytes=48
TX,REAL,2,,92,48,953476.0,953083,953476.0,,,,2244,953476000	ID:2	[INFO: Metric    ] METRIC_TX type=REAL node=2 seq=92 bytes=48 time_ms=953083
RX,REAL,,2,92,48,953498.88,953067,953498.88,953083,953067,22.880000000004657,2245,953498880	ID:1	[INFO: Metric    ] METRIC_RX type=REAL src=2 seq=92 send_ms=953083 recv_ms=953067 bytes=48
TX,REAL,7,,95,48,959166.0,959144,959166.0,,,,2247,959166000	ID:7	[INFO: Metric    ] METRIC_TX type=REAL node=7 seq=95 bytes=48 time_ms=959144
RX,REAL,,7,95,48,959175.88,958744,959175.88,959144,958744,9.880000000004657,2248,959175880	ID:1	[INFO: Metric    ] METRIC_RX type=REAL src=7 seq=95 send_ms=959144 recv_ms=958744 bytes=48
TX,REAL,4,,91,48,960172.0,959223,960172.0,,,,2250,960172000	ID:4	[INFO: Metric    ] METRIC_TX type=REAL node=4 seq=91 bytes=48 time_ms=959223
RX,REAL,,4,91,48,960241.168,959810,960241.168,959223,959810,69.16799999994691,2251,960241168	ID:1	[INFO: Metric    ] METRIC_RX type=REAL src=4 seq=91 send_ms=959223 recv_ms=959810 bytes=48
TX,REAL,6,,93,48,960944.0,960856,960944.0,,,,2253,960944000	ID:6	[INFO: Metric    ] METRIC_TX type=REAL node=6 seq=93 bytes=48 time_ms=960856
RX,REAL,,6,93,48,960960.88,960529,960960.88,960856,960529,16.880000000004657,2254,960960880	ID:1	[INFO: Metric    ] METRIC_RX type=REAL src=6 seq=93 send_ms=960856 recv_ms=960529 bytes=48
TX,REAL,5,,91,48,961167.0,960197,961167.0,,,,2256,961167000	ID:5	[INFO: Metric    ] METRIC_TX type=REAL node=5 seq=91 bytes=48 time_ms=960197
RX,REAL,,5,91,48,961222.168,960791,961222.168,960197,960791,55.167999999946915,2257,961222168	ID:1	[INFO: Metric    ] METRIC_RX type=REAL src=5 seq=91 send_ms=960197 recv_ms=960791 bytes=48
TX,REAL,3,,94,48,962086.0,961874,962086.0,,,,2259,962086000	ID:3	[INFO: Metric    ] METRIC_TX type=REAL node=3 seq=94 bytes=48 time_ms=961874
TX,DUMMY,3,,16,48,962087.0,961875,962087.0,,,,2260,962087000	ID:3	[INFO: Metric    ] METRIC_TX type=DUMMY node=3 seq=16 bytes=48 time_ms=961875
RX,REAL,,3,94,48,962152.168,961721,962152.168,961874,961721,66.16799999994691,2261,962152168	ID:1	[INFO: Metric    ] METRIC_RX type=REAL src=3 seq=94 send_ms=961874 recv_ms=961721 bytes=48
RX,DUMMY,,3,16,48,962203.168,961772,962203.168,961875,961772,,2262,962203168	ID:1	[INFO: Metric    ] METRIC_RX type=DUMMY src=3 seq=16 send_ms=961875 recv_ms=961772 bytes=48
TX,REAL,2,,93,48,963477.0,963084,963477.0,,,,2265,963477000	ID:2	[INFO: Metric    ] METRIC_TX type=REAL node=2 seq=93 bytes=48 time_ms=963084
RX,REAL,,2,93,48,963519.88,963088,963519.88,963084,963088,42.88000000000466,2266,963519880	ID:1	[INFO: Metric    ] METRIC_RX type=REAL src=2 seq=93 send_ms=963084 recv_ms=963088 bytes=48
TX,REAL,7,,96,48,969167.0,969145,969167.0,,,,2268,969167000	ID:7	[INFO: Metric    ] METRIC_TX type=REAL node=7 seq=96 bytes=48 time_ms=969145
TX,REAL,4,,92,48,969173.0,968224,969173.0,,,,2269,969173000	ID:4	[INFO: Metric    ] METRIC_TX type=REAL node=4 seq=92 bytes=48 time_ms=968224
RX,REAL,,7,96,48,969188.88,968757,969188.88,969145,968757,21.880000000004657,2270,969188880	ID:1	[INFO: Metric    ] METRIC_RX type=REAL src=7 seq=96 send_ms=969145 recv_ms=968757 bytes=48
RX,REAL,,4,92,48,969222.168,968791,969222.168,968224,968791,49.167999999946915,2272,969222168	ID:1	[INFO: Metric    ] METRIC_RX type=REAL src=4 seq=92 send_ms=968224 recv_ms=968791 bytes=48
TX,REAL,6,,94,48,970945.0,970857,970945.0,,,,2275,970945000	ID:6	[INFO: Metric    ] METRIC_TX type=REAL node=6 seq=94 bytes=48 time_ms=970857
RX,REAL,,6,94,48,970974.88,970543,970974.88,970857,970543,29.880000000004657,2276,970974880	ID:1	[INFO: Metric    ] METRIC_RX type=REAL src=6 seq=94 send_ms=970857 recv_ms=970543 bytes=48
TX,REAL,3,,95,48,972088.0,971876,972088.0,,,,2278,972088000	ID:3	[INFO: Metric    ] METRIC_TX type=REAL node=3 seq=95 bytes=48 time_ms=971876
TX,REAL,5,,92,48,972168.0,971198,972168.0,,,,2279,972168000	ID:5	[INFO: Metric    ] METRIC_TX type=REAL node=5 seq=92 bytes=48 time_ms=971198
RX,REAL,,3,95,48,972170.168,971739,972170.168,971876,971739,82.16799999994691,2280,972170168	ID:1	[INFO: Metric    ] METRIC_RX type=REAL src=3 seq=95 send_ms=971876 recv_ms=971739 bytes=48
RX,REAL,,5,92,48,972283.168,971852,972283.168,971198,971852,115.16799999994691,2282,972283168	ID:1	[INFO: Metric    ] METRIC_RX type=REAL src=5 seq=92 send_ms=971198 recv_ms=971852 bytes=48
TX,REAL,2,,94,48,973478.0,973085,973478.0,,,,2284,973478000	ID:2	[INFO: Metric    ] METRIC_TX type=REAL node=2 seq=94 bytes=48 time_ms=973085
TX,DUMMY,2,,17,48,973479.0,973086,973479.0,,,,2285,973479000	ID:2	[INFO: Metric    ] METRIC_TX type=DUMMY node=2 seq=17 bytes=48 time_ms=973086
RX,REAL,,2,94,48,973494.88,973063,973494.88,973085,973063,16.880000000004657,2286,973494880	ID:1	[INFO: Metric    ] METRIC_RX type=REAL src=2 seq=94 send_ms=973085 recv_ms=973063 bytes=48
RX,DUMMY,,2,17,48,973501.76,973070,973501.76,973086,973070,,2287,973501760	ID:1	[INFO: Metric    ] METRIC_RX type=DUMMY src=2 seq=17 send_ms=973086 recv_ms=973070 bytes=48
TX,REAL,7,,97,48,980168.0,980146,980168.0,,,,2290,980168000	ID:7	[INFO: Metric    ] METRIC_TX type=REAL node=7 seq=97 bytes=48 time_ms=980146
TX,REAL,4,,93,48,980174.0,979225,980174.0,,,,2291,980174000	ID:4	[INFO: Metric    ] METRIC_TX type=REAL node=4 seq=93 bytes=48 time_ms=979225
RX,REAL,,7,97,48,980197.88,979766,980197.88,980146,979766,29.880000000004657,2292,980197880	ID:1	[INFO: Metric    ] METRIC_RX type=REAL src=7 seq=97 send_ms=980146 recv_ms=979766 bytes=48
RX,REAL,,4,93,48,980212.168,979781,980212.168,979225,979781,38.167999999946915,2293,980212168	ID:1	[INFO: Metric    ] METRIC_RX type=REAL src=4 seq=93 send_ms=979225 recv_ms=979781 bytes=48
TX,REAL,6,,95,48,981946.0,981858,981946.0,,,,2296,981946000	ID:6	[INFO: Metric    ] METRIC_TX type=REAL node=6 seq=95 bytes=48 time_ms=981858
RX,REAL,,6,95,48,981990.88,981559,981990.88,981858,981559,44.88000000000466,2297,981990880	ID:1	[INFO: Metric    ] METRIC_RX type=REAL src=6 seq=95 send_ms=981858 recv_ms=981559 bytes=48
TX,REAL,2,,95,48,982480.0,982087,982480.0,,,,2299,982480000	ID:2	[INFO: Metric    ] METRIC_TX type=REAL node=2 seq=95 bytes=48 time_ms=982087
RX,REAL,,2,95,48,982485.88,982054,982485.88,982087,982054,5.880000000004657,2300,982485880	ID:1	[INFO: Metric    ] METRIC_RX type=REAL src=2 seq=95 send_ms=982087 recv_ms=982054 bytes=48
TX,REAL,3,,96,48,983089.0,982877,983089.0,,,,2302,983089000	ID:3	[INFO: Metric    ] METRIC_TX type=REAL node=3 seq=96 bytes=48 time_ms=982877
RX,REAL,,3,96,48,983158.168,982727,983158.168,982877,982727,69.16799999994691,2303,983158168	ID:1	[INFO: Metric    ] METRIC_RX type=REAL src=3 seq=96 send_ms=982877 recv_ms=982727 bytes=48
TX,REAL,5,,93,48,983168.04,982199,983168.04,,,,2305,983168040	ID:5	[INFO: Metric    ] METRIC_TX type=REAL node=5 seq=93 bytes=48 time_ms=982199
RX,REAL,,5,93,48,983248.168,982817,983248.168,982199,982817,80.12799999990966,2307,983248168	ID:1	[INFO: Metric    ] METRIC_RX type=REAL src=5 seq=93 send_ms=982199 recv_ms=982817 bytes=48
TX,REAL,7,,98,48,989169.0,989147,989169.0,,,,2309,989169000	ID:7	[INFO: Metric    ] METRIC_TX type=REAL node=7 seq=98 bytes=48 time_ms=989147
RX,REAL,,7,98,48,989178.88,988747,989178.88,989147,988747,9.880000000004657,2310,989178880	ID:1	[INFO: Metric    ] METRIC_RX type=REAL src=7 seq=98 send_ms=989147 recv_ms=988747 bytes=48
TX,REAL,6,,96,48,990947.0,990859,990947.0,,,,2312,990947000	ID:6	[INFO: Metric    ] METRIC_TX type=REAL node=6 seq=96 bytes=48 time_ms=990859
RX,REAL,,6,96,48,990964.88,990533,990964.88,990859,990533,17.880000000004657,2313,990964880	ID:1	[INFO: Metric    ] METRIC_RX type=REAL src=6 seq=96 send_ms=990859 recv_ms=990533 bytes=48
TX,REAL,4,,94,48,991175.0,990226,991175.0,,,,2315,991175000	ID:4	[INFO: Metric    ] METRIC_TX type=REAL node=4 seq=94 bytes=48 time_ms=990226
RX,REAL,,4,94,48,991258.168,990827,991258.168,990226,990827,83.16799999994691,2316,991258168	ID:1	[INFO: Metric    ] METRIC_RX type=REAL src=4 seq=94 send_ms=990226 recv_ms=990827 bytes=48
TX,REAL,2,,96,48,991481.0,991088,991481.0,,,,2318,991481000	ID:2	[INFO: Metric    ] METRIC_TX type=REAL node=2 seq=96 bytes=48 time_ms=991088
RX,REAL,,2,96,48,991489.88,991058,991489.88,991088,991058,8.880000000004657,2319,991489880	ID:1	[INFO: Metric    ] METRIC_RX type=REAL src=2 seq=96 send_ms=991088 recv_ms=991058 bytes=48
TX,REAL,3,,97,48,992090.0,991878,992090.0,,,,2321,992090000	ID:3	[INFO: Metric    ] METRIC_TX type=REAL node=3 seq=97 bytes=48 time_ms=991878
RX,REAL,,3,97,48,992132.168,991701,992132.168,991878,991701,42.167999999946915,2322,992132168	ID:1	[INFO: Metric    ] METRIC_RX type=REAL src=3 seq=97 send_ms=991878 recv_ms=991701 bytes=48
TX,REAL,5,,94,48,992169.0,991199,992169.0,,,,2324,992169000	ID:5	[INFO: Metric    ] METRIC_TX type=REAL node=5 seq=94 bytes=48 time_ms=991199
RX,REAL,,5,94,48,992246.168,991815,992246.168,991199,991815,77.16799999994691,2325,992246168	ID:1	[INFO: Metric    ] METRIC_RX type=REAL src=5 seq=94 send_ms=991199 recv_ms=991815 bytes=48
TX,REAL,7,,99,48,999170.0,999148,999170.0,,,,2327,999170000	ID:7	[INFO: Metric    ] METRIC_TX type=REAL node=7 seq=99 bytes=48 time_ms=999148
RX,REAL,,7,99,48,999183.88,998752,999183.88,999148,998752,13.880000000004657,2328,999183880	ID:1	[INFO: Metric    ] METRIC_RX type=REAL src=7 seq=99 send_ms=999148 recv_ms=998752 bytes=48
TX,REAL,3,,98,48,1001091.0,1000879,1001091.0,,,,2330,1001091000	ID:3	[INFO: Metric    ] METRIC_TX type=REAL node=3 seq=98 bytes=48 time_ms=1000879
RX,REAL,,3,98,48,1001168.168,1000737,1001168.168,1000879,1000737,77.16799999994691,2331,1001168168	ID:1	[INFO: Metric    ] METRIC_RX type=REAL src=3 seq=98 send_ms=1000879 recv_ms=1000737 bytes=48
TX,REAL,4,,95,48,1001176.0,1000227,1001176.0,,,,2332,1001176000	ID:4	[INFO: Metric    ] METRIC_TX type=REAL node=4 seq=95 bytes=48 time_ms=1000227
RX,REAL,,4,95,48,1001233.168,1000802,1001233.168,1000227,1000802,57.167999999946915,2334,1001233168	ID:1	[INFO: Metric    ] METRIC_RX type=REAL src=4 seq=95 send_ms=1000227 recv_ms=1000802 bytes=48
TX,REAL,6,,97,48,1001948.0,1001860,1001948.0,,,,2337,1001948000	ID:6	[INFO: Metric    ] METRIC_TX type=REAL node=6 seq=97 bytes=48 time_ms=1001860
RX,REAL,,6,97,48,1001988.88,1001557,1001988.88,1001860,1001557,40.88000000000466,2338,1001988880	ID:1	[INFO: Metric    ] METRIC_RX type=REAL src=6 seq=97 send_ms=1001860 recv_ms=1001557 bytes=48
TX,REAL,5,,95,48,1002170.0,1001200,1002170.0,,,,2340,1002170000	ID:5	[INFO: Metric    ] METRIC_TX type=REAL node=5 seq=95 bytes=48 time_ms=1001200
RX,REAL,,5,95,48,1002220.168,1001789,1002220.168,1001200,1001789,50.167999999946915,2341,1002220168	ID:1	[INFO: Metric    ] METRIC_RX type=REAL src=5 seq=95 send_ms=1001200 recv_ms=1001789 bytes=48
TX,REAL,2,,97,48,1002482.0,1002089,1002482.0,,,,2343,1002482000	ID:2	[INFO: Metric    ] METRIC_TX type=REAL node=2 seq=97 bytes=48 time_ms=1002089
TX,DUMMY,2,,18,48,1002483.0,1002090,1002483.0,,,,2344,1002483000	ID:2	[INFO: Metric    ] METRIC_TX type=DUMMY node=2 seq=18 bytes=48 time_ms=1002090
RX,REAL,,2,97,48,1002489.88,1002058,1002489.88,1002089,1002058,7.880000000004657,2345,1002489880	ID:1	[INFO: Metric    ] METRIC_RX type=REAL src=2 seq=97 send_ms=1002089 recv_ms=1002058 bytes=48
RX,DUMMY,,2,18,48,1002521.88,1002090,1002521.88,1002090,1002090,,2347,1002521880	ID:1	[INFO: Metric    ] METRIC_RX type=DUMMY src=2 seq=18 send_ms=1002090 recv_ms=1002090 bytes=48
TX,REAL,7,,100,48,1010171.0,1010149,1010171.0,,,,2351,1010171000	ID:7	[INFO: Metric    ] METRIC_TX type=REAL node=7 seq=100 bytes=48 time_ms=1010149
TX,REAL,4,,96,48,1010177.0,1009228,1010177.0,,,,2352,1010177000	ID:4	[INFO: Metric    ] METRIC_TX type=REAL node=4 seq=96 bytes=48 time_ms=1009228
TX,DUMMY,4,,10,48,1010178.0,1009229,1010178.0,,,,2353,1010178000	ID:4	[INFO: Metric    ] METRIC_TX type=DUMMY node=4 seq=10 bytes=48 time_ms=1009229
RX,REAL,,7,100,48,1010230.88,1009799,1010230.88,1010149,1009799,59.88000000000466,2354,1010230880	ID:1	[INFO: Metric    ] METRIC_RX type=REAL src=7 seq=100 send_ms=1010149 recv_ms=1009799 bytes=48
RX,REAL,,4,96,48,1010248.168,1009817,1010248.168,1009228,1009817,71.16799999994691,2355,1010248168	ID:1	[INFO: Metric    ] METRIC_RX type=REAL src=4 seq=96 send_ms=1009228 recv_ms=1009817 bytes=48
RX,DUMMY,,4,10,48,1010263.304,1009832,1010263.304,1009229,1009832,,2356,1010263304	ID:1	[INFO: Metric    ] METRIC_RX type=DUMMY src=4 seq=10 send_ms=1009229 recv_ms=1009832 bytes=48
TX,REAL,5,,96,48,1011171.0,1010201,1011171.0,,,,2360,1011171000	ID:5	[INFO: Metric    ] METRIC_TX type=REAL node=5 seq=96 bytes=48 time_ms=1010201
RX,REAL,,5,96,48,1011253.168,1010822,1011253.168,1010201,1010822,82.16799999994691,2361,1011253168	ID:1	[INFO: Metric    ] METRIC_RX type=REAL src=5 seq=96 send_ms=1010201 recv_ms=1010822 bytes=48
TX,REAL,6,,98,48,1011949.0,1011861,1011949.0,,,,2363,1011949000	ID:6	[INFO: Metric    ] METRIC_TX type=REAL node=6 seq=98 bytes=48 time_ms=1011861
RX,REAL,,6,98,48,1011977.88,1011546,1011977.88,1011861,1011546,28.880000000004657,2364,1011977880	ID:1	[INFO: Metric    ] METRIC_RX type=REAL src=6 seq=98 send_ms=1011861 recv_ms=1011546 bytes=48
TX,REAL,3,,99,48,1012092.0,1011880,1012092.0,,,,2366,1012092000	ID:3	[INFO: Metric    ] METRIC_TX type=REAL node=3 seq=99 bytes=48 time_ms=1011880
RX,REAL,,3,99,48,1012151.168,1011720,1012151.168,1011880,1011720,59.167999999946915,2367,1012151168	ID:1	[INFO: Metric    ] METRIC_RX type=REAL src=3 seq=99 send_ms=1011880 recv_ms=1011720 bytes=48
TX,REAL,2,,98,48,1013484.0,1013091,1013484.0,,,,2370,1013484000	ID:2	[INFO: Metric    ] METRIC_TX type=REAL node=2 seq=98 bytes=48 time_ms=1013091
RX,REAL,,2,98,48,1013497.88,1013066,1013497.88,1013091,1013066,13.880000000004657,2371,1013497880	ID:1	[INFO: Metric    ] METRIC_RX type=REAL src=2 seq=98 send_ms=1013091 recv_ms=1013066 bytes=48
TX,REAL,4,,97,48,1019179.0,1018230,1019179.0,,,,2373,1019179000	ID:4	[INFO: Metric    ] METRIC_TX type=REAL node=4 seq=97 bytes=48 time_ms=1018230
RX,REAL,,4,97,48,1019215.168,1018784,1019215.168,1018230,1018784,36.167999999946915,2374,1019215168	ID:1	[INFO: Metric    ] METRIC_RX type=REAL src=4 seq=97 send_ms=1018230 recv_ms=1018784 bytes=48
TX,REAL,3,,100,48,1021093.0,1020881,1021093.0,,,,2378,1021093000	ID:3	[INFO: Metric    ] METRIC_TX type=REAL node=3 seq=100 bytes=48 time_ms=1020881
RX,REAL,,3,100,48,1021152.168,1020721,1021152.168,1020881,1020721,59.167999999946915,2379,1021152168	ID:1	[INFO: Metric    ] METRIC_RX type=REAL src=3 seq=100 send_ms=1020881 recv_ms=1020721 bytes=48
TX,REAL,7,,101,48,1021172.0,1021150,1021172.0,,,,2380,1021172000	ID:7	[INFO: Metric    ] METRIC_TX type=REAL node=7 seq=101 bytes=48 time_ms=1021150
TX,DUMMY,7,,15,48,1021173.0,1021151,1021173.0,,,,2381,1021173000	ID:7	[INFO: Metric    ] METRIC_TX type=DUMMY node=7 seq=15 bytes=48 time_ms=1021151
RX,REAL,,7,101,48,1021217.88,1020786,1021217.88,1021150,1020786,45.88000000000466,2383,1021217880	ID:1	[INFO: Metric    ] METRIC_RX type=REAL src=7 seq=101 send_ms=1021150 recv_ms=1020786 bytes=48
RX,DUMMY,,7,15,48,1021263.88,1020832,1021263.88,1021151,1020832,,2385,1021263880	ID:1	[INFO: Metric    ] METRIC_RX type=DUMMY src=7 seq=15 send_ms=1021151 recv_ms=1020832 bytes=48
TX,REAL,5,,97,48,1022172.0,1021202,1022172.0,,,,2387,1022172000	ID:5	[INFO: Metric    ] METRIC_TX type=REAL node=5 seq=97 bytes=48 time_ms=1021202
RX,REAL,,5,97,48,1022235.168,1021804,1022235.168,1021202,1021804,63.167999999946915,2388,1022235168	ID:1	[INFO: Metric    ] METRIC_RX type=REAL src=5 seq=97 send_ms=1021202 recv_ms=1021804 bytes=48
TX,REAL,6,,99,48,1022950.0,1022862,1022950.0,,,,2390,1022950000	ID:6	[INFO: Metric    ] METRIC_TX type=REAL node=6 seq=99 bytes=48 time_ms=1022862
RX,REAL,,6,99,48,1022975.88,1022544,1022975.88,1022862,1022544,25.880000000004657,2391,1022975880	ID:1	[INFO: Metric    ] METRIC_RX type=REAL src=6 seq=99 send_ms=1022862 recv_ms=1022544 bytes=48
TX,REAL,2,,99,48,1023485.0,1023092,1023485.0,,,,2393,1023485000	ID:2	[INFO: Metric    ] METRIC_TX type=REAL node=2 seq=99 bytes=48 time_ms=1023092
RX,REAL,,2,99,48,1023493.88,1023062,1023493.88,1023092,1023062,8.880000000004657,2394,1023493880	ID:1	[INFO: Metric    ] METRIC_RX type=REAL src=2 seq=99 send_ms=1023092 recv_ms=1023062 bytes=48
TX,REAL,4,,98,48,1030180.0,1029231,1030180.0,,,,2396,1030180000	ID:4	[INFO: Metric    ] METRIC_TX type=REAL node=4 seq=98 bytes=48 time_ms=1029231
RX,REAL,,4,98,48,1030230.168,1029799,1030230.168,1029231,1029799,50.167999999946915,2397,1030230168	ID:1	[INFO: Metric    ] METRIC_RX type=REAL src=4 seq=98 send_ms=1029231 recv_ms=1029799 bytes=48
TX,REAL,7,,102,48,1031174.0,1031152,1031174.0,,,,2399,1031174000	ID:7	[INFO: Metric    ] METRIC_TX type=REAL node=7 seq=102 bytes=48 time_ms=1031152
RX,REAL,,7,102,48,1031205.88,1030774,1031205.88,1031152,1030774,31.880000000004657,2400,1031205880	ID:1	[INFO: Metric    ] METRIC_RX type=REAL src=7 seq=102 send_ms=1031152 recv_ms=1030774 bytes=48
TX,REAL,3,,101,48,1032094.0,1031882,1032094.0,,,,2403,1032094000	ID:3	[INFO: Metric    ] METRIC_TX type=REAL node=3 seq=101 bytes=48 time_ms=1031882
TX,DUMMY,3,,17,48,1032095.0,1031883,1032095.0,,,,2404,1032095000	ID:3	[INFO: Metric    ] METRIC_TX type=DUMMY node=3 seq=17 bytes=48 time_ms=1031883
TX,REAL,5,,98,48,1032173.0,1031203,1032173.0,,,,2405,1032173000	ID:5	[INFO: Metric    ] METRIC_TX type=REAL node=5 seq=98 bytes=48 time_ms=1031203
RX,REAL,,3,101,48,1032177.168,1031746,1032177.168,1031882,1031746,83.16799999994691,2406,1032177168	ID:1	[INFO: Metric    ] METRIC_RX type=REAL src=3 seq=101 send_ms=1031882 recv_ms=1031746 bytes=48
RX,DUMMY,,3,17,48,1032204.168,1031773,1032204.168,1031883,1031773,,2407,1032204168	ID:1	[INFO: Metric    ] METRIC_RX type=DUMMY src=3 seq=17 send_ms=1031883 recv_ms=1031773 bytes=48
RX,REAL,,5,98,48,1032232.592,1031801,1032232.592,1031203,1031801,59.59199999994598,2409,1032232592	ID:1	[INFO: Metric    ] METRIC_RX type=REAL src=5 seq=98 send_ms=1031203 recv_ms=1031801 bytes=48
TX,REAL,2,,100,48,1033486.0,1033093,1033486.0,,,,2414,1033486000	ID:2	[INFO: Metric    ] METRIC_TX type=REAL node=2 seq=100 bytes=48 time_ms=1033093
RX,REAL,,2,100,48,1033519.88,1033088,1033519.88,1033093,1033088,33.88000000000466,2415,1033519880	ID:1	[INFO: Metric    ] METRIC_RX type=REAL src=2 seq=100 send_ms=1033093 recv_ms=1033088 bytes=48
TX,REAL,6,,100,48,1033951.0,1033863,1033951.0,,,,2419,1033951000	ID:6	[INFO: Metric    ] METRIC_TX type=REAL node=6 seq=100 bytes=48 time_ms=1033863
RX,REAL,,6,100,48,1033959.88,1033528,1033959.88,1033863,1033528,8.880000000004657,2420,1033959880	ID:1	[INFO: Metric    ] METRIC_RX type=REAL src=6 seq=100 send_ms=1033863 recv_ms=1033528 bytes=48
TX,REAL,7,,103,48,1040175.0,1040153,1040175.0,,,,2422,1040175000	ID:7	[INFO: Metric    ] METRIC_TX type=REAL node=7 seq=103 bytes=48 time_ms=1040153
RX,REAL,,7,103,48,1040203.88,1039772,1040203.88,1040153,1039772,28.880000000004657,2423,1040203880	ID:1	[INFO: Metric    ] METRIC_RX type=REAL src=7 seq=103 send_ms=1040153 recv_ms=1039772 bytes=48
TX,REAL,3,,102,48,1041096.0,1040884,1041096.0,,,,2425,1041096000	ID:3	[INFO: Metric    ] METRIC_TX type=REAL node=3 seq=102 bytes=48 time_ms=1040884
RX,REAL,,3,102,48,1041152.168,1040721,1041152.168,1040884,1040721,56.167999999946915,2426,1041152168	ID:1	[INFO: Metric    ] METRIC_RX type=REAL src=3 seq=102 send_ms=1040884 recv_ms=1040721 bytes=48
TX,REAL,5,,99,48,1041174.0,1040204,1041174.0,,,,2427,1041174000	ID:5	[INFO: Metric    ] METRIC_TX type=REAL node=5 seq=99 bytes=48 time_ms=1040204
TX,REAL,4,,99,48,1041181.0,1040232,1041181.0,,,,2428,1041181000	ID:4	[INFO: Metric    ] METRIC_TX type=REAL node=4 seq=99 bytes=48 time_ms=1040232
RX,REAL,,4,99,48,1041254.168,1040823,1041254.168,1040232,1040823,73.16799999994691,2430,1041254168	ID:1	[INFO: Metric    ] METRIC_RX type=REAL src=4 seq=99 send_ms=1040232 recv_ms=1040823 bytes=48
RX,REAL,,5,99,48,1041264.168,1040833,1041264.168,1040204,1040833,90.16799999994691,2431,1041264168	ID:1	[INFO: Metric    ] METRIC_RX type=REAL src=5 seq=99 send_ms=1040204 recv_ms=1040833 bytes=48
TX,REAL,2,,101,48,1042487.0,1042094,1042487.0,,,,2434,1042487000	ID:2	[INFO: Metric    ] METRIC_TX type=REAL node=2 seq=101 bytes=48 time_ms=1042094
RX,REAL,,2,101,48,1042508.88,1042077,1042508.88,1042094,1042077,21.880000000004657,2435,1042508880	ID:1	[INFO: Metric    ] METRIC_RX type=REAL src=2 seq=101 send_ms=1042094 recv_ms=1042077 bytes=48
TX,REAL,6,,101,48,1043952.0,1043864,1043952.0,,,,2438,1043952000	ID:6	[INFO: Metric    ] METRIC_TX type=REAL node=6 seq=101 bytes=48 time_ms=1043864
TX,DUMMY,6,,25,48,1043953.0,1043865,1043953.0,,,,2439,1043953000	ID:6	[INFO: Metric    ] METRIC_TX type=DUMMY node=6 seq=25 bytes=48 time_ms=1043865
RX,REAL,,6,101,48,1043997.88,1043566,1043997.88,1043864,1043566,45.88000000000466,2440,1043997880	ID:1	[INFO: Metric    ] METRIC_RX type=REAL src=6 seq=101 send_ms=1043864 recv_ms=1043566 bytes=48
RX,DUMMY,,6,25,48,1044006.88,1043575,1044006.88,1043865,1043575,,2441,1044006880	ID:1	[INFO: Metric    ] METRIC_RX type=DUMMY src=6 seq=25 send_ms=1043865 recv_ms=1043575 bytes=48
TX,REAL,3,,103,48,1050097.0,1049885,1050097.0,,,,2444,1050097000	ID:3	[INFO: Metric    ] METRIC_TX type=REAL node=3 seq=103 bytes=48 time_ms=1049885
TX,DUMMY,3,,18,48,1050098.0,1049886,1050098.0,,,,2445,1050098000	ID:3	[INFO: Metric    ] METRIC_TX type=DUMMY node=3 seq=18 bytes=48 time_ms=1049886
RX,REAL,,3,103,48,1050169.168,1049738,1050169.168,1049885,1049738,72.16800000006333,2446,1050169168	ID:1	[INFO: Metric    ] METRIC_RX type=REAL src=3 seq=103 send_ms=1049885 recv_ms=1049738 bytes=48
TX,REAL,5,,100,48,1050175.0,1049205,1050175.0,,,,2449,1050175000	ID:5	[INFO: Metric    ] METRIC_TX type=REAL node=5 seq=100 bytes=48 time_ms=1049205
TX,DUMMY,5,,21,48,1050176.0,1049206,1050176.0,,,,2450,1050176000	ID:5	[INFO: Metric    ] METRIC_TX type=DUMMY node=5 seq=21 bytes=48 time_ms=1049206
RX,DUMMY,,3,18,48,1050203.168,1049772,1050203.168,1049886,1049772,,2451,1050203168	ID:1	[INFO: Metric    ] METRIC_RX type=DUMMY src=3 seq=18 send_ms=1049886 recv_ms=1049772 bytes=48
RX,REAL,,5,100,48,1050289.168,1049858,1050289.168,1049205,1049858,114.16800000006333,2454,1050289168	ID:1	[INFO: Metric    ] METRIC_RX type=REAL src=5 seq=100 send_ms=1049205 recv_ms=1049858 bytes=48
RX,DUMMY,,5,21,48,1050296.168,1049865,1050296.168,1049206,1049865,,2455,1050296168	ID:1	[INFO: Metric    ] METRIC_RX type=DUMMY src=5 seq=21 send_ms=1049206 recv_ms=1049865 bytes=48
TX,REAL,7,,104,48,1051176.0,1051154,1051176.0,,,,2458,1051176000	ID:7	[INFO: Metric    ] METRIC_TX type=REAL node=7 seq=104 bytes=48 time_ms=1051154
RX,REAL,,7,104,48,1051195.88,1050764,1051195.88,1051154,1050764,19.87999999988824,2459,1051195880	ID:1	[INFO: Metric    ] METRIC_RX type=REAL src=7 seq=104 send_ms=1051154 recv_ms=1050764 bytes=48
TX,REAL,2,,102,48,1051488.0,1051095,1051488.0,,,,2461,1051488000	ID:2	[INFO: Metric    ] METRIC_TX type=REAL node=2 seq=102 bytes=48 time_ms=1051095
TX,DUMMY,2,,19,48,1051489.0,1051096,1051489.0,,,,2462,1051489000	ID:2	[INFO: Metric    ] METRIC_TX type=DUMMY node=2 seq=19 bytes=48 time_ms=1051096
RX,REAL,,2,102,48,1051526.88,1051095,1051526.88,1051095,1051095,38.87999999988824,2463,1051526880	ID:1	[INFO: Metric    ] METRIC_RX type=REAL src=2 seq=102 send_ms=1051095 recv_ms=1051095 bytes=48
RX,DUMMY,,2,19,48,1051570.88,1051139,1051570.88,1051096,1051139,,2465,1051570880	ID:1	[INFO: Metric    ] METRIC_RX type=DUMMY src=2 seq=19 send_ms=1051096 recv_ms=1051139 bytes=48
TX,REAL,4,,100,48,1052182.0,1051233,1052182.0,,,,2469,1052182000	ID:4	[INFO: Metric    ] METRIC_TX type=REAL node=4 seq=100 bytes=48 time_ms=1051233
RX,REAL,,4,100,48,1052239.168,1051808,1052239.168,1051233,1051808,57.16800000006333,2470,1052239168	ID:1	[INFO: Metric    ] METRIC_RX type=REAL src=4 seq=100 send_ms=1051233 recv_ms=1051808 bytes=48
TX,REAL,6,,102,48,1054954.0,1054866,1054954.0,,,,2473,1054954000	ID:6	[INFO: Metric    ] METRIC_TX type=REAL node=6 seq=102 bytes=48 time_ms=1054866
RX,REAL,,6,102,48,1054997.88,1054566,1054997.88,1054866,1054566,43.87999999988824,2474,1054997880	ID:1	[INFO: Metric    ] METRIC_RX type=REAL src=6 seq=102 send_ms=1054866 recv_ms=1054566 bytes=48
TX,REAL,3,,104,48,1060099.0,1059887,1060099.0,,,,2476,1060099000	ID:3	[INFO: Metric    ] METRIC_TX type=REAL node=3 seq=104 bytes=48 time_ms=1059887
TX,DUMMY,3,,19,48,1060100.0,1059888,1060100.0,,,,2477,1060100000	ID:3	[INFO: Metric    ] METRIC_TX type=DUMMY node=3 seq=19 bytes=48 time_ms=1059888
RX,REAL,,3,104,48,1060167.168,1059736,1060167.168,1059887,1059736,68.16800000006333,2478,1060167168	ID:1	[INFO: Metric    ] METRIC_RX type=REAL src=3 seq=104 send_ms=1059887 recv_ms=1059736 bytes=48
TX,REAL,7,,105,48,1060177.0,1060155,1060177.0,,,,2479,1060177000	ID:7	[INFO: Metric    ] METRIC_TX type=REAL node=7 seq=105 bytes=48 time_ms=1060155
RX,REAL,,7,105,48,1060211.88,1059780,1060211.88,1060155,1059780,34.87999999988824,2480,1060211880	ID:1	[INFO: Metric    ] METRIC_RX type=REAL src=7 seq=105 send_ms=1060155 recv_ms=1059780 bytes=48
RX,DUMMY,,3,19,48,1060283.168,1059852,1060283.168,1059888,1059852,,2483,1060283168	ID:1	[INFO: Metric    ] METRIC_RX type=DUMMY src=3 seq=19 send_ms=1059888 recv_ms=1059852 bytes=48
TX,REAL,2,,103,48,1060490.0,1060097,1060490.0,,,,2485,1060490000	ID:2	[INFO: Metric    ] METRIC_TX type=REAL node=2 seq=103 bytes=48 time_ms=1060097
RX,REAL,,2,103,48,1060522.88,1060091,1060522.88,1060097,1060091,32.87999999988824,2486,1060522880	ID:1	[INFO: Metric    ] METRIC_RX type=REAL src=2 seq=103 send_ms=1060097 recv_ms=1060091 bytes=48
TX,REAL,5,,101,48,1061177.0,1060207,1061177.0,,,,2488,1061177000	ID:5	[INFO: Metric    ] METRIC_TX type=REAL node=5 seq=101 bytes=48 time_ms=1060207
TX,REAL,4,,101,48,1061183.0,1060234,1061183.0,,,,2489,1061183000	ID:4	[INFO: Metric    ] METRIC_TX type=REAL node=4 seq=101 bytes=48 time_ms=1060234
RX,REAL,,4,101,48,1061215.168,1060784,1061215.168,1060234,1060784,32.16800000006333,2490,1061215168	ID:1	[INFO: Metric    ] METRIC_RX type=REAL src=4 seq=101 send_ms=1060234 recv_ms=1060784 bytes=48
RX,REAL,,5,101,48,1061223.168,1060792,1061223.168,1060207,1060792,46.16800000006333,2491,1061223168	ID:1	[INFO: Metric    ] METRIC_RX type=REAL src=5 seq=101 send_ms=1060207 recv_ms=1060792 bytes=48
TX,REAL,6,,103,48,1065955.0,1065867,1065955.0,,,,2494,1065955000	ID:6	[INFO: Metric    ] METRIC_TX type=REAL node=6 seq=103 bytes=48 time_ms=1065867
TX,DUMMY,6,,26,48,1065956.0,1065868,1065956.0,,,,2495,1065956000	ID:6	[INFO: Metric    ] METRIC_TX type=DUMMY node=6 seq=26 bytes=48 time_ms=1065868
RX,REAL,,6,103,48,1065963.88,1065532,1065963.88,1065867,1065532,8.879999999888241,2496,1065963880	ID:1	[INFO: Metric    ] METRIC_RX type=REAL src=6 seq=103 send_ms=1065867 recv_ms=1065532 bytes=48
RX,DUMMY,,6,26,48,1065992.88,1065561,1065992.88,1065868,1065561,,2498,1065992880	ID:1	[INFO: Metric    ] METRIC_RX type=DUMMY src=6 seq=26 send_ms=1065868 recv_ms=1065561 bytes=48
TX,REAL,3,,105,48,1069101.0,1068889,1069101.0,,,,2500,1069101000	ID:3	[INFO: Metric    ] METRIC_TX type=REAL node=3 seq=105 bytes=48 time_ms=1068889
RX,REAL,,3,105,48,1069172.168,1068741,1069172.168,1068889,1068741,71.16800000006333,2501,1069172168	ID:1	[INFO: Metric    ] METRIC_RX type=REAL src=3 seq=105 send_ms=1068889 recv_ms=1068741 bytes=48
TX,REAL,7,,106,48,1069178.0,1069156,1069178.0,,,,2503,1069178000	ID:7	[INFO: Metric    ] METRIC_TX type=REAL node=7 seq=106 bytes=48 time_ms=1069156
RX,REAL,,7,106,48,1069235.88,1068804,1069235.88,1069156,1068804,57.87999999988824,2504,1069235880	ID:1	[INFO: Metric    ] METRIC_RX type=REAL src=7 seq=106 send_ms=1069156 recv_ms=1068804 bytes=48
TX,REAL,5,,102,48,1070178.0,1069208,1070178.0,,,,2507,1070178000	ID:5	[INFO: Metric    ] METRIC_TX type=REAL node=5 seq=102 bytes=48 time_ms=1069208
TX,REAL,4,,102,48,1070184.0,1069235,1070184.0,,,,2508,1070184000	ID:4	[INFO: Metric    ] METRIC_TX type=REAL node=4 seq=102 bytes=48 time_ms=1069235
RX,REAL,,4,102,48,1070238.168,1069807,1070238.168,1069235,1069807,54.16800000006333,2509,1070238168	ID:1	[INFO: Metric    ] METRIC_RX type=REAL src=4 seq=102 send_ms=1069235 recv_ms=1069807 bytes=48
RX,REAL,,5,102,48,1070265.168,1069834,1070265.168,1069208,1069834,87.16800000006333,2510,1070265168	ID:1	[INFO: Metric    ] METRIC_RX type=REAL src=5 seq=102 send_ms=1069208 recv_ms=1069834 bytes=48
TX,REAL,2,,104,48,1071491.0,1071098,1071491.0,,,,2513,1071491000	ID:2	[INFO: Metric    ] METRIC_TX type=REAL node=2 seq=104 bytes=48 time_ms=1071098
RX,REAL,,2,104,48,1071529.88,1071098,1071529.88,1071098,1071098,38.87999999988824,2514,1071529880	ID:1	[INFO: Metric    ] METRIC_RX type=REAL src=2 seq=104 send_ms=1071098 recv_ms=1071098 bytes=48
TX,REAL,6,,104,48,1076957.0,1076869,1076957.0,,,,2516,1076957000	ID:6	[INFO: Metric    ] METRIC_TX type=REAL node=6 seq=104 bytes=48 time_ms=1076869
RX,REAL,,6,104,48,1076992.88,1076561,1076992.88,1076869,1076561,35.87999999988824,2517,1076992880	ID:1	[INFO: Metric    ] METRIC_RX type=REAL src=6 seq=104 send_ms=1076869 recv_ms=1076561 bytes=48
TX,REAL,7,,107,48,1078179.0,1078157,1078179.0,,,,2519,1078179000	ID:7	[INFO: Metric    ] METRIC_TX type=REAL node=7 seq=107 bytes=48 time_ms=1078157
RX,REAL,,7,107,48,1078203.88,1077772,1078203.88,1078157,1077772,24.87999999988824,2520,1078203880	ID:1	[INFO: Metric    ] METRIC_RX type=REAL src=7 seq=107 send_ms=1078157 recv_ms=1077772 bytes=48
TX,REAL,3,,106,48,1079102.0,1078890,1079102.0,,,,2522,1079102000	ID:3	[INFO: Metric    ] METRIC_TX type=REAL node=3 seq=106 bytes=48 time_ms=1078890
RX,REAL,,3,106,48,1079164.168,1078733,1079164.168,1078890,1078733,62.16800000006333,2523,1079164168	ID:1	[INFO: Metric    ] METRIC_RX type=REAL src=3 seq=106 send_ms=1078890 recv_ms=1078733 bytes=48
TX,REAL,4,,103,48,1079185.0,1078236,1079185.0,,,,2524,1079185000	ID:4	[INFO: Metric    ] METRIC_TX type=REAL node=4 seq=103 bytes=48 time_ms=1078236
RX,REAL,,4,103,48,1079246.168,1078815,1079246.168,1078236,1078815,61.16800000006333,2526,1079246168	ID:1	[INFO: Metric    ] METRIC_RX type=REAL src=4 seq=103 send_ms=1078236 recv_ms=1078815 bytes=48
TX,REAL,5,,103,48,1080179.0,1079209,1080179.0,,,,2528,1080179000	ID:5	[INFO: Metric    ] METRIC_TX type=REAL node=5 seq=103 bytes=48 time_ms=1079209
RX,REAL,,5,103,48,1080219.168,1079788,1080219.168,1079209,1079788,40.16800000006333,2529,1080219168	ID:1	[INFO: Metric    ] METRIC_RX type=REAL src=5 seq=103 send_ms=1079209 recv_ms=1079788 bytes=48
TX,REAL,2,,105,48,1081492.0,1081099,1081492.0,,,,2531,1081492000	ID:2	[INFO: Metric    ] METRIC_TX type=REAL node=2 seq=105 bytes=48 time_ms=1081099
RX,REAL,,2,105,48,1081527.88,1081096,1081527.88,1081099,1081096,35.87999999988824,2532,1081527880	ID:1	[INFO: Metric    ] METRIC_RX type=REAL src=2 seq=105 send_ms=1081099 recv_ms=1081096 bytes=48
TX,REAL,6,,105,48,1086958.0,1086870,1086958.0,,,,2535,1086958000	ID:6	[INFO: Metric    ] METRIC_TX type=REAL node=6 seq=105 bytes=48 time_ms=1086870
RX,REAL,,6,105,48,1086978.88,1086547,1086978.88,1086870,1086547,20.87999999988824,2536,1086978880	ID:1	[INFO: Metric    ] METRIC_RX type=REAL src=6 seq=105 send_ms=1086870 recv_ms=1086547 bytes=48
TX,REAL,4,,104,48,1088186.0,1087237,1088186.0,,,,2538,1088186000	ID:4	[INFO: Metric    ] METRIC_TX type=REAL node=4 seq=104 bytes=48 time_ms=1087237
RX,REAL,,4,104,48,1088241.168,1087810,1088241.168,1087237,1087810,55.16800000006333,2539,1088241168	ID:1	[INFO: Metric    ] METRIC_RX type=REAL src=4 seq=104 send_ms=1087237 recv_ms=1087810 bytes=48
TX,REAL,3,,107,48,1089103.0,1088891,1089103.0,,,,2541,1089103000	ID:3	[INFO: Metric    ] METRIC_TX type=REAL node=3 seq=107 bytes=48 time_ms=1088891
RX,REAL,,3,107,48,1089145.168,1088714,1089145.168,1088891,1088714,42.16800000006333,2542,1089145168	ID:1	[INFO: Metric    ] METRIC_RX type=REAL src=3 seq=107 send_ms=1088891 recv_ms=1088714 bytes=48
TX,REAL,5,,104,48,1089179.04,1088210,1089179.04,,,,2543,1089179040	ID:5	[INFO: Metric    ] METRIC_TX type=REAL node=5 seq=104 bytes=48 time_ms=1088210
TX,REAL,7,,108,48,1089179.136,1089158,1089179.136,,,,2544,1089179136	ID:7	[INFO: Metric    ] METRIC_TX type=REAL node=7 seq=108 bytes=48 time_ms=1089158
RX,REAL,,5,104,48,1089213.168,1088782,1089213.168,1088210,1088782,34.12800000002608,2546,1089213168	ID:1	[INFO: Metric    ] METRIC_RX type=REAL src=5 seq=104 send_ms=1088210 recv_ms=1088782 bytes=48
RX,REAL,,7,108,48,1089227.88,1088796,1089227.88,1089158,1088796,48.743999999947846,2547,1089227880	ID:1	[INFO: Metric    ] METRIC_RX type=REAL src=7 seq=108 send_ms=1089158 recv_ms=1088796 bytes=48
TX,REAL,2,,106,48,1092493.0,1092100,1092493.0,,,,2550,1092493000	ID:2	[INFO: Metric    ] METRIC_TX type=REAL node=2 seq=106 bytes=48 time_ms=1092100
RX,REAL,,2,106,48,1092505.88,1092074,1092505.88,1092100,1092074,12.879999999888241,2551,1092505880	ID:1	[INFO: Metric    ] METRIC_RX type=REAL src=2 seq=106 send_ms=1092100 recv_ms=1092074 bytes=48
TX,REAL,6,,106,48,1097959.0,1097871,1097959.0,,,,2553,1097959000	ID:6	[INFO: Metric    ] METRIC_TX type=REAL node=6 seq=106 bytes=48 time_ms=1097871
TX,DUMMY,6,,27,48,1097960.0,1097872,1097960.0,,,,2554,1097960000	ID:6	[INFO: Metric    ] METRIC_TX type=DUMMY node=6 seq=27 bytes=48 time_ms=1097872
RX,REAL,,6,106,48,1097991.88,1097560,1097991.88,1097871,1097560,32.87999999988824,2555,1097991880	ID:1	[INFO: Metric    ] METRIC_RX type=REAL src=6 seq=106 send_ms=1097871 recv_ms=1097560 bytes=48
RX,DUMMY,,6,27,48,1098004.88,1097573,1098004.88,1097872,1097573,,2557,1098004880	ID:1	[INFO: Metric    ] METRIC_RX type=DUMMY src=6 seq=27 send_ms=1097872 recv_ms=1097573 bytes=48
TX,REAL,4,,105,48,1098187.0,1097238,1098187.0,,,,2559,1098187000	ID:4	[INFO: Metric    ] METRIC_TX type=REAL node=4 seq=105 bytes=48 time_ms=1097238
TX,DUMMY,4,,11,48,1098188.0,1097239,1098188.0,,,,2560,1098188000	ID:4	[INFO: Metric    ] METRIC_TX type=DUMMY node=4 seq=11 bytes=48 time_ms=1097239
RX,REAL,,4,105,48,1098220.168,1097789,1098220.168,1097238,1097789,33.16800000006333,2561,1098220168	ID:1	[INFO: Metric    ] METRIC_RX type=REAL src=4 seq=105 send_ms=1097238 recv_ms=1097789 bytes=48
RX,DUMMY,,4,11,48,1098299.304,1097868,1098299.304,1097239,1097868,,2563,1098299304	ID:1	[INFO: Metric    ] METRIC_RX type=DUMMY src=4 seq=11 send_ms=1097239 recv_ms=1097868 bytes=48
TX,REAL,3,,108,48,1099104.0,1098892,1099104.0,,,,2566,1099104000	ID:3	[INFO: Metric    ] METRIC_TX type=REAL node=3 seq=108 bytes=48 time_ms=1098892
RX,REAL,,3,108,48,1099131.168,1098700,1099131.168,1098892,1098700,27.16800000006333,2567,1099131168	ID:1	[INFO: Metric    ] METRIC_RX type=REAL src=3 seq=108 send_ms=1098892 recv_ms=1098700 bytes=48
TX,REAL,7,,109,48,1099180.0,1099158,1099180.0,,,,2569,1099180000	ID:7	[INFO: Metric    ] METRIC_TX type=REAL node=7 seq=109 bytes=48 time_ms=1099158
TX,REAL,5,,105,48,1099180.0,1098210,1099180.0,,,,2570,1099180000	ID:5	[INFO: Metric    ] METRIC_TX type=REAL node=5 seq=105 bytes=48 time_ms=1098210
TX,DUMMY,7,,16,48,1099181.0,1099159,1099181.0,,,,2571,1099181000	ID:7	[INFO: Metric    ] METRIC_TX type=DUMMY node=7 seq=16 bytes=48 time_ms=1099159
RX,REAL,,5,105,48,1099223.168,1098792,1099223.168,1098210,1098792,43.16800000006333,2572,1099223168	ID:1	[INFO: Metric    ] METRIC_RX type=REAL src=5 seq=105 send_ms=1098210 recv_ms=1098792 bytes=48
RX,REAL,,7,109,48,1099260.88,1098829,1099260.88,1099158,1098829,80.87999999988824,2573,1099260880	ID:1	[INFO: Metric    ] METRIC_RX type=REAL src=7 seq=109 send_ms=1099158 recv_ms=1098829 bytes=48
RX,DUMMY,,7,16,48,1099305.88,1098874,1099305.88,1099159,1098874,,2576,1099305880	ID:1	[INFO: Metric    ] METRIC_RX type=DUMMY src=7 seq=16 send_ms=1099159 recv_ms=1098874 bytes=48
TX,REAL,2,,107,48,1101494.0,1101101,1101494.0,,,,2578,1101494000	ID:2	[INFO: Metric    ] METRIC_TX type=REAL node=2 seq=107 bytes=48 time_ms=1101101
RX,REAL,,2,107,48,1101532.88,1101101,1101532.88,1101101,1101101,38.87999999988824,2579,1101532880	ID:1	[INFO: Metric    ] METRIC_RX type=REAL src=2 seq=107 send_ms=1101101 recv_ms=1101101 bytes=48
TX,REAL,6,,107,48,1107961.0,1107873,1107961.0,,,,2581,1107961000	ID:6	[INFO: Metric    ] METRIC_TX type=REAL node=6 seq=107 bytes=48 time_ms=1107873
RX,REAL,,6,107,48,1107993.88,1107562,1107993.88,1107873,1107562,32.87999999988824,2582,1107993880	ID:1	[INFO: Metric    ] METRIC_RX type=REAL src=6 seq=107 send_ms=1107873 recv_ms=1107562 bytes=48
TX,REAL,5,,106,48,1109181.0,1108211,1109181.0,,,,2584,1109181000	ID:5	[INFO: Metric    ] METRIC_TX type=REAL node=5 seq=106 bytes=48 time_ms=1108211
TX,DUMMY,5,,22,48,1109182.0,1108212,1109182.0,,,,2585,1109182000	ID:5	[INFO: Metric    ] METRIC_TX type=DUMMY node=5 seq=22 bytes=48 time_ms=1108212
TX,REAL,4,,106,48,1109189.0,1108240,1109189.0,,,,2586,1109189000	ID:4	[INFO: Metric    ] METRIC_TX type=REAL node=4 seq=106 bytes=48 time_ms=1108240
RX,REAL,,5,106,48,1109215.168,1108784,1109215.168,1108211,1108784,34.16800000006333,2587,1109215168	ID:1	[INFO: Metric    ] METRIC_RX type=REAL src=5 seq=106 send_ms=1108211 recv_ms=1108784 bytes=48
RX,REAL,,4,106,48,1109231.304,1108800,1109231.304,1108240,1108800,42.304000000003725,2588,1109231304	ID:1	[INFO: Metric    ] METRIC_RX type=REAL src=4 seq=106 send_ms=1108240 recv_ms=1108800 bytes=48
RX,DUMMY,,5,22,48,1109245.168,1108814,1109245.168,1108212,1108814,,2589,1109245168	ID:1	[INFO: Metric    ] METRIC_RX type=DUMMY src=5 seq=22 send_ms=1108212 recv_ms=1108814 bytes=48
TX,REAL,3,,109,48,1110105.0,1109893,1110105.0,,,,2593,1110105000	ID:3	[INFO: Metric    ] METRIC_TX type=REAL node=3 seq=109 bytes=48 time_ms=1109893
RX,REAL,,3,109,48,1110178.168,1109747,1110178.168,1109893,1109747,73.16800000006333,2594,1110178168	ID:1	[INFO: Metric    ] METRIC_RX type=REAL src=3 seq=109 send_ms=1109893 recv_ms=1109747 bytes=48
TX,REAL,7,,110,48,1110182.0,1110160,1110182.0,,,,2598,1110182000	ID:7	[INFO: Metric    ] METRIC_TX type=REAL node=7 seq=110 bytes=48 time_ms=1110160
RX,REAL,,7,110,48,1110221.88,1109790,1110221.88,1110160,1109790,39.87999999988824,2600,1110221880	ID:1	[INFO: Metric    ] METRIC_RX type=REAL src=7 seq=110 send_ms=1110160 recv_ms=1109790 bytes=48
TX,REAL,2,,108,48,1110495.0,1110102,1110495.0,,,,2602,1110495000	ID:2	[INFO: Metric    ] METRIC_TX type=REAL node=2 seq=108 bytes=48 time_ms=1110102
RX,REAL,,2,108,48,1110535.88,1110104,1110535.88,1110102,1110104,40.87999999988824,2603,1110535880	ID:1	[INFO: Metric    ] METRIC_RX type=REAL src=2 seq=108 send_ms=1110102 recv_ms=1110104 bytes=48
TX,REAL,5,,107,48,1118183.0,1117213,1118183.0,,,,2605,1118183000	ID:5	[INFO: Metric    ] METRIC_TX type=REAL node=5 seq=107 bytes=48 time_ms=1117213
RX,REAL,,5,107,48,1118233.168,1117802,1118233.168,1117213,1117802,50.16800000006333,2606,1118233168	ID:1	[INFO: Metric    ] METRIC_RX type=REAL src=5 seq=107 send_ms=1117213 recv_ms=1117802 bytes=48
TX,REAL,6,,108,48,1118962.0,1118874,1118962.0,,,,2608,1118962000	ID:6	[INFO: Metric    ] METRIC_TX type=REAL node=6 seq=108 bytes=48 time_ms=1118874
RX,REAL,,6,108,48,1118994.88,1118563,1118994.88,1118874,1118563,32.87999999988824,2609,1118994880	ID:1	[INFO: Metric    ] METRIC_RX type=REAL src=6 seq=108 send_ms=1118874 recv_ms=1118563 bytes=48
TX,REAL,7,,111,48,1119183.0,1119161,1119183.0,,,,2611,1119183000	ID:7	[INFO: Metric    ] METRIC_TX type=REAL node=7 seq=111 bytes=48 time_ms=1119161
RX,REAL,,7,111,48,1119223.88,1118792,1119223.88,1119161,1118792,40.87999999988824,2612,1119223880	ID:1	[INFO: Metric    ] METRIC_RX type=REAL src=7 seq=111 send_ms=1119161 recv_ms=1118792 bytes=48
TX,REAL,4,,107,48,1120190.0,1119241,1120190.0,,,,2614,1120190000	ID:4	[INFO: Metric    ] METRIC_TX type=REAL node=4 seq=107 bytes=48 time_ms=1119241
RX,REAL,,4,107,48,1120247.168,1119816,1120247.168,1119241,1119816,57.16800000006333,2615,1120247168	ID:1	[INFO: Metric    ] METRIC_RX type=REAL src=4 seq=107 send_ms=1119241 recv_ms=1119816 bytes=48
TX,REAL,2,,109,48,1120496.0,1120103,1120496.0,,,,2617,1120496000	ID:2	[INFO: Metric    ] METRIC_TX type=REAL node=2 seq=109 bytes=48 time_ms=1120103
RX,REAL,,2,109,48,1120531.88,1120100,1120531.88,1120103,1120100,35.87999999988824,2618,1120531880	ID:1	[INFO: Metric    ] METRIC_RX type=REAL src=2 seq=109 send_ms=1120103 recv_ms=1120100 bytes=48
TX,REAL,3,,110,48,1121106.0,1120894,1121106.0,,,,2622,1121106000	ID:3	[INFO: Metric    ] METRIC_TX type=REAL node=3 seq=110 bytes=48 time_ms=1120894
RX,REAL,,3,110,48,1121155.168,1120724,1121155.168,1120894,1120724,49.16800000006333,2623,1121155168	ID:1	[INFO: Metric    ] METRIC_RX type=REAL src=3 seq=110 send_ms=1120894 recv_ms=1120724 bytes=48
TX,REAL,5,,108,48,1127184.0,1126214,1127184.0,,,,2625,1127184000	ID:5	[INFO: Metric    ] METRIC_TX type=REAL node=5 seq=108 bytes=48 time_ms=1126214
RX,REAL,,5,108,48,1127253.168,1126822,1127253.168,1126214,1126822,69.16800000006333,2626,1127253168	ID:1	[INFO: Metric    ] METRIC_RX type=REAL src=5 seq=108 send_ms=1126214 recv_ms=1126822 bytes=48
TX,REAL,2,,110,48,1129497.0,1129104,1129497.0,,,,2630,1129497000	ID:2	[INFO: Metric    ] METRIC_TX type=REAL node=2 seq=110 bytes=48 time_ms=1129104
RX,REAL,,2,110,48,1129509.88,1129078,1129509.88,1129104,1129078,12.879999999888241,2631,1129509880	ID:1	[INFO: Metric    ] METRIC_RX type=REAL src=2 seq=110 send_ms=1129104 recv_ms=1129078 bytes=48
TX,REAL,6,,109,48,1129963.0,1129875,1129963.0,,,,2634,1129963000	ID:6	[INFO: Metric    ] METRIC_TX type=REAL node=6 seq=109 bytes=48 time_ms=1129875
TX,DUMMY,6,,28,48,1129964.0,1129876,1129964.0,,,,2635,1129964000	ID:6	[INFO: Metric    ] METRIC_TX type=DUMMY node=6 seq=28 bytes=48 time_ms=1129876
RX,REAL,,6,109,48,1129972.88,1129541,1129972.88,1129875,1129541,9.879999999888241,2636,1129972880	ID:1	[INFO: Metric    ] METRIC_RX type=REAL src=6 seq=109 send_ms=1129875 recv_ms=1129541 bytes=48
RX,DUMMY,,6,28,48,1130009.88,1129578,1130009.88,1129876,1129578,,2638,1130009880	ID:1	[INFO: Metric    ] METRIC_RX type=DUMMY src=6 seq=28 send_ms=1129876 recv_ms=1129578 bytes=48
TX,REAL,3,,111,48,1130107.0,1129895,1130107.0,,,,2640,1130107000	ID:3	[INFO: Metric    ] METRIC_TX type=REAL node=3 seq=111 bytes=48 time_ms=1129895
RX,REAL,,3,111,48,1130161.168,1129730,1130161.168,1129895,1129730,54.16800000006333,2641,1130161168	ID:1	[INFO: Metric    ] METRIC_RX type=REAL src=3 seq=111 send_ms=1129895 recv_ms=1129730 bytes=48
TX,REAL,7,,112,48,1130184.0,1130162,1130184.0,,,,2642,1130184000	ID:7	[INFO: Metric    ] METRIC_TX type=REAL node=7 seq=112 bytes=48 time_ms=1130162
TX,REAL,4,,108,48,1130191.0,1129242,1130191.0,,,,2643,1130191000	ID:4	[INFO: Metric    ] METRIC_TX type=REAL node=4 seq=108 bytes=48 time_ms=1129242
RX,REAL,,7,112,48,1130198.88,1129767,1130198.88,1130162,1129767,14.879999999888241,2644,1130198880	ID:1	[INFO: Metric    ] METRIC_RX type=REAL src=7 seq=112 send_ms=1130162 recv_ms=1129767 bytes=48
RX,REAL,,4,108,48,1130283.168,1129852,1130283.168,1129242,1129852,92.16800000006333,2646,1130283168	ID:1	[INFO: Metric    ] METRIC_RX type=REAL src=4 seq=108 send_ms=1129242 recv_ms=1129852 bytes=48
TX,REAL,5,,109,48,1137185.0,1136215,1137185.0,,,,2649,1137185000	ID:5	[INFO: Metric    ] METRIC_TX type=REAL node=5 seq=109 bytes=48 time_ms=1136215
RX,REAL,,5,109,48,1137208.168,1136777,1137208.168,1136215,1136777,23.16800000006333,2650,1137208168	ID:1	[INFO: Metric    ] METRIC_RX type=REAL src=5 seq=109 send_ms=1136215 recv_ms=1136777 bytes=48
TX,REAL,3,,112,48,1139108.0,1138896,1139108.0,,,,2652,1139108000	ID:3	[INFO: Metric    ] METRIC_TX type=REAL node=3 seq=112 bytes=48 time_ms=1138896
RX,REAL,,3,112,48,1139187.168,1138756,1139187.168,1138896,1138756,79.16800000006333,2653,1139187168	ID:1	[INFO: Metric    ] METRIC_RX type=REAL src=3 seq=112 send_ms=1138896 recv_ms=1138756 bytes=48
TX,REAL,4,,109,48,1139192.0,1138243,1139192.0,,,,2654,1139192000	ID:4	[INFO: Metric    ] METRIC_TX type=REAL node=4 seq=109 bytes=48 time_ms=1138243
RX,REAL,,4,109,48,1139254.168,1138823,1139254.168,1138243,1138823,62.16800000006333,2656,1139254168	ID:1	[INFO: Metric    ] METRIC_RX type=REAL src=4 seq=109 send_ms=1138243 recv_ms=1138823 bytes=48
TX,REAL,2,,111,48,1140498.0,1140105,1140498.0,,,,2658,1140498000	ID:2	[INFO: Metric    ] METRIC_TX type=REAL node=2 seq=111 bytes=48 time_ms=1140105
RX,REAL,,2,111,48,1140510.88,1140079,1140510.88,1140105,1140079,12.879999999888241,2659,1140510880	ID:1	[INFO: Metric    ] METRIC_RX type=REAL src=2 seq=111 send_ms=1140105 recv_ms=1140079 bytes=48
TX,REAL,6,,110,48,1140965.0,1140877,1140965.0,,,,2663,1140965000	ID:6	[INFO: Metric    ] METRIC_TX type=REAL node=6 seq=110 bytes=48 time_ms=1140877
TX,DUMMY,6,,29,48,1140966.0,1140878,1140966.0,,,,2664,1140966000	ID:6	[INFO: Metric    ] METRIC_TX type=DUMMY node=6 seq=29 bytes=48 time_ms=1140878
RX,REAL,,6,110,48,1140991.88,1140560,1140991.88,1140877,1140560,26.87999999988824,2665,1140991880	ID:1	[INFO: Metric    ] METRIC_RX type=REAL src=6 seq=110 send_ms=1140877 recv_ms=1140560 bytes=48
RX,DUMMY,,6,29,48,1141006.88,1140575,1141006.88,1140878,1140575,,2667,1141006880	ID:1	[INFO: Metric    ] METRIC_RX type=DUMMY src=6 seq=29 send_ms=1140878 recv_ms=1140575 bytes=48
TX,REAL,7,,113,48,1141185.0,1141163,1141185.0,,,,2670,1141185000	ID:7	[INFO: Metric    ] METRIC_TX type=REAL node=7 seq=113 bytes=48 time_ms=1141163
TX,DUMMY,7,,17,48,1141186.0,1141164,1141186.0,,,,2671,1141186000	ID:7	[INFO: Metric    ] METRIC_TX type=DUMMY node=7 seq=17 bytes=48 time_ms=1141164
RX,REAL,,7,113,48,1141192.88,1140761,1141192.88,1141163,1140761,7.879999999888241,2672,1141192880	ID:1	[INFO: Metric    ] METRIC_RX type=REAL src=7 seq=113 send_ms=1141163 recv_ms=1140761 bytes=48
RX,DUMMY,,7,17,48,1141204.88,1140773,1141204.88,1141164,1140773,,2673,1141204880	ID:1	[INFO: Metric    ] METRIC_RX type=DUMMY src=7 seq=17 send_ms=1141164 recv_ms=1140773 bytes=48
TX,REAL,5,,110,48,1147186.0,1146216,1147186.0,,,,2678,1147186000	ID:5	[INFO: Metric    ] METRIC_TX type=REAL node=5 seq=110 bytes=48 time_ms=1146216
RX,REAL,,5,110,48,1147236.168,1146805,1147236.168,1146216,1146805,50.16800000006333,2679,1147236168	ID:1	[INFO: Metric    ] METRIC_RX type=REAL src=5 seq=110 send_ms=1146216 recv_ms=1146805 bytes=48
TX,REAL,4,,110,48,1148193.0,1147244,1148193.0,,,,2683,1148193000	ID:4	[INFO: Metric    ] METRIC_TX type=REAL node=4 seq=110 bytes=48 time_ms=1147244
TX,DUMMY,4,,12,48,1148194.0,1147245,1148194.0,,,,2684,1148194000	ID:4	[INFO: Metric    ] METRIC_TX type=DUMMY node=4 seq=12 bytes=48 time_ms=1147245
RX,REAL,,4,110,48,1148225.168,1147794,1148225.168,1147244,1147794,32.16800000006333,2685,1148225168	ID:1	[INFO: Metric    ] METRIC_RX type=REAL src=4 seq=110 send_ms=1147244 recv_ms=1147794 bytes=48
RX,DUMMY,,4,12,48,1148292.304,1147861,1148292.304,1147245,1147861,,2687,1148292304	ID:1	[INFO: Metric    ] METRIC_RX type=DUMMY src=4 seq=12 send_ms=1147245 recv_ms=1147861 bytes=48
TX,REAL,2,,112,48,1149499.0,1149106,1149499.0,,,,2689,1149499000	ID:2	[INFO: Metric    ] METRIC_TX type=REAL node=2 seq=112 bytes=48 time_ms=1149106
RX,REAL,,2,112,48,1149539.88,1149108,1149539.88,1149106,1149108,40.87999999988824,2690,1149539880	ID:1	[INFO: Metric    ] METRIC_RX type=REAL src=2 seq=112 send_ms=1149106 recv_ms=1149108 bytes=48
TX,REAL,3,,113,48,1150109.0,1149897,1150109.0,,,,2692,1150109000	ID:3	[INFO: Metric    ] METRIC_TX type=REAL node=3 seq=113 bytes=48 time_ms=1149897
TX,DUMMY,3,,20,48,1150110.0,1149898,1150110.0,,,,2693,1150110000	ID:3	[INFO: Metric    ] METRIC_TX type=DUMMY node=3 seq=20 bytes=48 time_ms=1149898
RX,REAL,,3,113,48,1150218.168,1149787,1150218.168,1149897,1149787,109.16800000006333,2694,1150218168	ID:1	[INFO: Metric    ] METRIC_RX type=REAL src=3 seq=113 send_ms=1149897 recv_ms=1149787 bytes=48
RX,DUMMY,,3,20,48,1150239.168,1149808,1150239.168,1149898,1149808,,2695,1150239168	ID:1	[INFO: Metric    ] METRIC_RX type=DUMMY src=3 seq=20 send_ms=1149898 recv_ms=1149808 bytes=48
TX,REAL,6,,111,48,1150967.0,1150879,1150967.0,,,,2698,1150967000	ID:6	[INFO: Metric    ] METRIC_TX type=REAL node=6 seq=111 bytes=48 time_ms=1150879
RX,REAL,,6,111,48,1151005.88,1150574,1151005.88,1150879,1150574,38.87999999988824,2699,1151005880	ID:1	[INFO: Metric    ] METRIC_RX type=REAL src=6 seq=111 send_ms=1150879 recv_ms=1150574 bytes=48
TX,REAL,7,,114,48,1151187.0,1151165,1151187.0,,,,2702,1151187000	ID:7	[INFO: Metric    ] METRIC_TX type=REAL node=7 seq=114 bytes=48 time_ms=1151165
TX,DUMMY,7,,18,48,1151188.0,1151166,1151188.0,,,,2703,1151188000	ID:7	[INFO: Metric    ] METRIC_TX type=DUMMY node=7 seq=18 bytes=48 time_ms=1151166
RX,REAL,,7,114,48,1151206.88,1150775,1151206.88,1151165,1150775,19.87999999988824,2704,1151206880	ID:1	[INFO: Metric    ] METRIC_RX type=REAL src=7 seq=114 send_ms=1151165 recv_ms=1150775 bytes=48
RX,DUMMY,,7,18,48,1151246.88,1150815,1151246.88,1151166,1150815,,2706,1151246880	ID:1	[INFO: Metric    ] METRIC_RX type=DUMMY src=7 seq=18 send_ms=1151166 recv_ms=1150815 bytes=48
TX,REAL,5,,111,48,1158187.0,1157217,1158187.0,,,,2708,1158187000	ID:5	[INFO: Metric    ] METRIC_TX type=REAL node=5 seq=111 bytes=48 time_ms=1157217
RX,REAL,,5,111,48,1158226.168,1157795,1158226.168,1157217,1157795,39.16800000006333,2709,1158226168	ID:1	[INFO: Metric    ] METRIC_RX type=REAL src=5 seq=111 send_ms=1157217 recv_ms=1157795 bytes=48
TX,REAL,2,,113,48,1158500.0,1158107,1158500.0,,,,2711,1158500000	ID:2	[INFO: Metric    ] METRIC_TX type=REAL node=2 seq=113 bytes=48 time_ms=1158107
RX,REAL,,2,113,48,1158530.88,1158099,1158530.88,1158107,1158099,30.87999999988824,2712,1158530880	ID:1	[INFO: Metric    ] METRIC_RX type=REAL src=2 seq=113 send_ms=1158107 recv_ms=1158099 bytes=48
TX,REAL,4,,111,48,1159195.0,1158246,1159195.0,,,,2714,1159195000	ID:4	[INFO: Metric    ] METRIC_TX type=REAL node=4 seq=111 bytes=48 time_ms=1158246
TX,DUMMY,4,,13,48,1159196.0,1158247,1159196.0,,,,2715,1159196000	ID:4	[INFO: Metric    ] METRIC_TX type=DUMMY node=4 seq=13 bytes=48 time_ms=1158247
RX,REAL,,4,111,48,1159252.168,1158821,1159252.168,1158246,1158821,57.16800000006333,2716,1159252168	ID:1	[INFO: Metric    ] METRIC_RX type=REAL src=4 seq=111 send_ms=1158246 recv_ms=1158821 bytes=48
RX,DUMMY,,4,13,48,1159273.168,1158842,1159273.168,1158247,1158842,,2717,1159273168	ID:1	[INFO: Metric    ] METRIC_RX type=DUMMY src=4 seq=13 send_ms=1158247 recv_ms=1158842 bytes=48
TX,REAL,3,,114,48,1161111.0,1160899,1161111.0,,,,2720,1161111000	ID:3	[INFO: Metric    ] METRIC_TX type=REAL node=3 seq=114 bytes=48 time_ms=1160899
RX,REAL,,3,114,48,1161148.168,1160717,1161148.168,1160899,1160717,37.16800000006333,2721,1161148168	ID:1	[INFO: Metric    ] METRIC_RX type=REAL src=3 seq=114 send_ms=1160899 recv_ms=1160717 bytes=48
TX,REAL,6,,112,48,1161968.0,1161880,1161968.0,,,,2723,1161968000	ID:6	[INFO: Metric    ] METRIC_TX type=REAL node=6 seq=112 bytes=48 time_ms=1161880
RX,REAL,,6,112,48,1161998.88,1161567,1161998.88,1161880,1161567,30.87999999988824,2724,1161998880	ID:1	[INFO: Metric    ] METRIC_RX type=REAL src=6 seq=112 send_ms=1161880 recv_ms=1161567 bytes=48
TX,REAL,7,,115,48,1162189.0,1162167,1162189.0,,,,2726,1162189000	ID:7	[INFO: Metric    ] METRIC_TX type=REAL node=7 seq=115 bytes=48 time_ms=1162167
TX,DUMMY,7,,19,48,1162190.0,1162168,1162190.0,,,,2727,1162190000	ID:7	[INFO: Metric    ] METRIC_TX type=DUMMY node=7 seq=19 bytes=48 time_ms=1162168
RX,REAL,,7,115,48,1162209.88,1161778,1162209.88,1162167,1161778,20.87999999988824,2728,1162209880	ID:1	[INFO: Metric    ] METRIC_RX type=REAL src=7 seq=115 send_ms=1162167 recv_ms=1161778 bytes=48
RX,DUMMY,,7,19,48,1162240.88,1161809,1162240.88,1162168,1161809,,2730,1162240880	ID:1	[INFO: Metric    ] METRIC_RX type=DUMMY src=7 seq=19 send_ms=1162168 recv_ms=1161809 bytes=48
TX,REAL,5,,112,48,1167188.0,1166218,1167188.0,,,,2733,1167188000	ID:5	[INFO: Metric    ] METRIC_TX type=REAL node=5 seq=112 bytes=48 time_ms=1166218
RX,REAL,,5,112,48,1167240.168,1166809,1167240.168,1166218,1166809,52.16800000006333,2734,1167240168	ID:1	[INFO: Metric    ] METRIC_RX type=REAL src=5 seq=112 send_ms=1166218 recv_ms=1166809 bytes=48
TX,REAL,4,,112,48,1168197.0,1167248,1168197.0,,,,2736,1168197000	ID:4	[INFO: Metric    ] METRIC_TX type=REAL node=4 seq=112 bytes=48 time_ms=1167248
TX,DUMMY,4,,14,48,1168198.0,1167249,1168198.0,,,,2737,1168198000	ID:4	[INFO: Metric    ] METRIC_TX type=DUMMY node=4 seq=14 bytes=48 time_ms=1167249
RX,REAL,,4,112,48,1168247.168,1167816,1168247.168,1167248,1167816,50.16800000006333,2738,1168247168	ID:1	[INFO: Metric    ] METRIC_RX type=REAL src=4 seq=112 send_ms=1167248 recv_ms=1167816 bytes=48
RX,DUMMY,,4,14,48,1168267.168,1167836,1168267.168,1167249,1167836,,2739,1168267168	ID:1	[INFO: Metric    ] METRIC_RX type=DUMMY src=4 seq=14 send_ms=1167249 recv_ms=1167836 bytes=48
TX,REAL,2,,114,48,1168501.0,1168108,1168501.0,,,,2742,1168501000	ID:2	[INFO: Metric    ] METRIC_TX type=REAL node=2 seq=114 bytes=48 time_ms=1168108
TX,DUMMY,2,,20,48,1168502.0,1168109,1168502.0,,,,2743,1168502000	ID:2	[INFO: Metric    ] METRIC_TX type=DUMMY node=2 seq=20 bytes=48 time_ms=1168109
RX,REAL,,2,114,48,1168511.88,1168080,1168511.88,1168108,1168080,10.879999999888241,2744,1168511880	ID:1	[INFO: Metric    ] METRIC_RX type=REAL src=2 seq=114 send_ms=1168108 recv_ms=1168080 bytes=48
RX,DUMMY,,2,20,48,1168517.88,1168086,1168517.88,1168109,1168086,,2745,1168517880	ID:1	[INFO: Metric    ] METRIC_RX type=DUMMY src=2 seq=20 send_ms=1168109 recv_ms=1168086 bytes=48
TX,REAL,7,,116,48,1171191.0,1171169,1171191.0,,,,2748,1171191000	ID:7	[INFO: Metric    ] METRIC_TX type=REAL node=7 seq=116 bytes=48 time_ms=1171169
RX,REAL,,7,116,48,1171225.88,1170794,1171225.88,1171169,1170794,34.87999999988824,2749,1171225880	ID:1	[INFO: Metric    ] METRIC_RX type=REAL src=7 seq=116 send_ms=1171169 recv_ms=1170794 bytes=48
TX,REAL,3,,115,48,1172112.0,1171900,1172112.0,,,,2751,1172112000	ID:3	[INFO: Metric    ] METRIC_TX type=REAL node=3 seq=115 bytes=48 time_ms=1171900
RX,REAL,,3,115,48,1172165.168,1171734,1172165.168,1171900,1171734,53.16800000006333,2752,1172165168	ID:1	[INFO: Metric    ] METRIC_RX type=REAL src=3 seq=115 send_ms=1171900 recv_ms=1171734 bytes=48
TX,REAL,6,,113,48,1172969.0,1172881,1172969.0,,,,2754,1172969000	ID:6	[INFO: Metric    ] METRIC_TX type=REAL node=6 seq=113 bytes=48 time_ms=1172881
RX,REAL,,6,113,48,1173009.88,1172578,1173009.88,1172881,1172578,40.87999999988824,2755,1173009880	ID:1	[INFO: Metric    ] METRIC_RX type=REAL src=6 seq=113 send_ms=1172881 recv_ms=1172578 bytes=48
TX,REAL,5,,113,48,1178189.0,1177219,1178189.0,,,,2757,1178189000	ID:5	[INFO: Metric    ] METRIC_TX type=REAL node=5 seq=113 bytes=48 time_ms=1177219
RX,REAL,,5,113,48,1178247.168,1177816,1178247.168,1177219,1177816,58.16800000006333,2758,1178247168	ID:1	[INFO: Metric    ] METRIC_RX type=REAL src=5 seq=113 send_ms=1177219 recv_ms=1177816 bytes=48
TX,REAL,4,,113,48,1179199.0,1178250,1179199.0,,,,2760,1179199000	ID:4	[INFO: Metric    ] METRIC_TX type=REAL node=4 seq=113 bytes=48 time_ms=1178250
RX,REAL,,4,113,48,1179259.168,1178828,1179259.168,1178250,1178828,60.16800000006333,2761,1179259168	ID:1	[INFO: Metric    ] METRIC_RX type=REAL src=4 seq=113 send_ms=1178250 recv_ms=1178828 bytes=48
TX,REAL,2,,115,48,1179503.0,1179110,1179503.0,,,,2764,1179503000	ID:2	[INFO: Metric    ] METRIC_TX type=REAL node=2 seq=115 bytes=48 time_ms=1179110
TX,DUMMY,2,,21,48,1179504.0,1179111,1179504.0,,,,2765,1179504000	ID:2	[INFO: Metric    ] METRIC_TX type=DUMMY node=2 seq=21 bytes=48 time_ms=1179111
RX,REAL,,2,115,48,1179540.88,1179109,1179540.88,1179110,1179109,37.87999999988824,2766,1179540880	ID:1	[INFO: Metric    ] METRIC_RX type=REAL src=2 seq=115 send_ms=1179110 recv_ms=1179109 bytes=48
RX,DUMMY,,2,21,48,1179568.88,1179137,1179568.88,1179111,1179137,,2767,1179568880	ID:1	[INFO: Metric    ] METRIC_RX type=DUMMY src=2 seq=21 send_ms=1179111 recv_ms=1179137 bytes=48
TX,REAL,7,,117,48,1180192.0,1180170,1180192.0,,,,2770,1180192000	ID:7	[INFO: Metric    ] METRIC_TX type=REAL node=7 seq=117 bytes=48 time_ms=1180170
RX,REAL,,7,117,48,1180201.88,1179770,1180201.88,1180170,1179770,9.879999999888241,2771,1180201880	ID:1	[INFO: Metric    ] METRIC_RX type=REAL src=7 seq=117 send_ms=1180170 recv_ms=1179770 bytes=48
TX,REAL,3,,116,48,1181113.0,1180901,1181113.0,,,,2773,1181113000	ID:3	[INFO: Metric    ] METRIC_TX type=REAL node=3 seq=116 bytes=48 time_ms=1180901
RX,REAL,,3,116,48,1181150.168,1180719,1181150.168,1180901,1180719,37.16800000006333,2774,1181150168	ID:1	[INFO: Metric    ] METRIC_RX type=REAL src=3 seq=116 send_ms=1180901 recv_ms=1180719 bytes=48
TX,REAL,6,,114,48,1183970.0,1183882,1183970.0,,,,2776,1183970000	ID:6	[INFO: Metric    ] METRIC_TX type=REAL node=6 seq=114 bytes=48 time_ms=1183882
RX,REAL,,6,114,48,1184005.88,1183574,1184005.88,1183882,1183574,35.87999999988824,2777,1184005880	ID:1	[INFO: Metric    ] METRIC_RX type=REAL src=6 seq=114 send_ms=1183882 recv_ms=1183574 bytes=48
TX,REAL,5,,114,48,1188190.0,1187220,1188190.0,,,,2779,1188190000	ID:5	[INFO: Metric    ] METRIC_TX type=REAL node=5 seq=114 bytes=48 time_ms=1187220
RX,REAL,,5,114,48,1188245.168,1187814,1188245.168,1187220,1187814,55.16800000006333,2780,1188245168	ID:1	[INFO: Metric    ] METRIC_RX type=REAL src=5 seq=114 send_ms=1187220 recv_ms=1187814 bytes=48
TX,REAL,4,,114,48,1189200.0,1188251,1189200.0,,,,2782,1189200000	ID:4	[INFO: Metric    ] METRIC_TX type=REAL node=4 seq=114 bytes=48 time_ms=1188251
RX,REAL,,4,114,48,1189268.168,1188837,1189268.168,1188251,1188837,68.16800000006333,2783,1189268168	ID:1	[INFO: Metric    ] METRIC_RX type=REAL src=4 seq=114 send_ms=1188251 recv_ms=1188837 bytes=48
TX,REAL,2,,116,48,1190505.0,1190112,1190505.0,,,,2785,1190505000	ID:2	[INFO: Metric    ] METRIC_TX type=REAL node=2 seq=116 bytes=48 time_ms=1190112
RX,REAL,,2,116,48,1190548.88,1190117,1190548.88,1190112,1190117,43.87999999988824,2786,1190548880	ID:1	[INFO: Metric    ] METRIC_RX type=REAL src=2 seq=116 send_ms=1190112 recv_ms=1190117 bytes=48
TX,REAL,7,,118,48,1191193.0,1191171,1191193.0,,,,2788,1191193000	ID:7	[INFO: Metric    ] METRIC_TX type=REAL node=7 seq=118 bytes=48 time_ms=1191171
RX,REAL,,7,118,48,1191208.88,1190777,1191208.88,1191171,1190777,15.879999999888241,2789,1191208880	ID:1	[INFO: Metric    ] METRIC_RX type=REAL src=7 seq=118 send_ms=1191171 recv_ms=1190777 bytes=48
TX,REAL,3,,117,48,1192114.0,1191902,1192114.0,,,,2791,1192114000	ID:3	[INFO: Metric    ] METRIC_TX type=REAL node=3 seq=117 bytes=48 time_ms=1191902
RX,REAL,,3,117,48,1192145.168,1191714,1192145.168,1191902,1191714,31.16800000006333,2792,1192145168	ID:1	[INFO: Metric    ] METRIC_RX type=REAL src=3 seq=117 send_ms=1191902 recv_ms=1191714 bytes=48
TX,REAL,6,,115,48,1193971.0,1193883,1193971.0,,,,2795,1193971000	ID:6	[INFO: Metric    ] METRIC_TX type=REAL node=6 seq=115 bytes=48 time_ms=1193883
TX,DUMMY,6,,30,48,1193972.0,1193884,1193972.0,,,,2796,1193972000	ID:6	[INFO: Metric    ] METRIC_TX type=DUMMY node=6 seq=30 bytes=48 time_ms=1193884
RX,REAL,,6,115,48,1194010.88,1193579,1194010.88,1193883,1193579,39.87999999988824,2797,1194010880	ID:1	[INFO: Metric    ] METRIC_RX type=REAL src=6 seq=115 send_ms=1193883 recv_ms=1193579 bytes=48
RX,DUMMY,,6,30,48,1194044.88,1193613,1194044.88,1193884,1193613,,2799,1194044880	ID:1	[INFO: Metric    ] METRIC_RX type=DUMMY src=6 seq=30 send_ms=1193884 recv_ms=1193613 bytes=48
TX,REAL,5,,115,48,1197191.0,1196221,1197191.0,,,,2801,1197191000	ID:5	[INFO: Metric    ] METRIC_TX type=REAL node=5 seq=115 bytes=48 time_ms=1196221
RX,REAL,,5,115,48,1197263.168,1196832,1197263.168,1196221,1196832,72.16800000006333,2802,1197263168	ID:1	[INFO: Metric    ] METRIC_RX type=REAL src=5 seq=115 send_ms=1196221 recv_ms=1196832 bytes=48
TX,REAL,4,,115,48,1200201.0,1199252,1200201.0,,,,2804,1200201000	ID:4	[INFO: Metric    ] METRIC_TX type=REAL node=4 seq=115 bytes=48 time_ms=1199252
RX,REAL,,4,115,48,1200248.168,1199817,1200248.168,1199252,1199817,47.16800000006333,2805,1200248168	ID:1	[INFO: Metric    ] METRIC_RX type=REAL src=4 seq=115 send_ms=1199252 recv_ms=1199817 bytes=48
TX,REAL,3,,118,48,1201115.0,1200903,1201115.0,,,,2807,1201115000	ID:3	[INFO: Metric    ] METRIC_TX type=REAL node=3 seq=118 bytes=48 time_ms=1200903
RX,REAL,,3,118,48,1201152.168,1200721,1201152.168,1200903,1200721,37.16800000006333,2808,1201152168	ID:1	[INFO: Metric    ] METRIC_RX type=REAL src=3 seq=118 send_ms=1200903 recv_ms=1200721 bytes=48
TX,REAL,2,,117,48,1201506.0,1201113,1201506.0,,,,2810,1201506000	ID:2	[INFO: Metric    ] METRIC_TX type=REAL node=2 seq=117 bytes=48 time_ms=1201113
TX,DUMMY,2,,22,48,1201507.0,1201114,1201507.0,,,,2811,1201507000	ID:2	[INFO: Metric    ] METRIC_TX type=DUMMY node=2 seq=22 bytes=48 time_ms=1201114
RX,REAL,,2,117,48,1201512.88,1201081,1201512.88,1201113,1201081,6.879999999888241,2812,1201512880	ID:1	[INFO: Metric    ] METRIC_RX type=REAL src=2 seq=117 send_ms=1201113 recv_ms=1201081 bytes=48
RX,DUMMY,,2,22,48,1201522.88,1201091,1201522.88,1201114,1201091,,2813,1201522880	ID:1	[INFO: Metric    ] METRIC_RX type=DUMMY src=2 seq=22 send_ms=1201114 recv_ms=1201091 bytes=48
TX,REAL,7,,119,48,1202194.0,1202172,1202194.0,,,,2816,1202194000	ID:7	[INFO: Metric    ] METRIC_TX type=REAL node=7 seq=119 bytes=48 time_ms=1202172
RX,REAL,,7,119,48,1202203.88,1201772,1202203.88,1202172,1201772,9.879999999888241,2817,1202203880	ID:1	[INFO: Metric    ] METRIC_RX type=REAL src=7 seq=119 send_ms=1202172 recv_ms=1201772 bytes=48
TX,REAL,6,,116,48,1202973.0,1202885,1202973.0,,,,2819,1202973000	ID:6	[INFO: Metric    ] METRIC_TX type=REAL node=6 seq=116 bytes=48 time_ms=1202885
RX,REAL,,6,116,48,1202983.88,1202552,1202983.88,1202885,1202552,10.879999999888241,2820,1202983880	ID:1	[INFO: Metric    ] METRIC_RX type=REAL src=6 seq=116 send_ms=1202885 recv_ms=1202552 bytes=48
TX,REAL,5,,116,48,1207192.0,1206222,1207192.0,,,,2822,1207192000	ID:5	[INFO: Metric    ] METRIC_TX type=REAL node=5 seq=116 bytes=48 time_ms=1206222
RX,REAL,,5,116,48,1207232.168,1206801,1207232.168,1206222,1206801,40.16800000006333,2823,1207232168	ID:1	[INFO: Metric    ] METRIC_RX type=REAL src=5 seq=116 send_ms=1206222 recv_ms=1206801 bytes=48
TX,REAL,4,,116,48,1209202.0,1208253,1209202.0,,,,2826,1209202000	ID:4	[INFO: Metric    ] METRIC_TX type=REAL node=4 seq=116 bytes=48 time_ms=1208253
RX,REAL,,4,116,48,1209258.168,1208827,1209258.168,1208253,1208827,56.16800000006333,2827,1209258168	ID:1	[INFO: Metric    ] METRIC_RX type=REAL src=4 seq=116 send_ms=1208253 recv_ms=1208827 bytes=48
TX,REAL,2,,118,48,1210508.0,1210115,1210508.0,,,,2829,1210508000	ID:2	[INFO: Metric    ] METRIC_TX type=REAL node=2 seq=118 bytes=48 time_ms=1210115
TX,DUMMY,2,,23,48,1210509.0,1210116,1210509.0,,,,2830,1210509000	ID:2	[INFO: Metric    ] METRIC_TX type=DUMMY node=2 seq=23 bytes=48 time_ms=1210116
RX,REAL,,2,118,48,1210532.88,1210101,1210532.88,1210115,1210101,24.87999999988824,2831,1210532880	ID:1	[INFO: Metric    ] METRIC_RX type=REAL src=2 seq=118 send_ms=1210115 recv_ms=1210101 bytes=48
RX,DUMMY,,2,23,48,1210572.88,1210141,1210572.88,1210116,1210141,,2833,1210572880	ID:1	[INFO: Metric    ] METRIC_RX type=DUMMY src=2 seq=23 send_ms=1210116 recv_ms=1210141 bytes=48
TX,REAL,6,,117,48,1211974.0,1211886,1211974.0,,,,2835,1211974000	ID:6	[INFO: Metric    ] METRIC_TX type=REAL node=6 seq=117 bytes=48 time_ms=1211886
RX,REAL,,6,117,48,1212013.88,1211582,1212013.88,1211886,1211582,39.87999999988824,2836,1212013880	ID:1	[INFO: Metric    ] METRIC_RX type=REAL src=6 seq=117 send_ms=1211886 recv_ms=1211582 bytes=48
TX,REAL,3,,119,48,1212116.0,1211904,1212116.0,,,,2838,1212116000	ID:3	[INFO: Metric    ] METRIC_TX type=REAL node=3 seq=119 bytes=48 time_ms=1211904
RX,REAL,,3,119,48,1212172.168,1211741,1212172.168,1211904,1211741,56.16800000006333,2839,1212172168	ID:1	[INFO: Metric    ] METRIC_RX type=REAL src=3 seq=119 send_ms=1211904 recv_ms=1211741 bytes=48
TX,REAL,7,,120,48,1213195.0,1213173,1213195.0,,,,2843,1213195000	ID:7	[INFO: Metric    ] METRIC_TX type=REAL node=7 seq=120 bytes=48 time_ms=1213173
RX,REAL,,7,120,48,1213219.88,1212788,1213219.88,1213173,1212788,24.87999999988824,2844,1213219880	ID:1	[INFO: Metric    ] METRIC_RX type=REAL src=7 seq=120 send_ms=1213173 recv_ms=1212788 bytes=48
TX,REAL,5,,117,48,1216193.0,1215223,1216193.0,,,,2846,1216193000	ID:5	[INFO: Metric    ] METRIC_TX type=REAL node=5 seq=117 bytes=48 time_ms=1215223
TX,DUMMY,5,,23,48,1216194.0,1215224,1216194.0,,,,2847,1216194000	ID:5	[INFO: Metric    ] METRIC_TX type=DUMMY node=5 seq=23 bytes=48 time_ms=1215224
RX,REAL,,5,117,48,1216225.168,1215794,1216225.168,1215223,1215794,32.16800000006333,2848,1216225168	ID:1	[INFO: Metric    ] METRIC_RX type=REAL src=5 seq=117 send_ms=1215223 recv_ms=1215794 bytes=48
RX,DUMMY,,5,23,48,1216310.168,1215879,1216310.168,1215224,1215879,,2850,1216310168	ID:1	[INFO: Metric    ] METRIC_RX type=DUMMY src=5 seq=23 send_ms=1215224 recv_ms=1215879 bytes=48
TX,REAL,4,,117,48,1219203.0,1218254,1219203.0,,,,2852,1219203000	ID:4	[INFO: Metric    ] METRIC_TX type=REAL node=4 seq=117 bytes=48 time_ms=1218254
TX,DUMMY,4,,15,48,1219204.0,1218255,1219204.0,,,,2853,1219204000	ID:4	[INFO: Metric    ] METRIC_TX type=DUMMY node=4 seq=15 bytes=48 time_ms=1218255
RX,REAL,,4,117,48,1219251.168,1218820,1219251.168,1218254,1218820,48.16800000006333,2854,1219251168	ID:1	[INFO: Metric    ] METRIC_RX type=REAL src=4 seq=117 send_ms=1218254 recv_ms=1218820 bytes=48
RX,DUMMY,,4,15,48,1219282.168,1218851,1219282.168,1218255,1218851,,2855,1219282168	ID:1	[INFO: Metric    ] METRIC_RX type=DUMMY src=4 seq=15 send_ms=1218255 recv_ms=1218851 bytes=48
TX,REAL,2,,119,48,1219510.0,1219117,1219510.0,,,,2859,1219510000	ID:2	[INFO: Metric    ] METRIC_TX type=REAL node=2 seq=119 bytes=48 time_ms=1219117
RX,REAL,,2,119,48,1219528.88,1219097,1219528.88,1219117,1219097,18.87999999988824,2860,1219528880	ID:1	[INFO: Metric    ] METRIC_RX type=REAL src=2 seq=119 send_ms=1219117 recv_ms=1219097 bytes=48
TX,REAL,6,,118,48,1220975.0,1220887,1220975.0,,,,2862,1220975000	ID:6	[INFO: Metric    ] METRIC_TX type=REAL node=6 seq=118 bytes=48 time_ms=1220887
RX,REAL,,6,118,48,1221020.88,1220589,1221020.88,1220887,1220589,45.87999999988824,2863,1221020880	ID:1	[INFO: Metric    ] METRIC_RX type=REAL src=6 seq=118 send_ms=1220887 recv_ms=1220589 bytes=48
TX,REAL,3,,120,48,1222117.0,1221905,1222117.0,,,,2867,1222117000	ID:3	[INFO: Metric    ] METRIC_TX type=REAL node=3 seq=120 bytes=48 time_ms=1221905
RX,REAL,,3,120,48,1222188.168,1221757,1222188.168,1221905,1221757,71.16800000006333,2868,1222188168	ID:1	[INFO: Metric    ] METRIC_RX type=REAL src=3 seq=120 send_ms=1221905 recv_ms=1221757 bytes=48
TX,REAL,7,,121,48,1224196.0,1224174,1224196.0,,,,2870,1224196000	ID:7	[INFO: Metric    ] METRIC_TX type=REAL node=7 seq=121 bytes=48 time_ms=1224174
RX,REAL,,7,121,48,1224201.88,1223770,1224201.88,1224174,1223770,5.879999999888241,2871,1224201880	ID:1	[INFO: Metric    ] METRIC_RX type=REAL src=7 seq=121 send_ms=1224174 recv_ms=1223770 bytes=48
TX,REAL,5,,118,48,1225195.0,1224225,1225195.0,,,,2873,1225195000	ID:5	[INFO: Metric    ] METRIC_TX type=REAL node=5 seq=118 bytes=48 time_ms=1224225
RX,REAL,,5,118,48,1225234.168,1224803,1225234.168,1224225,1224803,39.16800000006333,2874,1225234168	ID:1	[INFO: Metric    ] METRIC_RX type=REAL src=5 seq=118 send_ms=1224225 recv_ms=1224803 bytes=48
TX,REAL,4,,118,48,1228205.0,1227256,1228205.0,,,,2876,1228205000	ID:4	[INFO: Metric    ] METRIC_TX type=REAL node=4 seq=118 bytes=48 time_ms=1227256
RX,REAL,,4,118,48,1228259.168,1227828,1228259.168,1227256,1227828,54.16800000006333,2877,1228259168	ID:1	[INFO: Metric    ] METRIC_RX type=REAL src=4 seq=118 send_ms=1227256 recv_ms=1227828 bytes=48
TX,REAL,2,,120,48,1229511.0,1229118,1229511.0,,,,2881,1229511000	ID:2	[INFO: Metric    ] METRIC_TX type=REAL node=2 seq=120 bytes=48 time_ms=1229118
RX,REAL,,2,120,48,1229525.88,1229094,1229525.88,1229118,1229094,14.879999999888241,2882,1229525880	ID:1	[INFO: Metric    ] METRIC_RX type=REAL src=2 seq=120 send_ms=1229118 recv_ms=1229094 bytes=48
TX,REAL,6,,119,48,1231976.0,1231888,1231976.0,,,,2884,1231976000	ID:6	[INFO: Metric    ] METRIC_TX type=REAL node=6 seq=119 bytes=48 time_ms=1231888
RX,REAL,,6,119,48,1232005.88,1231574,1232005.88,1231888,1231574,29.87999999988824,2885,1232005880	ID:1	[INFO: Metric    ] METRIC_RX type=REAL src=6 seq=119 send_ms=1231888 recv_ms=1231574 bytes=48
TX,REAL,3,,121,48,1232118.0,1231906,1232118.0,,,,2887,1232118000	ID:3	[INFO: Metric    ] METRIC_TX type=REAL node=3 seq=121 bytes=48 time_ms=1231906
TX,DUMMY,3,,21,48,1232119.0,1231907,1232119.0,,,,2888,1232119000	ID:3	[INFO: Metric    ] METRIC_TX type=DUMMY node=3 seq=21 bytes=48 time_ms=1231907
RX,REAL,,3,121,48,1232150.168,1231719,1232150.168,1231906,1231719,32.16800000006333,2889,1232150168	ID:1	[INFO: Metric    ] METRIC_RX type=REAL src=3 seq=121 send_ms=1231906 recv_ms=1231719 bytes=48
RX,DUMMY,,3,21,48,1232179.168,1231748,1232179.168,1231907,1231748,,2890,1232179168	ID:1	[INFO: Metric    ] METRIC_RX type=DUMMY src=3 seq=21 send_ms=1231907 recv_ms=1231748 bytes=48
TX,REAL,7,,122,48,1234197.0,1234175,1234197.0,,,,2894,1234197000	ID:7	[INFO: Metric    ] METRIC_TX type=REAL node=7 seq=122 bytes=48 time_ms=1234175
RX,REAL,,7,122,48,1234207.88,1233776,1234207.88,1234175,1233776,10.879999999888241,2895,1234207880	ID:1	[INFO: Metric    ] METRIC_RX type=REAL src=7 seq=122 send_ms=1234175 recv_ms=1233776 bytes=48
TX,REAL,5,,119,48,1236196.0,1235226,1236196.0,,,,2897,1236196000	ID:5	[INFO: Metric    ] METRIC_TX type=REAL node=5 seq=119 bytes=48 time_ms=1235226
RX,REAL,,5,119,48,1236264.168,1235833,1236264.168,1235226,1235833,68.16800000006333,2898,1236264168	ID:1	[INFO: Metric    ] METRIC_RX type=REAL src=5 seq=119 send_ms=1235226 recv_ms=1235833 bytes=48
TX,REAL,4,,119,48,1238206.0,1237257,1238206.0,,,,2900,1238206000	ID:4	[INFO: Metric    ] METRIC_TX type=REAL node=4 seq=119 bytes=48 time_ms=1237257
RX,REAL,,4,119,48,1238261.168,1237830,1238261.168,1237257,1237830,55.16800000006333,2901,1238261168	ID:1	[INFO: Metric    ] METRIC_RX type=REAL src=4 seq=119 send_ms=1237257 recv_ms=1237830 bytes=48
TX,REAL,2,,121,48,1239512.0,1239119,1239512.0,,,,2903,1239512000	ID:2	[INFO: Metric    ] METRIC_TX type=REAL node=2 seq=121 bytes=48 time_ms=1239119
RX,REAL,,2,121,48,1239518.88,1239087,1239518.88,1239119,1239087,6.879999999888241,2904,1239518880	ID:1	[INFO: Metric    ] METRIC_RX type=REAL src=2 seq=121 send_ms=1239119 recv_ms=1239087 bytes=48
TX,REAL,6,,120,48,1240977.0,1240889,1240977.0,,,,2908,1240977000	ID:6	[INFO: Metric    ] METRIC_TX type=REAL node=6 seq=120 bytes=48 time_ms=1240889
RX,REAL,,6,120,48,1241002.88,1240571,1241002.88,1240889,1240571,25.87999999988824,2909,1241002880	ID:1	[INFO: Metric    ] METRIC_RX type=REAL src=6 seq=120 send_ms=1240889 recv_ms=1240571 bytes=48
TX,REAL,3,,122,48,1243120.0,1242908,1243120.0,,,,2911,1243120000	ID:3	[INFO: Metric    ] METRIC_TX type=REAL node=3 seq=122 bytes=48 time_ms=1242908
RX,REAL,,3,122,48,1243180.168,1242749,1243180.168,1242908,1242749,60.16800000006333,2912,1243180168	ID:1	[INFO: Metric    ] METRIC_RX type=REAL src=3 seq=122 send_ms=1242908 recv_ms=1242749 bytes=48
TX,REAL,7,,123,48,1245198.0,1245176,1245198.0,,,,2914,1245198000	ID:7	[INFO: Metric    ] METRIC_TX type=REAL node=7 seq=123 bytes=48 time_ms=1245176
RX,REAL,,7,123,48,1245223.88,1244792,1245223.88,1245176,1244792,25.87999999988824,2915,1245223880	ID:1	[INFO: Metric    ] METRIC_RX type=REAL src=7 seq=123 send_ms=1245176 recv_ms=1244792 bytes=48
TX,REAL,5,,120,48,1246197.0,1245227,1246197.0,,,,2919,1246197000	ID:5	[INFO: Metric    ] METRIC_TX type=REAL node=5 seq=120 bytes=48 time_ms=1245227
RX,REAL,,5,120,48,1246235.168,1245804,1246235.168,1245227,1245804,38.16800000006333,2920,1246235168	ID:1	[INFO: Metric    ] METRIC_RX type=REAL src=5 seq=120 send_ms=1245227 recv_ms=1245804 bytes=48
TX,REAL,4,,120,48,1249207.0,1248258,1249207.0,,,,2924,1249207000	ID:4	[INFO: Metric    ] METRIC_TX type=REAL node=4 seq=120 bytes=48 time_ms=1248258
TX,DUMMY,4,,16,48,1249208.0,1248259,1249208.0,,,,2925,1249208000	ID:4	[INFO: Metric    ] METRIC_TX type=DUMMY node=4 seq=16 bytes=48 time_ms=1248259
RX,REAL,,4,120,48,1249253.168,1248822,1249253.168,1248258,1248822,46.16800000006333,2926,1249253168	ID:1	[INFO: Metric    ] METRIC_RX type=REAL src=4 seq=120 send_ms=1248258 recv_ms=1248822 bytes=48
RX,DUMMY,,4,16,48,1249286.592,1248855,1249286.592,1248259,1248855,,2928,1249286592	ID:1	[INFO: Metric    ] METRIC_RX type=DUMMY src=4 seq=16 send_ms=1248259 recv_ms=1248855 bytes=48
TX,REAL,2,,122,48,1249513.0,1249120,1249513.0,,,,2931,1249513000	ID:2	[INFO: Metric    ] METRIC_TX type=REAL node=2 seq=122 bytes=48 time_ms=1249120
RX,REAL,,2,122,48,1249542.88,1249111,1249542.88,1249120,1249111,29.87999999988824,2932,1249542880	ID:1	[INFO: Metric    ] METRIC_RX type=REAL src=2 seq=122 send_ms=1249120 recv_ms=1249111 bytes=48
TX,REAL,6,,121,48,1250978.0,1250890,1250978.0,,,,2934,1250978000	ID:6	[INFO: Metric    ] METRIC_TX type=REAL node=6 seq=121 bytes=48 time_ms=1250890
RX,REAL,,6,121,48,1251002.88,1250571,1251002.88,1250890,1250571,24.87999999988824,2935,1251002880	ID:1	[INFO: Metric    ] METRIC_RX type=REAL src=6 seq=121 send_ms=1250890 recv_ms=1250571 bytes=48
TX,REAL,3,,123,48,1253121.0,1252909,1253121.0,,,,2937,1253121000	ID:3	[INFO: Metric    ] METRIC_TX type=REAL node=3 seq=123 bytes=48 time_ms=1252909
RX,REAL,,3,123,48,1253208.168,1252777,1253208.168,1252909,1252777,87.16800000006333,2938,1253208168	ID:1	[INFO: Metric    ] METRIC_RX type=REAL src=3 seq=123 send_ms=1252909 recv_ms=1252777 bytes=48
TX,REAL,5,,121,48,1256198.0,1255228,1256198.0,,,,2940,1256198000	ID:5	[INFO: Metric    ] METRIC_TX type=REAL node=5 seq=121 bytes=48 time_ms=1255228
TX,REAL,7,,124,48,1256199.0,1256177,1256199.0,,,,2941,1256199000	ID:7	[INFO: Metric    ] METRIC_TX type=REAL node=7 seq=124 bytes=48 time_ms=1256177
RX,REAL,,7,124,48,1256222.88,1255791,1256222.88,1256177,1255791,23.87999999988824,2942,1256222880	ID:1	[INFO: Metric    ] METRIC_RX type=REAL src=7 seq=124 send_ms=1256177 recv_ms=1255791 bytes=48
RX,REAL,,5,121,48,1256305.168,1255874,1256305.168,1255228,1255874,107.16800000006333,2943,1256305168	ID:1	[INFO: Metric    ] METRIC_RX type=REAL src=5 seq=121 send_ms=1255228 recv_ms=1255874 bytes=48
TX,REAL,2,,123,48,1258514.0,1258121,1258514.0,,,,2946,1258514000	ID:2	[INFO: Metric    ] METRIC_TX type=REAL node=2 seq=123 bytes=48 time_ms=1258121
RX,REAL,,2,123,48,1258520.88,1258089,1258520.88,1258121,1258089,6.879999999888241,2947,1258520880	ID:1	[INFO: Metric    ] METRIC_RX type=REAL src=2 seq=123 send_ms=1258121 recv_ms=1258089 bytes=48
TX,REAL,6,,122,48,1259979.0,1259891,1259979.0,,,,2949,1259979000	ID:6	[INFO: Metric    ] METRIC_TX type=REAL node=6 seq=122 bytes=48 time_ms=1259891
RX,REAL,,6,122,48,1259991.88,1259560,1259991.88,1259891,1259560,12.879999999888241,2950,1259991880	ID:1	[INFO: Metric    ] METRIC_RX type=REAL src=6 seq=122 send_ms=1259891 recv_ms=1259560 bytes=48
TX,REAL,4,,121,48,1260209.0,1259260,1260209.0,,,,2952,1260209000	ID:4	[INFO: Metric    ] METRIC_TX type=REAL node=4 seq=121 bytes=48 time_ms=1259260
RX,REAL,,4,121,48,1260248.168,1259817,1260248.168,1259260,1259817,39.16800000006333,2953,1260248168	ID:1	[INFO: Metric    ] METRIC_RX type=REAL src=4 seq=121 send_ms=1259260 recv_ms=1259817 bytes=48
TX,REAL,3,,124,48,1263122.0,1262910,1263122.0,,,,2955,1263122000	ID:3	[INFO: Metric    ] METRIC_TX type=REAL node=3 seq=124 bytes=48 time_ms=1262910
RX,REAL,,3,124,48,1263193.168,1262762,1263193.168,1262910,1262762,71.16800000006333,2956,1263193168	ID:1	[INFO: Metric    ] METRIC_RX type=REAL src=3 seq=124 send_ms=1262910 recv_ms=1262762 bytes=48
TX,REAL,5,,122,48,1266199.0,1265229,1266199.0,,,,2958,1266199000	ID:5	[INFO: Metric    ] METRIC_TX type=REAL node=5 seq=122 bytes=48 time_ms=1265229
TX,DUMMY,5,,24,48,1266200.0,1265230,1266200.0,,,,2959,1266200000	ID:5	[INFO: Metric    ] METRIC_TX type=DUMMY node=5 seq=24 bytes=48 time_ms=1265230
RX,REAL,,5,122,48,1266258.168,1265827,1266258.168,1265229,1265827,59.16800000006333,2960,1266258168	ID:1	[INFO: Metric    ] METRIC_RX type=REAL src=5 seq=122 send_ms=1265229 recv_ms=1265827 bytes=48
RX,DUMMY,,5,24,48,1266293.168,1265862,1266293.168,1265230,1265862,,2962,1266293168	ID:1	[INFO: Metric    ] METRIC_RX type=DUMMY src=5 seq=24 send_ms=1265230 recv_ms=1265862 bytes=48
TX,REAL,7,,125,48,1267200.0,1267178,1267200.0,,,,2965,1267200000	ID:7	[INFO: Metric    ] METRIC_TX type=REAL node=7 seq=125 bytes=48 time_ms=1267178
RX,REAL,,7,125,48,1267224.88,1266793,1267224.88,1267178,1266793,24.87999999988824,2966,1267224880	ID:1	[INFO: Metric    ] METRIC_RX type=REAL src=7 seq=125 send_ms=1267178 recv_ms=1266793 bytes=48
TX,REAL,2,,124,48,1269515.0,1269122,1269515.0,,,,2968,1269515000	ID:2	[INFO: Metric    ] METRIC_TX type=REAL node=2 seq=124 bytes=48 time_ms=1269122
RX,REAL,,2,124,48,1269542.88,1269111,1269542.88,1269122,1269111,27.87999999988824,2969,1269542880	ID:1	[INFO: Metric    ] METRIC_RX type=REAL src=2 seq=124 send_ms=1269122 recv_ms=1269111 bytes=48
TX,REAL,6,,123,48,1269980.0,1269892,1269980.0,,,,2971,1269980000	ID:6	[INFO: Metric    ] METRIC_TX type=REAL node=6 seq=123 bytes=48 time_ms=1269892
TX,DUMMY,6,,31,48,1269981.0,1269893,1269981.0,,,,2972,1269981000	ID:6	[INFO: Metric    ] METRIC_TX type=DUMMY node=6 seq=31 bytes=48 time_ms=1269893
RX,REAL,,6,123,48,1270000.88,1269569,1270000.88,1269892,1269569,20.87999999988824,2973,1270000880	ID:1	[INFO: Metric    ] METRIC_RX type=REAL src=6 seq=123 send_ms=1269892 recv_ms=1269569 bytes=48
RX,DUMMY,,6,31,48,1270019.88,1269588,1270019.88,1269893,1269588,,2974,1270019880	ID:1	[INFO: Metric    ] METRIC_RX type=DUMMY src=6 seq=31 send_ms=1269893 recv_ms=1269588 bytes=48
TX,REAL,4,,122,48,1271210.0,1270261,1271210.0,,,,2977,1271210000	ID:4	[INFO: Metric    ] METRIC_TX type=REAL node=4 seq=122 bytes=48 time_ms=1270261
TX,DUMMY,4,,17,48,1271211.0,1270262,1271211.0,,,,2978,1271211000	ID:4	[INFO: Metric    ] METRIC_TX type=DUMMY node=4 seq=17 bytes=48 time_ms=1270262
RX,REAL,,4,122,48,1271266.168,1270835,1271266.168,1270261,1270835,56.16800000006333,2979,1271266168	ID:1	[INFO: Metric    ] METRIC_RX type=REAL src=4 seq=122 send_ms=1270261 recv_ms=1270835 bytes=48
RX,DUMMY,,4,17,48,1271308.168,1270877,1271308.168,1270262,1270877,,2981,1271308168	ID:1	[INFO: Metric    ] METRIC_RX type=DUMMY src=4 seq=17 send_ms=1270262 recv_ms=1270877 bytes=48
TX,REAL,3,,125,48,1274123.0,1273911,1274123.0,,,,2983,1274123000	ID:3	[INFO: Metric    ] METRIC_TX type=REAL node=3 seq=125 bytes=48 time_ms=1273911
RX,REAL,,3,125,48,1274169.168,1273738,1274169.168,1273911,1273738,46.16800000006333,2984,1274169168	ID:1	[INFO: Metric    ] METRIC_RX type=REAL src=3 seq=125 send_ms=1273911 recv_ms=1273738 bytes=48
TX,REAL,5,,123,48,1277201.0,1276231,1277201.0,,,,2986,1277201000	ID:5	[INFO: Metric    ] METRIC_TX type=REAL node=5 seq=123 bytes=48 time_ms=1276231
RX,REAL,,5,123,48,1277268.168,1276837,1277268.168,1276231,1276837,67.16800000006333,2987,1277268168	ID:1	[INFO: Metric    ] METRIC_RX type=REAL src=5 seq=123 send_ms=1276231 recv_ms=1276837 bytes=48
TX,REAL,7,,126,48,1278201.0,1278179,1278201.0,,,,2989,1278201000	ID:7	[INFO: Metric    ] METRIC_TX type=REAL node=7 seq=126 bytes=48 time_ms=1278179
RX,REAL,,7,126,48,1278238.88,1277807,1278238.88,1278179,1277807,37.87999999988824,2990,1278238880	ID:1	[INFO: Metric    ] METRIC_RX type=REAL src=7 seq=126 send_ms=1278179 recv_ms=1277807 bytes=48
TX,REAL,6,,124,48,1278982.0,1278894,1278982.0,,,,2993,1278982000	ID:6	[INFO: Metric    ] METRIC_TX type=REAL node=6 seq=124 bytes=48 time_ms=1278894
RX,REAL,,6,124,48,1279011.88,1278580,1279011.88,1278894,1278580,29.87999999988824,2994,1279011880	ID:1	[INFO: Metric    ] METRIC_RX type=REAL src=6 seq=124 send_ms=1278894 recv_ms=1278580 bytes=48
TX,REAL,4,,123,48,1280212.0,1279263,1280212.0,,,,2996,1280212000	ID:4	[INFO: Metric    ] METRIC_TX type=REAL node=4 seq=123 bytes=48 time_ms=1279263
TX,DUMMY,4,,18,48,1280213.0,1279264,1280213.0,,,,2997,1280213000	ID:4	[INFO: Metric    ] METRIC_TX type=DUMMY node=4 seq=18 bytes=48 time_ms=1279264
RX,REAL,,4,123,48,1280282.168,1279851,1280282.168,1279263,1279851,70.16800000006333,2998,1280282168	ID:1	[INFO: Metric    ] METRIC_RX type=REAL src=4 seq=123 send_ms=1279263 recv_ms=1279851 bytes=48
RX,DUMMY,,4,18,48,1280303.168,1279872,1280303.168,1279264,1279872,,2999,1280303168	ID:1	[INFO: Metric    ] METRIC_RX type=DUMMY src=4 seq=18 send_ms=1279264 recv_ms=1279872 bytes=48
TX,REAL,2,,125,48,1280516.0,1280123,1280516.0,,,,3002,1280516000	ID:2	[INFO: Metric    ] METRIC_TX type=REAL node=2 seq=125 bytes=48 time_ms=1280123
RX,REAL,,2,125,48,1280540.88,1280109,1280540.88,1280123,1280109,24.87999999988824,3003,1280540880	ID:1	[INFO: Metric    ] METRIC_RX type=REAL src=2 seq=125 send_ms=1280123 recv_ms=1280109 bytes=48
TX,REAL,3,,126,48,1283124.0,1282912,1283124.0,,,,3005,1283124000	ID:3	[INFO: Metric    ] METRIC_TX type=REAL node=3 seq=126 bytes=48 time_ms=1282912
RX,REAL,,3,126,48,1283193.168,1282762,1283193.168,1282912,1282762,69.16800000006333,3006,1283193168	ID:1	[INFO: Metric    ] METRIC_RX type=REAL src=3 seq=126 send_ms=1282912 recv_ms=1282762 bytes=48
TX,REAL,5,,124,48,1287202.0,1286232,1287202.0,,,,3008,1287202000	ID:5	[INFO: Metric    ] METRIC_TX type=REAL node=5 seq=124 bytes=48 time_ms=1286232
TX,DUMMY,5,,25,48,1287203.0,1286233,1287203.0,,,,3009,1287203000	ID:5	[INFO: Metric    ] METRIC_TX type=DUMMY node=5 seq=25 bytes=48 time_ms=1286233
RX,REAL,,5,124,48,1287263.168,1286832,1287263.168,1286232,1286832,61.16800000006333,3010,1287263168	ID:1	[INFO: Metric    ] METRIC_RX type=REAL src=5 seq=124 send_ms=1286232 recv_ms=1286832 bytes=48
RX,DUMMY,,5,25,48,1287307.168,1286876,1287307.168,1286233,1286876,,3011,1287307168	ID:1	[INFO: Metric    ] METRIC_RX type=DUMMY src=5 seq=25 send_ms=1286233 recv_ms=1286876 bytes=48
TX,REAL,7,,127,48,1288202.0,1288180,1288202.0,,,,3014,1288202000	ID:7	[INFO: Metric    ] METRIC_TX type=REAL node=7 seq=127 bytes=48 time_ms=1288180
RX,REAL,,7,127,48,1288231.88,1287800,1288231.88,1288180,1287800,29.87999999988824,3015,1288231880	ID:1	[INFO: Metric    ] METRIC_RX type=REAL src=7 seq=127 send_ms=1288180 recv_ms=1287800 bytes=48
TX,REAL,6,,125,48,1289983.0,1289895,1289983.0,,,,3017,1289983000	ID:6	[INFO: Metric    ] METRIC_TX type=REAL node=6 seq=125 bytes=48 time_ms=1289895
RX,REAL,,6,125,48,1290013.88,1289582,1290013.88,1289895,1289582,30.87999999988824,3018,1290013880	ID:1	[INFO: Metric    ] METRIC_RX type=REAL src=6 seq=125 send_ms=1289895 recv_ms=1289582 bytes=48
TX,REAL,4,,124,48,1290214.0,1289265,1290214.0,,,,3020,1290214000	ID:4	[INFO: Metric    ] METRIC_TX type=REAL node=4 seq=124 bytes=48 time_ms=1289265
RX,REAL,,4,124,48,1290234.168,1289803,1290234.168,1289265,1289803,20.16800000006333,3021,1290234168	ID:1	[INFO: Metric    ] METRIC_RX type=REAL src=4 seq=124 send_ms=1289265 recv_ms=1289803 bytes=48
TX,REAL,2,,126,48,1290517.0,1290124,1290517.0,,,,3024,1290517000	ID:2	[INFO: Metric    ] METRIC_TX type=REAL node=2 seq=126 bytes=48 time_ms=1290124
RX,REAL,,2,126,48,1290532.88,1290101,1290532.88,1290124,1290101,15.879999999888241,3025,1290532880	ID:1	[INFO: Metric    ] METRIC_RX type=REAL src=2 seq=126 send_ms=1290124 recv_ms=1290101 bytes=48
TX,REAL,3,,127,48,1292125.0,1291913,1292125.0,,,,3027,1292125000	ID:3	[INFO: Metric    ] METRIC_TX type=REAL node=3 seq=127 bytes=48 time_ms=1291913
RX,REAL,,3,127,48,1292168.168,1291737,1292168.168,1291913,1291737,43.16800000006333,3028,1292168168	ID:1	[INFO: Metric    ] METRIC_RX type=REAL src=3 seq=127 send_ms=1291913 recv_ms=1291737 bytes=48
TX,REAL,5,,125,48,1296204.0,1295234,1296204.0,,,,3030,1296204000	ID:5	[INFO: Metric    ] METRIC_TX type=REAL node=5 seq=125 bytes=48 time_ms=1295234
RX,REAL,,5,125,48,1296257.168,1295826,1296257.168,1295234,1295826,53.16800000006333,3031,1296257168	ID:1	[INFO: Metric    ] METRIC_RX type=REAL src=5 seq=125 send_ms=1295234 recv_ms=1295826 bytes=48
TX,REAL,7,,128,48,1297203.0,1297181,1297203.0,,,,3033,1297203000	ID:7	[INFO: Metric    ] METRIC_TX type=REAL node=7 seq=128 bytes=48 time_ms=1297181
RX,REAL,,7,128,48,1297215.88,1296784,1297215.88,1297181,1296784,12.879999999888241,3034,1297215880	ID:1	[INFO: Metric    ] METRIC_RX type=REAL src=7 seq=128 send_ms=1297181 recv_ms=1296784 bytes=48
TX,REAL,6,,126,48,1298984.0,1298896,1298984.0,,,,3036,1298984000	ID:6	[INFO: Metric    ] METRIC_TX type=REAL node=6 seq=126 bytes=48 time_ms=1298896
RX,REAL,,6,126,48,1299005.88,1298574,1299005.88,1298896,1298574,21.87999999988824,3037,1299005880	ID:1	[INFO: Metric    ] METRIC_RX type=REAL src=6 seq=126 send_ms=1298896 recv_ms=1298574 bytes=48
TX,REAL,2,,127,48,1299518.0,1299125,1299518.0,,,,3039,1299518000	ID:2	[INFO: Metric    ] METRIC_TX type=REAL node=2 seq=127 bytes=48 time_ms=1299125
RX,REAL,,2,127,48,1299541.88,1299110,1299541.88,1299125,1299110,23.87999999988824,3040,1299541880	ID:1	[INFO: Metric    ] METRIC_RX type=REAL src=2 seq=127 send_ms=1299125 recv_ms=1299110 bytes=48
TX,REAL,3,,128,48,1301126.0,1300914,1301126.0,,,,3042,1301126000	ID:3	[INFO: Metric    ] METRIC_TX type=REAL node=3 seq=128 bytes=48 time_ms=1300914
RX,REAL,,3,128,48,1301195.168,1300764,1301195.168,1300914,1300764,69.16800000006333,3043,1301195168	ID:1	[INFO: Metric    ] METRIC_RX type=REAL src=3 seq=128 send_ms=1300914 recv_ms=1300764 bytes=48
TX,REAL,4,,125,48,1301215.0,1300266,1301215.0,,,,3044,1301215000	ID:4	[INFO: Metric    ] METRIC_TX type=REAL node=4 seq=125 bytes=48 time_ms=1300266
RX,REAL,,4,125,48,1301369.168,1300938,1301369.168,1300266,1300938,154.16800000006333,3046,1301369168	ID:1	[INFO: Metric    ] METRIC_RX type=REAL src=4 seq=125 send_ms=1300266 recv_ms=1300938 bytes=48
TX,REAL,7,,129,48,1307204.0,1307182,1307204.0,,,,3048,1307204000	ID:7	[INFO: Metric    ] METRIC_TX type=REAL node=7 seq=129 bytes=48 time_ms=1307182
TX,REAL,5,,126,48,1307205.0,1306235,1307205.0,,,,3049,1307205000	ID:5	[INFO: Metric    ] METRIC_TX type=REAL node=5 seq=126 bytes=48 time_ms=1306235
RX,REAL,,7,129,48,1307235.88,1306804,1307235.88,1307182,1306804,31.87999999988824,3050,1307235880	ID:1	[INFO: Metric    ] METRIC_RX type=REAL src=7 seq=129 send_ms=1307182 recv_ms=1306804 bytes=48
RX,REAL,,5,126,48,1307262.168,1306831,1307262.168,1306235,1306831,57.16800000006333,3051,1307262168	ID:1	[INFO: Metric    ] METRIC_RX type=REAL src=5 seq=126 send_ms=1306235 recv_ms=1306831 bytes=48
TX,REAL,6,,127,48,1308985.0,1308897,1308985.0,,,,3055,1308985000	ID:6	[INFO: Metric    ] METRIC_TX type=REAL node=6 seq=127 bytes=48 time_ms=1308897
RX,REAL,,6,127,48,1309025.88,1308594,1309025.88,1308897,1308594,40.87999999988824,3056,1309025880	ID:1	[INFO: Metric    ] METRIC_RX type=REAL src=6 seq=127 send_ms=1308897 recv_ms=1308594 bytes=48
TX,REAL,2,,128,48,1309519.0,1309126,1309519.0,,,,3058,1309519000	ID:2	[INFO: Metric    ] METRIC_TX type=REAL node=2 seq=128 bytes=48 time_ms=1309126
RX,REAL,,2,128,48,1309564.88,1309133,1309564.88,1309126,1309133,45.87999999988824,3059,1309564880	ID:1	[INFO: Metric    ] METRIC_RX type=REAL src=2 seq=128 send_ms=1309126 recv_ms=1309133 bytes=48
TX,REAL,4,,126,48,1310216.0,1309267,1310216.0,,,,3061,1310216000	ID:4	[INFO: Metric    ] METRIC_TX type=REAL node=4 seq=126 bytes=48 time_ms=1309267
RX,REAL,,4,126,48,1310265.168,1309834,1310265.168,1309267,1309834,49.16800000006333,3062,1310265168	ID:1	[INFO: Metric    ] METRIC_RX type=REAL src=4 seq=126 send_ms=1309267 recv_ms=1309834 bytes=48
TX,REAL,3,,129,48,1311127.0,1310915,1311127.0,,,,3064,1311127000	ID:3	[INFO: Metric    ] METRIC_TX type=REAL node=3 seq=129 bytes=48 time_ms=1310915
TX,DUMMY,3,,22,48,1311128.0,1310916,1311128.0,,,,3065,1311128000	ID:3	[INFO: Metric    ] METRIC_TX type=DUMMY node=3 seq=22 bytes=48 time_ms=1310916
RX,REAL,,3,129,48,1311245.168,1310814,1311245.168,1310915,1310814,118.16800000006333,3066,1311245168	ID:1	[INFO: Metric    ] METRIC_RX type=REAL src=3 seq=129 send_ms=1310915 recv_ms=1310814 bytes=48
RX,DUMMY,,3,22,48,1311254.168,1310823,1311254.168,1310916,1310823,,3067,1311254168	ID:1	[INFO: Metric    ] METRIC_RX type=DUMMY src=3 seq=22 send_ms=1310916 recv_ms=1310823 bytes=48
TX,REAL,5,,127,48,1316206.0,1315236,1316206.0,,,,3070,1316206000	ID:5	[INFO: Metric    ] METRIC_TX type=REAL node=5 seq=127 bytes=48 time_ms=1315236
TX,DUMMY,5,,26,48,1316207.0,1315237,1316207.0,,,,3071,1316207000	ID:5	[INFO: Metric    ] METRIC_TX type=DUMMY node=5 seq=26 bytes=48 time_ms=1315237
RX,REAL,,5,127,48,1316270.168,1315839,1316270.168,1315236,1315839,64.16800000006333,3072,1316270168	ID:1	[INFO: Metric    ] METRIC_RX type=REAL src=5 seq=127 send_ms=1315236 recv_ms=1315839 bytes=48
RX,DUMMY,,5,26,48,1316311.304,1315880,1316311.304,1315237,1315880,,3073,1316311304	ID:1	[INFO: Metric    ] METRIC_RX type=DUMMY src=5 seq=26 send_ms=1315237 recv_ms=1315880 bytes=48
TX,REAL,7,,130,48,1317205.0,1317183,1317205.0,,,,3078,1317205000	ID:7	[INFO: Metric    ] METRIC_TX type=REAL node=7 seq=130 bytes=48 time_ms=1317183
RX,REAL,,7,130,48,1317221.88,1316790,1317221.88,1317183,1316790,16.87999999988824,3079,1317221880	ID:1	[INFO: Metric    ] METRIC_RX type=REAL src=7 seq=130 send_ms=1317183 recv_ms=1316790 bytes=48
TX,REAL,6,,128,48,1317986.0,1317898,1317986.0,,,,3081,1317986000	ID:6	[INFO: Metric    ] METRIC_TX type=REAL node=6 seq=128 bytes=48 time_ms=1317898
RX,REAL,,6,128,48,1318018.88,1317587,1318018.88,1317898,1317587,32.87999999988824,3082,1318018880	ID:1	[INFO: Metric    ] METRIC_RX type=REAL src=6 seq=128 send_ms=1317898 recv_ms=1317587 bytes=48
TX,REAL,2,,129,48,1318520.0,1318127,1318520.0,,,,3084,1318520000	ID:2	[INFO: Metric    ] METRIC_TX type=REAL node=2 seq=129 bytes=48 time_ms=1318127
RX,REAL,,2,129,48,1318559.88,1318128,1318559.88,1318127,1318128,39.87999999988824,3085,1318559880	ID:1	[INFO: Metric    ] METRIC_RX type=REAL src=2 seq=129 send_ms=1318127 recv_ms=1318128 bytes=48
TX,REAL,4,,127,48,1321217.0,1320268,1321217.0,,,,3088,1321217000	ID:4	[INFO: Metric    ] METRIC_TX type=REAL node=4 seq=127 bytes=48 time_ms=1320268
RX,REAL,,4,127,48,1321272.168,1320841,1321272.168,1320268,1320841,55.16800000006333,3089,1321272168	ID:1	[INFO: Metric    ] METRIC_RX type=REAL src=4 seq=127 send_ms=1320268 recv_ms=1320841 bytes=48
TX,REAL,3,,130,48,1322129.0,1321917,1322129.0,,,,3093,1322129000	ID:3	[INFO: Metric    ] METRIC_TX type=REAL node=3 seq=130 bytes=48 time_ms=1321917
RX,REAL,,3,130,48,1322170.168,1321739,1322170.168,1321917,1321739,41.16800000006333,3094,1322170168	ID:1	[INFO: Metric    ] METRIC_RX type=REAL src=3 seq=130 send_ms=1321917 recv_ms=1321739 bytes=48
TX,REAL,7,,131,48,1326206.0,1326184,1326206.0,,,,3096,1326206000	ID:7	[INFO: Metric    ] METRIC_TX type=REAL node=7 seq=131 bytes=48 time_ms=1326184
RX,REAL,,7,131,48,1326228.88,1325797,1326228.88,1326184,1325797,22.87999999988824,3097,1326228880	ID:1	[INFO: Metric    ] METRIC_RX type=REAL src=7 seq=131 send_ms=1326184 recv_ms=1325797 bytes=48
TX,REAL,5,,128,48,1327208.0,1326238,1327208.0,,,,3099,1327208000	ID:5	[INFO: Metric    ] METRIC_TX type=REAL node=5 seq=128 bytes=48 time_ms=1326238
RX,REAL,,5,128,48,1327263.168,1326832,1327263.168,1326238,1326832,55.16800000006333,3100,1327263168	ID:1	[INFO: Metric    ] METRIC_RX type=REAL src=5 seq=128 send_ms=1326238 recv_ms=1326832 bytes=48
TX,REAL,2,,130,48,1328521.0,1328128,1328521.0,,,,3104,1328521000	ID:2	[INFO: Metric    ] METRIC_TX type=REAL node=2 seq=130 bytes=48 time_ms=1328128
RX,REAL,,2,130,48,1328560.88,1328129,1328560.88,1328128,1328129,39.87999999988824,3105,1328560880	ID:1	[INFO: Metric    ] METRIC_RX type=REAL src=2 seq=130 send_ms=1328128 recv_ms=1328129 bytes=48
TX,REAL,6,,129,48,1328987.0,1328899,1328987.0,,,,3107,1328987000	ID:6	[INFO: Metric    ] METRIC_TX type=REAL node=6 seq=129 bytes=48 time_ms=1328899
TX,DUMMY,6,,32,48,1328988.0,1328900,1328988.0,,,,3108,1328988000	ID:6	[INFO: Metric    ] METRIC_TX type=DUMMY node=6 seq=32 bytes=48 time_ms=1328900
RX,REAL,,6,129,48,1328998.88,1328567,1328998.88,1328899,1328567,11.879999999888241,3109,1328998880	ID:1	[INFO: Metric    ] METRIC_RX type=REAL src=6 seq=129 send_ms=1328899 recv_ms=1328567 bytes=48
RX,DUMMY,,6,32,48,1329035.88,1328604,1329035.88,1328900,1328604,,3111,1329035880	ID:1	[INFO: Metric    ] METRIC_RX type=DUMMY src=6 seq=32 send_ms=1328900 recv_ms=1328604 bytes=48
TX,REAL,3,,131,48,1331130.0,1330918,1331130.0,,,,3113,1331130000	ID:3	[INFO: Metric    ] METRIC_TX type=REAL node=3 seq=131 bytes=48 time_ms=1330918
RX,REAL,,3,131,48,1331178.168,1330747,1331178.168,1330918,1330747,48.16800000006333,3114,1331178168	ID:1	[INFO: Metric    ] METRIC_RX type=REAL src=3 seq=131 send_ms=1330918 recv_ms=1330747 bytes=48
TX,REAL,4,,128,48,1332218.0,1331269,1332218.0,,,,3116,1332218000	ID:4	[INFO: Metric    ] METRIC_TX type=REAL node=4 seq=128 bytes=48 time_ms=1331269
RX,REAL,,4,128,48,1332264.168,1331833,1332264.168,1331269,1331833,46.16800000006333,3117,1332264168	ID:1	[INFO: Metric    ] METRIC_RX type=REAL src=4 seq=128 send_ms=1331269 recv_ms=1331833 bytes=48
TX,REAL,7,,132,48,1335207.0,1335185,1335207.0,,,,3119,1335207000	ID:7	[INFO: Metric    ] METRIC_TX type=REAL node=7 seq=132 bytes=48 time_ms=1335185
RX,REAL,,7,132,48,1335237.88,1334806,1335237.88,1335185,1334806,30.87999999988824,3120,1335237880	ID:1	[INFO: Metric    ] METRIC_RX type=REAL src=7 seq=132 send_ms=1335185 recv_ms=1334806 bytes=48
TX,REAL,5,,129,48,1337209.0,1336239,1337209.0,,,,3123,1337209000	ID:5	[INFO: Metric    ] METRIC_TX type=REAL node=5 seq=129 bytes=48 time_ms=1336239
RX,REAL,,5,129,48,1337263.168,1336832,1337263.168,1336239,1336832,54.16800000006333,3124,1337263168	ID:1	[INFO: Metric    ] METRIC_RX type=REAL src=5 seq=129 send_ms=1336239 recv_ms=1336832 bytes=48
TX,REAL,2,,131,48,1337522.0,1337129,1337522.0,,,,3126,1337522000	ID:2	[INFO: Metric    ] METRIC_TX type=REAL node=2 seq=131 bytes=48 time_ms=1337129
RX,REAL,,2,131,48,1337553.88,1337122,1337553.88,1337129,1337122,31.87999999988824,3127,1337553880	ID:1	[INFO: Metric    ] METRIC_RX type=REAL src=2 seq=131 send_ms=1337129 recv_ms=1337122 bytes=48
TX,REAL,6,,130,48,1339989.0,1339901,1339989.0,,,,3131,1339989000	ID:6	[INFO: Metric    ] METRIC_TX type=REAL node=6 seq=130 bytes=48 time_ms=1339901
RX,REAL,,6,130,48,1340031.88,1339600,1340031.88,1339901,1339600,42.87999999988824,3132,1340031880	ID:1	[INFO: Metric    ] METRIC_RX type=REAL src=6 seq=130 send_ms=1339901 recv_ms=1339600 bytes=48
TX,REAL,3,,132,48,1340131.0,1339919,1340131.0,,,,3134,1340131000	ID:3	[INFO: Metric    ] METRIC_TX type=REAL node=3 seq=132 bytes=48 time_ms=1339919
RX,REAL,,3,132,48,1340211.168,1339780,1340211.168,1339919,1339780,80.16800000006333,3135,1340211168	ID:1	[INFO: Metric    ] METRIC_RX type=REAL src=3 seq=132 send_ms=1339919 recv_ms=1339780 bytes=48
TX,REAL,4,,129,48,1341219.0,1340270,1341219.0,,,,3137,1341219000	ID:4	[INFO: Metric    ] METRIC_TX type=REAL node=4 seq=129 bytes=48 time_ms=1340270
RX,REAL,,4,129,48,1341256.168,1340825,1341256.168,1340270,1340825,37.16800000006333,3138,1341256168	ID:1	[INFO: Metric    ] METRIC_RX type=REAL src=4 seq=129 send_ms=1340270 recv_ms=1340825 bytes=48
TX,REAL,7,,133,48,1346208.0,1346186,1346208.0,,,,3140,1346208000	ID:7	[INFO: Metric    ] METRIC_TX type=REAL node=7 seq=133 bytes=48 time_ms=1346186
RX,REAL,,7,133,48,1346248.88,1345817,1346248.88,1346186,1345817,40.87999999988824,3141,1346248880	ID:1	[INFO: Metric    ] METRIC_RX type=REAL src=7 seq=133 send_ms=1346186 recv_ms=1345817 bytes=48
TX,REAL,2,,132,48,1346523.0,1346130,1346523.0,,,,3143,1346523000	ID:2	[INFO: Metric    ] METRIC_TX type=REAL node=2 seq=132 bytes=48 time_ms=1346130
RX,REAL,,2,132,48,1346562.88,1346131,1346562.88,1346130,1346131,39.87999999988824,3144,1346562880	ID:1	[INFO: Metric    ] METRIC_RX type=REAL src=2 seq=132 send_ms=1346130 recv_ms=1346131 bytes=48
TX,REAL,5,,130,48,1347210.0,1346240,1347210.0,,,,3148,1347210000	ID:5	[INFO: Metric    ] METRIC_TX type=REAL node=5 seq=130 bytes=48 time_ms=1346240
RX,REAL,,5,130,48,1347247.168,1346816,1347247.168,1346240,1346816,37.16800000006333,3149,1347247168	ID:1	[INFO: Metric    ] METRIC_RX type=REAL src=5 seq=130 send_ms=1346240 recv_ms=1346816 bytes=48
TX,REAL,3,,133,48,1350132.0,1349920,1350132.0,,,,3151,1350132000	ID:3	[INFO: Metric    ] METRIC_TX type=REAL node=3 seq=133 bytes=48 time_ms=1349920
RX,REAL,,3,133,48,1350187.168,1349756,1350187.168,1349920,1349756,55.16800000006333,3152,1350187168	ID:1	[INFO: Metric    ] METRIC_RX type=REAL src=3 seq=133 send_ms=1349920 recv_ms=1349756 bytes=48
TX,REAL,6,,131,48,1350990.0,1350902,1350990.0,,,,3154,1350990000	ID:6	[INFO: Metric    ] METRIC_TX type=REAL node=6 seq=131 bytes=48 time_ms=1350902
RX,REAL,,6,131,48,1351002.88,1350571,1351002.88,1350902,1350571,12.879999999888241,3155,1351002880	ID:1	[INFO: Metric    ] METRIC_RX type=REAL src=6 seq=131 send_ms=1350902 recv_ms=1350571 bytes=48
TX,REAL,4,,130,48,1351220.0,1350271,1351220.0,,,,3160,1351220000	ID:4	[INFO: Metric    ] METRIC_TX type=REAL node=4 seq=130 bytes=48 time_ms=1350271
RX,REAL,,4,130,48,1351266.168,1350835,1351266.168,1350271,1350835,46.16800000006333,3161,1351266168	ID:1	[INFO: Metric    ] METRIC_RX type=REAL src=4 seq=130 send_ms=1350271 recv_ms=1350835 bytes=48
TX,REAL,7,,134,48,1356209.0,1356187,1356209.0,,,,3163,1356209000	ID:7	[INFO: Metric    ] METRIC_TX type=REAL node=7 seq=134 bytes=48 time_ms=1356187
RX,REAL,,7,134,48,1356216.88,1355785,1356216.88,1356187,1355785,7.879999999888241,3164,1356216880	ID:1	[INFO: Metric    ] METRIC_RX type=REAL src=7 seq=134 send_ms=1356187 recv_ms=1355785 bytes=48
TX,REAL,2,,133,48,1356524.0,1356131,1356524.0,,,,3166,1356524000	ID:2	[INFO: Metric    ] METRIC_TX type=REAL node=2 seq=133 bytes=48 time_ms=1356131
TX,DUMMY,2,,24,48,1356525.0,1356132,1356525.0,,,,3167,1356525000	ID:2	[INFO: Metric    ] METRIC_TX type=DUMMY node=2 seq=24 bytes=48 time_ms=1356132
RX,REAL,,2,133,48,1356553.88,1356122,1356553.88,1356131,1356122,29.87999999988824,3168,1356553880	ID:1	[INFO: Metric    ] METRIC_RX type=REAL src=2 seq=133 send_ms=1356131 recv_ms=1356122 bytes=48
RX,DUMMY,,2,24,48,1356599.88,1356168,1356599.88,1356132,1356168,,3170,1356599880	ID:1	[INFO: Metric    ] METRIC_RX type=DUMMY src=2 seq=24 send_ms=1356132 recv_ms=1356168 bytes=48
TX,REAL,5,,131,48,1357211.0,1356241,1357211.0,,,,3172,1357211000	ID:5	[INFO: Metric    ] METRIC_TX type=REAL node=5 seq=131 bytes=48 time_ms=1356241
RX,REAL,,5,131,48,1357289.168,1356858,1357289.168,1356241,1356858,78.16800000006333,3173,1357289168	ID:1	[INFO: Metric    ] METRIC_RX type=REAL src=5 seq=131 send_ms=1356241 recv_ms=1356858 bytes=48
TX,REAL,6,,132,48,1359991.0,1359903,1359991.0,,,,3175,1359991000	ID:6	[INFO: Metric    ] METRIC_TX type=REAL node=6 seq=132 bytes=48 time_ms=1359903
RX,REAL,,6,132,48,1360033.88,1359602,1360033.88,1359903,1359602,42.87999999988824,3176,1360033880	ID:1	[INFO: Metric    ] METRIC_RX type=REAL src=6 seq=132 send_ms=1359903 recv_ms=1359602 bytes=48
TX,REAL,4,,131,48,1360221.0,1359272,1360221.0,,,,3178,1360221000	ID:4	[INFO: Metric    ] METRIC_TX type=REAL node=4 seq=131 bytes=48 time_ms=1359272
RX,REAL,,4,131,48,1360279.168,1359848,1360279.168,1359272,1359848,58.16800000006333,3179,1360279168	ID:1	[INFO: Metric    ] METRIC_RX type=REAL src=4 seq=131 send_ms=1359272 recv_ms=1359848 bytes=48
TX,REAL,3,,134,48,1361133.0,1360921,1361133.0,,,,3181,1361133000	ID:3	[INFO: Metric    ] METRIC_TX type=REAL node=3 seq=134 bytes=48 time_ms=1360921
RX,REAL,,3,134,48,1361210.168,1360779,1361210.168,1360921,1360779,77.16800000006333,3182,1361210168	ID:1	[INFO: Metric    ] METRIC_RX type=REAL src=3 seq=134 send_ms=1360921 recv_ms=1360779 bytes=48
TX,REAL,2,,134,48,1365526.0,1365133,1365526.0,,,,3184,1365526000	ID:2	[INFO: Metric    ] METRIC_TX type=REAL node=2 seq=134 bytes=48 time_ms=1365133
RX,REAL,,2,134,48,1365564.88,1365133,1365564.88,1365133,1365133,38.87999999988824,3185,1365564880	ID:1	[INFO: Metric    ] METRIC_RX type=REAL src=2 seq=134 send_ms=1365133 recv_ms=1365133 bytes=48
TX,REAL,7,,135,48,1367210.0,1367188,1367210.0,,,,3187,1367210000	ID:7	[INFO: Metric    ] METRIC_TX type=REAL node=7 seq=135 bytes=48 time_ms=1367188
RX,REAL,,7,135,48,1367249.88,1366818,1367249.88,1367188,1366818,39.87999999988824,3188,1367249880	ID:1	[INFO: Metric    ] METRIC_RX type=REAL src=7 seq=135 send_ms=1367188 recv_ms=1366818 bytes=48
TX,REAL,5,,132,48,1368212.0,1367242,1368212.0,,,,3191,1368212000	ID:5	[INFO: Metric    ] METRIC_TX type=REAL node=5 seq=132 bytes=48 time_ms=1367242
RX,REAL,,5,132,48,1368244.168,1367813,1368244.168,1367242,1367813,32.16800000006333,3192,1368244168	ID:1	[INFO: Metric    ] METRIC_RX type=REAL src=5 seq=132 send_ms=1367242 recv_ms=1367813 bytes=48
TX,REAL,6,,133,48,1368992.0,1368904,1368992.0,,,,3194,1368992000	ID:6	[INFO: Metric    ] METRIC_TX type=REAL node=6 seq=133 bytes=48 time_ms=1368904
RX,REAL,,6,133,48,1369005.88,1368574,1369005.88,1368904,1368574,13.879999999888241,3195,1369005880	ID:1	[INFO: Metric    ] METRIC_RX type=REAL src=6 seq=133 send_ms=1368904 recv_ms=1368574 bytes=48
TX,REAL,3,,135,48,1371134.0,1370922,1371134.0,,,,3197,1371134000	ID:3	[INFO: Metric    ] METRIC_TX type=REAL node=3 seq=135 bytes=48 time_ms=1370922
RX,REAL,,3,135,48,1371151.168,1370720,1371151.168,1370922,1370720,17.16800000006333,3198,1371151168	ID:1	[INFO: Metric    ] METRIC_RX type=REAL src=3 seq=135 send_ms=1370922 recv_ms=1370720 bytes=48
TX,REAL,4,,132,48,1371222.0,1370273,1371222.0,,,,3200,1371222000	ID:4	[INFO: Metric    ] METRIC_TX type=REAL node=4 seq=132 bytes=48 time_ms=1370273
RX,REAL,,4,132,48,1371283.168,1370852,1371283.168,1370273,1370852,61.16800000006333,3201,1371283168	ID:1	[INFO: Metric    ] METRIC_RX type=REAL src=4 seq=132 send_ms=1370273 recv_ms=1370852 bytes=48
TX,REAL,2,,135,48,1375527.0,1375134,1375527.0,,,,3203,1375527000	ID:2	[INFO: Metric    ] METRIC_TX type=REAL node=2 seq=135 bytes=48 time_ms=1375134
RX,REAL,,2,135,48,1375542.88,1375111,1375542.88,1375134,1375111,15.879999999888241,3204,1375542880	ID:1	[INFO: Metric    ] METRIC_RX type=REAL src=2 seq=135 send_ms=1375134 recv_ms=1375111 bytes=48
TX,REAL,7,,136,48,1377211.0,1377189,1377211.0,,,,3206,1377211000	ID:7	[INFO: Metric    ] METRIC_TX type=REAL node=7 seq=136 bytes=48 time_ms=1377189
RX,REAL,,7,136,48,1377239.88,1376808,1377239.88,1377189,1376808,28.87999999988824,3207,1377239880	ID:1	[INFO: Metric    ] METRIC_RX type=REAL src=7 seq=136 send_ms=1377189 recv_ms=1376808 bytes=48
TX,REAL,5,,133,48,1378213.0,1377243,1378213.0,,,,3209,1378213000	ID:5	[INFO: Metric    ] METRIC_TX type=REAL node=5 seq=133 bytes=48 time_ms=1377243
RX,REAL,,5,133,48,1378276.168,1377845,1378276.168,1377243,1377845,63.16800000006333,3210,1378276168	ID:1	[INFO: Metric    ] METRIC_RX type=REAL src=5 seq=133 send_ms=1377243 recv_ms=1377845 bytes=48
TX,REAL,6,,134,48,1379993.0,1379905,1379993.0,,,,3212,1379993000	ID:6	[INFO: Metric    ] METRIC_TX type=REAL node=6 seq=134 bytes=48 time_ms=1379905
RX,REAL,,6,134,48,1380019.88,1379588,1380019.88,1379905,1379588,26.87999999988824,3213,1380019880	ID:1	[INFO: Metric    ] METRIC_RX type=REAL src=6 seq=134 send_ms=1379905 recv_ms=1379588 bytes=48
TX,REAL,4,,133,48,1380223.0,1379274,1380223.0,,,,3215,1380223000	ID:4	[INFO: Metric    ] METRIC_TX type=REAL node=4 seq=133 bytes=48 time_ms=1379274
RX,REAL,,4,133,48,1380256.168,1379825,1380256.168,1379274,1379825,33.16800000006333,3216,1380256168	ID:1	[INFO: Metric    ] METRIC_RX type=REAL src=4 seq=133 send_ms=1379274 recv_ms=1379825 bytes=48
TX,REAL,3,,136,48,1382135.0,1381923,1382135.0,,,,3218,1382135000	ID:3	[INFO: Metric    ] METRIC_TX type=REAL node=3 seq=136 bytes=48 time_ms=1381923
RX,REAL,,3,136,48,1382175.168,1381744,1382175.168,1381923,1381744,40.16800000006333,3219,1382175168	ID:1	[INFO: Metric    ] METRIC_RX type=REAL src=3 seq=136 send_ms=1381923 recv_ms=1381744 bytes=48
TX,REAL,2,,136,48,1384528.0,1384135,1384528.0,,,,3222,1384528000	ID:2	[INFO: Metric    ] METRIC_TX type=REAL node=2 seq=136 bytes=48 time_ms=1384135
RX,REAL,,2,136,48,1384547.88,1384116,1384547.88,1384135,1384116,19.87999999988824,3223,1384547880	ID:1	[INFO: Metric    ] METRIC_RX type=REAL src=2 seq=136 send_ms=1384135 recv_ms=1384116 bytes=48
TX,REAL,7,,137,48,1387212.0,1387190,1387212.0,,,,3225,1387212000	ID:7	[INFO: Metric    ] METRIC_TX type=REAL node=7 seq=137 bytes=48 time_ms=1387190
RX,REAL,,7,137,48,1387249.88,1386818,1387249.88,1387190,1386818,37.87999999988824,3226,1387249880	ID:1	[INFO: Metric    ] METRIC_RX type=REAL src=7 seq=137 send_ms=1387190 recv_ms=1386818 bytes=48
TX,REAL,5,,134,48,1388214.0,1387244,1388214.0,,,,3228,1388214000	ID:5	[INFO: Metric    ] METRIC_TX type=REAL node=5 seq=134 bytes=48 time_ms=1387244
RX,REAL,,5,134,48,1388286.168,1387855,1388286.168,1387244,1387855,72.16800000006333,3229,1388286168	ID:1	[INFO: Metric    ] METRIC_RX type=REAL src=5 seq=134 send_ms=1387244 recv_ms=1387855 bytes=48
TX,REAL,6,,135,48,1390994.0,1390906,1390994.0,,,,3231,1390994000	ID:6	[INFO: Metric    ] METRIC_TX type=REAL node=6 seq=135 bytes=48 time_ms=1390906
RX,REAL,,6,135,48,1391024.88,1390593,1391024.88,1390906,1390593,30.87999999988824,3232,1391024880	ID:1	[INFO: Metric    ] METRIC_RX type=REAL src=6 seq=135 send_ms=1390906 recv_ms=1390593 bytes=48
TX,REAL,3,,137,48,1391136.0,1390924,1391136.0,,,,3234,1391136000	ID:3	[INFO: Metric    ] METRIC_TX type=REAL node=3 seq=137 bytes=48 time_ms=1390924
RX,REAL,,3,137,48,1391215.168,1390784,1391215.168,1390924,1390784,79.16800000006333,3235,1391215168	ID:1	[INFO: Metric    ] METRIC_RX type=REAL src=3 seq=137 send_ms=1390924 recv_ms=1390784 bytes=48
TX,REAL,4,,134,48,1391224.0,1390275,1391224.0,,,,3236,1391224000	ID:4	[INFO: Metric    ] METRIC_TX type=REAL node=4 seq=134 bytes=48 time_ms=1390275
RX,REAL,,4,134,48,1391238.304,1390807,1391238.304,1390275,1390807,14.304000000003725,3237,1391238304	ID:1	[INFO: Metric    ] METRIC_RX type=REAL src=4 seq=134 send_ms=1390275 recv_ms=1390807 bytes=48
TX,REAL,2,,137,48,1393529.0,1393136,1393529.0,,,,3240,1393529000	ID:2	[INFO: Metric    ] METRIC_TX type=REAL node=2 seq=137 bytes=48 time_ms=1393136
RX,REAL,,2,137,48,1393550.88,1393119,1393550.88,1393136,1393119,21.87999999988824,3241,1393550880	ID:1	[INFO: Metric    ] METRIC_RX type=REAL src=2 seq=137 send_ms=1393136 recv_ms=1393119 bytes=48
TX,REAL,7,,138,48,1396213.0,1396191,1396213.0,,,,3243,1396213000	ID:7	[INFO: Metric    ] METRIC_TX type=REAL node=7 seq=138 bytes=48 time_ms=1396191
RX,REAL,,7,138,48,1396245.88,1395814,1396245.88,1396191,1395814,32.87999999988824,3244,1396245880	ID:1	[INFO: Metric    ] METRIC_RX type=REAL src=7 seq=138 send_ms=1396191 recv_ms=1395814 bytes=48
TX,REAL,5,,135,48,1397215.0,1396245,1397215.0,,,,3246,1397215000	ID:5	[INFO: Metric    ] METRIC_TX type=REAL node=5 seq=135 bytes=48 time_ms=1396245
RX,REAL,,5,135,48,1397268.168,1396837,1397268.168,1396245,1396837,53.16800000006333,3247,1397268168	ID:1	[INFO: Metric    ] METRIC_RX type=REAL src=5 seq=135 send_ms=1396245 recv_ms=1396837 bytes=48
TX,REAL,3,,138,48,1400137.0,1399925,1400137.0,,,,3249,1400137000	ID:3	[INFO: Metric    ] METRIC_TX type=REAL node=3 seq=138 bytes=48 time_ms=1399925
TX,DUMMY,3,,23,48,1400138.0,1399926,1400138.0,,,,3250,1400138000	ID:3	[INFO: Metric    ] METRIC_TX type=DUMMY node=3 seq=23 bytes=48 time_ms=1399926
RX,REAL,,3,138,48,1400190.168,1399759,1400190.168,1399925,1399759,53.16800000006333,3251,1400190168	ID:1	[INFO: Metric    ] METRIC_RX type=REAL src=3 seq=138 send_ms=1399925 recv_ms=1399759 bytes=48
RX,DUMMY,,3,23,48,1400221.168,1399790,1400221.168,1399926,1399790,,3253,1400221168	ID:1	[INFO: Metric    ] METRIC_RX type=DUMMY src=3 seq=23 send_ms=1399926 recv_ms=1399790 bytes=48
TX,REAL,6,,136,48,1401995.0,1401907,1401995.0,,,,3256,1401995000	ID:6	[INFO: Metric    ] METRIC_TX type=REAL node=6 seq=136 bytes=48 time_ms=1401907
TX,DUMMY,6,,33,48,1401996.0,1401908,1401996.0,,,,3257,1401996000	ID:6	[INFO: Metric    ] METRIC_TX type=DUMMY node=6 seq=33 bytes=48 time_ms=1401908
RX,REAL,,6,136,48,1402011.88,1401580,1402011.88,1401907,1401580,16.87999999988824,3258,1402011880	ID:1	[INFO: Metric    ] METRIC_RX type=REAL src=6 seq=136 send_ms=1401907 recv_ms=1401580 bytes=48
RX,DUMMY,,6,33,48,1402056.88,1401625,1402056.88,1401908,1401625,,3260,1402056880	ID:1	[INFO: Metric    ] METRIC_RX type=DUMMY src=6 seq=33 send_ms=1401908 recv_ms=1401625 bytes=48
TX,REAL,4,,135,48,1402225.0,1401276,1402225.0,,,,3262,1402225000	ID:4	[INFO: Metric    ] METRIC_TX type=REAL node=4 seq=135 bytes=48 time_ms=1401276
RX,REAL,,4,135,48,1402299.168,1401868,1402299.168,1401276,1401868,74.16800000006333,3263,1402299168	ID:1	[INFO: Metric    ] METRIC_RX type=REAL src=4 seq=135 send_ms=1401276 recv_ms=1401868 bytes=48
TX,REAL,2,,138,48,1404530.0,1404137,1404530.0,,,,3265,1404530000	ID:2	[INFO: Metric    ] METRIC_TX type=REAL node=2 seq=138 bytes=48 time_ms=1404137
TX,DUMMY,2,,25,48,1404531.0,1404138,1404531.0,,,,3266,1404531000	ID:2	[INFO: Metric    ] METRIC_TX type=DUMMY node=2 seq=25 bytes=48 time_ms=1404138
RX,REAL,,2,138,48,1404545.88,1404114,1404545.88,1404137,1404114,15.879999999888241,3267,1404545880	ID:1	[INFO: Metric    ] METRIC_RX type=REAL src=2 seq=138 send_ms=1404137 recv_ms=1404114 bytes=48
RX,DUMMY,,2,25,48,1404568.88,1404137,1404568.88,1404138,1404137,,3269,1404568880	ID:1	[INFO: Metric    ] METRIC_RX type=DUMMY src=2 seq=25 send_ms=1404138 recv_ms=1404137 bytes=48
TX,REAL,7,,139,48,1407214.0,1407192,1407214.0,,,,3271,1407214000	ID:7	[INFO: Metric    ] METRIC_TX type=REAL node=7 seq=139 bytes=48 time_ms=1407192
TX,REAL,5,,136,48,1407216.0,1406246,1407216.0,,,,3272,1407216000	ID:5	[INFO: Metric    ] METRIC_TX type=REAL node=5 seq=136 bytes=48 time_ms=1406246
RX,REAL,,7,139,48,1407238.88,1406807,1407238.88,1407192,1406807,24.87999999988824,3273,1407238880	ID:1	[INFO: Metric    ] METRIC_RX type=REAL src=7 seq=139 send_ms=1407192 recv_ms=1406807 bytes=48
RX,REAL,,5,136,48,1407320.168,1406889,1407320.168,1406246,1406889,104.16800000006333,3275,1407320168	ID:1	[INFO: Metric    ] METRIC_RX type=REAL src=5 seq=136 send_ms=1406246 recv_ms=1406889 bytes=48
TX,REAL,3,,139,48,1411139.0,1410927,1411139.0,,,,3277,1411139000	ID:3	[INFO: Metric    ] METRIC_TX type=REAL node=3 seq=139 bytes=48 time_ms=1410927
RX,REAL,,3,139,48,1411205.168,1410774,1411205.168,1410927,1410774,66.16800000006333,3278,1411205168	ID:1	[INFO: Metric    ] METRIC_RX type=REAL src=3 seq=139 send_ms=1410927 recv_ms=1410774 bytes=48
TX,REAL,4,,136,48,1411226.0,1410277,1411226.0,,,,3279,1411226000	ID:4	[INFO: Metric    ] METRIC_TX type=REAL node=4 seq=136 bytes=48 time_ms=1410277
RX,REAL,,4,136,48,1411319.168,1410888,1411319.168,1410277,1410888,93.16800000006333,3281,1411319168	ID:1	[INFO: Metric    ] METRIC_RX type=REAL src=4 seq=136 send_ms=1410277 recv_ms=1410888 bytes=48
TX,REAL,6,,137,48,1411997.0,1411909,1411997.0,,,,3284,1411997000	ID:6	[INFO: Metric    ] METRIC_TX type=REAL node=6 seq=137 bytes=48 time_ms=1411909
RX,REAL,,6,137,48,1412035.88,1411604,1412035.88,1411909,1411604,38.87999999988824,3285,1412035880	ID:1	[INFO: Metric    ] METRIC_RX type=REAL src=6 seq=137 send_ms=1411909 recv_ms=1411604 bytes=48
TX,REAL,2,,139,48,1413532.0,1413139,1413532.0,,,,3287,1413532000	ID:2	[INFO: Metric    ] METRIC_TX type=REAL node=2 seq=139 bytes=48 time_ms=1413139
TX,DUMMY,2,,26,48,1413533.0,1413140,1413533.0,,,,3288,1413533000	ID:2	[INFO: Metric    ] METRIC_TX type=DUMMY node=2 seq=26 bytes=48 time_ms=1413140
RX,REAL,,2,139,48,1413553.88,1413122,1413553.88,1413139,1413122,21.87999999988824,3289,1413553880	ID:1	[INFO: Metric    ] METRIC_RX type=REAL src=2 seq=139 send_ms=1413139 recv_ms=1413122 bytes=48
RX,DUMMY,,2,26,48,1413571.88,1413140,1413571.88,1413140,1413140,,3290,1413571880	ID:1	[INFO: Metric    ] METRIC_RX type=DUMMY src=2 seq=26 send_ms=1413140 recv_ms=1413140 bytes=48
TX,REAL,7,,140,48,1416215.0,1416193,1416215.0,,,,3295,1416215000	ID:7	[INFO: Metric    ] METRIC_TX type=REAL node=7 seq=140 bytes=48 time_ms=1416193
TX,REAL,5,,137,48,1416217.0,1415247,1416217.0,,,,3296,1416217000	ID:5	[INFO: Metric    ] METRIC_TX type=REAL node=5 seq=137 bytes=48 time_ms=1415247
TX,DUMMY,5,,27,48,1416218.0,1415248,1416218.0,,,,3297,1416218000	ID:5	[INFO: Metric    ] METRIC_TX type=DUMMY node=5 seq=27 bytes=48 time_ms=1415248
RX,REAL,,7,140,48,1416253.88,1415822,1416253.88,1416193,1415822,38.87999999988824,3298,1416253880	ID:1	[INFO: Metric    ] METRIC_RX type=REAL src=7 seq=140 send_ms=1416193 recv_ms=1415822 bytes=48
RX,REAL,,5,137,48,1416292.168,1415861,1416292.168,1415247,1415861,75.16800000006333,3299,1416292168	ID:1	[INFO: Metric    ] METRIC_RX type=REAL src=5 seq=137 send_ms=1415247 recv_ms=1415861 bytes=48
RX,DUMMY,,5,27,48,1416327.168,1415896,1416327.168,1415248,1415896,,3301,1416327168	ID:1	[INFO: Metric    ] METRIC_RX type=DUMMY src=5 seq=27 send_ms=1415248 recv_ms=1415896 bytes=48
TX,REAL,3,,140,48,1420140.0,1419928,1420140.0,,,,3306,1420140000	ID:3	[INFO: Metric    ] METRIC_TX type=REAL node=3 seq=140 bytes=48 time_ms=1419928
RX,REAL,,3,140,48,1420198.168,1419767,1420198.168,1419928,1419767,58.16800000006333,3307,1420198168	ID:1	[INFO: Metric    ] METRIC_RX type=REAL src=3 seq=140 send_ms=1419928 recv_ms=1419767 bytes=48
TX,REAL,6,,138,48,1420998.0,1420910,1420998.0,,,,3309,1420998000	ID:6	[INFO: Metric    ] METRIC_TX type=REAL node=6 seq=138 bytes=48 time_ms=1420910
RX,REAL,,6,138,48,1421014.88,1420583,1421014.88,1420910,1420583,16.87999999988824,3310,1421014880	ID:1	[INFO: Metric    ] METRIC_RX type=REAL src=6 seq=138 send_ms=1420910 recv_ms=1420583 bytes=48
TX,REAL,4,,137,48,1421227.0,1420278,1421227.0,,,,3312,1421227000	ID:4	[INFO: Metric    ] METRIC_TX type=REAL node=4 seq=137 bytes=48 time_ms=1420278
RX,REAL,,4,137,48,1421296.168,1420865,1421296.168,1420278,1420865,69.16800000006333,3313,1421296168	ID:1	[INFO: Metric    ] METRIC_RX type=REAL src=4 seq=137 send_ms=1420278 recv_ms=1420865 bytes=48
TX,REAL,2,,140,48,1422534.0,1422141,1422534.0,,,,3317,1422534000	ID:2	[INFO: Metric    ] METRIC_TX type=REAL node=2 seq=140 bytes=48 time_ms=1422141
TX,DUMMY,2,,27,48,1422535.0,1422142,1422535.0,,,,3318,1422535000	ID:2	[INFO: Metric    ] METRIC_TX type=DUMMY node=2 seq=27 bytes=48 time_ms=1422142
RX,REAL,,2,140,48,1422579.88,1422148,1422579.88,1422141,1422148,45.87999999988824,3319,1422579880	ID:1	[INFO: Metric    ] METRIC_RX type=REAL src=2 seq=140 send_ms=1422141 recv_ms=1422148 bytes=48
RX,DUMMY,,2,27,48,1422618.88,1422187,1422618.88,1422142,1422187,,3322,1422618880	ID:1	[INFO: Metric    ] METRIC_RX type=DUMMY src=2 seq=27 send_ms=1422142 recv_ms=1422187 bytes=48
TX,REAL,7,,141,48,1425216.0,1425194,1425216.0,,,,3324,1425216000	ID:7	[INFO: Metric    ] METRIC_TX type=REAL node=7 seq=141 bytes=48 time_ms=1425194
RX,REAL,,7,141,48,1425237.88,1424806,1425237.88,1425194,1424806,21.87999999988824,3325,1425237880	ID:1	[INFO: Metric    ] METRIC_RX type=REAL src=7 seq=141 send_ms=1425194 recv_ms=1424806 bytes=48
TX,REAL,5,,138,48,1426219.0,1425249,1426219.0,,,,3327,1426219000	ID:5	[INFO: Metric    ] METRIC_TX type=REAL node=5 seq=138 bytes=48 time_ms=1425249
RX,REAL,,5,138,48,1426242.168,1425811,1426242.168,1425249,1425811,23.16800000006333,3328,1426242168	ID:1	[INFO: Metric    ] METRIC_RX type=REAL src=5 seq=138 send_ms=1425249 recv_ms=1425811 bytes=48
TX,REAL,3,,141,48,1430141.0,1429929,1430141.0,,,,3330,1430141000	ID:3	[INFO: Metric    ] METRIC_TX type=REAL node=3 seq=141 bytes=48 time_ms=1429929
RX,REAL,,3,141,48,1430177.168,1429746,1430177.168,1429929,1429746,36.16800000006333,3331,1430177168	ID:1	[INFO: Metric    ] METRIC_RX type=REAL src=3 seq=141 send_ms=1429929 recv_ms=1429746 bytes=48
TX,REAL,6,,139,48,1430999.0,1430911,1430999.0,,,,3333,1430999000	ID:6	[INFO: Metric    ] METRIC_TX type=REAL node=6 seq=139 bytes=48 time_ms=1430911
RX,REAL,,6,139,48,1431025.88,1430594,1431025.88,1430911,1430594,26.87999999988824,3334,1431025880	ID:1	[INFO: Metric    ] METRIC_RX type=REAL src=6 seq=139 send_ms=1430911 recv_ms=1430594 bytes=48
TX,REAL,2,,141,48,1431536.0,1431143,1431536.0,,,,3336,1431536000	ID:2	[INFO: Metric    ] METRIC_TX type=REAL node=2 seq=141 bytes=48 time_ms=1431143
RX,REAL,,2,141,48,1431577.88,1431146,1431577.88,1431143,1431146,41.87999999988824,3337,1431577880	ID:1	[INFO: Metric    ] METRIC_RX type=REAL src=2 seq=141 send_ms=1431143 recv_ms=1431146 bytes=48
TX,REAL,4,,138,48,1432228.0,1431279,1432228.0,,,,3339,1432228000	ID:4	[INFO: Metric    ] METRIC_TX type=REAL node=4 seq=138 bytes=48 time_ms=1431279
TX,DUMMY,4,,19,48,1432229.0,1431280,1432229.0,,,,3340,1432229000	ID:4	[INFO: Metric    ] METRIC_TX type=DUMMY node=4 seq=19 bytes=48 time_ms=1431280
RX,REAL,,4,138,48,1432277.304,1431846,1432277.304,1431279,1431846,49.304000000003725,3341,1432277304	ID:1	[INFO: Metric    ] METRIC_RX type=REAL src=4 seq=138 send_ms=1431279 recv_ms=1431846 bytes=48
RX,DUMMY,,4,19,48,1432324.592,1431893,1432324.592,1431280,1431893,,3343,1432324592	ID:1	[INFO: Metric    ] METRIC_RX type=DUMMY src=4 seq=19 send_ms=1431280 recv_ms=1431893 bytes=48
TX,REAL,5,,139,48,1435220.0,1434250,1435220.0,,,,3345,1435220000	ID:5	[INFO: Metric    ] METRIC_TX type=REAL node=5 seq=139 bytes=48 time_ms=1434250
RX,REAL,,5,139,48,1435250.304,1434819,1435250.304,1434250,1434819,30.304000000003725,3346,1435250304	ID:1	[INFO: Metric    ] METRIC_RX type=REAL src=5 seq=139 send_ms=1434250 recv_ms=1434819 bytes=48
TX,REAL,7,,142,48,1436217.0,1436195,1436217.0,,,,3348,1436217000	ID:7	[INFO: Metric    ] METRIC_TX type=REAL node=7 seq=142 bytes=48 time_ms=1436195
RX,REAL,,7,142,48,1436241.88,1435810,1436241.88,1436195,1435810,24.87999999988824,3349,1436241880	ID:1	[INFO: Metric    ] METRIC_RX type=REAL src=7 seq=142 send_ms=1436195 recv_ms=1435810 bytes=48
TX,REAL,3,,142,48,1441142.0,1440930,1441142.0,,,,3352,1441142000	ID:3	[INFO: Metric    ] METRIC_TX type=REAL node=3 seq=142 bytes=48 time_ms=1440930
TX,DUMMY,3,,24,48,1441143.0,1440931,1441143.0,,,,3353,1441143000	ID:3	[INFO: Metric    ] METRIC_TX type=DUMMY node=3 seq=24 bytes=48 time_ms=1440931
RX,REAL,,3,142,48,1441195.168,1440764,1441195.168,1440930,1440764,53.16800000006333,3354,1441195168	ID:1	[INFO: Metric    ] METRIC_RX type=REAL src=3 seq=142 send_ms=1440930 recv_ms=1440764 bytes=48
RX,DUMMY,,3,24,48,1441231.592,1440800,1441231.592,1440931,1440800,,3356,1441231592	ID:1	[INFO: Metric    ] METRIC_RX type=DUMMY src=3 seq=24 send_ms=1440931 recv_ms=1440800 bytes=48
TX,REAL,6,,140,48,1442000.0,1441912,1442000.0,,,,3360,1442000000	ID:6	[INFO: Metric    ] METRIC_TX type=REAL node=6 seq=140 bytes=48 time_ms=1441912
RX,REAL,,6,140,48,1442041.88,1441610,1442041.88,1441912,1441610,41.87999999988824,3361,1442041880	ID:1	[INFO: Metric    ] METRIC_RX type=REAL src=6 seq=140 send_ms=1441912 recv_ms=1441610 bytes=48
TX,REAL,2,,142,48,1442537.0,1442144,1442537.0,,,,3363,1442537000	ID:2	[INFO: Metric    ] METRIC_TX type=REAL node=2 seq=142 bytes=48 time_ms=1442144
TX,DUMMY,2,,28,48,1442538.0,1442145,1442538.0,,,,3364,1442538000	ID:2	[INFO: Metric    ] METRIC_TX type=DUMMY node=2 seq=28 bytes=48 time_ms=1442145
RX,REAL,,2,142,48,1442568.88,1442137,1442568.88,1442144,1442137,31.87999999988824,3365,1442568880	ID:1	[INFO: Metric    ] METRIC_RX type=REAL src=2 seq=142 send_ms=1442144 recv_ms=1442137 bytes=48
RX,DUMMY,,2,28,48,1442581.88,1442150,1442581.88,1442145,1442150,,3366,1442581880	ID:1	[INFO: Metric    ] METRIC_RX type=DUMMY src=2 seq=28 send_ms=1442145 recv_ms=1442150 bytes=48
TX,REAL,4,,139,48,1443230.0,1442281,1443230.0,,,,3369,1443230000	ID:4	[INFO: Metric    ] METRIC_TX type=REAL node=4 seq=139 bytes=48 time_ms=1442281
RX,REAL,,4,139,48,1443278.168,1442847,1443278.168,1442281,1442847,48.16800000006333,3370,1443278168	ID:1	[INFO: Metric    ] METRIC_RX type=REAL src=4 seq=139 send_ms=1442281 recv_ms=1442847 bytes=48
TX,REAL,7,,143,48,1446218.0,1446196,1446218.0,,,,3372,1446218000	ID:7	[INFO: Metric    ] METRIC_TX type=REAL node=7 seq=143 bytes=48 time_ms=1446196
TX,DUMMY,7,,20,48,1446219.0,1446197,1446219.0,,,,3373,1446219000	ID:7	[INFO: Metric    ] METRIC_TX type=DUMMY node=7 seq=20 bytes=48 time_ms=1446197
TX,REAL,5,,140,48,1446221.0,1445251,1446221.0,,,,3376,1446221000	ID:5	[INFO: Metric    ] METRIC_TX type=REAL node=5 seq=140 bytes=48 time_ms=1445251
TX,DUMMY,5,,28,48,1446222.0,1445252,1446222.0,,,,3377,1446222000	ID:5	[INFO: Metric    ] METRIC_TX type=DUMMY node=5 seq=28 bytes=48 time_ms=1445252
RX,REAL,,7,143,48,1446281.88,1445850,1446281.88,1446196,1445850,63.87999999988824,3378,1446281880	ID:1	[INFO: Metric    ] METRIC_RX type=REAL src=7 seq=143 send_ms=1446196 recv_ms=1445850 bytes=48
RX,REAL,,5,140,48,1446348.168,1445917,1446348.168,1445251,1445917,127.16800000006333,3379,1446348168	ID:1	[INFO: Metric    ] METRIC_RX type=REAL src=5 seq=140 send_ms=1445251 recv_ms=1445917 bytes=48
RX,DUMMY,,5,28,48,1446373.168,1445942,1446373.168,1445252,1445942,,3380,1446373168	ID:1	[INFO: Metric    ] METRIC_RX type=DUMMY src=5 seq=28 send_ms=1445252 recv_ms=1445942 bytes=48
RX,DUMMY,,7,20,48,1446385.88,1445954,1446385.88,1446197,1445954,,3381,1446385880	ID:1	[INFO: Metric    ] METRIC_RX type=DUMMY src=7 seq=20 send_ms=1446197 recv_ms=1445954 bytes=48
TX,REAL,3,,143,48,1452144.0,1451932,1452144.0,,,,3387,1452144000	ID:3	[INFO: Metric    ] METRIC_TX type=REAL node=3 seq=143 bytes=48 time_ms=1451932
RX,REAL,,3,143,48,1452208.168,1451777,1452208.168,1451932,1451777,64.16800000006333,3388,1452208168	ID:1	[INFO: Metric    ] METRIC_RX type=REAL src=3 seq=143 send_ms=1451932 recv_ms=1451777 bytes=48
TX,REAL,2,,143,48,1452539.0,1452146,1452539.0,,,,3390,1452539000	ID:2	[INFO: Metric    ] METRIC_TX type=REAL node=2 seq=143 bytes=48 time_ms=1452146
RX,REAL,,2,143,48,1452578.88,1452147,1452578.88,1452146,1452147,39.87999999988824,3391,1452578880	ID:1	[INFO: Metric    ] METRIC_RX type=REAL src=2 seq=143 send_ms=1452146 recv_ms=1452147 bytes=48
TX,REAL,6,,141,48,1453001.0,1452913,1453001.0,,,,3393,1453001000	ID:6	[INFO: Metric    ] METRIC_TX type=REAL node=6 seq=141 bytes=48 time_ms=1452913
RX,REAL,,6,141,48,1453040.88,1452609,1453040.88,1452913,1452609,39.87999999988824,3394,1453040880	ID:1	[INFO: Metric    ] METRIC_RX type=REAL src=6 seq=141 send_ms=1452913 recv_ms=1452609 bytes=48
TX,REAL,4,,140,48,1454231.0,1453282,1454231.0,,,,3398,1454231000	ID:4	[INFO: Metric    ] METRIC_TX type=REAL node=4 seq=140 bytes=48 time_ms=1453282
RX,REAL,,4,140,48,1454248.168,1453817,1454248.168,1453282,1453817,17.16800000006333,3399,1454248168	ID:1	[INFO: Metric    ] METRIC_RX type=REAL src=4 seq=140 send_ms=1453282 recv_ms=1453817 bytes=48
TX,REAL,7,,144,48,1455220.0,1455198,1455220.0,,,,3401,1455220000	ID:7	[INFO: Metric    ] METRIC_TX type=REAL node=7 seq=144 bytes=48 time_ms=1455198
RX,REAL,,7,144,48,1455242.88,1454811,1455242.88,1455198,1454811,22.87999999988824,3402,1455242880	ID:1	[INFO: Metric    ] METRIC_RX type=REAL src=7 seq=144 send_ms=1455198 recv_ms=1454811 bytes=48
TX,REAL,5,,141,48,1456223.0,1455253,1456223.0,,,,3404,1456223000	ID:5	[INFO: Metric    ] METRIC_TX type=REAL node=5 seq=141 bytes=48 time_ms=1455253
TX,DUMMY,5,,29,48,1456224.0,1455254,1456224.0,,,,3405,1456224000	ID:5	[INFO: Metric    ] METRIC_TX type=DUMMY node=5 seq=29 bytes=48 time_ms=1455254
RX,REAL,,5,141,48,1456259.304,1455828,1456259.304,1455253,1455828,36.304000000003725,3406,1456259304	ID:1	[INFO: Metric    ] METRIC_RX type=REAL src=5 seq=141 send_ms=1455253 recv_ms=1455828 bytes=48
RX,DUMMY,,5,29,48,1456353.168,1455922,1456353.168,1455254,1455922,,3407,1456353168	ID:1	[INFO: Metric    ] METRIC_RX type=DUMMY src=5 seq=29 send_ms=1455254 recv_ms=1455922 bytes=48
TX,REAL,2,,144,48,1462540.0,1462147,1462540.0,,,,3410,1462540000	ID:2	[INFO: Metric    ] METRIC_TX type=REAL node=2 seq=144 bytes=48 time_ms=1462147
RX,REAL,,2,144,48,1462551.88,1462120,1462551.88,1462147,1462120,11.879999999888241,3411,1462551880	ID:1	[INFO: Metric    ] METRIC_RX type=REAL src=2 seq=144 send_ms=1462147 recv_ms=1462120 bytes=48
TX,REAL,6,,142,48,1463002.0,1462914,1463002.0,,,,3413,1463002000	ID:6	[INFO: Metric    ] METRIC_TX type=REAL node=6 seq=142 bytes=48 time_ms=1462914
RX,REAL,,6,142,48,1463015.88,1462584,1463015.88,1462914,1462584,13.879999999888241,3414,1463015880	ID:1	[INFO: Metric    ] METRIC_RX type=REAL src=6 seq=142 send_ms=1462914 recv_ms=1462584 bytes=48
TX,REAL,3,,144,48,1463145.0,1462933,1463145.0,,,,3416,1463145000	ID:3	[INFO: Metric    ] METRIC_TX type=REAL node=3 seq=144 bytes=48 time_ms=1462933
RX,REAL,,3,144,48,1463188.168,1462757,1463188.168,1462933,1462757,43.16800000006333,3417,1463188168	ID:1	[INFO: Metric    ] METRIC_RX type=REAL src=3 seq=144 send_ms=1462933 recv_ms=1462757 bytes=48
TX,REAL,7,,145,48,1464221.0,1464199,1464221.0,,,,3420,1464221000	ID:7	[INFO: Metric    ] METRIC_TX type=REAL node=7 seq=145 bytes=48 time_ms=1464199
TX,REAL,4,,141,48,1464232.0,1463283,1464232.0,,,,3421,1464232000	ID:4	[INFO: Metric    ] METRIC_TX type=REAL node=4 seq=141 bytes=48 time_ms=1463283
RX,REAL,,7,145,48,1464292.88,1463861,1464292.88,1464199,1463861,71.87999999988824,3422,1464292880	ID:1	[INFO: Metric    ] METRIC_RX type=REAL src=7 seq=145 send_ms=1464199 recv_ms=1463861 bytes=48
RX,REAL,,4,141,48,1464315.168,1463884,1464315.168,1463283,1463884,83.16800000006333,3423,1464315168	ID:1	[INFO: Metric    ] METRIC_RX type=REAL src=4 seq=141 send_ms=1463283 recv_ms=1463884 bytes=48
TX,REAL,5,,142,48,1465225.0,1464255,1465225.0,,,,3426,1465225000	ID:5	[INFO: Metric    ] METRIC_TX type=REAL node=5 seq=142 bytes=48 time_ms=1464255
RX,REAL,,5,142,48,1465279.168,1464848,1465279.168,1464255,1464848,54.16800000006333,3427,1465279168	ID:1	[INFO: Metric    ] METRIC_RX type=REAL src=5 seq=142 send_ms=1464255 recv_ms=1464848 bytes=48
TX,REAL,3,,145,48,1472146.0,1471934,1472146.0,,,,3429,1472146000	ID:3	[INFO: Metric    ] METRIC_TX type=REAL node=3 seq=145 bytes=48 time_ms=1471934
RX,REAL,,3,145,48,1472213.168,1471782,1472213.168,1471934,1471782,67.16800000006333,3430,1472213168	ID:1	[INFO: Metric    ] METRIC_RX type=REAL src=3 seq=145 send_ms=1471934 recv_ms=1471782 bytes=48
TX,REAL,2,,145,48,1473541.0,1473148,1473541.0,,,,3432,1473541000	ID:2	[INFO: Metric    ] METRIC_TX type=REAL node=2 seq=145 bytes=48 time_ms=1473148
RX,REAL,,2,145,48,1473548.88,1473117,1473548.88,1473148,1473117,7.879999999888241,3433,1473548880	ID:1	[INFO: Metric    ] METRIC_RX type=REAL src=2 seq=145 send_ms=1473148 recv_ms=1473117 bytes=48
TX,REAL,6,,143,48,1474003.0,1473915,1474003.0,,,,3435,1474003000	ID:6	[INFO: Metric    ] METRIC_TX type=REAL node=6 seq=143 bytes=48 time_ms=1473915
RX,REAL,,6,143,48,1474021.88,1473590,1474021.88,1473915,1473590,18.87999999988824,3436,1474021880	ID:1	[INFO: Metric    ] METRIC_RX type=REAL src=6 seq=143 send_ms=1473915 recv_ms=1473590 bytes=48
TX,REAL,7,,146,48,1474222.0,1474200,1474222.0,,,,3438,1474222000	ID:7	[INFO: Metric    ] METRIC_TX type=REAL node=7 seq=146 bytes=48 time_ms=1474200
TX,REAL,4,,142,48,1474233.0,1473284,1474233.0,,,,3439,1474233000	ID:4	[INFO: Metric    ] METRIC_TX type=REAL node=4 seq=142 bytes=48 time_ms=1473284
RX,REAL,,7,146,48,1474275.88,1473844,1474275.88,1474200,1473844,53.87999999988824,3440,1474275880	ID:1	[INFO: Metric    ] METRIC_RX type=REAL src=7 seq=146 send_ms=1474200 recv_ms=1473844 bytes=48
RX,REAL,,4,142,48,1474322.168,1473891,1474322.168,1473284,1473891,89.16800000006333,3442,1474322168	ID:1	[INFO: Metric    ] METRIC_RX type=REAL src=4 seq=142 send_ms=1473284 recv_ms=1473891 bytes=48
TX,REAL,5,,143,48,1475226.0,1474256,1475226.0,,,,3444,1475226000	ID:5	[INFO: Metric    ] METRIC_TX type=REAL node=5 seq=143 bytes=48 time_ms=1474256
RX,REAL,,5,143,48,1475258.168,1474827,1475258.168,1474256,1474827,32.16800000006333,3445,1475258168	ID:1	[INFO: Metric    ] METRIC_RX type=REAL src=5 seq=143 send_ms=1474256 recv_ms=1474827 bytes=48
TX,REAL,3,,146,48,1482147.0,1481935,1482147.0,,,,3447,1482147000	ID:3	[INFO: Metric    ] METRIC_TX type=REAL node=3 seq=146 bytes=48 time_ms=1481935
RX,REAL,,3,146,48,1482175.168,1481744,1482175.168,1481935,1481744,28.16800000006333,3448,1482175168	ID:1	[INFO: Metric    ] METRIC_RX type=REAL src=3 seq=146 send_ms=1481935 recv_ms=1481744 bytes=48
TX,REAL,6,,144,48,1483004.0,1482916,1483004.0,,,,3451,1483004000	ID:6	[INFO: Metric    ] METRIC_TX type=REAL node=6 seq=144 bytes=48 time_ms=1482916
RX,REAL,,6,144,48,1483040.88,1482609,1483040.88,1482916,1482609,36.87999999988824,3452,1483040880	ID:1	[INFO: Metric    ] METRIC_RX type=REAL src=6 seq=144 send_ms=1482916 recv_ms=1482609 bytes=48
TX,REAL,7,,147,48,1483223.0,1483201,1483223.0,,,,3454,1483223000	ID:7	[INFO: Metric    ] METRIC_TX type=REAL node=7 seq=147 bytes=48 time_ms=1483201
RX,REAL,,7,147,48,1483237.88,1482806,1483237.88,1483201,1482806,14.879999999888241,3455,1483237880	ID:1	[INFO: Metric    ] METRIC_RX type=REAL src=7 seq=147 send_ms=1483201 recv_ms=1482806 bytes=48
TX,REAL,2,,146,48,1484542.0,1484149,1484542.0,,,,3457,1484542000	ID:2	[INFO: Metric    ] METRIC_TX type=REAL node=2 seq=146 bytes=48 time_ms=1484149
RX,REAL,,2,146,48,1484571.88,1484140,1484571.88,1484149,1484140,29.87999999988824,3458,1484571880	ID:1	[INFO: Metric    ] METRIC_RX type=REAL src=2 seq=146 send_ms=1484149 recv_ms=1484140 bytes=48
TX,REAL,5,,144,48,1485227.0,1484257,1485227.0,,,,3460,1485227000	ID:5	[INFO: Metric    ] METRIC_TX type=REAL node=5 seq=144 bytes=48 time_ms=1484257
TX,REAL,4,,143,48,1485234.0,1484285,1485234.0,,,,3461,1485234000	ID:4	[INFO: Metric    ] METRIC_TX type=REAL node=4 seq=143 bytes=48 time_ms=1484285
RX,REAL,,5,144,48,1485249.168,1484818,1485249.168,1484257,1484818,22.16800000006333,3462,1485249168	ID:1	[INFO: Metric    ] METRIC_RX type=REAL src=5 seq=144 send_ms=1484257 recv_ms=1484818 bytes=48
RX,REAL,,4,143,48,1485294.168,1484863,1485294.168,1484285,1484863,60.16800000006333,3463,1485294168	ID:1	[INFO: Metric    ] METRIC_RX type=REAL src=4 seq=143 send_ms=1484285 recv_ms=1484863 bytes=48
TX,REAL,7,,148,48,1492224.0,1492202,1492224.0,,,,3466,1492224000	ID:7	[INFO: Metric    ] METRIC_TX type=REAL node=7 seq=148 bytes=48 time_ms=1492202
RX,REAL,,7,148,48,1492236.88,1491805,1492236.88,1492202,1491805,12.879999999888241,3467,1492236880	ID:1	[INFO: Metric    ] METRIC_RX type=REAL src=7 seq=148 send_ms=1492202 recv_ms=1491805 bytes=48
TX,REAL,6,,145,48,1493005.0,1492917,1493005.0,,,,3469,1493005000	ID:6	[INFO: Metric    ] METRIC_TX type=REAL node=6 seq=145 bytes=48 time_ms=1492917
RX,REAL,,6,145,48,1493010.88,1492579,1493010.88,1492917,1492579,5.879999999888241,3470,1493010880	ID:1	[INFO: Metric    ] METRIC_RX type=REAL src=6 seq=145 send_ms=1492917 recv_ms=1492579 bytes=48
TX,REAL,3,,147,48,1493148.0,1492936,1493148.0,,,,3472,1493148000	ID:3	[INFO: Metric    ] METRIC_TX type=REAL node=3 seq=147 bytes=48 time_ms=1492936
RX,REAL,,3,147,48,1493223.168,1492792,1493223.168,1492936,1492792,75.16800000006333,3473,1493223168	ID:1	[INFO: Metric    ] METRIC_RX type=REAL src=3 seq=147 send_ms=1492936 recv_ms=1492792 bytes=48
TX,REAL,2,,147,48,1493543.0,1493150,1493543.0,,,,3475,1493543000	ID:2	[INFO: Metric    ] METRIC_TX type=REAL node=2 seq=147 bytes=48 time_ms=1493150
RX,REAL,,2,147,48,1493548.88,1493117,1493548.88,1493150,1493117,5.879999999888241,3476,1493548880	ID:1	[INFO: Metric    ] METRIC_RX type=REAL src=2 seq=147 send_ms=1493150 recv_ms=1493117 bytes=48
TX,REAL,5,,145,48,1495228.0,1494258,1495228.0,,,,3478,1495228000	ID:5	[INFO: Metric    ] METRIC_TX type=REAL node=5 seq=145 bytes=48 time_ms=1494258
RX,REAL,,5,145,48,1495276.168,1494845,1495276.168,1494258,1494845,48.16800000006333,3479,1495276168	ID:1	[INFO: Metric    ] METRIC_RX type=REAL src=5 seq=145 send_ms=1494258 recv_ms=1494845 bytes=48
TX,REAL,4,,144,48,1496235.0,1495286,1496235.0,,,,3482,1496235000	ID:4	[INFO: Metric    ] METRIC_TX type=REAL node=4 seq=144 bytes=48 time_ms=1495286
TX,DUMMY,4,,20,48,1496236.0,1495287,1496236.0,,,,3483,1496236000	ID:4	[INFO: Metric    ] METRIC_TX type=DUMMY node=4 seq=20 bytes=48 time_ms=1495287
RX,REAL,,4,144,48,1496292.168,1495861,1496292.168,1495286,1495861,57.16800000006333,3484,1496292168	ID:1	[INFO: Metric    ] METRIC_RX type=REAL src=4 seq=144 send_ms=1495286 recv_ms=1495861 bytes=48
RX,DUMMY,,4,20,48,1496316.168,1495885,1496316.168,1495287,1495885,,3485,1496316168	ID:1	[INFO: Metric    ] METRIC_RX type=DUMMY src=4 seq=20 send_ms=1495287 recv_ms=1495885 bytes=48
TX,REAL,6,,146,48,1502006.0,1501918,1502006.0,,,,3488,1502006000	ID:6	[INFO: Metric    ] METRIC_TX type=REAL node=6 seq=146 bytes=48 time_ms=1501918
TX,DUMMY,6,,34,48,1502007.0,1501919,1502007.0,,,,3489,1502007000	ID:6	[INFO: Metric    ] METRIC_TX type=DUMMY node=6 seq=34 bytes=48 time_ms=1501919
RX,REAL,,6,146,48,1502019.88,1501588,1502019.88,1501918,1501588,13.879999999888241,3490,1502019880	ID:1	[INFO: Metric    ] METRIC_RX type=REAL src=6 seq=146 send_ms=1501918 recv_ms=1501588 bytes=48
RX,DUMMY,,6,34,48,1502045.88,1501614,1502045.88,1501919,1501614,,3491,1502045880	ID:1	[INFO: Metric    ] METRIC_RX type=DUMMY src=6 seq=34 send_ms=1501919 recv_ms=1501614 bytes=48
TX,REAL,3,,148,48,1502149.0,1501937,1502149.0,,,,3494,1502149000	ID:3	[INFO: Metric    ] METRIC_TX type=REAL node=3 seq=148 bytes=48 time_ms=1501937
RX,REAL,,3,148,48,1502204.168,1501773,1502204.168,1501937,1501773,55.16800000006333,3495,1502204168	ID:1	[INFO: Metric    ] METRIC_RX type=REAL src=3 seq=148 send_ms=1501937 recv_ms=1501773 bytes=48
TX,REAL,7,,149,48,1503225.0,1503203,1503225.0,,,,3497,1503225000	ID:7	[INFO: Metric    ] METRIC_TX type=REAL node=7 seq=149 bytes=48 time_ms=1503203
RX,REAL,,7,149,48,1503267.88,1502836,1503267.88,1503203,1502836,42.87999999988824,3498,1503267880	ID:1	[INFO: Metric    ] METRIC_RX type=REAL src=7 seq=149 send_ms=1503203 recv_ms=1502836 bytes=48
TX,REAL,2,,148,48,1503544.0,1503151,1503544.0,,,,3500,1503544000	ID:2	[INFO: Metric    ] METRIC_TX type=REAL node=2 seq=148 bytes=48 time_ms=1503151
RX,REAL,,2,148,48,1503571.88,1503140,1503571.88,1503151,1503140,27.87999999988824,3501,1503571880	ID:1	[INFO: Metric    ] METRIC_RX type=REAL src=2 seq=148 send_ms=1503151 recv_ms=1503140 bytes=48
TX,REAL,5,,146,48,1505229.0,1504259,1505229.0,,,,3503,1505229000	ID:5	[INFO: Metric    ] METRIC_TX type=REAL node=5 seq=146 bytes=48 time_ms=1504259
TX,DUMMY,5,,30,48,1505230.0,1504260,1505230.0,,,,3504,1505230000	ID:5	[INFO: Metric    ] METRIC_TX type=DUMMY node=5 seq=30 bytes=48 time_ms=1504260
TX,REAL,4,,145,48,1505237.0,1504288,1505237.0,,,,3505,1505237000	ID:4	[INFO: Metric    ] METRIC_TX type=REAL node=4 seq=145 bytes=48 time_ms=1504288
TX,DUMMY,4,,21,48,1505238.0,1504289,1505238.0,,,,3506,1505238000	ID:4	[INFO: Metric    ] METRIC_TX type=DUMMY node=4 seq=21 bytes=48 time_ms=1504289
RX,REAL,,4,145,48,1505312.168,1504881,1505312.168,1504288,1504881,75.16800000006333,3507,1505312168	ID:1	[INFO: Metric    ] METRIC_RX type=REAL src=4 seq=145 send_ms=1504288 recv_ms=1504881 bytes=48
RX,REAL,,5,146,48,1505394.168,1504963,1505394.168,1504259,1504963,165.16800000006333,3509,1505394168	ID:1	[INFO: Metric    ] METRIC_RX type=REAL src=5 seq=146 send_ms=1504259 recv_ms=1504963 bytes=48
RX,DUMMY,,5,30,48,1505409.168,1504978,1505409.168,1504260,1504978,,3510,1505409168	ID:1	[INFO: Metric    ] METRIC_RX type=DUMMY src=5 seq=30 send_ms=1504260 recv_ms=1504978 bytes=48
RX,DUMMY,,4,21,48,1505528.168,1505097,1505528.168,1504289,1505097,,3514,1505528168	ID:1	[INFO: Metric    ] METRIC_RX type=DUMMY src=4 seq=21 send_ms=1504289 recv_ms=1505097 bytes=48
TX,REAL,3,,149,48,1511150.0,1510938,1511150.0,,,,3516,1511150000	ID:3	[INFO: Metric    ] METRIC_TX type=REAL node=3 seq=149 bytes=48 time_ms=1510938
TX,DUMMY,3,,25,48,1511151.0,1510939,1511151.0,,,,3517,1511151000	ID:3	[INFO: Metric    ] METRIC_TX type=DUMMY node=3 seq=25 bytes=48 time_ms=1510939
RX,REAL,,3,149,48,1511202.168,1510771,1511202.168,1510938,1510771,52.16800000006333,3518,1511202168	ID:1	[INFO: Metric    ] METRIC_RX type=REAL src=3 seq=149 send_ms=1510938 recv_ms=1510771 bytes=48
RX,DUMMY,,3,25,48,1511254.168,1510823,1511254.168,1510939,1510823,,3519,1511254168	ID:1	[INFO: Metric    ] METRIC_RX type=DUMMY src=3 seq=25 send_ms=1510939 recv_ms=1510823 bytes=48
TX,REAL,7,,150,48,1512226.0,1512204,1512226.0,,,,3524,1512226000	ID:7	[INFO: Metric    ] METRIC_TX type=REAL node=7 seq=150 bytes=48 time_ms=1512204
RX,REAL,,7,150,48,1512236.88,1511805,1512236.88,1512204,1511805,10.879999999888241,3525,1512236880	ID:1	[INFO: Metric    ] METRIC_RX type=REAL src=7 seq=150 send_ms=1512204 recv_ms=1511805 bytes=48
TX,REAL,6,,147,48,1513008.0,1512920,1513008.0,,,,3527,1513008000	ID:6	[INFO: Metric    ] METRIC_TX type=REAL node=6 seq=147 bytes=48 time_ms=1512920
TX,DUMMY,6,,35,48,1513009.0,1512921,1513009.0,,,,3528,1513009000	ID:6	[INFO: Metric    ] METRIC_TX type=DUMMY node=6 seq=35 bytes=48 time_ms=1512921
RX,REAL,,6,147,48,1513053.88,1512622,1513053.88,1512920,1512622,45.87999999988824,3529,1513053880	ID:1	[INFO: Metric    ] METRIC_RX type=REAL src=6 seq=147 send_ms=1512920 recv_ms=1512622 bytes=48
RX,DUMMY,,6,35,48,1513094.88,1512663,1513094.88,1512921,1512663,,3531,1513094880	ID:1	[INFO: Metric    ] METRIC_RX type=DUMMY src=6 seq=35 send_ms=1512921 recv_ms=1512663 bytes=48
TX,REAL,2,,149,48,1513545.0,1513152,1513545.0,,,,3533,1513545000	ID:2	[INFO: Metric    ] METRIC_TX type=REAL node=2 seq=149 bytes=48 time_ms=1513152
RX,REAL,,2,149,48,1513555.88,1513124,1513555.88,1513152,1513124,10.879999999888241,3534,1513555880	ID:1	[INFO: Metric    ] METRIC_RX type=REAL src=2 seq=149 send_ms=1513152 recv_ms=1513124 bytes=48
TX,REAL,4,,146,48,1515239.0,1514290,1515239.0,,,,3536,1515239000	ID:4	[INFO: Metric    ] METRIC_TX type=REAL node=4 seq=146 bytes=48 time_ms=1514290
RX,REAL,,4,146,48,1515276.168,1514845,1515276.168,1514290,1514845,37.16800000006333,3537,1515276168	ID:1	[INFO: Metric    ] METRIC_RX type=REAL src=4 seq=146 send_ms=1514290 recv_ms=1514845 bytes=48
TX,REAL,5,,147,48,1516231.0,1515261,1516231.0,,,,3539,1516231000	ID:5	[INFO: Metric    ] METRIC_TX type=REAL node=5 seq=147 bytes=48 time_ms=1515261
RX,REAL,,5,147,48,1516280.168,1515849,1516280.168,1515261,1515849,49.16800000006333,3540,1516280168	ID:1	[INFO: Metric    ] METRIC_RX type=REAL src=5 seq=147 send_ms=1515261 recv_ms=1515849 bytes=48
TX,REAL,3,,150,48,1521152.0,1520940,1521152.0,,,,3544,1521152000	ID:3	[INFO: Metric    ] METRIC_TX type=REAL node=3 seq=150 bytes=48 time_ms=1520940
RX,REAL,,3,150,48,1521195.168,1520764,1521195.168,1520940,1520764,43.16800000006333,3545,1521195168	ID:1	[INFO: Metric    ] METRIC_RX type=REAL src=3 seq=150 send_ms=1520940 recv_ms=1520764 bytes=48
TX,REAL,6,,148,48,1522010.0,1521922,1522010.0,,,,3548,1522010000	ID:6	[INFO: Metric    ] METRIC_TX type=REAL node=6 seq=148 bytes=48 time_ms=1521922
RX,REAL,,6,148,48,1522050.88,1521619,1522050.88,1521922,1521619,40.87999999988824,3549,1522050880	ID:1	[INFO: Metric    ] METRIC_RX type=REAL src=6 seq=148 send_ms=1521922 recv_ms=1521619 bytes=48
TX,REAL,2,,150,48,1522546.0,1522153,1522546.0,,,,3553,1522546000	ID:2	[INFO: Metric    ] METRIC_TX type=REAL node=2 seq=150 bytes=48 time_ms=1522153
RX,REAL,,2,150,48,1522578.88,1522147,1522578.88,1522153,1522147,32.87999999988824,3554,1522578880	ID:1	[INFO: Metric    ] METRIC_RX type=REAL src=2 seq=150 send_ms=1522153 recv_ms=1522147 bytes=48
TX,REAL,7,,151,48,1523227.0,1523205,1523227.0,,,,3556,1523227000	ID:7	[INFO: Metric    ] METRIC_TX type=REAL node=7 seq=151 bytes=48 time_ms=1523205
TX,DUMMY,7,,21,48,1523228.0,1523206,1523228.0,,,,3557,1523228000	ID:7	[INFO: Metric    ] METRIC_TX type=DUMMY node=7 seq=21 bytes=48 time_ms=1523206
RX,REAL,,7,151,48,1523253.88,1522822,1523253.88,1523205,1522822,26.87999999988824,3558,1523253880	ID:1	[INFO: Metric    ] METRIC_RX type=REAL src=7 seq=151 send_ms=1523205 recv_ms=1522822 bytes=48
RX,DUMMY,,7,21,48,1523299.88,1522868,1523299.88,1523206,1522868,,3560,1523299880	ID:1	[INFO: Metric    ] METRIC_RX type=DUMMY src=7 seq=21 send_ms=1523206 recv_ms=1522868 bytes=48
TX,REAL,4,,147,48,1524240.0,1523291,1524240.0,,,,3562,1524240000	ID:4	[INFO: Metric    ] METRIC_TX type=REAL node=4 seq=147 bytes=48 time_ms=1523291
TX,DUMMY,4,,22,48,1524241.0,1523292,1524241.0,,,,3563,1524241000	ID:4	[INFO: Metric    ] METRIC_TX type=DUMMY node=4 seq=22 bytes=48 time_ms=1523292
RX,REAL,,4,147,48,1524286.168,1523855,1524286.168,1523291,1523855,46.16800000006333,3564,1524286168	ID:1	[INFO: Metric    ] METRIC_RX type=REAL src=4 seq=147 send_ms=1523291 recv_ms=1523855 bytes=48
RX,DUMMY,,4,22,48,1524341.168,1523910,1524341.168,1523292,1523910,,3565,1524341168	ID:1	[INFO: Metric    ] METRIC_RX type=DUMMY src=4 seq=22 send_ms=1523292 recv_ms=1523910 bytes=48
TX,REAL,5,,148,48,1526232.0,1525262,1526232.0,,,,3568,1526232000	ID:5	[INFO: Metric    ] METRIC_TX type=REAL node=5 seq=148 bytes=48 time_ms=1525262
RX,REAL,,5,148,48,1526303.168,1525872,1526303.168,1525262,1525872,71.16800000006333,3569,1526303168	ID:1	[INFO: Metric    ] METRIC_RX type=REAL src=5 seq=148 send_ms=1525262 recv_ms=1525872 bytes=48
TX,REAL,3,,151,48,1530153.0,1529941,1530153.0,,,,3571,1530153000	ID:3	[INFO: Metric    ] METRIC_TX type=REAL node=3 seq=151 bytes=48 time_ms=1529941
RX,REAL,,3,151,48,1530209.168,1529778,1530209.168,1529941,1529778,56.16800000006333,3572,1530209168	ID:1	[INFO: Metric    ] METRIC_RX type=REAL src=3 seq=151 send_ms=1529941 recv_ms=1529778 bytes=48
TX,REAL,6,,149,48,1532011.0,1531923,1532011.0,,,,3574,1532011000	ID:6	[INFO: Metric    ] METRIC_TX type=REAL node=6 seq=149 bytes=48 time_ms=1531923
RX,REAL,,6,149,48,1532053.88,1531622,1532053.88,1531923,1531622,42.87999999988824,3575,1532053880	ID:1	[INFO: Metric    ] METRIC_RX type=REAL src=6 seq=149 send_ms=1531923 recv_ms=1531622 bytes=48
TX,REAL,7,,152,48,1532229.0,1532207,1532229.0,,,,3577,1532229000	ID:7	[INFO: Metric    ] METRIC_TX type=REAL node=7 seq=152 bytes=48 time_ms=1532207
RX,REAL,,7,152,48,1532234.88,1531803,1532234.88,1532207,1531803,5.879999999888241,3578,1532234880	ID:1	[INFO: Metric    ] METRIC_RX type=REAL src=7 seq=152 send_ms=1532207 recv_ms=1531803 bytes=48
TX,REAL,4,,148,48,1533242.0,1532293,1533242.0,,,,3581,1533242000	ID:4	[INFO: Metric    ] METRIC_TX type=REAL node=4 seq=148 bytes=48 time_ms=1532293
TX,DUMMY,4,,23,48,1533243.0,1532294,1533243.0,,,,3582,1533243000	ID:4	[INFO: Metric    ] METRIC_TX type=DUMMY node=4 seq=23 bytes=48 time_ms=1532294
RX,REAL,,4,148,48,1533333.168,1532902,1533333.168,1532293,1532902,91.16800000006333,3583,1533333168	ID:1	[INFO: Metric    ] METRIC_RX type=REAL src=4 seq=148 send_ms=1532293 recv_ms=1532902 bytes=48
RX,DUMMY,,4,23,48,1533357.168,1532926,1533357.168,1532294,1532926,,3584,1533357168	ID:1	[INFO: Metric    ] METRIC_RX type=DUMMY src=4 seq=23 send_ms=1532294 recv_ms=1532926 bytes=48
TX,REAL,2,,151,48,1533547.0,1533154,1533547.0,,,,3587,1533547000	ID:2	[INFO: Metric    ] METRIC_TX type=REAL node=2 seq=151 bytes=48 time_ms=1533154
RX,REAL,,2,151,48,1533585.88,1533154,1533585.88,1533154,1533154,38.87999999988824,3588,1533585880	ID:1	[INFO: Metric    ] METRIC_RX type=REAL src=2 seq=151 send_ms=1533154 recv_ms=1533154 bytes=48
TX,REAL,5,,149,48,1537233.0,1536263,1537233.0,,,,3590,1537233000	ID:5	[INFO: Metric    ] METRIC_TX type=REAL node=5 seq=149 bytes=48 time_ms=1536263
RX,REAL,,5,149,48,1537287.168,1536856,1537287.168,1536263,1536856,54.16800000006333,3591,1537287168	ID:1	[INFO: Metric    ] METRIC_RX type=REAL src=5 seq=149 send_ms=1536263 recv_ms=1536856 bytes=48
TX,REAL,3,,152,48,1539154.0,1538942,1539154.0,,,,3593,1539154000	ID:3	[INFO: Metric    ] METRIC_TX type=REAL node=3 seq=152 bytes=48 time_ms=1538942
RX,REAL,,3,152,48,1539180.168,1538749,1539180.168,1538942,1538749,26.16800000006333,3594,1539180168	ID:1	[INFO: Metric    ] METRIC_RX type=REAL src=3 seq=152 send_ms=1538942 recv_ms=1538749 bytes=48
TX,REAL,6,,150,48,1542012.0,1541924,1542012.0,,,,3598,1542012000	ID:6	[INFO: Metric    ] METRIC_TX type=REAL node=6 seq=150 bytes=48 time_ms=1541924
RX,REAL,,6,150,48,1542038.88,1541607,1542038.88,1541924,1541607,26.87999999988824,3599,1542038880	ID:1	[INFO: Metric    ] METRIC_RX type=REAL src=6 seq=150 send_ms=1541924 recv_ms=1541607 bytes=48
TX,REAL,7,,153,48,1542230.0,1542208,1542230.0,,,,3601,1542230000	ID:7	[INFO: Metric    ] METRIC_TX type=REAL node=7 seq=153 bytes=48 time_ms=1542208
RX,REAL,,7,153,48,1542235.88,1541804,1542235.88,1542208,1541804,5.879999999888241,3602,1542235880	ID:1	[INFO: Metric    ] METRIC_RX type=REAL src=7 seq=153 send_ms=1542208 recv_ms=1541804 bytes=48
TX,REAL,4,,149,48,1542244.0,1541295,1542244.0,,,,3603,1542244000	ID:4	[INFO: Metric    ] METRIC_TX type=REAL node=4 seq=149 bytes=48 time_ms=1541295
TX,DUMMY,4,,24,48,1542244.784,1541296,1542244.784,,,,3604,1542244784	ID:4	[INFO: Metric    ] METRIC_TX type=DUMMY node=4 seq=24 bytes=48 time_ms=1541296
RX,REAL,,4,149,48,1542327.168,1541896,1542327.168,1541295,1541896,83.16800000006333,3606,1542327168	ID:1	[INFO: Metric    ] METRIC_RX type=REAL src=4 seq=149 send_ms=1541295 recv_ms=1541896 bytes=48
RX,DUMMY,,4,24,48,1542334.168,1541903,1542334.168,1541296,1541903,,3607,1542334168	ID:1	[INFO: Metric    ] METRIC_RX type=DUMMY src=4 seq=24 send_ms=1541296 recv_ms=1541903 bytes=48
TX,REAL,2,,152,48,1543548.0,1543155,1543548.0,,,,3610,1543548000	ID:2	[INFO: Metric    ] METRIC_TX type=REAL node=2 seq=152 bytes=48 time_ms=1543155
TX,DUMMY,2,,29,48,1543549.0,1543156,1543549.0,,,,3611,1543549000	ID:2	[INFO: Metric    ] METRIC_TX type=DUMMY node=2 seq=29 bytes=48 time_ms=1543156
RX,REAL,,2,152,48,1543591.88,1543160,1543591.88,1543155,1543160,43.87999999988824,3612,1543591880	ID:1	[INFO: Metric    ] METRIC_RX type=REAL src=2 seq=152 send_ms=1543155 recv_ms=1543160 bytes=48
RX,DUMMY,,2,29,48,1543605.88,1543174,1543605.88,1543156,1543174,,3614,1543605880	ID:1	[INFO: Metric    ] METRIC_RX type=DUMMY src=2 seq=29 send_ms=1543156 recv_ms=1543174 bytes=48
TX,REAL,5,,150,48,1546234.0,1545264,1546234.0,,,,3619,1546234000	ID:5	[INFO: Metric    ] METRIC_TX type=REAL node=5 seq=150 bytes=48 time_ms=1545264
RX,REAL,,5,150,48,1546286.168,1545855,1546286.168,1545264,1545855,52.16800000006333,3620,1546286168	ID:1	[INFO: Metric    ] METRIC_RX type=REAL src=5 seq=150 send_ms=1545264 recv_ms=1545855 bytes=48
TX,REAL,3,,153,48,1550155.0,1549943,1550155.0,,,,3622,1550155000	ID:3	[INFO: Metric    ] METRIC_TX type=REAL node=3 seq=153 bytes=48 time_ms=1549943
RX,REAL,,3,153,48,1550175.168,1549744,1550175.168,1549943,1549744,20.16800000006333,3623,1550175168	ID:1	[INFO: Metric    ] METRIC_RX type=REAL src=3 seq=153 send_ms=1549943 recv_ms=1549744 bytes=48
TX,REAL,6,,151,48,1551013.0,1550925,1551013.0,,,,3625,1551013000	ID:6	[INFO: Metric    ] METRIC_TX type=REAL node=6 seq=151 bytes=48 time_ms=1550925
RX,REAL,,6,151,48,1551038.88,1550607,1551038.88,1550925,1550607,25.87999999988824,3626,1551038880	ID:1	[INFO: Metric    ] METRIC_RX type=REAL src=6 seq=151 send_ms=1550925 recv_ms=1550607 bytes=48
TX,REAL,4,,150,48,1552245.0,1551296,1552245.0,,,,3630,1552245000	ID:4	[INFO: Metric    ] METRIC_TX type=REAL node=4 seq=150 bytes=48 time_ms=1551296
RX,REAL,,4,150,48,1552308.168,1551877,1552308.168,1551296,1551877,63.16800000006333,3631,1552308168	ID:1	[INFO: Metric    ] METRIC_RX type=REAL src=4 seq=150 send_ms=1551296 recv_ms=1551877 bytes=48
TX,REAL,2,,153,48,1552550.0,1552157,1552550.0,,,,3633,1552550000	ID:2	[INFO: Metric    ] METRIC_TX type=REAL node=2 seq=153 bytes=48 time_ms=1552157
RX,REAL,,2,153,48,1552568.88,1552137,1552568.88,1552157,1552137,18.87999999988824,3634,1552568880	ID:1	[INFO: Metric    ] METRIC_RX type=REAL src=2 seq=153 send_ms=1552157 recv_ms=1552137 bytes=48
TX,REAL,7,,154,48,1553231.0,1553209,1553231.0,,,,3636,1553231000	ID:7	[INFO: Metric    ] METRIC_TX type=REAL node=7 seq=154 bytes=48 time_ms=1553209
RX,REAL,,7,154,48,1553237.88,1552806,1553237.88,1553209,1552806,6.879999999888241,3637,1553237880	ID:1	[INFO: Metric    ] METRIC_RX type=REAL src=7 seq=154 send_ms=1553209 recv_ms=1552806 bytes=48
TX,REAL,5,,151,48,1557235.0,1556265,1557235.0,,,,3639,1557235000	ID:5	[INFO: Metric    ] METRIC_TX type=REAL node=5 seq=151 bytes=48 time_ms=1556265
RX,REAL,,5,151,48,1557265.168,1556834,1557265.168,1556265,1556834,30.16800000006333,3640,1557265168	ID:1	[INFO: Metric    ] METRIC_RX type=REAL src=5 seq=151 send_ms=1556265 recv_ms=1556834 bytes=48
TX,REAL,3,,154,48,1559156.0,1558944,1559156.0,,,,3642,1559156000	ID:3	[INFO: Metric    ] METRIC_TX type=REAL node=3 seq=154 bytes=48 time_ms=1558944
RX,REAL,,3,154,48,1559222.168,1558791,1559222.168,1558944,1558791,66.16800000006333,3643,1559222168	ID:1	[INFO: Metric    ] METRIC_RX type=REAL src=3 seq=154 send_ms=1558944 recv_ms=1558791 bytes=48
TX,REAL,4,,151,48,1561246.0,1560297,1561246.0,,,,3645,1561246000	ID:4	[INFO: Metric    ] METRIC_TX type=REAL node=4 seq=151 bytes=48 time_ms=1560297
RX,REAL,,4,151,48,1561307.168,1560876,1561307.168,1560297,1560876,61.16800000006333,3646,1561307168	ID:1	[INFO: Metric    ] METRIC_RX type=REAL src=4 seq=151 send_ms=1560297 recv_ms=1560876 bytes=48
TX,REAL,2,,154,48,1561551.0,1561158,1561551.0,,,,3649,1561551000	ID:2	[INFO: Metric    ] METRIC_TX type=REAL node=2 seq=154 bytes=48 time_ms=1561158
RX,REAL,,2,154,48,1561588.88,1561157,1561588.88,1561158,1561157,37.87999999988824,3650,1561588880	ID:1	[INFO: Metric    ] METRIC_RX type=REAL src=2 seq=154 send_ms=1561158 recv_ms=1561157 bytes=48
TX,REAL,6,,152,48,1562014.0,1561926,1562014.0,,,,3652,1562014000	ID:6	[INFO: Metric    ] METRIC_TX type=REAL node=6 seq=152 bytes=48 time_ms=1561926
RX,REAL,,6,152,48,1562030.88,1561599,1562030.88,1561926,1561599,16.87999999988824,3653,1562030880	ID:1	[INFO: Metric    ] METRIC_RX type=REAL src=6 seq=152 send_ms=1561926 recv_ms=1561599 bytes=48
TX,REAL,7,,155,48,1563232.0,1563210,1563232.0,,,,3655,1563232000	ID:7	[INFO: Metric    ] METRIC_TX type=REAL node=7 seq=155 bytes=48 time_ms=1563210
RX,REAL,,7,155,48,1563270.88,1562839,1563270.88,1563210,1562839,38.87999999988824,3656,1563270880	ID:1	[INFO: Metric    ] METRIC_RX type=REAL src=7 seq=155 send_ms=1563210 recv_ms=1562839 bytes=48
TX,REAL,5,,152,48,1567236.0,1566266,1567236.0,,,,3658,1567236000	ID:5	[INFO: Metric    ] METRIC_TX type=REAL node=5 seq=152 bytes=48 time_ms=1566266
RX,REAL,,5,152,48,1567287.168,1566856,1567287.168,1566266,1566856,51.16800000006333,3659,1567287168	ID:1	[INFO: Metric    ] METRIC_RX type=REAL src=5 seq=152 send_ms=1566266 recv_ms=1566856 bytes=48
TX,REAL,3,,155,48,1569157.0,1568945,1569157.0,,,,3661,1569157000	ID:3	[INFO: Metric    ] METRIC_TX type=REAL node=3 seq=155 bytes=48 time_ms=1568945
RX,REAL,,3,155,48,1569223.168,1568792,1569223.168,1568945,1568792,66.16800000006333,3662,1569223168	ID:1	[INFO: Metric    ] METRIC_RX type=REAL src=3 seq=155 send_ms=1568945 recv_ms=1568792 bytes=48
TX,REAL,4,,152,48,1571247.0,1570298,1571247.0,,,,3664,1571247000	ID:4	[INFO: Metric    ] METRIC_TX type=REAL node=4 seq=152 bytes=48 time_ms=1570298
RX,REAL,,4,152,48,1571287.304,1570856,1571287.304,1570298,1570856,40.304000000003725,3665,1571287304	ID:1	[INFO: Metric    ] METRIC_RX type=REAL src=4 seq=152 send_ms=1570298 recv_ms=1570856 bytes=48
TX,REAL,2,,155,48,1572552.0,1572159,1572552.0,,,,3667,1572552000	ID:2	[INFO: Metric    ] METRIC_TX type=REAL node=2 seq=155 bytes=48 time_ms=1572159
RX,REAL,,2,155,48,1572583.88,1572152,1572583.88,1572159,1572152,31.87999999988824,3668,1572583880	ID:1	[INFO: Metric    ] METRIC_RX type=REAL src=2 seq=155 send_ms=1572159 recv_ms=1572152 bytes=48
TX,REAL,6,,153,48,1573015.0,1572927,1573015.0,,,,3670,1573015000	ID:6	[INFO: Metric    ] METRIC_TX type=REAL node=6 seq=153 bytes=48 time_ms=1572927
RX,REAL,,6,153,48,1573047.88,1572616,1573047.88,1572927,1572616,32.87999999988824,3671,1573047880	ID:1	[INFO: Metric    ] METRIC_RX type=REAL src=6 seq=153 send_ms=1572927 recv_ms=1572616 bytes=48
TX,REAL,7,,156,48,1574233.0,1574211,1574233.0,,,,3673,1574233000	ID:7	[INFO: Metric    ] METRIC_TX type=REAL node=7 seq=156 bytes=48 time_ms=1574211
RX,REAL,,7,156,48,1574265.88,1573834,1574265.88,1574211,1573834,32.87999999988824,3674,1574265880	ID:1	[INFO: Metric    ] METRIC_RX type=REAL src=7 seq=156 send_ms=1574211 recv_ms=1573834 bytes=48
TX,REAL,5,,153,48,1576237.0,1575267,1576237.0,,,,3676,1576237000	ID:5	[INFO: Metric    ] METRIC_TX type=REAL node=5 seq=153 bytes=48 time_ms=1575267
RX,REAL,,5,153,48,1576300.168,1575869,1576300.168,1575267,1575869,63.16800000006333,3677,1576300168	ID:1	[INFO: Metric    ] METRIC_RX type=REAL src=5 seq=153 send_ms=1575267 recv_ms=1575869 bytes=48
TX,REAL,3,,156,48,1578158.0,1577946,1578158.0,,,,3680,1578158000	ID:3	[INFO: Metric    ] METRIC_TX type=REAL node=3 seq=156 bytes=48 time_ms=1577946
RX,REAL,,3,156,48,1578235.168,1577804,1578235.168,1577946,1577804,77.16800000006333,3681,1578235168	ID:1	[INFO: Metric    ] METRIC_RX type=REAL src=3 seq=156 send_ms=1577946 recv_ms=1577804 bytes=48
TX,REAL,2,,156,48,1581553.0,1581160,1581553.0,,,,3683,1581553000	ID:2	[INFO: Metric    ] METRIC_TX type=REAL node=2 seq=156 bytes=48 time_ms=1581160
RX,REAL,,2,156,48,1581590.88,1581159,1581590.88,1581160,1581159,37.87999999988824,3684,1581590880	ID:1	[INFO: Metric    ] METRIC_RX type=REAL src=2 seq=156 send_ms=1581160 recv_ms=1581159 bytes=48
TX,REAL,4,,153,48,1582248.0,1581299,1582248.0,,,,3686,1582248000	ID:4	[INFO: Metric    ] METRIC_TX type=REAL node=4 seq=153 bytes=48 time_ms=1581299
TX,DUMMY,4,,25,48,1582249.0,1581300,1582249.0,,,,3687,1582249000	ID:4	[INFO: Metric    ] METRIC_TX type=DUMMY node=4 seq=25 bytes=48 time_ms=1581300
RX,REAL,,4,153,48,1582319.304,1581888,1582319.304,1581299,1581888,71.30400000000373,3688,1582319304	ID:1	[INFO: Metric    ] METRIC_RX type=REAL src=4 seq=153 send_ms=1581299 recv_ms=1581888 bytes=48
RX,DUMMY,,4,25,48,1582326.472,1581895,1582326.472,1581300,1581895,,3689,1582326472	ID:1	[INFO: Metric    ] METRIC_RX type=DUMMY src=4 seq=25 send_ms=1581300 recv_ms=1581895 bytes=48
TX,REAL,6,,154,48,1583016.0,1582928,1583016.0,,,,3692,1583016000	ID:6	[INFO: Metric    ] METRIC_TX type=REAL node=6 seq=154 bytes=48 time_ms=1582928
RX,REAL,,6,154,48,1583056.88,1582625,1583056.88,1582928,1582625,40.87999999988824,3693,1583056880	ID:1	[INFO: Metric    ] METRIC_RX type=REAL src=6 seq=154 send_ms=1582928 recv_ms=1582625 bytes=48
TX,REAL,7,,157,48,1585234.0,1585212,1585234.0,,,,3695,1585234000	ID:7	[INFO: Metric    ] METRIC_TX type=REAL node=7 seq=157 bytes=48 time_ms=1585212
TX,REAL,5,,154,48,1585238.0,1584268,1585238.0,,,,3696,1585238000	ID:5	[INFO: Metric    ] METRIC_TX type=REAL node=5 seq=154 bytes=48 time_ms=1584268
TX,DUMMY,5,,31,48,1585239.0,1584269,1585239.0,,,,3697,1585239000	ID:5	[INFO: Metric    ] METRIC_TX type=DUMMY node=5 seq=31 bytes=48 time_ms=1584269
RX,REAL,,7,157,48,1585252.88,1584821,1585252.88,1585212,1584821,18.87999999988824,3698,1585252880	ID:1	[INFO: Metric    ] METRIC_RX type=REAL src=7 seq=157 send_ms=1585212 recv_ms=1584821 bytes=48
RX,REAL,,5,154,48,1585354.168,1584923,1585354.168,1584268,1584923,116.16800000006333,3700,1585354168	ID:1	[INFO: Metric    ] METRIC_RX type=REAL src=5 seq=154 send_ms=1584268 recv_ms=1584923 bytes=48
RX,DUMMY,,5,31,48,1585363.168,1584932,1585363.168,1584269,1584932,,3701,1585363168	ID:1	[INFO: Metric    ] METRIC_RX type=DUMMY src=5 seq=31 send_ms=1584269 recv_ms=1584932 bytes=48
TX,REAL,3,,157,48,1588159.0,1587947,1588159.0,,,,3704,1588159000	ID:3	[INFO: Metric    ] METRIC_TX type=REAL node=3 seq=157 bytes=48 time_ms=1587947
RX,REAL,,3,157,48,1588206.168,1587775,1588206.168,1587947,1587775,47.16800000006333,3705,1588206168	ID:1	[INFO: Metric    ] METRIC_RX type=REAL src=3 seq=157 send_ms=1587947 recv_ms=1587775 bytes=48
TX,REAL,2,,157,48,1590554.0,1590161,1590554.0,,,,3707,1590554000	ID:2	[INFO: Metric    ] METRIC_TX type=REAL node=2 seq=157 bytes=48 time_ms=1590161
TX,DUMMY,2,,30,48,1590555.0,1590162,1590555.0,,,,3708,1590555000	ID:2	[INFO: Metric    ] METRIC_TX type=DUMMY node=2 seq=30 bytes=48 time_ms=1590162
RX,REAL,,2,157,48,1590570.88,1590139,1590570.88,1590161,1590139,16.87999999988824,3709,1590570880	ID:1	[INFO: Metric    ] METRIC_RX type=REAL src=2 seq=157 send_ms=1590161 recv_ms=1590139 bytes=48
RX,DUMMY,,2,30,48,1590604.88,1590173,1590604.88,1590162,1590173,,3711,1590604880	ID:1	[INFO: Metric    ] METRIC_RX type=DUMMY src=2 seq=30 send_ms=1590162 recv_ms=1590173 bytes=48
TX,REAL,4,,154,48,1591250.0,1590301,1591250.0,,,,3714,1591250000	ID:4	[INFO: Metric    ] METRIC_TX type=REAL node=4 seq=154 bytes=48 time_ms=1590301
RX,REAL,,4,154,48,1591274.168,1590843,1591274.168,1590301,1590843,24.16800000006333,3715,1591274168	ID:1	[INFO: Metric    ] METRIC_RX type=REAL src=4 seq=154 send_ms=1590301 recv_ms=1590843 bytes=48
TX,REAL,6,,155,48,1592017.0,1591929,1592017.0,,,,3717,1592017000	ID:6	[INFO: Metric    ] METRIC_TX type=REAL node=6 seq=155 bytes=48 time_ms=1591929
RX,REAL,,6,155,48,1592039.88,1591608,1592039.88,1591929,1591608,22.87999999988824,3718,1592039880	ID:1	[INFO: Metric    ] METRIC_RX type=REAL src=6 seq=155 send_ms=1591929 recv_ms=1591608 bytes=48
TX,REAL,7,,158,48,1594235.0,1594213,1594235.0,,,,3720,1594235000	ID:7	[INFO: Metric    ] METRIC_TX type=REAL node=7 seq=158 bytes=48 time_ms=1594213
TX,REAL,5,,155,48,1594240.0,1593270,1594240.0,,,,3721,1594240000	ID:5	[INFO: Metric    ] METRIC_TX type=REAL node=5 seq=155 bytes=48 time_ms=1593270
RX,REAL,,7,158,48,1594266.88,1593835,1594266.88,1594213,1593835,31.87999999988824,3722,1594266880	ID:1	[INFO: Metric    ] METRIC_RX type=REAL src=7 seq=158 send_ms=1594213 recv_ms=1593835 bytes=48
RX,REAL,,5,155,48,1594358.168,1593927,1594358.168,1593270,1593927,118.16800000006333,3724,1594358168	ID:1	[INFO: Metric    ] METRIC_RX type=REAL src=5 seq=155 send_ms=1593270 recv_ms=1593927 bytes=48
TX,REAL,3,,158,48,1599160.0,1598948,1599160.0,,,,3726,1599160000	ID:3	[INFO: Metric    ] METRIC_TX type=REAL node=3 seq=158 bytes=48 time_ms=1598948
RX,REAL,,3,158,48,1599213.168,1598782,1599213.168,1598948,1598782,53.16800000006333,3727,1599213168	ID:1	[INFO: Metric    ] METRIC_RX type=REAL src=3 seq=158 send_ms=1598948 recv_ms=1598782 bytes=48
TX,REAL,6,,156,48,1601018.0,1600930,1601018.0,,,,3729,1601018000	ID:6	[INFO: Metric    ] METRIC_TX type=REAL node=6 seq=156 bytes=48 time_ms=1600930
RX,REAL,,6,156,48,1601061.88,1600630,1601061.88,1600930,1600630,43.87999999988824,3730,1601061880	ID:1	[INFO: Metric    ] METRIC_RX type=REAL src=6 seq=156 send_ms=1600930 recv_ms=1600630 bytes=48
TX,REAL,4,,155,48,1601251.0,1600302,1601251.0,,,,3732,1601251000	ID:4	[INFO: Metric    ] METRIC_TX type=REAL node=4 seq=155 bytes=48 time_ms=1600302
RX,REAL,,4,155,48,1601315.168,1600884,1601315.168,1600302,1600884,64.16800000006333,3733,1601315168	ID:1	[INFO: Metric    ] METRIC_RX type=REAL src=4 seq=155 send_ms=1600302 recv_ms=1600884 bytes=48
TX,REAL,2,,158,48,1601556.0,1601163,1601556.0,,,,3735,1601556000	ID:2	[INFO: Metric    ] METRIC_TX type=REAL node=2 seq=158 bytes=48 time_ms=1601163
RX,REAL,,2,158,48,1601582.88,1601151,1601582.88,1601163,1601151,26.87999999988824,3736,1601582880	ID:1	[INFO: Metric    ] METRIC_RX type=REAL src=2 seq=158 send_ms=1601163 recv_ms=1601151 bytes=48
TX,REAL,7,,159,48,1604236.0,1604214,1604236.0,,,,3738,1604236000	ID:7	[INFO: Metric    ] METRIC_TX type=REAL node=7 seq=159 bytes=48 time_ms=1604214
RX,REAL,,7,159,48,1604268.88,1603837,1604268.88,1604214,1603837,32.87999999988824,3739,1604268880	ID:1	[INFO: Metric    ] METRIC_RX type=REAL src=7 seq=159 send_ms=1604214 recv_ms=1603837 bytes=48
TX,REAL,5,,156,48,1605241.0,1604271,1605241.0,,,,3742,1605241000	ID:5	[INFO: Metric    ] METRIC_TX type=REAL node=5 seq=156 bytes=48 time_ms=1604271
RX,REAL,,5,156,48,1605291.168,1604860,1605291.168,1604271,1604860,50.16800000006333,3743,1605291168	ID:1	[INFO: Metric    ] METRIC_RX type=REAL src=5 seq=156 send_ms=1604271 recv_ms=1604860 bytes=48
TX,REAL,3,,159,48,1609161.0,1608949,1609161.0,,,,3745,1609161000	ID:3	[INFO: Metric    ] METRIC_TX type=REAL node=3 seq=159 bytes=48 time_ms=1608949
RX,REAL,,3,159,48,1609194.168,1608763,1609194.168,1608949,1608763,33.16800000006333,3746,1609194168	ID:1	[INFO: Metric    ] METRIC_RX type=REAL src=3 seq=159 send_ms=1608949 recv_ms=1608763 bytes=48
TX,REAL,6,,157,48,1610019.0,1609931,1610019.0,,,,3748,1610019000	ID:6	[INFO: Metric    ] METRIC_TX type=REAL node=6 seq=157 bytes=48 time_ms=1609931
TX,DUMMY,6,,36,48,1610020.0,1609932,1610020.0,,,,3749,1610020000	ID:6	[INFO: Metric    ] METRIC_TX type=DUMMY node=6 seq=36 bytes=48 time_ms=1609932
RX,REAL,,6,157,48,1610032.88,1609601,1610032.88,1609931,1609601,13.879999999888241,3750,1610032880	ID:1	[INFO: Metric    ] METRIC_RX type=REAL src=6 seq=157 send_ms=1609931 recv_ms=1609601 bytes=48
RX,DUMMY,,6,36,48,1610073.88,1609642,1610073.88,1609932,1609642,,3751,1610073880	ID:1	[INFO: Metric    ] METRIC_RX type=DUMMY src=6 seq=36 send_ms=1609932 recv_ms=1609642 bytes=48
TX,REAL,4,,156,48,1610252.0,1609303,1610252.0,,,,3754,1610252000	ID:4	[INFO: Metric    ] METRIC_TX type=REAL node=4 seq=156 bytes=48 time_ms=1609303
RX,REAL,,4,156,48,1610293.168,1609862,1610293.168,1609303,1609862,41.16800000006333,3755,1610293168	ID:1	[INFO: Metric    ] METRIC_RX type=REAL src=4 seq=156 send_ms=1609303 recv_ms=1609862 bytes=48
TX,REAL,2,,159,48,1611557.0,1611164,1611557.0,,,,3757,1611557000	ID:2	[INFO: Metric    ] METRIC_TX type=REAL node=2 seq=159 bytes=48 time_ms=1611164
TX,DUMMY,2,,31,48,1611558.0,1611165,1611558.0,,,,3758,1611558000	ID:2	[INFO: Metric    ] METRIC_TX type=DUMMY node=2 seq=31 bytes=48 time_ms=1611165
RX,REAL,,2,159,48,1611581.88,1611150,1611581.88,1611164,1611150,24.87999999988824,3759,1611581880	ID:1	[INFO: Metric    ] METRIC_RX type=REAL src=2 seq=159 send_ms=1611164 recv_ms=1611150 bytes=48
RX,DUMMY,,2,31,48,1611598.88,1611167,1611598.88,1611165,1611167,,3760,1611598880	ID:1	[INFO: Metric    ] METRIC_RX type=DUMMY src=2 seq=31 send_ms=1611165 recv_ms=1611167 bytes=48
TX,REAL,7,,160,48,1614237.0,1614215,1614237.0,,,,3765,1614237000	ID:7	[INFO: Metric    ] METRIC_TX type=REAL node=7 seq=160 bytes=48 time_ms=1614215
RX,REAL,,7,160,48,1614263.88,1613832,1614263.88,1614215,1613832,26.87999999988824,3766,1614263880	ID:1	[INFO: Metric    ] METRIC_RX type=REAL src=7 seq=160 send_ms=1614215 recv_ms=1613832 bytes=48
TX,REAL,5,,157,48,1616242.0,1615272,1616242.0,,,,3768,1616242000	ID:5	[INFO: Metric    ] METRIC_TX type=REAL node=5 seq=157 bytes=48 time_ms=1615272
RX,REAL,,5,157,48,1616283.168,1615852,1616283.168,1615272,1615852,41.16800000006333,3769,1616283168	ID:1	[INFO: Metric    ] METRIC_RX type=REAL src=5 seq=157 send_ms=1615272 recv_ms=1615852 bytes=48
TX,REAL,3,,160,48,1618162.0,1617950,1618162.0,,,,3773,1618162000	ID:3	[INFO: Metric    ] METRIC_TX type=REAL node=3 seq=160 bytes=48 time_ms=1617950
RX,REAL,,3,160,48,1618204.304,1617773,1618204.304,1617950,1617773,42.304000000003725,3774,1618204304	ID:1	[INFO: Metric    ] METRIC_RX type=REAL src=3 seq=160 send_ms=1617950 recv_ms=1617773 bytes=48
TX,REAL,6,,158,48,1620021.0,1619933,1620021.0,,,,3777,1620021000	ID:6	[INFO: Metric    ] METRIC_TX type=REAL node=6 seq=158 bytes=48 time_ms=1619933
RX,REAL,,6,158,48,1620032.88,1619601,1620032.88,1619933,1619601,11.879999999888241,3778,1620032880	ID:1	[INFO: Metric    ] METRIC_RX type=REAL src=6 seq=158 send_ms=1619933 recv_ms=1619601 bytes=48
TX,REAL,4,,157,48,1620253.0,1619304,1620253.0,,,,3780,1620253000	ID:4	[INFO: Metric    ] METRIC_TX type=REAL node=4 seq=157 bytes=48 time_ms=1619304
RX,REAL,,4,157,48,1620317.168,1619886,1620317.168,1619304,1619886,64.16800000006333,3781,1620317168	ID:1	[INFO: Metric    ] METRIC_RX type=REAL src=4 seq=157 send_ms=1619304 recv_ms=1619886 bytes=48
TX,REAL,2,,160,48,1622559.0,1622166,1622559.0,,,,3785,1622559000	ID:2	[INFO: Metric    ] METRIC_TX type=REAL node=2 seq=160 bytes=48 time_ms=1622166
RX,REAL,,2,160,48,1622596.88,1622165,1622596.88,1622166,1622165,37.87999999988824,3786,1622596880	ID:1	[INFO: Metric    ] METRIC_RX type=REAL src=2 seq=160 send_ms=1622166 recv_ms=1622165 bytes=48
TX,REAL,7,,161,48,1623238.0,1623216,1623238.0,,,,3788,1623238000	ID:7	[INFO: Metric    ] METRIC_TX type=REAL node=7 seq=161 bytes=48 time_ms=1623216
RX,REAL,,7,161,48,1623257.88,1622826,1623257.88,1623216,1622826,19.87999999988824,3789,1623257880	ID:1	[INFO: Metric    ] METRIC_RX type=REAL src=7 seq=161 send_ms=1623216 recv_ms=1622826 bytes=48
TX,REAL,5,,158,48,1627243.0,1626273,1627243.0,,,,3791,1627243000	ID:5	[INFO: Metric    ] METRIC_TX type=REAL node=5 seq=158 bytes=48 time_ms=1626273
RX,REAL,,5,158,48,1627286.168,1626855,1627286.168,1626273,1626855,43.16800000006333,3792,1627286168	ID:1	[INFO: Metric    ] METRIC_RX type=REAL src=5 seq=158 send_ms=1626273 recv_ms=1626855 bytes=48
TX,REAL,3,,161,48,1629163.0,1628951,1629163.0,,,,3794,1629163000	ID:3	[INFO: Metric    ] METRIC_TX type=REAL node=3 seq=161 bytes=48 time_ms=1628951
RX,REAL,,3,161,48,1629222.168,1628791,1629222.168,1628951,1628791,59.16800000006333,3795,1629222168	ID:1	[INFO: Metric    ] METRIC_RX type=REAL src=3 seq=161 send_ms=1628951 recv_ms=1628791 bytes=48
TX,REAL,6,,159,48,1631022.0,1630934,1631022.0,,,,3797,1631022000	ID:6	[INFO: Metric    ] METRIC_TX type=REAL node=6 seq=159 bytes=48 time_ms=1630934
RX,REAL,,6,159,48,1631060.88,1630629,1631060.88,1630934,1630629,38.87999999988824,3798,1631060880	ID:1	[INFO: Metric    ] METRIC_RX type=REAL src=6 seq=159 send_ms=1630934 recv_ms=1630629 bytes=48
TX,REAL,4,,158,48,1631254.0,1630305,1631254.0,,,,3800,1631254000	ID:4	[INFO: Metric    ] METRIC_TX type=REAL node=4 seq=158 bytes=48 time_ms=1630305
RX,REAL,,4,158,48,1631289.168,1630858,1631289.168,1630305,1630858,35.16800000006333,3801,1631289168	ID:1	[INFO: Metric    ] METRIC_RX type=REAL src=4 seq=158 send_ms=1630305 recv_ms=1630858 bytes=48
TX,REAL,2,,161,48,1632560.0,1632167,1632560.0,,,,3803,1632560000	ID:2	[INFO: Metric    ] METRIC_TX type=REAL node=2 seq=161 bytes=48 time_ms=1632167
RX,REAL,,2,161,48,1632567.88,1632136,1632567.88,1632167,1632136,7.879999999888241,3804,1632567880	ID:1	[INFO: Metric    ] METRIC_RX type=REAL src=2 seq=161 send_ms=1632167 recv_ms=1632136 bytes=48
TX,REAL,7,,162,48,1633239.0,1633217,1633239.0,,,,3806,1633239000	ID:7	[INFO: Metric    ] METRIC_TX type=REAL node=7 seq=162 bytes=48 time_ms=1633217
RX,REAL,,7,162,48,1633254.88,1632823,1633254.88,1633217,1632823,15.879999999888241,3807,1633254880	ID:1	[INFO: Metric    ] METRIC_RX type=REAL src=7 seq=162 send_ms=1633217 recv_ms=1632823 bytes=48
TX,REAL,5,,159,48,1638244.0,1637274,1638244.0,,,,3810,1638244000	ID:5	[INFO: Metric    ] METRIC_TX type=REAL node=5 seq=159 bytes=48 time_ms=1637274
RX,REAL,,5,159,48,1638329.168,1637898,1638329.168,1637274,1637898,85.16800000006333,3811,1638329168	ID:1	[INFO: Metric    ] METRIC_RX type=REAL src=5 seq=159 send_ms=1637274 recv_ms=1637898 bytes=48
TX,REAL,3,,162,48,1640164.0,1639952,1640164.0,,,,3813,1640164000	ID:3	[INFO: Metric    ] METRIC_TX type=REAL node=3 seq=162 bytes=48 time_ms=1639952
TX,DUMMY,3,,26,48,1640165.0,1639953,1640165.0,,,,3814,1640165000	ID:3	[INFO: Metric    ] METRIC_TX type=DUMMY node=3 seq=26 bytes=48 time_ms=1639953
RX,REAL,,3,162,48,1640262.168,1639831,1640262.168,1639952,1639831,98.16800000006333,3815,1640262168	ID:1	[INFO: Metric    ] METRIC_RX type=REAL src=3 seq=162 send_ms=1639952 recv_ms=1639831 bytes=48
RX,DUMMY,,3,26,48,1640296.168,1639865,1640296.168,1639953,1639865,,3816,1640296168	ID:1	[INFO: Metric    ] METRIC_RX type=DUMMY src=3 seq=26 send_ms=1639953 recv_ms=1639865 bytes=48
TX,REAL,6,,160,48,1641023.0,1640935,1641023.0,,,,3821,1641023000	ID:6	[INFO: Metric    ] METRIC_TX type=REAL node=6 seq=160 bytes=48 time_ms=1640935
RX,REAL,,6,160,48,1641064.88,1640633,1641064.88,1640935,1640633,41.87999999988824,3822,1641064880	ID:1	[INFO: Metric    ] METRIC_RX type=REAL src=6 seq=160 send_ms=1640935 recv_ms=1640633 bytes=48
TX,REAL,4,,159,48,1642255.0,1641306,1642255.0,,,,3824,1642255000	ID:4	[INFO: Metric    ] METRIC_TX type=REAL node=4 seq=159 bytes=48 time_ms=1641306
RX,REAL,,4,159,48,1642297.168,1641866,1642297.168,1641306,1641866,42.16800000006333,3825,1642297168	ID:1	[INFO: Metric    ] METRIC_RX type=REAL src=4 seq=159 send_ms=1641306 recv_ms=1641866 bytes=48
TX,REAL,2,,162,48,1642561.0,1642168,1642561.0,,,,3827,1642561000	ID:2	[INFO: Metric    ] METRIC_TX type=REAL node=2 seq=162 bytes=48 time_ms=1642168
RX,REAL,,2,162,48,1642599.88,1642168,1642599.88,1642168,1642168,38.87999999988824,3828,1642599880	ID:1	[INFO: Metric    ] METRIC_RX type=REAL src=2 seq=162 send_ms=1642168 recv_ms=1642168 bytes=48
TX,REAL,7,,163,48,1643240.0,1643218,1643240.0,,,,3830,1643240000	ID:7	[INFO: Metric    ] METRIC_TX type=REAL node=7 seq=163 bytes=48 time_ms=1643218
RX,REAL,,7,163,48,1643275.88,1642844,1643275.88,1643218,1642844,35.87999999988824,3831,1643275880	ID:1	[INFO: Metric    ] METRIC_RX type=REAL src=7 seq=163 send_ms=1643218 recv_ms=1642844 bytes=48
TX,REAL,5,,160,48,1648245.0,1647275,1648245.0,,,,3835,1648245000	ID:5	[INFO: Metric    ] METRIC_TX type=REAL node=5 seq=160 bytes=48 time_ms=1647275
RX,REAL,,5,160,48,1648288.168,1647857,1648288.168,1647275,1647857,43.16800000006333,3836,1648288168	ID:1	[INFO: Metric    ] METRIC_RX type=REAL src=5 seq=160 send_ms=1647275 recv_ms=1647857 bytes=48
TX,REAL,3,,163,48,1650166.0,1649954,1650166.0,,,,3838,1650166000	ID:3	[INFO: Metric    ] METRIC_TX type=REAL node=3 seq=163 bytes=48 time_ms=1649954
RX,REAL,,3,163,48,1650238.168,1649807,1650238.168,1649954,1649807,72.16800000006333,3839,1650238168	ID:1	[INFO: Metric    ] METRIC_RX type=REAL src=3 seq=163 send_ms=1649954 recv_ms=1649807 bytes=48
TX,REAL,6,,161,48,1651024.0,1650936,1651024.0,,,,3841,1651024000	ID:6	[INFO: Metric    ] METRIC_TX type=REAL node=6 seq=161 bytes=48 time_ms=1650936
RX,REAL,,6,161,48,1651069.88,1650638,1651069.88,1650936,1650638,45.87999999988824,3842,1651069880	ID:1	[INFO: Metric    ] METRIC_RX type=REAL src=6 seq=161 send_ms=1650936 recv_ms=1650638 bytes=48
TX,REAL,4,,160,48,1651256.0,1650307,1651256.0,,,,3847,1651256000	ID:4	[INFO: Metric    ] METRIC_TX type=REAL node=4 seq=160 bytes=48 time_ms=1650307
RX,REAL,,4,160,48,1651298.168,1650867,1651298.168,1650307,1650867,42.16800000006333,3848,1651298168	ID:1	[INFO: Metric    ] METRIC_RX type=REAL src=4 seq=160 send_ms=1650307 recv_ms=1650867 bytes=48
TX,REAL,2,,163,48,1653562.0,1653169,1653562.0,,,,3850,1653562000	ID:2	[INFO: Metric    ] METRIC_TX type=REAL node=2 seq=163 bytes=48 time_ms=1653169
RX,REAL,,2,163,48,1653572.88,1653141,1653572.88,1653169,1653141,10.879999999888241,3851,1653572880	ID:1	[INFO: Metric    ] METRIC_RX type=REAL src=2 seq=163 send_ms=1653169 recv_ms=1653141 bytes=48
TX,REAL,7,,164,48,1654241.0,1654219,1654241.0,,,,3853,1654241000	ID:7	[INFO: Metric    ] METRIC_TX type=REAL node=7 seq=164 bytes=48 time_ms=1654219
TX,DUMMY,7,,22,48,1654242.0,1654220,1654242.0,,,,3854,1654242000	ID:7	[INFO: Metric    ] METRIC_TX type=DUMMY node=7 seq=22 bytes=48 time_ms=1654220
RX,REAL,,7,164,48,1654264.88,1653833,1654264.88,1654219,1653833,23.87999999988824,3855,1654264880	ID:1	[INFO: Metric    ] METRIC_RX type=REAL src=7 seq=164 send_ms=1654219 recv_ms=1653833 bytes=48
RX,DUMMY,,7,22,48,1654286.88,1653855,1654286.88,1654220,1653855,,3857,1654286880	ID:1	[INFO: Metric    ] METRIC_RX type=DUMMY src=7 seq=22 send_ms=1654220 recv_ms=1653855 bytes=48
TX,REAL,5,,161,48,1658246.0,1657276,1658246.0,,,,3859,1658246000	ID:5	[INFO: Metric    ] METRIC_TX type=REAL node=5 seq=161 bytes=48 time_ms=1657276
RX,REAL,,5,161,48,1658297.168,1657866,1658297.168,1657276,1657866,51.16800000006333,3860,1658297168	ID:1	[INFO: Metric    ] METRIC_RX type=REAL src=5 seq=161 send_ms=1657276 recv_ms=1657866 bytes=48
TX,REAL,3,,164,48,1659167.0,1658955,1659167.0,,,,3862,1659167000	ID:3	[INFO: Metric    ] METRIC_TX type=REAL node=3 seq=164 bytes=48 time_ms=1658955
RX,REAL,,3,164,48,1659227.168,1658796,1659227.168,1658955,1658796,60.16800000006333,3863,1659227168	ID:1	[INFO: Metric    ] METRIC_RX type=REAL src=3 seq=164 send_ms=1658955 recv_ms=1658796 bytes=48
TX,REAL,6,,162,48,1661025.0,1660937,1661025.0,,,,3865,1661025000	ID:6	[INFO: Metric    ] METRIC_TX type=REAL node=6 seq=162 bytes=48 time_ms=1660937
TX,DUMMY,6,,37,48,1661026.0,1660938,1661026.0,,,,3866,1661026000	ID:6	[INFO: Metric    ] METRIC_TX type=DUMMY node=6 seq=37 bytes=48 time_ms=1660938
RX,REAL,,6,162,48,1661048.88,1660617,1661048.88,1660937,1660617,23.87999999988824,3867,1661048880	ID:1	[INFO: Metric    ] METRIC_RX type=REAL src=6 seq=162 send_ms=1660937 recv_ms=1660617 bytes=48
RX,DUMMY,,6,37,48,1661070.88,1660639,1661070.88,1660938,1660639,,3869,1661070880	ID:1	[INFO: Metric    ] METRIC_RX type=DUMMY src=6 seq=37 send_ms=1660938 recv_ms=1660639 bytes=48
TX,REAL,4,,161,48,1661257.0,1660308,1661257.0,,,,3871,1661257000	ID:4	[INFO: Metric    ] METRIC_TX type=REAL node=4 seq=161 bytes=48 time_ms=1660308
RX,REAL,,4,161,48,1661297.168,1660866,1661297.168,1660308,1660866,40.16800000006333,3872,1661297168	ID:1	[INFO: Metric    ] METRIC_RX type=REAL src=4 seq=161 send_ms=1660308 recv_ms=1660866 bytes=48
TX,REAL,2,,164,48,1664563.0,1664170,1664563.0,,,,3874,1664563000	ID:2	[INFO: Metric    ] METRIC_TX type=REAL node=2 seq=164 bytes=48 time_ms=1664170
RX,REAL,,2,164,48,1664583.88,1664152,1664583.88,1664170,1664152,20.87999999988824,3875,1664583880	ID:1	[INFO: Metric    ] METRIC_RX type=REAL src=2 seq=164 send_ms=1664170 recv_ms=1664152 bytes=48
TX,REAL,7,,165,48,1665243.0,1665221,1665243.0,,,,3878,1665243000	ID:7	[INFO: Metric    ] METRIC_TX type=REAL node=7 seq=165 bytes=48 time_ms=1665221
RX,REAL,,7,165,48,1665254.88,1664823,1665254.88,1665221,1664823,11.879999999888241,3879,1665254880	ID:1	[INFO: Metric    ] METRIC_RX type=REAL src=7 seq=165 send_ms=1665221 recv_ms=1664823 bytes=48
TX,REAL,5,,162,48,1668247.0,1667277,1668247.0,,,,3881,1668247000	ID:5	[INFO: Metric    ] METRIC_TX type=REAL node=5 seq=162 bytes=48 time_ms=1667277
RX,REAL,,5,162,48,1668307.168,1667876,1668307.168,1667277,1667876,60.16800000006333,3882,1668307168	ID:1	[INFO: Metric    ] METRIC_RX type=REAL src=5 seq=162 send_ms=1667277 recv_ms=1667876 bytes=48
TX,REAL,3,,165,48,1670168.0,1669956,1670168.0,,,,3884,1670168000	ID:3	[INFO: Metric    ] METRIC_TX type=REAL node=3 seq=165 bytes=48 time_ms=1669956
RX,REAL,,3,165,48,1670239.168,1669808,1670239.168,1669956,1669808,71.16800000006333,3885,1670239168	ID:1	[INFO: Metric    ] METRIC_RX type=REAL src=3 seq=165 send_ms=1669956 recv_ms=1669808 bytes=48
TX,REAL,6,,163,48,1671027.0,1670939,1671027.0,,,,3887,1671027000	ID:6	[INFO: Metric    ] METRIC_TX type=REAL node=6 seq=163 bytes=48 time_ms=1670939
RX,REAL,,6,163,48,1671051.88,1670620,1671051.88,1670939,1670620,24.87999999988824,3888,1671051880	ID:1	[INFO: Metric    ] METRIC_RX type=REAL src=6 seq=163 send_ms=1670939 recv_ms=1670620 bytes=48
TX,REAL,4,,162,48,1672258.0,1671309,1672258.0,,,,3890,1672258000	ID:4	[INFO: Metric    ] METRIC_TX type=REAL node=4 seq=162 bytes=48 time_ms=1671309
RX,REAL,,4,162,48,1672273.304,1671842,1672273.304,1671309,1671842,15.304000000003725,3891,1672273304	ID:1	[INFO: Metric    ] METRIC_RX type=REAL src=4 seq=162 send_ms=1671309 recv_ms=1671842 bytes=48
TX,REAL,2,,165,48,1674564.0,1674171,1674564.0,,,,3893,1674564000	ID:2	[INFO: Metric    ] METRIC_TX type=REAL node=2 seq=165 bytes=48 time_ms=1674171
RX,REAL,,2,165,48,1674575.88,1674144,1674575.88,1674171,1674144,11.879999999888241,3894,1674575880	ID:1	[INFO: Metric    ] METRIC_RX type=REAL src=2 seq=165 send_ms=1674171 recv_ms=1674144 bytes=48
TX,REAL,7,,166,48,1675244.0,1675222,1675244.0,,,,3896,1675244000	ID:7	[INFO: Metric    ] METRIC_TX type=REAL node=7 seq=166 bytes=48 time_ms=1675222
RX,REAL,,7,166,48,1675285.88,1674854,1675285.88,1675222,1674854,41.87999999988824,3897,1675285880	ID:1	[INFO: Metric    ] METRIC_RX type=REAL src=7 seq=166 send_ms=1675222 recv_ms=1674854 bytes=48
TX,REAL,5,,163,48,1679248.0,1678278,1679248.0,,,,3899,1679248000	ID:5	[INFO: Metric    ] METRIC_TX type=REAL node=5 seq=163 bytes=48 time_ms=1678278
RX,REAL,,5,163,48,1679313.168,1678882,1679313.168,1678278,1678882,65.16800000006333,3900,1679313168	ID:1	[INFO: Metric    ] METRIC_RX type=REAL src=5 seq=163 send_ms=1678278 recv_ms=1678882 bytes=48
TX,REAL,6,,164,48,1680028.0,1679940,1680028.0,,,,3902,1680028000	ID:6	[INFO: Metric    ] METRIC_TX type=REAL node=6 seq=164 bytes=48 time_ms=1679940
RX,REAL,,6,164,48,1680049.88,1679618,1680049.88,1679940,1679618,21.87999999988824,3903,1680049880	ID:1	[INFO: Metric    ] METRIC_RX type=REAL src=6 seq=164 send_ms=1679940 recv_ms=1679618 bytes=48
TX,REAL,3,,166,48,1680169.0,1679957,1680169.0,,,,3905,1680169000	ID:3	[INFO: Metric    ] METRIC_TX type=REAL node=3 seq=166 bytes=48 time_ms=1679957
RX,REAL,,3,166,48,1680194.168,1679763,1680194.168,1679957,1679763,25.16800000006333,3906,1680194168	ID:1	[INFO: Metric    ] METRIC_RX type=REAL src=3 seq=166 send_ms=1679957 recv_ms=1679763 bytes=48
TX,REAL,4,,163,48,1681259.0,1680310,1681259.0,,,,3909,1681259000	ID:4	[INFO: Metric    ] METRIC_TX type=REAL node=4 seq=163 bytes=48 time_ms=1680310
RX,REAL,,4,163,48,1681304.168,1680873,1681304.168,1680310,1680873,45.16800000006333,3910,1681304168	ID:1	[INFO: Metric    ] METRIC_RX type=REAL src=4 seq=163 send_ms=1680310 recv_ms=1680873 bytes=48
TX,REAL,7,,167,48,1685245.0,1685223,1685245.0,,,,3912,1685245000	ID:7	[INFO: Metric    ] METRIC_TX type=REAL node=7 seq=167 bytes=48 time_ms=1685223
RX,REAL,,7,167,48,1685254.88,1684823,1685254.88,1685223,1684823,9.879999999888241,3913,1685254880	ID:1	[INFO: Metric    ] METRIC_RX type=REAL src=7 seq=167 send_ms=1685223 recv_ms=1684823 bytes=48
TX,REAL,2,,166,48,1685565.0,1685172,1685565.0,,,,3915,1685565000	ID:2	[INFO: Metric    ] METRIC_TX type=REAL node=2 seq=166 bytes=48 time_ms=1685172
RX,REAL,,2,166,48,1685583.88,1685152,1685583.88,1685172,1685152,18.87999999988824,3916,1685583880	ID:1	[INFO: Metric    ] METRIC_RX type=REAL src=2 seq=166 send_ms=1685172 recv_ms=1685152 bytes=48
TX,REAL,5,,164,48,1688249.0,1687279,1688249.0,,,,3918,1688249000	ID:5	[INFO: Metric    ] METRIC_TX type=REAL node=5 seq=164 bytes=48 time_ms=1687279
RX,REAL,,5,164,48,1688302.168,1687871,1688302.168,1687279,1687871,53.16800000006333,3919,1688302168	ID:1	[INFO: Metric    ] METRIC_RX type=REAL src=5 seq=164 send_ms=1687279 recv_ms=1687871 bytes=48
TX,REAL,6,,165,48,1690029.0,1689941,1690029.0,,,,3921,1690029000	ID:6	[INFO: Metric    ] METRIC_TX type=REAL node=6 seq=165 bytes=48 time_ms=1689941
RX,REAL,,6,165,48,1690047.88,1689616,1690047.88,1689941,1689616,18.87999999988824,3922,1690047880	ID:1	[INFO: Metric    ] METRIC_RX type=REAL src=6 seq=165 send_ms=1689941 recv_ms=1689616 bytes=48
TX,REAL,3,,167,48,1690170.0,1689958,1690170.0,,,,3924,1690170000	ID:3	[INFO: Metric    ] METRIC_TX type=REAL node=3 seq=167 bytes=48 time_ms=1689958
RX,REAL,,3,167,48,1690230.168,1689799,1690230.168,1689958,1689799,60.16800000006333,3925,1690230168	ID:1	[INFO: Metric    ] METRIC_RX type=REAL src=3 seq=167 send_ms=1689958 recv_ms=1689799 bytes=48
TX,REAL,4,,164,48,1691260.0,1690311,1691260.0,,,,3927,1691260000	ID:4	[INFO: Metric    ] METRIC_TX type=REAL node=4 seq=164 bytes=48 time_ms=1690311
RX,REAL,,4,164,48,1691322.168,1690891,1691322.168,1690311,1690891,62.16800000006333,3928,1691322168	ID:1	[INFO: Metric    ] METRIC_RX type=REAL src=4 seq=164 send_ms=1690311 recv_ms=1690891 bytes=48
TX,REAL,7,,168,48,1694246.0,1694224,1694246.0,,,,3930,1694246000	ID:7	[INFO: Metric    ] METRIC_TX type=REAL node=7 seq=168 bytes=48 time_ms=1694224
RX,REAL,,7,168,48,1694261.88,1693830,1694261.88,1694224,1693830,15.879999999888241,3931,1694261880	ID:1	[INFO: Metric    ] METRIC_RX type=REAL src=7 seq=168 send_ms=1694224 recv_ms=1693830 bytes=48
TX,REAL,2,,167,48,1696566.0,1696173,1696566.0,,,,3933,1696566000	ID:2	[INFO: Metric    ] METRIC_TX type=REAL node=2 seq=167 bytes=48 time_ms=1696173
RX,REAL,,2,167,48,1696600.88,1696169,1696600.88,1696173,1696169,34.87999999988824,3934,1696600880	ID:1	[INFO: Metric    ] METRIC_RX type=REAL src=2 seq=167 send_ms=1696173 recv_ms=1696169 bytes=48
TX,REAL,5,,165,48,1699250.0,1698280,1699250.0,,,,3936,1699250000	ID:5	[INFO: Metric    ] METRIC_TX type=REAL node=5 seq=165 bytes=48 time_ms=1698280
TX,DUMMY,5,,32,48,1699251.0,1698281,1699251.0,,,,3937,1699251000	ID:5	[INFO: Metric    ] METRIC_TX type=DUMMY node=5 seq=32 bytes=48 time_ms=1698281
RX,REAL,,5,165,48,1699291.168,1698860,1699291.168,1698280,1698860,41.16800000006333,3938,1699291168	ID:1	[INFO: Metric    ] METRIC_RX type=REAL src=5 seq=165 send_ms=1698280 recv_ms=1698860 bytes=48
RX,DUMMY,,5,32,48,1699333.168,1698902,1699333.168,1698281,1698902,,3940,1699333168	ID:1	[INFO: Metric    ] METRIC_RX type=DUMMY src=5 seq=32 send_ms=1698281 recv_ms=1698902 bytes=48
TX,REAL,3,,168,48,1700171.0,1699959,1700171.0,,,,3943,1700171000	ID:3	[INFO: Metric    ] METRIC_TX type=REAL node=3 seq=168 bytes=48 time_ms=1699959
RX,REAL,,3,168,48,1700242.168,1699811,1700242.168,1699959,1699811,71.16800000006333,3944,1700242168	ID:1	[INFO: Metric    ] METRIC_RX type=REAL src=3 seq=168 send_ms=1699959 recv_ms=1699811 bytes=48
TX,REAL,6,,166,48,1701030.0,1700942,1701030.0,,,,3946,1701030000	ID:6	[INFO: Metric    ] METRIC_TX type=REAL node=6 seq=166 bytes=48 time_ms=1700942
RX,REAL,,6,166,48,1701050.88,1700619,1701050.88,1700942,1700619,20.87999999988824,3947,1701050880	ID:1	[INFO: Metric    ] METRIC_RX type=REAL src=6 seq=166 send_ms=1700942 recv_ms=1700619 bytes=48
TX,REAL,4,,165,48,1702261.0,1701312,1702261.0,,,,3949,1702261000	ID:4	[INFO: Metric    ] METRIC_TX type=REAL node=4 seq=165 bytes=48 time_ms=1701312
RX,REAL,,4,165,48,1702319.168,1701888,1702319.168,1701312,1701888,58.16800000006333,3950,1702319168	ID:1	[INFO: Metric    ] METRIC_RX type=REAL src=4 seq=165 send_ms=1701312 recv_ms=1701888 bytes=48
TX,REAL,7,,169,48,1703247.0,1703225,1703247.0,,,,3952,1703247000	ID:7	[INFO: Metric    ] METRIC_TX type=REAL node=7 seq=169 bytes=48 time_ms=1703225
RX,REAL,,7,169,48,1703292.88,1702861,1703292.88,1703225,1702861,45.87999999988824,3953,1703292880	ID:1	[INFO: Metric    ] METRIC_RX type=REAL src=7 seq=169 send_ms=1703225 recv_ms=1702861 bytes=48
TX,REAL,2,,168,48,1707567.0,1707174,1707567.0,,,,3955,1707567000	ID:2	[INFO: Metric    ] METRIC_TX type=REAL node=2 seq=168 bytes=48 time_ms=1707174
TX,DUMMY,2,,32,48,1707568.0,1707175,1707568.0,,,,3956,1707568000	ID:2	[INFO: Metric    ] METRIC_TX type=DUMMY node=2 seq=32 bytes=48 time_ms=1707175
RX,REAL,,2,168,48,1707592.88,1707161,1707592.88,1707174,1707161,25.87999999988824,3957,1707592880	ID:1	[INFO: Metric    ] METRIC_RX type=REAL src=2 seq=168 send_ms=1707174 recv_ms=1707161 bytes=48
RX,DUMMY,,2,32,48,1707617.88,1707186,1707617.88,1707175,1707186,,3958,1707617880	ID:1	[INFO: Metric    ] METRIC_RX type=DUMMY src=2 seq=32 send_ms=1707175 recv_ms=1707186 bytes=48
TX,REAL,5,,166,48,1709252.0,1708282,1709252.0,,,,3961,1709252000	ID:5	[INFO: Metric    ] METRIC_TX type=REAL node=5 seq=166 bytes=48 time_ms=1708282
RX,REAL,,5,166,48,1709283.168,1708852,1709283.168,1708282,1708852,31.16800000006333,3962,1709283168	ID:1	[INFO: Metric    ] METRIC_RX type=REAL src=5 seq=166 send_ms=1708282 recv_ms=1708852 bytes=48
TX,REAL,3,,169,48,1711172.0,1710960,1711172.0,,,,3964,1711172000	ID:3	[INFO: Metric    ] METRIC_TX type=REAL node=3 seq=169 bytes=48 time_ms=1710960
RX,REAL,,3,169,48,1711215.168,1710784,1711215.168,1710960,1710784,43.16800000006333,3965,1711215168	ID:1	[INFO: Metric    ] METRIC_RX type=REAL src=3 seq=169 send_ms=1710960 recv_ms=1710784 bytes=48
TX,REAL,6,,167,48,1712031.0,1711943,1712031.0,,,,3967,1712031000	ID:6	[INFO: Metric    ] METRIC_TX type=REAL node=6 seq=167 bytes=48 time_ms=1711943
RX,REAL,,6,167,48,1712045.88,1711614,1712045.88,1711943,1711614,14.879999999888241,3968,1712045880	ID:1	[INFO: Metric    ] METRIC_RX type=REAL src=6 seq=167 send_ms=1711943 recv_ms=1711614 bytes=48
TX,REAL,7,,170,48,1712248.0,1712226,1712248.0,,,,3973,1712248000	ID:7	[INFO: Metric    ] METRIC_TX type=REAL node=7 seq=170 bytes=48 time_ms=1712226
TX,DUMMY,7,,23,48,1712249.0,1712227,1712249.0,,,,3974,1712249000	ID:7	[INFO: Metric    ] METRIC_TX type=DUMMY node=7 seq=23 bytes=48 time_ms=1712227
TX,REAL,4,,166,48,1712262.0,1711313,1712262.0,,,,3975,1712262000	ID:4	[INFO: Metric    ] METRIC_TX type=REAL node=4 seq=166 bytes=48 time_ms=1711313
RX,REAL,,7,170,48,1712291.88,1711860,1712291.88,1712226,1711860,43.87999999988824,3976,1712291880	ID:1	[INFO: Metric    ] METRIC_RX type=REAL src=7 seq=170 send_ms=1712226 recv_ms=1711860 bytes=48
RX,DUMMY,,7,23,48,1712316.88,1711885,1712316.88,1712227,1711885,,3977,1712316880	ID:1	[INFO: Metric    ] METRIC_RX type=DUMMY src=7 seq=23 send_ms=1712227 recv_ms=1711885 bytes=48
RX,REAL,,4,166,48,1712404.168,1711973,1712404.168,1711313,1711973,142.16800000006333,3980,1712404168	ID:1	[INFO: Metric    ] METRIC_RX type=REAL src=4 seq=166 send_ms=1711313 recv_ms=1711973 bytes=48
TX,REAL,2,,169,48,1716569.0,1716176,1716569.0,,,,3982,1716569000	ID:2	[INFO: Metric    ] METRIC_TX type=REAL node=2 seq=169 bytes=48 time_ms=1716176
RX,REAL,,2,169,48,1716592.88,1716161,1716592.88,1716176,1716161,23.87999999988824,3983,1716592880	ID:1	[INFO: Metric    ] METRIC_RX type=REAL src=2 seq=169 send_ms=1716176 recv_ms=1716161 bytes=48
TX,REAL,5,,167,48,1720253.0,1719283,1720253.0,,,,3985,1720253000	ID:5	[INFO: Metric    ] METRIC_TX type=REAL node=5 seq=167 bytes=48 time_ms=1719283
RX,REAL,,5,167,48,1720302.168,1719871,1720302.168,1719283,1719871,49.16800000006333,3986,1720302168	ID:1	[INFO: Metric    ] METRIC_RX type=REAL src=5 seq=167 send_ms=1719283 recv_ms=1719871 bytes=48
TX,REAL,3,,170,48,1721173.0,1720961,1721173.0,,,,3990,1721173000	ID:3	[INFO: Metric    ] METRIC_TX type=REAL node=3 seq=170 bytes=48 time_ms=1720961
TX,DUMMY,3,,27,48,1721174.0,1720962,1721174.0,,,,3991,1721174000	ID:3	[INFO: Metric    ] METRIC_TX type=DUMMY node=3 seq=27 bytes=48 time_ms=1720962
RX,REAL,,3,170,48,1721245.168,1720814,1721245.168,1720961,1720814,72.16800000006333,3992,1721245168	ID:1	[INFO: Metric    ] METRIC_RX type=REAL src=3 seq=170 send_ms=1720961 recv_ms=1720814 bytes=48
TX,REAL,7,,171,48,1721250.0,1721228,1721250.0,,,,3993,1721250000	ID:7	[INFO: Metric    ] METRIC_TX type=REAL node=7 seq=171 bytes=48 time_ms=1721228
RX,REAL,,7,171,48,1721259.88,1720828,1721259.88,1721228,1720828,9.879999999888241,3994,1721259880	ID:1	[INFO: Metric    ] METRIC_RX type=REAL src=7 seq=171 send_ms=1721228 recv_ms=1720828 bytes=48
RX,DUMMY,,3,27,48,1721307.168,1720876,1721307.168,1720962,1720876,,3997,1721307168	ID:1	[INFO: Metric    ] METRIC_RX type=DUMMY src=3 seq=27 send_ms=1720962 recv_ms=1720876 bytes=48
TX,REAL,6,,168,48,1722032.0,1721944,1722032.0,,,,3999,1722032000	ID:6	[INFO: Metric    ] METRIC_TX type=REAL node=6 seq=168 bytes=48 time_ms=1721944
RX,REAL,,6,168,48,1722055.88,1721624,1722055.88,1721944,1721624,23.87999999988824,4000,1722055880	ID:1	[INFO: Metric    ] METRIC_RX type=REAL src=6 seq=168 send_ms=1721944 recv_ms=1721624 bytes=48
TX,REAL,4,,167,48,1723263.0,1722314,1723263.0,,,,4002,1723263000	ID:4	[INFO: Metric    ] METRIC_TX type=REAL node=4 seq=167 bytes=48 time_ms=1722314
TX,DUMMY,4,,26,48,1723264.0,1722315,1723264.0,,,,4003,1723264000	ID:4	[INFO: Metric    ] METRIC_TX type=DUMMY node=4 seq=26 bytes=48 time_ms=1722315
RX,REAL,,4,167,48,1723341.168,1722910,1723341.168,1722314,1722910,78.16800000006333,4004,1723341168	ID:1	[INFO: Metric    ] METRIC_RX type=REAL src=4 seq=167 send_ms=1722314 recv_ms=1722910 bytes=48
RX,DUMMY,,4,26,48,1723349.168,1722918,1723349.168,1722315,1722918,,4006,1723349168	ID:1	[INFO: Metric    ] METRIC_RX type=DUMMY src=4 seq=26 send_ms=1722315 recv_ms=1722918 bytes=48
TX,REAL,2,,170,48,1726570.0,1726177,1726570.0,,,,4011,1726570000	ID:2	[INFO: Metric    ] METRIC_TX type=REAL node=2 seq=170 bytes=48 time_ms=1726177
RX,REAL,,2,170,48,1726605.88,1726174,1726605.88,1726177,1726174,35.87999999988824,4012,1726605880	ID:1	[INFO: Metric    ] METRIC_RX type=REAL src=2 seq=170 send_ms=1726177 recv_ms=1726174 bytes=48
TX,REAL,3,,171,48,1731175.0,1730963,1731175.0,,,,4014,1731175000	ID:3	[INFO: Metric    ] METRIC_TX type=REAL node=3 seq=171 bytes=48 time_ms=1730963
RX,REAL,,3,171,48,1731197.168,1730766,1731197.168,1730963,1730766,22.16800000006333,4015,1731197168	ID:1	[INFO: Metric    ] METRIC_RX type=REAL src=3 seq=171 send_ms=1730963 recv_ms=1730766 bytes=48
TX,REAL,7,,172,48,1731251.0,1731229,1731251.0,,,,4016,1731251000	ID:7	[INFO: Metric    ] METRIC_TX type=REAL node=7 seq=172 bytes=48 time_ms=1731229
TX,REAL,5,,168,48,1731254.0,1730284,1731254.0,,,,4017,1731254000	ID:5	[INFO: Metric    ] METRIC_TX type=REAL node=5 seq=168 bytes=48 time_ms=1730284
RX,REAL,,7,172,48,1731276.88,1730845,1731276.88,1731229,1730845,25.87999999988824,4019,1731276880	ID:1	[INFO: Metric    ] METRIC_RX type=REAL src=7 seq=172 send_ms=1731229 recv_ms=1730845 bytes=48
RX,REAL,,5,168,48,1731328.168,1730897,1731328.168,1730284,1730897,74.16800000006333,4021,1731328168	ID:1	[INFO: Metric    ] METRIC_RX type=REAL src=5 seq=168 send_ms=1730284 recv_ms=1730897 bytes=48
TX,REAL,4,,168,48,1732265.0,1731316,1732265.0,,,,4023,1732265000	ID:4	[INFO: Metric    ] METRIC_TX type=REAL node=4 seq=168 bytes=48 time_ms=1731316
RX,REAL,,4,168,48,1732311.168,1731880,1732311.168,1731316,1731880,46.16800000006333,4024,1732311168	ID:1	[INFO: Metric    ] METRIC_RX type=REAL src=4 seq=168 send_ms=1731316 recv_ms=1731880 bytes=48
TX,REAL,6,,169,48,1733033.0,1732945,1733033.0,,,,4026,1733033000	ID:6	[INFO: Metric    ] METRIC_TX type=REAL node=6 seq=169 bytes=48 time_ms=1732945
RX,REAL,,6,169,48,1733051.88,1732620,1733051.88,1732945,1732620,18.87999999988824,4027,1733051880	ID:1	[INFO: Metric    ] METRIC_RX type=REAL src=6 seq=169 send_ms=1732945 recv_ms=1732620 bytes=48
TX,REAL,2,,171,48,1736571.0,1736178,1736571.0,,,,4029,1736571000	ID:2	[INFO: Metric    ] METRIC_TX type=REAL node=2 seq=171 bytes=48 time_ms=1736178
RX,REAL,,2,171,48,1736602.88,1736171,1736602.88,1736178,1736171,31.87999999988824,4030,1736602880	ID:1	[INFO: Metric    ] METRIC_RX type=REAL src=2 seq=171 send_ms=1736178 recv_ms=1736171 bytes=48
TX,REAL,7,,173,48,1741252.0,1741230,1741252.0,,,,4032,1741252000	ID:7	[INFO: Metric    ] METRIC_TX type=REAL node=7 seq=173 bytes=48 time_ms=1741230
TX,REAL,5,,169,48,1741255.0,1740285,1741255.0,,,,4033,1741255000	ID:5	[INFO: Metric    ] METRIC_TX type=REAL node=5 seq=169 bytes=48 time_ms=1740285
TX,REAL,4,,169,48,1741266.0,1740317,1741266.0,,,,4034,1741266000	ID:4	[INFO: Metric    ] METRIC_TX type=REAL node=4 seq=169 bytes=48 time_ms=1740317
RX,REAL,,5,169,48,1741358.168,1740927,1741358.168,1740285,1740927,103.16800000006333,4035,1741358168	ID:1	[INFO: Metric    ] METRIC_RX type=REAL src=5 seq=169 send_ms=1740285 recv_ms=1740927 bytes=48
RX,REAL,,7,173,48,1741440.88,1741009,1741440.88,1741230,1741009,188.87999999988824,4037,1741440880	ID:1	[INFO: Metric    ] METRIC_RX type=REAL src=7 seq=173 send_ms=1741230 recv_ms=1741009 bytes=48
RX,REAL,,4,169,48,1741494.168,1741063,1741494.168,1740317,1741063,228.16800000006333,4040,1741494168	ID:1	[INFO: Metric    ] METRIC_RX type=REAL src=4 seq=169 send_ms=1740317 recv_ms=1741063 bytes=48
TX,REAL,3,,172,48,1742176.0,1741964,1742176.0,,,,4042,1742176000	ID:3	[INFO: Metric    ] METRIC_TX type=REAL node=3 seq=172 bytes=48 time_ms=1741964
RX,REAL,,3,172,48,1742213.168,1741782,1742213.168,1741964,1741782,37.16800000006333,4043,1742213168	ID:1	[INFO: Metric    ] METRIC_RX type=REAL src=3 seq=172 send_ms=1741964 recv_ms=1741782 bytes=48
TX,REAL,6,,170,48,1744034.0,1743946,1744034.0,,,,4047,1744034000	ID:6	[INFO: Metric    ] METRIC_TX type=REAL node=6 seq=170 bytes=48 time_ms=1743946
RX,REAL,,6,170,48,1744059.88,1743628,1744059.88,1743946,1743628,25.87999999988824,4048,1744059880	ID:1	[INFO: Metric    ] METRIC_RX type=REAL src=6 seq=170 send_ms=1743946 recv_ms=1743628 bytes=48
TX,REAL,2,,172,48,1746572.0,1746179,1746572.0,,,,4050,1746572000	ID:2	[INFO: Metric    ] METRIC_TX type=REAL node=2 seq=172 bytes=48 time_ms=1746179
RX,REAL,,2,172,48,1746593.88,1746162,1746593.88,1746179,1746162,21.87999999988824,4051,1746593880	ID:1	[INFO: Metric    ] METRIC_RX type=REAL src=2 seq=172 send_ms=1746179 recv_ms=1746162 bytes=48
TX,REAL,5,,170,48,1750256.0,1749286,1750256.0,,,,4055,1750256000	ID:5	[INFO: Metric    ] METRIC_TX type=REAL node=5 seq=170 bytes=48 time_ms=1749286
TX,REAL,4,,170,48,1750267.0,1749318,1750267.0,,,,4058,1750267000	ID:4	[INFO: Metric    ] METRIC_TX type=REAL node=4 seq=170 bytes=48 time_ms=1749318
RX,REAL,,4,170,48,1750375.168,1749944,1750375.168,1749318,1749944,108.16800000006333,4059,1750375168	ID:1	[INFO: Metric    ] METRIC_RX type=REAL src=4 seq=170 send_ms=1749318 recv_ms=1749944 bytes=48
RX,REAL,,5,170,48,1750394.168,1749963,1750394.168,1749286,1749963,138.16800000006333,4060,1750394168	ID:1	[INFO: Metric    ] METRIC_RX type=REAL src=5 seq=170 send_ms=1749286 recv_ms=1749963 bytes=48
TX,REAL,3,,173,48,1752177.0,1751965,1752177.0,,,,4063,1752177000	ID:3	[INFO: Metric    ] METRIC_TX type=REAL node=3 seq=173 bytes=48 time_ms=1751965
TX,DUMMY,3,,28,48,1752178.0,1751966,1752178.0,,,,4064,1752178000	ID:3	[INFO: Metric    ] METRIC_TX type=DUMMY node=3 seq=28 bytes=48 time_ms=1751966
RX,REAL,,3,173,48,1752239.168,1751808,1752239.168,1751965,1751808,62.16800000006333,4065,1752239168	ID:1	[INFO: Metric    ] METRIC_RX type=REAL src=3 seq=173 send_ms=1751965 recv_ms=1751808 bytes=48
TX,REAL,7,,174,48,1752252.04,1752231,1752252.04,,,,4066,1752252040	ID:7	[INFO: Metric    ] METRIC_TX type=REAL node=7 seq=174 bytes=48 time_ms=1752231
TX,DUMMY,7,,24,48,1752253.04,1752231,1752253.04,,,,4067,1752253040	ID:7	[INFO: Metric    ] METRIC_TX type=DUMMY node=7 seq=24 bytes=48 time_ms=1752231
RX,REAL,,7,174,48,1752313.88,1751882,1752313.88,1752231,1751882,61.83999999985099,4069,1752313880	ID:1	[INFO: Metric    ] METRIC_RX type=REAL src=7 seq=174 send_ms=1752231 recv_ms=1751882 bytes=48
RX,DUMMY,,3,28,48,1752330.168,1751899,1752330.168,1751966,1751899,,4070,1752330168	ID:1	[INFO: Metric    ] METRIC_RX type=DUMMY src=3 seq=28 send_ms=1751966 recv_ms=1751899 bytes=48
RX,DUMMY,,7,24,48,1752344.88,1751913,1752344.88,1752231,1751913,,4072,1752344880	ID:1	[INFO: Metric    ] METRIC_RX type=DUMMY src=7 seq=24 send_ms=1752231 recv_ms=1751913 bytes=48
TX,REAL,6,,171,48,1753035.0,1752947,1753035.0,,,,4076,1753035000	ID:6	[INFO: Metric    ] METRIC_TX type=REAL node=6 seq=171 bytes=48 time_ms=1752947
RX,REAL,,6,171,48,1753062.88,1752631,1753062.88,1752947,1752631,27.87999999988824,4077,1753062880	ID:1	[INFO: Metric    ] METRIC_RX type=REAL src=6 seq=171 send_ms=1752947 recv_ms=1752631 bytes=48
TX,REAL,2,,173,48,1756573.0,1756180,1756573.0,,,,4079,1756573000	ID:2	[INFO: Metric    ] METRIC_TX type=REAL node=2 seq=173 bytes=48 time_ms=1756180
RX,REAL,,2,173,48,1756616.88,1756185,1756616.88,1756180,1756185,43.87999999988824,4080,1756616880	ID:1	[INFO: Metric    ] METRIC_RX type=REAL src=2 seq=173 send_ms=1756180 recv_ms=1756185 bytes=48
TX,REAL,3,,174,48,1761179.0,1760967,1761179.0,,,,4082,1761179000	ID:3	[INFO: Metric    ] METRIC_TX type=REAL node=3 seq=174 bytes=48 time_ms=1760967
TX,DUMMY,3,,29,48,1761180.0,1760968,1761180.0,,,,4083,1761180000	ID:3	[INFO: Metric    ] METRIC_TX type=DUMMY node=3 seq=29 bytes=48 time_ms=1760968
TX,REAL,7,,175,48,1761254.0,1761232,1761254.0,,,,4084,1761254000	ID:7	[INFO: Metric    ] METRIC_TX type=REAL node=7 seq=175 bytes=48 time_ms=1761232
TX,DUMMY,7,,25,48,1761255.0,1761233,1761255.0,,,,4085,1761255000	ID:7	[INFO: Metric    ] METRIC_TX type=DUMMY node=7 seq=25 bytes=48 time_ms=1761233
TX,REAL,5,,171,48,1761257.0,1760287,1761257.0,,,,4086,1761257000	ID:5	[INFO: Metric    ] METRIC_TX type=REAL node=5 seq=171 bytes=48 time_ms=1760287
RX,REAL,,3,174,48,1761259.168,1760828,1761259.168,1760967,1760828,80.16800000006333,4087,1761259168	ID:1	[INFO: Metric    ] METRIC_RX type=REAL src=3 seq=174 send_ms=1760967 recv_ms=1760828 bytes=48
TX,REAL,4,,171,48,1761268.0,1760319,1761268.0,,,,4088,1761268000	ID:4	[INFO: Metric    ] METRIC_TX type=REAL node=4 seq=171 bytes=48 time_ms=1760319
RX,REAL,,7,175,48,1761269.88,1760838,1761269.88,1761232,1760838,15.879999999888241,4089,1761269880	ID:1	[INFO: Metric    ] METRIC_RX type=REAL src=7 seq=175 send_ms=1761232 recv_ms=1760838 bytes=48
RX,DUMMY,,7,25,48,1761300.8,1760869,1761300.8,1761233,1760869,,4091,1761300800	ID:1	[INFO: Metric    ] METRIC_RX type=DUMMY src=7 seq=25 send_ms=1761233 recv_ms=1760869 bytes=48
RX,DUMMY,,3,29,48,1761304.968,1760873,1761304.968,1760968,1760873,,4092,1761304968	ID:1	[INFO: Metric    ] METRIC_RX type=DUMMY src=3 seq=29 send_ms=1760968 recv_ms=1760873 bytes=48
RX,REAL,,4,171,48,1761409.168,1760978,1761409.168,1760319,1760978,141.16800000006333,4095,1761409168	ID:1	[INFO: Metric    ] METRIC_RX type=REAL src=4 seq=171 send_ms=1760319 recv_ms=1760978 bytes=48
RX,REAL,,5,171,48,1761426.168,1760995,1761426.168,1760287,1760995,169.16800000006333,4096,1761426168	ID:1	[INFO: Metric    ] METRIC_RX type=REAL src=5 seq=171 send_ms=1760287 recv_ms=1760995 bytes=48
TX,REAL,6,,172,48,1763036.0,1762948,1763036.0,,,,4099,1763036000	ID:6	[INFO: Metric    ] METRIC_TX type=REAL node=6 seq=172 bytes=48 time_ms=1762948
RX,REAL,,6,172,48,1763058.88,1762627,1763058.88,1762948,1762627,22.87999999988824,4100,1763058880	ID:1	[INFO: Metric    ] METRIC_RX type=REAL src=6 seq=172 send_ms=1762948 recv_ms=1762627 bytes=48
TX,REAL,2,,174,48,1765574.0,1765181,1765574.0,,,,4102,1765574000	ID:2	[INFO: Metric    ] METRIC_TX type=REAL node=2 seq=174 bytes=48 time_ms=1765181
RX,REAL,,2,174,48,1765596.88,1765165,1765596.88,1765181,1765165,22.87999999988824,4103,1765596880	ID:1	[INFO: Metric    ] METRIC_RX type=REAL src=2 seq=174 send_ms=1765181 recv_ms=1765165 bytes=48
TX,REAL,5,,172,48,1771258.0,1770288,1771258.0,,,,4106,1771258000	ID:5	[INFO: Metric    ] METRIC_TX type=REAL node=5 seq=172 bytes=48 time_ms=1770288
TX,REAL,4,,172,48,1771269.0,1770320,1771269.0,,,,4107,1771269000	ID:4	[INFO: Metric    ] METRIC_TX type=REAL node=4 seq=172 bytes=48 time_ms=1770320
RX,REAL,,5,172,48,1771313.168,1770882,1771313.168,1770288,1770882,55.16800000006333,4108,1771313168	ID:1	[INFO: Metric    ] METRIC_RX type=REAL src=5 seq=172 send_ms=1770288 recv_ms=1770882 bytes=48
RX,REAL,,4,172,48,1771381.168,1770950,1771381.168,1770320,1770950,112.16800000006333,4110,1771381168	ID:1	[INFO: Metric    ] METRIC_RX type=REAL src=4 seq=172 send_ms=1770320 recv_ms=1770950 bytes=48
TX,REAL,3,,175,48,1772181.0,1771969,1772181.0,,,,4112,1772181000	ID:3	[INFO: Metric    ] METRIC_TX type=REAL node=3 seq=175 bytes=48 time_ms=1771969
RX,REAL,,3,175,48,1772203.304,1771772,1772203.304,1771969,1771772,22.304000000003725,4113,1772203304	ID:1	[INFO: Metric    ] METRIC_RX type=REAL src=3 seq=175 send_ms=1771969 recv_ms=1771772 bytes=48
TX,REAL,7,,176,48,1772256.0,1772234,1772256.0,,,,4115,1772256000	ID:7	[INFO: Metric    ] METRIC_TX type=REAL node=7 seq=176 bytes=48 time_ms=1772234
TX,DUMMY,7,,26,48,1772257.0,1772235,1772257.0,,,,4116,1772257000	ID:7	[INFO: Metric    ] METRIC_TX type=DUMMY node=7 seq=26 bytes=48 time_ms=1772235
RX,REAL,,7,176,48,1772292.88,1771861,1772292.88,1772234,1771861,36.87999999988824,4117,1772292880	ID:1	[INFO: Metric    ] METRIC_RX type=REAL src=7 seq=176 send_ms=1772234 recv_ms=1771861 bytes=48
RX,DUMMY,,7,26,48,1772310.88,1771879,1772310.88,1772235,1771879,,4118,1772310880	ID:1	[INFO: Metric    ] METRIC_RX type=DUMMY src=7 seq=26 send_ms=1772235 recv_ms=1771879 bytes=48
TX,REAL,6,,173,48,1774037.0,1773949,1774037.0,,,,4121,1774037000	ID:6	[INFO: Metric    ] METRIC_TX type=REAL node=6 seq=173 bytes=48 time_ms=1773949
RX,REAL,,6,173,48,1774070.88,1773639,1774070.88,1773949,1773639,33.87999999988824,4122,1774070880	ID:1	[INFO: Metric    ] METRIC_RX type=REAL src=6 seq=173 send_ms=1773949 recv_ms=1773639 bytes=48
TX,REAL,2,,175,48,1776575.0,1776182,1776575.0,,,,4124,1776575000	ID:2	[INFO: Metric    ] METRIC_TX type=REAL node=2 seq=175 bytes=48 time_ms=1776182
RX,REAL,,2,175,48,1776580.88,1776149,1776580.88,1776182,1776149,5.879999999888241,4125,1776580880	ID:1	[INFO: Metric    ] METRIC_RX type=REAL src=2 seq=175 send_ms=1776182 recv_ms=1776149 bytes=48
TX,REAL,3,,176,48,1781182.0,1780970,1781182.0,,,,4127,1781182000	ID:3	[INFO: Metric    ] METRIC_TX type=REAL node=3 seq=176 bytes=48 time_ms=1780970
RX,REAL,,3,176,48,1781213.168,1780782,1781213.168,1780970,1780782,31.16800000006333,4128,1781213168	ID:1	[INFO: Metric    ] METRIC_RX type=REAL src=3 seq=176 send_ms=1780970 recv_ms=1780782 bytes=48
TX,REAL,4,,173,48,1781270.0,1780321,1781270.0,,,,4129,1781270000	ID:4	[INFO: Metric    ] METRIC_TX type=REAL node=4 seq=173 bytes=48 time_ms=1780321
RX,REAL,,4,173,48,1781355.168,1780924,1781355.168,1780321,1780924,85.16800000006333,4131,1781355168	ID:1	[INFO: Metric    ] METRIC_RX type=REAL src=4 seq=173 send_ms=1780321 recv_ms=1780924 bytes=48
TX,REAL,7,,177,48,1782258.0,1782236,1782258.0,,,,4133,1782258000	ID:7	[INFO: Metric    ] METRIC_TX type=REAL node=7 seq=177 bytes=48 time_ms=1782236
TX,REAL,5,,173,48,1782259.0,1781289,1782259.0,,,,4134,1782259000	ID:5	[INFO: Metric    ] METRIC_TX type=REAL node=5 seq=173 bytes=48 time_ms=1781289
RX,REAL,,7,177,48,1782275.88,1781844,1782275.88,1782236,1781844,17.87999999988824,4135,1782275880	ID:1	[INFO: Metric    ] METRIC_RX type=REAL src=7 seq=177 send_ms=1782236 recv_ms=1781844 bytes=48
RX,REAL,,5,173,48,1782334.168,1781903,1782334.168,1781289,1781903,75.16800000006333,4138,1782334168	ID:1	[INFO: Metric    ] METRIC_RX type=REAL src=5 seq=173 send_ms=1781289 recv_ms=1781903 bytes=48
TX,REAL,6,,174,48,1785038.0,1784950,1785038.0,,,,4140,1785038000	ID:6	[INFO: Metric    ] METRIC_TX type=REAL node=6 seq=174 bytes=48 time_ms=1784950
RX,REAL,,6,174,48,1785069.88,1784638,1785069.88,1784950,1784638,31.87999999988824,4141,1785069880	ID:1	[INFO: Metric    ] METRIC_RX type=REAL src=6 seq=174 send_ms=1784950 recv_ms=1784638 bytes=48
TX,REAL,2,,176,48,1787576.0,1787183,1787576.0,,,,4143,1787576000	ID:2	[INFO: Metric    ] METRIC_TX type=REAL node=2 seq=176 bytes=48 time_ms=1787183
TX,DUMMY,2,,33,48,1787577.0,1787184,1787577.0,,,,4144,1787577000	ID:2	[INFO: Metric    ] METRIC_TX type=DUMMY node=2 seq=33 bytes=48 time_ms=1787184
RX,REAL,,2,176,48,1787612.88,1787181,1787612.88,1787183,1787181,36.87999999988824,4145,1787612880	ID:1	[INFO: Metric    ] METRIC_RX type=REAL src=2 seq=176 send_ms=1787183 recv_ms=1787181 bytes=48
RX,DUMMY,,2,33,48,1787649.88,1787218,1787649.88,1787184,1787218,,4147,1787649880	ID:1	[INFO: Metric    ] METRIC_RX type=DUMMY src=2 seq=33 send_ms=1787184 recv_ms=1787218 bytes=48
TX,REAL,3,,177,48,1790183.0,1789971,1790183.0,,,,4149,1790183000	ID:3	[INFO: Metric    ] METRIC_TX type=REAL node=3 seq=177 bytes=48 time_ms=1789971
TX,DUMMY,3,,30,48,1790184.0,1789972,1790184.0,,,,4150,1790184000	ID:3	[INFO: Metric    ] METRIC_TX type=DUMMY node=3 seq=30 bytes=48 time_ms=1789972
RX,REAL,,3,177,48,1790224.168,1789793,1790224.168,1789971,1789793,41.16800000006333,4151,1790224168	ID:1	[INFO: Metric    ] METRIC_RX type=REAL src=3 seq=177 send_ms=1789971 recv_ms=1789793 bytes=48
RX,DUMMY,,3,30,48,1790278.168,1789847,1790278.168,1789972,1789847,,4152,1790278168	ID:1	[INFO: Metric    ] METRIC_RX type=DUMMY src=3 seq=30 send_ms=1789972 recv_ms=1789847 bytes=48
TX,REAL,7,,178,48,1791259.0,1791237,1791259.0,,,,4155,1791259000	ID:7	[INFO: Metric    ] METRIC_TX type=REAL node=7 seq=178 bytes=48 time_ms=1791237
RX,REAL,,7,178,48,1791277.88,1790846,1791277.88,1791237,1790846,18.87999999988824,4156,1791277880	ID:1	[INFO: Metric    ] METRIC_RX type=REAL src=7 seq=178 send_ms=1791237 recv_ms=1790846 bytes=48
TX,REAL,4,,174,48,1792271.0,1791322,1792271.0,,,,4158,1792271000	ID:4	[INFO: Metric    ] METRIC_TX type=REAL node=4 seq=174 bytes=48 time_ms=1791322
RX,REAL,,4,174,48,1792326.168,1791895,1792326.168,1791322,1791895,55.16800000006333,4159,1792326168	ID:1	[INFO: Metric    ] METRIC_RX type=REAL src=4 seq=174 send_ms=1791322 recv_ms=1791895 bytes=48
TX,REAL,5,,174,48,1793260.0,1792290,1793260.0,,,,4161,1793260000	ID:5	[INFO: Metric    ] METRIC_TX type=REAL node=5 seq=174 bytes=48 time_ms=1792290
RX,REAL,,5,174,48,1793311.168,1792880,1793311.168,1792290,1792880,51.16800000006333,4162,1793311168	ID:1	[INFO: Metric    ] METRIC_RX type=REAL src=5 seq=174 send_ms=1792290 recv_ms=1792880 bytes=48
TX,REAL,6,,175,48,1796039.0,1795951,1796039.0,,,,4164,1796039000	ID:6	[INFO: Metric    ] METRIC_TX type=REAL node=6 seq=175 bytes=48 time_ms=1795951
RX,REAL,,6,175,48,1796065.88,1795634,1796065.88,1795951,1795634,26.87999999988824,4165,1796065880	ID:1	[INFO: Metric    ] METRIC_RX type=REAL src=6 seq=175 send_ms=1795951 recv_ms=1795634 bytes=48
TX,REAL,2,,177,48,1798578.0,1798185,1798578.0,,,,4168,1798578000	ID:2	[INFO: Metric    ] METRIC_TX type=REAL node=2 seq=177 bytes=48 time_ms=1798185
RX,REAL,,2,177,48,1798600.88,1798169,1798600.88,1798185,1798169,22.87999999988824,4169,1798600880	ID:1	[INFO: Metric    ] METRIC_RX type=REAL src=2 seq=177 send_ms=1798185 recv_ms=1798169 bytes=48
TX,REAL,3,,178,48,1799185.0,1798973,1799185.0,,,,4171,1799185000	ID:3	[INFO: Metric    ] METRIC_TX type=REAL node=3 seq=178 bytes=48 time_ms=1798973
RX,REAL,,3,178,48,1799268.168,1798837,1799268.168,1798973,1798837,83.16800000006333,4172,1799268168	ID:1	[INFO: Metric    ] METRIC_RX type=REAL src=3 seq=178 send_ms=1798973 recv_ms=1798837 bytes=48
