{
  "split": "test",
  "model_type": "lstm",
  "accuracy": 0.15786062988724242,
  "f1_macro": 0.1234236206001496,
  "precision_macro": 0.20027982900691632,
  "recall_macro": 0.18350540867240508,
  "per_class_recall": {
    "Bathe": 0.7291666666666666,
    "Bed_Toilet_Transition": 0.1375,
    "Cook": 0.0,
    "Cook_Breakfast": 0.0010851871947911015,
    "Cook_Dinner": 0.024691358024691357,
    "Cook_Lunch": 0.00847457627118644,
    "Dress": 0.06015037593984962,
    "Drink": 0.044444444444444446,
    "Eat": 0.022222222222222223,
    "Eat_Breakfast": 0.006734006734006734,
    "Eat_Dinner": 0.05405405405405406,
    "Eat_Lunch": 0.07692307692307693,
    "Enter_Home": 0.437984496124031,
    "Entertain_Guests": 0.7188612099644128,
    "Evening_Meds": 0.024691358024691357,
    "Go_To_Sleep": 0.32,
    "Groom": 0.016304347826086956,
    "Leave_Home": 0.4818941504178273,
    "Morning_Meds": 0.024464831804281346,
    "Personal_Hygiene": 0.11612903225806452,
    "Phone": 0.2833333333333333,
    "Read": 0.002652519893899204,
    "Relax": 0.07326732673267326,
    "Sleep": 0.5838991270611057,
    "Sleep_Out_Of_Bed": 0.25888324873096447,
    "Step_Out": 0.04242424242424243,
    "Toilet": 0.3313253012048193,
    "Wake_Up": 0.08333333333333333,
    "Wash_Breakfast_Dishes": 0.10588235294117647,
    "Wash_Dinner_Dishes": 0.0,
    "Wash_Dishes": 0.010810810810810811,
    "Wash_Lunch_Dishes": 0.3068181818181818,
    "Watch_TV": 0.017445388349514562,
    "Work_At_Table": 0.8333333333333334
  },
  "confusion_matrix": [
    [
      1260,
      108,
      0,
      0,
      0,
      0,
      0,
      0,
      0,
      0,
      0,
      0,
      0,
      97,
      0,
      7,
      10,
      42,
      0,
      121,
      0,
      0,
      0,
      2,
      0,
      0,
      81,
      0,
      0,
      0,
      0,
      0,
      0,
      0
    ],
    [
      17,
      11,
      0,
      0,
      0,
      0,
      0,
      0,
      0,
      0,
      0,
      0,
      0,
      21,
      0,
      0,
      1,
      3,
      0,
      19,
      0,
      0,
      0,
      1,
      0,
      0,
      7,
      0,
      0,
      0,
      0,
      0,
      0,
      0
    ],
    [
      1,
      0,
      0,
      0,
      7,
      1,
      1,
      7,
      0,
      0,
      0,
      0,
      0,
      115,
      6,
      1,
      0,
      1,
      0,
      1,
      0,
      0,
      0,
      0,
      0,
      0,
      0,
      0,
      22,
      0,
      1,
      147,
      0,
      0
    ],
    [
      0,
      0,
      0,
      2,
      57,
      5,
      0,
      31,
      0,
      0,
      0,
      0,
      0,
      786,
      18,
      4,
      0,
      4,
      3,
      1,
      0,
      0,
      0,
      1,
      2,
      0,
      4,
      0,
      127,
      0,
      17,
      781,
      0,
      0
    ],
    [
      0,
      0,
      0,
      0,
      16,
      1,
      0,
      12,
      0,
      0,
      0,
      0,
      3,
      271,
      8,
      1,
      0,
      1,
      5,
      0,
      1,
      0,
      0,
      0,
      0,
      0,
      1,
      0,
      65,
      0,
      6,
      257,
      0,
      0
    ],
    [
      0,
      0,
      0,
      0,
      11,
      3,
      0,
      4,
      0,
      0,
      0,
      0,
      1,
      132,
      2,
      0,
      0,
      1,
      0,
      0,
      0,
      0,
      0,
      0,
      0,
      0,
      1,
      0,
      26,
      0,
      5,
      167,
      0,
      1
    ],
    [
      1,
      0,
      0,
      1,
      0,
      0,
      96,
      1,
      0,
      0,
      0,
      1,
      1,
      466,
      2,
      144,
      8,
      25,
      0,
      2,
      1,
      0,
      0,
      704,
      1,
      1,
      3,
      133,
      5,
      0,
      0,
      0,
      0,
      0
    ],
    [
      0,
      0,
      0,
      0,
      11,
      2,
      0,
      18,
      0,
      0,
      0,
      0,
      2,
      203,
      18,
      1,
      0,
      3,
      3,
      0,
      0,
      0,
      0,
      0,
      1,
      0,
      5,
      0,
      31,
      0,
      17,
      90,
      0,
      0
    ],
    [
      0,
      0,
      0,
      0,
      0,
      0,
      1,
      0,
      1,
      0,
      2,
      1,
      0,
      17,
      0,
      0,
      0,
      5,
      0,
      0,
      0,
      0,
      3,
      0,
      12,
      0,
      2,
      0,
      0,
      0,
      0,
      0,
      0,
      1
    ],
    [
      1,
      0,
      0,
      0,
      0,
      0,
      0,
      0,
      2,
      2,
      10,
      13,
      0,
      96,
      0,
      2,
      0,
      52,
      0,
      0,
      35,
      0,
      17,
      0,
      59,
      3,
      2,
      0,
      0,
      0,
      0,
      0,
      3,
      0
    ],
    [
      0,
      0,
      0,
      0,
      0,
      0,
      0,
      0,
      1,
      1,
      6,
      2,
      1,
      35,
      0,
      0,
      0,
      16,
      0,
      0,
      11,
      0,
      4,
      0,
      29,
      1,
      4,
      0,
      0,
      0,
      0,
      0,
      0,
      0
    ],
    [
      0,
      0,
      0,
      0,
      0,
      0,
      0,
      0,
      0,
      0,
      4,
      6,
      1,
      23,
      0,
      0,
      0,
      12,
      0,
      0,
      7,
      1,
      6,
      0,
      16,
      1,
      0,
      0,
      1,
      0,
      0,
      0,
      0,
      0
    ],
    [
      0,
      0,
      0,
      0,
      0,
      0,
      0,
      0,
      0,
      0,
      0,
      0,
      113,
      103,
      0,
      0,
      1,
      15,
      0,
      0,
      0,
      0,
      0,
      0,
      0,
      11,
      15,
      0,
      0,
      0,
      0,
      0,
      0,
      0
    ],
    [
      0,
      0,
      0,
      0,
      0,
      1,
      0,
      0,
      0,
      0,
      1,
      0,
      5,
      202,
      1,
      0,
      0,
      7,
      0,
      0,
      1,
      0,
      0,
      0,
      1,
      1,
      5,
      0,
      6,
      0,
      1,
      49,
      0,
      0
    ],
    [
      0,
      0,
      0,
      1,
      13,
      2,
      0,
      19,
      0,
      0,
      0,
      0,
      0,
      153,
      8,
      0,
      0,
      1,
      1,
      2,
      0,
      0,
      0,
      0,
      2,
      0,
      3,
      0,
      26,
      0,
      17,
      75,
      0,
      1
    ],
    [
      0,
      0,
      0,
      0,
      0,
      0,
      3,
      1,
      0,
      0,
      0,
      0,
      0,
      16,
      0,
      16,
      0,
      1,
      0,
      0,
      0,
      0,
      0,
      13,
      0,
      0,
      0,
      0,
      0,
      0,
      0,
      0,
      0,
      0
    ],
    [
      68,
      19,
      0,
      0,
      0,
      0,
      0,
      0,
      0,
      0,
      0,
      0,
      0,
      41,
      0,
      1,
      3,
      3,
      0,
      28,
      0,
      0,
      0,
      1,
      0,
      0,
      19,
      0,
      1,
      0,
      0,
      0,
      0,
      0
    ],
    [
      0,
      0,
      0,
      0,
      0,
      0,
      0,
      0,
      1,
      0,
      0,
      0,
      10,
      122,
      0,
      1,
      0,
      173,
      0,
      0,
      8,
      0,
      2,
      2,
      22,
      10,
      7,
      0,
      0,
      0,
      0,
      0,
      1,
      0
    ],
    [
      0,
      0,
      0,
      0,
      6,
      0,
      0,
      9,
      0,
      0,
      0,
      0,
      3,
      168,
      8,
      0,
      0,
      0,
      8,
      0,
      0,
      0,
      0,
      0,
      1,
      0,
      1,
      0,
      30,
      1,
      12,
      80,
      0,
      0
    ],
    [
      648,
      129,
      0,
      0,
      0,
      0,
      1,
      0,
      0,
      0,
      0,
      0,
      2,
      217,
      0,
      0,
      6,
      49,
      0,
      162,
      0,
      0,
      0,
      3,
      0,
      1,
      176,
      0,
      1,
      0,
      0,
      0,
      0,
      0
