{
  "mode": "fixed_attacker",
  "distortion": {
    "mse": 0.20618137994927851,
    "mae": 0.2291392371113853,
    "pearson_r": 0.5943600899092415,
    "mean_relative_abs_error": 16649323.06655798
  },
  "defense_config": {
    "enabled": true,
    "method": "adaptive_ldp",
    "mode": "fixed_attacker",
    "epsilon": 1.0,
    "ldp_sensitivity": 1.0,
    "noise_type": "laplace",
    "noise_scale": 0.5,
    "apply_to": "all",
    "selected_features": [
      "kitchen_light",
      "office_pc",
      "bedroom_motion"
    ],
    "binary_threshold": 0.5,
    "binary_features": [],
    "numeric_features": null
  },
  "attack_metrics": {
    "baseline": {
      "accuracy": 0.4379401218300428,
      "precision_macro": 0.32198876677324856,
      "recall_macro": 0.2956954401301477,
      "f1_macro": 0.20817268110303347,
      "per_class_recall": {
        "Bathe": 0.8686342592592593,
        "Bed_Toilet_Transition": 0.7625,
        "Cook": 0.06752411575562701,
        "Cook_Breakfast": 0.0027129679869777536,
        "Cook_Dinner": 0.08333333333333333,
        "Cook_Lunch": 0.022598870056497175,
        "Dress": 0.6691729323308271,
        "Drink": 0.10617283950617284,
        "Eat": 0.6444444444444445,
        "Eat_Breakfast": 0.15488215488215487,
        "Eat_Dinner": 0.02702702702702703,
        "Eat_Lunch": 0.20512820512820512,
        "Enter_Home": 0.9457364341085271,
        "Entertain_Guests": 0.4377224199288256,
        "Evening_Meds": 0.09876543209876543,
        "Go_To_Sleep": 0.26,
        "Groom": 0.11956521739130435,
        "Leave_Home": 0.5543175487465181,
        "Morning_Meds": 0.38837920489296635,
        "Personal_Hygiene": 0.026523297491039426,
        "Phone": 0.3388888888888889,
        "Read": 0.029177718832891247,
        "Relax": 0.005940594059405941,
        "Sleep": 0.06692531522793405,
        "Sleep_Out_Of_Bed": 0.0338409475465313,
        "Step_Out": 0.16363636363636364,
        "Toilet": 0.3152610441767068,
        "Wake_Up": 0.16666666666666666,
        "Wash_Breakfast_Dishes": 0.03823529411764706,
        "Wash_Dinner_Dishes": 0.0,
        "Wash_Dishes": 0.7243243243243244,
        "Wash_Lunch_Dishes": 0.11363636363636363,
        "Watch_TV": 0.8341929611650486,
        "Work_At_Table": 0.7777777777777778
      }
    },
    "defended_fixed_attacker": {
      "accuracy": 0.06229748995550179,
      "precision_macro": 0.03506604964209923,
      "recall_macro": 0.04510844555919539,
      "f1_macro": 0.009551476048587975,
      "per_class_recall": {
        "Bathe": 0.0,
        "Bed_Toilet_Transition": 0.0,
        "Cook": 0.0,
        "Cook_Breakfast": 0.0005425935973955507,
        "Cook_Dinner": 0.0,
        "Cook_Lunch": 0.0,
        "Dress": 0.0,
        "Drink": 0.0,
        "Eat": 0.0,
        "Eat_Breakfast": 0.0,
        "Eat_Dinner": 0.0,
        "Eat_Lunch": 0.0,
        "Enter_Home": 0.0,
        "Entertain_Guests": 0.6263345195729537,
        "Evening_Meds": 0.0,
        "Go_To_Sleep": 0.0,
        "Groom": 0.0,
        "Leave_Home": 0.0,
        "Morning_Meds": 0.0,
        "Personal_Hygiene": 0.9068100358422939,
        "Phone": 0.0,
        "Read": 0.0,
        "Relax": 0.0,
        "Sleep": 0.0,
        "Sleep_Out_Of_Bed": 0.0,
        "Step_Out": 0.0,
        "Toilet": 0.0,
        "Wake_Up": 0.0,
        "Wash_Breakfast_Dishes": 0.0,
        "Wash_Dinner_Dishes": 0.0,
        "Wash_Dishes": 0.0,
        "Wash_Lunch_Dishes": 0.0,
        "Watch_TV": 0.0,
        "Work_At_Table": 0.0
      }
    },
    "defense_effect": {
      "accuracy_drop": 0.375642631874541,
      "relative_accuracy_drop_percent": 85.77488408799448,
      "macro_f1_drop": 0.1986212050544455,
      "per_class_recall_drop": {
        "Bathe": 0.8686342592592593,
        "Bed_Toilet_Transition": 0.7625,
        "Cook": 0.06752411575562701,
        "Cook_Breakfast": 0.002170374389582203,
        "Cook_Dinner": 0.08333333333333333,
        "Cook_Lunch": 0.022598870056497175,
        "Dress": 0.6691729323308271,
        "Drink": 0.10617283950617284,
        "Eat": 0.6444444444444445,
        "Eat_Breakfast": 0.15488215488215487,
        "Eat_Dinner": 0.02702702702702703,
        "Eat_Lunch": 0.20512820512820512,
        "Enter_Home": 0.9457364341085271,
        "Entertain_Guests": -0.18861209964412812,
        "Evening_Meds": 0.09876543209876543,
        "Go_To_Sleep": 0.26,
        "Groom": 0.11956521739130435,
        "Leave_Home": 0.5543175487465181,
        "Morning_Meds": 0.38837920489296635,
        "Personal_Hygiene": -0.8802867383512545,
        "Phone": 0.3388888888888889,
        "Read": 0.029177718832891247,
        "Relax": 0.005940594059405941,
        "Sleep": 0.06692531522793405,
        "Sleep_Out_Of_Bed": 0.0338409475465313,
        "Step_Out": 0.16363636363636364,
        "Toilet": 0.3152610441767068,
        "Wake_Up": 0.16666666666666666,
        "Wash_Breakfast_Dishes": 0.03823529411764706,
        "Wash_Dinner_Dishes": 0.0,
        "Wash_Dishes": 0.7243243243243244,
        "Wash_Lunch_Dishes": 0.11363636363636363,
        "Watch_TV": 0.8341929611650486,
        "Work_At_Table": 0.7777777777777778
      }
    }
  }
}