{
  "split": "test",
  "model_type": "lstm",
  "accuracy": 0.3992310018576921,
  "f1_macro": 0.19154527311294672,
  "precision_macro": 0.22291898435058863,
  "recall_macro": 0.2853688653315578,
  "per_class_recall": {
    "Bathe": 0.8433390508862207,
    "Bed_Toilet_Transition": 0.6601941747572816,
    "Cook": 0.6179104477611941,
    "Cook_Breakfast": 0.015598885793871866,
    "Cook_Dinner": 0.03442879499217527,
    "Cook_Lunch": 0.022857142857142857,
    "Dress": 0.14965560425798372,
    "Drink": 0.17452830188679244,
    "Eat": 0.2830188679245283,
    "Eat_Breakfast": 0.17159763313609466,
    "Eat_Dinner": 0.11290322580645161,
    "Eat_Lunch": 0.07954545454545454,
    "Enter_Home": 0.788235294117647,
    "Entertain_Guests": 0.2901023890784983,
    "Evening_Meds": 0.03293413173652695,
    "Go_To_Sleep": 0.4666666666666667,
    "Groom": 0.026595744680851064,
    "Leave_Home": 0.4171779141104294,
    "Morning_Meds": 0.36923076923076925,
    "Personal_Hygiene": 0.020158387329013677,
    "Phone": 0.430939226519337,
    "Read": 0.002785515320334262,
    "Relax": 0.0,
    "Sleep": 0.3402061855670103,
    "Sleep_Out_Of_Bed": 0.003703703703703704,
    "Step_Out": 0.3691275167785235,
    "Toilet": 0.4886515353805073,
    "Wake_Up": 0.65,
    "Wash_Breakfast_Dishes": 0.06784660766961652,
    "Wash_Dinner_Dishes": 0.045936395759717315,
    "Wash_Dishes": 0.0,
    "Wash_Lunch_Dishes": 0.042105263157894736,
    "Watch_TV": 0.7754696807698183,
    "Work_At_Table": 0.9090909090909091
  },
  "confusion_matrix": [
    [
      1475,
      193,
      0,
      0,
      0,
      0,
      0,
      0,
      0,
      0,
      0,
      0,
      0,
      1,
      0,
      5,
      6,
      2,
      0,
      38,
      0,
      0,
      0,
      1,
      0,
      1,
      26,
      1,
      0,
      0,
      0,
      0,
      0,
      0
    ],
    [
      30,
      68,
      0,
      0,
      0,
      0,
      0,
      0,
      0,
      0,
      0,
      0,
      0,
      0,
      0,
      0,
      2,
      0,
      0,
      1,
      0,
      0,
      0,
      1,
      0,
      0,
      1,
      0,
      0,
      0,
      0,
      0,
      0,
      0
    ],
    [
      0,
      0,
      207,
      8,
      11,
      12,
      1,
      25,
      0,
      0,
      0,
      0,
      0,
      3,
      5,
      0,
      0,
      0,
      26,
      0,
      0,
      0,
      0,
      0,
      0,
      0,
      0,
      0,
      10,
      24,
      0,
      2,
      0,
      1
    ],
    [
      0,
      0,
      1191,
      28,
      42,
      68,
      0,
      117,
      2,
      0,
      0,
      0,
      0,
      17,
      10,
      0,
      0,
      0,
      139,
      0,
      3,
      0,
      0,
      0,
      0,
      0,
      0,
      0,
      61,
      101,
      0,
      10,
      0,
      6
    ],
    [
      0,
      0,
      386,
      9,
      22,
      22,
      0,
      49,
      1,
      0,
      0,
      0,
      0,
      19,
      2,
      0,
      0,
      0,
      63,
      0,
      1,
      0,
      0,
      0,
      0,
      0,
      0,
      0,
      30,
      27,
      0,
      3,
      1,
      4
    ],
    [
      0,
      0,
      234,
      5,
      8,
      8,
      0,
      21,
      1,
      1,
      0,
      0,
      0,
      6,
      3,
      0,
      0,
      0,
      29,
      0,
      0,
      0,
      0,
      0,
      0,
      0,
      0,
      0,
      14,
      19,
      0,
      0,
      0,
      1
    ],
    [
      6,
      7,
      0,
      0,
      0,
      0,
      239,
      0,
      2,
      2,
      0,
      0,
      6,
      9,
      0,
      321,
      0,
      11,
      0,
      0,
      1,
      0,
      1,
      394,
      0,
      1,
      2,
      595,
      0,
      0,
      0,
      0,
      0,
      0
    ],
    [
      0,
      0,
      148,
      3,
      8,
      7,
      0,
      74,
      2,
      0,
      0,
      0,
      0,
      14,
      12,
      1,
      0,
      2,
      96,
      0,
      3,
      0,
      0,
      0,
      0,
      1,
      0,
      0,
      20,
      15,
      0,
      8,
      4,
      6
    ],
    [
      0,
      0,
      0,
      0,
      0,
      0,
      0,
      0,
      15,
      11,
      6,
      1,
      0,
      1,
      0,
      0,
      0,
      1,
      0,
      0,
      6,
      0,
      0,
      0,
      0,
      1,
      0,
      0,
      0,
      0,
      0,
      0,
      11,
      0
    ],
    [
      0,
      0,
      0,
      0,
      0,
      0,
      0,
      0,
      78,
      58,
      33,
      10,
      0,
      2,
      0,
      0,
      0,
      2,
      0,
      0,
      27,
      2,
      0,
      0,
      0,
      1,
      1,
      0,
      2,
      0,
      0,
      0,
      122,
      0
    ],
    [
      0,
      0,
      0,
      0,
      0,
      0,
      0,
      0,
      22,
      15,
      14,
      3,
      0,
      1,
      0,
      0,
      0,
      1,
      0,
      0,
      2,
      1,
      0,
      0,
      0,
      0,
      0,
      0,
      0,
      1,
      0,
      0,
      64,
      0
    ],
    [
      0,
      0,
      0,
      0,
      0,
      0,
      0,
      0,
      14,
      8,
      11,
      7,
      0,
      0,
      0,
      0,
      0,
      1,
      1,
      0,
      6,
      0,
      0,
      0,
      1,
      0,
      0,
      0,
      0,
      0,
      0,
      0,
      39,
      0
    ],
    [
      0,
      0,
      0,
      0,
      0,
      0,
      1,
      0,
      0,
      0,
      0,
      0,
      201,
      1,
      0,
      0,
      0,
      5,
      0,
      0,
      3,
      0,
      0,
      0,
      0,
      44,
      0,
      0,
      0,
      0,
      0,
      0,
      0,
      0
    ],
    [
      4,
      1,
      73,
      2,
      3,
      7,
      7,
      7,
      7,
      1,
      0,
      0,
      6,
      85,
      5,
      3,
      0,
      13,
      12,
      0,
      8,
      0,
      0,
      4,
      0,
      8,
      10,
      3,
      6,
      8,
      0,
      1,
      5,
      4
    ],
    [
      0,
      0,
      132,
      0,
      5,
      9,
      0,
      61,
      1,
      0,
      0,
      0,
      0,
      10,
      11,
      0,
      0,
      0,
      73,
      0,
      0,
      0,
      0,
      0,
      0,
      1,
      0,
      0,
      15,
      7,
      0,
      5,
      2,
      2
    ],
    [
      1,
      0,
      0,
      0,
      0,
      0,
      6,
      0,
      0,
      0,
      0,
      0,
      0,
      0,
      0,
      21,
      0,
      1,
      0,
      0,
      0,
      0,
      0,
      4,
      0,
      0,
      1,
      11,
      0,
      0,
      0,
      0,
      0,
      0
    ],
    [
      95,
      72,
      0,
      0,
      0,
      0,
      0,
      0,
      0,
      0,
      0,
      0,
      0,
      0,
      0,
      1,
      5,
      0,
      0,
      3,
      0,
      0,
      0,
      1,
      0,
      0,
      11,
      0,
      0,
      0,
      0,
      0,
      0,
      0
    ],
    [
      6,
      0,
      0,
      0,
      0,
      0,
      2,
      0,
      5,
      1,
      4,
      0,
      22,
      4,
      0,
      2,
      1,
      136,
      0,
      0,
      20,
      0,
      0,
      2,
      1,
      80,
      1,
      1,
      0,
      0,
      0,
      1,
      37,
      0
    ],
    [
      0,
      0,
      142,
      2,
      7,
      9,
      0,
      35,
      1,
      0,
      0,
      0,
      0,
      4,
      5,
      2,
      0,
      0,
      144,
      0,
      3,
      0,
      0,
      0,
      0,
      0,
      0,
      0,
      19,
      12,
      0,
      3,
      1,
      1
    ],
    [
      773,
      295,
      0,
      0,
      0,
      0,
      1,
      0,
      2,
      0,
      1,
      0,
      0,
      3,
      0,
      2,
      11,
      7,
      1,
      28,
      2,
      0,
      0,
      4,
      0,
      2,
      252,
      2,
      0,
      0,
      0,
      0,
      2,
      1
