event,packet_type,node,src,seq,bytes,time_ms,payload_time_ms,sim_time_ms,send_ms,recv_ms,delay_ms,line_number,raw_line
TX,REAL,7,,0,48,15180.0,14861,15180.0,,,,74,15180000	ID:7	[INFO: Metric    ] METRIC_TX type=REAL node=7 seq=0 bytes=48 time_ms=14861
RX,REAL,,7,0,48,15218.88,14715,15218.88,14861,14715,38.8799999999992,75,15218880	ID:1	[INFO: Metric    ] METRIC_RX type=REAL src=7 seq=0 send_ms=14861 recv_ms=14715 bytes=48
TX,REAL,2,,0,48,18009.0,17146,18009.0,,,,81,18009000	ID:2	[INFO: Metric    ] METRIC_TX type=REAL node=2 seq=0 bytes=48 time_ms=17146
RX,REAL,,2,0,48,18014.88,17511,18014.88,17146,17511,5.880000000001019,82,18014880	ID:1	[INFO: Metric    ] METRIC_RX type=REAL src=2 seq=0 send_ms=17146 recv_ms=17511 bytes=48
TX,REAL,7,,1,48,26181.0,25862,26181.0,,,,87,26181000	ID:7	[INFO: Metric    ] METRIC_TX type=REAL node=7 seq=1 bytes=48 time_ms=25862
TX,DUMMY,7,,0,48,26182.0,25863,26182.0,,,,88,26182000	ID:7	[INFO: Metric    ] METRIC_TX type=DUMMY node=7 seq=0 bytes=48 time_ms=25863
RX,REAL,,7,1,48,26207.88,25704,26207.88,25862,25704,26.88000000000102,89,26207880	ID:1	[INFO: Metric    ] METRIC_RX type=REAL src=7 seq=1 send_ms=25862 recv_ms=25704 bytes=48
RX,DUMMY,,7,0,48,26241.88,25738,26241.88,25863,25738,,90,26241880	ID:1	[INFO: Metric    ] METRIC_RX type=DUMMY src=7 seq=0 send_ms=25863 recv_ms=25738 bytes=48
TX,REAL,6,,0,48,26372.0,25433,26372.0,,,,95,26372000	ID:6	[INFO: Metric    ] METRIC_TX type=REAL node=6 seq=0 bytes=48 time_ms=25433
RX,REAL,,6,0,48,26380.88,25877,26380.88,25433,25877,8.880000000001019,96,26380880	ID:1	[INFO: Metric    ] METRIC_RX type=REAL src=6 seq=0 send_ms=25433 recv_ms=25877 bytes=48
TX,REAL,2,,1,48,29010.0,28147,29010.0,,,,99,29010000	ID:2	[INFO: Metric    ] METRIC_TX type=REAL node=2 seq=1 bytes=48 time_ms=28147
RX,REAL,,2,1,48,29029.88,28526,29029.88,28147,28526,19.88000000000102,100,29029880	ID:1	[INFO: Metric    ] METRIC_RX type=REAL src=2 seq=1 send_ms=28147 recv_ms=28526 bytes=48
TX,REAL,7,,2,48,36183.0,35864,36183.0,,,,104,36183000	ID:7	[INFO: Metric    ] METRIC_TX type=REAL node=7 seq=2 bytes=48 time_ms=35864
RX,REAL,,7,2,48,36222.88,35719,36222.88,35864,35719,39.87999999999738,105,36222880	ID:1	[INFO: Metric    ] METRIC_RX type=REAL src=7 seq=2 send_ms=35864 recv_ms=35719 bytes=48
TX,REAL,6,,1,48,36373.0,35434,36373.0,,,,107,36373000	ID:6	[INFO: Metric    ] METRIC_TX type=REAL node=6 seq=1 bytes=48 time_ms=35434
RX,REAL,,6,1,48,36386.88,35883,36386.88,35434,35883,13.87999999999738,108,36386880	ID:1	[INFO: Metric    ] METRIC_RX type=REAL src=6 seq=1 send_ms=35434 recv_ms=35883 bytes=48
TX,REAL,4,,0,48,36576.0,36283,36576.0,,,,112,36576000	ID:4	[INFO: Metric    ] METRIC_TX type=REAL node=4 seq=0 bytes=48 time_ms=36283
RX,REAL,,4,0,48,36611.168,36108,36611.168,36283,36108,35.167999999997846,113,36611168	ID:1	[INFO: Metric    ] METRIC_RX type=REAL src=4 seq=0 send_ms=36283 recv_ms=36108 bytes=48
TX,REAL,2,,2,48,40011.0,39148,40011.0,,,,115,40011000	ID:2	[INFO: Metric    ] METRIC_TX type=REAL node=2 seq=2 bytes=48 time_ms=39148
RX,REAL,,2,2,48,40023.88,39520,40023.88,39148,39520,12.87999999999738,116,40023880	ID:1	[INFO: Metric    ] METRIC_RX type=REAL src=2 seq=2 send_ms=39148 recv_ms=39520 bytes=48
TX,REAL,5,,0,48,45324.0,44987,45324.0,,,,121,45324000	ID:5	[INFO: Metric    ] METRIC_TX type=REAL node=5 seq=0 bytes=48 time_ms=44987
RX,REAL,,5,0,48,45388.168,44885,45388.168,44987,44885,64.16799999999785,122,45388168	ID:1	[INFO: Metric    ] METRIC_RX type=REAL src=5 seq=0 send_ms=44987 recv_ms=44885 bytes=48
TX,REAL,4,,1,48,46577.0,46284,46577.0,,,,124,46577000	ID:4	[INFO: Metric    ] METRIC_TX type=REAL node=4 seq=1 bytes=48 time_ms=46284
RX,REAL,,4,1,48,46645.168,46142,46645.168,46284,46142,68.16799999999785,125,46645168	ID:1	[INFO: Metric    ] METRIC_RX type=REAL src=4 seq=1 send_ms=46284 recv_ms=46142 bytes=48
TX,REAL,3,,0,48,46914.0,46250,46914.0,,,,129,46914000	ID:3	[INFO: Metric    ] METRIC_TX type=REAL node=3 seq=0 bytes=48 time_ms=46250
TX,DUMMY,3,,0,48,46915.0,46251,46915.0,,,,130,46915000	ID:3	[INFO: Metric    ] METRIC_TX type=DUMMY node=3 seq=0 bytes=48 time_ms=46251
RX,REAL,,3,0,48,46967.168,46464,46967.168,46250,46464,53.167999999997846,131,46967168	ID:1	[INFO: Metric    ] METRIC_RX type=REAL src=3 seq=0 send_ms=46250 recv_ms=46464 bytes=48
RX,DUMMY,,3,0,48,47033.168,46530,47033.168,46251,46530,,132,47033168	ID:1	[INFO: Metric    ] METRIC_RX type=DUMMY src=3 seq=0 send_ms=46251 recv_ms=46530 bytes=48
TX,REAL,7,,3,48,47184.0,46865,47184.0,,,,135,47184000	ID:7	[INFO: Metric    ] METRIC_TX type=REAL node=7 seq=3 bytes=48 time_ms=46865
RX,REAL,,7,3,48,47219.88,46716,47219.88,46865,46716,35.87999999999738,136,47219880	ID:1	[INFO: Metric    ] METRIC_RX type=REAL src=7 seq=3 send_ms=46865 recv_ms=46716 bytes=48
TX,REAL,6,,2,48,47374.0,46435,47374.0,,,,138,47374000	ID:6	[INFO: Metric    ] METRIC_TX type=REAL node=6 seq=2 bytes=48 time_ms=46435
RX,REAL,,6,2,48,47379.88,46876,47379.88,46435,46876,5.879999999997381,139,47379880	ID:1	[INFO: Metric    ] METRIC_RX type=REAL src=6 seq=2 send_ms=46435 recv_ms=46876 bytes=48
TX,REAL,2,,3,48,51012.0,50149,51012.0,,,,141,51012000	ID:2	[INFO: Metric    ] METRIC_TX type=REAL node=2 seq=3 bytes=48 time_ms=50149
RX,REAL,,2,3,48,51017.88,50514,51017.88,50149,50514,5.879999999997381,142,51017880	ID:1	[INFO: Metric    ] METRIC_RX type=REAL src=2 seq=3 send_ms=50149 recv_ms=50514 bytes=48
TX,REAL,5,,1,48,55325.0,54988,55325.0,,,,144,55325000	ID:5	[INFO: Metric    ] METRIC_TX type=REAL node=5 seq=1 bytes=48 time_ms=54988
RX,REAL,,5,1,48,55389.168,54886,55389.168,54988,54886,64.16799999999785,145,55389168	ID:1	[INFO: Metric    ] METRIC_RX type=REAL src=5 seq=1 send_ms=54988 recv_ms=54886 bytes=48
TX,REAL,4,,2,48,55578.0,55285,55578.0,,,,147,55578000	ID:4	[INFO: Metric    ] METRIC_TX type=REAL node=4 seq=2 bytes=48 time_ms=55285
RX,REAL,,4,2,48,55653.168,55150,55653.168,55285,55150,75.16799999999785,148,55653168	ID:1	[INFO: Metric    ] METRIC_RX type=REAL src=4 seq=2 send_ms=55285 recv_ms=55150 bytes=48
TX,REAL,3,,1,48,55916.0,55252,55916.0,,,,150,55916000	ID:3	[INFO: Metric    ] METRIC_TX type=REAL node=3 seq=1 bytes=48 time_ms=55252
RX,REAL,,3,1,48,55942.168,55439,55942.168,55252,55439,26.167999999997846,151,55942168	ID:1	[INFO: Metric    ] METRIC_RX type=REAL src=3 seq=1 send_ms=55252 recv_ms=55439 bytes=48
TX,REAL,7,,4,48,58185.0,57866,58185.0,,,,154,58185000	ID:7	[INFO: Metric    ] METRIC_TX type=REAL node=7 seq=4 bytes=48 time_ms=57866
RX,REAL,,7,4,48,58206.88,57703,58206.88,57866,57703,21.87999999999738,155,58206880	ID:1	[INFO: Metric    ] METRIC_RX type=REAL src=7 seq=4 send_ms=57866 recv_ms=57703 bytes=48
TX,REAL,6,,3,48,58375.0,57436,58375.0,,,,157,58375000	ID:6	[INFO: Metric    ] METRIC_TX type=REAL node=6 seq=3 bytes=48 time_ms=57436
TX,DUMMY,6,,0,48,58376.0,57437,58376.0,,,,158,58376000	ID:6	[INFO: Metric    ] METRIC_TX type=DUMMY node=6 seq=0 bytes=48 time_ms=57437
RX,REAL,,6,3,48,58406.88,57903,58406.88,57436,57903,31.87999999999738,159,58406880	ID:1	[INFO: Metric    ] METRIC_RX type=REAL src=6 seq=3 send_ms=57436 recv_ms=57903 bytes=48
RX,DUMMY,,6,0,48,58422.88,57919,58422.88,57437,57919,,160,58422880	ID:1	[INFO: Metric    ] METRIC_RX type=DUMMY src=6 seq=0 send_ms=57437 recv_ms=57919 bytes=48
TX,REAL,2,,4,48,60013.0,59150,60013.0,,,,163,60013000	ID:2	[INFO: Metric    ] METRIC_TX type=REAL node=2 seq=4 bytes=48 time_ms=59150
RX,REAL,,2,4,48,60035.88,59532,60035.88,59150,59532,22.87999999999738,164,60035880	ID:1	[INFO: Metric    ] METRIC_RX type=REAL src=2 seq=4 send_ms=59150 recv_ms=59532 bytes=48
TX,REAL,5,,2,48,64326.0,63989,64326.0,,,,166,64326000	ID:5	[INFO: Metric    ] METRIC_TX type=REAL node=5 seq=2 bytes=48 time_ms=63989
RX,REAL,,5,2,48,64373.168,63870,64373.168,63989,63870,47.167999999997846,167,64373168	ID:1	[INFO: Metric    ] METRIC_RX type=REAL src=5 seq=2 send_ms=63989 recv_ms=63870 bytes=48
TX,REAL,3,,2,48,64917.0,64253,64917.0,,,,169,64917000	ID:3	[INFO: Metric    ] METRIC_TX type=REAL node=3 seq=2 bytes=48 time_ms=64253
TX,DUMMY,3,,1,48,64918.0,64254,64918.0,,,,170,64918000	ID:3	[INFO: Metric    ] METRIC_TX type=DUMMY node=3 seq=1 bytes=48 time_ms=64254
RX,REAL,,3,2,48,64979.168,64476,64979.168,64253,64476,62.167999999997846,171,64979168	ID:1	[INFO: Metric    ] METRIC_RX type=REAL src=3 seq=2 send_ms=64253 recv_ms=64476 bytes=48
RX,DUMMY,,3,1,48,65023.168,64520,65023.168,64254,64520,,172,65023168	ID:1	[INFO: Metric    ] METRIC_RX type=DUMMY src=3 seq=1 send_ms=64254 recv_ms=64520 bytes=48
TX,REAL,4,,3,48,66579.0,66286,66579.0,,,,175,66579000	ID:4	[INFO: Metric    ] METRIC_TX type=REAL node=4 seq=3 bytes=48 time_ms=66286
RX,REAL,,4,3,48,66643.168,66140,66643.168,66286,66140,64.16800000000512,176,66643168	ID:1	[INFO: Metric    ] METRIC_RX type=REAL src=4 seq=3 send_ms=66286 recv_ms=66140 bytes=48
TX,REAL,7,,5,48,67186.0,66867,67186.0,,,,178,67186000	ID:7	[INFO: Metric    ] METRIC_TX type=REAL node=7 seq=5 bytes=48 time_ms=66867
TX,DUMMY,7,,1,48,67187.0,66868,67187.0,,,,179,67187000	ID:7	[INFO: Metric    ] METRIC_TX type=DUMMY node=7 seq=1 bytes=48 time_ms=66868
RX,REAL,,7,5,48,67199.88,66696,67199.88,66867,66696,13.880000000004657,180,67199880	ID:1	[INFO: Metric    ] METRIC_RX type=REAL src=7 seq=5 send_ms=66867 recv_ms=66696 bytes=48
RX,DUMMY,,7,1,48,67239.88,66736,67239.88,66868,66736,,182,67239880	ID:1	[INFO: Metric    ] METRIC_RX type=DUMMY src=7 seq=1 send_ms=66868 recv_ms=66736 bytes=48
TX,REAL,6,,4,48,68377.0,67438,68377.0,,,,185,68377000	ID:6	[INFO: Metric    ] METRIC_TX type=REAL node=6 seq=4 bytes=48 time_ms=67438
RX,REAL,,6,4,48,68382.88,67879,68382.88,67438,67879,5.880000000004657,186,68382880	ID:1	[INFO: Metric    ] METRIC_RX type=REAL src=6 seq=4 send_ms=67438 recv_ms=67879 bytes=48
TX,REAL,2,,5,48,71014.0,70151,71014.0,,,,188,71014000	ID:2	[INFO: Metric    ] METRIC_TX type=REAL node=2 seq=5 bytes=48 time_ms=70151
TX,DUMMY,2,,0,48,71015.0,70152,71015.0,,,,189,71015000	ID:2	[INFO: Metric    ] METRIC_TX type=DUMMY node=2 seq=0 bytes=48 time_ms=70152
RX,REAL,,2,5,48,71031.88,70528,71031.88,70151,70528,17.880000000004657,190,71031880	ID:1	[INFO: Metric    ] METRIC_RX type=REAL src=2 seq=5 send_ms=70151 recv_ms=70528 bytes=48
RX,DUMMY,,2,0,48,71072.88,70569,71072.88,70152,70569,,192,71072880	ID:1	[INFO: Metric    ] METRIC_RX type=DUMMY src=2 seq=0 send_ms=70152 recv_ms=70569 bytes=48
TX,REAL,3,,3,48,73919.0,73255,73919.0,,,,194,73919000	ID:3	[INFO: Metric    ] METRIC_TX type=REAL node=3 seq=3 bytes=48 time_ms=73255
RX,REAL,,3,3,48,73974.168,73471,73974.168,73255,73471,55.16800000000512,195,73974168	ID:1	[INFO: Metric    ] METRIC_RX type=REAL src=3 seq=3 send_ms=73255 recv_ms=73471 bytes=48
TX,REAL,5,,3,48,74327.0,73990,74327.0,,,,197,74327000	ID:5	[INFO: Metric    ] METRIC_TX type=REAL node=5 seq=3 bytes=48 time_ms=73990
RX,REAL,,5,3,48,74398.168,73895,74398.168,73990,73895,71.16800000000512,198,74398168	ID:1	[INFO: Metric    ] METRIC_RX type=REAL src=5 seq=3 send_ms=73990 recv_ms=73895 bytes=48
TX,REAL,4,,4,48,75580.0,75287,75580.0,,,,200,75580000	ID:4	[INFO: Metric    ] METRIC_TX type=REAL node=4 seq=4 bytes=48 time_ms=75287
TX,DUMMY,4,,0,48,75581.0,75288,75581.0,,,,201,75581000	ID:4	[INFO: Metric    ] METRIC_TX type=DUMMY node=4 seq=0 bytes=48 time_ms=75288
RX,REAL,,4,4,48,75675.168,75172,75675.168,75287,75172,95.16800000000512,202,75675168	ID:1	[INFO: Metric    ] METRIC_RX type=REAL src=4 seq=4 send_ms=75287 recv_ms=75172 bytes=48
RX,DUMMY,,4,0,48,75696.168,75193,75696.168,75288,75193,,203,75696168	ID:1	[INFO: Metric    ] METRIC_RX type=DUMMY src=4 seq=0 send_ms=75288 recv_ms=75193 bytes=48
TX,REAL,7,,6,48,76188.0,75869,76188.0,,,,206,76188000	ID:7	[INFO: Metric    ] METRIC_TX type=REAL node=7 seq=6 bytes=48 time_ms=75869
TX,DUMMY,7,,2,48,76189.0,75870,76189.0,,,,207,76189000	ID:7	[INFO: Metric    ] METRIC_TX type=DUMMY node=7 seq=2 bytes=48 time_ms=75870
RX,REAL,,7,6,48,76208.88,75705,76208.88,75869,75705,20.880000000004657,208,76208880	ID:1	[INFO: Metric    ] METRIC_RX type=REAL src=7 seq=6 send_ms=75869 recv_ms=75705 bytes=48
RX,DUMMY,,7,2,48,76224.88,75721,76224.88,75870,75721,,210,76224880	ID:1	[INFO: Metric    ] METRIC_RX type=DUMMY src=7 seq=2 send_ms=75870 recv_ms=75721 bytes=48
TX,REAL,6,,5,48,78378.0,77439,78378.0,,,,212,78378000	ID:6	[INFO: Metric    ] METRIC_TX type=REAL node=6 seq=5 bytes=48 time_ms=77439
RX,REAL,,6,5,48,78399.88,77896,78399.88,77439,77896,21.880000000004657,213,78399880	ID:1	[INFO: Metric    ] METRIC_RX type=REAL src=6 seq=5 send_ms=77439 recv_ms=77896 bytes=48
TX,REAL,2,,6,48,82016.0,81153,82016.0,,,,216,82016000	ID:2	[INFO: Metric    ] METRIC_TX type=REAL node=2 seq=6 bytes=48 time_ms=81153
RX,REAL,,2,6,48,82054.88,81551,82054.88,81153,81551,38.88000000000466,217,82054880	ID:1	[INFO: Metric    ] METRIC_RX type=REAL src=2 seq=6 send_ms=81153 recv_ms=81551 bytes=48
TX,REAL,3,,4,48,84920.0,84256,84920.0,,,,219,84920000	ID:3	[INFO: Metric    ] METRIC_TX type=REAL node=3 seq=4 bytes=48 time_ms=84256
RX,REAL,,3,4,48,85005.168,84502,85005.168,84256,84502,85.16800000000512,220,85005168	ID:1	[INFO: Metric    ] METRIC_RX type=REAL src=3 seq=4 send_ms=84256 recv_ms=84502 bytes=48
TX,REAL,5,,4,48,85328.0,84991,85328.0,,,,222,85328000	ID:5	[INFO: Metric    ] METRIC_TX type=REAL node=5 seq=4 bytes=48 time_ms=84991
RX,REAL,,5,4,48,85414.168,84911,85414.168,84991,84911,86.16800000000512,223,85414168	ID:1	[INFO: Metric    ] METRIC_RX type=REAL src=5 seq=4 send_ms=84991 recv_ms=84911 bytes=48
TX,REAL,4,,5,48,85582.0,85289,85582.0,,,,225,85582000	ID:4	[INFO: Metric    ] METRIC_TX type=REAL node=4 seq=5 bytes=48 time_ms=85289
RX,REAL,,4,5,48,85623.168,85120,85623.168,85289,85120,41.16800000000512,226,85623168	ID:1	[INFO: Metric    ] METRIC_RX type=REAL src=4 seq=5 send_ms=85289 recv_ms=85120 bytes=48
TX,REAL,7,,7,48,86190.0,85871,86190.0,,,,228,86190000	ID:7	[INFO: Metric    ] METRIC_TX type=REAL node=7 seq=7 bytes=48 time_ms=85871
RX,REAL,,7,7,48,86195.88,85692,86195.88,85871,85692,5.880000000004657,229,86195880	ID:1	[INFO: Metric    ] METRIC_RX type=REAL src=7 seq=7 send_ms=85871 recv_ms=85692 bytes=48
TX,REAL,6,,6,48,89379.0,88440,89379.0,,,,231,89379000	ID:6	[INFO: Metric    ] METRIC_TX type=REAL node=6 seq=6 bytes=48 time_ms=88440
TX,DUMMY,6,,1,48,89380.0,88441,89380.0,,,,232,89380000	ID:6	[INFO: Metric    ] METRIC_TX type=DUMMY node=6 seq=1 bytes=48 time_ms=88441
RX,REAL,,6,6,48,89402.88,88899,89402.88,88440,88899,23.880000000004657,233,89402880	ID:1	[INFO: Metric    ] METRIC_RX type=REAL src=6 seq=6 send_ms=88440 recv_ms=88899 bytes=48
RX,DUMMY,,6,1,48,89415.88,88912,89415.88,88441,88912,,234,89415880	ID:1	[INFO: Metric    ] METRIC_RX type=DUMMY src=6 seq=1 send_ms=88441 recv_ms=88912 bytes=48
TX,REAL,2,,7,48,91017.0,90154,91017.0,,,,237,91017000	ID:2	[INFO: Metric    ] METRIC_TX type=REAL node=2 seq=7 bytes=48 time_ms=90154
TX,DUMMY,2,,1,48,91018.0,90155,91018.0,,,,238,91018000	ID:2	[INFO: Metric    ] METRIC_TX type=DUMMY node=2 seq=1 bytes=48 time_ms=90155
RX,REAL,,2,7,48,91028.88,90525,91028.88,90154,90525,11.880000000004657,239,91028880	ID:1	[INFO: Metric    ] METRIC_RX type=REAL src=2 seq=7 send_ms=90154 recv_ms=90525 bytes=48
RX,DUMMY,,2,1,48,91059.76,90556,91059.76,90155,90556,,241,91059760	ID:1	[INFO: Metric    ] METRIC_RX type=DUMMY src=2 seq=1 send_ms=90155 recv_ms=90556 bytes=48
TX,REAL,5,,5,48,95329.0,94992,95329.0,,,,243,95329000	ID:5	[INFO: Metric    ] METRIC_TX type=REAL node=5 seq=5 bytes=48 time_ms=94992
RX,REAL,,5,5,48,95394.168,94891,95394.168,94992,94891,65.16800000000512,244,95394168	ID:1	[INFO: Metric    ] METRIC_RX type=REAL src=5 seq=5 send_ms=94992 recv_ms=94891 bytes=48
TX,REAL,4,,6,48,95583.0,95290,95583.0,,,,247,95583000	ID:4	[INFO: Metric    ] METRIC_TX type=REAL node=4 seq=6 bytes=48 time_ms=95290
TX,DUMMY,4,,1,48,95584.0,95291,95584.0,,,,248,95584000	ID:4	[INFO: Metric    ] METRIC_TX type=DUMMY node=4 seq=1 bytes=48 time_ms=95291
RX,REAL,,4,6,48,95663.168,95160,95663.168,95290,95160,80.16800000000512,249,95663168	ID:1	[INFO: Metric    ] METRIC_RX type=REAL src=4 seq=6 send_ms=95290 recv_ms=95160 bytes=48
RX,DUMMY,,4,1,48,95700.592,95197,95700.592,95291,95197,,251,95700592	ID:1	[INFO: Metric    ] METRIC_RX type=DUMMY src=4 seq=1 send_ms=95291 recv_ms=95197 bytes=48
TX,REAL,3,,5,48,95921.0,95257,95921.0,,,,253,95921000	ID:3	[INFO: Metric    ] METRIC_TX type=REAL node=3 seq=5 bytes=48 time_ms=95257
TX,DUMMY,3,,2,48,95922.0,95258,95922.0,,,,254,95922000	ID:3	[INFO: Metric    ] METRIC_TX type=DUMMY node=3 seq=2 bytes=48 time_ms=95258
RX,REAL,,3,5,48,96028.168,95525,96028.168,95257,95525,107.16800000000512,255,96028168	ID:1	[INFO: Metric    ] METRIC_RX type=REAL src=3 seq=5 send_ms=95257 recv_ms=95525 bytes=48
RX,DUMMY,,3,2,48,96054.168,95551,96054.168,95258,95551,,256,96054168	ID:1	[INFO: Metric    ] METRIC_RX type=DUMMY src=3 seq=2 send_ms=95258 recv_ms=95551 bytes=48
TX,REAL,7,,8,48,97191.0,96872,97191.0,,,,259,97191000	ID:7	[INFO: Metric    ] METRIC_TX type=REAL node=7 seq=8 bytes=48 time_ms=96872
RX,REAL,,7,8,48,97222.88,96719,97222.88,96872,96719,31.880000000004657,260,97222880	ID:1	[INFO: Metric    ] METRIC_RX type=REAL src=7 seq=8 send_ms=96872 recv_ms=96719 bytes=48
TX,REAL,6,,7,48,100381.0,99442,100381.0,,,,262,100381000	ID:6	[INFO: Metric    ] METRIC_TX type=REAL node=6 seq=7 bytes=48 time_ms=99442
RX,REAL,,6,7,48,100405.88,99902,100405.88,99442,99902,24.880000000004657,263,100405880	ID:1	[INFO: Metric    ] METRIC_RX type=REAL src=6 seq=7 send_ms=99442 recv_ms=99902 bytes=48
TX,REAL,2,,8,48,102019.0,101156,102019.0,,,,265,102019000	ID:2	[INFO: Metric    ] METRIC_TX type=REAL node=2 seq=8 bytes=48 time_ms=101156
TX,DUMMY,2,,2,48,102020.0,101157,102020.0,,,,266,102020000	ID:2	[INFO: Metric    ] METRIC_TX type=DUMMY node=2 seq=2 bytes=48 time_ms=101157
RX,REAL,,2,8,48,102031.88,101528,102031.88,101156,101528,12.880000000004657,267,102031880	ID:1	[INFO: Metric    ] METRIC_RX type=REAL src=2 seq=8 send_ms=101156 recv_ms=101528 bytes=48
RX,DUMMY,,2,2,48,102047.88,101544,102047.88,101157,101544,,268,102047880	ID:1	[INFO: Metric    ] METRIC_RX type=DUMMY src=2 seq=2 send_ms=101157 recv_ms=101544 bytes=48
TX,REAL,4,,7,48,104585.0,104292,104585.0,,,,271,104585000	ID:4	[INFO: Metric    ] METRIC_TX type=REAL node=4 seq=7 bytes=48 time_ms=104292
RX,REAL,,4,7,48,104668.168,104165,104668.168,104292,104165,83.16800000000512,272,104668168	ID:1	[INFO: Metric    ] METRIC_RX type=REAL src=4 seq=7 send_ms=104292 recv_ms=104165 bytes=48
TX,REAL,3,,6,48,104923.0,104259,104923.0,,,,274,104923000	ID:3	[INFO: Metric    ] METRIC_TX type=REAL node=3 seq=6 bytes=48 time_ms=104259
RX,REAL,,3,6,48,104996.168,104493,104996.168,104259,104493,73.16800000000512,275,104996168	ID:1	[INFO: Metric    ] METRIC_RX type=REAL src=3 seq=6 send_ms=104259 recv_ms=104493 bytes=48
TX,REAL,5,,6,48,105330.0,104993,105330.0,,,,278,105330000	ID:5	[INFO: Metric    ] METRIC_TX type=REAL node=5 seq=6 bytes=48 time_ms=104993
RX,REAL,,5,6,48,105393.168,104890,105393.168,104993,104890,63.16800000000512,279,105393168	ID:1	[INFO: Metric    ] METRIC_RX type=REAL src=5 seq=6 send_ms=104993 recv_ms=104890 bytes=48
TX,REAL,7,,9,48,108192.0,107873,108192.0,,,,281,108192000	ID:7	[INFO: Metric    ] METRIC_TX type=REAL node=7 seq=9 bytes=48 time_ms=107873
TX,DUMMY,7,,3,48,108193.0,107874,108193.0,,,,282,108193000	ID:7	[INFO: Metric    ] METRIC_TX type=DUMMY node=7 seq=3 bytes=48 time_ms=107874
RX,REAL,,7,9,48,108208.88,107705,108208.88,107873,107705,16.880000000004657,283,108208880	ID:1	[INFO: Metric    ] METRIC_RX type=REAL src=7 seq=9 send_ms=107873 recv_ms=107705 bytes=48
RX,DUMMY,,7,3,48,108226.88,107723,108226.88,107874,107723,,285,108226880	ID:1	[INFO: Metric    ] METRIC_RX type=DUMMY src=7 seq=3 send_ms=107874 recv_ms=107723 bytes=48
TX,REAL,6,,8,48,109382.0,108443,109382.0,,,,287,109382000	ID:6	[INFO: Metric    ] METRIC_TX type=REAL node=6 seq=8 bytes=48 time_ms=108443
RX,REAL,,6,8,48,109410.88,108907,109410.88,108443,108907,28.880000000004657,288,109410880	ID:1	[INFO: Metric    ] METRIC_RX type=REAL src=6 seq=8 send_ms=108443 recv_ms=108907 bytes=48
TX,REAL,2,,9,48,111021.0,110158,111021.0,,,,290,111021000	ID:2	[INFO: Metric    ] METRIC_TX type=REAL node=2 seq=9 bytes=48 time_ms=110158
TX,DUMMY,2,,3,48,111022.0,110159,111022.0,,,,291,111022000	ID:2	[INFO: Metric    ] METRIC_TX type=DUMMY node=2 seq=3 bytes=48 time_ms=110159
RX,REAL,,2,9,48,111027.88,110524,111027.88,110158,110524,6.880000000004657,292,111027880	ID:1	[INFO: Metric    ] METRIC_RX type=REAL src=2 seq=9 send_ms=110158 recv_ms=110524 bytes=48
RX,DUMMY,,2,3,48,111065.88,110562,111065.88,110159,110562,,293,111065880	ID:1	[INFO: Metric    ] METRIC_RX type=DUMMY src=2 seq=3 send_ms=110159 recv_ms=110562 bytes=48
TX,REAL,3,,7,48,113924.0,113260,113924.0,,,,296,113924000	ID:3	[INFO: Metric    ] METRIC_TX type=REAL node=3 seq=7 bytes=48 time_ms=113260
RX,REAL,,3,7,48,113971.168,113468,113971.168,113260,113468,47.16800000000512,297,113971168	ID:1	[INFO: Metric    ] METRIC_RX type=REAL src=3 seq=7 send_ms=113260 recv_ms=113468 bytes=48
TX,REAL,4,,8,48,114586.0,114293,114586.0,,,,299,114586000	ID:4	[INFO: Metric    ] METRIC_TX type=REAL node=4 seq=8 bytes=48 time_ms=114293
TX,DUMMY,4,,2,48,114587.0,114294,114587.0,,,,300,114587000	ID:4	[INFO: Metric    ] METRIC_TX type=DUMMY node=4 seq=2 bytes=48 time_ms=114294
RX,REAL,,4,8,48,114664.168,114161,114664.168,114293,114161,78.16800000000512,301,114664168	ID:1	[INFO: Metric    ] METRIC_RX type=REAL src=4 seq=8 send_ms=114293 recv_ms=114161 bytes=48
RX,DUMMY,,4,2,48,114681.168,114178,114681.168,114294,114178,,302,114681168	ID:1	[INFO: Metric    ] METRIC_RX type=DUMMY src=4 seq=2 send_ms=114294 recv_ms=114178 bytes=48
TX,REAL,5,,7,48,115331.0,114994,115331.0,,,,305,115331000	ID:5	[INFO: Metric    ] METRIC_TX type=REAL node=5 seq=7 bytes=48 time_ms=114994
RX,REAL,,5,7,48,115367.168,114864,115367.168,114994,114864,36.16800000000512,306,115367168	ID:1	[INFO: Metric    ] METRIC_RX type=REAL src=5 seq=7 send_ms=114994 recv_ms=114864 bytes=48
TX,REAL,7,,10,48,118194.0,117875,118194.0,,,,311,118194000	ID:7	[INFO: Metric    ] METRIC_TX type=REAL node=7 seq=10 bytes=48 time_ms=117875
TX,DUMMY,7,,4,48,118195.0,117876,118195.0,,,,312,118195000	ID:7	[INFO: Metric    ] METRIC_TX type=DUMMY node=7 seq=4 bytes=48 time_ms=117876
RX,REAL,,7,10,48,118200.88,117697,118200.88,117875,117697,6.880000000004657,313,118200880	ID:1	[INFO: Metric    ] METRIC_RX type=REAL src=7 seq=10 send_ms=117875 recv_ms=117697 bytes=48
RX,DUMMY,,7,4,48,118287.88,117784,118287.88,117876,117784,,315,118287880	ID:1	[INFO: Metric    ] METRIC_RX type=DUMMY src=7 seq=4 send_ms=117876 recv_ms=117784 bytes=48
TX,REAL,6,,9,48,119383.0,118444,119383.0,,,,317,119383000	ID:6	[INFO: Metric    ] METRIC_TX type=REAL node=6 seq=9 bytes=48 time_ms=118444
TX,DUMMY,6,,2,48,119384.0,118445,119384.0,,,,318,119384000	ID:6	[INFO: Metric    ] METRIC_TX type=DUMMY node=6 seq=2 bytes=48 time_ms=118445
RX,REAL,,6,9,48,119424.88,118921,119424.88,118444,118921,41.88000000000466,319,119424880	ID:1	[INFO: Metric    ] METRIC_RX type=REAL src=6 seq=9 send_ms=118444 recv_ms=118921 bytes=48
RX,DUMMY,,6,2,48,119469.88,118966,119469.88,118445,118966,,321,119469880	ID:1	[INFO: Metric    ] METRIC_RX type=DUMMY src=6 seq=2 send_ms=118445 recv_ms=118966 bytes=48
TX,REAL,2,,10,48,121023.0,120160,121023.0,,,,325,121023000	ID:2	[INFO: Metric    ] METRIC_TX type=REAL node=2 seq=10 bytes=48 time_ms=120160
TX,DUMMY,2,,4,48,121024.0,120161,121024.0,,,,326,121024000	ID:2	[INFO: Metric    ] METRIC_TX type=DUMMY node=2 seq=4 bytes=48 time_ms=120161
RX,REAL,,2,10,48,121055.88,120552,121055.88,120160,120552,32.88000000000466,327,121055880	ID:1	[INFO: Metric    ] METRIC_RX type=REAL src=2 seq=10 send_ms=120160 recv_ms=120552 bytes=48
RX,DUMMY,,2,4,48,121089.88,120586,121089.88,120161,120586,,329,121089880	ID:1	[INFO: Metric    ] METRIC_RX type=DUMMY src=2 seq=4 send_ms=120161 recv_ms=120586 bytes=48
TX,REAL,3,,8,48,122925.0,122261,122925.0,,,,331,122925000	ID:3	[INFO: Metric    ] METRIC_TX type=REAL node=3 seq=8 bytes=48 time_ms=122261
TX,DUMMY,3,,3,48,122926.0,122262,122926.0,,,,332,122926000	ID:3	[INFO: Metric    ] METRIC_TX type=DUMMY node=3 seq=3 bytes=48 time_ms=122262
RX,REAL,,3,8,48,122971.168,122468,122971.168,122261,122468,46.16800000000512,333,122971168	ID:1	[INFO: Metric    ] METRIC_RX type=REAL src=3 seq=8 send_ms=122261 recv_ms=122468 bytes=48
RX,DUMMY,,3,3,48,123022.168,122519,123022.168,122262,122519,,334,123022168	ID:1	[INFO: Metric    ] METRIC_RX type=DUMMY src=3 seq=3 send_ms=122262 recv_ms=122519 bytes=48
TX,REAL,5,,8,48,124332.0,123995,124332.0,,,,337,124332000	ID:5	[INFO: Metric    ] METRIC_TX type=REAL node=5 seq=8 bytes=48 time_ms=123995
RX,REAL,,5,8,48,124363.168,123860,124363.168,123995,123860,31.168000000005122,338,124363168	ID:1	[INFO: Metric    ] METRIC_RX type=REAL src=5 seq=8 send_ms=123995 recv_ms=123860 bytes=48
TX,REAL,4,,9,48,124588.0,124295,124588.0,,,,340,124588000	ID:4	[INFO: Metric    ] METRIC_TX type=REAL node=4 seq=9 bytes=48 time_ms=124295
RX,REAL,,4,9,48,124637.168,124134,124637.168,124295,124134,49.16800000000512,341,124637168	ID:1	[INFO: Metric    ] METRIC_RX type=REAL src=4 seq=9 send_ms=124295 recv_ms=124134 bytes=48
TX,REAL,6,,10,48,128385.0,127446,128385.0,,,,346,128385000	ID:6	[INFO: Metric    ] METRIC_TX type=REAL node=6 seq=10 bytes=48 time_ms=127446
RX,REAL,,6,10,48,128390.88,127887,128390.88,127446,127887,5.880000000004657,347,128390880	ID:1	[INFO: Metric    ] METRIC_RX type=REAL src=6 seq=10 send_ms=127446 recv_ms=127887 bytes=48
TX,REAL,7,,11,48,129196.0,128877,129196.0,,,,349,129196000	ID:7	[INFO: Metric    ] METRIC_TX type=REAL node=7 seq=11 bytes=48 time_ms=128877
TX,DUMMY,7,,5,48,129197.0,128878,129197.0,,,,350,129197000	ID:7	[INFO: Metric    ] METRIC_TX type=DUMMY node=7 seq=5 bytes=48 time_ms=128878
RX,REAL,,7,11,48,129213.88,128710,129213.88,128877,128710,17.880000000004657,351,129213880	ID:1	[INFO: Metric    ] METRIC_RX type=REAL src=7 seq=11 send_ms=128877 recv_ms=128710 bytes=48
RX,DUMMY,,7,5,48,129236.88,128733,129236.88,128878,128733,,353,129236880	ID:1	[INFO: Metric    ] METRIC_RX type=DUMMY src=7 seq=5 send_ms=128878 recv_ms=128733 bytes=48
TX,REAL,2,,11,48,130025.0,129162,130025.0,,,,355,130025000	ID:2	[INFO: Metric    ] METRIC_TX type=REAL node=2 seq=11 bytes=48 time_ms=129162
RX,REAL,,2,11,48,130062.88,129559,130062.88,129162,129559,37.88000000000466,356,130062880	ID:1	[INFO: Metric    ] METRIC_RX type=REAL src=2 seq=11 send_ms=129162 recv_ms=129559 bytes=48
TX,REAL,3,,9,48,131927.0,131263,131927.0,,,,358,131927000	ID:3	[INFO: Metric    ] METRIC_TX type=REAL node=3 seq=9 bytes=48 time_ms=131263
RX,REAL,,3,9,48,131976.168,131473,131976.168,131263,131473,49.16800000000512,359,131976168	ID:1	[INFO: Metric    ] METRIC_RX type=REAL src=3 seq=9 send_ms=131263 recv_ms=131473 bytes=48
TX,REAL,5,,9,48,133333.0,132996,133333.0,,,,361,133333000	ID:5	[INFO: Metric    ] METRIC_TX type=REAL node=5 seq=9 bytes=48 time_ms=132996
TX,DUMMY,5,,0,48,133334.0,132997,133334.0,,,,362,133334000	ID:5	[INFO: Metric    ] METRIC_TX type=DUMMY node=5 seq=0 bytes=48 time_ms=132997
RX,REAL,,5,9,48,133381.168,132878,133381.168,132996,132878,48.16800000000512,363,133381168	ID:1	[INFO: Metric    ] METRIC_RX type=REAL src=5 seq=9 send_ms=132996 recv_ms=132878 bytes=48
RX,DUMMY,,5,0,48,133488.168,132985,133488.168,132997,132985,,365,133488168	ID:1	[INFO: Metric    ] METRIC_RX type=DUMMY src=5 seq=0 send_ms=132997 recv_ms=132985 bytes=48
TX,REAL,4,,10,48,134589.0,134296,134589.0,,,,369,134589000	ID:4	[INFO: Metric    ] METRIC_TX type=REAL node=4 seq=10 bytes=48 time_ms=134296
RX,REAL,,4,10,48,134654.168,134151,134654.168,134296,134151,65.16800000000512,370,134654168	ID:1	[INFO: Metric    ] METRIC_RX type=REAL src=4 seq=10 send_ms=134296 recv_ms=134151 bytes=48
TX,REAL,6,,11,48,138386.0,137447,138386.0,,,,372,138386000	ID:6	[INFO: Metric    ] METRIC_TX type=REAL node=6 seq=11 bytes=48 time_ms=137447
TX,DUMMY,6,,3,48,138387.0,137448,138387.0,,,,373,138387000	ID:6	[INFO: Metric    ] METRIC_TX type=DUMMY node=6 seq=3 bytes=48 time_ms=137448
RX,REAL,,6,11,48,138414.88,137911,138414.88,137447,137911,28.880000000004657,374,138414880	ID:1	[INFO: Metric    ] METRIC_RX type=REAL src=6 seq=11 send_ms=137447 recv_ms=137911 bytes=48
RX,DUMMY,,6,3,48,138431.88,137928,138431.88,137448,137928,,375,138431880	ID:1	[INFO: Metric    ] METRIC_RX type=DUMMY src=6 seq=3 send_ms=137448 recv_ms=137928 bytes=48
TX,REAL,2,,12,48,140026.0,139163,140026.0,,,,379,140026000	ID:2	[INFO: Metric    ] METRIC_TX type=REAL node=2 seq=12 bytes=48 time_ms=139163
RX,REAL,,2,12,48,140060.88,139557,140060.88,139163,139557,34.88000000000466,380,140060880	ID:1	[INFO: Metric    ] METRIC_RX type=REAL src=2 seq=12 send_ms=139163 recv_ms=139557 bytes=48
TX,REAL,7,,12,48,140198.0,139879,140198.0,,,,382,140198000	ID:7	[INFO: Metric    ] METRIC_TX type=REAL node=7 seq=12 bytes=48 time_ms=139879
RX,REAL,,7,12,48,140224.88,139721,140224.88,139879,139721,26.880000000004657,383,140224880	ID:1	[INFO: Metric    ] METRIC_RX type=REAL src=7 seq=12 send_ms=139879 recv_ms=139721 bytes=48
TX,REAL,3,,10,48,141928.0,141264,141928.0,,,,387,141928000	ID:3	[INFO: Metric    ] METRIC_TX type=REAL node=3 seq=10 bytes=48 time_ms=141264
RX,REAL,,3,10,48,141957.168,141454,141957.168,141264,141454,29.168000000005122,388,141957168	ID:1	[INFO: Metric    ] METRIC_RX type=REAL src=3 seq=10 send_ms=141264 recv_ms=141454 bytes=48
TX,REAL,5,,10,48,142335.0,141998,142335.0,,,,392,142335000	ID:5	[INFO: Metric    ] METRIC_TX type=REAL node=5 seq=10 bytes=48 time_ms=141998
RX,REAL,,5,10,48,142377.168,141874,142377.168,141998,141874,42.16800000000512,393,142377168	ID:1	[INFO: Metric    ] METRIC_RX type=REAL src=5 seq=10 send_ms=141998 recv_ms=141874 bytes=48
TX,REAL,4,,11,48,143590.0,143297,143590.0,,,,395,143590000	ID:4	[INFO: Metric    ] METRIC_TX type=REAL node=4 seq=11 bytes=48 time_ms=143297
RX,REAL,,4,11,48,143655.168,143152,143655.168,143297,143152,65.16800000000512,396,143655168	ID:1	[INFO: Metric    ] METRIC_RX type=REAL src=4 seq=11 send_ms=143297 recv_ms=143152 bytes=48
TX,REAL,2,,13,48,149027.0,148164,149027.0,,,,398,149027000	ID:2	[INFO: Metric    ] METRIC_TX type=REAL node=2 seq=13 bytes=48 time_ms=148164
RX,REAL,,2,13,48,149032.88,148529,149032.88,148164,148529,5.880000000004657,399,149032880	ID:1	[INFO: Metric    ] METRIC_RX type=REAL src=2 seq=13 send_ms=148164 recv_ms=148529 bytes=48
TX,REAL,7,,13,48,149199.0,148880,149199.0,,,,401,149199000	ID:7	[INFO: Metric    ] METRIC_TX type=REAL node=7 seq=13 bytes=48 time_ms=148880
RX,REAL,,7,13,48,149214.88,148711,149214.88,148880,148711,15.880000000004657,402,149214880	ID:1	[INFO: Metric    ] METRIC_RX type=REAL src=7 seq=13 send_ms=148880 recv_ms=148711 bytes=48
TX,REAL,6,,12,48,149388.0,148449,149388.0,,,,404,149388000	ID:6	[INFO: Metric    ] METRIC_TX type=REAL node=6 seq=12 bytes=48 time_ms=148449
RX,REAL,,6,12,48,149399.88,148896,149399.88,148449,148896,11.880000000004657,405,149399880	ID:1	[INFO: Metric    ] METRIC_RX type=REAL src=6 seq=12 send_ms=148449 recv_ms=148896 bytes=48
TX,REAL,5,,11,48,152336.0,151999,152336.0,,,,407,152336000	ID:5	[INFO: Metric    ] METRIC_TX type=REAL node=5 seq=11 bytes=48 time_ms=151999
RX,REAL,,5,11,48,152404.168,151901,152404.168,151999,151901,68.16800000000512,408,152404168	ID:1	[INFO: Metric    ] METRIC_RX type=REAL src=5 seq=11 send_ms=151999 recv_ms=151901 bytes=48
TX,REAL,3,,11,48,152929.0,152265,152929.0,,,,410,152929000	ID:3	[INFO: Metric    ] METRIC_TX type=REAL node=3 seq=11 bytes=48 time_ms=152265
RX,REAL,,3,11,48,152947.168,152444,152947.168,152265,152444,18.168000000005122,411,152947168	ID:1	[INFO: Metric    ] METRIC_RX type=REAL src=3 seq=11 send_ms=152265 recv_ms=152444 bytes=48
TX,REAL,4,,12,48,154591.0,154298,154591.0,,,,414,154591000	ID:4	[INFO: Metric    ] METRIC_TX type=REAL node=4 seq=12 bytes=48 time_ms=154298
RX,REAL,,4,12,48,154649.168,154146,154649.168,154298,154146,58.16800000000512,415,154649168	ID:1	[INFO: Metric    ] METRIC_RX type=REAL src=4 seq=12 send_ms=154298 recv_ms=154146 bytes=48
TX,REAL,6,,13,48,158389.0,157450,158389.0,,,,417,158389000	ID:6	[INFO: Metric    ] METRIC_TX type=REAL node=6 seq=13 bytes=48 time_ms=157450
RX,REAL,,6,13,48,158408.88,157905,158408.88,157450,157905,19.880000000004657,418,158408880	ID:1	[INFO: Metric    ] METRIC_RX type=REAL src=6 seq=13 send_ms=157450 recv_ms=157905 bytes=48
TX,REAL,7,,14,48,159200.0,158881,159200.0,,,,420,159200000	ID:7	[INFO: Metric    ] METRIC_TX type=REAL node=7 seq=14 bytes=48 time_ms=158881
TX,DUMMY,7,,6,48,159201.0,158882,159201.0,,,,421,159201000	ID:7	[INFO: Metric    ] METRIC_TX type=DUMMY node=7 seq=6 bytes=48 time_ms=158882
RX,REAL,,7,14,48,159240.88,158737,159240.88,158881,158737,40.88000000000466,422,159240880	ID:1	[INFO: Metric    ] METRIC_RX type=REAL src=7 seq=14 send_ms=158881 recv_ms=158737 bytes=48
RX,DUMMY,,7,6,48,159318.88,158815,159318.88,158882,158815,,424,159318880	ID:1	[INFO: Metric    ] METRIC_RX type=DUMMY src=7 seq=6 send_ms=158882 recv_ms=158815 bytes=48
TX,REAL,2,,14,48,160028.0,159165,160028.0,,,,426,160028000	ID:2	[INFO: Metric    ] METRIC_TX type=REAL node=2 seq=14 bytes=48 time_ms=159165
TX,DUMMY,2,,5,48,160029.0,159166,160029.0,,,,427,160029000	ID:2	[INFO: Metric    ] METRIC_TX type=DUMMY node=2 seq=5 bytes=48 time_ms=159166
RX,REAL,,2,14,48,160063.88,159560,160063.88,159165,159560,35.88000000000466,428,160063880	ID:1	[INFO: Metric    ] METRIC_RX type=REAL src=2 seq=14 send_ms=159165 recv_ms=159560 bytes=48
RX,DUMMY,,2,5,48,160097.88,159594,160097.88,159166,159594,,429,160097880	ID:1	[INFO: Metric    ] METRIC_RX type=DUMMY src=2 seq=5 send_ms=159166 recv_ms=159594 bytes=48
TX,REAL,3,,12,48,162930.0,162266,162930.0,,,,432,162930000	ID:3	[INFO: Metric    ] METRIC_TX type=REAL node=3 seq=12 bytes=48 time_ms=162266
RX,REAL,,3,12,48,162979.168,162476,162979.168,162266,162476,49.16800000000512,433,162979168	ID:1	[INFO: Metric    ] METRIC_RX type=REAL src=3 seq=12 send_ms=162266 recv_ms=162476 bytes=48
TX,REAL,5,,12,48,163337.0,163000,163337.0,,,,435,163337000	ID:5	[INFO: Metric    ] METRIC_TX type=REAL node=5 seq=12 bytes=48 time_ms=163000
RX,REAL,,5,12,48,163406.168,162903,163406.168,163000,162903,69.16800000000512,436,163406168	ID:1	[INFO: Metric    ] METRIC_RX type=REAL src=5 seq=12 send_ms=163000 recv_ms=162903 bytes=48
TX,REAL,4,,13,48,165592.0,165299,165592.0,,,,438,165592000	ID:4	[INFO: Metric    ] METRIC_TX type=REAL node=4 seq=13 bytes=48 time_ms=165299
RX,REAL,,4,13,48,165652.168,165149,165652.168,165299,165149,60.16800000000512,439,165652168	ID:1	[INFO: Metric    ] METRIC_RX type=REAL src=4 seq=13 send_ms=165299 recv_ms=165149 bytes=48
TX,REAL,7,,15,48,168202.0,167883,168202.0,,,,441,168202000	ID:7	[INFO: Metric    ] METRIC_TX type=REAL node=7 seq=15 bytes=48 time_ms=167883
RX,REAL,,7,15,48,168219.88,167716,168219.88,167883,167716,17.880000000004657,442,168219880	ID:1	[INFO: Metric    ] METRIC_RX type=REAL src=7 seq=15 send_ms=167883 recv_ms=167716 bytes=48
TX,REAL,6,,14,48,168390.0,167451,168390.0,,,,445,168390000	ID:6	[INFO: Metric    ] METRIC_TX type=REAL node=6 seq=14 bytes=48 time_ms=167451
RX,REAL,,6,14,48,168416.88,167913,168416.88,167451,167913,26.880000000004657,446,168416880	ID:1	[INFO: Metric    ] METRIC_RX type=REAL src=6 seq=14 send_ms=167451 recv_ms=167913 bytes=48
TX,REAL,2,,15,48,170030.0,169167,170030.0,,,,448,170030000	ID:2	[INFO: Metric    ] METRIC_TX type=REAL node=2 seq=15 bytes=48 time_ms=169167
RX,REAL,,2,15,48,170061.88,169558,170061.88,169167,169558,31.880000000004657,449,170061880	ID:1	[INFO: Metric    ] METRIC_RX type=REAL src=2 seq=15 send_ms=169167 recv_ms=169558 bytes=48
TX,REAL,3,,13,48,171931.0,171267,171931.0,,,,451,171931000	ID:3	[INFO: Metric    ] METRIC_TX type=REAL node=3 seq=13 bytes=48 time_ms=171267
RX,REAL,,3,13,48,171974.168,171471,171974.168,171267,171471,43.16800000000512,452,171974168	ID:1	[INFO: Metric    ] METRIC_RX type=REAL src=3 seq=13 send_ms=171267 recv_ms=171471 bytes=48
TX,REAL,5,,13,48,174338.0,174001,174338.0,,,,454,174338000	ID:5	[INFO: Metric    ] METRIC_TX type=REAL node=5 seq=13 bytes=48 time_ms=174001
RX,REAL,,5,13,48,174380.168,173877,174380.168,174001,173877,42.16800000000512,455,174380168	ID:1	[INFO: Metric    ] METRIC_RX type=REAL src=5 seq=13 send_ms=174001 recv_ms=173877 bytes=48
TX,REAL,4,,14,48,175593.0,175300,175593.0,,,,457,175593000	ID:4	[INFO: Metric    ] METRIC_TX type=REAL node=4 seq=14 bytes=48 time_ms=175300
TX,DUMMY,4,,3,48,175594.0,175301,175594.0,,,,458,175594000	ID:4	[INFO: Metric    ] METRIC_TX type=DUMMY node=4 seq=3 bytes=48 time_ms=175301
RX,REAL,,4,14,48,175642.168,175139,175642.168,175300,175139,49.16800000000512,459,175642168	ID:1	[INFO: Metric    ] METRIC_RX type=REAL src=4 seq=14 send_ms=175300 recv_ms=175139 bytes=48
RX,DUMMY,,4,3,48,175666.168,175163,175666.168,175301,175163,,460,175666168	ID:1	[INFO: Metric    ] METRIC_RX type=DUMMY src=4 seq=3 send_ms=175301 recv_ms=175163 bytes=48
TX,REAL,7,,16,48,178203.0,177884,178203.0,,,,463,178203000	ID:7	[INFO: Metric    ] METRIC_TX type=REAL node=7 seq=16 bytes=48 time_ms=177884
TX,DUMMY,7,,7,48,178204.0,177885,178204.0,,,,464,178204000	ID:7	[INFO: Metric    ] METRIC_TX type=DUMMY node=7 seq=7 bytes=48 time_ms=177885
RX,REAL,,7,16,48,178235.88,177732,178235.88,177884,177732,32.88000000000466,465,178235880	ID:1	[INFO: Metric    ] METRIC_RX type=REAL src=7 seq=16 send_ms=177884 recv_ms=177732 bytes=48
RX,DUMMY,,7,7,48,178257.88,177754,178257.88,177885,177754,,466,178257880	ID:1	[INFO: Metric    ] METRIC_RX type=DUMMY src=7 seq=7 send_ms=177885 recv_ms=177754 bytes=48
TX,REAL,6,,15,48,179391.0,178452,179391.0,,,,469,179391000	ID:6	[INFO: Metric    ] METRIC_TX type=REAL node=6 seq=15 bytes=48 time_ms=178452
RX,REAL,,6,15,48,179431.88,178928,179431.88,178452,178928,40.88000000000466,470,179431880	ID:1	[INFO: Metric    ] METRIC_RX type=REAL src=6 seq=15 send_ms=178452 recv_ms=178928 bytes=48
TX,REAL,2,,16,48,181031.0,180168,181031.0,,,,472,181031000	ID:2	[INFO: Metric    ] METRIC_TX type=REAL node=2 seq=16 bytes=48 time_ms=180168
TX,DUMMY,2,,6,48,181032.0,180169,181032.0,,,,473,181032000	ID:2	[INFO: Metric    ] METRIC_TX type=DUMMY node=2 seq=6 bytes=48 time_ms=180169
RX,REAL,,2,16,48,181067.88,180564,181067.88,180168,180564,36.88000000000466,474,181067880	ID:1	[INFO: Metric    ] METRIC_RX type=REAL src=2 seq=16 send_ms=180168 recv_ms=180564 bytes=48
RX,DUMMY,,2,6,48,181081.88,180578,181081.88,180169,180578,,476,181081880	ID:1	[INFO: Metric    ] METRIC_RX type=DUMMY src=2 seq=6 send_ms=180169 recv_ms=180578 bytes=48
TX,REAL,3,,14,48,182932.0,182268,182932.0,,,,479,182932000	ID:3	[INFO: Metric    ] METRIC_TX type=REAL node=3 seq=14 bytes=48 time_ms=182268
RX,REAL,,3,14,48,182955.168,182452,182955.168,182268,182452,23.168000000005122,480,182955168	ID:1	[INFO: Metric    ] METRIC_RX type=REAL src=3 seq=14 send_ms=182268 recv_ms=182452 bytes=48
TX,REAL,5,,14,48,184339.0,184002,184339.0,,,,482,184339000	ID:5	[INFO: Metric    ] METRIC_TX type=REAL node=5 seq=14 bytes=48 time_ms=184002
RX,REAL,,5,14,48,184414.168,183911,184414.168,184002,183911,75.16800000000512,483,184414168	ID:1	[INFO: Metric    ] METRIC_RX type=REAL src=5 seq=14 send_ms=184002 recv_ms=183911 bytes=48
TX,REAL,4,,15,48,186595.0,186302,186595.0,,,,485,186595000	ID:4	[INFO: Metric    ] METRIC_TX type=REAL node=4 seq=15 bytes=48 time_ms=186302
RX,REAL,,4,15,48,186667.168,186164,186667.168,186302,186164,72.16800000000512,486,186667168	ID:1	[INFO: Metric    ] METRIC_RX type=REAL src=4 seq=15 send_ms=186302 recv_ms=186164 bytes=48
TX,REAL,7,,17,48,188205.0,187886,188205.0,,,,488,188205000	ID:7	[INFO: Metric    ] METRIC_TX type=REAL node=7 seq=17 bytes=48 time_ms=187886
RX,REAL,,7,17,48,188222.88,187719,188222.88,187886,187719,17.880000000004657,489,188222880	ID:1	[INFO: Metric    ] METRIC_RX type=REAL src=7 seq=17 send_ms=187886 recv_ms=187719 bytes=48
TX,REAL,6,,16,48,190392.0,189453,190392.0,,,,491,190392000	ID:6	[INFO: Metric    ] METRIC_TX type=REAL node=6 seq=16 bytes=48 time_ms=189453
TX,DUMMY,6,,4,48,190393.0,189454,190393.0,,,,492,190393000	ID:6	[INFO: Metric    ] METRIC_TX type=DUMMY node=6 seq=4 bytes=48 time_ms=189454
RX,REAL,,6,16,48,190412.88,189909,190412.88,189453,189909,20.880000000004657,493,190412880	ID:1	[INFO: Metric    ] METRIC_RX type=REAL src=6 seq=16 send_ms=189453 recv_ms=189909 bytes=48
RX,DUMMY,,6,4,48,190473.88,189970,190473.88,189454,189970,,495,190473880	ID:1	[INFO: Metric    ] METRIC_RX type=DUMMY src=6 seq=4 send_ms=189454 recv_ms=189970 bytes=48
TX,REAL,2,,17,48,191033.0,190170,191033.0,,,,497,191033000	ID:2	[INFO: Metric    ] METRIC_TX type=REAL node=2 seq=17 bytes=48 time_ms=190170
RX,REAL,,2,17,48,191040.88,190537,191040.88,190170,190537,7.880000000004657,498,191040880	ID:1	[INFO: Metric    ] METRIC_RX type=REAL src=2 seq=17 send_ms=190170 recv_ms=190537 bytes=48
TX,REAL,3,,15,48,191933.0,191269,191933.0,,,,500,191933000	ID:3	[INFO: Metric    ] METRIC_TX type=REAL node=3 seq=15 bytes=48 time_ms=191269
RX,REAL,,3,15,48,191993.168,191490,191993.168,191269,191490,60.16800000000512,501,191993168	ID:1	[INFO: Metric    ] METRIC_RX type=REAL src=3 seq=15 send_ms=191269 recv_ms=191490 bytes=48
TX,REAL,5,,15,48,194340.0,194003,194340.0,,,,503,194340000	ID:5	[INFO: Metric    ] METRIC_TX type=REAL node=5 seq=15 bytes=48 time_ms=194003
RX,REAL,,5,15,48,194375.168,193872,194375.168,194003,193872,35.16800000000512,504,194375168	ID:1	[INFO: Metric    ] METRIC_RX type=REAL src=5 seq=15 send_ms=194003 recv_ms=193872 bytes=48
TX,REAL,4,,16,48,196596.0,196303,196596.0,,,,507,196596000	ID:4	[INFO: Metric    ] METRIC_TX type=REAL node=4 seq=16 bytes=48 time_ms=196303
RX,REAL,,4,16,48,196648.168,196145,196648.168,196303,196145,52.16800000000512,508,196648168	ID:1	[INFO: Metric    ] METRIC_RX type=REAL src=4 seq=16 send_ms=196303 recv_ms=196145 bytes=48
TX,REAL,7,,18,48,198206.0,197887,198206.0,,,,510,198206000	ID:7	[INFO: Metric    ] METRIC_TX type=REAL node=7 seq=18 bytes=48 time_ms=197887
RX,REAL,,7,18,48,198218.88,197715,198218.88,197887,197715,12.880000000004657,511,198218880	ID:1	[INFO: Metric    ] METRIC_RX type=REAL src=7 seq=18 send_ms=197887 recv_ms=197715 bytes=48
TX,REAL,6,,17,48,201394.0,200455,201394.0,,,,513,201394000	ID:6	[INFO: Metric    ] METRIC_TX type=REAL node=6 seq=17 bytes=48 time_ms=200455
RX,REAL,,6,17,48,201399.88,200896,201399.88,200455,200896,5.880000000004657,514,201399880	ID:1	[INFO: Metric    ] METRIC_RX type=REAL src=6 seq=17 send_ms=200455 recv_ms=200896 bytes=48
TX,REAL,3,,16,48,201934.0,201270,201934.0,,,,516,201934000	ID:3	[INFO: Metric    ] METRIC_TX type=REAL node=3 seq=16 bytes=48 time_ms=201270
RX,REAL,,3,16,48,202020.168,201517,202020.168,201270,201517,86.16800000000512,517,202020168	ID:1	[INFO: Metric    ] METRIC_RX type=REAL src=3 seq=16 send_ms=201270 recv_ms=201517 bytes=48
TX,REAL,2,,18,48,202034.0,201171,202034.0,,,,518,202034000	ID:2	[INFO: Metric    ] METRIC_TX type=REAL node=2 seq=18 bytes=48 time_ms=201171
RX,REAL,,2,18,48,202043.88,201540,202043.88,201171,201540,9.880000000004657,519,202043880	ID:1	[INFO: Metric    ] METRIC_RX type=REAL src=2 seq=18 send_ms=201171 recv_ms=201540 bytes=48
TX,REAL,5,,16,48,203341.0,203004,203341.0,,,,522,203341000	ID:5	[INFO: Metric    ] METRIC_TX type=REAL node=5 seq=16 bytes=48 time_ms=203004
TX,DUMMY,5,,1,48,203342.0,203005,203342.0,,,,523,203342000	ID:5	[INFO: Metric    ] METRIC_TX type=DUMMY node=5 seq=1 bytes=48 time_ms=203005
RX,REAL,,5,16,48,203364.168,202861,203364.168,203004,202861,23.168000000005122,524,203364168	ID:1	[INFO: Metric    ] METRIC_RX type=REAL src=5 seq=16 send_ms=203004 recv_ms=202861 bytes=48
RX,DUMMY,,5,1,48,203425.168,202922,203425.168,203005,202922,,526,203425168	ID:1	[INFO: Metric    ] METRIC_RX type=DUMMY src=5 seq=1 send_ms=203005 recv_ms=202922 bytes=48
TX,REAL,4,,17,48,205597.0,205304,205597.0,,,,528,205597000	ID:4	[INFO: Metric    ] METRIC_TX type=REAL node=4 seq=17 bytes=48 time_ms=205304
RX,REAL,,4,17,48,205664.168,205161,205664.168,205304,205161,67.16800000000512,529,205664168	ID:1	[INFO: Metric    ] METRIC_RX type=REAL src=4 seq=17 send_ms=205304 recv_ms=205161 bytes=48
TX,REAL,7,,19,48,208207.0,207888,208207.0,,,,531,208207000	ID:7	[INFO: Metric    ] METRIC_TX type=REAL node=7 seq=19 bytes=48 time_ms=207888
RX,REAL,,7,19,48,208229.88,207726,208229.88,207888,207726,22.880000000004657,532,208229880	ID:1	[INFO: Metric    ] METRIC_RX type=REAL src=7 seq=19 send_ms=207888 recv_ms=207726 bytes=48
TX,REAL,3,,17,48,210935.0,210271,210935.0,,,,534,210935000	ID:3	[INFO: Metric    ] METRIC_TX type=REAL node=3 seq=17 bytes=48 time_ms=210271
RX,REAL,,3,17,48,211005.168,210502,211005.168,210271,210502,70.16800000000512,535,211005168	ID:1	[INFO: Metric    ] METRIC_RX type=REAL src=3 seq=17 send_ms=210271 recv_ms=210502 bytes=48
TX,REAL,2,,19,48,211035.0,210172,211035.0,,,,537,211035000	ID:2	[INFO: Metric    ] METRIC_TX type=REAL node=2 seq=19 bytes=48 time_ms=210172
RX,REAL,,2,19,48,211062.88,210559,211062.88,210172,210559,27.880000000004657,539,211062880	ID:1	[INFO: Metric    ] METRIC_RX type=REAL src=2 seq=19 send_ms=210172 recv_ms=210559 bytes=48
TX,REAL,6,,18,48,211395.0,210456,211395.0,,,,541,211395000	ID:6	[INFO: Metric    ] METRIC_TX type=REAL node=6 seq=18 bytes=48 time_ms=210456
RX,REAL,,6,18,48,211439.88,210936,211439.88,210456,210936,44.88000000000466,542,211439880	ID:1	[INFO: Metric    ] METRIC_RX type=REAL src=6 seq=18 send_ms=210456 recv_ms=210936 bytes=48
TX,REAL,5,,17,48,212343.0,212006,212343.0,,,,544,212343000	ID:5	[INFO: Metric    ] METRIC_TX type=REAL node=5 seq=17 bytes=48 time_ms=212006
RX,REAL,,5,17,48,212400.168,211897,212400.168,212006,211897,57.16800000000512,545,212400168	ID:1	[INFO: Metric    ] METRIC_RX type=REAL src=5 seq=17 send_ms=212006 recv_ms=211897 bytes=48
TX,REAL,4,,18,48,215598.0,215305,215598.0,,,,547,215598000	ID:4	[INFO: Metric    ] METRIC_TX type=REAL node=4 seq=18 bytes=48 time_ms=215305
RX,REAL,,4,18,48,215665.168,215162,215665.168,215305,215162,67.16800000000512,548,215665168	ID:1	[INFO: Metric    ] METRIC_RX type=REAL src=4 seq=18 send_ms=215305 recv_ms=215162 bytes=48
TX,REAL,7,,20,48,218208.0,217889,218208.0,,,,552,218208000	ID:7	[INFO: Metric    ] METRIC_TX type=REAL node=7 seq=20 bytes=48 time_ms=217889
TX,DUMMY,7,,8,48,218209.0,217890,218209.0,,,,553,218209000	ID:7	[INFO: Metric    ] METRIC_TX type=DUMMY node=7 seq=8 bytes=48 time_ms=217890
RX,REAL,,7,20,48,218236.88,217733,218236.88,217889,217733,28.880000000004657,554,218236880	ID:1	[INFO: Metric    ] METRIC_RX type=REAL src=7 seq=20 send_ms=217889 recv_ms=217733 bytes=48
RX,DUMMY,,7,8,48,218243.88,217740,218243.88,217890,217740,,555,218243880	ID:1	[INFO: Metric    ] METRIC_RX type=DUMMY src=7 seq=8 send_ms=217890 recv_ms=217740 bytes=48
TX,REAL,2,,20,48,220036.0,219173,220036.0,,,,560,220036000	ID:2	[INFO: Metric    ] METRIC_TX type=REAL node=2 seq=20 bytes=48 time_ms=219173
RX,REAL,,2,20,48,220047.88,219544,220047.88,219173,219544,11.880000000004657,561,220047880	ID:1	[INFO: Metric    ] METRIC_RX type=REAL src=2 seq=20 send_ms=219173 recv_ms=219544 bytes=48
TX,REAL,3,,18,48,220936.0,220272,220936.0,,,,563,220936000	ID:3	[INFO: Metric    ] METRIC_TX type=REAL node=3 seq=18 bytes=48 time_ms=220272
RX,REAL,,3,18,48,220984.168,220481,220984.168,220272,220481,48.16800000000512,564,220984168	ID:1	[INFO: Metric    ] METRIC_RX type=REAL src=3 seq=18 send_ms=220272 recv_ms=220481 bytes=48
TX,REAL,5,,18,48,221344.0,221007,221344.0,,,,566,221344000	ID:5	[INFO: Metric    ] METRIC_TX type=REAL node=5 seq=18 bytes=48 time_ms=221007
RX,REAL,,5,18,48,221386.168,220883,221386.168,221007,220883,42.16800000000512,567,221386168	ID:1	[INFO: Metric    ] METRIC_RX type=REAL src=5 seq=18 send_ms=221007 recv_ms=220883 bytes=48
TX,REAL,6,,19,48,222396.0,221457,222396.0,,,,569,222396000	ID:6	[INFO: Metric    ] METRIC_TX type=REAL node=6 seq=19 bytes=48 time_ms=221457
RX,REAL,,6,19,48,222409.88,221906,222409.88,221457,221906,13.880000000004657,570,222409880	ID:1	[INFO: Metric    ] METRIC_RX type=REAL src=6 seq=19 send_ms=221457 recv_ms=221906 bytes=48
TX,REAL,4,,19,48,226599.0,226306,226599.0,,,,573,226599000	ID:4	[INFO: Metric    ] METRIC_TX type=REAL node=4 seq=19 bytes=48 time_ms=226306
RX,REAL,,4,19,48,226650.168,226147,226650.168,226306,226147,51.16800000000512,574,226650168	ID:1	[INFO: Metric    ] METRIC_RX type=REAL src=4 seq=19 send_ms=226306 recv_ms=226147 bytes=48
TX,REAL,7,,21,48,229210.0,228891,229210.0,,,,576,229210000	ID:7	[INFO: Metric    ] METRIC_TX type=REAL node=7 seq=21 bytes=48 time_ms=228891
TX,DUMMY,7,,9,48,229211.0,228892,229211.0,,,,577,229211000	ID:7	[INFO: Metric    ] METRIC_TX type=DUMMY node=7 seq=9 bytes=48 time_ms=228892
RX,REAL,,7,21,48,229227.88,228724,229227.88,228891,228724,17.880000000004657,578,229227880	ID:1	[INFO: Metric    ] METRIC_RX type=REAL src=7 seq=21 send_ms=228891 recv_ms=228724 bytes=48
RX,DUMMY,,7,9,48,229269.88,228766,229269.88,228892,228766,,580,229269880	ID:1	[INFO: Metric    ] METRIC_RX type=DUMMY src=7 seq=9 send_ms=228892 recv_ms=228766 bytes=48
TX,REAL,3,,19,48,230937.0,230273,230937.0,,,,582,230937000	ID:3	[INFO: Metric    ] METRIC_TX type=REAL node=3 seq=19 bytes=48 time_ms=230273
RX,REAL,,3,19,48,231013.168,230510,231013.168,230273,230510,76.16800000000512,583,231013168	ID:1	[INFO: Metric    ] METRIC_RX type=REAL src=3 seq=19 send_ms=230273 recv_ms=230510 bytes=48
TX,REAL,2,,21,48,231037.0,230174,231037.0,,,,584,231037000	ID:2	[INFO: Metric    ] METRIC_TX type=REAL node=2 seq=21 bytes=48 time_ms=230174
TX,DUMMY,2,,7,48,231038.0,230175,231038.0,,,,585,231038000	ID:2	[INFO: Metric    ] METRIC_TX type=DUMMY node=2 seq=7 bytes=48 time_ms=230175
RX,REAL,,2,21,48,231052.304,230549,231052.304,230174,230549,15.304000000003725,587,231052304	ID:1	[INFO: Metric    ] METRIC_RX type=REAL src=2 seq=21 send_ms=230174 recv_ms=230549 bytes=48
RX,DUMMY,,2,7,48,231081.88,230578,231081.88,230175,230578,,588,231081880	ID:1	[INFO: Metric    ] METRIC_RX type=DUMMY src=2 seq=7 send_ms=230175 recv_ms=230578 bytes=48
TX,REAL,5,,19,48,231345.0,231008,231345.0,,,,591,231345000	ID:5	[INFO: Metric    ] METRIC_TX type=REAL node=5 seq=19 bytes=48 time_ms=231008
RX,REAL,,5,19,48,231428.168,230925,231428.168,231008,230925,83.16800000000512,592,231428168	ID:1	[INFO: Metric    ] METRIC_RX type=REAL src=5 seq=19 send_ms=231008 recv_ms=230925 bytes=48
TX,REAL,6,,20,48,233397.0,232458,233397.0,,,,596,233397000	ID:6	[INFO: Metric    ] METRIC_TX type=REAL node=6 seq=20 bytes=48 time_ms=232458
RX,REAL,,6,20,48,233427.88,232924,233427.88,232458,232924,30.880000000004657,597,233427880	ID:1	[INFO: Metric    ] METRIC_RX type=REAL src=6 seq=20 send_ms=232458 recv_ms=232924 bytes=48
TX,REAL,4,,20,48,237600.0,237307,237600.0,,,,601,237600000	ID:4	[INFO: Metric    ] METRIC_TX type=REAL node=4 seq=20 bytes=48 time_ms=237307
RX,REAL,,4,20,48,237669.168,237166,237669.168,237307,237166,69.16800000000512,602,237669168	ID:1	[INFO: Metric    ] METRIC_RX type=REAL src=4 seq=20 send_ms=237307 recv_ms=237166 bytes=48
TX,REAL,7,,22,48,238212.0,237893,238212.0,,,,604,238212000	ID:7	[INFO: Metric    ] METRIC_TX type=REAL node=7 seq=22 bytes=48 time_ms=237893
RX,REAL,,7,22,48,238219.88,237716,238219.88,237893,237716,7.880000000004657,605,238219880	ID:1	[INFO: Metric    ] METRIC_RX type=REAL src=7 seq=22 send_ms=237893 recv_ms=237716 bytes=48
TX,REAL,3,,20,48,239938.0,239274,239938.0,,,,610,239938000	ID:3	[INFO: Metric    ] METRIC_TX type=REAL node=3 seq=20 bytes=48 time_ms=239274
RX,REAL,,3,20,48,239986.168,239483,239986.168,239274,239483,48.16800000000512,611,239986168	ID:1	[INFO: Metric    ] METRIC_RX type=REAL src=3 seq=20 send_ms=239274 recv_ms=239483 bytes=48
TX,REAL,2,,22,48,240039.0,239176,240039.0,,,,613,240039000	ID:2	[INFO: Metric    ] METRIC_TX type=REAL node=2 seq=22 bytes=48 time_ms=239176
RX,REAL,,2,22,48,240073.88,239570,240073.88,239176,239570,34.88000000000466,614,240073880	ID:1	[INFO: Metric    ] METRIC_RX type=REAL src=2 seq=22 send_ms=239176 recv_ms=239570 bytes=48
TX,REAL,5,,20,48,241346.0,241009,241346.0,,,,618,241346000	ID:5	[INFO: Metric    ] METRIC_TX type=REAL node=5 seq=20 bytes=48 time_ms=241009
RX,REAL,,5,20,48,241370.168,240867,241370.168,241009,240867,24.168000000005122,619,241370168	ID:1	[INFO: Metric    ] METRIC_RX type=REAL src=5 seq=20 send_ms=241009 recv_ms=240867 bytes=48
TX,REAL,6,,21,48,243398.0,242459,243398.0,,,,621,243398000	ID:6	[INFO: Metric    ] METRIC_TX type=REAL node=6 seq=21 bytes=48 time_ms=242459
RX,REAL,,6,21,48,243409.88,242906,243409.88,242459,242906,11.880000000004657,622,243409880	ID:1	[INFO: Metric    ] METRIC_RX type=REAL src=6 seq=21 send_ms=242459 recv_ms=242906 bytes=48
TX,REAL,7,,23,48,247213.0,246894,247213.0,,,,624,247213000	ID:7	[INFO: Metric    ] METRIC_TX type=REAL node=7 seq=23 bytes=48 time_ms=246894
RX,REAL,,7,23,48,247252.88,246749,247252.88,246894,246749,39.88000000000466,625,247252880	ID:1	[INFO: Metric    ] METRIC_RX type=REAL src=7 seq=23 send_ms=246894 recv_ms=246749 bytes=48
TX,REAL,4,,21,48,248601.0,248308,248601.0,,,,627,248601000	ID:4	[INFO: Metric    ] METRIC_TX type=REAL node=4 seq=21 bytes=48 time_ms=248308
RX,REAL,,4,21,48,248654.168,248151,248654.168,248308,248151,53.16800000000512,628,248654168	ID:1	[INFO: Metric    ] METRIC_RX type=REAL src=4 seq=21 send_ms=248308 recv_ms=248151 bytes=48
TX,REAL,3,,21,48,248939.0,248275,248939.0,,,,630,248939000	ID:3	[INFO: Metric    ] METRIC_TX type=REAL node=3 seq=21 bytes=48 time_ms=248275
RX,REAL,,3,21,48,248991.168,248488,248991.168,248275,248488,52.16800000000512,631,248991168	ID:1	[INFO: Metric    ] METRIC_RX type=REAL src=3 seq=21 send_ms=248275 recv_ms=248488 bytes=48
TX,REAL,2,,23,48,249040.0,248177,249040.0,,,,633,249040000	ID:2	[INFO: Metric    ] METRIC_TX type=REAL node=2 seq=23 bytes=48 time_ms=248177
RX,REAL,,2,23,48,249045.88,248542,249045.88,248177,248542,5.880000000004657,634,249045880	ID:1	[INFO: Metric    ] METRIC_RX type=REAL src=2 seq=23 send_ms=248177 recv_ms=248542 bytes=48
TX,REAL,5,,21,48,250347.0,250010,250347.0,,,,636,250347000	ID:5	[INFO: Metric    ] METRIC_TX type=REAL node=5 seq=21 bytes=48 time_ms=250010
TX,DUMMY,5,,2,48,250348.0,250011,250348.0,,,,637,250348000	ID:5	[INFO: Metric    ] METRIC_TX type=DUMMY node=5 seq=2 bytes=48 time_ms=250011
RX,REAL,,5,21,48,250378.168,249875,250378.168,250010,249875,31.168000000005122,638,250378168	ID:1	[INFO: Metric    ] METRIC_RX type=REAL src=5 seq=21 send_ms=250010 recv_ms=249875 bytes=48
RX,DUMMY,,5,2,48,250393.168,249890,250393.168,250011,249890,,639,250393168	ID:1	[INFO: Metric    ] METRIC_RX type=DUMMY src=5 seq=2 send_ms=250011 recv_ms=249890 bytes=48
TX,REAL,6,,22,48,254399.0,253460,254399.0,,,,643,254399000	ID:6	[INFO: Metric    ] METRIC_TX type=REAL node=6 seq=22 bytes=48 time_ms=253460
RX,REAL,,6,22,48,254419.88,253916,254419.88,253460,253916,20.880000000004657,644,254419880	ID:1	[INFO: Metric    ] METRIC_RX type=REAL src=6 seq=22 send_ms=253460 recv_ms=253916 bytes=48
TX,REAL,7,,24,48,257214.0,256895,257214.0,,,,646,257214000	ID:7	[INFO: Metric    ] METRIC_TX type=REAL node=7 seq=24 bytes=48 time_ms=256895
RX,REAL,,7,24,48,257228.88,256725,257228.88,256895,256725,14.880000000004657,647,257228880	ID:1	[INFO: Metric    ] METRIC_RX type=REAL src=7 seq=24 send_ms=256895 recv_ms=256725 bytes=48
TX,REAL,4,,22,48,258602.0,258309,258602.0,,,,649,258602000	ID:4	[INFO: Metric    ] METRIC_TX type=REAL node=4 seq=22 bytes=48 time_ms=258309
RX,REAL,,4,22,48,258633.168,258130,258633.168,258309,258130,31.168000000005122,650,258633168	ID:1	[INFO: Metric    ] METRIC_RX type=REAL src=4 seq=22 send_ms=258309 recv_ms=258130 bytes=48
TX,REAL,3,,22,48,258940.0,258276,258940.0,,,,652,258940000	ID:3	[INFO: Metric    ] METRIC_TX type=REAL node=3 seq=22 bytes=48 time_ms=258276
RX,REAL,,3,22,48,258996.168,258493,258996.168,258276,258493,56.16800000000512,653,258996168	ID:1	[INFO: Metric    ] METRIC_RX type=REAL src=3 seq=22 send_ms=258276 recv_ms=258493 bytes=48
TX,REAL,2,,24,48,260041.0,259178,260041.0,,,,655,260041000	ID:2	[INFO: Metric    ] METRIC_TX type=REAL node=2 seq=24 bytes=48 time_ms=259178
RX,REAL,,2,24,48,260068.88,259565,260068.88,259178,259565,27.880000000004657,656,260068880	ID:1	[INFO: Metric    ] METRIC_RX type=REAL src=2 seq=24 send_ms=259178 recv_ms=259565 bytes=48
TX,REAL,5,,22,48,261349.0,261012,261349.0,,,,658,261349000	ID:5	[INFO: Metric    ] METRIC_TX type=REAL node=5 seq=22 bytes=48 time_ms=261012
RX,REAL,,5,22,48,261422.168,260919,261422.168,261012,260919,73.16800000000512,659,261422168	ID:1	[INFO: Metric    ] METRIC_RX type=REAL src=5 seq=22 send_ms=261012 recv_ms=260919 bytes=48
TX,REAL,6,,23,48,265400.0,264461,265400.0,,,,661,265400000	ID:6	[INFO: Metric    ] METRIC_TX type=REAL node=6 seq=23 bytes=48 time_ms=264461
RX,REAL,,6,23,48,265425.88,264922,265425.88,264461,264922,25.880000000004657,662,265425880	ID:1	[INFO: Metric    ] METRIC_RX type=REAL src=6 seq=23 send_ms=264461 recv_ms=264922 bytes=48
TX,REAL,7,,25,48,266215.0,265896,266215.0,,,,664,266215000	ID:7	[INFO: Metric    ] METRIC_TX type=REAL node=7 seq=25 bytes=48 time_ms=265896
RX,REAL,,7,25,48,266252.88,265749,266252.88,265896,265749,37.88000000000466,665,266252880	ID:1	[INFO: Metric    ] METRIC_RX type=REAL src=7 seq=25 send_ms=265896 recv_ms=265749 bytes=48
TX,REAL,4,,23,48,269603.0,269310,269603.0,,,,667,269603000	ID:4	[INFO: Metric    ] METRIC_TX type=REAL node=4 seq=23 bytes=48 time_ms=269310
RX,REAL,,4,23,48,269641.168,269138,269641.168,269310,269138,38.16800000000512,668,269641168	ID:1	[INFO: Metric    ] METRIC_RX type=REAL src=4 seq=23 send_ms=269310 recv_ms=269138 bytes=48
TX,REAL,3,,23,48,269941.0,269277,269941.0,,,,670,269941000	ID:3	[INFO: Metric    ] METRIC_TX type=REAL node=3 seq=23 bytes=48 time_ms=269277
RX,REAL,,3,23,48,269993.168,269490,269993.168,269277,269490,52.16800000000512,671,269993168	ID:1	[INFO: Metric    ] METRIC_RX type=REAL src=3 seq=23 send_ms=269277 recv_ms=269490 bytes=48
TX,REAL,2,,25,48,271042.0,270179,271042.0,,,,674,271042000	ID:2	[INFO: Metric    ] METRIC_TX type=REAL node=2 seq=25 bytes=48 time_ms=270179
RX,REAL,,2,25,48,271066.88,270563,271066.88,270179,270563,24.880000000004657,675,271066880	ID:1	[INFO: Metric    ] METRIC_RX type=REAL src=2 seq=25 send_ms=270179 recv_ms=270563 bytes=48
TX,REAL,5,,23,48,271350.0,271013,271350.0,,,,677,271350000	ID:5	[INFO: Metric    ] METRIC_TX type=REAL node=5 seq=23 bytes=48 time_ms=271013
RX,REAL,,5,23,48,271405.168,270902,271405.168,271013,270902,55.16800000000512,678,271405168	ID:1	[INFO: Metric    ] METRIC_RX type=REAL src=5 seq=23 send_ms=271013 recv_ms=270902 bytes=48
TX,REAL,6,,24,48,274401.0,273462,274401.0,,,,680,274401000	ID:6	[INFO: Metric    ] METRIC_TX type=REAL node=6 seq=24 bytes=48 time_ms=273462
TX,DUMMY,6,,5,48,274402.0,273463,274402.0,,,,681,274402000	ID:6	[INFO: Metric    ] METRIC_TX type=DUMMY node=6 seq=5 bytes=48 time_ms=273463
RX,REAL,,6,24,48,274407.88,273904,274407.88,273462,273904,6.880000000004657,682,274407880	ID:1	[INFO: Metric    ] METRIC_RX type=REAL src=6 seq=24 send_ms=273462 recv_ms=273904 bytes=48
RX,DUMMY,,6,5,48,274420.88,273917,274420.88,273463,273917,,683,274420880	ID:1	[INFO: Metric    ] METRIC_RX type=DUMMY src=6 seq=5 send_ms=273463 recv_ms=273917 bytes=48
TX,REAL,7,,26,48,277216.0,276897,277216.0,,,,686,277216000	ID:7	[INFO: Metric    ] METRIC_TX type=REAL node=7 seq=26 bytes=48 time_ms=276897
RX,REAL,,7,26,48,277260.88,276757,277260.88,276897,276757,44.88000000000466,687,277260880	ID:1	[INFO: Metric    ] METRIC_RX type=REAL src=7 seq=26 send_ms=276897 recv_ms=276757 bytes=48
TX,REAL,3,,24,48,278942.0,278278,278942.0,,,,689,278942000	ID:3	[INFO: Metric    ] METRIC_TX type=REAL node=3 seq=24 bytes=48 time_ms=278278
RX,REAL,,3,24,48,278990.168,278487,278990.168,278278,278487,48.16800000000512,690,278990168	ID:1	[INFO: Metric    ] METRIC_RX type=REAL src=3 seq=24 send_ms=278278 recv_ms=278487 bytes=48
TX,REAL,4,,24,48,279604.0,279311,279604.0,,,,692,279604000	ID:4	[INFO: Metric    ] METRIC_TX type=REAL node=4 seq=24 bytes=48 time_ms=279311
RX,REAL,,4,24,48,279652.168,279149,279652.168,279311,279149,48.16800000000512,693,279652168	ID:1	[INFO: Metric    ] METRIC_RX type=REAL src=4 seq=24 send_ms=279311 recv_ms=279149 bytes=48
TX,REAL,2,,26,48,280043.0,279180,280043.0,,,,695,280043000	ID:2	[INFO: Metric    ] METRIC_TX type=REAL node=2 seq=26 bytes=48 time_ms=279180
RX,REAL,,2,26,48,280052.88,279549,280052.88,279180,279549,9.880000000004657,696,280052880	ID:1	[INFO: Metric    ] METRIC_RX type=REAL src=2 seq=26 send_ms=279180 recv_ms=279549 bytes=48
TX,REAL,5,,24,48,282351.0,282014,282351.0,,,,698,282351000	ID:5	[INFO: Metric    ] METRIC_TX type=REAL node=5 seq=24 bytes=48 time_ms=282014
RX,REAL,,5,24,48,282420.168,281917,282420.168,282014,281917,69.16800000000512,699,282420168	ID:1	[INFO: Metric    ] METRIC_RX type=REAL src=5 seq=24 send_ms=282014 recv_ms=281917 bytes=48
TX,REAL,6,,25,48,285403.0,284464,285403.0,,,,701,285403000	ID:6	[INFO: Metric    ] METRIC_TX type=REAL node=6 seq=25 bytes=48 time_ms=284464
RX,REAL,,6,25,48,285422.88,284919,285422.88,284464,284919,19.880000000004657,702,285422880	ID:1	[INFO: Metric    ] METRIC_RX type=REAL src=6 seq=25 send_ms=284464 recv_ms=284919 bytes=48
TX,REAL,7,,27,48,288217.0,287898,288217.0,,,,705,288217000	ID:7	[INFO: Metric    ] METRIC_TX type=REAL node=7 seq=27 bytes=48 time_ms=287898
RX,REAL,,7,27,48,288260.88,287757,288260.88,287898,287757,43.88000000000466,706,288260880	ID:1	[INFO: Metric    ] METRIC_RX type=REAL src=7 seq=27 send_ms=287898 recv_ms=287757 bytes=48
TX,REAL,2,,27,48,289044.0,288181,289044.0,,,,708,289044000	ID:2	[INFO: Metric    ] METRIC_TX type=REAL node=2 seq=27 bytes=48 time_ms=288181
RX,REAL,,2,27,48,289058.88,288555,289058.88,288181,288555,14.880000000004657,709,289058880	ID:1	[INFO: Metric    ] METRIC_RX type=REAL src=2 seq=27 send_ms=288181 recv_ms=288555 bytes=48
TX,REAL,3,,25,48,289943.0,289279,289943.0,,,,711,289943000	ID:3	[INFO: Metric    ] METRIC_TX type=REAL node=3 seq=25 bytes=48 time_ms=289279
RX,REAL,,3,25,48,289974.168,289471,289974.168,289279,289471,31.168000000005122,712,289974168	ID:1	[INFO: Metric    ] METRIC_RX type=REAL src=3 seq=25 send_ms=289279 recv_ms=289471 bytes=48
TX,REAL,4,,25,48,290605.0,290312,290605.0,,,,714,290605000	ID:4	[INFO: Metric    ] METRIC_TX type=REAL node=4 seq=25 bytes=48 time_ms=290312
RX,REAL,,4,25,48,290662.168,290159,290662.168,290312,290159,57.16800000000512,715,290662168	ID:1	[INFO: Metric    ] METRIC_RX type=REAL src=4 seq=25 send_ms=290312 recv_ms=290159 bytes=48
TX,REAL,5,,25,48,292352.0,292015,292352.0,,,,717,292352000	ID:5	[INFO: Metric    ] METRIC_TX type=REAL node=5 seq=25 bytes=48 time_ms=292015
TX,DUMMY,5,,3,48,292353.0,292016,292353.0,,,,718,292353000	ID:5	[INFO: Metric    ] METRIC_TX type=DUMMY node=5 seq=3 bytes=48 time_ms=292016
RX,REAL,,5,25,48,292419.168,291916,292419.168,292015,291916,67.16800000000512,719,292419168	ID:1	[INFO: Metric    ] METRIC_RX type=REAL src=5 seq=25 send_ms=292015 recv_ms=291916 bytes=48
RX,DUMMY,,5,3,48,292444.168,291941,292444.168,292016,291941,,720,292444168	ID:1	[INFO: Metric    ] METRIC_RX type=DUMMY src=5 seq=3 send_ms=292016 recv_ms=291941 bytes=48
TX,REAL,6,,26,48,294404.0,293465,294404.0,,,,723,294404000	ID:6	[INFO: Metric    ] METRIC_TX type=REAL node=6 seq=26 bytes=48 time_ms=293465
RX,REAL,,6,26,48,294411.88,293908,294411.88,293465,293908,7.880000000004657,724,294411880	ID:1	[INFO: Metric    ] METRIC_RX type=REAL src=6 seq=26 send_ms=293465 recv_ms=293908 bytes=48
TX,REAL,2,,28,48,299045.0,298182,299045.0,,,,726,299045000	ID:2	[INFO: Metric    ] METRIC_TX type=REAL node=2 seq=28 bytes=48 time_ms=298182
RX,REAL,,2,28,48,299082.88,298579,299082.88,298182,298579,37.88000000000466,727,299082880	ID:1	[INFO: Metric    ] METRIC_RX type=REAL src=2 seq=28 send_ms=298182 recv_ms=298579 bytes=48
TX,REAL,7,,28,48,299218.0,298899,299218.0,,,,729,299218000	ID:7	[INFO: Metric    ] METRIC_TX type=REAL node=7 seq=28 bytes=48 time_ms=298899
RX,REAL,,7,28,48,299237.88,298734,299237.88,298899,298734,19.880000000004657,730,299237880	ID:1	[INFO: Metric    ] METRIC_RX type=REAL src=7 seq=28 send_ms=298899 recv_ms=298734 bytes=48
TX,REAL,4,,26,48,299606.0,299313,299606.0,,,,732,299606000	ID:4	[INFO: Metric    ] METRIC_TX type=REAL node=4 seq=26 bytes=48 time_ms=299313
RX,REAL,,4,26,48,299667.168,299164,299667.168,299313,299164,61.16800000000512,733,299667168	ID:1	[INFO: Metric    ] METRIC_RX type=REAL src=4 seq=26 send_ms=299313 recv_ms=299164 bytes=48
TX,REAL,3,,26,48,299944.0,299280,299944.0,,,,736,299944000	ID:3	[INFO: Metric    ] METRIC_TX type=REAL node=3 seq=26 bytes=48 time_ms=299280
RX,REAL,,3,26,48,299987.304,299484,299987.304,299280,299484,43.304000000003725,737,299987304	ID:1	[INFO: Metric    ] METRIC_RX type=REAL src=3 seq=26 send_ms=299280 recv_ms=299484 bytes=48
TX,REAL,5,,26,48,302354.0,302017,302354.0,,,,739,302354000	ID:5	[INFO: Metric    ] METRIC_TX type=REAL node=5 seq=26 bytes=48 time_ms=302017
RX,REAL,,5,26,48,302404.168,301901,302404.168,302017,301901,50.16800000000512,740,302404168	ID:1	[INFO: Metric    ] METRIC_RX type=REAL src=5 seq=26 send_ms=302017 recv_ms=301901 bytes=48
TX,REAL,6,,27,48,304405.0,303466,304405.0,,,,742,304405000	ID:6	[INFO: Metric    ] METRIC_TX type=REAL node=6 seq=27 bytes=48 time_ms=303466
RX,REAL,,6,27,48,304419.88,303916,304419.88,303466,303916,14.880000000004657,743,304419880	ID:1	[INFO: Metric    ] METRIC_RX type=REAL src=6 seq=27 send_ms=303466 recv_ms=303916 bytes=48
TX,REAL,7,,29,48,308219.0,307900,308219.0,,,,745,308219000	ID:7	[INFO: Metric    ] METRIC_TX type=REAL node=7 seq=29 bytes=48 time_ms=307900
RX,REAL,,7,29,48,308245.88,307742,308245.88,307900,307742,26.880000000004657,746,308245880	ID:1	[INFO: Metric    ] METRIC_RX type=REAL src=7 seq=29 send_ms=307900 recv_ms=307742 bytes=48
TX,REAL,2,,29,48,309046.0,308183,309046.0,,,,748,309046000	ID:2	[INFO: Metric    ] METRIC_TX type=REAL node=2 seq=29 bytes=48 time_ms=308183
RX,REAL,,2,29,48,309074.88,308571,309074.88,308183,308571,28.880000000004657,749,309074880	ID:1	[INFO: Metric    ] METRIC_RX type=REAL src=2 seq=29 send_ms=308183 recv_ms=308571 bytes=48
TX,REAL,4,,27,48,309607.0,309314,309607.0,,,,751,309607000	ID:4	[INFO: Metric    ] METRIC_TX type=REAL node=4 seq=27 bytes=48 time_ms=309314
RX,REAL,,4,27,48,309651.168,309148,309651.168,309314,309148,44.16800000000512,752,309651168	ID:1	[INFO: Metric    ] METRIC_RX type=REAL src=4 seq=27 send_ms=309314 recv_ms=309148 bytes=48
TX,REAL,3,,27,48,310945.0,310281,310945.0,,,,754,310945000	ID:3	[INFO: Metric    ] METRIC_TX type=REAL node=3 seq=27 bytes=48 time_ms=310281
RX,REAL,,3,27,48,310983.168,310480,310983.168,310281,310480,38.16800000000512,755,310983168	ID:1	[INFO: Metric    ] METRIC_RX type=REAL src=3 seq=27 send_ms=310281 recv_ms=310480 bytes=48
TX,REAL,5,,27,48,313355.0,313018,313355.0,,,,757,313355000	ID:5	[INFO: Metric    ] METRIC_TX type=REAL node=5 seq=27 bytes=48 time_ms=313018
RX,REAL,,5,27,48,313429.168,312926,313429.168,313018,312926,74.16800000000512,758,313429168	ID:1	[INFO: Metric    ] METRIC_RX type=REAL src=5 seq=27 send_ms=313018 recv_ms=312926 bytes=48
TX,REAL,6,,28,48,314406.0,313467,314406.0,,,,760,314406000	ID:6	[INFO: Metric    ] METRIC_TX type=REAL node=6 seq=28 bytes=48 time_ms=313467
RX,REAL,,6,28,48,314417.88,313914,314417.88,313467,313914,11.880000000004657,761,314417880	ID:1	[INFO: Metric    ] METRIC_RX type=REAL src=6 seq=28 send_ms=313467 recv_ms=313914 bytes=48
TX,REAL,4,,28,48,318608.0,318315,318608.0,,,,763,318608000	ID:4	[INFO: Metric    ] METRIC_TX type=REAL node=4 seq=28 bytes=48 time_ms=318315
RX,REAL,,4,28,48,318678.168,318175,318678.168,318315,318175,70.16800000000512,764,318678168	ID:1	[INFO: Metric    ] METRIC_RX type=REAL src=4 seq=28 send_ms=318315 recv_ms=318175 bytes=48
TX,REAL,2,,30,48,319047.0,318184,319047.0,,,,769,319047000	ID:2	[INFO: Metric    ] METRIC_TX type=REAL node=2 seq=30 bytes=48 time_ms=318184
TX,DUMMY,2,,8,48,319048.0,318185,319048.0,,,,770,319048000	ID:2	[INFO: Metric    ] METRIC_TX type=DUMMY node=2 seq=8 bytes=48 time_ms=318185
RX,REAL,,2,30,48,319060.88,318557,319060.88,318184,318557,13.880000000004657,771,319060880	ID:1	[INFO: Metric    ] METRIC_RX type=REAL src=2 seq=30 send_ms=318184 recv_ms=318557 bytes=48
RX,DUMMY,,2,8,48,319088.88,318585,319088.88,318185,318585,,772,319088880	ID:1	[INFO: Metric    ] METRIC_RX type=DUMMY src=2 seq=8 send_ms=318185 recv_ms=318585 bytes=48
TX,REAL,7,,30,48,319220.0,318901,319220.0,,,,777,319220000	ID:7	[INFO: Metric    ] METRIC_TX type=REAL node=7 seq=30 bytes=48 time_ms=318901
RX,REAL,,7,30,48,319308.88,318805,319308.88,318901,318805,88.88000000000466,778,319308880	ID:1	[INFO: Metric    ] METRIC_RX type=REAL src=7 seq=30 send_ms=318901 recv_ms=318805 bytes=48
TX,REAL,3,,28,48,321946.0,321282,321946.0,,,,780,321946000	ID:3	[INFO: Metric    ] METRIC_TX type=REAL node=3 seq=28 bytes=48 time_ms=321282
TX,DUMMY,3,,4,48,321947.0,321283,321947.0,,,,781,321947000	ID:3	[INFO: Metric    ] METRIC_TX type=DUMMY node=3 seq=4 bytes=48 time_ms=321283
RX,REAL,,3,28,48,322031.168,321528,322031.168,321282,321528,85.16800000000512,782,322031168	ID:1	[INFO: Metric    ] METRIC_RX type=REAL src=3 seq=28 send_ms=321282 recv_ms=321528 bytes=48
RX,DUMMY,,3,4,48,322068.168,321565,322068.168,321283,321565,,783,322068168	ID:1	[INFO: Metric    ] METRIC_RX type=DUMMY src=3 seq=4 send_ms=321283 recv_ms=321565 bytes=48
TX,REAL,5,,28,48,323356.0,323019,323356.0,,,,786,323356000	ID:5	[INFO: Metric    ] METRIC_TX type=REAL node=5 seq=28 bytes=48 time_ms=323019
RX,REAL,,5,28,48,323398.304,322895,323398.304,323019,322895,42.304000000003725,787,323398304	ID:1	[INFO: Metric    ] METRIC_RX type=REAL src=5 seq=28 send_ms=323019 recv_ms=322895 bytes=48
TX,REAL,6,,29,48,323407.0,322468,323407.0,,,,788,323407000	ID:6	[INFO: Metric    ] METRIC_TX type=REAL node=6 seq=29 bytes=48 time_ms=322468
RX,REAL,,6,29,48,323452.88,322949,323452.88,322468,322949,45.88000000000466,790,323452880	ID:1	[INFO: Metric    ] METRIC_RX type=REAL src=6 seq=29 send_ms=322468 recv_ms=322949 bytes=48
TX,REAL,2,,31,48,329049.0,328186,329049.0,,,,792,329049000	ID:2	[INFO: Metric    ] METRIC_TX type=REAL node=2 seq=31 bytes=48 time_ms=328186
RX,REAL,,2,31,48,329075.88,328572,329075.88,328186,328572,26.880000000004657,793,329075880	ID:1	[INFO: Metric    ] METRIC_RX type=REAL src=2 seq=31 send_ms=328186 recv_ms=328572 bytes=48
TX,REAL,4,,29,48,329609.0,329316,329609.0,,,,795,329609000	ID:4	[INFO: Metric    ] METRIC_TX type=REAL node=4 seq=29 bytes=48 time_ms=329316
RX,REAL,,4,29,48,329649.168,329146,329649.168,329316,329146,40.16800000000512,796,329649168	ID:1	[INFO: Metric    ] METRIC_RX type=REAL src=4 seq=29 send_ms=329316 recv_ms=329146 bytes=48
TX,REAL,7,,31,48,330221.0,329902,330221.0,,,,798,330221000	ID:7	[INFO: Metric    ] METRIC_TX type=REAL node=7 seq=31 bytes=48 time_ms=329902
RX,REAL,,7,31,48,330240.88,329737,330240.88,329902,329737,19.880000000004657,799,330240880	ID:1	[INFO: Metric    ] METRIC_RX type=REAL src=7 seq=31 send_ms=329902 recv_ms=329737 bytes=48
TX,REAL,3,,29,48,330948.0,330284,330948.0,,,,802,330948000	ID:3	[INFO: Metric    ] METRIC_TX type=REAL node=3 seq=29 bytes=48 time_ms=330284
RX,REAL,,3,29,48,331019.168,330516,331019.168,330284,330516,71.16800000000512,803,331019168	ID:1	[INFO: Metric    ] METRIC_RX type=REAL src=3 seq=29 send_ms=330284 recv_ms=330516 bytes=48
TX,REAL,6,,30,48,333408.0,332469,333408.0,,,,807,333408000	ID:6	[INFO: Metric    ] METRIC_TX type=REAL node=6 seq=30 bytes=48 time_ms=332469
TX,DUMMY,6,,6,48,333409.0,332470,333409.0,,,,808,333409000	ID:6	[INFO: Metric    ] METRIC_TX type=DUMMY node=6 seq=6 bytes=48 time_ms=332470
RX,REAL,,6,30,48,333414.88,332911,333414.88,332469,332911,6.880000000004657,809,333414880	ID:1	[INFO: Metric    ] METRIC_RX type=REAL src=6 seq=30 send_ms=332469 recv_ms=332911 bytes=48
RX,DUMMY,,6,6,48,333443.88,332940,333443.88,332470,332940,,810,333443880	ID:1	[INFO: Metric    ] METRIC_RX type=DUMMY src=6 seq=6 send_ms=332470 recv_ms=332940 bytes=48
TX,REAL,5,,29,48,334357.0,334020,334357.0,,,,813,334357000	ID:5	[INFO: Metric    ] METRIC_TX type=REAL node=5 seq=29 bytes=48 time_ms=334020
RX,REAL,,5,29,48,334375.304,333872,334375.304,334020,333872,18.304000000003725,814,334375304	ID:1	[INFO: Metric    ] METRIC_RX type=REAL src=5 seq=29 send_ms=334020 recv_ms=333872 bytes=48
TX,REAL,2,,32,48,340050.0,339187,340050.0,,,,816,340050000	ID:2	[INFO: Metric    ] METRIC_TX type=REAL node=2 seq=32 bytes=48 time_ms=339187
RX,REAL,,2,32,48,340073.88,339570,340073.88,339187,339570,23.880000000004657,817,340073880	ID:1	[INFO: Metric    ] METRIC_RX type=REAL src=2 seq=32 send_ms=339187 recv_ms=339570 bytes=48
TX,REAL,4,,30,48,340610.0,340317,340610.0,,,,821,340610000	ID:4	[INFO: Metric    ] METRIC_TX type=REAL node=4 seq=30 bytes=48 time_ms=340317
RX,REAL,,4,30,48,340659.168,340156,340659.168,340317,340156,49.16800000000512,822,340659168	ID:1	[INFO: Metric    ] METRIC_RX type=REAL src=4 seq=30 send_ms=340317 recv_ms=340156 bytes=48
TX,REAL,7,,32,48,341222.0,340903,341222.0,,,,824,341222000	ID:7	[INFO: Metric    ] METRIC_TX type=REAL node=7 seq=32 bytes=48 time_ms=340903
RX,REAL,,7,32,48,341260.88,340757,341260.88,340903,340757,38.88000000000466,825,341260880	ID:1	[INFO: Metric    ] METRIC_RX type=REAL src=7 seq=32 send_ms=340903 recv_ms=340757 bytes=48
TX,REAL,3,,30,48,341949.0,341285,341949.0,,,,829,341949000	ID:3	[INFO: Metric    ] METRIC_TX type=REAL node=3 seq=30 bytes=48 time_ms=341285
RX,REAL,,3,30,48,342018.168,341515,342018.168,341285,341515,69.16800000000512,830,342018168	ID:1	[INFO: Metric    ] METRIC_RX type=REAL src=3 seq=30 send_ms=341285 recv_ms=341515 bytes=48
TX,REAL,6,,31,48,342410.0,341471,342410.0,,,,832,342410000	ID:6	[INFO: Metric    ] METRIC_TX type=REAL node=6 seq=31 bytes=48 time_ms=341471
RX,REAL,,6,31,48,342424.88,341921,342424.88,341471,341921,14.880000000004657,833,342424880	ID:1	[INFO: Metric    ] METRIC_RX type=REAL src=6 seq=31 send_ms=341471 recv_ms=341921 bytes=48
TX,REAL,5,,30,48,344358.0,344021,344358.0,,,,837,344358000	ID:5	[INFO: Metric    ] METRIC_TX type=REAL node=5 seq=30 bytes=48 time_ms=344021
RX,REAL,,5,30,48,344395.168,343892,344395.168,344021,343892,37.16800000000512,838,344395168	ID:1	[INFO: Metric    ] METRIC_RX type=REAL src=5 seq=30 send_ms=344021 recv_ms=343892 bytes=48
TX,REAL,2,,33,48,350051.0,349188,350051.0,,,,841,350051000	ID:2	[INFO: Metric    ] METRIC_TX type=REAL node=2 seq=33 bytes=48 time_ms=349188
TX,DUMMY,2,,9,48,350052.0,349189,350052.0,,,,842,350052000	ID:2	[INFO: Metric    ] METRIC_TX type=DUMMY node=2 seq=9 bytes=48 time_ms=349189
RX,REAL,,2,33,48,350090.88,349587,350090.88,349188,349587,39.88000000000466,843,350090880	ID:1	[INFO: Metric    ] METRIC_RX type=REAL src=2 seq=33 send_ms=349188 recv_ms=349587 bytes=48
RX,DUMMY,,2,9,48,350123.88,349620,350123.88,349189,349620,,845,350123880	ID:1	[INFO: Metric    ] METRIC_RX type=DUMMY src=2 seq=9 send_ms=349189 recv_ms=349620 bytes=48
TX,REAL,7,,33,48,350223.0,349904,350223.0,,,,847,350223000	ID:7	[INFO: Metric    ] METRIC_TX type=REAL node=7 seq=33 bytes=48 time_ms=349904
TX,DUMMY,7,,10,48,350224.0,349905,350224.0,,,,848,350224000	ID:7	[INFO: Metric    ] METRIC_TX type=DUMMY node=7 seq=10 bytes=48 time_ms=349905
RX,REAL,,7,33,48,350247.88,349744,350247.88,349904,349744,24.880000000004657,849,350247880	ID:1	[INFO: Metric    ] METRIC_RX type=REAL src=7 seq=33 send_ms=349904 recv_ms=349744 bytes=48
RX,DUMMY,,7,10,48,350266.88,349763,350266.88,349905,349763,,850,350266880	ID:1	[INFO: Metric    ] METRIC_RX type=DUMMY src=7 seq=10 send_ms=349905 recv_ms=349763 bytes=48
TX,REAL,4,,31,48,350611.0,350318,350611.0,,,,853,350611000	ID:4	[INFO: Metric    ] METRIC_TX type=REAL node=4 seq=31 bytes=48 time_ms=350318
RX,REAL,,4,31,48,350678.168,350175,350678.168,350318,350175,67.16800000000512,854,350678168	ID:1	[INFO: Metric    ] METRIC_RX type=REAL src=4 seq=31 send_ms=350318 recv_ms=350175 bytes=48
TX,REAL,3,,31,48,352950.0,352286,352950.0,,,,856,352950000	ID:3	[INFO: Metric    ] METRIC_TX type=REAL node=3 seq=31 bytes=48 time_ms=352286
RX,REAL,,3,31,48,353010.168,352507,353010.168,352286,352507,60.16800000000512,857,353010168	ID:1	[INFO: Metric    ] METRIC_RX type=REAL src=3 seq=31 send_ms=352286 recv_ms=352507 bytes=48
TX,REAL,6,,32,48,353411.0,352472,353411.0,,,,859,353411000	ID:6	[INFO: Metric    ] METRIC_TX type=REAL node=6 seq=32 bytes=48 time_ms=352472
TX,DUMMY,6,,7,48,353412.0,352473,353412.0,,,,860,353412000	ID:6	[INFO: Metric    ] METRIC_TX type=DUMMY node=6 seq=7 bytes=48 time_ms=352473
RX,REAL,,6,32,48,353428.88,352925,353428.88,352472,352925,17.880000000004657,861,353428880	ID:1	[INFO: Metric    ] METRIC_RX type=REAL src=6 seq=32 send_ms=352472 recv_ms=352925 bytes=48
RX,DUMMY,,6,7,48,353451.88,352948,353451.88,352473,352948,,862,353451880	ID:1	[INFO: Metric    ] METRIC_RX type=DUMMY src=6 seq=7 send_ms=352473 recv_ms=352948 bytes=48
TX,REAL,5,,31,48,355359.0,355022,355359.0,,,,865,355359000	ID:5	[INFO: Metric    ] METRIC_TX type=REAL node=5 seq=31 bytes=48 time_ms=355022
RX,REAL,,5,31,48,355427.168,354924,355427.168,355022,354924,68.16800000000512,866,355427168	ID:1	[INFO: Metric    ] METRIC_RX type=REAL src=5 seq=31 send_ms=355022 recv_ms=354924 bytes=48
TX,REAL,4,,32,48,359612.0,359319,359612.0,,,,868,359612000	ID:4	[INFO: Metric    ] METRIC_TX type=REAL node=4 seq=32 bytes=48 time_ms=359319
TX,DUMMY,4,,4,48,359613.0,359320,359613.0,,,,869,359613000	ID:4	[INFO: Metric    ] METRIC_TX type=DUMMY node=4 seq=4 bytes=48 time_ms=359320
RX,REAL,,4,32,48,359650.168,359147,359650.168,359319,359147,38.16800000000512,870,359650168	ID:1	[INFO: Metric    ] METRIC_RX type=REAL src=4 seq=32 send_ms=359319 recv_ms=359147 bytes=48
RX,DUMMY,,4,4,48,359702.304,359199,359702.304,359320,359199,,872,359702304	ID:1	[INFO: Metric    ] METRIC_RX type=DUMMY src=4 seq=4 send_ms=359320 recv_ms=359199 bytes=48
TX,REAL,7,,34,48,360225.0,359906,360225.0,,,,875,360225000	ID:7	[INFO: Metric    ] METRIC_TX type=REAL node=7 seq=34 bytes=48 time_ms=359906
RX,REAL,,7,34,48,360265.88,359762,360265.88,359906,359762,40.88000000000466,876,360265880	ID:1	[INFO: Metric    ] METRIC_RX type=REAL src=7 seq=34 send_ms=359906 recv_ms=359762 bytes=48
TX,REAL,2,,34,48,361053.0,360190,361053.0,,,,878,361053000	ID:2	[INFO: Metric    ] METRIC_TX type=REAL node=2 seq=34 bytes=48 time_ms=360190
RX,REAL,,2,34,48,361085.88,360582,361085.88,360190,360582,32.88000000000466,879,361085880	ID:1	[INFO: Metric    ] METRIC_RX type=REAL src=2 seq=34 send_ms=360190 recv_ms=360582 bytes=48
TX,REAL,3,,32,48,363951.0,363287,363951.0,,,,881,363951000	ID:3	[INFO: Metric    ] METRIC_TX type=REAL node=3 seq=32 bytes=48 time_ms=363287
RX,REAL,,3,32,48,363990.168,363487,363990.168,363287,363487,39.16800000000512,882,363990168	ID:1	[INFO: Metric    ] METRIC_RX type=REAL src=3 seq=32 send_ms=363287 recv_ms=363487 bytes=48
TX,REAL,6,,33,48,364413.0,363474,364413.0,,,,884,364413000	ID:6	[INFO: Metric    ] METRIC_TX type=REAL node=6 seq=33 bytes=48 time_ms=363474
TX,DUMMY,6,,8,48,364414.0,363475,364414.0,,,,885,364414000	ID:6	[INFO: Metric    ] METRIC_TX type=DUMMY node=6 seq=8 bytes=48 time_ms=363475
RX,REAL,,6,33,48,364450.88,363947,364450.88,363474,363947,37.88000000000466,886,364450880	ID:1	[INFO: Metric    ] METRIC_RX type=REAL src=6 seq=33 send_ms=363474 recv_ms=363947 bytes=48
RX,DUMMY,,6,8,48,364490.88,363987,364490.88,363475,363987,,888,364490880	ID:1	[INFO: Metric    ] METRIC_RX type=DUMMY src=6 seq=8 send_ms=363475 recv_ms=363987 bytes=48
TX,REAL,5,,32,48,366360.0,366023,366360.0,,,,890,366360000	ID:5	[INFO: Metric    ] METRIC_TX type=REAL node=5 seq=32 bytes=48 time_ms=366023
RX,REAL,,5,32,48,366414.168,365911,366414.168,366023,365911,54.16800000000512,891,366414168	ID:1	[INFO: Metric    ] METRIC_RX type=REAL src=5 seq=32 send_ms=366023 recv_ms=365911 bytes=48
TX,REAL,4,,33,48,369614.0,369321,369614.0,,,,893,369614000	ID:4	[INFO: Metric    ] METRIC_TX type=REAL node=4 seq=33 bytes=48 time_ms=369321
TX,DUMMY,4,,5,48,369615.0,369322,369615.0,,,,894,369615000	ID:4	[INFO: Metric    ] METRIC_TX type=DUMMY node=4 seq=5 bytes=48 time_ms=369322
RX,REAL,,4,33,48,369660.168,369157,369660.168,369321,369157,46.16800000000512,895,369660168	ID:1	[INFO: Metric    ] METRIC_RX type=REAL src=4 seq=33 send_ms=369321 recv_ms=369157 bytes=48
RX,DUMMY,,4,5,48,369707.168,369204,369707.168,369322,369204,,896,369707168	ID:1	[INFO: Metric    ] METRIC_RX type=DUMMY src=4 seq=5 send_ms=369322 recv_ms=369204 bytes=48
TX,REAL,7,,35,48,370226.0,369907,370226.0,,,,899,370226000	ID:7	[INFO: Metric    ] METRIC_TX type=REAL node=7 seq=35 bytes=48 time_ms=369907
RX,REAL,,7,35,48,370232.88,369729,370232.88,369907,369729,6.880000000004657,900,370232880	ID:1	[INFO: Metric    ] METRIC_RX type=REAL src=7 seq=35 send_ms=369907 recv_ms=369729 bytes=48
TX,REAL,2,,35,48,372054.0,371191,372054.0,,,,903,372054000	ID:2	[INFO: Metric    ] METRIC_TX type=REAL node=2 seq=35 bytes=48 time_ms=371191
RX,REAL,,2,35,48,372097.88,371594,372097.88,371191,371594,43.88000000000466,904,372097880	ID:1	[INFO: Metric    ] METRIC_RX type=REAL src=2 seq=35 send_ms=371191 recv_ms=371594 bytes=48
TX,REAL,6,,34,48,373415.0,372476,373415.0,,,,906,373415000	ID:6	[INFO: Metric    ] METRIC_TX type=REAL node=6 seq=34 bytes=48 time_ms=372476
RX,REAL,,6,34,48,373424.88,372921,373424.88,372476,372921,9.880000000004657,907,373424880	ID:1	[INFO: Metric    ] METRIC_RX type=REAL src=6 seq=34 send_ms=372476 recv_ms=372921 bytes=48
TX,REAL,3,,33,48,374952.0,374288,374952.0,,,,909,374952000	ID:3	[INFO: Metric    ] METRIC_TX type=REAL node=3 seq=33 bytes=48 time_ms=374288
RX,REAL,,3,33,48,375020.168,374517,375020.168,374288,374517,68.16800000000512,910,375020168	ID:1	[INFO: Metric    ] METRIC_RX type=REAL src=3 seq=33 send_ms=374288 recv_ms=374517 bytes=48
TX,REAL,5,,33,48,377361.0,377024,377361.0,,,,912,377361000	ID:5	[INFO: Metric    ] METRIC_TX type=REAL node=5 seq=33 bytes=48 time_ms=377024
RX,REAL,,5,33,48,377391.168,376888,377391.168,377024,376888,30.168000000005122,913,377391168	ID:1	[INFO: Metric    ] METRIC_RX type=REAL src=5 seq=33 send_ms=377024 recv_ms=376888 bytes=48
TX,REAL,7,,36,48,379227.0,378908,379227.0,,,,915,379227000	ID:7	[INFO: Metric    ] METRIC_TX type=REAL node=7 seq=36 bytes=48 time_ms=378908
TX,DUMMY,7,,11,48,379228.0,378909,379228.0,,,,916,379228000	ID:7	[INFO: Metric    ] METRIC_TX type=DUMMY node=7 seq=11 bytes=48 time_ms=378909
RX,REAL,,7,36,48,379263.88,378760,379263.88,378908,378760,36.88000000000466,917,379263880	ID:1	[INFO: Metric    ] METRIC_RX type=REAL src=7 seq=36 send_ms=378908 recv_ms=378760 bytes=48
RX,DUMMY,,7,11,48,379291.88,378788,379291.88,378909,378788,,919,379291880	ID:1	[INFO: Metric    ] METRIC_RX type=DUMMY src=7 seq=11 send_ms=378909 recv_ms=378788 bytes=48
TX,REAL,4,,34,48,379616.0,379323,379616.0,,,,921,379616000	ID:4	[INFO: Metric    ] METRIC_TX type=REAL node=4 seq=34 bytes=48 time_ms=379323
RX,REAL,,4,34,48,379673.168,379170,379673.168,379323,379170,57.16800000000512,922,379673168	ID:1	[INFO: Metric    ] METRIC_RX type=REAL src=4 seq=34 send_ms=379323 recv_ms=379170 bytes=48
TX,REAL,2,,36,48,382055.0,381192,382055.0,,,,924,382055000	ID:2	[INFO: Metric    ] METRIC_TX type=REAL node=2 seq=36 bytes=48 time_ms=381192
RX,REAL,,2,36,48,382080.88,381577,382080.88,381192,381577,25.880000000004657,925,382080880	ID:1	[INFO: Metric    ] METRIC_RX type=REAL src=2 seq=36 send_ms=381192 recv_ms=381577 bytes=48
TX,REAL,6,,35,48,383416.0,382477,383416.0,,,,927,383416000	ID:6	[INFO: Metric    ] METRIC_TX type=REAL node=6 seq=35 bytes=48 time_ms=382477
RX,REAL,,6,35,48,383423.88,382920,383423.88,382477,382920,7.880000000004657,928,383423880	ID:1	[INFO: Metric    ] METRIC_RX type=REAL src=6 seq=35 send_ms=382477 recv_ms=382920 bytes=48
TX,REAL,3,,34,48,385953.0,385289,385953.0,,,,930,385953000	ID:3	[INFO: Metric    ] METRIC_TX type=REAL node=3 seq=34 bytes=48 time_ms=385289
TX,DUMMY,3,,5,48,385954.0,385290,385954.0,,,,931,385954000	ID:3	[INFO: Metric    ] METRIC_TX type=DUMMY node=3 seq=5 bytes=48 time_ms=385290
RX,REAL,,3,34,48,385992.168,385489,385992.168,385289,385489,39.16800000000512,932,385992168	ID:1	[INFO: Metric    ] METRIC_RX type=REAL src=3 seq=34 send_ms=385289 recv_ms=385489 bytes=48
RX,DUMMY,,3,5,48,386066.304,385563,386066.304,385290,385563,,934,386066304	ID:1	[INFO: Metric    ] METRIC_RX type=DUMMY src=3 seq=5 send_ms=385290 recv_ms=385563 bytes=48
TX,REAL,5,,34,48,387362.0,387025,387362.0,,,,937,387362000	ID:5	[INFO: Metric    ] METRIC_TX type=REAL node=5 seq=34 bytes=48 time_ms=387025
RX,REAL,,5,34,48,387409.168,386906,387409.168,387025,386906,47.16800000000512,938,387409168	ID:1	[INFO: Metric    ] METRIC_RX type=REAL src=5 seq=34 send_ms=387025 recv_ms=386906 bytes=48
TX,REAL,7,,37,48,389229.0,388910,389229.0,,,,940,389229000	ID:7	[INFO: Metric    ] METRIC_TX type=REAL node=7 seq=37 bytes=48 time_ms=388910
RX,REAL,,7,37,48,389243.88,388740,389243.88,388910,388740,14.880000000004657,941,389243880	ID:1	[INFO: Metric    ] METRIC_RX type=REAL src=7 seq=37 send_ms=388910 recv_ms=388740 bytes=48
TX,REAL,4,,35,48,390617.0,390324,390617.0,,,,943,390617000	ID:4	[INFO: Metric    ] METRIC_TX type=REAL node=4 seq=35 bytes=48 time_ms=390324
TX,DUMMY,4,,6,48,390618.0,390325,390618.0,,,,944,390618000	ID:4	[INFO: Metric    ] METRIC_TX type=DUMMY node=4 seq=6 bytes=48 time_ms=390325
RX,REAL,,4,35,48,390641.168,390138,390641.168,390324,390138,24.168000000005122,945,390641168	ID:1	[INFO: Metric    ] METRIC_RX type=REAL src=4 seq=35 send_ms=390324 recv_ms=390138 bytes=48
RX,DUMMY,,4,6,48,390742.168,390239,390742.168,390325,390239,,947,390742168	ID:1	[INFO: Metric    ] METRIC_RX type=DUMMY src=4 seq=6 send_ms=390325 recv_ms=390239 bytes=48
TX,REAL,2,,37,48,391056.0,390193,391056.0,,,,949,391056000	ID:2	[INFO: Metric    ] METRIC_TX type=REAL node=2 seq=37 bytes=48 time_ms=390193
RX,REAL,,2,37,48,391094.88,390591,391094.88,390193,390591,38.88000000000466,950,391094880	ID:1	[INFO: Metric    ] METRIC_RX type=REAL src=2 seq=37 send_ms=390193 recv_ms=390591 bytes=48
TX,REAL,6,,36,48,392417.0,391478,392417.0,,,,952,392417000	ID:6	[INFO: Metric    ] METRIC_TX type=REAL node=6 seq=36 bytes=48 time_ms=391478
TX,DUMMY,6,,9,48,392418.0,391479,392418.0,,,,953,392418000	ID:6	[INFO: Metric    ] METRIC_TX type=DUMMY node=6 seq=9 bytes=48 time_ms=391479
RX,REAL,,6,36,48,392423.88,391920,392423.88,391478,391920,6.880000000004657,954,392423880	ID:1	[INFO: Metric    ] METRIC_RX type=REAL src=6 seq=36 send_ms=391478 recv_ms=391920 bytes=48
RX,DUMMY,,6,9,48,392438.88,391935,392438.88,391479,391935,,955,392438880	ID:1	[INFO: Metric    ] METRIC_RX type=DUMMY src=6 seq=9 send_ms=391479 recv_ms=391935 bytes=48
TX,REAL,3,,35,48,394955.0,394291,394955.0,,,,958,394955000	ID:3	[INFO: Metric    ] METRIC_TX type=REAL node=3 seq=35 bytes=48 time_ms=394291
RX,REAL,,3,35,48,394998.168,394495,394998.168,394291,394495,43.16800000000512,959,394998168	ID:1	[INFO: Metric    ] METRIC_RX type=REAL src=3 seq=35 send_ms=394291 recv_ms=394495 bytes=48
TX,REAL,5,,35,48,396363.0,396026,396363.0,,,,961,396363000	ID:5	[INFO: Metric    ] METRIC_TX type=REAL node=5 seq=35 bytes=48 time_ms=396026
RX,REAL,,5,35,48,396434.168,395931,396434.168,396026,395931,71.16800000000512,962,396434168	ID:1	[INFO: Metric    ] METRIC_RX type=REAL src=5 seq=35 send_ms=396026 recv_ms=395931 bytes=48
TX,REAL,7,,38,48,398230.0,397911,398230.0,,,,965,398230000	ID:7	[INFO: Metric    ] METRIC_TX type=REAL node=7 seq=38 bytes=48 time_ms=397911
RX,REAL,,7,38,48,398266.88,397763,398266.88,397911,397763,36.88000000000466,966,398266880	ID:1	[INFO: Metric    ] METRIC_RX type=REAL src=7 seq=38 send_ms=397911 recv_ms=397763 bytes=48
TX,REAL,2,,38,48,400057.0,399194,400057.0,,,,968,400057000	ID:2	[INFO: Metric    ] METRIC_TX type=REAL node=2 seq=38 bytes=48 time_ms=399194
RX,REAL,,2,38,48,400098.88,399595,400098.88,399194,399595,41.88000000000466,969,400098880	ID:1	[INFO: Metric    ] METRIC_RX type=REAL src=2 seq=38 send_ms=399194 recv_ms=399595 bytes=48
TX,REAL,4,,36,48,400619.0,400326,400619.0,,,,971,400619000	ID:4	[INFO: Metric    ] METRIC_TX type=REAL node=4 seq=36 bytes=48 time_ms=400326
RX,REAL,,4,36,48,400671.168,400168,400671.168,400326,400168,52.16800000000512,972,400671168	ID:1	[INFO: Metric    ] METRIC_RX type=REAL src=4 seq=36 send_ms=400326 recv_ms=400168 bytes=48
TX,REAL,6,,37,48,401419.0,400480,401419.0,,,,974,401419000	ID:6	[INFO: Metric    ] METRIC_TX type=REAL node=6 seq=37 bytes=48 time_ms=400480
RX,REAL,,6,37,48,401448.88,400945,401448.88,400480,400945,29.880000000004657,975,401448880	ID:1	[INFO: Metric    ] METRIC_RX type=REAL src=6 seq=37 send_ms=400480 recv_ms=400945 bytes=48
TX,REAL,3,,36,48,403956.0,403292,403956.0,,,,977,403956000	ID:3	[INFO: Metric    ] METRIC_TX type=REAL node=3 seq=36 bytes=48 time_ms=403292
TX,DUMMY,3,,6,48,403957.0,403293,403957.0,,,,978,403957000	ID:3	[INFO: Metric    ] METRIC_TX type=DUMMY node=3 seq=6 bytes=48 time_ms=403293
RX,REAL,,3,36,48,404002.168,403499,404002.168,403292,403499,46.16800000000512,979,404002168	ID:1	[INFO: Metric    ] METRIC_RX type=REAL src=3 seq=36 send_ms=403292 recv_ms=403499 bytes=48
RX,DUMMY,,3,6,48,404204.168,403701,404204.168,403293,403701,,981,404204168	ID:1	[INFO: Metric    ] METRIC_RX type=DUMMY src=3 seq=6 send_ms=403293 recv_ms=403701 bytes=48
TX,REAL,5,,36,48,406364.0,406027,406364.0,,,,983,406364000	ID:5	[INFO: Metric    ] METRIC_TX type=REAL node=5 seq=36 bytes=48 time_ms=406027
TX,DUMMY,5,,4,48,406365.0,406028,406365.0,,,,984,406365000	ID:5	[INFO: Metric    ] METRIC_TX type=DUMMY node=5 seq=4 bytes=48 time_ms=406028
RX,REAL,,5,36,48,406424.168,405921,406424.168,406027,405921,60.16800000000512,985,406424168	ID:1	[INFO: Metric    ] METRIC_RX type=REAL src=5 seq=36 send_ms=406027 recv_ms=405921 bytes=48
RX,DUMMY,,5,4,48,406443.168,405940,406443.168,406028,405940,,986,406443168	ID:1	[INFO: Metric    ] METRIC_RX type=DUMMY src=5 seq=4 send_ms=406028 recv_ms=405940 bytes=48
TX,REAL,7,,39,48,408231.0,407912,408231.0,,,,989,408231000	ID:7	[INFO: Metric    ] METRIC_TX type=REAL node=7 seq=39 bytes=48 time_ms=407912
RX,REAL,,7,39,48,408275.88,407772,408275.88,407912,407772,44.88000000000466,990,408275880	ID:1	[INFO: Metric    ] METRIC_RX type=REAL src=7 seq=39 send_ms=407912 recv_ms=407772 bytes=48
TX,REAL,2,,39,48,410058.0,409195,410058.0,,,,992,410058000	ID:2	[INFO: Metric    ] METRIC_TX type=REAL node=2 seq=39 bytes=48 time_ms=409195
RX,REAL,,2,39,48,410081.88,409578,410081.88,409195,409578,23.880000000004657,993,410081880	ID:1	[INFO: Metric    ] METRIC_RX type=REAL src=2 seq=39 send_ms=409195 recv_ms=409578 bytes=48
TX,REAL,6,,38,48,410420.0,409481,410420.0,,,,996,410420000	ID:6	[INFO: Metric    ] METRIC_TX type=REAL node=6 seq=38 bytes=48 time_ms=409481
TX,DUMMY,6,,10,48,410421.0,409482,410421.0,,,,997,410421000	ID:6	[INFO: Metric    ] METRIC_TX type=DUMMY node=6 seq=10 bytes=48 time_ms=409482
RX,REAL,,6,38,48,410439.88,409936,410439.88,409481,409936,19.880000000004657,998,410439880	ID:1	[INFO: Metric    ] METRIC_RX type=REAL src=6 seq=38 send_ms=409481 recv_ms=409936 bytes=48
RX,DUMMY,,6,10,48,410474.88,409971,410474.88,409482,409971,,1000,410474880	ID:1	[INFO: Metric    ] METRIC_RX type=DUMMY src=6 seq=10 send_ms=409482 recv_ms=409971 bytes=48
TX,REAL,4,,37,48,410620.0,410327,410620.0,,,,1002,410620000	ID:4	[INFO: Metric    ] METRIC_TX type=REAL node=4 seq=37 bytes=48 time_ms=410327
RX,REAL,,4,37,48,410670.168,410167,410670.168,410327,410167,50.16800000000512,1003,410670168	ID:1	[INFO: Metric    ] METRIC_RX type=REAL src=4 seq=37 send_ms=410327 recv_ms=410167 bytes=48
TX,REAL,3,,37,48,414958.0,414294,414958.0,,,,1005,414958000	ID:3	[INFO: Metric    ] METRIC_TX type=REAL node=3 seq=37 bytes=48 time_ms=414294
RX,REAL,,3,37,48,415002.168,414499,415002.168,414294,414499,44.16800000000512,1006,415002168	ID:1	[INFO: Metric    ] METRIC_RX type=REAL src=3 seq=37 send_ms=414294 recv_ms=414499 bytes=48
TX,REAL,5,,37,48,415366.0,415029,415366.0,,,,1008,415366000	ID:5	[INFO: Metric    ] METRIC_TX type=REAL node=5 seq=37 bytes=48 time_ms=415029
RX,REAL,,5,37,48,415433.168,414930,415433.168,415029,414930,67.16800000000512,1009,415433168	ID:1	[INFO: Metric    ] METRIC_RX type=REAL src=5 seq=37 send_ms=415029 recv_ms=414930 bytes=48
TX,REAL,7,,40,48,419232.0,418913,419232.0,,,,1013,419232000	ID:7	[INFO: Metric    ] METRIC_TX type=REAL node=7 seq=40 bytes=48 time_ms=418913
RX,REAL,,7,40,48,419250.88,418747,419250.88,418913,418747,18.880000000004657,1014,419250880	ID:1	[INFO: Metric    ] METRIC_RX type=REAL src=7 seq=40 send_ms=418913 recv_ms=418747 bytes=48
TX,REAL,6,,39,48,419422.0,418483,419422.0,,,,1016,419422000	ID:6	[INFO: Metric    ] METRIC_TX type=REAL node=6 seq=39 bytes=48 time_ms=418483
RX,REAL,,6,39,48,419427.88,418924,419427.88,418483,418924,5.880000000004657,1017,419427880	ID:1	[INFO: Metric    ] METRIC_RX type=REAL src=6 seq=39 send_ms=418483 recv_ms=418924 bytes=48
TX,REAL,2,,40,48,420059.0,419196,420059.0,,,,1021,420059000	ID:2	[INFO: Metric    ] METRIC_TX type=REAL node=2 seq=40 bytes=48 time_ms=419196
TX,DUMMY,2,,10,48,420060.0,419197,420060.0,,,,1022,420060000	ID:2	[INFO: Metric    ] METRIC_TX type=DUMMY node=2 seq=10 bytes=48 time_ms=419197
RX,REAL,,2,40,48,420102.88,419599,420102.88,419196,419599,43.88000000000466,1023,420102880	ID:1	[INFO: Metric    ] METRIC_RX type=REAL src=2 seq=40 send_ms=419196 recv_ms=419599 bytes=48
RX,DUMMY,,2,10,48,420114.88,419611,420114.88,419197,419611,,1024,420114880	ID:1	[INFO: Metric    ] METRIC_RX type=DUMMY src=2 seq=10 send_ms=419197 recv_ms=419611 bytes=48
TX,REAL,4,,38,48,421621.0,421328,421621.0,,,,1027,421621000	ID:4	[INFO: Metric    ] METRIC_TX type=REAL node=4 seq=38 bytes=48 time_ms=421328
TX,DUMMY,4,,7,48,421622.0,421329,421622.0,,,,1028,421622000	ID:4	[INFO: Metric    ] METRIC_TX type=DUMMY node=4 seq=7 bytes=48 time_ms=421329
RX,REAL,,4,38,48,421739.168,421236,421739.168,421328,421236,118.16800000000512,1029,421739168	ID:1	[INFO: Metric    ] METRIC_RX type=REAL src=4 seq=38 send_ms=421328 recv_ms=421236 bytes=48
RX,DUMMY,,4,7,48,421751.168,421248,421751.168,421329,421248,,1031,421751168	ID:1	[INFO: Metric    ] METRIC_RX type=DUMMY src=4 seq=7 send_ms=421329 recv_ms=421248 bytes=48
TX,REAL,3,,38,48,423959.0,423295,423959.0,,,,1034,423959000	ID:3	[INFO: Metric    ] METRIC_TX type=REAL node=3 seq=38 bytes=48 time_ms=423295
RX,REAL,,3,38,48,424036.168,423533,424036.168,423295,423533,77.16800000000512,1035,424036168	ID:1	[INFO: Metric    ] METRIC_RX type=REAL src=3 seq=38 send_ms=423295 recv_ms=423533 bytes=48
TX,REAL,5,,38,48,424367.0,424030,424367.0,,,,1037,424367000	ID:5	[INFO: Metric    ] METRIC_TX type=REAL node=5 seq=38 bytes=48 time_ms=424030
TX,DUMMY,5,,5,48,424368.0,424031,424368.0,,,,1038,424368000	ID:5	[INFO: Metric    ] METRIC_TX type=DUMMY node=5 seq=5 bytes=48 time_ms=424031
RX,REAL,,5,38,48,424446.168,423943,424446.168,424030,423943,79.16800000000512,1039,424446168	ID:1	[INFO: Metric    ] METRIC_RX type=REAL src=5 seq=38 send_ms=424030 recv_ms=423943 bytes=48
RX,DUMMY,,5,5,48,424479.168,423976,424479.168,424031,423976,,1040,424479168	ID:1	[INFO: Metric    ] METRIC_RX type=DUMMY src=5 seq=5 send_ms=424031 recv_ms=423976 bytes=48
TX,REAL,7,,41,48,428233.0,427914,428233.0,,,,1043,428233000	ID:7	[INFO: Metric    ] METRIC_TX type=REAL node=7 seq=41 bytes=48 time_ms=427914
RX,REAL,,7,41,48,428245.88,427742,428245.88,427914,427742,12.880000000004657,1044,428245880	ID:1	[INFO: Metric    ] METRIC_RX type=REAL src=7 seq=41 send_ms=427914 recv_ms=427742 bytes=48
TX,REAL,6,,40,48,429423.0,428484,429423.0,,,,1048,429423000	ID:6	[INFO: Metric    ] METRIC_TX type=REAL node=6 seq=40 bytes=48 time_ms=428484
RX,REAL,,6,40,48,429435.88,428932,429435.88,428484,428932,12.880000000004657,1049,429435880	ID:1	[INFO: Metric    ] METRIC_RX type=REAL src=6 seq=40 send_ms=428484 recv_ms=428932 bytes=48
TX,REAL,2,,41,48,430061.0,429198,430061.0,,,,1051,430061000	ID:2	[INFO: Metric    ] METRIC_TX type=REAL node=2 seq=41 bytes=48 time_ms=429198
RX,REAL,,2,41,48,430105.88,429602,430105.88,429198,429602,44.88000000000466,1052,430105880	ID:1	[INFO: Metric    ] METRIC_RX type=REAL src=2 seq=41 send_ms=429198 recv_ms=429602 bytes=48
TX,REAL,4,,39,48,432623.0,432330,432623.0,,,,1054,432623000	ID:4	[INFO: Metric    ] METRIC_TX type=REAL node=4 seq=39 bytes=48 time_ms=432330
RX,REAL,,4,39,48,432641.168,432138,432641.168,432330,432138,18.168000000005122,1055,432641168	ID:1	[INFO: Metric    ] METRIC_RX type=REAL src=4 seq=39 send_ms=432330 recv_ms=432138 bytes=48
TX,REAL,3,,39,48,432960.0,432296,432960.0,,,,1057,432960000	ID:3	[INFO: Metric    ] METRIC_TX type=REAL node=3 seq=39 bytes=48 time_ms=432296
TX,DUMMY,3,,7,48,432961.0,432297,432961.0,,,,1058,432961000	ID:3	[INFO: Metric    ] METRIC_TX type=DUMMY node=3 seq=7 bytes=48 time_ms=432297
RX,REAL,,3,39,48,433004.168,432501,433004.168,432296,432501,44.16800000000512,1059,433004168	ID:1	[INFO: Metric    ] METRIC_RX type=REAL src=3 seq=39 send_ms=432296 recv_ms=432501 bytes=48
RX,DUMMY,,3,7,48,433021.168,432518,433021.168,432297,432518,,1060,433021168	ID:1	[INFO: Metric    ] METRIC_RX type=DUMMY src=3 seq=7 send_ms=432297 recv_ms=432518 bytes=48
TX,REAL,5,,39,48,434369.0,434032,434369.0,,,,1064,434369000	ID:5	[INFO: Metric    ] METRIC_TX type=REAL node=5 seq=39 bytes=48 time_ms=434032
TX,DUMMY,5,,6,48,434370.0,434033,434370.0,,,,1065,434370000	ID:5	[INFO: Metric    ] METRIC_TX type=DUMMY node=5 seq=6 bytes=48 time_ms=434033
RX,REAL,,5,39,48,434413.168,433910,434413.168,434032,433910,44.16800000000512,1066,434413168	ID:1	[INFO: Metric    ] METRIC_RX type=REAL src=5 seq=39 send_ms=434032 recv_ms=433910 bytes=48
RX,DUMMY,,5,6,48,434464.168,433961,434464.168,434033,433961,,1067,434464168	ID:1	[INFO: Metric    ] METRIC_RX type=DUMMY src=5 seq=6 send_ms=434033 recv_ms=433961 bytes=48
TX,REAL,7,,42,48,437234.0,436915,437234.0,,,,1070,437234000	ID:7	[INFO: Metric    ] METRIC_TX type=REAL node=7 seq=42 bytes=48 time_ms=436915
RX,REAL,,7,42,48,437239.88,436736,437239.88,436915,436736,5.880000000004657,1071,437239880	ID:1	[INFO: Metric    ] METRIC_RX type=REAL src=7 seq=42 send_ms=436915 recv_ms=436736 bytes=48
TX,REAL,6,,41,48,438424.0,437485,438424.0,,,,1073,438424000	ID:6	[INFO: Metric    ] METRIC_TX type=REAL node=6 seq=41 bytes=48 time_ms=437485
RX,REAL,,6,41,48,438440.88,437937,438440.88,437485,437937,16.880000000004657,1074,438440880	ID:1	[INFO: Metric    ] METRIC_RX type=REAL src=6 seq=41 send_ms=437485 recv_ms=437937 bytes=48
TX,REAL,2,,42,48,439062.0,438199,439062.0,,,,1076,439062000	ID:2	[INFO: Metric    ] METRIC_TX type=REAL node=2 seq=42 bytes=48 time_ms=438199
TX,DUMMY,2,,11,48,439063.0,438200,439063.0,,,,1077,439063000	ID:2	[INFO: Metric    ] METRIC_TX type=DUMMY node=2 seq=11 bytes=48 time_ms=438200
RX,REAL,,2,42,48,439107.88,438604,439107.88,438199,438604,45.88000000000466,1078,439107880	ID:1	[INFO: Metric    ] METRIC_RX type=REAL src=2 seq=42 send_ms=438199 recv_ms=438604 bytes=48
RX,DUMMY,,2,11,48,439119.88,438616,439119.88,438200,438616,,1079,439119880	ID:1	[INFO: Metric    ] METRIC_RX type=DUMMY src=2 seq=11 send_ms=438200 recv_ms=438616 bytes=48
TX,REAL,4,,40,48,441624.0,441331,441624.0,,,,1084,441624000	ID:4	[INFO: Metric    ] METRIC_TX type=REAL node=4 seq=40 bytes=48 time_ms=441331
RX,REAL,,4,40,48,441698.168,441195,441698.168,441331,441195,74.16800000000512,1085,441698168	ID:1	[INFO: Metric    ] METRIC_RX type=REAL src=4 seq=40 send_ms=441331 recv_ms=441195 bytes=48
TX,REAL,3,,40,48,443962.0,443298,443962.0,,,,1089,443962000	ID:3	[INFO: Metric    ] METRIC_TX type=REAL node=3 seq=40 bytes=48 time_ms=443298
RX,REAL,,3,40,48,444027.168,443524,444027.168,443298,443524,65.16800000000512,1090,444027168	ID:1	[INFO: Metric    ] METRIC_RX type=REAL src=3 seq=40 send_ms=443298 recv_ms=443524 bytes=48
TX,REAL,5,,40,48,445371.0,445034,445371.0,,,,1094,445371000	ID:5	[INFO: Metric    ] METRIC_TX type=REAL node=5 seq=40 bytes=48 time_ms=445034
TX,DUMMY,5,,7,48,445372.0,445035,445372.0,,,,1095,445372000	ID:5	[INFO: Metric    ] METRIC_TX type=DUMMY node=5 seq=7 bytes=48 time_ms=445035
RX,REAL,,5,40,48,445442.168,444939,445442.168,445034,444939,71.16800000000512,1096,445442168	ID:1	[INFO: Metric    ] METRIC_RX type=REAL src=5 seq=40 send_ms=445034 recv_ms=444939 bytes=48
RX,DUMMY,,5,7,48,445466.168,444963,445466.168,445035,444963,,1097,445466168	ID:1	[INFO: Metric    ] METRIC_RX type=DUMMY src=5 seq=7 send_ms=445035 recv_ms=444963 bytes=48
TX,REAL,7,,43,48,446235.0,445916,446235.0,,,,1101,446235000	ID:7	[INFO: Metric    ] METRIC_TX type=REAL node=7 seq=43 bytes=48 time_ms=445916
TX,DUMMY,7,,12,48,446236.0,445917,446236.0,,,,1102,446236000	ID:7	[INFO: Metric    ] METRIC_TX type=DUMMY node=7 seq=12 bytes=48 time_ms=445917
RX,REAL,,7,43,48,446241.88,445738,446241.88,445916,445738,6.880000000004657,1103,446241880	ID:1	[INFO: Metric    ] METRIC_RX type=REAL src=7 seq=43 send_ms=445916 recv_ms=445738 bytes=48
RX,DUMMY,,7,12,48,446248.76,445745,446248.76,445917,445745,,1104,446248760	ID:1	[INFO: Metric    ] METRIC_RX type=DUMMY src=7 seq=12 send_ms=445917 recv_ms=445745 bytes=48
TX,REAL,6,,42,48,448425.0,447486,448425.0,,,,1107,448425000	ID:6	[INFO: Metric    ] METRIC_TX type=REAL node=6 seq=42 bytes=48 time_ms=447486
RX,REAL,,6,42,48,448434.88,447931,448434.88,447486,447931,9.880000000004657,1108,448434880	ID:1	[INFO: Metric    ] METRIC_RX type=REAL src=6 seq=42 send_ms=447486 recv_ms=447931 bytes=48
TX,REAL,2,,43,48,449064.0,448201,449064.0,,,,1110,449064000	ID:2	[INFO: Metric    ] METRIC_TX type=REAL node=2 seq=43 bytes=48 time_ms=448201
RX,REAL,,2,43,48,449080.88,448577,449080.88,448201,448577,16.880000000004657,1111,449080880	ID:1	[INFO: Metric    ] METRIC_RX type=REAL src=2 seq=43 send_ms=448201 recv_ms=448577 bytes=48
TX,REAL,4,,41,48,452625.0,452332,452625.0,,,,1113,452625000	ID:4	[INFO: Metric    ] METRIC_TX type=REAL node=4 seq=41 bytes=48 time_ms=452332
RX,REAL,,4,41,48,452687.168,452184,452687.168,452332,452184,62.16800000000512,1114,452687168	ID:1	[INFO: Metric    ] METRIC_RX type=REAL src=4 seq=41 send_ms=452332 recv_ms=452184 bytes=48
TX,REAL,3,,41,48,452963.0,452299,452963.0,,,,1116,452963000	ID:3	[INFO: Metric    ] METRIC_TX type=REAL node=3 seq=41 bytes=48 time_ms=452299
RX,REAL,,3,41,48,453027.168,452524,453027.168,452299,452524,64.16800000000512,1117,453027168	ID:1	[INFO: Metric    ] METRIC_RX type=REAL src=3 seq=41 send_ms=452299 recv_ms=452524 bytes=48
TX,REAL,5,,41,48,455373.0,455036,455373.0,,,,1119,455373000	ID:5	[INFO: Metric    ] METRIC_TX type=REAL node=5 seq=41 bytes=48 time_ms=455036
RX,REAL,,5,41,48,455408.168,454905,455408.168,455036,454905,35.16800000000512,1120,455408168	ID:1	[INFO: Metric    ] METRIC_RX type=REAL src=5 seq=41 send_ms=455036 recv_ms=454905 bytes=48
TX,REAL,7,,44,48,456237.0,455918,456237.0,,,,1122,456237000	ID:7	[INFO: Metric    ] METRIC_TX type=REAL node=7 seq=44 bytes=48 time_ms=455918
RX,REAL,,7,44,48,456260.88,455757,456260.88,455918,455757,23.880000000004657,1123,456260880	ID:1	[INFO: Metric    ] METRIC_RX type=REAL src=7 seq=44 send_ms=455918 recv_ms=455757 bytes=48
TX,REAL,2,,44,48,459065.0,458202,459065.0,,,,1125,459065000	ID:2	[INFO: Metric    ] METRIC_TX type=REAL node=2 seq=44 bytes=48 time_ms=458202
RX,REAL,,2,44,48,459103.88,458600,459103.88,458202,458600,38.88000000000466,1126,459103880	ID:1	[INFO: Metric    ] METRIC_RX type=REAL src=2 seq=44 send_ms=458202 recv_ms=458600 bytes=48
TX,REAL,6,,43,48,459426.0,458487,459426.0,,,,1128,459426000	ID:6	[INFO: Metric    ] METRIC_TX type=REAL node=6 seq=43 bytes=48 time_ms=458487
RX,REAL,,6,43,48,459461.88,458958,459461.88,458487,458958,35.88000000000466,1129,459461880	ID:1	[INFO: Metric    ] METRIC_RX type=REAL src=6 seq=43 send_ms=458487 recv_ms=458958 bytes=48
TX,REAL,3,,42,48,461964.0,461300,461964.0,,,,1132,461964000	ID:3	[INFO: Metric    ] METRIC_TX type=REAL node=3 seq=42 bytes=48 time_ms=461300
RX,REAL,,3,42,48,462018.168,461515,462018.168,461300,461515,54.16800000000512,1133,462018168	ID:1	[INFO: Metric    ] METRIC_RX type=REAL src=3 seq=42 send_ms=461300 recv_ms=461515 bytes=48
TX,REAL,4,,42,48,463626.0,463333,463626.0,,,,1135,463626000	ID:4	[INFO: Metric    ] METRIC_TX type=REAL node=4 seq=42 bytes=48 time_ms=463333
TX,DUMMY,4,,8,48,463627.0,463334,463627.0,,,,1136,463627000	ID:4	[INFO: Metric    ] METRIC_TX type=DUMMY node=4 seq=8 bytes=48 time_ms=463334
RX,REAL,,4,42,48,463703.168,463200,463703.168,463333,463200,77.16800000000512,1137,463703168	ID:1	[INFO: Metric    ] METRIC_RX type=REAL src=4 seq=42 send_ms=463333 recv_ms=463200 bytes=48
RX,DUMMY,,4,8,48,463740.168,463237,463740.168,463334,463237,,1138,463740168	ID:1	[INFO: Metric    ] METRIC_RX type=DUMMY src=4 seq=8 send_ms=463334 recv_ms=463237 bytes=48
TX,REAL,5,,42,48,464374.0,464037,464374.0,,,,1141,464374000	ID:5	[INFO: Metric    ] METRIC_TX type=REAL node=5 seq=42 bytes=48 time_ms=464037
TX,DUMMY,5,,8,48,464375.0,464038,464375.0,,,,1142,464375000	ID:5	[INFO: Metric    ] METRIC_TX type=DUMMY node=5 seq=8 bytes=48 time_ms=464038
RX,REAL,,5,42,48,464439.168,463936,464439.168,464037,463936,65.16800000000512,1143,464439168	ID:1	[INFO: Metric    ] METRIC_RX type=REAL src=5 seq=42 send_ms=464037 recv_ms=463936 bytes=48
RX,DUMMY,,5,8,48,464468.168,463965,464468.168,464038,463965,,1145,464468168	ID:1	[INFO: Metric    ] METRIC_RX type=DUMMY src=5 seq=8 send_ms=464038 recv_ms=463965 bytes=48
TX,REAL,7,,45,48,467238.0,466919,467238.0,,,,1147,467238000	ID:7	[INFO: Metric    ] METRIC_TX type=REAL node=7 seq=45 bytes=48 time_ms=466919
RX,REAL,,7,45,48,467258.88,466755,467258.88,466919,466755,20.880000000004657,1148,467258880	ID:1	[INFO: Metric    ] METRIC_RX type=REAL src=7 seq=45 send_ms=466919 recv_ms=466755 bytes=48
TX,REAL,2,,45,48,468066.0,467203,468066.0,,,,1150,468066000	ID:2	[INFO: Metric    ] METRIC_TX type=REAL node=2 seq=45 bytes=48 time_ms=467203
RX,REAL,,2,45,48,468073.88,467570,468073.88,467203,467570,7.880000000004657,1151,468073880	ID:1	[INFO: Metric    ] METRIC_RX type=REAL src=2 seq=45 send_ms=467203 recv_ms=467570 bytes=48
TX,REAL,6,,44,48,470427.0,469488,470427.0,,,,1153,470427000	ID:6	[INFO: Metric    ] METRIC_TX type=REAL node=6 seq=44 bytes=48 time_ms=469488
RX,REAL,,6,44,48,470437.88,469934,470437.88,469488,469934,10.880000000004657,1154,470437880	ID:1	[INFO: Metric    ] METRIC_RX type=REAL src=6 seq=44 send_ms=469488 recv_ms=469934 bytes=48
TX,REAL,3,,43,48,471965.0,471301,471965.0,,,,1156,471965000	ID:3	[INFO: Metric    ] METRIC_TX type=REAL node=3 seq=43 bytes=48 time_ms=471301
TX,DUMMY,3,,8,48,471966.0,471302,471966.0,,,,1157,471966000	ID:3	[INFO: Metric    ] METRIC_TX type=DUMMY node=3 seq=8 bytes=48 time_ms=471302
RX,REAL,,3,43,48,472004.168,471501,472004.168,471301,471501,39.16800000000512,1158,472004168	ID:1	[INFO: Metric    ] METRIC_RX type=REAL src=3 seq=43 send_ms=471301 recv_ms=471501 bytes=48
RX,DUMMY,,3,8,48,472074.168,471571,472074.168,471302,471571,,1160,472074168	ID:1	[INFO: Metric    ] METRIC_RX type=DUMMY src=3 seq=8 send_ms=471302 recv_ms=471571 bytes=48
TX,REAL,5,,43,48,473376.0,473039,473376.0,,,,1163,473376000	ID:5	[INFO: Metric    ] METRIC_TX type=REAL node=5 seq=43 bytes=48 time_ms=473039
RX,REAL,,5,43,48,473418.168,472915,473418.168,473039,472915,42.16800000000512,1164,473418168	ID:1	[INFO: Metric    ] METRIC_RX type=REAL src=5 seq=43 send_ms=473039 recv_ms=472915 bytes=48
TX,REAL,4,,43,48,474628.0,474335,474628.0,,,,1166,474628000	ID:4	[INFO: Metric    ] METRIC_TX type=REAL node=4 seq=43 bytes=48 time_ms=474335
RX,REAL,,4,43,48,474676.168,474173,474676.168,474335,474173,48.16800000000512,1167,474676168	ID:1	[INFO: Metric    ] METRIC_RX type=REAL src=4 seq=43 send_ms=474335 recv_ms=474173 bytes=48
TX,REAL,7,,46,48,476239.0,475920,476239.0,,,,1169,476239000	ID:7	[INFO: Metric    ] METRIC_TX type=REAL node=7 seq=46 bytes=48 time_ms=475920
RX,REAL,,7,46,48,476274.88,475771,476274.88,475920,475771,35.88000000000466,1170,476274880	ID:1	[INFO: Metric    ] METRIC_RX type=REAL src=7 seq=46 send_ms=475920 recv_ms=475771 bytes=48
TX,REAL,2,,46,48,477067.0,476204,477067.0,,,,1172,477067000	ID:2	[INFO: Metric    ] METRIC_TX type=REAL node=2 seq=46 bytes=48 time_ms=476204
TX,DUMMY,2,,12,48,477068.0,476205,477068.0,,,,1173,477068000	ID:2	[INFO: Metric    ] METRIC_TX type=DUMMY node=2 seq=12 bytes=48 time_ms=476205
RX,REAL,,2,46,48,477084.88,476581,477084.88,476204,476581,17.880000000004657,1174,477084880	ID:1	[INFO: Metric    ] METRIC_RX type=REAL src=2 seq=46 send_ms=476204 recv_ms=476581 bytes=48
RX,DUMMY,,2,12,48,477143.88,476640,477143.88,476205,476640,,1176,477143880	ID:1	[INFO: Metric    ] METRIC_RX type=DUMMY src=2 seq=12 send_ms=476205 recv_ms=476640 bytes=48
TX,REAL,6,,45,48,481428.0,480489,481428.0,,,,1178,481428000	ID:6	[INFO: Metric    ] METRIC_TX type=REAL node=6 seq=45 bytes=48 time_ms=480489
RX,REAL,,6,45,48,481464.88,480961,481464.88,480489,480961,36.88000000000466,1179,481464880	ID:1	[INFO: Metric    ] METRIC_RX type=REAL src=6 seq=45 send_ms=480489 recv_ms=480961 bytes=48
TX,REAL,5,,44,48,482377.0,482040,482377.0,,,,1181,482377000	ID:5	[INFO: Metric    ] METRIC_TX type=REAL node=5 seq=44 bytes=48 time_ms=482040
RX,REAL,,5,44,48,482447.168,481944,482447.168,482040,481944,70.16800000000512,1182,482447168	ID:1	[INFO: Metric    ] METRIC_RX type=REAL src=5 seq=44 send_ms=482040 recv_ms=481944 bytes=48
TX,REAL,3,,44,48,482967.0,482303,482967.0,,,,1184,482967000	ID:3	[INFO: Metric    ] METRIC_TX type=REAL node=3 seq=44 bytes=48 time_ms=482303
RX,REAL,,3,44,48,483044.168,482541,483044.168,482303,482541,77.16800000000512,1185,483044168	ID:1	[INFO: Metric    ] METRIC_RX type=REAL src=3 seq=44 send_ms=482303 recv_ms=482541 bytes=48
TX,REAL,4,,44,48,484629.0,484336,484629.0,,,,1187,484629000	ID:4	[INFO: Metric    ] METRIC_TX type=REAL node=4 seq=44 bytes=48 time_ms=484336
RX,REAL,,4,44,48,484720.168,484217,484720.168,484336,484217,91.16800000000512,1188,484720168	ID:1	[INFO: Metric    ] METRIC_RX type=REAL src=4 seq=44 send_ms=484336 recv_ms=484217 bytes=48
TX,REAL,7,,47,48,486240.0,485921,486240.0,,,,1190,486240000	ID:7	[INFO: Metric    ] METRIC_TX type=REAL node=7 seq=47 bytes=48 time_ms=485921
RX,REAL,,7,47,48,486269.88,485766,486269.88,485921,485766,29.880000000004657,1191,486269880	ID:1	[INFO: Metric    ] METRIC_RX type=REAL src=7 seq=47 send_ms=485921 recv_ms=485766 bytes=48
TX,REAL,2,,47,48,488069.0,487206,488069.0,,,,1194,488069000	ID:2	[INFO: Metric    ] METRIC_TX type=REAL node=2 seq=47 bytes=48 time_ms=487206
TX,DUMMY,2,,13,48,488070.0,487207,488070.0,,,,1195,488070000	ID:2	[INFO: Metric    ] METRIC_TX type=DUMMY node=2 seq=13 bytes=48 time_ms=487207
RX,REAL,,2,47,48,488104.88,487601,488104.88,487206,487601,35.88000000000466,1196,488104880	ID:1	[INFO: Metric    ] METRIC_RX type=REAL src=2 seq=47 send_ms=487206 recv_ms=487601 bytes=48
RX,DUMMY,,2,13,48,488147.88,487644,488147.88,487207,487644,,1198,488147880	ID:1	[INFO: Metric    ] METRIC_RX type=DUMMY src=2 seq=13 send_ms=487207 recv_ms=487644 bytes=48
TX,REAL,5,,45,48,491378.0,491041,491378.0,,,,1200,491378000	ID:5	[INFO: Metric    ] METRIC_TX type=REAL node=5 seq=45 bytes=48 time_ms=491041
RX,REAL,,5,45,48,491445.168,490942,491445.168,491041,490942,67.16800000000512,1201,491445168	ID:1	[INFO: Metric    ] METRIC_RX type=REAL src=5 seq=45 send_ms=491041 recv_ms=490942 bytes=48
TX,REAL,6,,46,48,492429.0,491490,492429.0,,,,1203,492429000	ID:6	[INFO: Metric    ] METRIC_TX type=REAL node=6 seq=46 bytes=48 time_ms=491490
TX,DUMMY,6,,11,48,492430.0,491491,492430.0,,,,1204,492430000	ID:6	[INFO: Metric    ] METRIC_TX type=DUMMY node=6 seq=11 bytes=48 time_ms=491491
RX,REAL,,6,46,48,492444.88,491941,492444.88,491490,491941,15.880000000004657,1205,492444880	ID:1	[INFO: Metric    ] METRIC_RX type=REAL src=6 seq=46 send_ms=491490 recv_ms=491941 bytes=48
RX,DUMMY,,6,11,48,492488.88,491985,492488.88,491491,491985,,1207,492488880	ID:1	[INFO: Metric    ] METRIC_RX type=DUMMY src=6 seq=11 send_ms=491491 recv_ms=491985 bytes=48
TX,REAL,3,,45,48,492968.0,492304,492968.0,,,,1209,492968000	ID:3	[INFO: Metric    ] METRIC_TX type=REAL node=3 seq=45 bytes=48 time_ms=492304
RX,REAL,,3,45,48,493030.168,492527,493030.168,492304,492527,62.16800000000512,1210,493030168	ID:1	[INFO: Metric    ] METRIC_RX type=REAL src=3 seq=45 send_ms=492304 recv_ms=492527 bytes=48
TX,REAL,4,,45,48,494630.0,494337,494630.0,,,,1212,494630000	ID:4	[INFO: Metric    ] METRIC_TX type=REAL node=4 seq=45 bytes=48 time_ms=494337
RX,REAL,,4,45,48,494684.168,494181,494684.168,494337,494181,54.16800000000512,1213,494684168	ID:1	[INFO: Metric    ] METRIC_RX type=REAL src=4 seq=45 send_ms=494337 recv_ms=494181 bytes=48
TX,REAL,7,,48,48,496241.0,495922,496241.0,,,,1215,496241000	ID:7	[INFO: Metric    ] METRIC_TX type=REAL node=7 seq=48 bytes=48 time_ms=495922
RX,REAL,,7,48,48,496267.88,495764,496267.88,495922,495764,26.880000000004657,1216,496267880	ID:1	[INFO: Metric    ] METRIC_RX type=REAL src=7 seq=48 send_ms=495922 recv_ms=495764 bytes=48
TX,REAL,2,,48,48,498071.0,497208,498071.0,,,,1218,498071000	ID:2	[INFO: Metric    ] METRIC_TX type=REAL node=2 seq=48 bytes=48 time_ms=497208
RX,REAL,,2,48,48,498091.88,497588,498091.88,497208,497588,20.880000000004657,1219,498091880	ID:1	[INFO: Metric    ] METRIC_RX type=REAL src=2 seq=48 send_ms=497208 recv_ms=497588 bytes=48
TX,REAL,5,,46,48,501379.0,501042,501379.0,,,,1221,501379000	ID:5	[INFO: Metric    ] METRIC_TX type=REAL node=5 seq=46 bytes=48 time_ms=501042
RX,REAL,,5,46,48,501431.168,500928,501431.168,501042,500928,52.16800000000512,1222,501431168	ID:1	[INFO: Metric    ] METRIC_RX type=REAL src=5 seq=46 send_ms=501042 recv_ms=500928 bytes=48
TX,REAL,6,,47,48,502431.0,501492,502431.0,,,,1225,502431000	ID:6	[INFO: Metric    ] METRIC_TX type=REAL node=6 seq=47 bytes=48 time_ms=501492
RX,REAL,,6,47,48,502455.88,501952,502455.88,501492,501952,24.880000000004657,1226,502455880	ID:1	[INFO: Metric    ] METRIC_RX type=REAL src=6 seq=47 send_ms=501492 recv_ms=501952 bytes=48
TX,REAL,3,,46,48,503969.0,503305,503969.0,,,,1228,503969000	ID:3	[INFO: Metric    ] METRIC_TX type=REAL node=3 seq=46 bytes=48 time_ms=503305
RX,REAL,,3,46,48,504012.168,503509,504012.168,503305,503509,43.16800000000512,1229,504012168	ID:1	[INFO: Metric    ] METRIC_RX type=REAL src=3 seq=46 send_ms=503305 recv_ms=503509 bytes=48
TX,REAL,4,,46,48,504631.0,504338,504631.0,,,,1231,504631000	ID:4	[INFO: Metric    ] METRIC_TX type=REAL node=4 seq=46 bytes=48 time_ms=504338
RX,REAL,,4,46,48,504656.168,504153,504656.168,504338,504153,25.168000000005122,1232,504656168	ID:1	[INFO: Metric    ] METRIC_RX type=REAL src=4 seq=46 send_ms=504338 recv_ms=504153 bytes=48
TX,REAL,7,,49,48,505242.0,504923,505242.0,,,,1234,505242000	ID:7	[INFO: Metric    ] METRIC_TX type=REAL node=7 seq=49 bytes=48 time_ms=504923
RX,REAL,,7,49,48,505252.88,504749,505252.88,504923,504749,10.880000000004657,1235,505252880	ID:1	[INFO: Metric    ] METRIC_RX type=REAL src=7 seq=49 send_ms=504923 recv_ms=504749 bytes=48
TX,REAL,2,,49,48,507072.0,506209,507072.0,,,,1237,507072000	ID:2	[INFO: Metric    ] METRIC_TX type=REAL node=2 seq=49 bytes=48 time_ms=506209
TX,DUMMY,2,,14,48,507073.0,506210,507073.0,,,,1238,507073000	ID:2	[INFO: Metric    ] METRIC_TX type=DUMMY node=2 seq=14 bytes=48 time_ms=506210
RX,REAL,,2,49,48,507082.88,506579,507082.88,506209,506579,10.880000000004657,1239,507082880	ID:1	[INFO: Metric    ] METRIC_RX type=REAL src=2 seq=49 send_ms=506209 recv_ms=506579 bytes=48
RX,DUMMY,,2,14,48,507096.76,506593,507096.76,506210,506593,,1241,507096760	ID:1	[INFO: Metric    ] METRIC_RX type=DUMMY src=2 seq=14 send_ms=506210 recv_ms=506593 bytes=48
TX,REAL,5,,47,48,512380.0,512043,512380.0,,,,1243,512380000	ID:5	[INFO: Metric    ] METRIC_TX type=REAL node=5 seq=47 bytes=48 time_ms=512043
RX,REAL,,5,47,48,512445.168,511942,512445.168,512043,511942,65.16800000000512,1244,512445168	ID:1	[INFO: Metric    ] METRIC_RX type=REAL src=5 seq=47 send_ms=512043 recv_ms=511942 bytes=48
TX,REAL,6,,48,48,513432.0,512493,513432.0,,,,1246,513432000	ID:6	[INFO: Metric    ] METRIC_TX type=REAL node=6 seq=48 bytes=48 time_ms=512493
RX,REAL,,6,48,48,513468.88,512965,513468.88,512493,512965,36.88000000000466,1247,513468880	ID:1	[INFO: Metric    ] METRIC_RX type=REAL src=6 seq=48 send_ms=512493 recv_ms=512965 bytes=48
TX,REAL,3,,47,48,513970.0,513306,513970.0,,,,1249,513970000	ID:3	[INFO: Metric    ] METRIC_TX type=REAL node=3 seq=47 bytes=48 time_ms=513306
RX,REAL,,3,47,48,514036.168,513533,514036.168,513306,513533,66.16800000000512,1250,514036168	ID:1	[INFO: Metric    ] METRIC_RX type=REAL src=3 seq=47 send_ms=513306 recv_ms=513533 bytes=48
TX,REAL,4,,47,48,514632.0,514339,514632.0,,,,1252,514632000	ID:4	[INFO: Metric    ] METRIC_TX type=REAL node=4 seq=47 bytes=48 time_ms=514339
RX,REAL,,4,47,48,514705.168,514202,514705.168,514339,514202,73.16800000000512,1253,514705168	ID:1	[INFO: Metric    ] METRIC_RX type=REAL src=4 seq=47 send_ms=514339 recv_ms=514202 bytes=48
TX,REAL,7,,50,48,516243.0,515924,516243.0,,,,1258,516243000	ID:7	[INFO: Metric    ] METRIC_TX type=REAL node=7 seq=50 bytes=48 time_ms=515924
RX,REAL,,7,50,48,516261.88,515758,516261.88,515924,515758,18.880000000004657,1259,516261880	ID:1	[INFO: Metric    ] METRIC_RX type=REAL src=7 seq=50 send_ms=515924 recv_ms=515758 bytes=48
TX,REAL,2,,50,48,517074.0,516211,517074.0,,,,1263,517074000	ID:2	[INFO: Metric    ] METRIC_TX type=REAL node=2 seq=50 bytes=48 time_ms=516211
RX,REAL,,2,50,48,517119.88,516616,517119.88,516211,516616,45.88000000000466,1264,517119880	ID:1	[INFO: Metric    ] METRIC_RX type=REAL src=2 seq=50 send_ms=516211 recv_ms=516616 bytes=48
TX,REAL,5,,48,48,523381.0,523044,523381.0,,,,1266,523381000	ID:5	[INFO: Metric    ] METRIC_TX type=REAL node=5 seq=48 bytes=48 time_ms=523044
RX,REAL,,5,48,48,523404.168,522901,523404.168,523044,522901,23.168000000005122,1267,523404168	ID:1	[INFO: Metric    ] METRIC_RX type=REAL src=5 seq=48 send_ms=523044 recv_ms=522901 bytes=48
TX,REAL,3,,48,48,523971.0,523307,523971.0,,,,1269,523971000	ID:3	[INFO: Metric    ] METRIC_TX type=REAL node=3 seq=48 bytes=48 time_ms=523307
RX,REAL,,3,48,48,524035.168,523532,524035.168,523307,523532,64.16800000000512,1270,524035168	ID:1	[INFO: Metric    ] METRIC_RX type=REAL src=3 seq=48 send_ms=523307 recv_ms=523532 bytes=48
TX,REAL,6,,49,48,524433.0,523494,524433.0,,,,1272,524433000	ID:6	[INFO: Metric    ] METRIC_TX type=REAL node=6 seq=49 bytes=48 time_ms=523494
RX,REAL,,6,49,48,524453.88,523950,524453.88,523494,523950,20.880000000004657,1273,524453880	ID:1	[INFO: Metric    ] METRIC_RX type=REAL src=6 seq=49 send_ms=523494 recv_ms=523950 bytes=48
TX,REAL,7,,51,48,525244.0,524925,525244.0,,,,1275,525244000	ID:7	[INFO: Metric    ] METRIC_TX type=REAL node=7 seq=51 bytes=48 time_ms=524925
RX,REAL,,7,51,48,525264.88,524761,525264.88,524925,524761,20.880000000004657,1276,525264880	ID:1	[INFO: Metric    ] METRIC_RX type=REAL src=7 seq=51 send_ms=524925 recv_ms=524761 bytes=48
TX,REAL,4,,48,48,525633.0,525340,525633.0,,,,1278,525633000	ID:4	[INFO: Metric    ] METRIC_TX type=REAL node=4 seq=48 bytes=48 time_ms=525340
RX,REAL,,4,48,48,525685.168,525182,525685.168,525340,525182,52.167999999946915,1279,525685168	ID:1	[INFO: Metric    ] METRIC_RX type=REAL src=4 seq=48 send_ms=525340 recv_ms=525182 bytes=48
TX,REAL,2,,51,48,526075.0,525212,526075.0,,,,1281,526075000	ID:2	[INFO: Metric    ] METRIC_TX type=REAL node=2 seq=51 bytes=48 time_ms=525212
RX,REAL,,2,51,48,526110.88,525607,526110.88,525212,525607,35.88000000000466,1282,526110880	ID:1	[INFO: Metric    ] METRIC_RX type=REAL src=2 seq=51 send_ms=525212 recv_ms=525607 bytes=48
TX,REAL,5,,49,48,533382.0,533045,533382.0,,,,1284,533382000	ID:5	[INFO: Metric    ] METRIC_TX type=REAL node=5 seq=49 bytes=48 time_ms=533045
RX,REAL,,5,49,48,533422.168,532919,533422.168,533045,532919,40.167999999946915,1285,533422168	ID:1	[INFO: Metric    ] METRIC_RX type=REAL src=5 seq=49 send_ms=533045 recv_ms=532919 bytes=48
TX,REAL,6,,50,48,533434.0,532495,533434.0,,,,1288,533434000	ID:6	[INFO: Metric    ] METRIC_TX type=REAL node=6 seq=50 bytes=48 time_ms=532495
TX,DUMMY,6,,12,48,533434.0,532496,533434.0,,,,1289,533434000	ID:6	[INFO: Metric    ] METRIC_TX type=DUMMY node=6 seq=12 bytes=48 time_ms=532496
RX,REAL,,6,50,48,533479.88,532976,533479.88,532495,532976,45.88000000000466,1290,533479880	ID:1	[INFO: Metric    ] METRIC_RX type=REAL src=6 seq=50 send_ms=532495 recv_ms=532976 bytes=48
RX,DUMMY,,6,12,48,533554.88,533051,533554.88,532496,533051,,1294,533554880	ID:1	[INFO: Metric    ] METRIC_RX type=DUMMY src=6 seq=12 send_ms=532496 recv_ms=533051 bytes=48
TX,REAL,3,,49,48,534972.0,534308,534972.0,,,,1296,534972000	ID:3	[INFO: Metric    ] METRIC_TX type=REAL node=3 seq=49 bytes=48 time_ms=534308
RX,REAL,,3,49,48,535025.168,534522,535025.168,534308,534522,53.167999999946915,1297,535025168	ID:1	[INFO: Metric    ] METRIC_RX type=REAL src=3 seq=49 send_ms=534308 recv_ms=534522 bytes=48
TX,REAL,7,,52,48,536245.0,535926,536245.0,,,,1299,536245000	ID:7	[INFO: Metric    ] METRIC_TX type=REAL node=7 seq=52 bytes=48 time_ms=535926
RX,REAL,,7,52,48,536258.88,535755,536258.88,535926,535755,13.880000000004657,1300,536258880	ID:1	[INFO: Metric    ] METRIC_RX type=REAL src=7 seq=52 send_ms=535926 recv_ms=535755 bytes=48
TX,REAL,4,,49,48,536634.0,536341,536634.0,,,,1302,536634000	ID:4	[INFO: Metric    ] METRIC_TX type=REAL node=4 seq=49 bytes=48 time_ms=536341
RX,REAL,,4,49,48,536677.304,536174,536677.304,536341,536174,43.304000000003725,1303,536677304	ID:1	[INFO: Metric    ] METRIC_RX type=REAL src=4 seq=49 send_ms=536341 recv_ms=536174 bytes=48
TX,REAL,2,,52,48,537076.0,536213,537076.0,,,,1305,537076000	ID:2	[INFO: Metric    ] METRIC_TX type=REAL node=2 seq=52 bytes=48 time_ms=536213
RX,REAL,,2,52,48,537101.88,536598,537101.88,536213,536598,25.880000000004657,1306,537101880	ID:1	[INFO: Metric    ] METRIC_RX type=REAL src=2 seq=52 send_ms=536213 recv_ms=536598 bytes=48
TX,REAL,5,,50,48,542383.0,542046,542383.0,,,,1310,542383000	ID:5	[INFO: Metric    ] METRIC_TX type=REAL node=5 seq=50 bytes=48 time_ms=542046
TX,REAL,6,,51,48,542435.0,541496,542435.0,,,,1311,542435000	ID:6	[INFO: Metric    ] METRIC_TX type=REAL node=6 seq=51 bytes=48 time_ms=541496
RX,REAL,,5,50,48,542453.168,541950,542453.168,542046,541950,70.16799999994691,1312,542453168	ID:1	[INFO: Metric    ] METRIC_RX type=REAL src=5 seq=50 send_ms=542046 recv_ms=541950 bytes=48
RX,REAL,,6,51,48,542473.88,541970,542473.88,541496,541970,38.88000000000466,1313,542473880	ID:1	[INFO: Metric    ] METRIC_RX type=REAL src=6 seq=51 send_ms=541496 recv_ms=541970 bytes=48
TX,REAL,3,,50,48,544973.0,544309,544973.0,,,,1318,544973000	ID:3	[INFO: Metric    ] METRIC_TX type=REAL node=3 seq=50 bytes=48 time_ms=544309
RX,REAL,,3,50,48,545007.168,544504,545007.168,544309,544504,34.167999999946915,1319,545007168	ID:1	[INFO: Metric    ] METRIC_RX type=REAL src=3 seq=50 send_ms=544309 recv_ms=544504 bytes=48
TX,REAL,4,,50,48,545635.0,545342,545635.0,,,,1323,545635000	ID:4	[INFO: Metric    ] METRIC_TX type=REAL node=4 seq=50 bytes=48 time_ms=545342
RX,REAL,,4,50,48,545690.168,545187,545690.168,545342,545187,55.167999999946915,1324,545690168	ID:1	[INFO: Metric    ] METRIC_RX type=REAL src=4 seq=50 send_ms=545342 recv_ms=545187 bytes=48
TX,REAL,2,,53,48,546077.0,545214,546077.0,,,,1326,546077000	ID:2	[INFO: Metric    ] METRIC_TX type=REAL node=2 seq=53 bytes=48 time_ms=545214
RX,REAL,,2,53,48,546093.88,545590,546093.88,545214,545590,16.880000000004657,1327,546093880	ID:1	[INFO: Metric    ] METRIC_RX type=REAL src=2 seq=53 send_ms=545214 recv_ms=545590 bytes=48
TX,REAL,7,,53,48,547246.0,546927,547246.0,,,,1330,547246000	ID:7	[INFO: Metric    ] METRIC_TX type=REAL node=7 seq=53 bytes=48 time_ms=546927
RX,REAL,,7,53,48,547263.88,546760,547263.88,546927,546760,17.880000000004657,1331,547263880	ID:1	[INFO: Metric    ] METRIC_RX type=REAL src=7 seq=53 send_ms=546927 recv_ms=546760 bytes=48
TX,REAL,5,,51,48,552384.0,552047,552384.0,,,,1333,552384000	ID:5	[INFO: Metric    ] METRIC_TX type=REAL node=5 seq=51 bytes=48 time_ms=552047
RX,REAL,,5,51,48,552423.168,551920,552423.168,552047,551920,39.167999999946915,1334,552423168	ID:1	[INFO: Metric    ] METRIC_RX type=REAL src=5 seq=51 send_ms=552047 recv_ms=551920 bytes=48
TX,REAL,6,,52,48,552436.0,551497,552436.0,,,,1335,552436000	ID:6	[INFO: Metric    ] METRIC_TX type=REAL node=6 seq=52 bytes=48 time_ms=551497
TX,DUMMY,6,,13,48,552437.0,551498,552437.0,,,,1336,552437000	ID:6	[INFO: Metric    ] METRIC_TX type=DUMMY node=6 seq=13 bytes=48 time_ms=551498
RX,REAL,,6,52,48,552461.88,551958,552461.88,551497,551958,25.880000000004657,1338,552461880	ID:1	[INFO: Metric    ] METRIC_RX type=REAL src=6 seq=52 send_ms=551497 recv_ms=551958 bytes=48
RX,DUMMY,,6,13,48,552482.88,551979,552482.88,551498,551979,,1339,552482880	ID:1	[INFO: Metric    ] METRIC_RX type=DUMMY src=6 seq=13 send_ms=551498 recv_ms=551979 bytes=48
TX,REAL,3,,51,48,554974.0,554310,554974.0,,,,1342,554974000	ID:3	[INFO: Metric    ] METRIC_TX type=REAL node=3 seq=51 bytes=48 time_ms=554310
RX,REAL,,3,51,48,555042.168,554539,555042.168,554310,554539,68.16799999994691,1343,555042168	ID:1	[INFO: Metric    ] METRIC_RX type=REAL src=3 seq=51 send_ms=554310 recv_ms=554539 bytes=48
TX,REAL,2,,54,48,555078.0,554215,555078.0,,,,1344,555078000	ID:2	[INFO: Metric    ] METRIC_TX type=REAL node=2 seq=54 bytes=48 time_ms=554215
RX,REAL,,2,54,48,555100.88,554597,555100.88,554215,554597,22.880000000004657,1345,555100880	ID:1	[INFO: Metric    ] METRIC_RX type=REAL src=2 seq=54 send_ms=554215 recv_ms=554597 bytes=48
TX,REAL,4,,51,48,556636.0,556343,556636.0,,,,1348,556636000	ID:4	[INFO: Metric    ] METRIC_TX type=REAL node=4 seq=51 bytes=48 time_ms=556343
TX,DUMMY,4,,9,48,556637.0,556344,556637.0,,,,1349,556637000	ID:4	[INFO: Metric    ] METRIC_TX type=DUMMY node=4 seq=9 bytes=48 time_ms=556344
RX,REAL,,4,51,48,556693.168,556190,556693.168,556343,556190,57.167999999946915,1350,556693168	ID:1	[INFO: Metric    ] METRIC_RX type=REAL src=4 seq=51 send_ms=556343 recv_ms=556190 bytes=48
RX,DUMMY,,4,9,48,556706.168,556203,556706.168,556344,556203,,1351,556706168	ID:1	[INFO: Metric    ] METRIC_RX type=DUMMY src=4 seq=9 send_ms=556344 recv_ms=556203 bytes=48
TX,REAL,7,,54,48,557247.0,556928,557247.0,,,,1354,557247000	ID:7	[INFO: Metric    ] METRIC_TX type=REAL node=7 seq=54 bytes=48 time_ms=556928
RX,REAL,,7,54,48,557292.88,556789,557292.88,556928,556789,45.88000000000466,1355,557292880	ID:1	[INFO: Metric    ] METRIC_RX type=REAL src=7 seq=54 send_ms=556928 recv_ms=556789 bytes=48
TX,REAL,6,,53,48,562438.0,561499,562438.0,,,,1357,562438000	ID:6	[INFO: Metric    ] METRIC_TX type=REAL node=6 seq=53 bytes=48 time_ms=561499
RX,REAL,,6,53,48,562448.88,561945,562448.88,561499,561945,10.880000000004657,1358,562448880	ID:1	[INFO: Metric    ] METRIC_RX type=REAL src=6 seq=53 send_ms=561499 recv_ms=561945 bytes=48
TX,REAL,5,,52,48,563385.0,563048,563385.0,,,,1361,563385000	ID:5	[INFO: Metric    ] METRIC_TX type=REAL node=5 seq=52 bytes=48 time_ms=563048
RX,REAL,,5,52,48,563459.168,562956,563459.168,563048,562956,74.16799999994691,1362,563459168	ID:1	[INFO: Metric    ] METRIC_RX type=REAL src=5 seq=52 send_ms=563048 recv_ms=562956 bytes=48
TX,REAL,3,,52,48,565975.0,565311,565975.0,,,,1364,565975000	ID:3	[INFO: Metric    ] METRIC_TX type=REAL node=3 seq=52 bytes=48 time_ms=565311
RX,REAL,,3,52,48,566052.168,565549,566052.168,565311,565549,77.16799999994691,1365,566052168	ID:1	[INFO: Metric    ] METRIC_RX type=REAL src=3 seq=52 send_ms=565311 recv_ms=565549 bytes=48
TX,REAL,2,,55,48,566079.0,565216,566079.0,,,,1366,566079000	ID:2	[INFO: Metric    ] METRIC_TX type=REAL node=2 seq=55 bytes=48 time_ms=565216
RX,REAL,,2,55,48,566102.88,565599,566102.88,565216,565599,23.880000000004657,1368,566102880	ID:1	[INFO: Metric    ] METRIC_RX type=REAL src=2 seq=55 send_ms=565216 recv_ms=565599 bytes=48
TX,REAL,7,,55,48,567248.0,566929,567248.0,,,,1370,567248000	ID:7	[INFO: Metric    ] METRIC_TX type=REAL node=7 seq=55 bytes=48 time_ms=566929
RX,REAL,,7,55,48,567276.88,566773,567276.88,566929,566773,28.880000000004657,1371,567276880	ID:1	[INFO: Metric    ] METRIC_RX type=REAL src=7 seq=55 send_ms=566929 recv_ms=566773 bytes=48
TX,REAL,4,,52,48,567638.0,567345,567638.0,,,,1373,567638000	ID:4	[INFO: Metric    ] METRIC_TX type=REAL node=4 seq=52 bytes=48 time_ms=567345
RX,REAL,,4,52,48,567684.168,567181,567684.168,567345,567181,46.167999999946915,1374,567684168	ID:1	[INFO: Metric    ] METRIC_RX type=REAL src=4 seq=52 send_ms=567345 recv_ms=567181 bytes=48
TX,REAL,5,,53,48,573386.0,573049,573386.0,,,,1376,573386000	ID:5	[INFO: Metric    ] METRIC_TX type=REAL node=5 seq=53 bytes=48 time_ms=573049
TX,DUMMY,5,,9,48,573387.0,573050,573387.0,,,,1377,573387000	ID:5	[INFO: Metric    ] METRIC_TX type=DUMMY node=5 seq=9 bytes=48 time_ms=573050
TX,REAL,6,,54,48,573439.0,572500,573439.0,,,,1378,573439000	ID:6	[INFO: Metric    ] METRIC_TX type=REAL node=6 seq=54 bytes=48 time_ms=572500
RX,REAL,,6,54,48,573450.88,572947,573450.88,572500,572947,11.880000000004657,1379,573450880	ID:1	[INFO: Metric    ] METRIC_RX type=REAL src=6 seq=54 send_ms=572500 recv_ms=572947 bytes=48
RX,REAL,,5,53,48,573497.168,572994,573497.168,573049,572994,111.16799999994691,1381,573497168	ID:1	[INFO: Metric    ] METRIC_RX type=REAL src=5 seq=53 send_ms=573049 recv_ms=572994 bytes=48
RX,DUMMY,,5,9,48,573529.168,573026,573529.168,573050,573026,,1382,573529168	ID:1	[INFO: Metric    ] METRIC_RX type=DUMMY src=5 seq=9 send_ms=573050 recv_ms=573026 bytes=48
TX,REAL,3,,53,48,575976.0,575312,575976.0,,,,1385,575976000	ID:3	[INFO: Metric    ] METRIC_TX type=REAL node=3 seq=53 bytes=48 time_ms=575312
RX,REAL,,3,53,48,576036.168,575533,576036.168,575312,575533,60.167999999946915,1386,576036168	ID:1	[INFO: Metric    ] METRIC_RX type=REAL src=3 seq=53 send_ms=575312 recv_ms=575533 bytes=48
TX,REAL,2,,56,48,576079.0,575217,576079.0,,,,1387,576079000	ID:2	[INFO: Metric    ] METRIC_TX type=REAL node=2 seq=56 bytes=48 time_ms=575217
RX,REAL,,2,56,48,576090.016,575587,576090.016,575217,575587,11.015999999945052,1388,576090016	ID:1	[INFO: Metric    ] METRIC_RX type=REAL src=2 seq=56 send_ms=575217 recv_ms=575587 bytes=48
TX,REAL,7,,56,48,577249.0,576930,577249.0,,,,1392,577249000	ID:7	[INFO: Metric    ] METRIC_TX type=REAL node=7 seq=56 bytes=48 time_ms=576930
RX,REAL,,7,56,48,577282.88,576779,577282.88,576930,576779,33.88000000000466,1393,577282880	ID:1	[INFO: Metric    ] METRIC_RX type=REAL src=7 seq=56 send_ms=576930 recv_ms=576779 bytes=48
TX,REAL,4,,53,48,578639.0,578346,578639.0,,,,1395,578639000	ID:4	[INFO: Metric    ] METRIC_TX type=REAL node=4 seq=53 bytes=48 time_ms=578346
RX,REAL,,4,53,48,578706.168,578203,578706.168,578346,578203,67.16799999994691,1396,578706168	ID:1	[INFO: Metric    ] METRIC_RX type=REAL src=4 seq=53 send_ms=578346 recv_ms=578203 bytes=48
TX,REAL,5,,54,48,584388.0,584051,584388.0,,,,1398,584388000	ID:5	[INFO: Metric    ] METRIC_TX type=REAL node=5 seq=54 bytes=48 time_ms=584051
RX,REAL,,5,54,48,584427.168,583924,584427.168,584051,583924,39.167999999946915,1399,584427168	ID:1	[INFO: Metric    ] METRIC_RX type=REAL src=5 seq=54 send_ms=584051 recv_ms=583924 bytes=48
TX,REAL,6,,55,48,584440.0,583501,584440.0,,,,1400,584440000	ID:6	[INFO: Metric    ] METRIC_TX type=REAL node=6 seq=55 bytes=48 time_ms=583501
RX,REAL,,6,55,48,584445.88,583942,584445.88,583501,583942,5.880000000004657,1401,584445880	ID:1	[INFO: Metric    ] METRIC_RX type=REAL src=6 seq=55 send_ms=583501 recv_ms=583942 bytes=48
TX,REAL,3,,54,48,584977.0,584313,584977.0,,,,1404,584977000	ID:3	[INFO: Metric    ] METRIC_TX type=REAL node=3 seq=54 bytes=48 time_ms=584313
RX,REAL,,3,54,48,585059.168,584556,585059.168,584313,584556,82.16799999994691,1405,585059168	ID:1	[INFO: Metric    ] METRIC_RX type=REAL src=3 seq=54 send_ms=584313 recv_ms=584556 bytes=48
TX,REAL,2,,57,48,587080.0,586217,587080.0,,,,1407,587080000	ID:2	[INFO: Metric    ] METRIC_TX type=REAL node=2 seq=57 bytes=48 time_ms=586217
RX,REAL,,2,57,48,587099.88,586596,587099.88,586217,586596,19.880000000004657,1408,587099880	ID:1	[INFO: Metric    ] METRIC_RX type=REAL src=2 seq=57 send_ms=586217 recv_ms=586596 bytes=48
TX,REAL,7,,57,48,587250.0,586931,587250.0,,,,1410,587250000	ID:7	[INFO: Metric    ] METRIC_TX type=REAL node=7 seq=57 bytes=48 time_ms=586931
TX,DUMMY,7,,13,48,587251.0,586932,587251.0,,,,1411,587251000	ID:7	[INFO: Metric    ] METRIC_TX type=DUMMY node=7 seq=13 bytes=48 time_ms=586932
RX,REAL,,7,57,48,587269.88,586766,587269.88,586931,586766,19.880000000004657,1412,587269880	ID:1	[INFO: Metric    ] METRIC_RX type=REAL src=7 seq=57 send_ms=586931 recv_ms=586766 bytes=48
RX,DUMMY,,7,13,48,587297.88,586794,587297.88,586932,586794,,1414,587297880	ID:1	[INFO: Metric    ] METRIC_RX type=DUMMY src=7 seq=13 send_ms=586932 recv_ms=586794 bytes=48
TX,REAL,4,,54,48,587640.0,587347,587640.0,,,,1416,587640000	ID:4	[INFO: Metric    ] METRIC_TX type=REAL node=4 seq=54 bytes=48 time_ms=587347
RX,REAL,,4,54,48,587713.168,587210,587713.168,587347,587210,73.16799999994691,1417,587713168	ID:1	[INFO: Metric    ] METRIC_RX type=REAL src=4 seq=54 send_ms=587347 recv_ms=587210 bytes=48
TX,REAL,6,,56,48,594441.0,593502,594441.0,,,,1419,594441000	ID:6	[INFO: Metric    ] METRIC_TX type=REAL node=6 seq=56 bytes=48 time_ms=593502
RX,REAL,,6,56,48,594470.88,593967,594470.88,593502,593967,29.880000000004657,1420,594470880	ID:1	[INFO: Metric    ] METRIC_RX type=REAL src=6 seq=56 send_ms=593502 recv_ms=593967 bytes=48
TX,REAL,3,,55,48,594978.0,594314,594978.0,,,,1423,594978000	ID:3	[INFO: Metric    ] METRIC_TX type=REAL node=3 seq=55 bytes=48 time_ms=594314
RX,REAL,,3,55,48,595043.168,594540,595043.168,594314,594540,65.16799999994691,1424,595043168	ID:1	[INFO: Metric    ] METRIC_RX type=REAL src=3 seq=55 send_ms=594314 recv_ms=594540 bytes=48
TX,REAL,5,,55,48,595389.0,595052,595389.0,,,,1426,595389000	ID:5	[INFO: Metric    ] METRIC_TX type=REAL node=5 seq=55 bytes=48 time_ms=595052
RX,REAL,,5,55,48,595412.168,594909,595412.168,595052,594909,23.167999999946915,1427,595412168	ID:1	[INFO: Metric    ] METRIC_RX type=REAL src=5 seq=55 send_ms=595052 recv_ms=594909 bytes=48
TX,REAL,7,,58,48,596252.0,595933,596252.0,,,,1429,596252000	ID:7	[INFO: Metric    ] METRIC_TX type=REAL node=7 seq=58 bytes=48 time_ms=595933
RX,REAL,,7,58,48,596287.88,595784,596287.88,595933,595784,35.88000000000466,1430,596287880	ID:1	[INFO: Metric    ] METRIC_RX type=REAL src=7 seq=58 send_ms=595933 recv_ms=595784 bytes=48
TX,REAL,4,,55,48,596641.0,596348,596641.0,,,,1432,596641000	ID:4	[INFO: Metric    ] METRIC_TX type=REAL node=4 seq=55 bytes=48 time_ms=596348
RX,REAL,,4,55,48,596689.168,596186,596689.168,596348,596186,48.167999999946915,1433,596689168	ID:1	[INFO: Metric    ] METRIC_RX type=REAL src=4 seq=55 send_ms=596348 recv_ms=596186 bytes=48
TX,REAL,2,,58,48,598081.0,597218,598081.0,,,,1435,598081000	ID:2	[INFO: Metric    ] METRIC_TX type=REAL node=2 seq=58 bytes=48 time_ms=597218
RX,REAL,,2,58,48,598120.88,597617,598120.88,597218,597617,39.88000000000466,1436,598120880	ID:1	[INFO: Metric    ] METRIC_RX type=REAL src=2 seq=58 send_ms=597218 recv_ms=597617 bytes=48
TX,REAL,3,,56,48,604979.0,604315,604979.0,,,,1438,604979000	ID:3	[INFO: Metric    ] METRIC_TX type=REAL node=3 seq=56 bytes=48 time_ms=604315
RX,REAL,,3,56,48,605020.168,604517,605020.168,604315,604517,41.167999999946915,1439,605020168	ID:1	[INFO: Metric    ] METRIC_RX type=REAL src=3 seq=56 send_ms=604315 recv_ms=604517 bytes=48
TX,REAL,5,,56,48,605390.0,605053,605390.0,,,,1441,605390000	ID:5	[INFO: Metric    ] METRIC_TX type=REAL node=5 seq=56 bytes=48 time_ms=605053
RX,REAL,,5,56,48,605439.168,604936,605439.168,605053,604936,49.167999999946915,1442,605439168	ID:1	[INFO: Metric    ] METRIC_RX type=REAL src=5 seq=56 send_ms=605053 recv_ms=604936 bytes=48
TX,REAL,6,,57,48,605442.0,604503,605442.0,,,,1443,605442000	ID:6	[INFO: Metric    ] METRIC_TX type=REAL node=6 seq=57 bytes=48 time_ms=604503
RX,REAL,,6,57,48,605469.88,604966,605469.88,604503,604966,27.880000000004657,1444,605469880	ID:1	[INFO: Metric    ] METRIC_RX type=REAL src=6 seq=57 send_ms=604503 recv_ms=604966 bytes=48
TX,REAL,7,,59,48,606253.0,605934,606253.0,,,,1447,606253000	ID:7	[INFO: Metric    ] METRIC_TX type=REAL node=7 seq=59 bytes=48 time_ms=605934
TX,DUMMY,7,,14,48,606254.0,605935,606254.0,,,,1448,606254000	ID:7	[INFO: Metric    ] METRIC_TX type=DUMMY node=7 seq=14 bytes=48 time_ms=605935
RX,REAL,,7,59,48,606280.88,605777,606280.88,605934,605777,27.880000000004657,1449,606280880	ID:1	[INFO: Metric    ] METRIC_RX type=REAL src=7 seq=59 send_ms=605934 recv_ms=605777 bytes=48
RX,DUMMY,,7,14,48,606313.88,605810,606313.88,605935,605810,,1451,606313880	ID:1	[INFO: Metric    ] METRIC_RX type=DUMMY src=7 seq=14 send_ms=605935 recv_ms=605810 bytes=48
TX,REAL,4,,56,48,606642.0,606349,606642.0,,,,1454,606642000	ID:4	[INFO: Metric    ] METRIC_TX type=REAL node=4 seq=56 bytes=48 time_ms=606349
RX,REAL,,4,56,48,606718.168,606215,606718.168,606349,606215,76.16799999994691,1455,606718168	ID:1	[INFO: Metric    ] METRIC_RX type=REAL src=4 seq=56 send_ms=606349 recv_ms=606215 bytes=48
TX,REAL,2,,59,48,609082.0,608219,609082.0,,,,1457,609082000	ID:2	[INFO: Metric    ] METRIC_TX type=REAL node=2 seq=59 bytes=48 time_ms=608219
RX,REAL,,2,59,48,609105.88,608602,609105.88,608219,608602,23.880000000004657,1458,609105880	ID:1	[INFO: Metric    ] METRIC_RX type=REAL src=2 seq=59 send_ms=608219 recv_ms=608602 bytes=48
TX,REAL,3,,57,48,614980.0,614316,614980.0,,,,1460,614980000	ID:3	[INFO: Metric    ] METRIC_TX type=REAL node=3 seq=57 bytes=48 time_ms=614316
RX,REAL,,3,57,48,615039.168,614536,615039.168,614316,614536,59.167999999946915,1461,615039168	ID:1	[INFO: Metric    ] METRIC_RX type=REAL src=3 seq=57 send_ms=614316 recv_ms=614536 bytes=48
TX,REAL,7,,60,48,615255.0,614936,615255.0,,,,1465,615255000	ID:7	[INFO: Metric    ] METRIC_TX type=REAL node=7 seq=60 bytes=48 time_ms=614936
RX,REAL,,7,60,48,615296.88,614793,615296.88,614936,614793,41.88000000000466,1466,615296880	ID:1	[INFO: Metric    ] METRIC_RX type=REAL src=7 seq=60 send_ms=614936 recv_ms=614793 bytes=48
TX,REAL,5,,57,48,615391.0,615054,615391.0,,,,1468,615391000	ID:5	[INFO: Metric    ] METRIC_TX type=REAL node=5 seq=57 bytes=48 time_ms=615054
RX,REAL,,5,57,48,615447.168,614944,615447.168,615054,614944,56.167999999946915,1469,615447168	ID:1	[INFO: Metric    ] METRIC_RX type=REAL src=5 seq=57 send_ms=615054 recv_ms=614944 bytes=48
TX,REAL,4,,57,48,615643.0,615350,615643.0,,,,1471,615643000	ID:4	[INFO: Metric    ] METRIC_TX type=REAL node=4 seq=57 bytes=48 time_ms=615350
RX,REAL,,4,57,48,615708.168,615205,615708.168,615350,615205,65.16799999994691,1472,615708168	ID:1	[INFO: Metric    ] METRIC_RX type=REAL src=4 seq=57 send_ms=615350 recv_ms=615205 bytes=48
TX,REAL,6,,58,48,616443.0,615504,616443.0,,,,1474,616443000	ID:6	[INFO: Metric    ] METRIC_TX type=REAL node=6 seq=58 bytes=48 time_ms=615504
RX,REAL,,6,58,48,616461.88,615958,616461.88,615504,615958,18.880000000004657,1475,616461880	ID:1	[INFO: Metric    ] METRIC_RX type=REAL src=6 seq=58 send_ms=615504 recv_ms=615958 bytes=48
TX,REAL,2,,60,48,618083.0,617220,618083.0,,,,1479,618083000	ID:2	[INFO: Metric    ] METRIC_TX type=REAL node=2 seq=60 bytes=48 time_ms=617220
RX,REAL,,2,60,48,618095.88,617592,618095.88,617220,617592,12.880000000004657,1480,618095880	ID:1	[INFO: Metric    ] METRIC_RX type=REAL src=2 seq=60 send_ms=617220 recv_ms=617592 bytes=48
TX,REAL,3,,58,48,623981.0,623317,623981.0,,,,1482,623981000	ID:3	[INFO: Metric    ] METRIC_TX type=REAL node=3 seq=58 bytes=48 time_ms=623317
RX,REAL,,3,58,48,624052.168,623549,624052.168,623317,623549,71.16799999994691,1483,624052168	ID:1	[INFO: Metric    ] METRIC_RX type=REAL src=3 seq=58 send_ms=623317 recv_ms=623549 bytes=48
TX,REAL,5,,58,48,624392.0,624055,624392.0,,,,1485,624392000	ID:5	[INFO: Metric    ] METRIC_TX type=REAL node=5 seq=58 bytes=48 time_ms=624055
RX,REAL,,5,58,48,624438.168,623935,624438.168,624055,623935,46.167999999946915,1486,624438168	ID:1	[INFO: Metric    ] METRIC_RX type=REAL src=5 seq=58 send_ms=624055 recv_ms=623935 bytes=48
TX,REAL,6,,59,48,625444.0,624505,625444.0,,,,1489,625444000	ID:6	[INFO: Metric    ] METRIC_TX type=REAL node=6 seq=59 bytes=48 time_ms=624505
RX,REAL,,6,59,48,625474.88,624971,625474.88,624505,624971,30.880000000004657,1490,625474880	ID:1	[INFO: Metric    ] METRIC_RX type=REAL src=6 seq=59 send_ms=624505 recv_ms=624971 bytes=48
TX,REAL,7,,61,48,626256.0,625937,626256.0,,,,1492,626256000	ID:7	[INFO: Metric    ] METRIC_TX type=REAL node=7 seq=61 bytes=48 time_ms=625937
RX,REAL,,7,61,48,626267.88,625764,626267.88,625937,625764,11.880000000004657,1493,626267880	ID:1	[INFO: Metric    ] METRIC_RX type=REAL src=7 seq=61 send_ms=625937 recv_ms=625764 bytes=48
TX,REAL,4,,58,48,626644.0,626351,626644.0,,,,1495,626644000	ID:4	[INFO: Metric    ] METRIC_TX type=REAL node=4 seq=58 bytes=48 time_ms=626351
TX,DUMMY,4,,10,48,626645.0,626352,626645.0,,,,1496,626645000	ID:4	[INFO: Metric    ] METRIC_TX type=DUMMY node=4 seq=10 bytes=48 time_ms=626352
RX,REAL,,4,58,48,626695.168,626192,626695.168,626351,626192,51.167999999946915,1497,626695168	ID:1	[INFO: Metric    ] METRIC_RX type=REAL src=4 seq=58 send_ms=626351 recv_ms=626192 bytes=48
RX,DUMMY,,4,10,48,626740.168,626237,626740.168,626352,626237,,1499,626740168	ID:1	[INFO: Metric    ] METRIC_RX type=DUMMY src=4 seq=10 send_ms=626352 recv_ms=626237 bytes=48
TX,REAL,2,,61,48,627084.0,626221,627084.0,,,,1501,627084000	ID:2	[INFO: Metric    ] METRIC_TX type=REAL node=2 seq=61 bytes=48 time_ms=626221
RX,REAL,,2,61,48,627126.88,626623,627126.88,626221,626623,42.88000000000466,1502,627126880	ID:1	[INFO: Metric    ] METRIC_RX type=REAL src=2 seq=61 send_ms=626221 recv_ms=626623 bytes=48
TX,REAL,3,,59,48,634982.0,634318,634982.0,,,,1504,634982000	ID:3	[INFO: Metric    ] METRIC_TX type=REAL node=3 seq=59 bytes=48 time_ms=634318
RX,REAL,,3,59,48,635038.168,634535,635038.168,634318,634535,56.167999999946915,1505,635038168	ID:1	[INFO: Metric    ] METRIC_RX type=REAL src=3 seq=59 send_ms=634318 recv_ms=634535 bytes=48
TX,REAL,5,,59,48,635393.0,635056,635393.0,,,,1507,635393000	ID:5	[INFO: Metric    ] METRIC_TX type=REAL node=5 seq=59 bytes=48 time_ms=635056
RX,REAL,,5,59,48,635479.168,634976,635479.168,635056,634976,86.16799999994691,1508,635479168	ID:1	[INFO: Metric    ] METRIC_RX type=REAL src=5 seq=59 send_ms=635056 recv_ms=634976 bytes=48
TX,REAL,4,,59,48,635646.0,635353,635646.0,,,,1510,635646000	ID:4	[INFO: Metric    ] METRIC_TX type=REAL node=4 seq=59 bytes=48 time_ms=635353
RX,REAL,,4,59,48,635687.168,635184,635687.168,635353,635184,41.167999999946915,1511,635687168	ID:1	[INFO: Metric    ] METRIC_RX type=REAL src=4 seq=59 send_ms=635353 recv_ms=635184 bytes=48
TX,REAL,2,,62,48,636085.0,635222,636085.0,,,,1513,636085000	ID:2	[INFO: Metric    ] METRIC_TX type=REAL node=2 seq=62 bytes=48 time_ms=635222
RX,REAL,,2,62,48,636112.88,635609,636112.88,635222,635609,27.880000000004657,1514,636112880	ID:1	[INFO: Metric    ] METRIC_RX type=REAL src=2 seq=62 send_ms=635222 recv_ms=635609 bytes=48
TX,REAL,6,,60,48,636445.0,635506,636445.0,,,,1518,636445000	ID:6	[INFO: Metric    ] METRIC_TX type=REAL node=6 seq=60 bytes=48 time_ms=635506
RX,REAL,,6,60,48,636461.88,635958,636461.88,635506,635958,16.880000000004657,1519,636461880	ID:1	[INFO: Metric    ] METRIC_RX type=REAL src=6 seq=60 send_ms=635506 recv_ms=635958 bytes=48
TX,REAL,7,,62,48,637257.0,636938,637257.0,,,,1522,637257000	ID:7	[INFO: Metric    ] METRIC_TX type=REAL node=7 seq=62 bytes=48 time_ms=636938
TX,DUMMY,7,,15,48,637258.0,636939,637258.0,,,,1523,637258000	ID:7	[INFO: Metric    ] METRIC_TX type=DUMMY node=7 seq=15 bytes=48 time_ms=636939
RX,REAL,,7,62,48,637302.88,636799,637302.88,636938,636799,45.88000000000466,1524,637302880	ID:1	[INFO: Metric    ] METRIC_RX type=REAL src=7 seq=62 send_ms=636938 recv_ms=636799 bytes=48
RX,DUMMY,,7,15,48,637316.88,636813,637316.88,636939,636813,,1525,637316880	ID:1	[INFO: Metric    ] METRIC_RX type=DUMMY src=7 seq=15 send_ms=636939 recv_ms=636813 bytes=48
TX,REAL,4,,60,48,644647.0,644354,644647.0,,,,1530,644647000	ID:4	[INFO: Metric    ] METRIC_TX type=REAL node=4 seq=60 bytes=48 time_ms=644354
RX,REAL,,4,60,48,644678.168,644175,644678.168,644354,644175,31.167999999946915,1531,644678168	ID:1	[INFO: Metric    ] METRIC_RX type=REAL src=4 seq=60 send_ms=644354 recv_ms=644175 bytes=48
TX,REAL,3,,60,48,644983.0,644319,644983.0,,,,1535,644983000	ID:3	[INFO: Metric    ] METRIC_TX type=REAL node=3 seq=60 bytes=48 time_ms=644319
RX,REAL,,3,60,48,645047.168,644544,645047.168,644319,644544,64.16799999994691,1536,645047168	ID:1	[INFO: Metric    ] METRIC_RX type=REAL src=3 seq=60 send_ms=644319 recv_ms=644544 bytes=48
TX,REAL,6,,61,48,645446.0,644507,645446.0,,,,1538,645446000	ID:6	[INFO: Metric    ] METRIC_TX type=REAL node=6 seq=61 bytes=48 time_ms=644507
RX,REAL,,6,61,48,645454.88,644951,645454.88,644507,644951,8.880000000004657,1539,645454880	ID:1	[INFO: Metric    ] METRIC_RX type=REAL src=6 seq=61 send_ms=644507 recv_ms=644951 bytes=48
TX,REAL,7,,63,48,646259.0,645940,646259.0,,,,1541,646259000	ID:7	[INFO: Metric    ] METRIC_TX type=REAL node=7 seq=63 bytes=48 time_ms=645940
RX,REAL,,7,63,48,646295.88,645792,646295.88,645940,645792,36.88000000000466,1542,646295880	ID:1	[INFO: Metric    ] METRIC_RX type=REAL src=7 seq=63 send_ms=645940 recv_ms=645792 bytes=48
TX,REAL,5,,60,48,646394.0,646057,646394.0,,,,1546,646394000	ID:5	[INFO: Metric    ] METRIC_TX type=REAL node=5 seq=60 bytes=48 time_ms=646057
RX,REAL,,5,60,48,646442.168,645939,646442.168,646057,645939,48.167999999946915,1547,646442168	ID:1	[INFO: Metric    ] METRIC_RX type=REAL src=5 seq=60 send_ms=646057 recv_ms=645939 bytes=48
TX,REAL,2,,63,48,647086.0,646223,647086.0,,,,1549,647086000	ID:2	[INFO: Metric    ] METRIC_TX type=REAL node=2 seq=63 bytes=48 time_ms=646223
RX,REAL,,2,63,48,647098.88,646595,647098.88,646223,646595,12.880000000004657,1550,647098880	ID:1	[INFO: Metric    ] METRIC_RX type=REAL src=2 seq=63 send_ms=646223 recv_ms=646595 bytes=48
TX,REAL,4,,61,48,653648.0,653355,653648.0,,,,1552,653648000	ID:4	[INFO: Metric    ] METRIC_TX type=REAL node=4 seq=61 bytes=48 time_ms=653355
TX,DUMMY,4,,11,48,653649.0,653356,653649.0,,,,1553,653649000	ID:4	[INFO: Metric    ] METRIC_TX type=DUMMY node=4 seq=11 bytes=48 time_ms=653356
RX,REAL,,4,61,48,653687.168,653184,653687.168,653355,653184,39.167999999946915,1554,653687168	ID:1	[INFO: Metric    ] METRIC_RX type=REAL src=4 seq=61 send_ms=653355 recv_ms=653184 bytes=48
RX,DUMMY,,4,11,48,653724.168,653221,653724.168,653356,653221,,1555,653724168	ID:1	[INFO: Metric    ] METRIC_RX type=DUMMY src=4 seq=11 send_ms=653356 recv_ms=653221 bytes=48
TX,REAL,3,,61,48,653984.0,653320,653984.0,,,,1559,653984000	ID:3	[INFO: Metric    ] METRIC_TX type=REAL node=3 seq=61 bytes=48 time_ms=653320
RX,REAL,,3,61,48,654039.168,653536,654039.168,653320,653536,55.167999999946915,1560,654039168	ID:1	[INFO: Metric    ] METRIC_RX type=REAL src=3 seq=61 send_ms=653320 recv_ms=653536 bytes=48
TX,REAL,7,,64,48,655260.0,654941,655260.0,,,,1562,655260000	ID:7	[INFO: Metric    ] METRIC_TX type=REAL node=7 seq=64 bytes=48 time_ms=654941
RX,REAL,,7,64,48,655291.88,654788,655291.88,654941,654788,31.880000000004657,1563,655291880	ID:1	[INFO: Metric    ] METRIC_RX type=REAL src=7 seq=64 send_ms=654941 recv_ms=654788 bytes=48
TX,REAL,6,,62,48,655447.0,654508,655447.0,,,,1565,655447000	ID:6	[INFO: Metric    ] METRIC_TX type=REAL node=6 seq=62 bytes=48 time_ms=654508
RX,REAL,,6,62,48,655460.88,654957,655460.88,654508,654957,13.880000000004657,1566,655460880	ID:1	[INFO: Metric    ] METRIC_RX type=REAL src=6 seq=62 send_ms=654508 recv_ms=654957 bytes=48
TX,REAL,2,,64,48,657087.0,656224,657087.0,,,,1568,657087000	ID:2	[INFO: Metric    ] METRIC_TX type=REAL node=2 seq=64 bytes=48 time_ms=656224
RX,REAL,,2,64,48,657092.88,656589,657092.88,656224,656589,5.880000000004657,1569,657092880	ID:1	[INFO: Metric    ] METRIC_RX type=REAL src=2 seq=64 send_ms=656224 recv_ms=656589 bytes=48
TX,REAL,5,,61,48,657395.0,657058,657395.0,,,,1571,657395000	ID:5	[INFO: Metric    ] METRIC_TX type=REAL node=5 seq=61 bytes=48 time_ms=657058
RX,REAL,,5,61,48,657445.168,656942,657445.168,657058,656942,50.167999999946915,1572,657445168	ID:1	[INFO: Metric    ] METRIC_RX type=REAL src=5 seq=61 send_ms=657058 recv_ms=656942 bytes=48
TX,REAL,4,,62,48,663650.0,663357,663650.0,,,,1574,663650000	ID:4	[INFO: Metric    ] METRIC_TX type=REAL node=4 seq=62 bytes=48 time_ms=663357
RX,REAL,,4,62,48,663701.168,663198,663701.168,663357,663198,51.167999999946915,1575,663701168	ID:1	[INFO: Metric    ] METRIC_RX type=REAL src=4 seq=62 send_ms=663357 recv_ms=663198 bytes=48
TX,REAL,3,,62,48,663985.0,663321,663985.0,,,,1577,663985000	ID:3	[INFO: Metric    ] METRIC_TX type=REAL node=3 seq=62 bytes=48 time_ms=663321
RX,REAL,,3,62,48,664036.168,663533,664036.168,663321,663533,51.167999999946915,1578,664036168	ID:1	[INFO: Metric    ] METRIC_RX type=REAL src=3 seq=62 send_ms=663321 recv_ms=663533 bytes=48
TX,REAL,7,,65,48,666261.0,665942,666261.0,,,,1580,666261000	ID:7	[INFO: Metric    ] METRIC_TX type=REAL node=7 seq=65 bytes=48 time_ms=665942
RX,REAL,,7,65,48,666277.88,665774,666277.88,665942,665774,16.880000000004657,1581,666277880	ID:1	[INFO: Metric    ] METRIC_RX type=REAL src=7 seq=65 send_ms=665942 recv_ms=665774 bytes=48
TX,REAL,5,,62,48,666396.0,666059,666396.0,,,,1583,666396000	ID:5	[INFO: Metric    ] METRIC_TX type=REAL node=5 seq=62 bytes=48 time_ms=666059
TX,REAL,6,,63,48,666447.072,665509,666447.072,,,,1584,666447072	ID:6	[INFO: Metric    ] METRIC_TX type=REAL node=6 seq=63 bytes=48 time_ms=665509
RX,REAL,,5,62,48,666447.168,665944,666447.168,666059,665944,51.167999999946915,1585,666447168	ID:1	[INFO: Metric    ] METRIC_RX type=REAL src=5 seq=62 send_ms=666059 recv_ms=665944 bytes=48
RX,REAL,,6,63,48,666473.88,665970,666473.88,665509,665970,26.807999999960884,1586,666473880	ID:1	[INFO: Metric    ] METRIC_RX type=REAL src=6 seq=63 send_ms=665509 recv_ms=665970 bytes=48
TX,REAL,2,,65,48,667088.0,666225,667088.0,,,,1590,667088000	ID:2	[INFO: Metric    ] METRIC_TX type=REAL node=2 seq=65 bytes=48 time_ms=666225
RX,REAL,,2,65,48,667103.88,666600,667103.88,666225,666600,15.880000000004657,1591,667103880	ID:1	[INFO: Metric    ] METRIC_RX type=REAL src=2 seq=65 send_ms=666225 recv_ms=666600 bytes=48
TX,REAL,3,,63,48,672986.0,672322,672986.0,,,,1593,672986000	ID:3	[INFO: Metric    ] METRIC_TX type=REAL node=3 seq=63 bytes=48 time_ms=672322
RX,REAL,,3,63,48,673044.168,672541,673044.168,672322,672541,58.167999999946915,1594,673044168	ID:1	[INFO: Metric    ] METRIC_RX type=REAL src=3 seq=63 send_ms=672322 recv_ms=672541 bytes=48
TX,REAL,4,,63,48,673651.0,673358,673651.0,,,,1596,673651000	ID:4	[INFO: Metric    ] METRIC_TX type=REAL node=4 seq=63 bytes=48 time_ms=673358
RX,REAL,,4,63,48,673698.168,673195,673698.168,673358,673195,47.167999999946915,1597,673698168	ID:1	[INFO: Metric    ] METRIC_RX type=REAL src=4 seq=63 send_ms=673358 recv_ms=673195 bytes=48
TX,REAL,2,,66,48,676089.0,675226,676089.0,,,,1599,676089000	ID:2	[INFO: Metric    ] METRIC_TX type=REAL node=2 seq=66 bytes=48 time_ms=675226
RX,REAL,,2,66,48,676119.88,675616,676119.88,675226,675616,30.880000000004657,1600,676119880	ID:1	[INFO: Metric    ] METRIC_RX type=REAL src=2 seq=66 send_ms=675226 recv_ms=675616 bytes=48
TX,REAL,7,,66,48,676262.0,675943,676262.0,,,,1602,676262000	ID:7	[INFO: Metric    ] METRIC_TX type=REAL node=7 seq=66 bytes=48 time_ms=675943
RX,REAL,,7,66,48,676283.88,675780,676283.88,675943,675780,21.880000000004657,1603,676283880	ID:1	[INFO: Metric    ] METRIC_RX type=REAL src=7 seq=66 send_ms=675943 recv_ms=675780 bytes=48
TX,REAL,5,,63,48,676397.0,676060,676397.0,,,,1605,676397000	ID:5	[INFO: Metric    ] METRIC_TX type=REAL node=5 seq=63 bytes=48 time_ms=676060
RX,REAL,,5,63,48,676442.168,675939,676442.168,676060,675939,45.167999999946915,1606,676442168	ID:1	[INFO: Metric    ] METRIC_RX type=REAL src=5 seq=63 send_ms=676060 recv_ms=675939 bytes=48
TX,REAL,6,,64,48,677448.0,676509,677448.0,,,,1608,677448000	ID:6	[INFO: Metric    ] METRIC_TX type=REAL node=6 seq=64 bytes=48 time_ms=676509
RX,REAL,,6,64,48,677471.88,676968,677471.88,676509,676968,23.880000000004657,1609,677471880	ID:1	[INFO: Metric    ] METRIC_RX type=REAL src=6 seq=64 send_ms=676509 recv_ms=676968 bytes=48
TX,REAL,4,,64,48,682652.0,682359,682652.0,,,,1611,682652000	ID:4	[INFO: Metric    ] METRIC_TX type=REAL node=4 seq=64 bytes=48 time_ms=682359
TX,DUMMY,4,,12,48,682653.0,682360,682653.0,,,,1612,682653000	ID:4	[INFO: Metric    ] METRIC_TX type=DUMMY node=4 seq=12 bytes=48 time_ms=682360
RX,REAL,,4,64,48,682733.168,682230,682733.168,682359,682230,81.16799999994691,1613,682733168	ID:1	[INFO: Metric    ] METRIC_RX type=REAL src=4 seq=64 send_ms=682359 recv_ms=682230 bytes=48
RX,DUMMY,,4,12,48,682773.168,682270,682773.168,682360,682270,,1614,682773168	ID:1	[INFO: Metric    ] METRIC_RX type=DUMMY src=4 seq=12 send_ms=682360 recv_ms=682270 bytes=48
TX,REAL,3,,64,48,683987.0,683323,683987.0,,,,1617,683987000	ID:3	[INFO: Metric    ] METRIC_TX type=REAL node=3 seq=64 bytes=48 time_ms=683323
RX,REAL,,3,64,48,684043.168,683540,684043.168,683323,683540,56.167999999946915,1618,684043168	ID:1	[INFO: Metric    ] METRIC_RX type=REAL src=3 seq=64 send_ms=683323 recv_ms=683540 bytes=48
TX,REAL,7,,67,48,685263.0,684944,685263.0,,,,1621,685263000	ID:7	[INFO: Metric    ] METRIC_TX type=REAL node=7 seq=67 bytes=48 time_ms=684944
RX,REAL,,7,67,48,685287.88,684784,685287.88,684944,684784,24.880000000004657,1622,685287880	ID:1	[INFO: Metric    ] METRIC_RX type=REAL src=7 seq=67 send_ms=684944 recv_ms=684784 bytes=48
TX,REAL,5,,64,48,685398.0,685061,685398.0,,,,1624,685398000	ID:5	[INFO: Metric    ] METRIC_TX type=REAL node=5 seq=64 bytes=48 time_ms=685061
RX,REAL,,5,64,48,685457.168,684954,685457.168,685061,684954,59.167999999946915,1625,685457168	ID:1	[INFO: Metric    ] METRIC_RX type=REAL src=5 seq=64 send_ms=685061 recv_ms=684954 bytes=48
TX,REAL,6,,65,48,686449.0,685510,686449.0,,,,1627,686449000	ID:6	[INFO: Metric    ] METRIC_TX type=REAL node=6 seq=65 bytes=48 time_ms=685510
RX,REAL,,6,65,48,686472.88,685969,686472.88,685510,685969,23.880000000004657,1628,686472880	ID:1	[INFO: Metric    ] METRIC_RX type=REAL src=6 seq=65 send_ms=685510 recv_ms=685969 bytes=48
TX,REAL,2,,67,48,687090.0,686227,687090.0,,,,1630,687090000	ID:2	[INFO: Metric    ] METRIC_TX type=REAL node=2 seq=67 bytes=48 time_ms=686227
TX,DUMMY,2,,15,48,687091.0,686228,687091.0,,,,1631,687091000	ID:2	[INFO: Metric    ] METRIC_TX type=DUMMY node=2 seq=15 bytes=48 time_ms=686228
RX,REAL,,2,67,48,687117.88,686614,687117.88,686227,686614,27.880000000004657,1632,687117880	ID:1	[INFO: Metric    ] METRIC_RX type=REAL src=2 seq=67 send_ms=686227 recv_ms=686614 bytes=48
RX,DUMMY,,2,15,48,687158.88,686655,687158.88,686228,686655,,1633,687158880	ID:1	[INFO: Metric    ] METRIC_RX type=DUMMY src=2 seq=15 send_ms=686228 recv_ms=686655 bytes=48
TX,REAL,4,,65,48,691654.0,691361,691654.0,,,,1636,691654000	ID:4	[INFO: Metric    ] METRIC_TX type=REAL node=4 seq=65 bytes=48 time_ms=691361
RX,REAL,,4,65,48,691677.168,691174,691677.168,691361,691174,23.167999999946915,1637,691677168	ID:1	[INFO: Metric    ] METRIC_RX type=REAL src=4 seq=65 send_ms=691361 recv_ms=691174 bytes=48
TX,REAL,3,,65,48,694988.0,694324,694988.0,,,,1639,694988000	ID:3	[INFO: Metric    ] METRIC_TX type=REAL node=3 seq=65 bytes=48 time_ms=694324
RX,REAL,,3,65,48,695067.168,694564,695067.168,694324,694564,79.16799999994691,1640,695067168	ID:1	[INFO: Metric    ] METRIC_RX type=REAL src=3 seq=65 send_ms=694324 recv_ms=694564 bytes=48
TX,REAL,7,,68,48,695264.0,694945,695264.0,,,,1642,695264000	ID:7	[INFO: Metric    ] METRIC_TX type=REAL node=7 seq=68 bytes=48 time_ms=694945
RX,REAL,,7,68,48,695269.88,694766,695269.88,694945,694766,5.880000000004657,1643,695269880	ID:1	[INFO: Metric    ] METRIC_RX type=REAL src=7 seq=68 send_ms=694945 recv_ms=694766 bytes=48
TX,REAL,5,,65,48,695399.0,695062,695399.0,,,,1645,695399000	ID:5	[INFO: Metric    ] METRIC_TX type=REAL node=5 seq=65 bytes=48 time_ms=695062
RX,REAL,,5,65,48,695477.168,694974,695477.168,695062,694974,78.16799999994691,1646,695477168	ID:1	[INFO: Metric    ] METRIC_RX type=REAL src=5 seq=65 send_ms=695062 recv_ms=694974 bytes=48
TX,REAL,6,,66,48,696450.0,695511,696450.0,,,,1648,696450000	ID:6	[INFO: Metric    ] METRIC_TX type=REAL node=6 seq=66 bytes=48 time_ms=695511
RX,REAL,,6,66,48,696455.88,695952,696455.88,695511,695952,5.880000000004657,1649,696455880	ID:1	[INFO: Metric    ] METRIC_RX type=REAL src=6 seq=66 send_ms=695511 recv_ms=695952 bytes=48
TX,REAL,2,,68,48,698092.0,697229,698092.0,,,,1652,698092000	ID:2	[INFO: Metric    ] METRIC_TX type=REAL node=2 seq=68 bytes=48 time_ms=697229
RX,REAL,,2,68,48,698134.88,697631,698134.88,697229,697631,42.88000000000466,1653,698134880	ID:1	[INFO: Metric    ] METRIC_RX type=REAL src=2 seq=68 send_ms=697229 recv_ms=697631 bytes=48
TX,REAL,4,,66,48,701655.0,701362,701655.0,,,,1655,701655000	ID:4	[INFO: Metric    ] METRIC_TX type=REAL node=4 seq=66 bytes=48 time_ms=701362
RX,REAL,,4,66,48,701731.168,701228,701731.168,701362,701228,76.16799999994691,1656,701731168	ID:1	[INFO: Metric    ] METRIC_RX type=REAL src=4 seq=66 send_ms=701362 recv_ms=701228 bytes=48
TX,REAL,3,,66,48,703989.0,703325,703989.0,,,,1658,703989000	ID:3	[INFO: Metric    ] METRIC_TX type=REAL node=3 seq=66 bytes=48 time_ms=703325
TX,DUMMY,3,,9,48,703990.0,703326,703990.0,,,,1659,703990000	ID:3	[INFO: Metric    ] METRIC_TX type=DUMMY node=3 seq=9 bytes=48 time_ms=703326
RX,REAL,,3,66,48,704070.168,703567,704070.168,703325,703567,81.16799999994691,1660,704070168	ID:1	[INFO: Metric    ] METRIC_RX type=REAL src=3 seq=66 send_ms=703325 recv_ms=703567 bytes=48
RX,DUMMY,,3,9,48,704116.168,703613,704116.168,703326,703613,,1661,704116168	ID:1	[INFO: Metric    ] METRIC_RX type=DUMMY src=3 seq=9 send_ms=703326 recv_ms=703613 bytes=48
TX,REAL,7,,69,48,704265.0,703946,704265.0,,,,1664,704265000	ID:7	[INFO: Metric    ] METRIC_TX type=REAL node=7 seq=69 bytes=48 time_ms=703946
RX,REAL,,7,69,48,704287.88,703784,704287.88,703946,703784,22.880000000004657,1665,704287880	ID:1	[INFO: Metric    ] METRIC_RX type=REAL src=7 seq=69 send_ms=703946 recv_ms=703784 bytes=48
TX,REAL,6,,67,48,705451.0,704512,705451.0,,,,1667,705451000	ID:6	[INFO: Metric    ] METRIC_TX type=REAL node=6 seq=67 bytes=48 time_ms=704512
RX,REAL,,6,67,48,705488.88,704985,705488.88,704512,704985,37.88000000000466,1668,705488880	ID:1	[INFO: Metric    ] METRIC_RX type=REAL src=6 seq=67 send_ms=704512 recv_ms=704985 bytes=48
TX,REAL,5,,66,48,706400.0,706063,706400.0,,,,1670,706400000	ID:5	[INFO: Metric    ] METRIC_TX type=REAL node=5 seq=66 bytes=48 time_ms=706063
RX,REAL,,5,66,48,706448.168,705945,706448.168,706063,705945,48.167999999946915,1671,706448168	ID:1	[INFO: Metric    ] METRIC_RX type=REAL src=5 seq=66 send_ms=706063 recv_ms=705945 bytes=48
TX,REAL,2,,69,48,707093.0,706230,707093.0,,,,1673,707093000	ID:2	[INFO: Metric    ] METRIC_TX type=REAL node=2 seq=69 bytes=48 time_ms=706230
RX,REAL,,2,69,48,707115.88,706612,707115.88,706230,706612,22.880000000004657,1674,707115880	ID:1	[INFO: Metric    ] METRIC_RX type=REAL src=2 seq=69 send_ms=706230 recv_ms=706612 bytes=48
TX,REAL,4,,67,48,711656.0,711363,711656.0,,,,1676,711656000	ID:4	[INFO: Metric    ] METRIC_TX type=REAL node=4 seq=67 bytes=48 time_ms=711363
TX,DUMMY,4,,13,48,711657.0,711364,711657.0,,,,1677,711657000	ID:4	[INFO: Metric    ] METRIC_TX type=DUMMY node=4 seq=13 bytes=48 time_ms=711364
RX,REAL,,4,67,48,711689.304,711186,711689.304,711363,711186,33.304000000003725,1678,711689304	ID:1	[INFO: Metric    ] METRIC_RX type=REAL src=4 seq=67 send_ms=711363 recv_ms=711186 bytes=48
RX,DUMMY,,4,13,48,711788.168,711285,711788.168,711364,711285,,1680,711788168	ID:1	[INFO: Metric    ] METRIC_RX type=DUMMY src=4 seq=13 send_ms=711364 recv_ms=711285 bytes=48
TX,REAL,3,,67,48,712991.0,712327,712991.0,,,,1683,712991000	ID:3	[INFO: Metric    ] METRIC_TX type=REAL node=3 seq=67 bytes=48 time_ms=712327
TX,DUMMY,3,,10,48,712992.0,712328,712992.0,,,,1684,712992000	ID:3	[INFO: Metric    ] METRIC_TX type=DUMMY node=3 seq=10 bytes=48 time_ms=712328
RX,REAL,,3,67,48,713040.168,712537,713040.168,712327,712537,49.167999999946915,1685,713040168	ID:1	[INFO: Metric    ] METRIC_RX type=REAL src=3 seq=67 send_ms=712327 recv_ms=712537 bytes=48
RX,DUMMY,,3,10,48,713098.168,712595,713098.168,712328,712595,,1686,713098168	ID:1	[INFO: Metric    ] METRIC_RX type=DUMMY src=3 seq=10 send_ms=712328 recv_ms=712595 bytes=48
TX,REAL,7,,70,48,713266.0,712947,713266.0,,,,1691,713266000	ID:7	[INFO: Metric    ] METRIC_TX type=REAL node=7 seq=70 bytes=48 time_ms=712947
RX,REAL,,7,70,48,713283.88,712780,713283.88,712947,712780,17.880000000004657,1692,713283880	ID:1	[INFO: Metric    ] METRIC_RX type=REAL src=7 seq=70 send_ms=712947 recv_ms=712780 bytes=48
TX,REAL,2,,70,48,716094.0,715231,716094.0,,,,1696,716094000	ID:2	[INFO: Metric    ] METRIC_TX type=REAL node=2 seq=70 bytes=48 time_ms=715231
RX,REAL,,2,70,48,716106.88,715603,716106.88,715231,715603,12.880000000004657,1697,716106880	ID:1	[INFO: Metric    ] METRIC_RX type=REAL src=2 seq=70 send_ms=715231 recv_ms=715603 bytes=48
TX,REAL,5,,67,48,716401.0,716064,716401.0,,,,1699,716401000	ID:5	[INFO: Metric    ] METRIC_TX type=REAL node=5 seq=67 bytes=48 time_ms=716064
RX,REAL,,5,67,48,716434.168,715931,716434.168,716064,715931,33.167999999946915,1700,716434168	ID:1	[INFO: Metric    ] METRIC_RX type=REAL src=5 seq=67 send_ms=716064 recv_ms=715931 bytes=48
TX,REAL,6,,68,48,716452.0,715513,716452.0,,,,1701,716452000	ID:6	[INFO: Metric    ] METRIC_TX type=REAL node=6 seq=68 bytes=48 time_ms=715513
RX,REAL,,6,68,48,716508.88,716005,716508.88,715513,716005,56.88000000000466,1703,716508880	ID:1	[INFO: Metric    ] METRIC_RX type=REAL src=6 seq=68 send_ms=715513 recv_ms=716005 bytes=48
TX,REAL,4,,68,48,720658.0,720365,720658.0,,,,1705,720658000	ID:4	[INFO: Metric    ] METRIC_TX type=REAL node=4 seq=68 bytes=48 time_ms=720365
RX,REAL,,4,68,48,720711.168,720208,720711.168,720365,720208,53.167999999946915,1706,720711168	ID:1	[INFO: Metric    ] METRIC_RX type=REAL src=4 seq=68 send_ms=720365 recv_ms=720208 bytes=48
TX,REAL,3,,68,48,722993.0,722329,722993.0,,,,1708,722993000	ID:3	[INFO: Metric    ] METRIC_TX type=REAL node=3 seq=68 bytes=48 time_ms=722329
TX,DUMMY,3,,11,48,722994.0,722330,722994.0,,,,1709,722994000	ID:3	[INFO: Metric    ] METRIC_TX type=DUMMY node=3 seq=11 bytes=48 time_ms=722330
RX,REAL,,3,68,48,723042.168,722539,723042.168,722329,722539,49.167999999946915,1710,723042168	ID:1	[INFO: Metric    ] METRIC_RX type=REAL src=3 seq=68 send_ms=722329 recv_ms=722539 bytes=48
RX,DUMMY,,3,11,48,723102.168,722599,723102.168,722330,722599,,1712,723102168	ID:1	[INFO: Metric    ] METRIC_RX type=DUMMY src=3 seq=11 send_ms=722330 recv_ms=722599 bytes=48
TX,REAL,7,,71,48,723267.0,722948,723267.0,,,,1714,723267000	ID:7	[INFO: Metric    ] METRIC_TX type=REAL node=7 seq=71 bytes=48 time_ms=722948
RX,REAL,,7,71,48,723298.88,722795,723298.88,722948,722795,31.880000000004657,1715,723298880	ID:1	[INFO: Metric    ] METRIC_RX type=REAL src=7 seq=71 send_ms=722948 recv_ms=722795 bytes=48
TX,REAL,2,,71,48,725095.0,724232,725095.0,,,,1718,725095000	ID:2	[INFO: Metric    ] METRIC_TX type=REAL node=2 seq=71 bytes=48 time_ms=724232
TX,DUMMY,2,,16,48,725096.0,724233,725096.0,,,,1719,725096000	ID:2	[INFO: Metric    ] METRIC_TX type=DUMMY node=2 seq=16 bytes=48 time_ms=724233
RX,REAL,,2,71,48,725111.88,724608,725111.88,724232,724608,16.880000000004657,1720,725111880	ID:1	[INFO: Metric    ] METRIC_RX type=REAL src=2 seq=71 send_ms=724232 recv_ms=724608 bytes=48
RX,DUMMY,,2,16,48,725145.88,724642,725145.88,724233,724642,,1722,725145880	ID:1	[INFO: Metric    ] METRIC_RX type=DUMMY src=2 seq=16 send_ms=724233 recv_ms=724642 bytes=48
TX,REAL,5,,68,48,727402.0,727065,727402.0,,,,1724,727402000	ID:5	[INFO: Metric    ] METRIC_TX type=REAL node=5 seq=68 bytes=48 time_ms=727065
TX,DUMMY,5,,10,48,727403.0,727066,727403.0,,,,1725,727403000	ID:5	[INFO: Metric    ] METRIC_TX type=DUMMY node=5 seq=10 bytes=48 time_ms=727066
TX,REAL,6,,69,48,727453.0,726514,727453.0,,,,1726,727453000	ID:6	[INFO: Metric    ] METRIC_TX type=REAL node=6 seq=69 bytes=48 time_ms=726514
RX,REAL,,5,68,48,727465.304,726962,727465.304,727065,726962,63.304000000003725,1727,727465304	ID:1	[INFO: Metric    ] METRIC_RX type=REAL src=5 seq=68 send_ms=727065 recv_ms=726962 bytes=48
RX,REAL,,6,69,48,727473.88,726970,727473.88,726514,726970,20.880000000004657,1728,727473880	ID:1	[INFO: Metric    ] METRIC_RX type=REAL src=6 seq=69 send_ms=726514 recv_ms=726970 bytes=48
RX,DUMMY,,5,10,48,727488.184,726985,727488.184,727066,726985,,1729,727488184	ID:1	[INFO: Metric    ] METRIC_RX type=DUMMY src=5 seq=10 send_ms=727066 recv_ms=726985 bytes=48
TX,REAL,4,,69,48,729659.0,729366,729659.0,,,,1733,729659000	ID:4	[INFO: Metric    ] METRIC_TX type=REAL node=4 seq=69 bytes=48 time_ms=729366
RX,REAL,,4,69,48,729723.168,729220,729723.168,729366,729220,64.16799999994691,1734,729723168	ID:1	[INFO: Metric    ] METRIC_RX type=REAL src=4 seq=69 send_ms=729366 recv_ms=729220 bytes=48
TX,REAL,7,,72,48,732268.0,731949,732268.0,,,,1736,732268000	ID:7	[INFO: Metric    ] METRIC_TX type=REAL node=7 seq=72 bytes=48 time_ms=731949
TX,DUMMY,7,,16,48,732269.0,731950,732269.0,,,,1737,732269000	ID:7	[INFO: Metric    ] METRIC_TX type=DUMMY node=7 seq=16 bytes=48 time_ms=731950
RX,REAL,,7,72,48,732295.88,731792,732295.88,731949,731792,27.880000000004657,1738,732295880	ID:1	[INFO: Metric    ] METRIC_RX type=REAL src=7 seq=72 send_ms=731949 recv_ms=731792 bytes=48
RX,DUMMY,,7,16,48,732338.88,731835,732338.88,731950,731835,,1740,732338880	ID:1	[INFO: Metric    ] METRIC_RX type=DUMMY src=7 seq=16 send_ms=731950 recv_ms=731835 bytes=48
TX,REAL,3,,69,48,732995.0,732331,732995.0,,,,1742,732995000	ID:3	[INFO: Metric    ] METRIC_TX type=REAL node=3 seq=69 bytes=48 time_ms=732331
RX,REAL,,3,69,48,733066.168,732563,733066.168,732331,732563,71.16799999994691,1743,733066168	ID:1	[INFO: Metric    ] METRIC_RX type=REAL src=3 seq=69 send_ms=732331 recv_ms=732563 bytes=48
TX,REAL,2,,72,48,736097.0,735234,736097.0,,,,1745,736097000	ID:2	[INFO: Metric    ] METRIC_TX type=REAL node=2 seq=72 bytes=48 time_ms=735234
RX,REAL,,2,72,48,736118.88,735615,736118.88,735234,735615,21.880000000004657,1746,736118880	ID:1	[INFO: Metric    ] METRIC_RX type=REAL src=2 seq=72 send_ms=735234 recv_ms=735615 bytes=48
TX,REAL,5,,69,48,737404.0,737067,737404.0,,,,1749,737404000	ID:5	[INFO: Metric    ] METRIC_TX type=REAL node=5 seq=69 bytes=48 time_ms=737067
RX,REAL,,5,69,48,737442.168,736939,737442.168,737067,736939,38.167999999946915,1750,737442168	ID:1	[INFO: Metric    ] METRIC_RX type=REAL src=5 seq=69 send_ms=737067 recv_ms=736939 bytes=48
TX,REAL,6,,70,48,738454.0,737515,738454.0,,,,1754,738454000	ID:6	[INFO: Metric    ] METRIC_TX type=REAL node=6 seq=70 bytes=48 time_ms=737515
RX,REAL,,6,70,48,738484.88,737981,738484.88,737515,737981,30.880000000004657,1755,738484880	ID:1	[INFO: Metric    ] METRIC_RX type=REAL src=6 seq=70 send_ms=737515 recv_ms=737981 bytes=48
TX,REAL,4,,70,48,739660.0,739367,739660.0,,,,1759,739660000	ID:4	[INFO: Metric    ] METRIC_TX type=REAL node=4 seq=70 bytes=48 time_ms=739367
RX,REAL,,4,70,48,739724.168,739221,739724.168,739367,739221,64.16799999994691,1760,739724168	ID:1	[INFO: Metric    ] METRIC_RX type=REAL src=4 seq=70 send_ms=739367 recv_ms=739221 bytes=48
TX,REAL,7,,73,48,742270.0,741951,742270.0,,,,1762,742270000	ID:7	[INFO: Metric    ] METRIC_TX type=REAL node=7 seq=73 bytes=48 time_ms=741951
RX,REAL,,7,73,48,742309.88,741806,742309.88,741951,741806,39.88000000000466,1763,742309880	ID:1	[INFO: Metric    ] METRIC_RX type=REAL src=7 seq=73 send_ms=741951 recv_ms=741806 bytes=48
TX,REAL,3,,70,48,743996.0,743332,743996.0,,,,1767,743996000	ID:3	[INFO: Metric    ] METRIC_TX type=REAL node=3 seq=70 bytes=48 time_ms=743332
RX,REAL,,3,70,48,744037.168,743534,744037.168,743332,743534,41.167999999946915,1768,744037168	ID:1	[INFO: Metric    ] METRIC_RX type=REAL src=3 seq=70 send_ms=743332 recv_ms=743534 bytes=48
TX,REAL,2,,73,48,745098.0,744235,745098.0,,,,1770,745098000	ID:2	[INFO: Metric    ] METRIC_TX type=REAL node=2 seq=73 bytes=48 time_ms=744235
RX,REAL,,2,73,48,745108.88,744605,745108.88,744235,744605,10.880000000004657,1771,745108880	ID:1	[INFO: Metric    ] METRIC_RX type=REAL src=2 seq=73 send_ms=744235 recv_ms=744605 bytes=48
TX,REAL,5,,70,48,748405.0,748068,748405.0,,,,1775,748405000	ID:5	[INFO: Metric    ] METRIC_TX type=REAL node=5 seq=70 bytes=48 time_ms=748068
RX,REAL,,5,70,48,748474.168,747971,748474.168,748068,747971,69.16799999994691,1776,748474168	ID:1	[INFO: Metric    ] METRIC_RX type=REAL src=5 seq=70 send_ms=748068 recv_ms=747971 bytes=48
TX,REAL,6,,71,48,749455.0,748516,749455.0,,,,1778,749455000	ID:6	[INFO: Metric    ] METRIC_TX type=REAL node=6 seq=71 bytes=48 time_ms=748516
TX,DUMMY,6,,14,48,749456.0,748517,749456.0,,,,1779,749456000	ID:6	[INFO: Metric    ] METRIC_TX type=DUMMY node=6 seq=14 bytes=48 time_ms=748517
RX,REAL,,6,71,48,749461.88,748958,749461.88,748516,748958,6.880000000004657,1780,749461880	ID:1	[INFO: Metric    ] METRIC_RX type=REAL src=6 seq=71 send_ms=748516 recv_ms=748958 bytes=48
RX,DUMMY,,6,14,48,749492.88,748989,749492.88,748517,748989,,1782,749492880	ID:1	[INFO: Metric    ] METRIC_RX type=DUMMY src=6 seq=14 send_ms=748517 recv_ms=748989 bytes=48
TX,REAL,4,,71,48,749661.0,749368,749661.0,,,,1784,749661000	ID:4	[INFO: Metric    ] METRIC_TX type=REAL node=4 seq=71 bytes=48 time_ms=749368
RX,REAL,,4,71,48,749722.168,749219,749722.168,749368,749219,61.167999999946915,1785,749722168	ID:1	[INFO: Metric    ] METRIC_RX type=REAL src=4 seq=71 send_ms=749368 recv_ms=749219 bytes=48
TX,REAL,7,,74,48,753271.0,752952,753271.0,,,,1788,753271000	ID:7	[INFO: Metric    ] METRIC_TX type=REAL node=7 seq=74 bytes=48 time_ms=752952
RX,REAL,,7,74,48,753313.88,752810,753313.88,752952,752810,42.88000000000466,1789,753313880	ID:1	[INFO: Metric    ] METRIC_RX type=REAL src=7 seq=74 send_ms=752952 recv_ms=752810 bytes=48
TX,REAL,3,,71,48,753997.0,753333,753997.0,,,,1791,753997000	ID:3	[INFO: Metric    ] METRIC_TX type=REAL node=3 seq=71 bytes=48 time_ms=753333
RX,REAL,,3,71,48,754034.168,753531,754034.168,753333,753531,37.167999999946915,1792,754034168	ID:1	[INFO: Metric    ] METRIC_RX type=REAL src=3 seq=71 send_ms=753333 recv_ms=753531 bytes=48
TX,REAL,2,,74,48,755099.0,754236,755099.0,,,,1794,755099000	ID:2	[INFO: Metric    ] METRIC_TX type=REAL node=2 seq=74 bytes=48 time_ms=754236
RX,REAL,,2,74,48,755129.88,754626,755129.88,754236,754626,30.880000000004657,1795,755129880	ID:1	[INFO: Metric    ] METRIC_RX type=REAL src=2 seq=74 send_ms=754236 recv_ms=754626 bytes=48
TX,REAL,5,,71,48,757406.0,757069,757406.0,,,,1797,757406000	ID:5	[INFO: Metric    ] METRIC_TX type=REAL node=5 seq=71 bytes=48 time_ms=757069
RX,REAL,,5,71,48,757444.168,756941,757444.168,757069,756941,38.167999999946915,1798,757444168	ID:1	[INFO: Metric    ] METRIC_RX type=REAL src=5 seq=71 send_ms=757069 recv_ms=756941 bytes=48
TX,REAL,4,,72,48,759662.0,759369,759662.0,,,,1800,759662000	ID:4	[INFO: Metric    ] METRIC_TX type=REAL node=4 seq=72 bytes=48 time_ms=759369
RX,REAL,,4,72,48,759709.168,759206,759709.168,759369,759206,47.167999999946915,1801,759709168	ID:1	[INFO: Metric    ] METRIC_RX type=REAL src=4 seq=72 send_ms=759369 recv_ms=759206 bytes=48
TX,REAL,6,,72,48,760457.0,759518,760457.0,,,,1803,760457000	ID:6	[INFO: Metric    ] METRIC_TX type=REAL node=6 seq=72 bytes=48 time_ms=759518
TX,DUMMY,6,,15,48,760458.0,759519,760458.0,,,,1804,760458000	ID:6	[INFO: Metric    ] METRIC_TX type=DUMMY node=6 seq=15 bytes=48 time_ms=759519
RX,REAL,,6,72,48,760496.88,759993,760496.88,759518,759993,39.88000000000466,1805,760496880	ID:1	[INFO: Metric    ] METRIC_RX type=REAL src=6 seq=72 send_ms=759518 recv_ms=759993 bytes=48
RX,DUMMY,,6,15,48,760535.88,760032,760535.88,759519,760032,,1807,760535880	ID:1	[INFO: Metric    ] METRIC_RX type=DUMMY src=6 seq=15 send_ms=759519 recv_ms=760032 bytes=48
TX,REAL,7,,75,48,762272.0,761953,762272.0,,,,1809,762272000	ID:7	[INFO: Metric    ] METRIC_TX type=REAL node=7 seq=75 bytes=48 time_ms=761953
RX,REAL,,7,75,48,762283.88,761780,762283.88,761953,761780,11.880000000004657,1810,762283880	ID:1	[INFO: Metric    ] METRIC_RX type=REAL src=7 seq=75 send_ms=761953 recv_ms=761780 bytes=48
TX,REAL,3,,72,48,764998.0,764334,764998.0,,,,1812,764998000	ID:3	[INFO: Metric    ] METRIC_TX type=REAL node=3 seq=72 bytes=48 time_ms=764334
RX,REAL,,3,72,48,765065.168,764562,765065.168,764334,764562,67.16799999994691,1813,765065168	ID:1	[INFO: Metric    ] METRIC_RX type=REAL src=3 seq=72 send_ms=764334 recv_ms=764562 bytes=48
TX,REAL,2,,75,48,766100.0,765237,766100.0,,,,1815,766100000	ID:2	[INFO: Metric    ] METRIC_TX type=REAL node=2 seq=75 bytes=48 time_ms=765237
RX,REAL,,2,75,48,766139.88,765636,766139.88,765237,765636,39.88000000000466,1816,766139880	ID:1	[INFO: Metric    ] METRIC_RX type=REAL src=2 seq=75 send_ms=765237 recv_ms=765636 bytes=48
TX,REAL,5,,72,48,766407.0,766070,766407.0,,,,1819,766407000	ID:5	[INFO: Metric    ] METRIC_TX type=REAL node=5 seq=72 bytes=48 time_ms=766070
RX,REAL,,5,72,48,766434.168,765931,766434.168,766070,765931,27.167999999946915,1820,766434168	ID:1	[INFO: Metric    ] METRIC_RX type=REAL src=5 seq=72 send_ms=766070 recv_ms=765931 bytes=48
TX,REAL,4,,73,48,768663.0,768370,768663.0,,,,1822,768663000	ID:4	[INFO: Metric    ] METRIC_TX type=REAL node=4 seq=73 bytes=48 time_ms=768370
RX,REAL,,4,73,48,768729.168,768226,768729.168,768370,768226,66.16799999994691,1823,768729168	ID:1	[INFO: Metric    ] METRIC_RX type=REAL src=4 seq=73 send_ms=768370 recv_ms=768226 bytes=48
TX,REAL,6,,73,48,770459.0,769520,770459.0,,,,1825,770459000	ID:6	[INFO: Metric    ] METRIC_TX type=REAL node=6 seq=73 bytes=48 time_ms=769520
RX,REAL,,6,73,48,770475.88,769972,770475.88,769520,769972,16.880000000004657,1826,770475880	ID:1	[INFO: Metric    ] METRIC_RX type=REAL src=6 seq=73 send_ms=769520 recv_ms=769972 bytes=48
TX,REAL,7,,76,48,773273.0,772954,773273.0,,,,1828,773273000	ID:7	[INFO: Metric    ] METRIC_TX type=REAL node=7 seq=76 bytes=48 time_ms=772954
RX,REAL,,7,76,48,773317.88,772814,773317.88,772954,772814,44.88000000000466,1829,773317880	ID:1	[INFO: Metric    ] METRIC_RX type=REAL src=7 seq=76 send_ms=772954 recv_ms=772814 bytes=48
TX,REAL,3,,73,48,773999.0,773335,773999.0,,,,1831,773999000	ID:3	[INFO: Metric    ] METRIC_TX type=REAL node=3 seq=73 bytes=48 time_ms=773335
RX,REAL,,3,73,48,774058.168,773555,774058.168,773335,773555,59.167999999946915,1832,774058168	ID:1	[INFO: Metric    ] METRIC_RX type=REAL src=3 seq=73 send_ms=773335 recv_ms=773555 bytes=48
TX,REAL,5,,73,48,775408.0,775071,775408.0,,,,1834,775408000	ID:5	[INFO: Metric    ] METRIC_TX type=REAL node=5 seq=73 bytes=48 time_ms=775071
TX,DUMMY,5,,11,48,775409.0,775072,775409.0,,,,1835,775409000	ID:5	[INFO: Metric    ] METRIC_TX type=DUMMY node=5 seq=11 bytes=48 time_ms=775072
RX,REAL,,5,73,48,775447.168,774944,775447.168,775071,774944,39.167999999946915,1836,775447168	ID:1	[INFO: Metric    ] METRIC_RX type=REAL src=5 seq=73 send_ms=775071 recv_ms=774944 bytes=48
RX,DUMMY,,5,11,48,775529.304,775026,775529.304,775072,775026,,1837,775529304	ID:1	[INFO: Metric    ] METRIC_RX type=DUMMY src=5 seq=11 send_ms=775072 recv_ms=775026 bytes=48
TX,REAL,2,,76,48,777101.0,776238,777101.0,,,,1840,777101000	ID:2	[INFO: Metric    ] METRIC_TX type=REAL node=2 seq=76 bytes=48 time_ms=776238
RX,REAL,,2,76,48,777131.88,776628,777131.88,776238,776628,30.880000000004657,1841,777131880	ID:1	[INFO: Metric    ] METRIC_RX type=REAL src=2 seq=76 send_ms=776238 recv_ms=776628 bytes=48
TX,REAL,4,,74,48,779664.0,779371,779664.0,,,,1843,779664000	ID:4	[INFO: Metric    ] METRIC_TX type=REAL node=4 seq=74 bytes=48 time_ms=779371
RX,REAL,,4,74,48,779705.304,779202,779705.304,779371,779202,41.304000000003725,1844,779705304	ID:1	[INFO: Metric    ] METRIC_RX type=REAL src=4 seq=74 send_ms=779371 recv_ms=779202 bytes=48
TX,REAL,6,,74,48,781460.0,780521,781460.0,,,,1846,781460000	ID:6	[INFO: Metric    ] METRIC_TX type=REAL node=6 seq=74 bytes=48 time_ms=780521
RX,REAL,,6,74,48,781501.88,780998,781501.88,780521,780998,41.88000000000466,1847,781501880	ID:1	[INFO: Metric    ] METRIC_RX type=REAL src=6 seq=74 send_ms=780521 recv_ms=780998 bytes=48
TX,REAL,7,,77,48,783274.0,782955,783274.0,,,,1850,783274000	ID:7	[INFO: Metric    ] METRIC_TX type=REAL node=7 seq=77 bytes=48 time_ms=782955
RX,REAL,,7,77,48,783304.88,782801,783304.88,782955,782801,30.880000000004657,1851,783304880	ID:1	[INFO: Metric    ] METRIC_RX type=REAL src=7 seq=77 send_ms=782955 recv_ms=782801 bytes=48
TX,REAL,3,,74,48,785000.0,784336,785000.0,,,,1853,785000000	ID:3	[INFO: Metric    ] METRIC_TX type=REAL node=3 seq=74 bytes=48 time_ms=784336
TX,DUMMY,3,,12,48,785001.0,784337,785001.0,,,,1854,785001000	ID:3	[INFO: Metric    ] METRIC_TX type=DUMMY node=3 seq=12 bytes=48 time_ms=784337
RX,REAL,,3,74,48,785064.168,784561,785064.168,784336,784561,64.16799999994691,1855,785064168	ID:1	[INFO: Metric    ] METRIC_RX type=REAL src=3 seq=74 send_ms=784336 recv_ms=784561 bytes=48
RX,DUMMY,,3,12,48,785111.168,784608,785111.168,784337,784608,,1856,785111168	ID:1	[INFO: Metric    ] METRIC_RX type=DUMMY src=3 seq=12 send_ms=784337 recv_ms=784608 bytes=48
TX,REAL,5,,74,48,786410.0,786073,786410.0,,,,1859,786410000	ID:5	[INFO: Metric    ] METRIC_TX type=REAL node=5 seq=74 bytes=48 time_ms=786073
RX,REAL,,5,74,48,786458.168,785955,786458.168,786073,785955,48.167999999946915,1860,786458168	ID:1	[INFO: Metric    ] METRIC_RX type=REAL src=5 seq=74 send_ms=786073 recv_ms=785955 bytes=48
TX,REAL,2,,77,48,787102.0,786239,787102.0,,,,1862,787102000	ID:2	[INFO: Metric    ] METRIC_TX type=REAL node=2 seq=77 bytes=48 time_ms=786239
RX,REAL,,2,77,48,787131.88,786628,787131.88,786239,786628,29.880000000004657,1863,787131880	ID:1	[INFO: Metric    ] METRIC_RX type=REAL src=2 seq=77 send_ms=786239 recv_ms=786628 bytes=48
TX,REAL,4,,75,48,790665.0,790372,790665.0,,,,1865,790665000	ID:4	[INFO: Metric    ] METRIC_TX type=REAL node=4 seq=75 bytes=48 time_ms=790372
RX,REAL,,4,75,48,790733.168,790230,790733.168,790372,790230,68.16799999994691,1866,790733168	ID:1	[INFO: Metric    ] METRIC_RX type=REAL src=4 seq=75 send_ms=790372 recv_ms=790230 bytes=48
TX,REAL,6,,75,48,792461.0,791522,792461.0,,,,1868,792461000	ID:6	[INFO: Metric    ] METRIC_TX type=REAL node=6 seq=75 bytes=48 time_ms=791522
RX,REAL,,6,75,48,792501.88,791998,792501.88,791522,791998,40.88000000000466,1869,792501880	ID:1	[INFO: Metric    ] METRIC_RX type=REAL src=6 seq=75 send_ms=791522 recv_ms=791998 bytes=48
TX,REAL,7,,78,48,793275.0,792956,793275.0,,,,1871,793275000	ID:7	[INFO: Metric    ] METRIC_TX type=REAL node=7 seq=78 bytes=48 time_ms=792956
TX,DUMMY,7,,17,48,793276.0,792957,793276.0,,,,1872,793276000	ID:7	[INFO: Metric    ] METRIC_TX type=DUMMY node=7 seq=17 bytes=48 time_ms=792957
RX,REAL,,7,78,48,793304.88,792801,793304.88,792956,792801,29.880000000004657,1873,793304880	ID:1	[INFO: Metric    ] METRIC_RX type=REAL src=7 seq=78 send_ms=792956 recv_ms=792801 bytes=48
RX,DUMMY,,7,17,48,793328.88,792825,793328.88,792957,792825,,1875,793328880	ID:1	[INFO: Metric    ] METRIC_RX type=DUMMY src=7 seq=17 send_ms=792957 recv_ms=792825 bytes=48
TX,REAL,5,,75,48,795411.0,795074,795411.0,,,,1877,795411000	ID:5	[INFO: Metric    ] METRIC_TX type=REAL node=5 seq=75 bytes=48 time_ms=795074
RX,REAL,,5,75,48,795433.168,794930,795433.168,795074,794930,22.167999999946915,1878,795433168	ID:1	[INFO: Metric    ] METRIC_RX type=REAL src=5 seq=75 send_ms=795074 recv_ms=794930 bytes=48
TX,REAL,3,,75,48,796002.0,795338,796002.0,,,,1881,796002000	ID:3	[INFO: Metric    ] METRIC_TX type=REAL node=3 seq=75 bytes=48 time_ms=795338
RX,REAL,,3,75,48,796023.168,795520,796023.168,795338,795520,21.167999999946915,1882,796023168	ID:1	[INFO: Metric    ] METRIC_RX type=REAL src=3 seq=75 send_ms=795338 recv_ms=795520 bytes=48
TX,REAL,2,,78,48,797103.0,796240,797103.0,,,,1884,797103000	ID:2	[INFO: Metric    ] METRIC_TX type=REAL node=2 seq=78 bytes=48 time_ms=796240
RX,REAL,,2,78,48,797127.88,796624,797127.88,796240,796624,24.880000000004657,1885,797127880	ID:1	[INFO: Metric    ] METRIC_RX type=REAL src=2 seq=78 send_ms=796240 recv_ms=796624 bytes=48
TX,REAL,4,,76,48,800666.0,800373,800666.0,,,,1887,800666000	ID:4	[INFO: Metric    ] METRIC_TX type=REAL node=4 seq=76 bytes=48 time_ms=800373
RX,REAL,,4,76,48,800724.168,800221,800724.168,800373,800221,58.167999999946915,1888,800724168	ID:1	[INFO: Metric    ] METRIC_RX type=REAL src=4 seq=76 send_ms=800373 recv_ms=800221 bytes=48
TX,REAL,6,,76,48,801462.0,800523,801462.0,,,,1890,801462000	ID:6	[INFO: Metric    ] METRIC_TX type=REAL node=6 seq=76 bytes=48 time_ms=800523
TX,DUMMY,6,,16,48,801463.0,800524,801463.0,,,,1891,801463000	ID:6	[INFO: Metric    ] METRIC_TX type=DUMMY node=6 seq=16 bytes=48 time_ms=800524
RX,REAL,,6,76,48,801507.88,801004,801507.88,800523,801004,45.88000000000466,1892,801507880	ID:1	[INFO: Metric    ] METRIC_RX type=REAL src=6 seq=76 send_ms=800523 recv_ms=801004 bytes=48
RX,DUMMY,,6,16,48,801549.88,801046,801549.88,800524,801046,,1894,801549880	ID:1	[INFO: Metric    ] METRIC_RX type=DUMMY src=6 seq=16 send_ms=800524 recv_ms=801046 bytes=48
TX,REAL,7,,79,48,804277.0,803958,804277.0,,,,1896,804277000	ID:7	[INFO: Metric    ] METRIC_TX type=REAL node=7 seq=79 bytes=48 time_ms=803958
TX,DUMMY,7,,18,48,804278.0,803959,804278.0,,,,1897,804278000	ID:7	[INFO: Metric    ] METRIC_TX type=DUMMY node=7 seq=18 bytes=48 time_ms=803959
RX,REAL,,7,79,48,804297.88,803794,804297.88,803958,803794,20.880000000004657,1898,804297880	ID:1	[INFO: Metric    ] METRIC_RX type=REAL src=7 seq=79 send_ms=803958 recv_ms=803794 bytes=48
RX,DUMMY,,7,18,48,804305.88,803802,804305.88,803959,803802,,1899,804305880	ID:1	[INFO: Metric    ] METRIC_RX type=DUMMY src=7 seq=18 send_ms=803959 recv_ms=803802 bytes=48
TX,REAL,3,,76,48,806003.0,805339,806003.0,,,,1902,806003000	ID:3	[INFO: Metric    ] METRIC_TX type=REAL node=3 seq=76 bytes=48 time_ms=805339
RX,REAL,,3,76,48,806088.168,805585,806088.168,805339,805585,85.16799999994691,1903,806088168	ID:1	[INFO: Metric    ] METRIC_RX type=REAL src=3 seq=76 send_ms=805339 recv_ms=805585 bytes=48
TX,REAL,5,,76,48,806412.0,806075,806412.0,,,,1905,806412000	ID:5	[INFO: Metric    ] METRIC_TX type=REAL node=5 seq=76 bytes=48 time_ms=806075
RX,REAL,,5,76,48,806467.168,805964,806467.168,806075,805964,55.167999999946915,1906,806467168	ID:1	[INFO: Metric    ] METRIC_RX type=REAL src=5 seq=76 send_ms=806075 recv_ms=805964 bytes=48
TX,REAL,2,,79,48,808104.0,807241,808104.0,,,,1908,808104000	ID:2	[INFO: Metric    ] METRIC_TX type=REAL node=2 seq=79 bytes=48 time_ms=807241
RX,REAL,,2,79,48,808131.88,807628,808131.88,807241,807628,27.880000000004657,1909,808131880	ID:1	[INFO: Metric    ] METRIC_RX type=REAL src=2 seq=79 send_ms=807241 recv_ms=807628 bytes=48
TX,REAL,6,,77,48,811464.0,810525,811464.0,,,,1912,811464000	ID:6	[INFO: Metric    ] METRIC_TX type=REAL node=6 seq=77 bytes=48 time_ms=810525
RX,REAL,,6,77,48,811497.88,810994,811497.88,810525,810994,33.88000000000466,1913,811497880	ID:1	[INFO: Metric    ] METRIC_RX type=REAL src=6 seq=77 send_ms=810525 recv_ms=810994 bytes=48
TX,REAL,4,,77,48,811667.0,811374,811667.0,,,,1915,811667000	ID:4	[INFO: Metric    ] METRIC_TX type=REAL node=4 seq=77 bytes=48 time_ms=811374
RX,REAL,,4,77,48,811755.168,811252,811755.168,811374,811252,88.16799999994691,1916,811755168	ID:1	[INFO: Metric    ] METRIC_RX type=REAL src=4 seq=77 send_ms=811374 recv_ms=811252 bytes=48
TX,REAL,7,,80,48,815279.0,814960,815279.0,,,,1920,815279000	ID:7	[INFO: Metric    ] METRIC_TX type=REAL node=7 seq=80 bytes=48 time_ms=814960
RX,REAL,,7,80,48,815286.88,814783,815286.88,814960,814783,7.880000000004657,1921,815286880	ID:1	[INFO: Metric    ] METRIC_RX type=REAL src=7 seq=80 send_ms=814960 recv_ms=814783 bytes=48
TX,REAL,5,,77,48,815413.0,815076,815413.0,,,,1923,815413000	ID:5	[INFO: Metric    ] METRIC_TX type=REAL node=5 seq=77 bytes=48 time_ms=815076
RX,REAL,,5,77,48,815449.168,814946,815449.168,815076,814946,36.167999999946915,1924,815449168	ID:1	[INFO: Metric    ] METRIC_RX type=REAL src=5 seq=77 send_ms=815076 recv_ms=814946 bytes=48
TX,REAL,3,,77,48,816004.0,815340,816004.0,,,,1926,816004000	ID:3	[INFO: Metric    ] METRIC_TX type=REAL node=3 seq=77 bytes=48 time_ms=815340
TX,DUMMY,3,,13,48,816005.0,815341,816005.0,,,,1927,816005000	ID:3	[INFO: Metric    ] METRIC_TX type=DUMMY node=3 seq=13 bytes=48 time_ms=815341
RX,REAL,,3,77,48,816057.168,815554,816057.168,815340,815554,53.167999999946915,1928,816057168	ID:1	[INFO: Metric    ] METRIC_RX type=REAL src=3 seq=77 send_ms=815340 recv_ms=815554 bytes=48
RX,DUMMY,,3,13,48,816117.592,815614,816117.592,815341,815614,,1930,816117592	ID:1	[INFO: Metric    ] METRIC_RX type=DUMMY src=3 seq=13 send_ms=815341 recv_ms=815614 bytes=48
TX,REAL,2,,80,48,819105.0,818242,819105.0,,,,1934,819105000	ID:2	[INFO: Metric    ] METRIC_TX type=REAL node=2 seq=80 bytes=48 time_ms=818242
RX,REAL,,2,80,48,819143.88,818640,819143.88,818242,818640,38.88000000000466,1935,819143880	ID:1	[INFO: Metric    ] METRIC_RX type=REAL src=2 seq=80 send_ms=818242 recv_ms=818640 bytes=48
TX,REAL,6,,78,48,820465.0,819526,820465.0,,,,1937,820465000	ID:6	[INFO: Metric    ] METRIC_TX type=REAL node=6 seq=78 bytes=48 time_ms=819526
RX,REAL,,6,78,48,820471.88,819968,820471.88,819526,819968,6.880000000004657,1938,820471880	ID:1	[INFO: Metric    ] METRIC_RX type=REAL src=6 seq=78 send_ms=819526 recv_ms=819968 bytes=48
TX,REAL,4,,78,48,822668.0,822375,822668.0,,,,1940,822668000	ID:4	[INFO: Metric    ] METRIC_TX type=REAL node=4 seq=78 bytes=48 time_ms=822375
RX,REAL,,4,78,48,822736.168,822233,822736.168,822375,822233,68.16799999994691,1941,822736168	ID:1	[INFO: Metric    ] METRIC_RX type=REAL src=4 seq=78 send_ms=822375 recv_ms=822233 bytes=48
TX,REAL,3,,78,48,825006.0,824342,825006.0,,,,1943,825006000	ID:3	[INFO: Metric    ] METRIC_TX type=REAL node=3 seq=78 bytes=48 time_ms=824342
TX,DUMMY,3,,14,48,825007.0,824343,825007.0,,,,1944,825007000	ID:3	[INFO: Metric    ] METRIC_TX type=DUMMY node=3 seq=14 bytes=48 time_ms=824343
RX,REAL,,3,78,48,825112.168,824609,825112.168,824342,824609,106.16799999994691,1945,825112168	ID:1	[INFO: Metric    ] METRIC_RX type=REAL src=3 seq=78 send_ms=824342 recv_ms=824609 bytes=48
RX,DUMMY,,3,14,48,825158.168,824655,825158.168,824343,824655,,1947,825158168	ID:1	[INFO: Metric    ] METRIC_RX type=DUMMY src=3 seq=14 send_ms=824343 recv_ms=824655 bytes=48
TX,REAL,7,,81,48,825280.0,824961,825280.0,,,,1950,825280000	ID:7	[INFO: Metric    ] METRIC_TX type=REAL node=7 seq=81 bytes=48 time_ms=824961
TX,DUMMY,7,,19,48,825281.0,824962,825281.0,,,,1951,825281000	ID:7	[INFO: Metric    ] METRIC_TX type=DUMMY node=7 seq=19 bytes=48 time_ms=824962
RX,REAL,,7,81,48,825309.88,824806,825309.88,824961,824806,29.880000000004657,1952,825309880	ID:1	[INFO: Metric    ] METRIC_RX type=REAL src=7 seq=81 send_ms=824961 recv_ms=824806 bytes=48
RX,DUMMY,,7,19,48,825324.88,824821,825324.88,824962,824821,,1953,825324880	ID:1	[INFO: Metric    ] METRIC_RX type=DUMMY src=7 seq=19 send_ms=824962 recv_ms=824821 bytes=48
TX,REAL,5,,78,48,825414.0,825077,825414.0,,,,1956,825414000	ID:5	[INFO: Metric    ] METRIC_TX type=REAL node=5 seq=78 bytes=48 time_ms=825077
RX,REAL,,5,78,48,825450.168,824947,825450.168,825077,824947,36.167999999946915,1957,825450168	ID:1	[INFO: Metric    ] METRIC_RX type=REAL src=5 seq=78 send_ms=825077 recv_ms=824947 bytes=48
TX,REAL,6,,79,48,829466.0,828527,829466.0,,,,1959,829466000	ID:6	[INFO: Metric    ] METRIC_TX type=REAL node=6 seq=79 bytes=48 time_ms=828527
RX,REAL,,6,79,48,829472.88,828969,829472.88,828527,828969,6.880000000004657,1960,829472880	ID:1	[INFO: Metric    ] METRIC_RX type=REAL src=6 seq=79 send_ms=828527 recv_ms=828969 bytes=48
TX,REAL,2,,81,48,830106.0,829243,830106.0,,,,1962,830106000	ID:2	[INFO: Metric    ] METRIC_TX type=REAL node=2 seq=81 bytes=48 time_ms=829243
RX,REAL,,2,81,48,830124.88,829621,830124.88,829243,829621,18.880000000004657,1963,830124880	ID:1	[INFO: Metric    ] METRIC_RX type=REAL src=2 seq=81 send_ms=829243 recv_ms=829621 bytes=48
TX,REAL,4,,79,48,831669.0,831376,831669.0,,,,1965,831669000	ID:4	[INFO: Metric    ] METRIC_TX type=REAL node=4 seq=79 bytes=48 time_ms=831376
RX,REAL,,4,79,48,831717.304,831214,831717.304,831376,831214,48.304000000003725,1966,831717304	ID:1	[INFO: Metric    ] METRIC_RX type=REAL src=4 seq=79 send_ms=831376 recv_ms=831214 bytes=48
TX,REAL,7,,82,48,834282.0,833963,834282.0,,,,1968,834282000	ID:7	[INFO: Metric    ] METRIC_TX type=REAL node=7 seq=82 bytes=48 time_ms=833963
RX,REAL,,7,82,48,834299.88,833796,834299.88,833963,833796,17.880000000004657,1969,834299880	ID:1	[INFO: Metric    ] METRIC_RX type=REAL src=7 seq=82 send_ms=833963 recv_ms=833796 bytes=48
TX,REAL,3,,79,48,835008.0,834344,835008.0,,,,1971,835008000	ID:3	[INFO: Metric    ] METRIC_TX type=REAL node=3 seq=79 bytes=48 time_ms=834344
RX,REAL,,3,79,48,835055.168,834552,835055.168,834344,834552,47.167999999946915,1972,835055168	ID:1	[INFO: Metric    ] METRIC_RX type=REAL src=3 seq=79 send_ms=834344 recv_ms=834552 bytes=48
TX,REAL,5,,79,48,836415.0,836078,836415.0,,,,1974,836415000	ID:5	[INFO: Metric    ] METRIC_TX type=REAL node=5 seq=79 bytes=48 time_ms=836078
TX,DUMMY,5,,12,48,836416.0,836079,836416.0,,,,1975,836416000	ID:5	[INFO: Metric    ] METRIC_TX type=DUMMY node=5 seq=12 bytes=48 time_ms=836079
RX,REAL,,5,79,48,836486.168,835983,836486.168,836078,835983,71.16799999994691,1976,836486168	ID:1	[INFO: Metric    ] METRIC_RX type=REAL src=5 seq=79 send_ms=836078 recv_ms=835983 bytes=48
RX,DUMMY,,5,12,48,836513.168,836010,836513.168,836079,836010,,1978,836513168	ID:1	[INFO: Metric    ] METRIC_RX type=DUMMY src=5 seq=12 send_ms=836079 recv_ms=836010 bytes=48
TX,REAL,2,,82,48,839107.0,838244,839107.0,,,,1981,839107000	ID:2	[INFO: Metric    ] METRIC_TX type=REAL node=2 seq=82 bytes=48 time_ms=838244
TX,DUMMY,2,,17,48,839108.0,838245,839108.0,,,,1982,839108000	ID:2	[INFO: Metric    ] METRIC_TX type=DUMMY node=2 seq=17 bytes=48 time_ms=838245
RX,REAL,,2,82,48,839114.88,838611,839114.88,838244,838611,7.880000000004657,1983,839114880	ID:1	[INFO: Metric    ] METRIC_RX type=REAL src=2 seq=82 send_ms=838244 recv_ms=838611 bytes=48
RX,DUMMY,,2,17,48,839120.88,838617,839120.88,838245,838617,,1984,839120880	ID:1	[INFO: Metric    ] METRIC_RX type=DUMMY src=2 seq=17 send_ms=838245 recv_ms=838617 bytes=48
TX,REAL,6,,80,48,840467.0,839528,840467.0,,,,1989,840467000	ID:6	[INFO: Metric    ] METRIC_TX type=REAL node=6 seq=80 bytes=48 time_ms=839528
RX,REAL,,6,80,48,840481.88,839978,840481.88,839528,839978,14.880000000004657,1990,840481880	ID:1	[INFO: Metric    ] METRIC_RX type=REAL src=6 seq=80 send_ms=839528 recv_ms=839978 bytes=48
TX,REAL,4,,80,48,840670.0,840377,840670.0,,,,1994,840670000	ID:4	[INFO: Metric    ] METRIC_TX type=REAL node=4 seq=80 bytes=48 time_ms=840377
RX,REAL,,4,80,48,840711.168,840208,840711.168,840377,840208,41.167999999946915,1995,840711168	ID:1	[INFO: Metric    ] METRIC_RX type=REAL src=4 seq=80 send_ms=840377 recv_ms=840208 bytes=48
TX,REAL,3,,80,48,844009.0,843345,844009.0,,,,1999,844009000	ID:3	[INFO: Metric    ] METRIC_TX type=REAL node=3 seq=80 bytes=48 time_ms=843345
RX,REAL,,3,80,48,844040.168,843537,844040.168,843345,843537,31.167999999946915,2000,844040168	ID:1	[INFO: Metric    ] METRIC_RX type=REAL src=3 seq=80 send_ms=843345 recv_ms=843537 bytes=48
TX,REAL,7,,83,48,844283.0,843964,844283.0,,,,2002,844283000	ID:7	[INFO: Metric    ] METRIC_TX type=REAL node=7 seq=83 bytes=48 time_ms=843964
TX,DUMMY,7,,20,48,844284.0,843965,844284.0,,,,2003,844284000	ID:7	[INFO: Metric    ] METRIC_TX type=DUMMY node=7 seq=20 bytes=48 time_ms=843965
RX,REAL,,7,83,48,844289.88,843786,844289.88,843964,843786,6.880000000004657,2004,844289880	ID:1	[INFO: Metric    ] METRIC_RX type=REAL src=7 seq=83 send_ms=843964 recv_ms=843786 bytes=48
RX,DUMMY,,7,20,48,844315.88,843812,844315.88,843965,843812,,2005,844315880	ID:1	[INFO: Metric    ] METRIC_RX type=DUMMY src=7 seq=20 send_ms=843965 recv_ms=843812 bytes=48
TX,REAL,5,,80,48,847417.0,847080,847417.0,,,,2010,847417000	ID:5	[INFO: Metric    ] METRIC_TX type=REAL node=5 seq=80 bytes=48 time_ms=847080
RX,REAL,,5,80,48,847475.168,846972,847475.168,847080,846972,58.167999999946915,2011,847475168	ID:1	[INFO: Metric    ] METRIC_RX type=REAL src=5 seq=80 send_ms=847080 recv_ms=846972 bytes=48
TX,REAL,2,,83,48,848109.0,847246,848109.0,,,,2013,848109000	ID:2	[INFO: Metric    ] METRIC_TX type=REAL node=2 seq=83 bytes=48 time_ms=847246
RX,REAL,,2,83,48,848151.88,847648,848151.88,847246,847648,42.88000000000466,2014,848151880	ID:1	[INFO: Metric    ] METRIC_RX type=REAL src=2 seq=83 send_ms=847246 recv_ms=847648 bytes=48
TX,REAL,6,,81,48,849468.0,848529,849468.0,,,,2017,849468000	ID:6	[INFO: Metric    ] METRIC_TX type=REAL node=6 seq=81 bytes=48 time_ms=848529
RX,REAL,,6,81,48,849480.88,848977,849480.88,848529,848977,12.880000000004657,2018,849480880	ID:1	[INFO: Metric    ] METRIC_RX type=REAL src=6 seq=81 send_ms=848529 recv_ms=848977 bytes=48
TX,REAL,4,,81,48,850671.0,850378,850671.0,,,,2020,850671000	ID:4	[INFO: Metric    ] METRIC_TX type=REAL node=4 seq=81 bytes=48 time_ms=850378
TX,DUMMY,4,,14,48,850672.0,850379,850672.0,,,,2021,850672000	ID:4	[INFO: Metric    ] METRIC_TX type=DUMMY node=4 seq=14 bytes=48 time_ms=850379
RX,REAL,,4,81,48,850707.168,850204,850707.168,850378,850204,36.167999999946915,2022,850707168	ID:1	[INFO: Metric    ] METRIC_RX type=REAL src=4 seq=81 send_ms=850378 recv_ms=850204 bytes=48
RX,DUMMY,,4,14,48,850732.168,850229,850732.168,850379,850229,,2023,850732168	ID:1	[INFO: Metric    ] METRIC_RX type=DUMMY src=4 seq=14 send_ms=850379 recv_ms=850229 bytes=48
TX,REAL,3,,81,48,855010.0,854346,855010.0,,,,2026,855010000	ID:3	[INFO: Metric    ] METRIC_TX type=REAL node=3 seq=81 bytes=48 time_ms=854346
RX,REAL,,3,81,48,855070.168,854567,855070.168,854346,854567,60.167999999946915,2027,855070168	ID:1	[INFO: Metric    ] METRIC_RX type=REAL src=3 seq=81 send_ms=854346 recv_ms=854567 bytes=48
TX,REAL,7,,84,48,855285.0,854966,855285.0,,,,2029,855285000	ID:7	[INFO: Metric    ] METRIC_TX type=REAL node=7 seq=84 bytes=48 time_ms=854966
TX,DUMMY,7,,21,48,855286.0,854967,855286.0,,,,2030,855286000	ID:7	[INFO: Metric    ] METRIC_TX type=DUMMY node=7 seq=21 bytes=48 time_ms=854967
RX,REAL,,7,84,48,855307.88,854804,855307.88,854966,854804,22.880000000004657,2031,855307880	ID:1	[INFO: Metric    ] METRIC_RX type=REAL src=7 seq=84 send_ms=854966 recv_ms=854804 bytes=48
RX,DUMMY,,7,21,48,855338.88,854835,855338.88,854967,854835,,2033,855338880	ID:1	[INFO: Metric    ] METRIC_RX type=DUMMY src=7 seq=21 send_ms=854967 recv_ms=854835 bytes=48
TX,REAL,5,,81,48,857418.0,857081,857418.0,,,,2035,857418000	ID:5	[INFO: Metric    ] METRIC_TX type=REAL node=5 seq=81 bytes=48 time_ms=857081
TX,DUMMY,5,,13,48,857419.0,857082,857419.0,,,,2036,857419000	ID:5	[INFO: Metric    ] METRIC_TX type=DUMMY node=5 seq=13 bytes=48 time_ms=857082
RX,REAL,,5,81,48,857478.168,856975,857478.168,857081,856975,60.167999999946915,2037,857478168	ID:1	[INFO: Metric    ] METRIC_RX type=REAL src=5 seq=81 send_ms=857081 recv_ms=856975 bytes=48
RX,DUMMY,,5,13,48,857565.168,857062,857565.168,857082,857062,,2039,857565168	ID:1	[INFO: Metric    ] METRIC_RX type=DUMMY src=5 seq=13 send_ms=857082 recv_ms=857062 bytes=48
TX,REAL,6,,82,48,858469.0,857530,858469.0,,,,2041,858469000	ID:6	[INFO: Metric    ] METRIC_TX type=REAL node=6 seq=82 bytes=48 time_ms=857530
RX,REAL,,6,82,48,858493.88,857990,858493.88,857530,857990,24.880000000004657,2042,858493880	ID:1	[INFO: Metric    ] METRIC_RX type=REAL src=6 seq=82 send_ms=857530 recv_ms=857990 bytes=48
TX,REAL,2,,84,48,859110.0,858247,859110.0,,,,2044,859110000	ID:2	[INFO: Metric    ] METRIC_TX type=REAL node=2 seq=84 bytes=48 time_ms=858247
RX,REAL,,2,84,48,859147.88,858644,859147.88,858247,858644,37.88000000000466,2045,859147880	ID:1	[INFO: Metric    ] METRIC_RX type=REAL src=2 seq=84 send_ms=858247 recv_ms=858644 bytes=48
TX,REAL,4,,82,48,860673.0,860380,860673.0,,,,2048,860673000	ID:4	[INFO: Metric    ] METRIC_TX type=REAL node=4 seq=82 bytes=48 time_ms=860380
RX,REAL,,4,82,48,860717.168,860214,860717.168,860380,860214,44.167999999946915,2049,860717168	ID:1	[INFO: Metric    ] METRIC_RX type=REAL src=4 seq=82 send_ms=860380 recv_ms=860214 bytes=48
TX,REAL,3,,82,48,864011.0,863347,864011.0,,,,2051,864011000	ID:3	[INFO: Metric    ] METRIC_TX type=REAL node=3 seq=82 bytes=48 time_ms=863347
TX,DUMMY,3,,15,48,864012.0,863348,864012.0,,,,2052,864012000	ID:3	[INFO: Metric    ] METRIC_TX type=DUMMY node=3 seq=15 bytes=48 time_ms=863348
RX,REAL,,3,82,48,864091.168,863588,864091.168,863347,863588,80.16799999994691,2053,864091168	ID:1	[INFO: Metric    ] METRIC_RX type=REAL src=3 seq=82 send_ms=863347 recv_ms=863588 bytes=48
RX,DUMMY,,3,15,48,864130.168,863627,864130.168,863348,863627,,2055,864130168	ID:1	[INFO: Metric    ] METRIC_RX type=DUMMY src=3 seq=15 send_ms=863348 recv_ms=863627 bytes=48
TX,REAL,7,,85,48,864287.0,863968,864287.0,,,,2057,864287000	ID:7	[INFO: Metric    ] METRIC_TX type=REAL node=7 seq=85 bytes=48 time_ms=863968
RX,REAL,,7,85,48,864292.88,863789,864292.88,863968,863789,5.880000000004657,2058,864292880	ID:1	[INFO: Metric    ] METRIC_RX type=REAL src=7 seq=85 send_ms=863968 recv_ms=863789 bytes=48
TX,REAL,5,,82,48,867420.0,867083,867420.0,,,,2060,867420000	ID:5	[INFO: Metric    ] METRIC_TX type=REAL node=5 seq=82 bytes=48 time_ms=867083
TX,DUMMY,5,,14,48,867421.0,867084,867421.0,,,,2061,867421000	ID:5	[INFO: Metric    ] METRIC_TX type=DUMMY node=5 seq=14 bytes=48 time_ms=867084
RX,REAL,,5,82,48,867540.168,867037,867540.168,867083,867037,120.16799999994691,2062,867540168	ID:1	[INFO: Metric    ] METRIC_RX type=REAL src=5 seq=82 send_ms=867083 recv_ms=867037 bytes=48
RX,DUMMY,,5,14,48,867565.168,867062,867565.168,867084,867062,,2063,867565168	ID:1	[INFO: Metric    ] METRIC_RX type=DUMMY src=5 seq=14 send_ms=867084 recv_ms=867062 bytes=48
TX,REAL,6,,83,48,868470.0,867531,868470.0,,,,2066,868470000	ID:6	[INFO: Metric    ] METRIC_TX type=REAL node=6 seq=83 bytes=48 time_ms=867531
RX,REAL,,6,83,48,868475.88,867972,868475.88,867531,867972,5.880000000004657,2067,868475880	ID:1	[INFO: Metric    ] METRIC_RX type=REAL src=6 seq=83 send_ms=867531 recv_ms=867972 bytes=48
TX,REAL,2,,85,48,870111.0,869248,870111.0,,,,2069,870111000	ID:2	[INFO: Metric    ] METRIC_TX type=REAL node=2 seq=85 bytes=48 time_ms=869248
RX,REAL,,2,85,48,870129.88,869626,870129.88,869248,869626,18.880000000004657,2070,870129880	ID:1	[INFO: Metric    ] METRIC_RX type=REAL src=2 seq=85 send_ms=869248 recv_ms=869626 bytes=48
TX,REAL,4,,83,48,871674.0,871381,871674.0,,,,2072,871674000	ID:4	[INFO: Metric    ] METRIC_TX type=REAL node=4 seq=83 bytes=48 time_ms=871381
RX,REAL,,4,83,48,871692.168,871189,871692.168,871381,871189,18.167999999946915,2073,871692168	ID:1	[INFO: Metric    ] METRIC_RX type=REAL src=4 seq=83 send_ms=871381 recv_ms=871189 bytes=48
TX,REAL,3,,83,48,873013.0,872349,873013.0,,,,2075,873013000	ID:3	[INFO: Metric    ] METRIC_TX type=REAL node=3 seq=83 bytes=48 time_ms=872349
TX,DUMMY,3,,16,48,873014.0,872350,873014.0,,,,2076,873014000	ID:3	[INFO: Metric    ] METRIC_TX type=DUMMY node=3 seq=16 bytes=48 time_ms=872350
RX,REAL,,3,83,48,873065.168,872562,873065.168,872349,872562,52.167999999946915,2077,873065168	ID:1	[INFO: Metric    ] METRIC_RX type=REAL src=3 seq=83 send_ms=872349 recv_ms=872562 bytes=48
RX,DUMMY,,3,16,48,873076.168,872573,873076.168,872350,872573,,2079,873076168	ID:1	[INFO: Metric    ] METRIC_RX type=DUMMY src=3 seq=16 send_ms=872350 recv_ms=872573 bytes=48
TX,REAL,7,,86,48,873288.0,872969,873288.0,,,,2082,873288000	ID:7	[INFO: Metric    ] METRIC_TX type=REAL node=7 seq=86 bytes=48 time_ms=872969
RX,REAL,,7,86,48,873325.88,872822,873325.88,872969,872822,37.88000000000466,2083,873325880	ID:1	[INFO: Metric    ] METRIC_RX type=REAL src=7 seq=86 send_ms=872969 recv_ms=872822 bytes=48
TX,REAL,6,,84,48,877471.0,876532,877471.0,,,,2085,877471000	ID:6	[INFO: Metric    ] METRIC_TX type=REAL node=6 seq=84 bytes=48 time_ms=876532
TX,DUMMY,6,,17,48,877472.0,876533,877472.0,,,,2086,877472000	ID:6	[INFO: Metric    ] METRIC_TX type=DUMMY node=6 seq=17 bytes=48 time_ms=876533
RX,REAL,,6,84,48,877488.88,876985,877488.88,876532,876985,17.880000000004657,2087,877488880	ID:1	[INFO: Metric    ] METRIC_RX type=REAL src=6 seq=84 send_ms=876532 recv_ms=876985 bytes=48
RX,DUMMY,,6,17,48,877504.76,877001,877504.76,876533,877001,,2089,877504760	ID:1	[INFO: Metric    ] METRIC_RX type=DUMMY src=6 seq=17 send_ms=876533 recv_ms=877001 bytes=48
TX,REAL,5,,83,48,878422.0,878085,878422.0,,,,2091,878422000	ID:5	[INFO: Metric    ] METRIC_TX type=REAL node=5 seq=83 bytes=48 time_ms=878085
RX,REAL,,5,83,48,878491.168,877988,878491.168,878085,877988,69.16799999994691,2092,878491168	ID:1	[INFO: Metric    ] METRIC_RX type=REAL src=5 seq=83 send_ms=878085 recv_ms=877988 bytes=48
TX,REAL,2,,86,48,880112.0,879249,880112.0,,,,2094,880112000	ID:2	[INFO: Metric    ] METRIC_TX type=REAL node=2 seq=86 bytes=48 time_ms=879249
RX,REAL,,2,86,48,880154.88,879651,880154.88,879249,879651,42.88000000000466,2095,880154880	ID:1	[INFO: Metric    ] METRIC_RX type=REAL src=2 seq=86 send_ms=879249 recv_ms=879651 bytes=48
TX,REAL,4,,84,48,881675.0,881382,881675.0,,,,2097,881675000	ID:4	[INFO: Metric    ] METRIC_TX type=REAL node=4 seq=84 bytes=48 time_ms=881382
RX,REAL,,4,84,48,881707.168,881204,881707.168,881382,881204,32.167999999946915,2098,881707168	ID:1	[INFO: Metric    ] METRIC_RX type=REAL src=4 seq=84 send_ms=881382 recv_ms=881204 bytes=48
TX,REAL,3,,84,48,882015.0,881351,882015.0,,,,2100,882015000	ID:3	[INFO: Metric    ] METRIC_TX type=REAL node=3 seq=84 bytes=48 time_ms=881351
RX,REAL,,3,84,48,882061.168,881558,882061.168,881351,881558,46.167999999946915,2101,882061168	ID:1	[INFO: Metric    ] METRIC_RX type=REAL src=3 seq=84 send_ms=881351 recv_ms=881558 bytes=48
TX,REAL,7,,87,48,884289.0,883970,884289.0,,,,2103,884289000	ID:7	[INFO: Metric    ] METRIC_TX type=REAL node=7 seq=87 bytes=48 time_ms=883970
RX,REAL,,7,87,48,884316.88,883813,884316.88,883970,883813,27.880000000004657,2104,884316880	ID:1	[INFO: Metric    ] METRIC_RX type=REAL src=7 seq=87 send_ms=883970 recv_ms=883813 bytes=48
TX,REAL,6,,85,48,886473.0,885534,886473.0,,,,2106,886473000	ID:6	[INFO: Metric    ] METRIC_TX type=REAL node=6 seq=85 bytes=48 time_ms=885534
RX,REAL,,6,85,48,886505.88,886002,886505.88,885534,886002,32.88000000000466,2107,886505880	ID:1	[INFO: Metric    ] METRIC_RX type=REAL src=6 seq=85 send_ms=885534 recv_ms=886002 bytes=48
TX,REAL,5,,84,48,888423.0,888086,888423.0,,,,2110,888423000	ID:5	[INFO: Metric    ] METRIC_TX type=REAL node=5 seq=84 bytes=48 time_ms=888086
RX,REAL,,5,84,48,888473.168,887970,888473.168,888086,887970,50.167999999946915,2111,888473168	ID:1	[INFO: Metric    ] METRIC_RX type=REAL src=5 seq=84 send_ms=888086 recv_ms=887970 bytes=48
TX,REAL,2,,87,48,891113.0,890250,891113.0,,,,2113,891113000	ID:2	[INFO: Metric    ] METRIC_TX type=REAL node=2 seq=87 bytes=48 time_ms=890250
RX,REAL,,2,87,48,891128.88,890625,891128.88,890250,890625,15.880000000004657,2114,891128880	ID:1	[INFO: Metric    ] METRIC_RX type=REAL src=2 seq=87 send_ms=890250 recv_ms=890625 bytes=48
TX,REAL,4,,85,48,891676.0,891383,891676.0,,,,2116,891676000	ID:4	[INFO: Metric    ] METRIC_TX type=REAL node=4 seq=85 bytes=48 time_ms=891383
TX,DUMMY,4,,15,48,891677.0,891384,891677.0,,,,2117,891677000	ID:4	[INFO: Metric    ] METRIC_TX type=DUMMY node=4 seq=15 bytes=48 time_ms=891384
RX,REAL,,4,85,48,891690.304,891187,891690.304,891383,891187,14.304000000003725,2118,891690304	ID:1	[INFO: Metric    ] METRIC_RX type=REAL src=4 seq=85 send_ms=891383 recv_ms=891187 bytes=48
RX,DUMMY,,4,15,48,891738.168,891235,891738.168,891384,891235,,2119,891738168	ID:1	[INFO: Metric    ] METRIC_RX type=DUMMY src=4 seq=15 send_ms=891384 recv_ms=891235 bytes=48
TX,REAL,3,,85,48,893016.0,892352,893016.0,,,,2122,893016000	ID:3	[INFO: Metric    ] METRIC_TX type=REAL node=3 seq=85 bytes=48 time_ms=892352
RX,REAL,,3,85,48,893045.168,892542,893045.168,892352,892542,29.167999999946915,2123,893045168	ID:1	[INFO: Metric    ] METRIC_RX type=REAL src=3 seq=85 send_ms=892352 recv_ms=892542 bytes=48
TX,REAL,7,,88,48,893290.0,892971,893290.0,,,,2125,893290000	ID:7	[INFO: Metric    ] METRIC_TX type=REAL node=7 seq=88 bytes=48 time_ms=892971
RX,REAL,,7,88,48,893327.88,892824,893327.88,892971,892824,37.88000000000466,2126,893327880	ID:1	[INFO: Metric    ] METRIC_RX type=REAL src=7 seq=88 send_ms=892971 recv_ms=892824 bytes=48
TX,REAL,6,,86,48,896474.0,895535,896474.0,,,,2128,896474000	ID:6	[INFO: Metric    ] METRIC_TX type=REAL node=6 seq=86 bytes=48 time_ms=895535
RX,REAL,,6,86,48,896489.88,895986,896489.88,895535,895986,15.880000000004657,2129,896489880	ID:1	[INFO: Metric    ] METRIC_RX type=REAL src=6 seq=86 send_ms=895535 recv_ms=895986 bytes=48
TX,REAL,5,,85,48,898424.0,898087,898424.0,,,,2131,898424000	ID:5	[INFO: Metric    ] METRIC_TX type=REAL node=5 seq=85 bytes=48 time_ms=898087
TX,DUMMY,5,,15,48,898425.0,898088,898425.0,,,,2132,898425000	ID:5	[INFO: Metric    ] METRIC_TX type=DUMMY node=5 seq=15 bytes=48 time_ms=898088
RX,REAL,,5,85,48,898463.168,897960,898463.168,898087,897960,39.167999999946915,2133,898463168	ID:1	[INFO: Metric    ] METRIC_RX type=REAL src=5 seq=85 send_ms=898087 recv_ms=897960 bytes=48
RX,DUMMY,,5,15,48,898480.168,897977,898480.168,898088,897977,,2134,898480168	ID:1	[INFO: Metric    ] METRIC_RX type=DUMMY src=5 seq=15 send_ms=898088 recv_ms=897977 bytes=48
TX,REAL,2,,88,48,901114.0,900251,901114.0,,,,2137,901114000	ID:2	[INFO: Metric    ] METRIC_TX type=REAL node=2 seq=88 bytes=48 time_ms=900251
TX,DUMMY,2,,18,48,901115.0,900252,901115.0,,,,2138,901115000	ID:2	[INFO: Metric    ] METRIC_TX type=DUMMY node=2 seq=18 bytes=48 time_ms=900252
RX,REAL,,2,88,48,901156.88,900653,901156.88,900251,900653,42.88000000000466,2139,901156880	ID:1	[INFO: Metric    ] METRIC_RX type=REAL src=2 seq=88 send_ms=900251 recv_ms=900653 bytes=48
RX,DUMMY,,2,18,48,901189.88,900686,901189.88,900252,900686,,2142,901189880	ID:1	[INFO: Metric    ] METRIC_RX type=DUMMY src=2 seq=18 send_ms=900252 recv_ms=900686 bytes=48
TX,REAL,7,,89,48,902291.0,901972,902291.0,,,,2144,902291000	ID:7	[INFO: Metric    ] METRIC_TX type=REAL node=7 seq=89 bytes=48 time_ms=901972
RX,REAL,,7,89,48,902315.88,901812,902315.88,901972,901812,24.880000000004657,2145,902315880	ID:1	[INFO: Metric    ] METRIC_RX type=REAL src=7 seq=89 send_ms=901972 recv_ms=901812 bytes=48
TX,REAL,4,,86,48,902678.0,902385,902678.0,,,,2147,902678000	ID:4	[INFO: Metric    ] METRIC_TX type=REAL node=4 seq=86 bytes=48 time_ms=902385
RX,REAL,,4,86,48,902712.168,902209,902712.168,902385,902209,34.167999999946915,2148,902712168	ID:1	[INFO: Metric    ] METRIC_RX type=REAL src=4 seq=86 send_ms=902385 recv_ms=902209 bytes=48
TX,REAL,3,,86,48,903017.0,902353,903017.0,,,,2150,903017000	ID:3	[INFO: Metric    ] METRIC_TX type=REAL node=3 seq=86 bytes=48 time_ms=902353
RX,REAL,,3,86,48,903093.168,902590,903093.168,902353,902590,76.16799999994691,2151,903093168	ID:1	[INFO: Metric    ] METRIC_RX type=REAL src=3 seq=86 send_ms=902353 recv_ms=902590 bytes=48
TX,REAL,6,,87,48,906475.0,905536,906475.0,,,,2153,906475000	ID:6	[INFO: Metric    ] METRIC_TX type=REAL node=6 seq=87 bytes=48 time_ms=905536
TX,DUMMY,6,,18,48,906476.0,905537,906476.0,,,,2154,906476000	ID:6	[INFO: Metric    ] METRIC_TX type=DUMMY node=6 seq=18 bytes=48 time_ms=905537
RX,REAL,,6,87,48,906492.88,905989,906492.88,905536,905989,17.880000000004657,2155,906492880	ID:1	[INFO: Metric    ] METRIC_RX type=REAL src=6 seq=87 send_ms=905536 recv_ms=905989 bytes=48
RX,DUMMY,,6,18,48,906526.88,906023,906526.88,905537,906023,,2156,906526880	ID:1	[INFO: Metric    ] METRIC_RX type=DUMMY src=6 seq=18 send_ms=905537 recv_ms=906023 bytes=48
TX,REAL,5,,86,48,907426.0,907089,907426.0,,,,2159,907426000	ID:5	[INFO: Metric    ] METRIC_TX type=REAL node=5 seq=86 bytes=48 time_ms=907089
TX,DUMMY,5,,16,48,907427.0,907090,907427.0,,,,2160,907427000	ID:5	[INFO: Metric    ] METRIC_TX type=DUMMY node=5 seq=16 bytes=48 time_ms=907090
RX,REAL,,5,86,48,907461.168,906958,907461.168,907089,906958,35.167999999946915,2161,907461168	ID:1	[INFO: Metric    ] METRIC_RX type=REAL src=5 seq=86 send_ms=907089 recv_ms=906958 bytes=48
RX,DUMMY,,5,16,48,907500.168,906997,907500.168,907090,906997,,2162,907500168	ID:1	[INFO: Metric    ] METRIC_RX type=DUMMY src=5 seq=16 send_ms=907090 recv_ms=906997 bytes=48
TX,REAL,4,,87,48,911679.0,911386,911679.0,,,,2165,911679000	ID:4	[INFO: Metric    ] METRIC_TX type=REAL node=4 seq=87 bytes=48 time_ms=911386
RX,REAL,,4,87,48,911695.168,911192,911695.168,911386,911192,16.167999999946915,2166,911695168	ID:1	[INFO: Metric    ] METRIC_RX type=REAL src=4 seq=87 send_ms=911386 recv_ms=911192 bytes=48
TX,REAL,2,,89,48,912116.0,911253,912116.0,,,,2168,912116000	ID:2	[INFO: Metric    ] METRIC_TX type=REAL node=2 seq=89 bytes=48 time_ms=911253
RX,REAL,,2,89,48,912136.88,911633,912136.88,911253,911633,20.880000000004657,2169,912136880	ID:1	[INFO: Metric    ] METRIC_RX type=REAL src=2 seq=89 send_ms=911253 recv_ms=911633 bytes=48
TX,REAL,7,,90,48,912292.0,911973,912292.0,,,,2174,912292000	ID:7	[INFO: Metric    ] METRIC_TX type=REAL node=7 seq=90 bytes=48 time_ms=911973
RX,REAL,,7,90,48,912314.88,911811,912314.88,911973,911811,22.880000000004657,2175,912314880	ID:1	[INFO: Metric    ] METRIC_RX type=REAL src=7 seq=90 send_ms=911973 recv_ms=911811 bytes=48
TX,REAL,3,,87,48,913018.0,912354,913018.0,,,,2177,913018000	ID:3	[INFO: Metric    ] METRIC_TX type=REAL node=3 seq=87 bytes=48 time_ms=912354
RX,REAL,,3,87,48,913077.168,912574,913077.168,912354,912574,59.167999999946915,2178,913077168	ID:1	[INFO: Metric    ] METRIC_RX type=REAL src=3 seq=87 send_ms=912354 recv_ms=912574 bytes=48
TX,REAL,6,,88,48,916477.0,915538,916477.0,,,,2180,916477000	ID:6	[INFO: Metric    ] METRIC_TX type=REAL node=6 seq=88 bytes=48 time_ms=915538
RX,REAL,,6,88,48,916515.88,916012,916515.88,915538,916012,38.88000000000466,2181,916515880	ID:1	[INFO: Metric    ] METRIC_RX type=REAL src=6 seq=88 send_ms=915538 recv_ms=916012 bytes=48
TX,REAL,5,,87,48,917428.0,917091,917428.0,,,,2183,917428000	ID:5	[INFO: Metric    ] METRIC_TX type=REAL node=5 seq=87 bytes=48 time_ms=917091
TX,DUMMY,5,,17,48,917429.0,917092,917429.0,,,,2184,917429000	ID:5	[INFO: Metric    ] METRIC_TX type=DUMMY node=5 seq=17 bytes=48 time_ms=917092
RX,REAL,,5,87,48,917473.304,916970,917473.304,917091,916970,45.304000000003725,2185,917473304	ID:1	[INFO: Metric    ] METRIC_RX type=REAL src=5 seq=87 send_ms=917091 recv_ms=916970 bytes=48
RX,DUMMY,,5,17,48,917581.168,917078,917581.168,917092,917078,,2187,917581168	ID:1	[INFO: Metric    ] METRIC_RX type=DUMMY src=5 seq=17 send_ms=917092 recv_ms=917078 bytes=48
TX,REAL,4,,88,48,921680.0,921387,921680.0,,,,2189,921680000	ID:4	[INFO: Metric    ] METRIC_TX type=REAL node=4 seq=88 bytes=48 time_ms=921387
TX,DUMMY,4,,16,48,921681.0,921388,921681.0,,,,2190,921681000	ID:4	[INFO: Metric    ] METRIC_TX type=DUMMY node=4 seq=16 bytes=48 time_ms=921388
RX,REAL,,4,88,48,921716.304,921213,921716.304,921387,921213,36.304000000003725,2191,921716304	ID:1	[INFO: Metric    ] METRIC_RX type=REAL src=4 seq=88 send_ms=921387 recv_ms=921213 bytes=48
RX,DUMMY,,4,16,48,921846.168,921343,921846.168,921388,921343,,2193,921846168	ID:1	[INFO: Metric    ] METRIC_RX type=DUMMY src=4 seq=16 send_ms=921388 recv_ms=921343 bytes=48
TX,REAL,7,,91,48,922293.0,921974,922293.0,,,,2195,922293000	ID:7	[INFO: Metric    ] METRIC_TX type=REAL node=7 seq=91 bytes=48 time_ms=921974
RX,REAL,,7,91,48,922321.88,921818,922321.88,921974,921818,28.880000000004657,2196,922321880	ID:1	[INFO: Metric    ] METRIC_RX type=REAL src=7 seq=91 send_ms=921974 recv_ms=921818 bytes=48
TX,REAL,3,,88,48,923019.0,922355,923019.0,,,,2198,923019000	ID:3	[INFO: Metric    ] METRIC_TX type=REAL node=3 seq=88 bytes=48 time_ms=922355
RX,REAL,,3,88,48,923099.168,922596,923099.168,922355,922596,80.16799999994691,2199,923099168	ID:1	[INFO: Metric    ] METRIC_RX type=REAL src=3 seq=88 send_ms=922355 recv_ms=922596 bytes=48
TX,REAL,2,,90,48,923117.0,922254,923117.0,,,,2202,923117000	ID:2	[INFO: Metric    ] METRIC_TX type=REAL node=2 seq=90 bytes=48 time_ms=922254
RX,REAL,,2,90,48,923162.88,922659,923162.88,922254,922659,45.88000000000466,2203,923162880	ID:1	[INFO: Metric    ] METRIC_RX type=REAL src=2 seq=90 send_ms=922254 recv_ms=922659 bytes=48
TX,REAL,5,,88,48,926430.0,926093,926430.0,,,,2207,926430000	ID:5	[INFO: Metric    ] METRIC_TX type=REAL node=5 seq=88 bytes=48 time_ms=926093
TX,REAL,6,,89,48,926478.0,925539,926478.0,,,,2208,926478000	ID:6	[INFO: Metric    ] METRIC_TX type=REAL node=6 seq=89 bytes=48 time_ms=925539
RX,REAL,,5,88,48,926489.072,925986,926489.072,926093,925986,59.07200000004377,2209,926489072	ID:1	[INFO: Metric    ] METRIC_RX type=REAL src=5 seq=88 send_ms=926093 recv_ms=925986 bytes=48
RX,REAL,,6,89,48,926492.952,925989,926492.952,925539,925989,14.952000000048429,2210,926492952	ID:1	[INFO: Metric    ] METRIC_RX type=REAL src=6 seq=89 send_ms=925539 recv_ms=925989 bytes=48
TX,REAL,7,,92,48,931294.0,930975,931294.0,,,,2213,931294000	ID:7	[INFO: Metric    ] METRIC_TX type=REAL node=7 seq=92 bytes=48 time_ms=930975
TX,DUMMY,7,,22,48,931295.0,930976,931295.0,,,,2214,931295000	ID:7	[INFO: Metric    ] METRIC_TX type=DUMMY node=7 seq=22 bytes=48 time_ms=930976
RX,REAL,,7,92,48,931311.88,930808,931311.88,930975,930808,17.880000000004657,2215,931311880	ID:1	[INFO: Metric    ] METRIC_RX type=REAL src=7 seq=92 send_ms=930975 recv_ms=930808 bytes=48
RX,DUMMY,,7,22,48,931351.88,930848,931351.88,930976,930848,,2217,931351880	ID:1	[INFO: Metric    ] METRIC_RX type=DUMMY src=7 seq=22 send_ms=930976 recv_ms=930848 bytes=48
TX,REAL,4,,89,48,931682.0,931389,931682.0,,,,2219,931682000	ID:4	[INFO: Metric    ] METRIC_TX type=REAL node=4 seq=89 bytes=48 time_ms=931389
RX,REAL,,4,89,48,931757.168,931254,931757.168,931389,931254,75.16799999994691,2220,931757168	ID:1	[INFO: Metric    ] METRIC_RX type=REAL src=4 seq=89 send_ms=931389 recv_ms=931254 bytes=48
TX,REAL,2,,91,48,932118.0,931255,932118.0,,,,2222,932118000	ID:2	[INFO: Metric    ] METRIC_TX type=REAL node=2 seq=91 bytes=48 time_ms=931255
RX,REAL,,2,91,48,932138.88,931635,932138.88,931255,931635,20.880000000004657,2223,932138880	ID:1	[INFO: Metric    ] METRIC_RX type=REAL src=2 seq=91 send_ms=931255 recv_ms=931635 bytes=48
TX,REAL,3,,89,48,934020.0,933356,934020.0,,,,2225,934020000	ID:3	[INFO: Metric    ] METRIC_TX type=REAL node=3 seq=89 bytes=48 time_ms=933356
RX,REAL,,3,89,48,934084.168,933581,934084.168,933356,933581,64.16799999994691,2226,934084168	ID:1	[INFO: Metric    ] METRIC_RX type=REAL src=3 seq=89 send_ms=933356 recv_ms=933581 bytes=48
TX,REAL,5,,89,48,936431.0,936094,936431.0,,,,2228,936431000	ID:5	[INFO: Metric    ] METRIC_TX type=REAL node=5 seq=89 bytes=48 time_ms=936094
RX,REAL,,5,89,48,936493.168,935990,936493.168,936094,935990,62.167999999946915,2229,936493168	ID:1	[INFO: Metric    ] METRIC_RX type=REAL src=5 seq=89 send_ms=936094 recv_ms=935990 bytes=48
TX,REAL,6,,90,48,937479.0,936540,937479.0,,,,2233,937479000	ID:6	[INFO: Metric    ] METRIC_TX type=REAL node=6 seq=90 bytes=48 time_ms=936540
TX,DUMMY,6,,19,48,937480.0,936541,937480.0,,,,2234,937480000	ID:6	[INFO: Metric    ] METRIC_TX type=DUMMY node=6 seq=19 bytes=48 time_ms=936541
RX,REAL,,6,90,48,937495.88,936992,937495.88,936540,936992,16.880000000004657,2235,937495880	ID:1	[INFO: Metric    ] METRIC_RX type=REAL src=6 seq=90 send_ms=936540 recv_ms=936992 bytes=48
RX,DUMMY,,6,19,48,937532.88,937029,937532.88,936541,937029,,2237,937532880	ID:1	[INFO: Metric    ] METRIC_RX type=DUMMY src=6 seq=19 send_ms=936541 recv_ms=937029 bytes=48
TX,REAL,2,,92,48,942119.0,941256,942119.0,,,,2240,942119000	ID:2	[INFO: Metric    ] METRIC_TX type=REAL node=2 seq=92 bytes=48 time_ms=941256
TX,DUMMY,2,,19,48,942120.0,941257,942120.0,,,,2241,942120000	ID:2	[INFO: Metric    ] METRIC_TX type=DUMMY node=2 seq=19 bytes=48 time_ms=941257
RX,REAL,,2,92,48,942134.88,941631,942134.88,941256,941631,15.880000000004657,2242,942134880	ID:1	[INFO: Metric    ] METRIC_RX type=REAL src=2 seq=92 send_ms=941256 recv_ms=941631 bytes=48
RX,DUMMY,,2,19,48,942146.88,941643,942146.88,941257,941643,,2243,942146880	ID:1	[INFO: Metric    ] METRIC_RX type=DUMMY src=2 seq=19 send_ms=941257 recv_ms=941643 bytes=48
TX,REAL,7,,93,48,942296.0,941977,942296.0,,,,2246,942296000	ID:7	[INFO: Metric    ] METRIC_TX type=REAL node=7 seq=93 bytes=48 time_ms=941977
TX,DUMMY,7,,23,48,942297.0,941978,942297.0,,,,2247,942297000	ID:7	[INFO: Metric    ] METRIC_TX type=DUMMY node=7 seq=23 bytes=48 time_ms=941978
RX,REAL,,7,93,48,942302.88,941799,942302.88,941977,941799,6.880000000004657,2248,942302880	ID:1	[INFO: Metric    ] METRIC_RX type=REAL src=7 seq=93 send_ms=941977 recv_ms=941799 bytes=48
RX,DUMMY,,7,23,48,942327.88,941824,942327.88,941978,941824,,2250,942327880	ID:1	[INFO: Metric    ] METRIC_RX type=DUMMY src=7 seq=23 send_ms=941978 recv_ms=941824 bytes=48
TX,REAL,4,,90,48,942683.0,942390,942683.0,,,,2254,942683000	ID:4	[INFO: Metric    ] METRIC_TX type=REAL node=4 seq=90 bytes=48 time_ms=942390
RX,REAL,,4,90,48,942739.168,942236,942739.168,942390,942236,56.167999999946915,2255,942739168	ID:1	[INFO: Metric    ] METRIC_RX type=REAL src=4 seq=90 send_ms=942390 recv_ms=942236 bytes=48
TX,REAL,3,,90,48,944021.0,943357,944021.0,,,,2259,944021000	ID:3	[INFO: Metric    ] METRIC_TX type=REAL node=3 seq=90 bytes=48 time_ms=943357
TX,DUMMY,3,,17,48,944022.0,943358,944022.0,,,,2260,944022000	ID:3	[INFO: Metric    ] METRIC_TX type=DUMMY node=3 seq=17 bytes=48 time_ms=943358
RX,REAL,,3,90,48,944081.168,943578,944081.168,943357,943578,60.167999999946915,2261,944081168	ID:1	[INFO: Metric    ] METRIC_RX type=REAL src=3 seq=90 send_ms=943357 recv_ms=943578 bytes=48
RX,DUMMY,,3,17,48,944189.168,943686,944189.168,943358,943686,,2263,944189168	ID:1	[INFO: Metric    ] METRIC_RX type=DUMMY src=3 seq=17 send_ms=943358 recv_ms=943686 bytes=48
TX,REAL,5,,90,48,946432.0,946095,946432.0,,,,2267,946432000	ID:5	[INFO: Metric    ] METRIC_TX type=REAL node=5 seq=90 bytes=48 time_ms=946095
TX,DUMMY,5,,18,48,946433.0,946096,946433.0,,,,2268,946433000	ID:5	[INFO: Metric    ] METRIC_TX type=DUMMY node=5 seq=18 bytes=48 time_ms=946096
RX,REAL,,5,90,48,946494.168,945991,946494.168,946095,945991,62.167999999946915,2269,946494168	ID:1	[INFO: Metric    ] METRIC_RX type=REAL src=5 seq=90 send_ms=946095 recv_ms=945991 bytes=48
RX,DUMMY,,5,18,48,946501.336,945998,946501.336,946096,945998,,2270,946501336	ID:1	[INFO: Metric    ] METRIC_RX type=DUMMY src=5 seq=18 send_ms=946096 recv_ms=945998 bytes=48
TX,REAL,6,,91,48,948481.0,947542,948481.0,,,,2273,948481000	ID:6	[INFO: Metric    ] METRIC_TX type=REAL node=6 seq=91 bytes=48 time_ms=947542
RX,REAL,,6,91,48,948512.88,948009,948512.88,947542,948009,31.880000000004657,2274,948512880	ID:1	[INFO: Metric    ] METRIC_RX type=REAL src=6 seq=91 send_ms=947542 recv_ms=948009 bytes=48
TX,REAL,7,,94,48,951298.0,950979,951298.0,,,,2277,951298000	ID:7	[INFO: Metric    ] METRIC_TX type=REAL node=7 seq=94 bytes=48 time_ms=950979
RX,REAL,,7,94,48,951329.88,950826,951329.88,950979,950826,31.880000000004657,2278,951329880	ID:1	[INFO: Metric    ] METRIC_RX type=REAL src=7 seq=94 send_ms=950979 recv_ms=950826 bytes=48
TX,REAL,4,,91,48,951684.0,951391,951684.0,,,,2280,951684000	ID:4	[INFO: Metric    ] METRIC_TX type=REAL node=4 seq=91 bytes=48 time_ms=951391
RX,REAL,,4,91,48,951718.304,951215,951718.304,951391,951215,34.304000000003725,2281,951718304	ID:1	[INFO: Metric    ] METRIC_RX type=REAL src=4 seq=91 send_ms=951391 recv_ms=951215 bytes=48
TX,REAL,2,,93,48,953121.0,952258,953121.0,,,,2283,953121000	ID:2	[INFO: Metric    ] METRIC_TX type=REAL node=2 seq=93 bytes=48 time_ms=952258
RX,REAL,,2,93,48,953162.88,952659,953162.88,952258,952659,41.88000000000466,2284,953162880	ID:1	[INFO: Metric    ] METRIC_RX type=REAL src=2 seq=93 send_ms=952258 recv_ms=952659 bytes=48
TX,REAL,3,,91,48,954023.0,953359,954023.0,,,,2286,954023000	ID:3	[INFO: Metric    ] METRIC_TX type=REAL node=3 seq=91 bytes=48 time_ms=953359
RX,REAL,,3,91,48,954094.168,953591,954094.168,953359,953591,71.16799999994691,2287,954094168	ID:1	[INFO: Metric    ] METRIC_RX type=REAL src=3 seq=91 send_ms=953359 recv_ms=953591 bytes=48
TX,REAL,5,,91,48,956434.0,956097,956434.0,,,,2289,956434000	ID:5	[INFO: Metric    ] METRIC_TX type=REAL node=5 seq=91 bytes=48 time_ms=956097
RX,REAL,,5,91,48,956465.168,955962,956465.168,956097,955962,31.167999999946915,2290,956465168	ID:1	[INFO: Metric    ] METRIC_RX type=REAL src=5 seq=91 send_ms=956097 recv_ms=955962 bytes=48
TX,REAL,6,,92,48,958482.0,957543,958482.0,,,,2292,958482000	ID:6	[INFO: Metric    ] METRIC_TX type=REAL node=6 seq=92 bytes=48 time_ms=957543
RX,REAL,,6,92,48,958518.88,958015,958518.88,957543,958015,36.88000000000466,2293,958518880	ID:1	[INFO: Metric    ] METRIC_RX type=REAL src=6 seq=92 send_ms=957543 recv_ms=958015 bytes=48
TX,REAL,7,,95,48,961299.0,960980,961299.0,,,,2295,961299000	ID:7	[INFO: Metric    ] METRIC_TX type=REAL node=7 seq=95 bytes=48 time_ms=960980
RX,REAL,,7,95,48,961316.88,960813,961316.88,960980,960813,17.880000000004657,2296,961316880	ID:1	[INFO: Metric    ] METRIC_RX type=REAL src=7 seq=95 send_ms=960980 recv_ms=960813 bytes=48
TX,REAL,4,,92,48,961685.0,961392,961685.0,,,,2298,961685000	ID:4	[INFO: Metric    ] METRIC_TX type=REAL node=4 seq=92 bytes=48 time_ms=961392
RX,REAL,,4,92,48,961767.168,961264,961767.168,961392,961264,82.16799999994691,2299,961767168	ID:1	[INFO: Metric    ] METRIC_RX type=REAL src=4 seq=92 send_ms=961392 recv_ms=961264 bytes=48
TX,REAL,2,,94,48,962122.0,961259,962122.0,,,,2301,962122000	ID:2	[INFO: Metric    ] METRIC_TX type=REAL node=2 seq=94 bytes=48 time_ms=961259
TX,DUMMY,2,,20,48,962123.0,961260,962123.0,,,,2302,962123000	ID:2	[INFO: Metric    ] METRIC_TX type=DUMMY node=2 seq=20 bytes=48 time_ms=961260
RX,REAL,,2,94,48,962135.88,961632,962135.88,961259,961632,13.880000000004657,2303,962135880	ID:1	[INFO: Metric    ] METRIC_RX type=REAL src=2 seq=94 send_ms=961259 recv_ms=961632 bytes=48
RX,DUMMY,,2,20,48,962142.88,961639,962142.88,961260,961639,,2304,962142880	ID:1	[INFO: Metric    ] METRIC_RX type=DUMMY src=2 seq=20 send_ms=961260 recv_ms=961639 bytes=48
TX,REAL,3,,92,48,965024.0,964360,965024.0,,,,2308,965024000	ID:3	[INFO: Metric    ] METRIC_TX type=REAL node=3 seq=92 bytes=48 time_ms=964360
RX,REAL,,3,92,48,965058.168,964555,965058.168,964360,964555,34.167999999946915,2309,965058168	ID:1	[INFO: Metric    ] METRIC_RX type=REAL src=3 seq=92 send_ms=964360 recv_ms=964555 bytes=48
TX,REAL,5,,92,48,967435.0,967098,967435.0,,,,2311,967435000	ID:5	[INFO: Metric    ] METRIC_TX type=REAL node=5 seq=92 bytes=48 time_ms=967098
RX,REAL,,5,92,48,967525.168,967022,967525.168,967098,967022,90.16799999994691,2312,967525168	ID:1	[INFO: Metric    ] METRIC_RX type=REAL src=5 seq=92 send_ms=967098 recv_ms=967022 bytes=48
TX,REAL,6,,93,48,969483.0,968544,969483.0,,,,2314,969483000	ID:6	[INFO: Metric    ] METRIC_TX type=REAL node=6 seq=93 bytes=48 time_ms=968544
RX,REAL,,6,93,48,969497.88,968994,969497.88,968544,968994,14.880000000004657,2315,969497880	ID:1	[INFO: Metric    ] METRIC_RX type=REAL src=6 seq=93 send_ms=968544 recv_ms=968994 bytes=48
TX,REAL,4,,93,48,970686.0,970393,970686.0,,,,2317,970686000	ID:4	[INFO: Metric    ] METRIC_TX type=REAL node=4 seq=93 bytes=48 time_ms=970393
RX,REAL,,4,93,48,970741.168,970238,970741.168,970393,970238,55.167999999946915,2318,970741168	ID:1	[INFO: Metric    ] METRIC_RX type=REAL src=4 seq=93 send_ms=970393 recv_ms=970238 bytes=48
TX,REAL,2,,95,48,972124.0,971261,972124.0,,,,2320,972124000	ID:2	[INFO: Metric    ] METRIC_TX type=REAL node=2 seq=95 bytes=48 time_ms=971261
RX,REAL,,2,95,48,972132.88,971629,972132.88,971261,971629,8.880000000004657,2321,972132880	ID:1	[INFO: Metric    ] METRIC_RX type=REAL src=2 seq=95 send_ms=971261 recv_ms=971629 bytes=48
TX,REAL,7,,96,48,972300.0,971981,972300.0,,,,2323,972300000	ID:7	[INFO: Metric    ] METRIC_TX type=REAL node=7 seq=96 bytes=48 time_ms=971981
RX,REAL,,7,96,48,972310.88,971807,972310.88,971981,971807,10.880000000004657,2324,972310880	ID:1	[INFO: Metric    ] METRIC_RX type=REAL src=7 seq=96 send_ms=971981 recv_ms=971807 bytes=48
TX,REAL,3,,93,48,976025.0,975361,976025.0,,,,2326,976025000	ID:3	[INFO: Metric    ] METRIC_TX type=REAL node=3 seq=93 bytes=48 time_ms=975361
RX,REAL,,3,93,48,976068.168,975565,976068.168,975361,975565,43.167999999946915,2327,976068168	ID:1	[INFO: Metric    ] METRIC_RX type=REAL src=3 seq=93 send_ms=975361 recv_ms=975565 bytes=48
TX,REAL,5,,93,48,976436.0,976099,976436.0,,,,2329,976436000	ID:5	[INFO: Metric    ] METRIC_TX type=REAL node=5 seq=93 bytes=48 time_ms=976099
RX,REAL,,5,93,48,976480.168,975977,976480.168,976099,975977,44.167999999946915,2330,976480168	ID:1	[INFO: Metric    ] METRIC_RX type=REAL src=5 seq=93 send_ms=976099 recv_ms=975977 bytes=48
TX,REAL,6,,94,48,978484.0,977545,978484.0,,,,2332,978484000	ID:6	[INFO: Metric    ] METRIC_TX type=REAL node=6 seq=94 bytes=48 time_ms=977545
RX,REAL,,6,94,48,978520.88,978017,978520.88,977545,978017,36.88000000000466,2333,978520880	ID:1	[INFO: Metric    ] METRIC_RX type=REAL src=6 seq=94 send_ms=977545 recv_ms=978017 bytes=48
TX,REAL,4,,94,48,980687.0,980394,980687.0,,,,2335,980687000	ID:4	[INFO: Metric    ] METRIC_TX type=REAL node=4 seq=94 bytes=48 time_ms=980394
RX,REAL,,4,94,48,980763.168,980260,980763.168,980394,980260,76.16799999994691,2336,980763168	ID:1	[INFO: Metric    ] METRIC_RX type=REAL src=4 seq=94 send_ms=980394 recv_ms=980260 bytes=48
TX,REAL,2,,96,48,982125.0,981262,982125.0,,,,2339,982125000	ID:2	[INFO: Metric    ] METRIC_TX type=REAL node=2 seq=96 bytes=48 time_ms=981262
RX,REAL,,2,96,48,982137.88,981634,982137.88,981262,981634,12.880000000004657,2340,982137880	ID:1	[INFO: Metric    ] METRIC_RX type=REAL src=2 seq=96 send_ms=981262 recv_ms=981634 bytes=48
TX,REAL,7,,97,48,982301.0,981982,982301.0,,,,2342,982301000	ID:7	[INFO: Metric    ] METRIC_TX type=REAL node=7 seq=97 bytes=48 time_ms=981982
RX,REAL,,7,97,48,982322.88,981819,982322.88,981982,981819,21.880000000004657,2343,982322880	ID:1	[INFO: Metric    ] METRIC_RX type=REAL src=7 seq=97 send_ms=981982 recv_ms=981819 bytes=48
TX,REAL,5,,94,48,986437.0,986100,986437.0,,,,2345,986437000	ID:5	[INFO: Metric    ] METRIC_TX type=REAL node=5 seq=94 bytes=48 time_ms=986100
TX,DUMMY,5,,19,48,986438.0,986101,986438.0,,,,2346,986438000	ID:5	[INFO: Metric    ] METRIC_TX type=DUMMY node=5 seq=19 bytes=48 time_ms=986101
RX,REAL,,5,94,48,986496.168,985993,986496.168,986100,985993,59.167999999946915,2347,986496168	ID:1	[INFO: Metric    ] METRIC_RX type=REAL src=5 seq=94 send_ms=986100 recv_ms=985993 bytes=48
RX,DUMMY,,5,19,48,986510.168,986007,986510.168,986101,986007,,2348,986510168	ID:1	[INFO: Metric    ] METRIC_RX type=DUMMY src=5 seq=19 send_ms=986101 recv_ms=986007 bytes=48
TX,REAL,3,,94,48,987026.0,986362,987026.0,,,,2351,987026000	ID:3	[INFO: Metric    ] METRIC_TX type=REAL node=3 seq=94 bytes=48 time_ms=986362
RX,REAL,,3,94,48,987093.168,986590,987093.168,986362,986590,67.16799999994691,2352,987093168	ID:1	[INFO: Metric    ] METRIC_RX type=REAL src=3 seq=94 send_ms=986362 recv_ms=986590 bytes=48
TX,REAL,6,,95,48,989485.0,988546,989485.0,,,,2354,989485000	ID:6	[INFO: Metric    ] METRIC_TX type=REAL node=6 seq=95 bytes=48 time_ms=988546
RX,REAL,,6,95,48,989526.88,989023,989526.88,988546,989023,41.88000000000466,2355,989526880	ID:1	[INFO: Metric    ] METRIC_RX type=REAL src=6 seq=95 send_ms=988546 recv_ms=989023 bytes=48
TX,REAL,7,,98,48,991302.0,990983,991302.0,,,,2357,991302000	ID:7	[INFO: Metric    ] METRIC_TX type=REAL node=7 seq=98 bytes=48 time_ms=990983
TX,DUMMY,7,,24,48,991303.0,990984,991303.0,,,,2358,991303000	ID:7	[INFO: Metric    ] METRIC_TX type=DUMMY node=7 seq=24 bytes=48 time_ms=990984
RX,REAL,,7,98,48,991329.88,990826,991329.88,990983,990826,27.880000000004657,2359,991329880	ID:1	[INFO: Metric    ] METRIC_RX type=REAL src=7 seq=98 send_ms=990983 recv_ms=990826 bytes=48
RX,DUMMY,,7,24,48,991337.88,990834,991337.88,990984,990834,,2360,991337880	ID:1	[INFO: Metric    ] METRIC_RX type=DUMMY src=7 seq=24 send_ms=990984 recv_ms=990834 bytes=48
TX,REAL,4,,95,48,991688.0,991395,991688.0,,,,2363,991688000	ID:4	[INFO: Metric    ] METRIC_TX type=REAL node=4 seq=95 bytes=48 time_ms=991395
RX,REAL,,4,95,48,991714.168,991211,991714.168,991395,991211,26.167999999946915,2364,991714168	ID:1	[INFO: Metric    ] METRIC_RX type=REAL src=4 seq=95 send_ms=991395 recv_ms=991211 bytes=48
TX,REAL,2,,97,48,992126.0,991263,992126.0,,,,2366,992126000	ID:2	[INFO: Metric    ] METRIC_TX type=REAL node=2 seq=97 bytes=48 time_ms=991263
RX,REAL,,2,97,48,992168.88,991665,992168.88,991263,991665,42.88000000000466,2367,992168880	ID:1	[INFO: Metric    ] METRIC_RX type=REAL src=2 seq=97 send_ms=991263 recv_ms=991665 bytes=48
TX,REAL,3,,95,48,996027.0,995363,996027.0,,,,2370,996027000	ID:3	[INFO: Metric    ] METRIC_TX type=REAL node=3 seq=95 bytes=48 time_ms=995363
RX,REAL,,3,95,48,996085.168,995582,996085.168,995363,995582,58.167999999946915,2371,996085168	ID:1	[INFO: Metric    ] METRIC_RX type=REAL src=3 seq=95 send_ms=995363 recv_ms=995582 bytes=48
TX,REAL,5,,95,48,997439.0,997102,997439.0,,,,2373,997439000	ID:5	[INFO: Metric    ] METRIC_TX type=REAL node=5 seq=95 bytes=48 time_ms=997102
TX,DUMMY,5,,20,48,997440.0,997103,997440.0,,,,2374,997440000	ID:5	[INFO: Metric    ] METRIC_TX type=DUMMY node=5 seq=20 bytes=48 time_ms=997103
RX,REAL,,5,95,48,997501.168,996998,997501.168,997102,996998,62.167999999946915,2375,997501168	ID:1	[INFO: Metric    ] METRIC_RX type=REAL src=5 seq=95 send_ms=997102 recv_ms=996998 bytes=48
RX,DUMMY,,5,20,48,997528.168,997025,997528.168,997103,997025,,2376,997528168	ID:1	[INFO: Metric    ] METRIC_RX type=DUMMY src=5 seq=20 send_ms=997103 recv_ms=997025 bytes=48
TX,REAL,6,,96,48,999486.0,998547,999486.0,,,,2379,999486000	ID:6	[INFO: Metric    ] METRIC_TX type=REAL node=6 seq=96 bytes=48 time_ms=998547
TX,DUMMY,6,,20,48,999487.0,998548,999487.0,,,,2380,999487000	ID:6	[INFO: Metric    ] METRIC_TX type=DUMMY node=6 seq=20 bytes=48 time_ms=998548
RX,REAL,,6,96,48,999495.88,998992,999495.88,998547,998992,9.880000000004657,2381,999495880	ID:1	[INFO: Metric    ] METRIC_RX type=REAL src=6 seq=96 send_ms=998547 recv_ms=998992 bytes=48
RX,DUMMY,,6,20,48,999506.88,999003,999506.88,998548,999003,,2382,999506880	ID:1	[INFO: Metric    ] METRIC_RX type=DUMMY src=6 seq=20 send_ms=998548 recv_ms=999003 bytes=48
TX,REAL,7,,99,48,1000304.0,999985,1000304.0,,,,2385,1000304000	ID:7	[INFO: Metric    ] METRIC_TX type=REAL node=7 seq=99 bytes=48 time_ms=999985
RX,REAL,,7,99,48,1000339.88,999836,1000339.88,999985,999836,35.88000000000466,2386,1000339880	ID:1	[INFO: Metric    ] METRIC_RX type=REAL src=7 seq=99 send_ms=999985 recv_ms=999836 bytes=48
TX,REAL,2,,98,48,1002127.0,1001264,1002127.0,,,,2388,1002127000	ID:2	[INFO: Metric    ] METRIC_TX type=REAL node=2 seq=98 bytes=48 time_ms=1001264
RX,REAL,,2,98,48,1002142.88,1001639,1002142.88,1001264,1001639,15.880000000004657,2389,1002142880	ID:1	[INFO: Metric    ] METRIC_RX type=REAL src=2 seq=98 send_ms=1001264 recv_ms=1001639 bytes=48
TX,REAL,4,,96,48,1002689.0,1002396,1002689.0,,,,2391,1002689000	ID:4	[INFO: Metric    ] METRIC_TX type=REAL node=4 seq=96 bytes=48 time_ms=1002396
RX,REAL,,4,96,48,1002720.168,1002217,1002720.168,1002396,1002217,31.167999999946915,2392,1002720168	ID:1	[INFO: Metric    ] METRIC_RX type=REAL src=4 seq=96 send_ms=1002396 recv_ms=1002217 bytes=48
TX,REAL,3,,96,48,1006028.0,1005364,1006028.0,,,,2394,1006028000	ID:3	[INFO: Metric    ] METRIC_TX type=REAL node=3 seq=96 bytes=48 time_ms=1005364
RX,REAL,,3,96,48,1006071.168,1005568,1006071.168,1005364,1005568,43.167999999946915,2395,1006071168	ID:1	[INFO: Metric    ] METRIC_RX type=REAL src=3 seq=96 send_ms=1005364 recv_ms=1005568 bytes=48
TX,REAL,5,,96,48,1006441.0,1006104,1006441.0,,,,2397,1006441000	ID:5	[INFO: Metric    ] METRIC_TX type=REAL node=5 seq=96 bytes=48 time_ms=1006104
RX,REAL,,5,96,48,1006486.168,1005983,1006486.168,1006104,1005983,45.167999999946915,2398,1006486168	ID:1	[INFO: Metric    ] METRIC_RX type=REAL src=5 seq=96 send_ms=1006104 recv_ms=1005983 bytes=48
TX,REAL,6,,97,48,1010488.0,1009549,1010488.0,,,,2401,1010488000	ID:6	[INFO: Metric    ] METRIC_TX type=REAL node=6 seq=97 bytes=48 time_ms=1009549
RX,REAL,,6,97,48,1010528.88,1010025,1010528.88,1009549,1010025,40.88000000000466,2402,1010528880	ID:1	[INFO: Metric    ] METRIC_RX type=REAL src=6 seq=97 send_ms=1009549 recv_ms=1010025 bytes=48
TX,REAL,7,,100,48,1011305.0,1010986,1011305.0,,,,2406,1011305000	ID:7	[INFO: Metric    ] METRIC_TX type=REAL node=7 seq=100 bytes=48 time_ms=1010986
RX,REAL,,7,100,48,1011346.88,1010843,1011346.88,1010986,1010843,41.88000000000466,2407,1011346880	ID:1	[INFO: Metric    ] METRIC_RX type=REAL src=7 seq=100 send_ms=1010986 recv_ms=1010843 bytes=48
TX,REAL,2,,99,48,1012128.0,1011265,1012128.0,,,,2409,1012128000	ID:2	[INFO: Metric    ] METRIC_TX type=REAL node=2 seq=99 bytes=48 time_ms=1011265
RX,REAL,,2,99,48,1012171.88,1011668,1012171.88,1011265,1011668,43.88000000000466,2410,1012171880	ID:1	[INFO: Metric    ] METRIC_RX type=REAL src=2 seq=99 send_ms=1011265 recv_ms=1011668 bytes=48
TX,REAL,4,,97,48,1012690.0,1012397,1012690.0,,,,2412,1012690000	ID:4	[INFO: Metric    ] METRIC_TX type=REAL node=4 seq=97 bytes=48 time_ms=1012397
RX,REAL,,4,97,48,1012721.168,1012218,1012721.168,1012397,1012218,31.167999999946915,2413,1012721168	ID:1	[INFO: Metric    ] METRIC_RX type=REAL src=4 seq=97 send_ms=1012397 recv_ms=1012218 bytes=48
TX,REAL,5,,97,48,1016442.0,1016105,1016442.0,,,,2415,1016442000	ID:5	[INFO: Metric    ] METRIC_TX type=REAL node=5 seq=97 bytes=48 time_ms=1016105
RX,REAL,,5,97,48,1016498.168,1015995,1016498.168,1016105,1015995,56.167999999946915,2416,1016498168	ID:1	[INFO: Metric    ] METRIC_RX type=REAL src=5 seq=97 send_ms=1016105 recv_ms=1015995 bytes=48
TX,REAL,3,,97,48,1017029.0,1016365,1017029.0,,,,2418,1017029000	ID:3	[INFO: Metric    ] METRIC_TX type=REAL node=3 seq=97 bytes=48 time_ms=1016365
RX,REAL,,3,97,48,1017106.168,1016603,1017106.168,1016365,1016603,77.16799999994691,2419,1017106168	ID:1	[INFO: Metric    ] METRIC_RX type=REAL src=3 seq=97 send_ms=1016365 recv_ms=1016603 bytes=48
TX,REAL,6,,98,48,1019489.0,1018550,1019489.0,,,,2421,1019489000	ID:6	[INFO: Metric    ] METRIC_TX type=REAL node=6 seq=98 bytes=48 time_ms=1018550
RX,REAL,,6,98,48,1019505.88,1019002,1019505.88,1018550,1019002,16.880000000004657,2422,1019505880	ID:1	[INFO: Metric    ] METRIC_RX type=REAL src=6 seq=98 send_ms=1018550 recv_ms=1019002 bytes=48
TX,REAL,7,,101,48,1020306.0,1019987,1020306.0,,,,2424,1020306000	ID:7	[INFO: Metric    ] METRIC_TX type=REAL node=7 seq=101 bytes=48 time_ms=1019987
RX,REAL,,7,101,48,1020326.88,1019823,1020326.88,1019987,1019823,20.880000000004657,2425,1020326880	ID:1	[INFO: Metric    ] METRIC_RX type=REAL src=7 seq=101 send_ms=1019987 recv_ms=1019823 bytes=48
TX,REAL,4,,98,48,1021691.0,1021398,1021691.0,,,,2427,1021691000	ID:4	[INFO: Metric    ] METRIC_TX type=REAL node=4 seq=98 bytes=48 time_ms=1021398
RX,REAL,,4,98,48,1021745.168,1021242,1021745.168,1021398,1021242,54.167999999946915,2428,1021745168	ID:1	[INFO: Metric    ] METRIC_RX type=REAL src=4 seq=98 send_ms=1021398 recv_ms=1021242 bytes=48
TX,REAL,2,,100,48,1022129.0,1021266,1022129.0,,,,2432,1022129000	ID:2	[INFO: Metric    ] METRIC_TX type=REAL node=2 seq=100 bytes=48 time_ms=1021266
RX,REAL,,2,100,48,1022139.88,1021636,1022139.88,1021266,1021636,10.880000000004657,2433,1022139880	ID:1	[INFO: Metric    ] METRIC_RX type=REAL src=2 seq=100 send_ms=1021266 recv_ms=1021636 bytes=48
TX,REAL,3,,98,48,1027030.0,1026366,1027030.0,,,,2436,1027030000	ID:3	[INFO: Metric    ] METRIC_TX type=REAL node=3 seq=98 bytes=48 time_ms=1026366
RX,REAL,,3,98,48,1027084.168,1026581,1027084.168,1026366,1026581,54.167999999946915,2437,1027084168	ID:1	[INFO: Metric    ] METRIC_RX type=REAL src=3 seq=98 send_ms=1026366 recv_ms=1026581 bytes=48
TX,REAL,5,,98,48,1027443.0,1027106,1027443.0,,,,2439,1027443000	ID:5	[INFO: Metric    ] METRIC_TX type=REAL node=5 seq=98 bytes=48 time_ms=1027106
RX,REAL,,5,98,48,1027522.168,1027019,1027522.168,1027106,1027019,79.16799999994691,2440,1027522168	ID:1	[INFO: Metric    ] METRIC_RX type=REAL src=5 seq=98 send_ms=1027106 recv_ms=1027019 bytes=48
TX,REAL,7,,102,48,1029307.0,1028988,1029307.0,,,,2442,1029307000	ID:7	[INFO: Metric    ] METRIC_TX type=REAL node=7 seq=102 bytes=48 time_ms=1028988
RX,REAL,,7,102,48,1029340.88,1028837,1029340.88,1028988,1028837,33.88000000000466,2443,1029340880	ID:1	[INFO: Metric    ] METRIC_RX type=REAL src=7 seq=102 send_ms=1028988 recv_ms=1028837 bytes=48
TX,REAL,6,,99,48,1029490.0,1028551,1029490.0,,,,2445,1029490000	ID:6	[INFO: Metric    ] METRIC_TX type=REAL node=6 seq=99 bytes=48 time_ms=1028551
RX,REAL,,6,99,48,1029505.88,1029002,1029505.88,1028551,1029002,15.880000000004657,2446,1029505880	ID:1	[INFO: Metric    ] METRIC_RX type=REAL src=6 seq=99 send_ms=1028551 recv_ms=1029002 bytes=48
TX,REAL,4,,99,48,1032692.0,1032399,1032692.0,,,,2448,1032692000	ID:4	[INFO: Metric    ] METRIC_TX type=REAL node=4 seq=99 bytes=48 time_ms=1032399
RX,REAL,,4,99,48,1032750.168,1032247,1032750.168,1032399,1032247,58.167999999946915,2449,1032750168	ID:1	[INFO: Metric    ] METRIC_RX type=REAL src=4 seq=99 send_ms=1032399 recv_ms=1032247 bytes=48
TX,REAL,2,,101,48,1033130.0,1032267,1033130.0,,,,2451,1033130000	ID:2	[INFO: Metric    ] METRIC_TX type=REAL node=2 seq=101 bytes=48 time_ms=1032267
RX,REAL,,2,101,48,1033144.88,1032641,1033144.88,1032267,1032641,14.880000000004657,2452,1033144880	ID:1	[INFO: Metric    ] METRIC_RX type=REAL src=2 seq=101 send_ms=1032267 recv_ms=1032641 bytes=48
TX,REAL,3,,99,48,1037031.0,1036367,1037031.0,,,,2454,1037031000	ID:3	[INFO: Metric    ] METRIC_TX type=REAL node=3 seq=99 bytes=48 time_ms=1036367
TX,DUMMY,3,,18,48,1037032.0,1036368,1037032.0,,,,2455,1037032000	ID:3	[INFO: Metric    ] METRIC_TX type=DUMMY node=3 seq=18 bytes=48 time_ms=1036368
RX,REAL,,3,99,48,1037055.168,1036552,1037055.168,1036367,1036552,24.167999999946915,2456,1037055168	ID:1	[INFO: Metric    ] METRIC_RX type=REAL src=3 seq=99 send_ms=1036367 recv_ms=1036552 bytes=48
RX,DUMMY,,3,18,48,1037120.592,1036617,1037120.592,1036368,1036617,,2458,1037120592	ID:1	[INFO: Metric    ] METRIC_RX type=DUMMY src=3 seq=18 send_ms=1036368 recv_ms=1036617 bytes=48
TX,REAL,7,,103,48,1038308.0,1037989,1038308.0,,,,2460,1038308000	ID:7	[INFO: Metric    ] METRIC_TX type=REAL node=7 seq=103 bytes=48 time_ms=1037989
RX,REAL,,7,103,48,1038334.88,1037831,1038334.88,1037989,1037831,26.880000000004657,2461,1038334880	ID:1	[INFO: Metric    ] METRIC_RX type=REAL src=7 seq=103 send_ms=1037989 recv_ms=1037831 bytes=48
TX,REAL,5,,99,48,1038444.0,1038107,1038444.0,,,,2463,1038444000	ID:5	[INFO: Metric    ] METRIC_TX type=REAL node=5 seq=99 bytes=48 time_ms=1038107
RX,REAL,,5,99,48,1038461.168,1037958,1038461.168,1038107,1037958,17.167999999946915,2464,1038461168	ID:1	[INFO: Metric    ] METRIC_RX type=REAL src=5 seq=99 send_ms=1038107 recv_ms=1037958 bytes=48
TX,REAL,6,,100,48,1039491.0,1038552,1039491.0,,,,2469,1039491000	ID:6	[INFO: Metric    ] METRIC_TX type=REAL node=6 seq=100 bytes=48 time_ms=1038552
RX,REAL,,6,100,48,1039535.88,1039032,1039535.88,1038552,1039032,44.88000000000466,2470,1039535880	ID:1	[INFO: Metric    ] METRIC_RX type=REAL src=6 seq=100 send_ms=1038552 recv_ms=1039032 bytes=48
TX,REAL,4,,100,48,1041693.0,1041400,1041693.0,,,,2474,1041693000	ID:4	[INFO: Metric    ] METRIC_TX type=REAL node=4 seq=100 bytes=48 time_ms=1041400
RX,REAL,,4,100,48,1041764.168,1041261,1041764.168,1041400,1041261,71.16799999994691,2475,1041764168	ID:1	[INFO: Metric    ] METRIC_RX type=REAL src=4 seq=100 send_ms=1041400 recv_ms=1041261 bytes=48
TX,REAL,2,,102,48,1042131.0,1041268,1042131.0,,,,2477,1042131000	ID:2	[INFO: Metric    ] METRIC_TX type=REAL node=2 seq=102 bytes=48 time_ms=1041268
RX,REAL,,2,102,48,1042167.88,1041664,1042167.88,1041268,1041664,36.88000000000466,2478,1042167880	ID:1	[INFO: Metric    ] METRIC_RX type=REAL src=2 seq=102 send_ms=1041268 recv_ms=1041664 bytes=48
TX,REAL,7,,104,48,1047309.0,1046990,1047309.0,,,,2480,1047309000	ID:7	[INFO: Metric    ] METRIC_TX type=REAL node=7 seq=104 bytes=48 time_ms=1046990
RX,REAL,,7,104,48,1047323.88,1046820,1047323.88,1046990,1046820,14.880000000004657,2481,1047323880	ID:1	[INFO: Metric    ] METRIC_RX type=REAL src=7 seq=104 send_ms=1046990 recv_ms=1046820 bytes=48
TX,REAL,5,,100,48,1047445.0,1047108,1047445.0,,,,2485,1047445000	ID:5	[INFO: Metric    ] METRIC_TX type=REAL node=5 seq=100 bytes=48 time_ms=1047108
RX,REAL,,5,100,48,1047472.168,1046969,1047472.168,1047108,1046969,27.167999999946915,2486,1047472168	ID:1	[INFO: Metric    ] METRIC_RX type=REAL src=5 seq=100 send_ms=1047108 recv_ms=1046969 bytes=48
TX,REAL,3,,100,48,1048033.0,1047369,1048033.0,,,,2490,1048033000	ID:3	[INFO: Metric    ] METRIC_TX type=REAL node=3 seq=100 bytes=48 time_ms=1047369
RX,REAL,,3,100,48,1048080.168,1047577,1048080.168,1047369,1047577,47.167999999946915,2491,1048080168	ID:1	[INFO: Metric    ] METRIC_RX type=REAL src=3 seq=100 send_ms=1047369 recv_ms=1047577 bytes=48
TX,REAL,6,,101,48,1049492.0,1048553,1049492.0,,,,2493,1049492000	ID:6	[INFO: Metric    ] METRIC_TX type=REAL node=6 seq=101 bytes=48 time_ms=1048553
RX,REAL,,6,101,48,1049517.88,1049014,1049517.88,1048553,1049014,25.87999999988824,2494,1049517880	ID:1	[INFO: Metric    ] METRIC_RX type=REAL src=6 seq=101 send_ms=1048553 recv_ms=1049014 bytes=48
TX,REAL,2,,103,48,1051132.0,1050269,1051132.0,,,,2496,1051132000	ID:2	[INFO: Metric    ] METRIC_TX type=REAL node=2 seq=103 bytes=48 time_ms=1050269
RX,REAL,,2,103,48,1051172.88,1050669,1051172.88,1050269,1050669,40.87999999988824,2497,1051172880	ID:1	[INFO: Metric    ] METRIC_RX type=REAL src=2 seq=103 send_ms=1050269 recv_ms=1050669 bytes=48
TX,REAL,4,,101,48,1052694.0,1052401,1052694.0,,,,2499,1052694000	ID:4	[INFO: Metric    ] METRIC_TX type=REAL node=4 seq=101 bytes=48 time_ms=1052401
RX,REAL,,4,101,48,1052723.168,1052220,1052723.168,1052401,1052220,29.16800000006333,2500,1052723168	ID:1	[INFO: Metric    ] METRIC_RX type=REAL src=4 seq=101 send_ms=1052401 recv_ms=1052220 bytes=48
TX,REAL,7,,105,48,1056310.0,1055991,1056310.0,,,,2502,1056310000	ID:7	[INFO: Metric    ] METRIC_TX type=REAL node=7 seq=105 bytes=48 time_ms=1055991
RX,REAL,,7,105,48,1056341.88,1055838,1056341.88,1055991,1055838,31.87999999988824,2503,1056341880	ID:1	[INFO: Metric    ] METRIC_RX type=REAL src=7 seq=105 send_ms=1055991 recv_ms=1055838 bytes=48
TX,REAL,5,,101,48,1056446.0,1056109,1056446.0,,,,2506,1056446000	ID:5	[INFO: Metric    ] METRIC_TX type=REAL node=5 seq=101 bytes=48 time_ms=1056109
RX,REAL,,5,101,48,1056516.168,1056013,1056516.168,1056109,1056013,70.16800000006333,2507,1056516168	ID:1	[INFO: Metric    ] METRIC_RX type=REAL src=5 seq=101 send_ms=1056109 recv_ms=1056013 bytes=48
TX,REAL,3,,101,48,1057034.0,1056370,1057034.0,,,,2509,1057034000	ID:3	[INFO: Metric    ] METRIC_TX type=REAL node=3 seq=101 bytes=48 time_ms=1056370
RX,REAL,,3,101,48,1057123.168,1056620,1057123.168,1056370,1056620,89.16800000006333,2510,1057123168	ID:1	[INFO: Metric    ] METRIC_RX type=REAL src=3 seq=101 send_ms=1056370 recv_ms=1056620 bytes=48
TX,REAL,6,,102,48,1058493.0,1057554,1058493.0,,,,2512,1058493000	ID:6	[INFO: Metric    ] METRIC_TX type=REAL node=6 seq=102 bytes=48 time_ms=1057554
RX,REAL,,6,102,48,1058515.88,1058012,1058515.88,1057554,1058012,22.87999999988824,2513,1058515880	ID:1	[INFO: Metric    ] METRIC_RX type=REAL src=6 seq=102 send_ms=1057554 recv_ms=1058012 bytes=48
TX,REAL,2,,104,48,1061133.0,1060270,1061133.0,,,,2515,1061133000	ID:2	[INFO: Metric    ] METRIC_TX type=REAL node=2 seq=104 bytes=48 time_ms=1060270
RX,REAL,,2,104,48,1061144.88,1060641,1061144.88,1060270,1060641,11.879999999888241,2516,1061144880	ID:1	[INFO: Metric    ] METRIC_RX type=REAL src=2 seq=104 send_ms=1060270 recv_ms=1060641 bytes=48
TX,REAL,4,,102,48,1061695.0,1061402,1061695.0,,,,2518,1061695000	ID:4	[INFO: Metric    ] METRIC_TX type=REAL node=4 seq=102 bytes=48 time_ms=1061402
RX,REAL,,4,102,48,1061734.168,1061231,1061734.168,1061402,1061231,39.16800000006333,2519,1061734168	ID:1	[INFO: Metric    ] METRIC_RX type=REAL src=4 seq=102 send_ms=1061402 recv_ms=1061231 bytes=48
TX,REAL,7,,106,48,1065311.0,1064992,1065311.0,,,,2521,1065311000	ID:7	[INFO: Metric    ] METRIC_TX type=REAL node=7 seq=106 bytes=48 time_ms=1064992
RX,REAL,,7,106,48,1065330.88,1064827,1065330.88,1064992,1064827,19.87999999988824,2522,1065330880	ID:1	[INFO: Metric    ] METRIC_RX type=REAL src=7 seq=106 send_ms=1064992 recv_ms=1064827 bytes=48
TX,REAL,3,,102,48,1066035.0,1065371,1066035.0,,,,2524,1066035000	ID:3	[INFO: Metric    ] METRIC_TX type=REAL node=3 seq=102 bytes=48 time_ms=1065371
RX,REAL,,3,102,48,1066096.168,1065593,1066096.168,1065371,1065593,61.16800000006333,2525,1066096168	ID:1	[INFO: Metric    ] METRIC_RX type=REAL src=3 seq=102 send_ms=1065371 recv_ms=1065593 bytes=48
TX,REAL,5,,102,48,1066447.0,1066110,1066447.0,,,,2527,1066447000	ID:5	[INFO: Metric    ] METRIC_TX type=REAL node=5 seq=102 bytes=48 time_ms=1066110
RX,REAL,,5,102,48,1066511.168,1066008,1066511.168,1066110,1066008,64.16800000006333,2528,1066511168	ID:1	[INFO: Metric    ] METRIC_RX type=REAL src=5 seq=102 send_ms=1066110 recv_ms=1066008 bytes=48
TX,REAL,6,,103,48,1069494.0,1068555,1069494.0,,,,2530,1069494000	ID:6	[INFO: Metric    ] METRIC_TX type=REAL node=6 seq=103 bytes=48 time_ms=1068555
TX,DUMMY,6,,21,48,1069495.0,1068556,1069495.0,,,,2531,1069495000	ID:6	[INFO: Metric    ] METRIC_TX type=DUMMY node=6 seq=21 bytes=48 time_ms=1068556
RX,REAL,,6,103,48,1069529.88,1069026,1069529.88,1068555,1069026,35.87999999988824,2532,1069529880	ID:1	[INFO: Metric    ] METRIC_RX type=REAL src=6 seq=103 send_ms=1068555 recv_ms=1069026 bytes=48
RX,DUMMY,,6,21,48,1069539.88,1069036,1069539.88,1068556,1069036,,2533,1069539880	ID:1	[INFO: Metric    ] METRIC_RX type=DUMMY src=6 seq=21 send_ms=1068556 recv_ms=1069036 bytes=48
TX,REAL,4,,103,48,1070696.0,1070403,1070696.0,,,,2537,1070696000	ID:4	[INFO: Metric    ] METRIC_TX type=REAL node=4 seq=103 bytes=48 time_ms=1070403
RX,REAL,,4,103,48,1070775.168,1070272,1070775.168,1070403,1070272,79.16800000006333,2538,1070775168	ID:1	[INFO: Metric    ] METRIC_RX type=REAL src=4 seq=103 send_ms=1070403 recv_ms=1070272 bytes=48
TX,REAL,2,,105,48,1071134.0,1070271,1071134.0,,,,2540,1071134000	ID:2	[INFO: Metric    ] METRIC_TX type=REAL node=2 seq=105 bytes=48 time_ms=1070271
RX,REAL,,2,105,48,1071142.88,1070639,1071142.88,1070271,1070639,8.879999999888241,2541,1071142880	ID:1	[INFO: Metric    ] METRIC_RX type=REAL src=2 seq=105 send_ms=1070271 recv_ms=1070639 bytes=48
TX,REAL,3,,103,48,1076036.0,1075372,1076036.0,,,,2543,1076036000	ID:3	[INFO: Metric    ] METRIC_TX type=REAL node=3 seq=103 bytes=48 time_ms=1075372
RX,REAL,,3,103,48,1076097.168,1075594,1076097.168,1075372,1075594,61.16800000006333,2544,1076097168	ID:1	[INFO: Metric    ] METRIC_RX type=REAL src=3 seq=103 send_ms=1075372 recv_ms=1075594 bytes=48
TX,REAL,7,,107,48,1076312.0,1075993,1076312.0,,,,2546,1076312000	ID:7	[INFO: Metric    ] METRIC_TX type=REAL node=7 seq=107 bytes=48 time_ms=1075993
TX,DUMMY,7,,25,48,1076313.0,1075994,1076313.0,,,,2547,1076313000	ID:7	[INFO: Metric    ] METRIC_TX type=DUMMY node=7 seq=25 bytes=48 time_ms=1075994
RX,REAL,,7,107,48,1076350.88,1075847,1076350.88,1075993,1075847,38.87999999988824,2548,1076350880	ID:1	[INFO: Metric    ] METRIC_RX type=REAL src=7 seq=107 send_ms=1075993 recv_ms=1075847 bytes=48
RX,DUMMY,,7,25,48,1076373.88,1075870,1076373.88,1075994,1075870,,2549,1076373880	ID:1	[INFO: Metric    ] METRIC_RX type=DUMMY src=7 seq=25 send_ms=1075994 recv_ms=1075870 bytes=48
TX,REAL,5,,103,48,1077448.0,1077111,1077448.0,,,,2552,1077448000	ID:5	[INFO: Metric    ] METRIC_TX type=REAL node=5 seq=103 bytes=48 time_ms=1077111
RX,REAL,,5,103,48,1077489.168,1076986,1077489.168,1077111,1076986,41.16800000006333,2553,1077489168	ID:1	[INFO: Metric    ] METRIC_RX type=REAL src=5 seq=103 send_ms=1077111 recv_ms=1076986 bytes=48
TX,REAL,6,,104,48,1079496.0,1078557,1079496.0,,,,2555,1079496000	ID:6	[INFO: Metric    ] METRIC_TX type=REAL node=6 seq=104 bytes=48 time_ms=1078557
RX,REAL,,6,104,48,1079535.88,1079032,1079535.88,1078557,1079032,39.87999999988824,2556,1079535880	ID:1	[INFO: Metric    ] METRIC_RX type=REAL src=6 seq=104 send_ms=1078557 recv_ms=1079032 bytes=48
TX,REAL,4,,104,48,1079697.0,1079404,1079697.0,,,,2558,1079697000	ID:4	[INFO: Metric    ] METRIC_TX type=REAL node=4 seq=104 bytes=48 time_ms=1079404
RX,REAL,,4,104,48,1079742.168,1079239,1079742.168,1079404,1079239,45.16800000006333,2559,1079742168	ID:1	[INFO: Metric    ] METRIC_RX type=REAL src=4 seq=104 send_ms=1079404 recv_ms=1079239 bytes=48
TX,REAL,2,,106,48,1080135.0,1079272,1080135.0,,,,2561,1080135000	ID:2	[INFO: Metric    ] METRIC_TX type=REAL node=2 seq=106 bytes=48 time_ms=1079272
RX,REAL,,2,106,48,1080174.88,1079671,1080174.88,1079272,1079671,39.87999999988824,2562,1080174880	ID:1	[INFO: Metric    ] METRIC_RX type=REAL src=2 seq=106 send_ms=1079272 recv_ms=1079671 bytes=48
TX,REAL,3,,104,48,1086037.0,1085373,1086037.0,,,,2564,1086037000	ID:3	[INFO: Metric    ] METRIC_TX type=REAL node=3 seq=104 bytes=48 time_ms=1085373
TX,DUMMY,3,,19,48,1086038.0,1085374,1086038.0,,,,2565,1086038000	ID:3	[INFO: Metric    ] METRIC_TX type=DUMMY node=3 seq=19 bytes=48 time_ms=1085374
RX,REAL,,3,104,48,1086153.168,1085650,1086153.168,1085373,1085650,116.16800000006333,2566,1086153168	ID:1	[INFO: Metric    ] METRIC_RX type=REAL src=3 seq=104 send_ms=1085373 recv_ms=1085650 bytes=48
RX,DUMMY,,3,19,48,1086169.168,1085666,1086169.168,1085374,1085666,,2568,1086169168	ID:1	[INFO: Metric    ] METRIC_RX type=DUMMY src=3 seq=19 send_ms=1085374 recv_ms=1085666 bytes=48
TX,REAL,7,,108,48,1086314.0,1085995,1086314.0,,,,2571,1086314000	ID:7	[INFO: Metric    ] METRIC_TX type=REAL node=7 seq=108 bytes=48 time_ms=1085995
RX,REAL,,7,108,48,1086333.88,1085830,1086333.88,1085995,1085830,19.87999999988824,2572,1086333880	ID:1	[INFO: Metric    ] METRIC_RX type=REAL src=7 seq=108 send_ms=1085995 recv_ms=1085830 bytes=48
TX,REAL,5,,104,48,1088449.0,1088112,1088449.0,,,,2574,1088449000	ID:5	[INFO: Metric    ] METRIC_TX type=REAL node=5 seq=104 bytes=48 time_ms=1088112
RX,REAL,,5,104,48,1088485.168,1087982,1088485.168,1088112,1087982,36.16800000006333,2575,1088485168	ID:1	[INFO: Metric    ] METRIC_RX type=REAL src=5 seq=104 send_ms=1088112 recv_ms=1087982 bytes=48
TX,REAL,6,,105,48,1089497.0,1088558,1089497.0,,,,2577,1089497000	ID:6	[INFO: Metric    ] METRIC_TX type=REAL node=6 seq=105 bytes=48 time_ms=1088558
RX,REAL,,6,105,48,1089513.88,1089010,1089513.88,1088558,1089010,16.87999999988824,2578,1089513880	ID:1	[INFO: Metric    ] METRIC_RX type=REAL src=6 seq=105 send_ms=1088558 recv_ms=1089010 bytes=48
TX,REAL,4,,105,48,1089698.0,1089405,1089698.0,,,,2580,1089698000	ID:4	[INFO: Metric    ] METRIC_TX type=REAL node=4 seq=105 bytes=48 time_ms=1089405
RX,REAL,,4,105,48,1089773.168,1089270,1089773.168,1089405,1089270,75.16800000006333,2581,1089773168	ID:1	[INFO: Metric    ] METRIC_RX type=REAL src=4 seq=105 send_ms=1089405 recv_ms=1089270 bytes=48
TX,REAL,2,,107,48,1091136.0,1090273,1091136.0,,,,2583,1091136000	ID:2	[INFO: Metric    ] METRIC_TX type=REAL node=2 seq=107 bytes=48 time_ms=1090273
RX,REAL,,2,107,48,1091152.88,1090649,1091152.88,1090273,1090649,16.87999999988824,2584,1091152880	ID:1	[INFO: Metric    ] METRIC_RX type=REAL src=2 seq=107 send_ms=1090273 recv_ms=1090649 bytes=48
TX,REAL,7,,109,48,1095315.0,1094996,1095315.0,,,,2586,1095315000	ID:7	[INFO: Metric    ] METRIC_TX type=REAL node=7 seq=109 bytes=48 time_ms=1094996
RX,REAL,,7,109,48,1095335.88,1094832,1095335.88,1094996,1094832,20.87999999988824,2587,1095335880	ID:1	[INFO: Metric    ] METRIC_RX type=REAL src=7 seq=109 send_ms=1094996 recv_ms=1094832 bytes=48
TX,REAL,3,,105,48,1096039.0,1095375,1096039.0,,,,2589,1096039000	ID:3	[INFO: Metric    ] METRIC_TX type=REAL node=3 seq=105 bytes=48 time_ms=1095375
RX,REAL,,3,105,48,1096091.168,1095588,1096091.168,1095375,1095588,52.16800000006333,2590,1096091168	ID:1	[INFO: Metric    ] METRIC_RX type=REAL src=3 seq=105 send_ms=1095375 recv_ms=1095588 bytes=48
TX,REAL,6,,106,48,1098498.0,1097559,1098498.0,,,,2592,1098498000	ID:6	[INFO: Metric    ] METRIC_TX type=REAL node=6 seq=106 bytes=48 time_ms=1097559
RX,REAL,,6,106,48,1098528.88,1098025,1098528.88,1097559,1098025,30.87999999988824,2593,1098528880	ID:1	[INFO: Metric    ] METRIC_RX type=REAL src=6 seq=106 send_ms=1097559 recv_ms=1098025 bytes=48
TX,REAL,5,,105,48,1099450.0,1099113,1099450.0,,,,2595,1099450000	ID:5	[INFO: Metric    ] METRIC_TX type=REAL node=5 seq=105 bytes=48 time_ms=1099113
TX,DUMMY,5,,21,48,1099451.0,1099114,1099451.0,,,,2596,1099451000	ID:5	[INFO: Metric    ] METRIC_TX type=DUMMY node=5 seq=21 bytes=48 time_ms=1099114
RX,REAL,,5,105,48,1099526.168,1099023,1099526.168,1099113,1099023,76.16800000006333,2597,1099526168	ID:1	[INFO: Metric    ] METRIC_RX type=REAL src=5 seq=105 send_ms=1099113 recv_ms=1099023 bytes=48
RX,DUMMY,,5,21,48,1099578.168,1099075,1099578.168,1099114,1099075,,2599,1099578168	ID:1	[INFO: Metric    ] METRIC_RX type=DUMMY src=5 seq=21 send_ms=1099114 recv_ms=1099075 bytes=48
TX,REAL,4,,106,48,1099699.0,1099406,1099699.0,,,,2602,1099699000	ID:4	[INFO: Metric    ] METRIC_TX type=REAL node=4 seq=106 bytes=48 time_ms=1099406
RX,REAL,,4,106,48,1099728.168,1099225,1099728.168,1099406,1099225,29.16800000006333,2603,1099728168	ID:1	[INFO: Metric    ] METRIC_RX type=REAL src=4 seq=106 send_ms=1099406 recv_ms=1099225 bytes=48
TX,REAL,2,,108,48,1102137.0,1101274,1102137.0,,,,2605,1102137000	ID:2	[INFO: Metric    ] METRIC_TX type=REAL node=2 seq=108 bytes=48 time_ms=1101274
RX,REAL,,2,108,48,1102170.88,1101667,1102170.88,1101274,1101667,33.87999999988824,2606,1102170880	ID:1	[INFO: Metric    ] METRIC_RX type=REAL src=2 seq=108 send_ms=1101274 recv_ms=1101667 bytes=48
TX,REAL,3,,106,48,1105040.0,1104376,1105040.0,,,,2608,1105040000	ID:3	[INFO: Metric    ] METRIC_TX type=REAL node=3 seq=106 bytes=48 time_ms=1104376
RX,REAL,,3,106,48,1105109.168,1104606,1105109.168,1104376,1104606,69.16800000006333,2609,1105109168	ID:1	[INFO: Metric    ] METRIC_RX type=REAL src=3 seq=106 send_ms=1104376 recv_ms=1104606 bytes=48
TX,REAL,7,,110,48,1105316.0,1104997,1105316.0,,,,2613,1105316000	ID:7	[INFO: Metric    ] METRIC_TX type=REAL node=7 seq=110 bytes=48 time_ms=1104997
TX,DUMMY,7,,26,48,1105317.0,1104998,1105317.0,,,,2614,1105317000	ID:7	[INFO: Metric    ] METRIC_TX type=DUMMY node=7 seq=26 bytes=48 time_ms=1104998
RX,REAL,,7,110,48,1105358.88,1104855,1105358.88,1104997,1104855,42.87999999988824,2615,1105358880	ID:1	[INFO: Metric    ] METRIC_RX type=REAL src=7 seq=110 send_ms=1104997 recv_ms=1104855 bytes=48
RX,DUMMY,,7,26,48,1105400.88,1104897,1105400.88,1104998,1104897,,2617,1105400880	ID:1	[INFO: Metric    ] METRIC_RX type=DUMMY src=7 seq=26 send_ms=1104998 recv_ms=1104897 bytes=48
TX,REAL,6,,107,48,1107499.0,1106560,1107499.0,,,,2619,1107499000	ID:6	[INFO: Metric    ] METRIC_TX type=REAL node=6 seq=107 bytes=48 time_ms=1106560
RX,REAL,,6,107,48,1107526.88,1107023,1107526.88,1106560,1107023,27.87999999988824,2620,1107526880	ID:1	[INFO: Metric    ] METRIC_RX type=REAL src=6 seq=107 send_ms=1106560 recv_ms=1107023 bytes=48
TX,REAL,4,,107,48,1109700.0,1109407,1109700.0,,,,2622,1109700000	ID:4	[INFO: Metric    ] METRIC_TX type=REAL node=4 seq=107 bytes=48 time_ms=1109407
RX,REAL,,4,107,48,1109753.168,1109250,1109753.168,1109407,1109250,53.16800000006333,2623,1109753168	ID:1	[INFO: Metric    ] METRIC_RX type=REAL src=4 seq=107 send_ms=1109407 recv_ms=1109250 bytes=48
TX,REAL,5,,106,48,1110452.0,1110115,1110452.0,,,,2625,1110452000	ID:5	[INFO: Metric    ] METRIC_TX type=REAL node=5 seq=106 bytes=48 time_ms=1110115
RX,REAL,,5,106,48,1110493.168,1109990,1110493.168,1110115,1109990,41.16800000006333,2626,1110493168	ID:1	[INFO: Metric    ] METRIC_RX type=REAL src=5 seq=106 send_ms=1110115 recv_ms=1109990 bytes=48
TX,REAL,2,,109,48,1113138.0,1112275,1113138.0,,,,2628,1113138000	ID:2	[INFO: Metric    ] METRIC_TX type=REAL node=2 seq=109 bytes=48 time_ms=1112275
RX,REAL,,2,109,48,1113180.88,1112677,1113180.88,1112275,1112677,42.87999999988824,2629,1113180880	ID:1	[INFO: Metric    ] METRIC_RX type=REAL src=2 seq=109 send_ms=1112275 recv_ms=1112677 bytes=48
TX,REAL,3,,107,48,1115041.0,1114377,1115041.0,,,,2632,1115041000	ID:3	[INFO: Metric    ] METRIC_TX type=REAL node=3 seq=107 bytes=48 time_ms=1114377
RX,REAL,,3,107,48,1115096.168,1114593,1115096.168,1114377,1114593,55.16800000006333,2633,1115096168	ID:1	[INFO: Metric    ] METRIC_RX type=REAL src=3 seq=107 send_ms=1114377 recv_ms=1114593 bytes=48
TX,REAL,7,,111,48,1116318.0,1115999,1116318.0,,,,2635,1116318000	ID:7	[INFO: Metric    ] METRIC_TX type=REAL node=7 seq=111 bytes=48 time_ms=1115999
TX,DUMMY,7,,27,48,1116319.0,1116000,1116319.0,,,,2636,1116319000	ID:7	[INFO: Metric    ] METRIC_TX type=DUMMY node=7 seq=27 bytes=48 time_ms=1116000
RX,REAL,,7,111,48,1116345.88,1115842,1116345.88,1115999,1115842,27.87999999988824,2637,1116345880	ID:1	[INFO: Metric    ] METRIC_RX type=REAL src=7 seq=111 send_ms=1115999 recv_ms=1115842 bytes=48
RX,DUMMY,,7,27,48,1116356.88,1115853,1116356.88,1116000,1115853,,2638,1116356880	ID:1	[INFO: Metric    ] METRIC_RX type=DUMMY src=7 seq=27 send_ms=1116000 recv_ms=1115853 bytes=48
TX,REAL,6,,108,48,1118500.0,1117561,1118500.0,,,,2641,1118500000	ID:6	[INFO: Metric    ] METRIC_TX type=REAL node=6 seq=108 bytes=48 time_ms=1117561
RX,REAL,,6,108,48,1118523.88,1118020,1118523.88,1117561,1118020,23.87999999988824,2642,1118523880	ID:1	[INFO: Metric    ] METRIC_RX type=REAL src=6 seq=108 send_ms=1117561 recv_ms=1118020 bytes=48
TX,REAL,4,,108,48,1119701.0,1119408,1119701.0,,,,2644,1119701000	ID:4	[INFO: Metric    ] METRIC_TX type=REAL node=4 seq=108 bytes=48 time_ms=1119408
RX,REAL,,4,108,48,1119730.168,1119227,1119730.168,1119408,1119227,29.16800000006333,2645,1119730168	ID:1	[INFO: Metric    ] METRIC_RX type=REAL src=4 seq=108 send_ms=1119408 recv_ms=1119227 bytes=48
TX,REAL,5,,107,48,1121453.0,1121116,1121453.0,,,,2647,1121453000	ID:5	[INFO: Metric    ] METRIC_TX type=REAL node=5 seq=107 bytes=48 time_ms=1121116
RX,REAL,,5,107,48,1121505.168,1121002,1121505.168,1121116,1121002,52.16800000006333,2648,1121505168	ID:1	[INFO: Metric    ] METRIC_RX type=REAL src=5 seq=107 send_ms=1121116 recv_ms=1121002 bytes=48
TX,REAL,2,,110,48,1122139.0,1121276,1122139.0,,,,2652,1122139000	ID:2	[INFO: Metric    ] METRIC_TX type=REAL node=2 seq=110 bytes=48 time_ms=1121276
RX,REAL,,2,110,48,1122160.88,1121657,1122160.88,1121276,1121657,21.87999999988824,2653,1122160880	ID:1	[INFO: Metric    ] METRIC_RX type=REAL src=2 seq=110 send_ms=1121276 recv_ms=1121657 bytes=48
TX,REAL,3,,108,48,1125042.0,1124378,1125042.0,,,,2655,1125042000	ID:3	[INFO: Metric    ] METRIC_TX type=REAL node=3 seq=108 bytes=48 time_ms=1124378
RX,REAL,,3,108,48,1125108.168,1124605,1125108.168,1124378,1124605,66.16800000006333,2656,1125108168	ID:1	[INFO: Metric    ] METRIC_RX type=REAL src=3 seq=108 send_ms=1124378 recv_ms=1124605 bytes=48
TX,REAL,7,,112,48,1127320.0,1127001,1127320.0,,,,2658,1127320000	ID:7	[INFO: Metric    ] METRIC_TX type=REAL node=7 seq=112 bytes=48 time_ms=1127001
TX,DUMMY,7,,28,48,1127321.0,1127002,1127321.0,,,,2659,1127321000	ID:7	[INFO: Metric    ] METRIC_TX type=DUMMY node=7 seq=28 bytes=48 time_ms=1127002
RX,REAL,,7,112,48,1127333.88,1126830,1127333.88,1127001,1126830,13.879999999888241,2660,1127333880	ID:1	[INFO: Metric    ] METRIC_RX type=REAL src=7 seq=112 send_ms=1127001 recv_ms=1126830 bytes=48
RX,DUMMY,,7,28,48,1127361.88,1126858,1127361.88,1127002,1126858,,2662,1127361880	ID:1	[INFO: Metric    ] METRIC_RX type=DUMMY src=7 seq=28 send_ms=1127002 recv_ms=1126858 bytes=48
TX,REAL,6,,109,48,1128501.0,1127562,1128501.0,,,,2665,1128501000	ID:6	[INFO: Metric    ] METRIC_TX type=REAL node=6 seq=109 bytes=48 time_ms=1127562
RX,REAL,,6,109,48,1128517.88,1128014,1128517.88,1127562,1128014,16.87999999988824,2666,1128517880	ID:1	[INFO: Metric    ] METRIC_RX type=REAL src=6 seq=109 send_ms=1127562 recv_ms=1128014 bytes=48
TX,REAL,4,,109,48,1128702.0,1128409,1128702.0,,,,2668,1128702000	ID:4	[INFO: Metric    ] METRIC_TX type=REAL node=4 seq=109 bytes=48 time_ms=1128409
TX,DUMMY,4,,17,48,1128703.0,1128410,1128703.0,,,,2669,1128703000	ID:4	[INFO: Metric    ] METRIC_TX type=DUMMY node=4 seq=17 bytes=48 time_ms=1128410
RX,REAL,,4,109,48,1128818.168,1128315,1128818.168,1128409,1128315,116.16800000006333,2670,1128818168	ID:1	[INFO: Metric    ] METRIC_RX type=REAL src=4 seq=109 send_ms=1128409 recv_ms=1128315 bytes=48
RX,DUMMY,,4,17,48,1128848.168,1128345,1128848.168,1128410,1128345,,2671,1128848168	ID:1	[INFO: Metric    ] METRIC_RX type=DUMMY src=4 seq=17 send_ms=1128410 recv_ms=1128345 bytes=48
TX,REAL,5,,108,48,1132454.0,1132117,1132454.0,,,,2674,1132454000	ID:5	[INFO: Metric    ] METRIC_TX type=REAL node=5 seq=108 bytes=48 time_ms=1132117
RX,REAL,,5,108,48,1132515.168,1132012,1132515.168,1132117,1132012,61.16800000006333,2675,1132515168	ID:1	[INFO: Metric    ] METRIC_RX type=REAL src=5 seq=108 send_ms=1132117 recv_ms=1132012 bytes=48
TX,REAL,2,,111,48,1133140.0,1132277,1133140.0,,,,2677,1133140000	ID:2	[INFO: Metric    ] METRIC_TX type=REAL node=2 seq=111 bytes=48 time_ms=1132277
TX,DUMMY,2,,21,48,1133141.0,1132278,1133141.0,,,,2678,1133141000	ID:2	[INFO: Metric    ] METRIC_TX type=DUMMY node=2 seq=21 bytes=48 time_ms=1132278
RX,REAL,,2,111,48,1133180.88,1132677,1133180.88,1132277,1132677,40.87999999988824,2679,1133180880	ID:1	[INFO: Metric    ] METRIC_RX type=REAL src=2 seq=111 send_ms=1132277 recv_ms=1132677 bytes=48
RX,DUMMY,,2,21,48,1133256.88,1132753,1133256.88,1132278,1132753,,2681,1133256880	ID:1	[INFO: Metric    ] METRIC_RX type=DUMMY src=2 seq=21 send_ms=1132278 recv_ms=1132753 bytes=48
TX,REAL,3,,109,48,1136043.0,1135379,1136043.0,,,,2683,1136043000	ID:3	[INFO: Metric    ] METRIC_TX type=REAL node=3 seq=109 bytes=48 time_ms=1135379
TX,DUMMY,3,,20,48,1136044.0,1135380,1136044.0,,,,2684,1136044000	ID:3	[INFO: Metric    ] METRIC_TX type=DUMMY node=3 seq=20 bytes=48 time_ms=1135380
RX,REAL,,3,109,48,1136084.304,1135581,1136084.304,1135379,1135581,41.304000000003725,2685,1136084304	ID:1	[INFO: Metric    ] METRIC_RX type=REAL src=3 seq=109 send_ms=1135379 recv_ms=1135581 bytes=48
RX,DUMMY,,3,20,48,1136150.168,1135647,1136150.168,1135380,1135647,,2686,1136150168	ID:1	[INFO: Metric    ] METRIC_RX type=DUMMY src=3 seq=20 send_ms=1135380 recv_ms=1135647 bytes=48
TX,REAL,7,,113,48,1136322.0,1136003,1136322.0,,,,2689,1136322000	ID:7	[INFO: Metric    ] METRIC_TX type=REAL node=7 seq=113 bytes=48 time_ms=1136003
RX,REAL,,7,113,48,1136329.88,1135826,1136329.88,1136003,1135826,7.879999999888241,2690,1136329880	ID:1	[INFO: Metric    ] METRIC_RX type=REAL src=7 seq=113 send_ms=1136003 recv_ms=1135826 bytes=48
TX,REAL,4,,110,48,1137704.0,1137411,1137704.0,,,,2694,1137704000	ID:4	[INFO: Metric    ] METRIC_TX type=REAL node=4 seq=110 bytes=48 time_ms=1137411
RX,REAL,,4,110,48,1137754.168,1137251,1137754.168,1137411,1137251,50.16800000006333,2695,1137754168	ID:1	[INFO: Metric    ] METRIC_RX type=REAL src=4 seq=110 send_ms=1137411 recv_ms=1137251 bytes=48
TX,REAL,6,,110,48,1138502.0,1137563,1138502.0,,,,2700,1138502000	ID:6	[INFO: Metric    ] METRIC_TX type=REAL node=6 seq=110 bytes=48 time_ms=1137563
TX,DUMMY,6,,22,48,1138503.0,1137564,1138503.0,,,,2701,1138503000	ID:6	[INFO: Metric    ] METRIC_TX type=DUMMY node=6 seq=22 bytes=48 time_ms=1137564
RX,REAL,,6,110,48,1138515.88,1138012,1138515.88,1137563,1138012,13.879999999888241,2702,1138515880	ID:1	[INFO: Metric    ] METRIC_RX type=REAL src=6 seq=110 send_ms=1137563 recv_ms=1138012 bytes=48
RX,DUMMY,,6,22,48,1138640.88,1138137,1138640.88,1137564,1138137,,2704,1138640880	ID:1	[INFO: Metric    ] METRIC_RX type=DUMMY src=6 seq=22 send_ms=1137564 recv_ms=1138137 bytes=48
TX,REAL,5,,109,48,1141455.0,1141118,1141455.0,,,,2706,1141455000	ID:5	[INFO: Metric    ] METRIC_TX type=REAL node=5 seq=109 bytes=48 time_ms=1141118
TX,DUMMY,5,,22,48,1141456.0,1141119,1141456.0,,,,2707,1141456000	ID:5	[INFO: Metric    ] METRIC_TX type=DUMMY node=5 seq=22 bytes=48 time_ms=1141119
RX,REAL,,5,109,48,1141529.168,1141026,1141529.168,1141118,1141026,74.16800000006333,2708,1141529168	ID:1	[INFO: Metric    ] METRIC_RX type=REAL src=5 seq=109 send_ms=1141118 recv_ms=1141026 bytes=48
RX,DUMMY,,5,22,48,1141548.168,1141045,1141548.168,1141119,1141045,,2709,1141548168	ID:1	[INFO: Metric    ] METRIC_RX type=DUMMY src=5 seq=22 send_ms=1141119 recv_ms=1141045 bytes=48
TX,REAL,2,,112,48,1144142.0,1143279,1144142.0,,,,2712,1144142000	ID:2	[INFO: Metric    ] METRIC_TX type=REAL node=2 seq=112 bytes=48 time_ms=1143279
RX,REAL,,2,112,48,1144172.88,1143669,1144172.88,1143279,1143669,30.87999999988824,2713,1144172880	ID:1	[INFO: Metric    ] METRIC_RX type=REAL src=2 seq=112 send_ms=1143279 recv_ms=1143669 bytes=48
TX,REAL,3,,110,48,1145045.0,1144381,1145045.0,,,,2717,1145045000	ID:3	[INFO: Metric    ] METRIC_TX type=REAL node=3 seq=110 bytes=48 time_ms=1144381
RX,REAL,,3,110,48,1145123.168,1144620,1145123.168,1144381,1144620,78.16800000006333,2718,1145123168	ID:1	[INFO: Metric    ] METRIC_RX type=REAL src=3 seq=110 send_ms=1144381 recv_ms=1144620 bytes=48
TX,REAL,7,,114,48,1145323.0,1145004,1145323.0,,,,2720,1145323000	ID:7	[INFO: Metric    ] METRIC_TX type=REAL node=7 seq=114 bytes=48 time_ms=1145004
TX,DUMMY,7,,29,48,1145324.0,1145005,1145324.0,,,,2721,1145324000	ID:7	[INFO: Metric    ] METRIC_TX type=DUMMY node=7 seq=29 bytes=48 time_ms=1145005
RX,REAL,,7,114,48,1145356.88,1144853,1145356.88,1145004,1144853,33.87999999988824,2722,1145356880	ID:1	[INFO: Metric    ] METRIC_RX type=REAL src=7 seq=114 send_ms=1145004 recv_ms=1144853 bytes=48
RX,DUMMY,,7,29,48,1145401.88,1144898,1145401.88,1145005,1144898,,2724,1145401880	ID:1	[INFO: Metric    ] METRIC_RX type=DUMMY src=7 seq=29 send_ms=1145005 recv_ms=1144898 bytes=48
TX,REAL,4,,111,48,1146705.0,1146412,1146705.0,,,,2726,1146705000	ID:4	[INFO: Metric    ] METRIC_TX type=REAL node=4 seq=111 bytes=48 time_ms=1146412
RX,REAL,,4,111,48,1146755.168,1146252,1146755.168,1146412,1146252,50.16800000006333,2727,1146755168	ID:1	[INFO: Metric    ] METRIC_RX type=REAL src=4 seq=111 send_ms=1146412 recv_ms=1146252 bytes=48
TX,REAL,6,,111,48,1148504.0,1147565,1148504.0,,,,2729,1148504000	ID:6	[INFO: Metric    ] METRIC_TX type=REAL node=6 seq=111 bytes=48 time_ms=1147565
RX,REAL,,6,111,48,1148512.88,1148009,1148512.88,1147565,1148009,8.879999999888241,2730,1148512880	ID:1	[INFO: Metric    ] METRIC_RX type=REAL src=6 seq=111 send_ms=1147565 recv_ms=1148009 bytes=48
TX,REAL,5,,110,48,1152457.0,1152120,1152457.0,,,,2735,1152457000	ID:5	[INFO: Metric    ] METRIC_TX type=REAL node=5 seq=110 bytes=48 time_ms=1152120
RX,REAL,,5,110,48,1152526.168,1152023,1152526.168,1152120,1152023,69.16800000006333,2736,1152526168	ID:1	[INFO: Metric    ] METRIC_RX type=REAL src=5 seq=110 send_ms=1152120 recv_ms=1152023 bytes=48
TX,REAL,2,,113,48,1154143.0,1153280,1154143.0,,,,2738,1154143000	ID:2	[INFO: Metric    ] METRIC_TX type=REAL node=2 seq=113 bytes=48 time_ms=1153280
RX,REAL,,2,113,48,1154154.88,1153651,1154154.88,1153280,1153651,11.879999999888241,2739,1154154880	ID:1	[INFO: Metric    ] METRIC_RX type=REAL src=2 seq=113 send_ms=1153280 recv_ms=1153651 bytes=48
TX,REAL,7,,115,48,1154325.0,1154006,1154325.0,,,,2741,1154325000	ID:7	[INFO: Metric    ] METRIC_TX type=REAL node=7 seq=115 bytes=48 time_ms=1154006
RX,REAL,,7,115,48,1154346.88,1153843,1154346.88,1154006,1153843,21.87999999988824,2742,1154346880	ID:1	[INFO: Metric    ] METRIC_RX type=REAL src=7 seq=115 send_ms=1154006 recv_ms=1153843 bytes=48
TX,REAL,3,,111,48,1155046.0,1154382,1155046.0,,,,2744,1155046000	ID:3	[INFO: Metric    ] METRIC_TX type=REAL node=3 seq=111 bytes=48 time_ms=1154382
RX,REAL,,3,111,48,1155090.168,1154587,1155090.168,1154382,1154587,44.16800000006333,2745,1155090168	ID:1	[INFO: Metric    ] METRIC_RX type=REAL src=3 seq=111 send_ms=1154382 recv_ms=1154587 bytes=48
TX,REAL,6,,112,48,1157505.0,1156566,1157505.0,,,,2747,1157505000	ID:6	[INFO: Metric    ] METRIC_TX type=REAL node=6 seq=112 bytes=48 time_ms=1156566
RX,REAL,,6,112,48,1157510.88,1157007,1157510.88,1156566,1157007,5.879999999888241,2748,1157510880	ID:1	[INFO: Metric    ] METRIC_RX type=REAL src=6 seq=112 send_ms=1156566 recv_ms=1157007 bytes=48
TX,REAL,4,,112,48,1157706.0,1157413,1157706.0,,,,2750,1157706000	ID:4	[INFO: Metric    ] METRIC_TX type=REAL node=4 seq=112 bytes=48 time_ms=1157413
RX,REAL,,4,112,48,1157749.304,1157246,1157749.304,1157413,1157246,43.304000000003725,2751,1157749304	ID:1	[INFO: Metric    ] METRIC_RX type=REAL src=4 seq=112 send_ms=1157413 recv_ms=1157246 bytes=48
TX,REAL,5,,111,48,1161458.0,1161121,1161458.0,,,,2753,1161458000	ID:5	[INFO: Metric    ] METRIC_TX type=REAL node=5 seq=111 bytes=48 time_ms=1161121
RX,REAL,,5,111,48,1161491.168,1160988,1161491.168,1161121,1160988,33.16800000006333,2754,1161491168	ID:1	[INFO: Metric    ] METRIC_RX type=REAL src=5 seq=111 send_ms=1161121 recv_ms=1160988 bytes=48
TX,REAL,3,,112,48,1165047.0,1164383,1165047.0,,,,2756,1165047000	ID:3	[INFO: Metric    ] METRIC_TX type=REAL node=3 seq=112 bytes=48 time_ms=1164383
RX,REAL,,3,112,48,1165066.168,1164563,1165066.168,1164383,1164563,19.16800000006333,2757,1165066168	ID:1	[INFO: Metric    ] METRIC_RX type=REAL src=3 seq=112 send_ms=1164383 recv_ms=1164563 bytes=48
TX,REAL,2,,114,48,1165144.0,1164281,1165144.0,,,,2759,1165144000	ID:2	[INFO: Metric    ] METRIC_TX type=REAL node=2 seq=114 bytes=48 time_ms=1164281
RX,REAL,,2,114,48,1165163.88,1164660,1165163.88,1164281,1164660,19.87999999988824,2760,1165163880	ID:1	[INFO: Metric    ] METRIC_RX type=REAL src=2 seq=114 send_ms=1164281 recv_ms=1164660 bytes=48
TX,REAL,7,,116,48,1165326.0,1165007,1165326.0,,,,2762,1165326000	ID:7	[INFO: Metric    ] METRIC_TX type=REAL node=7 seq=116 bytes=48 time_ms=1165007
RX,REAL,,7,116,48,1165338.88,1164835,1165338.88,1165007,1164835,12.879999999888241,2763,1165338880	ID:1	[INFO: Metric    ] METRIC_RX type=REAL src=7 seq=116 send_ms=1165007 recv_ms=1164835 bytes=48
TX,REAL,6,,113,48,1167506.0,1166567,1167506.0,,,,2766,1167506000	ID:6	[INFO: Metric    ] METRIC_TX type=REAL node=6 seq=113 bytes=48 time_ms=1166567
TX,DUMMY,6,,23,48,1167507.0,1166568,1167507.0,,,,2767,1167507000	ID:6	[INFO: Metric    ] METRIC_TX type=DUMMY node=6 seq=23 bytes=48 time_ms=1166568
RX,REAL,,6,113,48,1167520.88,1167017,1167520.88,1166567,1167017,14.879999999888241,2768,1167520880	ID:1	[INFO: Metric    ] METRIC_RX type=REAL src=6 seq=113 send_ms=1166567 recv_ms=1167017 bytes=48
RX,DUMMY,,6,23,48,1167535.88,1167032,1167535.88,1166568,1167032,,2769,1167535880	ID:1	[INFO: Metric    ] METRIC_RX type=DUMMY src=6 seq=23 send_ms=1166568 recv_ms=1167032 bytes=48
TX,REAL,4,,113,48,1167707.0,1167414,1167707.0,,,,2772,1167707000	ID:4	[INFO: Metric    ] METRIC_TX type=REAL node=4 seq=113 bytes=48 time_ms=1167414
RX,REAL,,4,113,48,1167769.168,1167266,1167769.168,1167414,1167266,62.16800000006333,2773,1167769168	ID:1	[INFO: Metric    ] METRIC_RX type=REAL src=4 seq=113 send_ms=1167414 recv_ms=1167266 bytes=48
TX,REAL,5,,112,48,1171459.0,1171122,1171459.0,,,,2775,1171459000	ID:5	[INFO: Metric    ] METRIC_TX type=REAL node=5 seq=112 bytes=48 time_ms=1171122
RX,REAL,,5,112,48,1171499.168,1170996,1171499.168,1171122,1170996,40.16800000006333,2776,1171499168	ID:1	[INFO: Metric    ] METRIC_RX type=REAL src=5 seq=112 send_ms=1171122 recv_ms=1170996 bytes=48
TX,REAL,2,,115,48,1174145.0,1173282,1174145.0,,,,2778,1174145000	ID:2	[INFO: Metric    ] METRIC_TX type=REAL node=2 seq=115 bytes=48 time_ms=1173282
RX,REAL,,2,115,48,1174178.88,1173675,1174178.88,1173282,1173675,33.87999999988824,2779,1174178880	ID:1	[INFO: Metric    ] METRIC_RX type=REAL src=2 seq=115 send_ms=1173282 recv_ms=1173675 bytes=48
TX,REAL,3,,113,48,1175048.0,1174384,1175048.0,,,,2781,1175048000	ID:3	[INFO: Metric    ] METRIC_TX type=REAL node=3 seq=113 bytes=48 time_ms=1174384
TX,DUMMY,3,,21,48,1175049.0,1174385,1175049.0,,,,2782,1175049000	ID:3	[INFO: Metric    ] METRIC_TX type=DUMMY node=3 seq=21 bytes=48 time_ms=1174385
RX,REAL,,3,113,48,1175062.304,1174559,1175062.304,1174384,1174559,14.304000000003725,2783,1175062304	ID:1	[INFO: Metric    ] METRIC_RX type=REAL src=3 seq=113 send_ms=1174384 recv_ms=1174559 bytes=48
RX,DUMMY,,3,21,48,1175122.168,1174619,1175122.168,1174385,1174619,,2784,1175122168	ID:1	[INFO: Metric    ] METRIC_RX type=DUMMY src=3 seq=21 send_ms=1174385 recv_ms=1174619 bytes=48
TX,REAL,7,,117,48,1175327.0,1175008,1175327.0,,,,2787,1175327000	ID:7	[INFO: Metric    ] METRIC_TX type=REAL node=7 seq=117 bytes=48 time_ms=1175008
RX,REAL,,7,117,48,1175347.88,1174844,1175347.88,1175008,1174844,20.87999999988824,2788,1175347880	ID:1	[INFO: Metric    ] METRIC_RX type=REAL src=7 seq=117 send_ms=1175008 recv_ms=1174844 bytes=48
TX,REAL,6,,114,48,1176508.0,1175569,1176508.0,,,,2790,1176508000	ID:6	[INFO: Metric    ] METRIC_TX type=REAL node=6 seq=114 bytes=48 time_ms=1175569
RX,REAL,,6,114,48,1176524.88,1176021,1176524.88,1175569,1176021,16.87999999988824,2791,1176524880	ID:1	[INFO: Metric    ] METRIC_RX type=REAL src=6 seq=114 send_ms=1175569 recv_ms=1176021 bytes=48
TX,REAL,4,,114,48,1177708.0,1177415,1177708.0,,,,2793,1177708000	ID:4	[INFO: Metric    ] METRIC_TX type=REAL node=4 seq=114 bytes=48 time_ms=1177415
TX,DUMMY,4,,18,48,1177709.0,1177416,1177709.0,,,,2794,1177709000	ID:4	[INFO: Metric    ] METRIC_TX type=DUMMY node=4 seq=18 bytes=48 time_ms=1177416
RX,REAL,,4,114,48,1177740.168,1177237,1177740.168,1177415,1177237,32.16800000006333,2795,1177740168	ID:1	[INFO: Metric    ] METRIC_RX type=REAL src=4 seq=114 send_ms=1177415 recv_ms=1177237 bytes=48
RX,DUMMY,,4,18,48,1177788.168,1177285,1177788.168,1177416,1177285,,2797,1177788168	ID:1	[INFO: Metric    ] METRIC_RX type=DUMMY src=4 seq=18 send_ms=1177416 recv_ms=1177285 bytes=48
TX,REAL,5,,113,48,1181460.0,1181123,1181460.0,,,,2800,1181460000	ID:5	[INFO: Metric    ] METRIC_TX type=REAL node=5 seq=113 bytes=48 time_ms=1181123
RX,REAL,,5,113,48,1181494.168,1180991,1181494.168,1181123,1180991,34.16800000006333,2801,1181494168	ID:1	[INFO: Metric    ] METRIC_RX type=REAL src=5 seq=113 send_ms=1181123 recv_ms=1180991 bytes=48
TX,REAL,7,,118,48,1184328.0,1184009,1184328.0,,,,2803,1184328000	ID:7	[INFO: Metric    ] METRIC_TX type=REAL node=7 seq=118 bytes=48 time_ms=1184009
RX,REAL,,7,118,48,1184369.88,1183866,1184369.88,1184009,1183866,41.87999999988824,2804,1184369880	ID:1	[INFO: Metric    ] METRIC_RX type=REAL src=7 seq=118 send_ms=1184009 recv_ms=1183866 bytes=48
TX,REAL,2,,116,48,1185146.0,1184283,1185146.0,,,,2806,1185146000	ID:2	[INFO: Metric    ] METRIC_TX type=REAL node=2 seq=116 bytes=48 time_ms=1184283
TX,DUMMY,2,,22,48,1185147.0,1184284,1185147.0,,,,2807,1185147000	ID:2	[INFO: Metric    ] METRIC_TX type=DUMMY node=2 seq=22 bytes=48 time_ms=1184284
RX,REAL,,2,116,48,1185166.88,1184663,1185166.88,1184283,1184663,20.87999999988824,2808,1185166880	ID:1	[INFO: Metric    ] METRIC_RX type=REAL src=2 seq=116 send_ms=1184283 recv_ms=1184663 bytes=48
RX,DUMMY,,2,22,48,1185192.88,1184689,1185192.88,1184284,1184689,,2809,1185192880	ID:1	[INFO: Metric    ] METRIC_RX type=DUMMY src=2 seq=22 send_ms=1184284 recv_ms=1184689 bytes=48
TX,REAL,3,,114,48,1186050.0,1185386,1186050.0,,,,2812,1186050000	ID:3	[INFO: Metric    ] METRIC_TX type=REAL node=3 seq=114 bytes=48 time_ms=1185386
RX,REAL,,3,114,48,1186112.168,1185609,1186112.168,1185386,1185609,62.16800000006333,2813,1186112168	ID:1	[INFO: Metric    ] METRIC_RX type=REAL src=3 seq=114 send_ms=1185386 recv_ms=1185609 bytes=48
TX,REAL,6,,115,48,1187509.0,1186570,1187509.0,,,,2815,1187509000	ID:6	[INFO: Metric    ] METRIC_TX type=REAL node=6 seq=115 bytes=48 time_ms=1186570
RX,REAL,,6,115,48,1187542.88,1187039,1187542.88,1186570,1187039,33.87999999988824,2816,1187542880	ID:1	[INFO: Metric    ] METRIC_RX type=REAL src=6 seq=115 send_ms=1186570 recv_ms=1187039 bytes=48
TX,REAL,4,,115,48,1187710.0,1187417,1187710.0,,,,2818,1187710000	ID:4	[INFO: Metric    ] METRIC_TX type=REAL node=4 seq=115 bytes=48 time_ms=1187417
TX,DUMMY,4,,19,48,1187711.0,1187418,1187711.0,,,,2819,1187711000	ID:4	[INFO: Metric    ] METRIC_TX type=DUMMY node=4 seq=19 bytes=48 time_ms=1187418
RX,REAL,,4,115,48,1187754.168,1187251,1187754.168,1187417,1187251,44.16800000006333,2820,1187754168	ID:1	[INFO: Metric    ] METRIC_RX type=REAL src=4 seq=115 send_ms=1187417 recv_ms=1187251 bytes=48
RX,DUMMY,,4,19,48,1187792.304,1187289,1187792.304,1187418,1187289,,2821,1187792304	ID:1	[INFO: Metric    ] METRIC_RX type=DUMMY src=4 seq=19 send_ms=1187418 recv_ms=1187289 bytes=48
TX,REAL,5,,114,48,1190461.0,1190124,1190461.0,,,,2824,1190461000	ID:5	[INFO: Metric    ] METRIC_TX type=REAL node=5 seq=114 bytes=48 time_ms=1190124
RX,REAL,,5,114,48,1190520.168,1190017,1190520.168,1190124,1190017,59.16800000006333,2825,1190520168	ID:1	[INFO: Metric    ] METRIC_RX type=REAL src=5 seq=114 send_ms=1190124 recv_ms=1190017 bytes=48
TX,REAL,7,,119,48,1193329.0,1193010,1193329.0,,,,2828,1193329000	ID:7	[INFO: Metric    ] METRIC_TX type=REAL node=7 seq=119 bytes=48 time_ms=1193010
RX,REAL,,7,119,48,1193334.88,1192831,1193334.88,1193010,1192831,5.879999999888241,2829,1193334880	ID:1	[INFO: Metric    ] METRIC_RX type=REAL src=7 seq=119 send_ms=1193010 recv_ms=1192831 bytes=48
TX,REAL,3,,115,48,1196051.0,1195387,1196051.0,,,,2831,1196051000	ID:3	[INFO: Metric    ] METRIC_TX type=REAL node=3 seq=115 bytes=48 time_ms=1195387
RX,REAL,,3,115,48,1196085.168,1195582,1196085.168,1195387,1195582,34.16800000006333,2832,1196085168	ID:1	[INFO: Metric    ] METRIC_RX type=REAL src=3 seq=115 send_ms=1195387 recv_ms=1195582 bytes=48
TX,REAL,2,,117,48,1196149.424,1195286,1196149.424,,,,2834,1196149424	ID:2	[INFO: Metric    ] METRIC_TX type=REAL node=2 seq=117 bytes=48 time_ms=1195286
RX,REAL,,2,117,48,1196187.88,1195684,1196187.88,1195286,1195684,38.45599999977276,2835,1196187880	ID:1	[INFO: Metric    ] METRIC_RX type=REAL src=2 seq=117 send_ms=1195286 recv_ms=1195684 bytes=48
TX,REAL,6,,116,48,1197510.0,1196571,1197510.0,,,,2837,1197510000	ID:6	[INFO: Metric    ] METRIC_TX type=REAL node=6 seq=116 bytes=48 time_ms=1196571
RX,REAL,,6,116,48,1197528.88,1197025,1197528.88,1196571,1197025,18.87999999988824,2838,1197528880	ID:1	[INFO: Metric    ] METRIC_RX type=REAL src=6 seq=116 send_ms=1196571 recv_ms=1197025 bytes=48
TX,REAL,4,,116,48,1198712.0,1198419,1198712.0,,,,2840,1198712000	ID:4	[INFO: Metric    ] METRIC_TX type=REAL node=4 seq=116 bytes=48 time_ms=1198419
RX,REAL,,4,116,48,1198775.168,1198272,1198775.168,1198419,1198272,63.16800000006333,2841,1198775168	ID:1	[INFO: Metric    ] METRIC_RX type=REAL src=4 seq=116 send_ms=1198419 recv_ms=1198272 bytes=48
TX,REAL,5,,115,48,1199462.0,1199125,1199462.0,,,,2843,1199462000	ID:5	[INFO: Metric    ] METRIC_TX type=REAL node=5 seq=115 bytes=48 time_ms=1199125
RX,REAL,,5,115,48,1199491.304,1198988,1199491.304,1199125,1198988,29.304000000003725,2844,1199491304	ID:1	[INFO: Metric    ] METRIC_RX type=REAL src=5 seq=115 send_ms=1199125 recv_ms=1198988 bytes=48
TX,REAL,7,,120,48,1203330.0,1203011,1203330.0,,,,2848,1203330000	ID:7	[INFO: Metric    ] METRIC_TX type=REAL node=7 seq=120 bytes=48 time_ms=1203011
RX,REAL,,7,120,48,1203346.88,1202843,1203346.88,1203011,1202843,16.87999999988824,2849,1203346880	ID:1	[INFO: Metric    ] METRIC_RX type=REAL src=7 seq=120 send_ms=1203011 recv_ms=1202843 bytes=48
TX,REAL,3,,116,48,1205052.0,1204388,1205052.0,,,,2851,1205052000	ID:3	[INFO: Metric    ] METRIC_TX type=REAL node=3 seq=116 bytes=48 time_ms=1204388
RX,REAL,,3,116,48,1205095.168,1204592,1205095.168,1204388,1204592,43.16800000006333,2852,1205095168	ID:1	[INFO: Metric    ] METRIC_RX type=REAL src=3 seq=116 send_ms=1204388 recv_ms=1204592 bytes=48
TX,REAL,2,,118,48,1205150.0,1204287,1205150.0,,,,2854,1205150000	ID:2	[INFO: Metric    ] METRIC_TX type=REAL node=2 seq=118 bytes=48 time_ms=1204287
RX,REAL,,2,118,48,1205158.88,1204655,1205158.88,1204287,1204655,8.879999999888241,2855,1205158880	ID:1	[INFO: Metric    ] METRIC_RX type=REAL src=2 seq=118 send_ms=1204287 recv_ms=1204655 bytes=48
TX,REAL,6,,117,48,1206511.0,1205572,1206511.0,,,,2857,1206511000	ID:6	[INFO: Metric    ] METRIC_TX type=REAL node=6 seq=117 bytes=48 time_ms=1205572
RX,REAL,,6,117,48,1206516.88,1206013,1206516.88,1205572,1206013,5.879999999888241,2858,1206516880	ID:1	[INFO: Metric    ] METRIC_RX type=REAL src=6 seq=117 send_ms=1205572 recv_ms=1206013 bytes=48
TX,REAL,4,,117,48,1208713.0,1208420,1208713.0,,,,2861,1208713000	ID:4	[INFO: Metric    ] METRIC_TX type=REAL node=4 seq=117 bytes=48 time_ms=1208420
RX,REAL,,4,117,48,1208754.168,1208251,1208754.168,1208420,1208251,41.16800000006333,2862,1208754168	ID:1	[INFO: Metric    ] METRIC_RX type=REAL src=4 seq=117 send_ms=1208420 recv_ms=1208251 bytes=48
TX,REAL,5,,116,48,1209463.0,1209126,1209463.0,,,,2864,1209463000	ID:5	[INFO: Metric    ] METRIC_TX type=REAL node=5 seq=116 bytes=48 time_ms=1209126
RX,REAL,,5,116,48,1209499.168,1208996,1209499.168,1209126,1208996,36.16800000006333,2865,1209499168	ID:1	[INFO: Metric    ] METRIC_RX type=REAL src=5 seq=116 send_ms=1209126 recv_ms=1208996 bytes=48
TX,REAL,7,,121,48,1212331.0,1212012,1212331.0,,,,2867,1212331000	ID:7	[INFO: Metric    ] METRIC_TX type=REAL node=7 seq=121 bytes=48 time_ms=1212012
RX,REAL,,7,121,48,1212340.88,1211837,1212340.88,1212012,1211837,9.879999999888241,2868,1212340880	ID:1	[INFO: Metric    ] METRIC_RX type=REAL src=7 seq=121 send_ms=1212012 recv_ms=1211837 bytes=48
TX,REAL,2,,119,48,1215151.0,1214288,1215151.0,,,,2870,1215151000	ID:2	[INFO: Metric    ] METRIC_TX type=REAL node=2 seq=119 bytes=48 time_ms=1214288
TX,DUMMY,2,,23,48,1215152.0,1214289,1215152.0,,,,2871,1215152000	ID:2	[INFO: Metric    ] METRIC_TX type=DUMMY node=2 seq=23 bytes=48 time_ms=1214289
RX,REAL,,2,119,48,1215183.88,1214680,1215183.88,1214288,1214680,32.87999999988824,2872,1215183880	ID:1	[INFO: Metric    ] METRIC_RX type=REAL src=2 seq=119 send_ms=1214288 recv_ms=1214680 bytes=48
RX,DUMMY,,2,23,48,1215221.88,1214718,1215221.88,1214289,1214718,,2874,1215221880	ID:1	[INFO: Metric    ] METRIC_RX type=DUMMY src=2 seq=23 send_ms=1214289 recv_ms=1214718 bytes=48
TX,REAL,3,,117,48,1216053.0,1215389,1216053.0,,,,2876,1216053000	ID:3	[INFO: Metric    ] METRIC_TX type=REAL node=3 seq=117 bytes=48 time_ms=1215389
RX,REAL,,3,117,48,1216077.304,1215574,1216077.304,1215389,1215574,24.304000000003725,2877,1216077304	ID:1	[INFO: Metric    ] METRIC_RX type=REAL src=3 seq=117 send_ms=1215389 recv_ms=1215574 bytes=48
TX,REAL,6,,118,48,1216512.0,1215573,1216512.0,,,,2879,1216512000	ID:6	[INFO: Metric    ] METRIC_TX type=REAL node=6 seq=118 bytes=48 time_ms=1215573
RX,REAL,,6,118,48,1216532.88,1216029,1216532.88,1215573,1216029,20.87999999988824,2880,1216532880	ID:1	[INFO: Metric    ] METRIC_RX type=REAL src=6 seq=118 send_ms=1215573 recv_ms=1216029 bytes=48
TX,REAL,5,,117,48,1218464.0,1218127,1218464.0,,,,2882,1218464000	ID:5	[INFO: Metric    ] METRIC_TX type=REAL node=5 seq=117 bytes=48 time_ms=1218127
TX,DUMMY,5,,23,48,1218465.0,1218128,1218465.0,,,,2883,1218465000	ID:5	[INFO: Metric    ] METRIC_TX type=DUMMY node=5 seq=23 bytes=48 time_ms=1218128
RX,REAL,,5,117,48,1218532.168,1218029,1218532.168,1218127,1218029,68.16800000006333,2884,1218532168	ID:1	[INFO: Metric    ] METRIC_RX type=REAL src=5 seq=117 send_ms=1218127 recv_ms=1218029 bytes=48
RX,DUMMY,,5,23,48,1218565.168,1218062,1218565.168,1218128,1218062,,2885,1218565168	ID:1	[INFO: Metric    ] METRIC_RX type=DUMMY src=5 seq=23 send_ms=1218128 recv_ms=1218062 bytes=48
TX,REAL,4,,118,48,1219714.0,1219421,1219714.0,,,,2888,1219714000	ID:4	[INFO: Metric    ] METRIC_TX type=REAL node=4 seq=118 bytes=48 time_ms=1219421
RX,REAL,,4,118,48,1219783.168,1219280,1219783.168,1219421,1219280,69.16800000006333,2889,1219783168	ID:1	[INFO: Metric    ] METRIC_RX type=REAL src=4 seq=118 send_ms=1219421 recv_ms=1219280 bytes=48
TX,REAL,7,,122,48,1223332.0,1223013,1223332.0,,,,2892,1223332000	ID:7	[INFO: Metric    ] METRIC_TX type=REAL node=7 seq=122 bytes=48 time_ms=1223013
RX,REAL,,7,122,48,1223352.88,1222849,1223352.88,1223013,1222849,20.87999999988824,2893,1223352880	ID:1	[INFO: Metric    ] METRIC_RX type=REAL src=7 seq=122 send_ms=1223013 recv_ms=1222849 bytes=48
TX,REAL,2,,120,48,1224153.0,1223290,1224153.0,,,,2897,1224153000	ID:2	[INFO: Metric    ] METRIC_TX type=REAL node=2 seq=120 bytes=48 time_ms=1223290
RX,REAL,,2,120,48,1224177.88,1223674,1224177.88,1223290,1223674,24.87999999988824,2898,1224177880	ID:1	[INFO: Metric    ] METRIC_RX type=REAL src=2 seq=120 send_ms=1223290 recv_ms=1223674 bytes=48
TX,REAL,3,,118,48,1225054.0,1224390,1225054.0,,,,2900,1225054000	ID:3	[INFO: Metric    ] METRIC_TX type=REAL node=3 seq=118 bytes=48 time_ms=1224390
RX,REAL,,3,118,48,1225144.168,1224641,1225144.168,1224390,1224641,90.16800000006333,2901,1225144168	ID:1	[INFO: Metric    ] METRIC_RX type=REAL src=3 seq=118 send_ms=1224390 recv_ms=1224641 bytes=48
TX,REAL,5,,118,48,1227466.0,1227129,1227466.0,,,,2903,1227466000	ID:5	[INFO: Metric    ] METRIC_TX type=REAL node=5 seq=118 bytes=48 time_ms=1227129
TX,DUMMY,5,,24,48,1227467.0,1227130,1227467.0,,,,2904,1227467000	ID:5	[INFO: Metric    ] METRIC_TX type=DUMMY node=5 seq=24 bytes=48 time_ms=1227130
TX,REAL,6,,119,48,1227513.0,1226574,1227513.0,,,,2905,1227513000	ID:6	[INFO: Metric    ] METRIC_TX type=REAL node=6 seq=119 bytes=48 time_ms=1226574
RX,REAL,,6,119,48,1227525.784,1227022,1227525.784,1226574,1227022,12.783999999985099,2906,1227525784	ID:1	[INFO: Metric    ] METRIC_RX type=REAL src=6 seq=119 send_ms=1226574 recv_ms=1227022 bytes=48
RX,REAL,,5,118,48,1227529.952,1227026,1227529.952,1227129,1227026,63.95200000004843,2907,1227529952	ID:1	[INFO: Metric    ] METRIC_RX type=REAL src=5 seq=118 send_ms=1227129 recv_ms=1227026 bytes=48
RX,DUMMY,,5,24,48,1227576.168,1227073,1227576.168,1227130,1227073,,2910,1227576168	ID:1	[INFO: Metric    ] METRIC_RX type=DUMMY src=5 seq=24 send_ms=1227130 recv_ms=1227073 bytes=48
TX,REAL,4,,119,48,1229715.0,1229422,1229715.0,,,,2912,1229715000	ID:4	[INFO: Metric    ] METRIC_TX type=REAL node=4 seq=119 bytes=48 time_ms=1229422
RX,REAL,,4,119,48,1229770.168,1229267,1229770.168,1229422,1229267,55.16800000006333,2913,1229770168	ID:1	[INFO: Metric    ] METRIC_RX type=REAL src=4 seq=119 send_ms=1229422 recv_ms=1229267 bytes=48
TX,REAL,7,,123,48,1233333.0,1233014,1233333.0,,,,2915,1233333000	ID:7	[INFO: Metric    ] METRIC_TX type=REAL node=7 seq=123 bytes=48 time_ms=1233014
RX,REAL,,7,123,48,1233352.88,1232849,1233352.88,1233014,1232849,19.87999999988824,2916,1233352880	ID:1	[INFO: Metric    ] METRIC_RX type=REAL src=7 seq=123 send_ms=1233014 recv_ms=1232849 bytes=48
TX,REAL,3,,119,48,1235055.0,1234391,1235055.0,,,,2918,1235055000	ID:3	[INFO: Metric    ] METRIC_TX type=REAL node=3 seq=119 bytes=48 time_ms=1234391
RX,REAL,,3,119,48,1235138.168,1234635,1235138.168,1234391,1234635,83.16800000006333,2919,1235138168	ID:1	[INFO: Metric    ] METRIC_RX type=REAL src=3 seq=119 send_ms=1234391 recv_ms=1234635 bytes=48
TX,REAL,2,,121,48,1235154.0,1234291,1235154.0,,,,2920,1235154000	ID:2	[INFO: Metric    ] METRIC_TX type=REAL node=2 seq=121 bytes=48 time_ms=1234291
RX,REAL,,2,121,48,1235188.304,1234685,1235188.304,1234291,1234685,34.304000000003725,2922,1235188304	ID:1	[INFO: Metric    ] METRIC_RX type=REAL src=2 seq=121 send_ms=1234291 recv_ms=1234685 bytes=48
TX,REAL,5,,119,48,1236468.0,1236131,1236468.0,,,,2925,1236468000	ID:5	[INFO: Metric    ] METRIC_TX type=REAL node=5 seq=119 bytes=48 time_ms=1236131
RX,REAL,,5,119,48,1236481.304,1235978,1236481.304,1236131,1235978,13.304000000003725,2926,1236481304	ID:1	[INFO: Metric    ] METRIC_RX type=REAL src=5 seq=119 send_ms=1236131 recv_ms=1235978 bytes=48
TX,REAL,6,,120,48,1236514.0,1235575,1236514.0,,,,2929,1236514000	ID:6	[INFO: Metric    ] METRIC_TX type=REAL node=6 seq=120 bytes=48 time_ms=1235575
RX,REAL,,6,120,48,1236519.88,1236016,1236519.88,1235575,1236016,5.879999999888241,2930,1236519880	ID:1	[INFO: Metric    ] METRIC_RX type=REAL src=6 seq=120 send_ms=1235575 recv_ms=1236016 bytes=48
TX,REAL,4,,120,48,1238716.0,1238423,1238716.0,,,,2935,1238716000	ID:4	[INFO: Metric    ] METRIC_TX type=REAL node=4 seq=120 bytes=48 time_ms=1238423
TX,DUMMY,4,,20,48,1238717.0,1238424,1238717.0,,,,2936,1238717000	ID:4	[INFO: Metric    ] METRIC_TX type=DUMMY node=4 seq=20 bytes=48 time_ms=1238424
RX,REAL,,4,120,48,1238769.304,1238266,1238769.304,1238423,1238266,53.304000000003725,2937,1238769304	ID:1	[INFO: Metric    ] METRIC_RX type=REAL src=4 seq=120 send_ms=1238423 recv_ms=1238266 bytes=48
RX,DUMMY,,4,20,48,1238779.168,1238276,1238779.168,1238424,1238276,,2938,1238779168	ID:1	[INFO: Metric    ] METRIC_RX type=DUMMY src=4 seq=20 send_ms=1238424 recv_ms=1238276 bytes=48
TX,REAL,7,,124,48,1242334.0,1242015,1242334.0,,,,2941,1242334000	ID:7	[INFO: Metric    ] METRIC_TX type=REAL node=7 seq=124 bytes=48 time_ms=1242015
RX,REAL,,7,124,48,1242378.88,1241875,1242378.88,1242015,1241875,44.87999999988824,2942,1242378880	ID:1	[INFO: Metric    ] METRIC_RX type=REAL src=7 seq=124 send_ms=1242015 recv_ms=1241875 bytes=48
TX,REAL,3,,120,48,1245056.0,1244392,1245056.0,,,,2946,1245056000	ID:3	[INFO: Metric    ] METRIC_TX type=REAL node=3 seq=120 bytes=48 time_ms=1244392
RX,REAL,,3,120,48,1245090.168,1244587,1245090.168,1244392,1244587,34.16800000006333,2947,1245090168	ID:1	[INFO: Metric    ] METRIC_RX type=REAL src=3 seq=120 send_ms=1244392 recv_ms=1244587 bytes=48
TX,REAL,2,,122,48,1245155.0,1244292,1245155.0,,,,2949,1245155000	ID:2	[INFO: Metric    ] METRIC_TX type=REAL node=2 seq=122 bytes=48 time_ms=1244292
RX,REAL,,2,122,48,1245185.88,1244682,1245185.88,1244292,1244682,30.87999999988824,2950,1245185880	ID:1	[INFO: Metric    ] METRIC_RX type=REAL src=2 seq=122 send_ms=1244292 recv_ms=1244682 bytes=48
TX,REAL,6,,121,48,1245515.0,1244576,1245515.0,,,,2952,1245515000	ID:6	[INFO: Metric    ] METRIC_TX type=REAL node=6 seq=121 bytes=48 time_ms=1244576
RX,REAL,,6,121,48,1245545.88,1245042,1245545.88,1244576,1245042,30.87999999988824,2953,1245545880	ID:1	[INFO: Metric    ] METRIC_RX type=REAL src=6 seq=121 send_ms=1244576 recv_ms=1245042 bytes=48
TX,REAL,5,,120,48,1247469.0,1247132,1247469.0,,,,2957,1247469000	ID:5	[INFO: Metric    ] METRIC_TX type=REAL node=5 seq=120 bytes=48 time_ms=1247132
RX,REAL,,5,120,48,1247532.168,1247029,1247532.168,1247132,1247029,63.16800000006333,2958,1247532168	ID:1	[INFO: Metric    ] METRIC_RX type=REAL src=5 seq=120 send_ms=1247132 recv_ms=1247029 bytes=48
TX,REAL,4,,121,48,1249718.0,1249425,1249718.0,,,,2960,1249718000	ID:4	[INFO: Metric    ] METRIC_TX type=REAL node=4 seq=121 bytes=48 time_ms=1249425
RX,REAL,,4,121,48,1249796.168,1249293,1249796.168,1249425,1249293,78.16800000006333,2961,1249796168	ID:1	[INFO: Metric    ] METRIC_RX type=REAL src=4 seq=121 send_ms=1249425 recv_ms=1249293 bytes=48
TX,REAL,7,,125,48,1253335.0,1253016,1253335.0,,,,2964,1253335000	ID:7	[INFO: Metric    ] METRIC_TX type=REAL node=7 seq=125 bytes=48 time_ms=1253016
RX,REAL,,7,125,48,1253377.88,1252874,1253377.88,1253016,1252874,42.87999999988824,2965,1253377880	ID:1	[INFO: Metric    ] METRIC_RX type=REAL src=7 seq=125 send_ms=1253016 recv_ms=1252874 bytes=48
TX,REAL,2,,123,48,1254156.0,1253293,1254156.0,,,,2967,1254156000	ID:2	[INFO: Metric    ] METRIC_TX type=REAL node=2 seq=123 bytes=48 time_ms=1253293
RX,REAL,,2,123,48,1254195.88,1253692,1254195.88,1253293,1253692,39.87999999988824,2968,1254195880	ID:1	[INFO: Metric    ] METRIC_RX type=REAL src=2 seq=123 send_ms=1253293 recv_ms=1253692 bytes=48
TX,REAL,6,,122,48,1254516.0,1253577,1254516.0,,,,2970,1254516000	ID:6	[INFO: Metric    ] METRIC_TX type=REAL node=6 seq=122 bytes=48 time_ms=1253577
RX,REAL,,6,122,48,1254542.88,1254039,1254542.88,1253577,1254039,26.87999999988824,2971,1254542880	ID:1	[INFO: Metric    ] METRIC_RX type=REAL src=6 seq=122 send_ms=1253577 recv_ms=1254039 bytes=48
TX,REAL,3,,121,48,1256057.0,1255393,1256057.0,,,,2973,1256057000	ID:3	[INFO: Metric    ] METRIC_TX type=REAL node=3 seq=121 bytes=48 time_ms=1255393
RX,REAL,,3,121,48,1256098.168,1255595,1256098.168,1255393,1255595,41.16800000006333,2974,1256098168	ID:1	[INFO: Metric    ] METRIC_RX type=REAL src=3 seq=121 send_ms=1255393 recv_ms=1255595 bytes=48
TX,REAL,5,,121,48,1256470.0,1256133,1256470.0,,,,2976,1256470000	ID:5	[INFO: Metric    ] METRIC_TX type=REAL node=5 seq=121 bytes=48 time_ms=1256133
RX,REAL,,5,121,48,1256536.168,1256033,1256536.168,1256133,1256033,66.16800000006333,2977,1256536168	ID:1	[INFO: Metric    ] METRIC_RX type=REAL src=5 seq=121 send_ms=1256133 recv_ms=1256033 bytes=48
TX,REAL,4,,122,48,1259719.0,1259426,1259719.0,,,,2979,1259719000	ID:4	[INFO: Metric    ] METRIC_TX type=REAL node=4 seq=122 bytes=48 time_ms=1259426
TX,DUMMY,4,,21,48,1259720.0,1259427,1259720.0,,,,2980,1259720000	ID:4	[INFO: Metric    ] METRIC_TX type=DUMMY node=4 seq=21 bytes=48 time_ms=1259427
RX,REAL,,4,122,48,1259779.168,1259276,1259779.168,1259426,1259276,60.16800000006333,2981,1259779168	ID:1	[INFO: Metric    ] METRIC_RX type=REAL src=4 seq=122 send_ms=1259426 recv_ms=1259276 bytes=48
RX,DUMMY,,4,21,48,1259793.168,1259290,1259793.168,1259427,1259290,,2982,1259793168	ID:1	[INFO: Metric    ] METRIC_RX type=DUMMY src=4 seq=21 send_ms=1259427 recv_ms=1259290 bytes=48
TX,REAL,2,,124,48,1263157.0,1262294,1263157.0,,,,2985,1263157000	ID:2	[INFO: Metric    ] METRIC_TX type=REAL node=2 seq=124 bytes=48 time_ms=1262294
RX,REAL,,2,124,48,1263179.88,1262676,1263179.88,1262294,1262676,22.87999999988824,2986,1263179880	ID:1	[INFO: Metric    ] METRIC_RX type=REAL src=2 seq=124 send_ms=1262294 recv_ms=1262676 bytes=48
TX,REAL,6,,123,48,1263517.0,1262578,1263517.0,,,,2988,1263517000	ID:6	[INFO: Metric    ] METRIC_TX type=REAL node=6 seq=123 bytes=48 time_ms=1262578
RX,REAL,,6,123,48,1263543.88,1263040,1263543.88,1262578,1263040,26.87999999988824,2989,1263543880	ID:1	[INFO: Metric    ] METRIC_RX type=REAL src=6 seq=123 send_ms=1262578 recv_ms=1263040 bytes=48
TX,REAL,7,,126,48,1264336.0,1264017,1264336.0,,,,2991,1264336000	ID:7	[INFO: Metric    ] METRIC_TX type=REAL node=7 seq=126 bytes=48 time_ms=1264017
RX,REAL,,7,126,48,1264377.88,1263874,1264377.88,1264017,1263874,41.87999999988824,2992,1264377880	ID:1	[INFO: Metric    ] METRIC_RX type=REAL src=7 seq=126 send_ms=1264017 recv_ms=1263874 bytes=48
TX,REAL,3,,122,48,1265058.0,1264394,1265058.0,,,,2995,1265058000	ID:3	[INFO: Metric    ] METRIC_TX type=REAL node=3 seq=122 bytes=48 time_ms=1264394
TX,DUMMY,3,,22,48,1265059.0,1264395,1265059.0,,,,2996,1265059000	ID:3	[INFO: Metric    ] METRIC_TX type=DUMMY node=3 seq=22 bytes=48 time_ms=1264395
RX,REAL,,3,122,48,1265133.168,1264630,1265133.168,1264394,1264630,75.16800000006333,2997,1265133168	ID:1	[INFO: Metric    ] METRIC_RX type=REAL src=3 seq=122 send_ms=1264394 recv_ms=1264630 bytes=48
RX,DUMMY,,3,22,48,1265168.168,1264665,1265168.168,1264395,1264665,,2998,1265168168	ID:1	[INFO: Metric    ] METRIC_RX type=DUMMY src=3 seq=22 send_ms=1264395 recv_ms=1264665 bytes=48
TX,REAL,5,,122,48,1265471.0,1265134,1265471.0,,,,3001,1265471000	ID:5	[INFO: Metric    ] METRIC_TX type=REAL node=5 seq=122 bytes=48 time_ms=1265134
RX,REAL,,5,122,48,1265556.168,1265053,1265556.168,1265134,1265053,85.16800000006333,3002,1265556168	ID:1	[INFO: Metric    ] METRIC_RX type=REAL src=5 seq=122 send_ms=1265134 recv_ms=1265053 bytes=48
TX,REAL,4,,123,48,1269721.0,1269428,1269721.0,,,,3004,1269721000	ID:4	[INFO: Metric    ] METRIC_TX type=REAL node=4 seq=123 bytes=48 time_ms=1269428
RX,REAL,,4,123,48,1269779.168,1269276,1269779.168,1269428,1269276,58.16800000006333,3005,1269779168	ID:1	[INFO: Metric    ] METRIC_RX type=REAL src=4 seq=123 send_ms=1269428 recv_ms=1269276 bytes=48
TX,REAL,7,,127,48,1273337.0,1273018,1273337.0,,,,3007,1273337000	ID:7	[INFO: Metric    ] METRIC_TX type=REAL node=7 seq=127 bytes=48 time_ms=1273018
TX,DUMMY,7,,30,48,1273338.0,1273019,1273338.0,,,,3008,1273338000	ID:7	[INFO: Metric    ] METRIC_TX type=DUMMY node=7 seq=30 bytes=48 time_ms=1273019
RX,REAL,,7,127,48,1273378.88,1272875,1273378.88,1273018,1272875,41.87999999988824,3009,1273378880	ID:1	[INFO: Metric    ] METRIC_RX type=REAL src=7 seq=127 send_ms=1273018 recv_ms=1272875 bytes=48
RX,DUMMY,,7,30,48,1273393.88,1272890,1273393.88,1273019,1272890,,3010,1273393880	ID:1	[INFO: Metric    ] METRIC_RX type=DUMMY src=7 seq=30 send_ms=1273019 recv_ms=1272890 bytes=48
TX,REAL,2,,125,48,1274158.0,1273295,1274158.0,,,,3013,1274158000	ID:2	[INFO: Metric    ] METRIC_TX type=REAL node=2 seq=125 bytes=48 time_ms=1273295
RX,REAL,,2,125,48,1274186.88,1273683,1274186.88,1273295,1273683,28.87999999988824,3014,1274186880	ID:1	[INFO: Metric    ] METRIC_RX type=REAL src=2 seq=125 send_ms=1273295 recv_ms=1273683 bytes=48
TX,REAL,6,,124,48,1274518.0,1273579,1274518.0,,,,3016,1274518000	ID:6	[INFO: Metric    ] METRIC_TX type=REAL node=6 seq=124 bytes=48 time_ms=1273579
TX,DUMMY,6,,24,48,1274519.0,1273580,1274519.0,,,,3017,1274519000	ID:6	[INFO: Metric    ] METRIC_TX type=DUMMY node=6 seq=24 bytes=48 time_ms=1273580
RX,REAL,,6,124,48,1274547.88,1274044,1274547.88,1273579,1274044,29.87999999988824,3018,1274547880	ID:1	[INFO: Metric    ] METRIC_RX type=REAL src=6 seq=124 send_ms=1273579 recv_ms=1274044 bytes=48
RX,DUMMY,,6,24,48,1274553.88,1274050,1274553.88,1273580,1274050,,3019,1274553880	ID:1	[INFO: Metric    ] METRIC_RX type=DUMMY src=6 seq=24 send_ms=1273580 recv_ms=1274050 bytes=48
TX,REAL,3,,123,48,1275060.0,1274396,1275060.0,,,,3022,1275060000	ID:3	[INFO: Metric    ] METRIC_TX type=REAL node=3 seq=123 bytes=48 time_ms=1274396
RX,REAL,,3,123,48,1275112.168,1274609,1275112.168,1274396,1274609,52.16800000006333,3023,1275112168	ID:1	[INFO: Metric    ] METRIC_RX type=REAL src=3 seq=123 send_ms=1274396 recv_ms=1274609 bytes=48
TX,REAL,5,,123,48,1275472.0,1275135,1275472.0,,,,3026,1275472000	ID:5	[INFO: Metric    ] METRIC_TX type=REAL node=5 seq=123 bytes=48 time_ms=1275135
RX,REAL,,5,123,48,1275512.168,1275009,1275512.168,1275135,1275009,40.16800000006333,3027,1275512168	ID:1	[INFO: Metric    ] METRIC_RX type=REAL src=5 seq=123 send_ms=1275135 recv_ms=1275009 bytes=48
TX,REAL,4,,124,48,1278722.0,1278429,1278722.0,,,,3029,1278722000	ID:4	[INFO: Metric    ] METRIC_TX type=REAL node=4 seq=124 bytes=48 time_ms=1278429
RX,REAL,,4,124,48,1278766.168,1278263,1278766.168,1278429,1278263,44.16800000006333,3030,1278766168	ID:1	[INFO: Metric    ] METRIC_RX type=REAL src=4 seq=124 send_ms=1278429 recv_ms=1278263 bytes=48
TX,REAL,7,,128,48,1282339.0,1282020,1282339.0,,,,3032,1282339000	ID:7	[INFO: Metric    ] METRIC_TX type=REAL node=7 seq=128 bytes=48 time_ms=1282020
RX,REAL,,7,128,48,1282356.88,1281853,1282356.88,1282020,1281853,17.87999999988824,3033,1282356880	ID:1	[INFO: Metric    ] METRIC_RX type=REAL src=7 seq=128 send_ms=1282020 recv_ms=1281853 bytes=48
TX,REAL,2,,126,48,1283159.0,1282296,1283159.0,,,,3035,1283159000	ID:2	[INFO: Metric    ] METRIC_TX type=REAL node=2 seq=126 bytes=48 time_ms=1282296
RX,REAL,,2,126,48,1283165.88,1282662,1283165.88,1282296,1282662,6.879999999888241,3036,1283165880	ID:1	[INFO: Metric    ] METRIC_RX type=REAL src=2 seq=126 send_ms=1282296 recv_ms=1282662 bytes=48
TX,REAL,3,,124,48,1285061.0,1284397,1285061.0,,,,3038,1285061000	ID:3	[INFO: Metric    ] METRIC_TX type=REAL node=3 seq=124 bytes=48 time_ms=1284397
RX,REAL,,3,124,48,1285141.168,1284638,1285141.168,1284397,1284638,80.16800000006333,3039,1285141168	ID:1	[INFO: Metric    ] METRIC_RX type=REAL src=3 seq=124 send_ms=1284397 recv_ms=1284638 bytes=48
TX,REAL,6,,125,48,1285520.0,1284581,1285520.0,,,,3041,1285520000	ID:6	[INFO: Metric    ] METRIC_TX type=REAL node=6 seq=125 bytes=48 time_ms=1284581
RX,REAL,,6,125,48,1285542.88,1285039,1285542.88,1284581,1285039,22.87999999988824,3042,1285542880	ID:1	[INFO: Metric    ] METRIC_RX type=REAL src=6 seq=125 send_ms=1284581 recv_ms=1285039 bytes=48
TX,REAL,5,,124,48,1286473.0,1286136,1286473.0,,,,3044,1286473000	ID:5	[INFO: Metric    ] METRIC_TX type=REAL node=5 seq=124 bytes=48 time_ms=1286136
RX,REAL,,5,124,48,1286502.168,1285999,1286502.168,1286136,1285999,29.16800000006333,3045,1286502168	ID:1	[INFO: Metric    ] METRIC_RX type=REAL src=5 seq=124 send_ms=1286136 recv_ms=1285999 bytes=48
TX,REAL,4,,125,48,1288723.0,1288430,1288723.0,,,,3047,1288723000	ID:4	[INFO: Metric    ] METRIC_TX type=REAL node=4 seq=125 bytes=48 time_ms=1288430
RX,REAL,,4,125,48,1288802.168,1288299,1288802.168,1288430,1288299,79.16800000006333,3048,1288802168	ID:1	[INFO: Metric    ] METRIC_RX type=REAL src=4 seq=125 send_ms=1288430 recv_ms=1288299 bytes=48
TX,REAL,7,,129,48,1292340.0,1292021,1292340.0,,,,3050,1292340000	ID:7	[INFO: Metric    ] METRIC_TX type=REAL node=7 seq=129 bytes=48 time_ms=1292021
RX,REAL,,7,129,48,1292346.88,1291843,1292346.88,1292021,1291843,6.879999999888241,3051,1292346880	ID:1	[INFO: Metric    ] METRIC_RX type=REAL src=7 seq=129 send_ms=1292021 recv_ms=1291843 bytes=48
TX,REAL,2,,127,48,1293160.0,1292297,1293160.0,,,,3053,1293160000	ID:2	[INFO: Metric    ] METRIC_TX type=REAL node=2 seq=127 bytes=48 time_ms=1292297
RX,REAL,,2,127,48,1293186.88,1292683,1293186.88,1292297,1292683,26.87999999988824,3054,1293186880	ID:1	[INFO: Metric    ] METRIC_RX type=REAL src=2 seq=127 send_ms=1292297 recv_ms=1292683 bytes=48
TX,REAL,6,,126,48,1294521.0,1293582,1294521.0,,,,3057,1294521000	ID:6	[INFO: Metric    ] METRIC_TX type=REAL node=6 seq=126 bytes=48 time_ms=1293582
RX,REAL,,6,126,48,1294526.88,1294023,1294526.88,1293582,1294023,5.879999999888241,3058,1294526880	ID:1	[INFO: Metric    ] METRIC_RX type=REAL src=6 seq=126 send_ms=1293582 recv_ms=1294023 bytes=48
TX,REAL,3,,125,48,1296062.0,1295398,1296062.0,,,,3060,1296062000	ID:3	[INFO: Metric    ] METRIC_TX type=REAL node=3 seq=125 bytes=48 time_ms=1295398
RX,REAL,,3,125,48,1296109.168,1295606,1296109.168,1295398,1295606,47.16800000006333,3061,1296109168	ID:1	[INFO: Metric    ] METRIC_RX type=REAL src=3 seq=125 send_ms=1295398 recv_ms=1295606 bytes=48
TX,REAL,5,,125,48,1297474.0,1297137,1297474.0,,,,3063,1297474000	ID:5	[INFO: Metric    ] METRIC_TX type=REAL node=5 seq=125 bytes=48 time_ms=1297137
RX,REAL,,5,125,48,1297517.168,1297014,1297517.168,1297137,1297014,43.16800000006333,3064,1297517168	ID:1	[INFO: Metric    ] METRIC_RX type=REAL src=5 seq=125 send_ms=1297137 recv_ms=1297014 bytes=48
TX,REAL,4,,126,48,1298724.0,1298431,1298724.0,,,,3066,1298724000	ID:4	[INFO: Metric    ] METRIC_TX type=REAL node=4 seq=126 bytes=48 time_ms=1298431
RX,REAL,,4,126,48,1298777.168,1298274,1298777.168,1298431,1298274,53.16800000006333,3067,1298777168	ID:1	[INFO: Metric    ] METRIC_RX type=REAL src=4 seq=126 send_ms=1298431 recv_ms=1298274 bytes=48
TX,REAL,7,,130,48,1301341.0,1301022,1301341.0,,,,3071,1301341000	ID:7	[INFO: Metric    ] METRIC_TX type=REAL node=7 seq=130 bytes=48 time_ms=1301022
RX,REAL,,7,130,48,1301372.88,1300869,1301372.88,1301022,1300869,31.87999999988824,3072,1301372880	ID:1	[INFO: Metric    ] METRIC_RX type=REAL src=7 seq=130 send_ms=1301022 recv_ms=1300869 bytes=48
TX,REAL,2,,128,48,1302161.0,1301298,1302161.0,,,,3074,1302161000	ID:2	[INFO: Metric    ] METRIC_TX type=REAL node=2 seq=128 bytes=48 time_ms=1301298
TX,DUMMY,2,,24,48,1302162.0,1301299,1302162.0,,,,3075,1302162000	ID:2	[INFO: Metric    ] METRIC_TX type=DUMMY node=2 seq=24 bytes=48 time_ms=1301299
RX,REAL,,2,128,48,1302190.88,1301687,1302190.88,1301298,1301687,29.87999999988824,3076,1302190880	ID:1	[INFO: Metric    ] METRIC_RX type=REAL src=2 seq=128 send_ms=1301298 recv_ms=1301687 bytes=48
RX,DUMMY,,2,24,48,1302201.88,1301698,1302201.88,1301299,1301698,,3077,1302201880	ID:1	[INFO: Metric    ] METRIC_RX type=DUMMY src=2 seq=24 send_ms=1301299 recv_ms=1301698 bytes=48
TX,REAL,6,,127,48,1303522.0,1302583,1303522.0,,,,3080,1303522000	ID:6	[INFO: Metric    ] METRIC_TX type=REAL node=6 seq=127 bytes=48 time_ms=1302583
RX,REAL,,6,127,48,1303540.88,1303037,1303540.88,1302583,1303037,18.87999999988824,3081,1303540880	ID:1	[INFO: Metric    ] METRIC_RX type=REAL src=6 seq=127 send_ms=1302583 recv_ms=1303037 bytes=48
TX,REAL,3,,126,48,1307063.0,1306399,1307063.0,,,,3083,1307063000	ID:3	[INFO: Metric    ] METRIC_TX type=REAL node=3 seq=126 bytes=48 time_ms=1306399
RX,REAL,,3,126,48,1307111.168,1306608,1307111.168,1306399,1306608,48.16800000006333,3084,1307111168	ID:1	[INFO: Metric    ] METRIC_RX type=REAL src=3 seq=126 send_ms=1306399 recv_ms=1306608 bytes=48
TX,REAL,5,,126,48,1307475.0,1307138,1307475.0,,,,3086,1307475000	ID:5	[INFO: Metric    ] METRIC_TX type=REAL node=5 seq=126 bytes=48 time_ms=1307138
RX,REAL,,5,126,48,1307513.168,1307010,1307513.168,1307138,1307010,38.16800000006333,3087,1307513168	ID:1	[INFO: Metric    ] METRIC_RX type=REAL src=5 seq=126 send_ms=1307138 recv_ms=1307010 bytes=48
TX,REAL,4,,127,48,1307725.0,1307432,1307725.0,,,,3090,1307725000	ID:4	[INFO: Metric    ] METRIC_TX type=REAL node=4 seq=127 bytes=48 time_ms=1307432
RX,REAL,,4,127,48,1307758.168,1307255,1307758.168,1307432,1307255,33.16800000006333,3091,1307758168	ID:1	[INFO: Metric    ] METRIC_RX type=REAL src=4 seq=127 send_ms=1307432 recv_ms=1307255 bytes=48
TX,REAL,2,,129,48,1312163.0,1311300,1312163.0,,,,3093,1312163000	ID:2	[INFO: Metric    ] METRIC_TX type=REAL node=2 seq=129 bytes=48 time_ms=1311300
RX,REAL,,2,129,48,1312206.88,1311703,1312206.88,1311300,1311703,43.87999999988824,3094,1312206880	ID:1	[INFO: Metric    ] METRIC_RX type=REAL src=2 seq=129 send_ms=1311300 recv_ms=1311703 bytes=48
TX,REAL,7,,131,48,1312342.0,1312023,1312342.0,,,,3096,1312342000	ID:7	[INFO: Metric    ] METRIC_TX type=REAL node=7 seq=131 bytes=48 time_ms=1312023
TX,DUMMY,7,,31,48,1312343.0,1312024,1312343.0,,,,3097,1312343000	ID:7	[INFO: Metric    ] METRIC_TX type=DUMMY node=7 seq=31 bytes=48 time_ms=1312024
RX,REAL,,7,131,48,1312348.88,1311845,1312348.88,1312023,1311845,6.879999999888241,3098,1312348880	ID:1	[INFO: Metric    ] METRIC_RX type=REAL src=7 seq=131 send_ms=1312023 recv_ms=1311845 bytes=48
RX,DUMMY,,7,31,48,1312436.88,1311933,1312436.88,1312024,1311933,,3100,1312436880	ID:1	[INFO: Metric    ] METRIC_RX type=DUMMY src=7 seq=31 send_ms=1312024 recv_ms=1311933 bytes=48
TX,REAL,6,,128,48,1314523.0,1313584,1314523.0,,,,3102,1314523000	ID:6	[INFO: Metric    ] METRIC_TX type=REAL node=6 seq=128 bytes=48 time_ms=1313584
TX,DUMMY,6,,25,48,1314524.0,1313585,1314524.0,,,,3103,1314524000	ID:6	[INFO: Metric    ] METRIC_TX type=DUMMY node=6 seq=25 bytes=48 time_ms=1313585
RX,REAL,,6,128,48,1314550.88,1314047,1314550.88,1313584,1314047,27.87999999988824,3104,1314550880	ID:1	[INFO: Metric    ] METRIC_RX type=REAL src=6 seq=128 send_ms=1313584 recv_ms=1314047 bytes=48
RX,DUMMY,,6,25,48,1314606.88,1314103,1314606.88,1313585,1314103,,3106,1314606880	ID:1	[INFO: Metric    ] METRIC_RX type=DUMMY src=6 seq=25 send_ms=1313585 recv_ms=1314103 bytes=48
TX,REAL,4,,128,48,1316726.0,1316433,1316726.0,,,,3108,1316726000	ID:4	[INFO: Metric    ] METRIC_TX type=REAL node=4 seq=128 bytes=48 time_ms=1316433
RX,REAL,,4,128,48,1316793.168,1316290,1316793.168,1316433,1316290,67.16800000006333,3109,1316793168	ID:1	[INFO: Metric    ] METRIC_RX type=REAL src=4 seq=128 send_ms=1316433 recv_ms=1316290 bytes=48
TX,REAL,3,,127,48,1317064.0,1316400,1317064.0,,,,3111,1317064000	ID:3	[INFO: Metric    ] METRIC_TX type=REAL node=3 seq=127 bytes=48 time_ms=1316400
RX,REAL,,3,127,48,1317104.168,1316601,1317104.168,1316400,1316601,40.16800000006333,3112,1317104168	ID:1	[INFO: Metric    ] METRIC_RX type=REAL src=3 seq=127 send_ms=1316400 recv_ms=1316601 bytes=48
TX,REAL,5,,127,48,1318476.0,1318139,1318476.0,,,,3114,1318476000	ID:5	[INFO: Metric    ] METRIC_TX type=REAL node=5 seq=127 bytes=48 time_ms=1318139
TX,DUMMY,5,,25,48,1318477.0,1318140,1318477.0,,,,3115,1318477000	ID:5	[INFO: Metric    ] METRIC_TX type=DUMMY node=5 seq=25 bytes=48 time_ms=1318140
RX,REAL,,5,127,48,1318524.168,1318021,1318524.168,1318139,1318021,48.16800000006333,3116,1318524168	ID:1	[INFO: Metric    ] METRIC_RX type=REAL src=5 seq=127 send_ms=1318139 recv_ms=1318021 bytes=48
RX,DUMMY,,5,25,48,1318586.168,1318083,1318586.168,1318140,1318083,,3118,1318586168	ID:1	[INFO: Metric    ] METRIC_RX type=DUMMY src=5 seq=25 send_ms=1318140 recv_ms=1318083 bytes=48
TX,REAL,2,,130,48,1321164.0,1320301,1321164.0,,,,3123,1321164000	ID:2	[INFO: Metric    ] METRIC_TX type=REAL node=2 seq=130 bytes=48 time_ms=1320301
RX,REAL,,2,130,48,1321188.88,1320685,1321188.88,1320301,1320685,24.87999999988824,3124,1321188880	ID:1	[INFO: Metric    ] METRIC_RX type=REAL src=2 seq=130 send_ms=1320301 recv_ms=1320685 bytes=48
TX,REAL,7,,132,48,1323344.0,1323025,1323344.0,,,,3126,1323344000	ID:7	[INFO: Metric    ] METRIC_TX type=REAL node=7 seq=132 bytes=48 time_ms=1323025
RX,REAL,,7,132,48,1323377.88,1322874,1323377.88,1323025,1322874,33.87999999988824,3127,1323377880	ID:1	[INFO: Metric    ] METRIC_RX type=REAL src=7 seq=132 send_ms=1323025 recv_ms=1322874 bytes=48
TX,REAL,6,,129,48,1323525.0,1322586,1323525.0,,,,3129,1323525000	ID:6	[INFO: Metric    ] METRIC_TX type=REAL node=6 seq=129 bytes=48 time_ms=1322586
RX,REAL,,6,129,48,1323559.88,1323056,1323559.88,1322586,1323056,34.87999999988824,3130,1323559880	ID:1	[INFO: Metric    ] METRIC_RX type=REAL src=6 seq=129 send_ms=1322586 recv_ms=1323056 bytes=48
TX,REAL,4,,129,48,1325727.0,1325434,1325727.0,,,,3132,1325727000	ID:4	[INFO: Metric    ] METRIC_TX type=REAL node=4 seq=129 bytes=48 time_ms=1325434
TX,DUMMY,4,,22,48,1325728.0,1325435,1325728.0,,,,3133,1325728000	ID:4	[INFO: Metric    ] METRIC_TX type=DUMMY node=4 seq=22 bytes=48 time_ms=1325435
RX,REAL,,4,129,48,1325796.168,1325293,1325796.168,1325434,1325293,69.16800000006333,3134,1325796168	ID:1	[INFO: Metric    ] METRIC_RX type=REAL src=4 seq=129 send_ms=1325434 recv_ms=1325293 bytes=48
RX,DUMMY,,4,22,48,1325827.168,1325324,1325827.168,1325435,1325324,,3135,1325827168	ID:1	[INFO: Metric    ] METRIC_RX type=DUMMY src=4 seq=22 send_ms=1325435 recv_ms=1325324 bytes=48
TX,REAL,3,,128,48,1327065.0,1326401,1327065.0,,,,3138,1327065000	ID:3	[INFO: Metric    ] METRIC_TX type=REAL node=3 seq=128 bytes=48 time_ms=1326401
RX,REAL,,3,128,48,1327148.168,1326645,1327148.168,1326401,1326645,83.16800000006333,3139,1327148168	ID:1	[INFO: Metric    ] METRIC_RX type=REAL src=3 seq=128 send_ms=1326401 recv_ms=1326645 bytes=48
TX,REAL,5,,128,48,1329478.0,1329141,1329478.0,,,,3141,1329478000	ID:5	[INFO: Metric    ] METRIC_TX type=REAL node=5 seq=128 bytes=48 time_ms=1329141
RX,REAL,,5,128,48,1329528.168,1329025,1329528.168,1329141,1329025,50.16800000006333,3142,1329528168	ID:1	[INFO: Metric    ] METRIC_RX type=REAL src=5 seq=128 send_ms=1329141 recv_ms=1329025 bytes=48
TX,REAL,2,,131,48,1330165.0,1329302,1330165.0,,,,3144,1330165000	ID:2	[INFO: Metric    ] METRIC_TX type=REAL node=2 seq=131 bytes=48 time_ms=1329302
RX,REAL,,2,131,48,1330202.88,1329699,1330202.88,1329302,1329699,37.87999999988824,3145,1330202880	ID:1	[INFO: Metric    ] METRIC_RX type=REAL src=2 seq=131 send_ms=1329302 recv_ms=1329699 bytes=48
TX,REAL,7,,133,48,1332345.0,1332026,1332345.0,,,,3147,1332345000	ID:7	[INFO: Metric    ] METRIC_TX type=REAL node=7 seq=133 bytes=48 time_ms=1332026
RX,REAL,,7,133,48,1332370.88,1331867,1332370.88,1332026,1331867,25.87999999988824,3148,1332370880	ID:1	[INFO: Metric    ] METRIC_RX type=REAL src=7 seq=133 send_ms=1332026 recv_ms=1331867 bytes=48
TX,REAL,6,,130,48,1333526.0,1332587,1333526.0,,,,3152,1333526000	ID:6	[INFO: Metric    ] METRIC_TX type=REAL node=6 seq=130 bytes=48 time_ms=1332587
RX,REAL,,6,130,48,1333531.88,1333028,1333531.88,1332587,1333028,5.879999999888241,3153,1333531880	ID:1	[INFO: Metric    ] METRIC_RX type=REAL src=6 seq=130 send_ms=1332587 recv_ms=1333028 bytes=48
TX,REAL,4,,130,48,1334729.0,1334436,1334729.0,,,,3158,1334729000	ID:4	[INFO: Metric    ] METRIC_TX type=REAL node=4 seq=130 bytes=48 time_ms=1334436
TX,DUMMY,4,,23,48,1334730.0,1334437,1334730.0,,,,3159,1334730000	ID:4	[INFO: Metric    ] METRIC_TX type=DUMMY node=4 seq=23 bytes=48 time_ms=1334437
RX,REAL,,4,130,48,1334799.168,1334296,1334799.168,1334436,1334296,70.16800000006333,3160,1334799168	ID:1	[INFO: Metric    ] METRIC_RX type=REAL src=4 seq=130 send_ms=1334436 recv_ms=1334296 bytes=48
RX,DUMMY,,4,23,48,1334826.168,1334323,1334826.168,1334437,1334323,,3161,1334826168	ID:1	[INFO: Metric    ] METRIC_RX type=DUMMY src=4 seq=23 send_ms=1334437 recv_ms=1334323 bytes=48
TX,REAL,3,,129,48,1336066.0,1335402,1336066.0,,,,3164,1336066000	ID:3	[INFO: Metric    ] METRIC_TX type=REAL node=3 seq=129 bytes=48 time_ms=1335402
RX,REAL,,3,129,48,1336117.168,1335614,1336117.168,1335402,1335614,51.16800000006333,3165,1336117168	ID:1	[INFO: Metric    ] METRIC_RX type=REAL src=3 seq=129 send_ms=1335402 recv_ms=1335614 bytes=48
TX,REAL,5,,129,48,1338479.0,1338142,1338479.0,,,,3167,1338479000	ID:5	[INFO: Metric    ] METRIC_TX type=REAL node=5 seq=129 bytes=48 time_ms=1338142
RX,REAL,,5,129,48,1338531.168,1338028,1338531.168,1338142,1338028,52.16800000006333,3168,1338531168	ID:1	[INFO: Metric    ] METRIC_RX type=REAL src=5 seq=129 send_ms=1338142 recv_ms=1338028 bytes=48
TX,REAL,2,,132,48,1341166.0,1340303,1341166.0,,,,3170,1341166000	ID:2	[INFO: Metric    ] METRIC_TX type=REAL node=2 seq=132 bytes=48 time_ms=1340303
RX,REAL,,2,132,48,1341172.88,1340669,1341172.88,1340303,1340669,6.879999999888241,3171,1341172880	ID:1	[INFO: Metric    ] METRIC_RX type=REAL src=2 seq=132 send_ms=1340303 recv_ms=1340669 bytes=48
TX,REAL,7,,134,48,1341346.0,1341027,1341346.0,,,,3173,1341346000	ID:7	[INFO: Metric    ] METRIC_TX type=REAL node=7 seq=134 bytes=48 time_ms=1341027
RX,REAL,,7,134,48,1341355.88,1340852,1341355.88,1341027,1340852,9.879999999888241,3174,1341355880	ID:1	[INFO: Metric    ] METRIC_RX type=REAL src=7 seq=134 send_ms=1341027 recv_ms=1340852 bytes=48
TX,REAL,6,,131,48,1343527.0,1342588,1343527.0,,,,3176,1343527000	ID:6	[INFO: Metric    ] METRIC_TX type=REAL node=6 seq=131 bytes=48 time_ms=1342588
RX,REAL,,6,131,48,1343569.88,1343066,1343569.88,1342588,1343066,42.87999999988824,3177,1343569880	ID:1	[INFO: Metric    ] METRIC_RX type=REAL src=6 seq=131 send_ms=1342588 recv_ms=1343066 bytes=48
TX,REAL,4,,131,48,1344731.0,1344438,1344731.0,,,,3179,1344731000	ID:4	[INFO: Metric    ] METRIC_TX type=REAL node=4 seq=131 bytes=48 time_ms=1344438
RX,REAL,,4,131,48,1344777.168,1344274,1344777.168,1344438,1344274,46.16800000006333,3180,1344777168	ID:1	[INFO: Metric    ] METRIC_RX type=REAL src=4 seq=131 send_ms=1344438 recv_ms=1344274 bytes=48
TX,REAL,3,,130,48,1347067.0,1346403,1347067.0,,,,3184,1347067000	ID:3	[INFO: Metric    ] METRIC_TX type=REAL node=3 seq=130 bytes=48 time_ms=1346403
RX,REAL,,3,130,48,1347137.168,1346634,1347137.168,1346403,1346634,70.16800000006333,3185,1347137168	ID:1	[INFO: Metric    ] METRIC_RX type=REAL src=3 seq=130 send_ms=1346403 recv_ms=1346634 bytes=48
TX,REAL,5,,130,48,1347480.0,1347143,1347480.0,,,,3189,1347480000	ID:5	[INFO: Metric    ] METRIC_TX type=REAL node=5 seq=130 bytes=48 time_ms=1347143
RX,REAL,,5,130,48,1347540.168,1347037,1347540.168,1347143,1347037,60.16800000006333,3190,1347540168	ID:1	[INFO: Metric    ] METRIC_RX type=REAL src=5 seq=130 send_ms=1347143 recv_ms=1347037 bytes=48
TX,REAL,2,,133,48,1350167.0,1349304,1350167.0,,,,3193,1350167000	ID:2	[INFO: Metric    ] METRIC_TX type=REAL node=2 seq=133 bytes=48 time_ms=1349304
RX,REAL,,2,133,48,1350178.88,1349675,1350178.88,1349304,1349675,11.879999999888241,3194,1350178880	ID:1	[INFO: Metric    ] METRIC_RX type=REAL src=2 seq=133 send_ms=1349304 recv_ms=1349675 bytes=48
TX,REAL,7,,135,48,1352347.0,1352028,1352347.0,,,,3196,1352347000	ID:7	[INFO: Metric    ] METRIC_TX type=REAL node=7 seq=135 bytes=48 time_ms=1352028
RX,REAL,,7,135,48,1352388.88,1351885,1352388.88,1352028,1351885,41.87999999988824,3197,1352388880	ID:1	[INFO: Metric    ] METRIC_RX type=REAL src=7 seq=135 send_ms=1352028 recv_ms=1351885 bytes=48
TX,REAL,6,,132,48,1352528.0,1351589,1352528.0,,,,3199,1352528000	ID:6	[INFO: Metric    ] METRIC_TX type=REAL node=6 seq=132 bytes=48 time_ms=1351589
RX,REAL,,6,132,48,1352534.88,1352031,1352534.88,1351589,1352031,6.879999999888241,3200,1352534880	ID:1	[INFO: Metric    ] METRIC_RX type=REAL src=6 seq=132 send_ms=1351589 recv_ms=1352031 bytes=48
TX,REAL,4,,132,48,1354732.0,1354439,1354732.0,,,,3202,1354732000	ID:4	[INFO: Metric    ] METRIC_TX type=REAL node=4 seq=132 bytes=48 time_ms=1354439
RX,REAL,,4,132,48,1354789.168,1354286,1354789.168,1354439,1354286,57.16800000006333,3203,1354789168	ID:1	[INFO: Metric    ] METRIC_RX type=REAL src=4 seq=132 send_ms=1354439 recv_ms=1354286 bytes=48
TX,REAL,5,,131,48,1356481.0,1356144,1356481.0,,,,3205,1356481000	ID:5	[INFO: Metric    ] METRIC_TX type=REAL node=5 seq=131 bytes=48 time_ms=1356144
RX,REAL,,5,131,48,1356558.168,1356055,1356558.168,1356144,1356055,77.16800000006333,3206,1356558168	ID:1	[INFO: Metric    ] METRIC_RX type=REAL src=5 seq=131 send_ms=1356144 recv_ms=1356055 bytes=48
TX,REAL,3,,131,48,1357068.0,1356404,1357068.0,,,,3208,1357068000	ID:3	[INFO: Metric    ] METRIC_TX type=REAL node=3 seq=131 bytes=48 time_ms=1356404
RX,REAL,,3,131,48,1357124.168,1356621,1357124.168,1356404,1356621,56.16800000006333,3209,1357124168	ID:1	[INFO: Metric    ] METRIC_RX type=REAL src=3 seq=131 send_ms=1356404 recv_ms=1356621 bytes=48
TX,REAL,2,,134,48,1359168.0,1358305,1359168.0,,,,3211,1359168000	ID:2	[INFO: Metric    ] METRIC_TX type=REAL node=2 seq=134 bytes=48 time_ms=1358305
RX,REAL,,2,134,48,1359199.88,1358696,1359199.88,1358305,1358696,31.87999999988824,3212,1359199880	ID:1	[INFO: Metric    ] METRIC_RX type=REAL src=2 seq=134 send_ms=1358305 recv_ms=1358696 bytes=48
TX,REAL,7,,136,48,1361348.0,1361029,1361348.0,,,,3214,1361348000	ID:7	[INFO: Metric    ] METRIC_TX type=REAL node=7 seq=136 bytes=48 time_ms=1361029
RX,REAL,,7,136,48,1361379.88,1360876,1361379.88,1361029,1360876,31.87999999988824,3215,1361379880	ID:1	[INFO: Metric    ] METRIC_RX type=REAL src=7 seq=136 send_ms=1361029 recv_ms=1360876 bytes=48
TX,REAL,6,,133,48,1363529.0,1362590,1363529.0,,,,3217,1363529000	ID:6	[INFO: Metric    ] METRIC_TX type=REAL node=6 seq=133 bytes=48 time_ms=1362590
RX,REAL,,6,133,48,1363534.88,1363031,1363534.88,1362590,1363031,5.879999999888241,3218,1363534880	ID:1	[INFO: Metric    ] METRIC_RX type=REAL src=6 seq=133 send_ms=1362590 recv_ms=1363031 bytes=48
TX,REAL,4,,133,48,1365733.0,1365440,1365733.0,,,,3220,1365733000	ID:4	[INFO: Metric    ] METRIC_TX type=REAL node=4 seq=133 bytes=48 time_ms=1365440
RX,REAL,,4,133,48,1365769.168,1365266,1365769.168,1365440,1365266,36.16800000006333,3221,1365769168	ID:1	[INFO: Metric    ] METRIC_RX type=REAL src=4 seq=133 send_ms=1365440 recv_ms=1365266 bytes=48
TX,REAL,5,,132,48,1366482.0,1366145,1366482.0,,,,3224,1366482000	ID:5	[INFO: Metric    ] METRIC_TX type=REAL node=5 seq=132 bytes=48 time_ms=1366145
RX,REAL,,5,132,48,1366512.168,1366009,1366512.168,1366145,1366009,30.16800000006333,3225,1366512168	ID:1	[INFO: Metric    ] METRIC_RX type=REAL src=5 seq=132 send_ms=1366145 recv_ms=1366009 bytes=48
TX,REAL,3,,132,48,1368069.0,1367405,1368069.0,,,,3227,1368069000	ID:3	[INFO: Metric    ] METRIC_TX type=REAL node=3 seq=132 bytes=48 time_ms=1367405
RX,REAL,,3,132,48,1368095.168,1367592,1368095.168,1367405,1367592,26.16800000006333,3228,1368095168	ID:1	[INFO: Metric    ] METRIC_RX type=REAL src=3 seq=132 send_ms=1367405 recv_ms=1367592 bytes=48
TX,REAL,2,,135,48,1368169.0,1367306,1368169.0,,,,3230,1368169000	ID:2	[INFO: Metric    ] METRIC_TX type=REAL node=2 seq=135 bytes=48 time_ms=1367306
TX,DUMMY,2,,25,48,1368170.0,1367307,1368170.0,,,,3231,1368170000	ID:2	[INFO: Metric    ] METRIC_TX type=DUMMY node=2 seq=25 bytes=48 time_ms=1367307
RX,REAL,,2,135,48,1368180.88,1367677,1368180.88,1367306,1367677,11.879999999888241,3232,1368180880	ID:1	[INFO: Metric    ] METRIC_RX type=REAL src=2 seq=135 send_ms=1367306 recv_ms=1367677 bytes=48
RX,DUMMY,,2,25,48,1368192.88,1367689,1368192.88,1367307,1367689,,3233,1368192880	ID:1	[INFO: Metric    ] METRIC_RX type=DUMMY src=2 seq=25 send_ms=1367307 recv_ms=1367689 bytes=48
TX,REAL,7,,137,48,1372349.0,1372030,1372349.0,,,,3236,1372349000	ID:7	[INFO: Metric    ] METRIC_TX type=REAL node=7 seq=137 bytes=48 time_ms=1372030
RX,REAL,,7,137,48,1372366.88,1371863,1372366.88,1372030,1371863,17.87999999988824,3237,1372366880	ID:1	[INFO: Metric    ] METRIC_RX type=REAL src=7 seq=137 send_ms=1372030 recv_ms=1371863 bytes=48
TX,REAL,6,,134,48,1374530.0,1373591,1374530.0,,,,3239,1374530000	ID:6	[INFO: Metric    ] METRIC_TX type=REAL node=6 seq=134 bytes=48 time_ms=1373591
TX,DUMMY,6,,26,48,1374531.0,1373592,1374531.0,,,,3240,1374531000	ID:6	[INFO: Metric    ] METRIC_TX type=DUMMY node=6 seq=26 bytes=48 time_ms=1373592
RX,REAL,,6,134,48,1374554.88,1374051,1374554.88,1373591,1374051,24.87999999988824,3241,1374554880	ID:1	[INFO: Metric    ] METRIC_RX type=REAL src=6 seq=134 send_ms=1373591 recv_ms=1374051 bytes=48
RX,DUMMY,,6,26,48,1374581.88,1374078,1374581.88,1373592,1374078,,3242,1374581880	ID:1	[INFO: Metric    ] METRIC_RX type=DUMMY src=6 seq=26 send_ms=1373592 recv_ms=1374078 bytes=48
TX,REAL,4,,134,48,1374734.0,1374441,1374734.0,,,,3245,1374734000	ID:4	[INFO: Metric    ] METRIC_TX type=REAL node=4 seq=134 bytes=48 time_ms=1374441
RX,REAL,,4,134,48,1374780.168,1374277,1374780.168,1374441,1374277,46.16800000006333,3246,1374780168	ID:1	[INFO: Metric    ] METRIC_RX type=REAL src=4 seq=134 send_ms=1374441 recv_ms=1374277 bytes=48
TX,REAL,5,,133,48,1375483.0,1375146,1375483.0,,,,3248,1375483000	ID:5	[INFO: Metric    ] METRIC_TX type=REAL node=5 seq=133 bytes=48 time_ms=1375146
RX,REAL,,5,133,48,1375533.168,1375030,1375533.168,1375146,1375030,50.16800000006333,3249,1375533168	ID:1	[INFO: Metric    ] METRIC_RX type=REAL src=5 seq=133 send_ms=1375146 recv_ms=1375030 bytes=48
TX,REAL,3,,133,48,1377070.0,1376406,1377070.0,,,,3251,1377070000	ID:3	[INFO: Metric    ] METRIC_TX type=REAL node=3 seq=133 bytes=48 time_ms=1376406
RX,REAL,,3,133,48,1377130.168,1376627,1377130.168,1376406,1376627,60.16800000006333,3252,1377130168	ID:1	[INFO: Metric    ] METRIC_RX type=REAL src=3 seq=133 send_ms=1376406 recv_ms=1376627 bytes=48
TX,REAL,2,,136,48,1377170.04,1376308,1377170.04,,,,3254,1377170040	ID:2	[INFO: Metric    ] METRIC_TX type=REAL node=2 seq=136 bytes=48 time_ms=1376308
TX,DUMMY,2,,26,48,1377171.04,1376308,1377171.04,,,,3255,1377171040	ID:2	[INFO: Metric    ] METRIC_TX type=DUMMY node=2 seq=26 bytes=48 time_ms=1376308
RX,REAL,,2,136,48,1377213.88,1376710,1377213.88,1376308,1376710,43.83999999985099,3257,1377213880	ID:1	[INFO: Metric    ] METRIC_RX type=REAL src=2 seq=136 send_ms=1376308 recv_ms=1376710 bytes=48
RX,DUMMY,,2,26,48,1377228.88,1376725,1377228.88,1376308,1376725,,3258,1377228880	ID:1	[INFO: Metric    ] METRIC_RX type=DUMMY src=2 seq=26 send_ms=1376308 recv_ms=1376725 bytes=48
TX,REAL,7,,138,48,1383350.0,1383031,1383350.0,,,,3261,1383350000	ID:7	[INFO: Metric    ] METRIC_TX type=REAL node=7 seq=138 bytes=48 time_ms=1383031
RX,REAL,,7,138,48,1383383.88,1382880,1383383.88,1383031,1382880,33.87999999988824,3262,1383383880	ID:1	[INFO: Metric    ] METRIC_RX type=REAL src=7 seq=138 send_ms=1383031 recv_ms=1382880 bytes=48
TX,REAL,5,,134,48,1384484.0,1384147,1384484.0,,,,3264,1384484000	ID:5	[INFO: Metric    ] METRIC_TX type=REAL node=5 seq=134 bytes=48 time_ms=1384147
RX,REAL,,5,134,48,1384555.168,1384052,1384555.168,1384147,1384052,71.16800000006333,3265,1384555168	ID:1	[INFO: Metric    ] METRIC_RX type=REAL src=5 seq=134 send_ms=1384147 recv_ms=1384052 bytes=48
TX,REAL,4,,135,48,1384735.0,1384442,1384735.0,,,,3267,1384735000	ID:4	[INFO: Metric    ] METRIC_TX type=REAL node=4 seq=135 bytes=48 time_ms=1384442
TX,DUMMY,4,,24,48,1384736.0,1384443,1384736.0,,,,3268,1384736000	ID:4	[INFO: Metric    ] METRIC_TX type=DUMMY node=4 seq=24 bytes=48 time_ms=1384443
RX,REAL,,4,135,48,1384776.168,1384273,1384776.168,1384442,1384273,41.16800000006333,3269,1384776168	ID:1	[INFO: Metric    ] METRIC_RX type=REAL src=4 seq=135 send_ms=1384442 recv_ms=1384273 bytes=48
RX,DUMMY,,4,24,48,1384842.168,1384339,1384842.168,1384443,1384339,,3271,1384842168	ID:1	[INFO: Metric    ] METRIC_RX type=DUMMY src=4 seq=24 send_ms=1384443 recv_ms=1384339 bytes=48
TX,REAL,6,,135,48,1385532.0,1384593,1385532.0,,,,3273,1385532000	ID:6	[INFO: Metric    ] METRIC_TX type=REAL node=6 seq=135 bytes=48 time_ms=1384593
TX,DUMMY,6,,27,48,1385533.0,1384594,1385533.0,,,,3274,1385533000	ID:6	[INFO: Metric    ] METRIC_TX type=DUMMY node=6 seq=27 bytes=48 time_ms=1384594
RX,REAL,,6,135,48,1385564.88,1385061,1385564.88,1384593,1385061,32.87999999988824,3275,1385564880	ID:1	[INFO: Metric    ] METRIC_RX type=REAL src=6 seq=135 send_ms=1384593 recv_ms=1385061 bytes=48
RX,DUMMY,,6,27,48,1385592.88,1385089,1385592.88,1384594,1385089,,3276,1385592880	ID:1	[INFO: Metric    ] METRIC_RX type=DUMMY src=6 seq=27 send_ms=1384594 recv_ms=1385089 bytes=48
TX,REAL,2,,137,48,1387172.0,1386309,1387172.0,,,,3279,1387172000	ID:2	[INFO: Metric    ] METRIC_TX type=REAL node=2 seq=137 bytes=48 time_ms=1386309
RX,REAL,,2,137,48,1387185.88,1386682,1387185.88,1386309,1386682,13.879999999888241,3280,1387185880	ID:1	[INFO: Metric    ] METRIC_RX type=REAL src=2 seq=137 send_ms=1386309 recv_ms=1386682 bytes=48
TX,REAL,3,,134,48,1388071.0,1387407,1388071.0,,,,3282,1388071000	ID:3	[INFO: Metric    ] METRIC_TX type=REAL node=3 seq=134 bytes=48 time_ms=1387407
RX,REAL,,3,134,48,1388130.168,1387627,1388130.168,1387407,1387627,59.16800000006333,3283,1388130168	ID:1	[INFO: Metric    ] METRIC_RX type=REAL src=3 seq=134 send_ms=1387407 recv_ms=1387627 bytes=48
TX,REAL,5,,135,48,1393485.0,1393148,1393485.0,,,,3286,1393485000	ID:5	[INFO: Metric    ] METRIC_TX type=REAL node=5 seq=135 bytes=48 time_ms=1393148
RX,REAL,,5,135,48,1393502.168,1392999,1393502.168,1393148,1392999,17.16800000006333,3287,1393502168	ID:1	[INFO: Metric    ] METRIC_RX type=REAL src=5 seq=135 send_ms=1393148 recv_ms=1392999 bytes=48
TX,REAL,7,,139,48,1394351.0,1394032,1394351.0,,,,3289,1394351000	ID:7	[INFO: Metric    ] METRIC_TX type=REAL node=7 seq=139 bytes=48 time_ms=1394032
RX,REAL,,7,139,48,1394387.88,1393884,1394387.88,1394032,1393884,36.87999999988824,3290,1394387880	ID:1	[INFO: Metric    ] METRIC_RX type=REAL src=7 seq=139 send_ms=1394032 recv_ms=1393884 bytes=48
TX,REAL,4,,136,48,1394737.0,1394444,1394737.0,,,,3292,1394737000	ID:4	[INFO: Metric    ] METRIC_TX type=REAL node=4 seq=136 bytes=48 time_ms=1394444
RX,REAL,,4,136,48,1394815.168,1394312,1394815.168,1394444,1394312,78.16800000006333,3293,1394815168	ID:1	[INFO: Metric    ] METRIC_RX type=REAL src=4 seq=136 send_ms=1394444 recv_ms=1394312 bytes=48
TX,REAL,6,,136,48,1395534.0,1394595,1395534.0,,,,3295,1395534000	ID:6	[INFO: Metric    ] METRIC_TX type=REAL node=6 seq=136 bytes=48 time_ms=1394595
TX,DUMMY,6,,28,48,1395535.0,1394596,1395535.0,,,,3296,1395535000	ID:6	[INFO: Metric    ] METRIC_TX type=DUMMY node=6 seq=28 bytes=48 time_ms=1394596
RX,REAL,,6,136,48,1395542.88,1395039,1395542.88,1394595,1395039,8.879999999888241,3297,1395542880	ID:1	[INFO: Metric    ] METRIC_RX type=REAL src=6 seq=136 send_ms=1394595 recv_ms=1395039 bytes=48
RX,DUMMY,,6,28,48,1395556.88,1395053,1395556.88,1394596,1395053,,3298,1395556880	ID:1	[INFO: Metric    ] METRIC_RX type=DUMMY src=6 seq=28 send_ms=1394596 recv_ms=1395053 bytes=48
TX,REAL,2,,138,48,1396173.0,1395310,1396173.0,,,,3301,1396173000	ID:2	[INFO: Metric    ] METRIC_TX type=REAL node=2 seq=138 bytes=48 time_ms=1395310
RX,REAL,,2,138,48,1396209.88,1395706,1396209.88,1395310,1395706,36.87999999988824,3302,1396209880	ID:1	[INFO: Metric    ] METRIC_RX type=REAL src=2 seq=138 send_ms=1395310 recv_ms=1395706 bytes=48
TX,REAL,3,,135,48,1398072.0,1397408,1398072.0,,,,3304,1398072000	ID:3	[INFO: Metric    ] METRIC_TX type=REAL node=3 seq=135 bytes=48 time_ms=1397408
TX,DUMMY,3,,23,48,1398073.0,1397409,1398073.0,,,,3305,1398073000	ID:3	[INFO: Metric    ] METRIC_TX type=DUMMY node=3 seq=23 bytes=48 time_ms=1397409
RX,REAL,,3,135,48,1398223.168,1397720,1398223.168,1397408,1397720,151.16800000006333,3306,1398223168	ID:1	[INFO: Metric    ] METRIC_RX type=REAL src=3 seq=135 send_ms=1397408 recv_ms=1397720 bytes=48
RX,DUMMY,,3,23,48,1398339.168,1397836,1398339.168,1397409,1397836,,3308,1398339168	ID:1	[INFO: Metric    ] METRIC_RX type=DUMMY src=3 seq=23 send_ms=1397409 recv_ms=1397836 bytes=48
TX,REAL,5,,136,48,1404486.0,1404149,1404486.0,,,,3310,1404486000	ID:5	[INFO: Metric    ] METRIC_TX type=REAL node=5 seq=136 bytes=48 time_ms=1404149
RX,REAL,,5,136,48,1404557.168,1404054,1404557.168,1404149,1404054,71.16800000006333,3311,1404557168	ID:1	[INFO: Metric    ] METRIC_RX type=REAL src=5 seq=136 send_ms=1404149 recv_ms=1404054 bytes=48
TX,REAL,7,,140,48,1405352.0,1405033,1405352.0,,,,3315,1405352000	ID:7	[INFO: Metric    ] METRIC_TX type=REAL node=7 seq=140 bytes=48 time_ms=1405033
TX,DUMMY,7,,32,48,1405353.0,1405034,1405353.0,,,,3316,1405353000	ID:7	[INFO: Metric    ] METRIC_TX type=DUMMY node=7 seq=32 bytes=48 time_ms=1405034
RX,REAL,,7,140,48,1405361.88,1404858,1405361.88,1405033,1404858,9.879999999888241,3317,1405361880	ID:1	[INFO: Metric    ] METRIC_RX type=REAL src=7 seq=140 send_ms=1405033 recv_ms=1404858 bytes=48
RX,DUMMY,,7,32,48,1405399.76,1404896,1405399.76,1405034,1404896,,3320,1405399760	ID:1	[INFO: Metric    ] METRIC_RX type=DUMMY src=7 seq=32 send_ms=1405034 recv_ms=1404896 bytes=48
TX,REAL,4,,137,48,1405738.0,1405445,1405738.0,,,,3322,1405738000	ID:4	[INFO: Metric    ] METRIC_TX type=REAL node=4 seq=137 bytes=48 time_ms=1405445
RX,REAL,,4,137,48,1405779.168,1405276,1405779.168,1405445,1405276,41.16800000006333,3323,1405779168	ID:1	[INFO: Metric    ] METRIC_RX type=REAL src=4 seq=137 send_ms=1405445 recv_ms=1405276 bytes=48
TX,REAL,2,,139,48,1406174.0,1405311,1406174.0,,,,3325,1406174000	ID:2	[INFO: Metric    ] METRIC_TX type=REAL node=2 seq=139 bytes=48 time_ms=1405311
RX,REAL,,2,139,48,1406185.88,1405682,1406185.88,1405311,1405682,11.879999999888241,3326,1406185880	ID:1	[INFO: Metric    ] METRIC_RX type=REAL src=2 seq=139 send_ms=1405311 recv_ms=1405682 bytes=48
TX,REAL,6,,137,48,1406536.0,1405597,1406536.0,,,,3328,1406536000	ID:6	[INFO: Metric    ] METRIC_TX type=REAL node=6 seq=137 bytes=48 time_ms=1405597
TX,DUMMY,6,,29,48,1406537.0,1405598,1406537.0,,,,3329,1406537000	ID:6	[INFO: Metric    ] METRIC_TX type=DUMMY node=6 seq=29 bytes=48 time_ms=1405598
RX,REAL,,6,137,48,1406563.88,1406060,1406563.88,1405597,1406060,27.87999999988824,3330,1406563880	ID:1	[INFO: Metric    ] METRIC_RX type=REAL src=6 seq=137 send_ms=1405597 recv_ms=1406060 bytes=48
RX,DUMMY,,6,29,48,1406570.76,1406067,1406570.76,1405598,1406067,,3331,1406570760	ID:1	[INFO: Metric    ] METRIC_RX type=DUMMY src=6 seq=29 send_ms=1405598 recv_ms=1406067 bytes=48
TX,REAL,3,,136,48,1409074.0,1408410,1409074.0,,,,3334,1409074000	ID:3	[INFO: Metric    ] METRIC_TX type=REAL node=3 seq=136 bytes=48 time_ms=1408410
RX,REAL,,3,136,48,1409127.168,1408624,1409127.168,1408410,1408624,53.16800000006333,3335,1409127168	ID:1	[INFO: Metric    ] METRIC_RX type=REAL src=3 seq=136 send_ms=1408410 recv_ms=1408624 bytes=48
TX,REAL,5,,137,48,1413487.0,1413150,1413487.0,,,,3337,1413487000	ID:5	[INFO: Metric    ] METRIC_TX type=REAL node=5 seq=137 bytes=48 time_ms=1413150
RX,REAL,,5,137,48,1413538.168,1413035,1413538.168,1413150,1413035,51.16800000006333,3338,1413538168	ID:1	[INFO: Metric    ] METRIC_RX type=REAL src=5 seq=137 send_ms=1413150 recv_ms=1413035 bytes=48
TX,REAL,2,,140,48,1415175.0,1414312,1415175.0,,,,3342,1415175000	ID:2	[INFO: Metric    ] METRIC_TX type=REAL node=2 seq=140 bytes=48 time_ms=1414312
RX,REAL,,2,140,48,1415215.88,1414712,1415215.88,1414312,1414712,40.87999999988824,3343,1415215880	ID:1	[INFO: Metric    ] METRIC_RX type=REAL src=2 seq=140 send_ms=1414312 recv_ms=1414712 bytes=48
TX,REAL,7,,141,48,1416354.0,1416035,1416354.0,,,,3345,1416354000	ID:7	[INFO: Metric    ] METRIC_TX type=REAL node=7 seq=141 bytes=48 time_ms=1416035
RX,REAL,,7,141,48,1416359.88,1415856,1416359.88,1416035,1415856,5.879999999888241,3346,1416359880	ID:1	[INFO: Metric    ] METRIC_RX type=REAL src=7 seq=141 send_ms=1416035 recv_ms=1415856 bytes=48
TX,REAL,6,,138,48,1416538.0,1415599,1416538.0,,,,3348,1416538000	ID:6	[INFO: Metric    ] METRIC_TX type=REAL node=6 seq=138 bytes=48 time_ms=1415599
RX,REAL,,6,138,48,1416543.88,1416040,1416543.88,1415599,1416040,5.879999999888241,3349,1416543880	ID:1	[INFO: Metric    ] METRIC_RX type=REAL src=6 seq=138 send_ms=1415599 recv_ms=1416040 bytes=48
TX,REAL,4,,138,48,1416739.0,1416446,1416739.0,,,,3352,1416739000	ID:4	[INFO: Metric    ] METRIC_TX type=REAL node=4 seq=138 bytes=48 time_ms=1416446
RX,REAL,,4,138,48,1416794.168,1416291,1416794.168,1416446,1416291,55.16800000006333,3353,1416794168	ID:1	[INFO: Metric    ] METRIC_RX type=REAL src=4 seq=138 send_ms=1416446 recv_ms=1416291 bytes=48
TX,REAL,3,,137,48,1420075.0,1419411,1420075.0,,,,3355,1420075000	ID:3	[INFO: Metric    ] METRIC_TX type=REAL node=3 seq=137 bytes=48 time_ms=1419411
RX,REAL,,3,137,48,1420147.168,1419644,1420147.168,1419411,1419644,72.16800000006333,3356,1420147168	ID:1	[INFO: Metric    ] METRIC_RX type=REAL src=3 seq=137 send_ms=1419411 recv_ms=1419644 bytes=48
TX,REAL,5,,138,48,1423488.0,1423151,1423488.0,,,,3358,1423488000	ID:5	[INFO: Metric    ] METRIC_TX type=REAL node=5 seq=138 bytes=48 time_ms=1423151
RX,REAL,,5,138,48,1423501.304,1422998,1423501.304,1423151,1422998,13.304000000003725,3359,1423501304	ID:1	[INFO: Metric    ] METRIC_RX type=REAL src=5 seq=138 send_ms=1423151 recv_ms=1422998 bytes=48
TX,REAL,2,,141,48,1425176.0,1424313,1425176.0,,,,3361,1425176000	ID:2	[INFO: Metric    ] METRIC_TX type=REAL node=2 seq=141 bytes=48 time_ms=1424313
RX,REAL,,2,141,48,1425197.88,1424694,1425197.88,1424313,1424694,21.87999999988824,3362,1425197880	ID:1	[INFO: Metric    ] METRIC_RX type=REAL src=2 seq=141 send_ms=1424313 recv_ms=1424694 bytes=48
TX,REAL,7,,142,48,1425355.0,1425036,1425355.0,,,,3364,1425355000	ID:7	[INFO: Metric    ] METRIC_TX type=REAL node=7 seq=142 bytes=48 time_ms=1425036
RX,REAL,,7,142,48,1425377.88,1424874,1425377.88,1425036,1424874,22.87999999988824,3365,1425377880	ID:1	[INFO: Metric    ] METRIC_RX type=REAL src=7 seq=142 send_ms=1425036 recv_ms=1424874 bytes=48
TX,REAL,6,,139,48,1425539.0,1424600,1425539.0,,,,3367,1425539000	ID:6	[INFO: Metric    ] METRIC_TX type=REAL node=6 seq=139 bytes=48 time_ms=1424600
TX,DUMMY,6,,30,48,1425540.0,1424601,1425540.0,,,,3368,1425540000	ID:6	[INFO: Metric    ] METRIC_TX type=DUMMY node=6 seq=30 bytes=48 time_ms=1424601
RX,REAL,,6,139,48,1425579.88,1425076,1425579.88,1424600,1425076,40.87999999988824,3369,1425579880	ID:1	[INFO: Metric    ] METRIC_RX type=REAL src=6 seq=139 send_ms=1424600 recv_ms=1425076 bytes=48
RX,DUMMY,,6,30,48,1425597.88,1425094,1425597.88,1424601,1425094,,3370,1425597880	ID:1	[INFO: Metric    ] METRIC_RX type=DUMMY src=6 seq=30 send_ms=1424601 recv_ms=1425094 bytes=48
TX,REAL,4,,139,48,1426740.0,1426447,1426740.0,,,,3373,1426740000	ID:4	[INFO: Metric    ] METRIC_TX type=REAL node=4 seq=139 bytes=48 time_ms=1426447
RX,REAL,,4,139,48,1426803.168,1426300,1426803.168,1426447,1426300,63.16800000006333,3374,1426803168	ID:1	[INFO: Metric    ] METRIC_RX type=REAL src=4 seq=139 send_ms=1426447 recv_ms=1426300 bytes=48
TX,REAL,3,,138,48,1431076.0,1430412,1431076.0,,,,3376,1431076000	ID:3	[INFO: Metric    ] METRIC_TX type=REAL node=3 seq=138 bytes=48 time_ms=1430412
TX,DUMMY,3,,24,48,1431077.0,1430413,1431077.0,,,,3377,1431077000	ID:3	[INFO: Metric    ] METRIC_TX type=DUMMY node=3 seq=24 bytes=48 time_ms=1430413
RX,REAL,,3,138,48,1431124.168,1430621,1431124.168,1430412,1430621,48.16800000006333,3378,1431124168	ID:1	[INFO: Metric    ] METRIC_RX type=REAL src=3 seq=138 send_ms=1430412 recv_ms=1430621 bytes=48
RX,DUMMY,,3,24,48,1431191.168,1430688,1431191.168,1430413,1430688,,3380,1431191168	ID:1	[INFO: Metric    ] METRIC_RX type=DUMMY src=3 seq=24 send_ms=1430413 recv_ms=1430688 bytes=48
TX,REAL,5,,139,48,1433489.0,1433152,1433489.0,,,,3383,1433489000	ID:5	[INFO: Metric    ] METRIC_TX type=REAL node=5 seq=139 bytes=48 time_ms=1433152
RX,REAL,,5,139,48,1433554.168,1433051,1433554.168,1433152,1433051,65.16800000006333,3384,1433554168	ID:1	[INFO: Metric    ] METRIC_RX type=REAL src=5 seq=139 send_ms=1433152 recv_ms=1433051 bytes=48
TX,REAL,6,,140,48,1434541.0,1433602,1434541.0,,,,3388,1434541000	ID:6	[INFO: Metric    ] METRIC_TX type=REAL node=6 seq=140 bytes=48 time_ms=1433602
RX,REAL,,6,140,48,1434563.88,1434060,1434563.88,1433602,1434060,22.87999999988824,3389,1434563880	ID:1	[INFO: Metric    ] METRIC_RX type=REAL src=6 seq=140 send_ms=1433602 recv_ms=1434060 bytes=48
TX,REAL,2,,142,48,1435177.0,1434314,1435177.0,,,,3391,1435177000	ID:2	[INFO: Metric    ] METRIC_TX type=REAL node=2 seq=142 bytes=48 time_ms=1434314
RX,REAL,,2,142,48,1435221.88,1434718,1435221.88,1434314,1434718,44.87999999988824,3392,1435221880	ID:1	[INFO: Metric    ] METRIC_RX type=REAL src=2 seq=142 send_ms=1434314 recv_ms=1434718 bytes=48
TX,REAL,7,,143,48,1436356.0,1436037,1436356.0,,,,3394,1436356000	ID:7	[INFO: Metric    ] METRIC_TX type=REAL node=7 seq=143 bytes=48 time_ms=1436037
RX,REAL,,7,143,48,1436361.88,1435858,1436361.88,1436037,1435858,5.879999999888241,3395,1436361880	ID:1	[INFO: Metric    ] METRIC_RX type=REAL src=7 seq=143 send_ms=1436037 recv_ms=1435858 bytes=48
TX,REAL,4,,140,48,1437741.0,1437448,1437741.0,,,,3399,1437741000	ID:4	[INFO: Metric    ] METRIC_TX type=REAL node=4 seq=140 bytes=48 time_ms=1437448
TX,DUMMY,4,,25,48,1437742.0,1437449,1437742.0,,,,3400,1437742000	ID:4	[INFO: Metric    ] METRIC_TX type=DUMMY node=4 seq=25 bytes=48 time_ms=1437449
RX,REAL,,4,140,48,1437795.168,1437292,1437795.168,1437448,1437292,54.16800000006333,3401,1437795168	ID:1	[INFO: Metric    ] METRIC_RX type=REAL src=4 seq=140 send_ms=1437448 recv_ms=1437292 bytes=48
RX,DUMMY,,4,25,48,1437833.168,1437330,1437833.168,1437449,1437330,,3403,1437833168	ID:1	[INFO: Metric    ] METRIC_RX type=DUMMY src=4 seq=25 send_ms=1437449 recv_ms=1437330 bytes=48
TX,REAL,3,,139,48,1440078.0,1439414,1440078.0,,,,3405,1440078000	ID:3	[INFO: Metric    ] METRIC_TX type=REAL node=3 seq=139 bytes=48 time_ms=1439414
RX,REAL,,3,139,48,1440123.168,1439620,1440123.168,1439414,1439620,45.16800000006333,3406,1440123168	ID:1	[INFO: Metric    ] METRIC_RX type=REAL src=3 seq=139 send_ms=1439414 recv_ms=1439620 bytes=48
TX,REAL,5,,140,48,1444490.0,1444153,1444490.0,,,,3410,1444490000	ID:5	[INFO: Metric    ] METRIC_TX type=REAL node=5 seq=140 bytes=48 time_ms=1444153
TX,DUMMY,5,,26,48,1444491.0,1444154,1444491.0,,,,3411,1444491000	ID:5	[INFO: Metric    ] METRIC_TX type=DUMMY node=5 seq=26 bytes=48 time_ms=1444154
TX,REAL,6,,141,48,1444542.0,1443603,1444542.0,,,,3412,1444542000	ID:6	[INFO: Metric    ] METRIC_TX type=REAL node=6 seq=141 bytes=48 time_ms=1443603
TX,DUMMY,6,,31,48,1444543.0,1443604,1444543.0,,,,3413,1444543000	ID:6	[INFO: Metric    ] METRIC_TX type=DUMMY node=6 seq=31 bytes=48 time_ms=1443604
RX,REAL,,5,140,48,1444551.168,1444048,1444551.168,1444153,1444048,61.16800000006333,3414,1444551168	ID:1	[INFO: Metric    ] METRIC_RX type=REAL src=5 seq=140 send_ms=1444153 recv_ms=1444048 bytes=48
RX,REAL,,6,141,48,1444564.88,1444061,1444564.88,1443603,1444061,22.87999999988824,3415,1444564880	ID:1	[INFO: Metric    ] METRIC_RX type=REAL src=6 seq=141 send_ms=1443603 recv_ms=1444061 bytes=48
RX,DUMMY,,6,31,48,1444604.88,1444101,1444604.88,1443604,1444101,,3417,1444604880	ID:1	[INFO: Metric    ] METRIC_RX type=DUMMY src=6 seq=31 send_ms=1443604 recv_ms=1444101 bytes=48
RX,DUMMY,,5,26,48,1444719.168,1444216,1444719.168,1444154,1444216,,3421,1444719168	ID:1	[INFO: Metric    ] METRIC_RX type=DUMMY src=5 seq=26 send_ms=1444154 recv_ms=1444216 bytes=48
TX,REAL,2,,143,48,1446178.0,1445315,1446178.0,,,,3423,1446178000	ID:2	[INFO: Metric    ] METRIC_TX type=REAL node=2 seq=143 bytes=48 time_ms=1445315
RX,REAL,,2,143,48,1446189.88,1445686,1446189.88,1445315,1445686,11.879999999888241,3424,1446189880	ID:1	[INFO: Metric    ] METRIC_RX type=REAL src=2 seq=143 send_ms=1445315 recv_ms=1445686 bytes=48
TX,REAL,7,,144,48,1447357.0,1447038,1447357.0,,,,3426,1447357000	ID:7	[INFO: Metric    ] METRIC_TX type=REAL node=7 seq=144 bytes=48 time_ms=1447038
RX,REAL,,7,144,48,1447392.88,1446889,1447392.88,1447038,1446889,35.87999999988824,3427,1447392880	ID:1	[INFO: Metric    ] METRIC_RX type=REAL src=7 seq=144 send_ms=1447038 recv_ms=1446889 bytes=48
TX,REAL,4,,141,48,1448743.0,1448450,1448743.0,,,,3429,1448743000	ID:4	[INFO: Metric    ] METRIC_TX type=REAL node=4 seq=141 bytes=48 time_ms=1448450
RX,REAL,,4,141,48,1448794.168,1448291,1448794.168,1448450,1448291,51.16800000006333,3430,1448794168	ID:1	[INFO: Metric    ] METRIC_RX type=REAL src=4 seq=141 send_ms=1448450 recv_ms=1448291 bytes=48
TX,REAL,3,,140,48,1451079.0,1450415,1451079.0,,,,3434,1451079000	ID:3	[INFO: Metric    ] METRIC_TX type=REAL node=3 seq=140 bytes=48 time_ms=1450415
RX,REAL,,3,140,48,1451109.168,1450606,1451109.168,1450415,1450606,30.16800000006333,3435,1451109168	ID:1	[INFO: Metric    ] METRIC_RX type=REAL src=3 seq=140 send_ms=1450415 recv_ms=1450606 bytes=48
TX,REAL,5,,141,48,1454492.0,1454155,1454492.0,,,,3437,1454492000	ID:5	[INFO: Metric    ] METRIC_TX type=REAL node=5 seq=141 bytes=48 time_ms=1454155
RX,REAL,,5,141,48,1454511.304,1454008,1454511.304,1454155,1454008,19.304000000003725,3438,1454511304	ID:1	[INFO: Metric    ] METRIC_RX type=REAL src=5 seq=141 send_ms=1454155 recv_ms=1454008 bytes=48
TX,REAL,2,,144,48,1455179.0,1454316,1455179.0,,,,3440,1455179000	ID:2	[INFO: Metric    ] METRIC_TX type=REAL node=2 seq=144 bytes=48 time_ms=1454316
RX,REAL,,2,144,48,1455219.88,1454716,1455219.88,1454316,1454716,40.87999999988824,3441,1455219880	ID:1	[INFO: Metric    ] METRIC_RX type=REAL src=2 seq=144 send_ms=1454316 recv_ms=1454716 bytes=48
TX,REAL,6,,142,48,1455544.0,1454605,1455544.0,,,,3443,1455544000	ID:6	[INFO: Metric    ] METRIC_TX type=REAL node=6 seq=142 bytes=48 time_ms=1454605
RX,REAL,,6,142,48,1455578.88,1455075,1455578.88,1454605,1455075,34.87999999988824,3444,1455578880	ID:1	[INFO: Metric    ] METRIC_RX type=REAL src=6 seq=142 send_ms=1454605 recv_ms=1455075 bytes=48
TX,REAL,7,,145,48,1457358.0,1457039,1457358.0,,,,3446,1457358000	ID:7	[INFO: Metric    ] METRIC_TX type=REAL node=7 seq=145 bytes=48 time_ms=1457039
RX,REAL,,7,145,48,1457364.88,1456861,1457364.88,1457039,1456861,6.879999999888241,3447,1457364880	ID:1	[INFO: Metric    ] METRIC_RX type=REAL src=7 seq=145 send_ms=1457039 recv_ms=1456861 bytes=48
TX,REAL,4,,142,48,1459744.0,1459451,1459744.0,,,,3449,1459744000	ID:4	[INFO: Metric    ] METRIC_TX type=REAL node=4 seq=142 bytes=48 time_ms=1459451
RX,REAL,,4,142,48,1459773.168,1459270,1459773.168,1459451,1459270,29.16800000006333,3450,1459773168	ID:1	[INFO: Metric    ] METRIC_RX type=REAL src=4 seq=142 send_ms=1459451 recv_ms=1459270 bytes=48
TX,REAL,3,,141,48,1462080.0,1461416,1462080.0,,,,3453,1462080000	ID:3	[INFO: Metric    ] METRIC_TX type=REAL node=3 seq=141 bytes=48 time_ms=1461416
RX,REAL,,3,141,48,1462135.168,1461632,1462135.168,1461416,1461632,55.16800000006333,3454,1462135168	ID:1	[INFO: Metric    ] METRIC_RX type=REAL src=3 seq=141 send_ms=1461416 recv_ms=1461632 bytes=48
TX,REAL,5,,142,48,1465493.0,1465156,1465493.0,,,,3456,1465493000	ID:5	[INFO: Metric    ] METRIC_TX type=REAL node=5 seq=142 bytes=48 time_ms=1465156
TX,REAL,6,,143,48,1465545.0,1464606,1465545.0,,,,3457,1465545000	ID:6	[INFO: Metric    ] METRIC_TX type=REAL node=6 seq=143 bytes=48 time_ms=1464606
TX,DUMMY,6,,32,48,1465546.0,1464607,1465546.0,,,,3458,1465546000	ID:6	[INFO: Metric    ] METRIC_TX type=DUMMY node=6 seq=32 bytes=48 time_ms=1464607
RX,REAL,,5,142,48,1465568.168,1465065,1465568.168,1465156,1465065,75.16800000006333,3459,1465568168	ID:1	[INFO: Metric    ] METRIC_RX type=REAL src=5 seq=142 send_ms=1465156 recv_ms=1465065 bytes=48
RX,REAL,,6,143,48,1465581.88,1465078,1465581.88,1464606,1465078,36.87999999988824,3460,1465581880	ID:1	[INFO: Metric    ] METRIC_RX type=REAL src=6 seq=143 send_ms=1464606 recv_ms=1465078 bytes=48
RX,DUMMY,,6,32,48,1465599.88,1465096,1465599.88,1464607,1465096,,3461,1465599880	ID:1	[INFO: Metric    ] METRIC_RX type=DUMMY src=6 seq=32 send_ms=1464607 recv_ms=1465096 bytes=48
TX,REAL,2,,145,48,1466180.0,1465317,1466180.0,,,,3465,1466180000	ID:2	[INFO: Metric    ] METRIC_TX type=REAL node=2 seq=145 bytes=48 time_ms=1465317
RX,REAL,,2,145,48,1466205.88,1465702,1466205.88,1465317,1465702,25.87999999988824,3466,1466205880	ID:1	[INFO: Metric    ] METRIC_RX type=REAL src=2 seq=145 send_ms=1465317 recv_ms=1465702 bytes=48
TX,REAL,7,,146,48,1466359.0,1466040,1466359.0,,,,3468,1466359000	ID:7	[INFO: Metric    ] METRIC_TX type=REAL node=7 seq=146 bytes=48 time_ms=1466040
RX,REAL,,7,146,48,1466399.88,1465896,1466399.88,1466040,1465896,40.87999999988824,3469,1466399880	ID:1	[INFO: Metric    ] METRIC_RX type=REAL src=7 seq=146 send_ms=1466040 recv_ms=1465896 bytes=48
TX,REAL,4,,143,48,1469745.0,1469452,1469745.0,,,,3471,1469745000	ID:4	[INFO: Metric    ] METRIC_TX type=REAL node=4 seq=143 bytes=48 time_ms=1469452
TX,DUMMY,4,,26,48,1469746.0,1469453,1469746.0,,,,3472,1469746000	ID:4	[INFO: Metric    ] METRIC_TX type=DUMMY node=4 seq=26 bytes=48 time_ms=1469453
RX,REAL,,4,143,48,1469787.168,1469284,1469787.168,1469452,1469284,42.16800000006333,3473,1469787168	ID:1	[INFO: Metric    ] METRIC_RX type=REAL src=4 seq=143 send_ms=1469452 recv_ms=1469284 bytes=48
RX,DUMMY,,4,26,48,1469816.168,1469313,1469816.168,1469453,1469313,,3474,1469816168	ID:1	[INFO: Metric    ] METRIC_RX type=DUMMY src=4 seq=26 send_ms=1469453 recv_ms=1469313 bytes=48
TX,REAL,3,,142,48,1471081.0,1470417,1471081.0,,,,3477,1471081000	ID:3	[INFO: Metric    ] METRIC_TX type=REAL node=3 seq=142 bytes=48 time_ms=1470417
RX,REAL,,3,142,48,1471165.168,1470662,1471165.168,1470417,1470662,84.16800000006333,3478,1471165168	ID:1	[INFO: Metric    ] METRIC_RX type=REAL src=3 seq=142 send_ms=1470417 recv_ms=1470662 bytes=48
TX,REAL,5,,143,48,1474494.0,1474157,1474494.0,,,,3480,1474494000	ID:5	[INFO: Metric    ] METRIC_TX type=REAL node=5 seq=143 bytes=48 time_ms=1474157
TX,DUMMY,5,,27,48,1474495.0,1474158,1474495.0,,,,3481,1474495000	ID:5	[INFO: Metric    ] METRIC_TX type=DUMMY node=5 seq=27 bytes=48 time_ms=1474158
RX,REAL,,5,143,48,1474533.304,1474030,1474533.304,1474157,1474030,39.304000000003725,3482,1474533304	ID:1	[INFO: Metric    ] METRIC_RX type=REAL src=5 seq=143 send_ms=1474157 recv_ms=1474030 bytes=48
RX,DUMMY,,5,27,48,1474570.168,1474067,1474570.168,1474158,1474067,,3484,1474570168	ID:1	[INFO: Metric    ] METRIC_RX type=DUMMY src=5 seq=27 send_ms=1474158 recv_ms=1474067 bytes=48
TX,REAL,6,,144,48,1475547.0,1474608,1475547.0,,,,3487,1475547000	ID:6	[INFO: Metric    ] METRIC_TX type=REAL node=6 seq=144 bytes=48 time_ms=1474608
RX,REAL,,6,144,48,1475579.88,1475076,1475579.88,1474608,1475076,32.87999999988824,3488,1475579880	ID:1	[INFO: Metric    ] METRIC_RX type=REAL src=6 seq=144 send_ms=1474608 recv_ms=1475076 bytes=48
TX,REAL,7,,147,48,1476360.0,1476041,1476360.0,,,,3490,1476360000	ID:7	[INFO: Metric    ] METRIC_TX type=REAL node=7 seq=147 bytes=48 time_ms=1476041
RX,REAL,,7,147,48,1476399.88,1475896,1476399.88,1476041,1475896,39.87999999988824,3491,1476399880	ID:1	[INFO: Metric    ] METRIC_RX type=REAL src=7 seq=147 send_ms=1476041 recv_ms=1475896 bytes=48
TX,REAL,2,,146,48,1477181.0,1476318,1477181.0,,,,3493,1477181000	ID:2	[INFO: Metric    ] METRIC_TX type=REAL node=2 seq=146 bytes=48 time_ms=1476318
RX,REAL,,2,146,48,1477218.88,1476715,1477218.88,1476318,1476715,37.87999999988824,3494,1477218880	ID:1	[INFO: Metric    ] METRIC_RX type=REAL src=2 seq=146 send_ms=1476318 recv_ms=1476715 bytes=48
TX,REAL,4,,144,48,1480747.0,1480454,1480747.0,,,,3496,1480747000	ID:4	[INFO: Metric    ] METRIC_TX type=REAL node=4 seq=144 bytes=48 time_ms=1480454
RX,REAL,,4,144,48,1480771.304,1480268,1480771.304,1480454,1480268,24.304000000003725,3497,1480771304	ID:1	[INFO: Metric    ] METRIC_RX type=REAL src=4 seq=144 send_ms=1480454 recv_ms=1480268 bytes=48
TX,REAL,3,,143,48,1481082.0,1480418,1481082.0,,,,3499,1481082000	ID:3	[INFO: Metric    ] METRIC_TX type=REAL node=3 seq=143 bytes=48 time_ms=1480418
TX,DUMMY,3,,25,48,1481083.0,1480419,1481083.0,,,,3500,1481083000	ID:3	[INFO: Metric    ] METRIC_TX type=DUMMY node=3 seq=25 bytes=48 time_ms=1480419
RX,REAL,,3,143,48,1481128.168,1480625,1481128.168,1480418,1480625,46.16800000006333,3501,1481128168	ID:1	[INFO: Metric    ] METRIC_RX type=REAL src=3 seq=143 send_ms=1480418 recv_ms=1480625 bytes=48
RX,DUMMY,,3,25,48,1481212.168,1480709,1481212.168,1480419,1480709,,3502,1481212168	ID:1	[INFO: Metric    ] METRIC_RX type=DUMMY src=3 seq=25 send_ms=1480419 recv_ms=1480709 bytes=48
TX,REAL,5,,144,48,1484496.0,1484159,1484496.0,,,,3505,1484496000	ID:5	[INFO: Metric    ] METRIC_TX type=REAL node=5 seq=144 bytes=48 time_ms=1484159
RX,REAL,,5,144,48,1484537.168,1484034,1484537.168,1484159,1484034,41.16800000006333,3506,1484537168	ID:1	[INFO: Metric    ] METRIC_RX type=REAL src=5 seq=144 send_ms=1484159 recv_ms=1484034 bytes=48
TX,REAL,6,,145,48,1484548.0,1483609,1484548.0,,,,3507,1484548000	ID:6	[INFO: Metric    ] METRIC_TX type=REAL node=6 seq=145 bytes=48 time_ms=1483609
RX,REAL,,6,145,48,1484613.88,1484110,1484613.88,1483609,1484110,65.87999999988824,3509,1484613880	ID:1	[INFO: Metric    ] METRIC_RX type=REAL src=6 seq=145 send_ms=1483609 recv_ms=1484110 bytes=48
TX,REAL,7,,148,48,1485361.0,1485042,1485361.0,,,,3511,1485361000	ID:7	[INFO: Metric    ] METRIC_TX type=REAL node=7 seq=148 bytes=48 time_ms=1485042
RX,REAL,,7,148,48,1485402.88,1484899,1485402.88,1485042,1484899,41.87999999988824,3512,1485402880	ID:1	[INFO: Metric    ] METRIC_RX type=REAL src=7 seq=148 send_ms=1485042 recv_ms=1484899 bytes=48
TX,REAL,2,,147,48,1486182.0,1485319,1486182.0,,,,3515,1486182000	ID:2	[INFO: Metric    ] METRIC_TX type=REAL node=2 seq=147 bytes=48 time_ms=1485319
TX,DUMMY,2,,27,48,1486183.0,1485320,1486183.0,,,,3516,1486183000	ID:2	[INFO: Metric    ] METRIC_TX type=DUMMY node=2 seq=27 bytes=48 time_ms=1485320
RX,REAL,,2,147,48,1486215.88,1485712,1486215.88,1485319,1485712,33.87999999988824,3517,1486215880	ID:1	[INFO: Metric    ] METRIC_RX type=REAL src=2 seq=147 send_ms=1485319 recv_ms=1485712 bytes=48
RX,DUMMY,,2,27,48,1486234.88,1485731,1486234.88,1485320,1485731,,3518,1486234880	ID:1	[INFO: Metric    ] METRIC_RX type=DUMMY src=2 seq=27 send_ms=1485320 recv_ms=1485731 bytes=48
TX,REAL,4,,145,48,1490748.0,1490455,1490748.0,,,,3521,1490748000	ID:4	[INFO: Metric    ] METRIC_TX type=REAL node=4 seq=145 bytes=48 time_ms=1490455
TX,DUMMY,4,,27,48,1490749.0,1490456,1490749.0,,,,3522,1490749000	ID:4	[INFO: Metric    ] METRIC_TX type=DUMMY node=4 seq=27 bytes=48 time_ms=1490456
RX,REAL,,4,145,48,1490781.168,1490278,1490781.168,1490455,1490278,33.16800000006333,3523,1490781168	ID:1	[INFO: Metric    ] METRIC_RX type=REAL src=4 seq=145 send_ms=1490455 recv_ms=1490278 bytes=48
RX,DUMMY,,4,27,48,1490986.168,1490483,1490986.168,1490456,1490483,,3525,1490986168	ID:1	[INFO: Metric    ] METRIC_RX type=DUMMY src=4 seq=27 send_ms=1490456 recv_ms=1490483 bytes=48
TX,REAL,3,,144,48,1491084.0,1490420,1491084.0,,,,3527,1491084000	ID:3	[INFO: Metric    ] METRIC_TX type=REAL node=3 seq=144 bytes=48 time_ms=1490420
RX,REAL,,3,144,48,1491152.168,1490649,1491152.168,1490420,1490649,68.16800000006333,3528,1491152168	ID:1	[INFO: Metric    ] METRIC_RX type=REAL src=3 seq=144 send_ms=1490420 recv_ms=1490649 bytes=48
TX,REAL,6,,146,48,1493549.0,1492610,1493549.0,,,,3530,1493549000	ID:6	[INFO: Metric    ] METRIC_TX type=REAL node=6 seq=146 bytes=48 time_ms=1492610
RX,REAL,,6,146,48,1493589.88,1493086,1493589.88,1492610,1493086,40.87999999988824,3531,1493589880	ID:1	[INFO: Metric    ] METRIC_RX type=REAL src=6 seq=146 send_ms=1492610 recv_ms=1493086 bytes=48
TX,REAL,5,,145,48,1495497.0,1495160,1495497.0,,,,3533,1495497000	ID:5	[INFO: Metric    ] METRIC_TX type=REAL node=5 seq=145 bytes=48 time_ms=1495160
RX,REAL,,5,145,48,1495531.168,1495028,1495531.168,1495160,1495028,34.16800000006333,3534,1495531168	ID:1	[INFO: Metric    ] METRIC_RX type=REAL src=5 seq=145 send_ms=1495160 recv_ms=1495028 bytes=48
TX,REAL,7,,149,48,1496362.0,1496043,1496362.0,,,,3536,1496362000	ID:7	[INFO: Metric    ] METRIC_TX type=REAL node=7 seq=149 bytes=48 time_ms=1496043
RX,REAL,,7,149,48,1496390.88,1495887,1496390.88,1496043,1495887,28.87999999988824,3537,1496390880	ID:1	[INFO: Metric    ] METRIC_RX type=REAL src=7 seq=149 send_ms=1496043 recv_ms=1495887 bytes=48
TX,REAL,2,,148,48,1497184.0,1496321,1497184.0,,,,3539,1497184000	ID:2	[INFO: Metric    ] METRIC_TX type=REAL node=2 seq=148 bytes=48 time_ms=1496321
TX,DUMMY,2,,28,48,1497185.0,1496322,1497185.0,,,,3540,1497185000	ID:2	[INFO: Metric    ] METRIC_TX type=DUMMY node=2 seq=28 bytes=48 time_ms=1496322
RX,REAL,,2,148,48,1497227.88,1496724,1497227.88,1496321,1496724,43.87999999988824,3541,1497227880	ID:1	[INFO: Metric    ] METRIC_RX type=REAL src=2 seq=148 send_ms=1496321 recv_ms=1496724 bytes=48
RX,DUMMY,,2,28,48,1497233.88,1496730,1497233.88,1496322,1496730,,3542,1497233880	ID:1	[INFO: Metric    ] METRIC_RX type=DUMMY src=2 seq=28 send_ms=1496322 recv_ms=1496730 bytes=48
TX,REAL,4,,146,48,1500750.0,1500457,1500750.0,,,,3546,1500750000	ID:4	[INFO: Metric    ] METRIC_TX type=REAL node=4 seq=146 bytes=48 time_ms=1500457
RX,REAL,,4,146,48,1500812.168,1500309,1500812.168,1500457,1500309,62.16800000006333,3547,1500812168	ID:1	[INFO: Metric    ] METRIC_RX type=REAL src=4 seq=146 send_ms=1500457 recv_ms=1500309 bytes=48
TX,REAL,3,,145,48,1501085.0,1500421,1501085.0,,,,3549,1501085000	ID:3	[INFO: Metric    ] METRIC_TX type=REAL node=3 seq=145 bytes=48 time_ms=1500421
TX,DUMMY,3,,26,48,1501086.0,1500422,1501086.0,,,,3550,1501086000	ID:3	[INFO: Metric    ] METRIC_TX type=DUMMY node=3 seq=26 bytes=48 time_ms=1500422
RX,REAL,,3,145,48,1501135.168,1500632,1501135.168,1500421,1500632,50.16800000006333,3551,1501135168	ID:1	[INFO: Metric    ] METRIC_RX type=REAL src=3 seq=145 send_ms=1500421 recv_ms=1500632 bytes=48
RX,DUMMY,,3,26,48,1501196.168,1500693,1501196.168,1500422,1500693,,3552,1501196168	ID:1	[INFO: Metric    ] METRIC_RX type=DUMMY src=3 seq=26 send_ms=1500422 recv_ms=1500693 bytes=48
TX,REAL,6,,147,48,1504550.0,1503611,1504550.0,,,,3555,1504550000	ID:6	[INFO: Metric    ] METRIC_TX type=REAL node=6 seq=147 bytes=48 time_ms=1503611
RX,REAL,,6,147,48,1504579.88,1504076,1504579.88,1503611,1504076,29.87999999988824,3556,1504579880	ID:1	[INFO: Metric    ] METRIC_RX type=REAL src=6 seq=147 send_ms=1503611 recv_ms=1504076 bytes=48
TX,REAL,5,,146,48,1505498.0,1505161,1505498.0,,,,3558,1505498000	ID:5	[INFO: Metric    ] METRIC_TX type=REAL node=5 seq=146 bytes=48 time_ms=1505161
RX,REAL,,5,146,48,1505542.168,1505039,1505542.168,1505161,1505039,44.16800000006333,3559,1505542168	ID:1	[INFO: Metric    ] METRIC_RX type=REAL src=5 seq=146 send_ms=1505161 recv_ms=1505039 bytes=48
TX,REAL,2,,149,48,1507186.0,1506323,1507186.0,,,,3561,1507186000	ID:2	[INFO: Metric    ] METRIC_TX type=REAL node=2 seq=149 bytes=48 time_ms=1506323
TX,DUMMY,2,,29,48,1507187.0,1506324,1507187.0,,,,3562,1507187000	ID:2	[INFO: Metric    ] METRIC_TX type=DUMMY node=2 seq=29 bytes=48 time_ms=1506324
RX,REAL,,2,149,48,1507225.88,1506722,1507225.88,1506323,1506722,39.87999999988824,3563,1507225880	ID:1	[INFO: Metric    ] METRIC_RX type=REAL src=2 seq=149 send_ms=1506323 recv_ms=1506722 bytes=48
RX,DUMMY,,2,29,48,1507245.88,1506742,1507245.88,1506324,1506742,,3564,1507245880	ID:1	[INFO: Metric    ] METRIC_RX type=DUMMY src=2 seq=29 send_ms=1506324 recv_ms=1506742 bytes=48
TX,REAL,7,,150,48,1507363.0,1507044,1507363.0,,,,3569,1507363000	ID:7	[INFO: Metric    ] METRIC_TX type=REAL node=7 seq=150 bytes=48 time_ms=1507044
RX,REAL,,7,150,48,1507374.88,1506871,1507374.88,1507044,1506871,11.879999999888241,3570,1507374880	ID:1	[INFO: Metric    ] METRIC_RX type=REAL src=7 seq=150 send_ms=1507044 recv_ms=1506871 bytes=48
TX,REAL,4,,147,48,1509751.0,1509458,1509751.0,,,,3572,1509751000	ID:4	[INFO: Metric    ] METRIC_TX type=REAL node=4 seq=147 bytes=48 time_ms=1509458
RX,REAL,,4,147,48,1509787.168,1509284,1509787.168,1509458,1509284,36.16800000006333,3573,1509787168	ID:1	[INFO: Metric    ] METRIC_RX type=REAL src=4 seq=147 send_ms=1509458 recv_ms=1509284 bytes=48
TX,REAL,3,,146,48,1512087.0,1511423,1512087.0,,,,3575,1512087000	ID:3	[INFO: Metric    ] METRIC_TX type=REAL node=3 seq=146 bytes=48 time_ms=1511423
TX,DUMMY,3,,27,48,1512088.0,1511424,1512088.0,,,,3576,1512088000	ID:3	[INFO: Metric    ] METRIC_TX type=DUMMY node=3 seq=27 bytes=48 time_ms=1511424
RX,REAL,,3,146,48,1512119.304,1511616,1512119.304,1511423,1511616,32.304000000003725,3577,1512119304	ID:1	[INFO: Metric    ] METRIC_RX type=REAL src=3 seq=146 send_ms=1511423 recv_ms=1511616 bytes=48
RX,DUMMY,,3,27,48,1512146.168,1511643,1512146.168,1511424,1511643,,3579,1512146168	ID:1	[INFO: Metric    ] METRIC_RX type=DUMMY src=3 seq=27 send_ms=1511424 recv_ms=1511643 bytes=48
TX,REAL,5,,147,48,1514499.0,1514162,1514499.0,,,,3582,1514499000	ID:5	[INFO: Metric    ] METRIC_TX type=REAL node=5 seq=147 bytes=48 time_ms=1514162
TX,DUMMY,5,,28,48,1514500.0,1514163,1514500.0,,,,3583,1514500000	ID:5	[INFO: Metric    ] METRIC_TX type=DUMMY node=5 seq=28 bytes=48 time_ms=1514163
RX,REAL,,5,147,48,1514530.168,1514027,1514530.168,1514162,1514027,31.16800000006333,3584,1514530168	ID:1	[INFO: Metric    ] METRIC_RX type=REAL src=5 seq=147 send_ms=1514162 recv_ms=1514027 bytes=48
TX,REAL,6,,148,48,1514550.136,1513612,1514550.136,,,,3585,1514550136	ID:6	[INFO: Metric    ] METRIC_TX type=REAL node=6 seq=148 bytes=48 time_ms=1513612
RX,DUMMY,,5,28,48,1514568.168,1514065,1514568.168,1514163,1514065,,3586,1514568168	ID:1	[INFO: Metric    ] METRIC_RX type=DUMMY src=5 seq=28 send_ms=1514163 recv_ms=1514065 bytes=48
RX,REAL,,6,148,48,1514587.88,1514084,1514587.88,1513612,1514084,37.743999999947846,3587,1514587880	ID:1	[INFO: Metric    ] METRIC_RX type=REAL src=6 seq=148 send_ms=1513612 recv_ms=1514084 bytes=48
TX,REAL,7,,151,48,1517364.0,1517045,1517364.0,,,,3591,1517364000	ID:7	[INFO: Metric    ] METRIC_TX type=REAL node=7 seq=151 bytes=48 time_ms=1517045
RX,REAL,,7,151,48,1517391.88,1516888,1517391.88,1517045,1516888,27.87999999988824,3592,1517391880	ID:1	[INFO: Metric    ] METRIC_RX type=REAL src=7 seq=151 send_ms=1517045 recv_ms=1516888 bytes=48
TX,REAL,2,,150,48,1518188.0,1517325,1518188.0,,,,3596,1518188000	ID:2	[INFO: Metric    ] METRIC_TX type=REAL node=2 seq=150 bytes=48 time_ms=1517325
RX,REAL,,2,150,48,1518233.88,1517730,1518233.88,1517325,1517730,45.87999999988824,3597,1518233880	ID:1	[INFO: Metric    ] METRIC_RX type=REAL src=2 seq=150 send_ms=1517325 recv_ms=1517730 bytes=48
TX,REAL,4,,148,48,1519752.0,1519459,1519752.0,,,,3599,1519752000	ID:4	[INFO: Metric    ] METRIC_TX type=REAL node=4 seq=148 bytes=48 time_ms=1519459
TX,DUMMY,4,,28,48,1519753.0,1519460,1519753.0,,,,3600,1519753000	ID:4	[INFO: Metric    ] METRIC_TX type=DUMMY node=4 seq=28 bytes=48 time_ms=1519460
RX,REAL,,4,148,48,1519829.168,1519326,1519829.168,1519459,1519326,77.16800000006333,3601,1519829168	ID:1	[INFO: Metric    ] METRIC_RX type=REAL src=4 seq=148 send_ms=1519459 recv_ms=1519326 bytes=48
RX,DUMMY,,4,28,48,1519850.168,1519347,1519850.168,1519460,1519347,,3602,1519850168	ID:1	[INFO: Metric    ] METRIC_RX type=DUMMY src=4 seq=28 send_ms=1519460 recv_ms=1519347 bytes=48
TX,REAL,3,,147,48,1523089.0,1522425,1523089.0,,,,3605,1523089000	ID:3	[INFO: Metric    ] METRIC_TX type=REAL node=3 seq=147 bytes=48 time_ms=1522425
RX,REAL,,3,147,48,1523160.168,1522657,1523160.168,1522425,1522657,71.16800000006333,3606,1523160168	ID:1	[INFO: Metric    ] METRIC_RX type=REAL src=3 seq=147 send_ms=1522425 recv_ms=1522657 bytes=48
TX,REAL,6,,149,48,1524551.0,1523612,1524551.0,,,,3608,1524551000	ID:6	[INFO: Metric    ] METRIC_TX type=REAL node=6 seq=149 bytes=48 time_ms=1523612
RX,REAL,,6,149,48,1524593.88,1524090,1524593.88,1523612,1524090,42.87999999988824,3609,1524593880	ID:1	[INFO: Metric    ] METRIC_RX type=REAL src=6 seq=149 send_ms=1523612 recv_ms=1524090 bytes=48
TX,REAL,5,,148,48,1525501.0,1525164,1525501.0,,,,3612,1525501000	ID:5	[INFO: Metric    ] METRIC_TX type=REAL node=5 seq=148 bytes=48 time_ms=1525164
RX,REAL,,5,148,48,1525538.168,1525035,1525538.168,1525164,1525035,37.16800000006333,3613,1525538168	ID:1	[INFO: Metric    ] METRIC_RX type=REAL src=5 seq=148 send_ms=1525164 recv_ms=1525035 bytes=48
TX,REAL,2,,151,48,1527189.0,1526326,1527189.0,,,,3615,1527189000	ID:2	[INFO: Metric    ] METRIC_TX type=REAL node=2 seq=151 bytes=48 time_ms=1526326
RX,REAL,,2,151,48,1527216.88,1526713,1527216.88,1526326,1526713,27.87999999988824,3616,1527216880	ID:1	[INFO: Metric    ] METRIC_RX type=REAL src=2 seq=151 send_ms=1526326 recv_ms=1526713 bytes=48
TX,REAL,7,,152,48,1528365.0,1528046,1528365.0,,,,3618,1528365000	ID:7	[INFO: Metric    ] METRIC_TX type=REAL node=7 seq=152 bytes=48 time_ms=1528046
TX,DUMMY,7,,33,48,1528366.0,1528047,1528366.0,,,,3619,1528366000	ID:7	[INFO: Metric    ] METRIC_TX type=DUMMY node=7 seq=33 bytes=48 time_ms=1528047
RX,REAL,,7,152,48,1528394.88,1527891,1528394.88,1528046,1527891,29.87999999988824,3620,1528394880	ID:1	[INFO: Metric    ] METRIC_RX type=REAL src=7 seq=152 send_ms=1528046 recv_ms=1527891 bytes=48
RX,DUMMY,,7,33,48,1528438.88,1527935,1528438.88,1528047,1527935,,3621,1528438880	ID:1	[INFO: Metric    ] METRIC_RX type=DUMMY src=7 seq=33 send_ms=1528047 recv_ms=1527935 bytes=48
TX,REAL,4,,149,48,1530754.0,1530461,1530754.0,,,,3624,1530754000	ID:4	[INFO: Metric    ] METRIC_TX type=REAL node=4 seq=149 bytes=48 time_ms=1530461
RX,REAL,,4,149,48,1530802.168,1530299,1530802.168,1530461,1530299,48.16800000006333,3625,1530802168	ID:1	[INFO: Metric    ] METRIC_RX type=REAL src=4 seq=149 send_ms=1530461 recv_ms=1530299 bytes=48
TX,REAL,3,,148,48,1532090.0,1531426,1532090.0,,,,3627,1532090000	ID:3	[INFO: Metric    ] METRIC_TX type=REAL node=3 seq=148 bytes=48 time_ms=1531426
RX,REAL,,3,148,48,1532175.168,1531672,1532175.168,1531426,1531672,85.16800000006333,3628,1532175168	ID:1	[INFO: Metric    ] METRIC_RX type=REAL src=3 seq=148 send_ms=1531426 recv_ms=1531672 bytes=48
TX,REAL,5,,149,48,1534502.0,1534165,1534502.0,,,,3630,1534502000	ID:5	[INFO: Metric    ] METRIC_TX type=REAL node=5 seq=149 bytes=48 time_ms=1534165
TX,REAL,6,,150,48,1534552.0,1533613,1534552.0,,,,3633,1534552000	ID:6	[INFO: Metric    ] METRIC_TX type=REAL node=6 seq=150 bytes=48 time_ms=1533613
RX,REAL,,5,149,48,1534557.168,1534054,1534557.168,1534165,1534054,55.16800000006333,3634,1534557168	ID:1	[INFO: Metric    ] METRIC_RX type=REAL src=5 seq=149 send_ms=1534165 recv_ms=1534054 bytes=48
RX,REAL,,6,150,48,1534573.88,1534070,1534573.88,1533613,1534070,21.87999999988824,3635,1534573880	ID:1	[INFO: Metric    ] METRIC_RX type=REAL src=6 seq=150 send_ms=1533613 recv_ms=1534070 bytes=48
TX,REAL,2,,152,48,1538190.0,1537327,1538190.0,,,,3638,1538190000	ID:2	[INFO: Metric    ] METRIC_TX type=REAL node=2 seq=152 bytes=48 time_ms=1537327
TX,DUMMY,2,,30,48,1538191.0,1537328,1538191.0,,,,3639,1538191000	ID:2	[INFO: Metric    ] METRIC_TX type=DUMMY node=2 seq=30 bytes=48 time_ms=1537328
RX,REAL,,2,152,48,1538212.88,1537709,1538212.88,1537327,1537709,22.87999999988824,3640,1538212880	ID:1	[INFO: Metric    ] METRIC_RX type=REAL src=2 seq=152 send_ms=1537327 recv_ms=1537709 bytes=48
RX,DUMMY,,2,30,48,1538219.76,1537716,1538219.76,1537328,1537716,,3641,1538219760	ID:1	[INFO: Metric    ] METRIC_RX type=DUMMY src=2 seq=30 send_ms=1537328 recv_ms=1537716 bytes=48
TX,REAL,7,,153,48,1538367.0,1538048,1538367.0,,,,3645,1538367000	ID:7	[INFO: Metric    ] METRIC_TX type=REAL node=7 seq=153 bytes=48 time_ms=1538048
RX,REAL,,7,153,48,1538404.88,1537901,1538404.88,1538048,1537901,37.87999999988824,3646,1538404880	ID:1	[INFO: Metric    ] METRIC_RX type=REAL src=7 seq=153 send_ms=1538048 recv_ms=1537901 bytes=48
TX,REAL,4,,150,48,1540755.0,1540462,1540755.0,,,,3650,1540755000	ID:4	[INFO: Metric    ] METRIC_TX type=REAL node=4 seq=150 bytes=48 time_ms=1540462
TX,DUMMY,4,,29,48,1540756.0,1540463,1540756.0,,,,3651,1540756000	ID:4	[INFO: Metric    ] METRIC_TX type=DUMMY node=4 seq=29 bytes=48 time_ms=1540463
RX,REAL,,4,150,48,1540846.168,1540343,1540846.168,1540462,1540343,91.16800000006333,3652,1540846168	ID:1	[INFO: Metric    ] METRIC_RX type=REAL src=4 seq=150 send_ms=1540462 recv_ms=1540343 bytes=48
RX,DUMMY,,4,29,48,1540873.168,1540370,1540873.168,1540463,1540370,,3653,1540873168	ID:1	[INFO: Metric    ] METRIC_RX type=DUMMY src=4 seq=29 send_ms=1540463 recv_ms=1540370 bytes=48
TX,REAL,3,,149,48,1543091.0,1542427,1543091.0,,,,3656,1543091000	ID:3	[INFO: Metric    ] METRIC_TX type=REAL node=3 seq=149 bytes=48 time_ms=1542427
RX,REAL,,3,149,48,1543151.168,1542648,1543151.168,1542427,1542648,60.16800000006333,3657,1543151168	ID:1	[INFO: Metric    ] METRIC_RX type=REAL src=3 seq=149 send_ms=1542427 recv_ms=1542648 bytes=48
TX,REAL,6,,151,48,1543553.0,1542614,1543553.0,,,,3659,1543553000	ID:6	[INFO: Metric    ] METRIC_TX type=REAL node=6 seq=151 bytes=48 time_ms=1542614
TX,DUMMY,6,,33,48,1543554.0,1542615,1543554.0,,,,3660,1543554000	ID:6	[INFO: Metric    ] METRIC_TX type=DUMMY node=6 seq=33 bytes=48 time_ms=1542615
RX,REAL,,6,151,48,1543567.88,1543064,1543567.88,1542614,1543064,14.879999999888241,3661,1543567880	ID:1	[INFO: Metric    ] METRIC_RX type=REAL src=6 seq=151 send_ms=1542614 recv_ms=1543064 bytes=48
RX,DUMMY,,6,33,48,1543605.88,1543102,1543605.88,1542615,1543102,,3663,1543605880	ID:1	[INFO: Metric    ] METRIC_RX type=DUMMY src=6 seq=33 send_ms=1542615 recv_ms=1543102 bytes=48
TX,REAL,5,,150,48,1544503.0,1544166,1544503.0,,,,3667,1544503000	ID:5	[INFO: Metric    ] METRIC_TX type=REAL node=5 seq=150 bytes=48 time_ms=1544166
RX,REAL,,5,150,48,1544565.168,1544062,1544565.168,1544166,1544062,62.16800000006333,3668,1544565168	ID:1	[INFO: Metric    ] METRIC_RX type=REAL src=5 seq=150 send_ms=1544166 recv_ms=1544062 bytes=48
TX,REAL,7,,154,48,1548368.0,1548049,1548368.0,,,,3670,1548368000	ID:7	[INFO: Metric    ] METRIC_TX type=REAL node=7 seq=154 bytes=48 time_ms=1548049
TX,DUMMY,7,,34,48,1548369.0,1548050,1548369.0,,,,3671,1548369000	ID:7	[INFO: Metric    ] METRIC_TX type=DUMMY node=7 seq=34 bytes=48 time_ms=1548050
RX,REAL,,7,154,48,1548408.88,1547905,1548408.88,1548049,1547905,40.87999999988824,3672,1548408880	ID:1	[INFO: Metric    ] METRIC_RX type=REAL src=7 seq=154 send_ms=1548049 recv_ms=1547905 bytes=48
RX,DUMMY,,7,34,48,1548438.76,1547935,1548438.76,1548050,1547935,,3674,1548438760	ID:1	[INFO: Metric    ] METRIC_RX type=DUMMY src=7 seq=34 send_ms=1548050 recv_ms=1547935 bytes=48
TX,REAL,2,,153,48,1549192.0,1548329,1549192.0,,,,3676,1549192000	ID:2	[INFO: Metric    ] METRIC_TX type=REAL node=2 seq=153 bytes=48 time_ms=1548329
RX,REAL,,2,153,48,1549208.88,1548705,1549208.88,1548329,1548705,16.87999999988824,3677,1549208880	ID:1	[INFO: Metric    ] METRIC_RX type=REAL src=2 seq=153 send_ms=1548329 recv_ms=1548705 bytes=48
TX,REAL,4,,151,48,1550757.0,1550464,1550757.0,,,,3680,1550757000	ID:4	[INFO: Metric    ] METRIC_TX type=REAL node=4 seq=151 bytes=48 time_ms=1550464
RX,REAL,,4,151,48,1550802.168,1550299,1550802.168,1550464,1550299,45.16800000006333,3681,1550802168	ID:1	[INFO: Metric    ] METRIC_RX type=REAL src=4 seq=151 send_ms=1550464 recv_ms=1550299 bytes=48
TX,REAL,3,,150,48,1554092.0,1553428,1554092.0,,,,3685,1554092000	ID:3	[INFO: Metric    ] METRIC_TX type=REAL node=3 seq=150 bytes=48 time_ms=1553428
TX,DUMMY,3,,28,48,1554093.0,1553429,1554093.0,,,,3686,1554093000	ID:3	[INFO: Metric    ] METRIC_TX type=DUMMY node=3 seq=28 bytes=48 time_ms=1553429
RX,REAL,,3,150,48,1554118.168,1553615,1554118.168,1553428,1553615,26.16800000006333,3687,1554118168	ID:1	[INFO: Metric    ] METRIC_RX type=REAL src=3 seq=150 send_ms=1553428 recv_ms=1553615 bytes=48
RX,DUMMY,,3,28,48,1554164.168,1553661,1554164.168,1553429,1553661,,3688,1554164168	ID:1	[INFO: Metric    ] METRIC_RX type=DUMMY src=3 seq=28 send_ms=1553429 recv_ms=1553661 bytes=48
TX,REAL,5,,151,48,1554504.0,1554167,1554504.0,,,,3691,1554504000	ID:5	[INFO: Metric    ] METRIC_TX type=REAL node=5 seq=151 bytes=48 time_ms=1554167
TX,REAL,6,,152,48,1554555.0,1553616,1554555.0,,,,3692,1554555000	ID:6	[INFO: Metric    ] METRIC_TX type=REAL node=6 seq=152 bytes=48 time_ms=1553616
RX,REAL,,5,151,48,1554583.168,1554080,1554583.168,1554167,1554080,79.16800000006333,3693,1554583168	ID:1	[INFO: Metric    ] METRIC_RX type=REAL src=5 seq=151 send_ms=1554167 recv_ms=1554080 bytes=48
RX,REAL,,6,152,48,1554670.88,1554167,1554670.88,1553616,1554167,115.87999999988824,3695,1554670880	ID:1	[INFO: Metric    ] METRIC_RX type=REAL src=6 seq=152 send_ms=1553616 recv_ms=1554167 bytes=48
TX,REAL,7,,155,48,1557370.0,1557051,1557370.0,,,,3697,1557370000	ID:7	[INFO: Metric    ] METRIC_TX type=REAL node=7 seq=155 bytes=48 time_ms=1557051
RX,REAL,,7,155,48,1557409.88,1556906,1557409.88,1557051,1556906,39.87999999988824,3698,1557409880	ID:1	[INFO: Metric    ] METRIC_RX type=REAL src=7 seq=155 send_ms=1557051 recv_ms=1556906 bytes=48
TX,REAL,2,,154,48,1559193.0,1558330,1559193.0,,,,3700,1559193000	ID:2	[INFO: Metric    ] METRIC_TX type=REAL node=2 seq=154 bytes=48 time_ms=1558330
RX,REAL,,2,154,48,1559231.88,1558728,1559231.88,1558330,1558728,38.87999999988824,3701,1559231880	ID:1	[INFO: Metric    ] METRIC_RX type=REAL src=2 seq=154 send_ms=1558330 recv_ms=1558728 bytes=48
TX,REAL,4,,152,48,1561758.0,1561465,1561758.0,,,,3703,1561758000	ID:4	[INFO: Metric    ] METRIC_TX type=REAL node=4 seq=152 bytes=48 time_ms=1561465
RX,REAL,,4,152,48,1561828.168,1561325,1561828.168,1561465,1561325,70.16800000006333,3704,1561828168	ID:1	[INFO: Metric    ] METRIC_RX type=REAL src=4 seq=152 send_ms=1561465 recv_ms=1561325 bytes=48
TX,REAL,6,,153,48,1563556.0,1562617,1563556.0,,,,3706,1563556000	ID:6	[INFO: Metric    ] METRIC_TX type=REAL node=6 seq=153 bytes=48 time_ms=1562617
RX,REAL,,6,153,48,1563585.88,1563082,1563585.88,1562617,1563082,29.87999999988824,3707,1563585880	ID:1	[INFO: Metric    ] METRIC_RX type=REAL src=6 seq=153 send_ms=1562617 recv_ms=1563082 bytes=48
TX,REAL,3,,151,48,1564094.0,1563430,1564094.0,,,,3709,1564094000	ID:3	[INFO: Metric    ] METRIC_TX type=REAL node=3 seq=151 bytes=48 time_ms=1563430
RX,REAL,,3,151,48,1564126.168,1563623,1564126.168,1563430,1563623,32.16800000006333,3710,1564126168	ID:1	[INFO: Metric    ] METRIC_RX type=REAL src=3 seq=151 send_ms=1563430 recv_ms=1563623 bytes=48
TX,REAL,5,,152,48,1564505.0,1564168,1564505.0,,,,3713,1564505000	ID:5	[INFO: Metric    ] METRIC_TX type=REAL node=5 seq=152 bytes=48 time_ms=1564168
RX,REAL,,5,152,48,1564586.168,1564083,1564586.168,1564168,1564083,81.16800000006333,3714,1564586168	ID:1	[INFO: Metric    ] METRIC_RX type=REAL src=5 seq=152 send_ms=1564168 recv_ms=1564083 bytes=48
TX,REAL,7,,156,48,1566371.0,1566052,1566371.0,,,,3716,1566371000	ID:7	[INFO: Metric    ] METRIC_TX type=REAL node=7 seq=156 bytes=48 time_ms=1566052
TX,DUMMY,7,,35,48,1566372.0,1566053,1566372.0,,,,3717,1566372000	ID:7	[INFO: Metric    ] METRIC_TX type=DUMMY node=7 seq=35 bytes=48 time_ms=1566053
RX,REAL,,7,156,48,1566384.88,1565881,1566384.88,1566052,1565881,13.879999999888241,3718,1566384880	ID:1	[INFO: Metric    ] METRIC_RX type=REAL src=7 seq=156 send_ms=1566052 recv_ms=1565881 bytes=48
RX,DUMMY,,7,35,48,1566414.88,1565911,1566414.88,1566053,1565911,,3720,1566414880	ID:1	[INFO: Metric    ] METRIC_RX type=DUMMY src=7 seq=35 send_ms=1566053 recv_ms=1565911 bytes=48
TX,REAL,2,,155,48,1569194.0,1568331,1569194.0,,,,3722,1569194000	ID:2	[INFO: Metric    ] METRIC_TX type=REAL node=2 seq=155 bytes=48 time_ms=1568331
RX,REAL,,2,155,48,1569213.88,1568710,1569213.88,1568331,1568710,19.87999999988824,3723,1569213880	ID:1	[INFO: Metric    ] METRIC_RX type=REAL src=2 seq=155 send_ms=1568331 recv_ms=1568710 bytes=48
TX,REAL,6,,154,48,1572557.0,1571618,1572557.0,,,,3725,1572557000	ID:6	[INFO: Metric    ] METRIC_TX type=REAL node=6 seq=154 bytes=48 time_ms=1571618
RX,REAL,,6,154,48,1572588.88,1572085,1572588.88,1571618,1572085,31.87999999988824,3726,1572588880	ID:1	[INFO: Metric    ] METRIC_RX type=REAL src=6 seq=154 send_ms=1571618 recv_ms=1572085 bytes=48
TX,REAL,4,,153,48,1572759.0,1572466,1572759.0,,,,3728,1572759000	ID:4	[INFO: Metric    ] METRIC_TX type=REAL node=4 seq=153 bytes=48 time_ms=1572466
RX,REAL,,4,153,48,1572780.168,1572277,1572780.168,1572466,1572277,21.16800000006333,3729,1572780168	ID:1	[INFO: Metric    ] METRIC_RX type=REAL src=4 seq=153 send_ms=1572466 recv_ms=1572277 bytes=48
TX,REAL,5,,153,48,1574506.0,1574169,1574506.0,,,,3731,1574506000	ID:5	[INFO: Metric    ] METRIC_TX type=REAL node=5 seq=153 bytes=48 time_ms=1574169
RX,REAL,,5,153,48,1574581.168,1574078,1574581.168,1574169,1574078,75.16800000006333,3732,1574581168	ID:1	[INFO: Metric    ] METRIC_RX type=REAL src=5 seq=153 send_ms=1574169 recv_ms=1574078 bytes=48
TX,REAL,3,,152,48,1575095.0,1574431,1575095.0,,,,3734,1575095000	ID:3	[INFO: Metric    ] METRIC_TX type=REAL node=3 seq=152 bytes=48 time_ms=1574431
RX,REAL,,3,152,48,1575157.168,1574654,1575157.168,1574431,1574654,62.16800000006333,3735,1575157168	ID:1	[INFO: Metric    ] METRIC_RX type=REAL src=3 seq=152 send_ms=1574431 recv_ms=1574654 bytes=48
TX,REAL,7,,157,48,1575373.0,1575054,1575373.0,,,,3737,1575373000	ID:7	[INFO: Metric    ] METRIC_TX type=REAL node=7 seq=157 bytes=48 time_ms=1575054
RX,REAL,,7,157,48,1575409.88,1574906,1575409.88,1575054,1574906,36.87999999988824,3738,1575409880	ID:1	[INFO: Metric    ] METRIC_RX type=REAL src=7 seq=157 send_ms=1575054 recv_ms=1574906 bytes=48
TX,REAL,2,,156,48,1579195.0,1578332,1579195.0,,,,3740,1579195000	ID:2	[INFO: Metric    ] METRIC_TX type=REAL node=2 seq=156 bytes=48 time_ms=1578332
RX,REAL,,2,156,48,1579220.88,1578717,1579220.88,1578332,1578717,25.87999999988824,3741,1579220880	ID:1	[INFO: Metric    ] METRIC_RX type=REAL src=2 seq=156 send_ms=1578332 recv_ms=1578717 bytes=48
TX,REAL,6,,155,48,1582558.0,1581619,1582558.0,,,,3744,1582558000	ID:6	[INFO: Metric    ] METRIC_TX type=REAL node=6 seq=155 bytes=48 time_ms=1581619
RX,REAL,,6,155,48,1582585.88,1582082,1582585.88,1581619,1582082,27.87999999988824,3745,1582585880	ID:1	[INFO: Metric    ] METRIC_RX type=REAL src=6 seq=155 send_ms=1581619 recv_ms=1582082 bytes=48
TX,REAL,4,,154,48,1582760.0,1582467,1582760.0,,,,3747,1582760000	ID:4	[INFO: Metric    ] METRIC_TX type=REAL node=4 seq=154 bytes=48 time_ms=1582467
RX,REAL,,4,154,48,1582834.168,1582331,1582834.168,1582467,1582331,74.16800000006333,3748,1582834168	ID:1	[INFO: Metric    ] METRIC_RX type=REAL src=4 seq=154 send_ms=1582467 recv_ms=1582331 bytes=48
TX,REAL,5,,154,48,1583507.0,1583170,1583507.0,,,,3750,1583507000	ID:5	[INFO: Metric    ] METRIC_TX type=REAL node=5 seq=154 bytes=48 time_ms=1583170
RX,REAL,,5,154,48,1583536.168,1583033,1583536.168,1583170,1583033,29.16800000006333,3751,1583536168	ID:1	[INFO: Metric    ] METRIC_RX type=REAL src=5 seq=154 send_ms=1583170 recv_ms=1583033 bytes=48
TX,REAL,3,,153,48,1585096.0,1584432,1585096.0,,,,3753,1585096000	ID:3	[INFO: Metric    ] METRIC_TX type=REAL node=3 seq=153 bytes=48 time_ms=1584432
TX,DUMMY,3,,29,48,1585097.0,1584433,1585097.0,,,,3754,1585097000	ID:3	[INFO: Metric    ] METRIC_TX type=DUMMY node=3 seq=29 bytes=48 time_ms=1584433
RX,REAL,,3,153,48,1585189.168,1584686,1585189.168,1584432,1584686,93.16800000006333,3755,1585189168	ID:1	[INFO: Metric    ] METRIC_RX type=REAL src=3 seq=153 send_ms=1584432 recv_ms=1584686 bytes=48
RX,DUMMY,,3,29,48,1585231.168,1584728,1585231.168,1584433,1584728,,3756,1585231168	ID:1	[INFO: Metric    ] METRIC_RX type=DUMMY src=3 seq=29 send_ms=1584433 recv_ms=1584728 bytes=48
TX,REAL,7,,158,48,1585374.0,1585055,1585374.0,,,,3758,1585374000	ID:7	[INFO: Metric    ] METRIC_TX type=REAL node=7 seq=158 bytes=48 time_ms=1585055
RX,REAL,,7,158,48,1585448.88,1584945,1585448.88,1585055,1584945,74.87999999988824,3760,1585448880	ID:1	[INFO: Metric    ] METRIC_RX type=REAL src=7 seq=158 send_ms=1585055 recv_ms=1584945 bytes=48
TX,REAL,2,,157,48,1589196.0,1588333,1589196.0,,,,3762,1589196000	ID:2	[INFO: Metric    ] METRIC_TX type=REAL node=2 seq=157 bytes=48 time_ms=1588333
RX,REAL,,2,157,48,1589233.88,1588730,1589233.88,1588333,1588730,37.87999999988824,3763,1589233880	ID:1	[INFO: Metric    ] METRIC_RX type=REAL src=2 seq=157 send_ms=1588333 recv_ms=1588730 bytes=48
TX,REAL,4,,155,48,1592761.0,1592468,1592761.0,,,,3765,1592761000	ID:4	[INFO: Metric    ] METRIC_TX type=REAL node=4 seq=155 bytes=48 time_ms=1592468
RX,REAL,,4,155,48,1592810.168,1592307,1592810.168,1592468,1592307,49.16800000006333,3766,1592810168	ID:1	[INFO: Metric    ] METRIC_RX type=REAL src=4 seq=155 send_ms=1592468 recv_ms=1592307 bytes=48
TX,REAL,6,,156,48,1593559.0,1592620,1593559.0,,,,3768,1593559000	ID:6	[INFO: Metric    ] METRIC_TX type=REAL node=6 seq=156 bytes=48 time_ms=1592620
RX,REAL,,6,156,48,1593564.88,1593061,1593564.88,1592620,1593061,5.879999999888241,3769,1593564880	ID:1	[INFO: Metric    ] METRIC_RX type=REAL src=6 seq=156 send_ms=1592620 recv_ms=1593061 bytes=48
TX,REAL,3,,154,48,1594098.0,1593434,1594098.0,,,,3771,1594098000	ID:3	[INFO: Metric    ] METRIC_TX type=REAL node=3 seq=154 bytes=48 time_ms=1593434
RX,REAL,,3,154,48,1594165.168,1593662,1594165.168,1593434,1593662,67.16800000006333,3772,1594165168	ID:1	[INFO: Metric    ] METRIC_RX type=REAL src=3 seq=154 send_ms=1593434 recv_ms=1593662 bytes=48
TX,REAL,5,,155,48,1594508.0,1594171,1594508.0,,,,3775,1594508000	ID:5	[INFO: Metric    ] METRIC_TX type=REAL node=5 seq=155 bytes=48 time_ms=1594171
TX,DUMMY,5,,29,48,1594509.0,1594172,1594509.0,,,,3776,1594509000	ID:5	[INFO: Metric    ] METRIC_TX type=DUMMY node=5 seq=29 bytes=48 time_ms=1594172
RX,REAL,,5,155,48,1594558.304,1594055,1594558.304,1594171,1594055,50.304000000003725,3777,1594558304	ID:1	[INFO: Metric    ] METRIC_RX type=REAL src=5 seq=155 send_ms=1594171 recv_ms=1594055 bytes=48
RX,DUMMY,,5,29,48,1594652.168,1594149,1594652.168,1594172,1594149,,3779,1594652168	ID:1	[INFO: Metric    ] METRIC_RX type=DUMMY src=5 seq=29 send_ms=1594172 recv_ms=1594149 bytes=48
TX,REAL,7,,159,48,1595375.0,1595056,1595375.0,,,,3781,1595375000	ID:7	[INFO: Metric    ] METRIC_TX type=REAL node=7 seq=159 bytes=48 time_ms=1595056
RX,REAL,,7,159,48,1595395.88,1594892,1595395.88,1595056,1594892,20.87999999988824,3782,1595395880	ID:1	[INFO: Metric    ] METRIC_RX type=REAL src=7 seq=159 send_ms=1595056 recv_ms=1594892 bytes=48
TX,REAL,2,,158,48,1600197.0,1599334,1600197.0,,,,3784,1600197000	ID:2	[INFO: Metric    ] METRIC_TX type=REAL node=2 seq=158 bytes=48 time_ms=1599334
TX,DUMMY,2,,31,48,1600198.0,1599335,1600198.0,,,,3785,1600198000	ID:2	[INFO: Metric    ] METRIC_TX type=DUMMY node=2 seq=31 bytes=48 time_ms=1599335
RX,REAL,,2,158,48,1600211.88,1599708,1600211.88,1599334,1599708,14.879999999888241,3786,1600211880	ID:1	[INFO: Metric    ] METRIC_RX type=REAL src=2 seq=158 send_ms=1599334 recv_ms=1599708 bytes=48
RX,DUMMY,,2,31,48,1600244.88,1599741,1600244.88,1599335,1599741,,3788,1600244880	ID:1	[INFO: Metric    ] METRIC_RX type=DUMMY src=2 seq=31 send_ms=1599335 recv_ms=1599741 bytes=48
TX,REAL,4,,156,48,1602762.0,1602469,1602762.0,,,,3790,1602762000	ID:4	[INFO: Metric    ] METRIC_TX type=REAL node=4 seq=156 bytes=48 time_ms=1602469
RX,REAL,,4,156,48,1602827.168,1602324,1602827.168,1602469,1602324,65.16800000006333,3791,1602827168	ID:1	[INFO: Metric    ] METRIC_RX type=REAL src=4 seq=156 send_ms=1602469 recv_ms=1602324 bytes=48
TX,REAL,6,,157,48,1603560.0,1602621,1603560.0,,,,3793,1603560000	ID:6	[INFO: Metric    ] METRIC_TX type=REAL node=6 seq=157 bytes=48 time_ms=1602621
RX,REAL,,6,157,48,1603604.88,1603101,1603604.88,1602621,1603101,44.87999999988824,3794,1603604880	ID:1	[INFO: Metric    ] METRIC_RX type=REAL src=6 seq=157 send_ms=1602621 recv_ms=1603101 bytes=48
TX,REAL,3,,155,48,1604099.0,1603435,1604099.0,,,,3796,1604099000	ID:3	[INFO: Metric    ] METRIC_TX type=REAL node=3 seq=155 bytes=48 time_ms=1603435
RX,REAL,,3,155,48,1604147.168,1603644,1604147.168,1603435,1603644,48.16800000006333,3797,1604147168	ID:1	[INFO: Metric    ] METRIC_RX type=REAL src=3 seq=155 send_ms=1603435 recv_ms=1603644 bytes=48
TX,REAL,7,,160,48,1604376.0,1604057,1604376.0,,,,3801,1604376000	ID:7	[INFO: Metric    ] METRIC_TX type=REAL node=7 seq=160 bytes=48 time_ms=1604057
RX,REAL,,7,160,48,1604386.88,1603883,1604386.88,1604057,1603883,10.879999999888241,3802,1604386880	ID:1	[INFO: Metric    ] METRIC_RX type=REAL src=7 seq=160 send_ms=1604057 recv_ms=1603883 bytes=48
TX,REAL,5,,156,48,1605510.0,1605173,1605510.0,,,,3804,1605510000	ID:5	[INFO: Metric    ] METRIC_TX type=REAL node=5 seq=156 bytes=48 time_ms=1605173
RX,REAL,,5,156,48,1605530.168,1605027,1605530.168,1605173,1605027,20.16800000006333,3805,1605530168	ID:1	[INFO: Metric    ] METRIC_RX type=REAL src=5 seq=156 send_ms=1605173 recv_ms=1605027 bytes=48
TX,REAL,2,,159,48,1610199.0,1609336,1610199.0,,,,3808,1610199000	ID:2	[INFO: Metric    ] METRIC_TX type=REAL node=2 seq=159 bytes=48 time_ms=1609336
RX,REAL,,2,159,48,1610214.88,1609711,1610214.88,1609336,1609711,15.879999999888241,3809,1610214880	ID:1	[INFO: Metric    ] METRIC_RX type=REAL src=2 seq=159 send_ms=1609336 recv_ms=1609711 bytes=48
TX,REAL,4,,157,48,1611763.0,1611470,1611763.0,,,,3811,1611763000	ID:4	[INFO: Metric    ] METRIC_TX type=REAL node=4 seq=157 bytes=48 time_ms=1611470
RX,REAL,,4,157,48,1611813.168,1611310,1611813.168,1611470,1611310,50.16800000006333,3812,1611813168	ID:1	[INFO: Metric    ] METRIC_RX type=REAL src=4 seq=157 send_ms=1611470 recv_ms=1611310 bytes=48
TX,REAL,6,,158,48,1612561.0,1611622,1612561.0,,,,3814,1612561000	ID:6	[INFO: Metric    ] METRIC_TX type=REAL node=6 seq=158 bytes=48 time_ms=1611622
RX,REAL,,6,158,48,1612591.88,1612088,1612591.88,1611622,1612088,30.87999999988824,3815,1612591880	ID:1	[INFO: Metric    ] METRIC_RX type=REAL src=6 seq=158 send_ms=1611622 recv_ms=1612088 bytes=48
TX,REAL,7,,161,48,1613377.0,1613058,1613377.0,,,,3817,1613377000	ID:7	[INFO: Metric    ] METRIC_TX type=REAL node=7 seq=161 bytes=48 time_ms=1613058
RX,REAL,,7,161,48,1613406.88,1612903,1613406.88,1613058,1612903,29.87999999988824,3818,1613406880	ID:1	[INFO: Metric    ] METRIC_RX type=REAL src=7 seq=161 send_ms=1613058 recv_ms=1612903 bytes=48
TX,REAL,3,,156,48,1615100.0,1614436,1615100.0,,,,3820,1615100000	ID:3	[INFO: Metric    ] METRIC_TX type=REAL node=3 seq=156 bytes=48 time_ms=1614436
RX,REAL,,3,156,48,1615154.168,1614651,1615154.168,1614436,1614651,54.16800000006333,3821,1615154168	ID:1	[INFO: Metric    ] METRIC_RX type=REAL src=3 seq=156 send_ms=1614436 recv_ms=1614651 bytes=48
TX,REAL,5,,157,48,1616511.0,1616174,1616511.0,,,,3823,1616511000	ID:5	[INFO: Metric    ] METRIC_TX type=REAL node=5 seq=157 bytes=48 time_ms=1616174
RX,REAL,,5,157,48,1616557.168,1616054,1616557.168,1616174,1616054,46.16800000006333,3824,1616557168	ID:1	[INFO: Metric    ] METRIC_RX type=REAL src=5 seq=157 send_ms=1616174 recv_ms=1616054 bytes=48
TX,REAL,2,,160,48,1620200.0,1619337,1620200.0,,,,3828,1620200000	ID:2	[INFO: Metric    ] METRIC_TX type=REAL node=2 seq=160 bytes=48 time_ms=1619337
RX,REAL,,2,160,48,1620224.88,1619721,1620224.88,1619337,1619721,24.87999999988824,3829,1620224880	ID:1	[INFO: Metric    ] METRIC_RX type=REAL src=2 seq=160 send_ms=1619337 recv_ms=1619721 bytes=48
TX,REAL,4,,158,48,1621764.0,1621471,1621764.0,,,,3831,1621764000	ID:4	[INFO: Metric    ] METRIC_TX type=REAL node=4 seq=158 bytes=48 time_ms=1621471
RX,REAL,,4,158,48,1621813.168,1621310,1621813.168,1621471,1621310,49.16800000006333,3832,1621813168	ID:1	[INFO: Metric    ] METRIC_RX type=REAL src=4 seq=158 send_ms=1621471 recv_ms=1621310 bytes=48
TX,REAL,6,,159,48,1623562.0,1622623,1623562.0,,,,3834,1623562000	ID:6	[INFO: Metric    ] METRIC_TX type=REAL node=6 seq=159 bytes=48 time_ms=1622623
RX,REAL,,6,159,48,1623567.88,1623064,1623567.88,1622623,1623064,5.879999999888241,3835,1623567880	ID:1	[INFO: Metric    ] METRIC_RX type=REAL src=6 seq=159 send_ms=1622623 recv_ms=1623064 bytes=48
TX,REAL,3,,157,48,1624101.0,1623437,1624101.0,,,,3837,1624101000	ID:3	[INFO: Metric    ] METRIC_TX type=REAL node=3 seq=157 bytes=48 time_ms=1623437
TX,DUMMY,3,,30,48,1624102.0,1623438,1624102.0,,,,3838,1624102000	ID:3	[INFO: Metric    ] METRIC_TX type=DUMMY node=3 seq=30 bytes=48 time_ms=1623438
RX,REAL,,3,157,48,1624152.304,1623649,1624152.304,1623437,1623649,51.304000000003725,3839,1624152304	ID:1	[INFO: Metric    ] METRIC_RX type=REAL src=3 seq=157 send_ms=1623437 recv_ms=1623649 bytes=48
RX,DUMMY,,3,30,48,1624210.168,1623707,1624210.168,1623438,1623707,,3842,1624210168	ID:1	[INFO: Metric    ] METRIC_RX type=DUMMY src=3 seq=30 send_ms=1623438 recv_ms=1623707 bytes=48
TX,REAL,7,,162,48,1624378.0,1624059,1624378.0,,,,3844,1624378000	ID:7	[INFO: Metric    ] METRIC_TX type=REAL node=7 seq=162 bytes=48 time_ms=1624059
RX,REAL,,7,162,48,1624392.88,1623889,1624392.88,1624059,1623889,14.879999999888241,3845,1624392880	ID:1	[INFO: Metric    ] METRIC_RX type=REAL src=7 seq=162 send_ms=1624059 recv_ms=1623889 bytes=48
TX,REAL,5,,158,48,1626512.0,1626175,1626512.0,,,,3847,1626512000	ID:5	[INFO: Metric    ] METRIC_TX type=REAL node=5 seq=158 bytes=48 time_ms=1626175
TX,DUMMY,5,,30,48,1626513.0,1626176,1626513.0,,,,3848,1626513000	ID:5	[INFO: Metric    ] METRIC_TX type=DUMMY node=5 seq=30 bytes=48 time_ms=1626176
RX,REAL,,5,158,48,1626560.168,1626057,1626560.168,1626175,1626057,48.16800000006333,3849,1626560168	ID:1	[INFO: Metric    ] METRIC_RX type=REAL src=5 seq=158 send_ms=1626175 recv_ms=1626057 bytes=48
RX,DUMMY,,5,30,48,1626667.168,1626164,1626667.168,1626176,1626164,,3851,1626667168	ID:1	[INFO: Metric    ] METRIC_RX type=DUMMY src=5 seq=30 send_ms=1626176 recv_ms=1626164 bytes=48
TX,REAL,2,,161,48,1630201.0,1629338,1630201.0,,,,3853,1630201000	ID:2	[INFO: Metric    ] METRIC_TX type=REAL node=2 seq=161 bytes=48 time_ms=1629338
RX,REAL,,2,161,48,1630233.88,1629730,1630233.88,1629338,1629730,32.87999999988824,3854,1630233880	ID:1	[INFO: Metric    ] METRIC_RX type=REAL src=2 seq=161 send_ms=1629338 recv_ms=1629730 bytes=48
TX,REAL,4,,159,48,1631765.0,1631472,1631765.0,,,,3856,1631765000	ID:4	[INFO: Metric    ] METRIC_TX type=REAL node=4 seq=159 bytes=48 time_ms=1631472
TX,DUMMY,4,,30,48,1631766.0,1631473,1631766.0,,,,3857,1631766000	ID:4	[INFO: Metric    ] METRIC_TX type=DUMMY node=4 seq=30 bytes=48 time_ms=1631473
RX,REAL,,4,159,48,1631800.168,1631297,1631800.168,1631472,1631297,35.16800000006333,3858,1631800168	ID:1	[INFO: Metric    ] METRIC_RX type=REAL src=4 seq=159 send_ms=1631472 recv_ms=1631297 bytes=48
RX,DUMMY,,4,30,48,1631848.168,1631345,1631848.168,1631473,1631345,,3859,1631848168	ID:1	[INFO: Metric    ] METRIC_RX type=DUMMY src=4 seq=30 send_ms=1631473 recv_ms=1631345 bytes=48
TX,REAL,6,,160,48,1633563.0,1632624,1633563.0,,,,3864,1633563000	ID:6	[INFO: Metric    ] METRIC_TX type=REAL node=6 seq=160 bytes=48 time_ms=1632624
RX,REAL,,6,160,48,1633602.88,1633099,1633602.88,1632624,1633099,39.87999999988824,3865,1633602880	ID:1	[INFO: Metric    ] METRIC_RX type=REAL src=6 seq=160 send_ms=1632624 recv_ms=1633099 bytes=48
TX,REAL,3,,158,48,1634103.0,1633439,1634103.0,,,,3867,1634103000	ID:3	[INFO: Metric    ] METRIC_TX type=REAL node=3 seq=158 bytes=48 time_ms=1633439
RX,REAL,,3,158,48,1634151.168,1633648,1634151.168,1633439,1633648,48.16800000006333,3868,1634151168	ID:1	[INFO: Metric    ] METRIC_RX type=REAL src=3 seq=158 send_ms=1633439 recv_ms=1633648 bytes=48
TX,REAL,7,,163,48,1635379.0,1635060,1635379.0,,,,3870,1635379000	ID:7	[INFO: Metric    ] METRIC_TX type=REAL node=7 seq=163 bytes=48 time_ms=1635060
RX,REAL,,7,163,48,1635413.88,1634910,1635413.88,1635060,1634910,34.87999999988824,3871,1635413880	ID:1	[INFO: Metric    ] METRIC_RX type=REAL src=7 seq=163 send_ms=1635060 recv_ms=1634910 bytes=48
TX,REAL,5,,159,48,1636514.0,1636177,1636514.0,,,,3874,1636514000	ID:5	[INFO: Metric    ] METRIC_TX type=REAL node=5 seq=159 bytes=48 time_ms=1636177
RX,REAL,,5,159,48,1636583.168,1636080,1636583.168,1636177,1636080,69.16800000006333,3875,1636583168	ID:1	[INFO: Metric    ] METRIC_RX type=REAL src=5 seq=159 send_ms=1636177 recv_ms=1636080 bytes=48
TX,REAL,2,,162,48,1639202.0,1638339,1639202.0,,,,3877,1639202000	ID:2	[INFO: Metric    ] METRIC_TX type=REAL node=2 seq=162 bytes=48 time_ms=1638339
RX,REAL,,2,162,48,1639221.88,1638718,1639221.88,1638339,1638718,19.87999999988824,3878,1639221880	ID:1	[INFO: Metric    ] METRIC_RX type=REAL src=2 seq=162 send_ms=1638339 recv_ms=1638718 bytes=48
TX,REAL,4,,160,48,1642767.0,1642474,1642767.0,,,,3882,1642767000	ID:4	[INFO: Metric    ] METRIC_TX type=REAL node=4 seq=160 bytes=48 time_ms=1642474
RX,REAL,,4,160,48,1642823.168,1642320,1642823.168,1642474,1642320,56.16800000006333,3883,1642823168	ID:1	[INFO: Metric    ] METRIC_RX type=REAL src=4 seq=160 send_ms=1642474 recv_ms=1642320 bytes=48
TX,REAL,3,,159,48,1643104.0,1642440,1643104.0,,,,3885,1643104000	ID:3	[INFO: Metric    ] METRIC_TX type=REAL node=3 seq=159 bytes=48 time_ms=1642440
RX,REAL,,3,159,48,1643168.168,1642665,1643168.168,1642440,1642665,64.16800000006333,3886,1643168168	ID:1	[INFO: Metric    ] METRIC_RX type=REAL src=3 seq=159 send_ms=1642440 recv_ms=1642665 bytes=48
TX,REAL,6,,161,48,1643564.0,1642625,1643564.0,,,,3888,1643564000	ID:6	[INFO: Metric    ] METRIC_TX type=REAL node=6 seq=161 bytes=48 time_ms=1642625
RX,REAL,,6,161,48,1643578.88,1643075,1643578.88,1642625,1643075,14.879999999888241,3889,1643578880	ID:1	[INFO: Metric    ] METRIC_RX type=REAL src=6 seq=161 send_ms=1642625 recv_ms=1643075 bytes=48
TX,REAL,7,,164,48,1644380.0,1644061,1644380.0,,,,3891,1644380000	ID:7	[INFO: Metric    ] METRIC_TX type=REAL node=7 seq=164 bytes=48 time_ms=1644061
RX,REAL,,7,164,48,1644394.88,1643891,1644394.88,1644061,1643891,14.879999999888241,3892,1644394880	ID:1	[INFO: Metric    ] METRIC_RX type=REAL src=7 seq=164 send_ms=1644061 recv_ms=1643891 bytes=48
TX,REAL,5,,160,48,1647515.0,1647178,1647515.0,,,,3896,1647515000	ID:5	[INFO: Metric    ] METRIC_TX type=REAL node=5 seq=160 bytes=48 time_ms=1647178
RX,REAL,,5,160,48,1647561.168,1647058,1647561.168,1647178,1647058,46.16800000006333,3897,1647561168	ID:1	[INFO: Metric    ] METRIC_RX type=REAL src=5 seq=160 send_ms=1647178 recv_ms=1647058 bytes=48
TX,REAL,2,,163,48,1648203.0,1647340,1648203.0,,,,3899,1648203000	ID:2	[INFO: Metric    ] METRIC_TX type=REAL node=2 seq=163 bytes=48 time_ms=1647340
RX,REAL,,2,163,48,1648226.88,1647723,1648226.88,1647340,1647723,23.87999999988824,3900,1648226880	ID:1	[INFO: Metric    ] METRIC_RX type=REAL src=2 seq=163 send_ms=1647340 recv_ms=1647723 bytes=48
TX,REAL,3,,160,48,1652105.0,1651441,1652105.0,,,,3904,1652105000	ID:3	[INFO: Metric    ] METRIC_TX type=REAL node=3 seq=160 bytes=48 time_ms=1651441
RX,REAL,,3,160,48,1652177.168,1651674,1652177.168,1651441,1651674,72.16800000006333,3905,1652177168	ID:1	[INFO: Metric    ] METRIC_RX type=REAL src=3 seq=160 send_ms=1651441 recv_ms=1651674 bytes=48
TX,REAL,6,,162,48,1653565.0,1652626,1653565.0,,,,3907,1653565000	ID:6	[INFO: Metric    ] METRIC_TX type=REAL node=6 seq=162 bytes=48 time_ms=1652626
RX,REAL,,6,162,48,1653572.88,1653069,1653572.88,1652626,1653069,7.879999999888241,3908,1653572880	ID:1	[INFO: Metric    ] METRIC_RX type=REAL src=6 seq=162 send_ms=1652626 recv_ms=1653069 bytes=48
TX,REAL,4,,161,48,1653768.0,1653475,1653768.0,,,,3911,1653768000	ID:4	[INFO: Metric    ] METRIC_TX type=REAL node=4 seq=161 bytes=48 time_ms=1653475
TX,DUMMY,4,,31,48,1653769.0,1653476,1653769.0,,,,3912,1653769000	ID:4	[INFO: Metric    ] METRIC_TX type=DUMMY node=4 seq=31 bytes=48 time_ms=1653476
RX,REAL,,4,161,48,1653820.168,1653317,1653820.168,1653475,1653317,52.16800000006333,3913,1653820168	ID:1	[INFO: Metric    ] METRIC_RX type=REAL src=4 seq=161 send_ms=1653475 recv_ms=1653317 bytes=48
RX,DUMMY,,4,31,48,1653850.168,1653347,1653850.168,1653476,1653347,,3914,1653850168	ID:1	[INFO: Metric    ] METRIC_RX type=DUMMY src=4 seq=31 send_ms=1653476 recv_ms=1653347 bytes=48
TX,REAL,7,,165,48,1654381.0,1654062,1654381.0,,,,3917,1654381000	ID:7	[INFO: Metric    ] METRIC_TX type=REAL node=7 seq=165 bytes=48 time_ms=1654062
RX,REAL,,7,165,48,1654399.88,1653896,1654399.88,1654062,1653896,18.87999999988824,3918,1654399880	ID:1	[INFO: Metric    ] METRIC_RX type=REAL src=7 seq=165 send_ms=1654062 recv_ms=1653896 bytes=48
TX,REAL,5,,161,48,1658516.0,1658179,1658516.0,,,,3920,1658516000	ID:5	[INFO: Metric    ] METRIC_TX type=REAL node=5 seq=161 bytes=48 time_ms=1658179
RX,REAL,,5,161,48,1658555.168,1658052,1658555.168,1658179,1658052,39.16800000006333,3921,1658555168	ID:1	[INFO: Metric    ] METRIC_RX type=REAL src=5 seq=161 send_ms=1658179 recv_ms=1658052 bytes=48
TX,REAL,2,,164,48,1659204.0,1658341,1659204.0,,,,3923,1659204000	ID:2	[INFO: Metric    ] METRIC_TX type=REAL node=2 seq=164 bytes=48 time_ms=1658341
RX,REAL,,2,164,48,1659214.88,1658711,1659214.88,1658341,1658711,10.879999999888241,3924,1659214880	ID:1	[INFO: Metric    ] METRIC_RX type=REAL src=2 seq=164 send_ms=1658341 recv_ms=1658711 bytes=48
TX,REAL,3,,161,48,1663106.0,1662442,1663106.0,,,,3926,1663106000	ID:3	[INFO: Metric    ] METRIC_TX type=REAL node=3 seq=161 bytes=48 time_ms=1662442
TX,DUMMY,3,,31,48,1663107.0,1662443,1663107.0,,,,3927,1663107000	ID:3	[INFO: Metric    ] METRIC_TX type=DUMMY node=3 seq=31 bytes=48 time_ms=1662443
RX,REAL,,3,161,48,1663143.168,1662640,1663143.168,1662442,1662640,37.16800000006333,3928,1663143168	ID:1	[INFO: Metric    ] METRIC_RX type=REAL src=3 seq=161 send_ms=1662442 recv_ms=1662640 bytes=48
RX,DUMMY,,3,31,48,1663183.168,1662680,1663183.168,1662443,1662680,,3929,1663183168	ID:1	[INFO: Metric    ] METRIC_RX type=DUMMY src=3 seq=31 send_ms=1662443 recv_ms=1662680 bytes=48
TX,REAL,7,,166,48,1663382.0,1663063,1663382.0,,,,3932,1663382000	ID:7	[INFO: Metric    ] METRIC_TX type=REAL node=7 seq=166 bytes=48 time_ms=1663063
RX,REAL,,7,166,48,1663412.88,1662909,1663412.88,1663063,1662909,30.87999999988824,3933,1663412880	ID:1	[INFO: Metric    ] METRIC_RX type=REAL src=7 seq=166 send_ms=1663063 recv_ms=1662909 bytes=48
TX,REAL,6,,163,48,1664566.0,1663627,1664566.0,,,,3935,1664566000	ID:6	[INFO: Metric    ] METRIC_TX type=REAL node=6 seq=163 bytes=48 time_ms=1663627
RX,REAL,,6,163,48,1664577.88,1664074,1664577.88,1663627,1664074,11.879999999888241,3936,1664577880	ID:1	[INFO: Metric    ] METRIC_RX type=REAL src=6 seq=163 send_ms=1663627 recv_ms=1664074 bytes=48
TX,REAL,4,,162,48,1664770.0,1664477,1664770.0,,,,3938,1664770000	ID:4	[INFO: Metric    ] METRIC_TX type=REAL node=4 seq=162 bytes=48 time_ms=1664477
RX,REAL,,4,162,48,1664804.168,1664301,1664804.168,1664477,1664301,34.16800000006333,3939,1664804168	ID:1	[INFO: Metric    ] METRIC_RX type=REAL src=4 seq=162 send_ms=1664477 recv_ms=1664301 bytes=48
TX,REAL,5,,162,48,1668517.0,1668180,1668517.0,,,,3942,1668517000	ID:5	[INFO: Metric    ] METRIC_TX type=REAL node=5 seq=162 bytes=48 time_ms=1668180
RX,REAL,,5,162,48,1668567.168,1668064,1668567.168,1668180,1668064,50.16800000006333,3943,1668567168	ID:1	[INFO: Metric    ] METRIC_RX type=REAL src=5 seq=162 send_ms=1668180 recv_ms=1668064 bytes=48
TX,REAL,2,,165,48,1670205.0,1669342,1670205.0,,,,3945,1670205000	ID:2	[INFO: Metric    ] METRIC_TX type=REAL node=2 seq=165 bytes=48 time_ms=1669342
RX,REAL,,2,165,48,1670222.88,1669719,1670222.88,1669342,1669719,17.87999999988824,3946,1670222880	ID:1	[INFO: Metric    ] METRIC_RX type=REAL src=2 seq=165 send_ms=1669342 recv_ms=1669719 bytes=48
TX,REAL,7,,167,48,1672383.0,1672064,1672383.0,,,,3948,1672383000	ID:7	[INFO: Metric    ] METRIC_TX type=REAL node=7 seq=167 bytes=48 time_ms=1672064
RX,REAL,,7,167,48,1672402.88,1671899,1672402.88,1672064,1671899,19.87999999988824,3949,1672402880	ID:1	[INFO: Metric    ] METRIC_RX type=REAL src=7 seq=167 send_ms=1672064 recv_ms=1671899 bytes=48
TX,REAL,3,,162,48,1673108.0,1672444,1673108.0,,,,3951,1673108000	ID:3	[INFO: Metric    ] METRIC_TX type=REAL node=3 seq=162 bytes=48 time_ms=1672444
RX,REAL,,3,162,48,1673160.168,1672657,1673160.168,1672444,1672657,52.16800000006333,3952,1673160168	ID:1	[INFO: Metric    ] METRIC_RX type=REAL src=3 seq=162 send_ms=1672444 recv_ms=1672657 bytes=48
TX,REAL,4,,163,48,1673771.0,1673478,1673771.0,,,,3954,1673771000	ID:4	[INFO: Metric    ] METRIC_TX type=REAL node=4 seq=163 bytes=48 time_ms=1673478
RX,REAL,,4,163,48,1673841.168,1673338,1673841.168,1673478,1673338,70.16800000006333,3955,1673841168	ID:1	[INFO: Metric    ] METRIC_RX type=REAL src=4 seq=163 send_ms=1673478 recv_ms=1673338 bytes=48
TX,REAL,6,,164,48,1675567.0,1674628,1675567.0,,,,3957,1675567000	ID:6	[INFO: Metric    ] METRIC_TX type=REAL node=6 seq=164 bytes=48 time_ms=1674628
RX,REAL,,6,164,48,1675584.88,1675081,1675584.88,1674628,1675081,17.87999999988824,3958,1675584880	ID:1	[INFO: Metric    ] METRIC_RX type=REAL src=6 seq=164 send_ms=1674628 recv_ms=1675081 bytes=48
TX,REAL,2,,166,48,1679206.0,1678343,1679206.0,,,,3960,1679206000	ID:2	[INFO: Metric    ] METRIC_TX type=REAL node=2 seq=166 bytes=48 time_ms=1678343
RX,REAL,,2,166,48,1679242.88,1678739,1679242.88,1678343,1678739,36.87999999988824,3961,1679242880	ID:1	[INFO: Metric    ] METRIC_RX type=REAL src=2 seq=166 send_ms=1678343 recv_ms=1678739 bytes=48
TX,REAL,5,,163,48,1679518.0,1679181,1679518.0,,,,3963,1679518000	ID:5	[INFO: Metric    ] METRIC_TX type=REAL node=5 seq=163 bytes=48 time_ms=1679181
RX,REAL,,5,163,48,1679557.168,1679054,1679557.168,1679181,1679054,39.16800000006333,3964,1679557168	ID:1	[INFO: Metric    ] METRIC_RX type=REAL src=5 seq=163 send_ms=1679181 recv_ms=1679054 bytes=48
TX,REAL,4,,164,48,1682772.0,1682479,1682772.0,,,,3966,1682772000	ID:4	[INFO: Metric    ] METRIC_TX type=REAL node=4 seq=164 bytes=48 time_ms=1682479
RX,REAL,,4,164,48,1682823.168,1682320,1682823.168,1682479,1682320,51.16800000006333,3967,1682823168	ID:1	[INFO: Metric    ] METRIC_RX type=REAL src=4 seq=164 send_ms=1682479 recv_ms=1682320 bytes=48
TX,REAL,3,,163,48,1683109.0,1682445,1683109.0,,,,3969,1683109000	ID:3	[INFO: Metric    ] METRIC_TX type=REAL node=3 seq=163 bytes=48 time_ms=1682445
TX,DUMMY,3,,32,48,1683110.0,1682446,1683110.0,,,,3970,1683110000	ID:3	[INFO: Metric    ] METRIC_TX type=DUMMY node=3 seq=32 bytes=48 time_ms=1682446
RX,REAL,,3,163,48,1683235.168,1682732,1683235.168,1682445,1682732,126.16800000006333,3971,1683235168	ID:1	[INFO: Metric    ] METRIC_RX type=REAL src=3 seq=163 send_ms=1682445 recv_ms=1682732 bytes=48
RX,DUMMY,,3,32,48,1683249.168,1682746,1683249.168,1682446,1682746,,3973,1683249168	ID:1	[INFO: Metric    ] METRIC_RX type=DUMMY src=3 seq=32 send_ms=1682446 recv_ms=1682746 bytes=48
TX,REAL,7,,168,48,1683384.0,1683065,1683384.0,,,,3975,1683384000	ID:7	[INFO: Metric    ] METRIC_TX type=REAL node=7 seq=168 bytes=48 time_ms=1683065
RX,REAL,,7,168,48,1683394.88,1682891,1683394.88,1683065,1682891,10.879999999888241,3976,1683394880	ID:1	[INFO: Metric    ] METRIC_RX type=REAL src=7 seq=168 send_ms=1683065 recv_ms=1682891 bytes=48
TX,REAL,6,,165,48,1686568.0,1685629,1686568.0,,,,3979,1686568000	ID:6	[INFO: Metric    ] METRIC_TX type=REAL node=6 seq=165 bytes=48 time_ms=1685629
TX,DUMMY,6,,34,48,1686569.0,1685630,1686569.0,,,,3980,1686569000	ID:6	[INFO: Metric    ] METRIC_TX type=DUMMY node=6 seq=34 bytes=48 time_ms=1685630
RX,REAL,,6,165,48,1686596.88,1686093,1686596.88,1685629,1686093,28.87999999988824,3981,1686596880	ID:1	[INFO: Metric    ] METRIC_RX type=REAL src=6 seq=165 send_ms=1685629 recv_ms=1686093 bytes=48
RX,DUMMY,,6,34,48,1686614.88,1686111,1686614.88,1685630,1686111,,3982,1686614880	ID:1	[INFO: Metric    ] METRIC_RX type=DUMMY src=6 seq=34 send_ms=1685630 recv_ms=1686111 bytes=48
TX,REAL,2,,167,48,1688207.0,1687344,1688207.0,,,,3985,1688207000	ID:2	[INFO: Metric    ] METRIC_TX type=REAL node=2 seq=167 bytes=48 time_ms=1687344
RX,REAL,,2,167,48,1688247.88,1687744,1688247.88,1687344,1687744,40.87999999988824,3986,1688247880	ID:1	[INFO: Metric    ] METRIC_RX type=REAL src=2 seq=167 send_ms=1687344 recv_ms=1687744 bytes=48
TX,REAL,5,,164,48,1690519.0,1690182,1690519.0,,,,3988,1690519000	ID:5	[INFO: Metric    ] METRIC_TX type=REAL node=5 seq=164 bytes=48 time_ms=1690182
RX,REAL,,5,164,48,1690572.168,1690069,1690572.168,1690182,1690069,53.16800000006333,3989,1690572168	ID:1	[INFO: Metric    ] METRIC_RX type=REAL src=5 seq=164 send_ms=1690182 recv_ms=1690069 bytes=48
TX,REAL,4,,165,48,1691773.0,1691480,1691773.0,,,,3991,1691773000	ID:4	[INFO: Metric    ] METRIC_TX type=REAL node=4 seq=165 bytes=48 time_ms=1691480
TX,DUMMY,4,,32,48,1691774.0,1691481,1691774.0,,,,3992,1691774000	ID:4	[INFO: Metric    ] METRIC_TX type=DUMMY node=4 seq=32 bytes=48 time_ms=1691481
RX,REAL,,4,165,48,1691812.168,1691309,1691812.168,1691480,1691309,39.16800000006333,3993,1691812168	ID:1	[INFO: Metric    ] METRIC_RX type=REAL src=4 seq=165 send_ms=1691480 recv_ms=1691309 bytes=48
RX,DUMMY,,4,32,48,1691915.168,1691412,1691915.168,1691481,1691412,,3995,1691915168	ID:1	[INFO: Metric    ] METRIC_RX type=DUMMY src=4 seq=32 send_ms=1691481 recv_ms=1691412 bytes=48
TX,REAL,3,,164,48,1693111.0,1692447,1693111.0,,,,3997,1693111000	ID:3	[INFO: Metric    ] METRIC_TX type=REAL node=3 seq=164 bytes=48 time_ms=1692447
TX,DUMMY,3,,33,48,1693112.0,1692448,1693112.0,,,,3998,1693112000	ID:3	[INFO: Metric    ] METRIC_TX type=DUMMY node=3 seq=33 bytes=48 time_ms=1692448
RX,REAL,,3,164,48,1693182.168,1692679,1693182.168,1692447,1692679,71.16800000006333,3999,1693182168	ID:1	[INFO: Metric    ] METRIC_RX type=REAL src=3 seq=164 send_ms=1692447 recv_ms=1692679 bytes=48
RX,DUMMY,,3,33,48,1693204.168,1692701,1693204.168,1692448,1692701,,4000,1693204168	ID:1	[INFO: Metric    ] METRIC_RX type=DUMMY src=3 seq=33 send_ms=1692448 recv_ms=1692701 bytes=48
TX,REAL,7,,169,48,1693385.0,1693066,1693385.0,,,,4004,1693385000	ID:7	[INFO: Metric    ] METRIC_TX type=REAL node=7 seq=169 bytes=48 time_ms=1693066
RX,REAL,,7,169,48,1693410.88,1692907,1693410.88,1693066,1692907,25.87999999988824,4005,1693410880	ID:1	[INFO: Metric    ] METRIC_RX type=REAL src=7 seq=169 send_ms=1693066 recv_ms=1692907 bytes=48
TX,REAL,6,,166,48,1695570.0,1694631,1695570.0,,,,4007,1695570000	ID:6	[INFO: Metric    ] METRIC_TX type=REAL node=6 seq=166 bytes=48 time_ms=1694631
TX,DUMMY,6,,35,48,1695571.0,1694632,1695571.0,,,,4008,1695571000	ID:6	[INFO: Metric    ] METRIC_TX type=DUMMY node=6 seq=35 bytes=48 time_ms=1694632
RX,REAL,,6,166,48,1695611.88,1695108,1695611.88,1694631,1695108,41.87999999988824,4009,1695611880	ID:1	[INFO: Metric    ] METRIC_RX type=REAL src=6 seq=166 send_ms=1694631 recv_ms=1695108 bytes=48
RX,DUMMY,,6,35,48,1695634.88,1695131,1695634.88,1694632,1695131,,4010,1695634880	ID:1	[INFO: Metric    ] METRIC_RX type=DUMMY src=6 seq=35 send_ms=1694632 recv_ms=1695131 bytes=48
TX,REAL,2,,168,48,1699208.0,1698345,1699208.0,,,,4013,1699208000	ID:2	[INFO: Metric    ] METRIC_TX type=REAL node=2 seq=168 bytes=48 time_ms=1698345
RX,REAL,,2,168,48,1699223.88,1698720,1699223.88,1698345,1698720,15.879999999888241,4014,1699223880	ID:1	[INFO: Metric    ] METRIC_RX type=REAL src=2 seq=168 send_ms=1698345 recv_ms=1698720 bytes=48
TX,REAL,5,,165,48,1700520.0,1700183,1700520.0,,,,4016,1700520000	ID:5	[INFO: Metric    ] METRIC_TX type=REAL node=5 seq=165 bytes=48 time_ms=1700183
RX,REAL,,5,165,48,1700564.168,1700061,1700564.168,1700183,1700061,44.16800000006333,4017,1700564168	ID:1	[INFO: Metric    ] METRIC_RX type=REAL src=5 seq=165 send_ms=1700183 recv_ms=1700061 bytes=48
TX,REAL,4,,166,48,1701775.0,1701482,1701775.0,,,,4019,1701775000	ID:4	[INFO: Metric    ] METRIC_TX type=REAL node=4 seq=166 bytes=48 time_ms=1701482
RX,REAL,,4,166,48,1701826.168,1701323,1701826.168,1701482,1701323,51.16800000006333,4020,1701826168	ID:1	[INFO: Metric    ] METRIC_RX type=REAL src=4 seq=166 send_ms=1701482 recv_ms=1701323 bytes=48
TX,REAL,3,,165,48,1702113.0,1701449,1702113.0,,,,4022,1702113000	ID:3	[INFO: Metric    ] METRIC_TX type=REAL node=3 seq=165 bytes=48 time_ms=1701449
RX,REAL,,3,165,48,1702182.168,1701679,1702182.168,1701449,1701679,69.16800000006333,4023,1702182168	ID:1	[INFO: Metric    ] METRIC_RX type=REAL src=3 seq=165 send_ms=1701449 recv_ms=1701679 bytes=48
TX,REAL,7,,170,48,1704386.0,1704067,1704386.0,,,,4027,1704386000	ID:7	[INFO: Metric    ] METRIC_TX type=REAL node=7 seq=170 bytes=48 time_ms=1704067
TX,DUMMY,7,,36,48,1704387.0,1704068,1704387.0,,,,4028,1704387000	ID:7	[INFO: Metric    ] METRIC_TX type=DUMMY node=7 seq=36 bytes=48 time_ms=1704068
RX,REAL,,7,170,48,1704407.88,1703904,1704407.88,1704067,1703904,21.87999999988824,4029,1704407880	ID:1	[INFO: Metric    ] METRIC_RX type=REAL src=7 seq=170 send_ms=1704067 recv_ms=1703904 bytes=48
RX,DUMMY,,7,36,48,1704414.88,1703911,1704414.88,1704068,1703911,,4030,1704414880	ID:1	[INFO: Metric    ] METRIC_RX type=DUMMY src=7 seq=36 send_ms=1704068 recv_ms=1703911 bytes=48
TX,REAL,6,,167,48,1705572.0,1704633,1705572.0,,,,4033,1705572000	ID:6	[INFO: Metric    ] METRIC_TX type=REAL node=6 seq=167 bytes=48 time_ms=1704633
TX,DUMMY,6,,36,48,1705573.0,1704634,1705573.0,,,,4034,1705573000	ID:6	[INFO: Metric    ] METRIC_TX type=DUMMY node=6 seq=36 bytes=48 time_ms=1704634
RX,REAL,,6,167,48,1705586.88,1705083,1705586.88,1704633,1705083,14.879999999888241,4035,1705586880	ID:1	[INFO: Metric    ] METRIC_RX type=REAL src=6 seq=167 send_ms=1704633 recv_ms=1705083 bytes=48
RX,DUMMY,,6,36,48,1705599.88,1705096,1705599.88,1704634,1705096,,4037,1705599880	ID:1	[INFO: Metric    ] METRIC_RX type=DUMMY src=6 seq=36 send_ms=1704634 recv_ms=1705096 bytes=48
TX,REAL,2,,169,48,1709209.0,1708346,1709209.0,,,,4040,1709209000	ID:2	[INFO: Metric    ] METRIC_TX type=REAL node=2 seq=169 bytes=48 time_ms=1708346
RX,REAL,,2,169,48,1709240.88,1708737,1709240.88,1708346,1708737,31.87999999988824,4041,1709240880	ID:1	[INFO: Metric    ] METRIC_RX type=REAL src=2 seq=169 send_ms=1708346 recv_ms=1708737 bytes=48
TX,REAL,5,,166,48,1710521.0,1710184,1710521.0,,,,4043,1710521000	ID:5	[INFO: Metric    ] METRIC_TX type=REAL node=5 seq=166 bytes=48 time_ms=1710184
RX,REAL,,5,166,48,1710598.168,1710095,1710598.168,1710184,1710095,77.16800000006333,4044,1710598168	ID:1	[INFO: Metric    ] METRIC_RX type=REAL src=5 seq=166 send_ms=1710184 recv_ms=1710095 bytes=48
TX,REAL,4,,167,48,1710776.0,1710483,1710776.0,,,,4046,1710776000	ID:4	[INFO: Metric    ] METRIC_TX type=REAL node=4 seq=167 bytes=48 time_ms=1710483
RX,REAL,,4,167,48,1710812.168,1710309,1710812.168,1710483,1710309,36.16800000006333,4047,1710812168	ID:1	[INFO: Metric    ] METRIC_RX type=REAL src=4 seq=167 send_ms=1710483 recv_ms=1710309 bytes=48
TX,REAL,3,,166,48,1712114.0,1711450,1712114.0,,,,4049,1712114000	ID:3	[INFO: Metric    ] METRIC_TX type=REAL node=3 seq=166 bytes=48 time_ms=1711450
TX,DUMMY,3,,34,48,1712115.0,1711451,1712115.0,,,,4050,1712115000	ID:3	[INFO: Metric    ] METRIC_TX type=DUMMY node=3 seq=34 bytes=48 time_ms=1711451
RX,REAL,,3,166,48,1712188.168,1711685,1712188.168,1711450,1711685,74.16800000006333,4051,1712188168	ID:1	[INFO: Metric    ] METRIC_RX type=REAL src=3 seq=166 send_ms=1711450 recv_ms=1711685 bytes=48
RX,DUMMY,,3,34,48,1712239.168,1711736,1712239.168,1711451,1711736,,4053,1712239168	ID:1	[INFO: Metric    ] METRIC_RX type=DUMMY src=3 seq=34 send_ms=1711451 recv_ms=1711736 bytes=48
TX,REAL,7,,171,48,1714388.0,1714069,1714388.0,,,,4055,1714388000	ID:7	[INFO: Metric    ] METRIC_TX type=REAL node=7 seq=171 bytes=48 time_ms=1714069
TX,DUMMY,7,,37,48,1714389.0,1714070,1714389.0,,,,4056,1714389000	ID:7	[INFO: Metric    ] METRIC_TX type=DUMMY node=7 seq=37 bytes=48 time_ms=1714070
RX,REAL,,7,171,48,1714432.88,1713929,1714432.88,1714069,1713929,44.87999999988824,4057,1714432880	ID:1	[INFO: Metric    ] METRIC_RX type=REAL src=7 seq=171 send_ms=1714069 recv_ms=1713929 bytes=48
RX,DUMMY,,7,37,48,1714443.88,1713940,1714443.88,1714070,1713940,,4058,1714443880	ID:1	[INFO: Metric    ] METRIC_RX type=DUMMY src=7 seq=37 send_ms=1714070 recv_ms=1713940 bytes=48
TX,REAL,6,,168,48,1715574.0,1714635,1715574.0,,,,4061,1715574000	ID:6	[INFO: Metric    ] METRIC_TX type=REAL node=6 seq=168 bytes=48 time_ms=1714635
RX,REAL,,6,168,48,1715608.88,1715105,1715608.88,1714635,1715105,34.87999999988824,4062,1715608880	ID:1	[INFO: Metric    ] METRIC_RX type=REAL src=6 seq=168 send_ms=1714635 recv_ms=1715105 bytes=48
TX,REAL,2,,170,48,1718210.0,1717347,1718210.0,,,,4066,1718210000	ID:2	[INFO: Metric    ] METRIC_TX type=REAL node=2 seq=170 bytes=48 time_ms=1717347
RX,REAL,,2,170,48,1718228.88,1717725,1718228.88,1717347,1717725,18.87999999988824,4067,1718228880	ID:1	[INFO: Metric    ] METRIC_RX type=REAL src=2 seq=170 send_ms=1717347 recv_ms=1717725 bytes=48
TX,REAL,4,,168,48,1719777.0,1719484,1719777.0,,,,4070,1719777000	ID:4	[INFO: Metric    ] METRIC_TX type=REAL node=4 seq=168 bytes=48 time_ms=1719484
RX,REAL,,4,168,48,1719838.168,1719335,1719838.168,1719484,1719335,61.16800000006333,4071,1719838168	ID:1	[INFO: Metric    ] METRIC_RX type=REAL src=4 seq=168 send_ms=1719484 recv_ms=1719335 bytes=48
TX,REAL,5,,167,48,1720522.0,1720185,1720522.0,,,,4073,1720522000	ID:5	[INFO: Metric    ] METRIC_TX type=REAL node=5 seq=167 bytes=48 time_ms=1720185
RX,REAL,,5,167,48,1720589.168,1720086,1720589.168,1720185,1720086,67.16800000006333,4074,1720589168	ID:1	[INFO: Metric    ] METRIC_RX type=REAL src=5 seq=167 send_ms=1720185 recv_ms=1720086 bytes=48
TX,REAL,3,,167,48,1721116.0,1720452,1721116.0,,,,4076,1721116000	ID:3	[INFO: Metric    ] METRIC_TX type=REAL node=3 seq=167 bytes=48 time_ms=1720452
RX,REAL,,3,167,48,1721181.168,1720678,1721181.168,1720452,1720678,65.16800000006333,4077,1721181168	ID:1	[INFO: Metric    ] METRIC_RX type=REAL src=3 seq=167 send_ms=1720452 recv_ms=1720678 bytes=48
TX,REAL,6,,169,48,1724575.0,1723636,1724575.0,,,,4079,1724575000	ID:6	[INFO: Metric    ] METRIC_TX type=REAL node=6 seq=169 bytes=48 time_ms=1723636
RX,REAL,,6,169,48,1724580.88,1724077,1724580.88,1723636,1724077,5.879999999888241,4080,1724580880	ID:1	[INFO: Metric    ] METRIC_RX type=REAL src=6 seq=169 send_ms=1723636 recv_ms=1724077 bytes=48
TX,REAL,7,,172,48,1725390.0,1725071,1725390.0,,,,4082,1725390000	ID:7	[INFO: Metric    ] METRIC_TX type=REAL node=7 seq=172 bytes=48 time_ms=1725071
TX,DUMMY,7,,38,48,1725391.0,1725072,1725391.0,,,,4083,1725391000	ID:7	[INFO: Metric    ] METRIC_TX type=DUMMY node=7 seq=38 bytes=48 time_ms=1725072
RX,REAL,,7,172,48,1725412.88,1724909,1725412.88,1725071,1724909,22.87999999988824,4084,1725412880	ID:1	[INFO: Metric    ] METRIC_RX type=REAL src=7 seq=172 send_ms=1725071 recv_ms=1724909 bytes=48
RX,DUMMY,,7,38,48,1725418.88,1724915,1725418.88,1725072,1724915,,4085,1725418880	ID:1	[INFO: Metric    ] METRIC_RX type=DUMMY src=7 seq=38 send_ms=1725072 recv_ms=1724915 bytes=48
TX,REAL,2,,171,48,1729211.0,1728348,1729211.0,,,,4088,1729211000	ID:2	[INFO: Metric    ] METRIC_TX type=REAL node=2 seq=171 bytes=48 time_ms=1728348
RX,REAL,,2,171,48,1729217.88,1728714,1729217.88,1728348,1728714,6.879999999888241,4089,1729217880	ID:1	[INFO: Metric    ] METRIC_RX type=REAL src=2 seq=171 send_ms=1728348 recv_ms=1728714 bytes=48
TX,REAL,4,,169,48,1729778.0,1729485,1729778.0,,,,4091,1729778000	ID:4	[INFO: Metric    ] METRIC_TX type=REAL node=4 seq=169 bytes=48 time_ms=1729485
TX,DUMMY,4,,33,48,1729779.0,1729486,1729779.0,,,,4092,1729779000	ID:4	[INFO: Metric    ] METRIC_TX type=DUMMY node=4 seq=33 bytes=48 time_ms=1729486
RX,REAL,,4,169,48,1729831.168,1729328,1729831.168,1729485,1729328,53.16800000006333,4093,1729831168	ID:1	[INFO: Metric    ] METRIC_RX type=REAL src=4 seq=169 send_ms=1729485 recv_ms=1729328 bytes=48
RX,DUMMY,,4,33,48,1729906.168,1729403,1729906.168,1729486,1729403,,4095,1729906168	ID:1	[INFO: Metric    ] METRIC_RX type=DUMMY src=4 seq=33 send_ms=1729486 recv_ms=1729403 bytes=48
TX,REAL,5,,168,48,1730523.0,1730186,1730523.0,,,,4097,1730523000	ID:5	[INFO: Metric    ] METRIC_TX type=REAL node=5 seq=168 bytes=48 time_ms=1730186
TX,DUMMY,5,,31,48,1730524.0,1730187,1730524.0,,,,4098,1730524000	ID:5	[INFO: Metric    ] METRIC_TX type=DUMMY node=5 seq=31 bytes=48 time_ms=1730187
RX,REAL,,5,168,48,1730627.168,1730124,1730627.168,1730186,1730124,104.16800000006333,4099,1730627168	ID:1	[INFO: Metric    ] METRIC_RX type=REAL src=5 seq=168 send_ms=1730186 recv_ms=1730124 bytes=48
RX,DUMMY,,5,31,48,1730634.168,1730131,1730634.168,1730187,1730131,,4101,1730634168	ID:1	[INFO: Metric    ] METRIC_RX type=DUMMY src=5 seq=31 send_ms=1730187 recv_ms=1730131 bytes=48
TX,REAL,3,,168,48,1732117.0,1731453,1732117.0,,,,4104,1732117000	ID:3	[INFO: Metric    ] METRIC_TX type=REAL node=3 seq=168 bytes=48 time_ms=1731453
RX,REAL,,3,168,48,1732169.168,1731666,1732169.168,1731453,1731666,52.16800000006333,4105,1732169168	ID:1	[INFO: Metric    ] METRIC_RX type=REAL src=3 seq=168 send_ms=1731453 recv_ms=1731666 bytes=48
TX,REAL,6,,170,48,1734576.0,1733637,1734576.0,,,,4109,1734576000	ID:6	[INFO: Metric    ] METRIC_TX type=REAL node=6 seq=170 bytes=48 time_ms=1733637
RX,REAL,,6,170,48,1734586.88,1734083,1734586.88,1733637,1734083,10.879999999888241,4110,1734586880	ID:1	[INFO: Metric    ] METRIC_RX type=REAL src=6 seq=170 send_ms=1733637 recv_ms=1734083 bytes=48
TX,REAL,7,,173,48,1736392.0,1736073,1736392.0,,,,4112,1736392000	ID:7	[INFO: Metric    ] METRIC_TX type=REAL node=7 seq=173 bytes=48 time_ms=1736073
RX,REAL,,7,173,48,1736420.88,1735917,1736420.88,1736073,1735917,28.87999999988824,4113,1736420880	ID:1	[INFO: Metric    ] METRIC_RX type=REAL src=7 seq=173 send_ms=1736073 recv_ms=1735917 bytes=48
TX,REAL,2,,172,48,1738212.0,1737349,1738212.0,,,,4115,1738212000	ID:2	[INFO: Metric    ] METRIC_TX type=REAL node=2 seq=172 bytes=48 time_ms=1737349
RX,REAL,,2,172,48,1738240.88,1737737,1738240.88,1737349,1737737,28.87999999988824,4116,1738240880	ID:1	[INFO: Metric    ] METRIC_RX type=REAL src=2 seq=172 send_ms=1737349 recv_ms=1737737 bytes=48
TX,REAL,4,,170,48,1738780.0,1738487,1738780.0,,,,4120,1738780000	ID:4	[INFO: Metric    ] METRIC_TX type=REAL node=4 seq=170 bytes=48 time_ms=1738487
RX,REAL,,4,170,48,1738847.168,1738344,1738847.168,1738487,1738344,67.16800000006333,4121,1738847168	ID:1	[INFO: Metric    ] METRIC_RX type=REAL src=4 seq=170 send_ms=1738487 recv_ms=1738344 bytes=48
TX,REAL,5,,169,48,1739525.0,1739188,1739525.0,,,,4123,1739525000	ID:5	[INFO: Metric    ] METRIC_TX type=REAL node=5 seq=169 bytes=48 time_ms=1739188
RX,REAL,,5,169,48,1739570.168,1739067,1739570.168,1739188,1739067,45.16800000006333,4124,1739570168	ID:1	[INFO: Metric    ] METRIC_RX type=REAL src=5 seq=169 send_ms=1739188 recv_ms=1739067 bytes=48
TX,REAL,3,,169,48,1742118.0,1741454,1742118.0,,,,4126,1742118000	ID:3	[INFO: Metric    ] METRIC_TX type=REAL node=3 seq=169 bytes=48 time_ms=1741454
RX,REAL,,3,169,48,1742155.168,1741652,1742155.168,1741454,1741652,37.16800000006333,4127,1742155168	ID:1	[INFO: Metric    ] METRIC_RX type=REAL src=3 seq=169 send_ms=1741454 recv_ms=1741652 bytes=48
TX,REAL,6,,171,48,1744577.0,1743638,1744577.0,,,,4129,1744577000	ID:6	[INFO: Metric    ] METRIC_TX type=REAL node=6 seq=171 bytes=48 time_ms=1743638
RX,REAL,,6,171,48,1744599.88,1744096,1744599.88,1743638,1744096,22.87999999988824,4130,1744599880	ID:1	[INFO: Metric    ] METRIC_RX type=REAL src=6 seq=171 send_ms=1743638 recv_ms=1744096 bytes=48
TX,REAL,7,,174,48,1746393.0,1746074,1746393.0,,,,4132,1746393000	ID:7	[INFO: Metric    ] METRIC_TX type=REAL node=7 seq=174 bytes=48 time_ms=1746074
RX,REAL,,7,174,48,1746416.88,1745913,1746416.88,1746074,1745913,23.87999999988824,4133,1746416880	ID:1	[INFO: Metric    ] METRIC_RX type=REAL src=7 seq=174 send_ms=1746074 recv_ms=1745913 bytes=48
TX,REAL,2,,173,48,1748213.0,1747350,1748213.0,,,,4136,1748213000	ID:2	[INFO: Metric    ] METRIC_TX type=REAL node=2 seq=173 bytes=48 time_ms=1747350
TX,DUMMY,2,,32,48,1748214.0,1747351,1748214.0,,,,4137,1748214000	ID:2	[INFO: Metric    ] METRIC_TX type=DUMMY node=2 seq=32 bytes=48 time_ms=1747351
RX,REAL,,2,173,48,1748231.88,1747728,1748231.88,1747350,1747728,18.87999999988824,4138,1748231880	ID:1	[INFO: Metric    ] METRIC_RX type=REAL src=2 seq=173 send_ms=1747350 recv_ms=1747728 bytes=48
RX,DUMMY,,2,32,48,1748277.88,1747774,1748277.88,1747351,1747774,,4140,1748277880	ID:1	[INFO: Metric    ] METRIC_RX type=DUMMY src=2 seq=32 send_ms=1747351 recv_ms=1747774 bytes=48
TX,REAL,4,,171,48,1748781.0,1748488,1748781.0,,,,4142,1748781000	ID:4	[INFO: Metric    ] METRIC_TX type=REAL node=4 seq=171 bytes=48 time_ms=1748488
RX,REAL,,4,171,48,1748818.168,1748315,1748818.168,1748488,1748315,37.16800000006333,4143,1748818168	ID:1	[INFO: Metric    ] METRIC_RX type=REAL src=4 seq=171 send_ms=1748488 recv_ms=1748315 bytes=48
TX,REAL,5,,170,48,1750526.0,1750189,1750526.0,,,,4147,1750526000	ID:5	[INFO: Metric    ] METRIC_TX type=REAL node=5 seq=170 bytes=48 time_ms=1750189
RX,REAL,,5,170,48,1750559.168,1750056,1750559.168,1750189,1750056,33.16800000006333,4148,1750559168	ID:1	[INFO: Metric    ] METRIC_RX type=REAL src=5 seq=170 send_ms=1750189 recv_ms=1750056 bytes=48
TX,REAL,3,,170,48,1752119.0,1751455,1752119.0,,,,4152,1752119000	ID:3	[INFO: Metric    ] METRIC_TX type=REAL node=3 seq=170 bytes=48 time_ms=1751455
TX,DUMMY,3,,35,48,1752120.0,1751456,1752120.0,,,,4153,1752120000	ID:3	[INFO: Metric    ] METRIC_TX type=DUMMY node=3 seq=35 bytes=48 time_ms=1751456
RX,REAL,,3,170,48,1752161.304,1751658,1752161.304,1751455,1751658,42.304000000003725,4154,1752161304	ID:1	[INFO: Metric    ] METRIC_RX type=REAL src=3 seq=170 send_ms=1751455 recv_ms=1751658 bytes=48
RX,DUMMY,,3,35,48,1752216.592,1751713,1752216.592,1751456,1751713,,4156,1752216592	ID:1	[INFO: Metric    ] METRIC_RX type=DUMMY src=3 seq=35 send_ms=1751456 recv_ms=1751713 bytes=48
TX,REAL,6,,172,48,1753578.0,1752639,1753578.0,,,,4158,1753578000	ID:6	[INFO: Metric    ] METRIC_TX type=REAL node=6 seq=172 bytes=48 time_ms=1752639
TX,DUMMY,6,,37,48,1753579.0,1752640,1753579.0,,,,4159,1753579000	ID:6	[INFO: Metric    ] METRIC_TX type=DUMMY node=6 seq=37 bytes=48 time_ms=1752640
RX,REAL,,6,172,48,1753585.88,1753082,1753585.88,1752639,1753082,7.879999999888241,4160,1753585880	ID:1	[INFO: Metric    ] METRIC_RX type=REAL src=6 seq=172 send_ms=1752639 recv_ms=1753082 bytes=48
RX,DUMMY,,6,37,48,1753599.88,1753096,1753599.88,1752640,1753096,,4161,1753599880	ID:1	[INFO: Metric    ] METRIC_RX type=DUMMY src=6 seq=37 send_ms=1752640 recv_ms=1753096 bytes=48
TX,REAL,7,,175,48,1756394.0,1756075,1756394.0,,,,4164,1756394000	ID:7	[INFO: Metric    ] METRIC_TX type=REAL node=7 seq=175 bytes=48 time_ms=1756075
TX,DUMMY,7,,39,48,1756395.0,1756076,1756395.0,,,,4165,1756395000	ID:7	[INFO: Metric    ] METRIC_TX type=DUMMY node=7 seq=39 bytes=48 time_ms=1756076
RX,REAL,,7,175,48,1756435.88,1755932,1756435.88,1756075,1755932,41.87999999988824,4166,1756435880	ID:1	[INFO: Metric    ] METRIC_RX type=REAL src=7 seq=175 send_ms=1756075 recv_ms=1755932 bytes=48
RX,DUMMY,,7,39,48,1756452.88,1755949,1756452.88,1756076,1755949,,4168,1756452880	ID:1	[INFO: Metric    ] METRIC_RX type=DUMMY src=7 seq=39 send_ms=1756076 recv_ms=1755949 bytes=48
TX,REAL,2,,174,48,1757215.0,1756352,1757215.0,,,,4171,1757215000	ID:2	[INFO: Metric    ] METRIC_TX type=REAL node=2 seq=174 bytes=48 time_ms=1756352
RX,REAL,,2,174,48,1757225.88,1756722,1757225.88,1756352,1756722,10.879999999888241,4172,1757225880	ID:1	[INFO: Metric    ] METRIC_RX type=REAL src=2 seq=174 send_ms=1756352 recv_ms=1756722 bytes=48
TX,REAL,4,,172,48,1758782.0,1758489,1758782.0,,,,4174,1758782000	ID:4	[INFO: Metric    ] METRIC_TX type=REAL node=4 seq=172 bytes=48 time_ms=1758489
RX,REAL,,4,172,48,1758812.168,1758309,1758812.168,1758489,1758309,30.16800000006333,4175,1758812168	ID:1	[INFO: Metric    ] METRIC_RX type=REAL src=4 seq=172 send_ms=1758489 recv_ms=1758309 bytes=48
TX,REAL,5,,171,48,1759527.0,1759190,1759527.0,,,,4177,1759527000	ID:5	[INFO: Metric    ] METRIC_TX type=REAL node=5 seq=171 bytes=48 time_ms=1759190
RX,REAL,,5,171,48,1759582.168,1759079,1759582.168,1759190,1759079,55.16800000006333,4178,1759582168	ID:1	[INFO: Metric    ] METRIC_RX type=REAL src=5 seq=171 send_ms=1759190 recv_ms=1759079 bytes=48
TX,REAL,3,,171,48,1761121.0,1760457,1761121.0,,,,4180,1761121000	ID:3	[INFO: Metric    ] METRIC_TX type=REAL node=3 seq=171 bytes=48 time_ms=1760457
RX,REAL,,3,171,48,1761169.168,1760666,1761169.168,1760457,1760666,48.16800000006333,4181,1761169168	ID:1	[INFO: Metric    ] METRIC_RX type=REAL src=3 seq=171 send_ms=1760457 recv_ms=1760666 bytes=48
TX,REAL,6,,173,48,1763580.0,1762641,1763580.0,,,,4183,1763580000	ID:6	[INFO: Metric    ] METRIC_TX type=REAL node=6 seq=173 bytes=48 time_ms=1762641
RX,REAL,,6,173,48,1763608.88,1763105,1763608.88,1762641,1763105,28.87999999988824,4184,1763608880	ID:1	[INFO: Metric    ] METRIC_RX type=REAL src=6 seq=173 send_ms=1762641 recv_ms=1763105 bytes=48
TX,REAL,2,,175,48,1766216.0,1765353,1766216.0,,,,4186,1766216000	ID:2	[INFO: Metric    ] METRIC_TX type=REAL node=2 seq=175 bytes=48 time_ms=1765353
RX,REAL,,2,175,48,1766233.88,1765730,1766233.88,1765353,1765730,17.87999999988824,4187,1766233880	ID:1	[INFO: Metric    ] METRIC_RX type=REAL src=2 seq=175 send_ms=1765353 recv_ms=1765730 bytes=48
TX,REAL,7,,176,48,1766396.0,1766077,1766396.0,,,,4189,1766396000	ID:7	[INFO: Metric    ] METRIC_TX type=REAL node=7 seq=176 bytes=48 time_ms=1766077
RX,REAL,,7,176,48,1766415.88,1765912,1766415.88,1766077,1765912,19.87999999988824,4190,1766415880	ID:1	[INFO: Metric    ] METRIC_RX type=REAL src=7 seq=176 send_ms=1766077 recv_ms=1765912 bytes=48
TX,REAL,4,,173,48,1768783.0,1768490,1768783.0,,,,4192,1768783000	ID:4	[INFO: Metric    ] METRIC_TX type=REAL node=4 seq=173 bytes=48 time_ms=1768490
RX,REAL,,4,173,48,1768828.168,1768325,1768828.168,1768490,1768325,45.16800000006333,4193,1768828168	ID:1	[INFO: Metric    ] METRIC_RX type=REAL src=4 seq=173 send_ms=1768490 recv_ms=1768325 bytes=48
TX,REAL,5,,172,48,1770528.0,1770191,1770528.0,,,,4195,1770528000	ID:5	[INFO: Metric    ] METRIC_TX type=REAL node=5 seq=172 bytes=48 time_ms=1770191
TX,DUMMY,5,,32,48,1770529.0,1770192,1770529.0,,,,4196,1770529000	ID:5	[INFO: Metric    ] METRIC_TX type=DUMMY node=5 seq=32 bytes=48 time_ms=1770192
RX,REAL,,5,172,48,1770574.168,1770071,1770574.168,1770191,1770071,46.16800000006333,4197,1770574168	ID:1	[INFO: Metric    ] METRIC_RX type=REAL src=5 seq=172 send_ms=1770191 recv_ms=1770071 bytes=48
RX,DUMMY,,5,32,48,1770620.168,1770117,1770620.168,1770192,1770117,,4198,1770620168	ID:1	[INFO: Metric    ] METRIC_RX type=DUMMY src=5 seq=32 send_ms=1770192 recv_ms=1770117 bytes=48
TX,REAL,3,,172,48,1771122.0,1770458,1771122.0,,,,4202,1771122000	ID:3	[INFO: Metric    ] METRIC_TX type=REAL node=3 seq=172 bytes=48 time_ms=1770458
RX,REAL,,3,172,48,1771167.168,1770664,1771167.168,1770458,1770664,45.16800000006333,4203,1771167168	ID:1	[INFO: Metric    ] METRIC_RX type=REAL src=3 seq=172 send_ms=1770458 recv_ms=1770664 bytes=48
TX,REAL,6,,174,48,1772581.0,1771642,1772581.0,,,,4205,1772581000	ID:6	[INFO: Metric    ] METRIC_TX type=REAL node=6 seq=174 bytes=48 time_ms=1771642
RX,REAL,,6,174,48,1772612.88,1772109,1772612.88,1771642,1772109,31.87999999988824,4206,1772612880	ID:1	[INFO: Metric    ] METRIC_RX type=REAL src=6 seq=174 send_ms=1771642 recv_ms=1772109 bytes=48
TX,REAL,2,,176,48,1777217.0,1776354,1777217.0,,,,4208,1777217000	ID:2	[INFO: Metric    ] METRIC_TX type=REAL node=2 seq=176 bytes=48 time_ms=1776354
RX,REAL,,2,176,48,1777261.88,1776758,1777261.88,1776354,1776758,44.87999999988824,4209,1777261880	ID:1	[INFO: Metric    ] METRIC_RX type=REAL src=2 seq=176 send_ms=1776354 recv_ms=1776758 bytes=48
TX,REAL,7,,177,48,1777397.0,1777078,1777397.0,,,,4211,1777397000	ID:7	[INFO: Metric    ] METRIC_TX type=REAL node=7 seq=177 bytes=48 time_ms=1777078
RX,REAL,,7,177,48,1777415.88,1776912,1777415.88,1777078,1776912,18.87999999988824,4212,1777415880	ID:1	[INFO: Metric    ] METRIC_RX type=REAL src=7 seq=177 send_ms=1777078 recv_ms=1776912 bytes=48
TX,REAL,4,,174,48,1779784.0,1779491,1779784.0,,,,4214,1779784000	ID:4	[INFO: Metric    ] METRIC_TX type=REAL node=4 seq=174 bytes=48 time_ms=1779491
RX,REAL,,4,174,48,1779850.168,1779347,1779850.168,1779491,1779347,66.16800000006333,4215,1779850168	ID:1	[INFO: Metric    ] METRIC_RX type=REAL src=4 seq=174 send_ms=1779491 recv_ms=1779347 bytes=48
TX,REAL,5,,173,48,1781530.0,1781193,1781530.0,,,,4217,1781530000	ID:5	[INFO: Metric    ] METRIC_TX type=REAL node=5 seq=173 bytes=48 time_ms=1781193
RX,REAL,,5,173,48,1781555.168,1781052,1781555.168,1781193,1781052,25.16800000006333,4218,1781555168	ID:1	[INFO: Metric    ] METRIC_RX type=REAL src=5 seq=173 send_ms=1781193 recv_ms=1781052 bytes=48
TX,REAL,6,,175,48,1781582.0,1780643,1781582.0,,,,4219,1781582000	ID:6	[INFO: Metric    ] METRIC_TX type=REAL node=6 seq=175 bytes=48 time_ms=1780643
RX,REAL,,6,175,48,1781624.88,1781121,1781624.88,1780643,1781121,42.87999999988824,4221,1781624880	ID:1	[INFO: Metric    ] METRIC_RX type=REAL src=6 seq=175 send_ms=1780643 recv_ms=1781121 bytes=48
TX,REAL,3,,173,48,1782123.0,1781459,1782123.0,,,,4223,1782123000	ID:3	[INFO: Metric    ] METRIC_TX type=REAL node=3 seq=173 bytes=48 time_ms=1781459
RX,REAL,,3,173,48,1782205.168,1781702,1782205.168,1781459,1781702,82.16800000006333,4224,1782205168	ID:1	[INFO: Metric    ] METRIC_RX type=REAL src=3 seq=173 send_ms=1781459 recv_ms=1781702 bytes=48
TX,REAL,2,,177,48,1787218.0,1786355,1787218.0,,,,4226,1787218000	ID:2	[INFO: Metric    ] METRIC_TX type=REAL node=2 seq=177 bytes=48 time_ms=1786355
RX,REAL,,2,177,48,1787254.88,1786751,1787254.88,1786355,1786751,36.87999999988824,4227,1787254880	ID:1	[INFO: Metric    ] METRIC_RX type=REAL src=2 seq=177 send_ms=1786355 recv_ms=1786751 bytes=48
TX,REAL,7,,178,48,1787398.0,1787079,1787398.0,,,,4229,1787398000	ID:7	[INFO: Metric    ] METRIC_TX type=REAL node=7 seq=178 bytes=48 time_ms=1787079
RX,REAL,,7,178,48,1787415.88,1786912,1787415.88,1787079,1786912,17.87999999988824,4230,1787415880	ID:1	[INFO: Metric    ] METRIC_RX type=REAL src=7 seq=178 send_ms=1787079 recv_ms=1786912 bytes=48
TX,REAL,5,,174,48,1790531.0,1790194,1790531.0,,,,4233,1790531000	ID:5	[INFO: Metric    ] METRIC_TX type=REAL node=5 seq=174 bytes=48 time_ms=1790194
TX,DUMMY,5,,33,48,1790532.0,1790195,1790532.0,,,,4234,1790532000	ID:5	[INFO: Metric    ] METRIC_TX type=DUMMY node=5 seq=33 bytes=48 time_ms=1790195
RX,REAL,,5,174,48,1790606.168,1790103,1790606.168,1790194,1790103,75.16800000006333,4235,1790606168	ID:1	[INFO: Metric    ] METRIC_RX type=REAL src=5 seq=174 send_ms=1790194 recv_ms=1790103 bytes=48
RX,DUMMY,,5,33,48,1790655.168,1790152,1790655.168,1790195,1790152,,4237,1790655168	ID:1	[INFO: Metric    ] METRIC_RX type=DUMMY src=5 seq=33 send_ms=1790195 recv_ms=1790152 bytes=48
TX,REAL,4,,175,48,1790785.0,1790492,1790785.0,,,,4239,1790785000	ID:4	[INFO: Metric    ] METRIC_TX type=REAL node=4 seq=175 bytes=48 time_ms=1790492
RX,REAL,,4,175,48,1790865.168,1790362,1790865.168,1790492,1790362,80.16800000006333,4240,1790865168	ID:1	[INFO: Metric    ] METRIC_RX type=REAL src=4 seq=175 send_ms=1790492 recv_ms=1790362 bytes=48
TX,REAL,3,,174,48,1791124.0,1790460,1791124.0,,,,4242,1791124000	ID:3	[INFO: Metric    ] METRIC_TX type=REAL node=3 seq=174 bytes=48 time_ms=1790460
RX,REAL,,3,174,48,1791163.168,1790660,1791163.168,1790460,1790660,39.16800000006333,4243,1791163168	ID:1	[INFO: Metric    ] METRIC_RX type=REAL src=3 seq=174 send_ms=1790460 recv_ms=1790660 bytes=48
TX,REAL,6,,176,48,1791583.0,1790644,1791583.0,,,,4245,1791583000	ID:6	[INFO: Metric    ] METRIC_TX type=REAL node=6 seq=176 bytes=48 time_ms=1790644
RX,REAL,,6,176,48,1791588.88,1791085,1791588.88,1790644,1791085,5.879999999888241,4246,1791588880	ID:1	[INFO: Metric    ] METRIC_RX type=REAL src=6 seq=176 send_ms=1790644 recv_ms=1791085 bytes=48
TX,REAL,2,,178,48,1796219.0,1795356,1796219.0,,,,4248,1796219000	ID:2	[INFO: Metric    ] METRIC_TX type=REAL node=2 seq=178 bytes=48 time_ms=1795356
TX,DUMMY,2,,33,48,1796220.0,1795357,1796220.0,,,,4249,1796220000	ID:2	[INFO: Metric    ] METRIC_TX type=DUMMY node=2 seq=33 bytes=48 time_ms=1795357
RX,REAL,,2,178,48,1796254.88,1795751,1796254.88,1795356,1795751,35.87999999988824,4250,1796254880	ID:1	[INFO: Metric    ] METRIC_RX type=REAL src=2 seq=178 send_ms=1795356 recv_ms=1795751 bytes=48
RX,DUMMY,,2,33,48,1796264.88,1795761,1796264.88,1795357,1795761,,4251,1796264880	ID:1	[INFO: Metric    ] METRIC_RX type=DUMMY src=2 seq=33 send_ms=1795357 recv_ms=1795761 bytes=48
TX,REAL,7,,179,48,1796399.0,1796080,1796399.0,,,,4254,1796399000	ID:7	[INFO: Metric    ] METRIC_TX type=REAL node=7 seq=179 bytes=48 time_ms=1796080
RX,REAL,,7,179,48,1796424.88,1795921,1796424.88,1796080,1795921,25.87999999988824,4255,1796424880	ID:1	[INFO: Metric    ] METRIC_RX type=REAL src=7 seq=179 send_ms=1796080 recv_ms=1795921 bytes=48
TX,REAL,4,,176,48,1799786.0,1799493,1799786.0,,,,4257,1799786000	ID:4	[INFO: Metric    ] METRIC_TX type=REAL node=4 seq=176 bytes=48 time_ms=1799493
RX,REAL,,4,176,48,1799813.168,1799310,1799813.168,1799493,1799310,27.16800000006333,4258,1799813168	ID:1	[INFO: Metric    ] METRIC_RX type=REAL src=4 seq=176 send_ms=1799493 recv_ms=1799310 bytes=48
