{
  "mode": "fixed_attacker",
  "distortion": {
    "mse": 0.71507654144235,
    "mae": 0.39126366903102044,
    "pearson_r": 0.3101393509287957,
    "mean_relative_abs_error": 76.3498981431065
  },
  "defense_config": {
    "enabled": true,
    "method": "adaptive_ldp",
    "mode": "fixed_attacker",
    "epsilon": 1.0,
    "ldp_sensitivity": 1.0,
    "noise_type": "laplace",
    "noise_scale": 0.5,
    "apply_to": "all",
    "selected_features": [
      "kitchen_light",
      "office_pc",
      "bedroom_motion"
    ],
    "binary_threshold": 0.5,
    "binary_features": [],
    "numeric_features": null
  },
  "attack_metrics": {
    "baseline": {
      "accuracy": 0.7974211062097047,
      "precision_macro": 0.7906653609567598,
      "recall_macro": 0.7934157779039684,
      "f1_macro": 0.7908078181634011,
      "per_class_recall": {
        "walking": 0.6612903225806451,
        "walking_upstairs": 0.6390658174097664,
        "walking_downstairs": 0.8166666666666667,
        "sitting": 0.8126272912423625,
        "standing": 0.8327067669172933,
        "laying": 0.9981378026070763
      }
    },
    "defended_fixed_attacker": {
      "accuracy": 0.28537495758398373,
      "precision_macro": 0.22347703778557673,
      "recall_macro": 0.2791518007833474,
      "f1_macro": 0.2025814756439499,
      "per_class_recall": {
        "walking": 0.0,
        "walking_upstairs": 0.0,
        "walking_downstairs": 0.12142857142857143,
        "sitting": 0.9613034623217923,
        "standing": 0.0,
        "laying": 0.5921787709497207
      }
    },
    "defense_effect": {
      "accuracy_drop": 0.5120461486257211,
      "relative_accuracy_drop_percent": 64.21276595744682,
      "macro_f1_drop": 0.5882263425194512,
      "per_class_recall_drop": {
        "walking": 0.6612903225806451,
        "walking_upstairs": 0.6390658174097664,
        "walking_downstairs": 0.6952380952380952,
        "sitting": -0.14867617107942976,
        "standing": 0.8327067669172933,
        "laying": 0.4059590316573556
      }
    }
  }
}