{
  "split": "test",
  "model_type": "lstm",
  "accuracy": 0.1062340692098328,
  "f1_macro": 0.0975851661152169,
  "precision_macro": 0.16577136459819478,
  "recall_macro": 0.1478858293288116,
  "per_class_recall": {
    "Bathe": 0.2951388888888889,
    "Bed_Toilet_Transition": 0.075,
    "Cook": 0.0,
    "Cook_Breakfast": 0.0,
    "Cook_Dinner": 0.021604938271604937,
    "Cook_Lunch": 0.00847457627118644,
    "Dress": 0.07769423558897243,
    "Drink": 0.06666666666666667,
    "Eat": 0.0,
    "Eat_Breakfast": 0.006734006734006734,
    "Eat_Dinner": 0.009009009009009009,
    "Eat_Lunch": 0.05128205128205128,
    "Enter_Home": 0.5852713178294574,
    "Entertain_Guests": 0.7153024911032029,
    "Evening_Meds": 0.033950617283950615,
    "Go_To_Sleep": 0.18,
    "Groom": 0.02717391304347826,
    "Leave_Home": 0.49303621169916434,
    "Morning_Meds": 0.01529051987767584,
    "Personal_Hygiene": 0.1827956989247312,
    "Phone": 0.16111111111111112,
    "Read": 0.003978779840848806,
    "Relax": 0.05148514851485148,
    "Sleep": 0.2162948593598448,
    "Sleep_Out_Of_Bed": 0.23688663282571912,
    "Step_Out": 0.06060606060606061,
    "Toilet": 0.2637215528781794,
    "Wake_Up": 0.0,
    "Wash_Breakfast_Dishes": 0.13823529411764707,
    "Wash_Dinner_Dishes": 0.0,
    "Wash_Dishes": 0.016216216216216217,
    "Wash_Lunch_Dishes": 0.36363636363636365,
    "Watch_TV": 0.0048543689320388345,
    "Work_At_Table": 0.6666666666666666
  },
  "confusion_matrix": [
    [
      510,
      121,
      0,
      0,
      0,
      0,
      0,
      0,
      0,
      0,
      0,
      0,
      0,
      517,
      0,
      13,
      8,
      105,
      0,
      250,
      0,
      0,
      0,
      0,
      0,
      1,
      203,
      0,
      0,
      0,
      0,
      0,
      0,
      0
    ],
    [
      13,
      6,
      0,
      0,
      0,
      0,
      0,
      0,
      0,
      0,
      0,
      0,
      0,
      31,
      0,
      0,
      0,
      1,
      0,
      19,
      0,
      0,
      0,
      0,
      0,
      0,
      10,
      0,
      0,
      0,
      0,
      0,
      0,
      0
    ],
    [
      1,
      0,
      0,
      0,
      7,
      1,
      0,
      10,
      0,
      0,
      0,
      0,
      0,
      141,
      6,
      1,
      0,
      1,
      1,
      0,
      0,
      0,
      0,
      0,
      0,
      0,
      0,
      0,
      37,
      0,
      0,
      105,
      0,
      0
    ],
    [
      2,
      1,
      2,
      0,
      30,
      18,
      2,
      47,
      2,
      1,
      0,
      1,
      6,
      884,
      18,
      2,
      1,
      2,
      5,
      2,
      0,
      0,
      0,
      1,
      2,
      1,
      0,
      0,
      205,
      0,
      26,
      581,
      0,
      1
    ],
    [
      0,
      1,
      0,
      0,
      14,
      4,
      0,
      9,
      1,
      0,
      0,
      0,
      2,
      315,
      11,
      1,
      0,
      1,
      2,
      2,
      0,
      0,
      0,
      0,
      0,
      0,
      3,
      0,
      82,
      2,
      9,
      188,
      0,
      1
    ],
    [
      0,
      0,
      0,
      0,
      8,
      3,
      1,
      8,
      0,
      0,
      0,
      0,
      1,
      144,
      3,
      1,
      0,
      0,
      1,
      1,
      0,
      0,
      0,
      0,
      1,
      0,
      0,
      1,
      57,
      0,
      1,
      123,
      0,
      0
    ],
    [
      2,
      0,
      0,
      0,
      1,
      0,
      124,
      2,
      0,
      0,
      0,
      0,
      0,
      990,
      1,
      121,
      10,
      28,
      0,
      5,
      0,
      0,
      0,
      277,
      0,
      2,
      11,
      18,
      2,
      0,
      0,
      0,
      0,
      2
    ],
    [
      0,
      0,
      0,
      0,
      8,
      5,
      0,
      27,
      0,
      0,
      0,
      0,
      3,
      202,
      14,
      1,
      0,
      4,
      0,
      0,
      0,
      0,
      0,
      1,
      1,
      1,
      2,
      0,
      52,
      0,
      28,
      56,
      0,
      0
    ],
    [
      0,
      0,
      0,
      0,
      0,
      0,
      0,
      0,
      0,
      0,
      3,
      1,
      0,
      22,
      0,
      0,
      0,
      7,
      0,
      0,
      0,
      0,
      1,
      0,
      10,
      1,
      0,
      0,
      0,
      0,
      0,
      0,
      0,
      0
    ],
    [
      1,
      0,
      0,
      0,
      0,
      0,
      2,
      0,
      2,
      2,
      4,
      9,
      1,
      85,
      2,
      1,
      0,
      50,
      0,
      1,
      35,
      1,
      17,
      0,
      65,
      11,
      7,
      0,
      0,
      0,
      0,
      0,
      0,
      1
    ],
    [
      0,
      0,
      0,
      0,
      0,
      0,
      0,
      0,
      0,
      0,
      1,
      5,
      0,
      27,
      0,
      0,
      0,
      26,
      0,
      0,
      12,
      1,
      3,
      0,
      28,
      3,
      1,
      0,
      1,
      0,
      0,
      1,
      0,
      2
    ],
    [
      0,
      0,
      0,
      0,
      0,
      0,
      1,
      1,
      2,
      0,
      1,
      4,
      0,
      21,
      0,
      0,
      0,
      15,
      0,
      0,
      10,
      0,
      2,
      0,
      16,
      3,
      1,
      0,
      0,
      0,
      0,
      0,
      1,
      0
    ],
    [
      0,
      0,
      0,
      0,
      0,
      0,
      1,
      1,
      0,
      0,
      0,
      0,
      151,
      54,
      0,
      0,
      0,
      35,
      0,
      0,
      0,
      0,
      0,
      0,
      0,
      7,
      9,
      0,
      0,
      0,
      0,
      0,
      0,
      0
    ],
    [
      1,
      0,
      0,
      0,
      2,
      0,
      1,
      3,
      1,
      0,
      0,
      1,
      4,
      201,
      1,
      0,
      0,
      16,
      0,
      2,
      3,
      0,
      1,
      0,
      1,
      1,
      6,
      0,
      12,
      0,
      0,
      23,
      0,
      1
    ],
    [
      2,
      0,
      0,
      0,
      9,
      3,
      1,
      15,
      0,
      0,
      0,
      0,
      0,
      158,
      11,
      3,
      0,
      2,
      1,
      0,
      0,
      0,
      0,
      0,
      2,
      0,
      4,
      0,
      35,
      0,
      15,
      61,
      0,
      2
    ],
    [
      1,
      0,
      0,
      0,
      0,
      0,
      2,
      0,
      0,
      0,
      0,
      0,
      0,
      28,
      0,
      9,
      1,
      2,
      0,
      0,
      0,
      0,
      0,
      6,
      0,
      0,
      0,
      1,
      0,
      0,
      0,
      0,
      0,
      0
    ],
    [
      30,
      11,
      0,
      0,
      0,
      0,
      0,
      0,
      0,
      0,
      0,
      0,
      0,
      72,
      0,
      3,
      5,
      7,
      0,
      32,
      0,
      0,
      0,
      0,
      0,
      0,
      24,
      0,
      0,
      0,
      0,
      0,
      0,
      0
    ],
    [
      0,
      0,
      0,
      0,
      0,
      0,
      0,
      0,
      0,
      0,
      0,
      0,
      16,
      106,
      0,
      2,
      1,
      177,
      0,
      1,
      17,
      0,
      1,
      1,
      15,
      11,
      9,
      0,
      1,
      0,
      0,
      0,
      0,
      1
    ],
    [
      0,
      0,
      0,
      0,
      8,
      7,
      0,
      11,
      0,
      0,
      0,
      0,
      3,
      180,
      8,
      1,
      0,
      0,
      5,
      0,
      0,
      0,
      0,
      0,
      1,
      0,
      1,
      0,
      35,
      0,
      15,
      52,
      0,
      0
    ],
    [
      291,
      76,
      0,
      0,
      0,
      0,
      1,
      1,
      0,
      0,
      0,
      1,
      0,
      473,
      1,
      8,
      3,
      76,
      0,
      255,
      0,
      0,
      0,
      2,
      1,
      3,
      202,
      1,
      0,
      0,
      0,
      0,
      0,
      0
    ],
    [
      0,
      0,
      0,
      0,
