{
  "mode": "retrain_attacker",
  "distortion": {
    "mse": 0.500212278974836,
    "mae": 0.5001626920327928,
    "pearson_r": 0.4662941603323881,
    "mean_relative_abs_error": 41680383.86114551
  },
  "defense_config": {
    "enabled": true,
    "method": "noise",
    "mode": "fixed_attacker",
    "epsilon": 1.0,
    "ldp_sensitivity": 1.0,
    "noise_type": "laplace",
    "noise_scale": 0.5,
    "apply_to": "all",
    "selected_features": [
      "kitchen_light",
      "office_pc",
      "bedroom_motion"
    ],
    "binary_threshold": 0.5,
    "binary_features": [],
    "numeric_features": null
  },
  "attack_metrics": {
    "note": "重训后模型在干净测试集上的表现通常下降（分布偏移），在防御后测试集上为自适应攻击者的主指标。",
    "retrained_on_defended": {
      "accuracy_on_defended_test": 0.35062859117812245,
      "f1_macro_on_defended_test": 0.10654101840342037,
      "per_class_recall_on_defended_test": {
        "Bathe": 0.5347222222222222,
        "Bed_Toilet_Transition": 0.4125,
        "Cook": 0.6752411575562701,
        "Cook_Breakfast": 0.017362995116657624,
        "Cook_Dinner": 0.0,
        "Cook_Lunch": 0.0,
        "Dress": 0.002506265664160401,
        "Drink": 0.12839506172839507,
        "Eat": 0.2,
        "Eat_Breakfast": 0.026936026936026935,
        "Eat_Dinner": 0.04504504504504504,
        "Eat_Lunch": 0.0,
        "Enter_Home": 0.9069767441860465,
        "Entertain_Guests": 0.010676156583629894,
        "Evening_Meds": 0.0,
        "Go_To_Sleep": 0.24,
        "Groom": 0.0,
        "Leave_Home": 0.016713091922005572,
        "Morning_Meds": 0.0672782874617737,
        "Personal_Hygiene": 0.002150537634408602,
        "Phone": 0.05,
        "Read": 0.0,
        "Relax": 0.0,
        "Sleep": 0.9097963142580019,
        "Sleep_Out_Of_Bed": 0.0,
        "Step_Out": 0.1393939393939394,
        "Toilet": 0.1934404283801874,
        "Wake_Up": 0.041666666666666664,
        "Wash_Breakfast_Dishes": 0.052941176470588235,
        "Wash_Dinner_Dishes": 0.06397306397306397,
        "Wash_Dishes": 0.0,
        "Wash_Lunch_Dishes": 0.0,
        "Watch_TV": 0.7962682038834952,
        "Work_At_Table": 0.6666666666666666
      }
    },
    "same_retrained_model_on_clean_test": {
      "accuracy": 0.46857044109387824,
      "f1_macro": 0.10997629894896845,
      "per_class_recall": {
        "Bathe": 0.9230324074074074,
        "Bed_Toilet_Transition": 0.2875,
        "Cook": 0.028938906752411574,
        "Cook_Breakfast": 0.887683125339121,
        "Cook_Dinner": 0.0,
        "Cook_Lunch": 0.0,
        "Dress": 0.005012531328320802,
        "Drink": 0.0049382716049382715,
        "Eat": 0.0,
        "Eat_Breakfast": 0.0,
        "Eat_Dinner": 0.04504504504504504,
        "Eat_Lunch": 0.0,
        "Enter_Home": 0.28294573643410853,
        "Entertain_Guests": 0.0,
        "Evening_Meds": 0.0,
        "Go_To_Sleep": 0.0,
        "Groom": 0.0,
        "Leave_Home": 0.0,
        "Morning_Meds": 0.0061162079510703364,
        "Personal_Hygiene": 0.0007168458781362007,
        "Phone": 0.016666666666666666,
        "Read": 0.0,
        "Relax": 0.0039603960396039604,
        "Sleep": 0.9641125121241513,
        "Sleep_Out_Of_Bed": 0.01015228426395939,
        "Step_Out": 0.10909090909090909,
        "Toilet": 0.048862115127175365,
        "Wake_Up": 0.0,
        "Wash_Breakfast_Dishes": 0.029411764705882353,
        "Wash_Dinner_Dishes": 0.0,
        "Wash_Dishes": 0.0,
        "Wash_Lunch_Dishes": 0.0,
        "Watch_TV": 0.9669296116504854,
        "Work_At_Table": 0.6666666666666666
      }
    }
  }
}