path,file_size_bytes,git_last_commit_time,git_last_commit_hash,category,referenced_by_final_thesis,deletion_recommendation,reason
.gitignore,731,2026-05-09T14:47:57+08:00,22580d40585af923aa1180215098db4403d47b79,unknown,True,keep,Referenced by final summaries or delivery documentation.
README.md,24236,2026-05-09T15:07:25+08:00,e974046d0a128260764dd31ea07f669b142ed04b,docs,True,keep,path_hygiene_issue; Referenced by final summaries or delivery documentation. Contains local path content that should be reviewed.
apps/ui_app.py,50267,2026-05-04T15:54:36+08:00,b516557152acf3268c3142f437183d7faf33d04a,code,True,keep,Referenced by final summaries or delivery documentation.
apps/ui_simple.py,7010,2026-05-04T15:54:36+08:00,b516557152acf3268c3142f437183d7faf33d04a,code,True,keep,Referenced by final summaries or delivery documentation.
configs/cooja_defense_dummy_logs.json,1027,2026-04-25T16:04:28+08:00,f205eb9432ead74f9089d35e670f02c2f44d85e3,code,True,keep,path_hygiene_issue; Referenced by final summaries or delivery documentation. Contains local path content that should be reviewed.
configs/cooja_defense_dummy_logs.template.json,668,2026-05-09T15:07:25+08:00,e974046d0a128260764dd31ea07f669b142ed04b,code,True,keep,Referenced by final summaries or delivery documentation.
configs/cooja_defense_logs.json,1535,2026-04-25T16:04:28+08:00,f205eb9432ead74f9089d35e670f02c2f44d85e3,code,True,keep,path_hygiene_issue; Referenced by final summaries or delivery documentation. Contains local path content that should be reviewed.
configs/cooja_defense_logs.template.json,981,2026-04-25T16:04:28+08:00,f205eb9432ead74f9089d35e670f02c2f44d85e3,code,True,keep,path_hygiene_issue; Referenced by final summaries or delivery documentation. Contains local path content that should be reviewed.
configs/cooja_defense_postprocess.json,786,2026-04-25T16:04:28+08:00,f205eb9432ead74f9089d35e670f02c2f44d85e3,code,True,keep,path_hygiene_issue; Referenced by final summaries or delivery documentation. Contains local path content that should be reviewed.
configs/default.yaml,5839,2026-04-20T16:15:29+08:00,22d21d4d534959d0b8ffbf81be5e1213b05dcb60,code,True,keep,Referenced by final summaries or delivery documentation.
configs/generated/casas_hh101/seed_123/lstm/adaptive_ldp/fixed_attacker.yaml,3252,,,generated_config,False,keep,Required canonical delivery/code/documentation file.
configs/generated/casas_hh101/seed_123/lstm/adaptive_ldp/retrain_attacker.yaml,3277,,,generated_config,False,keep,Required canonical delivery/code/documentation file.
configs/generated/casas_hh101/seed_123/lstm/baseline.yaml,3252,,,generated_config,False,keep,Required canonical delivery/code/documentation file.
configs/generated/casas_hh101/seed_123/lstm/ldp/fixed_attacker.yaml,3225,,,generated_config,False,keep,Required canonical delivery/code/documentation file.
configs/generated/casas_hh101/seed_123/lstm/ldp/retrain_attacker.yaml,3241,,,generated_config,False,keep,Required canonical delivery/code/documentation file.
configs/generated/casas_hh101/seed_123/lstm/noise/fixed_attacker.yaml,3231,,,generated_config,False,keep,Required canonical delivery/code/documentation file.
configs/generated/casas_hh101/seed_123/lstm/noise/retrain_attacker.yaml,3249,,,generated_config,False,keep,Required canonical delivery/code/documentation file.
configs/generated/casas_hh101/seed_123/mlp/adaptive_ldp/fixed_attacker.yaml,3252,,,generated_config,False,keep,Required canonical delivery/code/documentation file.
configs/generated/casas_hh101/seed_123/mlp/adaptive_ldp/retrain_attacker.yaml,3275,,,generated_config,False,keep,Required canonical delivery/code/documentation file.
configs/generated/casas_hh101/seed_123/mlp/baseline.yaml,3252,,,generated_config,False,keep,Required canonical delivery/code/documentation file.
configs/generated/casas_hh101/seed_123/mlp/ldp/fixed_attacker.yaml,3225,,,generated_config,False,keep,Required canonical delivery/code/documentation file.
configs/generated/casas_hh101/seed_123/mlp/ldp/retrain_attacker.yaml,3239,,,generated_config,False,keep,Required canonical delivery/code/documentation file.
configs/generated/casas_hh101/seed_123/mlp/noise/fixed_attacker.yaml,3231,,,generated_config,False,keep,Required canonical delivery/code/documentation file.
configs/generated/casas_hh101/seed_123/mlp/noise/retrain_attacker.yaml,3247,,,generated_config,False,keep,Required canonical delivery/code/documentation file.
configs/generated/casas_hh101/seed_2026/lstm/adaptive_ldp/fixed_attacker.yaml,3259,,,generated_config,False,keep,Required canonical delivery/code/documentation file.
configs/generated/casas_hh101/seed_2026/lstm/adaptive_ldp/retrain_attacker.yaml,3284,,,generated_config,False,keep,Required canonical delivery/code/documentation file.
configs/generated/casas_hh101/seed_2026/lstm/baseline.yaml,3259,,,generated_config,False,keep,Required canonical delivery/code/documentation file.
configs/generated/casas_hh101/seed_2026/lstm/ldp/fixed_attacker.yaml,3232,,,generated_config,False,keep,Required canonical delivery/code/documentation file.
configs/generated/casas_hh101/seed_2026/lstm/ldp/retrain_attacker.yaml,3248,,,generated_config,False,keep,Required canonical delivery/code/documentation file.
configs/generated/casas_hh101/seed_2026/lstm/noise/fixed_attacker.yaml,3238,,,generated_config,False,keep,Required canonical delivery/code/documentation file.
configs/generated/casas_hh101/seed_2026/lstm/noise/retrain_attacker.yaml,3256,,,generated_config,False,keep,Required canonical delivery/code/documentation file.
configs/generated/casas_hh101/seed_2026/mlp/adaptive_ldp/fixed_attacker.yaml,3259,,,generated_config,False,keep,Required canonical delivery/code/documentation file.
configs/generated/casas_hh101/seed_2026/mlp/adaptive_ldp/retrain_attacker.yaml,3282,,,generated_config,False,keep,Required canonical delivery/code/documentation file.
configs/generated/casas_hh101/seed_2026/mlp/baseline.yaml,3259,,,generated_config,False,keep,Required canonical delivery/code/documentation file.
configs/generated/casas_hh101/seed_2026/mlp/ldp/fixed_attacker.yaml,3232,,,generated_config,False,keep,Required canonical delivery/code/documentation file.
configs/generated/casas_hh101/seed_2026/mlp/ldp/retrain_attacker.yaml,3246,,,generated_config,False,keep,Required canonical delivery/code/documentation file.
configs/generated/casas_hh101/seed_2026/mlp/noise/fixed_attacker.yaml,3238,,,generated_config,False,keep,Required canonical delivery/code/documentation file.
configs/generated/casas_hh101/seed_2026/mlp/noise/retrain_attacker.yaml,3254,,,generated_config,False,keep,Required canonical delivery/code/documentation file.
configs/generated/casas_hh101/seed_42/lstm/adaptive_ldp/fixed_attacker.yaml,3245,,,generated_config,False,keep,Required canonical delivery/code/documentation file.
configs/generated/casas_hh101/seed_42/lstm/adaptive_ldp/retrain_attacker.yaml,3270,,,generated_config,False,keep,Required canonical delivery/code/documentation file.
configs/generated/casas_hh101/seed_42/lstm/baseline.yaml,3245,,,generated_config,False,keep,Required canonical delivery/code/documentation file.
configs/generated/casas_hh101/seed_42/lstm/ldp/fixed_attacker.yaml,3218,,,generated_config,False,keep,Required canonical delivery/code/documentation file.
configs/generated/casas_hh101/seed_42/lstm/ldp/retrain_attacker.yaml,3234,,,generated_config,False,keep,Required canonical delivery/code/documentation file.
configs/generated/casas_hh101/seed_42/lstm/noise/fixed_attacker.yaml,3224,,,generated_config,False,keep,Required canonical delivery/code/documentation file.
configs/generated/casas_hh101/seed_42/lstm/noise/retrain_attacker.yaml,3242,,,generated_config,False,keep,Required canonical delivery/code/documentation file.
configs/generated/casas_hh101/seed_42/mlp/adaptive_ldp/fixed_attacker.yaml,3245,,,generated_config,False,keep,Required canonical delivery/code/documentation file.
configs/generated/casas_hh101/seed_42/mlp/adaptive_ldp/retrain_attacker.yaml,3268,,,generated_config,False,keep,Required canonical delivery/code/documentation file.
configs/generated/casas_hh101/seed_42/mlp/baseline.yaml,3245,,,generated_config,False,keep,Required canonical delivery/code/documentation file.
configs/generated/casas_hh101/seed_42/mlp/ldp/fixed_attacker.yaml,3218,,,generated_config,False,keep,Required canonical delivery/code/documentation file.
configs/generated/casas_hh101/seed_42/mlp/ldp/retrain_attacker.yaml,3232,,,generated_config,False,keep,Required canonical delivery/code/documentation file.
configs/generated/casas_hh101/seed_42/mlp/noise/fixed_attacker.yaml,3224,,,generated_config,False,keep,Required canonical delivery/code/documentation file.
configs/generated/casas_hh101/seed_42/mlp/noise/retrain_attacker.yaml,3240,,,generated_config,False,keep,Required canonical delivery/code/documentation file.
configs/generated/cooja/cooja_defense_dummy_logs.json,1027,,,generated_config,False,keep,path_hygiene_issue; Required canonical delivery/code/documentation file. Contains local path content that should be reviewed.
configs/generated/cooja/cooja_defense_dummy_logs.template.json,668,,,generated_config,False,keep,Required canonical delivery/code/documentation file.
configs/generated/cooja/cooja_defense_logs.json,1535,,,generated_config,False,keep,path_hygiene_issue; Required canonical delivery/code/documentation file. Contains local path content that should be reviewed.
configs/generated/cooja/cooja_defense_logs.template.json,981,,,generated_config,False,keep,path_hygiene_issue; Required canonical delivery/code/documentation file. Contains local path content that should be reviewed.
configs/generated/cooja/cooja_defense_postprocess.json,786,,,generated_config,False,keep,path_hygiene_issue; Required canonical delivery/code/documentation file. Contains local path content that should be reviewed.
configs/generated/default.seed_123.yaml,3102,2026-04-23T13:30:03+08:00,c6549c00af9c55fcc716a224ffc0ec4c6900f5e0,generated_config,True,keep,Referenced by final summaries or delivery documentation.
configs/generated/default.seed_2026.yaml,3110,2026-04-23T15:24:00+08:00,18f5353d28e3ea3604df49c89a906bb08f13568a,generated_config,True,keep,Referenced by final summaries or delivery documentation.
configs/generated/default.seed_42.yaml,3094,2026-04-23T13:30:03+08:00,c6549c00af9c55fcc716a224ffc0ec4c6900f5e0,generated_config,True,keep,Referenced by final summaries or delivery documentation.
configs/generated/imports/casas_hh101.yaml,3088,,,generated_config,False,keep,Required canonical delivery/code/documentation file.
configs/generated/imports/kasteren.yaml,3070,,,generated_config,False,keep,Required canonical delivery/code/documentation file.
configs/generated/imports/uci_har.yaml,3064,,,generated_config,False,keep,Required canonical delivery/code/documentation file.
configs/generated/kasteren/seed_123/lstm/adaptive_ldp/fixed_attacker.yaml,3234,,,generated_config,False,keep,Required canonical delivery/code/documentation file.
configs/generated/kasteren/seed_123/lstm/adaptive_ldp/retrain_attacker.yaml,3256,,,generated_config,False,keep,Required canonical delivery/code/documentation file.
configs/generated/kasteren/seed_123/lstm/baseline.yaml,3234,,,generated_config,False,keep,Required canonical delivery/code/documentation file.
configs/generated/kasteren/seed_123/lstm/ldp/fixed_attacker.yaml,3207,,,generated_config,False,keep,Required canonical delivery/code/documentation file.
configs/generated/kasteren/seed_123/lstm/ldp/retrain_attacker.yaml,3220,,,generated_config,False,keep,Required canonical delivery/code/documentation file.
configs/generated/kasteren/seed_123/lstm/noise/fixed_attacker.yaml,3213,,,generated_config,False,keep,Required canonical delivery/code/documentation file.
configs/generated/kasteren/seed_123/lstm/noise/retrain_attacker.yaml,3228,,,generated_config,False,keep,Required canonical delivery/code/documentation file.
configs/generated/kasteren/seed_123/mlp/adaptive_ldp/fixed_attacker.yaml,3234,,,generated_config,False,keep,Required canonical delivery/code/documentation file.
configs/generated/kasteren/seed_123/mlp/adaptive_ldp/retrain_attacker.yaml,3254,,,generated_config,False,keep,Required canonical delivery/code/documentation file.
configs/generated/kasteren/seed_123/mlp/baseline.yaml,3234,,,generated_config,False,keep,Required canonical delivery/code/documentation file.
configs/generated/kasteren/seed_123/mlp/ldp/fixed_attacker.yaml,3207,,,generated_config,False,keep,Required canonical delivery/code/documentation file.
configs/generated/kasteren/seed_123/mlp/ldp/retrain_attacker.yaml,3218,,,generated_config,False,keep,Required canonical delivery/code/documentation file.
configs/generated/kasteren/seed_123/mlp/noise/fixed_attacker.yaml,3213,,,generated_config,False,keep,Required canonical delivery/code/documentation file.
configs/generated/kasteren/seed_123/mlp/noise/retrain_attacker.yaml,3226,,,generated_config,False,keep,Required canonical delivery/code/documentation file.
configs/generated/kasteren/seed_2026/lstm/adaptive_ldp/fixed_attacker.yaml,3241,,,generated_config,False,keep,Required canonical delivery/code/documentation file.
configs/generated/kasteren/seed_2026/lstm/adaptive_ldp/retrain_attacker.yaml,3263,,,generated_config,False,keep,Required canonical delivery/code/documentation file.
configs/generated/kasteren/seed_2026/lstm/baseline.yaml,3241,,,generated_config,False,keep,Required canonical delivery/code/documentation file.
configs/generated/kasteren/seed_2026/lstm/ldp/fixed_attacker.yaml,3214,,,generated_config,False,keep,Required canonical delivery/code/documentation file.
configs/generated/kasteren/seed_2026/lstm/ldp/retrain_attacker.yaml,3227,,,generated_config,False,keep,Required canonical delivery/code/documentation file.
configs/generated/kasteren/seed_2026/lstm/noise/fixed_attacker.yaml,3220,,,generated_config,False,keep,Required canonical delivery/code/documentation file.
configs/generated/kasteren/seed_2026/lstm/noise/retrain_attacker.yaml,3235,,,generated_config,False,keep,Required canonical delivery/code/documentation file.
configs/generated/kasteren/seed_2026/mlp/adaptive_ldp/fixed_attacker.yaml,3241,,,generated_config,False,keep,Required canonical delivery/code/documentation file.
configs/generated/kasteren/seed_2026/mlp/adaptive_ldp/retrain_attacker.yaml,3261,,,generated_config,False,keep,Required canonical delivery/code/documentation file.
configs/generated/kasteren/seed_2026/mlp/baseline.yaml,3241,,,generated_config,False,keep,Required canonical delivery/code/documentation file.
configs/generated/kasteren/seed_2026/mlp/ldp/fixed_attacker.yaml,3214,,,generated_config,False,keep,Required canonical delivery/code/documentation file.
configs/generated/kasteren/seed_2026/mlp/ldp/retrain_attacker.yaml,3225,,,generated_config,False,keep,Required canonical delivery/code/documentation file.
configs/generated/kasteren/seed_2026/mlp/noise/fixed_attacker.yaml,3220,,,generated_config,False,keep,Required canonical delivery/code/documentation file.
configs/generated/kasteren/seed_2026/mlp/noise/retrain_attacker.yaml,3233,,,generated_config,False,keep,Required canonical delivery/code/documentation file.
configs/generated/kasteren/seed_42/lstm/adaptive_ldp/fixed_attacker.yaml,3227,,,generated_config,False,keep,Required canonical delivery/code/documentation file.
configs/generated/kasteren/seed_42/lstm/adaptive_ldp/retrain_attacker.yaml,3249,,,generated_config,False,keep,Required canonical delivery/code/documentation file.
configs/generated/kasteren/seed_42/lstm/baseline.yaml,3227,,,generated_config,False,keep,Required canonical delivery/code/documentation file.
configs/generated/kasteren/seed_42/lstm/ldp/fixed_attacker.yaml,3200,,,generated_config,False,keep,Required canonical delivery/code/documentation file.
configs/generated/kasteren/seed_42/lstm/ldp/retrain_attacker.yaml,3213,,,generated_config,False,keep,Required canonical delivery/code/documentation file.
configs/generated/kasteren/seed_42/lstm/noise/fixed_attacker.yaml,3206,,,generated_config,False,keep,Required canonical delivery/code/documentation file.
configs/generated/kasteren/seed_42/lstm/noise/retrain_attacker.yaml,3221,,,generated_config,False,keep,Required canonical delivery/code/documentation file.
configs/generated/kasteren/seed_42/mlp/adaptive_ldp/fixed_attacker.yaml,3227,,,generated_config,False,keep,Required canonical delivery/code/documentation file.
configs/generated/kasteren/seed_42/mlp/adaptive_ldp/retrain_attacker.yaml,3247,,,generated_config,False,keep,Required canonical delivery/code/documentation file.
configs/generated/kasteren/seed_42/mlp/baseline.yaml,3227,,,generated_config,False,keep,Required canonical delivery/code/documentation file.
configs/generated/kasteren/seed_42/mlp/ldp/fixed_attacker.yaml,3200,,,generated_config,False,keep,Required canonical delivery/code/documentation file.
configs/generated/kasteren/seed_42/mlp/ldp/retrain_attacker.yaml,3211,,,generated_config,False,keep,Required canonical delivery/code/documentation file.
configs/generated/kasteren/seed_42/mlp/noise/fixed_attacker.yaml,3206,,,generated_config,False,keep,Required canonical delivery/code/documentation file.
configs/generated/kasteren/seed_42/mlp/noise/retrain_attacker.yaml,3219,,,generated_config,False,keep,Required canonical delivery/code/documentation file.
configs/generated/mock/seed_123.yaml,3102,,,generated_config,False,keep,Required canonical delivery/code/documentation file.
configs/generated/mock/seed_123/lstm/adaptive_ldp/fixed_attacker.yaml,3163,,,generated_config,False,keep,Required canonical delivery/code/documentation file.
configs/generated/mock/seed_123/lstm/adaptive_ldp/retrain_attacker.yaml,3176,,,generated_config,False,keep,Required canonical delivery/code/documentation file.
configs/generated/mock/seed_123/lstm/baseline.yaml,3163,,,generated_config,False,keep,Required canonical delivery/code/documentation file.
configs/generated/mock/seed_123/lstm/ldp/fixed_attacker.yaml,3136,,,generated_config,False,keep,Required canonical delivery/code/documentation file.
configs/generated/mock/seed_123/lstm/ldp/retrain_attacker.yaml,3140,,,generated_config,False,keep,Required canonical delivery/code/documentation file.
configs/generated/mock/seed_123/lstm/noise/fixed_attacker.yaml,3142,,,generated_config,False,keep,Required canonical delivery/code/documentation file.
configs/generated/mock/seed_123/lstm/noise/retrain_attacker.yaml,3148,,,generated_config,False,keep,Required canonical delivery/code/documentation file.
configs/generated/mock/seed_123/mlp/adaptive_ldp/fixed_attacker.yaml,3163,,,generated_config,False,keep,Required canonical delivery/code/documentation file.
configs/generated/mock/seed_123/mlp/adaptive_ldp/retrain_attacker.yaml,3174,,,generated_config,False,keep,Required canonical delivery/code/documentation file.
configs/generated/mock/seed_123/mlp/baseline.yaml,3163,,,generated_config,False,keep,Required canonical delivery/code/documentation file.
configs/generated/mock/seed_123/mlp/ldp/fixed_attacker.yaml,3136,,,generated_config,False,keep,Required canonical delivery/code/documentation file.
configs/generated/mock/seed_123/mlp/ldp/retrain_attacker.yaml,3138,,,generated_config,False,keep,Required canonical delivery/code/documentation file.
configs/generated/mock/seed_123/mlp/noise/fixed_attacker.yaml,3142,,,generated_config,False,keep,Required canonical delivery/code/documentation file.
configs/generated/mock/seed_123/mlp/noise/retrain_attacker.yaml,3146,,,generated_config,False,keep,Required canonical delivery/code/documentation file.
configs/generated/mock/seed_2026.yaml,3110,,,generated_config,False,keep,Required canonical delivery/code/documentation file.
configs/generated/mock/seed_2026/lstm/adaptive_ldp/fixed_attacker.yaml,3171,,,generated_config,False,keep,Required canonical delivery/code/documentation file.
configs/generated/mock/seed_2026/lstm/adaptive_ldp/retrain_attacker.yaml,3184,,,generated_config,False,keep,Required canonical delivery/code/documentation file.
configs/generated/mock/seed_2026/lstm/baseline.yaml,3171,,,generated_config,False,keep,Required canonical delivery/code/documentation file.
configs/generated/mock/seed_2026/lstm/ldp/fixed_attacker.yaml,3144,,,generated_config,False,keep,Required canonical delivery/code/documentation file.
configs/generated/mock/seed_2026/lstm/ldp/retrain_attacker.yaml,3148,,,generated_config,False,keep,Required canonical delivery/code/documentation file.
configs/generated/mock/seed_2026/lstm/noise/fixed_attacker.yaml,3150,,,generated_config,False,keep,Required canonical delivery/code/documentation file.
configs/generated/mock/seed_2026/lstm/noise/retrain_attacker.yaml,3156,,,generated_config,False,keep,Required canonical delivery/code/documentation file.
configs/generated/mock/seed_2026/mlp/adaptive_ldp/fixed_attacker.yaml,3171,,,generated_config,False,keep,Required canonical delivery/code/documentation file.
configs/generated/mock/seed_2026/mlp/adaptive_ldp/retrain_attacker.yaml,3182,,,generated_config,False,keep,Required canonical delivery/code/documentation file.
configs/generated/mock/seed_2026/mlp/baseline.yaml,3171,,,generated_config,False,keep,Required canonical delivery/code/documentation file.
configs/generated/mock/seed_2026/mlp/ldp/fixed_attacker.yaml,3144,,,generated_config,False,keep,Required canonical delivery/code/documentation file.
configs/generated/mock/seed_2026/mlp/ldp/retrain_attacker.yaml,3146,,,generated_config,False,keep,Required canonical delivery/code/documentation file.
configs/generated/mock/seed_2026/mlp/noise/fixed_attacker.yaml,3150,,,generated_config,False,keep,Required canonical delivery/code/documentation file.
configs/generated/mock/seed_2026/mlp/noise/retrain_attacker.yaml,3154,,,generated_config,False,keep,Required canonical delivery/code/documentation file.
configs/generated/mock/seed_42.yaml,3094,,,generated_config,False,keep,Required canonical delivery/code/documentation file.
configs/generated/mock/seed_42/lstm/adaptive_ldp/fixed_attacker.yaml,3155,,,generated_config,False,keep,Required canonical delivery/code/documentation file.
configs/generated/mock/seed_42/lstm/adaptive_ldp/retrain_attacker.yaml,3168,,,generated_config,False,keep,Required canonical delivery/code/documentation file.
configs/generated/mock/seed_42/lstm/baseline.yaml,3155,,,generated_config,False,keep,Required canonical delivery/code/documentation file.
configs/generated/mock/seed_42/lstm/ldp/fixed_attacker.yaml,3128,,,generated_config,False,keep,Required canonical delivery/code/documentation file.
configs/generated/mock/seed_42/lstm/ldp/retrain_attacker.yaml,3132,,,generated_config,False,keep,Required canonical delivery/code/documentation file.
configs/generated/mock/seed_42/lstm/noise/fixed_attacker.yaml,3134,,,generated_config,False,keep,Required canonical delivery/code/documentation file.
configs/generated/mock/seed_42/lstm/noise/retrain_attacker.yaml,3140,,,generated_config,False,keep,Required canonical delivery/code/documentation file.
configs/generated/mock/seed_42/mlp/adaptive_ldp/fixed_attacker.yaml,3155,,,generated_config,False,keep,Required canonical delivery/code/documentation file.
configs/generated/mock/seed_42/mlp/adaptive_ldp/retrain_attacker.yaml,3166,,,generated_config,False,keep,Required canonical delivery/code/documentation file.
configs/generated/mock/seed_42/mlp/baseline.yaml,3155,,,generated_config,False,keep,Required canonical delivery/code/documentation file.
configs/generated/mock/seed_42/mlp/ldp/fixed_attacker.yaml,3128,,,generated_config,False,keep,Required canonical delivery/code/documentation file.
configs/generated/mock/seed_42/mlp/ldp/retrain_attacker.yaml,3130,,,generated_config,False,keep,Required canonical delivery/code/documentation file.
configs/generated/mock/seed_42/mlp/noise/fixed_attacker.yaml,3134,,,generated_config,False,keep,Required canonical delivery/code/documentation file.
configs/generated/mock/seed_42/mlp/noise/retrain_attacker.yaml,3138,,,generated_config,False,keep,Required canonical delivery/code/documentation file.
configs/generated/uci_har/seed_123/lstm/adaptive_ldp/fixed_attacker.yaml,3228,,,generated_config,False,keep,Required canonical delivery/code/documentation file.
configs/generated/uci_har/seed_123/lstm/adaptive_ldp/retrain_attacker.yaml,3249,,,generated_config,False,keep,Required canonical delivery/code/documentation file.
configs/generated/uci_har/seed_123/lstm/baseline.yaml,3228,,,generated_config,False,keep,Required canonical delivery/code/documentation file.
configs/generated/uci_har/seed_123/lstm/ldp/fixed_attacker.yaml,3201,,,generated_config,False,keep,Required canonical delivery/code/documentation file.
configs/generated/uci_har/seed_123/lstm/ldp/retrain_attacker.yaml,3213,,,generated_config,False,keep,Required canonical delivery/code/documentation file.
configs/generated/uci_har/seed_123/lstm/noise/fixed_attacker.yaml,3207,,,generated_config,False,keep,Required canonical delivery/code/documentation file.
configs/generated/uci_har/seed_123/lstm/noise/retrain_attacker.yaml,3221,,,generated_config,False,keep,Required canonical delivery/code/documentation file.
configs/generated/uci_har/seed_123/mlp/adaptive_ldp/fixed_attacker.yaml,3228,,,generated_config,False,keep,Required canonical delivery/code/documentation file.
configs/generated/uci_har/seed_123/mlp/adaptive_ldp/retrain_attacker.yaml,3247,,,generated_config,False,keep,Required canonical delivery/code/documentation file.
configs/generated/uci_har/seed_123/mlp/baseline.yaml,3228,,,generated_config,False,keep,Required canonical delivery/code/documentation file.
configs/generated/uci_har/seed_123/mlp/ldp/fixed_attacker.yaml,3201,,,generated_config,False,keep,Required canonical delivery/code/documentation file.
configs/generated/uci_har/seed_123/mlp/ldp/retrain_attacker.yaml,3211,,,generated_config,False,keep,Required canonical delivery/code/documentation file.
configs/generated/uci_har/seed_123/mlp/noise/fixed_attacker.yaml,3207,,,generated_config,False,keep,Required canonical delivery/code/documentation file.
configs/generated/uci_har/seed_123/mlp/noise/retrain_attacker.yaml,3219,,,generated_config,False,keep,Required canonical delivery/code/documentation file.
configs/generated/uci_har/seed_2026/lstm/adaptive_ldp/fixed_attacker.yaml,3235,,,generated_config,False,keep,Required canonical delivery/code/documentation file.
configs/generated/uci_har/seed_2026/lstm/adaptive_ldp/retrain_attacker.yaml,3256,,,generated_config,False,keep,Required canonical delivery/code/documentation file.
configs/generated/uci_har/seed_2026/lstm/baseline.yaml,3235,,,generated_config,False,keep,Required canonical delivery/code/documentation file.
configs/generated/uci_har/seed_2026/lstm/ldp/fixed_attacker.yaml,3208,,,generated_config,False,keep,Required canonical delivery/code/documentation file.
configs/generated/uci_har/seed_2026/lstm/ldp/retrain_attacker.yaml,3220,,,generated_config,False,keep,Required canonical delivery/code/documentation file.
configs/generated/uci_har/seed_2026/lstm/noise/fixed_attacker.yaml,3214,,,generated_config,False,keep,Required canonical delivery/code/documentation file.
configs/generated/uci_har/seed_2026/lstm/noise/retrain_attacker.yaml,3228,,,generated_config,False,keep,Required canonical delivery/code/documentation file.
configs/generated/uci_har/seed_2026/mlp/adaptive_ldp/fixed_attacker.yaml,3235,,,generated_config,False,keep,Required canonical delivery/code/documentation file.
configs/generated/uci_har/seed_2026/mlp/adaptive_ldp/retrain_attacker.yaml,3254,,,generated_config,False,keep,Required canonical delivery/code/documentation file.
configs/generated/uci_har/seed_2026/mlp/baseline.yaml,3235,,,generated_config,False,keep,Required canonical delivery/code/documentation file.
configs/generated/uci_har/seed_2026/mlp/ldp/fixed_attacker.yaml,3208,,,generated_config,False,keep,Required canonical delivery/code/documentation file.
configs/generated/uci_har/seed_2026/mlp/ldp/retrain_attacker.yaml,3218,,,generated_config,False,keep,Required canonical delivery/code/documentation file.
configs/generated/uci_har/seed_2026/mlp/noise/fixed_attacker.yaml,3214,,,generated_config,False,keep,Required canonical delivery/code/documentation file.
configs/generated/uci_har/seed_2026/mlp/noise/retrain_attacker.yaml,3226,,,generated_config,False,keep,Required canonical delivery/code/documentation file.
configs/generated/uci_har/seed_42/lstm/adaptive_ldp/fixed_attacker.yaml,3221,,,generated_config,False,keep,Required canonical delivery/code/documentation file.
configs/generated/uci_har/seed_42/lstm/adaptive_ldp/retrain_attacker.yaml,3242,,,generated_config,False,keep,Required canonical delivery/code/documentation file.
configs/generated/uci_har/seed_42/lstm/baseline.yaml,3221,,,generated_config,False,keep,Required canonical delivery/code/documentation file.
configs/generated/uci_har/seed_42/lstm/ldp/fixed_attacker.yaml,3194,,,generated_config,False,keep,Required canonical delivery/code/documentation file.
configs/generated/uci_har/seed_42/lstm/ldp/retrain_attacker.yaml,3206,,,generated_config,False,keep,Required canonical delivery/code/documentation file.
configs/generated/uci_har/seed_42/lstm/noise/fixed_attacker.yaml,3200,,,generated_config,False,keep,Required canonical delivery/code/documentation file.
configs/generated/uci_har/seed_42/lstm/noise/retrain_attacker.yaml,3214,,,generated_config,False,keep,Required canonical delivery/code/documentation file.
configs/generated/uci_har/seed_42/mlp/adaptive_ldp/fixed_attacker.yaml,3221,,,generated_config,False,keep,Required canonical delivery/code/documentation file.
configs/generated/uci_har/seed_42/mlp/adaptive_ldp/retrain_attacker.yaml,3240,,,generated_config,False,keep,Required canonical delivery/code/documentation file.
configs/generated/uci_har/seed_42/mlp/baseline.yaml,3221,,,generated_config,False,keep,Required canonical delivery/code/documentation file.
configs/generated/uci_har/seed_42/mlp/ldp/fixed_attacker.yaml,3194,,,generated_config,False,keep,Required canonical delivery/code/documentation file.
configs/generated/uci_har/seed_42/mlp/ldp/retrain_attacker.yaml,3204,,,generated_config,False,keep,Required canonical delivery/code/documentation file.
configs/generated/uci_har/seed_42/mlp/noise/fixed_attacker.yaml,3200,,,generated_config,False,keep,Required canonical delivery/code/documentation file.
configs/generated/uci_har/seed_42/mlp/noise/retrain_attacker.yaml,3212,,,generated_config,False,keep,Required canonical delivery/code/documentation file.
configs/paper_uci_har.yaml,2967,2026-04-23T13:30:03+08:00,c6549c00af9c55fcc716a224ffc0ec4c6900f5e0,code,True,keep,Referenced by final summaries or delivery documentation.
configs/paper_uci_har_ldp.yaml,2958,2026-04-23T13:30:03+08:00,c6549c00af9c55fcc716a224ffc0ec4c6900f5e0,code,True,keep,Referenced by final summaries or delivery documentation.
configs/paper_uci_har_noise.yaml,2960,2026-04-23T13:30:03+08:00,c6549c00af9c55fcc716a224ffc0ec4c6900f5e0,code,True,keep,Referenced by final summaries or delivery documentation.
data/processed/imports/casas_hh101/meta.json,1139,2026-04-23T15:24:00+08:00,18f5353d28e3ea3604df49c89a906bb08f13568a,code,True,keep,Referenced by final summaries or delivery documentation.
data/processed/imports/kasteren/meta.json,1517,2026-04-23T15:24:00+08:00,18f5353d28e3ea3604df49c89a906bb08f13568a,code,True,keep,Referenced by final summaries or delivery documentation.
data/processed/imports/uci_har/meta.json,686,2026-04-23T15:24:00+08:00,18f5353d28e3ea3604df49c89a906bb08f13568a,code,True,keep,Referenced by final summaries or delivery documentation.
docs/ARTIFACT_LAYOUT.md,1788,,,docs,True,keep,Referenced by final summaries or delivery documentation.
docs/PROJECT_STRUCTURE.md,2377,2026-05-09T14:47:57+08:00,22580d40585af923aa1180215098db4403d47b79,docs,True,keep,Referenced by final summaries or delivery documentation.
docs/REPOSITORY_DELIVERY_GUIDE.md,2576,2026-05-09T15:07:25+08:00,e974046d0a128260764dd31ea07f669b142ed04b,docs,True,keep,Referenced by final summaries or delivery documentation.
docs/RESULTS_STRUCTURE.md,1083,2026-05-09T14:47:57+08:00,22580d40585af923aa1180215098db4403d47b79,docs,True,keep,Referenced by final summaries or delivery documentation.
experiments/README.md,1621,2026-05-04T15:54:36+08:00,b516557152acf3268c3142f437183d7faf33d04a,docs,True,keep,Referenced by final summaries or delivery documentation.
experiments/__init__.py,0,2026-05-04T15:54:36+08:00,b516557152acf3268c3142f437183d7faf33d04a,code,True,keep,Referenced by final summaries or delivery documentation.
experiments/batches/__init__.py,0,2026-05-04T15:54:36+08:00,b516557152acf3268c3142f437183d7faf33d04a,code,True,keep,Referenced by final summaries or delivery documentation.
experiments/batches/run_all_data_multiseed.py,6397,2026-05-04T15:54:36+08:00,b516557152acf3268c3142f437183d7faf33d04a,code,True,keep,Referenced by final summaries or delivery documentation.
experiments/batches/run_all_methods_multiseed.py,9201,2026-05-04T15:54:36+08:00,b516557152acf3268c3142f437183d7faf33d04a,code,True,keep,Referenced by final summaries or delivery documentation.
experiments/batches/run_missing_parameter_scans.py,25327,2026-05-09T13:35:27+08:00,bb261f0f1373d8fc19995db4ba413bf671f5d5d6,code,True,keep,Referenced by final summaries or delivery documentation.
experiments/cooja/__init__.py,0,2026-05-04T15:54:36+08:00,b516557152acf3268c3142f437183d7faf33d04a,code,True,keep,Referenced by final summaries or delivery documentation.
experiments/cooja/run_cooja_baseline_attack.py,11491,2026-05-04T15:54:36+08:00,b516557152acf3268c3142f437183d7faf33d04a,code,True,keep,Referenced by final summaries or delivery documentation.
experiments/cooja/run_cooja_compare.py,6320,2026-05-04T15:54:36+08:00,b516557152acf3268c3142f437183d7faf33d04a,code,True,keep,Referenced by final summaries or delivery documentation.
experiments/cooja/run_cooja_compare_wsl.ps1,1589,2026-05-04T15:54:36+08:00,b516557152acf3268c3142f437183d7faf33d04a,code,True,keep,path_hygiene_issue; Referenced by final summaries or delivery documentation. Contains local path content that should be reviewed.
experiments/cooja/run_cooja_defense_eval.py,20222,2026-05-09T13:35:27+08:00,bb261f0f1373d8fc19995db4ba413bf671f5d5d6,code,True,keep,Referenced by final summaries or delivery documentation.
experiments/core/__init__.py,0,2026-05-04T15:54:36+08:00,b516557152acf3268c3142f437183d7faf33d04a,code,True,keep,Referenced by final summaries or delivery documentation.
experiments/core/collect_confusion.py,3581,2026-05-04T15:54:36+08:00,b516557152acf3268c3142f437183d7faf33d04a,code,True,keep,Referenced by final summaries or delivery documentation.
experiments/core/generate_mock_data.py,5145,2026-05-04T15:54:36+08:00,b516557152acf3268c3142f437183d7faf33d04a,code,True,keep,Referenced by final summaries or delivery documentation.
experiments/core/run_compare.py,1874,2026-05-09T13:35:27+08:00,bb261f0f1373d8fc19995db4ba413bf671f5d5d6,code,True,keep,Referenced by final summaries or delivery documentation.
experiments/core/run_defense.py,1151,2026-05-04T15:54:36+08:00,b516557152acf3268c3142f437183d7faf33d04a,code,True,keep,Referenced by final summaries or delivery documentation.
experiments/core/run_defense_eval.py,2352,2026-05-04T15:54:36+08:00,b516557152acf3268c3142f437183d7faf33d04a,code,True,keep,Referenced by final summaries or delivery documentation.
experiments/core/run_evaluate.py,1376,2026-05-04T15:54:36+08:00,b516557152acf3268c3142f437183d7faf33d04a,code,True,keep,Referenced by final summaries or delivery documentation.
experiments/core/run_preprocess.py,1196,2026-05-04T15:54:36+08:00,b516557152acf3268c3142f437183d7faf33d04a,code,True,keep,Referenced by final summaries or delivery documentation.
experiments/core/run_train.py,1580,2026-05-04T15:54:36+08:00,b516557152acf3268c3142f437183d7faf33d04a,code,True,keep,Referenced by final summaries or delivery documentation.
experiments/real_public/__init__.py,0,2026-05-04T15:54:36+08:00,b516557152acf3268c3142f437183d7faf33d04a,code,True,keep,Referenced by final summaries or delivery documentation.
experiments/real_public/run_full_matrix_real_datasets.py,9097,2026-05-04T15:54:36+08:00,b516557152acf3268c3142f437183d7faf33d04a,code,True,keep,Referenced by final summaries or delivery documentation.
experiments/real_public/run_import_casas.py,9591,2026-05-04T15:54:36+08:00,b516557152acf3268c3142f437183d7faf33d04a,code,True,keep,Referenced by final summaries or delivery documentation.
experiments/real_public/run_import_kasteren.py,7099,2026-05-04T15:54:36+08:00,b516557152acf3268c3142f437183d7faf33d04a,code,True,keep,Referenced by final summaries or delivery documentation.
experiments/real_public/run_import_uci_har.py,10557,2026-05-04T15:54:36+08:00,b516557152acf3268c3142f437183d7faf33d04a,code,True,keep,Referenced by final summaries or delivery documentation.
experiments/real_public/run_real_public_benchmark.py,13683,2026-05-04T15:54:36+08:00,b516557152acf3268c3142f437183d7faf33d04a,code,True,keep,Referenced by final summaries or delivery documentation.
experiments/real_public/run_uci_har_missing_parameter_scans.py,11514,2026-05-07T13:41:40+08:00,97fa6a45c206f1a48b26adfbb9e23ef8c8ae786f,code,True,keep,Referenced by final summaries or delivery documentation.
experiments/real_public/summarize_real_public_benchmark.py,5682,2026-05-04T15:54:36+08:00,b516557152acf3268c3142f437183d7faf33d04a,code,True,keep,Referenced by final summaries or delivery documentation.
outputs/experiments/casas_hh101/seed_123/lstm/adaptive_ldp/fixed_attacker/classification_report.txt,187,,,source_artifact_referenced,False,keep,Required canonical delivery/code/documentation file.
outputs/experiments/casas_hh101/seed_123/lstm/adaptive_ldp/fixed_attacker/confusion.json,15474,,,source_artifact_referenced,True,keep,Referenced by final summaries or delivery documentation.
outputs/experiments/casas_hh101/seed_123/lstm/adaptive_ldp/fixed_attacker/defense_report.json,5288,,,source_artifact_referenced,True,keep,Referenced by final summaries or delivery documentation.
outputs/experiments/casas_hh101/seed_123/lstm/adaptive_ldp/fixed_attacker/metrics.json,15474,,,source_artifact_referenced,False,keep,Required canonical delivery/code/documentation file.
outputs/experiments/casas_hh101/seed_123/lstm/adaptive_ldp/fixed_attacker/parameter_scan/comparison_results.csv,2786,,,source_artifact_referenced,True,keep,Referenced by final summaries or delivery documentation.
outputs/experiments/casas_hh101/seed_123/lstm/adaptive_ldp/fixed_attacker/parameter_scan/plot_accuracy.png,64878,,,source_artifact_referenced,False,keep,Required canonical delivery/code/documentation file.
outputs/experiments/casas_hh101/seed_123/lstm/adaptive_ldp/fixed_attacker/parameter_scan/plot_distortion.png,60040,,,source_artifact_referenced,False,keep,Required canonical delivery/code/documentation file.
outputs/experiments/casas_hh101/seed_123/lstm/adaptive_ldp/fixed_attacker/parameter_scan/profile_config.json,1620,,,source_artifact_referenced,False,keep,Required canonical delivery/code/documentation file.
outputs/experiments/casas_hh101/seed_123/lstm/adaptive_ldp/fixed_attacker/parameter_scan/scan_summary.json,467,,,source_artifact_referenced,False,keep,Required canonical delivery/code/documentation file.
outputs/experiments/casas_hh101/seed_123/lstm/adaptive_ldp/fixed_attacker/parameter_scan/scan_trace.json,323,,,source_artifact_referenced,False,keep,Required canonical delivery/code/documentation file.
outputs/experiments/casas_hh101/seed_123/lstm/adaptive_ldp/fixed_attacker/source_manifest.json,1731,,,source_artifact_referenced,False,keep,Required canonical delivery/code/documentation file.
outputs/experiments/casas_hh101/seed_123/lstm/adaptive_ldp/fixed_attacker/trace.json,399,,,source_artifact_referenced,False,keep,Required canonical delivery/code/documentation file.
outputs/experiments/casas_hh101/seed_123/lstm/adaptive_ldp/retrain_attacker/classification_report.txt,189,,,source_artifact_referenced,False,keep,Required canonical delivery/code/documentation file.
outputs/experiments/casas_hh101/seed_123/lstm/adaptive_ldp/retrain_attacker/confusion.json,15376,,,source_artifact_referenced,True,keep,Referenced by final summaries or delivery documentation.
outputs/experiments/casas_hh101/seed_123/lstm/adaptive_ldp/retrain_attacker/defense_report.json,5288,,,source_artifact_referenced,True,keep,Referenced by final summaries or delivery documentation.
outputs/experiments/casas_hh101/seed_123/lstm/adaptive_ldp/retrain_attacker/metrics.json,15376,,,source_artifact_referenced,False,keep,Required canonical delivery/code/documentation file.
outputs/experiments/casas_hh101/seed_123/lstm/adaptive_ldp/retrain_attacker/parameter_scan/comparison_results.csv,2816,,,source_artifact_referenced,True,keep,Referenced by final summaries or delivery documentation.
outputs/experiments/casas_hh101/seed_123/lstm/adaptive_ldp/retrain_attacker/parameter_scan/plot_accuracy.png,67298,,,source_artifact_referenced,False,keep,Required canonical delivery/code/documentation file.
outputs/experiments/casas_hh101/seed_123/lstm/adaptive_ldp/retrain_attacker/parameter_scan/plot_distortion.png,60040,,,source_artifact_referenced,False,keep,Required canonical delivery/code/documentation file.
outputs/experiments/casas_hh101/seed_123/lstm/adaptive_ldp/retrain_attacker/parameter_scan/profile_config.json,1620,,,source_artifact_referenced,False,keep,Required canonical delivery/code/documentation file.
outputs/experiments/casas_hh101/seed_123/lstm/adaptive_ldp/retrain_attacker/parameter_scan/scan_summary.json,473,,,source_artifact_referenced,False,keep,Required canonical delivery/code/documentation file.
outputs/experiments/casas_hh101/seed_123/lstm/adaptive_ldp/retrain_attacker/parameter_scan/scan_trace.json,327,,,source_artifact_referenced,False,keep,Required canonical delivery/code/documentation file.
outputs/experiments/casas_hh101/seed_123/lstm/adaptive_ldp/retrain_attacker/source_manifest.json,1753,,,source_artifact_referenced,False,keep,Required canonical delivery/code/documentation file.
outputs/experiments/casas_hh101/seed_123/lstm/adaptive_ldp/retrain_attacker/trace.json,403,,,source_artifact_referenced,False,keep,Required canonical delivery/code/documentation file.
outputs/experiments/casas_hh101/seed_123/lstm/baseline/baseline_classification_report.txt,199,,,source_artifact_referenced,False,keep,Required canonical delivery/code/documentation file.
outputs/experiments/casas_hh101/seed_123/lstm/baseline/baseline_confusion.json,15414,,,source_artifact_referenced,True,keep,Referenced by final summaries or delivery documentation.
outputs/experiments/casas_hh101/seed_123/lstm/baseline/baseline_metrics.json,15414,,,source_artifact_referenced,False,keep,Required canonical delivery/code/documentation file.
outputs/experiments/casas_hh101/seed_123/lstm/baseline/source_manifest.json,533,,,source_artifact_referenced,False,keep,Required canonical delivery/code/documentation file.
outputs/experiments/casas_hh101/seed_123/lstm/ldp/fixed_attacker/classification_report.txt,178,,,source_artifact_referenced,False,keep,Required canonical delivery/code/documentation file.
outputs/experiments/casas_hh101/seed_123/lstm/ldp/fixed_attacker/confusion.json,15244,,,source_artifact_referenced,True,keep,Referenced by final summaries or delivery documentation.
outputs/experiments/casas_hh101/seed_123/lstm/ldp/fixed_attacker/defense_report.json,5282,,,source_artifact_referenced,True,keep,Referenced by final summaries or delivery documentation.
outputs/experiments/casas_hh101/seed_123/lstm/ldp/fixed_attacker/metrics.json,15244,,,source_artifact_referenced,False,keep,Required canonical delivery/code/documentation file.
outputs/experiments/casas_hh101/seed_123/lstm/ldp/fixed_attacker/parameter_scan/comparison_results.csv,2101,,,source_artifact_referenced,True,keep,Referenced by final summaries or delivery documentation.
outputs/experiments/casas_hh101/seed_123/lstm/ldp/fixed_attacker/parameter_scan/plot_accuracy.png,46848,,,source_artifact_referenced,False,keep,Required canonical delivery/code/documentation file.
outputs/experiments/casas_hh101/seed_123/lstm/ldp/fixed_attacker/parameter_scan/plot_distortion.png,27523,,,source_artifact_referenced,False,keep,Required canonical delivery/code/documentation file.
outputs/experiments/casas_hh101/seed_123/lstm/ldp/fixed_attacker/parameter_scan/scan_summary.json,440,,,source_artifact_referenced,False,keep,Required canonical delivery/code/documentation file.
outputs/experiments/casas_hh101/seed_123/lstm/ldp/fixed_attacker/parameter_scan/scan_trace.json,305,,,source_artifact_referenced,False,keep,Required canonical delivery/code/documentation file.
outputs/experiments/casas_hh101/seed_123/lstm/ldp/fixed_attacker/source_manifest.json,1632,,,source_artifact_referenced,False,keep,Required canonical delivery/code/documentation file.
outputs/experiments/casas_hh101/seed_123/lstm/ldp/fixed_attacker/trace.json,381,,,source_artifact_referenced,False,keep,Required canonical delivery/code/documentation file.
outputs/experiments/casas_hh101/seed_123/lstm/ldp/retrain_attacker/classification_report.txt,180,,,source_artifact_referenced,False,keep,Required canonical delivery/code/documentation file.
outputs/experiments/casas_hh101/seed_123/lstm/ldp/retrain_attacker/confusion.json,15402,,,source_artifact_referenced,True,keep,Referenced by final summaries or delivery documentation.
outputs/experiments/casas_hh101/seed_123/lstm/ldp/retrain_attacker/defense_report.json,5282,,,source_artifact_referenced,True,keep,Referenced by final summaries or delivery documentation.
outputs/experiments/casas_hh101/seed_123/lstm/ldp/retrain_attacker/metrics.json,15402,,,source_artifact_referenced,False,keep,Required canonical delivery/code/documentation file.
outputs/experiments/casas_hh101/seed_123/lstm/ldp/retrain_attacker/parameter_scan/comparison_results.csv,2117,,,source_artifact_referenced,True,keep,Referenced by final summaries or delivery documentation.
outputs/experiments/casas_hh101/seed_123/lstm/ldp/retrain_attacker/parameter_scan/plot_accuracy.png,37756,,,source_artifact_referenced,False,keep,Required canonical delivery/code/documentation file.
outputs/experiments/casas_hh101/seed_123/lstm/ldp/retrain_attacker/parameter_scan/plot_distortion.png,30052,,,source_artifact_referenced,False,keep,Required canonical delivery/code/documentation file.
outputs/experiments/casas_hh101/seed_123/lstm/ldp/retrain_attacker/parameter_scan/scan_summary.json,446,,,source_artifact_referenced,False,keep,Required canonical delivery/code/documentation file.
outputs/experiments/casas_hh101/seed_123/lstm/ldp/retrain_attacker/parameter_scan/scan_trace.json,309,,,source_artifact_referenced,False,keep,Required canonical delivery/code/documentation file.
outputs/experiments/casas_hh101/seed_123/lstm/ldp/retrain_attacker/source_manifest.json,1654,,,source_artifact_referenced,False,keep,Required canonical delivery/code/documentation file.
outputs/experiments/casas_hh101/seed_123/lstm/ldp/retrain_attacker/trace.json,385,,,source_artifact_referenced,False,keep,Required canonical delivery/code/documentation file.
outputs/experiments/casas_hh101/seed_123/lstm/noise/fixed_attacker/classification_report.txt,180,,,source_artifact_referenced,False,keep,Required canonical delivery/code/documentation file.
outputs/experiments/casas_hh101/seed_123/lstm/noise/fixed_attacker/confusion.json,15446,,,source_artifact_referenced,True,keep,Referenced by final summaries or delivery documentation.
outputs/experiments/casas_hh101/seed_123/lstm/noise/fixed_attacker/defense_report.json,3736,,,source_artifact_referenced,True,keep,Referenced by final summaries or delivery documentation.
outputs/experiments/casas_hh101/seed_123/lstm/noise/fixed_attacker/metrics.json,15446,,,source_artifact_referenced,False,keep,Required canonical delivery/code/documentation file.
outputs/experiments/casas_hh101/seed_123/lstm/noise/fixed_attacker/parameter_scan/comparison_results.csv,1760,,,source_artifact_referenced,True,keep,Referenced by final summaries or delivery documentation.
outputs/experiments/casas_hh101/seed_123/lstm/noise/fixed_attacker/parameter_scan/plot_distortion.png,54568,,,source_artifact_referenced,False,keep,Required canonical delivery/code/documentation file.
outputs/experiments/casas_hh101/seed_123/lstm/noise/fixed_attacker/parameter_scan/scan_summary.json,446,,,source_artifact_referenced,False,keep,Required canonical delivery/code/documentation file.
outputs/experiments/casas_hh101/seed_123/lstm/noise/fixed_attacker/parameter_scan/scan_trace.json,309,,,source_artifact_referenced,False,keep,Required canonical delivery/code/documentation file.
outputs/experiments/casas_hh101/seed_123/lstm/noise/fixed_attacker/source_manifest.json,1654,,,source_artifact_referenced,False,keep,Required canonical delivery/code/documentation file.
outputs/experiments/casas_hh101/seed_123/lstm/noise/fixed_attacker/trace.json,385,,,source_artifact_referenced,False,keep,Required canonical delivery/code/documentation file.
outputs/experiments/casas_hh101/seed_123/lstm/noise/retrain_attacker/classification_report.txt,182,,,source_artifact_referenced,False,keep,Required canonical delivery/code/documentation file.
outputs/experiments/casas_hh101/seed_123/lstm/noise/retrain_attacker/confusion.json,15366,,,source_artifact_referenced,True,keep,Referenced by final summaries or delivery documentation.
outputs/experiments/casas_hh101/seed_123/lstm/noise/retrain_attacker/defense_report.json,3736,,,source_artifact_referenced,True,keep,Referenced by final summaries or delivery documentation.
outputs/experiments/casas_hh101/seed_123/lstm/noise/retrain_attacker/metrics.json,15366,,,source_artifact_referenced,False,keep,Required canonical delivery/code/documentation file.
outputs/experiments/casas_hh101/seed_123/lstm/noise/retrain_attacker/parameter_scan/comparison_results.csv,1778,,,source_artifact_referenced,True,keep,Referenced by final summaries or delivery documentation.
outputs/experiments/casas_hh101/seed_123/lstm/noise/retrain_attacker/parameter_scan/plot_accuracy.png,42741,,,source_artifact_referenced,False,keep,Required canonical delivery/code/documentation file.
outputs/experiments/casas_hh101/seed_123/lstm/noise/retrain_attacker/parameter_scan/plot_distortion.png,38950,,,source_artifact_referenced,False,keep,Required canonical delivery/code/documentation file.
outputs/experiments/casas_hh101/seed_123/lstm/noise/retrain_attacker/parameter_scan/scan_summary.json,452,,,source_artifact_referenced,False,keep,Required canonical delivery/code/documentation file.
outputs/experiments/casas_hh101/seed_123/lstm/noise/retrain_attacker/parameter_scan/scan_trace.json,313,,,source_artifact_referenced,False,keep,Required canonical delivery/code/documentation file.
outputs/experiments/casas_hh101/seed_123/lstm/noise/retrain_attacker/source_manifest.json,1676,,,source_artifact_referenced,False,keep,Required canonical delivery/code/documentation file.
outputs/experiments/casas_hh101/seed_123/lstm/noise/retrain_attacker/trace.json,389,,,source_artifact_referenced,False,keep,Required canonical delivery/code/documentation file.
outputs/experiments/casas_hh101/seed_123/mlp/adaptive_ldp/fixed_attacker/classification_report.txt,186,,,source_artifact_referenced,False,keep,Required canonical delivery/code/documentation file.
outputs/experiments/casas_hh101/seed_123/mlp/adaptive_ldp/fixed_attacker/confusion.json,14950,,,source_artifact_referenced,True,keep,Referenced by final summaries or delivery documentation.
outputs/experiments/casas_hh101/seed_123/mlp/adaptive_ldp/fixed_attacker/defense_report.json,5288,,,source_artifact_referenced,True,keep,Referenced by final summaries or delivery documentation.
outputs/experiments/casas_hh101/seed_123/mlp/adaptive_ldp/fixed_attacker/metrics.json,14950,,,source_artifact_referenced,False,keep,Required canonical delivery/code/documentation file.
outputs/experiments/casas_hh101/seed_123/mlp/adaptive_ldp/fixed_attacker/parameter_scan/comparison_results.csv,2765,,,source_artifact_referenced,True,keep,Referenced by final summaries or delivery documentation.
outputs/experiments/casas_hh101/seed_123/mlp/adaptive_ldp/fixed_attacker/parameter_scan/plot_accuracy.png,68289,,,source_artifact_referenced,False,keep,Required canonical delivery/code/documentation file.
outputs/experiments/casas_hh101/seed_123/mlp/adaptive_ldp/fixed_attacker/parameter_scan/plot_distortion.png,60040,,,source_artifact_referenced,False,keep,Required canonical delivery/code/documentation file.
outputs/experiments/casas_hh101/seed_123/mlp/adaptive_ldp/fixed_attacker/parameter_scan/profile_config.json,1620,,,source_artifact_referenced,False,keep,Required canonical delivery/code/documentation file.
outputs/experiments/casas_hh101/seed_123/mlp/adaptive_ldp/fixed_attacker/parameter_scan/scan_summary.json,464,,,source_artifact_referenced,False,keep,Required canonical delivery/code/documentation file.
outputs/experiments/casas_hh101/seed_123/mlp/adaptive_ldp/fixed_attacker/parameter_scan/scan_trace.json,321,,,source_artifact_referenced,False,keep,Required canonical delivery/code/documentation file.
outputs/experiments/casas_hh101/seed_123/mlp/adaptive_ldp/fixed_attacker/source_manifest.json,1719,,,source_artifact_referenced,False,keep,Required canonical delivery/code/documentation file.
outputs/experiments/casas_hh101/seed_123/mlp/adaptive_ldp/fixed_attacker/trace.json,398,,,source_artifact_referenced,False,keep,Required canonical delivery/code/documentation file.
outputs/experiments/casas_hh101/seed_123/mlp/adaptive_ldp/retrain_attacker/classification_report.txt,188,,,source_artifact_referenced,False,keep,Required canonical delivery/code/documentation file.
outputs/experiments/casas_hh101/seed_123/mlp/adaptive_ldp/retrain_attacker/confusion.json,15285,,,source_artifact_referenced,True,keep,Referenced by final summaries or delivery documentation.
outputs/experiments/casas_hh101/seed_123/mlp/adaptive_ldp/retrain_attacker/defense_report.json,5288,,,source_artifact_referenced,True,keep,Referenced by final summaries or delivery documentation.
outputs/experiments/casas_hh101/seed_123/mlp/adaptive_ldp/retrain_attacker/metrics.json,15285,,,source_artifact_referenced,False,keep,Required canonical delivery/code/documentation file.
outputs/experiments/casas_hh101/seed_123/mlp/adaptive_ldp/retrain_attacker/parameter_scan/comparison_results.csv,2788,,,source_artifact_referenced,True,keep,Referenced by final summaries or delivery documentation.
outputs/experiments/casas_hh101/seed_123/mlp/adaptive_ldp/retrain_attacker/parameter_scan/plot_accuracy.png,66355,,,source_artifact_referenced,False,keep,Required canonical delivery/code/documentation file.
outputs/experiments/casas_hh101/seed_123/mlp/adaptive_ldp/retrain_attacker/parameter_scan/plot_distortion.png,60040,,,source_artifact_referenced,False,keep,Required canonical delivery/code/documentation file.
outputs/experiments/casas_hh101/seed_123/mlp/adaptive_ldp/retrain_attacker/parameter_scan/profile_config.json,1620,,,source_artifact_referenced,False,keep,Required canonical delivery/code/documentation file.
outputs/experiments/casas_hh101/seed_123/mlp/adaptive_ldp/retrain_attacker/parameter_scan/scan_summary.json,470,,,source_artifact_referenced,False,keep,Required canonical delivery/code/documentation file.
outputs/experiments/casas_hh101/seed_123/mlp/adaptive_ldp/retrain_attacker/parameter_scan/scan_trace.json,325,,,source_artifact_referenced,False,keep,Required canonical delivery/code/documentation file.
outputs/experiments/casas_hh101/seed_123/mlp/adaptive_ldp/retrain_attacker/source_manifest.json,1741,,,source_artifact_referenced,False,keep,Required canonical delivery/code/documentation file.
outputs/experiments/casas_hh101/seed_123/mlp/adaptive_ldp/retrain_attacker/trace.json,402,,,source_artifact_referenced,False,keep,Required canonical delivery/code/documentation file.
outputs/experiments/casas_hh101/seed_123/mlp/baseline/baseline_classification_report.txt,198,,,source_artifact_referenced,False,keep,Required canonical delivery/code/documentation file.
outputs/experiments/casas_hh101/seed_123/mlp/baseline/baseline_confusion.json,15488,,,source_artifact_referenced,True,keep,Referenced by final summaries or delivery documentation.
outputs/experiments/casas_hh101/seed_123/mlp/baseline/baseline_metrics.json,15488,,,source_artifact_referenced,False,keep,Required canonical delivery/code/documentation file.
outputs/experiments/casas_hh101/seed_123/mlp/baseline/source_manifest.json,530,,,source_artifact_referenced,False,keep,Required canonical delivery/code/documentation file.
outputs/experiments/casas_hh101/seed_123/mlp/ldp/fixed_attacker/classification_report.txt,177,,,source_artifact_referenced,False,keep,Required canonical delivery/code/documentation file.
outputs/experiments/casas_hh101/seed_123/mlp/ldp/fixed_attacker/confusion.json,14988,,,source_artifact_referenced,True,keep,Referenced by final summaries or delivery documentation.
outputs/experiments/casas_hh101/seed_123/mlp/ldp/fixed_attacker/defense_report.json,5282,,,source_artifact_referenced,True,keep,Referenced by final summaries or delivery documentation.
outputs/experiments/casas_hh101/seed_123/mlp/ldp/fixed_attacker/metrics.json,14988,,,source_artifact_referenced,False,keep,Required canonical delivery/code/documentation file.
outputs/experiments/casas_hh101/seed_123/mlp/ldp/fixed_attacker/parameter_scan/comparison_results.csv,2081,,,source_artifact_referenced,True,keep,Referenced by final summaries or delivery documentation.
outputs/experiments/casas_hh101/seed_123/mlp/ldp/fixed_attacker/parameter_scan/plot_accuracy.png,43761,,,source_artifact_referenced,False,keep,Required canonical delivery/code/documentation file.
outputs/experiments/casas_hh101/seed_123/mlp/ldp/fixed_attacker/parameter_scan/plot_distortion.png,30052,,,source_artifact_referenced,False,keep,Required canonical delivery/code/documentation file.
outputs/experiments/casas_hh101/seed_123/mlp/ldp/fixed_attacker/parameter_scan/scan_summary.json,437,,,source_artifact_referenced,False,keep,Required canonical delivery/code/documentation file.
outputs/experiments/casas_hh101/seed_123/mlp/ldp/fixed_attacker/parameter_scan/scan_trace.json,303,,,source_artifact_referenced,False,keep,Required canonical delivery/code/documentation file.
outputs/experiments/casas_hh101/seed_123/mlp/ldp/fixed_attacker/source_manifest.json,1620,,,source_artifact_referenced,False,keep,Required canonical delivery/code/documentation file.
outputs/experiments/casas_hh101/seed_123/mlp/ldp/fixed_attacker/trace.json,380,,,source_artifact_referenced,False,keep,Required canonical delivery/code/documentation file.
outputs/experiments/casas_hh101/seed_123/mlp/ldp/retrain_attacker/classification_report.txt,179,,,source_artifact_referenced,False,keep,Required canonical delivery/code/documentation file.
outputs/experiments/casas_hh101/seed_123/mlp/ldp/retrain_attacker/confusion.json,15340,,,source_artifact_referenced,True,keep,Referenced by final summaries or delivery documentation.
outputs/experiments/casas_hh101/seed_123/mlp/ldp/retrain_attacker/defense_report.json,5282,,,source_artifact_referenced,True,keep,Referenced by final summaries or delivery documentation.
outputs/experiments/casas_hh101/seed_123/mlp/ldp/retrain_attacker/metrics.json,15340,,,source_artifact_referenced,False,keep,Required canonical delivery/code/documentation file.
outputs/experiments/casas_hh101/seed_123/mlp/ldp/retrain_attacker/parameter_scan/comparison_results.csv,2081,,,source_artifact_referenced,True,keep,Referenced by final summaries or delivery documentation.
outputs/experiments/casas_hh101/seed_123/mlp/ldp/retrain_attacker/parameter_scan/plot_accuracy.png,35564,,,source_artifact_referenced,False,keep,Required canonical delivery/code/documentation file.
outputs/experiments/casas_hh101/seed_123/mlp/ldp/retrain_attacker/parameter_scan/plot_distortion.png,30052,,,source_artifact_referenced,False,keep,Required canonical delivery/code/documentation file.
outputs/experiments/casas_hh101/seed_123/mlp/ldp/retrain_attacker/parameter_scan/scan_summary.json,443,,,source_artifact_referenced,False,keep,Required canonical delivery/code/documentation file.
outputs/experiments/casas_hh101/seed_123/mlp/ldp/retrain_attacker/parameter_scan/scan_trace.json,307,,,source_artifact_referenced,False,keep,Required canonical delivery/code/documentation file.
outputs/experiments/casas_hh101/seed_123/mlp/ldp/retrain_attacker/source_manifest.json,1642,,,source_artifact_referenced,False,keep,Required canonical delivery/code/documentation file.
outputs/experiments/casas_hh101/seed_123/mlp/ldp/retrain_attacker/trace.json,384,,,source_artifact_referenced,False,keep,Required canonical delivery/code/documentation file.
outputs/experiments/casas_hh101/seed_123/mlp/noise/fixed_attacker/classification_report.txt,179,,,source_artifact_referenced,False,keep,Required canonical delivery/code/documentation file.
outputs/experiments/casas_hh101/seed_123/mlp/noise/fixed_attacker/confusion.json,14905,,,source_artifact_referenced,True,keep,Referenced by final summaries or delivery documentation.
outputs/experiments/casas_hh101/seed_123/mlp/noise/fixed_attacker/defense_report.json,3736,,,source_artifact_referenced,True,keep,Referenced by final summaries or delivery documentation.
outputs/experiments/casas_hh101/seed_123/mlp/noise/fixed_attacker/metrics.json,14905,,,source_artifact_referenced,False,keep,Required canonical delivery/code/documentation file.
outputs/experiments/casas_hh101/seed_123/mlp/noise/fixed_attacker/parameter_scan/comparison_results.csv,1755,,,source_artifact_referenced,True,keep,Referenced by final summaries or delivery documentation.
outputs/experiments/casas_hh101/seed_123/mlp/noise/fixed_attacker/parameter_scan/plot_accuracy.png,40323,,,source_artifact_referenced,False,keep,Required canonical delivery/code/documentation file.
outputs/experiments/casas_hh101/seed_123/mlp/noise/fixed_attacker/parameter_scan/plot_distortion.png,38950,,,source_artifact_referenced,False,keep,Required canonical delivery/code/documentation file.
outputs/experiments/casas_hh101/seed_123/mlp/noise/fixed_attacker/parameter_scan/scan_summary.json,443,,,source_artifact_referenced,False,keep,Required canonical delivery/code/documentation file.
outputs/experiments/casas_hh101/seed_123/mlp/noise/fixed_attacker/parameter_scan/scan_trace.json,307,,,source_artifact_referenced,False,keep,Required canonical delivery/code/documentation file.
outputs/experiments/casas_hh101/seed_123/mlp/noise/fixed_attacker/source_manifest.json,1642,,,source_artifact_referenced,False,keep,Required canonical delivery/code/documentation file.
outputs/experiments/casas_hh101/seed_123/mlp/noise/fixed_attacker/trace.json,384,,,source_artifact_referenced,False,keep,Required canonical delivery/code/documentation file.
outputs/experiments/casas_hh101/seed_123/mlp/noise/retrain_attacker/classification_report.txt,181,,,source_artifact_referenced,False,keep,Required canonical delivery/code/documentation file.
outputs/experiments/casas_hh101/seed_123/mlp/noise/retrain_attacker/confusion.json,15329,,,source_artifact_referenced,True,keep,Referenced by final summaries or delivery documentation.
outputs/experiments/casas_hh101/seed_123/mlp/noise/retrain_attacker/defense_report.json,3736,,,source_artifact_referenced,True,keep,Referenced by final summaries or delivery documentation.
outputs/experiments/casas_hh101/seed_123/mlp/noise/retrain_attacker/metrics.json,15329,,,source_artifact_referenced,False,keep,Required canonical delivery/code/documentation file.
outputs/experiments/casas_hh101/seed_123/mlp/noise/retrain_attacker/parameter_scan/comparison_results.csv,1770,,,source_artifact_referenced,True,keep,Referenced by final summaries or delivery documentation.
outputs/experiments/casas_hh101/seed_123/mlp/noise/retrain_attacker/parameter_scan/plot_accuracy.png,43492,,,source_artifact_referenced,False,keep,Required canonical delivery/code/documentation file.
outputs/experiments/casas_hh101/seed_123/mlp/noise/retrain_attacker/parameter_scan/plot_distortion.png,38950,,,source_artifact_referenced,False,keep,Required canonical delivery/code/documentation file.
outputs/experiments/casas_hh101/seed_123/mlp/noise/retrain_attacker/parameter_scan/scan_summary.json,449,,,source_artifact_referenced,False,keep,Required canonical delivery/code/documentation file.
outputs/experiments/casas_hh101/seed_123/mlp/noise/retrain_attacker/parameter_scan/scan_trace.json,311,,,source_artifact_referenced,False,keep,Required canonical delivery/code/documentation file.
outputs/experiments/casas_hh101/seed_123/mlp/noise/retrain_attacker/source_manifest.json,1664,,,source_artifact_referenced,False,keep,Required canonical delivery/code/documentation file.
outputs/experiments/casas_hh101/seed_123/mlp/noise/retrain_attacker/trace.json,388,,,source_artifact_referenced,False,keep,Required canonical delivery/code/documentation file.
outputs/experiments/casas_hh101/seed_2026/lstm/adaptive_ldp/fixed_attacker/classification_report.txt,188,,,source_artifact_referenced,False,keep,Required canonical delivery/code/documentation file.
outputs/experiments/casas_hh101/seed_2026/lstm/adaptive_ldp/fixed_attacker/confusion.json,15540,,,source_artifact_referenced,True,keep,Referenced by final summaries or delivery documentation.
outputs/experiments/casas_hh101/seed_2026/lstm/adaptive_ldp/fixed_attacker/defense_report.json,3816,,,source_artifact_referenced,True,keep,Referenced by final summaries or delivery documentation.
outputs/experiments/casas_hh101/seed_2026/lstm/adaptive_ldp/fixed_attacker/metrics.json,15540,,,source_artifact_referenced,False,keep,Required canonical delivery/code/documentation file.
outputs/experiments/casas_hh101/seed_2026/lstm/adaptive_ldp/fixed_attacker/parameter_scan/comparison_results.csv,2803,,,source_artifact_referenced,True,keep,Referenced by final summaries or delivery documentation.
outputs/experiments/casas_hh101/seed_2026/lstm/adaptive_ldp/fixed_attacker/parameter_scan/plot_accuracy.png,61962,,,source_artifact_referenced,False,keep,Required canonical delivery/code/documentation file.
outputs/experiments/casas_hh101/seed_2026/lstm/adaptive_ldp/fixed_attacker/parameter_scan/plot_distortion.png,60019,,,source_artifact_referenced,False,keep,Required canonical delivery/code/documentation file.
outputs/experiments/casas_hh101/seed_2026/lstm/adaptive_ldp/fixed_attacker/parameter_scan/profile_config.json,1620,,,source_artifact_referenced,False,keep,Required canonical delivery/code/documentation file.
outputs/experiments/casas_hh101/seed_2026/lstm/adaptive_ldp/fixed_attacker/parameter_scan/scan_summary.json,470,,,source_artifact_referenced,False,keep,Required canonical delivery/code/documentation file.
outputs/experiments/casas_hh101/seed_2026/lstm/adaptive_ldp/fixed_attacker/parameter_scan/scan_trace.json,325,,,source_artifact_referenced,False,keep,Required canonical delivery/code/documentation file.
outputs/experiments/casas_hh101/seed_2026/lstm/adaptive_ldp/fixed_attacker/source_manifest.json,1743,,,source_artifact_referenced,False,keep,Required canonical delivery/code/documentation file.
outputs/experiments/casas_hh101/seed_2026/lstm/adaptive_ldp/fixed_attacker/trace.json,401,,,source_artifact_referenced,False,keep,Required canonical delivery/code/documentation file.
outputs/experiments/casas_hh101/seed_2026/lstm/adaptive_ldp/retrain_attacker/classification_report.txt,190,,,source_artifact_referenced,False,keep,Required canonical delivery/code/documentation file.
outputs/experiments/casas_hh101/seed_2026/lstm/adaptive_ldp/retrain_attacker/confusion.json,15435,,,source_artifact_referenced,True,keep,Referenced by final summaries or delivery documentation.
outputs/experiments/casas_hh101/seed_2026/lstm/adaptive_ldp/retrain_attacker/defense_report.json,3816,,,source_artifact_referenced,True,keep,Referenced by final summaries or delivery documentation.
outputs/experiments/casas_hh101/seed_2026/lstm/adaptive_ldp/retrain_attacker/metrics.json,15435,,,source_artifact_referenced,False,keep,Required canonical delivery/code/documentation file.
outputs/experiments/casas_hh101/seed_2026/lstm/adaptive_ldp/retrain_attacker/parameter_scan/comparison_results.csv,2831,,,source_artifact_referenced,True,keep,Referenced by final summaries or delivery documentation.
outputs/experiments/casas_hh101/seed_2026/lstm/adaptive_ldp/retrain_attacker/parameter_scan/plot_accuracy.png,67204,,,source_artifact_referenced,False,keep,Required canonical delivery/code/documentation file.
outputs/experiments/casas_hh101/seed_2026/lstm/adaptive_ldp/retrain_attacker/parameter_scan/plot_distortion.png,60019,,,source_artifact_referenced,False,keep,Required canonical delivery/code/documentation file.
outputs/experiments/casas_hh101/seed_2026/lstm/adaptive_ldp/retrain_attacker/parameter_scan/profile_config.json,1620,,,source_artifact_referenced,False,keep,Required canonical delivery/code/documentation file.
outputs/experiments/casas_hh101/seed_2026/lstm/adaptive_ldp/retrain_attacker/parameter_scan/scan_summary.json,476,,,source_artifact_referenced,False,keep,Required canonical delivery/code/documentation file.
outputs/experiments/casas_hh101/seed_2026/lstm/adaptive_ldp/retrain_attacker/parameter_scan/scan_trace.json,329,,,source_artifact_referenced,False,keep,Required canonical delivery/code/documentation file.
outputs/experiments/casas_hh101/seed_2026/lstm/adaptive_ldp/retrain_attacker/source_manifest.json,1765,,,source_artifact_referenced,False,keep,Required canonical delivery/code/documentation file.
outputs/experiments/casas_hh101/seed_2026/lstm/adaptive_ldp/retrain_attacker/trace.json,405,,,source_artifact_referenced,False,keep,Required canonical delivery/code/documentation file.
outputs/experiments/casas_hh101/seed_2026/lstm/baseline/baseline_classification_report.txt,200,,,source_artifact_referenced,False,keep,Required canonical delivery/code/documentation file.
outputs/experiments/casas_hh101/seed_2026/lstm/baseline/baseline_confusion.json,15446,,,source_artifact_referenced,True,keep,Referenced by final summaries or delivery documentation.
outputs/experiments/casas_hh101/seed_2026/lstm/baseline/baseline_metrics.json,15446,,,source_artifact_referenced,False,keep,Required canonical delivery/code/documentation file.
outputs/experiments/casas_hh101/seed_2026/lstm/baseline/source_manifest.json,536,,,source_artifact_referenced,False,keep,Required canonical delivery/code/documentation file.
outputs/experiments/casas_hh101/seed_2026/lstm/ldp/fixed_attacker/classification_report.txt,179,,,source_artifact_referenced,False,keep,Required canonical delivery/code/documentation file.
outputs/experiments/casas_hh101/seed_2026/lstm/ldp/fixed_attacker/confusion.json,15399,,,source_artifact_referenced,True,keep,Referenced by final summaries or delivery documentation.
outputs/experiments/casas_hh101/seed_2026/lstm/ldp/fixed_attacker/defense_report.json,3771,,,source_artifact_referenced,True,keep,Referenced by final summaries or delivery documentation.
outputs/experiments/casas_hh101/seed_2026/lstm/ldp/fixed_attacker/metrics.json,15399,,,source_artifact_referenced,False,keep,Required canonical delivery/code/documentation file.
outputs/experiments/casas_hh101/seed_2026/lstm/ldp/fixed_attacker/parameter_scan/comparison_results.csv,2112,,,source_artifact_referenced,True,keep,Referenced by final summaries or delivery documentation.
outputs/experiments/casas_hh101/seed_2026/lstm/ldp/fixed_attacker/parameter_scan/plot_accuracy.png,45510,,,source_artifact_referenced,False,keep,Required canonical delivery/code/documentation file.
outputs/experiments/casas_hh101/seed_2026/lstm/ldp/fixed_attacker/parameter_scan/plot_distortion.png,27529,,,source_artifact_referenced,False,keep,Required canonical delivery/code/documentation file.
outputs/experiments/casas_hh101/seed_2026/lstm/ldp/fixed_attacker/parameter_scan/scan_summary.json,443,,,source_artifact_referenced,False,keep,Required canonical delivery/code/documentation file.
outputs/experiments/casas_hh101/seed_2026/lstm/ldp/fixed_attacker/parameter_scan/scan_trace.json,307,,,source_artifact_referenced,False,keep,Required canonical delivery/code/documentation file.
outputs/experiments/casas_hh101/seed_2026/lstm/ldp/fixed_attacker/source_manifest.json,1644,,,source_artifact_referenced,False,keep,Required canonical delivery/code/documentation file.
outputs/experiments/casas_hh101/seed_2026/lstm/ldp/fixed_attacker/trace.json,383,,,source_artifact_referenced,False,keep,Required canonical delivery/code/documentation file.
outputs/experiments/casas_hh101/seed_2026/lstm/ldp/retrain_attacker/classification_report.txt,181,,,source_artifact_referenced,False,keep,Required canonical delivery/code/documentation file.
outputs/experiments/casas_hh101/seed_2026/lstm/ldp/retrain_attacker/confusion.json,15406,,,source_artifact_referenced,True,keep,Referenced by final summaries or delivery documentation.
outputs/experiments/casas_hh101/seed_2026/lstm/ldp/retrain_attacker/defense_report.json,3771,,,source_artifact_referenced,True,keep,Referenced by final summaries or delivery documentation.
outputs/experiments/casas_hh101/seed_2026/lstm/ldp/retrain_attacker/metrics.json,15406,,,source_artifact_referenced,False,keep,Required canonical delivery/code/documentation file.
outputs/experiments/casas_hh101/seed_2026/lstm/ldp/retrain_attacker/parameter_scan/comparison_results.csv,2135,,,source_artifact_referenced,True,keep,Referenced by final summaries or delivery documentation.
outputs/experiments/casas_hh101/seed_2026/lstm/ldp/retrain_attacker/parameter_scan/plot_accuracy.png,42391,,,source_artifact_referenced,False,keep,Required canonical delivery/code/documentation file.
outputs/experiments/casas_hh101/seed_2026/lstm/ldp/retrain_attacker/parameter_scan/plot_distortion.png,30052,,,source_artifact_referenced,False,keep,Required canonical delivery/code/documentation file.
outputs/experiments/casas_hh101/seed_2026/lstm/ldp/retrain_attacker/parameter_scan/scan_summary.json,449,,,source_artifact_referenced,False,keep,Required canonical delivery/code/documentation file.
outputs/experiments/casas_hh101/seed_2026/lstm/ldp/retrain_attacker/parameter_scan/scan_trace.json,311,,,source_artifact_referenced,False,keep,Required canonical delivery/code/documentation file.
outputs/experiments/casas_hh101/seed_2026/lstm/ldp/retrain_attacker/source_manifest.json,1666,,,source_artifact_referenced,False,keep,Required canonical delivery/code/documentation file.
outputs/experiments/casas_hh101/seed_2026/lstm/ldp/retrain_attacker/trace.json,387,,,source_artifact_referenced,False,keep,Required canonical delivery/code/documentation file.
outputs/experiments/casas_hh101/seed_2026/lstm/noise/fixed_attacker/classification_report.txt,181,,,source_artifact_referenced,False,keep,Required canonical delivery/code/documentation file.
outputs/experiments/casas_hh101/seed_2026/lstm/noise/fixed_attacker/confusion.json,15531,,,source_artifact_referenced,True,keep,Referenced by final summaries or delivery documentation.
outputs/experiments/casas_hh101/seed_2026/lstm/noise/fixed_attacker/defense_report.json,3777,,,source_artifact_referenced,True,keep,Referenced by final summaries or delivery documentation.
outputs/experiments/casas_hh101/seed_2026/lstm/noise/fixed_attacker/metrics.json,15531,,,source_artifact_referenced,False,keep,Required canonical delivery/code/documentation file.
outputs/experiments/casas_hh101/seed_2026/lstm/noise/fixed_attacker/parameter_scan/comparison_results.csv,1778,,,source_artifact_referenced,True,keep,Referenced by final summaries or delivery documentation.
outputs/experiments/casas_hh101/seed_2026/lstm/noise/fixed_attacker/parameter_scan/plot_distortion.png,56152,,,source_artifact_referenced,False,keep,Required canonical delivery/code/documentation file.
outputs/experiments/casas_hh101/seed_2026/lstm/noise/fixed_attacker/parameter_scan/scan_summary.json,449,,,source_artifact_referenced,False,keep,Required canonical delivery/code/documentation file.
outputs/experiments/casas_hh101/seed_2026/lstm/noise/fixed_attacker/parameter_scan/scan_trace.json,311,,,source_artifact_referenced,False,keep,Required canonical delivery/code/documentation file.
outputs/experiments/casas_hh101/seed_2026/lstm/noise/fixed_attacker/source_manifest.json,1666,,,source_artifact_referenced,False,keep,Required canonical delivery/code/documentation file.
outputs/experiments/casas_hh101/seed_2026/lstm/noise/fixed_attacker/trace.json,387,,,source_artifact_referenced,False,keep,Required canonical delivery/code/documentation file.
outputs/experiments/casas_hh101/seed_2026/lstm/noise/retrain_attacker/classification_report.txt,183,,,source_artifact_referenced,False,keep,Required canonical delivery/code/documentation file.
outputs/experiments/casas_hh101/seed_2026/lstm/noise/retrain_attacker/confusion.json,15391,,,source_artifact_referenced,True,keep,Referenced by final summaries or delivery documentation.
outputs/experiments/casas_hh101/seed_2026/lstm/noise/retrain_attacker/defense_report.json,3777,,,source_artifact_referenced,True,keep,Referenced by final summaries or delivery documentation.
outputs/experiments/casas_hh101/seed_2026/lstm/noise/retrain_attacker/metrics.json,15391,,,source_artifact_referenced,False,keep,Required canonical delivery/code/documentation file.
outputs/experiments/casas_hh101/seed_2026/lstm/noise/retrain_attacker/parameter_scan/comparison_results.csv,1800,,,source_artifact_referenced,True,keep,Referenced by final summaries or delivery documentation.
outputs/experiments/casas_hh101/seed_2026/lstm/noise/retrain_attacker/parameter_scan/plot_accuracy.png,44810,,,source_artifact_referenced,False,keep,Required canonical delivery/code/documentation file.
outputs/experiments/casas_hh101/seed_2026/lstm/noise/retrain_attacker/parameter_scan/plot_distortion.png,38950,,,source_artifact_referenced,False,keep,Required canonical delivery/code/documentation file.
outputs/experiments/casas_hh101/seed_2026/lstm/noise/retrain_attacker/parameter_scan/scan_summary.json,455,,,source_artifact_referenced,False,keep,Required canonical delivery/code/documentation file.
outputs/experiments/casas_hh101/seed_2026/lstm/noise/retrain_attacker/parameter_scan/scan_trace.json,315,,,source_artifact_referenced,False,keep,Required canonical delivery/code/documentation file.
outputs/experiments/casas_hh101/seed_2026/lstm/noise/retrain_attacker/source_manifest.json,1688,,,source_artifact_referenced,False,keep,Required canonical delivery/code/documentation file.
outputs/experiments/casas_hh101/seed_2026/lstm/noise/retrain_attacker/trace.json,391,,,source_artifact_referenced,False,keep,Required canonical delivery/code/documentation file.
outputs/experiments/casas_hh101/seed_2026/mlp/adaptive_ldp/fixed_attacker/classification_report.txt,187,,,source_artifact_referenced,False,keep,Required canonical delivery/code/documentation file.
outputs/experiments/casas_hh101/seed_2026/mlp/adaptive_ldp/fixed_attacker/confusion.json,15009,,,source_artifact_referenced,True,keep,Referenced by final summaries or delivery documentation.
outputs/experiments/casas_hh101/seed_2026/mlp/adaptive_ldp/fixed_attacker/defense_report.json,3816,,,source_artifact_referenced,True,keep,Referenced by final summaries or delivery documentation.
outputs/experiments/casas_hh101/seed_2026/mlp/adaptive_ldp/fixed_attacker/metrics.json,15009,,,source_artifact_referenced,False,keep,Required canonical delivery/code/documentation file.
outputs/experiments/casas_hh101/seed_2026/mlp/adaptive_ldp/fixed_attacker/parameter_scan/comparison_results.csv,2789,,,source_artifact_referenced,True,keep,Referenced by final summaries or delivery documentation.
outputs/experiments/casas_hh101/seed_2026/mlp/adaptive_ldp/fixed_attacker/parameter_scan/plot_accuracy.png,66589,,,source_artifact_referenced,False,keep,Required canonical delivery/code/documentation file.
outputs/experiments/casas_hh101/seed_2026/mlp/adaptive_ldp/fixed_attacker/parameter_scan/plot_distortion.png,60019,,,source_artifact_referenced,False,keep,Required canonical delivery/code/documentation file.
outputs/experiments/casas_hh101/seed_2026/mlp/adaptive_ldp/fixed_attacker/parameter_scan/profile_config.json,1620,,,source_artifact_referenced,False,keep,Required canonical delivery/code/documentation file.
outputs/experiments/casas_hh101/seed_2026/mlp/adaptive_ldp/fixed_attacker/parameter_scan/scan_summary.json,467,,,source_artifact_referenced,False,keep,Required canonical delivery/code/documentation file.
outputs/experiments/casas_hh101/seed_2026/mlp/adaptive_ldp/fixed_attacker/parameter_scan/scan_trace.json,323,,,source_artifact_referenced,False,keep,Required canonical delivery/code/documentation file.
outputs/experiments/casas_hh101/seed_2026/mlp/adaptive_ldp/fixed_attacker/source_manifest.json,1731,,,source_artifact_referenced,False,keep,Required canonical delivery/code/documentation file.
outputs/experiments/casas_hh101/seed_2026/mlp/adaptive_ldp/fixed_attacker/trace.json,400,,,source_artifact_referenced,False,keep,Required canonical delivery/code/documentation file.
outputs/experiments/casas_hh101/seed_2026/mlp/adaptive_ldp/retrain_attacker/classification_report.txt,189,,,source_artifact_referenced,False,keep,Required canonical delivery/code/documentation file.
outputs/experiments/casas_hh101/seed_2026/mlp/adaptive_ldp/retrain_attacker/confusion.json,15355,,,source_artifact_referenced,True,keep,Referenced by final summaries or delivery documentation.
outputs/experiments/casas_hh101/seed_2026/mlp/adaptive_ldp/retrain_attacker/defense_report.json,3816,,,source_artifact_referenced,True,keep,Referenced by final summaries or delivery documentation.
outputs/experiments/casas_hh101/seed_2026/mlp/adaptive_ldp/retrain_attacker/metrics.json,15355,,,source_artifact_referenced,False,keep,Required canonical delivery/code/documentation file.
outputs/experiments/casas_hh101/seed_2026/mlp/adaptive_ldp/retrain_attacker/parameter_scan/comparison_results.csv,2814,,,source_artifact_referenced,True,keep,Referenced by final summaries or delivery documentation.
outputs/experiments/casas_hh101/seed_2026/mlp/adaptive_ldp/retrain_attacker/parameter_scan/plot_accuracy.png,63105,,,source_artifact_referenced,False,keep,Required canonical delivery/code/documentation file.
outputs/experiments/casas_hh101/seed_2026/mlp/adaptive_ldp/retrain_attacker/parameter_scan/plot_distortion.png,60019,,,source_artifact_referenced,False,keep,Required canonical delivery/code/documentation file.
outputs/experiments/casas_hh101/seed_2026/mlp/adaptive_ldp/retrain_attacker/parameter_scan/profile_config.json,1620,,,source_artifact_referenced,False,keep,Required canonical delivery/code/documentation file.
outputs/experiments/casas_hh101/seed_2026/mlp/adaptive_ldp/retrain_attacker/parameter_scan/scan_summary.json,473,,,source_artifact_referenced,False,keep,Required canonical delivery/code/documentation file.
outputs/experiments/casas_hh101/seed_2026/mlp/adaptive_ldp/retrain_attacker/parameter_scan/scan_trace.json,327,,,source_artifact_referenced,False,keep,Required canonical delivery/code/documentation file.
outputs/experiments/casas_hh101/seed_2026/mlp/adaptive_ldp/retrain_attacker/source_manifest.json,1753,,,source_artifact_referenced,False,keep,Required canonical delivery/code/documentation file.
outputs/experiments/casas_hh101/seed_2026/mlp/adaptive_ldp/retrain_attacker/trace.json,404,,,source_artifact_referenced,False,keep,Required canonical delivery/code/documentation file.
outputs/experiments/casas_hh101/seed_2026/mlp/baseline/baseline_classification_report.txt,200,,,source_artifact_referenced,False,keep,Required canonical delivery/code/documentation file.
outputs/experiments/casas_hh101/seed_2026/mlp/baseline/baseline_confusion.json,15472,,,source_artifact_referenced,True,keep,Referenced by final summaries or delivery documentation.
outputs/experiments/casas_hh101/seed_2026/mlp/baseline/baseline_metrics.json,15472,,,source_artifact_referenced,False,keep,Required canonical delivery/code/documentation file.
outputs/experiments/casas_hh101/seed_2026/mlp/baseline/source_manifest.json,533,,,source_artifact_referenced,False,keep,Required canonical delivery/code/documentation file.
outputs/experiments/casas_hh101/seed_2026/mlp/ldp/fixed_attacker/classification_report.txt,178,,,source_artifact_referenced,False,keep,Required canonical delivery/code/documentation file.
outputs/experiments/casas_hh101/seed_2026/mlp/ldp/fixed_attacker/confusion.json,15087,,,source_artifact_referenced,True,keep,Referenced by final summaries or delivery documentation.
outputs/experiments/casas_hh101/seed_2026/mlp/ldp/fixed_attacker/defense_report.json,3771,,,source_artifact_referenced,True,keep,Referenced by final summaries or delivery documentation.
outputs/experiments/casas_hh101/seed_2026/mlp/ldp/fixed_attacker/metrics.json,15087,,,source_artifact_referenced,False,keep,Required canonical delivery/code/documentation file.
outputs/experiments/casas_hh101/seed_2026/mlp/ldp/fixed_attacker/parameter_scan/comparison_results.csv,2105,,,source_artifact_referenced,True,keep,Referenced by final summaries or delivery documentation.
outputs/experiments/casas_hh101/seed_2026/mlp/ldp/fixed_attacker/parameter_scan/plot_accuracy.png,36605,,,source_artifact_referenced,False,keep,Required canonical delivery/code/documentation file.
outputs/experiments/casas_hh101/seed_2026/mlp/ldp/fixed_attacker/parameter_scan/plot_distortion.png,30052,,,source_artifact_referenced,False,keep,Required canonical delivery/code/documentation file.
outputs/experiments/casas_hh101/seed_2026/mlp/ldp/fixed_attacker/parameter_scan/scan_summary.json,440,,,source_artifact_referenced,False,keep,Required canonical delivery/code/documentation file.
outputs/experiments/casas_hh101/seed_2026/mlp/ldp/fixed_attacker/parameter_scan/scan_trace.json,305,,,source_artifact_referenced,False,keep,Required canonical delivery/code/documentation file.
outputs/experiments/casas_hh101/seed_2026/mlp/ldp/fixed_attacker/source_manifest.json,1632,,,source_artifact_referenced,False,keep,Required canonical delivery/code/documentation file.
outputs/experiments/casas_hh101/seed_2026/mlp/ldp/fixed_attacker/trace.json,382,,,source_artifact_referenced,False,keep,Required canonical delivery/code/documentation file.
outputs/experiments/casas_hh101/seed_2026/mlp/ldp/retrain_attacker/classification_report.txt,180,,,source_artifact_referenced,False,keep,Required canonical delivery/code/documentation file.
outputs/experiments/casas_hh101/seed_2026/mlp/ldp/retrain_attacker/confusion.json,15393,,,source_artifact_referenced,True,keep,Referenced by final summaries or delivery documentation.
outputs/experiments/casas_hh101/seed_2026/mlp/ldp/retrain_attacker/defense_report.json,3771,,,source_artifact_referenced,True,keep,Referenced by final summaries or delivery documentation.
outputs/experiments/casas_hh101/seed_2026/mlp/ldp/retrain_attacker/metrics.json,15393,,,source_artifact_referenced,False,keep,Required canonical delivery/code/documentation file.
outputs/experiments/casas_hh101/seed_2026/mlp/ldp/retrain_attacker/parameter_scan/comparison_results.csv,2088,,,source_artifact_referenced,True,keep,Referenced by final summaries or delivery documentation.
outputs/experiments/casas_hh101/seed_2026/mlp/ldp/retrain_attacker/parameter_scan/plot_accuracy.png,34363,,,source_artifact_referenced,False,keep,Required canonical delivery/code/documentation file.
outputs/experiments/casas_hh101/seed_2026/mlp/ldp/retrain_attacker/parameter_scan/plot_distortion.png,30052,,,source_artifact_referenced,False,keep,Required canonical delivery/code/documentation file.
outputs/experiments/casas_hh101/seed_2026/mlp/ldp/retrain_attacker/parameter_scan/scan_summary.json,446,,,source_artifact_referenced,False,keep,Required canonical delivery/code/documentation file.
outputs/experiments/casas_hh101/seed_2026/mlp/ldp/retrain_attacker/parameter_scan/scan_trace.json,309,,,source_artifact_referenced,False,keep,Required canonical delivery/code/documentation file.
outputs/experiments/casas_hh101/seed_2026/mlp/ldp/retrain_attacker/source_manifest.json,1654,,,source_artifact_referenced,False,keep,Required canonical delivery/code/documentation file.
outputs/experiments/casas_hh101/seed_2026/mlp/ldp/retrain_attacker/trace.json,386,,,source_artifact_referenced,False,keep,Required canonical delivery/code/documentation file.
outputs/experiments/casas_hh101/seed_2026/mlp/noise/fixed_attacker/classification_report.txt,180,,,source_artifact_referenced,False,keep,Required canonical delivery/code/documentation file.
outputs/experiments/casas_hh101/seed_2026/mlp/noise/fixed_attacker/confusion.json,14887,,,source_artifact_referenced,True,keep,Referenced by final summaries or delivery documentation.
outputs/experiments/casas_hh101/seed_2026/mlp/noise/fixed_attacker/defense_report.json,3777,,,source_artifact_referenced,True,keep,Referenced by final summaries or delivery documentation.
outputs/experiments/casas_hh101/seed_2026/mlp/noise/fixed_attacker/metrics.json,14887,,,source_artifact_referenced,False,keep,Required canonical delivery/code/documentation file.
outputs/experiments/casas_hh101/seed_2026/mlp/noise/fixed_attacker/parameter_scan/comparison_results.csv,1778,,,source_artifact_referenced,True,keep,Referenced by final summaries or delivery documentation.
outputs/experiments/casas_hh101/seed_2026/mlp/noise/fixed_attacker/parameter_scan/plot_accuracy.png,30453,,,source_artifact_referenced,False,keep,Required canonical delivery/code/documentation file.
outputs/experiments/casas_hh101/seed_2026/mlp/noise/fixed_attacker/parameter_scan/plot_distortion.png,38950,,,source_artifact_referenced,False,keep,Required canonical delivery/code/documentation file.
outputs/experiments/casas_hh101/seed_2026/mlp/noise/fixed_attacker/parameter_scan/scan_summary.json,446,,,source_artifact_referenced,False,keep,Required canonical delivery/code/documentation file.
outputs/experiments/casas_hh101/seed_2026/mlp/noise/fixed_attacker/parameter_scan/scan_trace.json,309,,,source_artifact_referenced,False,keep,Required canonical delivery/code/documentation file.
outputs/experiments/casas_hh101/seed_2026/mlp/noise/fixed_attacker/source_manifest.json,1654,,,source_artifact_referenced,False,keep,Required canonical delivery/code/documentation file.
outputs/experiments/casas_hh101/seed_2026/mlp/noise/fixed_attacker/trace.json,386,,,source_artifact_referenced,False,keep,Required canonical delivery/code/documentation file.
outputs/experiments/casas_hh101/seed_2026/mlp/noise/retrain_attacker/classification_report.txt,182,,,source_artifact_referenced,False,keep,Required canonical delivery/code/documentation file.
outputs/experiments/casas_hh101/seed_2026/mlp/noise/retrain_attacker/confusion.json,15356,,,source_artifact_referenced,True,keep,Referenced by final summaries or delivery documentation.
outputs/experiments/casas_hh101/seed_2026/mlp/noise/retrain_attacker/defense_report.json,3777,,,source_artifact_referenced,True,keep,Referenced by final summaries or delivery documentation.
outputs/experiments/casas_hh101/seed_2026/mlp/noise/retrain_attacker/metrics.json,15356,,,source_artifact_referenced,False,keep,Required canonical delivery/code/documentation file.
outputs/experiments/casas_hh101/seed_2026/mlp/noise/retrain_attacker/parameter_scan/comparison_results.csv,1781,,,source_artifact_referenced,True,keep,Referenced by final summaries or delivery documentation.
outputs/experiments/casas_hh101/seed_2026/mlp/noise/retrain_attacker/parameter_scan/plot_accuracy.png,47625,,,source_artifact_referenced,False,keep,Required canonical delivery/code/documentation file.
outputs/experiments/casas_hh101/seed_2026/mlp/noise/retrain_attacker/parameter_scan/plot_distortion.png,38950,,,source_artifact_referenced,False,keep,Required canonical delivery/code/documentation file.
outputs/experiments/casas_hh101/seed_2026/mlp/noise/retrain_attacker/parameter_scan/scan_summary.json,452,,,source_artifact_referenced,False,keep,Required canonical delivery/code/documentation file.
outputs/experiments/casas_hh101/seed_2026/mlp/noise/retrain_attacker/parameter_scan/scan_trace.json,313,,,source_artifact_referenced,False,keep,Required canonical delivery/code/documentation file.
outputs/experiments/casas_hh101/seed_2026/mlp/noise/retrain_attacker/source_manifest.json,1676,,,source_artifact_referenced,False,keep,Required canonical delivery/code/documentation file.
outputs/experiments/casas_hh101/seed_2026/mlp/noise/retrain_attacker/trace.json,390,,,source_artifact_referenced,False,keep,Required canonical delivery/code/documentation file.
outputs/experiments/casas_hh101/seed_42/lstm/adaptive_ldp/fixed_attacker/classification_report.txt,186,,,source_artifact_referenced,False,keep,Required canonical delivery/code/documentation file.
outputs/experiments/casas_hh101/seed_42/lstm/adaptive_ldp/fixed_attacker/confusion.json,15515,,,source_artifact_referenced,True,keep,Referenced by final summaries or delivery documentation.
outputs/experiments/casas_hh101/seed_42/lstm/adaptive_ldp/fixed_attacker/defense_report.json,5293,,,source_artifact_referenced,True,keep,Referenced by final summaries or delivery documentation.
outputs/experiments/casas_hh101/seed_42/lstm/adaptive_ldp/fixed_attacker/metrics.json,15515,,,source_artifact_referenced,False,keep,Required canonical delivery/code/documentation file.
outputs/experiments/casas_hh101/seed_42/lstm/adaptive_ldp/fixed_attacker/parameter_scan/comparison_results.csv,2765,,,source_artifact_referenced,True,keep,Referenced by final summaries or delivery documentation.
outputs/experiments/casas_hh101/seed_42/lstm/adaptive_ldp/fixed_attacker/parameter_scan/plot_accuracy.png,65089,,,source_artifact_referenced,False,keep,Required canonical delivery/code/documentation file.
outputs/experiments/casas_hh101/seed_42/lstm/adaptive_ldp/fixed_attacker/parameter_scan/plot_distortion.png,59891,,,source_artifact_referenced,False,keep,Required canonical delivery/code/documentation file.
outputs/experiments/casas_hh101/seed_42/lstm/adaptive_ldp/fixed_attacker/parameter_scan/profile_config.json,1620,,,source_artifact_referenced,False,keep,Required canonical delivery/code/documentation file.
outputs/experiments/casas_hh101/seed_42/lstm/adaptive_ldp/fixed_attacker/parameter_scan/scan_summary.json,464,,,source_artifact_referenced,False,keep,Required canonical delivery/code/documentation file.
outputs/experiments/casas_hh101/seed_42/lstm/adaptive_ldp/fixed_attacker/parameter_scan/scan_trace.json,321,,,source_artifact_referenced,False,keep,Required canonical delivery/code/documentation file.
outputs/experiments/casas_hh101/seed_42/lstm/adaptive_ldp/fixed_attacker/source_manifest.json,1719,,,source_artifact_referenced,False,keep,Required canonical delivery/code/documentation file.
outputs/experiments/casas_hh101/seed_42/lstm/adaptive_ldp/fixed_attacker/trace.json,397,,,source_artifact_referenced,False,keep,Required canonical delivery/code/documentation file.
outputs/experiments/casas_hh101/seed_42/lstm/adaptive_ldp/retrain_attacker/classification_report.txt,188,,,source_artifact_referenced,False,keep,Required canonical delivery/code/documentation file.
outputs/experiments/casas_hh101/seed_42/lstm/adaptive_ldp/retrain_attacker/confusion.json,15373,,,source_artifact_referenced,True,keep,Referenced by final summaries or delivery documentation.
outputs/experiments/casas_hh101/seed_42/lstm/adaptive_ldp/retrain_attacker/defense_report.json,5293,,,source_artifact_referenced,True,keep,Referenced by final summaries or delivery documentation.
outputs/experiments/casas_hh101/seed_42/lstm/adaptive_ldp/retrain_attacker/metrics.json,15373,,,source_artifact_referenced,False,keep,Required canonical delivery/code/documentation file.
outputs/experiments/casas_hh101/seed_42/lstm/adaptive_ldp/retrain_attacker/parameter_scan/comparison_results.csv,2795,,,source_artifact_referenced,True,keep,Referenced by final summaries or delivery documentation.
outputs/experiments/casas_hh101/seed_42/lstm/adaptive_ldp/retrain_attacker/parameter_scan/plot_accuracy.png,72511,,,source_artifact_referenced,False,keep,Required canonical delivery/code/documentation file.
outputs/experiments/casas_hh101/seed_42/lstm/adaptive_ldp/retrain_attacker/parameter_scan/plot_distortion.png,59891,,,source_artifact_referenced,False,keep,Required canonical delivery/code/documentation file.
outputs/experiments/casas_hh101/seed_42/lstm/adaptive_ldp/retrain_attacker/parameter_scan/profile_config.json,1620,,,source_artifact_referenced,False,keep,Required canonical delivery/code/documentation file.
outputs/experiments/casas_hh101/seed_42/lstm/adaptive_ldp/retrain_attacker/parameter_scan/scan_summary.json,470,,,source_artifact_referenced,False,keep,Required canonical delivery/code/documentation file.
outputs/experiments/casas_hh101/seed_42/lstm/adaptive_ldp/retrain_attacker/parameter_scan/scan_trace.json,325,,,source_artifact_referenced,False,keep,Required canonical delivery/code/documentation file.
outputs/experiments/casas_hh101/seed_42/lstm/adaptive_ldp/retrain_attacker/source_manifest.json,1741,,,source_artifact_referenced,False,keep,Required canonical delivery/code/documentation file.
outputs/experiments/casas_hh101/seed_42/lstm/adaptive_ldp/retrain_attacker/trace.json,401,,,source_artifact_referenced,False,keep,Required canonical delivery/code/documentation file.
outputs/experiments/casas_hh101/seed_42/lstm/baseline/baseline_classification_report.txt,195,,,source_artifact_referenced,False,keep,Required canonical delivery/code/documentation file.
outputs/experiments/casas_hh101/seed_42/lstm/baseline/baseline_confusion.json,15351,,,source_artifact_referenced,True,keep,Referenced by final summaries or delivery documentation.
outputs/experiments/casas_hh101/seed_42/lstm/baseline/baseline_metrics.json,15351,,,source_artifact_referenced,False,keep,Required canonical delivery/code/documentation file.
outputs/experiments/casas_hh101/seed_42/lstm/baseline/source_manifest.json,530,,,source_artifact_referenced,False,keep,Required canonical delivery/code/documentation file.
outputs/experiments/casas_hh101/seed_42/lstm/ldp/fixed_attacker/classification_report.txt,177,,,source_artifact_referenced,False,keep,Required canonical delivery/code/documentation file.
outputs/experiments/casas_hh101/seed_42/lstm/ldp/fixed_attacker/confusion.json,15353,,,source_artifact_referenced,True,keep,Referenced by final summaries or delivery documentation.
outputs/experiments/casas_hh101/seed_42/lstm/ldp/fixed_attacker/defense_report.json,5314,,,source_artifact_referenced,True,keep,Referenced by final summaries or delivery documentation.
outputs/experiments/casas_hh101/seed_42/lstm/ldp/fixed_attacker/metrics.json,15353,,,source_artifact_referenced,False,keep,Required canonical delivery/code/documentation file.
outputs/experiments/casas_hh101/seed_42/lstm/ldp/fixed_attacker/parameter_scan/comparison_results.csv,2080,,,source_artifact_referenced,True,keep,Referenced by final summaries or delivery documentation.
outputs/experiments/casas_hh101/seed_42/lstm/ldp/fixed_attacker/parameter_scan/plot_accuracy.png,45971,,,source_artifact_referenced,False,keep,Required canonical delivery/code/documentation file.
outputs/experiments/casas_hh101/seed_42/lstm/ldp/fixed_attacker/parameter_scan/plot_distortion.png,27529,,,source_artifact_referenced,False,keep,Required canonical delivery/code/documentation file.
outputs/experiments/casas_hh101/seed_42/lstm/ldp/fixed_attacker/parameter_scan/scan_summary.json,437,,,source_artifact_referenced,False,keep,Required canonical delivery/code/documentation file.
outputs/experiments/casas_hh101/seed_42/lstm/ldp/fixed_attacker/parameter_scan/scan_trace.json,303,,,source_artifact_referenced,False,keep,Required canonical delivery/code/documentation file.
outputs/experiments/casas_hh101/seed_42/lstm/ldp/fixed_attacker/source_manifest.json,1620,,,source_artifact_referenced,False,keep,Required canonical delivery/code/documentation file.
outputs/experiments/casas_hh101/seed_42/lstm/ldp/fixed_attacker/trace.json,379,,,source_artifact_referenced,False,keep,Required canonical delivery/code/documentation file.
outputs/experiments/casas_hh101/seed_42/lstm/ldp/retrain_attacker/classification_report.txt,179,,,source_artifact_referenced,False,keep,Required canonical delivery/code/documentation file.
outputs/experiments/casas_hh101/seed_42/lstm/ldp/retrain_attacker/confusion.json,15426,,,source_artifact_referenced,True,keep,Referenced by final summaries or delivery documentation.
outputs/experiments/casas_hh101/seed_42/lstm/ldp/retrain_attacker/defense_report.json,5314,,,source_artifact_referenced,True,keep,Referenced by final summaries or delivery documentation.
outputs/experiments/casas_hh101/seed_42/lstm/ldp/retrain_attacker/metrics.json,15426,,,source_artifact_referenced,False,keep,Required canonical delivery/code/documentation file.
outputs/experiments/casas_hh101/seed_42/lstm/ldp/retrain_attacker/parameter_scan/comparison_results.csv,2104,,,source_artifact_referenced,True,keep,Referenced by final summaries or delivery documentation.
outputs/experiments/casas_hh101/seed_42/lstm/ldp/retrain_attacker/parameter_scan/plot_accuracy.png,40142,,,source_artifact_referenced,False,keep,Required canonical delivery/code/documentation file.
outputs/experiments/casas_hh101/seed_42/lstm/ldp/retrain_attacker/parameter_scan/plot_distortion.png,30052,,,source_artifact_referenced,False,keep,Required canonical delivery/code/documentation file.
outputs/experiments/casas_hh101/seed_42/lstm/ldp/retrain_attacker/parameter_scan/scan_summary.json,443,,,source_artifact_referenced,False,keep,Required canonical delivery/code/documentation file.
outputs/experiments/casas_hh101/seed_42/lstm/ldp/retrain_attacker/parameter_scan/scan_trace.json,307,,,source_artifact_referenced,False,keep,Required canonical delivery/code/documentation file.
outputs/experiments/casas_hh101/seed_42/lstm/ldp/retrain_attacker/source_manifest.json,1642,,,source_artifact_referenced,False,keep,Required canonical delivery/code/documentation file.
outputs/experiments/casas_hh101/seed_42/lstm/ldp/retrain_attacker/trace.json,383,,,source_artifact_referenced,False,keep,Required canonical delivery/code/documentation file.
outputs/experiments/casas_hh101/seed_42/lstm/noise/fixed_attacker/classification_report.txt,179,,,source_artifact_referenced,False,keep,Required canonical delivery/code/documentation file.
outputs/experiments/casas_hh101/seed_42/lstm/noise/fixed_attacker/confusion.json,15496,,,source_artifact_referenced,True,keep,Referenced by final summaries or delivery documentation.
outputs/experiments/casas_hh101/seed_42/lstm/noise/fixed_attacker/defense_report.json,5260,,,source_artifact_referenced,True,keep,Referenced by final summaries or delivery documentation.
outputs/experiments/casas_hh101/seed_42/lstm/noise/fixed_attacker/metrics.json,15496,,,source_artifact_referenced,False,keep,Required canonical delivery/code/documentation file.
outputs/experiments/casas_hh101/seed_42/lstm/noise/fixed_attacker/parameter_scan/comparison_results.csv,1759,,,source_artifact_referenced,True,keep,Referenced by final summaries or delivery documentation.
outputs/experiments/casas_hh101/seed_42/lstm/noise/fixed_attacker/parameter_scan/plot_distortion.png,55490,,,source_artifact_referenced,False,keep,Required canonical delivery/code/documentation file.
outputs/experiments/casas_hh101/seed_42/lstm/noise/fixed_attacker/parameter_scan/scan_summary.json,443,,,source_artifact_referenced,False,keep,Required canonical delivery/code/documentation file.
outputs/experiments/casas_hh101/seed_42/lstm/noise/fixed_attacker/parameter_scan/scan_trace.json,307,,,source_artifact_referenced,False,keep,Required canonical delivery/code/documentation file.
outputs/experiments/casas_hh101/seed_42/lstm/noise/fixed_attacker/source_manifest.json,1642,,,source_artifact_referenced,False,keep,Required canonical delivery/code/documentation file.
outputs/experiments/casas_hh101/seed_42/lstm/noise/fixed_attacker/trace.json,383,,,source_artifact_referenced,False,keep,Required canonical delivery/code/documentation file.
outputs/experiments/casas_hh101/seed_42/lstm/noise/retrain_attacker/classification_report.txt,181,,,source_artifact_referenced,False,keep,Required canonical delivery/code/documentation file.
outputs/experiments/casas_hh101/seed_42/lstm/noise/retrain_attacker/confusion.json,15402,,,source_artifact_referenced,True,keep,Referenced by final summaries or delivery documentation.
outputs/experiments/casas_hh101/seed_42/lstm/noise/retrain_attacker/defense_report.json,5260,,,source_artifact_referenced,True,keep,Referenced by final summaries or delivery documentation.
outputs/experiments/casas_hh101/seed_42/lstm/noise/retrain_attacker/metrics.json,15402,,,source_artifact_referenced,False,keep,Required canonical delivery/code/documentation file.
outputs/experiments/casas_hh101/seed_42/lstm/noise/retrain_attacker/parameter_scan/comparison_results.csv,1778,,,source_artifact_referenced,True,keep,Referenced by final summaries or delivery documentation.
outputs/experiments/casas_hh101/seed_42/lstm/noise/retrain_attacker/parameter_scan/plot_accuracy.png,40733,,,source_artifact_referenced,False,keep,Required canonical delivery/code/documentation file.
outputs/experiments/casas_hh101/seed_42/lstm/noise/retrain_attacker/parameter_scan/plot_distortion.png,38893,,,source_artifact_referenced,False,keep,Required canonical delivery/code/documentation file.
outputs/experiments/casas_hh101/seed_42/lstm/noise/retrain_attacker/parameter_scan/scan_summary.json,449,,,source_artifact_referenced,False,keep,Required canonical delivery/code/documentation file.
outputs/experiments/casas_hh101/seed_42/lstm/noise/retrain_attacker/parameter_scan/scan_trace.json,311,,,source_artifact_referenced,False,keep,Required canonical delivery/code/documentation file.
outputs/experiments/casas_hh101/seed_42/lstm/noise/retrain_attacker/source_manifest.json,1664,,,source_artifact_referenced,False,keep,Required canonical delivery/code/documentation file.
outputs/experiments/casas_hh101/seed_42/lstm/noise/retrain_attacker/trace.json,387,,,source_artifact_referenced,False,keep,Required canonical delivery/code/documentation file.
outputs/experiments/casas_hh101/seed_42/mlp/adaptive_ldp/fixed_attacker/classification_report.txt,185,,,source_artifact_referenced,False,keep,Required canonical delivery/code/documentation file.
outputs/experiments/casas_hh101/seed_42/mlp/adaptive_ldp/fixed_attacker/confusion.json,14952,,,source_artifact_referenced,True,keep,Referenced by final summaries or delivery documentation.
outputs/experiments/casas_hh101/seed_42/mlp/adaptive_ldp/fixed_attacker/defense_report.json,5293,,,source_artifact_referenced,True,keep,Referenced by final summaries or delivery documentation.
outputs/experiments/casas_hh101/seed_42/mlp/adaptive_ldp/fixed_attacker/metrics.json,14952,,,source_artifact_referenced,False,keep,Required canonical delivery/code/documentation file.
outputs/experiments/casas_hh101/seed_42/mlp/adaptive_ldp/fixed_attacker/parameter_scan/comparison_results.csv,2752,,,source_artifact_referenced,True,keep,Referenced by final summaries or delivery documentation.
outputs/experiments/casas_hh101/seed_42/mlp/adaptive_ldp/fixed_attacker/parameter_scan/plot_accuracy.png,65425,,,source_artifact_referenced,False,keep,Required canonical delivery/code/documentation file.
outputs/experiments/casas_hh101/seed_42/mlp/adaptive_ldp/fixed_attacker/parameter_scan/plot_distortion.png,59891,,,source_artifact_referenced,False,keep,Required canonical delivery/code/documentation file.
outputs/experiments/casas_hh101/seed_42/mlp/adaptive_ldp/fixed_attacker/parameter_scan/profile_config.json,1620,,,source_artifact_referenced,False,keep,Required canonical delivery/code/documentation file.
outputs/experiments/casas_hh101/seed_42/mlp/adaptive_ldp/fixed_attacker/parameter_scan/scan_summary.json,461,,,source_artifact_referenced,False,keep,Required canonical delivery/code/documentation file.
outputs/experiments/casas_hh101/seed_42/mlp/adaptive_ldp/fixed_attacker/parameter_scan/scan_trace.json,319,,,source_artifact_referenced,False,keep,Required canonical delivery/code/documentation file.
outputs/experiments/casas_hh101/seed_42/mlp/adaptive_ldp/fixed_attacker/source_manifest.json,1707,,,source_artifact_referenced,False,keep,Required canonical delivery/code/documentation file.
outputs/experiments/casas_hh101/seed_42/mlp/adaptive_ldp/fixed_attacker/trace.json,396,,,source_artifact_referenced,False,keep,Required canonical delivery/code/documentation file.
outputs/experiments/casas_hh101/seed_42/mlp/adaptive_ldp/retrain_attacker/classification_report.txt,187,,,source_artifact_referenced,False,keep,Required canonical delivery/code/documentation file.
outputs/experiments/casas_hh101/seed_42/mlp/adaptive_ldp/retrain_attacker/confusion.json,15317,,,source_artifact_referenced,True,keep,Referenced by final summaries or delivery documentation.
outputs/experiments/casas_hh101/seed_42/mlp/adaptive_ldp/retrain_attacker/defense_report.json,5293,,,source_artifact_referenced,True,keep,Referenced by final summaries or delivery documentation.
outputs/experiments/casas_hh101/seed_42/mlp/adaptive_ldp/retrain_attacker/metrics.json,15317,,,source_artifact_referenced,False,keep,Required canonical delivery/code/documentation file.
outputs/experiments/casas_hh101/seed_42/mlp/adaptive_ldp/retrain_attacker/parameter_scan/comparison_results.csv,2752,,,source_artifact_referenced,True,keep,Referenced by final summaries or delivery documentation.
outputs/experiments/casas_hh101/seed_42/mlp/adaptive_ldp/retrain_attacker/parameter_scan/plot_accuracy.png,67827,,,source_artifact_referenced,False,keep,Required canonical delivery/code/documentation file.
outputs/experiments/casas_hh101/seed_42/mlp/adaptive_ldp/retrain_attacker/parameter_scan/plot_distortion.png,59891,,,source_artifact_referenced,False,keep,Required canonical delivery/code/documentation file.
outputs/experiments/casas_hh101/seed_42/mlp/adaptive_ldp/retrain_attacker/parameter_scan/profile_config.json,1620,,,source_artifact_referenced,False,keep,Required canonical delivery/code/documentation file.
outputs/experiments/casas_hh101/seed_42/mlp/adaptive_ldp/retrain_attacker/parameter_scan/scan_summary.json,467,,,source_artifact_referenced,False,keep,Required canonical delivery/code/documentation file.
outputs/experiments/casas_hh101/seed_42/mlp/adaptive_ldp/retrain_attacker/parameter_scan/scan_trace.json,323,,,source_artifact_referenced,False,keep,Required canonical delivery/code/documentation file.
outputs/experiments/casas_hh101/seed_42/mlp/adaptive_ldp/retrain_attacker/source_manifest.json,1729,,,source_artifact_referenced,False,keep,Required canonical delivery/code/documentation file.
outputs/experiments/casas_hh101/seed_42/mlp/adaptive_ldp/retrain_attacker/trace.json,400,,,source_artifact_referenced,False,keep,Required canonical delivery/code/documentation file.
outputs/experiments/casas_hh101/seed_42/mlp/baseline/baseline_classification_report.txt,198,,,source_artifact_referenced,False,keep,Required canonical delivery/code/documentation file.
outputs/experiments/casas_hh101/seed_42/mlp/baseline/baseline_confusion.json,15449,,,source_artifact_referenced,True,keep,Referenced by final summaries or delivery documentation.
outputs/experiments/casas_hh101/seed_42/mlp/baseline/baseline_metrics.json,15449,,,source_artifact_referenced,False,keep,Required canonical delivery/code/documentation file.
outputs/experiments/casas_hh101/seed_42/mlp/baseline/source_manifest.json,527,,,source_artifact_referenced,False,keep,Required canonical delivery/code/documentation file.
outputs/experiments/casas_hh101/seed_42/mlp/ldp/fixed_attacker/classification_report.txt,176,,,source_artifact_referenced,False,keep,Required canonical delivery/code/documentation file.
outputs/experiments/casas_hh101/seed_42/mlp/ldp/fixed_attacker/confusion.json,14981,,,source_artifact_referenced,True,keep,Referenced by final summaries or delivery documentation.
outputs/experiments/casas_hh101/seed_42/mlp/ldp/fixed_attacker/defense_report.json,5314,,,source_artifact_referenced,True,keep,Referenced by final summaries or delivery documentation.
outputs/experiments/casas_hh101/seed_42/mlp/ldp/fixed_attacker/metrics.json,14981,,,source_artifact_referenced,False,keep,Required canonical delivery/code/documentation file.
outputs/experiments/casas_hh101/seed_42/mlp/ldp/fixed_attacker/parameter_scan/comparison_results.csv,2070,,,source_artifact_referenced,True,keep,Referenced by final summaries or delivery documentation.
outputs/experiments/casas_hh101/seed_42/mlp/ldp/fixed_attacker/parameter_scan/plot_accuracy.png,36681,,,source_artifact_referenced,False,keep,Required canonical delivery/code/documentation file.
outputs/experiments/casas_hh101/seed_42/mlp/ldp/fixed_attacker/parameter_scan/plot_distortion.png,30052,,,source_artifact_referenced,False,keep,Required canonical delivery/code/documentation file.
outputs/experiments/casas_hh101/seed_42/mlp/ldp/fixed_attacker/parameter_scan/scan_summary.json,434,,,source_artifact_referenced,False,keep,Required canonical delivery/code/documentation file.
outputs/experiments/casas_hh101/seed_42/mlp/ldp/fixed_attacker/parameter_scan/scan_trace.json,301,,,source_artifact_referenced,False,keep,Required canonical delivery/code/documentation file.
outputs/experiments/casas_hh101/seed_42/mlp/ldp/fixed_attacker/source_manifest.json,1608,,,source_artifact_referenced,False,keep,Required canonical delivery/code/documentation file.
outputs/experiments/casas_hh101/seed_42/mlp/ldp/fixed_attacker/trace.json,378,,,source_artifact_referenced,False,keep,Required canonical delivery/code/documentation file.
outputs/experiments/casas_hh101/seed_42/mlp/ldp/retrain_attacker/classification_report.txt,178,,,source_artifact_referenced,False,keep,Required canonical delivery/code/documentation file.
outputs/experiments/casas_hh101/seed_42/mlp/ldp/retrain_attacker/confusion.json,15332,,,source_artifact_referenced,True,keep,Referenced by final summaries or delivery documentation.
outputs/experiments/casas_hh101/seed_42/mlp/ldp/retrain_attacker/defense_report.json,5314,,,source_artifact_referenced,True,keep,Referenced by final summaries or delivery documentation.
outputs/experiments/casas_hh101/seed_42/mlp/ldp/retrain_attacker/metrics.json,15332,,,source_artifact_referenced,False,keep,Required canonical delivery/code/documentation file.
outputs/experiments/casas_hh101/seed_42/mlp/ldp/retrain_attacker/parameter_scan/comparison_results.csv,2057,,,source_artifact_referenced,True,keep,Referenced by final summaries or delivery documentation.
outputs/experiments/casas_hh101/seed_42/mlp/ldp/retrain_attacker/parameter_scan/plot_accuracy.png,34257,,,source_artifact_referenced,False,keep,Required canonical delivery/code/documentation file.
outputs/experiments/casas_hh101/seed_42/mlp/ldp/retrain_attacker/parameter_scan/plot_distortion.png,30052,,,source_artifact_referenced,False,keep,Required canonical delivery/code/documentation file.
outputs/experiments/casas_hh101/seed_42/mlp/ldp/retrain_attacker/parameter_scan/scan_summary.json,440,,,source_artifact_referenced,False,keep,Required canonical delivery/code/documentation file.
outputs/experiments/casas_hh101/seed_42/mlp/ldp/retrain_attacker/parameter_scan/scan_trace.json,305,,,source_artifact_referenced,False,keep,Required canonical delivery/code/documentation file.
outputs/experiments/casas_hh101/seed_42/mlp/ldp/retrain_attacker/source_manifest.json,1630,,,source_artifact_referenced,False,keep,Required canonical delivery/code/documentation file.
outputs/experiments/casas_hh101/seed_42/mlp/ldp/retrain_attacker/trace.json,382,,,source_artifact_referenced,False,keep,Required canonical delivery/code/documentation file.
outputs/experiments/casas_hh101/seed_42/mlp/noise/fixed_attacker/classification_report.txt,178,,,source_artifact_referenced,False,keep,Required canonical delivery/code/documentation file.
outputs/experiments/casas_hh101/seed_42/mlp/noise/fixed_attacker/confusion.json,14905,,,source_artifact_referenced,True,keep,Referenced by final summaries or delivery documentation.
outputs/experiments/casas_hh101/seed_42/mlp/noise/fixed_attacker/defense_report.json,5260,,,source_artifact_referenced,True,keep,Referenced by final summaries or delivery documentation.
outputs/experiments/casas_hh101/seed_42/mlp/noise/fixed_attacker/metrics.json,14905,,,source_artifact_referenced,False,keep,Required canonical delivery/code/documentation file.
outputs/experiments/casas_hh101/seed_42/mlp/noise/fixed_attacker/parameter_scan/comparison_results.csv,1754,,,source_artifact_referenced,True,keep,Referenced by final summaries or delivery documentation.
outputs/experiments/casas_hh101/seed_42/mlp/noise/fixed_attacker/parameter_scan/plot_accuracy.png,42001,,,source_artifact_referenced,False,keep,Required canonical delivery/code/documentation file.
outputs/experiments/casas_hh101/seed_42/mlp/noise/fixed_attacker/parameter_scan/plot_distortion.png,38893,,,source_artifact_referenced,False,keep,Required canonical delivery/code/documentation file.
outputs/experiments/casas_hh101/seed_42/mlp/noise/fixed_attacker/parameter_scan/scan_summary.json,440,,,source_artifact_referenced,False,keep,Required canonical delivery/code/documentation file.
outputs/experiments/casas_hh101/seed_42/mlp/noise/fixed_attacker/parameter_scan/scan_trace.json,305,,,source_artifact_referenced,False,keep,Required canonical delivery/code/documentation file.
outputs/experiments/casas_hh101/seed_42/mlp/noise/fixed_attacker/source_manifest.json,1630,,,source_artifact_referenced,False,keep,Required canonical delivery/code/documentation file.
outputs/experiments/casas_hh101/seed_42/mlp/noise/fixed_attacker/trace.json,382,,,source_artifact_referenced,False,keep,Required canonical delivery/code/documentation file.
outputs/experiments/casas_hh101/seed_42/mlp/noise/retrain_attacker/classification_report.txt,180,,,source_artifact_referenced,False,keep,Required canonical delivery/code/documentation file.
outputs/experiments/casas_hh101/seed_42/mlp/noise/retrain_attacker/confusion.json,15379,,,source_artifact_referenced,True,keep,Referenced by final summaries or delivery documentation.
outputs/experiments/casas_hh101/seed_42/mlp/noise/retrain_attacker/defense_report.json,5260,,,source_artifact_referenced,True,keep,Referenced by final summaries or delivery documentation.
outputs/experiments/casas_hh101/seed_42/mlp/noise/retrain_attacker/metrics.json,15379,,,source_artifact_referenced,False,keep,Required canonical delivery/code/documentation file.
outputs/experiments/casas_hh101/seed_42/mlp/noise/retrain_attacker/parameter_scan/comparison_results.csv,1760,,,source_artifact_referenced,True,keep,Referenced by final summaries or delivery documentation.
outputs/experiments/casas_hh101/seed_42/mlp/noise/retrain_attacker/parameter_scan/plot_accuracy.png,50874,,,source_artifact_referenced,False,keep,Required canonical delivery/code/documentation file.
outputs/experiments/casas_hh101/seed_42/mlp/noise/retrain_attacker/parameter_scan/plot_distortion.png,38893,,,source_artifact_referenced,False,keep,Required canonical delivery/code/documentation file.
outputs/experiments/casas_hh101/seed_42/mlp/noise/retrain_attacker/parameter_scan/scan_summary.json,446,,,source_artifact_referenced,False,keep,Required canonical delivery/code/documentation file.
outputs/experiments/casas_hh101/seed_42/mlp/noise/retrain_attacker/parameter_scan/scan_trace.json,309,,,source_artifact_referenced,False,keep,Required canonical delivery/code/documentation file.
outputs/experiments/casas_hh101/seed_42/mlp/noise/retrain_attacker/source_manifest.json,1652,,,source_artifact_referenced,False,keep,Required canonical delivery/code/documentation file.
outputs/experiments/casas_hh101/seed_42/mlp/noise/retrain_attacker/trace.json,386,,,source_artifact_referenced,False,keep,Required canonical delivery/code/documentation file.
outputs/experiments/cooja/eval/defense_eval_report.json,44165,,,source_artifact_referenced,False,keep,path_hygiene_issue; Required canonical delivery/code/documentation file. Contains local path content that should be reviewed.
outputs/experiments/cooja/seed_123/random_forest/dummy_adaptive_ldp/fixed_attacker/metrics.json,585,,,source_artifact_referenced,False,keep,path_hygiene_issue; Required canonical delivery/code/documentation file. Contains local path content that should be reviewed.
outputs/experiments/cooja/seed_123/random_forest/dummy_adaptive_ldp/fixed_attacker/source_manifest.json,690,,,source_artifact_referenced,False,keep,Required canonical delivery/code/documentation file.
outputs/experiments/cooja/seed_123/random_forest/dummy_adaptive_ldp/retrain_attacker/metrics.json,585,,,source_artifact_referenced,False,keep,path_hygiene_issue; Required canonical delivery/code/documentation file. Contains local path content that should be reviewed.
outputs/experiments/cooja/seed_123/random_forest/dummy_adaptive_ldp/retrain_attacker/source_manifest.json,694,,,source_artifact_referenced,False,keep,Required canonical delivery/code/documentation file.
outputs/experiments/cooja/seed_123/random_forest/dummy_ldp/fixed_attacker/metrics.json,565,,,source_artifact_referenced,False,keep,path_hygiene_issue; Required canonical delivery/code/documentation file. Contains local path content that should be reviewed.
outputs/experiments/cooja/seed_123/random_forest/dummy_ldp/fixed_attacker/source_manifest.json,672,,,source_artifact_referenced,False,keep,Required canonical delivery/code/documentation file.
outputs/experiments/cooja/seed_123/random_forest/dummy_ldp/retrain_attacker/metrics.json,566,,,source_artifact_referenced,False,keep,path_hygiene_issue; Required canonical delivery/code/documentation file. Contains local path content that should be reviewed.
outputs/experiments/cooja/seed_123/random_forest/dummy_ldp/retrain_attacker/source_manifest.json,676,,,source_artifact_referenced,False,keep,Required canonical delivery/code/documentation file.
outputs/experiments/cooja/seed_123/random_forest/dummy_noise/fixed_attacker/metrics.json,572,,,source_artifact_referenced,False,keep,path_hygiene_issue; Required canonical delivery/code/documentation file. Contains local path content that should be reviewed.
outputs/experiments/cooja/seed_123/random_forest/dummy_noise/fixed_attacker/source_manifest.json,676,,,source_artifact_referenced,False,keep,Required canonical delivery/code/documentation file.
outputs/experiments/cooja/seed_123/random_forest/dummy_noise/retrain_attacker/metrics.json,574,,,source_artifact_referenced,False,keep,path_hygiene_issue; Required canonical delivery/code/documentation file. Contains local path content that should be reviewed.
outputs/experiments/cooja/seed_123/random_forest/dummy_noise/retrain_attacker/source_manifest.json,680,,,source_artifact_referenced,False,keep,Required canonical delivery/code/documentation file.
outputs/experiments/cooja/seed_2026/random_forest/dummy_adaptive_ldp/fixed_attacker/metrics.json,584,,,source_artifact_referenced,False,keep,path_hygiene_issue; Required canonical delivery/code/documentation file. Contains local path content that should be reviewed.
outputs/experiments/cooja/seed_2026/random_forest/dummy_adaptive_ldp/fixed_attacker/source_manifest.json,692,,,source_artifact_referenced,False,keep,Required canonical delivery/code/documentation file.
outputs/experiments/cooja/seed_2026/random_forest/dummy_adaptive_ldp/retrain_attacker/metrics.json,589,,,source_artifact_referenced,False,keep,path_hygiene_issue; Required canonical delivery/code/documentation file. Contains local path content that should be reviewed.
outputs/experiments/cooja/seed_2026/random_forest/dummy_adaptive_ldp/retrain_attacker/source_manifest.json,696,,,source_artifact_referenced,False,keep,Required canonical delivery/code/documentation file.
outputs/experiments/cooja/seed_2026/random_forest/dummy_ldp/fixed_attacker/metrics.json,565,,,source_artifact_referenced,False,keep,path_hygiene_issue; Required canonical delivery/code/documentation file. Contains local path content that should be reviewed.
outputs/experiments/cooja/seed_2026/random_forest/dummy_ldp/fixed_attacker/source_manifest.json,674,,,source_artifact_referenced,False,keep,Required canonical delivery/code/documentation file.
outputs/experiments/cooja/seed_2026/random_forest/dummy_ldp/retrain_attacker/metrics.json,569,,,source_artifact_referenced,False,keep,path_hygiene_issue; Required canonical delivery/code/documentation file. Contains local path content that should be reviewed.
outputs/experiments/cooja/seed_2026/random_forest/dummy_ldp/retrain_attacker/source_manifest.json,678,,,source_artifact_referenced,False,keep,Required canonical delivery/code/documentation file.
outputs/experiments/cooja/seed_2026/random_forest/dummy_noise/fixed_attacker/metrics.json,572,,,source_artifact_referenced,False,keep,path_hygiene_issue; Required canonical delivery/code/documentation file. Contains local path content that should be reviewed.
outputs/experiments/cooja/seed_2026/random_forest/dummy_noise/fixed_attacker/source_manifest.json,678,,,source_artifact_referenced,False,keep,Required canonical delivery/code/documentation file.
outputs/experiments/cooja/seed_2026/random_forest/dummy_noise/retrain_attacker/metrics.json,576,,,source_artifact_referenced,False,keep,path_hygiene_issue; Required canonical delivery/code/documentation file. Contains local path content that should be reviewed.
outputs/experiments/cooja/seed_2026/random_forest/dummy_noise/retrain_attacker/source_manifest.json,682,,,source_artifact_referenced,False,keep,Required canonical delivery/code/documentation file.
outputs/experiments/cooja/seed_42/random_forest/dummy_adaptive_ldp/fixed_attacker/metrics.json,581,,,source_artifact_referenced,False,keep,path_hygiene_issue; Required canonical delivery/code/documentation file. Contains local path content that should be reviewed.
outputs/experiments/cooja/seed_42/random_forest/dummy_adaptive_ldp/fixed_attacker/source_manifest.json,688,,,source_artifact_referenced,False,keep,Required canonical delivery/code/documentation file.
outputs/experiments/cooja/seed_42/random_forest/dummy_adaptive_ldp/retrain_attacker/metrics.json,585,,,source_artifact_referenced,False,keep,path_hygiene_issue; Required canonical delivery/code/documentation file. Contains local path content that should be reviewed.
outputs/experiments/cooja/seed_42/random_forest/dummy_adaptive_ldp/retrain_attacker/source_manifest.json,692,,,source_artifact_referenced,False,keep,Required canonical delivery/code/documentation file.
outputs/experiments/cooja/seed_42/random_forest/dummy_ldp/fixed_attacker/metrics.json,565,,,source_artifact_referenced,False,keep,path_hygiene_issue; Required canonical delivery/code/documentation file. Contains local path content that should be reviewed.
outputs/experiments/cooja/seed_42/random_forest/dummy_ldp/fixed_attacker/source_manifest.json,670,,,source_artifact_referenced,False,keep,Required canonical delivery/code/documentation file.
outputs/experiments/cooja/seed_42/random_forest/dummy_ldp/retrain_attacker/metrics.json,567,,,source_artifact_referenced,False,keep,path_hygiene_issue; Required canonical delivery/code/documentation file. Contains local path content that should be reviewed.
outputs/experiments/cooja/seed_42/random_forest/dummy_ldp/retrain_attacker/source_manifest.json,674,,,source_artifact_referenced,False,keep,Required canonical delivery/code/documentation file.
outputs/experiments/cooja/seed_42/random_forest/dummy_noise/fixed_attacker/metrics.json,570,,,source_artifact_referenced,False,keep,path_hygiene_issue; Required canonical delivery/code/documentation file. Contains local path content that should be reviewed.
outputs/experiments/cooja/seed_42/random_forest/dummy_noise/fixed_attacker/source_manifest.json,674,,,source_artifact_referenced,False,keep,Required canonical delivery/code/documentation file.
outputs/experiments/cooja/seed_42/random_forest/dummy_noise/retrain_attacker/metrics.json,573,,,source_artifact_referenced,False,keep,path_hygiene_issue; Required canonical delivery/code/documentation file. Contains local path content that should be reviewed.
outputs/experiments/cooja/seed_42/random_forest/dummy_noise/retrain_attacker/source_manifest.json,678,,,source_artifact_referenced,False,keep,Required canonical delivery/code/documentation file.
outputs/experiments/kasteren/seed_123/lstm/adaptive_ldp/fixed_attacker/classification_report.txt,184,,,source_artifact_referenced,False,keep,Required canonical delivery/code/documentation file.
outputs/experiments/kasteren/seed_123/lstm/adaptive_ldp/fixed_attacker/confusion.json,33010,,,source_artifact_referenced,True,keep,Referenced by final summaries or delivery documentation.
outputs/experiments/kasteren/seed_123/lstm/adaptive_ldp/fixed_attacker/defense_report.json,5434,,,source_artifact_referenced,True,keep,Referenced by final summaries or delivery documentation.
outputs/experiments/kasteren/seed_123/lstm/adaptive_ldp/fixed_attacker/metrics.json,33010,,,source_artifact_referenced,False,keep,Required canonical delivery/code/documentation file.
outputs/experiments/kasteren/seed_123/lstm/adaptive_ldp/fixed_attacker/parameter_scan/comparison_results.csv,2740,,,source_artifact_referenced,True,keep,Referenced by final summaries or delivery documentation.
outputs/experiments/kasteren/seed_123/lstm/adaptive_ldp/fixed_attacker/parameter_scan/plot_accuracy.png,58886,,,source_artifact_referenced,False,keep,Required canonical delivery/code/documentation file.
outputs/experiments/kasteren/seed_123/lstm/adaptive_ldp/fixed_attacker/parameter_scan/plot_distortion.png,53099,,,source_artifact_referenced,False,keep,Required canonical delivery/code/documentation file.
outputs/experiments/kasteren/seed_123/lstm/adaptive_ldp/fixed_attacker/parameter_scan/profile_config.json,1620,,,source_artifact_referenced,False,keep,Required canonical delivery/code/documentation file.
outputs/experiments/kasteren/seed_123/lstm/adaptive_ldp/fixed_attacker/parameter_scan/scan_summary.json,458,,,source_artifact_referenced,False,keep,Required canonical delivery/code/documentation file.
outputs/experiments/kasteren/seed_123/lstm/adaptive_ldp/fixed_attacker/parameter_scan/scan_trace.json,317,,,source_artifact_referenced,False,keep,Required canonical delivery/code/documentation file.
outputs/experiments/kasteren/seed_123/lstm/adaptive_ldp/fixed_attacker/source_manifest.json,1695,,,source_artifact_referenced,False,keep,Required canonical delivery/code/documentation file.
outputs/experiments/kasteren/seed_123/lstm/adaptive_ldp/fixed_attacker/trace.json,393,,,source_artifact_referenced,False,keep,Required canonical delivery/code/documentation file.
outputs/experiments/kasteren/seed_123/lstm/adaptive_ldp/retrain_attacker/classification_report.txt,186,,,source_artifact_referenced,False,keep,Required canonical delivery/code/documentation file.
outputs/experiments/kasteren/seed_123/lstm/adaptive_ldp/retrain_attacker/confusion.json,33038,,,source_artifact_referenced,True,keep,Referenced by final summaries or delivery documentation.
outputs/experiments/kasteren/seed_123/lstm/adaptive_ldp/retrain_attacker/defense_report.json,5434,,,source_artifact_referenced,True,keep,Referenced by final summaries or delivery documentation.
outputs/experiments/kasteren/seed_123/lstm/adaptive_ldp/retrain_attacker/metrics.json,33038,,,source_artifact_referenced,False,keep,Required canonical delivery/code/documentation file.
outputs/experiments/kasteren/seed_123/lstm/adaptive_ldp/retrain_attacker/parameter_scan/comparison_results.csv,2769,,,source_artifact_referenced,True,keep,Referenced by final summaries or delivery documentation.
outputs/experiments/kasteren/seed_123/lstm/adaptive_ldp/retrain_attacker/parameter_scan/plot_accuracy.png,58718,,,source_artifact_referenced,False,keep,Required canonical delivery/code/documentation file.
outputs/experiments/kasteren/seed_123/lstm/adaptive_ldp/retrain_attacker/parameter_scan/plot_distortion.png,53099,,,source_artifact_referenced,False,keep,Required canonical delivery/code/documentation file.
outputs/experiments/kasteren/seed_123/lstm/adaptive_ldp/retrain_attacker/parameter_scan/profile_config.json,1620,,,source_artifact_referenced,False,keep,Required canonical delivery/code/documentation file.
outputs/experiments/kasteren/seed_123/lstm/adaptive_ldp/retrain_attacker/parameter_scan/scan_summary.json,464,,,source_artifact_referenced,False,keep,Required canonical delivery/code/documentation file.
outputs/experiments/kasteren/seed_123/lstm/adaptive_ldp/retrain_attacker/parameter_scan/scan_trace.json,321,,,source_artifact_referenced,False,keep,Required canonical delivery/code/documentation file.
outputs/experiments/kasteren/seed_123/lstm/adaptive_ldp/retrain_attacker/source_manifest.json,1717,,,source_artifact_referenced,False,keep,Required canonical delivery/code/documentation file.
outputs/experiments/kasteren/seed_123/lstm/adaptive_ldp/retrain_attacker/trace.json,397,,,source_artifact_referenced,False,keep,Required canonical delivery/code/documentation file.
outputs/experiments/kasteren/seed_123/lstm/baseline/baseline_classification_report.txt,196,,,source_artifact_referenced,False,keep,Required canonical delivery/code/documentation file.
outputs/experiments/kasteren/seed_123/lstm/baseline/baseline_confusion.json,33141,,,source_artifact_referenced,True,keep,Referenced by final summaries or delivery documentation.
outputs/experiments/kasteren/seed_123/lstm/baseline/baseline_metrics.json,33141,,,source_artifact_referenced,False,keep,Required canonical delivery/code/documentation file.
outputs/experiments/kasteren/seed_123/lstm/baseline/source_manifest.json,524,,,source_artifact_referenced,False,keep,Required canonical delivery/code/documentation file.
outputs/experiments/kasteren/seed_123/lstm/ldp/fixed_attacker/classification_report.txt,175,,,source_artifact_referenced,False,keep,Required canonical delivery/code/documentation file.
outputs/experiments/kasteren/seed_123/lstm/ldp/fixed_attacker/confusion.json,32983,,,source_artifact_referenced,True,keep,Referenced by final summaries or delivery documentation.
outputs/experiments/kasteren/seed_123/lstm/ldp/fixed_attacker/defense_report.json,5424,,,source_artifact_referenced,True,keep,Referenced by final summaries or delivery documentation.
outputs/experiments/kasteren/seed_123/lstm/ldp/fixed_attacker/metrics.json,32983,,,source_artifact_referenced,False,keep,Required canonical delivery/code/documentation file.
outputs/experiments/kasteren/seed_123/lstm/ldp/fixed_attacker/parameter_scan/comparison_results.csv,2058,,,source_artifact_referenced,True,keep,Referenced by final summaries or delivery documentation.
outputs/experiments/kasteren/seed_123/lstm/ldp/fixed_attacker/parameter_scan/plot_accuracy.png,48309,,,source_artifact_referenced,False,keep,Required canonical delivery/code/documentation file.
outputs/experiments/kasteren/seed_123/lstm/ldp/fixed_attacker/parameter_scan/plot_distortion.png,27616,,,source_artifact_referenced,False,keep,Required canonical delivery/code/documentation file.
outputs/experiments/kasteren/seed_123/lstm/ldp/fixed_attacker/parameter_scan/scan_summary.json,431,,,source_artifact_referenced,False,keep,Required canonical delivery/code/documentation file.
outputs/experiments/kasteren/seed_123/lstm/ldp/fixed_attacker/parameter_scan/scan_trace.json,299,,,source_artifact_referenced,False,keep,Required canonical delivery/code/documentation file.
outputs/experiments/kasteren/seed_123/lstm/ldp/fixed_attacker/source_manifest.json,1596,,,source_artifact_referenced,False,keep,Required canonical delivery/code/documentation file.
outputs/experiments/kasteren/seed_123/lstm/ldp/fixed_attacker/trace.json,375,,,source_artifact_referenced,False,keep,Required canonical delivery/code/documentation file.
outputs/experiments/kasteren/seed_123/lstm/ldp/retrain_attacker/classification_report.txt,177,,,source_artifact_referenced,False,keep,Required canonical delivery/code/documentation file.
outputs/experiments/kasteren/seed_123/lstm/ldp/retrain_attacker/confusion.json,33024,,,source_artifact_referenced,True,keep,Referenced by final summaries or delivery documentation.
outputs/experiments/kasteren/seed_123/lstm/ldp/retrain_attacker/defense_report.json,5424,,,source_artifact_referenced,True,keep,Referenced by final summaries or delivery documentation.
outputs/experiments/kasteren/seed_123/lstm/ldp/retrain_attacker/metrics.json,33024,,,source_artifact_referenced,False,keep,Required canonical delivery/code/documentation file.
outputs/experiments/kasteren/seed_123/lstm/ldp/retrain_attacker/parameter_scan/comparison_results.csv,2088,,,source_artifact_referenced,True,keep,Referenced by final summaries or delivery documentation.
outputs/experiments/kasteren/seed_123/lstm/ldp/retrain_attacker/parameter_scan/plot_accuracy.png,32530,,,source_artifact_referenced,False,keep,Required canonical delivery/code/documentation file.
outputs/experiments/kasteren/seed_123/lstm/ldp/retrain_attacker/parameter_scan/plot_distortion.png,30021,,,source_artifact_referenced,False,keep,Required canonical delivery/code/documentation file.
outputs/experiments/kasteren/seed_123/lstm/ldp/retrain_attacker/parameter_scan/scan_summary.json,437,,,source_artifact_referenced,False,keep,Required canonical delivery/code/documentation file.
outputs/experiments/kasteren/seed_123/lstm/ldp/retrain_attacker/parameter_scan/scan_trace.json,303,,,source_artifact_referenced,False,keep,Required canonical delivery/code/documentation file.
outputs/experiments/kasteren/seed_123/lstm/ldp/retrain_attacker/source_manifest.json,1618,,,source_artifact_referenced,False,keep,Required canonical delivery/code/documentation file.
outputs/experiments/kasteren/seed_123/lstm/ldp/retrain_attacker/trace.json,379,,,source_artifact_referenced,False,keep,Required canonical delivery/code/documentation file.
outputs/experiments/kasteren/seed_123/lstm/noise/fixed_attacker/classification_report.txt,177,,,source_artifact_referenced,False,keep,Required canonical delivery/code/documentation file.
outputs/experiments/kasteren/seed_123/lstm/noise/fixed_attacker/confusion.json,33110,,,source_artifact_referenced,True,keep,Referenced by final summaries or delivery documentation.
outputs/experiments/kasteren/seed_123/lstm/noise/fixed_attacker/defense_report.json,5427,,,source_artifact_referenced,True,keep,Referenced by final summaries or delivery documentation.
outputs/experiments/kasteren/seed_123/lstm/noise/fixed_attacker/metrics.json,33110,,,source_artifact_referenced,False,keep,Required canonical delivery/code/documentation file.
outputs/experiments/kasteren/seed_123/lstm/noise/fixed_attacker/parameter_scan/comparison_results.csv,1731,,,source_artifact_referenced,True,keep,Referenced by final summaries or delivery documentation.
outputs/experiments/kasteren/seed_123/lstm/noise/fixed_attacker/parameter_scan/plot_distortion.png,59669,,,source_artifact_referenced,False,keep,Required canonical delivery/code/documentation file.
outputs/experiments/kasteren/seed_123/lstm/noise/fixed_attacker/parameter_scan/scan_summary.json,437,,,source_artifact_referenced,False,keep,Required canonical delivery/code/documentation file.
outputs/experiments/kasteren/seed_123/lstm/noise/fixed_attacker/parameter_scan/scan_trace.json,303,,,source_artifact_referenced,False,keep,Required canonical delivery/code/documentation file.
outputs/experiments/kasteren/seed_123/lstm/noise/fixed_attacker/source_manifest.json,1618,,,source_artifact_referenced,False,keep,Required canonical delivery/code/documentation file.
outputs/experiments/kasteren/seed_123/lstm/noise/fixed_attacker/trace.json,379,,,source_artifact_referenced,False,keep,Required canonical delivery/code/documentation file.
outputs/experiments/kasteren/seed_123/lstm/noise/retrain_attacker/classification_report.txt,179,,,source_artifact_referenced,False,keep,Required canonical delivery/code/documentation file.
outputs/experiments/kasteren/seed_123/lstm/noise/retrain_attacker/confusion.json,33063,,,source_artifact_referenced,True,keep,Referenced by final summaries or delivery documentation.
outputs/experiments/kasteren/seed_123/lstm/noise/retrain_attacker/defense_report.json,5427,,,source_artifact_referenced,True,keep,Referenced by final summaries or delivery documentation.
outputs/experiments/kasteren/seed_123/lstm/noise/retrain_attacker/metrics.json,33063,,,source_artifact_referenced,False,keep,Required canonical delivery/code/documentation file.
outputs/experiments/kasteren/seed_123/lstm/noise/retrain_attacker/parameter_scan/comparison_results.csv,1756,,,source_artifact_referenced,True,keep,Referenced by final summaries or delivery documentation.
outputs/experiments/kasteren/seed_123/lstm/noise/retrain_attacker/parameter_scan/plot_accuracy.png,39219,,,source_artifact_referenced,False,keep,Required canonical delivery/code/documentation file.
outputs/experiments/kasteren/seed_123/lstm/noise/retrain_attacker/parameter_scan/plot_distortion.png,38443,,,source_artifact_referenced,False,keep,Required canonical delivery/code/documentation file.
outputs/experiments/kasteren/seed_123/lstm/noise/retrain_attacker/parameter_scan/scan_summary.json,443,,,source_artifact_referenced,False,keep,Required canonical delivery/code/documentation file.
outputs/experiments/kasteren/seed_123/lstm/noise/retrain_attacker/parameter_scan/scan_trace.json,307,,,source_artifact_referenced,False,keep,Required canonical delivery/code/documentation file.
outputs/experiments/kasteren/seed_123/lstm/noise/retrain_attacker/source_manifest.json,1640,,,source_artifact_referenced,False,keep,Required canonical delivery/code/documentation file.
outputs/experiments/kasteren/seed_123/lstm/noise/retrain_attacker/trace.json,383,,,source_artifact_referenced,False,keep,Required canonical delivery/code/documentation file.
outputs/experiments/kasteren/seed_123/mlp/adaptive_ldp/fixed_attacker/classification_report.txt,183,,,source_artifact_referenced,False,keep,Required canonical delivery/code/documentation file.
outputs/experiments/kasteren/seed_123/mlp/adaptive_ldp/fixed_attacker/confusion.json,32962,,,source_artifact_referenced,True,keep,Referenced by final summaries or delivery documentation.
outputs/experiments/kasteren/seed_123/mlp/adaptive_ldp/fixed_attacker/defense_report.json,5434,,,source_artifact_referenced,True,keep,Referenced by final summaries or delivery documentation.
outputs/experiments/kasteren/seed_123/mlp/adaptive_ldp/fixed_attacker/metrics.json,32962,,,source_artifact_referenced,False,keep,Required canonical delivery/code/documentation file.
outputs/experiments/kasteren/seed_123/mlp/adaptive_ldp/fixed_attacker/parameter_scan/comparison_results.csv,2729,,,source_artifact_referenced,True,keep,Referenced by final summaries or delivery documentation.
outputs/experiments/kasteren/seed_123/mlp/adaptive_ldp/fixed_attacker/parameter_scan/plot_accuracy.png,62663,,,source_artifact_referenced,False,keep,Required canonical delivery/code/documentation file.
outputs/experiments/kasteren/seed_123/mlp/adaptive_ldp/fixed_attacker/parameter_scan/plot_distortion.png,53099,,,source_artifact_referenced,False,keep,Required canonical delivery/code/documentation file.
outputs/experiments/kasteren/seed_123/mlp/adaptive_ldp/fixed_attacker/parameter_scan/profile_config.json,1620,,,source_artifact_referenced,False,keep,Required canonical delivery/code/documentation file.
outputs/experiments/kasteren/seed_123/mlp/adaptive_ldp/fixed_attacker/parameter_scan/scan_summary.json,455,,,source_artifact_referenced,False,keep,Required canonical delivery/code/documentation file.
outputs/experiments/kasteren/seed_123/mlp/adaptive_ldp/fixed_attacker/parameter_scan/scan_trace.json,315,,,source_artifact_referenced,False,keep,Required canonical delivery/code/documentation file.
outputs/experiments/kasteren/seed_123/mlp/adaptive_ldp/fixed_attacker/source_manifest.json,1683,,,source_artifact_referenced,False,keep,Required canonical delivery/code/documentation file.
outputs/experiments/kasteren/seed_123/mlp/adaptive_ldp/fixed_attacker/trace.json,392,,,source_artifact_referenced,False,keep,Required canonical delivery/code/documentation file.
outputs/experiments/kasteren/seed_123/mlp/adaptive_ldp/retrain_attacker/classification_report.txt,185,,,source_artifact_referenced,False,keep,Required canonical delivery/code/documentation file.
outputs/experiments/kasteren/seed_123/mlp/adaptive_ldp/retrain_attacker/confusion.json,32991,,,source_artifact_referenced,True,keep,Referenced by final summaries or delivery documentation.
outputs/experiments/kasteren/seed_123/mlp/adaptive_ldp/retrain_attacker/defense_report.json,5434,,,source_artifact_referenced,True,keep,Referenced by final summaries or delivery documentation.
outputs/experiments/kasteren/seed_123/mlp/adaptive_ldp/retrain_attacker/metrics.json,32991,,,source_artifact_referenced,False,keep,Required canonical delivery/code/documentation file.
outputs/experiments/kasteren/seed_123/mlp/adaptive_ldp/retrain_attacker/parameter_scan/comparison_results.csv,2758,,,source_artifact_referenced,True,keep,Referenced by final summaries or delivery documentation.
outputs/experiments/kasteren/seed_123/mlp/adaptive_ldp/retrain_attacker/parameter_scan/plot_accuracy.png,56057,,,source_artifact_referenced,False,keep,Required canonical delivery/code/documentation file.
outputs/experiments/kasteren/seed_123/mlp/adaptive_ldp/retrain_attacker/parameter_scan/plot_distortion.png,53099,,,source_artifact_referenced,False,keep,Required canonical delivery/code/documentation file.
outputs/experiments/kasteren/seed_123/mlp/adaptive_ldp/retrain_attacker/parameter_scan/profile_config.json,1620,,,source_artifact_referenced,False,keep,Required canonical delivery/code/documentation file.
outputs/experiments/kasteren/seed_123/mlp/adaptive_ldp/retrain_attacker/parameter_scan/scan_summary.json,461,,,source_artifact_referenced,False,keep,Required canonical delivery/code/documentation file.
outputs/experiments/kasteren/seed_123/mlp/adaptive_ldp/retrain_attacker/parameter_scan/scan_trace.json,319,,,source_artifact_referenced,False,keep,Required canonical delivery/code/documentation file.
outputs/experiments/kasteren/seed_123/mlp/adaptive_ldp/retrain_attacker/source_manifest.json,1705,,,source_artifact_referenced,False,keep,Required canonical delivery/code/documentation file.
outputs/experiments/kasteren/seed_123/mlp/adaptive_ldp/retrain_attacker/trace.json,396,,,source_artifact_referenced,False,keep,Required canonical delivery/code/documentation file.
outputs/experiments/kasteren/seed_123/mlp/baseline/baseline_classification_report.txt,196,,,source_artifact_referenced,False,keep,Required canonical delivery/code/documentation file.
outputs/experiments/kasteren/seed_123/mlp/baseline/baseline_confusion.json,33032,,,source_artifact_referenced,True,keep,Referenced by final summaries or delivery documentation.
outputs/experiments/kasteren/seed_123/mlp/baseline/baseline_metrics.json,33032,,,source_artifact_referenced,False,keep,Required canonical delivery/code/documentation file.
outputs/experiments/kasteren/seed_123/mlp/baseline/source_manifest.json,521,,,source_artifact_referenced,False,keep,Required canonical delivery/code/documentation file.
outputs/experiments/kasteren/seed_123/mlp/ldp/fixed_attacker/classification_report.txt,174,,,source_artifact_referenced,False,keep,Required canonical delivery/code/documentation file.
outputs/experiments/kasteren/seed_123/mlp/ldp/fixed_attacker/confusion.json,32966,,,source_artifact_referenced,True,keep,Referenced by final summaries or delivery documentation.
outputs/experiments/kasteren/seed_123/mlp/ldp/fixed_attacker/defense_report.json,5424,,,source_artifact_referenced,True,keep,Referenced by final summaries or delivery documentation.
outputs/experiments/kasteren/seed_123/mlp/ldp/fixed_attacker/metrics.json,32966,,,source_artifact_referenced,False,keep,Required canonical delivery/code/documentation file.
outputs/experiments/kasteren/seed_123/mlp/ldp/fixed_attacker/parameter_scan/comparison_results.csv,2052,,,source_artifact_referenced,True,keep,Referenced by final summaries or delivery documentation.
outputs/experiments/kasteren/seed_123/mlp/ldp/fixed_attacker/parameter_scan/plot_accuracy.png,40800,,,source_artifact_referenced,False,keep,Required canonical delivery/code/documentation file.
outputs/experiments/kasteren/seed_123/mlp/ldp/fixed_attacker/parameter_scan/plot_distortion.png,30021,,,source_artifact_referenced,False,keep,Required canonical delivery/code/documentation file.
outputs/experiments/kasteren/seed_123/mlp/ldp/fixed_attacker/parameter_scan/scan_summary.json,428,,,source_artifact_referenced,False,keep,Required canonical delivery/code/documentation file.
outputs/experiments/kasteren/seed_123/mlp/ldp/fixed_attacker/parameter_scan/scan_trace.json,297,,,source_artifact_referenced,False,keep,Required canonical delivery/code/documentation file.
outputs/experiments/kasteren/seed_123/mlp/ldp/fixed_attacker/source_manifest.json,1584,,,source_artifact_referenced,False,keep,Required canonical delivery/code/documentation file.
outputs/experiments/kasteren/seed_123/mlp/ldp/fixed_attacker/trace.json,374,,,source_artifact_referenced,False,keep,Required canonical delivery/code/documentation file.
outputs/experiments/kasteren/seed_123/mlp/ldp/retrain_attacker/classification_report.txt,176,,,source_artifact_referenced,False,keep,Required canonical delivery/code/documentation file.
outputs/experiments/kasteren/seed_123/mlp/ldp/retrain_attacker/confusion.json,32973,,,source_artifact_referenced,True,keep,Referenced by final summaries or delivery documentation.
outputs/experiments/kasteren/seed_123/mlp/ldp/retrain_attacker/defense_report.json,5424,,,source_artifact_referenced,True,keep,Referenced by final summaries or delivery documentation.
outputs/experiments/kasteren/seed_123/mlp/ldp/retrain_attacker/metrics.json,32973,,,source_artifact_referenced,False,keep,Required canonical delivery/code/documentation file.
outputs/experiments/kasteren/seed_123/mlp/ldp/retrain_attacker/parameter_scan/comparison_results.csv,2045,,,source_artifact_referenced,True,keep,Referenced by final summaries or delivery documentation.
outputs/experiments/kasteren/seed_123/mlp/ldp/retrain_attacker/parameter_scan/plot_accuracy.png,37204,,,source_artifact_referenced,False,keep,Required canonical delivery/code/documentation file.
outputs/experiments/kasteren/seed_123/mlp/ldp/retrain_attacker/parameter_scan/plot_distortion.png,30021,,,source_artifact_referenced,False,keep,Required canonical delivery/code/documentation file.
outputs/experiments/kasteren/seed_123/mlp/ldp/retrain_attacker/parameter_scan/scan_summary.json,434,,,source_artifact_referenced,False,keep,Required canonical delivery/code/documentation file.
outputs/experiments/kasteren/seed_123/mlp/ldp/retrain_attacker/parameter_scan/scan_trace.json,301,,,source_artifact_referenced,False,keep,Required canonical delivery/code/documentation file.
outputs/experiments/kasteren/seed_123/mlp/ldp/retrain_attacker/source_manifest.json,1606,,,source_artifact_referenced,False,keep,Required canonical delivery/code/documentation file.
outputs/experiments/kasteren/seed_123/mlp/ldp/retrain_attacker/trace.json,378,,,source_artifact_referenced,False,keep,Required canonical delivery/code/documentation file.
outputs/experiments/kasteren/seed_123/mlp/noise/fixed_attacker/classification_report.txt,176,,,source_artifact_referenced,False,keep,Required canonical delivery/code/documentation file.
outputs/experiments/kasteren/seed_123/mlp/noise/fixed_attacker/confusion.json,32959,,,source_artifact_referenced,True,keep,Referenced by final summaries or delivery documentation.
outputs/experiments/kasteren/seed_123/mlp/noise/fixed_attacker/defense_report.json,5427,,,source_artifact_referenced,True,keep,Referenced by final summaries or delivery documentation.
outputs/experiments/kasteren/seed_123/mlp/noise/fixed_attacker/metrics.json,32959,,,source_artifact_referenced,False,keep,Required canonical delivery/code/documentation file.
outputs/experiments/kasteren/seed_123/mlp/noise/fixed_attacker/parameter_scan/comparison_results.csv,1733,,,source_artifact_referenced,True,keep,Referenced by final summaries or delivery documentation.
outputs/experiments/kasteren/seed_123/mlp/noise/fixed_attacker/parameter_scan/plot_accuracy.png,31752,,,source_artifact_referenced,False,keep,Required canonical delivery/code/documentation file.
outputs/experiments/kasteren/seed_123/mlp/noise/fixed_attacker/parameter_scan/plot_distortion.png,38443,,,source_artifact_referenced,False,keep,Required canonical delivery/code/documentation file.
outputs/experiments/kasteren/seed_123/mlp/noise/fixed_attacker/parameter_scan/scan_summary.json,434,,,source_artifact_referenced,False,keep,Required canonical delivery/code/documentation file.
outputs/experiments/kasteren/seed_123/mlp/noise/fixed_attacker/parameter_scan/scan_trace.json,301,,,source_artifact_referenced,False,keep,Required canonical delivery/code/documentation file.
outputs/experiments/kasteren/seed_123/mlp/noise/fixed_attacker/source_manifest.json,1606,,,source_artifact_referenced,False,keep,Required canonical delivery/code/documentation file.
outputs/experiments/kasteren/seed_123/mlp/noise/fixed_attacker/trace.json,378,,,source_artifact_referenced,False,keep,Required canonical delivery/code/documentation file.
outputs/experiments/kasteren/seed_123/mlp/noise/retrain_attacker/classification_report.txt,178,,,source_artifact_referenced,False,keep,Required canonical delivery/code/documentation file.
outputs/experiments/kasteren/seed_123/mlp/noise/retrain_attacker/confusion.json,32982,,,source_artifact_referenced,True,keep,Referenced by final summaries or delivery documentation.
outputs/experiments/kasteren/seed_123/mlp/noise/retrain_attacker/defense_report.json,5427,,,source_artifact_referenced,True,keep,Referenced by final summaries or delivery documentation.
outputs/experiments/kasteren/seed_123/mlp/noise/retrain_attacker/metrics.json,32982,,,source_artifact_referenced,False,keep,Required canonical delivery/code/documentation file.
outputs/experiments/kasteren/seed_123/mlp/noise/retrain_attacker/parameter_scan/comparison_results.csv,1750,,,source_artifact_referenced,True,keep,Referenced by final summaries or delivery documentation.
outputs/experiments/kasteren/seed_123/mlp/noise/retrain_attacker/parameter_scan/plot_accuracy.png,44785,,,source_artifact_referenced,False,keep,Required canonical delivery/code/documentation file.
outputs/experiments/kasteren/seed_123/mlp/noise/retrain_attacker/parameter_scan/plot_distortion.png,38443,,,source_artifact_referenced,False,keep,Required canonical delivery/code/documentation file.
outputs/experiments/kasteren/seed_123/mlp/noise/retrain_attacker/parameter_scan/scan_summary.json,440,,,source_artifact_referenced,False,keep,Required canonical delivery/code/documentation file.
outputs/experiments/kasteren/seed_123/mlp/noise/retrain_attacker/parameter_scan/scan_trace.json,305,,,source_artifact_referenced,False,keep,Required canonical delivery/code/documentation file.
outputs/experiments/kasteren/seed_123/mlp/noise/retrain_attacker/source_manifest.json,1628,,,source_artifact_referenced,False,keep,Required canonical delivery/code/documentation file.
outputs/experiments/kasteren/seed_123/mlp/noise/retrain_attacker/trace.json,382,,,source_artifact_referenced,False,keep,Required canonical delivery/code/documentation file.
outputs/experiments/kasteren/seed_2026/lstm/adaptive_ldp/fixed_attacker/classification_report.txt,185,,,source_artifact_referenced,False,keep,Required canonical delivery/code/documentation file.
outputs/experiments/kasteren/seed_2026/lstm/adaptive_ldp/fixed_attacker/confusion.json,32985,,,source_artifact_referenced,True,keep,Referenced by final summaries or delivery documentation.
outputs/experiments/kasteren/seed_2026/lstm/adaptive_ldp/fixed_attacker/defense_report.json,5464,,,source_artifact_referenced,True,keep,Referenced by final summaries or delivery documentation.
outputs/experiments/kasteren/seed_2026/lstm/adaptive_ldp/fixed_attacker/metrics.json,32985,,,source_artifact_referenced,False,keep,Required canonical delivery/code/documentation file.
outputs/experiments/kasteren/seed_2026/lstm/adaptive_ldp/fixed_attacker/parameter_scan/comparison_results.csv,2764,,,source_artifact_referenced,True,keep,Referenced by final summaries or delivery documentation.
outputs/experiments/kasteren/seed_2026/lstm/adaptive_ldp/fixed_attacker/parameter_scan/plot_accuracy.png,60185,,,source_artifact_referenced,False,keep,Required canonical delivery/code/documentation file.
outputs/experiments/kasteren/seed_2026/lstm/adaptive_ldp/fixed_attacker/parameter_scan/plot_distortion.png,53059,,,source_artifact_referenced,False,keep,Required canonical delivery/code/documentation file.
outputs/experiments/kasteren/seed_2026/lstm/adaptive_ldp/fixed_attacker/parameter_scan/profile_config.json,1620,,,source_artifact_referenced,False,keep,Required canonical delivery/code/documentation file.
outputs/experiments/kasteren/seed_2026/lstm/adaptive_ldp/fixed_attacker/parameter_scan/scan_summary.json,461,,,source_artifact_referenced,False,keep,Required canonical delivery/code/documentation file.
outputs/experiments/kasteren/seed_2026/lstm/adaptive_ldp/fixed_attacker/parameter_scan/scan_trace.json,319,,,source_artifact_referenced,False,keep,Required canonical delivery/code/documentation file.
outputs/experiments/kasteren/seed_2026/lstm/adaptive_ldp/fixed_attacker/source_manifest.json,1707,,,source_artifact_referenced,False,keep,Required canonical delivery/code/documentation file.
outputs/experiments/kasteren/seed_2026/lstm/adaptive_ldp/fixed_attacker/trace.json,395,,,source_artifact_referenced,False,keep,Required canonical delivery/code/documentation file.
outputs/experiments/kasteren/seed_2026/lstm/adaptive_ldp/retrain_attacker/classification_report.txt,187,,,source_artifact_referenced,False,keep,Required canonical delivery/code/documentation file.
outputs/experiments/kasteren/seed_2026/lstm/adaptive_ldp/retrain_attacker/confusion.json,32993,,,source_artifact_referenced,True,keep,Referenced by final summaries or delivery documentation.
outputs/experiments/kasteren/seed_2026/lstm/adaptive_ldp/retrain_attacker/defense_report.json,5464,,,source_artifact_referenced,True,keep,Referenced by final summaries or delivery documentation.
outputs/experiments/kasteren/seed_2026/lstm/adaptive_ldp/retrain_attacker/metrics.json,32993,,,source_artifact_referenced,False,keep,Required canonical delivery/code/documentation file.
outputs/experiments/kasteren/seed_2026/lstm/adaptive_ldp/retrain_attacker/parameter_scan/comparison_results.csv,2786,,,source_artifact_referenced,True,keep,Referenced by final summaries or delivery documentation.
outputs/experiments/kasteren/seed_2026/lstm/adaptive_ldp/retrain_attacker/parameter_scan/plot_accuracy.png,62938,,,source_artifact_referenced,False,keep,Required canonical delivery/code/documentation file.
outputs/experiments/kasteren/seed_2026/lstm/adaptive_ldp/retrain_attacker/parameter_scan/plot_distortion.png,53059,,,source_artifact_referenced,False,keep,Required canonical delivery/code/documentation file.
outputs/experiments/kasteren/seed_2026/lstm/adaptive_ldp/retrain_attacker/parameter_scan/profile_config.json,1620,,,source_artifact_referenced,False,keep,Required canonical delivery/code/documentation file.
outputs/experiments/kasteren/seed_2026/lstm/adaptive_ldp/retrain_attacker/parameter_scan/scan_summary.json,467,,,source_artifact_referenced,False,keep,Required canonical delivery/code/documentation file.
outputs/experiments/kasteren/seed_2026/lstm/adaptive_ldp/retrain_attacker/parameter_scan/scan_trace.json,323,,,source_artifact_referenced,False,keep,Required canonical delivery/code/documentation file.
outputs/experiments/kasteren/seed_2026/lstm/adaptive_ldp/retrain_attacker/source_manifest.json,1729,,,source_artifact_referenced,False,keep,Required canonical delivery/code/documentation file.
outputs/experiments/kasteren/seed_2026/lstm/adaptive_ldp/retrain_attacker/trace.json,399,,,source_artifact_referenced,False,keep,Required canonical delivery/code/documentation file.
outputs/experiments/kasteren/seed_2026/lstm/baseline/baseline_classification_report.txt,197,,,source_artifact_referenced,False,keep,Required canonical delivery/code/documentation file.
outputs/experiments/kasteren/seed_2026/lstm/baseline/baseline_confusion.json,33103,,,source_artifact_referenced,True,keep,Referenced by final summaries or delivery documentation.
outputs/experiments/kasteren/seed_2026/lstm/baseline/baseline_metrics.json,33103,,,source_artifact_referenced,False,keep,Required canonical delivery/code/documentation file.
outputs/experiments/kasteren/seed_2026/lstm/baseline/source_manifest.json,527,,,source_artifact_referenced,False,keep,Required canonical delivery/code/documentation file.
outputs/experiments/kasteren/seed_2026/lstm/ldp/fixed_attacker/classification_report.txt,176,,,source_artifact_referenced,False,keep,Required canonical delivery/code/documentation file.
outputs/experiments/kasteren/seed_2026/lstm/ldp/fixed_attacker/confusion.json,32990,,,source_artifact_referenced,True,keep,Referenced by final summaries or delivery documentation.
outputs/experiments/kasteren/seed_2026/lstm/ldp/fixed_attacker/defense_report.json,5470,,,source_artifact_referenced,True,keep,Referenced by final summaries or delivery documentation.
outputs/experiments/kasteren/seed_2026/lstm/ldp/fixed_attacker/metrics.json,32990,,,source_artifact_referenced,False,keep,Required canonical delivery/code/documentation file.
outputs/experiments/kasteren/seed_2026/lstm/ldp/fixed_attacker/parameter_scan/comparison_results.csv,2078,,,source_artifact_referenced,True,keep,Referenced by final summaries or delivery documentation.
outputs/experiments/kasteren/seed_2026/lstm/ldp/fixed_attacker/parameter_scan/plot_accuracy.png,50721,,,source_artifact_referenced,False,keep,Required canonical delivery/code/documentation file.
outputs/experiments/kasteren/seed_2026/lstm/ldp/fixed_attacker/parameter_scan/plot_distortion.png,27583,,,source_artifact_referenced,False,keep,Required canonical delivery/code/documentation file.
outputs/experiments/kasteren/seed_2026/lstm/ldp/fixed_attacker/parameter_scan/scan_summary.json,434,,,source_artifact_referenced,False,keep,Required canonical delivery/code/documentation file.
outputs/experiments/kasteren/seed_2026/lstm/ldp/fixed_attacker/parameter_scan/scan_trace.json,301,,,source_artifact_referenced,False,keep,Required canonical delivery/code/documentation file.
outputs/experiments/kasteren/seed_2026/lstm/ldp/fixed_attacker/source_manifest.json,1608,,,source_artifact_referenced,False,keep,Required canonical delivery/code/documentation file.
outputs/experiments/kasteren/seed_2026/lstm/ldp/fixed_attacker/trace.json,377,,,source_artifact_referenced,False,keep,Required canonical delivery/code/documentation file.
outputs/experiments/kasteren/seed_2026/lstm/ldp/retrain_attacker/classification_report.txt,178,,,source_artifact_referenced,False,keep,Required canonical delivery/code/documentation file.
outputs/experiments/kasteren/seed_2026/lstm/ldp/retrain_attacker/confusion.json,32989,,,source_artifact_referenced,True,keep,Referenced by final summaries or delivery documentation.
outputs/experiments/kasteren/seed_2026/lstm/ldp/retrain_attacker/defense_report.json,5470,,,source_artifact_referenced,True,keep,Referenced by final summaries or delivery documentation.
outputs/experiments/kasteren/seed_2026/lstm/ldp/retrain_attacker/metrics.json,32989,,,source_artifact_referenced,False,keep,Required canonical delivery/code/documentation file.
outputs/experiments/kasteren/seed_2026/lstm/ldp/retrain_attacker/parameter_scan/comparison_results.csv,2109,,,source_artifact_referenced,True,keep,Referenced by final summaries or delivery documentation.
outputs/experiments/kasteren/seed_2026/lstm/ldp/retrain_attacker/parameter_scan/plot_accuracy.png,37977,,,source_artifact_referenced,False,keep,Required canonical delivery/code/documentation file.
outputs/experiments/kasteren/seed_2026/lstm/ldp/retrain_attacker/parameter_scan/plot_distortion.png,29981,,,source_artifact_referenced,False,keep,Required canonical delivery/code/documentation file.
outputs/experiments/kasteren/seed_2026/lstm/ldp/retrain_attacker/parameter_scan/scan_summary.json,440,,,source_artifact_referenced,False,keep,Required canonical delivery/code/documentation file.
outputs/experiments/kasteren/seed_2026/lstm/ldp/retrain_attacker/parameter_scan/scan_trace.json,305,,,source_artifact_referenced,False,keep,Required canonical delivery/code/documentation file.
outputs/experiments/kasteren/seed_2026/lstm/ldp/retrain_attacker/source_manifest.json,1630,,,source_artifact_referenced,False,keep,Required canonical delivery/code/documentation file.
outputs/experiments/kasteren/seed_2026/lstm/ldp/retrain_attacker/trace.json,381,,,source_artifact_referenced,False,keep,Required canonical delivery/code/documentation file.
outputs/experiments/kasteren/seed_2026/lstm/noise/fixed_attacker/classification_report.txt,178,,,source_artifact_referenced,False,keep,Required canonical delivery/code/documentation file.
outputs/experiments/kasteren/seed_2026/lstm/noise/fixed_attacker/confusion.json,33035,,,source_artifact_referenced,True,keep,Referenced by final summaries or delivery documentation.
outputs/experiments/kasteren/seed_2026/lstm/noise/fixed_attacker/defense_report.json,5455,,,source_artifact_referenced,True,keep,Referenced by final summaries or delivery documentation.
outputs/experiments/kasteren/seed_2026/lstm/noise/fixed_attacker/metrics.json,33035,,,source_artifact_referenced,False,keep,Required canonical delivery/code/documentation file.
outputs/experiments/kasteren/seed_2026/lstm/noise/fixed_attacker/parameter_scan/comparison_results.csv,1751,,,source_artifact_referenced,True,keep,Referenced by final summaries or delivery documentation.
outputs/experiments/kasteren/seed_2026/lstm/noise/fixed_attacker/parameter_scan/plot_distortion.png,57847,,,source_artifact_referenced,False,keep,Required canonical delivery/code/documentation file.
outputs/experiments/kasteren/seed_2026/lstm/noise/fixed_attacker/parameter_scan/scan_summary.json,440,,,source_artifact_referenced,False,keep,Required canonical delivery/code/documentation file.
outputs/experiments/kasteren/seed_2026/lstm/noise/fixed_attacker/parameter_scan/scan_trace.json,305,,,source_artifact_referenced,False,keep,Required canonical delivery/code/documentation file.
outputs/experiments/kasteren/seed_2026/lstm/noise/fixed_attacker/source_manifest.json,1630,,,source_artifact_referenced,False,keep,Required canonical delivery/code/documentation file.
outputs/experiments/kasteren/seed_2026/lstm/noise/fixed_attacker/trace.json,381,,,source_artifact_referenced,False,keep,Required canonical delivery/code/documentation file.
outputs/experiments/kasteren/seed_2026/lstm/noise/retrain_attacker/classification_report.txt,180,,,source_artifact_referenced,False,keep,Required canonical delivery/code/documentation file.
outputs/experiments/kasteren/seed_2026/lstm/noise/retrain_attacker/confusion.json,32989,,,source_artifact_referenced,True,keep,Referenced by final summaries or delivery documentation.
outputs/experiments/kasteren/seed_2026/lstm/noise/retrain_attacker/defense_report.json,5455,,,source_artifact_referenced,True,keep,Referenced by final summaries or delivery documentation.
outputs/experiments/kasteren/seed_2026/lstm/noise/retrain_attacker/metrics.json,32989,,,source_artifact_referenced,False,keep,Required canonical delivery/code/documentation file.
outputs/experiments/kasteren/seed_2026/lstm/noise/retrain_attacker/parameter_scan/comparison_results.csv,1770,,,source_artifact_referenced,True,keep,Referenced by final summaries or delivery documentation.
outputs/experiments/kasteren/seed_2026/lstm/noise/retrain_attacker/parameter_scan/plot_accuracy.png,38531,,,source_artifact_referenced,False,keep,Required canonical delivery/code/documentation file.
outputs/experiments/kasteren/seed_2026/lstm/noise/retrain_attacker/parameter_scan/plot_distortion.png,38406,,,source_artifact_referenced,False,keep,Required canonical delivery/code/documentation file.
outputs/experiments/kasteren/seed_2026/lstm/noise/retrain_attacker/parameter_scan/scan_summary.json,446,,,source_artifact_referenced,False,keep,Required canonical delivery/code/documentation file.
outputs/experiments/kasteren/seed_2026/lstm/noise/retrain_attacker/parameter_scan/scan_trace.json,309,,,source_artifact_referenced,False,keep,Required canonical delivery/code/documentation file.
outputs/experiments/kasteren/seed_2026/lstm/noise/retrain_attacker/source_manifest.json,1652,,,source_artifact_referenced,False,keep,Required canonical delivery/code/documentation file.
outputs/experiments/kasteren/seed_2026/lstm/noise/retrain_attacker/trace.json,385,,,source_artifact_referenced,False,keep,Required canonical delivery/code/documentation file.
outputs/experiments/kasteren/seed_2026/mlp/adaptive_ldp/fixed_attacker/classification_report.txt,184,,,source_artifact_referenced,False,keep,Required canonical delivery/code/documentation file.
outputs/experiments/kasteren/seed_2026/mlp/adaptive_ldp/fixed_attacker/confusion.json,32980,,,source_artifact_referenced,True,keep,Referenced by final summaries or delivery documentation.
outputs/experiments/kasteren/seed_2026/mlp/adaptive_ldp/fixed_attacker/defense_report.json,5464,,,source_artifact_referenced,True,keep,Referenced by final summaries or delivery documentation.
outputs/experiments/kasteren/seed_2026/mlp/adaptive_ldp/fixed_attacker/metrics.json,32980,,,source_artifact_referenced,False,keep,Required canonical delivery/code/documentation file.
outputs/experiments/kasteren/seed_2026/mlp/adaptive_ldp/fixed_attacker/parameter_scan/comparison_results.csv,2754,,,source_artifact_referenced,True,keep,Referenced by final summaries or delivery documentation.
outputs/experiments/kasteren/seed_2026/mlp/adaptive_ldp/fixed_attacker/parameter_scan/plot_accuracy.png,58759,,,source_artifact_referenced,False,keep,Required canonical delivery/code/documentation file.
outputs/experiments/kasteren/seed_2026/mlp/adaptive_ldp/fixed_attacker/parameter_scan/plot_distortion.png,53059,,,source_artifact_referenced,False,keep,Required canonical delivery/code/documentation file.
outputs/experiments/kasteren/seed_2026/mlp/adaptive_ldp/fixed_attacker/parameter_scan/profile_config.json,1620,,,source_artifact_referenced,False,keep,Required canonical delivery/code/documentation file.
outputs/experiments/kasteren/seed_2026/mlp/adaptive_ldp/fixed_attacker/parameter_scan/scan_summary.json,458,,,source_artifact_referenced,False,keep,Required canonical delivery/code/documentation file.
outputs/experiments/kasteren/seed_2026/mlp/adaptive_ldp/fixed_attacker/parameter_scan/scan_trace.json,317,,,source_artifact_referenced,False,keep,Required canonical delivery/code/documentation file.
outputs/experiments/kasteren/seed_2026/mlp/adaptive_ldp/fixed_attacker/source_manifest.json,1695,,,source_artifact_referenced,False,keep,Required canonical delivery/code/documentation file.
outputs/experiments/kasteren/seed_2026/mlp/adaptive_ldp/fixed_attacker/trace.json,394,,,source_artifact_referenced,False,keep,Required canonical delivery/code/documentation file.
outputs/experiments/kasteren/seed_2026/mlp/adaptive_ldp/retrain_attacker/classification_report.txt,186,,,source_artifact_referenced,False,keep,Required canonical delivery/code/documentation file.
outputs/experiments/kasteren/seed_2026/mlp/adaptive_ldp/retrain_attacker/confusion.json,32944,,,source_artifact_referenced,True,keep,Referenced by final summaries or delivery documentation.
outputs/experiments/kasteren/seed_2026/mlp/adaptive_ldp/retrain_attacker/defense_report.json,5464,,,source_artifact_referenced,True,keep,Referenced by final summaries or delivery documentation.
outputs/experiments/kasteren/seed_2026/mlp/adaptive_ldp/retrain_attacker/metrics.json,32944,,,source_artifact_referenced,False,keep,Required canonical delivery/code/documentation file.
outputs/experiments/kasteren/seed_2026/mlp/adaptive_ldp/retrain_attacker/parameter_scan/comparison_results.csv,2737,,,source_artifact_referenced,True,keep,Referenced by final summaries or delivery documentation.
outputs/experiments/kasteren/seed_2026/mlp/adaptive_ldp/retrain_attacker/parameter_scan/plot_accuracy.png,43340,,,source_artifact_referenced,False,keep,Required canonical delivery/code/documentation file.
outputs/experiments/kasteren/seed_2026/mlp/adaptive_ldp/retrain_attacker/parameter_scan/plot_distortion.png,53059,,,source_artifact_referenced,False,keep,Required canonical delivery/code/documentation file.
outputs/experiments/kasteren/seed_2026/mlp/adaptive_ldp/retrain_attacker/parameter_scan/profile_config.json,1620,,,source_artifact_referenced,False,keep,Required canonical delivery/code/documentation file.
outputs/experiments/kasteren/seed_2026/mlp/adaptive_ldp/retrain_attacker/parameter_scan/scan_summary.json,464,,,source_artifact_referenced,False,keep,Required canonical delivery/code/documentation file.
outputs/experiments/kasteren/seed_2026/mlp/adaptive_ldp/retrain_attacker/parameter_scan/scan_trace.json,321,,,source_artifact_referenced,False,keep,Required canonical delivery/code/documentation file.
outputs/experiments/kasteren/seed_2026/mlp/adaptive_ldp/retrain_attacker/source_manifest.json,1717,,,source_artifact_referenced,False,keep,Required canonical delivery/code/documentation file.
outputs/experiments/kasteren/seed_2026/mlp/adaptive_ldp/retrain_attacker/trace.json,398,,,source_artifact_referenced,False,keep,Required canonical delivery/code/documentation file.
outputs/experiments/kasteren/seed_2026/mlp/baseline/baseline_classification_report.txt,197,,,source_artifact_referenced,False,keep,Required canonical delivery/code/documentation file.
outputs/experiments/kasteren/seed_2026/mlp/baseline/baseline_confusion.json,33046,,,source_artifact_referenced,True,keep,Referenced by final summaries or delivery documentation.
outputs/experiments/kasteren/seed_2026/mlp/baseline/baseline_metrics.json,33046,,,source_artifact_referenced,False,keep,Required canonical delivery/code/documentation file.
outputs/experiments/kasteren/seed_2026/mlp/baseline/source_manifest.json,524,,,source_artifact_referenced,False,keep,Required canonical delivery/code/documentation file.
outputs/experiments/kasteren/seed_2026/mlp/ldp/fixed_attacker/classification_report.txt,175,,,source_artifact_referenced,False,keep,Required canonical delivery/code/documentation file.
outputs/experiments/kasteren/seed_2026/mlp/ldp/fixed_attacker/confusion.json,32978,,,source_artifact_referenced,True,keep,Referenced by final summaries or delivery documentation.
outputs/experiments/kasteren/seed_2026/mlp/ldp/fixed_attacker/defense_report.json,5470,,,source_artifact_referenced,True,keep,Referenced by final summaries or delivery documentation.
outputs/experiments/kasteren/seed_2026/mlp/ldp/fixed_attacker/metrics.json,32978,,,source_artifact_referenced,False,keep,Required canonical delivery/code/documentation file.
outputs/experiments/kasteren/seed_2026/mlp/ldp/fixed_attacker/parameter_scan/comparison_results.csv,2066,,,source_artifact_referenced,True,keep,Referenced by final summaries or delivery documentation.
outputs/experiments/kasteren/seed_2026/mlp/ldp/fixed_attacker/parameter_scan/plot_accuracy.png,36104,,,source_artifact_referenced,False,keep,Required canonical delivery/code/documentation file.
outputs/experiments/kasteren/seed_2026/mlp/ldp/fixed_attacker/parameter_scan/plot_distortion.png,29981,,,source_artifact_referenced,False,keep,Required canonical delivery/code/documentation file.
outputs/experiments/kasteren/seed_2026/mlp/ldp/fixed_attacker/parameter_scan/scan_summary.json,431,,,source_artifact_referenced,False,keep,Required canonical delivery/code/documentation file.
outputs/experiments/kasteren/seed_2026/mlp/ldp/fixed_attacker/parameter_scan/scan_trace.json,299,,,source_artifact_referenced,False,keep,Required canonical delivery/code/documentation file.
outputs/experiments/kasteren/seed_2026/mlp/ldp/fixed_attacker/source_manifest.json,1596,,,source_artifact_referenced,False,keep,Required canonical delivery/code/documentation file.
outputs/experiments/kasteren/seed_2026/mlp/ldp/fixed_attacker/trace.json,376,,,source_artifact_referenced,False,keep,Required canonical delivery/code/documentation file.
outputs/experiments/kasteren/seed_2026/mlp/ldp/retrain_attacker/classification_report.txt,177,,,source_artifact_referenced,False,keep,Required canonical delivery/code/documentation file.
outputs/experiments/kasteren/seed_2026/mlp/ldp/retrain_attacker/confusion.json,32964,,,source_artifact_referenced,True,keep,Referenced by final summaries or delivery documentation.
outputs/experiments/kasteren/seed_2026/mlp/ldp/retrain_attacker/defense_report.json,5470,,,source_artifact_referenced,True,keep,Referenced by final summaries or delivery documentation.
outputs/experiments/kasteren/seed_2026/mlp/ldp/retrain_attacker/metrics.json,32964,,,source_artifact_referenced,False,keep,Required canonical delivery/code/documentation file.
outputs/experiments/kasteren/seed_2026/mlp/ldp/retrain_attacker/parameter_scan/comparison_results.csv,2024,,,source_artifact_referenced,True,keep,Referenced by final summaries or delivery documentation.
outputs/experiments/kasteren/seed_2026/mlp/ldp/retrain_attacker/parameter_scan/plot_accuracy.png,38077,,,source_artifact_referenced,False,keep,Required canonical delivery/code/documentation file.
outputs/experiments/kasteren/seed_2026/mlp/ldp/retrain_attacker/parameter_scan/plot_distortion.png,29981,,,source_artifact_referenced,False,keep,Required canonical delivery/code/documentation file.
outputs/experiments/kasteren/seed_2026/mlp/ldp/retrain_attacker/parameter_scan/scan_summary.json,437,,,source_artifact_referenced,False,keep,Required canonical delivery/code/documentation file.
outputs/experiments/kasteren/seed_2026/mlp/ldp/retrain_attacker/parameter_scan/scan_trace.json,303,,,source_artifact_referenced,False,keep,Required canonical delivery/code/documentation file.
outputs/experiments/kasteren/seed_2026/mlp/ldp/retrain_attacker/source_manifest.json,1618,,,source_artifact_referenced,False,keep,Required canonical delivery/code/documentation file.
outputs/experiments/kasteren/seed_2026/mlp/ldp/retrain_attacker/trace.json,380,,,source_artifact_referenced,False,keep,Required canonical delivery/code/documentation file.
outputs/experiments/kasteren/seed_2026/mlp/noise/fixed_attacker/classification_report.txt,177,,,source_artifact_referenced,False,keep,Required canonical delivery/code/documentation file.
outputs/experiments/kasteren/seed_2026/mlp/noise/fixed_attacker/confusion.json,32992,,,source_artifact_referenced,True,keep,Referenced by final summaries or delivery documentation.
outputs/experiments/kasteren/seed_2026/mlp/noise/fixed_attacker/defense_report.json,5455,,,source_artifact_referenced,True,keep,Referenced by final summaries or delivery documentation.
outputs/experiments/kasteren/seed_2026/mlp/noise/fixed_attacker/metrics.json,32992,,,source_artifact_referenced,False,keep,Required canonical delivery/code/documentation file.
outputs/experiments/kasteren/seed_2026/mlp/noise/fixed_attacker/parameter_scan/comparison_results.csv,1738,,,source_artifact_referenced,True,keep,Referenced by final summaries or delivery documentation.
outputs/experiments/kasteren/seed_2026/mlp/noise/fixed_attacker/parameter_scan/plot_accuracy.png,47478,,,source_artifact_referenced,False,keep,Required canonical delivery/code/documentation file.
outputs/experiments/kasteren/seed_2026/mlp/noise/fixed_attacker/parameter_scan/plot_distortion.png,38406,,,source_artifact_referenced,False,keep,Required canonical delivery/code/documentation file.
outputs/experiments/kasteren/seed_2026/mlp/noise/fixed_attacker/parameter_scan/scan_summary.json,437,,,source_artifact_referenced,False,keep,Required canonical delivery/code/documentation file.
outputs/experiments/kasteren/seed_2026/mlp/noise/fixed_attacker/parameter_scan/scan_trace.json,303,,,source_artifact_referenced,False,keep,Required canonical delivery/code/documentation file.
outputs/experiments/kasteren/seed_2026/mlp/noise/fixed_attacker/source_manifest.json,1618,,,source_artifact_referenced,False,keep,Required canonical delivery/code/documentation file.
outputs/experiments/kasteren/seed_2026/mlp/noise/fixed_attacker/trace.json,380,,,source_artifact_referenced,False,keep,Required canonical delivery/code/documentation file.
outputs/experiments/kasteren/seed_2026/mlp/noise/retrain_attacker/classification_report.txt,179,,,source_artifact_referenced,False,keep,Required canonical delivery/code/documentation file.
outputs/experiments/kasteren/seed_2026/mlp/noise/retrain_attacker/confusion.json,32975,,,source_artifact_referenced,True,keep,Referenced by final summaries or delivery documentation.
outputs/experiments/kasteren/seed_2026/mlp/noise/retrain_attacker/defense_report.json,5455,,,source_artifact_referenced,True,keep,Referenced by final summaries or delivery documentation.
outputs/experiments/kasteren/seed_2026/mlp/noise/retrain_attacker/metrics.json,32975,,,source_artifact_referenced,False,keep,Required canonical delivery/code/documentation file.
outputs/experiments/kasteren/seed_2026/mlp/noise/retrain_attacker/parameter_scan/comparison_results.csv,1749,,,source_artifact_referenced,True,keep,Referenced by final summaries or delivery documentation.
outputs/experiments/kasteren/seed_2026/mlp/noise/retrain_attacker/parameter_scan/plot_accuracy.png,43746,,,source_artifact_referenced,False,keep,Required canonical delivery/code/documentation file.
outputs/experiments/kasteren/seed_2026/mlp/noise/retrain_attacker/parameter_scan/plot_distortion.png,38406,,,source_artifact_referenced,False,keep,Required canonical delivery/code/documentation file.
outputs/experiments/kasteren/seed_2026/mlp/noise/retrain_attacker/parameter_scan/scan_summary.json,443,,,source_artifact_referenced,False,keep,Required canonical delivery/code/documentation file.
outputs/experiments/kasteren/seed_2026/mlp/noise/retrain_attacker/parameter_scan/scan_trace.json,307,,,source_artifact_referenced,False,keep,Required canonical delivery/code/documentation file.
outputs/experiments/kasteren/seed_2026/mlp/noise/retrain_attacker/source_manifest.json,1640,,,source_artifact_referenced,False,keep,Required canonical delivery/code/documentation file.
outputs/experiments/kasteren/seed_2026/mlp/noise/retrain_attacker/trace.json,384,,,source_artifact_referenced,False,keep,Required canonical delivery/code/documentation file.
outputs/experiments/kasteren/seed_42/lstm/adaptive_ldp/fixed_attacker/classification_report.txt,183,,,source_artifact_referenced,False,keep,Required canonical delivery/code/documentation file.
outputs/experiments/kasteren/seed_42/lstm/adaptive_ldp/fixed_attacker/confusion.json,33051,,,source_artifact_referenced,True,keep,Referenced by final summaries or delivery documentation.
outputs/experiments/kasteren/seed_42/lstm/adaptive_ldp/fixed_attacker/defense_report.json,5495,,,source_artifact_referenced,True,keep,Referenced by final summaries or delivery documentation.
outputs/experiments/kasteren/seed_42/lstm/adaptive_ldp/fixed_attacker/metrics.json,33051,,,source_artifact_referenced,False,keep,Required canonical delivery/code/documentation file.
outputs/experiments/kasteren/seed_42/lstm/adaptive_ldp/fixed_attacker/parameter_scan/comparison_results.csv,2719,,,source_artifact_referenced,True,keep,Referenced by final summaries or delivery documentation.
outputs/experiments/kasteren/seed_42/lstm/adaptive_ldp/fixed_attacker/parameter_scan/plot_accuracy.png,62776,,,source_artifact_referenced,False,keep,Required canonical delivery/code/documentation file.
outputs/experiments/kasteren/seed_42/lstm/adaptive_ldp/fixed_attacker/parameter_scan/plot_distortion.png,53166,,,source_artifact_referenced,False,keep,Required canonical delivery/code/documentation file.
outputs/experiments/kasteren/seed_42/lstm/adaptive_ldp/fixed_attacker/parameter_scan/profile_config.json,1620,,,source_artifact_referenced,False,keep,Required canonical delivery/code/documentation file.
outputs/experiments/kasteren/seed_42/lstm/adaptive_ldp/fixed_attacker/parameter_scan/scan_summary.json,455,,,source_artifact_referenced,False,keep,Required canonical delivery/code/documentation file.
outputs/experiments/kasteren/seed_42/lstm/adaptive_ldp/fixed_attacker/parameter_scan/scan_trace.json,315,,,source_artifact_referenced,False,keep,Required canonical delivery/code/documentation file.
outputs/experiments/kasteren/seed_42/lstm/adaptive_ldp/fixed_attacker/source_manifest.json,1683,,,source_artifact_referenced,False,keep,Required canonical delivery/code/documentation file.
outputs/experiments/kasteren/seed_42/lstm/adaptive_ldp/fixed_attacker/trace.json,391,,,source_artifact_referenced,False,keep,Required canonical delivery/code/documentation file.
outputs/experiments/kasteren/seed_42/lstm/adaptive_ldp/retrain_attacker/classification_report.txt,185,,,source_artifact_referenced,False,keep,Required canonical delivery/code/documentation file.
outputs/experiments/kasteren/seed_42/lstm/adaptive_ldp/retrain_attacker/confusion.json,33005,,,source_artifact_referenced,True,keep,Referenced by final summaries or delivery documentation.
outputs/experiments/kasteren/seed_42/lstm/adaptive_ldp/retrain_attacker/defense_report.json,5495,,,source_artifact_referenced,True,keep,Referenced by final summaries or delivery documentation.
outputs/experiments/kasteren/seed_42/lstm/adaptive_ldp/retrain_attacker/metrics.json,33005,,,source_artifact_referenced,False,keep,Required canonical delivery/code/documentation file.
outputs/experiments/kasteren/seed_42/lstm/adaptive_ldp/retrain_attacker/parameter_scan/comparison_results.csv,2753,,,source_artifact_referenced,True,keep,Referenced by final summaries or delivery documentation.
outputs/experiments/kasteren/seed_42/lstm/adaptive_ldp/retrain_attacker/parameter_scan/plot_accuracy.png,60639,,,source_artifact_referenced,False,keep,Required canonical delivery/code/documentation file.
outputs/experiments/kasteren/seed_42/lstm/adaptive_ldp/retrain_attacker/parameter_scan/plot_distortion.png,53166,,,source_artifact_referenced,False,keep,Required canonical delivery/code/documentation file.
outputs/experiments/kasteren/seed_42/lstm/adaptive_ldp/retrain_attacker/parameter_scan/profile_config.json,1620,,,source_artifact_referenced,False,keep,Required canonical delivery/code/documentation file.
outputs/experiments/kasteren/seed_42/lstm/adaptive_ldp/retrain_attacker/parameter_scan/scan_summary.json,461,,,source_artifact_referenced,False,keep,Required canonical delivery/code/documentation file.
outputs/experiments/kasteren/seed_42/lstm/adaptive_ldp/retrain_attacker/parameter_scan/scan_trace.json,319,,,source_artifact_referenced,False,keep,Required canonical delivery/code/documentation file.
outputs/experiments/kasteren/seed_42/lstm/adaptive_ldp/retrain_attacker/source_manifest.json,1705,,,source_artifact_referenced,False,keep,Required canonical delivery/code/documentation file.
outputs/experiments/kasteren/seed_42/lstm/adaptive_ldp/retrain_attacker/trace.json,395,,,source_artifact_referenced,False,keep,Required canonical delivery/code/documentation file.
outputs/experiments/kasteren/seed_42/lstm/baseline/baseline_classification_report.txt,196,,,source_artifact_referenced,False,keep,Required canonical delivery/code/documentation file.
outputs/experiments/kasteren/seed_42/lstm/baseline/baseline_confusion.json,33090,,,source_artifact_referenced,True,keep,Referenced by final summaries or delivery documentation.
outputs/experiments/kasteren/seed_42/lstm/baseline/baseline_metrics.json,33090,,,source_artifact_referenced,False,keep,Required canonical delivery/code/documentation file.
outputs/experiments/kasteren/seed_42/lstm/baseline/source_manifest.json,521,,,source_artifact_referenced,False,keep,Required canonical delivery/code/documentation file.
outputs/experiments/kasteren/seed_42/lstm/ldp/fixed_attacker/classification_report.txt,174,,,source_artifact_referenced,False,keep,Required canonical delivery/code/documentation file.
outputs/experiments/kasteren/seed_42/lstm/ldp/fixed_attacker/confusion.json,32984,,,source_artifact_referenced,True,keep,Referenced by final summaries or delivery documentation.
outputs/experiments/kasteren/seed_42/lstm/ldp/fixed_attacker/defense_report.json,5377,,,source_artifact_referenced,True,keep,Referenced by final summaries or delivery documentation.
outputs/experiments/kasteren/seed_42/lstm/ldp/fixed_attacker/metrics.json,32984,,,source_artifact_referenced,False,keep,Required canonical delivery/code/documentation file.
outputs/experiments/kasteren/seed_42/lstm/ldp/fixed_attacker/parameter_scan/comparison_results.csv,2047,,,source_artifact_referenced,True,keep,Referenced by final summaries or delivery documentation.
outputs/experiments/kasteren/seed_42/lstm/ldp/fixed_attacker/parameter_scan/plot_accuracy.png,51612,,,source_artifact_referenced,False,keep,Required canonical delivery/code/documentation file.
outputs/experiments/kasteren/seed_42/lstm/ldp/fixed_attacker/parameter_scan/plot_distortion.png,27619,,,source_artifact_referenced,False,keep,Required canonical delivery/code/documentation file.
outputs/experiments/kasteren/seed_42/lstm/ldp/fixed_attacker/parameter_scan/scan_summary.json,428,,,source_artifact_referenced,False,keep,Required canonical delivery/code/documentation file.
outputs/experiments/kasteren/seed_42/lstm/ldp/fixed_attacker/parameter_scan/scan_trace.json,297,,,source_artifact_referenced,False,keep,Required canonical delivery/code/documentation file.
outputs/experiments/kasteren/seed_42/lstm/ldp/fixed_attacker/source_manifest.json,1584,,,source_artifact_referenced,False,keep,Required canonical delivery/code/documentation file.
outputs/experiments/kasteren/seed_42/lstm/ldp/fixed_attacker/trace.json,373,,,source_artifact_referenced,False,keep,Required canonical delivery/code/documentation file.
outputs/experiments/kasteren/seed_42/lstm/ldp/retrain_attacker/classification_report.txt,176,,,source_artifact_referenced,False,keep,Required canonical delivery/code/documentation file.
outputs/experiments/kasteren/seed_42/lstm/ldp/retrain_attacker/confusion.json,32978,,,source_artifact_referenced,True,keep,Referenced by final summaries or delivery documentation.
outputs/experiments/kasteren/seed_42/lstm/ldp/retrain_attacker/defense_report.json,5377,,,source_artifact_referenced,True,keep,Referenced by final summaries or delivery documentation.
outputs/experiments/kasteren/seed_42/lstm/ldp/retrain_attacker/metrics.json,32978,,,source_artifact_referenced,False,keep,Required canonical delivery/code/documentation file.
outputs/experiments/kasteren/seed_42/lstm/ldp/retrain_attacker/parameter_scan/comparison_results.csv,2061,,,source_artifact_referenced,True,keep,Referenced by final summaries or delivery documentation.
outputs/experiments/kasteren/seed_42/lstm/ldp/retrain_attacker/parameter_scan/plot_accuracy.png,34367,,,source_artifact_referenced,False,keep,Required canonical delivery/code/documentation file.
outputs/experiments/kasteren/seed_42/lstm/ldp/retrain_attacker/parameter_scan/plot_distortion.png,29988,,,source_artifact_referenced,False,keep,Required canonical delivery/code/documentation file.
outputs/experiments/kasteren/seed_42/lstm/ldp/retrain_attacker/parameter_scan/scan_summary.json,434,,,source_artifact_referenced,False,keep,Required canonical delivery/code/documentation file.
outputs/experiments/kasteren/seed_42/lstm/ldp/retrain_attacker/parameter_scan/scan_trace.json,301,,,source_artifact_referenced,False,keep,Required canonical delivery/code/documentation file.
outputs/experiments/kasteren/seed_42/lstm/ldp/retrain_attacker/source_manifest.json,1606,,,source_artifact_referenced,False,keep,Required canonical delivery/code/documentation file.
outputs/experiments/kasteren/seed_42/lstm/ldp/retrain_attacker/trace.json,377,,,source_artifact_referenced,False,keep,Required canonical delivery/code/documentation file.
outputs/experiments/kasteren/seed_42/lstm/noise/fixed_attacker/classification_report.txt,176,,,source_artifact_referenced,False,keep,Required canonical delivery/code/documentation file.
outputs/experiments/kasteren/seed_42/lstm/noise/fixed_attacker/confusion.json,33027,,,source_artifact_referenced,True,keep,Referenced by final summaries or delivery documentation.
outputs/experiments/kasteren/seed_42/lstm/noise/fixed_attacker/defense_report.json,5460,,,source_artifact_referenced,True,keep,Referenced by final summaries or delivery documentation.
outputs/experiments/kasteren/seed_42/lstm/noise/fixed_attacker/metrics.json,33027,,,source_artifact_referenced,False,keep,Required canonical delivery/code/documentation file.
outputs/experiments/kasteren/seed_42/lstm/noise/fixed_attacker/parameter_scan/comparison_results.csv,1725,,,source_artifact_referenced,True,keep,Referenced by final summaries or delivery documentation.
outputs/experiments/kasteren/seed_42/lstm/noise/fixed_attacker/parameter_scan/plot_distortion.png,59678,,,source_artifact_referenced,False,keep,Required canonical delivery/code/documentation file.
outputs/experiments/kasteren/seed_42/lstm/noise/fixed_attacker/parameter_scan/scan_summary.json,434,,,source_artifact_referenced,False,keep,Required canonical delivery/code/documentation file.
outputs/experiments/kasteren/seed_42/lstm/noise/fixed_attacker/parameter_scan/scan_trace.json,301,,,source_artifact_referenced,False,keep,Required canonical delivery/code/documentation file.
outputs/experiments/kasteren/seed_42/lstm/noise/fixed_attacker/source_manifest.json,1606,,,source_artifact_referenced,False,keep,Required canonical delivery/code/documentation file.
outputs/experiments/kasteren/seed_42/lstm/noise/fixed_attacker/trace.json,377,,,source_artifact_referenced,False,keep,Required canonical delivery/code/documentation file.
outputs/experiments/kasteren/seed_42/lstm/noise/retrain_attacker/classification_report.txt,178,,,source_artifact_referenced,False,keep,Required canonical delivery/code/documentation file.
outputs/experiments/kasteren/seed_42/lstm/noise/retrain_attacker/confusion.json,32965,,,source_artifact_referenced,True,keep,Referenced by final summaries or delivery documentation.
outputs/experiments/kasteren/seed_42/lstm/noise/retrain_attacker/defense_report.json,5460,,,source_artifact_referenced,True,keep,Referenced by final summaries or delivery documentation.
outputs/experiments/kasteren/seed_42/lstm/noise/retrain_attacker/metrics.json,32965,,,source_artifact_referenced,False,keep,Required canonical delivery/code/documentation file.
outputs/experiments/kasteren/seed_42/lstm/noise/retrain_attacker/parameter_scan/comparison_results.csv,1747,,,source_artifact_referenced,True,keep,Referenced by final summaries or delivery documentation.
outputs/experiments/kasteren/seed_42/lstm/noise/retrain_attacker/parameter_scan/plot_accuracy.png,38316,,,source_artifact_referenced,False,keep,Required canonical delivery/code/documentation file.
outputs/experiments/kasteren/seed_42/lstm/noise/retrain_attacker/parameter_scan/plot_distortion.png,38330,,,source_artifact_referenced,False,keep,Required canonical delivery/code/documentation file.
outputs/experiments/kasteren/seed_42/lstm/noise/retrain_attacker/parameter_scan/scan_summary.json,440,,,source_artifact_referenced,False,keep,Required canonical delivery/code/documentation file.
outputs/experiments/kasteren/seed_42/lstm/noise/retrain_attacker/parameter_scan/scan_trace.json,305,,,source_artifact_referenced,False,keep,Required canonical delivery/code/documentation file.
outputs/experiments/kasteren/seed_42/lstm/noise/retrain_attacker/source_manifest.json,1628,,,source_artifact_referenced,False,keep,Required canonical delivery/code/documentation file.
outputs/experiments/kasteren/seed_42/lstm/noise/retrain_attacker/trace.json,381,,,source_artifact_referenced,False,keep,Required canonical delivery/code/documentation file.
outputs/experiments/kasteren/seed_42/mlp/adaptive_ldp/fixed_attacker/classification_report.txt,182,,,source_artifact_referenced,False,keep,Required canonical delivery/code/documentation file.
outputs/experiments/kasteren/seed_42/mlp/adaptive_ldp/fixed_attacker/confusion.json,32976,,,source_artifact_referenced,True,keep,Referenced by final summaries or delivery documentation.
outputs/experiments/kasteren/seed_42/mlp/adaptive_ldp/fixed_attacker/defense_report.json,5495,,,source_artifact_referenced,True,keep,Referenced by final summaries or delivery documentation.
outputs/experiments/kasteren/seed_42/mlp/adaptive_ldp/fixed_attacker/metrics.json,32976,,,source_artifact_referenced,False,keep,Required canonical delivery/code/documentation file.
outputs/experiments/kasteren/seed_42/mlp/adaptive_ldp/fixed_attacker/parameter_scan/comparison_results.csv,2667,,,source_artifact_referenced,True,keep,Referenced by final summaries or delivery documentation.
outputs/experiments/kasteren/seed_42/mlp/adaptive_ldp/fixed_attacker/parameter_scan/plot_accuracy.png,57813,,,source_artifact_referenced,False,keep,Required canonical delivery/code/documentation file.
outputs/experiments/kasteren/seed_42/mlp/adaptive_ldp/fixed_attacker/parameter_scan/plot_distortion.png,53166,,,source_artifact_referenced,False,keep,Required canonical delivery/code/documentation file.
outputs/experiments/kasteren/seed_42/mlp/adaptive_ldp/fixed_attacker/parameter_scan/profile_config.json,1620,,,source_artifact_referenced,False,keep,Required canonical delivery/code/documentation file.
outputs/experiments/kasteren/seed_42/mlp/adaptive_ldp/fixed_attacker/parameter_scan/scan_summary.json,452,,,source_artifact_referenced,False,keep,Required canonical delivery/code/documentation file.
outputs/experiments/kasteren/seed_42/mlp/adaptive_ldp/fixed_attacker/parameter_scan/scan_trace.json,313,,,source_artifact_referenced,False,keep,Required canonical delivery/code/documentation file.
outputs/experiments/kasteren/seed_42/mlp/adaptive_ldp/fixed_attacker/source_manifest.json,1671,,,source_artifact_referenced,False,keep,Required canonical delivery/code/documentation file.
outputs/experiments/kasteren/seed_42/mlp/adaptive_ldp/fixed_attacker/trace.json,390,,,source_artifact_referenced,False,keep,Required canonical delivery/code/documentation file.
outputs/experiments/kasteren/seed_42/mlp/adaptive_ldp/retrain_attacker/classification_report.txt,184,,,source_artifact_referenced,False,keep,Required canonical delivery/code/documentation file.
outputs/experiments/kasteren/seed_42/mlp/adaptive_ldp/retrain_attacker/confusion.json,32964,,,source_artifact_referenced,True,keep,Referenced by final summaries or delivery documentation.
outputs/experiments/kasteren/seed_42/mlp/adaptive_ldp/retrain_attacker/defense_report.json,5495,,,source_artifact_referenced,True,keep,Referenced by final summaries or delivery documentation.
outputs/experiments/kasteren/seed_42/mlp/adaptive_ldp/retrain_attacker/metrics.json,32964,,,source_artifact_referenced,False,keep,Required canonical delivery/code/documentation file.
outputs/experiments/kasteren/seed_42/mlp/adaptive_ldp/retrain_attacker/parameter_scan/comparison_results.csv,2751,,,source_artifact_referenced,True,keep,Referenced by final summaries or delivery documentation.
outputs/experiments/kasteren/seed_42/mlp/adaptive_ldp/retrain_attacker/parameter_scan/plot_accuracy.png,56923,,,source_artifact_referenced,False,keep,Required canonical delivery/code/documentation file.
outputs/experiments/kasteren/seed_42/mlp/adaptive_ldp/retrain_attacker/parameter_scan/plot_distortion.png,53166,,,source_artifact_referenced,False,keep,Required canonical delivery/code/documentation file.
outputs/experiments/kasteren/seed_42/mlp/adaptive_ldp/retrain_attacker/parameter_scan/profile_config.json,1620,,,source_artifact_referenced,False,keep,Required canonical delivery/code/documentation file.
outputs/experiments/kasteren/seed_42/mlp/adaptive_ldp/retrain_attacker/parameter_scan/scan_summary.json,458,,,source_artifact_referenced,False,keep,Required canonical delivery/code/documentation file.
outputs/experiments/kasteren/seed_42/mlp/adaptive_ldp/retrain_attacker/parameter_scan/scan_trace.json,317,,,source_artifact_referenced,False,keep,Required canonical delivery/code/documentation file.
outputs/experiments/kasteren/seed_42/mlp/adaptive_ldp/retrain_attacker/source_manifest.json,1693,,,source_artifact_referenced,False,keep,Required canonical delivery/code/documentation file.
outputs/experiments/kasteren/seed_42/mlp/adaptive_ldp/retrain_attacker/trace.json,394,,,source_artifact_referenced,False,keep,Required canonical delivery/code/documentation file.
outputs/experiments/kasteren/seed_42/mlp/baseline/baseline_classification_report.txt,195,,,source_artifact_referenced,False,keep,Required canonical delivery/code/documentation file.
outputs/experiments/kasteren/seed_42/mlp/baseline/baseline_confusion.json,33040,,,source_artifact_referenced,True,keep,Referenced by final summaries or delivery documentation.
outputs/experiments/kasteren/seed_42/mlp/baseline/baseline_metrics.json,33040,,,source_artifact_referenced,False,keep,Required canonical delivery/code/documentation file.
outputs/experiments/kasteren/seed_42/mlp/baseline/source_manifest.json,518,,,source_artifact_referenced,False,keep,Required canonical delivery/code/documentation file.
outputs/experiments/kasteren/seed_42/mlp/ldp/fixed_attacker/classification_report.txt,173,,,source_artifact_referenced,False,keep,Required canonical delivery/code/documentation file.
outputs/experiments/kasteren/seed_42/mlp/ldp/fixed_attacker/confusion.json,32894,,,source_artifact_referenced,True,keep,Referenced by final summaries or delivery documentation.
outputs/experiments/kasteren/seed_42/mlp/ldp/fixed_attacker/defense_report.json,5377,,,source_artifact_referenced,True,keep,Referenced by final summaries or delivery documentation.
outputs/experiments/kasteren/seed_42/mlp/ldp/fixed_attacker/metrics.json,32894,,,source_artifact_referenced,False,keep,Required canonical delivery/code/documentation file.
outputs/experiments/kasteren/seed_42/mlp/ldp/fixed_attacker/parameter_scan/comparison_results.csv,1963,,,source_artifact_referenced,True,keep,Referenced by final summaries or delivery documentation.
outputs/experiments/kasteren/seed_42/mlp/ldp/fixed_attacker/parameter_scan/plot_accuracy.png,37459,,,source_artifact_referenced,False,keep,Required canonical delivery/code/documentation file.
outputs/experiments/kasteren/seed_42/mlp/ldp/fixed_attacker/parameter_scan/plot_distortion.png,29988,,,source_artifact_referenced,False,keep,Required canonical delivery/code/documentation file.
outputs/experiments/kasteren/seed_42/mlp/ldp/fixed_attacker/parameter_scan/scan_summary.json,425,,,source_artifact_referenced,False,keep,Required canonical delivery/code/documentation file.
outputs/experiments/kasteren/seed_42/mlp/ldp/fixed_attacker/parameter_scan/scan_trace.json,295,,,source_artifact_referenced,False,keep,Required canonical delivery/code/documentation file.
outputs/experiments/kasteren/seed_42/mlp/ldp/fixed_attacker/source_manifest.json,1572,,,source_artifact_referenced,False,keep,Required canonical delivery/code/documentation file.
outputs/experiments/kasteren/seed_42/mlp/ldp/fixed_attacker/trace.json,372,,,source_artifact_referenced,False,keep,Required canonical delivery/code/documentation file.
outputs/experiments/kasteren/seed_42/mlp/ldp/retrain_attacker/classification_report.txt,175,,,source_artifact_referenced,False,keep,Required canonical delivery/code/documentation file.
outputs/experiments/kasteren/seed_42/mlp/ldp/retrain_attacker/confusion.json,32971,,,source_artifact_referenced,True,keep,Referenced by final summaries or delivery documentation.
outputs/experiments/kasteren/seed_42/mlp/ldp/retrain_attacker/defense_report.json,5377,,,source_artifact_referenced,True,keep,Referenced by final summaries or delivery documentation.
outputs/experiments/kasteren/seed_42/mlp/ldp/retrain_attacker/metrics.json,32971,,,source_artifact_referenced,False,keep,Required canonical delivery/code/documentation file.
outputs/experiments/kasteren/seed_42/mlp/ldp/retrain_attacker/parameter_scan/comparison_results.csv,2034,,,source_artifact_referenced,True,keep,Referenced by final summaries or delivery documentation.
outputs/experiments/kasteren/seed_42/mlp/ldp/retrain_attacker/parameter_scan/plot_accuracy.png,33074,,,source_artifact_referenced,False,keep,Required canonical delivery/code/documentation file.
outputs/experiments/kasteren/seed_42/mlp/ldp/retrain_attacker/parameter_scan/plot_distortion.png,29988,,,source_artifact_referenced,False,keep,Required canonical delivery/code/documentation file.
outputs/experiments/kasteren/seed_42/mlp/ldp/retrain_attacker/parameter_scan/scan_summary.json,431,,,source_artifact_referenced,False,keep,Required canonical delivery/code/documentation file.
outputs/experiments/kasteren/seed_42/mlp/ldp/retrain_attacker/parameter_scan/scan_trace.json,299,,,source_artifact_referenced,False,keep,Required canonical delivery/code/documentation file.
outputs/experiments/kasteren/seed_42/mlp/ldp/retrain_attacker/source_manifest.json,1594,,,source_artifact_referenced,False,keep,Required canonical delivery/code/documentation file.
outputs/experiments/kasteren/seed_42/mlp/ldp/retrain_attacker/trace.json,376,,,source_artifact_referenced,False,keep,Required canonical delivery/code/documentation file.
outputs/experiments/kasteren/seed_42/mlp/noise/fixed_attacker/classification_report.txt,175,,,source_artifact_referenced,False,keep,Required canonical delivery/code/documentation file.
outputs/experiments/kasteren/seed_42/mlp/noise/fixed_attacker/confusion.json,32955,,,source_artifact_referenced,True,keep,Referenced by final summaries or delivery documentation.
outputs/experiments/kasteren/seed_42/mlp/noise/fixed_attacker/defense_report.json,5460,,,source_artifact_referenced,True,keep,Referenced by final summaries or delivery documentation.
outputs/experiments/kasteren/seed_42/mlp/noise/fixed_attacker/metrics.json,32955,,,source_artifact_referenced,False,keep,Required canonical delivery/code/documentation file.
outputs/experiments/kasteren/seed_42/mlp/noise/fixed_attacker/parameter_scan/comparison_results.csv,1715,,,source_artifact_referenced,True,keep,Referenced by final summaries or delivery documentation.
outputs/experiments/kasteren/seed_42/mlp/noise/fixed_attacker/parameter_scan/plot_accuracy.png,25816,,,source_artifact_referenced,False,keep,Required canonical delivery/code/documentation file.
outputs/experiments/kasteren/seed_42/mlp/noise/fixed_attacker/parameter_scan/plot_distortion.png,38330,,,source_artifact_referenced,False,keep,Required canonical delivery/code/documentation file.
outputs/experiments/kasteren/seed_42/mlp/noise/fixed_attacker/parameter_scan/scan_summary.json,431,,,source_artifact_referenced,False,keep,Required canonical delivery/code/documentation file.
outputs/experiments/kasteren/seed_42/mlp/noise/fixed_attacker/parameter_scan/scan_trace.json,299,,,source_artifact_referenced,False,keep,Required canonical delivery/code/documentation file.
outputs/experiments/kasteren/seed_42/mlp/noise/fixed_attacker/source_manifest.json,1594,,,source_artifact_referenced,False,keep,Required canonical delivery/code/documentation file.
outputs/experiments/kasteren/seed_42/mlp/noise/fixed_attacker/trace.json,376,,,source_artifact_referenced,False,keep,Required canonical delivery/code/documentation file.
outputs/experiments/kasteren/seed_42/mlp/noise/retrain_attacker/classification_report.txt,177,,,source_artifact_referenced,False,keep,Required canonical delivery/code/documentation file.
outputs/experiments/kasteren/seed_42/mlp/noise/retrain_attacker/confusion.json,32989,,,source_artifact_referenced,True,keep,Referenced by final summaries or delivery documentation.
outputs/experiments/kasteren/seed_42/mlp/noise/retrain_attacker/defense_report.json,5460,,,source_artifact_referenced,True,keep,Referenced by final summaries or delivery documentation.
outputs/experiments/kasteren/seed_42/mlp/noise/retrain_attacker/metrics.json,32989,,,source_artifact_referenced,False,keep,Required canonical delivery/code/documentation file.
outputs/experiments/kasteren/seed_42/mlp/noise/retrain_attacker/parameter_scan/comparison_results.csv,1708,,,source_artifact_referenced,True,keep,Referenced by final summaries or delivery documentation.
outputs/experiments/kasteren/seed_42/mlp/noise/retrain_attacker/parameter_scan/plot_accuracy.png,46436,,,source_artifact_referenced,False,keep,Required canonical delivery/code/documentation file.
outputs/experiments/kasteren/seed_42/mlp/noise/retrain_attacker/parameter_scan/plot_distortion.png,38330,,,source_artifact_referenced,False,keep,Required canonical delivery/code/documentation file.
outputs/experiments/kasteren/seed_42/mlp/noise/retrain_attacker/parameter_scan/scan_summary.json,437,,,source_artifact_referenced,False,keep,Required canonical delivery/code/documentation file.
outputs/experiments/kasteren/seed_42/mlp/noise/retrain_attacker/parameter_scan/scan_trace.json,303,,,source_artifact_referenced,False,keep,Required canonical delivery/code/documentation file.
outputs/experiments/kasteren/seed_42/mlp/noise/retrain_attacker/source_manifest.json,1616,,,source_artifact_referenced,False,keep,Required canonical delivery/code/documentation file.
outputs/experiments/kasteren/seed_42/mlp/noise/retrain_attacker/trace.json,380,,,source_artifact_referenced,False,keep,Required canonical delivery/code/documentation file.
outputs/experiments/mock/seed_123/lstm/adaptive_ldp/fixed_attacker/classification_report.txt,180,,,source_artifact_referenced,False,keep,Required canonical delivery/code/documentation file.
outputs/experiments/mock/seed_123/lstm/adaptive_ldp/fixed_attacker/confusion.json,1751,,,source_artifact_referenced,True,keep,Referenced by final summaries or delivery documentation.
outputs/experiments/mock/seed_123/lstm/adaptive_ldp/fixed_attacker/defense_report.json,1532,,,source_artifact_referenced,True,keep,Referenced by final summaries or delivery documentation.
outputs/experiments/mock/seed_123/lstm/adaptive_ldp/fixed_attacker/metrics.json,1751,,,source_artifact_referenced,False,keep,Required canonical delivery/code/documentation file.
outputs/experiments/mock/seed_123/lstm/adaptive_ldp/fixed_attacker/parameter_scan/comparison_results.csv,2655,,,source_artifact_referenced,True,keep,Referenced by final summaries or delivery documentation.
outputs/experiments/mock/seed_123/lstm/adaptive_ldp/fixed_attacker/parameter_scan/plot_accuracy.png,59800,,,source_artifact_referenced,False,keep,Required canonical delivery/code/documentation file.
outputs/experiments/mock/seed_123/lstm/adaptive_ldp/fixed_attacker/parameter_scan/plot_distortion.png,53164,,,source_artifact_referenced,False,keep,Required canonical delivery/code/documentation file.
outputs/experiments/mock/seed_123/lstm/adaptive_ldp/fixed_attacker/parameter_scan/profile_config.json,1620,,,source_artifact_referenced,False,keep,Required canonical delivery/code/documentation file.
outputs/experiments/mock/seed_123/lstm/adaptive_ldp/fixed_attacker/parameter_scan/scan_summary.json,434,,,source_artifact_referenced,False,keep,Required canonical delivery/code/documentation file.
outputs/experiments/mock/seed_123/lstm/adaptive_ldp/fixed_attacker/parameter_scan/scan_trace.json,297,,,source_artifact_referenced,False,keep,Required canonical delivery/code/documentation file.
outputs/experiments/mock/seed_123/lstm/adaptive_ldp/fixed_attacker/source_manifest.json,1622,,,source_artifact_referenced,False,keep,Required canonical delivery/code/documentation file.
outputs/experiments/mock/seed_123/lstm/adaptive_ldp/fixed_attacker/trace.json,388,,,source_artifact_referenced,False,keep,Required canonical delivery/code/documentation file.
outputs/experiments/mock/seed_123/lstm/adaptive_ldp/retrain_attacker/classification_report.txt,182,,,source_artifact_referenced,False,keep,Required canonical delivery/code/documentation file.
outputs/experiments/mock/seed_123/lstm/adaptive_ldp/retrain_attacker/confusion.json,1764,,,source_artifact_referenced,True,keep,Referenced by final summaries or delivery documentation.
outputs/experiments/mock/seed_123/lstm/adaptive_ldp/retrain_attacker/defense_report.json,1532,,,source_artifact_referenced,True,keep,Referenced by final summaries or delivery documentation.
outputs/experiments/mock/seed_123/lstm/adaptive_ldp/retrain_attacker/metrics.json,1764,,,source_artifact_referenced,False,keep,Required canonical delivery/code/documentation file.
outputs/experiments/mock/seed_123/lstm/adaptive_ldp/retrain_attacker/parameter_scan/comparison_results.csv,2690,,,source_artifact_referenced,True,keep,Referenced by final summaries or delivery documentation.
outputs/experiments/mock/seed_123/lstm/adaptive_ldp/retrain_attacker/parameter_scan/plot_accuracy.png,61457,,,source_artifact_referenced,False,keep,Required canonical delivery/code/documentation file.
outputs/experiments/mock/seed_123/lstm/adaptive_ldp/retrain_attacker/parameter_scan/plot_distortion.png,53164,,,source_artifact_referenced,False,keep,Required canonical delivery/code/documentation file.
outputs/experiments/mock/seed_123/lstm/adaptive_ldp/retrain_attacker/parameter_scan/profile_config.json,1620,,,source_artifact_referenced,False,keep,Required canonical delivery/code/documentation file.
outputs/experiments/mock/seed_123/lstm/adaptive_ldp/retrain_attacker/parameter_scan/scan_summary.json,440,,,source_artifact_referenced,False,keep,Required canonical delivery/code/documentation file.
outputs/experiments/mock/seed_123/lstm/adaptive_ldp/retrain_attacker/parameter_scan/scan_trace.json,301,,,source_artifact_referenced,False,keep,Required canonical delivery/code/documentation file.
outputs/experiments/mock/seed_123/lstm/adaptive_ldp/retrain_attacker/source_manifest.json,1644,,,source_artifact_referenced,False,keep,Required canonical delivery/code/documentation file.
outputs/experiments/mock/seed_123/lstm/adaptive_ldp/retrain_attacker/trace.json,392,,,source_artifact_referenced,False,keep,Required canonical delivery/code/documentation file.
outputs/experiments/mock/seed_123/lstm/baseline/baseline_classification_report.txt,191,,,source_artifact_referenced,False,keep,Required canonical delivery/code/documentation file.
outputs/experiments/mock/seed_123/lstm/baseline/baseline_confusion.json,1740,,,source_artifact_referenced,True,keep,Referenced by final summaries or delivery documentation.
outputs/experiments/mock/seed_123/lstm/baseline/baseline_metrics.json,1740,,,source_artifact_referenced,False,keep,Required canonical delivery/code/documentation file.
outputs/experiments/mock/seed_123/lstm/baseline/source_manifest.json,500,,,source_artifact_referenced,False,keep,Required canonical delivery/code/documentation file.
outputs/experiments/mock/seed_123/lstm/ldp/fixed_attacker/classification_report.txt,171,,,source_artifact_referenced,False,keep,Required canonical delivery/code/documentation file.
outputs/experiments/mock/seed_123/lstm/ldp/fixed_attacker/confusion.json,1754,,,source_artifact_referenced,True,keep,Referenced by final summaries or delivery documentation.
outputs/experiments/mock/seed_123/lstm/ldp/fixed_attacker/defense_report.json,1526,,,source_artifact_referenced,True,keep,Referenced by final summaries or delivery documentation.
outputs/experiments/mock/seed_123/lstm/ldp/fixed_attacker/metrics.json,1754,,,source_artifact_referenced,False,keep,Required canonical delivery/code/documentation file.
outputs/experiments/mock/seed_123/lstm/ldp/fixed_attacker/parameter_scan/comparison_results.csv,1986,,,source_artifact_referenced,True,keep,Referenced by final summaries or delivery documentation.
outputs/experiments/mock/seed_123/lstm/ldp/fixed_attacker/parameter_scan/plot_accuracy.png,47157,,,source_artifact_referenced,False,keep,Required canonical delivery/code/documentation file.
outputs/experiments/mock/seed_123/lstm/ldp/fixed_attacker/parameter_scan/plot_distortion.png,27475,,,source_artifact_referenced,False,keep,Required canonical delivery/code/documentation file.
outputs/experiments/mock/seed_123/lstm/ldp/fixed_attacker/parameter_scan/scan_summary.json,407,,,source_artifact_referenced,False,keep,Required canonical delivery/code/documentation file.
outputs/experiments/mock/seed_123/lstm/ldp/fixed_attacker/parameter_scan/scan_trace.json,279,,,source_artifact_referenced,False,keep,Required canonical delivery/code/documentation file.
outputs/experiments/mock/seed_123/lstm/ldp/fixed_attacker/source_manifest.json,1523,,,source_artifact_referenced,False,keep,Required canonical delivery/code/documentation file.
outputs/experiments/mock/seed_123/lstm/ldp/fixed_attacker/trace.json,370,,,source_artifact_referenced,False,keep,Required canonical delivery/code/documentation file.
outputs/experiments/mock/seed_123/lstm/ldp/retrain_attacker/classification_report.txt,173,,,source_artifact_referenced,False,keep,Required canonical delivery/code/documentation file.
outputs/experiments/mock/seed_123/lstm/ldp/retrain_attacker/confusion.json,1793,,,source_artifact_referenced,True,keep,Referenced by final summaries or delivery documentation.
outputs/experiments/mock/seed_123/lstm/ldp/retrain_attacker/defense_report.json,1526,,,source_artifact_referenced,True,keep,Referenced by final summaries or delivery documentation.
outputs/experiments/mock/seed_123/lstm/ldp/retrain_attacker/metrics.json,1793,,,source_artifact_referenced,False,keep,Required canonical delivery/code/documentation file.
outputs/experiments/mock/seed_123/lstm/ldp/retrain_attacker/parameter_scan/comparison_results.csv,2007,,,source_artifact_referenced,True,keep,Referenced by final summaries or delivery documentation.
outputs/experiments/mock/seed_123/lstm/ldp/retrain_attacker/parameter_scan/plot_accuracy.png,41563,,,source_artifact_referenced,False,keep,Required canonical delivery/code/documentation file.
outputs/experiments/mock/seed_123/lstm/ldp/retrain_attacker/parameter_scan/plot_distortion.png,28981,,,source_artifact_referenced,False,keep,Required canonical delivery/code/documentation file.
outputs/experiments/mock/seed_123/lstm/ldp/retrain_attacker/parameter_scan/scan_summary.json,413,,,source_artifact_referenced,False,keep,Required canonical delivery/code/documentation file.
outputs/experiments/mock/seed_123/lstm/ldp/retrain_attacker/parameter_scan/scan_trace.json,283,,,source_artifact_referenced,False,keep,Required canonical delivery/code/documentation file.
outputs/experiments/mock/seed_123/lstm/ldp/retrain_attacker/source_manifest.json,1545,,,source_artifact_referenced,False,keep,Required canonical delivery/code/documentation file.
outputs/experiments/mock/seed_123/lstm/ldp/retrain_attacker/trace.json,374,,,source_artifact_referenced,False,keep,Required canonical delivery/code/documentation file.
outputs/experiments/mock/seed_123/lstm/noise/fixed_attacker/classification_report.txt,173,,,source_artifact_referenced,False,keep,Required canonical delivery/code/documentation file.
outputs/experiments/mock/seed_123/lstm/noise/fixed_attacker/confusion.json,1769,,,source_artifact_referenced,True,keep,Referenced by final summaries or delivery documentation.
outputs/experiments/mock/seed_123/lstm/noise/fixed_attacker/defense_report.json,1529,,,source_artifact_referenced,True,keep,Referenced by final summaries or delivery documentation.
outputs/experiments/mock/seed_123/lstm/noise/fixed_attacker/metrics.json,1769,,,source_artifact_referenced,False,keep,Required canonical delivery/code/documentation file.
outputs/experiments/mock/seed_123/lstm/noise/fixed_attacker/parameter_scan/comparison_results.csv,1682,,,source_artifact_referenced,True,keep,Referenced by final summaries or delivery documentation.
outputs/experiments/mock/seed_123/lstm/noise/fixed_attacker/parameter_scan/plot_distortion.png,60808,,,source_artifact_referenced,False,keep,Required canonical delivery/code/documentation file.
outputs/experiments/mock/seed_123/lstm/noise/fixed_attacker/parameter_scan/scan_summary.json,413,,,source_artifact_referenced,False,keep,Required canonical delivery/code/documentation file.
outputs/experiments/mock/seed_123/lstm/noise/fixed_attacker/parameter_scan/scan_trace.json,283,,,source_artifact_referenced,False,keep,Required canonical delivery/code/documentation file.
outputs/experiments/mock/seed_123/lstm/noise/fixed_attacker/source_manifest.json,1545,,,source_artifact_referenced,False,keep,Required canonical delivery/code/documentation file.
outputs/experiments/mock/seed_123/lstm/noise/fixed_attacker/trace.json,374,,,source_artifact_referenced,False,keep,Required canonical delivery/code/documentation file.
outputs/experiments/mock/seed_123/lstm/noise/retrain_attacker/classification_report.txt,175,,,source_artifact_referenced,False,keep,Required canonical delivery/code/documentation file.
outputs/experiments/mock/seed_123/lstm/noise/retrain_attacker/confusion.json,1781,,,source_artifact_referenced,True,keep,Referenced by final summaries or delivery documentation.
outputs/experiments/mock/seed_123/lstm/noise/retrain_attacker/defense_report.json,1529,,,source_artifact_referenced,True,keep,Referenced by final summaries or delivery documentation.
outputs/experiments/mock/seed_123/lstm/noise/retrain_attacker/metrics.json,1781,,,source_artifact_referenced,False,keep,Required canonical delivery/code/documentation file.
outputs/experiments/mock/seed_123/lstm/noise/retrain_attacker/parameter_scan/comparison_results.csv,1704,,,source_artifact_referenced,True,keep,Referenced by final summaries or delivery documentation.
outputs/experiments/mock/seed_123/lstm/noise/retrain_attacker/parameter_scan/plot_accuracy.png,43593,,,source_artifact_referenced,False,keep,Required canonical delivery/code/documentation file.
outputs/experiments/mock/seed_123/lstm/noise/retrain_attacker/parameter_scan/plot_distortion.png,37696,,,source_artifact_referenced,False,keep,Required canonical delivery/code/documentation file.
outputs/experiments/mock/seed_123/lstm/noise/retrain_attacker/parameter_scan/scan_summary.json,419,,,source_artifact_referenced,False,keep,Required canonical delivery/code/documentation file.
outputs/experiments/mock/seed_123/lstm/noise/retrain_attacker/parameter_scan/scan_trace.json,287,,,source_artifact_referenced,False,keep,Required canonical delivery/code/documentation file.
outputs/experiments/mock/seed_123/lstm/noise/retrain_attacker/source_manifest.json,1567,,,source_artifact_referenced,False,keep,Required canonical delivery/code/documentation file.
outputs/experiments/mock/seed_123/lstm/noise/retrain_attacker/trace.json,378,,,source_artifact_referenced,False,keep,Required canonical delivery/code/documentation file.
outputs/experiments/mock/seed_123/mlp/adaptive_ldp/fixed_attacker/classification_report.txt,179,,,source_artifact_referenced,False,keep,Required canonical delivery/code/documentation file.
outputs/experiments/mock/seed_123/mlp/adaptive_ldp/fixed_attacker/confusion.json,1150,,,source_artifact_referenced,True,keep,Referenced by final summaries or delivery documentation.
outputs/experiments/mock/seed_123/mlp/adaptive_ldp/fixed_attacker/defense_report.json,1532,,,source_artifact_referenced,True,keep,Referenced by final summaries or delivery documentation.
outputs/experiments/mock/seed_123/mlp/adaptive_ldp/fixed_attacker/metrics.json,1150,,,source_artifact_referenced,False,keep,Required canonical delivery/code/documentation file.
outputs/experiments/mock/seed_123/mlp/adaptive_ldp/fixed_attacker/parameter_scan/comparison_results.csv,2640,,,source_artifact_referenced,True,keep,Referenced by final summaries or delivery documentation.
outputs/experiments/mock/seed_123/mlp/adaptive_ldp/fixed_attacker/parameter_scan/plot_accuracy.png,46304,,,source_artifact_referenced,False,keep,Required canonical delivery/code/documentation file.
outputs/experiments/mock/seed_123/mlp/adaptive_ldp/fixed_attacker/parameter_scan/plot_distortion.png,53164,,,source_artifact_referenced,False,keep,Required canonical delivery/code/documentation file.
outputs/experiments/mock/seed_123/mlp/adaptive_ldp/fixed_attacker/parameter_scan/profile_config.json,1620,,,source_artifact_referenced,False,keep,Required canonical delivery/code/documentation file.
outputs/experiments/mock/seed_123/mlp/adaptive_ldp/fixed_attacker/parameter_scan/scan_summary.json,431,,,source_artifact_referenced,False,keep,Required canonical delivery/code/documentation file.
outputs/experiments/mock/seed_123/mlp/adaptive_ldp/fixed_attacker/parameter_scan/scan_trace.json,295,,,source_artifact_referenced,False,keep,Required canonical delivery/code/documentation file.
outputs/experiments/mock/seed_123/mlp/adaptive_ldp/fixed_attacker/source_manifest.json,1610,,,source_artifact_referenced,False,keep,Required canonical delivery/code/documentation file.
outputs/experiments/mock/seed_123/mlp/adaptive_ldp/fixed_attacker/trace.json,387,,,source_artifact_referenced,False,keep,Required canonical delivery/code/documentation file.
outputs/experiments/mock/seed_123/mlp/adaptive_ldp/retrain_attacker/classification_report.txt,181,,,source_artifact_referenced,False,keep,Required canonical delivery/code/documentation file.
outputs/experiments/mock/seed_123/mlp/adaptive_ldp/retrain_attacker/confusion.json,1760,,,source_artifact_referenced,True,keep,Referenced by final summaries or delivery documentation.
outputs/experiments/mock/seed_123/mlp/adaptive_ldp/retrain_attacker/defense_report.json,1532,,,source_artifact_referenced,True,keep,Referenced by final summaries or delivery documentation.
outputs/experiments/mock/seed_123/mlp/adaptive_ldp/retrain_attacker/metrics.json,1760,,,source_artifact_referenced,False,keep,Required canonical delivery/code/documentation file.
outputs/experiments/mock/seed_123/mlp/adaptive_ldp/retrain_attacker/parameter_scan/comparison_results.csv,2667,,,source_artifact_referenced,True,keep,Referenced by final summaries or delivery documentation.
outputs/experiments/mock/seed_123/mlp/adaptive_ldp/retrain_attacker/parameter_scan/plot_accuracy.png,65638,,,source_artifact_referenced,False,keep,Required canonical delivery/code/documentation file.
outputs/experiments/mock/seed_123/mlp/adaptive_ldp/retrain_attacker/parameter_scan/plot_distortion.png,53164,,,source_artifact_referenced,False,keep,Required canonical delivery/code/documentation file.
outputs/experiments/mock/seed_123/mlp/adaptive_ldp/retrain_attacker/parameter_scan/profile_config.json,1620,,,source_artifact_referenced,False,keep,Required canonical delivery/code/documentation file.
outputs/experiments/mock/seed_123/mlp/adaptive_ldp/retrain_attacker/parameter_scan/scan_summary.json,437,,,source_artifact_referenced,False,keep,Required canonical delivery/code/documentation file.
outputs/experiments/mock/seed_123/mlp/adaptive_ldp/retrain_attacker/parameter_scan/scan_trace.json,299,,,source_artifact_referenced,False,keep,Required canonical delivery/code/documentation file.
outputs/experiments/mock/seed_123/mlp/adaptive_ldp/retrain_attacker/source_manifest.json,1632,,,source_artifact_referenced,False,keep,Required canonical delivery/code/documentation file.
outputs/experiments/mock/seed_123/mlp/adaptive_ldp/retrain_attacker/trace.json,391,,,source_artifact_referenced,False,keep,Required canonical delivery/code/documentation file.
outputs/experiments/mock/seed_123/mlp/baseline/baseline_classification_report.txt,191,,,source_artifact_referenced,False,keep,Required canonical delivery/code/documentation file.
outputs/experiments/mock/seed_123/mlp/baseline/baseline_confusion.json,1753,,,source_artifact_referenced,True,keep,Referenced by final summaries or delivery documentation.
outputs/experiments/mock/seed_123/mlp/baseline/baseline_metrics.json,1753,,,source_artifact_referenced,False,keep,Required canonical delivery/code/documentation file.
outputs/experiments/mock/seed_123/mlp/baseline/source_manifest.json,497,,,source_artifact_referenced,False,keep,Required canonical delivery/code/documentation file.
outputs/experiments/mock/seed_123/mlp/ldp/fixed_attacker/classification_report.txt,170,,,source_artifact_referenced,False,keep,Required canonical delivery/code/documentation file.
outputs/experiments/mock/seed_123/mlp/ldp/fixed_attacker/confusion.json,1150,,,source_artifact_referenced,True,keep,Referenced by final summaries or delivery documentation.
outputs/experiments/mock/seed_123/mlp/ldp/fixed_attacker/defense_report.json,1526,,,source_artifact_referenced,True,keep,Referenced by final summaries or delivery documentation.
outputs/experiments/mock/seed_123/mlp/ldp/fixed_attacker/metrics.json,1150,,,source_artifact_referenced,False,keep,Required canonical delivery/code/documentation file.
outputs/experiments/mock/seed_123/mlp/ldp/fixed_attacker/parameter_scan/comparison_results.csv,1975,,,source_artifact_referenced,True,keep,Referenced by final summaries or delivery documentation.
outputs/experiments/mock/seed_123/mlp/ldp/fixed_attacker/parameter_scan/plot_accuracy.png,24220,,,source_artifact_referenced,False,keep,Required canonical delivery/code/documentation file.
outputs/experiments/mock/seed_123/mlp/ldp/fixed_attacker/parameter_scan/plot_distortion.png,28981,,,source_artifact_referenced,False,keep,Required canonical delivery/code/documentation file.
outputs/experiments/mock/seed_123/mlp/ldp/fixed_attacker/parameter_scan/scan_summary.json,404,,,source_artifact_referenced,False,keep,Required canonical delivery/code/documentation file.
outputs/experiments/mock/seed_123/mlp/ldp/fixed_attacker/parameter_scan/scan_trace.json,277,,,source_artifact_referenced,False,keep,Required canonical delivery/code/documentation file.
outputs/experiments/mock/seed_123/mlp/ldp/fixed_attacker/source_manifest.json,1511,,,source_artifact_referenced,False,keep,Required canonical delivery/code/documentation file.
outputs/experiments/mock/seed_123/mlp/ldp/fixed_attacker/trace.json,369,,,source_artifact_referenced,False,keep,Required canonical delivery/code/documentation file.
outputs/experiments/mock/seed_123/mlp/ldp/retrain_attacker/classification_report.txt,172,,,source_artifact_referenced,False,keep,Required canonical delivery/code/documentation file.
outputs/experiments/mock/seed_123/mlp/ldp/retrain_attacker/confusion.json,1787,,,source_artifact_referenced,True,keep,Referenced by final summaries or delivery documentation.
outputs/experiments/mock/seed_123/mlp/ldp/retrain_attacker/defense_report.json,1526,,,source_artifact_referenced,True,keep,Referenced by final summaries or delivery documentation.
outputs/experiments/mock/seed_123/mlp/ldp/retrain_attacker/metrics.json,1787,,,source_artifact_referenced,False,keep,Required canonical delivery/code/documentation file.
outputs/experiments/mock/seed_123/mlp/ldp/retrain_attacker/parameter_scan/comparison_results.csv,1983,,,source_artifact_referenced,True,keep,Referenced by final summaries or delivery documentation.
outputs/experiments/mock/seed_123/mlp/ldp/retrain_attacker/parameter_scan/plot_accuracy.png,31981,,,source_artifact_referenced,False,keep,Required canonical delivery/code/documentation file.
outputs/experiments/mock/seed_123/mlp/ldp/retrain_attacker/parameter_scan/plot_distortion.png,28981,,,source_artifact_referenced,False,keep,Required canonical delivery/code/documentation file.
outputs/experiments/mock/seed_123/mlp/ldp/retrain_attacker/parameter_scan/scan_summary.json,410,,,source_artifact_referenced,False,keep,Required canonical delivery/code/documentation file.
outputs/experiments/mock/seed_123/mlp/ldp/retrain_attacker/parameter_scan/scan_trace.json,281,,,source_artifact_referenced,False,keep,Required canonical delivery/code/documentation file.
outputs/experiments/mock/seed_123/mlp/ldp/retrain_attacker/source_manifest.json,1533,,,source_artifact_referenced,False,keep,Required canonical delivery/code/documentation file.
outputs/experiments/mock/seed_123/mlp/ldp/retrain_attacker/trace.json,373,,,source_artifact_referenced,False,keep,Required canonical delivery/code/documentation file.
outputs/experiments/mock/seed_123/mlp/noise/fixed_attacker/classification_report.txt,172,,,source_artifact_referenced,False,keep,Required canonical delivery/code/documentation file.
outputs/experiments/mock/seed_123/mlp/noise/fixed_attacker/confusion.json,1745,,,source_artifact_referenced,True,keep,Referenced by final summaries or delivery documentation.
outputs/experiments/mock/seed_123/mlp/noise/fixed_attacker/defense_report.json,1529,,,source_artifact_referenced,True,keep,Referenced by final summaries or delivery documentation.
outputs/experiments/mock/seed_123/mlp/noise/fixed_attacker/metrics.json,1745,,,source_artifact_referenced,False,keep,Required canonical delivery/code/documentation file.
outputs/experiments/mock/seed_123/mlp/noise/fixed_attacker/parameter_scan/comparison_results.csv,1673,,,source_artifact_referenced,True,keep,Referenced by final summaries or delivery documentation.
outputs/experiments/mock/seed_123/mlp/noise/fixed_attacker/parameter_scan/plot_accuracy.png,38855,,,source_artifact_referenced,False,keep,Required canonical delivery/code/documentation file.
outputs/experiments/mock/seed_123/mlp/noise/fixed_attacker/parameter_scan/plot_distortion.png,37696,,,source_artifact_referenced,False,keep,Required canonical delivery/code/documentation file.
outputs/experiments/mock/seed_123/mlp/noise/fixed_attacker/parameter_scan/scan_summary.json,410,,,source_artifact_referenced,False,keep,Required canonical delivery/code/documentation file.
outputs/experiments/mock/seed_123/mlp/noise/fixed_attacker/parameter_scan/scan_trace.json,281,,,source_artifact_referenced,False,keep,Required canonical delivery/code/documentation file.
outputs/experiments/mock/seed_123/mlp/noise/fixed_attacker/source_manifest.json,1533,,,source_artifact_referenced,False,keep,Required canonical delivery/code/documentation file.
outputs/experiments/mock/seed_123/mlp/noise/fixed_attacker/trace.json,373,,,source_artifact_referenced,False,keep,Required canonical delivery/code/documentation file.
outputs/experiments/mock/seed_123/mlp/noise/retrain_attacker/classification_report.txt,174,,,source_artifact_referenced,False,keep,Required canonical delivery/code/documentation file.
outputs/experiments/mock/seed_123/mlp/noise/retrain_attacker/confusion.json,1789,,,source_artifact_referenced,True,keep,Referenced by final summaries or delivery documentation.
outputs/experiments/mock/seed_123/mlp/noise/retrain_attacker/defense_report.json,1529,,,source_artifact_referenced,True,keep,Referenced by final summaries or delivery documentation.
outputs/experiments/mock/seed_123/mlp/noise/retrain_attacker/metrics.json,1789,,,source_artifact_referenced,False,keep,Required canonical delivery/code/documentation file.
outputs/experiments/mock/seed_123/mlp/noise/retrain_attacker/parameter_scan/comparison_results.csv,1690,,,source_artifact_referenced,True,keep,Referenced by final summaries or delivery documentation.
outputs/experiments/mock/seed_123/mlp/noise/retrain_attacker/parameter_scan/plot_accuracy.png,46671,,,source_artifact_referenced,False,keep,Required canonical delivery/code/documentation file.
outputs/experiments/mock/seed_123/mlp/noise/retrain_attacker/parameter_scan/plot_distortion.png,37696,,,source_artifact_referenced,False,keep,Required canonical delivery/code/documentation file.
outputs/experiments/mock/seed_123/mlp/noise/retrain_attacker/parameter_scan/scan_summary.json,416,,,source_artifact_referenced,False,keep,Required canonical delivery/code/documentation file.
outputs/experiments/mock/seed_123/mlp/noise/retrain_attacker/parameter_scan/scan_trace.json,285,,,source_artifact_referenced,False,keep,Required canonical delivery/code/documentation file.
outputs/experiments/mock/seed_123/mlp/noise/retrain_attacker/source_manifest.json,1555,,,source_artifact_referenced,False,keep,Required canonical delivery/code/documentation file.
outputs/experiments/mock/seed_123/mlp/noise/retrain_attacker/trace.json,377,,,source_artifact_referenced,False,keep,Required canonical delivery/code/documentation file.
outputs/experiments/mock/seed_2026/lstm/adaptive_ldp/fixed_attacker/classification_report.txt,181,,,source_artifact_referenced,False,keep,Required canonical delivery/code/documentation file.
outputs/experiments/mock/seed_2026/lstm/adaptive_ldp/fixed_attacker/confusion.json,1755,,,source_artifact_referenced,True,keep,Referenced by final summaries or delivery documentation.
outputs/experiments/mock/seed_2026/lstm/adaptive_ldp/fixed_attacker/defense_report.json,1534,,,source_artifact_referenced,True,keep,Referenced by final summaries or delivery documentation.
outputs/experiments/mock/seed_2026/lstm/adaptive_ldp/fixed_attacker/metrics.json,1755,,,source_artifact_referenced,False,keep,Required canonical delivery/code/documentation file.
outputs/experiments/mock/seed_2026/lstm/adaptive_ldp/fixed_attacker/parameter_scan/comparison_results.csv,2669,,,source_artifact_referenced,True,keep,Referenced by final summaries or delivery documentation.
outputs/experiments/mock/seed_2026/lstm/adaptive_ldp/fixed_attacker/parameter_scan/plot_accuracy.png,62363,,,source_artifact_referenced,False,keep,Required canonical delivery/code/documentation file.
outputs/experiments/mock/seed_2026/lstm/adaptive_ldp/fixed_attacker/parameter_scan/plot_distortion.png,52991,,,source_artifact_referenced,False,keep,Required canonical delivery/code/documentation file.
outputs/experiments/mock/seed_2026/lstm/adaptive_ldp/fixed_attacker/parameter_scan/profile_config.json,1620,,,source_artifact_referenced,False,keep,Required canonical delivery/code/documentation file.
outputs/experiments/mock/seed_2026/lstm/adaptive_ldp/fixed_attacker/parameter_scan/scan_summary.json,437,,,source_artifact_referenced,False,keep,Required canonical delivery/code/documentation file.
outputs/experiments/mock/seed_2026/lstm/adaptive_ldp/fixed_attacker/parameter_scan/scan_trace.json,299,,,source_artifact_referenced,False,keep,Required canonical delivery/code/documentation file.
outputs/experiments/mock/seed_2026/lstm/adaptive_ldp/fixed_attacker/source_manifest.json,1634,,,source_artifact_referenced,False,keep,Required canonical delivery/code/documentation file.
outputs/experiments/mock/seed_2026/lstm/adaptive_ldp/fixed_attacker/trace.json,390,,,source_artifact_referenced,False,keep,Required canonical delivery/code/documentation file.
outputs/experiments/mock/seed_2026/lstm/adaptive_ldp/retrain_attacker/classification_report.txt,183,,,source_artifact_referenced,False,keep,Required canonical delivery/code/documentation file.
outputs/experiments/mock/seed_2026/lstm/adaptive_ldp/retrain_attacker/confusion.json,1763,,,source_artifact_referenced,True,keep,Referenced by final summaries or delivery documentation.
outputs/experiments/mock/seed_2026/lstm/adaptive_ldp/retrain_attacker/defense_report.json,1534,,,source_artifact_referenced,True,keep,Referenced by final summaries or delivery documentation.
outputs/experiments/mock/seed_2026/lstm/adaptive_ldp/retrain_attacker/metrics.json,1763,,,source_artifact_referenced,False,keep,Required canonical delivery/code/documentation file.
outputs/experiments/mock/seed_2026/lstm/adaptive_ldp/retrain_attacker/parameter_scan/comparison_results.csv,2710,,,source_artifact_referenced,True,keep,Referenced by final summaries or delivery documentation.
outputs/experiments/mock/seed_2026/lstm/adaptive_ldp/retrain_attacker/parameter_scan/plot_accuracy.png,61856,,,source_artifact_referenced,False,keep,Required canonical delivery/code/documentation file.
outputs/experiments/mock/seed_2026/lstm/adaptive_ldp/retrain_attacker/parameter_scan/plot_distortion.png,52991,,,source_artifact_referenced,False,keep,Required canonical delivery/code/documentation file.
outputs/experiments/mock/seed_2026/lstm/adaptive_ldp/retrain_attacker/parameter_scan/profile_config.json,1620,,,source_artifact_referenced,False,keep,Required canonical delivery/code/documentation file.
outputs/experiments/mock/seed_2026/lstm/adaptive_ldp/retrain_attacker/parameter_scan/scan_summary.json,443,,,source_artifact_referenced,False,keep,Required canonical delivery/code/documentation file.
outputs/experiments/mock/seed_2026/lstm/adaptive_ldp/retrain_attacker/parameter_scan/scan_trace.json,303,,,source_artifact_referenced,False,keep,Required canonical delivery/code/documentation file.
outputs/experiments/mock/seed_2026/lstm/adaptive_ldp/retrain_attacker/source_manifest.json,1656,,,source_artifact_referenced,False,keep,Required canonical delivery/code/documentation file.
outputs/experiments/mock/seed_2026/lstm/adaptive_ldp/retrain_attacker/trace.json,394,,,source_artifact_referenced,False,keep,Required canonical delivery/code/documentation file.
outputs/experiments/mock/seed_2026/lstm/baseline/baseline_classification_report.txt,192,,,source_artifact_referenced,False,keep,Required canonical delivery/code/documentation file.
outputs/experiments/mock/seed_2026/lstm/baseline/baseline_confusion.json,1725,,,source_artifact_referenced,True,keep,Referenced by final summaries or delivery documentation.
outputs/experiments/mock/seed_2026/lstm/baseline/baseline_metrics.json,1725,,,source_artifact_referenced,False,keep,Required canonical delivery/code/documentation file.
outputs/experiments/mock/seed_2026/lstm/baseline/source_manifest.json,503,,,source_artifact_referenced,False,keep,Required canonical delivery/code/documentation file.
outputs/experiments/mock/seed_2026/lstm/ldp/fixed_attacker/classification_report.txt,172,,,source_artifact_referenced,False,keep,Required canonical delivery/code/documentation file.
outputs/experiments/mock/seed_2026/lstm/ldp/fixed_attacker/confusion.json,1755,,,source_artifact_referenced,True,keep,Referenced by final summaries or delivery documentation.
outputs/experiments/mock/seed_2026/lstm/ldp/fixed_attacker/defense_report.json,1511,,,source_artifact_referenced,True,keep,Referenced by final summaries or delivery documentation.
outputs/experiments/mock/seed_2026/lstm/ldp/fixed_attacker/metrics.json,1755,,,source_artifact_referenced,False,keep,Required canonical delivery/code/documentation file.
outputs/experiments/mock/seed_2026/lstm/ldp/fixed_attacker/parameter_scan/comparison_results.csv,1997,,,source_artifact_referenced,True,keep,Referenced by final summaries or delivery documentation.
outputs/experiments/mock/seed_2026/lstm/ldp/fixed_attacker/parameter_scan/plot_accuracy.png,47643,,,source_artifact_referenced,False,keep,Required canonical delivery/code/documentation file.
outputs/experiments/mock/seed_2026/lstm/ldp/fixed_attacker/parameter_scan/plot_distortion.png,27447,,,source_artifact_referenced,False,keep,Required canonical delivery/code/documentation file.
outputs/experiments/mock/seed_2026/lstm/ldp/fixed_attacker/parameter_scan/scan_summary.json,410,,,source_artifact_referenced,False,keep,Required canonical delivery/code/documentation file.
outputs/experiments/mock/seed_2026/lstm/ldp/fixed_attacker/parameter_scan/scan_trace.json,281,,,source_artifact_referenced,False,keep,Required canonical delivery/code/documentation file.
outputs/experiments/mock/seed_2026/lstm/ldp/fixed_attacker/source_manifest.json,1535,,,source_artifact_referenced,False,keep,Required canonical delivery/code/documentation file.
outputs/experiments/mock/seed_2026/lstm/ldp/fixed_attacker/trace.json,372,,,source_artifact_referenced,False,keep,Required canonical delivery/code/documentation file.
outputs/experiments/mock/seed_2026/lstm/ldp/retrain_attacker/classification_report.txt,174,,,source_artifact_referenced,False,keep,Required canonical delivery/code/documentation file.
outputs/experiments/mock/seed_2026/lstm/ldp/retrain_attacker/confusion.json,1789,,,source_artifact_referenced,True,keep,Referenced by final summaries or delivery documentation.
outputs/experiments/mock/seed_2026/lstm/ldp/retrain_attacker/defense_report.json,1511,,,source_artifact_referenced,True,keep,Referenced by final summaries or delivery documentation.
outputs/experiments/mock/seed_2026/lstm/ldp/retrain_attacker/metrics.json,1789,,,source_artifact_referenced,False,keep,Required canonical delivery/code/documentation file.
outputs/experiments/mock/seed_2026/lstm/ldp/retrain_attacker/parameter_scan/comparison_results.csv,2027,,,source_artifact_referenced,True,keep,Referenced by final summaries or delivery documentation.
outputs/experiments/mock/seed_2026/lstm/ldp/retrain_attacker/parameter_scan/plot_accuracy.png,37788,,,source_artifact_referenced,False,keep,Required canonical delivery/code/documentation file.
outputs/experiments/mock/seed_2026/lstm/ldp/retrain_attacker/parameter_scan/plot_distortion.png,29072,,,source_artifact_referenced,False,keep,Required canonical delivery/code/documentation file.
outputs/experiments/mock/seed_2026/lstm/ldp/retrain_attacker/parameter_scan/scan_summary.json,416,,,source_artifact_referenced,False,keep,Required canonical delivery/code/documentation file.
outputs/experiments/mock/seed_2026/lstm/ldp/retrain_attacker/parameter_scan/scan_trace.json,285,,,source_artifact_referenced,False,keep,Required canonical delivery/code/documentation file.
outputs/experiments/mock/seed_2026/lstm/ldp/retrain_attacker/source_manifest.json,1557,,,source_artifact_referenced,False,keep,Required canonical delivery/code/documentation file.
outputs/experiments/mock/seed_2026/lstm/ldp/retrain_attacker/trace.json,376,,,source_artifact_referenced,False,keep,Required canonical delivery/code/documentation file.
outputs/experiments/mock/seed_2026/lstm/noise/fixed_attacker/classification_report.txt,174,,,source_artifact_referenced,False,keep,Required canonical delivery/code/documentation file.
outputs/experiments/mock/seed_2026/lstm/noise/fixed_attacker/confusion.json,1767,,,source_artifact_referenced,True,keep,Referenced by final summaries or delivery documentation.
outputs/experiments/mock/seed_2026/lstm/noise/fixed_attacker/defense_report.json,1526,,,source_artifact_referenced,True,keep,Referenced by final summaries or delivery documentation.
outputs/experiments/mock/seed_2026/lstm/noise/fixed_attacker/metrics.json,1767,,,source_artifact_referenced,False,keep,Required canonical delivery/code/documentation file.
outputs/experiments/mock/seed_2026/lstm/noise/fixed_attacker/parameter_scan/comparison_results.csv,1686,,,source_artifact_referenced,True,keep,Referenced by final summaries or delivery documentation.
outputs/experiments/mock/seed_2026/lstm/noise/fixed_attacker/parameter_scan/plot_distortion.png,61930,,,source_artifact_referenced,False,keep,Required canonical delivery/code/documentation file.
outputs/experiments/mock/seed_2026/lstm/noise/fixed_attacker/parameter_scan/scan_summary.json,416,,,source_artifact_referenced,False,keep,Required canonical delivery/code/documentation file.
outputs/experiments/mock/seed_2026/lstm/noise/fixed_attacker/parameter_scan/scan_trace.json,285,,,source_artifact_referenced,False,keep,Required canonical delivery/code/documentation file.
outputs/experiments/mock/seed_2026/lstm/noise/fixed_attacker/source_manifest.json,1557,,,source_artifact_referenced,False,keep,Required canonical delivery/code/documentation file.
outputs/experiments/mock/seed_2026/lstm/noise/fixed_attacker/trace.json,376,,,source_artifact_referenced,False,keep,Required canonical delivery/code/documentation file.
outputs/experiments/mock/seed_2026/lstm/noise/retrain_attacker/classification_report.txt,176,,,source_artifact_referenced,False,keep,Required canonical delivery/code/documentation file.
outputs/experiments/mock/seed_2026/lstm/noise/retrain_attacker/confusion.json,1757,,,source_artifact_referenced,True,keep,Referenced by final summaries or delivery documentation.
outputs/experiments/mock/seed_2026/lstm/noise/retrain_attacker/defense_report.json,1526,,,source_artifact_referenced,True,keep,Referenced by final summaries or delivery documentation.
outputs/experiments/mock/seed_2026/lstm/noise/retrain_attacker/metrics.json,1757,,,source_artifact_referenced,False,keep,Required canonical delivery/code/documentation file.
outputs/experiments/mock/seed_2026/lstm/noise/retrain_attacker/parameter_scan/comparison_results.csv,1707,,,source_artifact_referenced,True,keep,Referenced by final summaries or delivery documentation.
outputs/experiments/mock/seed_2026/lstm/noise/retrain_attacker/parameter_scan/plot_accuracy.png,39028,,,source_artifact_referenced,False,keep,Required canonical delivery/code/documentation file.
outputs/experiments/mock/seed_2026/lstm/noise/retrain_attacker/parameter_scan/plot_distortion.png,37698,,,source_artifact_referenced,False,keep,Required canonical delivery/code/documentation file.
outputs/experiments/mock/seed_2026/lstm/noise/retrain_attacker/parameter_scan/scan_summary.json,422,,,source_artifact_referenced,False,keep,Required canonical delivery/code/documentation file.
outputs/experiments/mock/seed_2026/lstm/noise/retrain_attacker/parameter_scan/scan_trace.json,289,,,source_artifact_referenced,False,keep,Required canonical delivery/code/documentation file.
outputs/experiments/mock/seed_2026/lstm/noise/retrain_attacker/source_manifest.json,1579,,,source_artifact_referenced,False,keep,Required canonical delivery/code/documentation file.
outputs/experiments/mock/seed_2026/lstm/noise/retrain_attacker/trace.json,380,,,source_artifact_referenced,False,keep,Required canonical delivery/code/documentation file.
outputs/experiments/mock/seed_2026/mlp/adaptive_ldp/fixed_attacker/classification_report.txt,180,,,source_artifact_referenced,False,keep,Required canonical delivery/code/documentation file.
outputs/experiments/mock/seed_2026/mlp/adaptive_ldp/fixed_attacker/confusion.json,1153,,,source_artifact_referenced,True,keep,Referenced by final summaries or delivery documentation.
outputs/experiments/mock/seed_2026/mlp/adaptive_ldp/fixed_attacker/defense_report.json,1534,,,source_artifact_referenced,True,keep,Referenced by final summaries or delivery documentation.
outputs/experiments/mock/seed_2026/mlp/adaptive_ldp/fixed_attacker/metrics.json,1153,,,source_artifact_referenced,False,keep,Required canonical delivery/code/documentation file.
outputs/experiments/mock/seed_2026/mlp/adaptive_ldp/fixed_attacker/parameter_scan/comparison_results.csv,2660,,,source_artifact_referenced,True,keep,Referenced by final summaries or delivery documentation.
outputs/experiments/mock/seed_2026/mlp/adaptive_ldp/fixed_attacker/parameter_scan/plot_accuracy.png,45587,,,source_artifact_referenced,False,keep,Required canonical delivery/code/documentation file.
outputs/experiments/mock/seed_2026/mlp/adaptive_ldp/fixed_attacker/parameter_scan/plot_distortion.png,52991,,,source_artifact_referenced,False,keep,Required canonical delivery/code/documentation file.
outputs/experiments/mock/seed_2026/mlp/adaptive_ldp/fixed_attacker/parameter_scan/profile_config.json,1620,,,source_artifact_referenced,False,keep,Required canonical delivery/code/documentation file.
outputs/experiments/mock/seed_2026/mlp/adaptive_ldp/fixed_attacker/parameter_scan/scan_summary.json,434,,,source_artifact_referenced,False,keep,Required canonical delivery/code/documentation file.
outputs/experiments/mock/seed_2026/mlp/adaptive_ldp/fixed_attacker/parameter_scan/scan_trace.json,297,,,source_artifact_referenced,False,keep,Required canonical delivery/code/documentation file.
outputs/experiments/mock/seed_2026/mlp/adaptive_ldp/fixed_attacker/source_manifest.json,1622,,,source_artifact_referenced,False,keep,Required canonical delivery/code/documentation file.
outputs/experiments/mock/seed_2026/mlp/adaptive_ldp/fixed_attacker/trace.json,389,,,source_artifact_referenced,False,keep,Required canonical delivery/code/documentation file.
outputs/experiments/mock/seed_2026/mlp/adaptive_ldp/retrain_attacker/classification_report.txt,182,,,source_artifact_referenced,False,keep,Required canonical delivery/code/documentation file.
outputs/experiments/mock/seed_2026/mlp/adaptive_ldp/retrain_attacker/confusion.json,1732,,,source_artifact_referenced,True,keep,Referenced by final summaries or delivery documentation.
outputs/experiments/mock/seed_2026/mlp/adaptive_ldp/retrain_attacker/defense_report.json,1534,,,source_artifact_referenced,True,keep,Referenced by final summaries or delivery documentation.
outputs/experiments/mock/seed_2026/mlp/adaptive_ldp/retrain_attacker/metrics.json,1732,,,source_artifact_referenced,False,keep,Required canonical delivery/code/documentation file.
outputs/experiments/mock/seed_2026/mlp/adaptive_ldp/retrain_attacker/parameter_scan/comparison_results.csv,2685,,,source_artifact_referenced,True,keep,Referenced by final summaries or delivery documentation.
outputs/experiments/mock/seed_2026/mlp/adaptive_ldp/retrain_attacker/parameter_scan/plot_accuracy.png,61959,,,source_artifact_referenced,False,keep,Required canonical delivery/code/documentation file.
outputs/experiments/mock/seed_2026/mlp/adaptive_ldp/retrain_attacker/parameter_scan/plot_distortion.png,52991,,,source_artifact_referenced,False,keep,Required canonical delivery/code/documentation file.
outputs/experiments/mock/seed_2026/mlp/adaptive_ldp/retrain_attacker/parameter_scan/profile_config.json,1620,,,source_artifact_referenced,False,keep,Required canonical delivery/code/documentation file.
outputs/experiments/mock/seed_2026/mlp/adaptive_ldp/retrain_attacker/parameter_scan/scan_summary.json,440,,,source_artifact_referenced,False,keep,Required canonical delivery/code/documentation file.
outputs/experiments/mock/seed_2026/mlp/adaptive_ldp/retrain_attacker/parameter_scan/scan_trace.json,301,,,source_artifact_referenced,False,keep,Required canonical delivery/code/documentation file.
outputs/experiments/mock/seed_2026/mlp/adaptive_ldp/retrain_attacker/source_manifest.json,1644,,,source_artifact_referenced,False,keep,Required canonical delivery/code/documentation file.
outputs/experiments/mock/seed_2026/mlp/adaptive_ldp/retrain_attacker/trace.json,393,,,source_artifact_referenced,False,keep,Required canonical delivery/code/documentation file.
outputs/experiments/mock/seed_2026/mlp/baseline/baseline_classification_report.txt,191,,,source_artifact_referenced,False,keep,Required canonical delivery/code/documentation file.
outputs/experiments/mock/seed_2026/mlp/baseline/baseline_confusion.json,1748,,,source_artifact_referenced,True,keep,Referenced by final summaries or delivery documentation.
outputs/experiments/mock/seed_2026/mlp/baseline/baseline_metrics.json,1748,,,source_artifact_referenced,False,keep,Required canonical delivery/code/documentation file.
outputs/experiments/mock/seed_2026/mlp/baseline/source_manifest.json,500,,,source_artifact_referenced,False,keep,Required canonical delivery/code/documentation file.
outputs/experiments/mock/seed_2026/mlp/ldp/fixed_attacker/classification_report.txt,171,,,source_artifact_referenced,False,keep,Required canonical delivery/code/documentation file.
outputs/experiments/mock/seed_2026/mlp/ldp/fixed_attacker/confusion.json,1153,,,source_artifact_referenced,True,keep,Referenced by final summaries or delivery documentation.
outputs/experiments/mock/seed_2026/mlp/ldp/fixed_attacker/defense_report.json,1511,,,source_artifact_referenced,True,keep,Referenced by final summaries or delivery documentation.
outputs/experiments/mock/seed_2026/mlp/ldp/fixed_attacker/metrics.json,1153,,,source_artifact_referenced,False,keep,Required canonical delivery/code/documentation file.
outputs/experiments/mock/seed_2026/mlp/ldp/fixed_attacker/parameter_scan/comparison_results.csv,1990,,,source_artifact_referenced,True,keep,Referenced by final summaries or delivery documentation.
outputs/experiments/mock/seed_2026/mlp/ldp/fixed_attacker/parameter_scan/plot_accuracy.png,23550,,,source_artifact_referenced,False,keep,Required canonical delivery/code/documentation file.
outputs/experiments/mock/seed_2026/mlp/ldp/fixed_attacker/parameter_scan/plot_distortion.png,29072,,,source_artifact_referenced,False,keep,Required canonical delivery/code/documentation file.
outputs/experiments/mock/seed_2026/mlp/ldp/fixed_attacker/parameter_scan/scan_summary.json,407,,,source_artifact_referenced,False,keep,Required canonical delivery/code/documentation file.
outputs/experiments/mock/seed_2026/mlp/ldp/fixed_attacker/parameter_scan/scan_trace.json,279,,,source_artifact_referenced,False,keep,Required canonical delivery/code/documentation file.
outputs/experiments/mock/seed_2026/mlp/ldp/fixed_attacker/source_manifest.json,1523,,,source_artifact_referenced,False,keep,Required canonical delivery/code/documentation file.
outputs/experiments/mock/seed_2026/mlp/ldp/fixed_attacker/trace.json,371,,,source_artifact_referenced,False,keep,Required canonical delivery/code/documentation file.
outputs/experiments/mock/seed_2026/mlp/ldp/retrain_attacker/classification_report.txt,173,,,source_artifact_referenced,False,keep,Required canonical delivery/code/documentation file.
outputs/experiments/mock/seed_2026/mlp/ldp/retrain_attacker/confusion.json,1773,,,source_artifact_referenced,True,keep,Referenced by final summaries or delivery documentation.
outputs/experiments/mock/seed_2026/mlp/ldp/retrain_attacker/defense_report.json,1511,,,source_artifact_referenced,True,keep,Referenced by final summaries or delivery documentation.
outputs/experiments/mock/seed_2026/mlp/ldp/retrain_attacker/metrics.json,1773,,,source_artifact_referenced,False,keep,Required canonical delivery/code/documentation file.
outputs/experiments/mock/seed_2026/mlp/ldp/retrain_attacker/parameter_scan/comparison_results.csv,2000,,,source_artifact_referenced,True,keep,Referenced by final summaries or delivery documentation.
outputs/experiments/mock/seed_2026/mlp/ldp/retrain_attacker/parameter_scan/plot_accuracy.png,41374,,,source_artifact_referenced,False,keep,Required canonical delivery/code/documentation file.
outputs/experiments/mock/seed_2026/mlp/ldp/retrain_attacker/parameter_scan/plot_distortion.png,29072,,,source_artifact_referenced,False,keep,Required canonical delivery/code/documentation file.
outputs/experiments/mock/seed_2026/mlp/ldp/retrain_attacker/parameter_scan/scan_summary.json,413,,,source_artifact_referenced,False,keep,Required canonical delivery/code/documentation file.
outputs/experiments/mock/seed_2026/mlp/ldp/retrain_attacker/parameter_scan/scan_trace.json,283,,,source_artifact_referenced,False,keep,Required canonical delivery/code/documentation file.
outputs/experiments/mock/seed_2026/mlp/ldp/retrain_attacker/source_manifest.json,1545,,,source_artifact_referenced,False,keep,Required canonical delivery/code/documentation file.
outputs/experiments/mock/seed_2026/mlp/ldp/retrain_attacker/trace.json,375,,,source_artifact_referenced,False,keep,Required canonical delivery/code/documentation file.
outputs/experiments/mock/seed_2026/mlp/noise/fixed_attacker/classification_report.txt,173,,,source_artifact_referenced,False,keep,Required canonical delivery/code/documentation file.
outputs/experiments/mock/seed_2026/mlp/noise/fixed_attacker/confusion.json,1643,,,source_artifact_referenced,True,keep,Referenced by final summaries or delivery documentation.
outputs/experiments/mock/seed_2026/mlp/noise/fixed_attacker/defense_report.json,1526,,,source_artifact_referenced,True,keep,Referenced by final summaries or delivery documentation.
outputs/experiments/mock/seed_2026/mlp/noise/fixed_attacker/metrics.json,1643,,,source_artifact_referenced,False,keep,Required canonical delivery/code/documentation file.
outputs/experiments/mock/seed_2026/mlp/noise/fixed_attacker/parameter_scan/comparison_results.csv,1674,,,source_artifact_referenced,True,keep,Referenced by final summaries or delivery documentation.
outputs/experiments/mock/seed_2026/mlp/noise/fixed_attacker/parameter_scan/plot_accuracy.png,38427,,,source_artifact_referenced,False,keep,Required canonical delivery/code/documentation file.
outputs/experiments/mock/seed_2026/mlp/noise/fixed_attacker/parameter_scan/plot_distortion.png,37698,,,source_artifact_referenced,False,keep,Required canonical delivery/code/documentation file.
outputs/experiments/mock/seed_2026/mlp/noise/fixed_attacker/parameter_scan/scan_summary.json,413,,,source_artifact_referenced,False,keep,Required canonical delivery/code/documentation file.
outputs/experiments/mock/seed_2026/mlp/noise/fixed_attacker/parameter_scan/scan_trace.json,283,,,source_artifact_referenced,False,keep,Required canonical delivery/code/documentation file.
outputs/experiments/mock/seed_2026/mlp/noise/fixed_attacker/source_manifest.json,1545,,,source_artifact_referenced,False,keep,Required canonical delivery/code/documentation file.
outputs/experiments/mock/seed_2026/mlp/noise/fixed_attacker/trace.json,375,,,source_artifact_referenced,False,keep,Required canonical delivery/code/documentation file.
outputs/experiments/mock/seed_2026/mlp/noise/retrain_attacker/classification_report.txt,175,,,source_artifact_referenced,False,keep,Required canonical delivery/code/documentation file.
outputs/experiments/mock/seed_2026/mlp/noise/retrain_attacker/confusion.json,1791,,,source_artifact_referenced,True,keep,Referenced by final summaries or delivery documentation.
outputs/experiments/mock/seed_2026/mlp/noise/retrain_attacker/defense_report.json,1526,,,source_artifact_referenced,True,keep,Referenced by final summaries or delivery documentation.
outputs/experiments/mock/seed_2026/mlp/noise/retrain_attacker/metrics.json,1791,,,source_artifact_referenced,False,keep,Required canonical delivery/code/documentation file.
outputs/experiments/mock/seed_2026/mlp/noise/retrain_attacker/parameter_scan/comparison_results.csv,1697,,,source_artifact_referenced,True,keep,Referenced by final summaries or delivery documentation.
outputs/experiments/mock/seed_2026/mlp/noise/retrain_attacker/parameter_scan/plot_accuracy.png,45548,,,source_artifact_referenced,False,keep,Required canonical delivery/code/documentation file.
outputs/experiments/mock/seed_2026/mlp/noise/retrain_attacker/parameter_scan/plot_distortion.png,37698,,,source_artifact_referenced,False,keep,Required canonical delivery/code/documentation file.
outputs/experiments/mock/seed_2026/mlp/noise/retrain_attacker/parameter_scan/scan_summary.json,419,,,source_artifact_referenced,False,keep,Required canonical delivery/code/documentation file.
outputs/experiments/mock/seed_2026/mlp/noise/retrain_attacker/parameter_scan/scan_trace.json,287,,,source_artifact_referenced,False,keep,Required canonical delivery/code/documentation file.
outputs/experiments/mock/seed_2026/mlp/noise/retrain_attacker/source_manifest.json,1567,,,source_artifact_referenced,False,keep,Required canonical delivery/code/documentation file.
outputs/experiments/mock/seed_2026/mlp/noise/retrain_attacker/trace.json,379,,,source_artifact_referenced,False,keep,Required canonical delivery/code/documentation file.
outputs/experiments/mock/seed_42/lstm/adaptive_ldp/fixed_attacker/classification_report.txt,179,,,source_artifact_referenced,False,keep,Required canonical delivery/code/documentation file.
outputs/experiments/mock/seed_42/lstm/adaptive_ldp/fixed_attacker/confusion.json,1743,,,source_artifact_referenced,True,keep,Referenced by final summaries or delivery documentation.
outputs/experiments/mock/seed_42/lstm/adaptive_ldp/fixed_attacker/defense_report.json,1524,,,source_artifact_referenced,True,keep,Referenced by final summaries or delivery documentation.
outputs/experiments/mock/seed_42/lstm/adaptive_ldp/fixed_attacker/metrics.json,1743,,,source_artifact_referenced,False,keep,Required canonical delivery/code/documentation file.
outputs/experiments/mock/seed_42/lstm/adaptive_ldp/fixed_attacker/parameter_scan/comparison_results.csv,2641,,,source_artifact_referenced,True,keep,Referenced by final summaries or delivery documentation.
outputs/experiments/mock/seed_42/lstm/adaptive_ldp/fixed_attacker/parameter_scan/plot_accuracy.png,60182,,,source_artifact_referenced,False,keep,Required canonical delivery/code/documentation file.
outputs/experiments/mock/seed_42/lstm/adaptive_ldp/fixed_attacker/parameter_scan/plot_distortion.png,52864,,,source_artifact_referenced,False,keep,Required canonical delivery/code/documentation file.
outputs/experiments/mock/seed_42/lstm/adaptive_ldp/fixed_attacker/parameter_scan/profile_config.json,1620,,,source_artifact_referenced,False,keep,Required canonical delivery/code/documentation file.
outputs/experiments/mock/seed_42/lstm/adaptive_ldp/fixed_attacker/parameter_scan/scan_summary.json,431,,,source_artifact_referenced,False,keep,Required canonical delivery/code/documentation file.
outputs/experiments/mock/seed_42/lstm/adaptive_ldp/fixed_attacker/parameter_scan/scan_trace.json,295,,,source_artifact_referenced,False,keep,Required canonical delivery/code/documentation file.
outputs/experiments/mock/seed_42/lstm/adaptive_ldp/fixed_attacker/source_manifest.json,1610,,,source_artifact_referenced,False,keep,Required canonical delivery/code/documentation file.
outputs/experiments/mock/seed_42/lstm/adaptive_ldp/fixed_attacker/trace.json,386,,,source_artifact_referenced,False,keep,Required canonical delivery/code/documentation file.
outputs/experiments/mock/seed_42/lstm/adaptive_ldp/retrain_attacker/classification_report.txt,181,,,source_artifact_referenced,False,keep,Required canonical delivery/code/documentation file.
outputs/experiments/mock/seed_42/lstm/adaptive_ldp/retrain_attacker/confusion.json,1761,,,source_artifact_referenced,True,keep,Referenced by final summaries or delivery documentation.
outputs/experiments/mock/seed_42/lstm/adaptive_ldp/retrain_attacker/defense_report.json,1524,,,source_artifact_referenced,True,keep,Referenced by final summaries or delivery documentation.
outputs/experiments/mock/seed_42/lstm/adaptive_ldp/retrain_attacker/metrics.json,1761,,,source_artifact_referenced,False,keep,Required canonical delivery/code/documentation file.
outputs/experiments/mock/seed_42/lstm/adaptive_ldp/retrain_attacker/parameter_scan/comparison_results.csv,2675,,,source_artifact_referenced,True,keep,Referenced by final summaries or delivery documentation.
outputs/experiments/mock/seed_42/lstm/adaptive_ldp/retrain_attacker/parameter_scan/plot_accuracy.png,66579,,,source_artifact_referenced,False,keep,Required canonical delivery/code/documentation file.
outputs/experiments/mock/seed_42/lstm/adaptive_ldp/retrain_attacker/parameter_scan/plot_distortion.png,52864,,,source_artifact_referenced,False,keep,Required canonical delivery/code/documentation file.
outputs/experiments/mock/seed_42/lstm/adaptive_ldp/retrain_attacker/parameter_scan/profile_config.json,1620,,,source_artifact_referenced,False,keep,Required canonical delivery/code/documentation file.
outputs/experiments/mock/seed_42/lstm/adaptive_ldp/retrain_attacker/parameter_scan/scan_summary.json,437,,,source_artifact_referenced,False,keep,Required canonical delivery/code/documentation file.
outputs/experiments/mock/seed_42/lstm/adaptive_ldp/retrain_attacker/parameter_scan/scan_trace.json,299,,,source_artifact_referenced,False,keep,Required canonical delivery/code/documentation file.
outputs/experiments/mock/seed_42/lstm/adaptive_ldp/retrain_attacker/source_manifest.json,1632,,,source_artifact_referenced,False,keep,Required canonical delivery/code/documentation file.
outputs/experiments/mock/seed_42/lstm/adaptive_ldp/retrain_attacker/trace.json,390,,,source_artifact_referenced,False,keep,Required canonical delivery/code/documentation file.
outputs/experiments/mock/seed_42/lstm/baseline/baseline_classification_report.txt,190,,,source_artifact_referenced,False,keep,Required canonical delivery/code/documentation file.
outputs/experiments/mock/seed_42/lstm/baseline/baseline_confusion.json,1749,,,source_artifact_referenced,True,keep,Referenced by final summaries or delivery documentation.
outputs/experiments/mock/seed_42/lstm/baseline/baseline_metrics.json,1749,,,source_artifact_referenced,False,keep,Required canonical delivery/code/documentation file.
outputs/experiments/mock/seed_42/lstm/baseline/source_manifest.json,497,,,source_artifact_referenced,False,keep,Required canonical delivery/code/documentation file.
outputs/experiments/mock/seed_42/lstm/ldp/fixed_attacker/classification_report.txt,170,,,source_artifact_referenced,False,keep,Required canonical delivery/code/documentation file.
outputs/experiments/mock/seed_42/lstm/ldp/fixed_attacker/confusion.json,1743,,,source_artifact_referenced,True,keep,Referenced by final summaries or delivery documentation.
outputs/experiments/mock/seed_42/lstm/ldp/fixed_attacker/defense_report.json,1514,,,source_artifact_referenced,True,keep,Referenced by final summaries or delivery documentation.
outputs/experiments/mock/seed_42/lstm/ldp/fixed_attacker/metrics.json,1743,,,source_artifact_referenced,False,keep,Required canonical delivery/code/documentation file.
outputs/experiments/mock/seed_42/lstm/ldp/fixed_attacker/parameter_scan/comparison_results.csv,1971,,,source_artifact_referenced,True,keep,Referenced by final summaries or delivery documentation.
outputs/experiments/mock/seed_42/lstm/ldp/fixed_attacker/parameter_scan/plot_accuracy.png,42705,,,source_artifact_referenced,False,keep,Required canonical delivery/code/documentation file.
outputs/experiments/mock/seed_42/lstm/ldp/fixed_attacker/parameter_scan/plot_distortion.png,27493,,,source_artifact_referenced,False,keep,Required canonical delivery/code/documentation file.
outputs/experiments/mock/seed_42/lstm/ldp/fixed_attacker/parameter_scan/scan_summary.json,404,,,source_artifact_referenced,False,keep,Required canonical delivery/code/documentation file.
outputs/experiments/mock/seed_42/lstm/ldp/fixed_attacker/parameter_scan/scan_trace.json,277,,,source_artifact_referenced,False,keep,Required canonical delivery/code/documentation file.
outputs/experiments/mock/seed_42/lstm/ldp/fixed_attacker/source_manifest.json,1511,,,source_artifact_referenced,False,keep,Required canonical delivery/code/documentation file.
outputs/experiments/mock/seed_42/lstm/ldp/fixed_attacker/trace.json,368,,,source_artifact_referenced,False,keep,Required canonical delivery/code/documentation file.
outputs/experiments/mock/seed_42/lstm/ldp/retrain_attacker/classification_report.txt,172,,,source_artifact_referenced,False,keep,Required canonical delivery/code/documentation file.
outputs/experiments/mock/seed_42/lstm/ldp/retrain_attacker/confusion.json,1777,,,source_artifact_referenced,True,keep,Referenced by final summaries or delivery documentation.
outputs/experiments/mock/seed_42/lstm/ldp/retrain_attacker/defense_report.json,1514,,,source_artifact_referenced,True,keep,Referenced by final summaries or delivery documentation.
outputs/experiments/mock/seed_42/lstm/ldp/retrain_attacker/metrics.json,1777,,,source_artifact_referenced,False,keep,Required canonical delivery/code/documentation file.
outputs/experiments/mock/seed_42/lstm/ldp/retrain_attacker/parameter_scan/comparison_results.csv,1996,,,source_artifact_referenced,True,keep,Referenced by final summaries or delivery documentation.
outputs/experiments/mock/seed_42/lstm/ldp/retrain_attacker/parameter_scan/plot_accuracy.png,36415,,,source_artifact_referenced,False,keep,Required canonical delivery/code/documentation file.
outputs/experiments/mock/seed_42/lstm/ldp/retrain_attacker/parameter_scan/plot_distortion.png,28973,,,source_artifact_referenced,False,keep,Required canonical delivery/code/documentation file.
outputs/experiments/mock/seed_42/lstm/ldp/retrain_attacker/parameter_scan/scan_summary.json,410,,,source_artifact_referenced,False,keep,Required canonical delivery/code/documentation file.
outputs/experiments/mock/seed_42/lstm/ldp/retrain_attacker/parameter_scan/scan_trace.json,281,,,source_artifact_referenced,False,keep,Required canonical delivery/code/documentation file.
outputs/experiments/mock/seed_42/lstm/ldp/retrain_attacker/source_manifest.json,1533,,,source_artifact_referenced,False,keep,Required canonical delivery/code/documentation file.
outputs/experiments/mock/seed_42/lstm/ldp/retrain_attacker/trace.json,372,,,source_artifact_referenced,False,keep,Required canonical delivery/code/documentation file.
outputs/experiments/mock/seed_42/lstm/noise/fixed_attacker/classification_report.txt,172,,,source_artifact_referenced,False,keep,Required canonical delivery/code/documentation file.
outputs/experiments/mock/seed_42/lstm/noise/fixed_attacker/confusion.json,1753,,,source_artifact_referenced,True,keep,Referenced by final summaries or delivery documentation.
outputs/experiments/mock/seed_42/lstm/noise/fixed_attacker/defense_report.json,1499,,,source_artifact_referenced,True,keep,Referenced by final summaries or delivery documentation.
outputs/experiments/mock/seed_42/lstm/noise/fixed_attacker/metrics.json,1753,,,source_artifact_referenced,False,keep,Required canonical delivery/code/documentation file.
outputs/experiments/mock/seed_42/lstm/noise/fixed_attacker/parameter_scan/comparison_results.csv,1665,,,source_artifact_referenced,True,keep,Referenced by final summaries or delivery documentation.
outputs/experiments/mock/seed_42/lstm/noise/fixed_attacker/parameter_scan/plot_distortion.png,59547,,,source_artifact_referenced,False,keep,Required canonical delivery/code/documentation file.
outputs/experiments/mock/seed_42/lstm/noise/fixed_attacker/parameter_scan/scan_summary.json,410,,,source_artifact_referenced,False,keep,Required canonical delivery/code/documentation file.
outputs/experiments/mock/seed_42/lstm/noise/fixed_attacker/parameter_scan/scan_trace.json,281,,,source_artifact_referenced,False,keep,Required canonical delivery/code/documentation file.
outputs/experiments/mock/seed_42/lstm/noise/fixed_attacker/source_manifest.json,1533,,,source_artifact_referenced,False,keep,Required canonical delivery/code/documentation file.
outputs/experiments/mock/seed_42/lstm/noise/fixed_attacker/trace.json,372,,,source_artifact_referenced,False,keep,Required canonical delivery/code/documentation file.
outputs/experiments/mock/seed_42/lstm/noise/retrain_attacker/classification_report.txt,174,,,source_artifact_referenced,False,keep,Required canonical delivery/code/documentation file.
outputs/experiments/mock/seed_42/lstm/noise/retrain_attacker/confusion.json,1776,,,source_artifact_referenced,True,keep,Referenced by final summaries or delivery documentation.
outputs/experiments/mock/seed_42/lstm/noise/retrain_attacker/defense_report.json,1499,,,source_artifact_referenced,True,keep,Referenced by final summaries or delivery documentation.
outputs/experiments/mock/seed_42/lstm/noise/retrain_attacker/metrics.json,1776,,,source_artifact_referenced,False,keep,Required canonical delivery/code/documentation file.
outputs/experiments/mock/seed_42/lstm/noise/retrain_attacker/parameter_scan/comparison_results.csv,1683,,,source_artifact_referenced,True,keep,Referenced by final summaries or delivery documentation.
outputs/experiments/mock/seed_42/lstm/noise/retrain_attacker/parameter_scan/plot_accuracy.png,39871,,,source_artifact_referenced,False,keep,Required canonical delivery/code/documentation file.
outputs/experiments/mock/seed_42/lstm/noise/retrain_attacker/parameter_scan/plot_distortion.png,37618,,,source_artifact_referenced,False,keep,Required canonical delivery/code/documentation file.
outputs/experiments/mock/seed_42/lstm/noise/retrain_attacker/parameter_scan/scan_summary.json,416,,,source_artifact_referenced,False,keep,Required canonical delivery/code/documentation file.
outputs/experiments/mock/seed_42/lstm/noise/retrain_attacker/parameter_scan/scan_trace.json,285,,,source_artifact_referenced,False,keep,Required canonical delivery/code/documentation file.
outputs/experiments/mock/seed_42/lstm/noise/retrain_attacker/source_manifest.json,1555,,,source_artifact_referenced,False,keep,Required canonical delivery/code/documentation file.
outputs/experiments/mock/seed_42/lstm/noise/retrain_attacker/trace.json,376,,,source_artifact_referenced,False,keep,Required canonical delivery/code/documentation file.
outputs/experiments/mock/seed_42/mlp/adaptive_ldp/fixed_attacker/classification_report.txt,178,,,source_artifact_referenced,False,keep,Required canonical delivery/code/documentation file.
outputs/experiments/mock/seed_42/mlp/adaptive_ldp/fixed_attacker/confusion.json,1448,,,source_artifact_referenced,True,keep,Referenced by final summaries or delivery documentation.
outputs/experiments/mock/seed_42/mlp/adaptive_ldp/fixed_attacker/defense_report.json,1524,,,source_artifact_referenced,True,keep,Referenced by final summaries or delivery documentation.
outputs/experiments/mock/seed_42/mlp/adaptive_ldp/fixed_attacker/metrics.json,1448,,,source_artifact_referenced,False,keep,Required canonical delivery/code/documentation file.
outputs/experiments/mock/seed_42/mlp/adaptive_ldp/fixed_attacker/parameter_scan/comparison_results.csv,2622,,,source_artifact_referenced,True,keep,Referenced by final summaries or delivery documentation.
outputs/experiments/mock/seed_42/mlp/adaptive_ldp/fixed_attacker/parameter_scan/plot_accuracy.png,66115,,,source_artifact_referenced,False,keep,Required canonical delivery/code/documentation file.
outputs/experiments/mock/seed_42/mlp/adaptive_ldp/fixed_attacker/parameter_scan/plot_distortion.png,52864,,,source_artifact_referenced,False,keep,Required canonical delivery/code/documentation file.
outputs/experiments/mock/seed_42/mlp/adaptive_ldp/fixed_attacker/parameter_scan/profile_config.json,1620,,,source_artifact_referenced,False,keep,Required canonical delivery/code/documentation file.
outputs/experiments/mock/seed_42/mlp/adaptive_ldp/fixed_attacker/parameter_scan/scan_summary.json,428,,,source_artifact_referenced,False,keep,Required canonical delivery/code/documentation file.
outputs/experiments/mock/seed_42/mlp/adaptive_ldp/fixed_attacker/parameter_scan/scan_trace.json,293,,,source_artifact_referenced,False,keep,Required canonical delivery/code/documentation file.
outputs/experiments/mock/seed_42/mlp/adaptive_ldp/fixed_attacker/source_manifest.json,1598,,,source_artifact_referenced,False,keep,Required canonical delivery/code/documentation file.
outputs/experiments/mock/seed_42/mlp/adaptive_ldp/fixed_attacker/trace.json,385,,,source_artifact_referenced,False,keep,Required canonical delivery/code/documentation file.
outputs/experiments/mock/seed_42/mlp/adaptive_ldp/retrain_attacker/classification_report.txt,180,,,source_artifact_referenced,False,keep,Required canonical delivery/code/documentation file.
outputs/experiments/mock/seed_42/mlp/adaptive_ldp/retrain_attacker/confusion.json,1754,,,source_artifact_referenced,True,keep,Referenced by final summaries or delivery documentation.
outputs/experiments/mock/seed_42/mlp/adaptive_ldp/retrain_attacker/defense_report.json,1524,,,source_artifact_referenced,True,keep,Referenced by final summaries or delivery documentation.
outputs/experiments/mock/seed_42/mlp/adaptive_ldp/retrain_attacker/metrics.json,1754,,,source_artifact_referenced,False,keep,Required canonical delivery/code/documentation file.
outputs/experiments/mock/seed_42/mlp/adaptive_ldp/retrain_attacker/parameter_scan/comparison_results.csv,2652,,,source_artifact_referenced,True,keep,Referenced by final summaries or delivery documentation.
outputs/experiments/mock/seed_42/mlp/adaptive_ldp/retrain_attacker/parameter_scan/plot_accuracy.png,65846,,,source_artifact_referenced,False,keep,Required canonical delivery/code/documentation file.
outputs/experiments/mock/seed_42/mlp/adaptive_ldp/retrain_attacker/parameter_scan/plot_distortion.png,52864,,,source_artifact_referenced,False,keep,Required canonical delivery/code/documentation file.
outputs/experiments/mock/seed_42/mlp/adaptive_ldp/retrain_attacker/parameter_scan/profile_config.json,1620,,,source_artifact_referenced,False,keep,Required canonical delivery/code/documentation file.
outputs/experiments/mock/seed_42/mlp/adaptive_ldp/retrain_attacker/parameter_scan/scan_summary.json,434,,,source_artifact_referenced,False,keep,Required canonical delivery/code/documentation file.
outputs/experiments/mock/seed_42/mlp/adaptive_ldp/retrain_attacker/parameter_scan/scan_trace.json,297,,,source_artifact_referenced,False,keep,Required canonical delivery/code/documentation file.
outputs/experiments/mock/seed_42/mlp/adaptive_ldp/retrain_attacker/source_manifest.json,1620,,,source_artifact_referenced,False,keep,Required canonical delivery/code/documentation file.
outputs/experiments/mock/seed_42/mlp/adaptive_ldp/retrain_attacker/trace.json,389,,,source_artifact_referenced,False,keep,Required canonical delivery/code/documentation file.
outputs/experiments/mock/seed_42/mlp/baseline/baseline_classification_report.txt,189,,,source_artifact_referenced,False,keep,Required canonical delivery/code/documentation file.
outputs/experiments/mock/seed_42/mlp/baseline/baseline_confusion.json,1743,,,source_artifact_referenced,True,keep,Referenced by final summaries or delivery documentation.
outputs/experiments/mock/seed_42/mlp/baseline/baseline_metrics.json,1743,,,source_artifact_referenced,False,keep,Required canonical delivery/code/documentation file.
outputs/experiments/mock/seed_42/mlp/baseline/source_manifest.json,494,,,source_artifact_referenced,False,keep,Required canonical delivery/code/documentation file.
outputs/experiments/mock/seed_42/mlp/ldp/fixed_attacker/classification_report.txt,169,,,source_artifact_referenced,False,keep,Required canonical delivery/code/documentation file.
outputs/experiments/mock/seed_42/mlp/ldp/fixed_attacker/confusion.json,1156,,,source_artifact_referenced,True,keep,Referenced by final summaries or delivery documentation.
outputs/experiments/mock/seed_42/mlp/ldp/fixed_attacker/defense_report.json,1514,,,source_artifact_referenced,True,keep,Referenced by final summaries or delivery documentation.
outputs/experiments/mock/seed_42/mlp/ldp/fixed_attacker/metrics.json,1156,,,source_artifact_referenced,False,keep,Required canonical delivery/code/documentation file.
outputs/experiments/mock/seed_42/mlp/ldp/fixed_attacker/parameter_scan/comparison_results.csv,1959,,,source_artifact_referenced,True,keep,Referenced by final summaries or delivery documentation.
outputs/experiments/mock/seed_42/mlp/ldp/fixed_attacker/parameter_scan/plot_accuracy.png,31070,,,source_artifact_referenced,False,keep,Required canonical delivery/code/documentation file.
outputs/experiments/mock/seed_42/mlp/ldp/fixed_attacker/parameter_scan/plot_distortion.png,28973,,,source_artifact_referenced,False,keep,Required canonical delivery/code/documentation file.
outputs/experiments/mock/seed_42/mlp/ldp/fixed_attacker/parameter_scan/scan_summary.json,401,,,source_artifact_referenced,False,keep,Required canonical delivery/code/documentation file.
outputs/experiments/mock/seed_42/mlp/ldp/fixed_attacker/parameter_scan/scan_trace.json,275,,,source_artifact_referenced,False,keep,Required canonical delivery/code/documentation file.
outputs/experiments/mock/seed_42/mlp/ldp/fixed_attacker/source_manifest.json,1499,,,source_artifact_referenced,False,keep,Required canonical delivery/code/documentation file.
outputs/experiments/mock/seed_42/mlp/ldp/fixed_attacker/trace.json,367,,,source_artifact_referenced,False,keep,Required canonical delivery/code/documentation file.
outputs/experiments/mock/seed_42/mlp/ldp/retrain_attacker/classification_report.txt,171,,,source_artifact_referenced,False,keep,Required canonical delivery/code/documentation file.
outputs/experiments/mock/seed_42/mlp/ldp/retrain_attacker/confusion.json,1768,,,source_artifact_referenced,True,keep,Referenced by final summaries or delivery documentation.
outputs/experiments/mock/seed_42/mlp/ldp/retrain_attacker/defense_report.json,1514,,,source_artifact_referenced,True,keep,Referenced by final summaries or delivery documentation.
outputs/experiments/mock/seed_42/mlp/ldp/retrain_attacker/metrics.json,1768,,,source_artifact_referenced,False,keep,Required canonical delivery/code/documentation file.
outputs/experiments/mock/seed_42/mlp/ldp/retrain_attacker/parameter_scan/comparison_results.csv,1966,,,source_artifact_referenced,True,keep,Referenced by final summaries or delivery documentation.
outputs/experiments/mock/seed_42/mlp/ldp/retrain_attacker/parameter_scan/plot_accuracy.png,39884,,,source_artifact_referenced,False,keep,Required canonical delivery/code/documentation file.
outputs/experiments/mock/seed_42/mlp/ldp/retrain_attacker/parameter_scan/plot_distortion.png,28973,,,source_artifact_referenced,False,keep,Required canonical delivery/code/documentation file.
outputs/experiments/mock/seed_42/mlp/ldp/retrain_attacker/parameter_scan/scan_summary.json,407,,,source_artifact_referenced,False,keep,Required canonical delivery/code/documentation file.
outputs/experiments/mock/seed_42/mlp/ldp/retrain_attacker/parameter_scan/scan_trace.json,279,,,source_artifact_referenced,False,keep,Required canonical delivery/code/documentation file.
outputs/experiments/mock/seed_42/mlp/ldp/retrain_attacker/source_manifest.json,1521,,,source_artifact_referenced,False,keep,Required canonical delivery/code/documentation file.
outputs/experiments/mock/seed_42/mlp/ldp/retrain_attacker/trace.json,371,,,source_artifact_referenced,False,keep,Required canonical delivery/code/documentation file.
outputs/experiments/mock/seed_42/mlp/noise/fixed_attacker/classification_report.txt,171,,,source_artifact_referenced,False,keep,Required canonical delivery/code/documentation file.
outputs/experiments/mock/seed_42/mlp/noise/fixed_attacker/confusion.json,1738,,,source_artifact_referenced,True,keep,Referenced by final summaries or delivery documentation.
outputs/experiments/mock/seed_42/mlp/noise/fixed_attacker/defense_report.json,1499,,,source_artifact_referenced,True,keep,Referenced by final summaries or delivery documentation.
outputs/experiments/mock/seed_42/mlp/noise/fixed_attacker/metrics.json,1738,,,source_artifact_referenced,False,keep,Required canonical delivery/code/documentation file.
outputs/experiments/mock/seed_42/mlp/noise/fixed_attacker/parameter_scan/comparison_results.csv,1652,,,source_artifact_referenced,True,keep,Referenced by final summaries or delivery documentation.
outputs/experiments/mock/seed_42/mlp/noise/fixed_attacker/parameter_scan/plot_accuracy.png,36916,,,source_artifact_referenced,False,keep,Required canonical delivery/code/documentation file.
outputs/experiments/mock/seed_42/mlp/noise/fixed_attacker/parameter_scan/plot_distortion.png,37618,,,source_artifact_referenced,False,keep,Required canonical delivery/code/documentation file.
outputs/experiments/mock/seed_42/mlp/noise/fixed_attacker/parameter_scan/scan_summary.json,407,,,source_artifact_referenced,False,keep,Required canonical delivery/code/documentation file.
outputs/experiments/mock/seed_42/mlp/noise/fixed_attacker/parameter_scan/scan_trace.json,279,,,source_artifact_referenced,False,keep,Required canonical delivery/code/documentation file.
outputs/experiments/mock/seed_42/mlp/noise/fixed_attacker/source_manifest.json,1521,,,source_artifact_referenced,False,keep,Required canonical delivery/code/documentation file.
outputs/experiments/mock/seed_42/mlp/noise/fixed_attacker/trace.json,371,,,source_artifact_referenced,False,keep,Required canonical delivery/code/documentation file.
outputs/experiments/mock/seed_42/mlp/noise/retrain_attacker/classification_report.txt,173,,,source_artifact_referenced,False,keep,Required canonical delivery/code/documentation file.
outputs/experiments/mock/seed_42/mlp/noise/retrain_attacker/confusion.json,1751,,,source_artifact_referenced,True,keep,Referenced by final summaries or delivery documentation.
outputs/experiments/mock/seed_42/mlp/noise/retrain_attacker/defense_report.json,1499,,,source_artifact_referenced,True,keep,Referenced by final summaries or delivery documentation.
outputs/experiments/mock/seed_42/mlp/noise/retrain_attacker/metrics.json,1751,,,source_artifact_referenced,False,keep,Required canonical delivery/code/documentation file.
outputs/experiments/mock/seed_42/mlp/noise/retrain_attacker/parameter_scan/comparison_results.csv,1673,,,source_artifact_referenced,True,keep,Referenced by final summaries or delivery documentation.
outputs/experiments/mock/seed_42/mlp/noise/retrain_attacker/parameter_scan/plot_accuracy.png,40283,,,source_artifact_referenced,False,keep,Required canonical delivery/code/documentation file.
outputs/experiments/mock/seed_42/mlp/noise/retrain_attacker/parameter_scan/plot_distortion.png,37618,,,source_artifact_referenced,False,keep,Required canonical delivery/code/documentation file.
outputs/experiments/mock/seed_42/mlp/noise/retrain_attacker/parameter_scan/scan_summary.json,413,,,source_artifact_referenced,False,keep,Required canonical delivery/code/documentation file.
outputs/experiments/mock/seed_42/mlp/noise/retrain_attacker/parameter_scan/scan_trace.json,283,,,source_artifact_referenced,False,keep,Required canonical delivery/code/documentation file.
outputs/experiments/mock/seed_42/mlp/noise/retrain_attacker/source_manifest.json,1543,,,source_artifact_referenced,False,keep,Required canonical delivery/code/documentation file.
outputs/experiments/mock/seed_42/mlp/noise/retrain_attacker/trace.json,375,,,source_artifact_referenced,False,keep,Required canonical delivery/code/documentation file.
outputs/experiments/uci_har/seed_123/lstm/adaptive_ldp/fixed_attacker/classification_report.txt,183,,,source_artifact_referenced,False,keep,Required canonical delivery/code/documentation file.
outputs/experiments/uci_har/seed_123/lstm/adaptive_ldp/fixed_attacker/confusion.json,2087,,,source_artifact_referenced,True,keep,Referenced by final summaries or delivery documentation.
outputs/experiments/uci_har/seed_123/lstm/adaptive_ldp/fixed_attacker/defense_report.json,2110,,,source_artifact_referenced,True,keep,Referenced by final summaries or delivery documentation.
outputs/experiments/uci_har/seed_123/lstm/adaptive_ldp/fixed_attacker/metrics.json,2087,,,source_artifact_referenced,False,keep,Required canonical delivery/code/documentation file.
outputs/experiments/uci_har/seed_123/lstm/adaptive_ldp/fixed_attacker/parameter_scan/comparison_results.csv,2704,,,source_artifact_referenced,True,keep,Referenced by final summaries or delivery documentation.
outputs/experiments/uci_har/seed_123/lstm/adaptive_ldp/fixed_attacker/parameter_scan/plot_accuracy.png,60148,,,source_artifact_referenced,False,keep,Required canonical delivery/code/documentation file.
outputs/experiments/uci_har/seed_123/lstm/adaptive_ldp/fixed_attacker/parameter_scan/plot_distortion.png,51966,,,source_artifact_referenced,False,keep,Required canonical delivery/code/documentation file.
outputs/experiments/uci_har/seed_123/lstm/adaptive_ldp/fixed_attacker/parameter_scan/profile_config.json,1620,,,source_artifact_referenced,False,keep,Required canonical delivery/code/documentation file.
outputs/experiments/uci_har/seed_123/lstm/adaptive_ldp/fixed_attacker/parameter_scan/scan_summary.json,455,,,source_artifact_referenced,False,keep,Required canonical delivery/code/documentation file.
outputs/experiments/uci_har/seed_123/lstm/adaptive_ldp/fixed_attacker/parameter_scan/scan_trace.json,315,,,source_artifact_referenced,False,keep,Required canonical delivery/code/documentation file.
outputs/experiments/uci_har/seed_123/lstm/adaptive_ldp/fixed_attacker/source_manifest.json,1683,,,source_artifact_referenced,False,keep,Required canonical delivery/code/documentation file.
outputs/experiments/uci_har/seed_123/lstm/adaptive_ldp/fixed_attacker/trace.json,391,,,source_artifact_referenced,False,keep,Required canonical delivery/code/documentation file.
outputs/experiments/uci_har/seed_123/lstm/adaptive_ldp/retrain_attacker/classification_report.txt,185,,,source_artifact_referenced,False,keep,Required canonical delivery/code/documentation file.
outputs/experiments/uci_har/seed_123/lstm/adaptive_ldp/retrain_attacker/confusion.json,2053,,,source_artifact_referenced,True,keep,Referenced by final summaries or delivery documentation.
outputs/experiments/uci_har/seed_123/lstm/adaptive_ldp/retrain_attacker/defense_report.json,2110,,,source_artifact_referenced,True,keep,Referenced by final summaries or delivery documentation.
outputs/experiments/uci_har/seed_123/lstm/adaptive_ldp/retrain_attacker/metrics.json,2053,,,source_artifact_referenced,False,keep,Required canonical delivery/code/documentation file.
outputs/experiments/uci_har/seed_123/lstm/adaptive_ldp/retrain_attacker/parameter_scan/comparison_results.csv,2738,,,source_artifact_referenced,True,keep,Referenced by final summaries or delivery documentation.
outputs/experiments/uci_har/seed_123/lstm/adaptive_ldp/retrain_attacker/parameter_scan/plot_accuracy.png,60854,,,source_artifact_referenced,False,keep,Required canonical delivery/code/documentation file.
outputs/experiments/uci_har/seed_123/lstm/adaptive_ldp/retrain_attacker/parameter_scan/plot_distortion.png,51966,,,source_artifact_referenced,False,keep,Required canonical delivery/code/documentation file.
outputs/experiments/uci_har/seed_123/lstm/adaptive_ldp/retrain_attacker/parameter_scan/profile_config.json,1620,,,source_artifact_referenced,False,keep,Required canonical delivery/code/documentation file.
outputs/experiments/uci_har/seed_123/lstm/adaptive_ldp/retrain_attacker/parameter_scan/scan_summary.json,461,,,source_artifact_referenced,False,keep,Required canonical delivery/code/documentation file.
outputs/experiments/uci_har/seed_123/lstm/adaptive_ldp/retrain_attacker/parameter_scan/scan_trace.json,319,,,source_artifact_referenced,False,keep,Required canonical delivery/code/documentation file.
outputs/experiments/uci_har/seed_123/lstm/adaptive_ldp/retrain_attacker/source_manifest.json,1705,,,source_artifact_referenced,False,keep,Required canonical delivery/code/documentation file.
outputs/experiments/uci_har/seed_123/lstm/adaptive_ldp/retrain_attacker/trace.json,395,,,source_artifact_referenced,False,keep,Required canonical delivery/code/documentation file.
outputs/experiments/uci_har/seed_123/lstm/baseline/baseline_classification_report.txt,193,,,source_artifact_referenced,False,keep,Required canonical delivery/code/documentation file.
outputs/experiments/uci_har/seed_123/lstm/baseline/baseline_confusion.json,2079,,,source_artifact_referenced,True,keep,Referenced by final summaries or delivery documentation.
outputs/experiments/uci_har/seed_123/lstm/baseline/baseline_metrics.json,2079,,,source_artifact_referenced,False,keep,Required canonical delivery/code/documentation file.
outputs/experiments/uci_har/seed_123/lstm/baseline/source_manifest.json,521,,,source_artifact_referenced,False,keep,Required canonical delivery/code/documentation file.
outputs/experiments/uci_har/seed_123/lstm/ldp/fixed_attacker/classification_report.txt,174,,,source_artifact_referenced,False,keep,Required canonical delivery/code/documentation file.
outputs/experiments/uci_har/seed_123/lstm/ldp/fixed_attacker/confusion.json,2097,,,source_artifact_referenced,True,keep,Referenced by final summaries or delivery documentation.
outputs/experiments/uci_har/seed_123/lstm/ldp/fixed_attacker/defense_report.json,2054,,,source_artifact_referenced,True,keep,Referenced by final summaries or delivery documentation.
outputs/experiments/uci_har/seed_123/lstm/ldp/fixed_attacker/metrics.json,2097,,,source_artifact_referenced,False,keep,Required canonical delivery/code/documentation file.
outputs/experiments/uci_har/seed_123/lstm/ldp/fixed_attacker/parameter_scan/comparison_results.csv,1362,,,source_artifact_referenced,True,keep,Referenced by final summaries or delivery documentation.
outputs/experiments/uci_har/seed_123/lstm/ldp/fixed_attacker/parameter_scan/plot_accuracy.png,36624,,,source_artifact_referenced,False,keep,Required canonical delivery/code/documentation file.
outputs/experiments/uci_har/seed_123/lstm/ldp/fixed_attacker/parameter_scan/plot_distortion.png,27572,,,source_artifact_referenced,False,keep,Required canonical delivery/code/documentation file.
outputs/experiments/uci_har/seed_123/lstm/ldp/fixed_attacker/parameter_scan/scan_summary.json,428,,,source_artifact_referenced,False,keep,Required canonical delivery/code/documentation file.
outputs/experiments/uci_har/seed_123/lstm/ldp/fixed_attacker/parameter_scan/scan_trace.json,297,,,source_artifact_referenced,False,keep,Required canonical delivery/code/documentation file.
outputs/experiments/uci_har/seed_123/lstm/ldp/fixed_attacker/source_manifest.json,1584,,,source_artifact_referenced,False,keep,Required canonical delivery/code/documentation file.
outputs/experiments/uci_har/seed_123/lstm/ldp/fixed_attacker/trace.json,373,,,source_artifact_referenced,False,keep,Required canonical delivery/code/documentation file.
outputs/experiments/uci_har/seed_123/lstm/ldp/retrain_attacker/classification_report.txt,176,,,source_artifact_referenced,False,keep,Required canonical delivery/code/documentation file.
outputs/experiments/uci_har/seed_123/lstm/ldp/retrain_attacker/confusion.json,1989,,,source_artifact_referenced,True,keep,Referenced by final summaries or delivery documentation.
outputs/experiments/uci_har/seed_123/lstm/ldp/retrain_attacker/defense_report.json,2054,,,source_artifact_referenced,True,keep,Referenced by final summaries or delivery documentation.
outputs/experiments/uci_har/seed_123/lstm/ldp/retrain_attacker/metrics.json,1989,,,source_artifact_referenced,False,keep,Required canonical delivery/code/documentation file.
outputs/experiments/uci_har/seed_123/lstm/ldp/retrain_attacker/parameter_scan/comparison_results.csv,1396,,,source_artifact_referenced,True,keep,Referenced by final summaries or delivery documentation.
outputs/experiments/uci_har/seed_123/lstm/ldp/retrain_attacker/parameter_scan/plot_accuracy.png,42235,,,source_artifact_referenced,False,keep,Required canonical delivery/code/documentation file.
outputs/experiments/uci_har/seed_123/lstm/ldp/retrain_attacker/parameter_scan/plot_distortion.png,27572,,,source_artifact_referenced,False,keep,Required canonical delivery/code/documentation file.
outputs/experiments/uci_har/seed_123/lstm/ldp/retrain_attacker/parameter_scan/scan_summary.json,434,,,source_artifact_referenced,False,keep,Required canonical delivery/code/documentation file.
outputs/experiments/uci_har/seed_123/lstm/ldp/retrain_attacker/parameter_scan/scan_trace.json,301,,,source_artifact_referenced,False,keep,Required canonical delivery/code/documentation file.
outputs/experiments/uci_har/seed_123/lstm/ldp/retrain_attacker/source_manifest.json,1606,,,source_artifact_referenced,False,keep,Required canonical delivery/code/documentation file.
outputs/experiments/uci_har/seed_123/lstm/ldp/retrain_attacker/trace.json,377,,,source_artifact_referenced,False,keep,Required canonical delivery/code/documentation file.
outputs/experiments/uci_har/seed_123/lstm/noise/fixed_attacker/classification_report.txt,176,,,source_artifact_referenced,False,keep,Required canonical delivery/code/documentation file.
outputs/experiments/uci_har/seed_123/lstm/noise/fixed_attacker/confusion.json,2090,,,source_artifact_referenced,True,keep,Referenced by final summaries or delivery documentation.
outputs/experiments/uci_har/seed_123/lstm/noise/fixed_attacker/defense_report.json,2068,,,source_artifact_referenced,True,keep,Referenced by final summaries or delivery documentation.
outputs/experiments/uci_har/seed_123/lstm/noise/fixed_attacker/metrics.json,2090,,,source_artifact_referenced,False,keep,Required canonical delivery/code/documentation file.
outputs/experiments/uci_har/seed_123/lstm/noise/fixed_attacker/parameter_scan/comparison_results.csv,1149,,,source_artifact_referenced,True,keep,Referenced by final summaries or delivery documentation.
outputs/experiments/uci_har/seed_123/lstm/noise/fixed_attacker/parameter_scan/plot_accuracy.png,43878,,,source_artifact_referenced,False,keep,Required canonical delivery/code/documentation file.
outputs/experiments/uci_har/seed_123/lstm/noise/fixed_attacker/parameter_scan/plot_distortion.png,57615,,,source_artifact_referenced,False,keep,Required canonical delivery/code/documentation file.
outputs/experiments/uci_har/seed_123/lstm/noise/fixed_attacker/parameter_scan/scan_summary.json,434,,,source_artifact_referenced,False,keep,Required canonical delivery/code/documentation file.
outputs/experiments/uci_har/seed_123/lstm/noise/fixed_attacker/parameter_scan/scan_trace.json,301,,,source_artifact_referenced,False,keep,Required canonical delivery/code/documentation file.
outputs/experiments/uci_har/seed_123/lstm/noise/fixed_attacker/source_manifest.json,1606,,,source_artifact_referenced,False,keep,Required canonical delivery/code/documentation file.
outputs/experiments/uci_har/seed_123/lstm/noise/fixed_attacker/trace.json,377,,,source_artifact_referenced,False,keep,Required canonical delivery/code/documentation file.
outputs/experiments/uci_har/seed_123/lstm/noise/retrain_attacker/classification_report.txt,178,,,source_artifact_referenced,False,keep,Required canonical delivery/code/documentation file.
outputs/experiments/uci_har/seed_123/lstm/noise/retrain_attacker/confusion.json,2070,,,source_artifact_referenced,True,keep,Referenced by final summaries or delivery documentation.
outputs/experiments/uci_har/seed_123/lstm/noise/retrain_attacker/defense_report.json,2068,,,source_artifact_referenced,True,keep,Referenced by final summaries or delivery documentation.
outputs/experiments/uci_har/seed_123/lstm/noise/retrain_attacker/metrics.json,2070,,,source_artifact_referenced,False,keep,Required canonical delivery/code/documentation file.
outputs/experiments/uci_har/seed_123/lstm/noise/retrain_attacker/parameter_scan/comparison_results.csv,1168,,,source_artifact_referenced,True,keep,Referenced by final summaries or delivery documentation.
outputs/experiments/uci_har/seed_123/lstm/noise/retrain_attacker/parameter_scan/plot_accuracy.png,46497,,,source_artifact_referenced,False,keep,Required canonical delivery/code/documentation file.
outputs/experiments/uci_har/seed_123/lstm/noise/retrain_attacker/parameter_scan/plot_distortion.png,57615,,,source_artifact_referenced,False,keep,Required canonical delivery/code/documentation file.
outputs/experiments/uci_har/seed_123/lstm/noise/retrain_attacker/parameter_scan/scan_summary.json,440,,,source_artifact_referenced,False,keep,Required canonical delivery/code/documentation file.
outputs/experiments/uci_har/seed_123/lstm/noise/retrain_attacker/parameter_scan/scan_trace.json,305,,,source_artifact_referenced,False,keep,Required canonical delivery/code/documentation file.
outputs/experiments/uci_har/seed_123/lstm/noise/retrain_attacker/source_manifest.json,1628,,,source_artifact_referenced,False,keep,Required canonical delivery/code/documentation file.
outputs/experiments/uci_har/seed_123/lstm/noise/retrain_attacker/trace.json,381,,,source_artifact_referenced,False,keep,Required canonical delivery/code/documentation file.
outputs/experiments/uci_har/seed_123/mlp/adaptive_ldp/fixed_attacker/classification_report.txt,182,,,source_artifact_referenced,False,keep,Required canonical delivery/code/documentation file.
outputs/experiments/uci_har/seed_123/mlp/adaptive_ldp/fixed_attacker/confusion.json,2042,,,source_artifact_referenced,True,keep,Referenced by final summaries or delivery documentation.
outputs/experiments/uci_har/seed_123/mlp/adaptive_ldp/fixed_attacker/defense_report.json,2110,,,source_artifact_referenced,True,keep,Referenced by final summaries or delivery documentation.
outputs/experiments/uci_har/seed_123/mlp/adaptive_ldp/fixed_attacker/metrics.json,2042,,,source_artifact_referenced,False,keep,Required canonical delivery/code/documentation file.
outputs/experiments/uci_har/seed_123/mlp/adaptive_ldp/fixed_attacker/parameter_scan/comparison_results.csv,2688,,,source_artifact_referenced,True,keep,Referenced by final summaries or delivery documentation.
outputs/experiments/uci_har/seed_123/mlp/adaptive_ldp/fixed_attacker/parameter_scan/plot_accuracy.png,62262,,,source_artifact_referenced,False,keep,Required canonical delivery/code/documentation file.
outputs/experiments/uci_har/seed_123/mlp/adaptive_ldp/fixed_attacker/parameter_scan/plot_distortion.png,51966,,,source_artifact_referenced,False,keep,Required canonical delivery/code/documentation file.
outputs/experiments/uci_har/seed_123/mlp/adaptive_ldp/fixed_attacker/parameter_scan/profile_config.json,1620,,,source_artifact_referenced,False,keep,Required canonical delivery/code/documentation file.
outputs/experiments/uci_har/seed_123/mlp/adaptive_ldp/fixed_attacker/parameter_scan/scan_summary.json,452,,,source_artifact_referenced,False,keep,Required canonical delivery/code/documentation file.
outputs/experiments/uci_har/seed_123/mlp/adaptive_ldp/fixed_attacker/parameter_scan/scan_trace.json,313,,,source_artifact_referenced,False,keep,Required canonical delivery/code/documentation file.
outputs/experiments/uci_har/seed_123/mlp/adaptive_ldp/fixed_attacker/source_manifest.json,1671,,,source_artifact_referenced,False,keep,Required canonical delivery/code/documentation file.
outputs/experiments/uci_har/seed_123/mlp/adaptive_ldp/fixed_attacker/trace.json,390,,,source_artifact_referenced,False,keep,Required canonical delivery/code/documentation file.
outputs/experiments/uci_har/seed_123/mlp/adaptive_ldp/retrain_attacker/classification_report.txt,184,,,source_artifact_referenced,False,keep,Required canonical delivery/code/documentation file.
outputs/experiments/uci_har/seed_123/mlp/adaptive_ldp/retrain_attacker/confusion.json,2070,,,source_artifact_referenced,True,keep,Referenced by final summaries or delivery documentation.
outputs/experiments/uci_har/seed_123/mlp/adaptive_ldp/retrain_attacker/defense_report.json,2110,,,source_artifact_referenced,True,keep,Referenced by final summaries or delivery documentation.
outputs/experiments/uci_har/seed_123/mlp/adaptive_ldp/retrain_attacker/metrics.json,2070,,,source_artifact_referenced,False,keep,Required canonical delivery/code/documentation file.
outputs/experiments/uci_har/seed_123/mlp/adaptive_ldp/retrain_attacker/parameter_scan/comparison_results.csv,2715,,,source_artifact_referenced,True,keep,Referenced by final summaries or delivery documentation.
outputs/experiments/uci_har/seed_123/mlp/adaptive_ldp/retrain_attacker/parameter_scan/plot_accuracy.png,63280,,,source_artifact_referenced,False,keep,Required canonical delivery/code/documentation file.
outputs/experiments/uci_har/seed_123/mlp/adaptive_ldp/retrain_attacker/parameter_scan/plot_distortion.png,51966,,,source_artifact_referenced,False,keep,Required canonical delivery/code/documentation file.
outputs/experiments/uci_har/seed_123/mlp/adaptive_ldp/retrain_attacker/parameter_scan/profile_config.json,1620,,,source_artifact_referenced,False,keep,Required canonical delivery/code/documentation file.
outputs/experiments/uci_har/seed_123/mlp/adaptive_ldp/retrain_attacker/parameter_scan/scan_summary.json,458,,,source_artifact_referenced,False,keep,Required canonical delivery/code/documentation file.
outputs/experiments/uci_har/seed_123/mlp/adaptive_ldp/retrain_attacker/parameter_scan/scan_trace.json,317,,,source_artifact_referenced,False,keep,Required canonical delivery/code/documentation file.
outputs/experiments/uci_har/seed_123/mlp/adaptive_ldp/retrain_attacker/source_manifest.json,1693,,,source_artifact_referenced,False,keep,Required canonical delivery/code/documentation file.
outputs/experiments/uci_har/seed_123/mlp/adaptive_ldp/retrain_attacker/trace.json,394,,,source_artifact_referenced,False,keep,Required canonical delivery/code/documentation file.
outputs/experiments/uci_har/seed_123/mlp/baseline/baseline_classification_report.txt,193,,,source_artifact_referenced,False,keep,Required canonical delivery/code/documentation file.
outputs/experiments/uci_har/seed_123/mlp/baseline/baseline_confusion.json,2066,,,source_artifact_referenced,True,keep,Referenced by final summaries or delivery documentation.
outputs/experiments/uci_har/seed_123/mlp/baseline/baseline_metrics.json,2066,,,source_artifact_referenced,False,keep,Required canonical delivery/code/documentation file.
outputs/experiments/uci_har/seed_123/mlp/baseline/source_manifest.json,518,,,source_artifact_referenced,False,keep,Required canonical delivery/code/documentation file.
outputs/experiments/uci_har/seed_123/mlp/ldp/fixed_attacker/classification_report.txt,173,,,source_artifact_referenced,False,keep,Required canonical delivery/code/documentation file.
outputs/experiments/uci_har/seed_123/mlp/ldp/fixed_attacker/confusion.json,1585,,,source_artifact_referenced,True,keep,Referenced by final summaries or delivery documentation.
outputs/experiments/uci_har/seed_123/mlp/ldp/fixed_attacker/defense_report.json,2054,,,source_artifact_referenced,True,keep,Referenced by final summaries or delivery documentation.
outputs/experiments/uci_har/seed_123/mlp/ldp/fixed_attacker/metrics.json,1585,,,source_artifact_referenced,False,keep,Required canonical delivery/code/documentation file.
outputs/experiments/uci_har/seed_123/mlp/ldp/fixed_attacker/parameter_scan/comparison_results.csv,1357,,,source_artifact_referenced,True,keep,Referenced by final summaries or delivery documentation.
outputs/experiments/uci_har/seed_123/mlp/ldp/fixed_attacker/parameter_scan/plot_accuracy.png,34239,,,source_artifact_referenced,False,keep,Required canonical delivery/code/documentation file.
outputs/experiments/uci_har/seed_123/mlp/ldp/fixed_attacker/parameter_scan/plot_distortion.png,27572,,,source_artifact_referenced,False,keep,Required canonical delivery/code/documentation file.
outputs/experiments/uci_har/seed_123/mlp/ldp/fixed_attacker/parameter_scan/scan_summary.json,425,,,source_artifact_referenced,False,keep,Required canonical delivery/code/documentation file.
outputs/experiments/uci_har/seed_123/mlp/ldp/fixed_attacker/parameter_scan/scan_trace.json,295,,,source_artifact_referenced,False,keep,Required canonical delivery/code/documentation file.
outputs/experiments/uci_har/seed_123/mlp/ldp/fixed_attacker/source_manifest.json,1572,,,source_artifact_referenced,False,keep,Required canonical delivery/code/documentation file.
outputs/experiments/uci_har/seed_123/mlp/ldp/fixed_attacker/trace.json,372,,,source_artifact_referenced,False,keep,Required canonical delivery/code/documentation file.
outputs/experiments/uci_har/seed_123/mlp/ldp/retrain_attacker/classification_report.txt,175,,,source_artifact_referenced,False,keep,Required canonical delivery/code/documentation file.
outputs/experiments/uci_har/seed_123/mlp/ldp/retrain_attacker/confusion.json,2095,,,source_artifact_referenced,True,keep,Referenced by final summaries or delivery documentation.
outputs/experiments/uci_har/seed_123/mlp/ldp/retrain_attacker/defense_report.json,2054,,,source_artifact_referenced,True,keep,Referenced by final summaries or delivery documentation.
outputs/experiments/uci_har/seed_123/mlp/ldp/retrain_attacker/metrics.json,2095,,,source_artifact_referenced,False,keep,Required canonical delivery/code/documentation file.
outputs/experiments/uci_har/seed_123/mlp/ldp/retrain_attacker/parameter_scan/comparison_results.csv,1357,,,source_artifact_referenced,True,keep,Referenced by final summaries or delivery documentation.
outputs/experiments/uci_har/seed_123/mlp/ldp/retrain_attacker/parameter_scan/plot_accuracy.png,37598,,,source_artifact_referenced,False,keep,Required canonical delivery/code/documentation file.
outputs/experiments/uci_har/seed_123/mlp/ldp/retrain_attacker/parameter_scan/plot_distortion.png,27572,,,source_artifact_referenced,False,keep,Required canonical delivery/code/documentation file.
outputs/experiments/uci_har/seed_123/mlp/ldp/retrain_attacker/parameter_scan/scan_summary.json,431,,,source_artifact_referenced,False,keep,Required canonical delivery/code/documentation file.
outputs/experiments/uci_har/seed_123/mlp/ldp/retrain_attacker/parameter_scan/scan_trace.json,299,,,source_artifact_referenced,False,keep,Required canonical delivery/code/documentation file.
outputs/experiments/uci_har/seed_123/mlp/ldp/retrain_attacker/source_manifest.json,1594,,,source_artifact_referenced,False,keep,Required canonical delivery/code/documentation file.
outputs/experiments/uci_har/seed_123/mlp/ldp/retrain_attacker/trace.json,376,,,source_artifact_referenced,False,keep,Required canonical delivery/code/documentation file.
outputs/experiments/uci_har/seed_123/mlp/noise/fixed_attacker/classification_report.txt,175,,,source_artifact_referenced,False,keep,Required canonical delivery/code/documentation file.
outputs/experiments/uci_har/seed_123/mlp/noise/fixed_attacker/confusion.json,1643,,,source_artifact_referenced,True,keep,Referenced by final summaries or delivery documentation.
outputs/experiments/uci_har/seed_123/mlp/noise/fixed_attacker/defense_report.json,2068,,,source_artifact_referenced,True,keep,Referenced by final summaries or delivery documentation.
outputs/experiments/uci_har/seed_123/mlp/noise/fixed_attacker/metrics.json,1643,,,source_artifact_referenced,False,keep,Required canonical delivery/code/documentation file.
outputs/experiments/uci_har/seed_123/mlp/noise/fixed_attacker/parameter_scan/comparison_results.csv,1147,,,source_artifact_referenced,True,keep,Referenced by final summaries or delivery documentation.
outputs/experiments/uci_har/seed_123/mlp/noise/fixed_attacker/parameter_scan/plot_accuracy.png,38614,,,source_artifact_referenced,False,keep,Required canonical delivery/code/documentation file.
outputs/experiments/uci_har/seed_123/mlp/noise/fixed_attacker/parameter_scan/plot_distortion.png,57615,,,source_artifact_referenced,False,keep,Required canonical delivery/code/documentation file.
outputs/experiments/uci_har/seed_123/mlp/noise/fixed_attacker/parameter_scan/scan_summary.json,431,,,source_artifact_referenced,False,keep,Required canonical delivery/code/documentation file.
outputs/experiments/uci_har/seed_123/mlp/noise/fixed_attacker/parameter_scan/scan_trace.json,299,,,source_artifact_referenced,False,keep,Required canonical delivery/code/documentation file.
outputs/experiments/uci_har/seed_123/mlp/noise/fixed_attacker/source_manifest.json,1594,,,source_artifact_referenced,False,keep,Required canonical delivery/code/documentation file.
outputs/experiments/uci_har/seed_123/mlp/noise/fixed_attacker/trace.json,376,,,source_artifact_referenced,False,keep,Required canonical delivery/code/documentation file.
outputs/experiments/uci_har/seed_123/mlp/noise/retrain_attacker/classification_report.txt,177,,,source_artifact_referenced,False,keep,Required canonical delivery/code/documentation file.
outputs/experiments/uci_har/seed_123/mlp/noise/retrain_attacker/confusion.json,2060,,,source_artifact_referenced,True,keep,Referenced by final summaries or delivery documentation.
outputs/experiments/uci_har/seed_123/mlp/noise/retrain_attacker/defense_report.json,2068,,,source_artifact_referenced,True,keep,Referenced by final summaries or delivery documentation.
outputs/experiments/uci_har/seed_123/mlp/noise/retrain_attacker/metrics.json,2060,,,source_artifact_referenced,False,keep,Required canonical delivery/code/documentation file.
outputs/experiments/uci_har/seed_123/mlp/noise/retrain_attacker/parameter_scan/comparison_results.csv,1152,,,source_artifact_referenced,True,keep,Referenced by final summaries or delivery documentation.
outputs/experiments/uci_har/seed_123/mlp/noise/retrain_attacker/parameter_scan/plot_accuracy.png,45565,,,source_artifact_referenced,False,keep,Required canonical delivery/code/documentation file.
outputs/experiments/uci_har/seed_123/mlp/noise/retrain_attacker/parameter_scan/plot_distortion.png,57615,,,source_artifact_referenced,False,keep,Required canonical delivery/code/documentation file.
outputs/experiments/uci_har/seed_123/mlp/noise/retrain_attacker/parameter_scan/scan_summary.json,437,,,source_artifact_referenced,False,keep,Required canonical delivery/code/documentation file.
outputs/experiments/uci_har/seed_123/mlp/noise/retrain_attacker/parameter_scan/scan_trace.json,303,,,source_artifact_referenced,False,keep,Required canonical delivery/code/documentation file.
outputs/experiments/uci_har/seed_123/mlp/noise/retrain_attacker/source_manifest.json,1616,,,source_artifact_referenced,False,keep,Required canonical delivery/code/documentation file.
outputs/experiments/uci_har/seed_123/mlp/noise/retrain_attacker/trace.json,380,,,source_artifact_referenced,False,keep,Required canonical delivery/code/documentation file.
outputs/experiments/uci_har/seed_2026/lstm/adaptive_ldp/fixed_attacker/classification_report.txt,184,,,source_artifact_referenced,False,keep,Required canonical delivery/code/documentation file.
outputs/experiments/uci_har/seed_2026/lstm/adaptive_ldp/fixed_attacker/confusion.json,2075,,,source_artifact_referenced,True,keep,Referenced by final summaries or delivery documentation.
outputs/experiments/uci_har/seed_2026/lstm/adaptive_ldp/fixed_attacker/defense_report.json,2083,,,source_artifact_referenced,True,keep,Referenced by final summaries or delivery documentation.
outputs/experiments/uci_har/seed_2026/lstm/adaptive_ldp/fixed_attacker/metrics.json,2075,,,source_artifact_referenced,False,keep,Required canonical delivery/code/documentation file.
outputs/experiments/uci_har/seed_2026/lstm/adaptive_ldp/fixed_attacker/parameter_scan/comparison_results.csv,2734,,,source_artifact_referenced,True,keep,Referenced by final summaries or delivery documentation.
outputs/experiments/uci_har/seed_2026/lstm/adaptive_ldp/fixed_attacker/parameter_scan/plot_accuracy.png,60257,,,source_artifact_referenced,False,keep,Required canonical delivery/code/documentation file.
outputs/experiments/uci_har/seed_2026/lstm/adaptive_ldp/fixed_attacker/parameter_scan/plot_distortion.png,51983,,,source_artifact_referenced,False,keep,Required canonical delivery/code/documentation file.
outputs/experiments/uci_har/seed_2026/lstm/adaptive_ldp/fixed_attacker/parameter_scan/profile_config.json,1620,,,source_artifact_referenced,False,keep,Required canonical delivery/code/documentation file.
outputs/experiments/uci_har/seed_2026/lstm/adaptive_ldp/fixed_attacker/parameter_scan/scan_summary.json,458,,,source_artifact_referenced,False,keep,Required canonical delivery/code/documentation file.
outputs/experiments/uci_har/seed_2026/lstm/adaptive_ldp/fixed_attacker/parameter_scan/scan_trace.json,317,,,source_artifact_referenced,False,keep,Required canonical delivery/code/documentation file.
outputs/experiments/uci_har/seed_2026/lstm/adaptive_ldp/fixed_attacker/source_manifest.json,1695,,,source_artifact_referenced,False,keep,Required canonical delivery/code/documentation file.
outputs/experiments/uci_har/seed_2026/lstm/adaptive_ldp/fixed_attacker/trace.json,393,,,source_artifact_referenced,False,keep,Required canonical delivery/code/documentation file.
outputs/experiments/uci_har/seed_2026/lstm/adaptive_ldp/retrain_attacker/classification_report.txt,186,,,source_artifact_referenced,False,keep,Required canonical delivery/code/documentation file.
outputs/experiments/uci_har/seed_2026/lstm/adaptive_ldp/retrain_attacker/confusion.json,2079,,,source_artifact_referenced,True,keep,Referenced by final summaries or delivery documentation.
outputs/experiments/uci_har/seed_2026/lstm/adaptive_ldp/retrain_attacker/defense_report.json,2083,,,source_artifact_referenced,True,keep,Referenced by final summaries or delivery documentation.
outputs/experiments/uci_har/seed_2026/lstm/adaptive_ldp/retrain_attacker/metrics.json,2079,,,source_artifact_referenced,False,keep,Required canonical delivery/code/documentation file.
outputs/experiments/uci_har/seed_2026/lstm/adaptive_ldp/retrain_attacker/parameter_scan/comparison_results.csv,2755,,,source_artifact_referenced,True,keep,Referenced by final summaries or delivery documentation.
outputs/experiments/uci_har/seed_2026/lstm/adaptive_ldp/retrain_attacker/parameter_scan/plot_accuracy.png,69398,,,source_artifact_referenced,False,keep,Required canonical delivery/code/documentation file.
outputs/experiments/uci_har/seed_2026/lstm/adaptive_ldp/retrain_attacker/parameter_scan/plot_distortion.png,51983,,,source_artifact_referenced,False,keep,Required canonical delivery/code/documentation file.
outputs/experiments/uci_har/seed_2026/lstm/adaptive_ldp/retrain_attacker/parameter_scan/profile_config.json,1620,,,source_artifact_referenced,False,keep,Required canonical delivery/code/documentation file.
outputs/experiments/uci_har/seed_2026/lstm/adaptive_ldp/retrain_attacker/parameter_scan/scan_summary.json,464,,,source_artifact_referenced,False,keep,Required canonical delivery/code/documentation file.
outputs/experiments/uci_har/seed_2026/lstm/adaptive_ldp/retrain_attacker/parameter_scan/scan_trace.json,321,,,source_artifact_referenced,False,keep,Required canonical delivery/code/documentation file.
outputs/experiments/uci_har/seed_2026/lstm/adaptive_ldp/retrain_attacker/source_manifest.json,1717,,,source_artifact_referenced,False,keep,Required canonical delivery/code/documentation file.
outputs/experiments/uci_har/seed_2026/lstm/adaptive_ldp/retrain_attacker/trace.json,397,,,source_artifact_referenced,False,keep,Required canonical delivery/code/documentation file.
outputs/experiments/uci_har/seed_2026/lstm/baseline/baseline_classification_report.txt,196,,,source_artifact_referenced,False,keep,Required canonical delivery/code/documentation file.
outputs/experiments/uci_har/seed_2026/lstm/baseline/baseline_confusion.json,2047,,,source_artifact_referenced,True,keep,Referenced by final summaries or delivery documentation.
outputs/experiments/uci_har/seed_2026/lstm/baseline/baseline_metrics.json,2047,,,source_artifact_referenced,False,keep,Required canonical delivery/code/documentation file.
outputs/experiments/uci_har/seed_2026/lstm/baseline/source_manifest.json,524,,,source_artifact_referenced,False,keep,Required canonical delivery/code/documentation file.
outputs/experiments/uci_har/seed_2026/lstm/ldp/fixed_attacker/classification_report.txt,175,,,source_artifact_referenced,False,keep,Required canonical delivery/code/documentation file.
outputs/experiments/uci_har/seed_2026/lstm/ldp/fixed_attacker/confusion.json,2049,,,source_artifact_referenced,True,keep,Referenced by final summaries or delivery documentation.
outputs/experiments/uci_har/seed_2026/lstm/ldp/fixed_attacker/defense_report.json,2054,,,source_artifact_referenced,True,keep,Referenced by final summaries or delivery documentation.
outputs/experiments/uci_har/seed_2026/lstm/ldp/fixed_attacker/metrics.json,2049,,,source_artifact_referenced,False,keep,Required canonical delivery/code/documentation file.
outputs/experiments/uci_har/seed_2026/lstm/ldp/fixed_attacker/parameter_scan/comparison_results.csv,1389,,,source_artifact_referenced,True,keep,Referenced by final summaries or delivery documentation.
outputs/experiments/uci_har/seed_2026/lstm/ldp/fixed_attacker/parameter_scan/plot_accuracy.png,36977,,,source_artifact_referenced,False,keep,Required canonical delivery/code/documentation file.
outputs/experiments/uci_har/seed_2026/lstm/ldp/fixed_attacker/parameter_scan/plot_distortion.png,27564,,,source_artifact_referenced,False,keep,Required canonical delivery/code/documentation file.
outputs/experiments/uci_har/seed_2026/lstm/ldp/fixed_attacker/parameter_scan/scan_summary.json,431,,,source_artifact_referenced,False,keep,Required canonical delivery/code/documentation file.
outputs/experiments/uci_har/seed_2026/lstm/ldp/fixed_attacker/parameter_scan/scan_trace.json,299,,,source_artifact_referenced,False,keep,Required canonical delivery/code/documentation file.
outputs/experiments/uci_har/seed_2026/lstm/ldp/fixed_attacker/source_manifest.json,1596,,,source_artifact_referenced,False,keep,Required canonical delivery/code/documentation file.
outputs/experiments/uci_har/seed_2026/lstm/ldp/fixed_attacker/trace.json,375,,,source_artifact_referenced,False,keep,Required canonical delivery/code/documentation file.
outputs/experiments/uci_har/seed_2026/lstm/ldp/retrain_attacker/classification_report.txt,177,,,source_artifact_referenced,False,keep,Required canonical delivery/code/documentation file.
outputs/experiments/uci_har/seed_2026/lstm/ldp/retrain_attacker/confusion.json,2052,,,source_artifact_referenced,True,keep,Referenced by final summaries or delivery documentation.
outputs/experiments/uci_har/seed_2026/lstm/ldp/retrain_attacker/defense_report.json,2054,,,source_artifact_referenced,True,keep,Referenced by final summaries or delivery documentation.
outputs/experiments/uci_har/seed_2026/lstm/ldp/retrain_attacker/metrics.json,2052,,,source_artifact_referenced,False,keep,Required canonical delivery/code/documentation file.
outputs/experiments/uci_har/seed_2026/lstm/ldp/retrain_attacker/parameter_scan/comparison_results.csv,1397,,,source_artifact_referenced,True,keep,Referenced by final summaries or delivery documentation.
outputs/experiments/uci_har/seed_2026/lstm/ldp/retrain_attacker/parameter_scan/plot_accuracy.png,41637,,,source_artifact_referenced,False,keep,Required canonical delivery/code/documentation file.
outputs/experiments/uci_har/seed_2026/lstm/ldp/retrain_attacker/parameter_scan/plot_distortion.png,27564,,,source_artifact_referenced,False,keep,Required canonical delivery/code/documentation file.
outputs/experiments/uci_har/seed_2026/lstm/ldp/retrain_attacker/parameter_scan/scan_summary.json,437,,,source_artifact_referenced,False,keep,Required canonical delivery/code/documentation file.
outputs/experiments/uci_har/seed_2026/lstm/ldp/retrain_attacker/parameter_scan/scan_trace.json,303,,,source_artifact_referenced,False,keep,Required canonical delivery/code/documentation file.
outputs/experiments/uci_har/seed_2026/lstm/ldp/retrain_attacker/source_manifest.json,1618,,,source_artifact_referenced,False,keep,Required canonical delivery/code/documentation file.
outputs/experiments/uci_har/seed_2026/lstm/ldp/retrain_attacker/trace.json,379,,,source_artifact_referenced,False,keep,Required canonical delivery/code/documentation file.
outputs/experiments/uci_har/seed_2026/lstm/noise/fixed_attacker/classification_report.txt,177,,,source_artifact_referenced,False,keep,Required canonical delivery/code/documentation file.
outputs/experiments/uci_har/seed_2026/lstm/noise/fixed_attacker/confusion.json,2013,,,source_artifact_referenced,True,keep,Referenced by final summaries or delivery documentation.
outputs/experiments/uci_har/seed_2026/lstm/noise/fixed_attacker/defense_report.json,2091,,,source_artifact_referenced,True,keep,Referenced by final summaries or delivery documentation.
outputs/experiments/uci_har/seed_2026/lstm/noise/fixed_attacker/metrics.json,2013,,,source_artifact_referenced,False,keep,Required canonical delivery/code/documentation file.
outputs/experiments/uci_har/seed_2026/lstm/noise/fixed_attacker/parameter_scan/comparison_results.csv,1161,,,source_artifact_referenced,True,keep,Referenced by final summaries or delivery documentation.
outputs/experiments/uci_har/seed_2026/lstm/noise/fixed_attacker/parameter_scan/plot_accuracy.png,45782,,,source_artifact_referenced,False,keep,Required canonical delivery/code/documentation file.
outputs/experiments/uci_har/seed_2026/lstm/noise/fixed_attacker/parameter_scan/plot_distortion.png,59991,,,source_artifact_referenced,False,keep,Required canonical delivery/code/documentation file.
outputs/experiments/uci_har/seed_2026/lstm/noise/fixed_attacker/parameter_scan/scan_summary.json,437,,,source_artifact_referenced,False,keep,Required canonical delivery/code/documentation file.
outputs/experiments/uci_har/seed_2026/lstm/noise/fixed_attacker/parameter_scan/scan_trace.json,303,,,source_artifact_referenced,False,keep,Required canonical delivery/code/documentation file.
outputs/experiments/uci_har/seed_2026/lstm/noise/fixed_attacker/source_manifest.json,1618,,,source_artifact_referenced,False,keep,Required canonical delivery/code/documentation file.
outputs/experiments/uci_har/seed_2026/lstm/noise/fixed_attacker/trace.json,379,,,source_artifact_referenced,False,keep,Required canonical delivery/code/documentation file.
outputs/experiments/uci_har/seed_2026/lstm/noise/retrain_attacker/classification_report.txt,179,,,source_artifact_referenced,False,keep,Required canonical delivery/code/documentation file.
outputs/experiments/uci_har/seed_2026/lstm/noise/retrain_attacker/confusion.json,2075,,,source_artifact_referenced,True,keep,Referenced by final summaries or delivery documentation.
outputs/experiments/uci_har/seed_2026/lstm/noise/retrain_attacker/defense_report.json,2091,,,source_artifact_referenced,True,keep,Referenced by final summaries or delivery documentation.
outputs/experiments/uci_har/seed_2026/lstm/noise/retrain_attacker/metrics.json,2075,,,source_artifact_referenced,False,keep,Required canonical delivery/code/documentation file.
outputs/experiments/uci_har/seed_2026/lstm/noise/retrain_attacker/parameter_scan/comparison_results.csv,1173,,,source_artifact_referenced,True,keep,Referenced by final summaries or delivery documentation.
outputs/experiments/uci_har/seed_2026/lstm/noise/retrain_attacker/parameter_scan/plot_accuracy.png,51945,,,source_artifact_referenced,False,keep,Required canonical delivery/code/documentation file.
outputs/experiments/uci_har/seed_2026/lstm/noise/retrain_attacker/parameter_scan/plot_distortion.png,59991,,,source_artifact_referenced,False,keep,Required canonical delivery/code/documentation file.
outputs/experiments/uci_har/seed_2026/lstm/noise/retrain_attacker/parameter_scan/scan_summary.json,443,,,source_artifact_referenced,False,keep,Required canonical delivery/code/documentation file.
outputs/experiments/uci_har/seed_2026/lstm/noise/retrain_attacker/parameter_scan/scan_trace.json,307,,,source_artifact_referenced,False,keep,Required canonical delivery/code/documentation file.
outputs/experiments/uci_har/seed_2026/lstm/noise/retrain_attacker/source_manifest.json,1640,,,source_artifact_referenced,False,keep,Required canonical delivery/code/documentation file.
outputs/experiments/uci_har/seed_2026/lstm/noise/retrain_attacker/trace.json,383,,,source_artifact_referenced,False,keep,Required canonical delivery/code/documentation file.
outputs/experiments/uci_har/seed_2026/mlp/adaptive_ldp/fixed_attacker/classification_report.txt,183,,,source_artifact_referenced,False,keep,Required canonical delivery/code/documentation file.
outputs/experiments/uci_har/seed_2026/mlp/adaptive_ldp/fixed_attacker/confusion.json,1505,,,source_artifact_referenced,True,keep,Referenced by final summaries or delivery documentation.
outputs/experiments/uci_har/seed_2026/mlp/adaptive_ldp/fixed_attacker/defense_report.json,2083,,,source_artifact_referenced,True,keep,Referenced by final summaries or delivery documentation.
outputs/experiments/uci_har/seed_2026/mlp/adaptive_ldp/fixed_attacker/metrics.json,1505,,,source_artifact_referenced,False,keep,Required canonical delivery/code/documentation file.
outputs/experiments/uci_har/seed_2026/mlp/adaptive_ldp/fixed_attacker/parameter_scan/comparison_results.csv,2704,,,source_artifact_referenced,True,keep,Referenced by final summaries or delivery documentation.
outputs/experiments/uci_har/seed_2026/mlp/adaptive_ldp/fixed_attacker/parameter_scan/plot_accuracy.png,63310,,,source_artifact_referenced,False,keep,Required canonical delivery/code/documentation file.
outputs/experiments/uci_har/seed_2026/mlp/adaptive_ldp/fixed_attacker/parameter_scan/plot_distortion.png,51983,,,source_artifact_referenced,False,keep,Required canonical delivery/code/documentation file.
outputs/experiments/uci_har/seed_2026/mlp/adaptive_ldp/fixed_attacker/parameter_scan/profile_config.json,1620,,,source_artifact_referenced,False,keep,Required canonical delivery/code/documentation file.
outputs/experiments/uci_har/seed_2026/mlp/adaptive_ldp/fixed_attacker/parameter_scan/scan_summary.json,455,,,source_artifact_referenced,False,keep,Required canonical delivery/code/documentation file.
outputs/experiments/uci_har/seed_2026/mlp/adaptive_ldp/fixed_attacker/parameter_scan/scan_trace.json,315,,,source_artifact_referenced,False,keep,Required canonical delivery/code/documentation file.
outputs/experiments/uci_har/seed_2026/mlp/adaptive_ldp/fixed_attacker/source_manifest.json,1683,,,source_artifact_referenced,False,keep,Required canonical delivery/code/documentation file.
outputs/experiments/uci_har/seed_2026/mlp/adaptive_ldp/fixed_attacker/trace.json,392,,,source_artifact_referenced,False,keep,Required canonical delivery/code/documentation file.
outputs/experiments/uci_har/seed_2026/mlp/adaptive_ldp/retrain_attacker/classification_report.txt,185,,,source_artifact_referenced,False,keep,Required canonical delivery/code/documentation file.
outputs/experiments/uci_har/seed_2026/mlp/adaptive_ldp/retrain_attacker/confusion.json,2076,,,source_artifact_referenced,True,keep,Referenced by final summaries or delivery documentation.
outputs/experiments/uci_har/seed_2026/mlp/adaptive_ldp/retrain_attacker/defense_report.json,2083,,,source_artifact_referenced,True,keep,Referenced by final summaries or delivery documentation.
outputs/experiments/uci_har/seed_2026/mlp/adaptive_ldp/retrain_attacker/metrics.json,2076,,,source_artifact_referenced,False,keep,Required canonical delivery/code/documentation file.
outputs/experiments/uci_har/seed_2026/mlp/adaptive_ldp/retrain_attacker/parameter_scan/comparison_results.csv,2724,,,source_artifact_referenced,True,keep,Referenced by final summaries or delivery documentation.
outputs/experiments/uci_har/seed_2026/mlp/adaptive_ldp/retrain_attacker/parameter_scan/plot_accuracy.png,63039,,,source_artifact_referenced,False,keep,Required canonical delivery/code/documentation file.
outputs/experiments/uci_har/seed_2026/mlp/adaptive_ldp/retrain_attacker/parameter_scan/plot_distortion.png,51983,,,source_artifact_referenced,False,keep,Required canonical delivery/code/documentation file.
outputs/experiments/uci_har/seed_2026/mlp/adaptive_ldp/retrain_attacker/parameter_scan/profile_config.json,1620,,,source_artifact_referenced,False,keep,Required canonical delivery/code/documentation file.
outputs/experiments/uci_har/seed_2026/mlp/adaptive_ldp/retrain_attacker/parameter_scan/scan_summary.json,461,,,source_artifact_referenced,False,keep,Required canonical delivery/code/documentation file.
outputs/experiments/uci_har/seed_2026/mlp/adaptive_ldp/retrain_attacker/parameter_scan/scan_trace.json,319,,,source_artifact_referenced,False,keep,Required canonical delivery/code/documentation file.
outputs/experiments/uci_har/seed_2026/mlp/adaptive_ldp/retrain_attacker/source_manifest.json,1705,,,source_artifact_referenced,False,keep,Required canonical delivery/code/documentation file.
outputs/experiments/uci_har/seed_2026/mlp/adaptive_ldp/retrain_attacker/trace.json,396,,,source_artifact_referenced,False,keep,Required canonical delivery/code/documentation file.
outputs/experiments/uci_har/seed_2026/mlp/baseline/baseline_classification_report.txt,194,,,source_artifact_referenced,False,keep,Required canonical delivery/code/documentation file.
outputs/experiments/uci_har/seed_2026/mlp/baseline/baseline_confusion.json,2069,,,source_artifact_referenced,True,keep,Referenced by final summaries or delivery documentation.
outputs/experiments/uci_har/seed_2026/mlp/baseline/baseline_metrics.json,2069,,,source_artifact_referenced,False,keep,Required canonical delivery/code/documentation file.
outputs/experiments/uci_har/seed_2026/mlp/baseline/source_manifest.json,521,,,source_artifact_referenced,False,keep,Required canonical delivery/code/documentation file.
outputs/experiments/uci_har/seed_2026/mlp/ldp/fixed_attacker/classification_report.txt,174,,,source_artifact_referenced,False,keep,Required canonical delivery/code/documentation file.
outputs/experiments/uci_har/seed_2026/mlp/ldp/fixed_attacker/confusion.json,1486,,,source_artifact_referenced,True,keep,Referenced by final summaries or delivery documentation.
outputs/experiments/uci_har/seed_2026/mlp/ldp/fixed_attacker/defense_report.json,2054,,,source_artifact_referenced,True,keep,Referenced by final summaries or delivery documentation.
outputs/experiments/uci_har/seed_2026/mlp/ldp/fixed_attacker/metrics.json,1486,,,source_artifact_referenced,False,keep,Required canonical delivery/code/documentation file.
outputs/experiments/uci_har/seed_2026/mlp/ldp/fixed_attacker/parameter_scan/comparison_results.csv,1369,,,source_artifact_referenced,True,keep,Referenced by final summaries or delivery documentation.
outputs/experiments/uci_har/seed_2026/mlp/ldp/fixed_attacker/parameter_scan/plot_accuracy.png,32968,,,source_artifact_referenced,False,keep,Required canonical delivery/code/documentation file.
outputs/experiments/uci_har/seed_2026/mlp/ldp/fixed_attacker/parameter_scan/plot_distortion.png,27564,,,source_artifact_referenced,False,keep,Required canonical delivery/code/documentation file.
outputs/experiments/uci_har/seed_2026/mlp/ldp/fixed_attacker/parameter_scan/scan_summary.json,428,,,source_artifact_referenced,False,keep,Required canonical delivery/code/documentation file.
outputs/experiments/uci_har/seed_2026/mlp/ldp/fixed_attacker/parameter_scan/scan_trace.json,297,,,source_artifact_referenced,False,keep,Required canonical delivery/code/documentation file.
outputs/experiments/uci_har/seed_2026/mlp/ldp/fixed_attacker/source_manifest.json,1584,,,source_artifact_referenced,False,keep,Required canonical delivery/code/documentation file.
outputs/experiments/uci_har/seed_2026/mlp/ldp/fixed_attacker/trace.json,374,,,source_artifact_referenced,False,keep,Required canonical delivery/code/documentation file.
outputs/experiments/uci_har/seed_2026/mlp/ldp/retrain_attacker/classification_report.txt,176,,,source_artifact_referenced,False,keep,Required canonical delivery/code/documentation file.
outputs/experiments/uci_har/seed_2026/mlp/ldp/retrain_attacker/confusion.json,2087,,,source_artifact_referenced,True,keep,Referenced by final summaries or delivery documentation.
outputs/experiments/uci_har/seed_2026/mlp/ldp/retrain_attacker/defense_report.json,2054,,,source_artifact_referenced,True,keep,Referenced by final summaries or delivery documentation.
outputs/experiments/uci_har/seed_2026/mlp/ldp/retrain_attacker/metrics.json,2087,,,source_artifact_referenced,False,keep,Required canonical delivery/code/documentation file.
outputs/experiments/uci_har/seed_2026/mlp/ldp/retrain_attacker/parameter_scan/comparison_results.csv,1383,,,source_artifact_referenced,True,keep,Referenced by final summaries or delivery documentation.
outputs/experiments/uci_har/seed_2026/mlp/ldp/retrain_attacker/parameter_scan/plot_accuracy.png,37542,,,source_artifact_referenced,False,keep,Required canonical delivery/code/documentation file.
outputs/experiments/uci_har/seed_2026/mlp/ldp/retrain_attacker/parameter_scan/plot_distortion.png,27564,,,source_artifact_referenced,False,keep,Required canonical delivery/code/documentation file.
outputs/experiments/uci_har/seed_2026/mlp/ldp/retrain_attacker/parameter_scan/scan_summary.json,434,,,source_artifact_referenced,False,keep,Required canonical delivery/code/documentation file.
outputs/experiments/uci_har/seed_2026/mlp/ldp/retrain_attacker/parameter_scan/scan_trace.json,301,,,source_artifact_referenced,False,keep,Required canonical delivery/code/documentation file.
outputs/experiments/uci_har/seed_2026/mlp/ldp/retrain_attacker/source_manifest.json,1606,,,source_artifact_referenced,False,keep,Required canonical delivery/code/documentation file.
outputs/experiments/uci_har/seed_2026/mlp/ldp/retrain_attacker/trace.json,378,,,source_artifact_referenced,False,keep,Required canonical delivery/code/documentation file.
outputs/experiments/uci_har/seed_2026/mlp/noise/fixed_attacker/classification_report.txt,176,,,source_artifact_referenced,False,keep,Required canonical delivery/code/documentation file.
outputs/experiments/uci_har/seed_2026/mlp/noise/fixed_attacker/confusion.json,1659,,,source_artifact_referenced,True,keep,Referenced by final summaries or delivery documentation.
outputs/experiments/uci_har/seed_2026/mlp/noise/fixed_attacker/defense_report.json,2091,,,source_artifact_referenced,True,keep,Referenced by final summaries or delivery documentation.
outputs/experiments/uci_har/seed_2026/mlp/noise/fixed_attacker/metrics.json,1659,,,source_artifact_referenced,False,keep,Required canonical delivery/code/documentation file.
outputs/experiments/uci_har/seed_2026/mlp/noise/fixed_attacker/parameter_scan/comparison_results.csv,1146,,,source_artifact_referenced,True,keep,Referenced by final summaries or delivery documentation.
outputs/experiments/uci_har/seed_2026/mlp/noise/fixed_attacker/parameter_scan/plot_accuracy.png,39071,,,source_artifact_referenced,False,keep,Required canonical delivery/code/documentation file.
outputs/experiments/uci_har/seed_2026/mlp/noise/fixed_attacker/parameter_scan/plot_distortion.png,59991,,,source_artifact_referenced,False,keep,Required canonical delivery/code/documentation file.
outputs/experiments/uci_har/seed_2026/mlp/noise/fixed_attacker/parameter_scan/scan_summary.json,434,,,source_artifact_referenced,False,keep,Required canonical delivery/code/documentation file.
outputs/experiments/uci_har/seed_2026/mlp/noise/fixed_attacker/parameter_scan/scan_trace.json,301,,,source_artifact_referenced,False,keep,Required canonical delivery/code/documentation file.
outputs/experiments/uci_har/seed_2026/mlp/noise/fixed_attacker/source_manifest.json,1606,,,source_artifact_referenced,False,keep,Required canonical delivery/code/documentation file.
outputs/experiments/uci_har/seed_2026/mlp/noise/fixed_attacker/trace.json,378,,,source_artifact_referenced,False,keep,Required canonical delivery/code/documentation file.
outputs/experiments/uci_har/seed_2026/mlp/noise/retrain_attacker/classification_report.txt,178,,,source_artifact_referenced,False,keep,Required canonical delivery/code/documentation file.
outputs/experiments/uci_har/seed_2026/mlp/noise/retrain_attacker/confusion.json,2060,,,source_artifact_referenced,True,keep,Referenced by final summaries or delivery documentation.
outputs/experiments/uci_har/seed_2026/mlp/noise/retrain_attacker/defense_report.json,2091,,,source_artifact_referenced,True,keep,Referenced by final summaries or delivery documentation.
outputs/experiments/uci_har/seed_2026/mlp/noise/retrain_attacker/metrics.json,2060,,,source_artifact_referenced,False,keep,Required canonical delivery/code/documentation file.
outputs/experiments/uci_har/seed_2026/mlp/noise/retrain_attacker/parameter_scan/comparison_results.csv,1159,,,source_artifact_referenced,True,keep,Referenced by final summaries or delivery documentation.
outputs/experiments/uci_har/seed_2026/mlp/noise/retrain_attacker/parameter_scan/plot_accuracy.png,44995,,,source_artifact_referenced,False,keep,Required canonical delivery/code/documentation file.
outputs/experiments/uci_har/seed_2026/mlp/noise/retrain_attacker/parameter_scan/plot_distortion.png,59991,,,source_artifact_referenced,False,keep,Required canonical delivery/code/documentation file.
outputs/experiments/uci_har/seed_2026/mlp/noise/retrain_attacker/parameter_scan/scan_summary.json,440,,,source_artifact_referenced,False,keep,Required canonical delivery/code/documentation file.
outputs/experiments/uci_har/seed_2026/mlp/noise/retrain_attacker/parameter_scan/scan_trace.json,305,,,source_artifact_referenced,False,keep,Required canonical delivery/code/documentation file.
outputs/experiments/uci_har/seed_2026/mlp/noise/retrain_attacker/source_manifest.json,1628,,,source_artifact_referenced,False,keep,Required canonical delivery/code/documentation file.
outputs/experiments/uci_har/seed_2026/mlp/noise/retrain_attacker/trace.json,382,,,source_artifact_referenced,False,keep,Required canonical delivery/code/documentation file.
outputs/experiments/uci_har/seed_42/lstm/adaptive_ldp/fixed_attacker/classification_report.txt,182,,,source_artifact_referenced,False,keep,Required canonical delivery/code/documentation file.
outputs/experiments/uci_har/seed_42/lstm/adaptive_ldp/fixed_attacker/confusion.json,2012,,,source_artifact_referenced,True,keep,Referenced by final summaries or delivery documentation.
outputs/experiments/uci_har/seed_42/lstm/adaptive_ldp/fixed_attacker/defense_report.json,2109,,,source_artifact_referenced,True,keep,Referenced by final summaries or delivery documentation.
outputs/experiments/uci_har/seed_42/lstm/adaptive_ldp/fixed_attacker/metrics.json,2012,,,source_artifact_referenced,False,keep,Required canonical delivery/code/documentation file.
outputs/experiments/uci_har/seed_42/lstm/adaptive_ldp/fixed_attacker/parameter_scan/comparison_results.csv,2678,,,source_artifact_referenced,True,keep,Referenced by final summaries or delivery documentation.
outputs/experiments/uci_har/seed_42/lstm/adaptive_ldp/fixed_attacker/parameter_scan/plot_accuracy.png,61788,,,source_artifact_referenced,False,keep,Required canonical delivery/code/documentation file.
outputs/experiments/uci_har/seed_42/lstm/adaptive_ldp/fixed_attacker/parameter_scan/plot_distortion.png,52000,,,source_artifact_referenced,False,keep,Required canonical delivery/code/documentation file.
outputs/experiments/uci_har/seed_42/lstm/adaptive_ldp/fixed_attacker/parameter_scan/profile_config.json,1620,,,source_artifact_referenced,False,keep,Required canonical delivery/code/documentation file.
outputs/experiments/uci_har/seed_42/lstm/adaptive_ldp/fixed_attacker/parameter_scan/scan_summary.json,452,,,source_artifact_referenced,False,keep,Required canonical delivery/code/documentation file.
outputs/experiments/uci_har/seed_42/lstm/adaptive_ldp/fixed_attacker/parameter_scan/scan_trace.json,313,,,source_artifact_referenced,False,keep,Required canonical delivery/code/documentation file.
outputs/experiments/uci_har/seed_42/lstm/adaptive_ldp/fixed_attacker/source_manifest.json,1671,,,source_artifact_referenced,False,keep,Required canonical delivery/code/documentation file.
outputs/experiments/uci_har/seed_42/lstm/adaptive_ldp/fixed_attacker/trace.json,389,,,source_artifact_referenced,False,keep,Required canonical delivery/code/documentation file.
outputs/experiments/uci_har/seed_42/lstm/adaptive_ldp/retrain_attacker/classification_report.txt,184,,,source_artifact_referenced,False,keep,Required canonical delivery/code/documentation file.
outputs/experiments/uci_har/seed_42/lstm/adaptive_ldp/retrain_attacker/confusion.json,2054,,,source_artifact_referenced,True,keep,Referenced by final summaries or delivery documentation.
outputs/experiments/uci_har/seed_42/lstm/adaptive_ldp/retrain_attacker/defense_report.json,2109,,,source_artifact_referenced,True,keep,Referenced by final summaries or delivery documentation.
outputs/experiments/uci_har/seed_42/lstm/adaptive_ldp/retrain_attacker/metrics.json,2054,,,source_artifact_referenced,False,keep,Required canonical delivery/code/documentation file.
outputs/experiments/uci_har/seed_42/lstm/adaptive_ldp/retrain_attacker/parameter_scan/comparison_results.csv,2717,,,source_artifact_referenced,True,keep,Referenced by final summaries or delivery documentation.
outputs/experiments/uci_har/seed_42/lstm/adaptive_ldp/retrain_attacker/parameter_scan/plot_accuracy.png,62834,,,source_artifact_referenced,False,keep,Required canonical delivery/code/documentation file.
outputs/experiments/uci_har/seed_42/lstm/adaptive_ldp/retrain_attacker/parameter_scan/plot_distortion.png,52000,,,source_artifact_referenced,False,keep,Required canonical delivery/code/documentation file.
outputs/experiments/uci_har/seed_42/lstm/adaptive_ldp/retrain_attacker/parameter_scan/profile_config.json,1620,,,source_artifact_referenced,False,keep,Required canonical delivery/code/documentation file.
outputs/experiments/uci_har/seed_42/lstm/adaptive_ldp/retrain_attacker/parameter_scan/scan_summary.json,458,,,source_artifact_referenced,False,keep,Required canonical delivery/code/documentation file.
outputs/experiments/uci_har/seed_42/lstm/adaptive_ldp/retrain_attacker/parameter_scan/scan_trace.json,317,,,source_artifact_referenced,False,keep,Required canonical delivery/code/documentation file.
outputs/experiments/uci_har/seed_42/lstm/adaptive_ldp/retrain_attacker/source_manifest.json,1693,,,source_artifact_referenced,False,keep,Required canonical delivery/code/documentation file.
outputs/experiments/uci_har/seed_42/lstm/adaptive_ldp/retrain_attacker/trace.json,393,,,source_artifact_referenced,False,keep,Required canonical delivery/code/documentation file.
outputs/experiments/uci_har/seed_42/lstm/baseline/baseline_classification_report.txt,192,,,source_artifact_referenced,False,keep,Required canonical delivery/code/documentation file.
outputs/experiments/uci_har/seed_42/lstm/baseline/baseline_confusion.json,2072,,,source_artifact_referenced,True,keep,Referenced by final summaries or delivery documentation.
outputs/experiments/uci_har/seed_42/lstm/baseline/baseline_metrics.json,2072,,,source_artifact_referenced,False,keep,Required canonical delivery/code/documentation file.
outputs/experiments/uci_har/seed_42/lstm/baseline/source_manifest.json,518,,,source_artifact_referenced,False,keep,Required canonical delivery/code/documentation file.
outputs/experiments/uci_har/seed_42/lstm/ldp/fixed_attacker/classification_report.txt,173,,,source_artifact_referenced,False,keep,Required canonical delivery/code/documentation file.
outputs/experiments/uci_har/seed_42/lstm/ldp/fixed_attacker/confusion.json,1859,,,source_artifact_referenced,True,keep,Referenced by final summaries or delivery documentation.
outputs/experiments/uci_har/seed_42/lstm/ldp/fixed_attacker/defense_report.json,2100,,,source_artifact_referenced,True,keep,Referenced by final summaries or delivery documentation.
outputs/experiments/uci_har/seed_42/lstm/ldp/fixed_attacker/metrics.json,1859,,,source_artifact_referenced,False,keep,Required canonical delivery/code/documentation file.
outputs/experiments/uci_har/seed_42/lstm/ldp/fixed_attacker/parameter_scan/comparison_results.csv,1362,,,source_artifact_referenced,True,keep,Referenced by final summaries or delivery documentation.
outputs/experiments/uci_har/seed_42/lstm/ldp/fixed_attacker/parameter_scan/plot_accuracy.png,33371,,,source_artifact_referenced,False,keep,Required canonical delivery/code/documentation file.
outputs/experiments/uci_har/seed_42/lstm/ldp/fixed_attacker/parameter_scan/plot_distortion.png,27572,,,source_artifact_referenced,False,keep,Required canonical delivery/code/documentation file.
outputs/experiments/uci_har/seed_42/lstm/ldp/fixed_attacker/parameter_scan/scan_summary.json,425,,,source_artifact_referenced,False,keep,Required canonical delivery/code/documentation file.
outputs/experiments/uci_har/seed_42/lstm/ldp/fixed_attacker/parameter_scan/scan_trace.json,295,,,source_artifact_referenced,False,keep,Required canonical delivery/code/documentation file.
outputs/experiments/uci_har/seed_42/lstm/ldp/fixed_attacker/source_manifest.json,1572,,,source_artifact_referenced,False,keep,Required canonical delivery/code/documentation file.
outputs/experiments/uci_har/seed_42/lstm/ldp/fixed_attacker/trace.json,371,,,source_artifact_referenced,False,keep,Required canonical delivery/code/documentation file.
outputs/experiments/uci_har/seed_42/lstm/ldp/retrain_attacker/classification_report.txt,175,,,source_artifact_referenced,False,keep,Required canonical delivery/code/documentation file.
outputs/experiments/uci_har/seed_42/lstm/ldp/retrain_attacker/confusion.json,2044,,,source_artifact_referenced,True,keep,Referenced by final summaries or delivery documentation.
outputs/experiments/uci_har/seed_42/lstm/ldp/retrain_attacker/defense_report.json,2100,,,source_artifact_referenced,True,keep,Referenced by final summaries or delivery documentation.
outputs/experiments/uci_har/seed_42/lstm/ldp/retrain_attacker/metrics.json,2044,,,source_artifact_referenced,False,keep,Required canonical delivery/code/documentation file.
outputs/experiments/uci_har/seed_42/lstm/ldp/retrain_attacker/parameter_scan/comparison_results.csv,1384,,,source_artifact_referenced,True,keep,Referenced by final summaries or delivery documentation.
outputs/experiments/uci_har/seed_42/lstm/ldp/retrain_attacker/parameter_scan/plot_accuracy.png,43341,,,source_artifact_referenced,False,keep,Required canonical delivery/code/documentation file.
outputs/experiments/uci_har/seed_42/lstm/ldp/retrain_attacker/parameter_scan/plot_distortion.png,27572,,,source_artifact_referenced,False,keep,Required canonical delivery/code/documentation file.
outputs/experiments/uci_har/seed_42/lstm/ldp/retrain_attacker/parameter_scan/scan_summary.json,431,,,source_artifact_referenced,False,keep,Required canonical delivery/code/documentation file.
outputs/experiments/uci_har/seed_42/lstm/ldp/retrain_attacker/parameter_scan/scan_trace.json,299,,,source_artifact_referenced,False,keep,Required canonical delivery/code/documentation file.
outputs/experiments/uci_har/seed_42/lstm/ldp/retrain_attacker/source_manifest.json,1594,,,source_artifact_referenced,False,keep,Required canonical delivery/code/documentation file.
outputs/experiments/uci_har/seed_42/lstm/ldp/retrain_attacker/trace.json,375,,,source_artifact_referenced,False,keep,Required canonical delivery/code/documentation file.
outputs/experiments/uci_har/seed_42/lstm/noise/fixed_attacker/classification_report.txt,175,,,source_artifact_referenced,False,keep,Required canonical delivery/code/documentation file.
outputs/experiments/uci_har/seed_42/lstm/noise/fixed_attacker/confusion.json,2097,,,source_artifact_referenced,True,keep,Referenced by final summaries or delivery documentation.
outputs/experiments/uci_har/seed_42/lstm/noise/fixed_attacker/defense_report.json,2074,,,source_artifact_referenced,True,keep,Referenced by final summaries or delivery documentation.
outputs/experiments/uci_har/seed_42/lstm/noise/fixed_attacker/metrics.json,2097,,,source_artifact_referenced,False,keep,Required canonical delivery/code/documentation file.
outputs/experiments/uci_har/seed_42/lstm/noise/fixed_attacker/parameter_scan/comparison_results.csv,1144,,,source_artifact_referenced,True,keep,Referenced by final summaries or delivery documentation.
outputs/experiments/uci_har/seed_42/lstm/noise/fixed_attacker/parameter_scan/plot_accuracy.png,44297,,,source_artifact_referenced,False,keep,Required canonical delivery/code/documentation file.
outputs/experiments/uci_har/seed_42/lstm/noise/fixed_attacker/parameter_scan/plot_distortion.png,57305,,,source_artifact_referenced,False,keep,Required canonical delivery/code/documentation file.
outputs/experiments/uci_har/seed_42/lstm/noise/fixed_attacker/parameter_scan/scan_summary.json,431,,,source_artifact_referenced,False,keep,Required canonical delivery/code/documentation file.
outputs/experiments/uci_har/seed_42/lstm/noise/fixed_attacker/parameter_scan/scan_trace.json,299,,,source_artifact_referenced,False,keep,Required canonical delivery/code/documentation file.
outputs/experiments/uci_har/seed_42/lstm/noise/fixed_attacker/source_manifest.json,1594,,,source_artifact_referenced,False,keep,Required canonical delivery/code/documentation file.
outputs/experiments/uci_har/seed_42/lstm/noise/fixed_attacker/trace.json,375,,,source_artifact_referenced,False,keep,Required canonical delivery/code/documentation file.
outputs/experiments/uci_har/seed_42/lstm/noise/retrain_attacker/classification_report.txt,177,,,source_artifact_referenced,False,keep,Required canonical delivery/code/documentation file.
outputs/experiments/uci_har/seed_42/lstm/noise/retrain_attacker/confusion.json,2080,,,source_artifact_referenced,True,keep,Referenced by final summaries or delivery documentation.
outputs/experiments/uci_har/seed_42/lstm/noise/retrain_attacker/defense_report.json,2074,,,source_artifact_referenced,True,keep,Referenced by final summaries or delivery documentation.
outputs/experiments/uci_har/seed_42/lstm/noise/retrain_attacker/metrics.json,2080,,,source_artifact_referenced,False,keep,Required canonical delivery/code/documentation file.
outputs/experiments/uci_har/seed_42/lstm/noise/retrain_attacker/parameter_scan/comparison_results.csv,1155,,,source_artifact_referenced,True,keep,Referenced by final summaries or delivery documentation.
outputs/experiments/uci_har/seed_42/lstm/noise/retrain_attacker/parameter_scan/plot_accuracy.png,48028,,,source_artifact_referenced,False,keep,Required canonical delivery/code/documentation file.
outputs/experiments/uci_har/seed_42/lstm/noise/retrain_attacker/parameter_scan/plot_distortion.png,57305,,,source_artifact_referenced,False,keep,Required canonical delivery/code/documentation file.
outputs/experiments/uci_har/seed_42/lstm/noise/retrain_attacker/parameter_scan/scan_summary.json,437,,,source_artifact_referenced,False,keep,Required canonical delivery/code/documentation file.
outputs/experiments/uci_har/seed_42/lstm/noise/retrain_attacker/parameter_scan/scan_trace.json,303,,,source_artifact_referenced,False,keep,Required canonical delivery/code/documentation file.
outputs/experiments/uci_har/seed_42/lstm/noise/retrain_attacker/source_manifest.json,1616,,,source_artifact_referenced,False,keep,Required canonical delivery/code/documentation file.
outputs/experiments/uci_har/seed_42/lstm/noise/retrain_attacker/trace.json,379,,,source_artifact_referenced,False,keep,Required canonical delivery/code/documentation file.
outputs/experiments/uci_har/seed_42/mlp/adaptive_ldp/fixed_attacker/classification_report.txt,181,,,source_artifact_referenced,False,keep,Required canonical delivery/code/documentation file.
outputs/experiments/uci_har/seed_42/mlp/adaptive_ldp/fixed_attacker/confusion.json,2034,,,source_artifact_referenced,True,keep,Referenced by final summaries or delivery documentation.
outputs/experiments/uci_har/seed_42/mlp/adaptive_ldp/fixed_attacker/defense_report.json,2109,,,source_artifact_referenced,True,keep,Referenced by final summaries or delivery documentation.
outputs/experiments/uci_har/seed_42/mlp/adaptive_ldp/fixed_attacker/metrics.json,2034,,,source_artifact_referenced,False,keep,Required canonical delivery/code/documentation file.
outputs/experiments/uci_har/seed_42/mlp/adaptive_ldp/fixed_attacker/parameter_scan/comparison_results.csv,2662,,,source_artifact_referenced,True,keep,Referenced by final summaries or delivery documentation.
outputs/experiments/uci_har/seed_42/mlp/adaptive_ldp/fixed_attacker/parameter_scan/plot_accuracy.png,62772,,,source_artifact_referenced,False,keep,Required canonical delivery/code/documentation file.
outputs/experiments/uci_har/seed_42/mlp/adaptive_ldp/fixed_attacker/parameter_scan/plot_distortion.png,52000,,,source_artifact_referenced,False,keep,Required canonical delivery/code/documentation file.
outputs/experiments/uci_har/seed_42/mlp/adaptive_ldp/fixed_attacker/parameter_scan/profile_config.json,1620,,,source_artifact_referenced,False,keep,Required canonical delivery/code/documentation file.
outputs/experiments/uci_har/seed_42/mlp/adaptive_ldp/fixed_attacker/parameter_scan/scan_summary.json,449,,,source_artifact_referenced,False,keep,Required canonical delivery/code/documentation file.
outputs/experiments/uci_har/seed_42/mlp/adaptive_ldp/fixed_attacker/parameter_scan/scan_trace.json,311,,,source_artifact_referenced,False,keep,Required canonical delivery/code/documentation file.
outputs/experiments/uci_har/seed_42/mlp/adaptive_ldp/fixed_attacker/source_manifest.json,1659,,,source_artifact_referenced,False,keep,Required canonical delivery/code/documentation file.
outputs/experiments/uci_har/seed_42/mlp/adaptive_ldp/fixed_attacker/trace.json,388,,,source_artifact_referenced,False,keep,Required canonical delivery/code/documentation file.
outputs/experiments/uci_har/seed_42/mlp/adaptive_ldp/retrain_attacker/classification_report.txt,183,,,source_artifact_referenced,False,keep,Required canonical delivery/code/documentation file.
outputs/experiments/uci_har/seed_42/mlp/adaptive_ldp/retrain_attacker/confusion.json,2063,,,source_artifact_referenced,True,keep,Referenced by final summaries or delivery documentation.
outputs/experiments/uci_har/seed_42/mlp/adaptive_ldp/retrain_attacker/defense_report.json,2109,,,source_artifact_referenced,True,keep,Referenced by final summaries or delivery documentation.
outputs/experiments/uci_har/seed_42/mlp/adaptive_ldp/retrain_attacker/metrics.json,2063,,,source_artifact_referenced,False,keep,Required canonical delivery/code/documentation file.
outputs/experiments/uci_har/seed_42/mlp/adaptive_ldp/retrain_attacker/parameter_scan/comparison_results.csv,2689,,,source_artifact_referenced,True,keep,Referenced by final summaries or delivery documentation.
outputs/experiments/uci_har/seed_42/mlp/adaptive_ldp/retrain_attacker/parameter_scan/plot_accuracy.png,62870,,,source_artifact_referenced,False,keep,Required canonical delivery/code/documentation file.
outputs/experiments/uci_har/seed_42/mlp/adaptive_ldp/retrain_attacker/parameter_scan/plot_distortion.png,52000,,,source_artifact_referenced,False,keep,Required canonical delivery/code/documentation file.
outputs/experiments/uci_har/seed_42/mlp/adaptive_ldp/retrain_attacker/parameter_scan/profile_config.json,1620,,,source_artifact_referenced,False,keep,Required canonical delivery/code/documentation file.
outputs/experiments/uci_har/seed_42/mlp/adaptive_ldp/retrain_attacker/parameter_scan/scan_summary.json,455,,,source_artifact_referenced,False,keep,Required canonical delivery/code/documentation file.
outputs/experiments/uci_har/seed_42/mlp/adaptive_ldp/retrain_attacker/parameter_scan/scan_trace.json,315,,,source_artifact_referenced,False,keep,Required canonical delivery/code/documentation file.
outputs/experiments/uci_har/seed_42/mlp/adaptive_ldp/retrain_attacker/source_manifest.json,1681,,,source_artifact_referenced,False,keep,Required canonical delivery/code/documentation file.
outputs/experiments/uci_har/seed_42/mlp/adaptive_ldp/retrain_attacker/trace.json,392,,,source_artifact_referenced,False,keep,Required canonical delivery/code/documentation file.
outputs/experiments/uci_har/seed_42/mlp/baseline/baseline_classification_report.txt,192,,,source_artifact_referenced,False,keep,Required canonical delivery/code/documentation file.
outputs/experiments/uci_har/seed_42/mlp/baseline/baseline_confusion.json,2072,,,source_artifact_referenced,True,keep,Referenced by final summaries or delivery documentation.
outputs/experiments/uci_har/seed_42/mlp/baseline/baseline_metrics.json,2072,,,source_artifact_referenced,False,keep,Required canonical delivery/code/documentation file.
outputs/experiments/uci_har/seed_42/mlp/baseline/source_manifest.json,515,,,source_artifact_referenced,False,keep,Required canonical delivery/code/documentation file.
outputs/experiments/uci_har/seed_42/mlp/ldp/fixed_attacker/classification_report.txt,172,,,source_artifact_referenced,False,keep,Required canonical delivery/code/documentation file.
outputs/experiments/uci_har/seed_42/mlp/ldp/fixed_attacker/confusion.json,2025,,,source_artifact_referenced,True,keep,Referenced by final summaries or delivery documentation.
outputs/experiments/uci_har/seed_42/mlp/ldp/fixed_attacker/defense_report.json,2100,,,source_artifact_referenced,True,keep,Referenced by final summaries or delivery documentation.
outputs/experiments/uci_har/seed_42/mlp/ldp/fixed_attacker/metrics.json,2025,,,source_artifact_referenced,False,keep,Required canonical delivery/code/documentation file.
outputs/experiments/uci_har/seed_42/mlp/ldp/fixed_attacker/parameter_scan/comparison_results.csv,1349,,,source_artifact_referenced,True,keep,Referenced by final summaries or delivery documentation.
outputs/experiments/uci_har/seed_42/mlp/ldp/fixed_attacker/parameter_scan/plot_accuracy.png,33476,,,source_artifact_referenced,False,keep,Required canonical delivery/code/documentation file.
outputs/experiments/uci_har/seed_42/mlp/ldp/fixed_attacker/parameter_scan/plot_distortion.png,27572,,,source_artifact_referenced,False,keep,Required canonical delivery/code/documentation file.
outputs/experiments/uci_har/seed_42/mlp/ldp/fixed_attacker/parameter_scan/scan_summary.json,422,,,source_artifact_referenced,False,keep,Required canonical delivery/code/documentation file.
outputs/experiments/uci_har/seed_42/mlp/ldp/fixed_attacker/parameter_scan/scan_trace.json,293,,,source_artifact_referenced,False,keep,Required canonical delivery/code/documentation file.
outputs/experiments/uci_har/seed_42/mlp/ldp/fixed_attacker/source_manifest.json,1560,,,source_artifact_referenced,False,keep,Required canonical delivery/code/documentation file.
outputs/experiments/uci_har/seed_42/mlp/ldp/fixed_attacker/trace.json,370,,,source_artifact_referenced,False,keep,Required canonical delivery/code/documentation file.
outputs/experiments/uci_har/seed_42/mlp/ldp/retrain_attacker/classification_report.txt,174,,,source_artifact_referenced,False,keep,Required canonical delivery/code/documentation file.
outputs/experiments/uci_har/seed_42/mlp/ldp/retrain_attacker/confusion.json,2075,,,source_artifact_referenced,True,keep,Referenced by final summaries or delivery documentation.
outputs/experiments/uci_har/seed_42/mlp/ldp/retrain_attacker/defense_report.json,2100,,,source_artifact_referenced,True,keep,Referenced by final summaries or delivery documentation.
outputs/experiments/uci_har/seed_42/mlp/ldp/retrain_attacker/metrics.json,2075,,,source_artifact_referenced,False,keep,Required canonical delivery/code/documentation file.
outputs/experiments/uci_har/seed_42/mlp/ldp/retrain_attacker/parameter_scan/comparison_results.csv,1368,,,source_artifact_referenced,True,keep,Referenced by final summaries or delivery documentation.
outputs/experiments/uci_har/seed_42/mlp/ldp/retrain_attacker/parameter_scan/plot_accuracy.png,37072,,,source_artifact_referenced,False,keep,Required canonical delivery/code/documentation file.
outputs/experiments/uci_har/seed_42/mlp/ldp/retrain_attacker/parameter_scan/plot_distortion.png,27572,,,source_artifact_referenced,False,keep,Required canonical delivery/code/documentation file.
outputs/experiments/uci_har/seed_42/mlp/ldp/retrain_attacker/parameter_scan/scan_summary.json,428,,,source_artifact_referenced,False,keep,Required canonical delivery/code/documentation file.
outputs/experiments/uci_har/seed_42/mlp/ldp/retrain_attacker/parameter_scan/scan_trace.json,297,,,source_artifact_referenced,False,keep,Required canonical delivery/code/documentation file.
outputs/experiments/uci_har/seed_42/mlp/ldp/retrain_attacker/source_manifest.json,1582,,,source_artifact_referenced,False,keep,Required canonical delivery/code/documentation file.
outputs/experiments/uci_har/seed_42/mlp/ldp/retrain_attacker/trace.json,374,,,source_artifact_referenced,False,keep,Required canonical delivery/code/documentation file.
outputs/experiments/uci_har/seed_42/mlp/noise/fixed_attacker/classification_report.txt,174,,,source_artifact_referenced,False,keep,Required canonical delivery/code/documentation file.
outputs/experiments/uci_har/seed_42/mlp/noise/fixed_attacker/confusion.json,1643,,,source_artifact_referenced,True,keep,Referenced by final summaries or delivery documentation.
outputs/experiments/uci_har/seed_42/mlp/noise/fixed_attacker/defense_report.json,2074,,,source_artifact_referenced,True,keep,Referenced by final summaries or delivery documentation.
outputs/experiments/uci_har/seed_42/mlp/noise/fixed_attacker/metrics.json,1643,,,source_artifact_referenced,False,keep,Required canonical delivery/code/documentation file.
outputs/experiments/uci_har/seed_42/mlp/noise/fixed_attacker/parameter_scan/comparison_results.csv,1134,,,source_artifact_referenced,True,keep,Referenced by final summaries or delivery documentation.
outputs/experiments/uci_har/seed_42/mlp/noise/fixed_attacker/parameter_scan/plot_accuracy.png,39541,,,source_artifact_referenced,False,keep,Required canonical delivery/code/documentation file.
outputs/experiments/uci_har/seed_42/mlp/noise/fixed_attacker/parameter_scan/plot_distortion.png,57305,,,source_artifact_referenced,False,keep,Required canonical delivery/code/documentation file.
outputs/experiments/uci_har/seed_42/mlp/noise/fixed_attacker/parameter_scan/scan_summary.json,428,,,source_artifact_referenced,False,keep,Required canonical delivery/code/documentation file.
outputs/experiments/uci_har/seed_42/mlp/noise/fixed_attacker/parameter_scan/scan_trace.json,297,,,source_artifact_referenced,False,keep,Required canonical delivery/code/documentation file.
outputs/experiments/uci_har/seed_42/mlp/noise/fixed_attacker/source_manifest.json,1582,,,source_artifact_referenced,False,keep,Required canonical delivery/code/documentation file.
outputs/experiments/uci_har/seed_42/mlp/noise/fixed_attacker/trace.json,374,,,source_artifact_referenced,False,keep,Required canonical delivery/code/documentation file.
outputs/experiments/uci_har/seed_42/mlp/noise/retrain_attacker/classification_report.txt,176,,,source_artifact_referenced,False,keep,Required canonical delivery/code/documentation file.
outputs/experiments/uci_har/seed_42/mlp/noise/retrain_attacker/confusion.json,2077,,,source_artifact_referenced,True,keep,Referenced by final summaries or delivery documentation.
outputs/experiments/uci_har/seed_42/mlp/noise/retrain_attacker/defense_report.json,2074,,,source_artifact_referenced,True,keep,Referenced by final summaries or delivery documentation.
outputs/experiments/uci_har/seed_42/mlp/noise/retrain_attacker/metrics.json,2077,,,source_artifact_referenced,False,keep,Required canonical delivery/code/documentation file.
outputs/experiments/uci_har/seed_42/mlp/noise/retrain_attacker/parameter_scan/comparison_results.csv,1144,,,source_artifact_referenced,True,keep,Referenced by final summaries or delivery documentation.
outputs/experiments/uci_har/seed_42/mlp/noise/retrain_attacker/parameter_scan/plot_accuracy.png,44736,,,source_artifact_referenced,False,keep,Required canonical delivery/code/documentation file.
outputs/experiments/uci_har/seed_42/mlp/noise/retrain_attacker/parameter_scan/plot_distortion.png,57305,,,source_artifact_referenced,False,keep,Required canonical delivery/code/documentation file.
outputs/experiments/uci_har/seed_42/mlp/noise/retrain_attacker/parameter_scan/scan_summary.json,434,,,source_artifact_referenced,False,keep,Required canonical delivery/code/documentation file.
outputs/experiments/uci_har/seed_42/mlp/noise/retrain_attacker/parameter_scan/scan_trace.json,301,,,source_artifact_referenced,False,keep,Required canonical delivery/code/documentation file.
outputs/experiments/uci_har/seed_42/mlp/noise/retrain_attacker/source_manifest.json,1604,,,source_artifact_referenced,False,keep,Required canonical delivery/code/documentation file.
outputs/experiments/uci_har/seed_42/mlp/noise/retrain_attacker/trace.json,378,,,source_artifact_referenced,False,keep,Required canonical delivery/code/documentation file.
outputs/figures/experiments/casas_hh101/seed_123/lstm/adaptive_ldp/fixed_attacker/plot_accuracy.png,64878,,,final_figure_required,False,keep,Required canonical delivery/code/documentation file.
outputs/figures/experiments/casas_hh101/seed_123/lstm/adaptive_ldp/fixed_attacker/plot_distortion.png,60040,,,final_figure_required,False,keep,Required canonical delivery/code/documentation file.
outputs/figures/experiments/casas_hh101/seed_123/lstm/adaptive_ldp/retrain_attacker/plot_accuracy.png,67298,,,final_figure_required,False,keep,Required canonical delivery/code/documentation file.
outputs/figures/experiments/casas_hh101/seed_123/lstm/adaptive_ldp/retrain_attacker/plot_distortion.png,60040,,,final_figure_required,False,keep,Required canonical delivery/code/documentation file.
outputs/figures/experiments/casas_hh101/seed_123/lstm/ldp/fixed_attacker/plot_accuracy.png,46848,,,final_figure_required,False,keep,Required canonical delivery/code/documentation file.
outputs/figures/experiments/casas_hh101/seed_123/lstm/ldp/fixed_attacker/plot_distortion.png,27523,,,final_figure_required,False,keep,Required canonical delivery/code/documentation file.
outputs/figures/experiments/casas_hh101/seed_123/lstm/ldp/retrain_attacker/plot_accuracy.png,37756,,,final_figure_required,False,keep,Required canonical delivery/code/documentation file.
outputs/figures/experiments/casas_hh101/seed_123/lstm/ldp/retrain_attacker/plot_distortion.png,30052,,,final_figure_required,False,keep,Required canonical delivery/code/documentation file.
outputs/figures/experiments/casas_hh101/seed_123/lstm/noise/fixed_attacker/plot_distortion.png,54568,,,final_figure_required,False,keep,Required canonical delivery/code/documentation file.
outputs/figures/experiments/casas_hh101/seed_123/lstm/noise/retrain_attacker/plot_accuracy.png,42741,,,final_figure_required,False,keep,Required canonical delivery/code/documentation file.
outputs/figures/experiments/casas_hh101/seed_123/lstm/noise/retrain_attacker/plot_distortion.png,38950,,,final_figure_required,False,keep,Required canonical delivery/code/documentation file.
outputs/figures/experiments/casas_hh101/seed_123/mlp/adaptive_ldp/fixed_attacker/plot_accuracy.png,68289,,,final_figure_required,False,keep,Required canonical delivery/code/documentation file.
outputs/figures/experiments/casas_hh101/seed_123/mlp/adaptive_ldp/fixed_attacker/plot_distortion.png,60040,,,final_figure_required,False,keep,Required canonical delivery/code/documentation file.
outputs/figures/experiments/casas_hh101/seed_123/mlp/adaptive_ldp/retrain_attacker/plot_accuracy.png,66355,,,final_figure_required,False,keep,Required canonical delivery/code/documentation file.
outputs/figures/experiments/casas_hh101/seed_123/mlp/adaptive_ldp/retrain_attacker/plot_distortion.png,60040,,,final_figure_required,False,keep,Required canonical delivery/code/documentation file.
outputs/figures/experiments/casas_hh101/seed_123/mlp/ldp/fixed_attacker/plot_accuracy.png,43761,,,final_figure_required,False,keep,Required canonical delivery/code/documentation file.
outputs/figures/experiments/casas_hh101/seed_123/mlp/ldp/fixed_attacker/plot_distortion.png,30052,,,final_figure_required,False,keep,Required canonical delivery/code/documentation file.
outputs/figures/experiments/casas_hh101/seed_123/mlp/ldp/retrain_attacker/plot_accuracy.png,35564,,,final_figure_required,False,keep,Required canonical delivery/code/documentation file.
outputs/figures/experiments/casas_hh101/seed_123/mlp/ldp/retrain_attacker/plot_distortion.png,30052,,,final_figure_required,False,keep,Required canonical delivery/code/documentation file.
outputs/figures/experiments/casas_hh101/seed_123/mlp/noise/fixed_attacker/plot_accuracy.png,40323,,,final_figure_required,False,keep,Required canonical delivery/code/documentation file.
outputs/figures/experiments/casas_hh101/seed_123/mlp/noise/fixed_attacker/plot_distortion.png,38950,,,final_figure_required,False,keep,Required canonical delivery/code/documentation file.
outputs/figures/experiments/casas_hh101/seed_123/mlp/noise/retrain_attacker/plot_accuracy.png,43492,,,final_figure_required,False,keep,Required canonical delivery/code/documentation file.
outputs/figures/experiments/casas_hh101/seed_123/mlp/noise/retrain_attacker/plot_distortion.png,38950,,,final_figure_required,False,keep,Required canonical delivery/code/documentation file.
outputs/figures/experiments/casas_hh101/seed_2026/lstm/adaptive_ldp/fixed_attacker/plot_accuracy.png,61962,,,final_figure_required,False,keep,Required canonical delivery/code/documentation file.
outputs/figures/experiments/casas_hh101/seed_2026/lstm/adaptive_ldp/fixed_attacker/plot_distortion.png,60019,,,final_figure_required,False,keep,Required canonical delivery/code/documentation file.
outputs/figures/experiments/casas_hh101/seed_2026/lstm/adaptive_ldp/retrain_attacker/plot_accuracy.png,67204,,,final_figure_required,False,keep,Required canonical delivery/code/documentation file.
outputs/figures/experiments/casas_hh101/seed_2026/lstm/adaptive_ldp/retrain_attacker/plot_distortion.png,60019,,,final_figure_required,False,keep,Required canonical delivery/code/documentation file.
outputs/figures/experiments/casas_hh101/seed_2026/lstm/ldp/fixed_attacker/plot_accuracy.png,45510,,,final_figure_required,False,keep,Required canonical delivery/code/documentation file.
outputs/figures/experiments/casas_hh101/seed_2026/lstm/ldp/fixed_attacker/plot_distortion.png,27529,,,final_figure_required,False,keep,Required canonical delivery/code/documentation file.
outputs/figures/experiments/casas_hh101/seed_2026/lstm/ldp/retrain_attacker/plot_accuracy.png,42391,,,final_figure_required,False,keep,Required canonical delivery/code/documentation file.
outputs/figures/experiments/casas_hh101/seed_2026/lstm/ldp/retrain_attacker/plot_distortion.png,30052,,,final_figure_required,False,keep,Required canonical delivery/code/documentation file.
outputs/figures/experiments/casas_hh101/seed_2026/lstm/noise/fixed_attacker/plot_distortion.png,56152,,,final_figure_required,False,keep,Required canonical delivery/code/documentation file.
outputs/figures/experiments/casas_hh101/seed_2026/lstm/noise/retrain_attacker/plot_accuracy.png,44810,,,final_figure_required,False,keep,Required canonical delivery/code/documentation file.
outputs/figures/experiments/casas_hh101/seed_2026/lstm/noise/retrain_attacker/plot_distortion.png,38950,,,final_figure_required,False,keep,Required canonical delivery/code/documentation file.
outputs/figures/experiments/casas_hh101/seed_2026/mlp/adaptive_ldp/fixed_attacker/plot_accuracy.png,66589,,,final_figure_required,False,keep,Required canonical delivery/code/documentation file.
outputs/figures/experiments/casas_hh101/seed_2026/mlp/adaptive_ldp/fixed_attacker/plot_distortion.png,60019,,,final_figure_required,False,keep,Required canonical delivery/code/documentation file.
outputs/figures/experiments/casas_hh101/seed_2026/mlp/adaptive_ldp/retrain_attacker/plot_accuracy.png,63105,,,final_figure_required,False,keep,Required canonical delivery/code/documentation file.
outputs/figures/experiments/casas_hh101/seed_2026/mlp/adaptive_ldp/retrain_attacker/plot_distortion.png,60019,,,final_figure_required,False,keep,Required canonical delivery/code/documentation file.
outputs/figures/experiments/casas_hh101/seed_2026/mlp/ldp/fixed_attacker/plot_accuracy.png,36605,,,final_figure_required,False,keep,Required canonical delivery/code/documentation file.
outputs/figures/experiments/casas_hh101/seed_2026/mlp/ldp/fixed_attacker/plot_distortion.png,30052,,,final_figure_required,False,keep,Required canonical delivery/code/documentation file.
outputs/figures/experiments/casas_hh101/seed_2026/mlp/ldp/retrain_attacker/plot_accuracy.png,34363,,,final_figure_required,False,keep,Required canonical delivery/code/documentation file.
outputs/figures/experiments/casas_hh101/seed_2026/mlp/ldp/retrain_attacker/plot_distortion.png,30052,,,final_figure_required,False,keep,Required canonical delivery/code/documentation file.
outputs/figures/experiments/casas_hh101/seed_2026/mlp/noise/fixed_attacker/plot_accuracy.png,30453,,,final_figure_required,False,keep,Required canonical delivery/code/documentation file.
outputs/figures/experiments/casas_hh101/seed_2026/mlp/noise/fixed_attacker/plot_distortion.png,38950,,,final_figure_required,False,keep,Required canonical delivery/code/documentation file.
outputs/figures/experiments/casas_hh101/seed_2026/mlp/noise/retrain_attacker/plot_accuracy.png,47625,,,final_figure_required,False,keep,Required canonical delivery/code/documentation file.
outputs/figures/experiments/casas_hh101/seed_2026/mlp/noise/retrain_attacker/plot_distortion.png,38950,,,final_figure_required,False,keep,Required canonical delivery/code/documentation file.
outputs/figures/experiments/casas_hh101/seed_42/lstm/adaptive_ldp/fixed_attacker/plot_accuracy.png,65089,,,final_figure_required,False,keep,Required canonical delivery/code/documentation file.
outputs/figures/experiments/casas_hh101/seed_42/lstm/adaptive_ldp/fixed_attacker/plot_distortion.png,59891,,,final_figure_required,False,keep,Required canonical delivery/code/documentation file.
outputs/figures/experiments/casas_hh101/seed_42/lstm/adaptive_ldp/retrain_attacker/plot_accuracy.png,72511,,,final_figure_required,False,keep,Required canonical delivery/code/documentation file.
outputs/figures/experiments/casas_hh101/seed_42/lstm/adaptive_ldp/retrain_attacker/plot_distortion.png,59891,,,final_figure_required,False,keep,Required canonical delivery/code/documentation file.
outputs/figures/experiments/casas_hh101/seed_42/lstm/ldp/fixed_attacker/plot_accuracy.png,45971,,,final_figure_required,False,keep,Required canonical delivery/code/documentation file.
outputs/figures/experiments/casas_hh101/seed_42/lstm/ldp/fixed_attacker/plot_distortion.png,27529,,,final_figure_required,False,keep,Required canonical delivery/code/documentation file.
outputs/figures/experiments/casas_hh101/seed_42/lstm/ldp/retrain_attacker/plot_accuracy.png,40142,,,final_figure_required,False,keep,Required canonical delivery/code/documentation file.
outputs/figures/experiments/casas_hh101/seed_42/lstm/ldp/retrain_attacker/plot_distortion.png,30052,,,final_figure_required,False,keep,Required canonical delivery/code/documentation file.
outputs/figures/experiments/casas_hh101/seed_42/lstm/noise/fixed_attacker/plot_distortion.png,55490,,,final_figure_required,False,keep,Required canonical delivery/code/documentation file.
outputs/figures/experiments/casas_hh101/seed_42/lstm/noise/retrain_attacker/plot_accuracy.png,40733,,,final_figure_required,False,keep,Required canonical delivery/code/documentation file.
outputs/figures/experiments/casas_hh101/seed_42/lstm/noise/retrain_attacker/plot_distortion.png,38893,,,final_figure_required,False,keep,Required canonical delivery/code/documentation file.
outputs/figures/experiments/casas_hh101/seed_42/mlp/adaptive_ldp/fixed_attacker/plot_accuracy.png,65425,,,final_figure_required,False,keep,Required canonical delivery/code/documentation file.
outputs/figures/experiments/casas_hh101/seed_42/mlp/adaptive_ldp/fixed_attacker/plot_distortion.png,59891,,,final_figure_required,False,keep,Required canonical delivery/code/documentation file.
outputs/figures/experiments/casas_hh101/seed_42/mlp/adaptive_ldp/retrain_attacker/plot_accuracy.png,67827,,,final_figure_required,False,keep,Required canonical delivery/code/documentation file.
outputs/figures/experiments/casas_hh101/seed_42/mlp/adaptive_ldp/retrain_attacker/plot_distortion.png,59891,,,final_figure_required,False,keep,Required canonical delivery/code/documentation file.
outputs/figures/experiments/casas_hh101/seed_42/mlp/ldp/fixed_attacker/plot_accuracy.png,36681,,,final_figure_required,False,keep,Required canonical delivery/code/documentation file.
outputs/figures/experiments/casas_hh101/seed_42/mlp/ldp/fixed_attacker/plot_distortion.png,30052,,,final_figure_required,False,keep,Required canonical delivery/code/documentation file.
outputs/figures/experiments/casas_hh101/seed_42/mlp/ldp/retrain_attacker/plot_accuracy.png,34257,,,final_figure_required,False,keep,Required canonical delivery/code/documentation file.
outputs/figures/experiments/casas_hh101/seed_42/mlp/ldp/retrain_attacker/plot_distortion.png,30052,,,final_figure_required,False,keep,Required canonical delivery/code/documentation file.
outputs/figures/experiments/casas_hh101/seed_42/mlp/noise/fixed_attacker/plot_accuracy.png,42001,,,final_figure_required,False,keep,Required canonical delivery/code/documentation file.
outputs/figures/experiments/casas_hh101/seed_42/mlp/noise/fixed_attacker/plot_distortion.png,38893,,,final_figure_required,False,keep,Required canonical delivery/code/documentation file.
outputs/figures/experiments/casas_hh101/seed_42/mlp/noise/retrain_attacker/plot_accuracy.png,50874,,,final_figure_required,False,keep,Required canonical delivery/code/documentation file.
outputs/figures/experiments/casas_hh101/seed_42/mlp/noise/retrain_attacker/plot_distortion.png,38893,,,final_figure_required,False,keep,Required canonical delivery/code/documentation file.
outputs/figures/experiments/kasteren/seed_123/lstm/adaptive_ldp/fixed_attacker/plot_accuracy.png,58886,,,final_figure_required,False,keep,Required canonical delivery/code/documentation file.
outputs/figures/experiments/kasteren/seed_123/lstm/adaptive_ldp/fixed_attacker/plot_distortion.png,53099,,,final_figure_required,False,keep,Required canonical delivery/code/documentation file.
outputs/figures/experiments/kasteren/seed_123/lstm/adaptive_ldp/retrain_attacker/plot_accuracy.png,58718,,,final_figure_required,False,keep,Required canonical delivery/code/documentation file.
outputs/figures/experiments/kasteren/seed_123/lstm/adaptive_ldp/retrain_attacker/plot_distortion.png,53099,,,final_figure_required,False,keep,Required canonical delivery/code/documentation file.
outputs/figures/experiments/kasteren/seed_123/lstm/ldp/fixed_attacker/plot_accuracy.png,48309,,,final_figure_required,False,keep,Required canonical delivery/code/documentation file.
outputs/figures/experiments/kasteren/seed_123/lstm/ldp/fixed_attacker/plot_distortion.png,27616,,,final_figure_required,False,keep,Required canonical delivery/code/documentation file.
outputs/figures/experiments/kasteren/seed_123/lstm/ldp/retrain_attacker/plot_accuracy.png,32530,,,final_figure_required,False,keep,Required canonical delivery/code/documentation file.
outputs/figures/experiments/kasteren/seed_123/lstm/ldp/retrain_attacker/plot_distortion.png,30021,,,final_figure_required,False,keep,Required canonical delivery/code/documentation file.
outputs/figures/experiments/kasteren/seed_123/lstm/noise/fixed_attacker/plot_distortion.png,59669,,,final_figure_required,False,keep,Required canonical delivery/code/documentation file.
outputs/figures/experiments/kasteren/seed_123/lstm/noise/retrain_attacker/plot_accuracy.png,39219,,,final_figure_required,False,keep,Required canonical delivery/code/documentation file.
outputs/figures/experiments/kasteren/seed_123/lstm/noise/retrain_attacker/plot_distortion.png,38443,,,final_figure_required,False,keep,Required canonical delivery/code/documentation file.
outputs/figures/experiments/kasteren/seed_123/mlp/adaptive_ldp/fixed_attacker/plot_accuracy.png,62663,,,final_figure_required,False,keep,Required canonical delivery/code/documentation file.
outputs/figures/experiments/kasteren/seed_123/mlp/adaptive_ldp/fixed_attacker/plot_distortion.png,53099,,,final_figure_required,False,keep,Required canonical delivery/code/documentation file.
outputs/figures/experiments/kasteren/seed_123/mlp/adaptive_ldp/retrain_attacker/plot_accuracy.png,56057,,,final_figure_required,False,keep,Required canonical delivery/code/documentation file.
outputs/figures/experiments/kasteren/seed_123/mlp/adaptive_ldp/retrain_attacker/plot_distortion.png,53099,,,final_figure_required,False,keep,Required canonical delivery/code/documentation file.
outputs/figures/experiments/kasteren/seed_123/mlp/ldp/fixed_attacker/plot_accuracy.png,40800,,,final_figure_required,False,keep,Required canonical delivery/code/documentation file.
outputs/figures/experiments/kasteren/seed_123/mlp/ldp/fixed_attacker/plot_distortion.png,30021,,,final_figure_required,False,keep,Required canonical delivery/code/documentation file.
outputs/figures/experiments/kasteren/seed_123/mlp/ldp/retrain_attacker/plot_accuracy.png,37204,,,final_figure_required,False,keep,Required canonical delivery/code/documentation file.
outputs/figures/experiments/kasteren/seed_123/mlp/ldp/retrain_attacker/plot_distortion.png,30021,,,final_figure_required,False,keep,Required canonical delivery/code/documentation file.
outputs/figures/experiments/kasteren/seed_123/mlp/noise/fixed_attacker/plot_accuracy.png,31752,,,final_figure_required,False,keep,Required canonical delivery/code/documentation file.
outputs/figures/experiments/kasteren/seed_123/mlp/noise/fixed_attacker/plot_distortion.png,38443,,,final_figure_required,False,keep,Required canonical delivery/code/documentation file.
outputs/figures/experiments/kasteren/seed_123/mlp/noise/retrain_attacker/plot_accuracy.png,44785,,,final_figure_required,False,keep,Required canonical delivery/code/documentation file.
outputs/figures/experiments/kasteren/seed_123/mlp/noise/retrain_attacker/plot_distortion.png,38443,,,final_figure_required,False,keep,Required canonical delivery/code/documentation file.
outputs/figures/experiments/kasteren/seed_2026/lstm/adaptive_ldp/fixed_attacker/plot_accuracy.png,60185,,,final_figure_required,False,keep,Required canonical delivery/code/documentation file.
outputs/figures/experiments/kasteren/seed_2026/lstm/adaptive_ldp/fixed_attacker/plot_distortion.png,53059,,,final_figure_required,False,keep,Required canonical delivery/code/documentation file.
outputs/figures/experiments/kasteren/seed_2026/lstm/adaptive_ldp/retrain_attacker/plot_accuracy.png,62938,,,final_figure_required,False,keep,Required canonical delivery/code/documentation file.
outputs/figures/experiments/kasteren/seed_2026/lstm/adaptive_ldp/retrain_attacker/plot_distortion.png,53059,,,final_figure_required,False,keep,Required canonical delivery/code/documentation file.
outputs/figures/experiments/kasteren/seed_2026/lstm/ldp/fixed_attacker/plot_accuracy.png,50721,,,final_figure_required,False,keep,Required canonical delivery/code/documentation file.
outputs/figures/experiments/kasteren/seed_2026/lstm/ldp/fixed_attacker/plot_distortion.png,27583,,,final_figure_required,False,keep,Required canonical delivery/code/documentation file.
outputs/figures/experiments/kasteren/seed_2026/lstm/ldp/retrain_attacker/plot_accuracy.png,37977,,,final_figure_required,False,keep,Required canonical delivery/code/documentation file.
outputs/figures/experiments/kasteren/seed_2026/lstm/ldp/retrain_attacker/plot_distortion.png,29981,,,final_figure_required,False,keep,Required canonical delivery/code/documentation file.
outputs/figures/experiments/kasteren/seed_2026/lstm/noise/fixed_attacker/plot_distortion.png,57847,,,final_figure_required,False,keep,Required canonical delivery/code/documentation file.
outputs/figures/experiments/kasteren/seed_2026/lstm/noise/retrain_attacker/plot_accuracy.png,38531,,,final_figure_required,False,keep,Required canonical delivery/code/documentation file.
outputs/figures/experiments/kasteren/seed_2026/lstm/noise/retrain_attacker/plot_distortion.png,38406,,,final_figure_required,False,keep,Required canonical delivery/code/documentation file.
outputs/figures/experiments/kasteren/seed_2026/mlp/adaptive_ldp/fixed_attacker/plot_accuracy.png,58759,,,final_figure_required,False,keep,Required canonical delivery/code/documentation file.
outputs/figures/experiments/kasteren/seed_2026/mlp/adaptive_ldp/fixed_attacker/plot_distortion.png,53059,,,final_figure_required,False,keep,Required canonical delivery/code/documentation file.
outputs/figures/experiments/kasteren/seed_2026/mlp/adaptive_ldp/retrain_attacker/plot_accuracy.png,43340,,,final_figure_required,False,keep,Required canonical delivery/code/documentation file.
outputs/figures/experiments/kasteren/seed_2026/mlp/adaptive_ldp/retrain_attacker/plot_distortion.png,53059,,,final_figure_required,False,keep,Required canonical delivery/code/documentation file.
outputs/figures/experiments/kasteren/seed_2026/mlp/ldp/fixed_attacker/plot_accuracy.png,36104,,,final_figure_required,False,keep,Required canonical delivery/code/documentation file.
outputs/figures/experiments/kasteren/seed_2026/mlp/ldp/fixed_attacker/plot_distortion.png,29981,,,final_figure_required,False,keep,Required canonical delivery/code/documentation file.
outputs/figures/experiments/kasteren/seed_2026/mlp/ldp/retrain_attacker/plot_accuracy.png,38077,,,final_figure_required,False,keep,Required canonical delivery/code/documentation file.
outputs/figures/experiments/kasteren/seed_2026/mlp/ldp/retrain_attacker/plot_distortion.png,29981,,,final_figure_required,False,keep,Required canonical delivery/code/documentation file.
outputs/figures/experiments/kasteren/seed_2026/mlp/noise/fixed_attacker/plot_accuracy.png,47478,,,final_figure_required,False,keep,Required canonical delivery/code/documentation file.
outputs/figures/experiments/kasteren/seed_2026/mlp/noise/fixed_attacker/plot_distortion.png,38406,,,final_figure_required,False,keep,Required canonical delivery/code/documentation file.
outputs/figures/experiments/kasteren/seed_2026/mlp/noise/retrain_attacker/plot_accuracy.png,43746,,,final_figure_required,False,keep,Required canonical delivery/code/documentation file.
outputs/figures/experiments/kasteren/seed_2026/mlp/noise/retrain_attacker/plot_distortion.png,38406,,,final_figure_required,False,keep,Required canonical delivery/code/documentation file.
outputs/figures/experiments/kasteren/seed_42/lstm/adaptive_ldp/fixed_attacker/plot_accuracy.png,62776,,,final_figure_required,False,keep,Required canonical delivery/code/documentation file.
outputs/figures/experiments/kasteren/seed_42/lstm/adaptive_ldp/fixed_attacker/plot_distortion.png,53166,,,final_figure_required,False,keep,Required canonical delivery/code/documentation file.
outputs/figures/experiments/kasteren/seed_42/lstm/adaptive_ldp/retrain_attacker/plot_accuracy.png,60639,,,final_figure_required,False,keep,Required canonical delivery/code/documentation file.
outputs/figures/experiments/kasteren/seed_42/lstm/adaptive_ldp/retrain_attacker/plot_distortion.png,53166,,,final_figure_required,False,keep,Required canonical delivery/code/documentation file.
outputs/figures/experiments/kasteren/seed_42/lstm/ldp/fixed_attacker/plot_accuracy.png,51612,,,final_figure_required,False,keep,Required canonical delivery/code/documentation file.
outputs/figures/experiments/kasteren/seed_42/lstm/ldp/fixed_attacker/plot_distortion.png,27619,,,final_figure_required,False,keep,Required canonical delivery/code/documentation file.
outputs/figures/experiments/kasteren/seed_42/lstm/ldp/retrain_attacker/plot_accuracy.png,34367,,,final_figure_required,False,keep,Required canonical delivery/code/documentation file.
outputs/figures/experiments/kasteren/seed_42/lstm/ldp/retrain_attacker/plot_distortion.png,29988,,,final_figure_required,False,keep,Required canonical delivery/code/documentation file.
outputs/figures/experiments/kasteren/seed_42/lstm/noise/fixed_attacker/plot_distortion.png,59678,,,final_figure_required,False,keep,Required canonical delivery/code/documentation file.
outputs/figures/experiments/kasteren/seed_42/lstm/noise/retrain_attacker/plot_accuracy.png,38316,,,final_figure_required,False,keep,Required canonical delivery/code/documentation file.
outputs/figures/experiments/kasteren/seed_42/lstm/noise/retrain_attacker/plot_distortion.png,38330,,,final_figure_required,False,keep,Required canonical delivery/code/documentation file.
outputs/figures/experiments/kasteren/seed_42/mlp/adaptive_ldp/fixed_attacker/plot_accuracy.png,57813,,,final_figure_required,False,keep,Required canonical delivery/code/documentation file.
outputs/figures/experiments/kasteren/seed_42/mlp/adaptive_ldp/fixed_attacker/plot_distortion.png,53166,,,final_figure_required,False,keep,Required canonical delivery/code/documentation file.
outputs/figures/experiments/kasteren/seed_42/mlp/adaptive_ldp/retrain_attacker/plot_accuracy.png,56923,,,final_figure_required,False,keep,Required canonical delivery/code/documentation file.
outputs/figures/experiments/kasteren/seed_42/mlp/adaptive_ldp/retrain_attacker/plot_distortion.png,53166,,,final_figure_required,False,keep,Required canonical delivery/code/documentation file.
outputs/figures/experiments/kasteren/seed_42/mlp/ldp/fixed_attacker/plot_accuracy.png,37459,,,final_figure_required,False,keep,Required canonical delivery/code/documentation file.
outputs/figures/experiments/kasteren/seed_42/mlp/ldp/fixed_attacker/plot_distortion.png,29988,,,final_figure_required,False,keep,Required canonical delivery/code/documentation file.
outputs/figures/experiments/kasteren/seed_42/mlp/ldp/retrain_attacker/plot_accuracy.png,33074,,,final_figure_required,False,keep,Required canonical delivery/code/documentation file.
outputs/figures/experiments/kasteren/seed_42/mlp/ldp/retrain_attacker/plot_distortion.png,29988,,,final_figure_required,False,keep,Required canonical delivery/code/documentation file.
outputs/figures/experiments/kasteren/seed_42/mlp/noise/fixed_attacker/plot_accuracy.png,25816,,,final_figure_required,False,keep,Required canonical delivery/code/documentation file.
outputs/figures/experiments/kasteren/seed_42/mlp/noise/fixed_attacker/plot_distortion.png,38330,,,final_figure_required,False,keep,Required canonical delivery/code/documentation file.
outputs/figures/experiments/kasteren/seed_42/mlp/noise/retrain_attacker/plot_accuracy.png,46436,,,final_figure_required,False,keep,Required canonical delivery/code/documentation file.
outputs/figures/experiments/kasteren/seed_42/mlp/noise/retrain_attacker/plot_distortion.png,38330,,,final_figure_required,False,keep,Required canonical delivery/code/documentation file.
outputs/figures/experiments/mock/seed_123/lstm/adaptive_ldp/fixed_attacker/plot_accuracy.png,59800,,,final_figure_required,False,keep,Required canonical delivery/code/documentation file.
outputs/figures/experiments/mock/seed_123/lstm/adaptive_ldp/fixed_attacker/plot_distortion.png,53164,,,final_figure_required,False,keep,Required canonical delivery/code/documentation file.
outputs/figures/experiments/mock/seed_123/lstm/adaptive_ldp/retrain_attacker/plot_accuracy.png,61457,,,final_figure_required,False,keep,Required canonical delivery/code/documentation file.
outputs/figures/experiments/mock/seed_123/lstm/adaptive_ldp/retrain_attacker/plot_distortion.png,53164,,,final_figure_required,False,keep,Required canonical delivery/code/documentation file.
outputs/figures/experiments/mock/seed_123/lstm/ldp/fixed_attacker/plot_accuracy.png,47157,,,final_figure_required,False,keep,Required canonical delivery/code/documentation file.
outputs/figures/experiments/mock/seed_123/lstm/ldp/fixed_attacker/plot_distortion.png,27475,,,final_figure_required,False,keep,Required canonical delivery/code/documentation file.
outputs/figures/experiments/mock/seed_123/lstm/ldp/retrain_attacker/plot_accuracy.png,41563,,,final_figure_required,False,keep,Required canonical delivery/code/documentation file.
outputs/figures/experiments/mock/seed_123/lstm/ldp/retrain_attacker/plot_distortion.png,28981,,,final_figure_required,False,keep,Required canonical delivery/code/documentation file.
outputs/figures/experiments/mock/seed_123/lstm/noise/fixed_attacker/plot_distortion.png,60808,,,final_figure_required,False,keep,Required canonical delivery/code/documentation file.
outputs/figures/experiments/mock/seed_123/lstm/noise/retrain_attacker/plot_accuracy.png,43593,,,final_figure_required,False,keep,Required canonical delivery/code/documentation file.
outputs/figures/experiments/mock/seed_123/lstm/noise/retrain_attacker/plot_distortion.png,37696,,,final_figure_required,False,keep,Required canonical delivery/code/documentation file.
outputs/figures/experiments/mock/seed_123/mlp/adaptive_ldp/fixed_attacker/plot_accuracy.png,46304,,,final_figure_required,False,keep,Required canonical delivery/code/documentation file.
outputs/figures/experiments/mock/seed_123/mlp/adaptive_ldp/fixed_attacker/plot_distortion.png,53164,,,final_figure_required,False,keep,Required canonical delivery/code/documentation file.
outputs/figures/experiments/mock/seed_123/mlp/adaptive_ldp/retrain_attacker/plot_accuracy.png,65638,,,final_figure_required,False,keep,Required canonical delivery/code/documentation file.
outputs/figures/experiments/mock/seed_123/mlp/adaptive_ldp/retrain_attacker/plot_distortion.png,53164,,,final_figure_required,False,keep,Required canonical delivery/code/documentation file.
outputs/figures/experiments/mock/seed_123/mlp/ldp/fixed_attacker/plot_accuracy.png,24220,,,final_figure_required,False,keep,Required canonical delivery/code/documentation file.
outputs/figures/experiments/mock/seed_123/mlp/ldp/fixed_attacker/plot_distortion.png,28981,,,final_figure_required,False,keep,Required canonical delivery/code/documentation file.
outputs/figures/experiments/mock/seed_123/mlp/ldp/retrain_attacker/plot_accuracy.png,31981,,,final_figure_required,False,keep,Required canonical delivery/code/documentation file.
outputs/figures/experiments/mock/seed_123/mlp/ldp/retrain_attacker/plot_distortion.png,28981,,,final_figure_required,False,keep,Required canonical delivery/code/documentation file.
outputs/figures/experiments/mock/seed_123/mlp/noise/fixed_attacker/plot_accuracy.png,38855,,,final_figure_required,False,keep,Required canonical delivery/code/documentation file.
outputs/figures/experiments/mock/seed_123/mlp/noise/fixed_attacker/plot_distortion.png,37696,,,final_figure_required,False,keep,Required canonical delivery/code/documentation file.
outputs/figures/experiments/mock/seed_123/mlp/noise/retrain_attacker/plot_accuracy.png,46671,,,final_figure_required,False,keep,Required canonical delivery/code/documentation file.
outputs/figures/experiments/mock/seed_123/mlp/noise/retrain_attacker/plot_distortion.png,37696,,,final_figure_required,False,keep,Required canonical delivery/code/documentation file.
outputs/figures/experiments/mock/seed_2026/lstm/adaptive_ldp/fixed_attacker/plot_accuracy.png,62363,,,final_figure_required,False,keep,Required canonical delivery/code/documentation file.
outputs/figures/experiments/mock/seed_2026/lstm/adaptive_ldp/fixed_attacker/plot_distortion.png,52991,,,final_figure_required,False,keep,Required canonical delivery/code/documentation file.
outputs/figures/experiments/mock/seed_2026/lstm/adaptive_ldp/retrain_attacker/plot_accuracy.png,61856,,,final_figure_required,False,keep,Required canonical delivery/code/documentation file.
outputs/figures/experiments/mock/seed_2026/lstm/adaptive_ldp/retrain_attacker/plot_distortion.png,52991,,,final_figure_required,False,keep,Required canonical delivery/code/documentation file.
outputs/figures/experiments/mock/seed_2026/lstm/ldp/fixed_attacker/plot_accuracy.png,47643,,,final_figure_required,False,keep,Required canonical delivery/code/documentation file.
outputs/figures/experiments/mock/seed_2026/lstm/ldp/fixed_attacker/plot_distortion.png,27447,,,final_figure_required,False,keep,Required canonical delivery/code/documentation file.
outputs/figures/experiments/mock/seed_2026/lstm/ldp/retrain_attacker/plot_accuracy.png,37788,,,final_figure_required,False,keep,Required canonical delivery/code/documentation file.
outputs/figures/experiments/mock/seed_2026/lstm/ldp/retrain_attacker/plot_distortion.png,29072,,,final_figure_required,False,keep,Required canonical delivery/code/documentation file.
outputs/figures/experiments/mock/seed_2026/lstm/noise/fixed_attacker/plot_distortion.png,61930,,,final_figure_required,False,keep,Required canonical delivery/code/documentation file.
outputs/figures/experiments/mock/seed_2026/lstm/noise/retrain_attacker/plot_accuracy.png,39028,,,final_figure_required,False,keep,Required canonical delivery/code/documentation file.
outputs/figures/experiments/mock/seed_2026/lstm/noise/retrain_attacker/plot_distortion.png,37698,,,final_figure_required,False,keep,Required canonical delivery/code/documentation file.
outputs/figures/experiments/mock/seed_2026/mlp/adaptive_ldp/fixed_attacker/plot_accuracy.png,45587,,,final_figure_required,False,keep,Required canonical delivery/code/documentation file.
outputs/figures/experiments/mock/seed_2026/mlp/adaptive_ldp/fixed_attacker/plot_distortion.png,52991,,,final_figure_required,False,keep,Required canonical delivery/code/documentation file.
outputs/figures/experiments/mock/seed_2026/mlp/adaptive_ldp/retrain_attacker/plot_accuracy.png,61959,,,final_figure_required,False,keep,Required canonical delivery/code/documentation file.
outputs/figures/experiments/mock/seed_2026/mlp/adaptive_ldp/retrain_attacker/plot_distortion.png,52991,,,final_figure_required,False,keep,Required canonical delivery/code/documentation file.
outputs/figures/experiments/mock/seed_2026/mlp/ldp/fixed_attacker/plot_accuracy.png,23550,,,final_figure_required,False,keep,Required canonical delivery/code/documentation file.
outputs/figures/experiments/mock/seed_2026/mlp/ldp/fixed_attacker/plot_distortion.png,29072,,,final_figure_required,False,keep,Required canonical delivery/code/documentation file.
outputs/figures/experiments/mock/seed_2026/mlp/ldp/retrain_attacker/plot_accuracy.png,41374,,,final_figure_required,False,keep,Required canonical delivery/code/documentation file.
outputs/figures/experiments/mock/seed_2026/mlp/ldp/retrain_attacker/plot_distortion.png,29072,,,final_figure_required,False,keep,Required canonical delivery/code/documentation file.
outputs/figures/experiments/mock/seed_2026/mlp/noise/fixed_attacker/plot_accuracy.png,38427,,,final_figure_required,False,keep,Required canonical delivery/code/documentation file.
outputs/figures/experiments/mock/seed_2026/mlp/noise/fixed_attacker/plot_distortion.png,37698,,,final_figure_required,False,keep,Required canonical delivery/code/documentation file.
outputs/figures/experiments/mock/seed_2026/mlp/noise/retrain_attacker/plot_accuracy.png,45548,,,final_figure_required,False,keep,Required canonical delivery/code/documentation file.
outputs/figures/experiments/mock/seed_2026/mlp/noise/retrain_attacker/plot_distortion.png,37698,,,final_figure_required,False,keep,Required canonical delivery/code/documentation file.
outputs/figures/experiments/mock/seed_42/lstm/adaptive_ldp/fixed_attacker/plot_accuracy.png,60182,,,final_figure_required,False,keep,Required canonical delivery/code/documentation file.
outputs/figures/experiments/mock/seed_42/lstm/adaptive_ldp/fixed_attacker/plot_distortion.png,52864,,,final_figure_required,False,keep,Required canonical delivery/code/documentation file.
outputs/figures/experiments/mock/seed_42/lstm/adaptive_ldp/retrain_attacker/plot_accuracy.png,66579,,,final_figure_required,False,keep,Required canonical delivery/code/documentation file.
outputs/figures/experiments/mock/seed_42/lstm/adaptive_ldp/retrain_attacker/plot_distortion.png,52864,,,final_figure_required,False,keep,Required canonical delivery/code/documentation file.
outputs/figures/experiments/mock/seed_42/lstm/ldp/fixed_attacker/plot_accuracy.png,42705,,,final_figure_required,False,keep,Required canonical delivery/code/documentation file.
outputs/figures/experiments/mock/seed_42/lstm/ldp/fixed_attacker/plot_distortion.png,27493,,,final_figure_required,False,keep,Required canonical delivery/code/documentation file.
outputs/figures/experiments/mock/seed_42/lstm/ldp/retrain_attacker/plot_accuracy.png,36415,,,final_figure_required,False,keep,Required canonical delivery/code/documentation file.
outputs/figures/experiments/mock/seed_42/lstm/ldp/retrain_attacker/plot_distortion.png,28973,,,final_figure_required,False,keep,Required canonical delivery/code/documentation file.
outputs/figures/experiments/mock/seed_42/lstm/noise/fixed_attacker/plot_distortion.png,59547,,,final_figure_required,False,keep,Required canonical delivery/code/documentation file.
outputs/figures/experiments/mock/seed_42/lstm/noise/retrain_attacker/plot_accuracy.png,39871,,,final_figure_required,False,keep,Required canonical delivery/code/documentation file.
outputs/figures/experiments/mock/seed_42/lstm/noise/retrain_attacker/plot_distortion.png,37618,,,final_figure_required,False,keep,Required canonical delivery/code/documentation file.
outputs/figures/experiments/mock/seed_42/mlp/adaptive_ldp/fixed_attacker/plot_accuracy.png,66115,,,final_figure_required,False,keep,Required canonical delivery/code/documentation file.
outputs/figures/experiments/mock/seed_42/mlp/adaptive_ldp/fixed_attacker/plot_distortion.png,52864,,,final_figure_required,False,keep,Required canonical delivery/code/documentation file.
outputs/figures/experiments/mock/seed_42/mlp/adaptive_ldp/retrain_attacker/plot_accuracy.png,65846,,,final_figure_required,False,keep,Required canonical delivery/code/documentation file.
outputs/figures/experiments/mock/seed_42/mlp/adaptive_ldp/retrain_attacker/plot_distortion.png,52864,,,final_figure_required,False,keep,Required canonical delivery/code/documentation file.
outputs/figures/experiments/mock/seed_42/mlp/ldp/fixed_attacker/plot_accuracy.png,31070,,,final_figure_required,False,keep,Required canonical delivery/code/documentation file.
outputs/figures/experiments/mock/seed_42/mlp/ldp/fixed_attacker/plot_distortion.png,28973,,,final_figure_required,False,keep,Required canonical delivery/code/documentation file.
outputs/figures/experiments/mock/seed_42/mlp/ldp/retrain_attacker/plot_accuracy.png,39884,,,final_figure_required,False,keep,Required canonical delivery/code/documentation file.
outputs/figures/experiments/mock/seed_42/mlp/ldp/retrain_attacker/plot_distortion.png,28973,,,final_figure_required,False,keep,Required canonical delivery/code/documentation file.
outputs/figures/experiments/mock/seed_42/mlp/noise/fixed_attacker/plot_accuracy.png,36916,,,final_figure_required,False,keep,Required canonical delivery/code/documentation file.
outputs/figures/experiments/mock/seed_42/mlp/noise/fixed_attacker/plot_distortion.png,37618,,,final_figure_required,False,keep,Required canonical delivery/code/documentation file.
outputs/figures/experiments/mock/seed_42/mlp/noise/retrain_attacker/plot_accuracy.png,40283,,,final_figure_required,False,keep,Required canonical delivery/code/documentation file.
outputs/figures/experiments/mock/seed_42/mlp/noise/retrain_attacker/plot_distortion.png,37618,,,final_figure_required,False,keep,Required canonical delivery/code/documentation file.
outputs/figures/experiments/uci_har/seed_123/lstm/adaptive_ldp/fixed_attacker/plot_accuracy.png,60148,,,final_figure_required,False,keep,Required canonical delivery/code/documentation file.
outputs/figures/experiments/uci_har/seed_123/lstm/adaptive_ldp/fixed_attacker/plot_distortion.png,51966,,,final_figure_required,False,keep,Required canonical delivery/code/documentation file.
outputs/figures/experiments/uci_har/seed_123/lstm/adaptive_ldp/retrain_attacker/plot_accuracy.png,60854,,,final_figure_required,False,keep,Required canonical delivery/code/documentation file.
outputs/figures/experiments/uci_har/seed_123/lstm/adaptive_ldp/retrain_attacker/plot_distortion.png,51966,,,final_figure_required,False,keep,Required canonical delivery/code/documentation file.
outputs/figures/experiments/uci_har/seed_123/lstm/ldp/fixed_attacker/plot_accuracy.png,36624,,,final_figure_required,False,keep,Required canonical delivery/code/documentation file.
outputs/figures/experiments/uci_har/seed_123/lstm/ldp/fixed_attacker/plot_distortion.png,27572,,,final_figure_required,False,keep,Required canonical delivery/code/documentation file.
outputs/figures/experiments/uci_har/seed_123/lstm/ldp/retrain_attacker/plot_accuracy.png,42235,,,final_figure_required,False,keep,Required canonical delivery/code/documentation file.
outputs/figures/experiments/uci_har/seed_123/lstm/ldp/retrain_attacker/plot_distortion.png,27572,,,final_figure_required,False,keep,Required canonical delivery/code/documentation file.
outputs/figures/experiments/uci_har/seed_123/lstm/noise/fixed_attacker/plot_accuracy.png,43878,,,final_figure_required,False,keep,Required canonical delivery/code/documentation file.
outputs/figures/experiments/uci_har/seed_123/lstm/noise/fixed_attacker/plot_distortion.png,57615,,,final_figure_required,False,keep,Required canonical delivery/code/documentation file.
outputs/figures/experiments/uci_har/seed_123/lstm/noise/retrain_attacker/plot_accuracy.png,46497,,,final_figure_required,False,keep,Required canonical delivery/code/documentation file.
outputs/figures/experiments/uci_har/seed_123/lstm/noise/retrain_attacker/plot_distortion.png,57615,,,final_figure_required,False,keep,Required canonical delivery/code/documentation file.
outputs/figures/experiments/uci_har/seed_123/mlp/adaptive_ldp/fixed_attacker/plot_accuracy.png,62262,,,final_figure_required,False,keep,Required canonical delivery/code/documentation file.
outputs/figures/experiments/uci_har/seed_123/mlp/adaptive_ldp/fixed_attacker/plot_distortion.png,51966,,,final_figure_required,False,keep,Required canonical delivery/code/documentation file.
outputs/figures/experiments/uci_har/seed_123/mlp/adaptive_ldp/retrain_attacker/plot_accuracy.png,63280,,,final_figure_required,False,keep,Required canonical delivery/code/documentation file.
outputs/figures/experiments/uci_har/seed_123/mlp/adaptive_ldp/retrain_attacker/plot_distortion.png,51966,,,final_figure_required,False,keep,Required canonical delivery/code/documentation file.
outputs/figures/experiments/uci_har/seed_123/mlp/ldp/fixed_attacker/plot_accuracy.png,34239,,,final_figure_required,False,keep,Required canonical delivery/code/documentation file.
outputs/figures/experiments/uci_har/seed_123/mlp/ldp/fixed_attacker/plot_distortion.png,27572,,,final_figure_required,False,keep,Required canonical delivery/code/documentation file.
outputs/figures/experiments/uci_har/seed_123/mlp/ldp/retrain_attacker/plot_accuracy.png,37598,,,final_figure_required,False,keep,Required canonical delivery/code/documentation file.
outputs/figures/experiments/uci_har/seed_123/mlp/ldp/retrain_attacker/plot_distortion.png,27572,,,final_figure_required,False,keep,Required canonical delivery/code/documentation file.
outputs/figures/experiments/uci_har/seed_123/mlp/noise/fixed_attacker/plot_accuracy.png,38614,,,final_figure_required,False,keep,Required canonical delivery/code/documentation file.
outputs/figures/experiments/uci_har/seed_123/mlp/noise/fixed_attacker/plot_distortion.png,57615,,,final_figure_required,False,keep,Required canonical delivery/code/documentation file.
outputs/figures/experiments/uci_har/seed_123/mlp/noise/retrain_attacker/plot_accuracy.png,45565,,,final_figure_required,False,keep,Required canonical delivery/code/documentation file.
outputs/figures/experiments/uci_har/seed_123/mlp/noise/retrain_attacker/plot_distortion.png,57615,,,final_figure_required,False,keep,Required canonical delivery/code/documentation file.
outputs/figures/experiments/uci_har/seed_2026/lstm/adaptive_ldp/fixed_attacker/plot_accuracy.png,60257,,,final_figure_required,False,keep,Required canonical delivery/code/documentation file.
outputs/figures/experiments/uci_har/seed_2026/lstm/adaptive_ldp/fixed_attacker/plot_distortion.png,51983,,,final_figure_required,False,keep,Required canonical delivery/code/documentation file.
outputs/figures/experiments/uci_har/seed_2026/lstm/adaptive_ldp/retrain_attacker/plot_accuracy.png,69398,,,final_figure_required,False,keep,Required canonical delivery/code/documentation file.
outputs/figures/experiments/uci_har/seed_2026/lstm/adaptive_ldp/retrain_attacker/plot_distortion.png,51983,,,final_figure_required,False,keep,Required canonical delivery/code/documentation file.
outputs/figures/experiments/uci_har/seed_2026/lstm/ldp/fixed_attacker/plot_accuracy.png,36977,,,final_figure_required,False,keep,Required canonical delivery/code/documentation file.
outputs/figures/experiments/uci_har/seed_2026/lstm/ldp/fixed_attacker/plot_distortion.png,27564,,,final_figure_required,False,keep,Required canonical delivery/code/documentation file.
outputs/figures/experiments/uci_har/seed_2026/lstm/ldp/retrain_attacker/plot_accuracy.png,41637,,,final_figure_required,False,keep,Required canonical delivery/code/documentation file.
outputs/figures/experiments/uci_har/seed_2026/lstm/ldp/retrain_attacker/plot_distortion.png,27564,,,final_figure_required,False,keep,Required canonical delivery/code/documentation file.
outputs/figures/experiments/uci_har/seed_2026/lstm/noise/fixed_attacker/plot_accuracy.png,45782,,,final_figure_required,False,keep,Required canonical delivery/code/documentation file.
outputs/figures/experiments/uci_har/seed_2026/lstm/noise/fixed_attacker/plot_distortion.png,59991,,,final_figure_required,False,keep,Required canonical delivery/code/documentation file.
outputs/figures/experiments/uci_har/seed_2026/lstm/noise/retrain_attacker/plot_accuracy.png,51945,,,final_figure_required,False,keep,Required canonical delivery/code/documentation file.
outputs/figures/experiments/uci_har/seed_2026/lstm/noise/retrain_attacker/plot_distortion.png,59991,,,final_figure_required,False,keep,Required canonical delivery/code/documentation file.
outputs/figures/experiments/uci_har/seed_2026/mlp/adaptive_ldp/fixed_attacker/plot_accuracy.png,63310,,,final_figure_required,False,keep,Required canonical delivery/code/documentation file.
outputs/figures/experiments/uci_har/seed_2026/mlp/adaptive_ldp/fixed_attacker/plot_distortion.png,51983,,,final_figure_required,False,keep,Required canonical delivery/code/documentation file.
outputs/figures/experiments/uci_har/seed_2026/mlp/adaptive_ldp/retrain_attacker/plot_accuracy.png,63039,,,final_figure_required,False,keep,Required canonical delivery/code/documentation file.
outputs/figures/experiments/uci_har/seed_2026/mlp/adaptive_ldp/retrain_attacker/plot_distortion.png,51983,,,final_figure_required,False,keep,Required canonical delivery/code/documentation file.
outputs/figures/experiments/uci_har/seed_2026/mlp/ldp/fixed_attacker/plot_accuracy.png,32968,,,final_figure_required,False,keep,Required canonical delivery/code/documentation file.
outputs/figures/experiments/uci_har/seed_2026/mlp/ldp/fixed_attacker/plot_distortion.png,27564,,,final_figure_required,False,keep,Required canonical delivery/code/documentation file.
outputs/figures/experiments/uci_har/seed_2026/mlp/ldp/retrain_attacker/plot_accuracy.png,37542,,,final_figure_required,False,keep,Required canonical delivery/code/documentation file.
outputs/figures/experiments/uci_har/seed_2026/mlp/ldp/retrain_attacker/plot_distortion.png,27564,,,final_figure_required,False,keep,Required canonical delivery/code/documentation file.
outputs/figures/experiments/uci_har/seed_2026/mlp/noise/fixed_attacker/plot_accuracy.png,39071,,,final_figure_required,False,keep,Required canonical delivery/code/documentation file.
outputs/figures/experiments/uci_har/seed_2026/mlp/noise/fixed_attacker/plot_distortion.png,59991,,,final_figure_required,False,keep,Required canonical delivery/code/documentation file.
outputs/figures/experiments/uci_har/seed_2026/mlp/noise/retrain_attacker/plot_accuracy.png,44995,,,final_figure_required,False,keep,Required canonical delivery/code/documentation file.
outputs/figures/experiments/uci_har/seed_2026/mlp/noise/retrain_attacker/plot_distortion.png,59991,,,final_figure_required,False,keep,Required canonical delivery/code/documentation file.
outputs/figures/experiments/uci_har/seed_42/lstm/adaptive_ldp/fixed_attacker/plot_accuracy.png,61788,,,final_figure_required,False,keep,Required canonical delivery/code/documentation file.
outputs/figures/experiments/uci_har/seed_42/lstm/adaptive_ldp/fixed_attacker/plot_distortion.png,52000,,,final_figure_required,False,keep,Required canonical delivery/code/documentation file.
outputs/figures/experiments/uci_har/seed_42/lstm/adaptive_ldp/retrain_attacker/plot_accuracy.png,62834,,,final_figure_required,False,keep,Required canonical delivery/code/documentation file.
outputs/figures/experiments/uci_har/seed_42/lstm/adaptive_ldp/retrain_attacker/plot_distortion.png,52000,,,final_figure_required,False,keep,Required canonical delivery/code/documentation file.
outputs/figures/experiments/uci_har/seed_42/lstm/ldp/fixed_attacker/plot_accuracy.png,33371,,,final_figure_required,False,keep,Required canonical delivery/code/documentation file.
outputs/figures/experiments/uci_har/seed_42/lstm/ldp/fixed_attacker/plot_distortion.png,27572,,,final_figure_required,False,keep,Required canonical delivery/code/documentation file.
outputs/figures/experiments/uci_har/seed_42/lstm/ldp/retrain_attacker/plot_accuracy.png,43341,,,final_figure_required,False,keep,Required canonical delivery/code/documentation file.
outputs/figures/experiments/uci_har/seed_42/lstm/ldp/retrain_attacker/plot_distortion.png,27572,,,final_figure_required,False,keep,Required canonical delivery/code/documentation file.
outputs/figures/experiments/uci_har/seed_42/lstm/noise/fixed_attacker/plot_accuracy.png,44297,,,final_figure_required,False,keep,Required canonical delivery/code/documentation file.
outputs/figures/experiments/uci_har/seed_42/lstm/noise/fixed_attacker/plot_distortion.png,57305,,,final_figure_required,False,keep,Required canonical delivery/code/documentation file.
outputs/figures/experiments/uci_har/seed_42/lstm/noise/retrain_attacker/plot_accuracy.png,48028,,,final_figure_required,False,keep,Required canonical delivery/code/documentation file.
outputs/figures/experiments/uci_har/seed_42/lstm/noise/retrain_attacker/plot_distortion.png,57305,,,final_figure_required,False,keep,Required canonical delivery/code/documentation file.
outputs/figures/experiments/uci_har/seed_42/mlp/adaptive_ldp/fixed_attacker/plot_accuracy.png,62772,,,final_figure_required,False,keep,Required canonical delivery/code/documentation file.
outputs/figures/experiments/uci_har/seed_42/mlp/adaptive_ldp/fixed_attacker/plot_distortion.png,52000,,,final_figure_required,False,keep,Required canonical delivery/code/documentation file.
outputs/figures/experiments/uci_har/seed_42/mlp/adaptive_ldp/retrain_attacker/plot_accuracy.png,62870,,,final_figure_required,False,keep,Required canonical delivery/code/documentation file.
outputs/figures/experiments/uci_har/seed_42/mlp/adaptive_ldp/retrain_attacker/plot_distortion.png,52000,,,final_figure_required,False,keep,Required canonical delivery/code/documentation file.
outputs/figures/experiments/uci_har/seed_42/mlp/ldp/fixed_attacker/plot_accuracy.png,33476,,,final_figure_required,False,keep,Required canonical delivery/code/documentation file.
outputs/figures/experiments/uci_har/seed_42/mlp/ldp/fixed_attacker/plot_distortion.png,27572,,,final_figure_required,False,keep,Required canonical delivery/code/documentation file.
outputs/figures/experiments/uci_har/seed_42/mlp/ldp/retrain_attacker/plot_accuracy.png,37072,,,final_figure_required,False,keep,Required canonical delivery/code/documentation file.
outputs/figures/experiments/uci_har/seed_42/mlp/ldp/retrain_attacker/plot_distortion.png,27572,,,final_figure_required,False,keep,Required canonical delivery/code/documentation file.
outputs/figures/experiments/uci_har/seed_42/mlp/noise/fixed_attacker/plot_accuracy.png,39541,,,final_figure_required,False,keep,Required canonical delivery/code/documentation file.
outputs/figures/experiments/uci_har/seed_42/mlp/noise/fixed_attacker/plot_distortion.png,57305,,,final_figure_required,False,keep,Required canonical delivery/code/documentation file.
outputs/figures/experiments/uci_har/seed_42/mlp/noise/retrain_attacker/plot_accuracy.png,44736,,,final_figure_required,False,keep,Required canonical delivery/code/documentation file.
outputs/figures/experiments/uci_har/seed_42/mlp/noise/retrain_attacker/plot_distortion.png,57305,,,final_figure_required,False,keep,Required canonical delivery/code/documentation file.
outputs/figures/summaries/final_thesis/adaptive_ldp_ablation_mock_accuracy.png,137276,,,final_figure_required,True,keep,Referenced by final summaries or delivery documentation.
outputs/figures/summaries/final_thesis/adaptive_ldp_ablation_mock_distortion.png,111918,,,final_figure_required,True,keep,Referenced by final summaries or delivery documentation.
outputs/figures/summaries/final_thesis/adaptive_ldp_ablation_real_accuracy.png,394776,,,final_figure_required,True,keep,Referenced by final summaries or delivery documentation.
outputs/figures/summaries/final_thesis/adaptive_ldp_ablation_real_distortion.png,324453,,,final_figure_required,True,keep,Referenced by final summaries or delivery documentation.
outputs/figures/summaries/final_thesis/confusion_casas_hh101.png,125576,,,final_figure_required,True,keep,Referenced by final summaries or delivery documentation.
outputs/figures/summaries/final_thesis/confusion_kasteren.png,81066,,,final_figure_required,True,keep,Referenced by final summaries or delivery documentation.
outputs/figures/summaries/final_thesis/confusion_mock.png,58374,,,final_figure_required,True,keep,Referenced by final summaries or delivery documentation.
outputs/figures/summaries/final_thesis/confusion_uci_har.png,74326,,,final_figure_required,True,keep,Referenced by final summaries or delivery documentation.
outputs/figures/summaries/final_thesis/cooja_mode_accuracy.png,50476,,,final_figure_required,True,keep,Referenced by final summaries or delivery documentation.
outputs/figures/summaries/final_thesis/cooja_per_seed_accuracy.png,132610,,,final_figure_required,True,keep,Referenced by final summaries or delivery documentation.
outputs/figures/summaries/final_thesis/cooja_traffic_metrics.png,56011,,,final_figure_required,True,keep,Referenced by final summaries or delivery documentation.
outputs/figures/summaries/final_thesis/cooja_window_overhead_proxy.png,37628,,,final_figure_required,True,keep,Referenced by final summaries or delivery documentation.
outputs/figures/summaries/final_thesis/mock_method_distortion.png,33905,,,final_figure_required,True,keep,Referenced by final summaries or delivery documentation.
outputs/figures/summaries/final_thesis/mock_model_mode_accuracy.png,47224,,,final_figure_required,True,keep,Referenced by final summaries or delivery documentation.
outputs/figures/summaries/final_thesis/parameter_scan_adaptive_ldp_all_models_modes.png,367748,,,final_figure_required,True,keep,path_hygiene_issue; Referenced by final summaries or delivery documentation. Contains local path content that should be reviewed.
outputs/figures/summaries/final_thesis/parameter_scan_ldp_all_models_modes.png,303581,,,final_figure_required,True,keep,Referenced by final summaries or delivery documentation.
outputs/figures/summaries/final_thesis/parameter_scan_noise_all_models_modes.png,325171,,,final_figure_required,True,keep,Referenced by final summaries or delivery documentation.
outputs/figures/summaries/final_thesis/real_casas_hh101_model_mode_accuracy.png,48176,,,final_figure_required,True,keep,Referenced by final summaries or delivery documentation.
outputs/figures/summaries/final_thesis/real_kasteren_model_mode_accuracy.png,48435,,,final_figure_required,True,keep,Referenced by final summaries or delivery documentation.
outputs/figures/summaries/final_thesis/real_uci_har_model_mode_accuracy.png,43163,,,final_figure_required,True,keep,Referenced by final summaries or delivery documentation.
outputs/figures/summaries/final_thesis/real_uci_ldp_scan.png,53303,,,final_figure_required,True,keep,Referenced by final summaries or delivery documentation.
outputs/figures/summaries/final_thesis/real_uci_noise_scan.png,60745,,,final_figure_required,True,keep,Referenced by final summaries or delivery documentation.
outputs/reports/README.md,191,,,docs,False,keep,Small redirect explaining the migrated reports path.
outputs/summaries/final_thesis/adaptive_ldp_ablation_overview.md,1766,,,final_thesis_required,True,keep,Referenced by final summaries or delivery documentation.
outputs/summaries/final_thesis/artifact_index.md,3620,,,final_thesis_required,True,keep,Referenced by final summaries or delivery documentation.
outputs/summaries/final_thesis/codex_fix_report.md,2185,,,final_thesis_required,False,keep,Required canonical delivery/code/documentation file.
outputs/summaries/final_thesis/completed_experiment_checklist.md,736,,,final_thesis_required,False,keep,Required canonical delivery/code/documentation file.
outputs/summaries/final_thesis/cooja/cooja_limitations.md,713,,,final_thesis_required,True,keep,Referenced by final summaries or delivery documentation.
outputs/summaries/final_thesis/cooja/cooja_missing_outputs.json,2,,,final_thesis_required,False,keep,Required canonical delivery/code/documentation file.
outputs/summaries/final_thesis/cooja/cooja_overhead_summary.csv,596,,,final_thesis_required,True,keep,Referenced by final summaries or delivery documentation.
outputs/summaries/final_thesis/cooja/cooja_per_seed.csv,5618,,,final_thesis_required,True,keep,path_hygiene_issue; Referenced by final summaries or delivery documentation. Contains local path content that should be reviewed.
outputs/summaries/final_thesis/cooja/cooja_summary.csv,2653,,,final_thesis_required,True,keep,path_hygiene_issue; Referenced by final summaries or delivery documentation. Contains local path content that should be reviewed.
outputs/summaries/final_thesis/cooja/cooja_summary.json,5499,,,final_thesis_required,True,keep,path_hygiene_issue; Referenced by final summaries or delivery documentation. Contains local path content that should be reviewed.
outputs/summaries/final_thesis/cooja/cooja_traffic_metrics.csv,2126,,,final_thesis_required,True,keep,Referenced by final summaries or delivery documentation.
outputs/summaries/final_thesis/figure_table_list.md,10647,,,final_thesis_required,True,keep,Referenced by final summaries or delivery documentation.
outputs/summaries/final_thesis/final_coverage_audit.json,4424,,,final_thesis_required,True,keep,Referenced by final summaries or delivery documentation.
outputs/summaries/final_thesis/final_manifest.json,1129,,,final_thesis_required,False,keep,Required canonical delivery/code/documentation file.
outputs/summaries/final_thesis/final_missing_outputs.json,2,,,final_thesis_required,True,keep,Referenced by final summaries or delivery documentation.
outputs/summaries/final_thesis/final_summary.csv,79075,,,final_thesis_required,True,keep,path_hygiene_issue; Referenced by final summaries or delivery documentation. Contains local path content that should be reviewed.
outputs/summaries/final_thesis/final_summary.json,140380,,,final_thesis_required,True,keep,path_hygiene_issue; Referenced by final summaries or delivery documentation. Contains local path content that should be reviewed.
outputs/summaries/final_thesis/final_symmetry_audit.json,4737,,,final_thesis_required,True,keep,Referenced by final summaries or delivery documentation.
outputs/summaries/final_thesis/final_symmetry_audit.md,571,,,final_thesis_required,False,keep,Required canonical delivery/code/documentation file.
outputs/summaries/final_thesis/final_thesis_summary.md,3477,,,final_thesis_required,True,keep,Referenced by final summaries or delivery documentation.
outputs/summaries/final_thesis/git_history_size_note.md,1180,,,final_thesis_required,False,keep,Required canonical delivery/code/documentation file.
outputs/summaries/final_thesis/legacy_outputs_note.md,760,,,final_thesis_required,False,keep,Required canonical delivery/code/documentation file.
outputs/summaries/final_thesis/mock/mock_adaptive_ldp_ablation_summary.csv,6994,,,final_thesis_required,True,keep,Referenced by final summaries or delivery documentation.
outputs/summaries/final_thesis/mock/mock_adaptive_ldp_ablation_summary.md,989,,,final_thesis_required,True,keep,Referenced by final summaries or delivery documentation.
outputs/summaries/final_thesis/mock/mock_coverage_audit.json,157,,,final_thesis_required,False,keep,Required canonical delivery/code/documentation file.
outputs/summaries/final_thesis/mock/mock_parameter_scan_adaptive_ldp.csv,28818,,,final_thesis_required,True,keep,Referenced by final summaries or delivery documentation.
outputs/summaries/final_thesis/mock/mock_parameter_scan_ldp.csv,20709,,,final_thesis_required,True,keep,Referenced by final summaries or delivery documentation.
outputs/summaries/final_thesis/mock/mock_parameter_scan_noise.csv,17038,,,final_thesis_required,True,keep,Referenced by final summaries or delivery documentation.
outputs/summaries/final_thesis/mock/mock_summary.csv,16072,,,final_thesis_required,True,keep,Referenced by final summaries or delivery documentation.
outputs/summaries/final_thesis/mock/mock_summary.json,27708,,,final_thesis_required,False,keep,Required canonical delivery/code/documentation file.
outputs/summaries/final_thesis/mock/mock_top_confusions.csv,44039,,,final_thesis_required,False,keep,Required canonical delivery/code/documentation file.
outputs/summaries/final_thesis/parameter_scan_coverage_audit.json,3004,,,final_thesis_required,True,keep,Referenced by final summaries or delivery documentation.
outputs/summaries/final_thesis/parameter_scan_missing_outputs.json,2,,,final_thesis_required,False,keep,Required canonical delivery/code/documentation file.
outputs/summaries/final_thesis/parameter_scan_run_log.json,8366,,,final_thesis_required,False,keep,Required canonical delivery/code/documentation file.
outputs/summaries/final_thesis/path_hygiene_remaining.json,810,,,final_thesis_required,False,keep,Required canonical delivery/code/documentation file.
outputs/summaries/final_thesis/real/real_adaptive_ldp_ablation_summary.csv,20918,,,final_thesis_required,True,keep,Referenced by final summaries or delivery documentation.
outputs/summaries/final_thesis/real/real_adaptive_ldp_ablation_summary.md,1877,,,final_thesis_required,True,keep,Referenced by final summaries or delivery documentation.
outputs/summaries/final_thesis/real/real_coverage_audit.json,164,,,final_thesis_required,False,keep,Required canonical delivery/code/documentation file.
outputs/summaries/final_thesis/real/real_dataset_meta_summary.csv,654,,,final_thesis_required,False,keep,Required canonical delivery/code/documentation file.
outputs/summaries/final_thesis/real/real_missing_outputs.json,2,,,final_thesis_required,False,keep,Required canonical delivery/code/documentation file.
outputs/summaries/final_thesis/real/real_parameter_scan_adaptive_ldp.csv,88879,,,final_thesis_required,True,keep,Referenced by final summaries or delivery documentation.
outputs/summaries/final_thesis/real/real_parameter_scan_ldp.csv,64131,,,final_thesis_required,True,keep,Referenced by final summaries or delivery documentation.
outputs/summaries/final_thesis/real/real_parameter_scan_noise.csv,52676,,,final_thesis_required,True,keep,Referenced by final summaries or delivery documentation.
outputs/summaries/final_thesis/real/real_summary.csv,57683,,,final_thesis_required,True,keep,Referenced by final summaries or delivery documentation.
outputs/summaries/final_thesis/real/real_summary.json,103573,,,final_thesis_required,False,keep,Required canonical delivery/code/documentation file.
outputs/summaries/final_thesis/real/real_top_confusions.csv,156079,,,final_thesis_required,False,keep,Required canonical delivery/code/documentation file.
outputs/summaries/final_thesis/repository_bloat_audit.csv,17741,,,final_thesis_required,False,keep,Required canonical delivery/code/documentation file.
outputs/summaries/final_thesis/repository_bloat_audit.json,44467,,,final_thesis_required,False,keep,Required canonical delivery/code/documentation file.
outputs/summaries/final_thesis/repository_bloat_audit.md,447,,,final_thesis_required,False,keep,Required canonical delivery/code/documentation file.
outputs/summaries/final_thesis/repository_cleanup_report.json,2633,,,final_thesis_required,False,keep,Required canonical delivery/code/documentation file.
outputs/summaries/final_thesis/repository_cleanup_report.md,3557,,,final_thesis_required,False,keep,Required canonical delivery/code/documentation file.
outputs/summaries/final_thesis/repository_delivery_check.md,1078,,,final_thesis_required,False,keep,Required canonical delivery/code/documentation file.
outputs/summaries/final_thesis/thesis_revision_prompt.md,1417,,,final_thesis_required,False,keep,Required canonical delivery/code/documentation file.
outputs/summaries/final_thesis/thesis_text_sync_suggestions.md,1092,,,final_thesis_required,False,keep,Required canonical delivery/code/documentation file.
outputs/summaries/layout/artifact_layout_after.csv,703675,,,unknown,False,review,Unknown tracked file category.
outputs/summaries/layout/artifact_layout_after.json,1901066,,,code,False,keep,Required canonical delivery/code/documentation file.
outputs/summaries/layout/artifact_layout_after.md,707,,,docs,False,keep,Required canonical delivery/code/documentation file.
outputs/summaries/layout/artifact_layout_before.csv,1065449,,,unknown,False,review,Unknown tracked file category.
outputs/summaries/layout/artifact_layout_before.json,2495016,,,code,False,keep,Required canonical delivery/code/documentation file.
outputs/summaries/layout/artifact_layout_before.md,753,,,docs,False,keep,Required canonical delivery/code/documentation file.
outputs/summaries/layout/migration_map.csv,709540,,,unknown,True,keep,Referenced by final summaries or delivery documentation.
outputs/summaries/layout/migration_report.md,1969,,,docs,True,keep,Referenced by final summaries or delivery documentation.
requirements.txt,146,2026-04-20T16:15:29+08:00,22d21d4d534959d0b8ffbf81be5e1213b05dcb60,unknown,True,keep,Referenced by final summaries or delivery documentation.
scripts/audit_artifact_layout.py,13882,,,code,False,keep,Required canonical delivery/code/documentation file.
scripts/audit_experiment_symmetry.py,15053,2026-05-09T14:47:57+08:00,22580d40585af923aa1180215098db4403d47b79,code,True,keep,Referenced by final summaries or delivery documentation.
scripts/audit_repository_bloat.py,9741,2026-05-09T15:07:25+08:00,e974046d0a128260764dd31ea07f669b142ed04b,code,True,keep,path_hygiene_issue; Referenced by final summaries or delivery documentation. Contains local path content that should be reviewed.
scripts/build_final_thesis_results.py,105112,2026-05-09T15:07:25+08:00,e974046d0a128260764dd31ea07f669b142ed04b,code,True,keep,Referenced by final summaries or delivery documentation.
scripts/restructure_artifacts.py,32654,,,code,False,keep,Required canonical delivery/code/documentation file.
src/__init__.py,127,2026-04-20T16:15:29+08:00,22d21d4d534959d0b8ffbf81be5e1213b05dcb60,code,True,keep,Referenced by final summaries or delivery documentation.
src/config.py,3284,2026-04-20T16:15:29+08:00,22d21d4d534959d0b8ffbf81be5e1213b05dcb60,code,True,keep,Referenced by final summaries or delivery documentation.
src/dataset.py,1474,2026-04-20T16:15:29+08:00,22d21d4d534959d0b8ffbf81be5e1213b05dcb60,code,True,keep,Referenced by final summaries or delivery documentation.
src/defense_eval.py,10779,2026-04-20T16:15:29+08:00,22d21d4d534959d0b8ffbf81be5e1213b05dcb60,code,True,keep,Referenced by final summaries or delivery documentation.
src/defenses/__init__.py,579,2026-04-20T16:15:29+08:00,22d21d4d534959d0b8ffbf81be5e1213b05dcb60,code,True,keep,Referenced by final summaries or delivery documentation.
src/defenses/adaptive_ldp_defense.py,6763,2026-04-20T16:15:29+08:00,22d21d4d534959d0b8ffbf81be5e1213b05dcb60,code,True,keep,Referenced by final summaries or delivery documentation.
src/defenses/base_defense.py,3407,2026-04-20T16:15:29+08:00,22d21d4d534959d0b8ffbf81be5e1213b05dcb60,code,True,keep,Referenced by final summaries or delivery documentation.
src/defenses/defense_pipeline.py,6832,2026-04-20T16:15:29+08:00,22d21d4d534959d0b8ffbf81be5e1213b05dcb60,code,True,keep,Referenced by final summaries or delivery documentation.
src/defenses/ldp_defense.py,4825,2026-04-20T16:15:29+08:00,22d21d4d534959d0b8ffbf81be5e1213b05dcb60,code,True,keep,Referenced by final summaries or delivery documentation.
src/defenses/noise_defense.py,2251,2026-04-20T16:15:29+08:00,22d21d4d534959d0b8ffbf81be5e1213b05dcb60,code,True,keep,Referenced by final summaries or delivery documentation.
src/edge/__init__.py,407,2026-04-20T16:15:29+08:00,22d21d4d534959d0b8ffbf81be5e1213b05dcb60,code,True,keep,Referenced by final summaries or delivery documentation.
src/edge/budget_allocator.py,1206,2026-04-20T16:15:29+08:00,22d21d4d534959d0b8ffbf81be5e1213b05dcb60,code,True,keep,Referenced by final summaries or delivery documentation.
src/evaluate.py,11035,2026-04-27T16:42:43+08:00,3800e2b158b000cb2c08d0f38d78ab91d53d190e,code,True,keep,Referenced by final summaries or delivery documentation.
src/experiment_compare.py,13378,2026-05-09T13:35:27+08:00,bb261f0f1373d8fc19995db4ba413bf671f5d5d6,code,True,keep,Referenced by final summaries or delivery documentation.
src/features.py,4488,2026-04-21T16:08:05+08:00,7a0ee62bce85616f6ff0a74d25ceeb185190745f,code,True,keep,Referenced by final summaries or delivery documentation.
src/models/__init__.py,181,2026-04-20T16:15:29+08:00,22d21d4d534959d0b8ffbf81be5e1213b05dcb60,code,True,keep,Referenced by final summaries or delivery documentation.
src/models/lstm_classifier.py,1006,2026-04-20T16:15:29+08:00,22d21d4d534959d0b8ffbf81be5e1213b05dcb60,code,True,keep,Referenced by final summaries or delivery documentation.
src/models/mlp_baseline.py,882,2026-04-20T16:15:29+08:00,22d21d4d534959d0b8ffbf81be5e1213b05dcb60,code,True,keep,Referenced by final summaries or delivery documentation.
src/plotting.py,522,2026-04-20T16:15:29+08:00,22d21d4d534959d0b8ffbf81be5e1213b05dcb60,code,True,keep,Referenced by final summaries or delivery documentation.
src/preprocess.py,17286,2026-04-20T16:15:29+08:00,22d21d4d534959d0b8ffbf81be5e1213b05dcb60,code,True,keep,Referenced by final summaries or delivery documentation.
src/train.py,9944,2026-04-20T16:15:29+08:00,22d21d4d534959d0b8ffbf81be5e1213b05dcb60,code,True,keep,Referenced by final summaries or delivery documentation.
src/ui_history.py,6494,2026-04-21T16:08:05+08:00,7a0ee62bce85616f6ff0a74d25ceeb185190745f,code,True,keep,Referenced by final summaries or delivery documentation.
src/utils.py,2511,2026-04-20T16:15:29+08:00,22d21d4d534959d0b8ffbf81be5e1213b05dcb60,code,True,keep,Referenced by final summaries or delivery documentation.
tools/refresh_confusion_matrices.py,3111,2026-04-27T16:42:43+08:00,3800e2b158b000cb2c08d0f38d78ab91d53d190e,code,True,keep,Referenced by final summaries or delivery documentation.
tools/refresh_web_assets.py,3385,2026-05-04T15:54:36+08:00,b516557152acf3268c3142f437183d7faf33d04a,code,True,keep,Referenced by final summaries or delivery documentation.
tools/rewrite_cooja_client_type.py,2818,2026-04-25T16:04:28+08:00,f205eb9432ead74f9089d35e670f02c2f44d85e3,code,True,keep,Referenced by final summaries or delivery documentation.
web_assets/images/README.txt,100,2026-04-27T16:42:43+08:00,3800e2b158b000cb2c08d0f38d78ab91d53d190e,web_asset,True,keep,Referenced by final summaries or delivery documentation.
web_assets/images/mock/default_accuracy_comparison.png,23979,2026-04-27T16:42:43+08:00,3800e2b158b000cb2c08d0f38d78ab91d53d190e,web_asset,True,keep,Referenced by final summaries or delivery documentation.
web_assets/images/mock/default_confusion_matrix.png,89882,2026-04-27T16:42:43+08:00,3800e2b158b000cb2c08d0f38d78ab91d53d190e,web_asset,True,keep,Referenced by final summaries or delivery documentation.
web_assets/images/mock/default_epsilon_vs_accuracy.png,43022,2026-04-27T16:42:43+08:00,3800e2b158b000cb2c08d0f38d78ab91d53d190e,web_asset,True,keep,Referenced by final summaries or delivery documentation.
web_assets/images/mock/default_noise_scale_vs_accuracy.png,39696,2026-04-27T16:42:43+08:00,3800e2b158b000cb2c08d0f38d78ab91d53d190e,web_asset,True,keep,Referenced by final summaries or delivery documentation.
web_assets/images/mock/default_train_curve.png,93518,2026-04-27T16:42:43+08:00,3800e2b158b000cb2c08d0f38d78ab91d53d190e,web_asset,True,keep,Referenced by final summaries or delivery documentation.
web_assets/images/mock/full_multiseed_seed42_confusion_matrix.png,80448,2026-04-27T16:42:43+08:00,3800e2b158b000cb2c08d0f38d78ab91d53d190e,web_asset,True,keep,Referenced by final summaries or delivery documentation.
web_assets/images/real/benchmark_casas_hh101_seed42_confusion_matrix.png,140417,2026-04-27T16:42:43+08:00,3800e2b158b000cb2c08d0f38d78ab91d53d190e,web_asset,True,keep,Referenced by final summaries or delivery documentation.
web_assets/images/real/benchmark_kasteren_seed42_confusion_matrix.png,89717,2026-04-27T16:42:43+08:00,3800e2b158b000cb2c08d0f38d78ab91d53d190e,web_asset,True,keep,Referenced by final summaries or delivery documentation.
web_assets/images/real/benchmark_uci_har_seed42_confusion_matrix.png,92753,2026-04-27T16:42:43+08:00,3800e2b158b000cb2c08d0f38d78ab91d53d190e,web_asset,True,keep,Referenced by final summaries or delivery documentation.
web_assets/images/real/dataset_matrix_kasteren_seed42_confusion_matrix.png,89717,2026-04-27T16:42:43+08:00,3800e2b158b000cb2c08d0f38d78ab91d53d190e,web_asset,True,keep,Referenced by final summaries or delivery documentation.
web_assets/images/real/dataset_matrix_uci_har_seed42_confusion_matrix.png,92753,2026-04-27T16:42:43+08:00,3800e2b158b000cb2c08d0f38d78ab91d53d190e,web_asset,True,keep,Referenced by final summaries or delivery documentation.
web_assets/images/show/1.jpg,74600,2026-04-27T16:52:29+08:00,dfd7d20db4e410651f17ef03dbd394a39917899d,web_asset,True,keep,Referenced by final summaries or delivery documentation.
web_assets/images/show/2.jpg,328901,2026-04-27T16:52:29+08:00,dfd7d20db4e410651f17ef03dbd394a39917899d,web_asset,True,keep,Referenced by final summaries or delivery documentation.
