{
  "split": "test",
  "model_type": "lstm",
  "accuracy": 0.4378537175443902,
  "f1_macro": 0.18191051717363674,
  "precision_macro": 0.21493525535682606,
  "recall_macro": 0.2832958606589054,
  "per_class_recall": {
    "Bathe": 0.8724985706117782,
    "Bed_Toilet_Transition": 0.5922330097087378,
    "Cook": 0.0029850746268656717,
    "Cook_Breakfast": 0.0,
    "Cook_Dinner": 0.009389671361502348,
    "Cook_Lunch": 0.7742857142857142,
    "Dress": 0.10018785222291797,
    "Drink": 0.27358490566037735,
    "Eat": 0.39622641509433965,
    "Eat_Breakfast": 0.011834319526627219,
    "Eat_Dinner": 0.04032258064516129,
    "Eat_Lunch": 0.10227272727272728,
    "Enter_Home": 0.807843137254902,
    "Entertain_Guests": 0.22866894197952217,
    "Evening_Meds": 0.03592814371257485,
    "Go_To_Sleep": 0.5555555555555556,
    "Groom": 0.06914893617021277,
    "Leave_Home": 0.6257668711656442,
    "Morning_Meds": 0.30256410256410254,
    "Personal_Hygiene": 0.0007199424046076314,
    "Phone": 0.425414364640884,
    "Read": 0.019498607242339833,
    "Relax": 0.01002004008016032,
    "Sleep": 0.8641049671977507,
    "Sleep_Out_Of_Bed": 0.007407407407407408,
    "Step_Out": 0.06040268456375839,
    "Toilet": 0.5,
    "Wake_Up": 0.025,
    "Wash_Breakfast_Dishes": 0.008849557522123894,
    "Wash_Dinner_Dishes": 0.0,
    "Wash_Dishes": 0.0,
    "Wash_Lunch_Dishes": 0.11578947368421053,
    "Watch_TV": 0.8390102336948221,
    "Work_At_Table": 0.9545454545454546
  },
  "confusion_matrix": [
    [
      1526,
      159,
      0,
      0,
      0,
      0,
      0,
      0,
      0,
      0,
      0,
      0,
      1,
      8,
      0,
      1,
      20,
      5,
      0,
      2,
      1,
      0,
      0,
      1,
      0,
      0,
      25,
      0,
      0,
      0,
      0,
      0,
      0,
      0
    ],
    [
      32,
      61,
      0,
      0,
      0,
      0,
      0,
      0,
      0,
      0,
      0,
      0,
      0,
      1,
      0,
      1,
      4,
      0,
      0,
      0,
      0,
      0,
      0,
      1,
      0,
      0,
      3,
      0,
      0,
      0,
      0,
      0,
      0,
      0
    ],
    [
      0,
      0,
      1,
      0,
      0,
      253,
      0,
      40,
      0,
      0,
      0,
      0,
      0,
      1,
      6,
      0,
      0,
      1,
      13,
      0,
      0,
      0,
      0,
      0,
      0,
      1,
      0,
      0,
      0,
      0,
      0,
      17,
      0,
      2
    ],
    [
      0,
      0,
      1,
      0,
      2,
      1430,
      0,
      144,
      1,
      0,
      2,
      0,
      0,
      7,
      13,
      0,
      0,
      1,
      83,
      0,
      2,
      0,
      0,
      0,
      0,
      1,
      0,
      0,
      2,
      0,
      0,
      98,
      0,
      8
    ],
    [
      0,
      0,
      0,
      0,
      6,
      448,
      0,
      65,
      1,
      0,
      0,
      0,
      2,
      10,
      8,
      0,
      0,
      0,
      50,
      0,
      0,
      0,
      0,
      0,
      0,
      0,
      0,
      0,
      3,
      0,
      0,
      43,
      0,
      3
    ],
    [
      0,
      0,
      0,
      0,
      2,
      271,
      0,
      32,
      2,
      0,
      0,
      0,
      0,
      3,
      2,
      0,
      0,
      0,
      20,
      0,
      1,
      0,
      0,
      0,
      0,
      0,
      0,
      0,
      1,
      0,
      0,
      16,
      0,
      0
    ],
    [
      2,
      1,
      0,
      0,
      0,
      0,
      160,
      2,
      5,
      0,
      0,
      0,
      8,
      30,
      0,
      363,
      0,
      15,
      0,
      0,
      1,
      0,
      0,
      1000,
      0,
      0,
      8,
      1,
      0,
      0,
      0,
      0,
      0,
      1
    ],
    [
      0,
      0,
      1,
      0,
      2,
      172,
      0,
      116,
      2,
      0,
      1,
      0,
      1,
      10,
      11,
      0,
      0,
      4,
      66,
      0,
      4,
      0,
      0,
      0,
      2,
      0,
      1,
      0,
      3,
      0,
      0,
      23,
      1,
      4
    ],
    [
      0,
      0,
      0,
      0,
      0,
      0,
      0,
      0,
      21,
      1,
      3,
      3,
      0,
      1,
      0,
      1,
      0,
      2,
      0,
      0,
      5,
      1,
      0,
      0,
      0,
      1,
      0,
      0,
      0,
      0,
      0,
      0,
      13,
      1
    ],
    [
      0,
      0,
      0,
      0,
      0,
      3,
      0,
      0,
      111,
      4,
      7,
      28,
      0,
      2,
      0,
      0,
      0,
      6,
      0,
      0,
      28,
      2,
      1,
      0,
      0,
      2,
      1,
      0,
      0,
      0,
      0,
      2,
      140,
      1
    ],
    [
      0,
      0,
      0,
      0,
      0,
      0,
      0,
      0,
      28,
      1,
      5,
      10,
      0,
      3,
      0,
      0,
      0,
      3,
      0,
      0,
      1,
      3,
      0,
      0,
      0,
      0,
      2,
      0,
      0,
      0,
      0,
      0,
      67,
      1
    ],
    [
      0,
      0,
      0,
      0,
      0,
      0,
      0,
      0,
      23,
      0,
      1,
      9,
      1,
      0,
      0,
      0,
      0,
      3,
      3,
      0,
      5,
      2,
      2,
      0,
      0,
      0,
      0,
      0,
      0,
      0,
      0,
      0,
      39,
      0
    ],
    [
      0,
      0,
      0,
      0,
      0,
      0,
      0,
      0,
      0,
      0,
      0,
      0,
      206,
      5,
      0,
      0,
      0,
      25,
      1,
      0,
      3,
      0,
      0,
      0,
      0,
      14,
      0,
      0,
      0,
      0,
      0,
      1,
      0,
      0
    ],
    [
      2,
      2,
      0,
      0,
      2,
      92,
      5,
      25,
      13,
      0,
      1,
      3,
      6,
      67,
      2,
      6,
      0,
      17,
      8,
      0,
      15,
      0,
      0,
      1,
      0,
      8,
      4,
      1,
      2,
      0,
      0,
      6,
      4,
      1
    ],
    [
      0,
      0,
      1,
      0,
      0,
      142,
      0,
      92,
      1,
      0,
      1,
      0,
      0,
      4,
      12,
      0,
      0,
      1,
      52,
      0,
      1,
      0,
      0,
      0,
      0,
      0,
      0,
      0,
      1,
      0,
      0,
      22,
      1,
      3
    ],
    [
      0,
      0,
      0,
      0,
      0,
      0,
      3,
      0,
      0,
      0,
      0,
      0,
      1,
      1,
      0,
      25,
      0,
      0,
      0,
      0,
      0,
      0,
      0,
      15,
      0,
      0,
      0,
      0,
      0,
      0,
      0,
      0,
      0,
      0
    ],
    [
      103,
      56,
      0,
      0,
      0,
      0,
      0,
      0,
      0,
      0,
      0,
      0,
      0,
      0,
      0,
      1,
      13,
      0,
      0,
      0,
      0,
      0,
      0,
      1,
      0,
      0,
      14,
      0,
      0,
      0,
      0,
      0,
      0,
      0
    ],
    [
      2,
      0,
      0,
      0,
      0,
      0,
      2,
      1,
      4,
      0,
      1,
      0,
      33,
      5,
      1,
      2,
      1,
      204,
      0,
      0,
      18,
      1,
      2,
      2,
      0,
      13,
      2,
      0,
      0,
      0,
      0,
      0,
      31,
      1
    ],
    [
      0,
      0,
      0,
      0,
      1,
      168,
      0,
      62,
      0,
      0,
      0,
      0,
      1,
      11,
      3,
      0,
      0,
      1,
      118,
      0,
      5,
      0,
      1,
      0,
      0,
      1,
      1,
      0,
      0,
      0,
      0,
      17,
      0,
      0
    ],
    [
      796,
      248,
      0,
      0,
      0,
      0,
      1,
      1,
      4,
      0,
      0,
      1,
      0,
      12,
      0,
      6,
      32,
      6,
      1,
      1,
      4,
      0,
      0,
      0,
      0,
      0,
      273,
      2,
      0,
      0,
      0,
      0,
      1,
      0
    ],
    [
      0,
      0,
      0,
