{
  "split": "test",
  "model_type": "lstm",
  "accuracy": 0.2307858469780101,
  "f1_macro": 0.1355803436628986,
  "precision_macro": 0.1799385156161297,
  "recall_macro": 0.23366257265754392,
  "per_class_recall": {
    "Bathe": 0.5077951002227171,
    "Bed_Toilet_Transition": 0.5882352941176471,
    "Cook": 0.6433333333333333,
    "Cook_Breakfast": 0.10317460317460317,
    "Cook_Dinner": 0.05281090289608177,
    "Cook_Lunch": 0.016574585635359115,
    "Dress": 0.06975308641975309,
    "Drink": 0.08644859813084112,
    "Eat": 0.16981132075471697,
    "Eat_Breakfast": 0.3633633633633634,
    "Eat_Dinner": 0.0,
    "Eat_Lunch": 0.0,
    "Enter_Home": 0.6528301886792452,
    "Entertain_Guests": 0.059233449477351915,
    "Evening_Meds": 0.03910614525139665,
    "Go_To_Sleep": 0.5897435897435898,
    "Groom": 0.24064171122994651,
    "Leave_Home": 0.24444444444444444,
    "Morning_Meds": 0.3908355795148248,
    "Personal_Hygiene": 0.0037397157816005983,
    "Phone": 0.3064516129032258,
    "Read": 0.012113055181695828,
    "Relax": 0.3650485436893204,
    "Sleep": 0.2007992007992008,
    "Sleep_Out_Of_Bed": 0.043478260869565216,
    "Step_Out": 0.1292517006802721,
    "Toilet": 0.3655126498002663,
    "Wake_Up": 0.5277777777777778,
    "Wash_Breakfast_Dishes": 0.0,
    "Wash_Dinner_Dishes": 0.0,
    "Wash_Dishes": 0.0,
    "Wash_Lunch_Dishes": 0.021739130434782608,
    "Watch_TV": 0.3171471927162367,
    "Work_At_Table": 0.8333333333333334
  },
  "confusion_matrix": [
    [
      912,
      197,
      4,
      0,
      0,
      0,
      1,
      0,
      0,
      0,
      0,
      0,
      0,
      0,
      0,
      70,
      500,
      14,
      1,
      6,
      10,
      0,
      0,
      5,
      0,
      0,
      64,
      6,
      0,
      0,
      0,
      0,
      1,
      5
    ],
    [
      11,
      60,
      0,
      0,
      0,
      0,
      0,
      0,
      0,
      0,
      0,
      0,
      1,
      0,
      0,
      3,
      19,
      2,
      0,
      0,
      0,
      0,
      0,
      1,
      0,
      0,
      4,
      1,
      0,
      0,
      0,
      0,
      0,
      0
    ],
    [
      0,
      1,
      193,
      27,
      10,
      5,
      0,
      13,
      2,
      1,
      0,
      0,
      0,
      5,
      2,
      0,
      0,
      1,
      34,
      0,
      1,
      0,
      0,
      1,
      0,
      1,
      2,
      0,
      0,
      0,
      0,
      1,
      0,
      0
    ],
    [
      0,
      2,
      1088,
      182,
      98,
      32,
      0,
      52,
      13,
      12,
      0,
      0,
      4,
      26,
      14,
      2,
      0,
      4,
      188,
      0,
      4,
      1,
      8,
      0,
      2,
      1,
      4,
      0,
      5,
      0,
      0,
      2,
      11,
      9
    ],
    [
      0,
      1,
      343,
      39,
      31,
      13,
      0,
      18,
      3,
      4,
      0,
      0,
      0,
      10,
      3,
      2,
      0,
      6,
      102,
      0,
      0,
      0,
      2,
      0,
      0,
      3,
      0,
      0,
      3,
      0,
      0,
      1,
      1,
      2
    ],
    [
      0,
      0,
      232,
      23,
      19,
      6,
      0,
      10,
      3,
      2,
      0,
      0,
      1,
      7,
      1,
      0,
      0,
      0,
      50,
      0,
      1,
      0,
      1,
      0,
      0,
      0,
      1,
      0,
      3,
      0,
      0,
      0,
      0,
      2
    ],
    [
      7,
      63,
      0,
      0,
      0,
      0,
      113,
      2,
      4,
      4,
      0,
      0,
      7,
      13,
      0,
      338,
      13,
      11,
      4,
      0,
      7,
      0,
      1,
      243,
      1,
      5,
      11,
      769,
      0,
      0,
      0,
      0,
      2,
      2
    ],
    [
      0,
      1,
      172,
      20,
      12,
      3,
      0,
      37,
      3,
      3,
      1,
      0,
      4,
      1,
      12,
      1,
      0,
      5,
      128,
      0,
      4,
      0,
      7,
      1,
      1,
      4,
      1,
      1,
      0,
      0,
      0,
      0,
      4,
      2
    ],
    [
      0,
      0,
      2,
      0,
      0,
      0,
      0,
      0,
      9,
      26,
      0,
      0,
      0,
      1,
      0,
      1,
      0,
      1,
      0,
      0,
      2,
      0,
      6,
      0,
      2,
      0,
      0,
      0,
      0,
      0,
      0,
      0,
      3,
      0
    ],
    [
      0,
      0,
      7,
      0,
      5,
      1,
      0,
      0,
      18,
      121,
      4,
      2,
      1,
      3,
      0,
      1,
      2,
      6,
      0,
      0,
      30,
      2,
      83,
      0,
      2,
      1,
      0,
      0,
      0,
      0,
      0,
      0,
      42,
      2
    ],
    [
      0,
      0,
      2,
      0,
      1,
      0,
      0,
      1,
      7,
      36,
      0,
      0,
      0,
      2,
      0,
      0,
      0,
      3,
      2,
      0,
      7,
      1,
      27,
      0,
      5,
      1,
      0,
      0,
      0,
      0,
      0,
      0,
      18,
      0
    ],
    [
      0,
      0,
      0,
      0,
      0,
      0,
      0,
      0,
      5,
      22,
      2,
      0,
      0,
      1,
      0,
      0,
      0,
      2,
      1,
      0,
      7,
      1,
      25,
      0,
      2,
      1,
      1,
      0,
      0,
      0,
      0,
      0,
      13,
      1
    ],
    [
      1,
      1,
      0,
      0,
      0,
      0,
      0,
      1,
      0,
      1,
      0,
      1,
      173,
      3,
      1,
      0,
      0,
      20,
      3,
      0,
      4,
      0,
      1,
      2,
      0,
      50,
      2,
      0,
      0,
      0,
      0,
      0,
      1,
      0
    ],
    [
      4,
      8,
      74,
      12,
      6,
      0,
      6,
      10,
      5,
      14,
      1,
      2,
      7,
      17,
      4,
      6,
      4,
      13,
      25,
      1,
      18,
      0,
      7,
      6,
      4,
      3,
      14,
      3,
      2,
      0,
      0,
      0,
      6,
      5
    ],
    [
      0,
      0,
      151,
      22,
      17,
      6,
      0,
      23,
      3,
      1,
      0,
      0,
      1,
      5,
      14,
      1,
      0,
      2,
      89,
      0,
      2,
      0,
      6,
      1,
      3,
      1,
      3,
      0,
      2,
      0,
      0,
      1,
      2,
      2
    ],
    [
      0,
      1,
      0,
      0,
      0,
      0,
      2,
      0,
      0,
      0,
      0,
      0,
      0,
      0,
      0,
      23,
      1,
      2,
      0,
      0,
      1,
      0,
      0,
      2,
      0,
      0,
      1,
      6,
      0,
      0,
      0,
      0,
      0,
      0
    ],
    [
      62,
      56,
      0,
      0,
      0,
      0,
      1,
      0,
      0,
      0,
      0,
      0,
      0,
      0,
      0,
      1,
      45,
      1,
      0,
      0,
      1,
      0,
      0,
      2,
      1,
      0,
      15,
      1,
      0,
      0,
      0,
      0,
      0,
      1
    ],
    [
      5,
      6,
      2,
      0,
      0,
      0,
      1,
      0,
      4,
      12,
      1,
      4,
      22,
      5,
      4,
      7,
      0,
      77,
      0,
      0,
      33,
      0,
      39,
      5,
      6,
      37,
      4,
      1,
      0,
      0,
      0,
      1,
      36,
      3
    ],
    [
      0,
      0,
      128,
      22,
      10,
      3,
      0,
      29,
      0,
      1,
      0,
      0,
      0,
      5,
      9,
      1,
      0,
      5,
      145,
      0,
      4,
      0,
      1,
      0,
      2,
      0,
      4,
      0,
      2,
      0,
      0,
      0,
      0,
      0
    ],
    [
      456,
      293,
      2,
      2,
      0,
      0,
      2,
      2,
      3,
      4,
      1,
      0,
      2,
      8,
      0,
      27,
      263,
      13,
      4,
      5,
      9,
      0,
      4,
      7,
      0,
      6,
      199,
      12,
      0,
      0,
      0,
      0,
      5,
      8
    ],
    [
      0,
