{
  "mode": "retrain_attacker",
  "distortion": {
    "mse": 1.0441997554501992,
    "mae": 0.5527789735311809,
    "pearson_r": 0.2691615838531791,
    "mean_relative_abs_error": 41682391.91669305
  },
  "defense_config": {
    "enabled": true,
    "method": "ldp",
    "mode": "fixed_attacker",
    "epsilon": 1.0,
    "ldp_sensitivity": 1.0,
    "noise_type": "laplace",
    "noise_scale": 0.5,
    "apply_to": "all",
    "selected_features": [
      "kitchen_light",
      "office_pc",
      "bedroom_motion"
    ],
    "binary_threshold": 0.5,
    "binary_features": [],
    "numeric_features": null
  },
  "attack_metrics": {
    "note": "重训后模型在干净测试集上的表现通常下降（分布偏移），在防御后测试集上为自适应攻击者的主指标。",
    "retrained_on_defended": {
      "accuracy_on_defended_test": 0.3520110597485635,
      "f1_macro_on_defended_test": 0.09471060725678526,
      "per_class_recall_on_defended_test": {
        "Bathe": 0.7115812917594655,
        "Bed_Toilet_Transition": 0.0,
        "Cook": 0.2833333333333333,
        "Cook_Breakfast": 0.01927437641723356,
        "Cook_Dinner": 0.504258943781942,
        "Cook_Lunch": 0.0027624309392265192,
        "Dress": 0.025925925925925925,
        "Drink": 0.11214953271028037,
        "Eat": 0.09433962264150944,
        "Eat_Breakfast": 0.009009009009009009,
        "Eat_Dinner": 0.035398230088495575,
        "Eat_Lunch": 0.03571428571428571,
        "Enter_Home": 0.7433962264150943,
        "Entertain_Guests": 0.0,
        "Evening_Meds": 0.00558659217877095,
        "Go_To_Sleep": 0.1794871794871795,
        "Groom": 0.053475935828877004,
        "Leave_Home": 0.0,
        "Morning_Meds": 0.029649595687331536,
        "Personal_Hygiene": 0.03889304412864622,
        "Phone": 0.005376344086021506,
        "Read": 0.0,
        "Relax": 0.001941747572815534,
        "Sleep": 0.7892107892107892,
        "Sleep_Out_Of_Bed": 0.0034782608695652175,
        "Step_Out": 0.08163265306122448,
        "Toilet": 0.13581890812250333,
        "Wake_Up": 0.1111111111111111,
        "Wash_Breakfast_Dishes": 0.0,
        "Wash_Dinner_Dishes": 0.037267080745341616,
        "Wash_Dishes": 0.0,
        "Wash_Lunch_Dishes": 0.0,
        "Watch_TV": 0.7635811836115326,
        "Work_At_Table": 0.5
      }
    },
    "same_retrained_model_on_clean_test": {
      "accuracy": 0.4108955804207889,
      "f1_macro": 0.09995591132634506,
      "per_class_recall": {
        "Bathe": 0.9326280623608018,
        "Bed_Toilet_Transition": 0.0,
        "Cook": 0.92,
        "Cook_Breakfast": 0.01927437641723356,
        "Cook_Dinner": 0.0,
        "Cook_Lunch": 0.0,
        "Dress": 0.0049382716049382715,
        "Drink": 0.009345794392523364,
        "Eat": 0.0,
        "Eat_Breakfast": 0.0,
        "Eat_Dinner": 0.0,
        "Eat_Lunch": 0.10714285714285714,
        "Enter_Home": 0.4,
        "Entertain_Guests": 0.0,
        "Evening_Meds": 0.01675977653631285,
        "Go_To_Sleep": 0.3076923076923077,
        "Groom": 0.0053475935828877,
        "Leave_Home": 0.0,
        "Morning_Meds": 0.0,
        "Personal_Hygiene": 0.002243829468960359,
        "Phone": 0.005376344086021506,
        "Read": 0.0,
        "Relax": 0.0,
        "Sleep": 0.9760239760239761,
        "Sleep_Out_Of_Bed": 0.0,
        "Step_Out": 0.10884353741496598,
        "Toilet": 0.043275632490013316,
        "Wake_Up": 0.0,
        "Wash_Breakfast_Dishes": 0.0,
        "Wash_Dinner_Dishes": 0.0,
        "Wash_Dishes": 0.0,
        "Wash_Lunch_Dishes": 0.0,
        "Watch_TV": 0.9566009104704097,
        "Work_At_Table": 0.5833333333333334
      }
    }
  }
}