{
  "split": "test",
  "model_type": "mlp",
  "accuracy": 0.3395256404717674,
  "f1_macro": 0.0893809269610826,
  "precision_macro": 0.11159507045995953,
  "recall_macro": 0.168639545353668,
  "per_class_recall": {
    "Bathe": 0.7712978845054317,
    "Bed_Toilet_Transition": 0.1262135922330097,
    "Cook": 0.0,
    "Cook_Breakfast": 0.055710306406685235,
    "Cook_Dinner": 0.0,
    "Cook_Lunch": 0.6342857142857142,
    "Dress": 0.028804007514088917,
    "Drink": 0.14858490566037735,
    "Eat": 0.11320754716981132,
    "Eat_Breakfast": 0.03254437869822485,
    "Eat_Dinner": 0.08064516129032258,
    "Eat_Lunch": 0.0,
    "Enter_Home": 0.7529411764705882,
    "Entertain_Guests": 0.0034129692832764505,
    "Evening_Meds": 0.0,
    "Go_To_Sleep": 0.17777777777777778,
    "Groom": 0.005319148936170213,
    "Leave_Home": 0.0,
    "Morning_Meds": 0.020512820512820513,
    "Personal_Hygiene": 0.05759539236861051,
    "Phone": 0.049723756906077346,
    "Read": 0.012534818941504178,
    "Relax": 0.0,
    "Sleep": 0.4245548266166823,
    "Sleep_Out_Of_Bed": 0.0,
    "Step_Out": 0.0,
    "Toilet": 0.14819759679572764,
    "Wake_Up": 0.525,
    "Wash_Breakfast_Dishes": 0.0,
    "Wash_Dinner_Dishes": 0.07420494699646643,
    "Wash_Dishes": 0.0,
    "Wash_Lunch_Dishes": 0.0,
    "Watch_TV": 0.763403085382618,
    "Work_At_Table": 0.7272727272727273
  },
  "confusion_matrix": [
    [
      1349,
      57,
      0,
      0,
      0,
      1,
      7,
      2,
      1,
      0,
      1,
      0,
      16,
      0,
      0,
      53,
      0,
      0,
      0,
      77,
      4,
      0,
      0,
      18,
      0,
      0,
      133,
      15,
      0,
      0,
      0,
      0,
      0,
      15
    ],
    [
      43,
      13,
      0,
      0,
      0,
      0,
      2,
      0,
      0,
      1,
      0,
      0,
      1,
      0,
      0,
      14,
      0,
      0,
      0,
      7,
      0,
      0,
      0,
      7,
      0,
      0,
      8,
      6,
      0,
      0,
      0,
      0,
      0,
      1
    ],
    [
      1,
      0,
      0,
      23,
      0,
      199,
      0,
      31,
      14,
      2,
      3,
      0,
      16,
      0,
      0,
      0,
      0,
      0,
      6,
      0,
      1,
      1,
      0,
      1,
      0,
      0,
      5,
      0,
      0,
      26,
      0,
      0,
      3,
      3
    ],
    [
      4,
      1,
      16,
      100,
      0,
      1040,
      0,
      209,
      80,
      8,
      17,
      0,
      54,
      1,
      1,
      3,
      0,
      0,
      31,
      6,
      1,
      1,
      0,
      2,
      0,
      0,
      14,
      0,
      5,
      152,
      0,
      0,
      20,
      29
    ],
    [
      1,
      0,
      2,
      35,
      0,
      363,
      0,
      80,
      31,
      1,
      7,
      0,
      24,
      0,
      2,
      0,
      0,
      0,
      13,
      0,
      0,
      0,
      0,
      1,
      0,
      0,
      12,
      0,
      2,
      47,
      0,
      0,
      11,
      7
    ],
    [
      0,
      0,
      1,
      12,
      0,
      222,
      0,
      40,
      12,
      4,
      2,
      0,
      15,
      0,
      0,
      1,
      0,
      0,
      3,
      1,
      0,
      0,
      0,
      0,
      0,
      0,
      6,
      0,
      2,
      22,
      0,
      0,
      3,
      4
    ],
    [
      56,
      58,
      0,
      2,
      0,
      1,
      46,
      8,
      4,
      3,
      5,
      0,
      73,
      1,
      0,
      105,
      1,
      0,
      3,
      18,
      5,
      0,
      2,
      576,
      0,
      1,
      66,
      534,
      0,
      0,
      0,
      0,
      14,
      15
    ],
    [
      0,
      1,
      4,
      11,
      0,
      157,
      0,
      63,
      48,
      6,
      18,
      0,
      40,
      0,
      0,
      1,
      0,
      0,
      8,
      3,
      0,
      4,
      0,
      2,
      0,
      0,
      8,
      0,
      0,
      25,
      0,
      0,
      13,
      12
    ],
    [
      0,
      0,
      0,
      0,
      0,
      2,
      0,
      2,
      6,
      2,
      7,
      0,
      6,
      0,
      0,
      0,
      0,
      0,
      0,
      0,
      1,
      2,
      0,
      0,
      0,
      0,
      3,
      0,
      0,
      0,
      0,
      0,
      21,
      1
    ],
    [
      1,
      0,
      0,
      0,
      0,
      21,
      0,
      22,
      32,
      11,
      25,
      0,
      44,
      0,
      0,
      0,
      0,
      0,
      6,
      0,
      5,
      4,
      0,
      0,
      0,
      0,
      14,
      0,
      0,
      0,
      0,
      0,
      145,
      8
    ],
    [
      0,
      0,
      0,
      1,
      0,
      4,
      0,
      6,
      10,
      6,
      10,
      0,
      10,
      0,
      0,
      1,
      0,
      0,
      0,
      0,
      1,
      3,
      0,
      0,
      0,
      0,
      2,
      0,
      0,
      0,
      0,
      0,
      69,
      1
    ],
    [
      0,
      1,
      0,
      0,
      0,
      3,
      0,
      3,
      10,
      7,
      3,
      0,
      13,
      0,
      0,
      0,
      0,
      0,
      2,
      0,
      1,
      2,
      0,
      0,
      0,
      0,
      2,
      0,
      0,
      0,
      0,
      0,
      40,
      1
    ],
    [
      1,
      1,
      0,
      0,
      0,
      0,
      0,
      3,
      2,
      7,
      4,
      0,
      192,
      0,
      0,
      0,
      0,
      0,
      0,
      1,
      1,
      0,
      0,
      3,
      0,
      0,
      14,
      0,
      0,
      0,
      0,
      0,
      24,
      2
    ],
    [
      6,
      2,
      2,
      10,
      0,
      63,
      3,
      40,
      20,
      7,
      8,
      0,
      53,
      1,
      0,
      2,
      0,
      0,
      6,
      4,
      5,
      0,
      1,
      15,
      0,
      1,
      13,
      5,
      0,
      10,
      0,
      0,
      11,
      5
    ],
    [
      0,
      0,
      2,
      8,
      0,
      135,
      0,
      37,
      34,
      7,
      5,
      0,
      34,
      0,
      0,
      2,
      0,
      0,
      11,
      1,
      2,
      1,
      0,
      1,
      0,
      0,
      14,
      1,
      0,
      13,
      0,
      0,
      15,
      11
    ],
    [
      4,
      1,
      0,
      0,
      0,
      0,
      1,
      0,
      0,
      0,
      0,
      0,
      2,
      0,
      0,
      8,
      0,
      0,
      0,
      3,
      0,
      0,
      0,
      9,
      0,
      0,
      4,
      11,
      0,
      0,
      0,
      0,
      2,
      0
    ],
    [
      94,
      10,
      0,
      0,
      0,
      0,
      3,
      0,
      1,
      1,
      0,
      0,
      11,
      0,
      0,
      11,
      1,
      0,
      0,
      14,
      0,
      0,
      1,
      11,
      0,
      0,
      15,
      10,
      0,
      0,
      0,
      0,
      3,
      2
    ],
    [
      17,
      5,
      0,
      1,
      0,
      1,
      4,
      3,
      7,
      9,
      7,
      2,
      92,
      0,
      0,
      10,
      0,
      0,
      3,
      2,
      3,
      3,
      0,
      10,
      0,
      0,
      25,
      2,
      0,
      0,
      0,
      0,
      115,
      5
    ],
    [
      0,
      0,
      4,
      9,
      0,
      169,
      1,
      48,
      30,
      4,
      8,
      2,
      49,
      3,
      1,
      2,
      0,
      0,
      8,
      0,
      0,
      5,
      0,
      1,
      0,
      0,
      5,
      0,
      0,
      23,
      0,
      0,
      14,
      4
    ],
    [
      781,
      72,
      0,
      2,
      0,
      3,
      12,
      2,
      7,
      7,
      8,
      0,
      64,
      0,
      0,
      75,
      1,
      1,
      1,
      80,
      7,
      1,
      0,
      35,
      0,
      0,
      156,
      30,
      0,
      0,
      0,
      0,
      23,
      21
    ],
    [
      3,
      0,
      0,
      1,
      0,
      7,
      0,
      10,
      4,
      2,
